Channel1	Channel2	Channel3	Channel4	Channel5	Channel6	Channel7	Channel8	FilteredChannel1	FilteredChannel2	FilteredChannel3	FilteredChannel4	FilteredChannel5	FilteredChannel6	FilteredChannel7	FilteredChannel8	GyroX	GyroY	GyroZ	AccX	AccY	AccZ	PPG1	PPG2	rawPPG1	rawPPG2	rawPPG3	Hr	Hrv	Battery	Trigger	PhysicalTrigger	AutoTrigger	NumMeasurements	Timestamp	GestureLabel	CueLabel	TrialNumber	SessionId	MarkerColumn
15011.82	9445.545	7567.83	-2212.6949999999997	0.0	0.0	0.0	0.0	0.0	0.0	0.0	0.0	0.0	0.0	0.0	0.0	0.0	0.0	144.48275862068965	0.0	0.18933057	0.236266485	0.967343715	5.82932	-15.580459999999999	7.2332399999999994	386987.0	1775936895.870552	2.0	1.0	2.0	-1.0	-1.0	-1.0	1775936895.870552	closed-hand	Close	1	20260411_124810	Trigger
5190.389999999999	1085.985	3318.66	533.25	0.0	0.0	0.0	0.0	0.0	0.0	0.0	0.0	0.0	0.0	0.0	0.0	0.0	0.0	144.48275862068965	0.0	0.18933057	0.236266485	0.967343715	5.82932	-15.580459999999999	7.2332399999999994	386988.0	1775936895.870583	0.0	1.0	0.0	-1.0	-1.0	-1.0	1775936895.870583	closed-hand	Close	1	20260411_124810	Trigger
9751.23	-794.88	6615.045	582.885	0.0	0.0	0.0	0.0	0.0	0.0	0.0	0.0	0.0	0.0	0.0	0.0	0.0	0.0	144.48275862068965	0.0	0.206237265	0.23449647	0.962705055	-0.03052	-14.603819999999999	8.28618	386989.0	1775936895.874673	0.0	1.0	0.0	-1.0	-1.0	-1.0	1775936895.874673	closed-hand	Close	1	20260411_124810	Trigger
17800.965	3779.2349999999997	9658.935	-2140.56	0.0	0.0	0.0	0.0	0.0	0.0	0.0	0.0	0.0	0.0	0.0	0.0	0.0	0.0	144.48275862068965	0.0	0.206237265	0.23449647	0.962705055	-0.03052	-14.603819999999999	8.28618	386990.0	1775936895.874693	0.0	1.0	0.0	-1.0	-1.0	-1.0	1775936895.874693	closed-hand	Close	1	20260411_124810	Trigger
12129.93	11800.26	3709.17	-7762.32	0.0	0.0	0.0	0.0	0.0	0.0	0.0	0.0	0.0	0.0	0.0	0.0	0.0	0.0	144.48275862068965	0.0	0.206237265	0.23449647	0.962705055	-0.03052	-14.603819999999999	8.28618	386991.0	1775936895.875671	0.0	1.0	0.0	-1.0	-1.0	-1.0	1775936895.875671	closed-hand	Close	1	20260411_124810	Trigger
6400.9349999999995	19031.985	-1895.985	-12969.539999999999	0.0	0.0	0.0	0.0	0.0	0.0	0.0	0.0	0.0	0.0	0.0	0.0	0.0	0.0	144.48275862068965	0.0	0.206237265	0.23449647	0.962705055	-0.03052	-14.603819999999999	8.28618	386992.0	1775936895.87569	0.0	1.0	0.0	-1.0	-1.0	-1.0	1775936895.87569	closed-hand	Close	1	20260411_124810	Trigger
7466.355	19727.82	-953.055	-12139.47	0.0	0.0	0.0	0.0	0.0	0.0	0.0	0.0	0.0	0.0	0.0	0.0	0.0	0.0	144.48275862068965	0.0	0.206237265	0.23449647	0.962705055	-0.03052	-14.603819999999999	8.28618	386993.0	1775936895.879649	0.0	1.0	0.0	-1.0	-1.0	-1.0	1775936895.879649	closed-hand	Close	1	20260411_124810	Trigger
12317.895	14762.97	3751.29	-7781.174999999999	0.0	0.0	0.0	0.0	0.0	0.0	0.0	0.0	0.0	0.0	0.0	0.0	0.0	0.0	144.48275862068965	0.0	0.206237265	0.23449647	0.962705055	-0.03052	-14.603819999999999	8.28618	386994.0	1775936895.879668	0.0	1.0	0.0	-1.0	-1.0	-1.0	1775936895.879668	closed-hand	Close	1	20260411_124810	Trigger
15674.31	9684.0	7337.384999999999	-4137.93	0.0	0.0	0.0	0.0	0.0	0.0	0.0	0.0	0.0	0.0	0.0	0.0	0.0	0.0	144.48275862068965	0.0	0.206237265	0.23449647	0.962705055	-0.03052	-14.603819999999999	8.28618	386995.0	1775936895.883643	0.0	1.0	0.0	-1.0	-1.0	-1.0	1775936895.883643	closed-hand	Close	1	20260411_124810	Trigger
9804.51	1891.62	5930.865	337.275	0.0	0.0	0.0	0.0	0.0	0.0	0.0	0.0	0.0	0.0	0.0	0.0	0.0	0.0	144.48275862068965	0.0	0.206237265	0.23449647	0.962705055	-0.03052	-14.603819999999999	8.28618	386996.0	1775936895.883666	0.0	1.0	0.0	-1.0	-1.0	-1.0	1775936895.883666	closed-hand	Close	1	20260411_124810	Trigger
4732.425	-986.355	3313.08	597.3299999999999	0.0	0.0	0.0	0.0	0.0	0.0	0.0	0.0	0.0	0.0	0.0	0.0	0.0	0.0	144.48275862068965	0.0	0.206237265	0.23449647	0.962705055	-0.03052	-14.603819999999999	8.28618	386997.0	1775936895.890217	0.0	1.0	0.0	-1.0	-1.0	-1.0	1775936895.890217	closed-hand	Close	1	20260411_124810	Trigger
17273.25	380.88	10143.27	-179.37	0.0	0.0	0.0	0.0	0.0	0.0	0.0	0.0	0.0	0.0	0.0	0.0	0.0	0.0	144.48275862068965	0.0	0.206237265	0.23449647	0.962705055	-0.03052	-14.603819999999999	8.28618	386998.0	1775936895.890236	0.0	1.0	0.0	-1.0	-1.0	-1.0	1775936895.890236	closed-hand	Close	1	20260411_124810	Trigger
14571.135	7886.5199999999995	5997.87	-5333.67	0.0	0.0	0.0	0.0	0.0	0.0	0.0	0.0	0.0	0.0	0.0	0.0	0.0	0.0	144.48275862068965	0.0	0.20532174	0.236998905	0.961362285	-5.58516	-13.444059999999999	10.193679999999999	386999.0	1775936895.891753	0.0	1.0	0.0	-1.0	-1.0	-1.0	1775936895.891753	closed-hand	Close	1	20260411_124810	Trigger
8045.6849999999995	15900.795	-394.155	-11297.025	0.0	0.0	0.0	0.0	0.0	0.0	0.0	0.0	0.0	0.0	0.0	0.0	0.0	0.0	144.48275862068965	0.0	0.20532174	0.236998905	0.961362285	-5.58516	-13.444059999999999	10.193679999999999	387000.0	1775936895.891757	0.0	1.0	0.0	-1.0	-1.0	-1.0	1775936895.891757	closed-hand	Close	1	20260411_124810	Trigger
6792.929999999999	19003.094999999998	-1677.915	-12580.47	0.0	0.0	0.0	0.0	0.0	0.0	0.0	0.0	0.0	0.0	0.0	0.0	0.0	0.0	144.48275862068965	0.0	0.20532174	0.236998905	0.961362285	-5.58516	-13.444059999999999	10.193679999999999	387001.0	1775936895.8957	0.0	1.0	0.0	-1.0	-1.0	-1.0	1775936895.8957	closed-hand	Close	1	20260411_124810	Trigger
11399.445	14955.57	2762.595	-8510.31	0.0	0.0	0.0	0.0	0.0	0.0	0.0	0.0	0.0	0.0	0.0	0.0	0.0	0.0	144.48275862068965	0.0	0.20532174	0.236998905	0.961362285	-5.58516	-13.444059999999999	10.193679999999999	387002.0	1775936895.895718	0.0	1.0	0.0	-1.0	-1.0	-1.0	1775936895.895718	closed-hand	Close	1	20260411_124810	Trigger
15198.48	10007.369999999999	6578.37	-4935.735	0.0	0.0	0.0	0.0	0.0	0.0	0.0	0.0	0.0	0.0	0.0	0.0	0.0	0.0	144.48275862068965	0.0	0.20532174	0.236998905	0.961362285	-5.58516	-13.444059999999999	10.193679999999999	387003.0	1775936895.902461	0.0	1.0	0.0	-1.0	-1.0	-1.0	1775936895.902461	closed-hand	Close	1	20260411_124810	Trigger
13081.365	2881.2149999999997	7520.67	-208.53	0.0	0.0	0.0	0.0	0.0	0.0	0.0	0.0	0.0	0.0	0.0	0.0	0.0	0.0	144.48275862068965	0.0	0.20532174	0.236998905	0.961362285	-5.58516	-13.444059999999999	10.193679999999999	387004.0	1775936895.90248	0.0	1.0	0.0	-1.0	-1.0	-1.0	1775936895.90248	closed-hand	Close	1	20260411_124810	Trigger
3172.41	-854.01	2260.665	608.985	0.0	0.0	0.0	0.0	0.0	0.0	0.0	0.0	0.0	0.0	0.0	0.0	0.0	0.0	144.48275862068965	0.0	0.20532174	0.236998905	0.961362285	-5.58516	-13.444059999999999	10.193679999999999	387005.0	1775936895.905459	0.0	1.0	0.0	-1.0	-1.0	-1.0	1775936895.905459	closed-hand	Close	1	20260411_124810	Trigger
15325.154999999999	-2973.6	9744.57	1381.59	0.0	0.0	0.0	0.0	0.0	0.0	0.0	0.0	0.0	0.0	0.0	0.0	0.0	0.0	144.48275862068965	0.0	0.20532174	0.236998905	0.961362285	-5.58516	-13.444059999999999	10.193679999999999	387006.0	1775936895.90548	0.0	1.0	0.0	-1.0	-1.0	-1.0	1775936895.90548	closed-hand	Close	1	20260411_124810	Trigger
17142.524999999998	2970.27	8504.91	-2885.4449999999997	0.0	0.0	0.0	0.0	0.0	0.0	0.0	0.0	0.0	0.0	0.0	0.0	0.0	0.0	144.48275862068965	0.0	0.20532174	0.236998905	0.961362285	-5.58516	-13.444059999999999	10.193679999999999	387007.0	1775936895.907835	0.0	1.0	0.0	-1.0	-1.0	-1.0	1775936895.907835	closed-hand	Close	1	20260411_124810	Trigger
10259.955	11296.484999999999	1779.21	-9124.695	0.0	0.0	0.0	0.0	0.0	0.0	0.0	0.0	0.0	0.0	0.0	0.0	0.0	0.0	144.48275862068965	0.0	0.20532174	0.236998905	0.961362285	-5.58516	-13.444059999999999	10.193679999999999	387008.0	1775936895.907861	0.0	1.0	0.0	-1.0	-1.0	-1.0	1775936895.907861	closed-hand	Close	1	20260411_124810	Trigger
6415.0199999999995	16938.855	-2080.665	-12811.68	0.0	0.0	0.0	0.0	0.0	0.0	0.0	0.0	0.0	0.0	0.0	0.0	0.0	0.0	144.48275862068965	0.0	0.19482372	0.24023376	0.96899166	-7.553699999999999	-13.0473	11.33818	387009.0	1775936895.911739	0.0	1.0	0.0	-1.0	-1.0	-1.0	1775936895.911739	closed-hand	Close	1	20260411_124810	Trigger
10168.244999999999	14486.76	1471.905	-9590.265	0.0	0.0	0.0	0.0	0.0	0.0	0.0	0.0	0.0	0.0	0.0	0.0	0.0	0.0	144.48275862068965	0.0	0.19482372	0.24023376	0.96899166	-7.553699999999999	-13.0473	11.33818	387010.0	1775936895.911757	0.0	1.0	0.0	-1.0	-1.0	-1.0	1775936895.911757	closed-hand	Close	1	20260411_124810	Trigger
14889.689999999999	8831.88	6132.42	-5315.175	0.0	0.0	0.0	0.0	0.0	0.0	0.0	0.0	0.0	0.0	0.0	0.0	0.0	0.0	144.48275862068965	0.0	0.19482372	0.24023376	0.96899166	-7.553699999999999	-13.0473	11.33818	387011.0	1775936895.915731	0.0	1.0	0.0	-1.0	-1.0	-1.0	1775936895.915731	closed-hand	Close	1	20260411_124810	Trigger
16289.414999999999	2874.825	8983.845	-870.12	0.0	0.0	0.0	0.0	0.0	0.0	0.0	0.0	0.0	0.0	0.0	0.0	0.0	0.0	144.48275862068965	0.0	0.19482372	0.24023376	0.96899166	-7.553699999999999	-13.0473	11.33818	387012.0	1775936895.915749	0.0	1.0	0.0	-1.0	-1.0	-1.0	1775936895.915749	closed-hand	Close	1	20260411_124810	Trigger
4374.36	-579.9599999999999	2894.04	697.8149999999999	0.0	0.0	0.0	0.0	0.0	0.0	0.0	0.0	0.0	0.0	0.0	0.0	0.0	0.0	144.48275862068965	0.0	0.19482372	0.24023376	0.96899166	-7.553699999999999	-13.0473	11.33818	387013.0	1775936895.923011	0.0	1.0	0.0	-1.0	-1.0	-1.0	1775936895.923011	closed-hand	Close	1	20260411_124810	Trigger
10434.015	-3969.225	7100.955	1808.82	0.0	0.0	0.0	0.0	0.0	0.0	0.0	0.0	0.0	0.0	0.0	0.0	0.0	0.0	144.48275862068965	0.0	0.19482372	0.24023376	0.96899166	-7.553699999999999	-13.0473	11.33818	387014.0	1775936895.92303	0.0	1.0	0.0	-1.0	-1.0	-1.0	1775936895.92303	closed-hand	Close	1	20260411_124810	Trigger
19452.69	-2208.87	11030.085	-117.315	0.0	0.0	0.0	0.0	0.0	0.0	0.0	0.0	0.0	0.0	0.0	0.0	0.0	0.0	144.48275862068965	0.0	0.19482372	0.24023376	0.96899166	-7.553699999999999	-13.0473	11.33818	387015.0	1775936895.923799	0.0	1.0	0.0	-1.0	-1.0	-1.0	1775936895.923799	closed-hand	Close	1	20260411_124810	Trigger
13470.074999999999	6033.554999999999	4804.47	-6210.0	0.0	0.0	0.0	0.0	0.0	0.0	0.0	0.0	0.0	0.0	0.0	0.0	0.0	0.0	144.48275862068965	0.0	0.19482372	0.24023376	0.96899166	-7.553699999999999	-13.0473	11.33818	387016.0	1775936895.923818	0.0	1.0	0.0	-1.0	-1.0	-1.0	1775936895.923818	closed-hand	Close	1	20260411_124810	Trigger
7595.37	13346.73	-927.54	-11614.59	0.0	0.0	0.0	0.0	0.0	0.0	0.0	0.0	0.0	0.0	0.0	0.0	0.0	0.0	144.48275862068965	0.0	0.19482372	0.24023376	0.96899166	-7.553699999999999	-13.0473	11.33818	387017.0	1775936895.927777	0.0	1.0	0.0	-1.0	-1.0	-1.0	1775936895.927777	closed-hand	Close	1	20260411_124810	Trigger
9452.385	13265.46	766.5749999999999	-10138.23	0.0	0.0	0.0	0.0	0.0	0.0	0.0	0.0	0.0	0.0	0.0	0.0	0.0	0.0	144.48275862068965	0.0	0.19482372	0.24023376	0.96899166	-7.553699999999999	-13.0473	11.33818	387018.0	1775936895.927796	0.0	1.0	0.0	-1.0	-1.0	-1.0	1775936895.927796	closed-hand	Close	1	20260411_124810	Trigger
14662.755	7675.65	5814.36	-5517.045	0.0	0.0	0.0	0.0	0.0	0.0	0.0	0.0	0.0	0.0	0.0	0.0	0.0	0.0	144.48275862068965	0.0	0.18731641500000001	0.236876835	0.9782689800000001	-5.15788	-12.78788	12.330079999999999	387019.0	1775936895.931882	0.0	1.0	0.0	-1.0	-1.0	-1.0	1775936895.931882	closed-hand	Close	1	20260411_124810	Trigger
17755.02	2355.8399999999997	9390.375	-1616.04	0.0	0.0	0.0	0.0	0.0	0.0	0.0	0.0	0.0	0.0	0.0	0.0	0.0	0.0	144.48275862068965	0.0	0.18731641500000001	0.236876835	0.9782689800000001	-5.15788	-12.78788	12.330079999999999	387020.0	1775936895.9319	0.0	1.0	0.0	-1.0	-1.0	-1.0	1775936895.9319	closed-hand	Close	1	20260411_124810	Trigger
8599.994999999999	-1214.01	5473.665	1163.205	0.0	0.0	0.0	0.0	0.0	0.0	0.0	0.0	0.0	0.0	0.0	0.0	0.0	0.0	144.48275862068965	0.0	0.18731641500000001	0.236876835	0.9782689800000001	-5.15788	-12.78788	12.330079999999999	387021.0	1775936895.935863	0.0	1.0	0.0	-1.0	-1.0	-1.0	1775936895.935863	closed-hand	Close	1	20260411_124810	Trigger
6273.179999999999	-3254.265	4501.304999999999	1464.5249999999999	0.0	0.0	0.0	0.0	0.0	0.0	0.0	0.0	0.0	0.0	0.0	0.0	0.0	0.0	144.48275862068965	0.0	0.18731641500000001	0.236876835	0.9782689800000001	-5.15788	-12.78788	12.330079999999999	387022.0	1775936895.935881	0.0	1.0	0.0	-1.0	-1.0	-1.0	1775936895.935881	closed-hand	Close	1	20260411_124810	Trigger
19799.82	-5664.42	12084.119999999999	1630.1699999999998	0.0	0.0	0.0	0.0	0.0	0.0	0.0	0.0	0.0	0.0	0.0	0.0	0.0	0.0	144.48275862068965	0.0	0.18731641500000001	0.236876835	0.9782689800000001	-5.15788	-12.78788	12.330079999999999	387023.0	1775936895.939953	0.0	1.0	0.0	-1.0	-1.0	-1.0	1775936895.939953	closed-hand	Close	1	20260411_124810	Trigger
16109.234999999999	1689.2549999999999	7286.219999999999	-3870.72	0.0	0.0	0.0	0.0	0.0	0.0	0.0	0.0	0.0	0.0	0.0	0.0	0.0	0.0	144.48275862068965	0.0	0.18731641500000001	0.236876835	0.9782689800000001	-5.15788	-12.78788	12.330079999999999	387024.0	1775936895.939972	0.0	1.0	0.0	-1.0	-1.0	-1.0	1775936895.939972	closed-hand	Close	1	20260411_124810	Trigger
9371.835	9701.55	763.3349999999999	-9977.805	0.0	0.0	0.0	0.0	0.0	0.0	0.0	0.0	0.0	0.0	0.0	0.0	0.0	0.0	144.48275862068965	0.0	0.18731641500000001	0.236876835	0.9782689800000001	-5.15788	-12.78788	12.330079999999999	387025.0	1775936895.943883	0.0	1.0	0.0	-1.0	-1.0	-1.0	1775936895.943883	closed-hand	Close	1	20260411_124810	Trigger
8789.715	12167.189999999999	105.255	-10677.195	0.0	0.0	0.0	0.0	0.0	0.0	0.0	0.0	0.0	0.0	0.0	0.0	0.0	0.0	144.48275862068965	0.0	0.18731641500000001	0.236876835	0.9782689800000001	-5.15788	-12.78788	12.330079999999999	387026.0	1775936895.943902	0.0	1.0	0.0	-1.0	-1.0	-1.0	1775936895.943902	closed-hand	Close	1	20260411_124810	Trigger
13873.005	7427.88	4943.295	-6237.405	0.0	0.0	0.0	0.0	0.0	0.0	0.0	0.0	0.0	0.0	0.0	0.0	0.0	0.0	144.48275862068965	0.0	0.18731641500000001	0.236876835	0.9782689800000001	-5.15788	-12.78788	12.330079999999999	387027.0	1775936895.947918	0.0	1.0	0.0	-1.0	-1.0	-1.0	1775936895.947918	closed-hand	Close	1	20260411_124810	Trigger
17780.895	2136.87	8929.08	-2462.265	0.0	0.0	0.0	0.0	0.0	0.0	0.0	0.0	0.0	0.0	0.0	0.0	0.0	0.0	144.48275862068965	0.0	0.18731641500000001	0.236876835	0.9782689800000001	-5.15788	-12.78788	12.330079999999999	387028.0	1775936895.947937	0.0	1.0	0.0	-1.0	-1.0	-1.0	1775936895.947937	closed-hand	Close	1	20260411_124810	Trigger
13216.455	-2071.98	8141.445	1315.98	0.0	0.0	0.0	0.0	0.0	0.0	0.0	0.0	0.0	0.0	0.0	0.0	0.0	0.0	144.48275862068965	0.0	0.18701124	0.216124935	0.9772313850000001	0.25942	-10.16316	10.254719999999999	387029.0	1775936895.951947	0.0	1.0	0.0	-1.0	-1.0	-1.0	1775936895.951947	closed-hand	Close	1	20260411_124810	Trigger
3540.645	-2084.4	2624.7599999999998	1003.185	0.0	0.0	0.0	0.0	0.0	0.0	0.0	0.0	0.0	0.0	0.0	0.0	0.0	0.0	144.48275862068965	0.0	0.18701124	0.216124935	0.9772313850000001	0.25942	-10.16316	10.254719999999999	387030.0	1775936895.951965	0.0	1.0	0.0	-1.0	-1.0	-1.0	1775936895.951965	closed-hand	Close	1	20260411_124810	Trigger
17788.77	-7740.9	11601.945	2859.255	0.0	0.0	0.0	0.0	0.0	0.0	0.0	0.0	0.0	0.0	0.0	0.0	0.0	0.0	144.48275862068965	0.0	0.18701124	0.216124935	0.9772313850000001	0.25942	-10.16316	10.254719999999999	387031.0	1775936895.955903	0.0	1.0	0.0	-1.0	-1.0	-1.0	1775936895.955903	closed-hand	Close	1	20260411_124810	Trigger
18674.55	-2656.5299999999997	9751.545	-1513.1699999999998	0.0	0.0	0.0	0.0	0.0	0.0	0.0	0.0	0.0	0.0	0.0	0.0	0.0	0.0	144.48275862068965	0.0	0.18701124	0.216124935	0.9772313850000001	0.25942	-10.16316	10.254719999999999	387032.0	1775936895.955922	0.0	1.0	0.0	-1.0	-1.0	-1.0	1775936895.955922	closed-hand	Close	1	20260411_124810	Trigger
11524.455	5816.5199999999995	2775.285	-8032.139999999999	0.0	0.0	0.0	0.0	0.0	0.0	0.0	0.0	0.0	0.0	0.0	0.0	0.0	0.0	144.48275862068965	0.0	0.18701124	0.216124935	0.9772313850000001	0.25942	-10.16316	10.254719999999999	387033.0	1775936895.959891	0.0	1.0	0.0	-1.0	-1.0	-1.0	1775936895.959891	closed-hand	Close	1	20260411_124810	Trigger
8210.654999999999	10933.785	-481.22999999999996	-11181.645	0.0	0.0	0.0	0.0	0.0	0.0	0.0	0.0	0.0	0.0	0.0	0.0	0.0	0.0	144.48275862068965	0.0	0.18701124	0.216124935	0.9772313850000001	0.25942	-10.16316	10.254719999999999	387034.0	1775936895.959909	0.0	1.0	0.0	-1.0	-1.0	-1.0	1775936895.959909	closed-hand	Close	1	20260411_124810	Trigger
12503.97	7761.285	3586.185	-7488.134999999999	0.0	0.0	0.0	0.0	0.0	0.0	0.0	0.0	0.0	0.0	0.0	0.0	0.0	0.0	144.48275862068965	0.0	0.18701124	0.216124935	0.9772313850000001	0.25942	-10.16316	10.254719999999999	387035.0	1775936895.965222	0.0	1.0	0.0	-1.0	-1.0	-1.0	1775936895.965222	closed-hand	Close	1	20260411_124810	Trigger
17334.0	1860.435	8298.09	-3146.355	0.0	0.0	0.0	0.0	0.0	0.0	0.0	0.0	0.0	0.0	0.0	0.0	0.0	0.0	144.48275862068965	0.0	0.18701124	0.216124935	0.9772313850000001	0.25942	-10.16316	10.254719999999999	387036.0	1775936895.96524	0.0	1.0	0.0	-1.0	-1.0	-1.0	1775936895.96524	closed-hand	Close	1	20260411_124810	Trigger
17088.21	-2949.8399999999997	10153.529999999999	1057.995	0.0	0.0	0.0	0.0	0.0	0.0	0.0	0.0	0.0	0.0	0.0	0.0	0.0	0.0	144.48275862068965	0.0	0.18701124	0.216124935	0.9772313850000001	0.25942	-10.16316	10.254719999999999	387037.0	1775936895.969341	0.0	1.0	0.0	-1.0	-1.0	-1.0	1775936895.969341	closed-hand	Close	1	20260411_124810	Trigger
3956.805	-1886.2649999999999	2800.2149999999997	981.495	0.0	0.0	0.0	0.0	0.0	0.0	0.0	0.0	0.0	0.0	0.0	0.0	0.0	0.0	144.48275862068965	0.0	0.18701124	0.216124935	0.9772313850000001	0.25942	-10.16316	10.254719999999999	387038.0	1775936895.96936	0.0	1.0	0.0	-1.0	-1.0	-1.0	1775936895.96936	closed-hand	Close	1	20260411_124810	Trigger
14292.855	-8221.904999999999	9922.23	2689.65	0.0	0.0	0.0	0.0	0.0	0.0	0.0	0.0	0.0	0.0	0.0	0.0	0.0	0.0	144.48275862068965	0.0	0.19934031	0.198790995	0.971127885	2.10588	-8.86606	7.095899999999999	387039.0	1775936895.97467	0.0	1.0	0.0	-1.0	-1.0	-1.0	1775936895.97467	closed-hand	Close	1	20260411_124810	Trigger
21071.43	-7020.315	12178.98	-124.155	0.0	0.0	0.0	0.0	0.0	0.0	0.0	0.0	0.0	0.0	0.0	0.0	0.0	0.0	144.48275862068965	0.0	0.19934031	0.198790995	0.971127885	2.10588	-8.86606	7.095899999999999	387040.0	1775936895.974688	0.0	1.0	0.0	-1.0	-1.0	-1.0	1775936895.974688	closed-hand	Close	1	20260411_124810	Trigger
14086.08	1617.21	5205.42	-6633.675	0.0	0.0	0.0	0.0	0.0	0.0	0.0	0.0	0.0	0.0	0.0	0.0	0.0	0.0	144.48275862068965	0.0	0.19934031	0.198790995	0.971127885	2.10588	-8.86606	7.095899999999999	387041.0	1775936895.977491	0.0	1.0	0.0	-1.0	-1.0	-1.0	1775936895.977491	closed-hand	Close	1	20260411_124810	Trigger
7706.61	9525.33	-954.27	-12411.81	0.0	0.0	0.0	0.0	0.0	0.0	0.0	0.0	0.0	0.0	0.0	0.0	0.0	0.0	144.48275862068965	0.0	0.19934031	0.198790995	0.971127885	2.10588	-8.86606	7.095899999999999	387042.0	1775936895.97751	0.0	1.0	0.0	-1.0	-1.0	-1.0	1775936895.97751	closed-hand	Close	1	20260411_124810	Trigger
10073.654999999999	9124.92	1228.635	-10458.63	0.0	0.0	0.0	0.0	0.0	0.0	0.0	0.0	0.0	0.0	0.0	0.0	0.0	0.0	144.48275862068965	0.0	0.19934031	0.198790995	0.971127885	2.10588	-8.86606	7.095899999999999	387043.0	1775936895.980049	0.0	1.0	0.0	-1.0	-1.0	-1.0	1775936895.980049	closed-hand	Close	1	20260411_124810	Trigger
16092.63	2591.055	7016.04	-5122.08	0.0	0.0	0.0	0.0	0.0	0.0	0.0	0.0	0.0	0.0	0.0	0.0	0.0	0.0	144.48275862068965	0.0	0.19934031	0.198790995	0.971127885	2.10588	-8.86606	7.095899999999999	387044.0	1775936895.980067	0.0	1.0	0.0	-1.0	-1.0	-1.0	1775936895.980067	closed-hand	Close	1	20260411_124810	Trigger
19335.87	-3472.4249999999997	11068.74	-233.28	0.0	0.0	0.0	0.0	0.0	0.0	0.0	0.0	0.0	0.0	0.0	0.0	0.0	0.0	144.48275862068965	0.0	0.19934031	0.198790995	0.971127885	2.10588	-8.86606	7.095899999999999	387045.0	1775936895.983984	0.0	1.0	0.0	-1.0	-1.0	-1.0	1775936895.983984	closed-hand	Close	1	20260411_124810	Trigger
7095.0599999999995	-2639.88	4702.995	1276.875	0.0	0.0	0.0	0.0	0.0	0.0	0.0	0.0	0.0	0.0	0.0	0.0	0.0	0.0	144.48275862068965	0.0	0.19934031	0.198790995	0.971127885	2.10588	-8.86606	7.095899999999999	387046.0	1775936895.984002	0.0	1.0	0.0	-1.0	-1.0	-1.0	1775936895.984002	closed-hand	Close	1	20260411_124810	Trigger
6770.429999999999	-4885.92	5001.075	1884.105	0.0	0.0	0.0	0.0	0.0	0.0	0.0	0.0	0.0	0.0	0.0	0.0	0.0	0.0	144.48275862068965	0.0	0.19934031	0.198790995	0.971127885	2.10588	-8.86606	7.095899999999999	387047.0	1775936895.988068	0.0	1.0	0.0	-1.0	-1.0	-1.0	1775936895.988068	closed-hand	Close	1	20260411_124810	Trigger
21839.67	-11185.289999999999	13949.82	2782.845	0.0	0.0	0.0	0.0	0.0	0.0	0.0	0.0	0.0	0.0	0.0	0.0	0.0	0.0	144.48275862068965	0.0	0.19934031	0.198790995	0.971127885	2.10588	-8.86606	7.095899999999999	387048.0	1775936895.988087	0.0	1.0	0.0	-1.0	-1.0	-1.0	1775936895.988087	closed-hand	Close	1	20260411_124810	Trigger
17382.42	-3570.8399999999997	8388.045	-3544.875	0.0	0.0	0.0	0.0	0.0	0.0	0.0	0.0	0.0	0.0	0.0	0.0	0.0	0.0	144.48275862068965	0.0	0.215636655	0.19958445	0.967343715	2.24322	-2.35004	4.70008	387049.0	1775936895.991962	0.0	1.0	0.0	-1.0	-1.0	-1.0	1775936895.991962	closed-hand	Close	1	20260411_124810	Trigger
8398.574999999999	6542.82	-425.43	-12093.615	0.0	0.0	0.0	0.0	0.0	0.0	0.0	0.0	0.0	0.0	0.0	0.0	0.0	0.0	144.48275862068965	0.0	0.215636655	0.19958445	0.967343715	2.24322	-2.35004	4.70008	387050.0	1775936895.991969	0.0	1.0	0.0	-1.0	-1.0	-1.0	1775936895.991969	closed-hand	Close	1	20260411_124810	Trigger
7576.83	9842.535	-1445.1299999999999	-13404.869999999999	0.0	0.0	0.0	0.0	0.0	0.0	0.0	0.0	0.0	0.0	0.0	0.0	0.0	0.0	144.48275862068965	0.0	0.215636655	0.19958445	0.967343715	2.24322	-2.35004	4.70008	387051.0	1775936895.995977	0.0	1.0	0.0	-1.0	-1.0	-1.0	1775936895.995977	closed-hand	Close	1	20260411_124810	Trigger
13362.975	4868.73	4232.5199999999995	-7638.255	0.0	0.0	0.0	0.0	0.0	0.0	0.0	0.0	0.0	0.0	0.0	0.0	0.0	0.0	144.48275862068965	0.0	0.215636655	0.19958445	0.967343715	2.24322	-2.35004	4.70008	387052.0	1775936895.995996	0.0	1.0	0.0	-1.0	-1.0	-1.0	1775936895.995996	closed-hand	Close	1	20260411_124810	Trigger
19850.94	-3329.145	10805.535	-1232.865	0.0	0.0	0.0	0.0	0.0	0.0	0.0	0.0	0.0	0.0	0.0	0.0	0.0	0.0	144.48275862068965	0.0	0.215636655	0.19958445	0.967343715	2.24322	-2.35004	4.70008	387053.0	1775936895.999958	0.0	1.0	0.0	-1.0	-1.0	-1.0	1775936895.999958	closed-hand	Close	1	20260411_124810	Trigger
12624.119999999999	-4932.045	8243.775	2143.71	0.0	0.0	0.0	0.0	0.0	0.0	0.0	0.0	0.0	0.0	0.0	0.0	0.0	0.0	144.48275862068965	0.0	0.215636655	0.19958445	0.967343715	2.24322	-2.35004	4.70008	387054.0	1775936895.999976	0.0	1.0	0.0	-1.0	-1.0	-1.0	1775936895.999976	closed-hand	Close	1	20260411_124810	Trigger
2763.99	-2285.145	2136.7799999999997	994.77	0.0	0.0	0.0	0.0	0.0	0.0	0.0	0.0	0.0	0.0	0.0	0.0	0.0	0.0	144.48275862068965	0.0	0.215636655	0.19958445	0.967343715	2.24322	-2.35004	4.70008	387055.0	1775936896.004113	0.0	1.0	0.0	-1.0	-1.0	-1.0	1775936896.004113	closed-hand	Close	1	20260411_124810	Trigger
19034.82	-12560.22	13119.66	4559.67	0.0	0.0	0.0	0.0	0.0	0.0	0.0	0.0	0.0	0.0	0.0	0.0	0.0	0.0	144.48275862068965	0.0	0.215636655	0.19958445	0.967343715	2.24322	-2.35004	4.70008	387056.0	1775936896.004132	0.0	1.0	0.0	-1.0	-1.0	-1.0	1775936896.004132	closed-hand	Close	1	20260411_124810	Trigger
21295.98	-9497.07	12145.5	272.43	0.0	0.0	0.0	0.0	0.0	0.0	0.0	0.0	0.0	0.0	0.0	0.0	0.0	0.0	144.48275862068965	0.0	0.215636655	0.19958445	0.967343715	2.24322	-2.35004	4.70008	387057.0	1775936896.008082	0.0	1.0	0.0	-1.0	-1.0	-1.0	1775936896.008082	closed-hand	Close	1	20260411_124810	Trigger
9115.92	-446.13	2804.7599999999998	-5074.5599999999995	0.0	0.0	0.0	0.0	0.0	0.0	0.0	0.0	0.0	0.0	0.0	0.0	0.0	0.0	144.48275862068965	0.0	0.215636655	0.19958445	0.967343715	2.24322	-2.35004	4.70008	387058.0	1775936896.008101	0.0	1.0	0.0	-1.0	-1.0	-1.0	1775936896.008101	closed-hand	Close	1	20260411_124810	Trigger
2587.725	3987.855	-595.98	-3519.765	0.0	0.0	0.0	0.0	0.0	0.0	0.0	0.0	0.0	0.0	0.0	0.0	0.0	0.0	144.48275862068965	0.0	0.22320499500000002	0.20544381	0.973081005	4.68482	3.3266799999999996	8.57612	387059.0	1775936896.014182	0.0	1.0	0.0	-1.0	-1.0	-1.0	1775936896.014182	closed-hand	Close	1	20260411_124810	Trigger
9403.785	10777.77	1599.075	-7453.889999999999	0.0	0.0	0.0	0.0	0.0	0.0	0.0	0.0	0.0	0.0	0.0	0.0	0.0	0.0	144.48275862068965	0.0	0.22320499500000002	0.20544381	0.973081005	4.68482	3.3266799999999996	8.57612	387060.0	1775936896.01419	0.0	1.0	0.0	-1.0	-1.0	-1.0	1775936896.01419	closed-hand	Close	1	20260411_124810	Trigger
17203.725	4353.57	8638.965	-2193.75	0.0	0.0	0.0	0.0	0.0	0.0	0.0	0.0	0.0	0.0	0.0	0.0	0.0	0.0	144.48275862068965	0.0	0.22320499500000002	0.20544381	0.973081005	4.68482	3.3266799999999996	8.57612	387061.0	1775936896.015934	0.0	1.0	0.0	-1.0	-1.0	-1.0	1775936896.015934	closed-hand	Close	1	20260411_124810	Trigger
16673.895	-2499.12	10715.895	2967.795	0.0	0.0	0.0	0.0	0.0	0.0	0.0	0.0	0.0	0.0	0.0	0.0	0.0	0.0	144.48275862068965	0.0	0.22320499500000002	0.20544381	0.973081005	4.68482	3.3266799999999996	8.57612	387062.0	1775936896.015969	0.0	1.0	0.0	-1.0	-1.0	-1.0	1775936896.015969	closed-hand	Close	1	20260411_124810	Trigger
2448.36	-1102.32	1791.0449999999998	838.305	0.0	0.0	0.0	0.0	0.0	0.0	0.0	0.0	0.0	0.0	0.0	0.0	0.0	0.0	144.48275862068965	0.0	0.22320499500000002	0.20544381	0.973081005	4.68482	3.3266799999999996	8.57612	387063.0	1775936896.0201	0.0	1.0	0.0	-1.0	-1.0	-1.0	1775936896.0201	closed-hand	Close	1	20260411_124810	Trigger
12819.869999999999	-8470.619999999999	9358.65	4255.335	0.0	0.0	0.0	0.0	0.0	0.0	0.0	0.0	0.0	0.0	0.0	0.0	0.0	0.0	144.48275862068965	0.0	0.22320499500000002	0.20544381	0.973081005	4.68482	3.3266799999999996	8.57612	387064.0	1775936896.020118	0.0	1.0	0.0	-1.0	-1.0	-1.0	1775936896.020118	closed-hand	Close	1	20260411_124810	Trigger
23293.26	-10836.9	14805.539999999999	3856.455	0.0	0.0	0.0	0.0	0.0	0.0	0.0	0.0	0.0	0.0	0.0	0.0	0.0	0.0	144.48275862068965	0.0	0.22320499500000002	0.20544381	0.973081005	4.68482	3.3266799999999996	8.57612	387065.0	1775936896.02415	0.0	1.0	0.0	-1.0	-1.0	-1.0	1775936896.02415	closed-hand	Close	1	20260411_124810	Trigger
13447.89	-1437.7949999999998	5921.91	-3373.6949999999997	0.0	0.0	0.0	0.0	0.0	0.0	0.0	0.0	0.0	0.0	0.0	0.0	0.0	0.0	144.48275862068965	0.0	0.22320499500000002	0.20544381	0.973081005	4.68482	3.3266799999999996	8.57612	387066.0	1775936896.024168	0.0	1.0	0.0	-1.0	-1.0	-1.0	1775936896.024168	closed-hand	Close	1	20260411_124810	Trigger
2561.895	2368.08	-23.265	-2840.31	0.0	0.0	0.0	0.0	0.0	0.0	0.0	0.0	0.0	0.0	0.0	0.0	0.0	0.0	144.48275862068965	0.0	0.22320499500000002	0.20544381	0.973081005	4.68482	3.3266799999999996	8.57612	387067.0	1775936896.028928	0.0	1.0	0.0	-1.0	-1.0	-1.0	1775936896.028928	closed-hand	Close	1	20260411_124810	Trigger
6677.594999999999	10468.125	586.7099999999999	-6089.219999999999	0.0	0.0	0.0	0.0	0.0	0.0	0.0	0.0	0.0	0.0	0.0	0.0	0.0	0.0	144.48275862068965	0.0	0.22320499500000002	0.20544381	0.973081005	4.68482	3.3266799999999996	8.57612	387068.0	1775936896.028946	0.0	1.0	0.0	-1.0	-1.0	-1.0	1775936896.028946	closed-hand	Close	1	20260411_124810	Trigger
14795.46	8556.93	6559.785	-3280.9049999999997	0.0	0.0	0.0	0.0	0.0	0.0	0.0	0.0	0.0	0.0	0.0	0.0	0.0	0.0	144.48275862068965	0.0	0.21838323	0.20812935	0.981137625	7.7063	5.58516	9.14074	387069.0	1775936896.032557	0.0	1.0	0.0	-1.0	-1.0	-1.0	1775936896.032557	closed-hand	Close	1	20260411_124810	Trigger
19256.579999999998	-107.595	12073.365	3095.37	0.0	0.0	0.0	0.0	0.0	0.0	0.0	0.0	0.0	0.0	0.0	0.0	0.0	0.0	144.48275862068965	0.0	0.21838323	0.20812935	0.981137625	7.7063	5.58516	9.14074	387070.0	1775936896.032575	0.0	1.0	0.0	-1.0	-1.0	-1.0	1775936896.032575	closed-hand	Close	1	20260411_124810	Trigger
5427.135	-1278.54	3837.7799999999997	1742.31	0.0	0.0	0.0	0.0	0.0	0.0	0.0	0.0	0.0	0.0	0.0	0.0	0.0	0.0	144.48275862068965	0.0	0.21838323	0.20812935	0.981137625	7.7063	5.58516	9.14074	387071.0	1775936896.036155	0.0	1.0	0.0	-1.0	-1.0	-1.0	1775936896.036155	closed-hand	Close	1	20260411_124810	Trigger
6822.2699999999995	-4746.599999999999	5228.6849999999995	2836.2599999999998	0.0	0.0	0.0	0.0	0.0	0.0	0.0	0.0	0.0	0.0	0.0	0.0	0.0	0.0	144.48275862068965	0.0	0.21838323	0.20812935	0.981137625	7.7063	5.58516	9.14074	387072.0	1775936896.036173	0.0	1.0	0.0	-1.0	-1.0	-1.0	1775936896.036173	closed-hand	Close	1	20260411_124810	Trigger
23109.21	-11481.705	15741.314999999999	6399.675	0.0	0.0	0.0	0.0	0.0	0.0	0.0	0.0	0.0	0.0	0.0	0.0	0.0	0.0	144.48275862068965	0.0	0.21838323	0.20812935	0.981137625	7.7063	5.58516	9.14074	387073.0	1775936896.040309	0.0	1.0	0.0	-1.0	-1.0	-1.0	1775936896.040309	closed-hand	Close	1	20260411_124810	Trigger
17484.48	-3423.87	9413.145	-243.855	0.0	0.0	0.0	0.0	0.0	0.0	0.0	0.0	0.0	0.0	0.0	0.0	0.0	0.0	144.48275862068965	0.0	0.21838323	0.20812935	0.981137625	7.7063	5.58516	9.14074	387074.0	1775936896.040328	0.0	1.0	0.0	-1.0	-1.0	-1.0	1775936896.040328	closed-hand	Close	1	20260411_124810	Trigger
4448.385	1836.585	1022.76	-2897.955	0.0	0.0	0.0	0.0	0.0	0.0	0.0	0.0	0.0	0.0	0.0	0.0	0.0	0.0	144.48275862068965	0.0	0.21838323	0.20812935	0.981137625	7.7063	5.58516	9.14074	387075.0	1775936896.044347	0.0	1.0	0.0	-1.0	-1.0	-1.0	1775936896.044347	closed-hand	Close	1	20260411_124810	Trigger
4127.805	7910.549999999999	72.27	-4132.98	0.0	0.0	0.0	0.0	0.0	0.0	0.0	0.0	0.0	0.0	0.0	0.0	0.0	0.0	144.48275862068965	0.0	0.21838323	0.20812935	0.981137625	7.7063	5.58516	9.14074	387076.0	1775936896.044378	0.0	1.0	0.0	-1.0	-1.0	-1.0	1775936896.044378	closed-hand	Close	1	20260411_124810	Trigger
12302.64	11787.164999999999	4695.03	-4057.3799999999997	0.0	0.0	0.0	0.0	0.0	0.0	0.0	0.0	0.0	0.0	0.0	0.0	0.0	0.0	144.48275862068965	0.0	0.21838323	0.20812935	0.981137625	7.7063	5.58516	9.14074	387077.0	1775936896.048119	0.0	1.0	0.0	-1.0	-1.0	-1.0	1775936896.048119	closed-hand	Close	1	20260411_124810	Trigger
19278.135	3223.89	11659.275	2525.67	0.0	0.0	0.0	0.0	0.0	0.0	0.0	0.0	0.0	0.0	0.0	0.0	0.0	0.0	144.48275862068965	0.0	0.21838323	0.20812935	0.981137625	7.7063	5.58516	9.14074	387078.0	1775936896.048134	0.0	1.0	0.0	-1.0	-1.0	-1.0	1775936896.048134	closed-hand	Close	1	20260411_124810	Trigger
10308.96	-1427.76	7216.695	3345.12	0.0	0.0	0.0	0.0	0.0	0.0	0.0	0.0	0.0	0.0	0.0	0.0	0.0	0.0	144.48275862068965	0.0	0.21252387	0.208190385	0.97497309	8.72872	5.7988	8.2404	387079.0	1775936896.052187	0.0	1.0	0.0	-1.0	-1.0	-1.0	1775936896.052187	closed-hand	Close	1	20260411_124810	Trigger
2700.9449999999997	-1985.445	2150.2799999999997	1305.81	0.0	0.0	0.0	0.0	0.0	0.0	0.0	0.0	0.0	0.0	0.0	0.0	0.0	0.0	144.48275862068965	0.0	0.21252387	0.208190385	0.97497309	8.72872	5.7988	8.2404	387080.0	1775936896.052213	0.0	1.0	0.0	-1.0	-1.0	-1.0	1775936896.052213	closed-hand	Close	1	20260411_124810	Trigger
19816.469999999998	-10799.73	14296.41	7249.455	0.0	0.0	0.0	0.0	0.0	0.0	0.0	0.0	0.0	0.0	0.0	0.0	0.0	0.0	144.48275862068965	0.0	0.21252387	0.208190385	0.97497309	8.72872	5.7988	8.2404	387081.0	1775936896.056292	0.0	1.0	0.0	-1.0	-1.0	-1.0	1775936896.056292	closed-hand	Close	1	20260411_124810	Trigger
21380.985	-6459.75	13198.455	3568.0499999999997	0.0	0.0	0.0	0.0	0.0	0.0	0.0	0.0	0.0	0.0	0.0	0.0	0.0	0.0	144.48275862068965	0.0	0.21252387	0.208190385	0.97497309	8.72872	5.7988	8.2404	387082.0	1775936896.056319	0.0	1.0	0.0	-1.0	-1.0	-1.0	1775936896.056319	closed-hand	Close	1	20260411_124810	Trigger
8361.72	1404.45	3265.56	-2533.95	0.0	0.0	0.0	0.0	0.0	0.0	0.0	0.0	0.0	0.0	0.0	0.0	0.0	0.0	144.48275862068965	0.0	0.21252387	0.208190385	0.97497309	8.72872	5.7988	8.2404	387083.0	1775936896.060094	0.0	1.0	0.0	-1.0	-1.0	-1.0	1775936896.060094	closed-hand	Close	1	20260411_124810	Trigger
2831.895	5160.78	22.5	-2791.89	0.0	0.0	0.0	0.0	0.0	0.0	0.0	0.0	0.0	0.0	0.0	0.0	0.0	0.0	144.48275862068965	0.0	0.21252387	0.208190385	0.97497309	8.72872	5.7988	8.2404	387084.0	1775936896.060132	0.0	1.0	0.0	-1.0	-1.0	-1.0	1775936896.060132	closed-hand	Close	1	20260411_124810	Trigger
10423.215	12789.855	3406.5899999999997	-4390.695	0.0	0.0	0.0	0.0	0.0	0.0	0.0	0.0	0.0	0.0	0.0	0.0	0.0	0.0	144.48275862068965	0.0	0.21252387	0.208190385	0.97497309	8.72872	5.7988	8.2404	387085.0	1775936896.064042	0.0	1.0	0.0	-1.0	-1.0	-1.0	1775936896.064042	closed-hand	Close	1	20260411_124810	Trigger
18350.91	5872.545	10663.605	1716.03	0.0	0.0	0.0	0.0	0.0	0.0	0.0	0.0	0.0	0.0	0.0	0.0	0.0	0.0	144.48275862068965	0.0	0.21252387	0.208190385	0.97497309	8.72872	5.7988	8.2404	387086.0	1775936896.064056	0.0	1.0	0.0	-1.0	-1.0	-1.0	1775936896.064056	closed-hand	Close	1	20260411_124810	Trigger
15034.859999999999	-1042.11	10389.105	4786.74	0.0	0.0	0.0	0.0	0.0	0.0	0.0	0.0	0.0	0.0	0.0	0.0	0.0	0.0	144.48275862068965	0.0	0.21252387	0.208190385	0.97497309	8.72872	5.7988	8.2404	387087.0	1775936896.068169	0.0	1.0	0.0	-1.0	-1.0	-1.0	1775936896.068169	closed-hand	Close	1	20260411_124810	Trigger
1667.52	-780.345	1289.1599999999999	776.88	0.0	0.0	0.0	0.0	0.0	0.0	0.0	0.0	0.0	0.0	0.0	0.0	0.0	0.0	144.48275862068965	0.0	0.21252387	0.208190385	0.97497309	8.72872	5.7988	8.2404	387088.0	1775936896.06818	0.0	1.0	0.0	-1.0	-1.0	-1.0	1775936896.06818	closed-hand	Close	1	20260411_124810	Trigger
13958.685	-8531.145	10494.449999999999	6106.1849999999995	0.0	0.0	0.0	0.0	0.0	0.0	0.0	0.0	0.0	0.0	0.0	0.0	0.0	0.0	144.48275862068965	0.0	0.2124018	0.207335895	0.972226515	9.47646	3.37246	9.430679999999999	387089.0	1775936896.073719	0.0	1.0	0.0	-1.0	-1.0	-1.0	1775936896.073719	closed-hand	Close	1	20260411_124810	Trigger
24677.28	-10420.875	16726.454999999998	7467.884999999999	0.0	0.0	0.0	0.0	0.0	0.0	0.0	0.0	0.0	0.0	0.0	0.0	0.0	0.0	144.48275862068965	0.0	0.2124018	0.207335895	0.972226515	9.47646	3.37246	9.430679999999999	387090.0	1775936896.073744	0.0	1.0	0.0	-1.0	-1.0	-1.0	1775936896.073744	closed-hand	Close	1	20260411_124810	Trigger
13696.74	-906.885	7103.88	-379.34999999999997	0.0	0.0	0.0	0.0	0.0	0.0	0.0	0.0	0.0	0.0	0.0	0.0	0.0	0.0	144.48275862068965	0.0	0.2124018	0.207335895	0.972226515	9.47646	3.37246	9.430679999999999	387091.0	1775936896.07757	0.0	1.0	0.0	-1.0	-1.0	-1.0	1775936896.07757	closed-hand	Close	1	20260411_124810	Trigger
2934.225	3055.77	441.04499999999996	-2098.485	0.0	0.0	0.0	0.0	0.0	0.0	0.0	0.0	0.0	0.0	0.0	0.0	0.0	0.0	144.48275862068965	0.0	0.2124018	0.207335895	0.972226515	9.47646	3.37246	9.430679999999999	387092.0	1775936896.077592	0.0	1.0	0.0	-1.0	-1.0	-1.0	1775936896.077592	closed-hand	Close	1	20260411_124810	Trigger
8582.67	12017.385	2423.205	-4083.075	0.0	0.0	0.0	0.0	0.0	0.0	0.0	0.0	0.0	0.0	0.0	0.0	0.0	0.0	144.48275862068965	0.0	0.2124018	0.207335895	0.972226515	9.47646	3.37246	9.430679999999999	387093.0	1775936896.081583	0.0	1.0	0.0	-1.0	-1.0	-1.0	1775936896.081583	closed-hand	Close	1	20260411_124810	Trigger
16783.155	8565.885	9287.279999999999	897.255	0.0	0.0	0.0	0.0	0.0	0.0	0.0	0.0	0.0	0.0	0.0	0.0	0.0	0.0	144.48275862068965	0.0	0.2124018	0.207335895	0.972226515	9.47646	3.37246	9.430679999999999	387094.0	1775936896.081617	0.0	1.0	0.0	-1.0	-1.0	-1.0	1775936896.081617	closed-hand	Close	1	20260411_124810	Trigger
19255.184999999998	66.78	13160.654999999999	6067.889999999999	0.0	0.0	0.0	0.0	0.0	0.0	0.0	0.0	0.0	0.0	0.0	0.0	0.0	0.0	144.48275862068965	0.0	0.2124018	0.207335895	0.972226515	9.47646	3.37246	9.430679999999999	387095.0	1775936896.084152	0.0	1.0	0.0	-1.0	-1.0	-1.0	1775936896.084152	closed-hand	Close	1	20260411_124810	Trigger
3873.42	-831.645	2881.5299999999997	1670.04	0.0	0.0	0.0	0.0	0.0	0.0	0.0	0.0	0.0	0.0	0.0	0.0	0.0	0.0	144.48275862068965	0.0	0.2124018	0.207335895	0.972226515	9.47646	3.37246	9.430679999999999	387096.0	1775936896.084179	0.0	1.0	0.0	-1.0	-1.0	-1.0	1775936896.084179	closed-hand	Close	1	20260411_124810	Trigger
8071.605	-5320.9349999999995	6357.69	4056.0299999999997	0.0	0.0	0.0	0.0	0.0	0.0	0.0	0.0	0.0	0.0	0.0	0.0	0.0	0.0	144.48275862068965	0.0	0.2124018	0.207335895	0.972226515	9.47646	3.37246	9.430679999999999	387097.0	1775936896.088428	0.0	1.0	0.0	-1.0	-1.0	-1.0	1775936896.088428	closed-hand	Close	1	20260411_124810	Trigger
25070.129999999997	-11861.414999999999	17983.079999999998	9628.335	0.0	0.0	0.0	0.0	0.0	0.0	0.0	0.0	0.0	0.0	0.0	0.0	0.0	0.0	144.48275862068965	0.0	0.2124018	0.207335895	0.972226515	9.47646	3.37246	9.430679999999999	387098.0	1775936896.088457	0.0	1.0	0.0	-1.0	-1.0	-1.0	1775936896.088457	closed-hand	Close	1	20260411_124810	Trigger
18386.73	-3446.595	10983.734999999999	2722.23	0.0	0.0	0.0	0.0	0.0	0.0	0.0	0.0	0.0	0.0	0.0	0.0	0.0	0.0	144.48275862068965	0.0	0.21093696	0.20959419	0.97350825	7.98098	0.8392999999999999	5.05106	387099.0	1775936896.09224	0.0	1.0	0.0	-1.0	-1.0	-1.0	1775936896.09224	closed-hand	Close	1	20260411_124810	Trigger
4336.965	1594.1699999999998	1575.81	-1417.5	0.0	0.0	0.0	0.0	0.0	0.0	0.0	0.0	0.0	0.0	0.0	0.0	0.0	0.0	144.48275862068965	0.0	0.21093696	0.20959419	0.97350825	7.98098	0.8392999999999999	5.05106	387100.0	1775936896.092264	0.0	1.0	0.0	-1.0	-1.0	-1.0	1775936896.092264	closed-hand	Close	1	20260411_124810	Trigger
5274.2699999999995	9005.58	1314.8999999999999	-2918.295	0.0	0.0	0.0	0.0	0.0	0.0	0.0	0.0	0.0	0.0	0.0	0.0	0.0	0.0	144.48275862068965	0.0	0.21093696	0.20959419	0.97350825	7.98098	0.8392999999999999	5.05106	387101.0	1775936896.096234	0.0	1.0	0.0	-1.0	-1.0	-1.0	1775936896.096234	closed-hand	Close	1	20260411_124810	Trigger
14144.715	12531.734999999999	7085.384999999999	-583.245	0.0	0.0	0.0	0.0	0.0	0.0	0.0	0.0	0.0	0.0	0.0	0.0	0.0	0.0	144.48275862068965	0.0	0.21093696	0.20959419	0.97350825	7.98098	0.8392999999999999	5.05106	387102.0	1775936896.096258	0.0	1.0	0.0	-1.0	-1.0	-1.0	1775936896.096258	closed-hand	Close	1	20260411_124810	Trigger
20579.805	3741.48	13645.664999999999	5836.32	0.0	0.0	0.0	0.0	0.0	0.0	0.0	0.0	0.0	0.0	0.0	0.0	0.0	0.0	144.48275862068965	0.0	0.21093696	0.20959419	0.97350825	7.98098	0.8392999999999999	5.05106	387103.0	1775936896.100243	0.0	1.0	0.0	-1.0	-1.0	-1.0	1775936896.100243	closed-hand	Close	1	20260411_124810	Trigger
9152.279999999999	-919.755	6747.075	3922.605	0.0	0.0	0.0	0.0	0.0	0.0	0.0	0.0	0.0	0.0	0.0	0.0	0.0	0.0	144.48275862068965	0.0	0.21093696	0.20959419	0.97350825	7.98098	0.8392999999999999	5.05106	387104.0	1775936896.100266	0.0	1.0	0.0	-1.0	-1.0	-1.0	1775936896.100266	closed-hand	Close	1	20260411_124810	Trigger
5284.62	-3688.29	4392.18	2423.16	0.0	0.0	0.0	0.0	0.0	0.0	0.0	0.0	0.0	0.0	0.0	0.0	0.0	0.0	144.48275862068965	0.0	0.21093696	0.20959419	0.97350825	7.98098	0.8392999999999999	5.05106	387105.0	1775936896.104287	0.0	1.0	0.0	-1.0	-1.0	-1.0	1775936896.104287	closed-hand	Close	1	20260411_124810	Trigger
23455.71	-10595.295	17432.684999999998	7208.37	0.0	0.0	0.0	0.0	0.0	0.0	0.0	0.0	0.0	0.0	0.0	0.0	0.0	0.0	144.48275862068965	0.0	0.21093696	0.20959419	0.97350825	7.98098	0.8392999999999999	5.05106	387106.0	1775936896.104333	0.0	1.0	0.0	-1.0	-1.0	-1.0	1775936896.104333	closed-hand	Close	1	20260411_124810	Trigger
20702.07	-3234.69	13097.475	1635.03	0.0	0.0	0.0	0.0	0.0	0.0	0.0	0.0	0.0	0.0	0.0	0.0	0.0	0.0	144.48275862068965	0.0	0.21093696	0.20959419	0.97350825	7.98098	0.8392999999999999	5.05106	387107.0	1775936896.108347	0.0	1.0	0.0	-1.0	-1.0	-1.0	1775936896.108347	closed-hand	Close	1	20260411_124810	Trigger
7085.07	2435.895	3057.795	-2753.595	0.0	0.0	0.0	0.0	0.0	0.0	0.0	0.0	0.0	0.0	0.0	0.0	0.0	0.0	144.48275862068965	0.0	0.21093696	0.20959419	0.97350825	7.98098	0.8392999999999999	5.05106	387108.0	1775936896.108375	0.0	1.0	0.0	-1.0	-1.0	-1.0	1775936896.108375	closed-hand	Close	1	20260411_124810	Trigger
2742.66	5461.29	351.315	-2654.19	0.0	0.0	0.0	0.0	0.0	0.0	0.0	0.0	0.0	0.0	0.0	0.0	0.0	0.0	144.48275862068965	0.0	0.20935005	0.21032661	0.96984615	8.43878	-2.07536	0.74774	387109.0	1775936896.112334	0.0	1.0	0.0	-1.0	-1.0	-1.0	1775936896.112334	closed-hand	Close	1	20260411_124810	Trigger
10518.48	14666.67	4208.445	-4258.44	0.0	0.0	0.0	0.0	0.0	0.0	0.0	0.0	0.0	0.0	0.0	0.0	0.0	0.0	144.48275862068965	0.0	0.20935005	0.21032661	0.96984615	8.43878	-2.07536	0.74774	387110.0	1775936896.112358	0.0	1.0	0.0	-1.0	-1.0	-1.0	1775936896.112358	closed-hand	Close	1	20260411_124810	Trigger
18219.239999999998	8227.755	11297.835	1773.855	0.0	0.0	0.0	0.0	0.0	0.0	0.0	0.0	0.0	0.0	0.0	0.0	0.0	0.0	144.48275862068965	0.0	0.20935005	0.21032661	0.96984615	8.43878	-2.07536	0.74774	387111.0	1775936896.116245	0.0	1.0	0.0	-1.0	-1.0	-1.0	1775936896.116245	closed-hand	Close	1	20260411_124810	Trigger
14895.09	282.555	10752.705	4886.19	0.0	0.0	0.0	0.0	0.0	0.0	0.0	0.0	0.0	0.0	0.0	0.0	0.0	0.0	144.48275862068965	0.0	0.20935005	0.21032661	0.96984615	8.43878	-2.07536	0.74774	387112.0	1775936896.11627	0.0	1.0	0.0	-1.0	-1.0	-1.0	1775936896.11627	closed-hand	Close	1	20260411_124810	Trigger
2121.12	-952.515	1703.2949999999998	1027.665	0.0	0.0	0.0	0.0	0.0	0.0	0.0	0.0	0.0	0.0	0.0	0.0	0.0	0.0	144.48275862068965	0.0	0.20935005	0.21032661	0.96984615	8.43878	-2.07536	0.74774	387113.0	1775936896.12093	0.0	1.0	0.0	-1.0	-1.0	-1.0	1775936896.12093	closed-hand	Close	1	20260411_124810	Trigger
15855.074999999999	-7452.54	12009.96	6487.469999999999	0.0	0.0	0.0	0.0	0.0	0.0	0.0	0.0	0.0	0.0	0.0	0.0	0.0	0.0	144.48275862068965	0.0	0.20935005	0.21032661	0.96984615	8.43878	-2.07536	0.74774	387114.0	1775936896.120955	0.0	1.0	0.0	-1.0	-1.0	-1.0	1775936896.120955	closed-hand	Close	1	20260411_124810	Trigger
22684.004999999997	-5141.79	15302.385	5623.155	0.0	0.0	0.0	0.0	0.0	0.0	0.0	0.0	0.0	0.0	0.0	0.0	0.0	0.0	144.48275862068965	0.0	0.20935005	0.21032661	0.96984615	8.43878	-2.07536	0.74774	387115.0	1775936896.124376	0.0	1.0	0.0	-1.0	-1.0	-1.0	1775936896.124376	closed-hand	Close	1	20260411_124810	Trigger
11230.425	3092.67	5545.3949999999995	-1625.04	0.0	0.0	0.0	0.0	0.0	0.0	0.0	0.0	0.0	0.0	0.0	0.0	0.0	0.0	144.48275862068965	0.0	0.20935005	0.21032661	0.96984615	8.43878	-2.07536	0.74774	387116.0	1775936896.124401	0.0	1.0	0.0	-1.0	-1.0	-1.0	1775936896.124401	closed-hand	Close	1	20260411_124810	Trigger
2436.21	4213.3949999999995	230.625	-2196.99	0.0	0.0	0.0	0.0	0.0	0.0	0.0	0.0	0.0	0.0	0.0	0.0	0.0	0.0	144.48275862068965	0.0	0.20935005	0.21032661	0.96984615	8.43878	-2.07536	0.74774	387117.0	1775936896.128364	0.0	1.0	0.0	-1.0	-1.0	-1.0	1775936896.128364	closed-hand	Close	1	20260411_124810	Trigger
8577.225	13906.935	2744.055	-4211.91	0.0	0.0	0.0	0.0	0.0	0.0	0.0	0.0	0.0	0.0	0.0	0.0	0.0	0.0	144.48275862068965	0.0	0.20935005	0.21032661	0.96984615	8.43878	-2.07536	0.74774	387118.0	1775936896.128412	0.0	1.0	0.0	-1.0	-1.0	-1.0	1775936896.128412	closed-hand	Close	1	20260411_124810	Trigger
16634.97	9908.46	9706.545	971.505	0.0	0.0	0.0	0.0	0.0	0.0	0.0	0.0	0.0	0.0	0.0	0.0	0.0	0.0	144.48275862068965	0.0	0.21093696	0.21032661	0.967343715	3.3571999999999997	-4.68482	0.07629999999999999	387119.0	1775936896.132323	0.0	1.0	0.0	-1.0	-1.0	-1.0	1775936896.132323	closed-hand	Close	1	20260411_124810	Trigger
18078.795	1330.02	12720.285	5715.585	0.0	0.0	0.0	0.0	0.0	0.0	0.0	0.0	0.0	0.0	0.0	0.0	0.0	0.0	144.48275862068965	0.0	0.21093696	0.21032661	0.967343715	3.3571999999999997	-4.68482	0.07629999999999999	387120.0	1775936896.13235	0.0	1.0	0.0	-1.0	-1.0	-1.0	1775936896.13235	closed-hand	Close	1	20260411_124810	Trigger
3159.855	-548.505	2411.325	1379.745	0.0	0.0	0.0	0.0	0.0	0.0	0.0	0.0	0.0	0.0	0.0	0.0	0.0	0.0	144.48275862068965	0.0	0.21093696	0.21032661	0.967343715	3.3571999999999997	-4.68482	0.07629999999999999	387121.0	1775936896.136324	0.0	1.0	0.0	-1.0	-1.0	-1.0	1775936896.136324	closed-hand	Close	1	20260411_124810	Trigger
9652.59	-5715.54	7633.44	4704.21	0.0	0.0	0.0	0.0	0.0	0.0	0.0	0.0	0.0	0.0	0.0	0.0	0.0	0.0	144.48275862068965	0.0	0.21093696	0.21032661	0.967343715	3.3571999999999997	-4.68482	0.07629999999999999	387122.0	1775936896.136376	0.0	1.0	0.0	-1.0	-1.0	-1.0	1775936896.136376	closed-hand	Close	1	20260411_124810	Trigger
24571.305	-9734.265	17722.26	8980.38	0.0	0.0	0.0	0.0	0.0	0.0	0.0	0.0	0.0	0.0	0.0	0.0	0.0	0.0	144.48275862068965	0.0	0.21093696	0.21032661	0.967343715	3.3571999999999997	-4.68482	0.07629999999999999	387123.0	1775936896.140432	0.0	1.0	0.0	-1.0	-1.0	-1.0	1775936896.140432	closed-hand	Close	1	20260411_124810	Trigger
16495.829999999998	-873.3149999999999	9799.02	1671.345	0.0	0.0	0.0	0.0	0.0	0.0	0.0	0.0	0.0	0.0	0.0	0.0	0.0	0.0	144.48275862068965	0.0	0.21093696	0.21032661	0.967343715	3.3571999999999997	-4.68482	0.07629999999999999	387124.0	1775936896.140455	0.0	1.0	0.0	-1.0	-1.0	-1.0	1775936896.140455	closed-hand	Close	1	20260411_124810	Trigger
3498.75	2448.1349999999998	1156.635	-1585.08	0.0	0.0	0.0	0.0	0.0	0.0	0.0	0.0	0.0	0.0	0.0	0.0	0.0	0.0	144.48275862068965	0.0	0.21093696	0.21032661	0.967343715	3.3571999999999997	-4.68482	0.07629999999999999	387125.0	1775936896.144448	0.0	1.0	0.0	-1.0	-1.0	-1.0	1775936896.144448	closed-hand	Close	1	20260411_124810	Trigger
5914.215	10518.345	1668.78	-3257.73	0.0	0.0	0.0	0.0	0.0	0.0	0.0	0.0	0.0	0.0	0.0	0.0	0.0	0.0	144.48275862068965	0.0	0.21093696	0.21032661	0.967343715	3.3571999999999997	-4.68482	0.07629999999999999	387126.0	1775936896.144483	0.0	1.0	0.0	-1.0	-1.0	-1.0	1775936896.144483	closed-hand	Close	1	20260411_124810	Trigger
14496.029999999999	12404.385	7772.8949999999995	-209.16	0.0	0.0	0.0	0.0	0.0	0.0	0.0	0.0	0.0	0.0	0.0	0.0	0.0	0.0	144.48275862068965	0.0	0.21093696	0.21032661	0.967343715	3.3571999999999997	-4.68482	0.07629999999999999	387127.0	1775936896.148436	0.0	1.0	0.0	-1.0	-1.0	-1.0	1775936896.148436	closed-hand	Close	1	20260411_124810	Trigger
20202.21	3458.295	13853.07	6034.7699999999995	0.0	0.0	0.0	0.0	0.0	0.0	0.0	0.0	0.0	0.0	0.0	0.0	0.0	0.0	144.48275862068965	0.0	0.21093696	0.21032661	0.967343715	3.3571999999999997	-4.68482	0.07629999999999999	387128.0	1775936896.148461	0.0	1.0	0.0	-1.0	-1.0	-1.0	1775936896.148461	closed-hand	Close	1	20260411_124810	Trigger
7586.46	-730.305	5714.594999999999	3306.645	0.0	0.0	0.0	0.0	0.0	0.0	0.0	0.0	0.0	0.0	0.0	0.0	0.0	0.0	144.48275862068965	0.0	0.209166945	0.210387645	0.966367155	1.5412599999999999	-7.08064	-2.76206	387129.0	1775936896.15422	0.0	1.0	0.0	-1.0	-1.0	-1.0	1775936896.15422	closed-hand	Close	1	20260411_124810	Trigger
4343.22	-2856.1949999999997	3524.31	2352.555	0.0	0.0	0.0	0.0	0.0	0.0	0.0	0.0	0.0	0.0	0.0	0.0	0.0	0.0	144.48275862068965	0.0	0.209166945	0.210387645	0.966367155	1.5412599999999999	-7.08064	-2.76206	387130.0	1775936896.154247	0.0	1.0	0.0	-1.0	-1.0	-1.0	1775936896.154247	closed-hand	Close	1	20260411_124810	Trigger
22793.805	-10424.744999999999	17028.72	9861.345	0.0	0.0	0.0	0.0	0.0	0.0	0.0	0.0	0.0	0.0	0.0	0.0	0.0	0.0	144.48275862068965	0.0	0.209166945	0.210387645	0.966367155	1.5412599999999999	-7.08064	-2.76206	387131.0	1775936896.156465	0.0	1.0	0.0	-1.0	-1.0	-1.0	1775936896.156465	closed-hand	Close	1	20260411_124810	Trigger
20816.28	-3826.08	13570.335	5075.054999999999	0.0	0.0	0.0	0.0	0.0	0.0	0.0	0.0	0.0	0.0	0.0	0.0	0.0	0.0	144.48275862068965	0.0	0.209166945	0.210387645	0.966367155	1.5412599999999999	-7.08064	-2.76206	387132.0	1775936896.156489	0.0	1.0	0.0	-1.0	-1.0	-1.0	1775936896.156489	closed-hand	Close	1	20260411_124810	Trigger
6819.84	2248.1549999999997	3124.89	-1095.2549999999999	0.0	0.0	0.0	0.0	0.0	0.0	0.0	0.0	0.0	0.0	0.0	0.0	0.0	0.0	144.48275862068965	0.0	0.209166945	0.210387645	0.966367155	1.5412599999999999	-7.08064	-2.76206	387133.0	1775936896.160349	0.0	1.0	0.0	-1.0	-1.0	-1.0	1775936896.160349	closed-hand	Close	1	20260411_124810	Trigger
3680.595	6686.91	866.16	-2313.99	0.0	0.0	0.0	0.0	0.0	0.0	0.0	0.0	0.0	0.0	0.0	0.0	0.0	0.0	144.48275862068965	0.0	0.209166945	0.210387645	0.966367155	1.5412599999999999	-7.08064	-2.76206	387134.0	1775936896.160372	0.0	1.0	0.0	-1.0	-1.0	-1.0	1775936896.160372	closed-hand	Close	1	20260411_124810	Trigger
12227.445	13999.5	5754.96	-1542.0149999999999	0.0	0.0	0.0	0.0	0.0	0.0	0.0	0.0	0.0	0.0	0.0	0.0	0.0	0.0	144.48275862068965	0.0	0.209166945	0.210387645	0.966367155	1.5412599999999999	-7.08064	-2.76206	387135.0	1775936896.164753	0.0	1.0	0.0	-1.0	-1.0	-1.0	1775936896.164753	closed-hand	Close	1	20260411_124810	Trigger
19769.13	6401.295	12912.435	4910.3099999999995	0.0	0.0	0.0	0.0	0.0	0.0	0.0	0.0	0.0	0.0	0.0	0.0	0.0	0.0	144.48275862068965	0.0	0.209166945	0.210387645	0.966367155	1.5412599999999999	-7.08064	-2.76206	387136.0	1775936896.164776	0.0	1.0	0.0	-1.0	-1.0	-1.0	1775936896.164776	closed-hand	Close	1	20260411_124810	Trigger
13555.529999999999	-441.9	9990.765	5666.804999999999	0.0	0.0	0.0	0.0	0.0	0.0	0.0	0.0	0.0	0.0	0.0	0.0	0.0	0.0	144.48275862068965	0.0	0.209166945	0.210387645	0.966367155	1.5412599999999999	-7.08064	-2.76206	387137.0	1775936896.171454	0.0	1.0	0.0	-1.0	-1.0	-1.0	1775936896.171454	closed-hand	Close	1	20260411_124810	Trigger
2524.995	-1494.405	2095.11	1435.5	0.0	0.0	0.0	0.0	0.0	0.0	0.0	0.0	0.0	0.0	0.0	0.0	0.0	0.0	144.48275862068965	0.0	0.209166945	0.210387645	0.966367155	1.5412599999999999	-7.08064	-2.76206	387138.0	1775936896.171489	0.0	1.0	0.0	-1.0	-1.0	-1.0	1775936896.171489	closed-hand	Close	1	20260411_124810	Trigger
18888.344999999998	-8954.64	14516.055	8851.994999999999	0.0	0.0	0.0	0.0	0.0	0.0	0.0	0.0	0.0	0.0	0.0	0.0	0.0	0.0	144.48275862068965	0.0	0.20434518000000002	0.20397897	0.97265376	5.55464	-10.54466	-5.4173	387139.0	1775936896.175292	0.0	1.0	0.0	-1.0	-1.0	-1.0	1775936896.175292	closed-hand	Close	1	20260411_124810	Trigger
22578.48	-4860.045	15333.525	6921.405	0.0	0.0	0.0	0.0	0.0	0.0	0.0	0.0	0.0	0.0	0.0	0.0	0.0	0.0	144.48275862068965	0.0	0.20434518000000002	0.20397897	0.97265376	5.55464	-10.54466	-5.4173	387140.0	1775936896.175326	0.0	1.0	0.0	-1.0	-1.0	-1.0	1775936896.175326	closed-hand	Close	1	20260411_124810	Trigger
9909.63	2566.71	5059.3949999999995	-367.91999999999996	0.0	0.0	0.0	0.0	0.0	0.0	0.0	0.0	0.0	0.0	0.0	0.0	0.0	0.0	144.48275862068965	0.0	0.20434518000000002	0.20397897	0.97265376	5.55464	-10.54466	-5.4173	387141.0	1775936896.179893	0.0	1.0	0.0	-1.0	-1.0	-1.0	1775936896.179893	closed-hand	Close	1	20260411_124810	Trigger
2139.705	3840.975	357.65999999999997	-1541.1599999999999	0.0	0.0	0.0	0.0	0.0	0.0	0.0	0.0	0.0	0.0	0.0	0.0	0.0	0.0	144.48275862068965	0.0	0.20434518000000002	0.20397897	0.97265376	5.55464	-10.54466	-5.4173	387142.0	1775936896.179917	0.0	1.0	0.0	-1.0	-1.0	-1.0	1775936896.179917	closed-hand	Close	1	20260411_124810	Trigger
8774.595	14639.715	3363.5699999999997	-2433.735	0.0	0.0	0.0	0.0	0.0	0.0	0.0	0.0	0.0	0.0	0.0	0.0	0.0	0.0	144.48275862068965	0.0	0.20434518000000002	0.20397897	0.97265376	5.55464	-10.54466	-5.4173	387143.0	1775936896.181896	0.0	1.0	0.0	-1.0	-1.0	-1.0	1775936896.181896	closed-hand	Close	1	20260411_124810	Trigger
16727.67	10636.515	10341.585	3257.64	0.0	0.0	0.0	0.0	0.0	0.0	0.0	0.0	0.0	0.0	0.0	0.0	0.0	0.0	144.48275862068965	0.0	0.20434518000000002	0.20397897	0.97265376	5.55464	-10.54466	-5.4173	387144.0	1775936896.18192	0.0	1.0	0.0	-1.0	-1.0	-1.0	1775936896.18192	closed-hand	Close	1	20260411_124810	Trigger
17892.45	1728.0449999999998	13019.49	7362.945	0.0	0.0	0.0	0.0	0.0	0.0	0.0	0.0	0.0	0.0	0.0	0.0	0.0	0.0	144.48275862068965	0.0	0.20434518000000002	0.20397897	0.97265376	5.55464	-10.54466	-5.4173	387145.0	1775936896.18454	0.0	1.0	0.0	-1.0	-1.0	-1.0	1775936896.18454	closed-hand	Close	1	20260411_124810	Trigger
3252.285	-727.38	2588.58	1705.4099999999999	0.0	0.0	0.0	0.0	0.0	0.0	0.0	0.0	0.0	0.0	0.0	0.0	0.0	0.0	144.48275862068965	0.0	0.20434518000000002	0.20397897	0.97265376	5.55464	-10.54466	-5.4173	387146.0	1775936896.184563	0.0	1.0	0.0	-1.0	-1.0	-1.0	1775936896.184563	closed-hand	Close	1	20260411_124810	Trigger
13009.32	-6235.65	10319.535	5569.65	0.0	0.0	0.0	0.0	0.0	0.0	0.0	0.0	0.0	0.0	0.0	0.0	0.0	0.0	144.48275862068965	0.0	0.20434518000000002	0.20397897	0.97265376	5.55464	-10.54466	-5.4173	387147.0	1775936896.188562	0.0	1.0	0.0	-1.0	-1.0	-1.0	1775936896.188562	closed-hand	Close	1	20260411_124810	Trigger
23334.795	-5610.42	16637.309999999998	6551.235	0.0	0.0	0.0	0.0	0.0	0.0	0.0	0.0	0.0	0.0	0.0	0.0	0.0	0.0	144.48275862068965	0.0	0.20434518000000002	0.20397897	0.97265376	5.55464	-10.54466	-5.4173	387148.0	1775936896.188594	0.0	1.0	0.0	-1.0	-1.0	-1.0	1775936896.188594	closed-hand	Close	1	20260411_124810	Trigger
13728.105	3146.49	7733.16	-720.045	0.0	0.0	0.0	0.0	0.0	0.0	0.0	0.0	0.0	0.0	0.0	0.0	0.0	0.0	144.48275862068965	0.0	0.207946245	0.205504845	0.97399653	8.392999999999999	-7.7063	-5.508859999999999	387149.0	1775936896.192494	0.0	1.0	0.0	-1.0	-1.0	-1.0	1775936896.192494	closed-hand	Close	1	20260411_124810	Trigger
2431.2599999999998	3047.31	582.84	-1843.7849999999999	0.0	0.0	0.0	0.0	0.0	0.0	0.0	0.0	0.0	0.0	0.0	0.0	0.0	0.0	144.48275862068965	0.0	0.207946245	0.205504845	0.97399653	8.392999999999999	-7.7063	-5.508859999999999	387150.0	1775936896.192519	0.0	1.0	0.0	-1.0	-1.0	-1.0	1775936896.192519	closed-hand	Close	1	20260411_124810	Trigger
5471.054999999999	11582.414999999999	1372.32	-3845.835	0.0	0.0	0.0	0.0	0.0	0.0	0.0	0.0	0.0	0.0	0.0	0.0	0.0	0.0	144.48275862068965	0.0	0.207946245	0.205504845	0.97399653	8.392999999999999	-7.7063	-5.508859999999999	387151.0	1775936896.19644	0.0	1.0	0.0	-1.0	-1.0	-1.0	1775936896.19644	closed-hand	Close	1	20260411_124810	Trigger
13387.904999999999	13745.295	7232.04	-980.28	0.0	0.0	0.0	0.0	0.0	0.0	0.0	0.0	0.0	0.0	0.0	0.0	0.0	0.0	144.48275862068965	0.0	0.207946245	0.205504845	0.97399653	8.392999999999999	-7.7063	-5.508859999999999	387152.0	1775936896.196463	0.0	1.0	0.0	-1.0	-1.0	-1.0	1775936896.196463	closed-hand	Close	1	20260411_124810	Trigger
19229.76	4667.13	13369.05	5383.62	0.0	0.0	0.0	0.0	0.0	0.0	0.0	0.0	0.0	0.0	0.0	0.0	0.0	0.0	144.48275862068965	0.0	0.207946245	0.205504845	0.97399653	8.392999999999999	-7.7063	-5.508859999999999	387153.0	1775936896.200508	0.0	1.0	0.0	-1.0	-1.0	-1.0	1775936896.200508	closed-hand	Close	1	20260411_124810	Trigger
7306.5599999999995	-415.935	5582.925	3147.5699999999997	0.0	0.0	0.0	0.0	0.0	0.0	0.0	0.0	0.0	0.0	0.0	0.0	0.0	0.0	144.48275862068965	0.0	0.207946245	0.205504845	0.97399653	8.392999999999999	-7.7063	-5.508859999999999	387154.0	1775936896.200532	0.0	1.0	0.0	-1.0	-1.0	-1.0	1775936896.200532	closed-hand	Close	1	20260411_124810	Trigger
7037.28	-3677.7149999999997	5706.8099999999995	3490.47	0.0	0.0	0.0	0.0	0.0	0.0	0.0	0.0	0.0	0.0	0.0	0.0	0.0	0.0	144.48275862068965	0.0	0.207946245	0.205504845	0.97399653	8.392999999999999	-7.7063	-5.508859999999999	387155.0	1775936896.204614	0.0	1.0	0.0	-1.0	-1.0	-1.0	1775936896.204614	closed-hand	Close	1	20260411_124810	Trigger
22013.64	-6385.7699999999995	16111.484999999999	7963.335	0.0	0.0	0.0	0.0	0.0	0.0	0.0	0.0	0.0	0.0	0.0	0.0	0.0	0.0	144.48275862068965	0.0	0.207946245	0.205504845	0.97399653	8.392999999999999	-7.7063	-5.508859999999999	387156.0	1775936896.204638	0.0	1.0	0.0	-1.0	-1.0	-1.0	1775936896.204638	closed-hand	Close	1	20260411_124810	Trigger
16106.984999999999	2141.73	9701.234999999999	1455.975	0.0	0.0	0.0	0.0	0.0	0.0	0.0	0.0	0.0	0.0	0.0	0.0	0.0	0.0	144.48275862068965	0.0	0.207946245	0.205504845	0.97399653	8.392999999999999	-7.7063	-5.508859999999999	387157.0	1775936896.208519	0.0	1.0	0.0	-1.0	-1.0	-1.0	1775936896.208519	closed-hand	Close	1	20260411_124810	Trigger
3931.3799999999997	3733.1099999999997	1303.155	-1960.83	0.0	0.0	0.0	0.0	0.0	0.0	0.0	0.0	0.0	0.0	0.0	0.0	0.0	0.0	144.48275862068965	0.0	0.207946245	0.205504845	0.97399653	8.392999999999999	-7.7063	-5.508859999999999	387158.0	1775936896.208543	0.0	1.0	0.0	-1.0	-1.0	-1.0	1775936896.208543	closed-hand	Close	1	20260411_124810	Trigger
2596.68	7108.605	129.42	-2640.33	0.0	0.0	0.0	0.0	0.0	0.0	0.0	0.0	0.0	0.0	0.0	0.0	0.0	0.0	144.48275862068965	0.0	0.210387645	0.21508734000000002	0.97155513	6.516019999999999	-3.52506	-2.33478	387159.0	1775936896.212642	0.0	1.0	0.0	-1.0	-1.0	-1.0	1775936896.212642	closed-hand	Close	1	20260411_124810	Trigger
9649.35	15655.724999999999	4153.86	-2527.6949999999997	0.0	0.0	0.0	0.0	0.0	0.0	0.0	0.0	0.0	0.0	0.0	0.0	0.0	0.0	144.48275862068965	0.0	0.210387645	0.21508734000000002	0.97155513	6.516019999999999	-3.52506	-2.33478	387160.0	1775936896.212675	0.0	1.0	0.0	-1.0	-1.0	-1.0	1775936896.212675	closed-hand	Close	1	20260411_124810	Trigger
17122.815	8268.029999999999	11260.26	3870.81	0.0	0.0	0.0	0.0	0.0	0.0	0.0	0.0	0.0	0.0	0.0	0.0	0.0	0.0	144.48275862068965	0.0	0.210387645	0.21508734000000002	0.97155513	6.516019999999999	-3.52506	-2.33478	387161.0	1775936896.216654	0.0	1.0	0.0	-1.0	-1.0	-1.0	1775936896.216654	closed-hand	Close	1	20260411_124810	Trigger
12235.725	453.06	9187.02	5195.07	0.0	0.0	0.0	0.0	0.0	0.0	0.0	0.0	0.0	0.0	0.0	0.0	0.0	0.0	144.48275862068965	0.0	0.210387645	0.21508734000000002	0.97155513	6.516019999999999	-3.52506	-2.33478	387162.0	1775936896.216684	0.0	1.0	0.0	-1.0	-1.0	-1.0	1775936896.216684	closed-hand	Close	1	20260411_124810	Trigger
3403.5299999999997	-1747.665	2819.16	1865.6999999999998	0.0	0.0	0.0	0.0	0.0	0.0	0.0	0.0	0.0	0.0	0.0	0.0	0.0	0.0	144.48275862068965	0.0	0.210387645	0.21508734000000002	0.97155513	6.516019999999999	-3.52506	-2.33478	387163.0	1775936896.22064	0.0	1.0	0.0	-1.0	-1.0	-1.0	1775936896.22064	closed-hand	Close	1	20260411_124810	Trigger
18612.045	-6485.625	14120.505	8057.88	0.0	0.0	0.0	0.0	0.0	0.0	0.0	0.0	0.0	0.0	0.0	0.0	0.0	0.0	144.48275862068965	0.0	0.210387645	0.21508734000000002	0.97155513	6.516019999999999	-3.52506	-2.33478	387164.0	1775936896.220667	0.0	1.0	0.0	-1.0	-1.0	-1.0	1775936896.220667	closed-hand	Close	1	20260411_124810	Trigger
18236.969999999998	162.945	11872.71	4122.675	0.0	0.0	0.0	0.0	0.0	0.0	0.0	0.0	0.0	0.0	0.0	0.0	0.0	0.0	144.48275862068965	0.0	0.210387645	0.21508734000000002	0.97155513	6.516019999999999	-3.52506	-2.33478	387165.0	1775936896.22466	0.0	1.0	0.0	-1.0	-1.0	-1.0	1775936896.22466	closed-hand	Close	1	20260411_124810	Trigger
6642.855	5224.905	2731.5	-1870.02	0.0	0.0	0.0	0.0	0.0	0.0	0.0	0.0	0.0	0.0	0.0	0.0	0.0	0.0	144.48275862068965	0.0	0.210387645	0.21508734000000002	0.97155513	6.516019999999999	-3.52506	-2.33478	387166.0	1775936896.224693	0.0	1.0	0.0	-1.0	-1.0	-1.0	1775936896.224693	closed-hand	Close	1	20260411_124810	Trigger
1276.9199999999998	4040.055	-213.84	-1766.25	0.0	0.0	0.0	0.0	0.0	0.0	0.0	0.0	0.0	0.0	0.0	0.0	0.0	0.0	144.48275862068965	0.0	0.210387645	0.21508734000000002	0.97155513	6.516019999999999	-3.52506	-2.33478	387167.0	1775936896.22865	0.0	1.0	0.0	-1.0	-1.0	-1.0	1775936896.22865	closed-hand	Close	1	20260411_124810	Trigger
6589.71	15092.955	1875.06	-3504.33	0.0	0.0	0.0	0.0	0.0	0.0	0.0	0.0	0.0	0.0	0.0	0.0	0.0	0.0	144.48275862068965	0.0	0.210387645	0.21508734000000002	0.97155513	6.516019999999999	-3.52506	-2.33478	387168.0	1775936896.228683	0.0	1.0	0.0	-1.0	-1.0	-1.0	1775936896.228683	closed-hand	Close	1	20260411_124810	Trigger
14152.005	11262.33	8549.01	1887.12	0.0	0.0	0.0	0.0	0.0	0.0	0.0	0.0	0.0	0.0	0.0	0.0	0.0	0.0	144.48275862068965	0.0	0.20764107	0.21533148	0.96630612	0.82404	-1.5412599999999999	0.88508	387169.0	1775936896.232609	0.0	1.0	0.0	-1.0	-1.0	-1.0	1775936896.232609	closed-hand	Close	1	20260411_124810	Trigger
15823.529999999999	2149.1549999999997	11569.455	6314.535	0.0	0.0	0.0	0.0	0.0	0.0	0.0	0.0	0.0	0.0	0.0	0.0	0.0	0.0	144.48275862068965	0.0	0.20764107	0.21533148	0.96630612	0.82404	-1.5412599999999999	0.88508	387170.0	1775936896.232635	0.0	1.0	0.0	-1.0	-1.0	-1.0	1775936896.232635	closed-hand	Close	1	20260411_124810	Trigger
3233.205	-830.475	2600.505	1734.21	0.0	0.0	0.0	0.0	0.0	0.0	0.0	0.0	0.0	0.0	0.0	0.0	0.0	0.0	144.48275862068965	0.0	0.20764107	0.21533148	0.96630612	0.82404	-1.5412599999999999	0.88508	387171.0	1775936896.23664	0.0	1.0	0.0	-1.0	-1.0	-1.0	1775936896.23664	closed-hand	Close	1	20260411_124810	Trigger
13832.324999999999	-5631.75	10749.69	6692.355	0.0	0.0	0.0	0.0	0.0	0.0	0.0	0.0	0.0	0.0	0.0	0.0	0.0	0.0	144.48275862068965	0.0	0.20764107	0.21533148	0.96630612	0.82404	-1.5412599999999999	0.88508	387172.0	1775936896.236672	0.0	1.0	0.0	-1.0	-1.0	-1.0	1775936896.236672	closed-hand	Close	1	20260411_124810	Trigger
19601.19	-2251.125	13529.385	6316.965	0.0	0.0	0.0	0.0	0.0	0.0	0.0	0.0	0.0	0.0	0.0	0.0	0.0	0.0	144.48275862068965	0.0	0.20764107	0.21533148	0.96630612	0.82404	-1.5412599999999999	0.88508	387173.0	1775936896.240708	0.0	1.0	0.0	-1.0	-1.0	-1.0	1775936896.240708	closed-hand	Close	1	20260411_124810	Trigger
9562.994999999999	5495.13	4652.46	-923.265	0.0	0.0	0.0	0.0	0.0	0.0	0.0	0.0	0.0	0.0	0.0	0.0	0.0	0.0	144.48275862068965	0.0	0.20764107	0.21533148	0.96630612	0.82404	-1.5412599999999999	0.88508	387174.0	1775936896.240736	0.0	1.0	0.0	-1.0	-1.0	-1.0	1775936896.240736	closed-hand	Close	1	20260411_124810	Trigger
1145.565	2869.245	-119.61	-1437.57	0.0	0.0	0.0	0.0	0.0	0.0	0.0	0.0	0.0	0.0	0.0	0.0	0.0	0.0	144.48275862068965	0.0	0.20764107	0.21533148	0.96630612	0.82404	-1.5412599999999999	0.88508	387175.0	1775936896.244709	0.0	1.0	0.0	-1.0	-1.0	-1.0	1775936896.244709	closed-hand	Close	1	20260411_124810	Trigger
3673.845	12007.98	219.015	-3519.72	0.0	0.0	0.0	0.0	0.0	0.0	0.0	0.0	0.0	0.0	0.0	0.0	0.0	0.0	144.48275862068965	0.0	0.20764107	0.21533148	0.96630612	0.82404	-1.5412599999999999	0.88508	387176.0	1775936896.24475	0.0	1.0	0.0	-1.0	-1.0	-1.0	1775936896.24475	closed-hand	Close	1	20260411_124810	Trigger
10727.955	14021.055	5601.465	-261.315	0.0	0.0	0.0	0.0	0.0	0.0	0.0	0.0	0.0	0.0	0.0	0.0	0.0	0.0	144.48275862068965	0.0	0.20764107	0.21533148	0.96630612	0.82404	-1.5412599999999999	0.88508	387177.0	1775936896.248672	0.0	1.0	0.0	-1.0	-1.0	-1.0	1775936896.248672	closed-hand	Close	1	20260411_124810	Trigger
16683.48	4794.75	11797.109999999999	5973.3	0.0	0.0	0.0	0.0	0.0	0.0	0.0	0.0	0.0	0.0	0.0	0.0	0.0	0.0	144.48275862068965	0.0	0.20764107	0.21533148	0.96630612	0.82404	-1.5412599999999999	0.88508	387178.0	1775936896.248697	0.0	1.0	0.0	-1.0	-1.0	-1.0	1775936896.248697	closed-hand	Close	1	20260411_124810	Trigger
6047.91	-372.825	4714.38	3050.865	0.0	0.0	0.0	0.0	0.0	0.0	0.0	0.0	0.0	0.0	0.0	0.0	0.0	0.0	144.48275862068965	0.0	0.20349069	0.21093696	0.9631323	-1.4497	-0.19838	0.13734	387179.0	1775936896.25265	0.0	1.0	0.0	-1.0	-1.0	-1.0	1775936896.25265	closed-hand	Close	1	20260411_124810	Trigger
8161.5599999999995	-3956.1299999999997	6560.19	4368.6449999999995	0.0	0.0	0.0	0.0	0.0	0.0	0.0	0.0	0.0	0.0	0.0	0.0	0.0	0.0	144.48275862068965	0.0	0.20349069	0.21093696	0.9631323	-1.4497	-0.19838	0.13734	387180.0	1775936896.252675	0.0	1.0	0.0	-1.0	-1.0	-1.0	1775936896.252675	closed-hand	Close	1	20260411_124810	Trigger
19721.655	-4584.42	14328.359999999999	7921.259999999999	0.0	0.0	0.0	0.0	0.0	0.0	0.0	0.0	0.0	0.0	0.0	0.0	0.0	0.0	144.48275862068965	0.0	0.20349069	0.21093696	0.9631323	-1.4497	-0.19838	0.13734	387181.0	1775936896.256804	0.0	1.0	0.0	-1.0	-1.0	-1.0	1775936896.256804	closed-hand	Close	1	20260411_124810	Trigger
12403.395	4119.795	7015.59	983.655	0.0	0.0	0.0	0.0	0.0	0.0	0.0	0.0	0.0	0.0	0.0	0.0	0.0	0.0	144.48275862068965	0.0	0.20349069	0.21093696	0.9631323	-1.4497	-0.19838	0.13734	387182.0	1775936896.256837	0.0	1.0	0.0	-1.0	-1.0	-1.0	1775936896.256837	closed-hand	Close	1	20260411_124810	Trigger
2211.705	3806.19	303.65999999999997	-1746.405	0.0	0.0	0.0	0.0	0.0	0.0	0.0	0.0	0.0	0.0	0.0	0.0	0.0	0.0	144.48275862068965	0.0	0.20349069	0.21093696	0.9631323	-1.4497	-0.19838	0.13734	387183.0	1775936896.260673	0.0	1.0	0.0	-1.0	-1.0	-1.0	1775936896.260673	closed-hand	Close	1	20260411_124810	Trigger
1618.9199999999998	7599.33	-423.405	-2634.075	0.0	0.0	0.0	0.0	0.0	0.0	0.0	0.0	0.0	0.0	0.0	0.0	0.0	0.0	144.48275862068965	0.0	0.20349069	0.21093696	0.9631323	-1.4497	-0.19838	0.13734	387184.0	1775936896.2607	0.0	1.0	0.0	-1.0	-1.0	-1.0	1775936896.2607	closed-hand	Close	1	20260411_124810	Trigger
7551.2699999999995	15497.55	3004.83	-2020.635	0.0	0.0	0.0	0.0	0.0	0.0	0.0	0.0	0.0	0.0	0.0	0.0	0.0	0.0	144.48275862068965	0.0	0.20349069	0.21093696	0.9631323	-1.4497	-0.19838	0.13734	387185.0	1775936896.265066	0.0	1.0	0.0	-1.0	-1.0	-1.0	1775936896.265066	closed-hand	Close	1	20260411_124810	Trigger
14994.72	7755.344999999999	10071.585	4429.3949999999995	0.0	0.0	0.0	0.0	0.0	0.0	0.0	0.0	0.0	0.0	0.0	0.0	0.0	0.0	144.48275862068965	0.0	0.20349069	0.21093696	0.9631323	-1.4497	-0.19838	0.13734	387186.0	1775936896.265091	0.0	1.0	0.0	-1.0	-1.0	-1.0	1775936896.265091	closed-hand	Close	1	20260411_124810	Trigger
10295.955	225.17999999999998	7897.455	5021.1449999999995	0.0	0.0	0.0	0.0	0.0	0.0	0.0	0.0	0.0	0.0	0.0	0.0	0.0	0.0	144.48275862068965	0.0	0.20349069	0.21093696	0.9631323	-1.4497	-0.19838	0.13734	387187.0	1775936896.272457	0.0	1.0	0.0	-1.0	-1.0	-1.0	1775936896.272457	closed-hand	Close	1	20260411_124810	Trigger
3871.7549999999997	-2084.22	3215.6549999999997	2273.13	0.0	0.0	0.0	0.0	0.0	0.0	0.0	0.0	0.0	0.0	0.0	0.0	0.0	0.0	144.48275862068965	0.0	0.20349069	0.21093696	0.9631323	-1.4497	-0.19838	0.13734	387188.0	1775936896.272494	0.0	1.0	0.0	-1.0	-1.0	-1.0	1775936896.272494	closed-hand	Close	1	20260411_124810	Trigger
17836.38	-6018.929999999999	13581.269999999999	8404.11	0.0	0.0	0.0	0.0	0.0	0.0	0.0	0.0	0.0	0.0	0.0	0.0	0.0	0.0	144.48275862068965	0.0	0.19934031	0.20526070500000002	0.96239988	-2.9604399999999997	-0.9613799999999999	-1.38866	387189.0	1775936896.274117	0.0	1.0	0.0	-1.0	-1.0	-1.0	1775936896.274117	closed-hand	Close	1	20260411_124810	Trigger
15101.55	1457.9099999999999	9659.295	3591.225	0.0	0.0	0.0	0.0	0.0	0.0	0.0	0.0	0.0	0.0	0.0	0.0	0.0	0.0	144.48275862068965	0.0	0.19934031	0.20526070500000002	0.96239988	-2.9604399999999997	-0.9613799999999999	-1.38866	387190.0	1775936896.27415	0.0	1.0	0.0	-1.0	-1.0	-1.0	1775936896.27415	closed-hand	Close	1	20260411_124810	Trigger
4339.17	5282.6849999999995	1337.355	-1861.47	0.0	0.0	0.0	0.0	0.0	0.0	0.0	0.0	0.0	0.0	0.0	0.0	0.0	0.0	144.48275862068965	0.0	0.19934031	0.20526070500000002	0.96239988	-2.9604399999999997	-0.9613799999999999	-1.38866	387191.0	1775936896.278432	0.0	1.0	0.0	-1.0	-1.0	-1.0	1775936896.278432	closed-hand	Close	1	20260411_124810	Trigger
774.0	4249.3949999999995	-457.38	-1678.8149999999998	0.0	0.0	0.0	0.0	0.0	0.0	0.0	0.0	0.0	0.0	0.0	0.0	0.0	0.0	144.48275862068965	0.0	0.19934031	0.20526070500000002	0.96239988	-2.9604399999999997	-0.9613799999999999	-1.38866	387192.0	1775936896.278467	0.0	1.0	0.0	-1.0	-1.0	-1.0	1775936896.278467	closed-hand	Close	1	20260411_124810	Trigger
5267.474999999999	14030.324999999999	1404.6299999999999	-2503.44	0.0	0.0	0.0	0.0	0.0	0.0	0.0	0.0	0.0	0.0	0.0	0.0	0.0	0.0	144.48275862068965	0.0	0.19934031	0.20526070500000002	0.96239988	-2.9604399999999997	-0.9613799999999999	-1.38866	387193.0	1775936896.280743	0.0	1.0	0.0	-1.0	-1.0	-1.0	1775936896.280743	closed-hand	Close	1	20260411_124810	Trigger
12698.46	8864.505	8100.945	3209.49	0.0	0.0	0.0	0.0	0.0	0.0	0.0	0.0	0.0	0.0	0.0	0.0	0.0	0.0	144.48275862068965	0.0	0.19934031	0.20526070500000002	0.96239988	-2.9604399999999997	-0.9613799999999999	-1.38866	387194.0	1775936896.280771	0.0	1.0	0.0	-1.0	-1.0	-1.0	1775936896.280771	closed-hand	Close	1	20260411_124810	Trigger
13788.81	445.455	10484.145	6749.55	0.0	0.0	0.0	0.0	0.0	0.0	0.0	0.0	0.0	0.0	0.0	0.0	0.0	0.0	144.48275862068965	0.0	0.19934031	0.20526070500000002	0.96239988	-2.9604399999999997	-0.9613799999999999	-1.38866	387195.0	1775936896.284795	0.0	1.0	0.0	-1.0	-1.0	-1.0	1775936896.284795	closed-hand	Close	1	20260411_124810	Trigger
3021.255	-1311.03	2513.97	1846.485	0.0	0.0	0.0	0.0	0.0	0.0	0.0	0.0	0.0	0.0	0.0	0.0	0.0	0.0	144.48275862068965	0.0	0.19934031	0.20526070500000002	0.96239988	-2.9604399999999997	-0.9613799999999999	-1.38866	387196.0	1775936896.284825	0.0	1.0	0.0	-1.0	-1.0	-1.0	1775936896.284825	closed-hand	Close	1	20260411_124810	Trigger
14524.019999999999	-6862.32	11495.52	7774.92	0.0	0.0	0.0	0.0	0.0	0.0	0.0	0.0	0.0	0.0	0.0	0.0	0.0	0.0	144.48275862068965	0.0	0.19934031	0.20526070500000002	0.96239988	-2.9604399999999997	-0.9613799999999999	-1.38866	387197.0	1775936896.289159	0.0	1.0	0.0	-1.0	-1.0	-1.0	1775936896.289159	closed-hand	Close	1	20260411_124810	Trigger
16974.495	-2396.565	11865.869999999999	6204.285	0.0	0.0	0.0	0.0	0.0	0.0	0.0	0.0	0.0	0.0	0.0	0.0	0.0	0.0	144.48275862068965	0.0	0.19934031	0.20526070500000002	0.96239988	-2.9604399999999997	-0.9613799999999999	-1.38866	387198.0	1775936896.28919	0.0	1.0	0.0	-1.0	-1.0	-1.0	1775936896.28919	closed-hand	Close	1	20260411_124810	Trigger
6733.62	4644.135	3026.475	-839.61	0.0	0.0	0.0	0.0	0.0	0.0	0.0	0.0	0.0	0.0	0.0	0.0	0.0	0.0	144.48275862068965	0.0	0.198302715	0.19958445	0.96325437	-2.71628	-3.6624	-0.85456	387199.0	1775936896.295787	0.0	1.0	0.0	-1.0	-1.0	-1.0	1775936896.295787	closed-hand	Close	1	20260411_124810	Trigger
431.46	2067.615	-311.13	-1011.645	0.0	0.0	0.0	0.0	0.0	0.0	0.0	0.0	0.0	0.0	0.0	0.0	0.0	0.0	144.48275862068965	0.0	0.198302715	0.19958445	0.96325437	-2.71628	-3.6624	-0.85456	387200.0	1775936896.295827	0.0	1.0	0.0	-1.0	-1.0	-1.0	1775936896.295827	closed-hand	Close	1	20260411_124810	Trigger
2145.105	11585.744999999999	-367.83	-2932.605	0.0	0.0	0.0	0.0	0.0	0.0	0.0	0.0	0.0	0.0	0.0	0.0	0.0	0.0	144.48275862068965	0.0	0.198302715	0.19958445	0.96325437	-2.71628	-3.6624	-0.85456	387201.0	1775936896.296797	0.0	1.0	0.0	-1.0	-1.0	-1.0	1775936896.296797	closed-hand	Close	1	20260411_124810	Trigger
8398.529999999999	13941.585	4541.58	330.435	0.0	0.0	0.0	0.0	0.0	0.0	0.0	0.0	0.0	0.0	0.0	0.0	0.0	0.0	144.48275862068965	0.0	0.198302715	0.19958445	0.96325437	-2.71628	-3.6624	-0.85456	387202.0	1775936896.296826	0.0	1.0	0.0	-1.0	-1.0	-1.0	1775936896.296826	closed-hand	Close	1	20260411_124810	Trigger
14725.125	4450.5	10967.715	6629.445	0.0	0.0	0.0	0.0	0.0	0.0	0.0	0.0	0.0	0.0	0.0	0.0	0.0	0.0	144.48275862068965	0.0	0.198302715	0.19958445	0.96325437	-2.71628	-3.6624	-0.85456	387203.0	1775936896.3009	0.0	1.0	0.0	-1.0	-1.0	-1.0	1775936896.3009	closed-hand	Close	1	20260411_124810	Trigger
5259.78	-540.72	4281.255	3079.2149999999997	0.0	0.0	0.0	0.0	0.0	0.0	0.0	0.0	0.0	0.0	0.0	0.0	0.0	0.0	144.48275862068965	0.0	0.198302715	0.19958445	0.96325437	-2.71628	-3.6624	-0.85456	387204.0	1775936896.300934	0.0	1.0	0.0	-1.0	-1.0	-1.0	1775936896.300934	closed-hand	Close	1	20260411_124810	Trigger
8778.555	-4011.8399999999997	7180.0199999999995	5050.889999999999	0.0	0.0	0.0	0.0	0.0	0.0	0.0	0.0	0.0	0.0	0.0	0.0	0.0	0.0	144.48275862068965	0.0	0.198302715	0.19958445	0.96325437	-2.71628	-3.6624	-0.85456	387205.0	1775936896.304868	0.0	1.0	0.0	-1.0	-1.0	-1.0	1775936896.304868	closed-hand	Close	1	20260411_124810	Trigger
17175.78	-2736.9449999999997	12730.275	7586.37	0.0	0.0	0.0	0.0	0.0	0.0	0.0	0.0	0.0	0.0	0.0	0.0	0.0	0.0	144.48275862068965	0.0	0.198302715	0.19958445	0.96325437	-2.71628	-3.6624	-0.85456	387206.0	1775936896.304899	0.0	1.0	0.0	-1.0	-1.0	-1.0	1775936896.304899	closed-hand	Close	1	20260411_124810	Trigger
8832.96	5804.91	4741.92	361.16999999999996	0.0	0.0	0.0	0.0	0.0	0.0	0.0	0.0	0.0	0.0	0.0	0.0	0.0	0.0	144.48275862068965	0.0	0.198302715	0.19958445	0.96325437	-2.71628	-3.6624	-0.85456	387207.0	1775936896.309962	0.0	1.0	0.0	-1.0	-1.0	-1.0	1775936896.309962	closed-hand	Close	1	20260411_124810	Trigger
886.545	3240.3599999999997	-237.51	-1371.78	0.0	0.0	0.0	0.0	0.0	0.0	0.0	0.0	0.0	0.0	0.0	0.0	0.0	0.0	144.48275862068965	0.0	0.198302715	0.19958445	0.96325437	-2.71628	-3.6624	-0.85456	387208.0	1775936896.309995	0.0	1.0	0.0	-1.0	-1.0	-1.0	1775936896.309995	closed-hand	Close	1	20260411_124810	Trigger
730.395	8269.515	-824.85	-2465.1	0.0	0.0	0.0	0.0	0.0	0.0	0.0	0.0	0.0	0.0	0.0	0.0	0.0	0.0	144.48275862068965	0.0	0.20226999	0.19628856	0.971372025	0.73248	-5.90562	1.7549	387209.0	1775936896.312903	0.0	1.0	0.0	-1.0	-1.0	-1.0	1775936896.312903	closed-hand	Close	1	20260411_124810	Trigger
5824.71	15142.455	2605.41	-1000.0799999999999	0.0	0.0	0.0	0.0	0.0	0.0	0.0	0.0	0.0	0.0	0.0	0.0	0.0	0.0	144.48275862068965	0.0	0.20226999	0.19628856	0.971372025	0.73248	-5.90562	1.7549	387210.0	1775936896.312938	0.0	1.0	0.0	-1.0	-1.0	-1.0	1775936896.312938	closed-hand	Close	1	20260411_124810	Trigger
13251.824999999999	6899.04	9681.885	5517.719999999999	0.0	0.0	0.0	0.0	0.0	0.0	0.0	0.0	0.0	0.0	0.0	0.0	0.0	0.0	144.48275862068965	0.0	0.20226999	0.19628856	0.971372025	0.73248	-5.90562	1.7549	387211.0	1775936896.318785	0.0	1.0	0.0	-1.0	-1.0	-1.0	1775936896.318785	closed-hand	Close	1	20260411_124810	Trigger
8214.119999999999	-47.745	6643.889999999999	4735.8	0.0	0.0	0.0	0.0	0.0	0.0	0.0	0.0	0.0	0.0	0.0	0.0	0.0	0.0	144.48275862068965	0.0	0.20226999	0.19628856	0.971372025	0.73248	-5.90562	1.7549	387212.0	1775936896.318813	0.0	1.0	0.0	-1.0	-1.0	-1.0	1775936896.318813	closed-hand	Close	1	20260411_124810	Trigger
4963.86	-2783.205	4199.04	3106.2599999999998	0.0	0.0	0.0	0.0	0.0	0.0	0.0	0.0	0.0	0.0	0.0	0.0	0.0	0.0	144.48275862068965	0.0	0.20226999	0.19628856	0.971372025	0.73248	-5.90562	1.7549	387213.0	1775936896.320933	0.0	1.0	0.0	-1.0	-1.0	-1.0	1775936896.320933	closed-hand	Close	1	20260411_124810	Trigger
17043.165	-5509.665	13369.545	8782.65	0.0	0.0	0.0	0.0	0.0	0.0	0.0	0.0	0.0	0.0	0.0	0.0	0.0	0.0	144.48275862068965	0.0	0.20226999	0.19628856	0.971372025	0.73248	-5.90562	1.7549	387214.0	1775936896.320963	0.0	1.0	0.0	-1.0	-1.0	-1.0	1775936896.320963	closed-hand	Close	1	20260411_124810	Trigger
11658.779999999999	2840.13	7586.235	2853.1349999999998	0.0	0.0	0.0	0.0	0.0	0.0	0.0	0.0	0.0	0.0	0.0	0.0	0.0	0.0	144.48275862068965	0.0	0.20226999	0.19628856	0.971372025	0.73248	-5.90562	1.7549	387215.0	1775936896.325062	0.0	1.0	0.0	-1.0	-1.0	-1.0	1775936896.325062	closed-hand	Close	1	20260411_124810	Trigger
2214.18	4467.375	429.255	-1559.97	0.0	0.0	0.0	0.0	0.0	0.0	0.0	0.0	0.0	0.0	0.0	0.0	0.0	0.0	144.48275862068965	0.0	0.20226999	0.19628856	0.971372025	0.73248	-5.90562	1.7549	387216.0	1775936896.3251	0.0	1.0	0.0	-1.0	-1.0	-1.0	1775936896.3251	closed-hand	Close	1	20260411_124810	Trigger
65.42999999999999	4122.54	-657.405	-1441.62	0.0	0.0	0.0	0.0	0.0	0.0	0.0	0.0	0.0	0.0	0.0	0.0	0.0	0.0	144.48275862068965	0.0	0.20226999	0.19628856	0.971372025	0.73248	-5.90562	1.7549	387217.0	1775936896.329049	0.0	1.0	0.0	-1.0	-1.0	-1.0	1775936896.329049	closed-hand	Close	1	20260411_124810	Trigger
3185.46	15020.279999999999	723.06	-2217.24	0.0	0.0	0.0	0.0	0.0	0.0	0.0	0.0	0.0	0.0	0.0	0.0	0.0	0.0	144.48275862068965	0.0	0.20226999	0.19628856	0.971372025	0.73248	-5.90562	1.7549	387218.0	1775936896.329083	0.0	1.0	0.0	-1.0	-1.0	-1.0	1775936896.329083	closed-hand	Close	1	20260411_124810	Trigger
10594.619999999999	10177.83	7484.8949999999995	3640.095	0.0	0.0	0.0	0.0	0.0	0.0	0.0	0.0	0.0	0.0	0.0	0.0	0.0	0.0	144.48275862068965	0.0	0.20361276	0.18896436	0.98107659	13.13886	-9.65958	4.822159999999999	387219.0	1775936896.338849	0.0	1.0	0.0	-1.0	-1.0	-1.0	1775936896.338849	closed-hand	Close	1	20260411_124810	Trigger
11620.574999999999	1201.455	9433.305	6614.37	0.0	0.0	0.0	0.0	0.0	0.0	0.0	0.0	0.0	0.0	0.0	0.0	0.0	0.0	144.48275862068965	0.0	0.20361276	0.18896436	0.98107659	13.13886	-9.65958	4.822159999999999	387220.0	1775936896.338886	0.0	1.0	0.0	-1.0	-1.0	-1.0	1775936896.338886	closed-hand	Close	1	20260411_124810	Trigger
3137.085	-1489.5449999999998	2720.6099999999997	2097.63	0.0	0.0	0.0	0.0	0.0	0.0	0.0	0.0	0.0	0.0	0.0	0.0	0.0	0.0	144.48275862068965	0.0	0.20361276	0.18896436	0.98107659	13.13886	-9.65958	4.822159999999999	387221.0	1775936896.338925	0.0	1.0	0.0	-1.0	-1.0	-1.0	1775936896.338925	closed-hand	Close	1	20260411_124810	Trigger
14633.73	-5971.32	12030.255	8574.66	0.0	0.0	0.0	0.0	0.0	0.0	0.0	0.0	0.0	0.0	0.0	0.0	0.0	0.0	144.48275862068965	0.0	0.20361276	0.18896436	0.98107659	13.13886	-9.65958	4.822159999999999	387222.0	1775936896.33895	0.0	1.0	0.0	-1.0	-1.0	-1.0	1775936896.33895	closed-hand	Close	1	20260411_124810	Trigger
13878.855	426.645	10060.02	5526.945	0.0	0.0	0.0	0.0	0.0	0.0	0.0	0.0	0.0	0.0	0.0	0.0	0.0	0.0	144.48275862068965	0.0	0.20361276	0.18896436	0.98107659	13.13886	-9.65958	4.822159999999999	387223.0	1775936896.340955	0.0	1.0	0.0	-1.0	-1.0	-1.0	1775936896.340955	closed-hand	Close	1	20260411_124810	Trigger
4126.275	5681.16	1701.54	-1010.79	0.0	0.0	0.0	0.0	0.0	0.0	0.0	0.0	0.0	0.0	0.0	0.0	0.0	0.0	144.48275862068965	0.0	0.20361276	0.18896436	0.98107659	13.13886	-9.65958	4.822159999999999	387224.0	1775936896.34098	0.0	1.0	0.0	-1.0	-1.0	-1.0	1775936896.34098	closed-hand	Close	1	20260411_124810	Trigger
-3.645	2180.475	-412.875	-865.0799999999999	0.0	0.0	0.0	0.0	0.0	0.0	0.0	0.0	0.0	0.0	0.0	0.0	0.0	0.0	144.48275862068965	0.0	0.20361276	0.18896436	0.98107659	13.13886	-9.65958	4.822159999999999	387225.0	1775936896.345014	0.0	1.0	0.0	-1.0	-1.0	-1.0	1775936896.345014	closed-hand	Close	1	20260411_124810	Trigger
1336.635	11966.76	-169.695	-1868.5349999999999	0.0	0.0	0.0	0.0	0.0	0.0	0.0	0.0	0.0	0.0	0.0	0.0	0.0	0.0	144.48275862068965	0.0	0.20361276	0.18896436	0.98107659	13.13886	-9.65958	4.822159999999999	387226.0	1775936896.345039	0.0	1.0	0.0	-1.0	-1.0	-1.0	1775936896.345039	closed-hand	Close	1	20260411_124810	Trigger
7854.66	11617.785	5495.58	2794.185	0.0	0.0	0.0	0.0	0.0	0.0	0.0	0.0	0.0	0.0	0.0	0.0	0.0	0.0	144.48275862068965	0.0	0.20361276	0.18896436	0.98107659	13.13886	-9.65958	4.822159999999999	387227.0	1775936896.348972	0.0	1.0	0.0	-1.0	-1.0	-1.0	1775936896.348972	closed-hand	Close	1	20260411_124810	Trigger
12985.109999999999	2170.305	10740.375	7981.514999999999	0.0	0.0	0.0	0.0	0.0	0.0	0.0	0.0	0.0	0.0	0.0	0.0	0.0	0.0	144.48275862068965	0.0	0.20361276	0.18896436	0.98107659	13.13886	-9.65958	4.822159999999999	387228.0	1775936896.348996	0.0	1.0	0.0	-1.0	-1.0	-1.0	1775936896.348996	closed-hand	Close	1	20260411_124810	Trigger
3366.1349999999998	-821.745	2928.915	2356.02	0.0	0.0	0.0	0.0	0.0	0.0	0.0	0.0	0.0	0.0	0.0	0.0	0.0	0.0	144.48275862068965	0.0	0.20519967	0.19274853	0.96545163	9.3086	-12.5895	7.67578	387229.0	1775936896.352973	0.0	1.0	0.0	-1.0	-1.0	-1.0	1775936896.352973	closed-hand	Close	1	20260411_124810	Trigger
10171.71	-5998.275	8746.289999999999	6833.655	0.0	0.0	0.0	0.0	0.0	0.0	0.0	0.0	0.0	0.0	0.0	0.0	0.0	0.0	144.48275862068965	0.0	0.20519967	0.19274853	0.96545163	9.3086	-12.5895	7.67578	387230.0	1775936896.352996	0.0	1.0	0.0	-1.0	-1.0	-1.0	1775936896.352996	closed-hand	Close	1	20260411_124810	Trigger
16389.36	-4967.595	13091.894999999999	9193.23	0.0	0.0	0.0	0.0	0.0	0.0	0.0	0.0	0.0	0.0	0.0	0.0	0.0	0.0	144.48275862068965	0.0	0.20519967	0.19274853	0.96545163	9.3086	-12.5895	7.67578	387231.0	1775936896.357022	0.0	1.0	0.0	-1.0	-1.0	-1.0	1775936896.357022	closed-hand	Close	1	20260411_124810	Trigger
6584.3099999999995	3437.73	4040.73	1233.135	0.0	0.0	0.0	0.0	0.0	0.0	0.0	0.0	0.0	0.0	0.0	0.0	0.0	0.0	144.48275862068965	0.0	0.20519967	0.19274853	0.96545163	9.3086	-12.5895	7.67578	387232.0	1775936896.357051	0.0	1.0	0.0	-1.0	-1.0	-1.0	1775936896.357051	closed-hand	Close	1	20260411_124810	Trigger
271.8	1457.145	-140.625	-591.795	0.0	0.0	0.0	0.0	0.0	0.0	0.0	0.0	0.0	0.0	0.0	0.0	0.0	0.0	144.48275862068965	0.0	0.20519967	0.19274853	0.96545163	9.3086	-12.5895	7.67578	387233.0	1775936896.360904	0.0	1.0	0.0	-1.0	-1.0	-1.0	1775936896.360904	closed-hand	Close	1	20260411_124810	Trigger
-38.43	7662.69	-521.145	-1348.47	0.0	0.0	0.0	0.0	0.0	0.0	0.0	0.0	0.0	0.0	0.0	0.0	0.0	0.0	144.48275862068965	0.0	0.20519967	0.19274853	0.96545163	9.3086	-12.5895	7.67578	387234.0	1775936896.360928	0.0	1.0	0.0	-1.0	-1.0	-1.0	1775936896.360928	closed-hand	Close	1	20260411_124810	Trigger
4179.69	15600.779999999999	2934.045	1019.52	0.0	0.0	0.0	0.0	0.0	0.0	0.0	0.0	0.0	0.0	0.0	0.0	0.0	0.0	144.48275862068965	0.0	0.20519967	0.19274853	0.96545163	9.3086	-12.5895	7.67578	387235.0	1775936896.364981	0.0	1.0	0.0	-1.0	-1.0	-1.0	1775936896.364981	closed-hand	Close	1	20260411_124810	Trigger
11609.775	7010.28	9964.89	7488.63	0.0	0.0	0.0	0.0	0.0	0.0	0.0	0.0	0.0	0.0	0.0	0.0	0.0	0.0	144.48275862068965	0.0	0.20519967	0.19274853	0.96545163	9.3086	-12.5895	7.67578	387236.0	1775936896.365018	0.0	1.0	0.0	-1.0	-1.0	-1.0	1775936896.365018	closed-hand	Close	1	20260411_124810	Trigger
5582.25	68.22	4981.995	4076.91	0.0	0.0	0.0	0.0	0.0	0.0	0.0	0.0	0.0	0.0	0.0	0.0	0.0	0.0	144.48275862068965	0.0	0.20519967	0.19274853	0.96545163	9.3086	-12.5895	7.67578	387237.0	1775936896.368916	0.0	1.0	0.0	-1.0	-1.0	-1.0	1775936896.368916	closed-hand	Close	1	20260411_124810	Trigger
5330.565	-3600.54	4820.535	3965.7599999999998	0.0	0.0	0.0	0.0	0.0	0.0	0.0	0.0	0.0	0.0	0.0	0.0	0.0	0.0	144.48275862068965	0.0	0.20519967	0.19274853	0.96545163	9.3086	-12.5895	7.67578	387238.0	1775936896.368949	0.0	1.0	0.0	-1.0	-1.0	-1.0	1775936896.368949	closed-hand	Close	1	20260411_124810	Trigger
17532.585	-7838.325	15173.595	11771.73	0.0	0.0	0.0	0.0	0.0	0.0	0.0	0.0	0.0	0.0	0.0	0.0	0.0	0.0	144.48275862068965	0.0	0.21954289500000002	0.208312455	0.960385725	2.1516599999999997	-12.23852	11.38396	387239.0	1775936896.373078	0.0	1.0	0.0	-1.0	-1.0	-1.0	1775936896.373078	closed-hand	Close	1	20260411_124810	Trigger
10741.05	728.8199999999999	8312.805	5154.21	0.0	0.0	0.0	0.0	0.0	0.0	0.0	0.0	0.0	0.0	0.0	0.0	0.0	0.0	144.48275862068965	0.0	0.21954289500000002	0.208312455	0.960385725	2.1516599999999997	-12.23852	11.38396	387240.0	1775936896.373114	0.0	1.0	0.0	-1.0	-1.0	-1.0	1775936896.373114	closed-hand	Close	1	20260411_124810	Trigger
1405.71	2258.8199999999997	668.745	-249.75	0.0	0.0	0.0	0.0	0.0	0.0	0.0	0.0	0.0	0.0	0.0	0.0	0.0	0.0	144.48275862068965	0.0	0.21954289500000002	0.208312455	0.960385725	2.1516599999999997	-12.23852	11.38396	387241.0	1775936896.378464	0.0	1.0	0.0	-1.0	-1.0	-1.0	1775936896.378464	closed-hand	Close	1	20260411_124810	Trigger
-62.82	3188.0699999999997	-158.89499999999998	-493.38	0.0	0.0	0.0	0.0	0.0	0.0	0.0	0.0	0.0	0.0	0.0	0.0	0.0	0.0	144.48275862068965	0.0	0.21954289500000002	0.208312455	0.960385725	2.1516599999999997	-12.23852	11.38396	387242.0	1775936896.378492	0.0	1.0	0.0	-1.0	-1.0	-1.0	1775936896.378492	closed-hand	Close	1	20260411_124810	Trigger
2484.18	15301.619999999999	1975.32	589.365	0.0	0.0	0.0	0.0	0.0	0.0	0.0	0.0	0.0	0.0	0.0	0.0	0.0	0.0	144.48275862068965	0.0	0.21954289500000002	0.208312455	0.960385725	2.1516599999999997	-12.23852	11.38396	387243.0	1775936896.383579	0.0	1.0	0.0	-1.0	-1.0	-1.0	1775936896.383579	closed-hand	Close	1	20260411_124810	Trigger
10103.67	11067.57	9081.27	6962.264999999999	0.0	0.0	0.0	0.0	0.0	0.0	0.0	0.0	0.0	0.0	0.0	0.0	0.0	0.0	144.48275862068965	0.0	0.21954289500000002	0.208312455	0.960385725	2.1516599999999997	-12.23852	11.38396	387244.0	1775936896.383609	0.0	1.0	0.0	-1.0	-1.0	-1.0	1775936896.383609	closed-hand	Close	1	20260411_124810	Trigger
8924.58	1507.995	8209.574999999999	6823.3949999999995	0.0	0.0	0.0	0.0	0.0	0.0	0.0	0.0	0.0	0.0	0.0	0.0	0.0	0.0	144.48275862068965	0.0	0.21954289500000002	0.208312455	0.960385725	2.1516599999999997	-12.23852	11.38396	387245.0	1775936896.386448	0.0	1.0	0.0	-1.0	-1.0	-1.0	1775936896.386448	closed-hand	Close	1	20260411_124810	Trigger
3432.825	-2219.4449999999997	3209.58	2612.9249999999997	0.0	0.0	0.0	0.0	0.0	0.0	0.0	0.0	0.0	0.0	0.0	0.0	0.0	0.0	144.48275862068965	0.0	0.21954289500000002	0.208312455	0.960385725	2.1516599999999997	-12.23852	11.38396	387246.0	1775936896.386472	0.0	1.0	0.0	-1.0	-1.0	-1.0	1775936896.386472	closed-hand	Close	1	20260411_124810	Trigger
16999.695	-8097.255	15382.035	11624.58	0.0	0.0	0.0	0.0	0.0	0.0	0.0	0.0	0.0	0.0	0.0	0.0	0.0	0.0	144.48275862068965	0.0	0.21954289500000002	0.208312455	0.960385725	2.1516599999999997	-12.23852	11.38396	387247.0	1775936896.389211	0.0	1.0	0.0	-1.0	-1.0	-1.0	1775936896.389211	closed-hand	Close	1	20260411_124810	Trigger
13766.085	-682.92	11700.81	7437.42	0.0	0.0	0.0	0.0	0.0	0.0	0.0	0.0	0.0	0.0	0.0	0.0	0.0	0.0	144.48275862068965	0.0	0.21954289500000002	0.208312455	0.960385725	2.1516599999999997	-12.23852	11.38396	387248.0	1775936896.389238	0.0	1.0	0.0	-1.0	-1.0	-1.0	1775936896.389238	closed-hand	Close	1	20260411_124810	Trigger
3014.91	3255.8849999999998	2110.815	320.76	0.0	0.0	0.0	0.0	0.0	0.0	0.0	0.0	0.0	0.0	0.0	0.0	0.0	0.0	144.48275862068965	0.0	0.228087795	0.214415955	0.96288816	-3.3571999999999997	-10.804079999999999	14.115499999999999	387249.0	1775936896.393577	0.0	1.0	0.0	-1.0	-1.0	-1.0	1775936896.393577	closed-hand	Close	1	20260411_124810	Trigger
-58.41	1259.46	-62.504999999999995	-255.015	0.0	0.0	0.0	0.0	0.0	0.0	0.0	0.0	0.0	0.0	0.0	0.0	0.0	0.0	144.48275862068965	0.0	0.228087795	0.214415955	0.96288816	-3.3571999999999997	-10.804079999999999	14.115499999999999	387250.0	1775936896.393603	0.0	1.0	0.0	-1.0	-1.0	-1.0	1775936896.393603	closed-hand	Close	1	20260411_124810	Trigger
970.3349999999999	12907.71	1204.605	67.905	0.0	0.0	0.0	0.0	0.0	0.0	0.0	0.0	0.0	0.0	0.0	0.0	0.0	0.0	144.48275862068965	0.0	0.228087795	0.214415955	0.96288816	-3.3571999999999997	-10.804079999999999	14.115499999999999	387251.0	1775936896.397161	0.0	1.0	0.0	-1.0	-1.0	-1.0	1775936896.397161	closed-hand	Close	1	20260411_124810	Trigger
7377.165	15133.769999999999	7332.389999999999	5367.96	0.0	0.0	0.0	0.0	0.0	0.0	0.0	0.0	0.0	0.0	0.0	0.0	0.0	0.0	144.48275862068965	0.0	0.228087795	0.214415955	0.96288816	-3.3571999999999997	-10.804079999999999	14.115499999999999	387252.0	1775936896.397184	0.0	1.0	0.0	-1.0	-1.0	-1.0	1775936896.397184	closed-hand	Close	1	20260411_124810	Trigger
11380.635	4412.61	10977.705	9064.484999999999	0.0	0.0	0.0	0.0	0.0	0.0	0.0	0.0	0.0	0.0	0.0	0.0	0.0	0.0	144.48275862068965	0.0	0.228087795	0.214415955	0.96288816	-3.3571999999999997	-10.804079999999999	14.115499999999999	387253.0	1775936896.40232	0.0	1.0	0.0	-1.0	-1.0	-1.0	1775936896.40232	closed-hand	Close	1	20260411_124810	Trigger
2132.2799999999997	-354.28499999999997	2047.8149999999998	1754.37	0.0	0.0	0.0	0.0	0.0	0.0	0.0	0.0	0.0	0.0	0.0	0.0	0.0	0.0	144.48275862068965	0.0	0.228087795	0.214415955	0.96288816	-3.3571999999999997	-10.804079999999999	14.115499999999999	387254.0	1775936896.402364	0.0	1.0	0.0	-1.0	-1.0	-1.0	1775936896.402364	closed-hand	Close	1	20260411_124810	Trigger
10868.355	-6008.985	10201.23	8457.615	0.0	0.0	0.0	0.0	0.0	0.0	0.0	0.0	0.0	0.0	0.0	0.0	0.0	0.0	144.48275862068965	0.0	0.228087795	0.214415955	0.96288816	-3.3571999999999997	-10.804079999999999	14.115499999999999	387255.0	1775936896.405206	0.0	1.0	0.0	-1.0	-1.0	-1.0	1775936896.405206	closed-hand	Close	1	20260411_124810	Trigger
17618.67	-4760.325	16101.404999999999	12529.305	0.0	0.0	0.0	0.0	0.0	0.0	0.0	0.0	0.0	0.0	0.0	0.0	0.0	0.0	144.48275862068965	0.0	0.228087795	0.214415955	0.96288816	-3.3571999999999997	-10.804079999999999	14.115499999999999	387256.0	1775936896.405232	0.0	1.0	0.0	-1.0	-1.0	-1.0	1775936896.405232	closed-hand	Close	1	20260411_124810	Trigger
7033.05	3237.66	5999.715	3643.56	0.0	0.0	0.0	0.0	0.0	0.0	0.0	0.0	0.0	0.0	0.0	0.0	0.0	0.0	144.48275862068965	0.0	0.228087795	0.214415955	0.96288816	-3.3571999999999997	-10.804079999999999	14.115499999999999	387257.0	1775936896.409064	0.0	1.0	0.0	-1.0	-1.0	-1.0	1775936896.409064	closed-hand	Close	1	20260411_124810	Trigger
334.89	1333.7549999999999	227.11499999999998	-122.49	0.0	0.0	0.0	0.0	0.0	0.0	0.0	0.0	0.0	0.0	0.0	0.0	0.0	0.0	144.48275862068965	0.0	0.228087795	0.214415955	0.96288816	-3.3571999999999997	-10.804079999999999	14.115499999999999	387258.0	1775936896.409088	0.0	1.0	0.0	-1.0	-1.0	-1.0	1775936896.409088	closed-hand	Close	1	20260411_124810	Trigger
867.555	10178.414999999999	1088.01	102.86999999999999	0.0	0.0	0.0	0.0	0.0	0.0	0.0	0.0	0.0	0.0	0.0	0.0	0.0	0.0	144.48275862068965	0.0	0.23016298500000001	0.213317325	0.966123015	2.88414	-9.81218	12.77262	387259.0	1775936896.417081	0.0	1.0	0.0	-1.0	-1.0	-1.0	1775936896.417081	closed-hand	Close	1	20260411_124810	Trigger
6736.905	16683.21	6828.525	4965.21	0.0	0.0	0.0	0.0	0.0	0.0	0.0	0.0	0.0	0.0	0.0	0.0	0.0	0.0	144.48275862068965	0.0	0.23016298500000001	0.213317325	0.966123015	2.88414	-9.81218	12.77262	387260.0	1775936896.417104	0.0	1.0	0.0	-1.0	-1.0	-1.0	1775936896.417104	closed-hand	Close	1	20260411_124810	Trigger
13157.73	6899.67	12782.385	10552.185	0.0	0.0	0.0	0.0	0.0	0.0	0.0	0.0	0.0	0.0	0.0	0.0	0.0	0.0	144.48275862068965	0.0	0.23016298500000001	0.213317325	0.966123015	2.88414	-9.81218	12.77262	387261.0	1775936896.417412	0.0	1.0	0.0	-1.0	-1.0	-1.0	1775936896.417412	closed-hand	Close	1	20260411_124810	Trigger
4015.7549999999997	239.355	3873.24	3309.795	0.0	0.0	0.0	0.0	0.0	0.0	0.0	0.0	0.0	0.0	0.0	0.0	0.0	0.0	144.48275862068965	0.0	0.23016298500000001	0.213317325	0.966123015	2.88414	-9.81218	12.77262	387262.0	1775936896.417435	0.0	1.0	0.0	-1.0	-1.0	-1.0	1775936896.417435	closed-hand	Close	1	20260411_124810	Trigger
5780.16	-3780.99	5457.105	4662.405	0.0	0.0	0.0	0.0	0.0	0.0	0.0	0.0	0.0	0.0	0.0	0.0	0.0	0.0	144.48275862068965	0.0	0.23016298500000001	0.213317325	0.966123015	2.88414	-9.81218	12.77262	387263.0	1775936896.421226	0.0	1.0	0.0	-1.0	-1.0	-1.0	1775936896.421226	closed-hand	Close	1	20260411_124810	Trigger
20027.61	-8653.32	18590.67	15193.17	0.0	0.0	0.0	0.0	0.0	0.0	0.0	0.0	0.0	0.0	0.0	0.0	0.0	0.0	144.48275862068965	0.0	0.23016298500000001	0.213317325	0.966123015	2.88414	-9.81218	12.77262	387264.0	1775936896.421259	0.0	1.0	0.0	-1.0	-1.0	-1.0	1775936896.421259	closed-hand	Close	1	20260411_124810	Trigger
12907.664999999999	-113.445	11605.68	8495.055	0.0	0.0	0.0	0.0	0.0	0.0	0.0	0.0	0.0	0.0	0.0	0.0	0.0	0.0	144.48275862068965	0.0	0.23016298500000001	0.213317325	0.966123015	2.88414	-9.81218	12.77262	387265.0	1775936896.425141	0.0	1.0	0.0	-1.0	-1.0	-1.0	1775936896.425141	closed-hand	Close	1	20260411_124810	Trigger
1844.1899999999998	1705.1399999999999	1530.54	738.9449999999999	0.0	0.0	0.0	0.0	0.0	0.0	0.0	0.0	0.0	0.0	0.0	0.0	0.0	0.0	144.48275862068965	0.0	0.23016298500000001	0.213317325	0.966123015	2.88414	-9.81218	12.77262	387266.0	1775936896.425167	0.0	1.0	0.0	-1.0	-1.0	-1.0	1775936896.425167	closed-hand	Close	1	20260411_124810	Trigger
766.98	6292.08	909.81	244.53	0.0	0.0	0.0	0.0	0.0	0.0	0.0	0.0	0.0	0.0	0.0	0.0	0.0	0.0	144.48275862068965	0.0	0.23016298500000001	0.213317325	0.966123015	2.88414	-9.81218	12.77262	387267.0	1775936896.429231	0.0	1.0	0.0	-1.0	-1.0	-1.0	1775936896.429231	closed-hand	Close	1	20260411_124810	Trigger
5989.139999999999	17940.96	6204.87	4507.5599999999995	0.0	0.0	0.0	0.0	0.0	0.0	0.0	0.0	0.0	0.0	0.0	0.0	0.0	0.0	144.48275862068965	0.0	0.23016298500000001	0.213317325	0.966123015	2.88414	-9.81218	12.77262	387268.0	1775936896.429257	0.0	1.0	0.0	-1.0	-1.0	-1.0	1775936896.429257	closed-hand	Close	1	20260411_124810	Trigger
13782.285	10506.06	13536.135	11223.27	0.0	0.0	0.0	0.0	0.0	0.0	0.0	0.0	0.0	0.0	0.0	0.0	0.0	0.0	144.48275862068965	0.0	0.23461854000000001	0.21935979	0.95556396	-5.43256	-2.7468	7.721559999999999	387269.0	1775936896.433178	0.0	1.0	0.0	-1.0	-1.0	-1.0	1775936896.433178	closed-hand	Close	1	20260411_124810	Trigger
7420.724999999999	1282.68	7205.715	6193.3949999999995	0.0	0.0	0.0	0.0	0.0	0.0	0.0	0.0	0.0	0.0	0.0	0.0	0.0	0.0	144.48275862068965	0.0	0.23461854000000001	0.21935979	0.95556396	-5.43256	-2.7468	7.721559999999999	387270.0	1775936896.433216	0.0	1.0	0.0	-1.0	-1.0	-1.0	1775936896.433216	closed-hand	Close	1	20260411_124810	Trigger
2177.235	-1544.355	2076.8849999999998	1777.0049999999999	0.0	0.0	0.0	0.0	0.0	0.0	0.0	0.0	0.0	0.0	0.0	0.0	0.0	0.0	144.48275862068965	0.0	0.23461854000000001	0.21935979	0.95556396	-5.43256	-2.7468	7.721559999999999	387271.0	1775936896.437208	0.0	1.0	0.0	-1.0	-1.0	-1.0	1775936896.437208	closed-hand	Close	1	20260411_124810	Trigger
18273.825	-9179.955	17151.48	14042.609999999999	0.0	0.0	0.0	0.0	0.0	0.0	0.0	0.0	0.0	0.0	0.0	0.0	0.0	0.0	144.48275862068965	0.0	0.23461854000000001	0.21935979	0.95556396	-5.43256	-2.7468	7.721559999999999	387272.0	1775936896.437243	0.0	1.0	0.0	-1.0	-1.0	-1.0	1775936896.437243	closed-hand	Close	1	20260411_124810	Trigger
19012.364999999998	-4107.014999999999	17440.11	13249.35	0.0	0.0	0.0	0.0	0.0	0.0	0.0	0.0	0.0	0.0	0.0	0.0	0.0	0.0	144.48275862068965	0.0	0.23461854000000001	0.21935979	0.95556396	-5.43256	-2.7468	7.721559999999999	387273.0	1775936896.441172	0.0	1.0	0.0	-1.0	-1.0	-1.0	1775936896.441172	closed-hand	Close	1	20260411_124810	Trigger
5359.815	1848.8249999999998	4704.4349999999995	2893.455	0.0	0.0	0.0	0.0	0.0	0.0	0.0	0.0	0.0	0.0	0.0	0.0	0.0	0.0	144.48275862068965	0.0	0.23461854000000001	0.21935979	0.95556396	-5.43256	-2.7468	7.721559999999999	387274.0	1775936896.441202	0.0	1.0	0.0	-1.0	-1.0	-1.0	1775936896.441202	closed-hand	Close	1	20260411_124810	Trigger
634.8149999999999	3159.6749999999997	666.3149999999999	183.6	0.0	0.0	0.0	0.0	0.0	0.0	0.0	0.0	0.0	0.0	0.0	0.0	0.0	0.0	144.48275862068965	0.0	0.23461854000000001	0.21935979	0.95556396	-5.43256	-2.7468	7.721559999999999	387275.0	1775936896.445198	0.0	1.0	0.0	-1.0	-1.0	-1.0	1775936896.445198	closed-hand	Close	1	20260411_124810	Trigger
5344.65	17090.235	5510.61	3643.3799999999997	0.0	0.0	0.0	0.0	0.0	0.0	0.0	0.0	0.0	0.0	0.0	0.0	0.0	0.0	144.48275862068965	0.0	0.23461854000000001	0.21935979	0.95556396	-5.43256	-2.7468	7.721559999999999	387276.0	1775936896.445223	0.0	1.0	0.0	-1.0	-1.0	-1.0	1775936896.445223	closed-hand	Close	1	20260411_124810	Trigger
13724.865	14227.019999999999	13503.6	10833.885	0.0	0.0	0.0	0.0	0.0	0.0	0.0	0.0	0.0	0.0	0.0	0.0	0.0	0.0	144.48275862068965	0.0	0.23461854000000001	0.21935979	0.95556396	-5.43256	-2.7468	7.721559999999999	387277.0	1775936896.449198	0.0	1.0	0.0	-1.0	-1.0	-1.0	1775936896.449198	closed-hand	Close	1	20260411_124810	Trigger
11410.02	3338.8199999999997	11097.585	9375.345	0.0	0.0	0.0	0.0	0.0	0.0	0.0	0.0	0.0	0.0	0.0	0.0	0.0	0.0	144.48275862068965	0.0	0.23461854000000001	0.21935979	0.95556396	-5.43256	-2.7468	7.721559999999999	387278.0	1775936896.449226	0.0	1.0	0.0	-1.0	-1.0	-1.0	1775936896.449226	closed-hand	Close	1	20260411_124810	Trigger
1018.2149999999999	-343.125	981.63	852.66	0.0	0.0	0.0	0.0	0.0	0.0	0.0	0.0	0.0	0.0	0.0	0.0	0.0	0.0	144.48275862068965	0.0	0.239440305	0.230529195	0.9541601550000001	-5.753019999999999	9.20178	12.4369	387279.0	1775936896.457827	0.0	1.0	0.0	-1.0	-1.0	-1.0	1775936896.457827	closed-hand	Close	1	20260411_124810	Trigger
12987.404999999999	-7249.905	12217.5	10254.96	0.0	0.0	0.0	0.0	0.0	0.0	0.0	0.0	0.0	0.0	0.0	0.0	0.0	0.0	144.48275862068965	0.0	0.239440305	0.230529195	0.9541601550000001	-5.753019999999999	9.20178	12.4369	387280.0	1775936896.457853	0.0	1.0	0.0	-1.0	-1.0	-1.0	1775936896.457853	closed-hand	Close	1	20260411_124810	Trigger
23992.11	-8385.164999999999	22156.965	17768.114999999998	0.0	0.0	0.0	0.0	0.0	0.0	0.0	0.0	0.0	0.0	0.0	0.0	0.0	0.0	144.48275862068965	0.0	0.239440305	0.230529195	0.9541601550000001	-5.753019999999999	9.20178	12.4369	387281.0	1775936896.459574	0.0	1.0	0.0	-1.0	-1.0	-1.0	1775936896.459574	closed-hand	Close	1	20260411_124810	Trigger
11261.43	430.38	10078.425	7221.33	0.0	0.0	0.0	0.0	0.0	0.0	0.0	0.0	0.0	0.0	0.0	0.0	0.0	0.0	144.48275862068965	0.0	0.239440305	0.230529195	0.9541601550000001	-5.753019999999999	9.20178	12.4369	387282.0	1775936896.459597	0.0	1.0	0.0	-1.0	-1.0	-1.0	1775936896.459597	closed-hand	Close	1	20260411_124810	Trigger
1073.7	1602.7649999999999	955.755	461.92499999999995	0.0	0.0	0.0	0.0	0.0	0.0	0.0	0.0	0.0	0.0	0.0	0.0	0.0	0.0	144.48275862068965	0.0	0.239440305	0.230529195	0.9541601550000001	-5.753019999999999	9.20178	12.4369	387283.0	1775936896.461333	0.0	1.0	0.0	-1.0	-1.0	-1.0	1775936896.461333	closed-hand	Close	1	20260411_124810	Trigger
4647.599999999999	14309.01	4634.505	2975.805	0.0	0.0	0.0	0.0	0.0	0.0	0.0	0.0	0.0	0.0	0.0	0.0	0.0	0.0	144.48275862068965	0.0	0.239440305	0.230529195	0.9541601550000001	-5.753019999999999	9.20178	12.4369	387284.0	1775936896.461367	0.0	1.0	0.0	-1.0	-1.0	-1.0	1775936896.461367	closed-hand	Close	1	20260411_124810	Trigger
13373.234999999999	17667.225	12999.195	10286.505	0.0	0.0	0.0	0.0	0.0	0.0	0.0	0.0	0.0	0.0	0.0	0.0	0.0	0.0	144.48275862068965	0.0	0.239440305	0.230529195	0.9541601550000001	-5.753019999999999	9.20178	12.4369	387285.0	1775936896.465299	0.0	1.0	0.0	-1.0	-1.0	-1.0	1775936896.465299	closed-hand	Close	1	20260411_124810	Trigger
15292.305	6421.41	14733.404999999999	12352.095	0.0	0.0	0.0	0.0	0.0	0.0	0.0	0.0	0.0	0.0	0.0	0.0	0.0	0.0	144.48275862068965	0.0	0.239440305	0.230529195	0.9541601550000001	-5.753019999999999	9.20178	12.4369	387286.0	1775936896.465328	0.0	1.0	0.0	-1.0	-1.0	-1.0	1775936896.465328	closed-hand	Close	1	20260411_124810	Trigger
2147.94	232.785	2065.095	1772.37	0.0	0.0	0.0	0.0	0.0	0.0	0.0	0.0	0.0	0.0	0.0	0.0	0.0	0.0	144.48275862068965	0.0	0.239440305	0.230529195	0.9541601550000001	-5.753019999999999	9.20178	12.4369	387287.0	1775936896.46926	0.0	1.0	0.0	-1.0	-1.0	-1.0	1775936896.46926	closed-hand	Close	1	20260411_124810	Trigger
6820.605	-4114.665	6408.63	5432.76	0.0	0.0	0.0	0.0	0.0	0.0	0.0	0.0	0.0	0.0	0.0	0.0	0.0	0.0	144.48275862068965	0.0	0.239440305	0.230529195	0.9541601550000001	-5.753019999999999	9.20178	12.4369	387288.0	1775936896.469295	0.0	1.0	0.0	-1.0	-1.0	-1.0	1775936896.469295	closed-hand	Close	1	20260411_124810	Trigger
25616.835	-10734.39	23669.46	19335.195	0.0	0.0	0.0	0.0	0.0	0.0	0.0	0.0	0.0	0.0	0.0	0.0	0.0	0.0	144.48275862068965	0.0	0.23242128	0.23095644	0.966977505	-18.90714	3.7539599999999997	9.88848	387289.0	1775936896.476418	0.0	1.0	0.0	-1.0	-1.0	-1.0	1775936896.476418	closed-hand	Close	1	20260411_124810	Trigger
18334.485	-2360.475	16525.665	12524.31	0.0	0.0	0.0	0.0	0.0	0.0	0.0	0.0	0.0	0.0	0.0	0.0	0.0	0.0	144.48275862068965	0.0	0.23242128	0.23095644	0.966977505	-18.90714	3.7539599999999997	9.88848	387290.0	1775936896.476457	0.0	1.0	0.0	-1.0	-1.0	-1.0	1775936896.476457	closed-hand	Close	1	20260411_124810	Trigger
3079.125	1114.695	2674.5299999999997	1707.7949999999998	0.0	0.0	0.0	0.0	0.0	0.0	0.0	0.0	0.0	0.0	0.0	0.0	0.0	0.0	144.48275862068965	0.0	0.23242128	0.23095644	0.966977505	-18.90714	3.7539599999999997	9.88848	387291.0	1775936896.484053	0.0	1.0	0.0	-1.0	-1.0	-1.0	1775936896.484053	closed-hand	Close	1	20260411_124810	Trigger
3617.8199999999997	9837.135	3456.045	2135.295	0.0	0.0	0.0	0.0	0.0	0.0	0.0	0.0	0.0	0.0	0.0	0.0	0.0	0.0	144.48275862068965	0.0	0.23242128	0.23095644	0.966977505	-18.90714	3.7539599999999997	9.88848	387292.0	1775936896.484082	0.0	1.0	0.0	-1.0	-1.0	-1.0	1775936896.484082	closed-hand	Close	1	20260411_124810	Trigger
12570.48	19935.855	12044.654999999999	9259.47	0.0	0.0	0.0	0.0	0.0	0.0	0.0	0.0	0.0	0.0	0.0	0.0	0.0	0.0	144.48275862068965	0.0	0.23242128	0.23095644	0.966977505	-18.90714	3.7539599999999997	9.88848	387293.0	1775936896.484143	0.0	1.0	0.0	-1.0	-1.0	-1.0	1775936896.484143	closed-hand	Close	1	20260411_124810	Trigger
18350.954999999998	10132.109999999999	17523.675	14526.494999999999	0.0	0.0	0.0	0.0	0.0	0.0	0.0	0.0	0.0	0.0	0.0	0.0	0.0	0.0	144.48275862068965	0.0	0.23242128	0.23095644	0.966977505	-18.90714	3.7539599999999997	9.88848	387294.0	1775936896.484168	0.0	1.0	0.0	-1.0	-1.0	-1.0	1775936896.484168	closed-hand	Close	1	20260411_124810	Trigger
5180.355	1080.72	4947.615	4217.4	0.0	0.0	0.0	0.0	0.0	0.0	0.0	0.0	0.0	0.0	0.0	0.0	0.0	0.0	144.48275862068965	0.0	0.23242128	0.23095644	0.966977505	-18.90714	3.7539599999999997	9.88848	387295.0	1775936896.488206	0.0	1.0	0.0	-1.0	-1.0	-1.0	1775936896.488206	closed-hand	Close	1	20260411_124810	Trigger
3266.955	-2226.015	3098.205	2227.005	0.0	0.0	0.0	0.0	0.0	0.0	0.0	0.0	0.0	0.0	0.0	0.0	0.0	0.0	144.48275862068965	0.0	0.23242128	0.23095644	0.966977505	-18.90714	3.7539599999999997	9.88848	387296.0	1775936896.488235	0.0	1.0	0.0	-1.0	-1.0	-1.0	1775936896.488235	closed-hand	Close	1	20260411_124810	Trigger
23527.305	-10277.91	21805.785	13828.949999999999	0.0	0.0	0.0	0.0	0.0	0.0	0.0	0.0	0.0	0.0	0.0	0.0	0.0	0.0	144.48275862068965	0.0	0.23242128	0.23095644	0.966977505	-18.90714	3.7539599999999997	9.88848	387297.0	1775936896.489341	0.0	1.0	0.0	-1.0	-1.0	-1.0	1775936896.489341	closed-hand	Close	1	20260411_124810	Trigger
23848.559999999998	-4195.349999999999	21544.785	11355.435	0.0	0.0	0.0	0.0	0.0	0.0	0.0	0.0	0.0	0.0	0.0	0.0	0.0	0.0	144.48275862068965	0.0	0.23242128	0.23095644	0.966977505	-18.90714	3.7539599999999997	9.88848	387298.0	1775936896.489369	0.0	1.0	0.0	-1.0	-1.0	-1.0	1775936896.489369	closed-hand	Close	1	20260411_124810	Trigger
6989.804999999999	1560.87	6086.295	1944.36	0.0	0.0	0.0	0.0	0.0	0.0	0.0	0.0	0.0	0.0	0.0	0.0	0.0	0.0	144.48275862068965	0.0	0.231749895	0.208068315	0.97851312	-12.84892	6.39394	2.1364	387299.0	1775936896.497626	0.0	1.0	0.0	-1.0	-1.0	-1.0	1775936896.497626	closed-hand	Close	1	20260411_124810	Trigger
2242.71	5181.345	2134.71	567.855	0.0	0.0	0.0	0.0	0.0	0.0	0.0	0.0	0.0	0.0	0.0	0.0	0.0	0.0	144.48275862068965	0.0	0.231749895	0.208068315	0.97851312	-12.84892	6.39394	2.1364	387300.0	1775936896.497658	0.0	1.0	0.0	-1.0	-1.0	-1.0	1775936896.497658	closed-hand	Close	1	20260411_124810	Trigger
11018.52	18533.52	10529.505	5562.764999999999	0.0	0.0	0.0	0.0	0.0	0.0	0.0	0.0	0.0	0.0	0.0	0.0	0.0	0.0	144.48275862068965	0.0	0.231749895	0.208068315	0.97851312	-12.84892	6.39394	2.1364	387301.0	1775936896.497938	0.0	1.0	0.0	-1.0	-1.0	-1.0	1775936896.497938	closed-hand	Close	1	20260411_124810	Trigger
19494.495	12016.17	18550.53	12838.365	0.0	0.0	0.0	0.0	0.0	0.0	0.0	0.0	0.0	0.0	0.0	0.0	0.0	0.0	144.48275862068965	0.0	0.231749895	0.208068315	0.97851312	-12.84892	6.39394	2.1364	387302.0	1775936896.497964	0.0	1.0	0.0	-1.0	-1.0	-1.0	1775936896.497964	closed-hand	Close	1	20260411_124810	Trigger
10006.83	2030.31	9532.664999999999	7195.5	0.0	0.0	0.0	0.0	0.0	0.0	0.0	0.0	0.0	0.0	0.0	0.0	0.0	0.0	144.48275862068965	0.0	0.231749895	0.208068315	0.97851312	-12.84892	6.39394	2.1364	387303.0	1775936896.501265	0.0	1.0	0.0	-1.0	-1.0	-1.0	1775936896.501265	closed-hand	Close	1	20260411_124810	Trigger
621.405	-432.22499999999997	583.92	470.07	0.0	0.0	0.0	0.0	0.0	0.0	0.0	0.0	0.0	0.0	0.0	0.0	0.0	0.0	144.48275862068965	0.0	0.231749895	0.208068315	0.97851312	-12.84892	6.39394	2.1364	387304.0	1775936896.50129	0.0	1.0	0.0	-1.0	-1.0	-1.0	1775936896.50129	closed-hand	Close	1	20260411_124810	Trigger
15921.945	-8544.96	14689.26	11344.77	0.0	0.0	0.0	0.0	0.0	0.0	0.0	0.0	0.0	0.0	0.0	0.0	0.0	0.0	144.48275862068965	0.0	0.231749895	0.208068315	0.97851312	-12.84892	6.39394	2.1364	387305.0	1775936896.507933	0.0	1.0	0.0	-1.0	-1.0	-1.0	1775936896.507933	closed-hand	Close	1	20260411_124810	Trigger
29297.52	-10755.585	26547.21	19198.395	0.0	0.0	0.0	0.0	0.0	0.0	0.0	0.0	0.0	0.0	0.0	0.0	0.0	0.0	144.48275862068965	0.0	0.231749895	0.208068315	0.97851312	-12.84892	6.39394	2.1364	387306.0	1775936896.507967	0.0	1.0	0.0	-1.0	-1.0	-1.0	1775936896.507967	closed-hand	Close	1	20260411_124810	Trigger
14095.394999999999	-1253.655	12396.6	7714.889999999999	0.0	0.0	0.0	0.0	0.0	0.0	0.0	0.0	0.0	0.0	0.0	0.0	0.0	0.0	144.48275862068965	0.0	0.231749895	0.208068315	0.97851312	-12.84892	6.39394	2.1364	387307.0	1775936896.509334	0.0	1.0	0.0	-1.0	-1.0	-1.0	1775936896.509334	closed-hand	Close	1	20260411_124810	Trigger
1911.96	2434.86	1681.5149999999999	711.675	0.0	0.0	0.0	0.0	0.0	0.0	0.0	0.0	0.0	0.0	0.0	0.0	0.0	0.0	144.48275862068965	0.0	0.231749895	0.208068315	0.97851312	-12.84892	6.39394	2.1364	387308.0	1775936896.50936	0.0	1.0	0.0	-1.0	-1.0	-1.0	1775936896.50936	closed-hand	Close	1	20260411_124810	Trigger
9248.58	17452.8	8486.64	4818.87	0.0	0.0	0.0	0.0	0.0	0.0	0.0	0.0	0.0	0.0	0.0	0.0	0.0	0.0	144.48275862068965	0.0	0.23657166000000002	0.17407182000000002	0.986508705	9.65958	9.85796	-2.7010199999999998	387309.0	1775936896.513438	0.0	1.0	0.0	-1.0	-1.0	-1.0	1775936896.513438	closed-hand	Close	1	20260411_124810	Trigger
19480.815	17089.875	18104.579999999998	12949.56	0.0	0.0	0.0	0.0	0.0	0.0	0.0	0.0	0.0	0.0	0.0	0.0	0.0	0.0	144.48275862068965	0.0	0.23657166000000002	0.17407182000000002	0.986508705	9.65958	9.85796	-2.7010199999999998	387310.0	1775936896.513462	0.0	1.0	0.0	-1.0	-1.0	-1.0	1775936896.513462	closed-hand	Close	1	20260411_124810	Trigger
15623.775	5258.655	14649.795	11381.265	0.0	0.0	0.0	0.0	0.0	0.0	0.0	0.0	0.0	0.0	0.0	0.0	0.0	0.0	144.48275862068965	0.0	0.23657166000000002	0.17407182000000002	0.986508705	9.65958	9.85796	-2.7010199999999998	387311.0	1775936896.517352	0.0	1.0	0.0	-1.0	-1.0	-1.0	1775936896.517352	closed-hand	Close	1	20260411_124810	Trigger
1114.065	86.22	1046.52	838.8449999999999	0.0	0.0	0.0	0.0	0.0	0.0	0.0	0.0	0.0	0.0	0.0	0.0	0.0	0.0	144.48275862068965	0.0	0.23657166000000002	0.17407182000000002	0.986508705	9.65958	9.85796	-2.7010199999999998	387312.0	1775936896.517382	0.0	1.0	0.0	-1.0	-1.0	-1.0	1775936896.517382	closed-hand	Close	1	20260411_124810	Trigger
8575.605	-4705.245	7901.73	6332.67	0.0	0.0	0.0	0.0	0.0	0.0	0.0	0.0	0.0	0.0	0.0	0.0	0.0	0.0	144.48275862068965	0.0	0.23657166000000002	0.17407182000000002	0.986508705	9.65958	9.85796	-2.7010199999999998	387313.0	1775936896.521498	0.0	1.0	0.0	-1.0	-1.0	-1.0	1775936896.521498	closed-hand	Close	1	20260411_124810	Trigger
30376.98	-11999.52	27446.85	20985.255	0.0	0.0	0.0	0.0	0.0	0.0	0.0	0.0	0.0	0.0	0.0	0.0	0.0	0.0	144.48275862068965	0.0	0.23657166000000002	0.17407182000000002	0.986508705	9.65958	9.85796	-2.7010199999999998	387314.0	1775936896.521526	0.0	1.0	0.0	-1.0	-1.0	-1.0	1775936896.521526	closed-hand	Close	1	20260411_124810	Trigger
21817.35	-3399.75	19166.76	13322.699999999999	0.0	0.0	0.0	0.0	0.0	0.0	0.0	0.0	0.0	0.0	0.0	0.0	0.0	0.0	144.48275862068965	0.0	0.23657166000000002	0.17407182000000002	0.986508705	9.65958	9.85796	-2.7010199999999998	387315.0	1775936896.525368	0.0	1.0	0.0	-1.0	-1.0	-1.0	1775936896.525368	closed-hand	Close	1	20260411_124810	Trigger
3717.72	1147.23	3157.605	1805.625	0.0	0.0	0.0	0.0	0.0	0.0	0.0	0.0	0.0	0.0	0.0	0.0	0.0	0.0	144.48275862068965	0.0	0.23657166000000002	0.17407182000000002	0.986508705	9.65958	9.85796	-2.7010199999999998	387316.0	1775936896.525405	0.0	1.0	0.0	-1.0	-1.0	-1.0	1775936896.525405	closed-hand	Close	1	20260411_124810	Trigger
6912.179999999999	13239.045	6146.955	3575.3849999999998	0.0	0.0	0.0	0.0	0.0	0.0	0.0	0.0	0.0	0.0	0.0	0.0	0.0	0.0	144.48275862068965	0.0	0.23657166000000002	0.17407182000000002	0.986508705	9.65958	9.85796	-2.7010199999999998	387317.0	1775936896.531052	0.0	1.0	0.0	-1.0	-1.0	-1.0	1775936896.531052	closed-hand	Close	1	20260411_124810	Trigger
18464.13	20058.704999999998	16762.32	11927.564999999999	0.0	0.0	0.0	0.0	0.0	0.0	0.0	0.0	0.0	0.0	0.0	0.0	0.0	0.0	144.48275862068965	0.0	0.23657166000000002	0.17407182000000002	0.986508705	9.65958	9.85796	-2.7010199999999998	387318.0	1775936896.531078	0.0	1.0	0.0	-1.0	-1.0	-1.0	1775936896.531078	closed-hand	Close	1	20260411_124810	Trigger
20693.745	8689.77	19117.079999999998	14922.09	0.0	0.0	0.0	0.0	0.0	0.0	0.0	0.0	0.0	0.0	0.0	0.0	0.0	0.0	144.48275862068965	0.0	0.242369985	0.171813525	0.979794855	9.09496	11.46026	-10.16316	387319.0	1775936896.533468	0.0	1.0	0.0	-1.0	-1.0	-1.0	1775936896.533468	closed-hand	Close	1	20260411_124810	Trigger
3551.58	644.04	3309.435	2681.8199999999997	0.0	0.0	0.0	0.0	0.0	0.0	0.0	0.0	0.0	0.0	0.0	0.0	0.0	0.0	144.48275862068965	0.0	0.242369985	0.171813525	0.979794855	9.09496	11.46026	-10.16316	387320.0	1775936896.533493	0.0	1.0	0.0	-1.0	-1.0	-1.0	1775936896.533493	closed-hand	Close	1	20260411_124810	Trigger
3246.0299999999997	-1965.195	2990.25	2447.865	0.0	0.0	0.0	0.0	0.0	0.0	0.0	0.0	0.0	0.0	0.0	0.0	0.0	0.0	144.48275862068965	0.0	0.242369985	0.171813525	0.979794855	9.09496	11.46026	-10.16316	387321.0	1775936896.537402	0.0	1.0	0.0	-1.0	-1.0	-1.0	1775936896.537402	closed-hand	Close	1	20260411_124810	Trigger
26697.059999999998	-11742.255	24089.355	18961.335	0.0	0.0	0.0	0.0	0.0	0.0	0.0	0.0	0.0	0.0	0.0	0.0	0.0	0.0	144.48275862068965	0.0	0.242369985	0.171813525	0.979794855	9.09496	11.46026	-10.16316	387322.0	1775936896.537432	0.0	1.0	0.0	-1.0	-1.0	-1.0	1775936896.537432	closed-hand	Close	1	20260411_124810	Trigger
28846.26	-7182.855	25354.44	18688.364999999998	0.0	0.0	0.0	0.0	0.0	0.0	0.0	0.0	0.0	0.0	0.0	0.0	0.0	0.0	144.48275862068965	0.0	0.242369985	0.171813525	0.979794855	9.09496	11.46026	-10.16316	387323.0	1775936896.541416	0.0	1.0	0.0	-1.0	-1.0	-1.0	1775936896.541416	closed-hand	Close	1	20260411_124810	Trigger
8520.119999999999	320.445	7208.46	4663.035	0.0	0.0	0.0	0.0	0.0	0.0	0.0	0.0	0.0	0.0	0.0	0.0	0.0	0.0	144.48275862068965	0.0	0.242369985	0.171813525	0.979794855	9.09496	11.46026	-10.16316	387324.0	1775936896.541442	0.0	1.0	0.0	-1.0	-1.0	-1.0	1775936896.541442	closed-hand	Close	1	20260411_124810	Trigger
4321.035	7976.474999999999	3758.355	2203.92	0.0	0.0	0.0	0.0	0.0	0.0	0.0	0.0	0.0	0.0	0.0	0.0	0.0	0.0	144.48275862068965	0.0	0.242369985	0.171813525	0.979794855	9.09496	11.46026	-10.16316	387325.0	1775936896.547243	0.0	1.0	0.0	-1.0	-1.0	-1.0	1775936896.547243	closed-hand	Close	1	20260411_124810	Trigger
16439.445	21429.675	14536.125	10152.135	0.0	0.0	0.0	0.0	0.0	0.0	0.0	0.0	0.0	0.0	0.0	0.0	0.0	0.0	144.48275862068965	0.0	0.242369985	0.171813525	0.979794855	9.09496	11.46026	-10.16316	387326.0	1775936896.547267	0.0	1.0	0.0	-1.0	-1.0	-1.0	1775936896.547267	closed-hand	Close	1	20260411_124810	Trigger
23715.809999999998	12733.695	21496.68	16730.73	0.0	0.0	0.0	0.0	0.0	0.0	0.0	0.0	0.0	0.0	0.0	0.0	0.0	0.0	144.48275862068965	0.0	0.242369985	0.171813525	0.979794855	9.09496	11.46026	-10.16316	387327.0	1775936896.549454	0.0	1.0	0.0	-1.0	-1.0	-1.0	1775936896.549454	closed-hand	Close	1	20260411_124810	Trigger
8328.42	2039.1299999999999	7664.985	6238.08	0.0	0.0	0.0	0.0	0.0	0.0	0.0	0.0	0.0	0.0	0.0	0.0	0.0	0.0	144.48275862068965	0.0	0.242369985	0.171813525	0.979794855	9.09496	11.46026	-10.16316	387328.0	1775936896.549477	0.0	1.0	0.0	-1.0	-1.0	-1.0	1775936896.549477	closed-hand	Close	1	20260411_124810	Trigger
711.765	-455.13	657.99	292.455	0.0	0.0	0.0	0.0	0.0	0.0	0.0	0.0	0.0	0.0	0.0	0.0	0.0	0.0	144.48275862068965	0.0	0.23919616500000002	0.17907669	0.97228755	8.0878	10.956679999999999	-4.36436	387329.0	1775936896.553465	0.0	1.0	0.0	-1.0	-1.0	-1.0	1775936896.553465	closed-hand	Close	1	20260411_124810	Trigger
18203.67	-6677.19	16486.739999999998	6111.135	0.0	0.0	0.0	0.0	0.0	0.0	0.0	0.0	0.0	0.0	0.0	0.0	0.0	0.0	144.48275862068965	0.0	0.23919616500000002	0.17907669	0.97228755	8.0878	10.956679999999999	-4.36436	387330.0	1775936896.553498	0.0	1.0	0.0	-1.0	-1.0	-1.0	1775936896.553498	closed-hand	Close	1	20260411_124810	Trigger
30894.885	-5770.844999999999	27302.67	7055.37	0.0	0.0	0.0	0.0	0.0	0.0	0.0	0.0	0.0	0.0	0.0	0.0	0.0	0.0	144.48275862068965	0.0	0.23919616500000002	0.17907669	0.97228755	8.0878	10.956679999999999	-4.36436	387331.0	1775936896.557449	0.0	1.0	0.0	-1.0	-1.0	-1.0	1775936896.557449	closed-hand	Close	1	20260411_124810	Trigger
14035.769999999999	1962.3149999999998	11926.935	-128.51999999999998	0.0	0.0	0.0	0.0	0.0	0.0	0.0	0.0	0.0	0.0	0.0	0.0	0.0	0.0	144.48275862068965	0.0	0.23919616500000002	0.17907669	0.97228755	8.0878	10.956679999999999	-4.36436	387332.0	1775936896.557477	0.0	1.0	0.0	-1.0	-1.0	-1.0	1775936896.557477	closed-hand	Close	1	20260411_124810	Trigger
2505.555	3753.27	2096.19	-851.31	0.0	0.0	0.0	0.0	0.0	0.0	0.0	0.0	0.0	0.0	0.0	0.0	0.0	0.0	144.48275862068965	0.0	0.23919616500000002	0.17907669	0.97228755	8.0878	10.956679999999999	-4.36436	387333.0	1775936896.561448	0.0	1.0	0.0	-1.0	-1.0	-1.0	1775936896.561448	closed-hand	Close	1	20260411_124810	Trigger
12361.994999999999	18046.98	10646.01	-45.495	0.0	0.0	0.0	0.0	0.0	0.0	0.0	0.0	0.0	0.0	0.0	0.0	0.0	0.0	144.48275862068965	0.0	0.23919616500000002	0.17907669	0.97228755	8.0878	10.956679999999999	-4.36436	387334.0	1775936896.561473	0.0	1.0	0.0	-1.0	-1.0	-1.0	1775936896.561473	closed-hand	Close	1	20260411_124810	Trigger
22703.129999999997	14109.75	20240.594999999998	7301.07	0.0	0.0	0.0	0.0	0.0	0.0	0.0	0.0	0.0	0.0	0.0	0.0	0.0	0.0	144.48275862068965	0.0	0.23919616500000002	0.17907669	0.97228755	8.0878	10.956679999999999	-4.36436	387335.0	1775936896.56654	0.0	1.0	0.0	-1.0	-1.0	-1.0	1775936896.56654	closed-hand	Close	1	20260411_124810	Trigger
14278.994999999999	3241.71	13000.005	6656.535	0.0	0.0	0.0	0.0	0.0	0.0	0.0	0.0	0.0	0.0	0.0	0.0	0.0	0.0	144.48275862068965	0.0	0.23919616500000002	0.17907669	0.97228755	8.0878	10.956679999999999	-4.36436	387336.0	1775936896.566569	0.0	1.0	0.0	-1.0	-1.0	-1.0	1775936896.566569	closed-hand	Close	1	20260411_124810	Trigger
570.24	-65.205	522.135	300.42	0.0	0.0	0.0	0.0	0.0	0.0	0.0	0.0	0.0	0.0	0.0	0.0	0.0	0.0	144.48275862068965	0.0	0.23919616500000002	0.17907669	0.97228755	8.0878	10.956679999999999	-4.36436	387337.0	1775936896.569437	0.0	1.0	0.0	-1.0	-1.0	-1.0	1775936896.569437	closed-hand	Close	1	20260411_124810	Trigger
10845.494999999999	-6033.915	9800.595	6518.655	0.0	0.0	0.0	0.0	0.0	0.0	0.0	0.0	0.0	0.0	0.0	0.0	0.0	0.0	144.48275862068965	0.0	0.23919616500000002	0.17907669	0.97228755	8.0878	10.956679999999999	-4.36436	387338.0	1775936896.569461	0.0	1.0	0.0	-1.0	-1.0	-1.0	1775936896.569461	closed-hand	Close	1	20260411_124810	Trigger
33204.284999999996	-13609.35	29259.045	17537.309999999998	0.0	0.0	0.0	0.0	0.0	0.0	0.0	0.0	0.0	0.0	0.0	0.0	0.0	0.0	144.48275862068965	0.0	0.22875918	0.17236284	0.97399653	12.57424	6.11926	1.4191799999999999	387339.0	1775936896.573634	0.0	1.0	0.0	-1.0	-1.0	-1.0	1775936896.573634	closed-hand	Close	1	20260411_124810	Trigger
22336.785	-4316.8949999999995	18983.61	8887.68	0.0	0.0	0.0	0.0	0.0	0.0	0.0	0.0	0.0	0.0	0.0	0.0	0.0	0.0	144.48275862068965	0.0	0.22875918	0.17236284	0.97399653	12.57424	6.11926	1.4191799999999999	387340.0	1775936896.573659	0.0	1.0	0.0	-1.0	-1.0	-1.0	1775936896.573659	closed-hand	Close	1	20260411_124810	Trigger
3526.1099999999997	1199.205	2884.815	696.735	0.0	0.0	0.0	0.0	0.0	0.0	0.0	0.0	0.0	0.0	0.0	0.0	0.0	0.0	144.48275862068965	0.0	0.22875918	0.17236284	0.97399653	12.57424	6.11926	1.4191799999999999	387341.0	1775936896.580608	0.0	1.0	0.0	-1.0	-1.0	-1.0	1775936896.580608	closed-hand	Close	1	20260411_124810	Trigger
9151.65	14729.805	7720.5599999999995	2278.485	0.0	0.0	0.0	0.0	0.0	0.0	0.0	0.0	0.0	0.0	0.0	0.0	0.0	0.0	144.48275862068965	0.0	0.22875918	0.17236284	0.97399653	12.57424	6.11926	1.4191799999999999	387342.0	1775936896.580631	0.0	1.0	0.0	-1.0	-1.0	-1.0	1775936896.580631	closed-hand	Close	1	20260411_124810	Trigger
21495.825	18905.175	18747.045	9713.34	0.0	0.0	0.0	0.0	0.0	0.0	0.0	0.0	0.0	0.0	0.0	0.0	0.0	0.0	144.48275862068965	0.0	0.22875918	0.17236284	0.97399653	12.57424	6.11926	1.4191799999999999	387343.0	1775936896.584012	0.0	1.0	0.0	-1.0	-1.0	-1.0	1775936896.584012	closed-hand	Close	1	20260411_124810	Trigger
20765.7	7214.67	18643.32	11936.699999999999	0.0	0.0	0.0	0.0	0.0	0.0	0.0	0.0	0.0	0.0	0.0	0.0	0.0	0.0	144.48275862068965	0.0	0.22875918	0.17236284	0.97399653	12.57424	6.11926	1.4191799999999999	387344.0	1775936896.584034	0.0	1.0	0.0	-1.0	-1.0	-1.0	1775936896.584034	closed-hand	Close	1	20260411_124810	Trigger
2618.595	367.78499999999997	2385.765	1655.235	0.0	0.0	0.0	0.0	0.0	0.0	0.0	0.0	0.0	0.0	0.0	0.0	0.0	0.0	144.48275862068965	0.0	0.22875918	0.17236284	0.97399653	12.57424	6.11926	1.4191799999999999	387345.0	1775936896.590073	0.0	1.0	0.0	-1.0	-1.0	-1.0	1775936896.590073	closed-hand	Close	1	20260411_124810	Trigger
5151.6449999999995	-2764.125	4698.36	1985.22	0.0	0.0	0.0	0.0	0.0	0.0	0.0	0.0	0.0	0.0	0.0	0.0	0.0	0.0	144.48275862068965	0.0	0.22875918	0.17236284	0.97399653	12.57424	6.11926	1.4191799999999999	387346.0	1775936896.5901	0.0	1.0	0.0	-1.0	-1.0	-1.0	1775936896.5901	closed-hand	Close	1	20260411_124810	Trigger
29270.61	-10229.265	25934.445	8411.445	0.0	0.0	0.0	0.0	0.0	0.0	0.0	0.0	0.0	0.0	0.0	0.0	0.0	0.0	144.48275862068965	0.0	0.22875918	0.17236284	0.97399653	12.57424	6.11926	1.4191799999999999	387347.0	1775936896.590135	0.0	1.0	0.0	-1.0	-1.0	-1.0	1775936896.590135	closed-hand	Close	1	20260411_124810	Trigger
27056.655	-3127.095	23144.579999999998	3330.6749999999997	0.0	0.0	0.0	0.0	0.0	0.0	0.0	0.0	0.0	0.0	0.0	0.0	0.0	0.0	144.48275862068965	0.0	0.22875918	0.17236284	0.97399653	12.57424	6.11926	1.4191799999999999	387348.0	1775936896.590158	0.0	1.0	0.0	-1.0	-1.0	-1.0	1775936896.590158	closed-hand	Close	1	20260411_124810	Trigger
6698.925	1516.86	5469.795	-1024.83	0.0	0.0	0.0	0.0	0.0	0.0	0.0	0.0	0.0	0.0	0.0	0.0	0.0	0.0	144.48275862068965	0.0	0.21887151	0.172790085	0.973447215	15.1837	-1.3428799999999999	6.62284	387349.0	1775936896.593675	0.0	1.0	0.0	-1.0	-1.0	-1.0	1775936896.593675	closed-hand	Close	1	20260411_124810	Trigger
5227.65	8540.82	4411.305	-710.235	0.0	0.0	0.0	0.0	0.0	0.0	0.0	0.0	0.0	0.0	0.0	0.0	0.0	0.0	144.48275862068965	0.0	0.21887151	0.172790085	0.973447215	15.1837	-1.3428799999999999	6.62284	387350.0	1775936896.593705	0.0	1.0	0.0	-1.0	-1.0	-1.0	1775936896.593705	closed-hand	Close	1	20260411_124810	Trigger
17939.204999999998	17779.59	15467.085	3142.305	0.0	0.0	0.0	0.0	0.0	0.0	0.0	0.0	0.0	0.0	0.0	0.0	0.0	0.0	144.48275862068965	0.0	0.21887151	0.172790085	0.973447215	15.1837	-1.3428799999999999	6.62284	387351.0	1775936896.597618	0.0	1.0	0.0	-1.0	-1.0	-1.0	1775936896.597618	closed-hand	Close	1	20260411_124810	Trigger
23965.559999999998	8168.174999999999	21364.155	9656.324999999999	0.0	0.0	0.0	0.0	0.0	0.0	0.0	0.0	0.0	0.0	0.0	0.0	0.0	0.0	144.48275862068965	0.0	0.21887151	0.172790085	0.973447215	15.1837	-1.3428799999999999	6.62284	387352.0	1775936896.59766	0.0	1.0	0.0	-1.0	-1.0	-1.0	1775936896.59766	closed-hand	Close	1	20260411_124810	Trigger
6945.57	671.22	6308.82	3482.055	0.0	0.0	0.0	0.0	0.0	0.0	0.0	0.0	0.0	0.0	0.0	0.0	0.0	0.0	144.48275862068965	0.0	0.21887151	0.172790085	0.973447215	15.1837	-1.3428799999999999	6.62284	387353.0	1775936896.601584	0.0	1.0	0.0	-1.0	-1.0	-1.0	1775936896.601584	closed-hand	Close	1	20260411_124810	Trigger
1236.735	-912.78	1126.305	775.53	0.0	0.0	0.0	0.0	0.0	0.0	0.0	0.0	0.0	0.0	0.0	0.0	0.0	0.0	144.48275862068965	0.0	0.21887151	0.172790085	0.973447215	15.1837	-1.3428799999999999	6.62284	387354.0	1775936896.601608	0.0	1.0	0.0	-1.0	-1.0	-1.0	1775936896.601608	closed-hand	Close	1	20260411_124810	Trigger
22059.27	-10975.949999999999	19564.469999999998	12291.57	0.0	0.0	0.0	0.0	0.0	0.0	0.0	0.0	0.0	0.0	0.0	0.0	0.0	0.0	144.48275862068965	0.0	0.21887151	0.172790085	0.973447215	15.1837	-1.3428799999999999	6.62284	387355.0	1775936896.605616	0.0	1.0	0.0	-1.0	-1.0	-1.0	1775936896.605616	closed-hand	Close	1	20260411_124810	Trigger
32914.935	-11154.15	28400.579999999998	15398.055	0.0	0.0	0.0	0.0	0.0	0.0	0.0	0.0	0.0	0.0	0.0	0.0	0.0	0.0	144.48275862068965	0.0	0.21887151	0.172790085	0.973447215	15.1837	-1.3428799999999999	6.62284	387356.0	1775936896.60564	0.0	1.0	0.0	-1.0	-1.0	-1.0	1775936896.60564	closed-hand	Close	1	20260411_124810	Trigger
13476.51	-1407.735	11147.805	4200.615	0.0	0.0	0.0	0.0	0.0	0.0	0.0	0.0	0.0	0.0	0.0	0.0	0.0	0.0	144.48275862068965	0.0	0.21887151	0.172790085	0.973447215	15.1837	-1.3428799999999999	6.62284	387357.0	1775936896.61374	0.0	1.0	0.0	-1.0	-1.0	-1.0	1775936896.61374	closed-hand	Close	1	20260411_124810	Trigger
2932.38	4352.175	2417.4	319.09499999999997	0.0	0.0	0.0	0.0	0.0	0.0	0.0	0.0	0.0	0.0	0.0	0.0	0.0	0.0	144.48275862068965	0.0	0.21887151	0.172790085	0.973447215	15.1837	-1.3428799999999999	6.62284	387358.0	1775936896.613771	0.0	1.0	0.0	-1.0	-1.0	-1.0	1775936896.613771	closed-hand	Close	1	20260411_124810	Trigger
14538.869999999999	19867.454999999998	12259.8	4372.605	0.0	0.0	0.0	0.0	0.0	0.0	0.0	0.0	0.0	0.0	0.0	0.0	0.0	0.0	144.48275862068965	0.0	0.218444265	0.17852737500000002	0.971372025	17.71686	-5.646199999999999	10.51414	387359.0	1775936896.613807	0.0	1.0	0.0	-1.0	-1.0	-1.0	1775936896.613807	closed-hand	Close	1	20260411_124810	Trigger
24450.21	15146.865	21422.204999999998	11976.029999999999	0.0	0.0	0.0	0.0	0.0	0.0	0.0	0.0	0.0	0.0	0.0	0.0	0.0	0.0	144.48275862068965	0.0	0.218444265	0.17852737500000002	0.971372025	17.71686	-5.646199999999999	10.51414	387360.0	1775936896.613833	0.0	1.0	0.0	-1.0	-1.0	-1.0	1775936896.613833	closed-hand	Close	1	20260411_124810	Trigger
13351.545	3576.69	11977.154999999999	7759.349999999999	0.0	0.0	0.0	0.0	0.0	0.0	0.0	0.0	0.0	0.0	0.0	0.0	0.0	0.0	144.48275862068965	0.0	0.218444265	0.17852737500000002	0.971372025	17.71686	-5.646199999999999	10.51414	387361.0	1775936896.617704	0.0	1.0	0.0	-1.0	-1.0	-1.0	1775936896.617704	closed-hand	Close	1	20260411_124810	Trigger
441.45	-129.96	401.265	283.275	0.0	0.0	0.0	0.0	0.0	0.0	0.0	0.0	0.0	0.0	0.0	0.0	0.0	0.0	144.48275862068965	0.0	0.218444265	0.17852737500000002	0.971372025	17.71686	-5.646199999999999	10.51414	387362.0	1775936896.617727	0.0	1.0	0.0	-1.0	-1.0	-1.0	1775936896.617727	closed-hand	Close	1	20260411_124810	Trigger
13404.689999999999	-6613.38	11971.619999999999	8483.895	0.0	0.0	0.0	0.0	0.0	0.0	0.0	0.0	0.0	0.0	0.0	0.0	0.0	0.0	144.48275862068965	0.0	0.218444265	0.17852737500000002	0.971372025	17.71686	-5.646199999999999	10.51414	387363.0	1775936896.621701	0.0	1.0	0.0	-1.0	-1.0	-1.0	1775936896.621701	closed-hand	Close	1	20260411_124810	Trigger
34307.235	-11716.785	29758.094999999998	19348.965	0.0	0.0	0.0	0.0	0.0	0.0	0.0	0.0	0.0	0.0	0.0	0.0	0.0	0.0	144.48275862068965	0.0	0.218444265	0.17852737500000002	0.971372025	17.71686	-5.646199999999999	10.51414	387364.0	1775936896.621726	0.0	1.0	0.0	-1.0	-1.0	-1.0	1775936896.621726	closed-hand	Close	1	20260411_124810	Trigger
20924.684999999998	-2281.95	17408.655	9330.975	0.0	0.0	0.0	0.0	0.0	0.0	0.0	0.0	0.0	0.0	0.0	0.0	0.0	0.0	144.48275862068965	0.0	0.218444265	0.17852737500000002	0.971372025	17.71686	-5.646199999999999	10.51414	387365.0	1775936896.625593	0.0	1.0	0.0	-1.0	-1.0	-1.0	1775936896.625593	closed-hand	Close	1	20260411_124810	Trigger
3035.97	1787.445	2437.785	835.38	0.0	0.0	0.0	0.0	0.0	0.0	0.0	0.0	0.0	0.0	0.0	0.0	0.0	0.0	144.48275862068965	0.0	0.218444265	0.17852737500000002	0.971372025	17.71686	-5.646199999999999	10.51414	387366.0	1775936896.625616	0.0	1.0	0.0	-1.0	-1.0	-1.0	1775936896.625616	closed-hand	Close	1	20260411_124810	Trigger
10546.65	16575.48	8775.9	3725.2349999999997	0.0	0.0	0.0	0.0	0.0	0.0	0.0	0.0	0.0	0.0	0.0	0.0	0.0	0.0	144.48275862068965	0.0	0.218444265	0.17852737500000002	0.971372025	17.71686	-5.646199999999999	10.51414	387367.0	1775936896.631296	0.0	1.0	0.0	-1.0	-1.0	-1.0	1775936896.631296	closed-hand	Close	1	20260411_124810	Trigger
22832.684999999998	19475.505	19693.844999999998	11799.72	0.0	0.0	0.0	0.0	0.0	0.0	0.0	0.0	0.0	0.0	0.0	0.0	0.0	0.0	144.48275862068965	0.0	0.218444265	0.17852737500000002	0.971372025	17.71686	-5.646199999999999	10.51414	387368.0	1775936896.63132	0.0	1.0	0.0	-1.0	-1.0	-1.0	1775936896.63132	closed-hand	Close	1	20260411_124810	Trigger
19914.12	7217.505	17703.495	12232.89	0.0	0.0	0.0	0.0	0.0	0.0	0.0	0.0	0.0	0.0	0.0	0.0	0.0	0.0	144.48275862068965	0.0	0.211608345	0.184264665	0.969785115	17.83894	-9.3849	13.13886	387369.0	1775936896.633785	0.0	1.0	0.0	-1.0	-1.0	-1.0	1775936896.633785	closed-hand	Close	1	20260411_124810	Trigger
1975.59	309.96	1781.9099999999999	1305.8999999999999	0.0	0.0	0.0	0.0	0.0	0.0	0.0	0.0	0.0	0.0	0.0	0.0	0.0	0.0	144.48275862068965	0.0	0.211608345	0.184264665	0.969785115	17.83894	-9.3849	13.13886	387370.0	1775936896.633808	0.0	1.0	0.0	-1.0	-1.0	-1.0	1775936896.633808	closed-hand	Close	1	20260411_124810	Trigger
6202.53	-3191.22	5583.105	3687.795	0.0	0.0	0.0	0.0	0.0	0.0	0.0	0.0	0.0	0.0	0.0	0.0	0.0	0.0	144.48275862068965	0.0	0.211608345	0.184264665	0.969785115	17.83894	-9.3849	13.13886	387371.0	1775936896.637878	0.0	1.0	0.0	-1.0	-1.0	-1.0	1775936896.637878	closed-hand	Close	1	20260411_124810	Trigger
31296.42	-11122.965	27374.175	16365.869999999999	0.0	0.0	0.0	0.0	0.0	0.0	0.0	0.0	0.0	0.0	0.0	0.0	0.0	0.0	144.48275862068965	0.0	0.211608345	0.184264665	0.969785115	17.83894	-9.3849	13.13886	387372.0	1775936896.63791	0.0	1.0	0.0	-1.0	-1.0	-1.0	1775936896.63791	closed-hand	Close	1	20260411_124810	Trigger
27124.11	-3684.42	22839.21	11120.805	0.0	0.0	0.0	0.0	0.0	0.0	0.0	0.0	0.0	0.0	0.0	0.0	0.0	0.0	144.48275862068965	0.0	0.211608345	0.184264665	0.969785115	17.83894	-9.3849	13.13886	387373.0	1775936896.65138	0.0	1.0	0.0	-1.0	-1.0	-1.0	1775936896.65138	closed-hand	Close	1	20260411_124810	Trigger
5930.28	1128.4199999999998	4757.804999999999	1420.875	0.0	0.0	0.0	0.0	0.0	0.0	0.0	0.0	0.0	0.0	0.0	0.0	0.0	0.0	144.55172413793105	0.0	0.211608345	0.184264665	0.969785115	17.83894	-9.3849	13.13886	387374.0	1775936896.651408	0.0	1.0	0.0	-1.0	-1.0	-1.0	1775936896.651408	closed-hand	Close	1	20260411_124810	Trigger
6542.73	10789.154999999999	5437.304999999999	1734.57	0.0	0.0	0.0	0.0	0.0	0.0	0.0	0.0	0.0	0.0	0.0	0.0	0.0	0.0	144.55172413793105	0.0	0.211608345	0.184264665	0.969785115	17.83894	-9.3849	13.13886	387375.0	1775936896.651444	0.0	1.0	0.0	-1.0	-1.0	-1.0	1775936896.651444	closed-hand	Close	1	20260411_124810	Trigger
19607.805	20240.73	16713.855	8580.42	0.0	0.0	0.0	0.0	0.0	0.0	0.0	0.0	0.0	0.0	0.0	0.0	0.0	0.0	144.55172413793105	0.0	0.211608345	0.184264665	0.969785115	17.83894	-9.3849	13.13886	387376.0	1775936896.651467	0.0	1.0	0.0	-1.0	-1.0	-1.0	1775936896.651467	closed-hand	Close	1	20260411_124810	Trigger
24155.01	9803.07	21330.855	13792.275	0.0	0.0	0.0	0.0	0.0	0.0	0.0	0.0	0.0	0.0	0.0	0.0	0.0	0.0	144.55172413793105	0.0	0.211608345	0.184264665	0.969785115	17.83894	-9.3849	13.13886	387377.0	1775936896.651494	0.0	1.0	0.0	-1.0	-1.0	-1.0	1775936896.651494	closed-hand	Close	1	20260411_124810	Trigger
5784.929999999999	992.9699999999999	5210.01	3678.2549999999997	0.0	0.0	0.0	0.0	0.0	0.0	0.0	0.0	0.0	0.0	0.0	0.0	0.0	0.0	144.55172413793105	0.0	0.211608345	0.184264665	0.969785115	17.83894	-9.3849	13.13886	387378.0	1775936896.651516	0.0	1.0	0.0	-1.0	-1.0	-1.0	1775936896.651516	closed-hand	Close	1	20260411_124810	Trigger
2095.4249999999997	-567.0	1923.705	-1569.24	0.0	0.0	0.0	0.0	0.0	0.0	0.0	0.0	0.0	0.0	0.0	0.0	0.0	0.0	144.55172413793105	0.0	0.206603475	0.191222655	0.96764889	12.681059999999999	-13.21516	13.3525	387379.0	1775936896.654877	0.0	1.0	0.0	-1.0	-1.0	-1.0	1775936896.654877	closed-hand	Close	1	20260411_124810	Trigger
21691.395	-1221.435	19297.44	-14096.295	0.0	0.0	0.0	0.0	0.0	0.0	0.0	0.0	0.0	0.0	0.0	0.0	0.0	0.0	144.55172413793105	0.0	0.206603475	0.191222655	0.96764889	12.681059999999999	-13.21516	13.3525	387380.0	1775936896.654903	0.0	1.0	0.0	-1.0	-1.0	-1.0	1775936896.654903	closed-hand	Close	1	20260411_124810	Trigger
25775.73	6427.304999999999	22046.309999999998	-22807.98	0.0	0.0	0.0	0.0	0.0	0.0	0.0	0.0	0.0	0.0	0.0	0.0	0.0	0.0	144.55172413793105	0.0	0.206603475	0.191222655	0.96764889	12.681059999999999	-13.21516	13.3525	387381.0	1775936896.65777	0.0	1.0	0.0	-1.0	-1.0	-1.0	1775936896.65777	closed-hand	Close	1	20260411_124810	Trigger
8578.035	6981.4349999999995	6875.415	-13353.345	0.0	0.0	0.0	0.0	0.0	0.0	0.0	0.0	0.0	0.0	0.0	0.0	0.0	0.0	144.55172413793105	0.0	0.206603475	0.191222655	0.96764889	12.681059999999999	-13.21516	13.3525	387382.0	1775936896.657794	0.0	1.0	0.0	-1.0	-1.0	-1.0	1775936896.657794	closed-hand	Close	1	20260411_124810	Trigger
2727.4049999999997	4596.345	2073.105	-4127.985	0.0	0.0	0.0	0.0	0.0	0.0	0.0	0.0	0.0	0.0	0.0	0.0	0.0	0.0	144.55172413793105	0.0	0.206603475	0.191222655	0.96764889	12.681059999999999	-13.21516	13.3525	387383.0	1775936896.66176	0.0	1.0	0.0	-1.0	-1.0	-1.0	1775936896.66176	closed-hand	Close	1	20260411_124810	Trigger
12938.58	14069.295	10399.005	-12889.17	0.0	0.0	0.0	0.0	0.0	0.0	0.0	0.0	0.0	0.0	0.0	0.0	0.0	0.0	144.55172413793105	0.0	0.206603475	0.191222655	0.96764889	12.681059999999999	-13.21516	13.3525	387384.0	1775936896.661783	0.0	1.0	0.0	-1.0	-1.0	-1.0	1775936896.661783	closed-hand	Close	1	20260411_124810	Trigger
21820.86	6425.1449999999995	18753.524999999998	-6967.17	0.0	0.0	0.0	0.0	0.0	0.0	0.0	0.0	0.0	0.0	0.0	0.0	0.0	0.0	144.55172413793105	0.0	0.206603475	0.191222655	0.96764889	12.681059999999999	-13.21516	13.3525	387385.0	1775936896.665733	0.0	1.0	0.0	-1.0	-1.0	-1.0	1775936896.665733	closed-hand	Close	1	20260411_124810	Trigger
10545.345	-122.94	9342.72	-470.07	0.0	0.0	0.0	0.0	0.0	0.0	0.0	0.0	0.0	0.0	0.0	0.0	0.0	0.0	144.55172413793105	0.0	0.206603475	0.191222655	0.96764889	12.681059999999999	-13.21516	13.3525	387386.0	1775936896.665756	0.0	1.0	0.0	-1.0	-1.0	-1.0	1775936896.665756	closed-hand	Close	1	20260411_124810	Trigger
406.97999999999996	-348.97499999999997	368.72999999999996	92.205	0.0	0.0	0.0	0.0	0.0	0.0	0.0	0.0	0.0	0.0	0.0	0.0	0.0	0.0	144.55172413793105	0.0	0.206603475	0.191222655	0.96764889	12.681059999999999	-13.21516	13.3525	387387.0	1775936896.66988	0.0	1.0	0.0	-1.0	-1.0	-1.0	1775936896.66988	closed-hand	Close	1	20260411_124810	Trigger
15270.525	-9627.164999999999	13499.91	4272.75	0.0	0.0	0.0	0.0	0.0	0.0	0.0	0.0	0.0	0.0	0.0	0.0	0.0	0.0	144.55172413793105	0.0	0.206603475	0.191222655	0.96764889	12.681059999999999	-13.21516	13.3525	387388.0	1775936896.669907	0.0	1.0	0.0	-1.0	-1.0	-1.0	1775936896.669907	closed-hand	Close	1	20260411_124810	Trigger
32871.06	-16134.93	28169.145	5025.465	0.0	0.0	0.0	0.0	0.0	0.0	0.0	0.0	0.0	0.0	0.0	0.0	0.0	0.0	144.55172413793105	0.0	0.219726	0.200255835	0.969052695	10.02582	-11.68916	16.38924	387389.0	1775936896.673867	0.0	1.0	0.0	-1.0	-1.0	-1.0	1775936896.673867	closed-hand	Close	1	20260411_124810	Trigger
17715.735	-5273.37	14457.375	-2053.62	0.0	0.0	0.0	0.0	0.0	0.0	0.0	0.0	0.0	0.0	0.0	0.0	0.0	0.0	144.55172413793105	0.0	0.219726	0.200255835	0.969052695	10.02582	-11.68916	16.38924	387390.0	1775936896.673892	0.0	1.0	0.0	-1.0	-1.0	-1.0	1775936896.673892	closed-hand	Close	1	20260411_124810	Trigger
2514.15	1717.11	1944.585	-1394.1	0.0	0.0	0.0	0.0	0.0	0.0	0.0	0.0	0.0	0.0	0.0	0.0	0.0	0.0	144.55172413793105	0.0	0.219726	0.200255835	0.969052695	10.02582	-11.68916	16.38924	387391.0	1775936896.677849	0.0	1.0	0.0	-1.0	-1.0	-1.0	1775936896.677849	closed-hand	Close	1	20260411_124810	Trigger
10896.66	15125.805	8659.485	-3556.7549999999997	0.0	0.0	0.0	0.0	0.0	0.0	0.0	0.0	0.0	0.0	0.0	0.0	0.0	0.0	144.55172413793105	0.0	0.219726	0.200255835	0.969052695	10.02582	-11.68916	16.38924	387392.0	1775936896.677874	0.0	1.0	0.0	-1.0	-1.0	-1.0	1775936896.677874	closed-hand	Close	1	20260411_124810	Trigger
22279.004999999997	13869.675	18800.37	1819.935	0.0	0.0	0.0	0.0	0.0	0.0	0.0	0.0	0.0	0.0	0.0	0.0	0.0	0.0	144.55172413793105	0.0	0.219726	0.200255835	0.969052695	10.02582	-11.68916	16.38924	387393.0	1775936896.687101	0.0	1.0	0.0	-1.0	-1.0	-1.0	1775936896.687101	closed-hand	Close	1	20260411_124810	Trigger
17497.079999999998	3350.6099999999997	15334.064999999999	5057.28	0.0	0.0	0.0	0.0	0.0	0.0	0.0	0.0	0.0	0.0	0.0	0.0	0.0	0.0	144.55172413793105	0.0	0.219726	0.200255835	0.969052695	10.02582	-11.68916	16.38924	387394.0	1775936896.687136	0.0	1.0	0.0	-1.0	-1.0	-1.0	1775936896.687136	closed-hand	Close	1	20260411_124810	Trigger
1281.6	-31.14	1140.345	475.335	0.0	0.0	0.0	0.0	0.0	0.0	0.0	0.0	0.0	0.0	0.0	0.0	0.0	0.0	144.55172413793105	0.0	0.219726	0.200255835	0.969052695	10.02582	-11.68916	16.38924	387395.0	1775936896.687175	0.0	1.0	0.0	-1.0	-1.0	-1.0	1775936896.687175	closed-hand	Close	1	20260411_124810	Trigger
8066.384999999999	-4969.889999999999	7190.82	4132.98	0.0	0.0	0.0	0.0	0.0	0.0	0.0	0.0	0.0	0.0	0.0	0.0	0.0	0.0	144.55172413793105	0.0	0.219726	0.200255835	0.969052695	10.02582	-11.68916	16.38924	387396.0	1775936896.687201	0.0	1.0	0.0	-1.0	-1.0	-1.0	1775936896.687201	closed-hand	Close	1	20260411_124810	Trigger
32558.489999999998	-14795.775	28100.61	13542.84	0.0	0.0	0.0	0.0	0.0	0.0	0.0	0.0	0.0	0.0	0.0	0.0	0.0	0.0	144.55172413793105	0.0	0.219726	0.200255835	0.969052695	10.02582	-11.68916	16.38924	387397.0	1775936896.689826	0.0	1.0	0.0	-1.0	-1.0	-1.0	1775936896.689826	closed-hand	Close	1	20260411_124810	Trigger
25271.73	-6442.0199999999995	20874.51	6379.785	0.0	0.0	0.0	0.0	0.0	0.0	0.0	0.0	0.0	0.0	0.0	0.0	0.0	0.0	144.55172413793105	0.0	0.219726	0.200255835	0.969052695	10.02582	-11.68916	16.38924	387398.0	1775936896.689852	0.0	1.0	0.0	-1.0	-1.0	-1.0	1775936896.689852	closed-hand	Close	1	20260411_124810	Trigger
4637.385	312.435	3627.9	50.669999999999995	0.0	0.0	0.0	0.0	0.0	0.0	0.0	0.0	0.0	0.0	0.0	0.0	0.0	0.0	144.55172413793105	0.0	0.23400819	0.205871055	0.967343715	8.10306	-8.98814	17.67108	387399.0	1775936896.69392	0.0	1.0	0.0	-1.0	-1.0	-1.0	1775936896.69392	closed-hand	Close	1	20260411_124810	Trigger
7146.45	11646.359999999999	5676.48	-298.755	0.0	0.0	0.0	0.0	0.0	0.0	0.0	0.0	0.0	0.0	0.0	0.0	0.0	0.0	144.55172413793105	0.0	0.23400819	0.205871055	0.967343715	8.10306	-8.98814	17.67108	387400.0	1775936896.693945	0.0	1.0	0.0	-1.0	-1.0	-1.0	1775936896.693945	closed-hand	Close	1	20260411_124810	Trigger
19987.785	19347.3	16629.075	4804.065	0.0	0.0	0.0	0.0	0.0	0.0	0.0	0.0	0.0	0.0	0.0	0.0	0.0	0.0	144.55172413793105	0.0	0.23400819	0.205871055	0.967343715	8.10306	-8.98814	17.67108	387401.0	1775936896.697807	0.0	1.0	0.0	-1.0	-1.0	-1.0	1775936896.697807	closed-hand	Close	1	20260411_124810	Trigger
22855.95	8477.91	19871.28	9779.85	0.0	0.0	0.0	0.0	0.0	0.0	0.0	0.0	0.0	0.0	0.0	0.0	0.0	0.0	144.55172413793105	0.0	0.23400819	0.205871055	0.967343715	8.10306	-8.98814	17.67108	387402.0	1775936896.697832	0.0	1.0	0.0	-1.0	-1.0	-1.0	1775936896.697832	closed-hand	Close	1	20260411_124810	Trigger
4388.67	663.39	3899.97	2236.3199999999997	0.0	0.0	0.0	0.0	0.0	0.0	0.0	0.0	0.0	0.0	0.0	0.0	0.0	0.0	144.55172413793105	0.0	0.23400819	0.205871055	0.967343715	8.10306	-8.98814	17.67108	387403.0	1775936896.701832	0.0	1.0	0.0	-1.0	-1.0	-1.0	1775936896.701832	closed-hand	Close	1	20260411_124810	Trigger
2858.895	-1782.495	2566.035	1737.225	0.0	0.0	0.0	0.0	0.0	0.0	0.0	0.0	0.0	0.0	0.0	0.0	0.0	0.0	144.55172413793105	0.0	0.23400819	0.205871055	0.967343715	8.10306	-8.98814	17.67108	387404.0	1775936896.701856	0.0	1.0	0.0	-1.0	-1.0	-1.0	1775936896.701856	closed-hand	Close	1	20260411_124810	Trigger
26884.395	-11882.295	23405.985	14321.519999999999	0.0	0.0	0.0	0.0	0.0	0.0	0.0	0.0	0.0	0.0	0.0	0.0	0.0	0.0	144.55172413793105	0.0	0.23400819	0.205871055	0.967343715	8.10306	-8.98814	17.67108	387405.0	1775936896.70591	0.0	1.0	0.0	-1.0	-1.0	-1.0	1775936896.70591	closed-hand	Close	1	20260411_124810	Trigger
30913.559999999998	-7989.12	25916.985	13070.115	0.0	0.0	0.0	0.0	0.0	0.0	0.0	0.0	0.0	0.0	0.0	0.0	0.0	0.0	144.55172413793105	0.0	0.23400819	0.205871055	0.967343715	8.10306	-8.98814	17.67108	387406.0	1775936896.705936	0.0	1.0	0.0	-1.0	-1.0	-1.0	1775936896.705936	closed-hand	Close	1	20260411_124810	Trigger
9593.55	-61.245	7612.469999999999	2390.805	0.0	0.0	0.0	0.0	0.0	0.0	0.0	0.0	0.0	0.0	0.0	0.0	0.0	0.0	144.55172413793105	0.0	0.23400819	0.205871055	0.967343715	8.10306	-8.98814	17.67108	387407.0	1775936896.709916	0.0	1.0	0.0	-1.0	-1.0	-1.0	1775936896.709916	closed-hand	Close	1	20260411_124810	Trigger
3828.06	6491.745	3057.8849999999998	359.865	0.0	0.0	0.0	0.0	0.0	0.0	0.0	0.0	0.0	0.0	0.0	0.0	0.0	0.0	144.55172413793105	0.0	0.23400819	0.205871055	0.967343715	8.10306	-8.98814	17.67108	387408.0	1775936896.709946	0.0	1.0	0.0	-1.0	-1.0	-1.0	1775936896.709946	closed-hand	Close	1	20260411_124810	Trigger
16406.235	21167.55	13475.699999999999	4972.86	0.0	0.0	0.0	0.0	0.0	0.0	0.0	0.0	0.0	0.0	0.0	0.0	0.0	0.0	144.55172413793105	0.0	0.23840271	0.20129343	0.968076135	10.01056	-7.5079199999999995	16.4808	387409.0	1775936896.713938	0.0	1.0	0.0	-1.0	-1.0	-1.0	1775936896.713938	closed-hand	Close	1	20260411_124810	Trigger
24665.985	13791.42	21246.03	11939.085	0.0	0.0	0.0	0.0	0.0	0.0	0.0	0.0	0.0	0.0	0.0	0.0	0.0	0.0	144.55172413793105	0.0	0.23840271	0.20129343	0.968076135	10.01056	-7.5079199999999995	16.4808	387410.0	1775936896.713982	0.0	1.0	0.0	-1.0	-1.0	-1.0	1775936896.713982	closed-hand	Close	1	20260411_124810	Trigger
10085.94	2570.805	8926.02	5741.099999999999	0.0	0.0	0.0	0.0	0.0	0.0	0.0	0.0	0.0	0.0	0.0	0.0	0.0	0.0	144.55172413793105	0.0	0.23840271	0.20129343	0.968076135	10.01056	-7.5079199999999995	16.4808	387411.0	1775936896.717859	0.0	1.0	0.0	-1.0	-1.0	-1.0	1775936896.717859	closed-hand	Close	1	20260411_124810	Trigger
658.845	-477.99	600.795	446.35499999999996	0.0	0.0	0.0	0.0	0.0	0.0	0.0	0.0	0.0	0.0	0.0	0.0	0.0	0.0	144.55172413793105	0.0	0.23840271	0.20129343	0.968076135	10.01056	-7.5079199999999995	16.4808	387412.0	1775936896.7179	0.0	1.0	0.0	-1.0	-1.0	-1.0	1775936896.7179	closed-hand	Close	1	20260411_124810	Trigger
18585.045	-8520.3	16344.585	11233.395	0.0	0.0	0.0	0.0	0.0	0.0	0.0	0.0	0.0	0.0	0.0	0.0	0.0	0.0	144.55172413793105	0.0	0.23840271	0.20129343	0.968076135	10.01056	-7.5079199999999995	16.4808	387413.0	1775936896.722008	0.0	1.0	0.0	-1.0	-1.0	-1.0	1775936896.722008	closed-hand	Close	1	20260411_124810	Trigger
33830.549999999996	-9786.195	28701.18	17600.535	0.0	0.0	0.0	0.0	0.0	0.0	0.0	0.0	0.0	0.0	0.0	0.0	0.0	0.0	144.55172413793105	0.0	0.23840271	0.20129343	0.968076135	10.01056	-7.5079199999999995	16.4808	387414.0	1775936896.722035	0.0	1.0	0.0	-1.0	-1.0	-1.0	1775936896.722035	closed-hand	Close	1	20260411_124810	Trigger
16195.455	-640.395	13059.494999999999	6180.344999999999	0.0	0.0	0.0	0.0	0.0	0.0	0.0	0.0	0.0	0.0	0.0	0.0	0.0	0.0	144.55172413793105	0.0	0.23840271	0.20129343	0.968076135	10.01056	-7.5079199999999995	16.4808	387415.0	1775936896.725889	0.0	1.0	0.0	-1.0	-1.0	-1.0	1775936896.725889	closed-hand	Close	1	20260411_124810	Trigger
2308.275	2683.44	1824.435	442.48499999999996	0.0	0.0	0.0	0.0	0.0	0.0	0.0	0.0	0.0	0.0	0.0	0.0	0.0	0.0	144.55172413793105	0.0	0.23840271	0.20129343	0.968076135	10.01056	-7.5079199999999995	16.4808	387416.0	1775936896.725913	0.0	1.0	0.0	-1.0	-1.0	-1.0	1775936896.725913	closed-hand	Close	1	20260411_124810	Trigger
12068.955	18810.36	9875.654999999999	4086.6299999999997	0.0	0.0	0.0	0.0	0.0	0.0	0.0	0.0	0.0	0.0	0.0	0.0	0.0	0.0	144.55172413793105	0.0	0.23840271	0.20129343	0.968076135	10.01056	-7.5079199999999995	16.4808	387417.0	1775936896.729993	0.0	1.0	0.0	-1.0	-1.0	-1.0	1775936896.729993	closed-hand	Close	1	20260411_124810	Trigger
23295.825	18382.905	19918.17	11874.734999999999	0.0	0.0	0.0	0.0	0.0	0.0	0.0	0.0	0.0	0.0	0.0	0.0	0.0	0.0	144.55172413793105	0.0	0.23840271	0.20129343	0.968076135	10.01056	-7.5079199999999995	16.4808	387418.0	1775936896.730016	0.0	1.0	0.0	-1.0	-1.0	-1.0	1775936896.730016	closed-hand	Close	1	20260411_124810	Trigger
16638.524999999998	5821.335	14673.555	10005.795	0.0	0.0	0.0	0.0	0.0	0.0	0.0	0.0	0.0	0.0	0.0	0.0	0.0	0.0	144.55172413793105	0.0	0.235411995	0.192443355	0.96874752	13.779779999999999	-4.0896799999999995	12.5895	387419.0	1775936896.734004	0.0	1.0	0.0	-1.0	-1.0	-1.0	1775936896.734004	closed-hand	Close	1	20260411_124810	Trigger
970.875	88.11	868.68	626.265	0.0	0.0	0.0	0.0	0.0	0.0	0.0	0.0	0.0	0.0	0.0	0.0	0.0	0.0	144.55172413793105	0.0	0.235411995	0.192443355	0.96874752	13.779779999999999	-4.0896799999999995	12.5895	387420.0	1775936896.734028	0.0	1.0	0.0	-1.0	-1.0	-1.0	1775936896.734028	closed-hand	Close	1	20260411_124810	Trigger
10167.615	-5058.675	9060.029999999999	6672.554999999999	0.0	0.0	0.0	0.0	0.0	0.0	0.0	0.0	0.0	0.0	0.0	0.0	0.0	0.0	144.55172413793105	0.0	0.235411995	0.192443355	0.96874752	13.779779999999999	-4.0896799999999995	12.5895	387421.0	1775936896.737982	0.0	1.0	0.0	-1.0	-1.0	-1.0	1775936896.737982	closed-hand	Close	1	20260411_124810	Trigger
33276.375	-11039.355	28650.735	19443.285	0.0	0.0	0.0	0.0	0.0	0.0	0.0	0.0	0.0	0.0	0.0	0.0	0.0	0.0	144.55172413793105	0.0	0.235411995	0.192443355	0.96874752	13.779779999999999	-4.0896799999999995	12.5895	387422.0	1775936896.738005	0.0	1.0	0.0	-1.0	-1.0	-1.0	1775936896.738005	closed-hand	Close	1	20260411_124810	Trigger
23041.079999999998	-2165.085	18947.79	10876.77	0.0	0.0	0.0	0.0	0.0	0.0	0.0	0.0	0.0	0.0	0.0	0.0	0.0	0.0	144.55172413793105	0.0	0.235411995	0.192443355	0.96874752	13.779779999999999	-4.0896799999999995	12.5895	387423.0	1775936896.742042	0.0	1.0	0.0	-1.0	-1.0	-1.0	1775936896.742042	closed-hand	Close	1	20260411_124810	Trigger
3482.8199999999997	1127.655	2728.845	1107.585	0.0	0.0	0.0	0.0	0.0	0.0	0.0	0.0	0.0	0.0	0.0	0.0	0.0	0.0	144.55172413793105	0.0	0.235411995	0.192443355	0.96874752	13.779779999999999	-4.0896799999999995	12.5895	387424.0	1775936896.742065	0.0	1.0	0.0	-1.0	-1.0	-1.0	1775936896.742065	closed-hand	Close	1	20260411_124810	Trigger
7743.78	13522.14	6345.9	2766.7349999999997	0.0	0.0	0.0	0.0	0.0	0.0	0.0	0.0	0.0	0.0	0.0	0.0	0.0	0.0	144.55172413793105	0.0	0.235411995	0.192443355	0.96874752	13.779779999999999	-4.0896799999999995	12.5895	387425.0	1775936896.746014	0.0	1.0	0.0	-1.0	-1.0	-1.0	1775936896.746014	closed-hand	Close	1	20260411_124810	Trigger
20313.585	21677.76	17232.255	10457.505	0.0	0.0	0.0	0.0	0.0	0.0	0.0	0.0	0.0	0.0	0.0	0.0	0.0	0.0	144.55172413793105	0.0	0.235411995	0.192443355	0.96874752	13.779779999999999	-4.0896799999999995	12.5895	387426.0	1775936896.746037	0.0	1.0	0.0	-1.0	-1.0	-1.0	1775936896.746037	closed-hand	Close	1	20260411_124810	Trigger
21923.28	10082.43	19268.01	13557.96	0.0	0.0	0.0	0.0	0.0	0.0	0.0	0.0	0.0	0.0	0.0	0.0	0.0	0.0	144.55172413793105	0.0	0.235411995	0.192443355	0.96874752	13.779779999999999	-4.0896799999999995	12.5895	387427.0	1775936896.75002	0.0	1.0	0.0	-1.0	-1.0	-1.0	1775936896.75002	closed-hand	Close	1	20260411_124810	Trigger
3624.2549999999997	841.0949999999999	3244.5899999999997	2420.685	0.0	0.0	0.0	0.0	0.0	0.0	0.0	0.0	0.0	0.0	0.0	0.0	0.0	0.0	144.55172413793105	0.0	0.235411995	0.192443355	0.96874752	13.779779999999999	-4.0896799999999995	12.5895	387428.0	1775936896.750045	0.0	1.0	0.0	-1.0	-1.0	-1.0	1775936896.750045	closed-hand	Close	1	20260411_124810	Trigger
4115.745	-2284.11	3711.69	2858.67	0.0	0.0	0.0	0.0	0.0	0.0	0.0	0.0	0.0	0.0	0.0	0.0	0.0	0.0	144.55172413793105	0.0	0.23120058000000002	0.195128895	0.96618405	15.54994	-1.05294	8.28618	387429.0	1775936896.755431	0.0	1.0	0.0	-1.0	-1.0	-1.0	1775936896.755431	closed-hand	Close	1	20260411_124810	Trigger
28715.129999999997	-10671.57	25054.245	17979.255	0.0	0.0	0.0	0.0	0.0	0.0	0.0	0.0	0.0	0.0	0.0	0.0	0.0	0.0	144.55172413793105	0.0	0.23120058000000002	0.195128895	0.96618405	15.54994	-1.05294	8.28618	387430.0	1775936896.755462	0.0	1.0	0.0	-1.0	-1.0	-1.0	1775936896.755462	closed-hand	Close	1	20260411_124810	Trigger
28779.524999999998	-4451.22	24080.67	15318.045	0.0	0.0	0.0	0.0	0.0	0.0	0.0	0.0	0.0	0.0	0.0	0.0	0.0	0.0	144.55172413793105	0.0	0.23120058000000002	0.195128895	0.96618405	15.54994	-1.05294	8.28618	387431.0	1775936896.759572	0.0	1.0	0.0	-1.0	-1.0	-1.0	1775936896.759572	closed-hand	Close	1	20260411_124810	Trigger
7470.45	986.5799999999999	5918.67	2991.06	0.0	0.0	0.0	0.0	0.0	0.0	0.0	0.0	0.0	0.0	0.0	0.0	0.0	0.0	144.55172413793105	0.0	0.23120058000000002	0.195128895	0.96618405	15.54994	-1.05294	8.28618	387432.0	1775936896.759597	0.0	1.0	0.0	-1.0	-1.0	-1.0	1775936896.759597	closed-hand	Close	1	20260411_124810	Trigger
4126.139999999999	7236.2699999999995	3450.24	1733.2649999999999	0.0	0.0	0.0	0.0	0.0	0.0	0.0	0.0	0.0	0.0	0.0	0.0	0.0	0.0	144.55172413793105	0.0	0.23120058000000002	0.195128895	0.96618405	15.54994	-1.05294	8.28618	387433.0	1775936896.762098	0.0	1.0	0.0	-1.0	-1.0	-1.0	1775936896.762098	closed-hand	Close	1	20260411_124810	Trigger
16643.024999999998	21546.405	14143.23	8895.869999999999	0.0	0.0	0.0	0.0	0.0	0.0	0.0	0.0	0.0	0.0	0.0	0.0	0.0	0.0	144.55172413793105	0.0	0.23120058000000002	0.195128895	0.96618405	15.54994	-1.05294	8.28618	387434.0	1775936896.762122	0.0	1.0	0.0	-1.0	-1.0	-1.0	1775936896.762122	closed-hand	Close	1	20260411_124810	Trigger
24147.045	13599.539999999999	21243.105	15416.144999999999	0.0	0.0	0.0	0.0	0.0	0.0	0.0	0.0	0.0	0.0	0.0	0.0	0.0	0.0	144.55172413793105	0.0	0.23120058000000002	0.195128895	0.96618405	15.54994	-1.05294	8.28618	387435.0	1775936896.766154	0.0	1.0	0.0	-1.0	-1.0	-1.0	1775936896.766154	closed-hand	Close	1	20260411_124810	Trigger
8886.015	2323.485	7978.995	6143.219999999999	0.0	0.0	0.0	0.0	0.0	0.0	0.0	0.0	0.0	0.0	0.0	0.0	0.0	0.0	144.55172413793105	0.0	0.23120058000000002	0.195128895	0.96618405	15.54994	-1.05294	8.28618	387436.0	1775936896.766184	0.0	1.0	0.0	-1.0	-1.0	-1.0	1775936896.766184	closed-hand	Close	1	20260411_124810	Trigger
1125.405	-777.3299999999999	1031.04	834.7049999999999	0.0	0.0	0.0	0.0	0.0	0.0	0.0	0.0	0.0	0.0	0.0	0.0	0.0	0.0	144.55172413793105	0.0	0.23120058000000002	0.195128895	0.96618405	15.54994	-1.05294	8.28618	387437.0	1775936896.769952	0.0	1.0	0.0	-1.0	-1.0	-1.0	1775936896.769952	closed-hand	Close	1	20260411_124810	Trigger
21085.29	-8948.205	18660.285	14189.175	0.0	0.0	0.0	0.0	0.0	0.0	0.0	0.0	0.0	0.0	0.0	0.0	0.0	0.0	144.55172413793105	0.0	0.23120058000000002	0.195128895	0.96618405	15.54994	-1.05294	8.28618	387438.0	1775936896.769979	0.0	1.0	0.0	-1.0	-1.0	-1.0	1775936896.769979	closed-hand	Close	1	20260411_124810	Trigger
32377.094999999998	-7556.13	27639.765	19385.235	0.0	0.0	0.0	0.0	0.0	0.0	0.0	0.0	0.0	0.0	0.0	0.0	0.0	0.0	144.55172413793105	0.0	0.22656192	0.20776314	0.960385725	8.97288	2.0448399999999998	8.05728	387439.0	1775936896.775505	0.0	1.0	0.0	-1.0	-1.0	-1.0	1775936896.775505	closed-hand	Close	1	20260411_124810	Trigger
13455.135	521.775	10916.55	6546.42	0.0	0.0	0.0	0.0	0.0	0.0	0.0	0.0	0.0	0.0	0.0	0.0	0.0	0.0	144.55172413793105	0.0	0.22656192	0.20776314	0.960385725	8.97288	2.0448399999999998	8.05728	387440.0	1775936896.775533	0.0	1.0	0.0	-1.0	-1.0	-1.0	1775936896.775533	closed-hand	Close	1	20260411_124810	Trigger
2120.085	3232.035	1730.61	823.14	0.0	0.0	0.0	0.0	0.0	0.0	0.0	0.0	0.0	0.0	0.0	0.0	0.0	0.0	144.55172413793105	0.0	0.22656192	0.20776314	0.960385725	8.97288	2.0448399999999998	8.05728	387441.0	1775936896.778052	0.0	1.0	0.0	-1.0	-1.0	-1.0	1775936896.778052	closed-hand	Close	1	20260411_124810	Trigger
12383.369999999999	20250.585	10420.695	6300.2699999999995	0.0	0.0	0.0	0.0	0.0	0.0	0.0	0.0	0.0	0.0	0.0	0.0	0.0	0.0	144.55172413793105	0.0	0.22656192	0.20776314	0.960385725	8.97288	2.0448399999999998	8.05728	387442.0	1775936896.778077	0.0	1.0	0.0	-1.0	-1.0	-1.0	1775936896.778077	closed-hand	Close	1	20260411_124810	Trigger
22969.079999999998	19024.785	20083.725	14435.775	0.0	0.0	0.0	0.0	0.0	0.0	0.0	0.0	0.0	0.0	0.0	0.0	0.0	0.0	144.55172413793105	0.0	0.22656192	0.20776314	0.960385725	8.97288	2.0448399999999998	8.05728	387443.0	1775936896.783508	0.0	1.0	0.0	-1.0	-1.0	-1.0	1775936896.783508	closed-hand	Close	1	20260411_124810	Trigger
15246.494999999999	5876.6849999999995	13663.529999999999	10537.109999999999	0.0	0.0	0.0	0.0	0.0	0.0	0.0	0.0	0.0	0.0	0.0	0.0	0.0	0.0	144.55172413793105	0.0	0.22656192	0.20776314	0.960385725	8.97288	2.0448399999999998	8.05728	387444.0	1775936896.783533	0.0	1.0	0.0	-1.0	-1.0	-1.0	1775936896.783533	closed-hand	Close	1	20260411_124810	Trigger
788.985	-3.5549999999999997	717.12	575.3249999999999	0.0	0.0	0.0	0.0	0.0	0.0	0.0	0.0	0.0	0.0	0.0	0.0	0.0	0.0	144.55172413793105	0.0	0.22656192	0.20776314	0.960385725	8.97288	2.0448399999999998	8.05728	387445.0	1775936896.790495	0.0	1.0	0.0	-1.0	-1.0	-1.0	1775936896.790495	closed-hand	Close	1	20260411_124810	Trigger
12670.92	-5725.08	11321.324999999999	9006.074999999999	0.0	0.0	0.0	0.0	0.0	0.0	0.0	0.0	0.0	0.0	0.0	0.0	0.0	0.0	144.55172413793105	0.0	0.22656192	0.20776314	0.960385725	8.97288	2.0448399999999998	8.05728	387446.0	1775936896.790521	0.0	1.0	0.0	-1.0	-1.0	-1.0	1775936896.790521	closed-hand	Close	1	20260411_124810	Trigger
33200.729999999996	-9351.18	28752.254999999997	21566.43	0.0	0.0	0.0	0.0	0.0	0.0	0.0	0.0	0.0	0.0	0.0	0.0	0.0	0.0	144.55172413793105	0.0	0.22656192	0.20776314	0.960385725	8.97288	2.0448399999999998	8.05728	387447.0	1775936896.790553	0.0	1.0	0.0	-1.0	-1.0	-1.0	1775936896.790553	closed-hand	Close	1	20260411_124810	Trigger
20301.885	-444.555	16819.155	11286.72	0.0	0.0	0.0	0.0	0.0	0.0	0.0	0.0	0.0	0.0	0.0	0.0	0.0	0.0	144.55172413793105	0.0	0.22656192	0.20776314	0.960385725	8.97288	2.0448399999999998	8.05728	387448.0	1775936896.790576	0.0	1.0	0.0	-1.0	-1.0	-1.0	1775936896.790576	closed-hand	Close	1	20260411_124810	Trigger
2694.915	1515.735	2159.0099999999998	1233.81	0.0	0.0	0.0	0.0	0.0	0.0	0.0	0.0	0.0	0.0	0.0	0.0	0.0	0.0	144.55172413793105	0.0	0.23351991	0.21337836000000002	0.960874005	6.36342	3.2045999999999997	11.71968	387449.0	1775936896.794143	0.0	1.0	0.0	-1.0	-1.0	-1.0	1775936896.794143	closed-hand	Close	1	20260411_124810	Trigger
8734.005	15013.305	7464.285	5009.13	0.0	0.0	0.0	0.0	0.0	0.0	0.0	0.0	0.0	0.0	0.0	0.0	0.0	0.0	144.55172413793105	0.0	0.23351991	0.21337836000000002	0.960874005	6.36342	3.2045999999999997	11.71968	387450.0	1775936896.794167	0.0	1.0	0.0	-1.0	-1.0	-1.0	1775936896.794167	closed-hand	Close	1	20260411_124810	Trigger
20606.579999999998	20817.45	18042.66	13581.585	0.0	0.0	0.0	0.0	0.0	0.0	0.0	0.0	0.0	0.0	0.0	0.0	0.0	0.0	144.55172413793105	0.0	0.23351991	0.21337836000000002	0.960874005	6.36342	3.2045999999999997	11.71968	387451.0	1775936896.798133	0.0	1.0	0.0	-1.0	-1.0	-1.0	1775936896.798133	closed-hand	Close	1	20260411_124810	Trigger
20792.835	8902.395	18663.3	14926.275	0.0	0.0	0.0	0.0	0.0	0.0	0.0	0.0	0.0	0.0	0.0	0.0	0.0	0.0	144.55172413793105	0.0	0.23351991	0.21337836000000002	0.960874005	6.36342	3.2045999999999997	11.71968	387452.0	1775936896.798158	0.0	1.0	0.0	-1.0	-1.0	-1.0	1775936896.798158	closed-hand	Close	1	20260411_124810	Trigger
2904.93	586.62	2640.735	2171.295	0.0	0.0	0.0	0.0	0.0	0.0	0.0	0.0	0.0	0.0	0.0	0.0	0.0	0.0	144.55172413793105	0.0	0.23351991	0.21337836000000002	0.960874005	6.36342	3.2045999999999997	11.71968	387453.0	1775936896.80418	0.0	1.0	0.0	-1.0	-1.0	-1.0	1775936896.80418	closed-hand	Close	1	20260411_124810	Trigger
5661.54	-3020.355	5132.295	4246.155	0.0	0.0	0.0	0.0	0.0	0.0	0.0	0.0	0.0	0.0	0.0	0.0	0.0	0.0	144.55172413793105	0.0	0.23351991	0.21337836000000002	0.960874005	6.36342	3.2045999999999997	11.71968	387454.0	1775936896.804225	0.0	1.0	0.0	-1.0	-1.0	-1.0	1775936896.804225	closed-hand	Close	1	20260411_124810	Trigger
30194.55	-10631.475	26547.795	20922.075	0.0	0.0	0.0	0.0	0.0	0.0	0.0	0.0	0.0	0.0	0.0	0.0	0.0	0.0	144.55172413793105	0.0	0.23351991	0.21337836000000002	0.960874005	6.36342	3.2045999999999997	11.71968	387455.0	1775936896.806126	0.0	1.0	0.0	-1.0	-1.0	-1.0	1775936896.806126	closed-hand	Close	1	20260411_124810	Trigger
26600.985	-3161.745	22486.77	16380.0	0.0	0.0	0.0	0.0	0.0	0.0	0.0	0.0	0.0	0.0	0.0	0.0	0.0	0.0	144.55172413793105	0.0	0.23351991	0.21337836000000002	0.960874005	6.36342	3.2045999999999997	11.71968	387456.0	1775936896.80615	0.0	1.0	0.0	-1.0	-1.0	-1.0	1775936896.80615	closed-hand	Close	1	20260411_124810	Trigger
5771.835	1050.93	4643.82	2960.145	0.0	0.0	0.0	0.0	0.0	0.0	0.0	0.0	0.0	0.0	0.0	0.0	0.0	0.0	144.55172413793105	0.0	0.23351991	0.21337836000000002	0.960874005	6.36342	3.2045999999999997	11.71968	387457.0	1775936896.81012	0.0	1.0	0.0	-1.0	-1.0	-1.0	1775936896.81012	closed-hand	Close	1	20260411_124810	Trigger
4562.55	8812.485	3897.9449999999997	2518.74	0.0	0.0	0.0	0.0	0.0	0.0	0.0	0.0	0.0	0.0	0.0	0.0	0.0	0.0	144.55172413793105	0.0	0.23351991	0.21337836000000002	0.960874005	6.36342	3.2045999999999997	11.71968	387458.0	1775936896.810143	0.0	1.0	0.0	-1.0	-1.0	-1.0	1775936896.810143	closed-hand	Close	1	20260411_124810	Trigger
16731.45	23325.66	14520.644999999999	10650.869999999999	0.0	0.0	0.0	0.0	0.0	0.0	0.0	0.0	0.0	0.0	0.0	0.0	0.0	0.0	144.55172413793105	0.0	0.2429193	0.207580035	0.96264402	11.55182	5.8751	12.04014	387459.0	1775936896.816679	0.0	1.0	0.0	-1.0	-1.0	-1.0	1775936896.816679	closed-hand	Close	1	20260411_124810	Trigger
23325.21	14561.055	20801.835	16525.305	0.0	0.0	0.0	0.0	0.0	0.0	0.0	0.0	0.0	0.0	0.0	0.0	0.0	0.0	144.55172413793105	0.0	0.2429193	0.207580035	0.96264402	11.55182	5.8751	12.04014	387460.0	1775936896.816702	0.0	1.0	0.0	-1.0	-1.0	-1.0	1775936896.816702	closed-hand	Close	1	20260411_124810	Trigger
7500.375	2396.835	6799.1849999999995	5595.12	0.0	0.0	0.0	0.0	0.0	0.0	0.0	0.0	0.0	0.0	0.0	0.0	0.0	0.0	144.55172413793105	0.0	0.2429193	0.207580035	0.96264402	11.55182	5.8751	12.04014	387461.0	1775936896.818145	0.0	1.0	0.0	-1.0	-1.0	-1.0	1775936896.818145	closed-hand	Close	1	20260411_124810	Trigger
1784.25	-1097.28	1640.61	1385.1	0.0	0.0	0.0	0.0	0.0	0.0	0.0	0.0	0.0	0.0	0.0	0.0	0.0	0.0	144.55172413793105	0.0	0.2429193	0.207580035	0.96264402	11.55182	5.8751	12.04014	387462.0	1775936896.818168	0.0	1.0	0.0	-1.0	-1.0	-1.0	1775936896.818168	closed-hand	Close	1	20260411_124810	Trigger
23326.379999999997	-8855.595	20759.175	16752.87	0.0	0.0	0.0	0.0	0.0	0.0	0.0	0.0	0.0	0.0	0.0	0.0	0.0	0.0	144.55172413793105	0.0	0.2429193	0.207580035	0.96264402	11.55182	5.8751	12.04014	387463.0	1775936896.822335	0.0	1.0	0.0	-1.0	-1.0	-1.0	1775936896.822335	closed-hand	Close	1	20260411_124810	Trigger
30744.495	-5222.385	26405.145	20067.795	0.0	0.0	0.0	0.0	0.0	0.0	0.0	0.0	0.0	0.0	0.0	0.0	0.0	0.0	144.55172413793105	0.0	0.2429193	0.207580035	0.96264402	11.55182	5.8751	12.04014	387464.0	1775936896.822359	0.0	1.0	0.0	-1.0	-1.0	-1.0	1775936896.822359	closed-hand	Close	1	20260411_124810	Trigger
11027.07	1386.09	9031.275	6154.0199999999995	0.0	0.0	0.0	0.0	0.0	0.0	0.0	0.0	0.0	0.0	0.0	0.0	0.0	0.0	144.55172413793105	0.0	0.2429193	0.207580035	0.96264402	11.55182	5.8751	12.04014	387465.0	1775936896.826245	0.0	1.0	0.0	-1.0	-1.0	-1.0	1775936896.826245	closed-hand	Close	1	20260411_124810	Trigger
2124.1349999999998	3889.62	1809.585	1161.405	0.0	0.0	0.0	0.0	0.0	0.0	0.0	0.0	0.0	0.0	0.0	0.0	0.0	0.0	144.55172413793105	0.0	0.2429193	0.207580035	0.96264402	11.55182	5.8751	12.04014	387466.0	1775936896.826267	0.0	1.0	0.0	-1.0	-1.0	-1.0	1775936896.826267	closed-hand	Close	1	20260411_124810	Trigger
12632.85	21327.57	10956.779999999999	7941.465	0.0	0.0	0.0	0.0	0.0	0.0	0.0	0.0	0.0	0.0	0.0	0.0	0.0	0.0	144.55172413793105	0.0	0.2429193	0.207580035	0.96264402	11.55182	5.8751	12.04014	387467.0	1775936896.830123	0.0	1.0	0.0	-1.0	-1.0	-1.0	1775936896.830123	closed-hand	Close	1	20260411_124810	Trigger
22580.325	18914.985	20100.285	15933.465	0.0	0.0	0.0	0.0	0.0	0.0	0.0	0.0	0.0	0.0	0.0	0.0	0.0	0.0	144.55172413793105	0.0	0.2429193	0.207580035	0.96264402	11.55182	5.8751	12.04014	387468.0	1775936896.830148	0.0	1.0	0.0	-1.0	-1.0	-1.0	1775936896.830148	closed-hand	Close	1	20260411_124810	Trigger
13652.865	5474.5199999999995	12375.585	10210.41	0.0	0.0	0.0	0.0	0.0	0.0	0.0	0.0	0.0	0.0	0.0	0.0	0.0	0.0	144.55172413793105	0.0	0.23864685	0.20324655	0.965512665	6.867	4.10494	5.997179999999999	387469.0	1775936896.836663	0.0	1.0	0.0	-1.0	-1.0	-1.0	1775936896.836663	closed-hand	Close	1	20260411_124810	Trigger
711.9	-165.195	656.8199999999999	558.81	0.0	0.0	0.0	0.0	0.0	0.0	0.0	0.0	0.0	0.0	0.0	0.0	0.0	0.0	144.55172413793105	0.0	0.23864685	0.20324655	0.965512665	6.867	4.10494	5.997179999999999	387470.0	1775936896.836689	0.0	1.0	0.0	-1.0	-1.0	-1.0	1775936896.836689	closed-hand	Close	1	20260411_124810	Trigger
14904.855	-6395.94	13427.144999999999	11005.154999999999	0.0	0.0	0.0	0.0	0.0	0.0	0.0	0.0	0.0	0.0	0.0	0.0	0.0	0.0	144.55172413793105	0.0	0.23864685	0.20324655	0.965512665	6.867	4.10494	5.997179999999999	387471.0	1775936896.839722	0.0	1.0	0.0	-1.0	-1.0	-1.0	1775936896.839722	closed-hand	Close	1	20260411_124810	Trigger
32363.145	-7707.42	28216.664999999997	21988.035	0.0	0.0	0.0	0.0	0.0	0.0	0.0	0.0	0.0	0.0	0.0	0.0	0.0	0.0	144.55172413793105	0.0	0.23864685	0.20324655	0.965512665	6.867	4.10494	5.997179999999999	387472.0	1775936896.839747	0.0	1.0	0.0	-1.0	-1.0	-1.0	1775936896.839747	closed-hand	Close	1	20260411_124810	Trigger
17481.87	853.605	14583.015	10370.205	0.0	0.0	0.0	0.0	0.0	0.0	0.0	0.0	0.0	0.0	0.0	0.0	0.0	0.0	144.55172413793105	0.0	0.23864685	0.20324655	0.965512665	6.867	4.10494	5.997179999999999	387473.0	1775936896.842289	0.0	1.0	0.0	-1.0	-1.0	-1.0	1775936896.842289	closed-hand	Close	1	20260411_124810	Trigger
1966.1399999999999	1633.635	1604.97	990.855	0.0	0.0	0.0	0.0	0.0	0.0	0.0	0.0	0.0	0.0	0.0	0.0	0.0	0.0	144.55172413793105	0.0	0.23864685	0.20324655	0.965512665	6.867	4.10494	5.997179999999999	387474.0	1775936896.842312	0.0	1.0	0.0	-1.0	-1.0	-1.0	1775936896.842312	closed-hand	Close	1	20260411_124810	Trigger
8627.535	16085.25	7539.974999999999	5403.87	0.0	0.0	0.0	0.0	0.0	0.0	0.0	0.0	0.0	0.0	0.0	0.0	0.0	0.0	144.55172413793105	0.0	0.23864685	0.20324655	0.965512665	6.867	4.10494	5.997179999999999	387475.0	1775936896.846194	0.0	1.0	0.0	-1.0	-1.0	-1.0	1775936896.846194	closed-hand	Close	1	20260411_124810	Trigger
20144.565	21537.585	17955.809999999998	14234.22	0.0	0.0	0.0	0.0	0.0	0.0	0.0	0.0	0.0	0.0	0.0	0.0	0.0	0.0	144.55172413793105	0.0	0.23864685	0.20324655	0.965512665	6.867	4.10494	5.997179999999999	387476.0	1775936896.846217	0.0	1.0	0.0	-1.0	-1.0	-1.0	1775936896.846217	closed-hand	Close	1	20260411_124810	Trigger
19197.18	9070.109999999999	17434.395	14448.869999999999	0.0	0.0	0.0	0.0	0.0	0.0	0.0	0.0	0.0	0.0	0.0	0.0	0.0	0.0	144.55172413793105	0.0	0.23864685	0.20324655	0.965512665	6.867	4.10494	5.997179999999999	387477.0	1775936896.850215	0.0	1.0	0.0	-1.0	-1.0	-1.0	1775936896.850215	closed-hand	Close	1	20260411_124810	Trigger
2256.8849999999998	521.37	2067.435	1747.7549999999999	0.0	0.0	0.0	0.0	0.0	0.0	0.0	0.0	0.0	0.0	0.0	0.0	0.0	0.0	144.55172413793105	0.0	0.23864685	0.20324655	0.965512665	6.867	4.10494	5.997179999999999	387478.0	1775936896.850238	0.0	1.0	0.0	-1.0	-1.0	-1.0	1775936896.850238	closed-hand	Close	1	20260411_124810	Trigger
7386.299999999999	-3661.3799999999997	6740.37	5626.44	0.0	0.0	0.0	0.0	0.0	0.0	0.0	0.0	0.0	0.0	0.0	0.0	0.0	0.0	144.55172413793105	0.0	0.23364198	0.20129343	0.969296835	7.2485	7.79786	5.0358	387479.0	1775936896.854371	0.0	1.0	0.0	-1.0	-1.0	-1.0	1775936896.854371	closed-hand	Close	1	20260411_124810	Trigger
30714.614999999998	-9480.06	27168.57	21677.985	0.0	0.0	0.0	0.0	0.0	0.0	0.0	0.0	0.0	0.0	0.0	0.0	0.0	0.0	144.55172413793105	0.0	0.23364198	0.20129343	0.969296835	7.2485	7.79786	5.0358	387480.0	1775936896.854408	0.0	1.0	0.0	-1.0	-1.0	-1.0	1775936896.854408	closed-hand	Close	1	20260411_124810	Trigger
23860.44	-1132.155	20252.88	15011.46	0.0	0.0	0.0	0.0	0.0	0.0	0.0	0.0	0.0	0.0	0.0	0.0	0.0	0.0	144.55172413793105	0.0	0.23364198	0.20129343	0.969296835	7.2485	7.79786	5.0358	387481.0	1775936896.859487	0.0	1.0	0.0	-1.0	-1.0	-1.0	1775936896.859487	closed-hand	Close	1	20260411_124810	Trigger
4204.755	1239.12	3406.545	2245.95	0.0	0.0	0.0	0.0	0.0	0.0	0.0	0.0	0.0	0.0	0.0	0.0	0.0	0.0	144.55172413793105	0.0	0.23364198	0.20129343	0.969296835	7.2485	7.79786	5.0358	387482.0	1775936896.859516	0.0	1.0	0.0	-1.0	-1.0	-1.0	1775936896.859516	closed-hand	Close	1	20260411_124810	Trigger
4860.36	9936.72	4281.66	3014.505	0.0	0.0	0.0	0.0	0.0	0.0	0.0	0.0	0.0	0.0	0.0	0.0	0.0	0.0	144.55172413793105	0.0	0.23364198	0.20129343	0.969296835	7.2485	7.79786	5.0358	387483.0	1775936896.86234	0.0	1.0	0.0	-1.0	-1.0	-1.0	1775936896.86234	closed-hand	Close	1	20260411_124810	Trigger
16559.505	23550.254999999997	14748.885	11437.47	0.0	0.0	0.0	0.0	0.0	0.0	0.0	0.0	0.0	0.0	0.0	0.0	0.0	0.0	144.55172413793105	0.0	0.23364198	0.20129343	0.969296835	7.2485	7.79786	5.0358	387484.0	1775936896.862367	0.0	1.0	0.0	-1.0	-1.0	-1.0	1775936896.862367	closed-hand	Close	1	20260411_124810	Trigger
22260.149999999998	14004.585	20200.95	16608.465	0.0	0.0	0.0	0.0	0.0	0.0	0.0	0.0	0.0	0.0	0.0	0.0	0.0	0.0	144.55172413793105	0.0	0.23364198	0.20129343	0.969296835	7.2485	7.79786	5.0358	387485.0	1775936896.866408	0.0	1.0	0.0	-1.0	-1.0	-1.0	1775936896.866408	closed-hand	Close	1	20260411_124810	Trigger
6218.82	2024.145	5708.295	4820.76	0.0	0.0	0.0	0.0	0.0	0.0	0.0	0.0	0.0	0.0	0.0	0.0	0.0	0.0	144.55172413793105	0.0	0.23364198	0.20129343	0.969296835	7.2485	7.79786	5.0358	387486.0	1775936896.866441	0.0	1.0	0.0	-1.0	-1.0	-1.0	1775936896.866441	closed-hand	Close	1	20260411_124810	Trigger
2660.4449999999997	-1542.105	2457.495	2080.62	0.0	0.0	0.0	0.0	0.0	0.0	0.0	0.0	0.0	0.0	0.0	0.0	0.0	0.0	144.55172413793105	0.0	0.23364198	0.20129343	0.969296835	7.2485	7.79786	5.0358	387487.0	1775936896.870305	0.0	1.0	0.0	-1.0	-1.0	-1.0	1775936896.870305	closed-hand	Close	1	20260411_124810	Trigger
25010.91	-8894.654999999999	22409.46	18082.125	0.0	0.0	0.0	0.0	0.0	0.0	0.0	0.0	0.0	0.0	0.0	0.0	0.0	0.0	144.55172413793105	0.0	0.23364198	0.20129343	0.969296835	7.2485	7.79786	5.0358	387488.0	1775936896.870336	0.0	1.0	0.0	-1.0	-1.0	-1.0	1775936896.870336	closed-hand	Close	1	20260411_124810	Trigger
28499.265	-3408.0299999999997	24638.265	18635.13	0.0	0.0	0.0	0.0	0.0	0.0	0.0	0.0	0.0	0.0	0.0	0.0	0.0	0.0	144.55172413793105	0.0	0.23034609	0.194396475	0.977353455	17.04542	8.56086	11.00246	387489.0	1775936896.874446	0.0	1.0	0.0	-1.0	-1.0	-1.0	1775936896.874446	closed-hand	Close	1	20260411_124810	Trigger
8744.76	1764.72	7212.96	4883.49	0.0	0.0	0.0	0.0	0.0	0.0	0.0	0.0	0.0	0.0	0.0	0.0	0.0	0.0	144.55172413793105	0.0	0.23034609	0.194396475	0.977353455	17.04542	8.56086	11.00246	387490.0	1775936896.874473	0.0	1.0	0.0	-1.0	-1.0	-1.0	1775936896.874473	closed-hand	Close	1	20260411_124810	Trigger
2314.2599999999998	4694.085	2046.6899999999998	1375.965	0.0	0.0	0.0	0.0	0.0	0.0	0.0	0.0	0.0	0.0	0.0	0.0	0.0	0.0	144.55172413793105	0.0	0.23034609	0.194396475	0.977353455	17.04542	8.56086	11.00246	387491.0	1775936896.878361	0.0	1.0	0.0	-1.0	-1.0	-1.0	1775936896.878361	closed-hand	Close	1	20260411_124810	Trigger
12910.5	22048.559999999998	11515.275	8609.805	0.0	0.0	0.0	0.0	0.0	0.0	0.0	0.0	0.0	0.0	0.0	0.0	0.0	0.0	144.55172413793105	0.0	0.23034609	0.194396475	0.977353455	17.04542	8.56086	11.00246	387492.0	1775936896.878385	0.0	1.0	0.0	-1.0	-1.0	-1.0	1775936896.878385	closed-hand	Close	1	20260411_124810	Trigger
22093.695	18164.16	20067.57	16215.93	0.0	0.0	0.0	0.0	0.0	0.0	0.0	0.0	0.0	0.0	0.0	0.0	0.0	0.0	144.55172413793105	0.0	0.23034609	0.194396475	0.977353455	17.04542	8.56086	11.00246	387493.0	1775936896.882304	0.0	1.0	0.0	-1.0	-1.0	-1.0	1775936896.882304	closed-hand	Close	1	20260411_124810	Trigger
11990.654999999999	4755.51	11030.22	9230.13	0.0	0.0	0.0	0.0	0.0	0.0	0.0	0.0	0.0	0.0	0.0	0.0	0.0	0.0	144.55172413793105	0.0	0.23034609	0.194396475	0.977353455	17.04542	8.56086	11.00246	387494.0	1775936896.882328	0.0	1.0	0.0	-1.0	-1.0	-1.0	1775936896.882328	closed-hand	Close	1	20260411_124810	Trigger
798.795	-383.31	747.495	646.155	0.0	0.0	0.0	0.0	0.0	0.0	0.0	0.0	0.0	0.0	0.0	0.0	0.0	0.0	144.55172413793105	0.0	0.23034609	0.194396475	0.977353455	17.04542	8.56086	11.00246	387495.0	1775936896.890789	0.0	1.0	0.0	-1.0	-1.0	-1.0	1775936896.890789	closed-hand	Close	1	20260411_124810	Trigger
17087.895	-7099.5599999999995	15528.51	12805.65	0.0	0.0	0.0	0.0	0.0	0.0	0.0	0.0	0.0	0.0	0.0	0.0	0.0	0.0	144.55172413793105	0.0	0.23034609	0.194396475	0.977353455	17.04542	8.56086	11.00246	387496.0	1775936896.890826	0.0	1.0	0.0	-1.0	-1.0	-1.0	1775936896.890826	closed-hand	Close	1	20260411_124810	Trigger
31273.469999999998	-6551.82	27516.059999999998	21518.64	0.0	0.0	0.0	0.0	0.0	0.0	0.0	0.0	0.0	0.0	0.0	0.0	0.0	0.0	144.55172413793105	0.0	0.23034609	0.194396475	0.977353455	17.04542	8.56086	11.00246	387497.0	1775936896.890859	0.0	1.0	0.0	-1.0	-1.0	-1.0	1775936896.890859	closed-hand	Close	1	20260411_124810	Trigger
15032.25	1444.365	12656.97	9017.955	0.0	0.0	0.0	0.0	0.0	0.0	0.0	0.0	0.0	0.0	0.0	0.0	0.0	0.0	144.55172413793105	0.0	0.23034609	0.194396475	0.977353455	17.04542	8.56086	11.00246	387498.0	1775936896.890882	0.0	1.0	0.0	-1.0	-1.0	-1.0	1775936896.890882	closed-hand	Close	1	20260411_124810	Trigger
1639.125	1894.455	1386.495	957.735	0.0	0.0	0.0	0.0	0.0	0.0	0.0	0.0	0.0	0.0	0.0	0.0	0.0	0.0	144.55172413793105	0.0	0.224669835	0.18908643	0.977719665	29.02452	8.22514	20.05164	387499.0	1775936896.898341	0.0	1.0	0.0	-1.0	-1.0	-1.0	1775936896.898341	closed-hand	Close	1	20260411_124810	Trigger
9274.41	17024.535	8416.755	6888.014999999999	0.0	0.0	0.0	0.0	0.0	0.0	0.0	0.0	0.0	0.0	0.0	0.0	0.0	0.0	144.55172413793105	0.0	0.224669835	0.18908643	0.977719665	29.02452	8.22514	20.05164	387500.0	1775936896.898365	0.0	1.0	0.0	-1.0	-1.0	-1.0	1775936896.898365	closed-hand	Close	1	20260411_124810	Trigger
20455.695	20207.835	18778.23	15916.365	0.0	0.0	0.0	0.0	0.0	0.0	0.0	0.0	0.0	0.0	0.0	0.0	0.0	0.0	144.55172413793105	0.0	0.224669835	0.18908643	0.977719665	29.02452	8.22514	20.05164	387501.0	1775936896.898637	0.0	1.0	0.0	-1.0	-1.0	-1.0	1775936896.898637	closed-hand	Close	1	20260411_124810	Trigger
17738.864999999998	7680.24	16491.195	14269.769999999999	0.0	0.0	0.0	0.0	0.0	0.0	0.0	0.0	0.0	0.0	0.0	0.0	0.0	0.0	144.55172413793105	0.0	0.224669835	0.18908643	0.977719665	29.02452	8.22514	20.05164	387502.0	1775936896.898661	0.0	1.0	0.0	-1.0	-1.0	-1.0	1775936896.898661	closed-hand	Close	1	20260411_124810	Trigger
1669.32	284.985	1561.6799999999998	1367.235	0.0	0.0	0.0	0.0	0.0	0.0	0.0	0.0	0.0	0.0	0.0	0.0	0.0	0.0	144.55172413793105	0.0	0.224669835	0.18908643	0.977719665	29.02452	8.22514	20.05164	387503.0	1775936896.902476	0.0	1.0	0.0	-1.0	-1.0	-1.0	1775936896.902476	closed-hand	Close	1	20260411_124810	Trigger
9347.31	-3907.2149999999997	8641.395	4796.01	0.0	0.0	0.0	0.0	0.0	0.0	0.0	0.0	0.0	0.0	0.0	0.0	0.0	0.0	144.55172413793105	0.0	0.224669835	0.18908643	0.977719665	29.02452	8.22514	20.05164	387504.0	1775936896.902503	0.0	1.0	0.0	-1.0	-1.0	-1.0	1775936896.902503	closed-hand	Close	1	20260411_124810	Trigger
29600.55	-6163.245	26587.215	12010.32	0.0	0.0	0.0	0.0	0.0	0.0	0.0	0.0	0.0	0.0	0.0	0.0	0.0	0.0	144.55172413793105	0.0	0.224669835	0.18908643	0.977719665	29.02452	8.22514	20.05164	387505.0	1775936896.906452	0.0	1.0	0.0	-1.0	-1.0	-1.0	1775936896.906452	closed-hand	Close	1	20260411_124810	Trigger
19972.62	2366.73	17288.055	4703.76	0.0	0.0	0.0	0.0	0.0	0.0	0.0	0.0	0.0	0.0	0.0	0.0	0.0	0.0	144.55172413793105	0.0	0.224669835	0.18908643	0.977719665	29.02452	8.22514	20.05164	387506.0	1775936896.906476	0.0	1.0	0.0	-1.0	-1.0	-1.0	1775936896.906476	closed-hand	Close	1	20260411_124810	Trigger
2876.085	1704.96	2382.795	-66.195	0.0	0.0	0.0	0.0	0.0	0.0	0.0	0.0	0.0	0.0	0.0	0.0	0.0	0.0	144.55172413793105	0.0	0.224669835	0.18908643	0.977719665	29.02452	8.22514	20.05164	387507.0	1775936896.912903	0.0	1.0	0.0	-1.0	-1.0	-1.0	1775936896.912903	closed-hand	Close	1	20260411_124810	Trigger
5105.97	10884.015	4585.7699999999995	651.285	0.0	0.0	0.0	0.0	0.0	0.0	0.0	0.0	0.0	0.0	0.0	0.0	0.0	0.0	144.55172413793105	0.0	0.224669835	0.18908643	0.977719665	29.02452	8.22514	20.05164	387508.0	1775936896.912926	0.0	1.0	0.0	-1.0	-1.0	-1.0	1775936896.912926	closed-hand	Close	1	20260411_124810	Trigger
16138.619999999999	21142.62	14648.445	6420.554999999999	0.0	0.0	0.0	0.0	0.0	0.0	0.0	0.0	0.0	0.0	0.0	0.0	0.0	0.0	144.55172413793105	0.0	0.23693787	0.154479585	0.98254143	54.813919999999996	11.643379999999999	9.705359999999999	387509.0	1775936896.914422	0.0	1.0	0.0	-1.0	-1.0	-1.0	1775936896.914422	closed-hand	Close	1	20260411_124810	Trigger
20716.785	10675.484999999999	19067.805	11669.76	0.0	0.0	0.0	0.0	0.0	0.0	0.0	0.0	0.0	0.0	0.0	0.0	0.0	0.0	144.55172413793105	0.0	0.23693787	0.154479585	0.98254143	54.813919999999996	11.643379999999999	9.705359999999999	387510.0	1775936896.914445	0.0	1.0	0.0	-1.0	-1.0	-1.0	1775936896.914445	closed-hand	Close	1	20260411_124810	Trigger
4682.61	1092.51	4349.025	2952.045	0.0	0.0	0.0	0.0	0.0	0.0	0.0	0.0	0.0	0.0	0.0	0.0	0.0	0.0	144.55172413793105	0.0	0.23693787	0.154479585	0.98254143	54.813919999999996	11.643379999999999	9.705359999999999	387511.0	1775936896.919888	0.0	1.0	0.0	-1.0	-1.0	-1.0	1775936896.919888	closed-hand	Close	1	20260411_124810	Trigger
3223.935	-1685.205	2979.4049999999997	1318.05	0.0	0.0	0.0	0.0	0.0	0.0	0.0	0.0	0.0	0.0	0.0	0.0	0.0	0.0	144.55172413793105	0.0	0.23693787	0.154479585	0.98254143	54.813919999999996	11.643379999999999	9.705359999999999	387512.0	1775936896.919911	0.0	1.0	0.0	-1.0	-1.0	-1.0	1775936896.919911	closed-hand	Close	1	20260411_124810	Trigger
24892.92	-7961.804999999999	22467.69	7672.59	0.0	0.0	0.0	0.0	0.0	0.0	0.0	0.0	0.0	0.0	0.0	0.0	0.0	0.0	144.55172413793105	0.0	0.23693787	0.154479585	0.98254143	54.813919999999996	11.643379999999999	9.705359999999999	387513.0	1775936896.922403	0.0	1.0	0.0	-1.0	-1.0	-1.0	1775936896.922403	closed-hand	Close	1	20260411_124810	Trigger
25397.19	-1522.215	22245.66	3430.125	0.0	0.0	0.0	0.0	0.0	0.0	0.0	0.0	0.0	0.0	0.0	0.0	0.0	0.0	144.55172413793105	0.0	0.23693787	0.154479585	0.98254143	54.813919999999996	11.643379999999999	9.705359999999999	387514.0	1775936896.922426	0.0	1.0	0.0	-1.0	-1.0	-1.0	1775936896.922426	closed-hand	Close	1	20260411_124810	Trigger
6649.5599999999995	2123.685	5571.945	-1105.3799999999999	0.0	0.0	0.0	0.0	0.0	0.0	0.0	0.0	0.0	0.0	0.0	0.0	0.0	0.0	144.55172413793105	0.0	0.23693787	0.154479585	0.98254143	54.813919999999996	11.643379999999999	9.705359999999999	387515.0	1775936896.926424	0.0	1.0	0.0	-1.0	-1.0	-1.0	1775936896.926424	closed-hand	Close	1	20260411_124810	Trigger
2588.7149999999997	5511.96	2307.42	-825.39	0.0	0.0	0.0	0.0	0.0	0.0	0.0	0.0	0.0	0.0	0.0	0.0	0.0	0.0	144.55172413793105	0.0	0.23693787	0.154479585	0.98254143	54.813919999999996	11.643379999999999	9.705359999999999	387516.0	1775936896.926447	0.0	1.0	0.0	-1.0	-1.0	-1.0	1775936896.926447	closed-hand	Close	1	20260411_124810	Trigger
12682.035	19777.59	11429.955	1132.74	0.0	0.0	0.0	0.0	0.0	0.0	0.0	0.0	0.0	0.0	0.0	0.0	0.0	0.0	144.55172413793105	0.0	0.23693787	0.154479585	0.98254143	54.813919999999996	11.643379999999999	9.705359999999999	387517.0	1775936896.930492	0.0	1.0	0.0	-1.0	-1.0	-1.0	1775936896.930492	closed-hand	Close	1	20260411_124810	Trigger
21093.975	13073.13	19381.23	8346.285	0.0	0.0	0.0	0.0	0.0	0.0	0.0	0.0	0.0	0.0	0.0	0.0	0.0	0.0	144.55172413793105	0.0	0.23693787	0.154479585	0.98254143	54.813919999999996	11.643379999999999	9.705359999999999	387518.0	1775936896.930524	0.0	1.0	0.0	-1.0	-1.0	-1.0	1775936896.930524	closed-hand	Close	1	20260411_124810	Trigger
9433.035	2291.895	8770.41	4879.08	0.0	0.0	0.0	0.0	0.0	0.0	0.0	0.0	0.0	0.0	0.0	0.0	0.0	0.0	144.55172413793105	0.0	0.25744563	0.12011688	0.98705802	90.4918	10.63622	-15.4126	387519.0	1775936896.934439	0.0	1.0	0.0	-1.0	-1.0	-1.0	1775936896.934439	closed-hand	Close	1	20260411_124810	Trigger
739.98	-547.8299999999999	687.24	490.40999999999997	0.0	0.0	0.0	0.0	0.0	0.0	0.0	0.0	0.0	0.0	0.0	0.0	0.0	0.0	144.55172413793105	0.0	0.25744563	0.12011688	0.98705802	90.4918	10.63622	-15.4126	387520.0	1775936896.934464	0.0	1.0	0.0	-1.0	-1.0	-1.0	1775936896.934464	closed-hand	Close	1	20260411_124810	Trigger
18191.024999999998	-9039.869999999999	16478.954999999998	10864.845	0.0	0.0	0.0	0.0	0.0	0.0	0.0	0.0	0.0	0.0	0.0	0.0	0.0	0.0	144.55172413793105	0.0	0.25744563	0.12011688	0.98705802	90.4918	10.63622	-15.4126	387521.0	1775936896.938439	0.0	1.0	0.0	-1.0	-1.0	-1.0	1775936896.938439	closed-hand	Close	1	20260411_124810	Trigger
31371.48	-10077.615	27691.829999999998	15958.125	0.0	0.0	0.0	0.0	0.0	0.0	0.0	0.0	0.0	0.0	0.0	0.0	0.0	0.0	144.55172413793105	0.0	0.25744563	0.12011688	0.98705802	90.4918	10.63622	-15.4126	387522.0	1775936896.938463	0.0	1.0	0.0	-1.0	-1.0	-1.0	1775936896.938463	closed-hand	Close	1	20260411_124810	Trigger
13845.6	-802.98	11766.195	4908.42	0.0	0.0	0.0	0.0	0.0	0.0	0.0	0.0	0.0	0.0	0.0	0.0	0.0	0.0	144.55172413793105	0.0	0.25744563	0.12011688	0.98705802	90.4918	10.63622	-15.4126	387523.0	1775936896.944242	0.0	1.0	0.0	-1.0	-1.0	-1.0	1775936896.944242	closed-hand	Close	1	20260411_124810	Trigger
1784.07	2469.1949999999997	1525.455	242.595	0.0	0.0	0.0	0.0	0.0	0.0	0.0	0.0	0.0	0.0	0.0	0.0	0.0	0.0	144.55172413793105	0.0	0.25744563	0.12011688	0.98705802	90.4918	10.63622	-15.4126	387524.0	1775936896.944265	0.0	1.0	0.0	-1.0	-1.0	-1.0	1775936896.944265	closed-hand	Close	1	20260411_124810	Trigger
10396.08	18233.594999999998	9234.9	3527.055	0.0	0.0	0.0	0.0	0.0	0.0	0.0	0.0	0.0	0.0	0.0	0.0	0.0	0.0	144.55172413793105	0.0	0.25744563	0.12011688	0.98705802	90.4918	10.63622	-15.4126	387525.0	1775936896.946543	0.0	1.0	0.0	-1.0	-1.0	-1.0	1775936896.946543	closed-hand	Close	1	20260411_124810	Trigger
21208.635	17804.565	19257.075	11395.935	0.0	0.0	0.0	0.0	0.0	0.0	0.0	0.0	0.0	0.0	0.0	0.0	0.0	0.0	144.55172413793105	0.0	0.25744563	0.12011688	0.98705802	90.4918	10.63622	-15.4126	387526.0	1775936896.946567	0.0	1.0	0.0	-1.0	-1.0	-1.0	1775936896.946567	closed-hand	Close	1	20260411_124810	Trigger
14878.08	5228.054999999999	13726.08	9394.605	0.0	0.0	0.0	0.0	0.0	0.0	0.0	0.0	0.0	0.0	0.0	0.0	0.0	0.0	144.55172413793105	0.0	0.25744563	0.12011688	0.98705802	90.4918	10.63622	-15.4126	387527.0	1775936896.950539	0.0	1.0	0.0	-1.0	-1.0	-1.0	1775936896.950539	closed-hand	Close	1	20260411_124810	Trigger
748.4399999999999	47.61	692.8199999999999	500.58	0.0	0.0	0.0	0.0	0.0	0.0	0.0	0.0	0.0	0.0	0.0	0.0	0.0	0.0	144.55172413793105	0.0	0.25744563	0.12011688	0.98705802	90.4918	10.63622	-15.4126	387528.0	1775936896.950562	0.0	1.0	0.0	-1.0	-1.0	-1.0	1775936896.950562	closed-hand	Close	1	20260411_124810	Trigger
9771.57	-5144.175	8909.955	6643.9349999999995	0.0	0.0	0.0	0.0	0.0	0.0	0.0	0.0	0.0	0.0	0.0	0.0	0.0	0.0	144.55172413793105	0.0	0.24133239	0.167174865	0.96667233	85.57808	28.963479999999997	-29.406019999999998	387529.0	1775936896.954502	0.0	1.0	0.0	-1.0	-1.0	-1.0	1775936896.954502	closed-hand	Close	1	20260411_124810	Trigger
32780.025	-12326.445	29156.94	20262.645	0.0	0.0	0.0	0.0	0.0	0.0	0.0	0.0	0.0	0.0	0.0	0.0	0.0	0.0	144.55172413793105	0.0	0.24133239	0.167174865	0.96667233	85.57808	28.963479999999997	-29.406019999999998	387530.0	1775936896.954525	0.0	1.0	0.0	-1.0	-1.0	-1.0	1775936896.954525	closed-hand	Close	1	20260411_124810	Trigger
22141.754999999997	-3278.8799999999997	19006.065	11390.22	0.0	0.0	0.0	0.0	0.0	0.0	0.0	0.0	0.0	0.0	0.0	0.0	0.0	0.0	144.55172413793105	0.0	0.24133239	0.167174865	0.96667233	85.57808	28.963479999999997	-29.406019999999998	387531.0	1775936896.958618	0.0	1.0	0.0	-1.0	-1.0	-1.0	1775936896.958618	closed-hand	Close	1	20260411_124810	Trigger
3068.1	839.2049999999999	2539.71	1141.02	0.0	0.0	0.0	0.0	0.0	0.0	0.0	0.0	0.0	0.0	0.0	0.0	0.0	0.0	144.55172413793105	0.0	0.24133239	0.167174865	0.96667233	85.57808	28.963479999999997	-29.406019999999998	387532.0	1775936896.958673	0.0	1.0	0.0	-1.0	-1.0	-1.0	1775936896.958673	closed-hand	Close	1	20260411_124810	Trigger
7014.014999999999	13148.505	6147.945	2977.02	0.0	0.0	0.0	0.0	0.0	0.0	0.0	0.0	0.0	0.0	0.0	0.0	0.0	0.0	144.55172413793105	0.0	0.24133239	0.167174865	0.96667233	85.57808	28.963479999999997	-29.406019999999998	387533.0	1775936896.962558	0.0	1.0	0.0	-1.0	-1.0	-1.0	1775936896.962558	closed-hand	Close	1	20260411_124810	Trigger
19311.48	21789.945	17256.285	11040.525	0.0	0.0	0.0	0.0	0.0	0.0	0.0	0.0	0.0	0.0	0.0	0.0	0.0	0.0	144.55172413793105	0.0	0.24133239	0.167174865	0.96667233	85.57808	28.963479999999997	-29.406019999999998	387534.0	1775936896.962584	0.0	1.0	0.0	-1.0	-1.0	-1.0	1775936896.962584	closed-hand	Close	1	20260411_124810	Trigger
20615.535	9845.055	18825.614999999998	13738.32	0.0	0.0	0.0	0.0	0.0	0.0	0.0	0.0	0.0	0.0	0.0	0.0	0.0	0.0	144.55172413793105	0.0	0.24133239	0.167174865	0.96667233	85.57808	28.963479999999997	-29.406019999999998	387535.0	1775936896.966603	0.0	1.0	0.0	-1.0	-1.0	-1.0	1775936896.966603	closed-hand	Close	1	20260411_124810	Trigger
3067.92	730.935	2832.2999999999997	2177.685	0.0	0.0	0.0	0.0	0.0	0.0	0.0	0.0	0.0	0.0	0.0	0.0	0.0	0.0	144.55172413793105	0.0	0.24133239	0.167174865	0.96667233	85.57808	28.963479999999997	-29.406019999999998	387536.0	1775936896.966628	0.0	1.0	0.0	-1.0	-1.0	-1.0	1775936896.966628	closed-hand	Close	1	20260411_124810	Trigger
3927.4649999999997	-2219.265	3593.745	2813.58	0.0	0.0	0.0	0.0	0.0	0.0	0.0	0.0	0.0	0.0	0.0	0.0	0.0	0.0	144.55172413793105	0.0	0.24133239	0.167174865	0.96667233	85.57808	28.963479999999997	-29.406019999999998	387537.0	1775936896.970562	0.0	1.0	0.0	-1.0	-1.0	-1.0	1775936896.970562	closed-hand	Close	1	20260411_124810	Trigger
28525.77	-11346.345	25456.86	18885.6	0.0	0.0	0.0	0.0	0.0	0.0	0.0	0.0	0.0	0.0	0.0	0.0	0.0	0.0	144.55172413793105	0.0	0.24133239	0.167174865	0.96667233	85.57808	28.963479999999997	-29.406019999999998	387538.0	1775936896.970597	0.0	1.0	0.0	-1.0	-1.0	-1.0	1775936896.970597	closed-hand	Close	1	20260411_124810	Trigger
28515.015	-5435.865	24622.965	16596.45	0.0	0.0	0.0	0.0	0.0	0.0	0.0	0.0	0.0	0.0	0.0	0.0	0.0	0.0	144.55172413793105	0.0	0.21667425	0.29363938500000003	0.98913321	65.98424	25.19426	-15.1837	387539.0	1775936896.974616	0.0	1.0	0.0	-1.0	-1.0	-1.0	1775936896.974616	closed-hand	Close	1	20260411_124810	Trigger
6975.36	592.0649999999999	5769.855	3257.0099999999998	0.0	0.0	0.0	0.0	0.0	0.0	0.0	0.0	0.0	0.0	0.0	0.0	0.0	0.0	144.55172413793105	0.0	0.21667425	0.29363938500000003	0.98913321	65.98424	25.19426	-15.1837	387540.0	1775936896.974644	0.0	1.0	0.0	-1.0	-1.0	-1.0	1775936896.974644	closed-hand	Close	1	20260411_124810	Trigger
3801.105	7324.605	3331.4849999999997	1784.5649999999998	0.0	0.0	0.0	0.0	0.0	0.0	0.0	0.0	0.0	0.0	0.0	0.0	0.0	0.0	144.55172413793105	0.0	0.21667425	0.29363938500000003	0.98913321	65.98424	25.19426	-15.1837	387541.0	1775936896.978582	0.0	1.0	0.0	-1.0	-1.0	-1.0	1775936896.978582	closed-hand	Close	1	20260411_124810	Trigger
16027.425	22805.954999999998	14221.439999999999	9351.855	0.0	0.0	0.0	0.0	0.0	0.0	0.0	0.0	0.0	0.0	0.0	0.0	0.0	0.0	144.55172413793105	0.0	0.21667425	0.29363938500000003	0.98913321	65.98424	25.19426	-15.1837	387542.0	1775936896.978608	0.0	1.0	0.0	-1.0	-1.0	-1.0	1775936896.978608	closed-hand	Close	1	20260411_124810	Trigger
23366.745	14782.23	21202.785	15876.494999999999	0.0	0.0	0.0	0.0	0.0	0.0	0.0	0.0	0.0	0.0	0.0	0.0	0.0	0.0	144.55172413793105	0.0	0.21667425	0.29363938500000003	0.98913321	65.98424	25.19426	-15.1837	387543.0	1775936896.982653	0.0	1.0	0.0	-1.0	-1.0	-1.0	1775936896.982653	closed-hand	Close	1	20260411_124810	Trigger
7930.349999999999	2524.455	7295.085	5764.455	0.0	0.0	0.0	0.0	0.0	0.0	0.0	0.0	0.0	0.0	0.0	0.0	0.0	0.0	144.55172413793105	0.0	0.21667425	0.29363938500000003	0.98913321	65.98424	25.19426	-15.1837	387544.0	1775936896.982678	0.0	1.0	0.0	-1.0	-1.0	-1.0	1775936896.982678	closed-hand	Close	1	20260411_124810	Trigger
1000.62	-683.73	922.68	753.2099999999999	0.0	0.0	0.0	0.0	0.0	0.0	0.0	0.0	0.0	0.0	0.0	0.0	0.0	0.0	144.55172413793105	0.0	0.21667425	0.29363938500000003	0.98913321	65.98424	25.19426	-15.1837	387545.0	1775936896.987292	0.0	1.0	0.0	-1.0	-1.0	-1.0	1775936896.987292	closed-hand	Close	1	20260411_124810	Trigger
20803.5	-8840.52	18686.204999999998	14539.725	0.0	0.0	0.0	0.0	0.0	0.0	0.0	0.0	0.0	0.0	0.0	0.0	0.0	0.0	144.55172413793105	0.0	0.21667425	0.29363938500000003	0.98913321	65.98424	25.19426	-15.1837	387546.0	1775936896.987324	0.0	1.0	0.0	-1.0	-1.0	-1.0	1775936896.987324	closed-hand	Close	1	20260411_124810	Trigger
32724.36	-8035.965	28529.684999999998	20777.94	0.0	0.0	0.0	0.0	0.0	0.0	0.0	0.0	0.0	0.0	0.0	0.0	0.0	0.0	144.55172413793105	0.0	0.21667425	0.29363938500000003	0.98913321	65.98424	25.19426	-15.1837	387547.0	1775936896.990683	0.0	1.0	0.0	-1.0	-1.0	-1.0	1775936896.990683	closed-hand	Close	1	20260411_124810	Trigger
13675.41	298.755	11435.355	7369.155	0.0	0.0	0.0	0.0	0.0	0.0	0.0	0.0	0.0	0.0	0.0	0.0	0.0	0.0	144.55172413793105	0.0	0.21667425	0.29363938500000003	0.98913321	65.98424	25.19426	-15.1837	387548.0	1775936896.990707	0.0	1.0	0.0	-1.0	-1.0	-1.0	1775936896.990707	closed-hand	Close	1	20260411_124810	Trigger
2126.88	3201.975	1811.745	1015.11	0.0	0.0	0.0	0.0	0.0	0.0	0.0	0.0	0.0	0.0	0.0	0.0	0.0	0.0	144.55172413793105	0.0	0.234069225	0.347350185	1.0649997150000001	67.58654	4.02864	4.7458599999999995	387549.0	1775936896.99743	0.0	1.0	0.0	-1.0	-1.0	-1.0	1775936896.99743	closed-hand	Close	1	20260411_124810	Trigger
12532.455	20406.239999999998	10933.785	7178.085	0.0	0.0	0.0	0.0	0.0	0.0	0.0	0.0	0.0	0.0	0.0	0.0	0.0	0.0	144.55172413793105	0.0	0.234069225	0.347350185	1.0649997150000001	67.58654	4.02864	4.7458599999999995	387550.0	1775936896.997453	0.0	1.0	0.0	-1.0	-1.0	-1.0	1775936896.997453	closed-hand	Close	1	20260411_124810	Trigger
23286.735	19682.01	20798.145	15474.15	0.0	0.0	0.0	0.0	0.0	0.0	0.0	0.0	0.0	0.0	0.0	0.0	0.0	0.0	144.55172413793105	0.0	0.234069225	0.347350185	1.0649997150000001	67.58654	4.02864	4.7458599999999995	387551.0	1775936897.004051	0.0	1.0	0.0	-1.0	-1.0	-1.0	1775936897.004051	closed-hand	Close	1	20260411_124810	Trigger
17304.48	7109.91	15744.285	12432.96	0.0	0.0	0.0	0.0	0.0	0.0	0.0	0.0	0.0	0.0	0.0	0.0	0.0	0.0	144.55172413793105	0.0	0.234069225	0.347350185	1.0649997150000001	67.58654	4.02864	4.7458599999999995	387552.0	1775936897.004075	0.0	1.0	0.0	-1.0	-1.0	-1.0	1775936897.004075	closed-hand	Close	1	20260411_124810	Trigger
1585.0349999999999	1.125	1476.495	1136.0249999999999	0.0	0.0	0.0	0.0	0.0	0.0	0.0	0.0	0.0	0.0	0.0	0.0	0.0	0.0	144.55172413793105	0.0	0.234069225	0.347350185	1.0649997150000001	67.58654	4.02864	4.7458599999999995	387553.0	1775936897.004172	0.0	1.0	0.0	-1.0	-1.0	-1.0	1775936897.004172	closed-hand	Close	1	20260411_124810	Trigger
15044.58	-3556.395	13683.015	6255.764999999999	0.0	0.0	0.0	0.0	0.0	0.0	0.0	0.0	0.0	0.0	0.0	0.0	0.0	0.0	144.55172413793105	0.0	0.234069225	0.347350185	1.0649997150000001	67.58654	4.02864	4.7458599999999995	387554.0	1775936897.004215	0.0	1.0	0.0	-1.0	-1.0	-1.0	1775936897.004215	closed-hand	Close	1	20260411_124810	Trigger
29578.77	-379.16999999999996	25926.795	8838.315	0.0	0.0	0.0	0.0	0.0	0.0	0.0	0.0	0.0	0.0	0.0	0.0	0.0	0.0	144.55172413793105	0.0	0.234069225	0.347350185	1.0649997150000001	67.58654	4.02864	4.7458599999999995	387555.0	1775936897.006657	0.0	1.0	0.0	-1.0	-1.0	-1.0	1775936897.006657	closed-hand	Close	1	20260411_124810	Trigger
20836.125	7716.285	17558.595	2349.99	0.0	0.0	0.0	0.0	0.0	0.0	0.0	0.0	0.0	0.0	0.0	0.0	0.0	0.0	144.55172413793105	0.0	0.234069225	0.347350185	1.0649997150000001	67.58654	4.02864	4.7458599999999995	387556.0	1775936897.00668	0.0	1.0	0.0	-1.0	-1.0	-1.0	1775936897.00668	closed-hand	Close	1	20260411_124810	Trigger
7572.509999999999	8018.955	6077.745	-1875.1499999999999	0.0	0.0	0.0	0.0	0.0	0.0	0.0	0.0	0.0	0.0	0.0	0.0	0.0	0.0	144.55172413793105	0.0	0.234069225	0.347350185	1.0649997150000001	67.58654	4.02864	4.7458599999999995	387557.0	1775936897.010666	0.0	1.0	0.0	-1.0	-1.0	-1.0	1775936897.010666	closed-hand	Close	1	20260411_124810	Trigger
14600.564999999999	18089.954999999998	11659.365	-1485.855	0.0	0.0	0.0	0.0	0.0	0.0	0.0	0.0	0.0	0.0	0.0	0.0	0.0	0.0	144.55172413793105	0.0	0.234069225	0.347350185	1.0649997150000001	67.58654	4.02864	4.7458599999999995	387558.0	1775936897.010689	0.0	1.0	0.0	-1.0	-1.0	-1.0	1775936897.010689	closed-hand	Close	1	20260411_124810	Trigger
23169.465	15223.185	19510.829999999998	4788.2699999999995	0.0	0.0	0.0	0.0	0.0	0.0	0.0	0.0	0.0	0.0	0.0	0.0	0.0	0.0	144.55172413793105	0.0	0.268554	0.23736511500000002	1.09289271	87.11934	-26.36928	-28.27678	387559.0	1775936897.017349	0.0	1.0	0.0	-1.0	-1.0	-1.0	1775936897.017349	closed-hand	Close	1	20260411_124810	Trigger
26039.43	7366.995	22657.86	9303.795	0.0	0.0	0.0	0.0	0.0	0.0	0.0	0.0	0.0	0.0	0.0	0.0	0.0	0.0	144.55172413793105	0.0	0.268554	0.23736511500000002	1.09289271	87.11934	-26.36928	-28.27678	387560.0	1775936897.017372	0.0	1.0	0.0	-1.0	-1.0	-1.0	1775936897.017372	closed-hand	Close	1	20260411_124810	Trigger
8641.845	599.13	7701.929999999999	4008.1499999999996	0.0	0.0	0.0	0.0	0.0	0.0	0.0	0.0	0.0	0.0	0.0	0.0	0.0	0.0	144.55172413793105	0.0	0.268554	0.23736511500000002	1.09289271	87.11934	-26.36928	-28.27678	387561.0	1775936897.018629	0.0	1.0	0.0	-1.0	-1.0	-1.0	1775936897.018629	closed-hand	Close	1	20260411_124810	Trigger
8488.08	-2979.63	7719.12	4698.72	0.0	0.0	0.0	0.0	0.0	0.0	0.0	0.0	0.0	0.0	0.0	0.0	0.0	0.0	144.55172413793105	0.0	0.268554	0.23736511500000002	1.09289271	87.11934	-26.36928	-28.27678	387562.0	1775936897.018652	0.0	1.0	0.0	-1.0	-1.0	-1.0	1775936897.018652	closed-hand	Close	1	20260411_124810	Trigger
28184.445	-3881.205	24523.515	12201.164999999999	0.0	0.0	0.0	0.0	0.0	0.0	0.0	0.0	0.0	0.0	0.0	0.0	0.0	0.0	144.55172413793105	0.0	0.268554	0.23736511500000002	1.09289271	87.11934	-26.36928	-28.27678	387563.0	1775936897.023387	0.0	1.0	0.0	-1.0	-1.0	-1.0	1775936897.023387	closed-hand	Close	1	20260411_124810	Trigger
25145.594999999998	4256.595	20812.41	7251.165	0.0	0.0	0.0	0.0	0.0	0.0	0.0	0.0	0.0	0.0	0.0	0.0	0.0	0.0	144.55172413793105	0.0	0.268554	0.23736511500000002	1.09289271	87.11934	-26.36928	-28.27678	387564.0	1775936897.02341	0.0	1.0	0.0	-1.0	-1.0	-1.0	1775936897.02341	closed-hand	Close	1	20260411_124810	Trigger
17408.97	12914.55	13337.91	388.8	0.0	0.0	0.0	0.0	0.0	0.0	0.0	0.0	0.0	0.0	0.0	0.0	0.0	0.0	144.55172413793105	0.0	0.268554	0.23736511500000002	1.09289271	87.11934	-26.36928	-28.27678	387565.0	1775936897.026689	0.0	1.0	0.0	-1.0	-1.0	-1.0	1775936897.026689	closed-hand	Close	1	20260411_124810	Trigger
17356.454999999998	14871.96	12985.695	54.135	0.0	0.0	0.0	0.0	0.0	0.0	0.0	0.0	0.0	0.0	0.0	0.0	0.0	0.0	144.55172413793105	0.0	0.268554	0.23736511500000002	1.09289271	87.11934	-26.36928	-28.27678	387566.0	1775936897.026712	0.0	1.0	0.0	-1.0	-1.0	-1.0	1775936897.026712	closed-hand	Close	1	20260411_124810	Trigger
23273.82	8914.41	18532.844999999998	5175.36	0.0	0.0	0.0	0.0	0.0	0.0	0.0	0.0	0.0	0.0	0.0	0.0	0.0	0.0	144.55172413793105	0.0	0.268554	0.23736511500000002	1.09289271	87.11934	-26.36928	-28.27678	387567.0	1775936897.030784	0.0	1.0	0.0	-1.0	-1.0	-1.0	1775936897.030784	closed-hand	Close	1	20260411_124810	Trigger
26798.67	3431.6099999999997	21994.065	8681.67	0.0	0.0	0.0	0.0	0.0	0.0	0.0	0.0	0.0	0.0	0.0	0.0	0.0	0.0	144.55172413793105	0.0	0.268554	0.23736511500000002	1.09289271	87.11934	-26.36928	-28.27678	387568.0	1775936897.030807	0.0	1.0	0.0	-1.0	-1.0	-1.0	1775936897.030807	closed-hand	Close	1	20260411_124810	Trigger
17375.445	-1332.855	14796.539999999999	7544.295	0.0	0.0	0.0	0.0	0.0	0.0	0.0	0.0	0.0	0.0	0.0	0.0	0.0	0.0	144.55172413793105	0.0	0.29724045	0.162780345	1.0042088550000001	105.17192	-25.087439999999997	-50.617419999999996	387569.0	1775936897.03481	0.0	1.0	0.0	-1.0	-1.0	-1.0	1775936897.03481	closed-hand	Close	1	20260411_124810	Trigger
6007.005	-2623.725	5421.6449999999995	3426.8399999999997	0.0	0.0	0.0	0.0	0.0	0.0	0.0	0.0	0.0	0.0	0.0	0.0	0.0	0.0	144.55172413793105	0.0	0.29724045	0.162780345	1.0042088550000001	105.17192	-25.087439999999997	-50.617419999999996	387570.0	1775936897.034841	0.0	1.0	0.0	-1.0	-1.0	-1.0	1775936897.034841	closed-hand	Close	1	20260411_124810	Trigger
25282.305	-6057.585	21582.585	11179.845	0.0	0.0	0.0	0.0	0.0	0.0	0.0	0.0	0.0	0.0	0.0	0.0	0.0	0.0	144.55172413793105	0.0	0.29724045	0.162780345	1.0042088550000001	105.17192	-25.087439999999997	-50.617419999999996	387571.0	1775936897.03873	0.0	1.0	0.0	-1.0	-1.0	-1.0	1775936897.03873	closed-hand	Close	1	20260411_124810	Trigger
25687.26	879.255	20632.635	7764.165	0.0	0.0	0.0	0.0	0.0	0.0	0.0	0.0	0.0	0.0	0.0	0.0	0.0	0.0	144.55172413793105	0.0	0.29724045	0.162780345	1.0042088550000001	105.17192	-25.087439999999997	-50.617419999999996	387572.0	1775936897.038758	0.0	1.0	0.0	-1.0	-1.0	-1.0	1775936897.038758	closed-hand	Close	1	20260411_124810	Trigger
19764.0	8115.075	14740.74	2307.24	0.0	0.0	0.0	0.0	0.0	0.0	0.0	0.0	0.0	0.0	0.0	0.0	0.0	0.0	144.55172413793105	0.0	0.29724045	0.162780345	1.0042088550000001	105.17192	-25.087439999999997	-50.617419999999996	387573.0	1775936897.045373	0.0	1.0	0.0	-1.0	-1.0	-1.0	1775936897.045373	closed-hand	Close	1	20260411_124810	Trigger
17721.27	11765.385	12620.52	273.105	0.0	0.0	0.0	0.0	0.0	0.0	0.0	0.0	0.0	0.0	0.0	0.0	0.0	0.0	144.55172413793105	0.0	0.29724045	0.162780345	1.0042088550000001	105.17192	-25.087439999999997	-50.617419999999996	387574.0	1775936897.045396	0.0	1.0	0.0	-1.0	-1.0	-1.0	1775936897.045396	closed-hand	Close	1	20260411_124810	Trigger
22052.61	7951.1849999999995	16787.07	4125.915	0.0	0.0	0.0	0.0	0.0	0.0	0.0	0.0	0.0	0.0	0.0	0.0	0.0	0.0	144.55172413793105	0.0	0.29724045	0.162780345	1.0042088550000001	105.17192	-25.087439999999997	-50.617419999999996	387575.0	1775936897.046745	0.0	1.0	0.0	-1.0	-1.0	-1.0	1775936897.046745	closed-hand	Close	1	20260411_124810	Trigger
25138.26	3671.91	19981.079999999998	7052.759999999999	0.0	0.0	0.0	0.0	0.0	0.0	0.0	0.0	0.0	0.0	0.0	0.0	0.0	0.0	144.55172413793105	0.0	0.29724045	0.162780345	1.0042088550000001	105.17192	-25.087439999999997	-50.617419999999996	387576.0	1775936897.046768	0.0	1.0	0.0	-1.0	-1.0	-1.0	1775936897.046768	closed-hand	Close	1	20260411_124810	Trigger
21762.18	-1123.965	18035.145	8338.725	0.0	0.0	0.0	0.0	0.0	0.0	0.0	0.0	0.0	0.0	0.0	0.0	0.0	0.0	144.55172413793105	0.0	0.29724045	0.162780345	1.0042088550000001	105.17192	-25.087439999999997	-50.617419999999996	387577.0	1775936897.05075	0.0	1.0	0.0	-1.0	-1.0	-1.0	1775936897.05075	closed-hand	Close	1	20260411_124810	Trigger
5380.605	-1926.495	4719.87	2801.295	0.0	0.0	0.0	0.0	0.0	0.0	0.0	0.0	0.0	0.0	0.0	0.0	0.0	0.0	144.55172413793105	0.0	0.29724045	0.162780345	1.0042088550000001	105.17192	-25.087439999999997	-50.617419999999996	387578.0	1775936897.050773	0.0	1.0	0.0	-1.0	-1.0	-1.0	1775936897.050773	closed-hand	Close	1	20260411_124810	Trigger
20727.989999999998	-6617.655	17525.88	9307.35	0.0	0.0	0.0	0.0	0.0	0.0	0.0	0.0	0.0	0.0	0.0	0.0	0.0	0.0	144.55172413793105	0.0	0.318907875	0.238585815	0.89220963	182.86058	10.331019999999999	-32.77848	387579.0	1775936897.056171	0.0	1.0	0.0	-1.0	-1.0	-1.0	1775936897.056171	closed-hand	Close	1	20260411_124810	Trigger
26104.86	-1708.7849999999999	20567.295	8196.66	0.0	0.0	0.0	0.0	0.0	0.0	0.0	0.0	0.0	0.0	0.0	0.0	0.0	0.0	144.55172413793105	0.0	0.318907875	0.238585815	0.89220963	182.86058	10.331019999999999	-32.77848	387580.0	1775936897.056204	0.0	1.0	0.0	-1.0	-1.0	-1.0	1775936897.056204	closed-hand	Close	1	20260411_124810	Trigger
22012.155	4264.875	16110.135	4147.11	0.0	0.0	0.0	0.0	0.0	0.0	0.0	0.0	0.0	0.0	0.0	0.0	0.0	0.0	144.55172413793105	0.0	0.318907875	0.238585815	0.89220963	182.86058	10.331019999999999	-32.77848	387581.0	1775936897.058823	0.0	1.0	0.0	-1.0	-1.0	-1.0	1775936897.058823	closed-hand	Close	1	20260411_124810	Trigger
20267.954999999998	6838.2	14571.0	2616.5699999999997	0.0	0.0	0.0	0.0	0.0	0.0	0.0	0.0	0.0	0.0	0.0	0.0	0.0	0.0	144.55172413793105	0.0	0.318907875	0.238585815	0.89220963	182.86058	10.331019999999999	-32.77848	387582.0	1775936897.05885	0.0	1.0	0.0	-1.0	-1.0	-1.0	1775936897.05885	closed-hand	Close	1	20260411_124810	Trigger
22427.055	4803.345	16890.345	4661.595	0.0	0.0	0.0	0.0	0.0	0.0	0.0	0.0	0.0	0.0	0.0	0.0	0.0	0.0	144.55172413793105	0.0	0.318907875	0.238585815	0.89220963	182.86058	10.331019999999999	-32.77848	387583.0	1775936897.06274	0.0	1.0	0.0	-1.0	-1.0	-1.0	1775936897.06274	closed-hand	Close	1	20260411_124810	Trigger
23526.495	3225.7799999999997	17952.255	5651.955	0.0	0.0	0.0	0.0	0.0	0.0	0.0	0.0	0.0	0.0	0.0	0.0	0.0	0.0	144.55172413793105	0.0	0.318907875	0.238585815	0.89220963	182.86058	10.331019999999999	-32.77848	387584.0	1775936897.062765	0.0	1.0	0.0	-1.0	-1.0	-1.0	1775936897.062765	closed-hand	Close	1	20260411_124810	Trigger
25414.739999999998	733.68	19924.92	7439.3099999999995	0.0	0.0	0.0	0.0	0.0	0.0	0.0	0.0	0.0	0.0	0.0	0.0	0.0	0.0	144.55172413793105	0.0	0.318907875	0.238585815	0.89220963	182.86058	10.331019999999999	-32.77848	387585.0	1775936897.066811	0.0	1.0	0.0	-1.0	-1.0	-1.0	1775936897.066811	closed-hand	Close	1	20260411_124810	Trigger
29013.48	-4309.965	23299.695	10589.085	0.0	0.0	0.0	0.0	0.0	0.0	0.0	0.0	0.0	0.0	0.0	0.0	0.0	0.0	144.55172413793105	0.0	0.318907875	0.238585815	0.89220963	182.86058	10.331019999999999	-32.77848	387586.0	1775936897.06686	0.0	1.0	0.0	-1.0	-1.0	-1.0	1775936897.06686	closed-hand	Close	1	20260411_124810	Trigger
26604.989999999998	-2531.52	20948.04	8454.195	0.0	0.0	0.0	0.0	0.0	0.0	0.0	0.0	0.0	0.0	0.0	0.0	0.0	0.0	144.55172413793105	0.0	0.318907875	0.238585815	0.89220963	182.86058	10.331019999999999	-32.77848	387587.0	1775936897.070866	0.0	1.0	0.0	-1.0	-1.0	-1.0	1775936897.070866	closed-hand	Close	1	20260411_124810	Trigger
22720.274999999998	2361.285	17114.985	4905.945	0.0	0.0	0.0	0.0	0.0	0.0	0.0	0.0	0.0	0.0	0.0	0.0	0.0	0.0	144.55172413793105	0.0	0.318907875	0.238585815	0.89220963	182.86058	10.331019999999999	-32.77848	387588.0	1775936897.070894	0.0	1.0	0.0	-1.0	-1.0	-1.0	1775936897.070894	closed-hand	Close	1	20260411_124810	Trigger
21743.145	4579.92	15904.484999999999	3821.355	0.0	0.0	0.0	0.0	0.0	0.0	0.0	0.0	0.0	0.0	0.0	0.0	0.0	0.0	144.55172413793105	0.0	0.285094485	0.377135265	1.02636456	76.9867	-55.119119999999995	0.94612	387589.0	1775936897.074927	0.0	1.0	0.0	-1.0	-1.0	-1.0	1775936897.074927	closed-hand	Close	1	20260411_124810	Trigger
21593.52	5284.304999999999	15553.755	3609.45	0.0	0.0	0.0	0.0	0.0	0.0	0.0	0.0	0.0	0.0	0.0	0.0	0.0	0.0	144.55172413793105	0.0	0.285094485	0.377135265	1.02636456	76.9867	-55.119119999999995	0.94612	387590.0	1775936897.074952	0.0	1.0	0.0	-1.0	-1.0	-1.0	1775936897.074952	closed-hand	Close	1	20260411_124810	Trigger
21857.76	5049.72	15850.125	3913.875	0.0	0.0	0.0	0.0	0.0	0.0	0.0	0.0	0.0	0.0	0.0	0.0	0.0	0.0	144.55172413793105	0.0	0.285094485	0.377135265	1.02636456	76.9867	-55.119119999999995	0.94612	387591.0	1775936897.078889	0.0	1.0	0.0	-1.0	-1.0	-1.0	1775936897.078889	closed-hand	Close	1	20260411_124810	Trigger
21971.79	4626.2699999999995	16088.625	4106.16	0.0	0.0	0.0	0.0	0.0	0.0	0.0	0.0	0.0	0.0	0.0	0.0	0.0	0.0	144.55172413793105	0.0	0.285094485	0.377135265	1.02636456	76.9867	-55.119119999999995	0.94612	387592.0	1775936897.078913	0.0	1.0	0.0	-1.0	-1.0	-1.0	1775936897.078913	closed-hand	Close	1	20260411_124810	Trigger
22712.535	3805.47	16719.434999999998	4670.01	0.0	0.0	0.0	0.0	0.0	0.0	0.0	0.0	0.0	0.0	0.0	0.0	0.0	0.0	144.55172413793105	0.0	0.285094485	0.377135265	1.02636456	76.9867	-55.119119999999995	0.94612	387593.0	1775936897.08292	0.0	1.0	0.0	-1.0	-1.0	-1.0	1775936897.08292	closed-hand	Close	1	20260411_124810	Trigger
25337.16	460.62	19028.88	6900.795	0.0	0.0	0.0	0.0	0.0	0.0	0.0	0.0	0.0	0.0	0.0	0.0	0.0	0.0	144.55172413793105	0.0	0.285094485	0.377135265	1.02636456	76.9867	-55.119119999999995	0.94612	387594.0	1775936897.082944	0.0	1.0	0.0	-1.0	-1.0	-1.0	1775936897.082944	closed-hand	Close	1	20260411_124810	Trigger
24839.774999999998	128.295	18517.815	6481.035	0.0	0.0	0.0	0.0	0.0	0.0	0.0	0.0	0.0	0.0	0.0	0.0	0.0	0.0	144.55172413793105	0.0	0.285094485	0.377135265	1.02636456	76.9867	-55.119119999999995	0.94612	387595.0	1775936897.086963	0.0	1.0	0.0	-1.0	-1.0	-1.0	1775936897.086963	closed-hand	Close	1	20260411_124810	Trigger
22085.37	3444.435	15829.56	3971.8799999999997	0.0	0.0	0.0	0.0	0.0	0.0	0.0	0.0	0.0	0.0	0.0	0.0	0.0	0.0	144.55172413793105	0.0	0.285094485	0.377135265	1.02636456	76.9867	-55.119119999999995	0.94612	387596.0	1775936897.08699	0.0	1.0	0.0	-1.0	-1.0	-1.0	1775936897.08699	closed-hand	Close	1	20260411_124810	Trigger
21123.405	5243.625	14785.154999999999	3031.1549999999997	0.0	0.0	0.0	0.0	0.0	0.0	0.0	0.0	0.0	0.0	0.0	0.0	0.0	0.0	144.55172413793105	0.0	0.285094485	0.377135265	1.02636456	76.9867	-55.119119999999995	0.94612	387597.0	1775936897.095255	0.0	1.0	0.0	-1.0	-1.0	-1.0	1775936897.095255	closed-hand	Close	1	20260411_124810	Trigger
20520.09	6096.915	14277.96	2639.3849999999998	0.0	0.0	0.0	0.0	0.0	0.0	0.0	0.0	0.0	0.0	0.0	0.0	0.0	0.0	144.55172413793105	0.0	0.285094485	0.377135265	1.02636456	76.9867	-55.119119999999995	0.94612	387598.0	1775936897.095308	0.0	1.0	0.0	-1.0	-1.0	-1.0	1775936897.095308	closed-hand	Close	1	20260411_124810	Trigger
20544.21	6056.28	14369.805	2718.63	0.0	0.0	0.0	0.0	0.0	0.0	0.0	0.0	0.0	0.0	0.0	0.0	0.0	0.0	144.55172413793105	0.0	0.16210896	0.438170265	1.18493349	-69.98236	-172.20909999999998	-20.982499999999998	387599.0	1775936897.095345	0.0	1.0	0.0	-1.0	-1.0	-1.0	1775936897.095345	closed-hand	Close	1	20260411_124810	Trigger
20669.445	5681.655	14530.994999999999	2923.2	0.0	0.0	0.0	0.0	0.0	0.0	0.0	0.0	0.0	0.0	0.0	0.0	0.0	0.0	144.55172413793105	0.0	0.16210896	0.438170265	1.18493349	-69.98236	-172.20909999999998	-20.982499999999998	387600.0	1775936897.09537	0.0	1.0	0.0	-1.0	-1.0	-1.0	1775936897.09537	closed-hand	Close	1	20260411_124810	Trigger
21281.399999999998	5024.5199999999995	15091.47	3394.17	0.0	0.0	0.0	0.0	0.0	0.0	0.0	0.0	0.0	0.0	0.0	0.0	0.0	0.0	144.55172413793105	0.0	0.16210896	0.438170265	1.18493349	-69.98236	-172.20909999999998	-20.982499999999998	387601.0	1775936897.098929	0.0	1.0	0.0	-1.0	-1.0	-1.0	1775936897.098929	closed-hand	Close	1	20260411_124810	Trigger
24515.28	1102.815	18112.094999999998	6124.7699999999995	0.0	0.0	0.0	0.0	0.0	0.0	0.0	0.0	0.0	0.0	0.0	0.0	0.0	0.0	144.55172413793105	0.0	0.16210896	0.438170265	1.18493349	-69.98236	-172.20909999999998	-20.982499999999998	387602.0	1775936897.098953	0.0	1.0	0.0	-1.0	-1.0	-1.0	1775936897.098953	closed-hand	Close	1	20260411_124810	Trigger
26750.295	-2574.54	20160.045	8058.014999999999	0.0	0.0	0.0	0.0	0.0	0.0	0.0	0.0	0.0	0.0	0.0	0.0	0.0	0.0	144.55172413793105	0.0	0.16210896	0.438170265	1.18493349	-69.98236	-172.20909999999998	-20.982499999999998	387603.0	1775936897.105695	0.0	1.0	0.0	-1.0	-1.0	-1.0	1775936897.105695	closed-hand	Close	1	20260411_124810	Trigger
23667.48	373.86	17182.934999999998	5279.04	0.0	0.0	0.0	0.0	0.0	0.0	0.0	0.0	0.0	0.0	0.0	0.0	0.0	0.0	144.55172413793105	0.0	0.16210896	0.438170265	1.18493349	-69.98236	-172.20909999999998	-20.982499999999998	387604.0	1775936897.10574	0.0	1.0	0.0	-1.0	-1.0	-1.0	1775936897.10574	closed-hand	Close	1	20260411_124810	Trigger
19930.59	5410.53	13515.119999999999	1844.3249999999998	0.0	0.0	0.0	0.0	0.0	0.0	0.0	0.0	0.0	0.0	0.0	0.0	0.0	0.0	144.55172413793105	0.0	0.16210896	0.438170265	1.18493349	-69.98236	-172.20909999999998	-20.982499999999998	387605.0	1775936897.106963	0.0	1.0	0.0	-1.0	-1.0	-1.0	1775936897.106963	closed-hand	Close	1	20260411_124810	Trigger
13868.234999999999	9119.52	8296.965	-1727.6399999999999	0.0	0.0	0.0	0.0	0.0	0.0	0.0	0.0	0.0	0.0	0.0	0.0	0.0	0.0	144.55172413793105	0.0	0.16210896	0.438170265	1.18493349	-69.98236	-172.20909999999998	-20.982499999999998	387606.0	1775936897.106986	0.0	1.0	0.0	-1.0	-1.0	-1.0	1775936897.106986	closed-hand	Close	1	20260411_124810	Trigger
4494.465	7304.849999999999	2035.62	-3013.605	0.0	0.0	0.0	0.0	0.0	0.0	0.0	0.0	0.0	0.0	0.0	0.0	0.0	0.0	144.55172413793105	0.0	0.16210896	0.438170265	1.18493349	-69.98236	-172.20909999999998	-20.982499999999998	387607.0	1775936897.111061	0.0	1.0	0.0	-1.0	-1.0	-1.0	1775936897.111061	closed-hand	Close	1	20260411_124810	Trigger
10616.175	15844.904999999999	5440.635	-4291.11	0.0	0.0	0.0	0.0	0.0	0.0	0.0	0.0	0.0	0.0	0.0	0.0	0.0	0.0	144.55172413793105	0.0	0.16210896	0.438170265	1.18493349	-69.98236	-172.20909999999998	-20.982499999999998	387608.0	1775936897.111084	0.0	1.0	0.0	-1.0	-1.0	-1.0	1775936897.111084	closed-hand	Close	1	20260411_124810	Trigger
19991.88	11587.904999999999	13449.869999999999	2211.525	0.0	0.0	0.0	0.0	0.0	0.0	0.0	0.0	0.0	0.0	0.0	0.0	0.0	0.0	144.55172413793105	0.0	0.121032405	0.49011105	1.06847871	-23.332539999999998	-178.03842	32.18334	387609.0	1775936897.116471	0.0	1.0	0.0	-1.0	-1.0	-1.0	1775936897.116471	closed-hand	Close	1	20260411_124810	Trigger
14682.24	1840.4099999999999	11068.02	4814.054999999999	0.0	0.0	0.0	0.0	0.0	0.0	0.0	0.0	0.0	0.0	0.0	0.0	0.0	0.0	144.55172413793105	0.0	0.121032405	0.49011105	1.06847871	-23.332539999999998	-178.03842	32.18334	387610.0	1775936897.116494	0.0	1.0	0.0	-1.0	-1.0	-1.0	1775936897.116494	closed-hand	Close	1	20260411_124810	Trigger
815.895	-108.81	641.0699999999999	325.26	0.0	0.0	0.0	0.0	0.0	0.0	0.0	0.0	0.0	0.0	0.0	0.0	0.0	0.0	144.55172413793105	0.0	0.121032405	0.49011105	1.06847871	-23.332539999999998	-178.03842	32.18334	387611.0	1775936897.119016	0.0	1.0	0.0	-1.0	-1.0	-1.0	1775936897.119016	closed-hand	Close	1	20260411_124810	Trigger
8106.929999999999	-5550.21	6644.115	4399.695	0.0	0.0	0.0	0.0	0.0	0.0	0.0	0.0	0.0	0.0	0.0	0.0	0.0	0.0	144.55172413793105	0.0	0.121032405	0.49011105	1.06847871	-23.332539999999998	-178.03842	32.18334	387612.0	1775936897.119041	0.0	1.0	0.0	-1.0	-1.0	-1.0	1775936897.119041	closed-hand	Close	1	20260411_124810	Trigger
30869.414999999997	-16856.46	23915.565	14061.105	0.0	0.0	0.0	0.0	0.0	0.0	0.0	0.0	0.0	0.0	0.0	0.0	0.0	0.0	144.55172413793105	0.0	0.121032405	0.49011105	1.06847871	-23.332539999999998	-178.03842	32.18334	387613.0	1775936897.123385	0.0	1.0	0.0	-1.0	-1.0	-1.0	1775936897.123385	closed-hand	Close	1	20260411_124810	Trigger
21133.17	-7686.179999999999	14951.07	6213.69	0.0	0.0	0.0	0.0	0.0	0.0	0.0	0.0	0.0	0.0	0.0	0.0	0.0	0.0	144.55172413793105	0.0	0.121032405	0.49011105	1.06847871	-23.332539999999998	-178.03842	32.18334	387614.0	1775936897.123409	0.0	1.0	0.0	-1.0	-1.0	-1.0	1775936897.123409	closed-hand	Close	1	20260411_124810	Trigger
2772.9	-142.10999999999999	1740.105	182.20499999999998	0.0	0.0	0.0	0.0	0.0	0.0	0.0	0.0	0.0	0.0	0.0	0.0	0.0	0.0	144.55172413793105	0.0	0.121032405	0.49011105	1.06847871	-23.332539999999998	-178.03842	32.18334	387615.0	1775936897.127074	0.0	1.0	0.0	-1.0	-1.0	-1.0	1775936897.127074	closed-hand	Close	1	20260411_124810	Trigger
5304.87	10094.535	3782.0699999999997	954.9	0.0	0.0	0.0	0.0	0.0	0.0	0.0	0.0	0.0	0.0	0.0	0.0	0.0	0.0	144.55172413793105	0.0	0.121032405	0.49011105	1.06847871	-23.332539999999998	-178.03842	32.18334	387616.0	1775936897.127107	0.0	1.0	0.0	-1.0	-1.0	-1.0	1775936897.127107	closed-hand	Close	1	20260411_124810	Trigger
16787.835	17203.815	13144.814999999999	7343.639999999999	0.0	0.0	0.0	0.0	0.0	0.0	0.0	0.0	0.0	0.0	0.0	0.0	0.0	0.0	144.55172413793105	0.0	0.121032405	0.49011105	1.06847871	-23.332539999999998	-178.03842	32.18334	387617.0	1775936897.130949	0.0	1.0	0.0	-1.0	-1.0	-1.0	1775936897.130949	closed-hand	Close	1	20260411_124810	Trigger
19171.44	6195.96	15971.355	11045.205	0.0	0.0	0.0	0.0	0.0	0.0	0.0	0.0	0.0	0.0	0.0	0.0	0.0	0.0	144.55172413793105	0.0	0.121032405	0.49011105	1.06847871	-23.332539999999998	-178.03842	32.18334	387618.0	1775936897.130975	0.0	1.0	0.0	-1.0	-1.0	-1.0	1775936897.130975	closed-hand	Close	1	20260411_124810	Trigger
2909.6099999999997	241.42499999999998	2487.96	1830.4199999999998	0.0	0.0	0.0	0.0	0.0	0.0	0.0	0.0	0.0	0.0	0.0	0.0	0.0	0.0	144.55172413793105	0.0	0.174499065	0.485289285	0.8764626	67.92226	-89.91192	87.2109	387619.0	1775936897.135049	0.0	1.0	0.0	-1.0	-1.0	-1.0	1775936897.135049	closed-hand	Close	1	20260411_124810	Trigger
2999.52	-2101.095	2564.685	1981.0349999999999	0.0	0.0	0.0	0.0	0.0	0.0	0.0	0.0	0.0	0.0	0.0	0.0	0.0	0.0	144.55172413793105	0.0	0.174499065	0.485289285	0.8764626	67.92226	-89.91192	87.2109	387620.0	1775936897.135072	0.0	1.0	0.0	-1.0	-1.0	-1.0	1775936897.135072	closed-hand	Close	1	20260411_124810	Trigger
26524.754999999997	-14113.439999999999	21749.67	15831.855	0.0	0.0	0.0	0.0	0.0	0.0	0.0	0.0	0.0	0.0	0.0	0.0	0.0	0.0	144.55172413793105	0.0	0.174499065	0.485289285	0.8764626	67.92226	-89.91192	87.2109	387621.0	1775936897.140296	0.0	1.0	0.0	-1.0	-1.0	-1.0	1775936897.140296	closed-hand	Close	1	20260411_124810	Trigger
28126.754999999997	-10032.795	21764.879999999997	14001.75	0.0	0.0	0.0	0.0	0.0	0.0	0.0	0.0	0.0	0.0	0.0	0.0	0.0	0.0	144.55172413793105	0.0	0.174499065	0.485289285	0.8764626	67.92226	-89.91192	87.2109	387622.0	1775936897.14032	0.0	1.0	0.0	-1.0	-1.0	-1.0	1775936897.14032	closed-hand	Close	1	20260411_124810	Trigger
6801.4349999999995	-931.995	4840.785	2384.145	0.0	0.0	0.0	0.0	0.0	0.0	0.0	0.0	0.0	0.0	0.0	0.0	0.0	0.0	144.55172413793105	0.0	0.174499065	0.485289285	0.8764626	67.92226	-89.91192	87.2109	387623.0	1775936897.143065	0.0	1.0	0.0	-1.0	-1.0	-1.0	1775936897.143065	closed-hand	Close	1	20260411_124810	Trigger
2744.91	5612.355	2200.365	909.405	0.0	0.0	0.0	0.0	0.0	0.0	0.0	0.0	0.0	0.0	0.0	0.0	0.0	0.0	144.55172413793105	0.0	0.174499065	0.485289285	0.8764626	67.92226	-89.91192	87.2109	387624.0	1775936897.143091	0.0	1.0	0.0	-1.0	-1.0	-1.0	1775936897.143091	closed-hand	Close	1	20260411_124810	Trigger
14041.394999999999	20947.23	11406.06	6981.165	0.0	0.0	0.0	0.0	0.0	0.0	0.0	0.0	0.0	0.0	0.0	0.0	0.0	0.0	144.55172413793105	0.0	0.174499065	0.485289285	0.8764626	67.92226	-89.91192	87.2109	387625.0	1775936897.147044	0.0	1.0	0.0	-1.0	-1.0	-1.0	1775936897.147044	closed-hand	Close	1	20260411_124810	Trigger
22048.379999999997	13493.295	18697.5	13844.25	0.0	0.0	0.0	0.0	0.0	0.0	0.0	0.0	0.0	0.0	0.0	0.0	0.0	0.0	144.55172413793105	0.0	0.174499065	0.485289285	0.8764626	67.92226	-89.91192	87.2109	387626.0	1775936897.147069	0.0	1.0	0.0	-1.0	-1.0	-1.0	1775936897.147069	closed-hand	Close	1	20260411_124810	Trigger
7398.63	2073.105	6440.445	5061.96	0.0	0.0	0.0	0.0	0.0	0.0	0.0	0.0	0.0	0.0	0.0	0.0	0.0	0.0	144.55172413793105	0.0	0.174499065	0.485289285	0.8764626	67.92226	-89.91192	87.2109	387627.0	1775936897.151001	0.0	1.0	0.0	-1.0	-1.0	-1.0	1775936897.151001	closed-hand	Close	1	20260411_124810	Trigger
632.79	-528.39	556.3349999999999	450.27	0.0	0.0	0.0	0.0	0.0	0.0	0.0	0.0	0.0	0.0	0.0	0.0	0.0	0.0	144.55172413793105	0.0	0.174499065	0.485289285	0.8764626	67.92226	-89.91192	87.2109	387628.0	1775936897.151025	0.0	1.0	0.0	-1.0	-1.0	-1.0	1775936897.151025	closed-hand	Close	1	20260411_124810	Trigger
18696.915	-9561.465	15827.085	12350.789999999999	0.0	0.0	0.0	0.0	0.0	0.0	0.0	0.0	0.0	0.0	0.0	0.0	0.0	0.0	144.20689655172416	0.0	0.31384197	0.35363679	0.763486815	46.0852	-32.15282	9.47646	387629.0	1775936897.155147	0.0	1.0	0.0	-1.0	-1.0	-1.0	1775936897.155147	closed-hand	Close	1	20260411_124810	Trigger
32331.149999999998	-11207.025	26237.565	19065.059999999998	0.0	0.0	0.0	0.0	0.0	0.0	0.0	0.0	0.0	0.0	0.0	0.0	0.0	0.0	144.20689655172416	0.0	0.31384197	0.35363679	0.763486815	46.0852	-32.15282	9.47646	387630.0	1775936897.155182	0.0	1.0	0.0	-1.0	-1.0	-1.0	1775936897.155182	closed-hand	Close	1	20260411_124810	Trigger
13028.625	-1468.62	9917.91	6191.054999999999	0.0	0.0	0.0	0.0	0.0	0.0	0.0	0.0	0.0	0.0	0.0	0.0	0.0	0.0	144.20689655172416	0.0	0.31384197	0.35363679	0.763486815	46.0852	-32.15282	9.47646	387631.0	1775936897.159026	0.0	1.0	0.0	-1.0	-1.0	-1.0	1775936897.159026	closed-hand	Close	1	20260411_124810	Trigger
1388.79	2064.735	1128.4199999999998	559.5749999999999	0.0	0.0	0.0	0.0	0.0	0.0	0.0	0.0	0.0	0.0	0.0	0.0	0.0	0.0	144.20689655172416	0.0	0.31384197	0.35363679	0.763486815	46.0852	-32.15282	9.47646	387632.0	1775936897.159051	0.0	1.0	0.0	-1.0	-1.0	-1.0	1775936897.159051	closed-hand	Close	1	20260411_124810	Trigger
10078.154999999999	18277.02	8647.785	5537.205	0.0	0.0	0.0	0.0	0.0	0.0	0.0	0.0	0.0	0.0	0.0	0.0	0.0	0.0	144.20689655172416	0.0	0.31384197	0.35363679	0.763486815	46.0852	-32.15282	9.47646	387633.0	1775936897.163075	0.0	1.0	0.0	-1.0	-1.0	-1.0	1775936897.163075	closed-hand	Close	1	20260411_124810	Trigger
21368.52	18960.255	18604.035	14103.855	0.0	0.0	0.0	0.0	0.0	0.0	0.0	0.0	0.0	0.0	0.0	0.0	0.0	0.0	144.20689655172416	0.0	0.31384197	0.35363679	0.763486815	46.0852	-32.15282	9.47646	387634.0	1775936897.163098	0.0	1.0	0.0	-1.0	-1.0	-1.0	1775936897.163098	closed-hand	Close	1	20260411_124810	Trigger
13733.279999999999	5432.804999999999	12150.045	9813.96	0.0	0.0	0.0	0.0	0.0	0.0	0.0	0.0	0.0	0.0	0.0	0.0	0.0	0.0	144.20689655172416	0.0	0.31384197	0.35363679	0.763486815	46.0852	-32.15282	9.47646	387635.0	1775936897.167027	0.0	1.0	0.0	-1.0	-1.0	-1.0	1775936897.167027	closed-hand	Close	1	20260411_124810	Trigger
520.335	20.745	461.385	378.135	0.0	0.0	0.0	0.0	0.0	0.0	0.0	0.0	0.0	0.0	0.0	0.0	0.0	0.0	144.20689655172416	0.0	0.31384197	0.35363679	0.763486815	46.0852	-32.15282	9.47646	387636.0	1775936897.16705	0.0	1.0	0.0	-1.0	-1.0	-1.0	1775936897.16705	closed-hand	Close	1	20260411_124810	Trigger
10599.93	-5552.82	9093.105	7360.605	0.0	0.0	0.0	0.0	0.0	0.0	0.0	0.0	0.0	0.0	0.0	0.0	0.0	0.0	144.20689655172416	0.0	0.31384197	0.35363679	0.763486815	46.0852	-32.15282	9.47646	387637.0	1775936897.171006	0.0	1.0	0.0	-1.0	-1.0	-1.0	1775936897.171006	closed-hand	Close	1	20260411_124810	Trigger
32714.684999999998	-11849.445	27031.41	20764.26	0.0	0.0	0.0	0.0	0.0	0.0	0.0	0.0	0.0	0.0	0.0	0.0	0.0	0.0	144.20689655172416	0.0	0.31384197	0.35363679	0.763486815	46.0852	-32.15282	9.47646	387638.0	1775936897.171029	0.0	1.0	0.0	-1.0	-1.0	-1.0	1775936897.171029	closed-hand	Close	1	20260411_124810	Trigger
19683.045	-2507.895	15475.32	10655.145	0.0	0.0	0.0	0.0	0.0	0.0	0.0	0.0	0.0	0.0	0.0	0.0	0.0	0.0	144.20689655172416	0.0	0.365294475	0.327574845	0.7665385650000001	19.410719999999998	-58.628919999999994	47.59594	387639.0	1775936897.175196	0.0	1.0	0.0	-1.0	-1.0	-1.0	1775936897.175196	closed-hand	Close	1	20260411_124810	Trigger
1989.81	591.345	1508.6699999999998	868.725	0.0	0.0	0.0	0.0	0.0	0.0	0.0	0.0	0.0	0.0	0.0	0.0	0.0	0.0	144.20689655172416	0.0	0.365294475	0.327574845	0.7665385650000001	19.410719999999998	-58.628919999999994	47.59594	387640.0	1775936897.175225	0.0	1.0	0.0	-1.0	-1.0	-1.0	1775936897.175225	closed-hand	Close	1	20260411_124810	Trigger
6002.865	12367.439999999999	5537.79	3654.495	0.0	0.0	0.0	0.0	0.0	0.0	0.0	0.0	0.0	0.0	0.0	0.0	0.0	0.0	144.20689655172416	0.0	0.365294475	0.327574845	0.7665385650000001	19.410719999999998	-58.628919999999994	47.59594	387641.0	1775936897.179106	0.0	1.0	0.0	-1.0	-1.0	-1.0	1775936897.179106	closed-hand	Close	1	20260411_124810	Trigger
18353.745	22663.35	16639.515	12550.77	0.0	0.0	0.0	0.0	0.0	0.0	0.0	0.0	0.0	0.0	0.0	0.0	0.0	0.0	144.20689655172416	0.0	0.365294475	0.327574845	0.7665385650000001	19.410719999999998	-58.628919999999994	47.59594	387642.0	1775936897.179131	0.0	1.0	0.0	-1.0	-1.0	-1.0	1775936897.179131	closed-hand	Close	1	20260411_124810	Trigger
19322.01	10308.96	17495.91	14230.845	0.0	0.0	0.0	0.0	0.0	0.0	0.0	0.0	0.0	0.0	0.0	0.0	0.0	0.0	144.20689655172416	0.0	0.365294475	0.327574845	0.7665385650000001	19.410719999999998	-58.628919999999994	47.59594	387643.0	1775936897.18314	0.0	1.0	0.0	-1.0	-1.0	-1.0	1775936897.18314	closed-hand	Close	1	20260411_124810	Trigger
2543.4	721.035	2315.115	1941.615	0.0	0.0	0.0	0.0	0.0	0.0	0.0	0.0	0.0	0.0	0.0	0.0	0.0	0.0	144.20689655172416	0.0	0.365294475	0.327574845	0.7665385650000001	19.410719999999998	-58.628919999999994	47.59594	387644.0	1775936897.183183	0.0	1.0	0.0	-1.0	-1.0	-1.0	1775936897.183183	closed-hand	Close	1	20260411_124810	Trigger
4389.3	-2458.08	3825.1349999999998	3136.095	0.0	0.0	0.0	0.0	0.0	0.0	0.0	0.0	0.0	0.0	0.0	0.0	0.0	0.0	144.20689655172416	0.0	0.365294475	0.327574845	0.7665385650000001	19.410719999999998	-58.628919999999994	47.59594	387645.0	1775936897.187091	0.0	1.0	0.0	-1.0	-1.0	-1.0	1775936897.187091	closed-hand	Close	1	20260411_124810	Trigger
28688.265	-11047.77	24156.045	18921.645	0.0	0.0	0.0	0.0	0.0	0.0	0.0	0.0	0.0	0.0	0.0	0.0	0.0	0.0	144.20689655172416	0.0	0.365294475	0.327574845	0.7665385650000001	19.410719999999998	-58.628919999999994	47.59594	387646.0	1775936897.187115	0.0	1.0	0.0	-1.0	-1.0	-1.0	1775936897.187115	closed-hand	Close	1	20260411_124810	Trigger
26050.86	-4132.53	21009.51	15017.085	0.0	0.0	0.0	0.0	0.0	0.0	0.0	0.0	0.0	0.0	0.0	0.0	0.0	0.0	144.20689655172416	0.0	0.365294475	0.327574845	0.7665385650000001	19.410719999999998	-58.628919999999994	47.59594	387647.0	1775936897.192364	0.0	1.0	0.0	-1.0	-1.0	-1.0	1775936897.192364	closed-hand	Close	1	20260411_124810	Trigger
4974.66	552.24	3823.47	2335.68	0.0	0.0	0.0	0.0	0.0	0.0	0.0	0.0	0.0	0.0	0.0	0.0	0.0	0.0	144.20689655172416	0.0	0.365294475	0.327574845	0.7665385650000001	19.410719999999998	-58.628919999999994	47.59594	387648.0	1775936897.192388	0.0	1.0	0.0	-1.0	-1.0	-1.0	1775936897.192388	closed-hand	Close	1	20260411_124810	Trigger
2855.3399999999997	6316.245	2765.565	1807.02	0.0	0.0	0.0	0.0	0.0	0.0	0.0	0.0	0.0	0.0	0.0	0.0	0.0	0.0	144.20689655172416	0.0	0.359801325	0.33636388500000003	0.800962305	18.37304	-36.5477	24.8738	387649.0	1775936897.196718	0.0	1.0	0.0	-1.0	-1.0	-1.0	1775936897.196718	closed-hand	Close	1	20260411_124810	Trigger
14301.81	23019.885	13479.435	9845.865	0.0	0.0	0.0	0.0	0.0	0.0	0.0	0.0	0.0	0.0	0.0	0.0	0.0	0.0	144.20689655172416	0.0	0.359801325	0.33636388500000003	0.800962305	18.37304	-36.5477	24.8738	387650.0	1775936897.196747	0.0	1.0	0.0	-1.0	-1.0	-1.0	1775936897.196747	closed-hand	Close	1	20260411_124810	Trigger
21845.43	15572.654999999999	20143.98	16213.545	0.0	0.0	0.0	0.0	0.0	0.0	0.0	0.0	0.0	0.0	0.0	0.0	0.0	0.0	144.20689655172416	0.0	0.359801325	0.33636388500000003	0.800962305	18.37304	-36.5477	24.8738	387651.0	1775936897.199195	0.0	1.0	0.0	-1.0	-1.0	-1.0	1775936897.199195	closed-hand	Close	1	20260411_124810	Trigger
6991.11	2562.345	6432.66	5391.0	0.0	0.0	0.0	0.0	0.0	0.0	0.0	0.0	0.0	0.0	0.0	0.0	0.0	0.0	144.20689655172416	0.0	0.359801325	0.33636388500000003	0.800962305	18.37304	-36.5477	24.8738	387652.0	1775936897.199219	0.0	1.0	0.0	-1.0	-1.0	-1.0	1775936897.199219	closed-hand	Close	1	20260411_124810	Trigger
1250.37	-730.62	1124.595	456.03	0.0	0.0	0.0	0.0	0.0	0.0	0.0	0.0	0.0	0.0	0.0	0.0	0.0	0.0	144.20689655172416	0.0	0.359801325	0.33636388500000003	0.800962305	18.37304	-36.5477	24.8738	387653.0	1775936897.20317	0.0	1.0	0.0	-1.0	-1.0	-1.0	1775936897.20317	closed-hand	Close	1	20260411_124810	Trigger
20390.445	-6557.804999999999	17747.954999999998	5523.12	0.0	0.0	0.0	0.0	0.0	0.0	0.0	0.0	0.0	0.0	0.0	0.0	0.0	0.0	144.20689655172416	0.0	0.359801325	0.33636388500000003	0.800962305	18.37304	-36.5477	24.8738	387654.0	1775936897.203194	0.0	1.0	0.0	-1.0	-1.0	-1.0	1775936897.203194	closed-hand	Close	1	20260411_124810	Trigger
27946.079999999998	-2212.65	23549.309999999998	3320.91	0.0	0.0	0.0	0.0	0.0	0.0	0.0	0.0	0.0	0.0	0.0	0.0	0.0	0.0	144.20689655172416	0.0	0.359801325	0.33636388500000003	0.800962305	18.37304	-36.5477	24.8738	387655.0	1775936897.207189	0.0	1.0	0.0	-1.0	-1.0	-1.0	1775936897.207189	closed-hand	Close	1	20260411_124810	Trigger
9001.08	2539.395	7283.025	-1402.245	0.0	0.0	0.0	0.0	0.0	0.0	0.0	0.0	0.0	0.0	0.0	0.0	0.0	0.0	144.20689655172416	0.0	0.359801325	0.33636388500000003	0.800962305	18.37304	-36.5477	24.8738	387656.0	1775936897.207218	0.0	1.0	0.0	-1.0	-1.0	-1.0	1775936897.207218	closed-hand	Close	1	20260411_124810	Trigger
1078.74	2288.43	1078.56	-329.94	0.0	0.0	0.0	0.0	0.0	0.0	0.0	0.0	0.0	0.0	0.0	0.0	0.0	0.0	144.20689655172416	0.0	0.359801325	0.33636388500000003	0.800962305	18.37304	-36.5477	24.8738	387657.0	1775936897.211178	0.0	1.0	0.0	-1.0	-1.0	-1.0	1775936897.211178	closed-hand	Close	1	20260411_124810	Trigger
9317.43	17559.135	9332.685	1061.5049999999999	0.0	0.0	0.0	0.0	0.0	0.0	0.0	0.0	0.0	0.0	0.0	0.0	0.0	0.0	144.20689655172416	0.0	0.359801325	0.33636388500000003	0.800962305	18.37304	-36.5477	24.8738	387658.0	1775936897.211203	0.0	1.0	0.0	-1.0	-1.0	-1.0	1775936897.211203	closed-hand	Close	1	20260411_124810	Trigger
19918.844999999998	16847.55	18910.485	8276.31	0.0	0.0	0.0	0.0	0.0	0.0	0.0	0.0	0.0	0.0	0.0	0.0	0.0	0.0	144.20689655172416	0.0	0.28832934	0.310118835	0.8613869550000001	-21.013019999999997	-67.87648	-5.98192	387659.0	1775936897.215662	0.0	1.0	0.0	-1.0	-1.0	-1.0	1775936897.215662	closed-hand	Close	1	20260411_124810	Trigger
12496.275	4275.045	11686.545	6791.8949999999995	0.0	0.0	0.0	0.0	0.0	0.0	0.0	0.0	0.0	0.0	0.0	0.0	0.0	0.0	144.20689655172416	0.0	0.28832934	0.310118835	0.8613869550000001	-21.013019999999997	-67.87648	-5.98192	387660.0	1775936897.215686	0.0	1.0	0.0	-1.0	-1.0	-1.0	1775936897.215686	closed-hand	Close	1	20260411_124810	Trigger
511.155	-109.89	472.5	313.78499999999997	0.0	0.0	0.0	0.0	0.0	0.0	0.0	0.0	0.0	0.0	0.0	0.0	0.0	0.0	144.20689655172416	0.0	0.28832934	0.310118835	0.8613869550000001	-21.013019999999997	-67.87648	-5.98192	387661.0	1775936897.219654	0.0	1.0	0.0	-1.0	-1.0	-1.0	1775936897.219654	closed-hand	Close	1	20260411_124810	Trigger
12876.255	-6678.2699999999995	11149.38	7832.295	0.0	0.0	0.0	0.0	0.0	0.0	0.0	0.0	0.0	0.0	0.0	0.0	0.0	0.0	144.20689655172416	0.0	0.28832934	0.310118835	0.8613869550000001	-21.013019999999997	-67.87648	-5.98192	387662.0	1775936897.219679	0.0	1.0	0.0	-1.0	-1.0	-1.0	1775936897.219679	closed-hand	Close	1	20260411_124810	Trigger
31526.235	-10908.539999999999	26424.405	16473.059999999998	0.0	0.0	0.0	0.0	0.0	0.0	0.0	0.0	0.0	0.0	0.0	0.0	0.0	0.0	144.20689655172416	0.0	0.28832934	0.310118835	0.8613869550000001	-21.013019999999997	-67.87648	-5.98192	387663.0	1775936897.223286	0.0	1.0	0.0	-1.0	-1.0	-1.0	1775936897.223286	closed-hand	Close	1	20260411_124810	Trigger
16177.095	-1522.215	13105.394999999999	6172.38	0.0	0.0	0.0	0.0	0.0	0.0	0.0	0.0	0.0	0.0	0.0	0.0	0.0	0.0	144.20689655172416	0.0	0.28832934	0.310118835	0.8613869550000001	-21.013019999999997	-67.87648	-5.98192	387664.0	1775936897.223312	0.0	1.0	0.0	-1.0	-1.0	-1.0	1775936897.223312	closed-hand	Close	1	20260411_124810	Trigger
1269.315	666.5849999999999	1041.12	263.61	0.0	0.0	0.0	0.0	0.0	0.0	0.0	0.0	0.0	0.0	0.0	0.0	0.0	0.0	144.20689655172416	0.0	0.28832934	0.310118835	0.8613869550000001	-21.013019999999997	-67.87648	-5.98192	387665.0	1775936897.227159	0.0	1.0	0.0	-1.0	-1.0	-1.0	1775936897.227159	closed-hand	Close	1	20260411_124810	Trigger
5894.054999999999	12964.59	6086.5199999999995	2639.43	0.0	0.0	0.0	0.0	0.0	0.0	0.0	0.0	0.0	0.0	0.0	0.0	0.0	0.0	144.20689655172416	0.0	0.28832934	0.310118835	0.8613869550000001	-21.013019999999997	-67.87648	-5.98192	387666.0	1775936897.227189	0.0	1.0	0.0	-1.0	-1.0	-1.0	1775936897.227189	closed-hand	Close	1	20260411_124810	Trigger
17562.6	21793.95	17207.91	10467.765	0.0	0.0	0.0	0.0	0.0	0.0	0.0	0.0	0.0	0.0	0.0	0.0	0.0	0.0	144.20689655172416	0.0	0.28832934	0.310118835	0.8613869550000001	-21.013019999999997	-67.87648	-5.98192	387667.0	1775936897.231198	0.0	1.0	0.0	-1.0	-1.0	-1.0	1775936897.231198	closed-hand	Close	1	20260411_124810	Trigger
17861.13	9253.08	16970.535	12147.119999999999	0.0	0.0	0.0	0.0	0.0	0.0	0.0	0.0	0.0	0.0	0.0	0.0	0.0	0.0	144.20689655172416	0.0	0.28832934	0.310118835	0.8613869550000001	-21.013019999999997	-67.87648	-5.98192	387668.0	1775936897.231221	0.0	1.0	0.0	-1.0	-1.0	-1.0	1775936897.231221	closed-hand	Close	1	20260411_124810	Trigger
2092.86	530.01	1969.875	1496.79	0.0	0.0	0.0	0.0	0.0	0.0	0.0	0.0	0.0	0.0	0.0	0.0	0.0	0.0	144.20689655172416	0.0	0.30590742	0.245299665	0.8508889350000001	-41.03414	-70.7301	-3.7386999999999997	387669.0	1775936897.235308	0.0	1.0	0.0	-1.0	-1.0	-1.0	1775936897.235308	closed-hand	Close	1	20260411_124810	Trigger
6133.455	-3417.795	5392.62	4375.71	0.0	0.0	0.0	0.0	0.0	0.0	0.0	0.0	0.0	0.0	0.0	0.0	0.0	0.0	144.20689655172416	0.0	0.30590742	0.245299665	0.8508889350000001	-41.03414	-70.7301	-3.7386999999999997	387670.0	1775936897.235332	0.0	1.0	0.0	-1.0	-1.0	-1.0	1775936897.235332	closed-hand	Close	1	20260411_124810	Trigger
29624.895	-11079.72	25200.54	19211.535	0.0	0.0	0.0	0.0	0.0	0.0	0.0	0.0	0.0	0.0	0.0	0.0	0.0	0.0	144.20689655172416	0.0	0.30590742	0.245299665	0.8508889350000001	-41.03414	-70.7301	-3.7386999999999997	387671.0	1775936897.239432	0.0	1.0	0.0	-1.0	-1.0	-1.0	1775936897.239432	closed-hand	Close	1	20260411_124810	Trigger
22844.879999999997	-2878.245	18784.485	12598.56	0.0	0.0	0.0	0.0	0.0	0.0	0.0	0.0	0.0	0.0	0.0	0.0	0.0	0.0	144.20689655172416	0.0	0.30590742	0.245299665	0.8508889350000001	-41.03414	-70.7301	-3.7386999999999997	387672.0	1775936897.239464	0.0	1.0	0.0	-1.0	-1.0	-1.0	1775936897.239464	closed-hand	Close	1	20260411_124810	Trigger
3409.065	538.605	2709.45	1478.25	0.0	0.0	0.0	0.0	0.0	0.0	0.0	0.0	0.0	0.0	0.0	0.0	0.0	0.0	144.20689655172416	0.0	0.30590742	0.245299665	0.8508889350000001	-41.03414	-70.7301	-3.7386999999999997	387673.0	1775936897.243261	0.0	1.0	0.0	-1.0	-1.0	-1.0	1775936897.243261	closed-hand	Close	1	20260411_124810	Trigger
3104.73	7327.485	3400.065	1926.495	0.0	0.0	0.0	0.0	0.0	0.0	0.0	0.0	0.0	0.0	0.0	0.0	0.0	0.0	144.20689655172416	0.0	0.30590742	0.245299665	0.8508889350000001	-41.03414	-70.7301	-3.7386999999999997	387674.0	1775936897.243293	0.0	1.0	0.0	-1.0	-1.0	-1.0	1775936897.243293	closed-hand	Close	1	20260411_124810	Trigger
14108.58	23394.329999999998	14523.164999999999	9708.255	0.0	0.0	0.0	0.0	0.0	0.0	0.0	0.0	0.0	0.0	0.0	0.0	0.0	0.0	144.20689655172416	0.0	0.30590742	0.245299665	0.8508889350000001	-41.03414	-70.7301	-3.7386999999999997	387675.0	1775936897.247378	0.0	1.0	0.0	-1.0	-1.0	-1.0	1775936897.247378	closed-hand	Close	1	20260411_124810	Trigger
20811.285	14903.955	20163.059999999998	15459.795	0.0	0.0	0.0	0.0	0.0	0.0	0.0	0.0	0.0	0.0	0.0	0.0	0.0	0.0	144.20689655172416	0.0	0.30590742	0.245299665	0.8508889350000001	-41.03414	-70.7301	-3.7386999999999997	387676.0	1775936897.247405	0.0	1.0	0.0	-1.0	-1.0	-1.0	1775936897.247405	closed-hand	Close	1	20260411_124810	Trigger
5878.71	2168.145	5601.6449999999995	4535.325	0.0	0.0	0.0	0.0	0.0	0.0	0.0	0.0	0.0	0.0	0.0	0.0	0.0	0.0	144.20689655172416	0.0	0.30590742	0.245299665	0.8508889350000001	-41.03414	-70.7301	-3.7386999999999997	387677.0	1775936897.25135	0.0	1.0	0.0	-1.0	-1.0	-1.0	1775936897.25135	closed-hand	Close	1	20260411_124810	Trigger
1914.0749999999998	-1201.725	1705.5449999999998	1449.945	0.0	0.0	0.0	0.0	0.0	0.0	0.0	0.0	0.0	0.0	0.0	0.0	0.0	0.0	144.20689655172416	0.0	0.30590742	0.245299665	0.8508889350000001	-41.03414	-70.7301	-3.7386999999999997	387678.0	1775936897.251383	0.0	1.0	0.0	-1.0	-1.0	-1.0	1775936897.251383	closed-hand	Close	1	20260411_124810	Trigger
23268.285	-9333.315	20079.405	16372.89	0.0	0.0	0.0	0.0	0.0	0.0	0.0	0.0	0.0	0.0	0.0	0.0	0.0	0.0	144.20689655172416	0.0	0.39807027	0.22619571	0.848081325	0.18312	-46.375139999999995	-6.34816	387679.0	1775936897.255423	0.0	1.0	0.0	-1.0	-1.0	-1.0	1775936897.255423	closed-hand	Close	1	20260411_124810	Trigger
28163.295	-4990.005	23630.535	17835.704999999998	0.0	0.0	0.0	0.0	0.0	0.0	0.0	0.0	0.0	0.0	0.0	0.0	0.0	0.0	144.20689655172416	0.0	0.39807027	0.22619571	0.848081325	0.18312	-46.375139999999995	-6.34816	387680.0	1775936897.255454	0.0	1.0	0.0	-1.0	-1.0	-1.0	1775936897.255454	closed-hand	Close	1	20260411_124810	Trigger
7850.565	932.895	6391.3949999999995	4196.925	0.0	0.0	0.0	0.0	0.0	0.0	0.0	0.0	0.0	0.0	0.0	0.0	0.0	0.0	144.20689655172416	0.0	0.39807027	0.22619571	0.848081325	0.18312	-46.375139999999995	-6.34816	387681.0	1775936897.259429	0.0	1.0	0.0	-1.0	-1.0	-1.0	1775936897.259429	closed-hand	Close	1	20260411_124810	Trigger
1197.0449999999998	2884.41	1347.21	830.16	0.0	0.0	0.0	0.0	0.0	0.0	0.0	0.0	0.0	0.0	0.0	0.0	0.0	0.0	144.20689655172416	0.0	0.39807027	0.22619571	0.848081325	0.18312	-46.375139999999995	-6.34816	387682.0	1775936897.259459	0.0	1.0	0.0	-1.0	-1.0	-1.0	1775936897.259459	closed-hand	Close	1	20260411_124810	Trigger
10196.055	20543.985	11116.619999999999	7680.0599999999995	0.0	0.0	0.0	0.0	0.0	0.0	0.0	0.0	0.0	0.0	0.0	0.0	0.0	0.0	144.20689655172416	0.0	0.39807027	0.22619571	0.848081325	0.18312	-46.375139999999995	-6.34816	387683.0	1775936897.263431	0.0	1.0	0.0	-1.0	-1.0	-1.0	1775936897.263431	closed-hand	Close	1	20260411_124810	Trigger
20444.265	19651.815	20528.82	15988.095	0.0	0.0	0.0	0.0	0.0	0.0	0.0	0.0	0.0	0.0	0.0	0.0	0.0	0.0	144.20689655172416	0.0	0.39807027	0.22619571	0.848081325	0.18312	-46.375139999999995	-6.34816	387684.0	1775936897.263496	0.0	1.0	0.0	-1.0	-1.0	-1.0	1775936897.263496	closed-hand	Close	1	20260411_124810	Trigger
11427.705	5212.215	11099.835	9169.875	0.0	0.0	0.0	0.0	0.0	0.0	0.0	0.0	0.0	0.0	0.0	0.0	0.0	0.0	144.20689655172416	0.0	0.39807027	0.22619571	0.848081325	0.18312	-46.375139999999995	-6.34816	387685.0	1775936897.267325	0.0	1.0	0.0	-1.0	-1.0	-1.0	1775936897.267325	closed-hand	Close	1	20260411_124810	Trigger
540.81	-219.55499999999998	503.325	432.585	0.0	0.0	0.0	0.0	0.0	0.0	0.0	0.0	0.0	0.0	0.0	0.0	0.0	0.0	144.20689655172416	0.0	0.39807027	0.22619571	0.848081325	0.18312	-46.375139999999995	-6.34816	387686.0	1775936897.267357	0.0	1.0	0.0	-1.0	-1.0	-1.0	1775936897.267357	closed-hand	Close	1	20260411_124810	Trigger
15221.699999999999	-6736.455	13356.855	11267.279999999999	0.0	0.0	0.0	0.0	0.0	0.0	0.0	0.0	0.0	0.0	0.0	0.0	0.0	0.0	144.20689655172416	0.0	0.39807027	0.22619571	0.848081325	0.18312	-46.375139999999995	-6.34816	387687.0	1775936897.27232	0.0	1.0	0.0	-1.0	-1.0	-1.0	1775936897.27232	closed-hand	Close	1	20260411_124810	Trigger
30952.574999999997	-7600.455	26506.125	21195.675	0.0	0.0	0.0	0.0	0.0	0.0	0.0	0.0	0.0	0.0	0.0	0.0	0.0	0.0	144.20689655172416	0.0	0.39807027	0.22619571	0.848081325	0.18312	-46.375139999999995	-6.34816	387688.0	1775936897.272352	0.0	1.0	0.0	-1.0	-1.0	-1.0	1775936897.272352	closed-hand	Close	1	20260411_124810	Trigger
14000.535	620.865	11690.279999999999	8405.91	0.0	0.0	0.0	0.0	0.0	0.0	0.0	0.0	0.0	0.0	0.0	0.0	0.0	0.0	144.20689655172416	0.0	0.43054089	0.23779236	0.84582303	26.964419999999997	-21.058799999999998	-3.55558	387689.0	1775936897.278132	0.0	1.0	0.0	-1.0	-1.0	-1.0	1775936897.278132	closed-hand	Close	1	20260411_124810	Trigger
965.52	980.73	886.3199999999999	545.5799999999999	0.0	0.0	0.0	0.0	0.0	0.0	0.0	0.0	0.0	0.0	0.0	0.0	0.0	0.0	144.20689655172416	0.0	0.43054089	0.23779236	0.84582303	26.964419999999997	-21.058799999999998	-3.55558	387690.0	1775936897.278159	0.0	1.0	0.0	-1.0	-1.0	-1.0	1775936897.278159	closed-hand	Close	1	20260411_124810	Trigger
6543.405	15059.295	7434.315	5132.61	0.0	0.0	0.0	0.0	0.0	0.0	0.0	0.0	0.0	0.0	0.0	0.0	0.0	0.0	144.20689655172416	0.0	0.43054089	0.23779236	0.84582303	26.964419999999997	-21.058799999999998	-3.55558	387691.0	1775936897.280452	0.0	1.0	0.0	-1.0	-1.0	-1.0	1775936897.280452	closed-hand	Close	1	20260411_124810	Trigger
18067.454999999998	23137.695	18766.844999999998	14489.91	0.0	0.0	0.0	0.0	0.0	0.0	0.0	0.0	0.0	0.0	0.0	0.0	0.0	0.0	144.20689655172416	0.0	0.43054089	0.23779236	0.84582303	26.964419999999997	-21.058799999999998	-3.55558	387692.0	1775936897.280475	0.0	1.0	0.0	-1.0	-1.0	-1.0	1775936897.280475	closed-hand	Close	1	20260411_124810	Trigger
16840.485	9565.335	16603.875	13760.144999999999	0.0	0.0	0.0	0.0	0.0	0.0	0.0	0.0	0.0	0.0	0.0	0.0	0.0	0.0	144.20689655172416	0.0	0.43054089	0.23779236	0.84582303	26.964419999999997	-21.058799999999998	-3.55558	387693.0	1775936897.283535	0.0	1.0	0.0	-1.0	-1.0	-1.0	1775936897.283535	closed-hand	Close	1	20260411_124810	Trigger
1595.835	469.26	1543.77	1315.71	0.0	0.0	0.0	0.0	0.0	0.0	0.0	0.0	0.0	0.0	0.0	0.0	0.0	0.0	144.20689655172416	0.0	0.43054089	0.23779236	0.84582303	26.964419999999997	-21.058799999999998	-3.55558	387694.0	1775936897.283564	0.0	1.0	0.0	-1.0	-1.0	-1.0	1775936897.283564	closed-hand	Close	1	20260411_124810	Trigger
7622.28	-3812.94	6757.11	5869.485	0.0	0.0	0.0	0.0	0.0	0.0	0.0	0.0	0.0	0.0	0.0	0.0	0.0	0.0	144.20689655172416	0.0	0.43054089	0.23779236	0.84582303	26.964419999999997	-21.058799999999998	-3.55558	387695.0	1775936897.288473	0.0	1.0	0.0	-1.0	-1.0	-1.0	1775936897.288473	closed-hand	Close	1	20260411_124810	Trigger
30126.78	-9408.195	26047.125	21746.07	0.0	0.0	0.0	0.0	0.0	0.0	0.0	0.0	0.0	0.0	0.0	0.0	0.0	0.0	144.20689655172416	0.0	0.43054089	0.23779236	0.84582303	26.964419999999997	-21.058799999999998	-3.55558	387696.0	1775936897.288499	0.0	1.0	0.0	-1.0	-1.0	-1.0	1775936897.288499	closed-hand	Close	1	20260411_124810	Trigger
20678.445	-818.055	17508.195	13483.439999999999	0.0	0.0	0.0	0.0	0.0	0.0	0.0	0.0	0.0	0.0	0.0	0.0	0.0	0.0	144.20689655172416	0.0	0.43054089	0.23779236	0.84582303	26.964419999999997	-21.058799999999998	-3.55558	387697.0	1775936897.291411	0.0	1.0	0.0	-1.0	-1.0	-1.0	1775936897.291411	closed-hand	Close	1	20260411_124810	Trigger
2530.125	718.785	2100.5099999999998	1430.0549999999998	0.0	0.0	0.0	0.0	0.0	0.0	0.0	0.0	0.0	0.0	0.0	0.0	0.0	0.0	144.20689655172416	0.0	0.43054089	0.23779236	0.84582303	26.964419999999997	-21.058799999999998	-3.55558	387698.0	1775936897.291435	0.0	1.0	0.0	-1.0	-1.0	-1.0	1775936897.291435	closed-hand	Close	1	20260411_124810	Trigger
3541.8599999999997	8721.585	4159.485	2902.185	0.0	0.0	0.0	0.0	0.0	0.0	0.0	0.0	0.0	0.0	0.0	0.0	0.0	0.0	144.20689655172416	0.0	0.40136616	0.26391534	0.863095935	19.410719999999998	-16.984379999999998	2.35004	387699.0	1775936897.295532	0.0	1.0	0.0	-1.0	-1.0	-1.0	1775936897.295532	closed-hand	Close	1	20260411_124810	Trigger
14707.035	24168.735	15922.394999999999	12201.164999999999	0.0	0.0	0.0	0.0	0.0	0.0	0.0	0.0	0.0	0.0	0.0	0.0	0.0	0.0	144.20689655172416	0.0	0.40136616	0.26391534	0.863095935	19.410719999999998	-16.984379999999998	2.35004	387700.0	1775936897.295566	0.0	1.0	0.0	-1.0	-1.0	-1.0	1775936897.295566	closed-hand	Close	1	20260411_124810	Trigger
20234.835	14396.85	20318.13	16895.79	0.0	0.0	0.0	0.0	0.0	0.0	0.0	0.0	0.0	0.0	0.0	0.0	0.0	0.0	144.20689655172416	0.0	0.40136616	0.26391534	0.863095935	19.410719999999998	-16.984379999999998	2.35004	387701.0	1775936897.299419	0.0	1.0	0.0	-1.0	-1.0	-1.0	1775936897.299419	closed-hand	Close	1	20260411_124810	Trigger
4727.925	1801.7549999999999	4641.66	3997.5299999999997	0.0	0.0	0.0	0.0	0.0	0.0	0.0	0.0	0.0	0.0	0.0	0.0	0.0	0.0	144.20689655172416	0.0	0.40136616	0.26391534	0.863095935	19.410719999999998	-16.984379999999998	2.35004	387702.0	1775936897.299447	0.0	1.0	0.0	-1.0	-1.0	-1.0	1775936897.299447	closed-hand	Close	1	20260411_124810	Trigger
2758.68	-1576.215	2479.725	2174.7599999999998	0.0	0.0	0.0	0.0	0.0	0.0	0.0	0.0	0.0	0.0	0.0	0.0	0.0	0.0	144.20689655172416	0.0	0.40136616	0.26391534	0.863095935	19.410719999999998	-16.984379999999998	2.35004	387703.0	1775936897.304909	0.0	1.0	0.0	-1.0	-1.0	-1.0	1775936897.304909	closed-hand	Close	1	20260411_124810	Trigger
25064.504999999997	-9172.98	21966.12	18638.235	0.0	0.0	0.0	0.0	0.0	0.0	0.0	0.0	0.0	0.0	0.0	0.0	0.0	0.0	144.20689655172416	0.0	0.40136616	0.26391534	0.863095935	19.410719999999998	-16.984379999999998	2.35004	387704.0	1775936897.304933	0.0	1.0	0.0	-1.0	-1.0	-1.0	1775936897.304933	closed-hand	Close	1	20260411_124810	Trigger
26533.485	-3326.085	22802.805	18123.524999999998	0.0	0.0	0.0	0.0	0.0	0.0	0.0	0.0	0.0	0.0	0.0	0.0	0.0	0.0	144.20689655172416	0.0	0.40136616	0.26391534	0.863095935	19.410719999999998	-16.984379999999998	2.35004	387705.0	1775936897.307553	0.0	1.0	0.0	-1.0	-1.0	-1.0	1775936897.307553	closed-hand	Close	1	20260411_124810	Trigger
6281.46	1124.37	5301.9	3778.83	0.0	0.0	0.0	0.0	0.0	0.0	0.0	0.0	0.0	0.0	0.0	0.0	0.0	0.0	144.20689655172416	0.0	0.40136616	0.26391534	0.863095935	19.410719999999998	-16.984379999999998	2.35004	387706.0	1775936897.307577	0.0	1.0	0.0	-1.0	-1.0	-1.0	1775936897.307577	closed-hand	Close	1	20260411_124810	Trigger
1493.325	3641.535	1837.0349999999999	1385.595	0.0	0.0	0.0	0.0	0.0	0.0	0.0	0.0	0.0	0.0	0.0	0.0	0.0	0.0	144.20689655172416	0.0	0.40136616	0.26391534	0.863095935	19.410719999999998	-16.984379999999998	2.35004	387707.0	1775936897.311417	0.0	1.0	0.0	-1.0	-1.0	-1.0	1775936897.311417	closed-hand	Close	1	20260411_124810	Trigger
11183.58	21071.745	12924.765	10387.755	0.0	0.0	0.0	0.0	0.0	0.0	0.0	0.0	0.0	0.0	0.0	0.0	0.0	0.0	144.20689655172416	0.0	0.40136616	0.26391534	0.863095935	19.410719999999998	-16.984379999999998	2.35004	387708.0	1775936897.31144	0.0	1.0	0.0	-1.0	-1.0	-1.0	1775936897.31144	closed-hand	Close	1	20260411_124810	Trigger
20799.135	17965.934999999998	21684.105	18586.755	0.0	0.0	0.0	0.0	0.0	0.0	0.0	0.0	0.0	0.0	0.0	0.0	0.0	0.0	144.20689655172416	0.0	0.38232324	0.28027272000000003	0.876889845	-0.79352	-28.74984	-3.0672599999999997	387709.0	1775936897.315559	0.0	1.0	0.0	-1.0	-1.0	-1.0	1775936897.315559	closed-hand	Close	1	20260411_124810	Trigger
9966.285	4083.66	9965.654999999999	8816.4	0.0	0.0	0.0	0.0	0.0	0.0	0.0	0.0	0.0	0.0	0.0	0.0	0.0	0.0	144.20689655172416	0.0	0.38232324	0.28027272000000003	0.876889845	-0.79352	-28.74984	-3.0672599999999997	387710.0	1775936897.315582	0.0	1.0	0.0	-1.0	-1.0	-1.0	1775936897.315582	closed-hand	Close	1	20260411_124810	Trigger
685.0799999999999	-432.27	634.4549999999999	571.59	0.0	0.0	0.0	0.0	0.0	0.0	0.0	0.0	0.0	0.0	0.0	0.0	0.0	0.0	144.20689655172416	0.0	0.38232324	0.28027272000000003	0.876889845	-0.79352	-28.74984	-3.0672599999999997	387711.0	1775936897.319436	0.0	1.0	0.0	-1.0	-1.0	-1.0	1775936897.319436	closed-hand	Close	1	20260411_124810	Trigger
17485.739999999998	-7482.105	15479.46	13637.07	0.0	0.0	0.0	0.0	0.0	0.0	0.0	0.0	0.0	0.0	0.0	0.0	0.0	0.0	144.20689655172416	0.0	0.38232324	0.28027272000000003	0.876889845	-0.79352	-28.74984	-3.0672599999999997	387712.0	1775936897.31946	0.0	1.0	0.0	-1.0	-1.0	-1.0	1775936897.31946	closed-hand	Close	1	20260411_124810	Trigger
30324.42	-6729.165	26308.98	22199.129999999997	0.0	0.0	0.0	0.0	0.0	0.0	0.0	0.0	0.0	0.0	0.0	0.0	0.0	0.0	144.20689655172416	0.0	0.38232324	0.28027272000000003	0.876889845	-0.79352	-28.74984	-3.0672599999999997	387713.0	1775936897.323781	0.0	1.0	0.0	-1.0	-1.0	-1.0	1775936897.323781	closed-hand	Close	1	20260411_124810	Trigger
11987.055	859.0949999999999	10273.545	8004.465	0.0	0.0	0.0	0.0	0.0	0.0	0.0	0.0	0.0	0.0	0.0	0.0	0.0	0.0	144.20689655172416	0.0	0.38232324	0.28027272000000003	0.876889845	-0.79352	-28.74984	-3.0672599999999997	387714.0	1775936897.323805	0.0	1.0	0.0	-1.0	-1.0	-1.0	1775936897.323805	closed-hand	Close	1	20260411_124810	Trigger
828.99	1274.94	871.02	600.885	0.0	0.0	0.0	0.0	0.0	0.0	0.0	0.0	0.0	0.0	0.0	0.0	0.0	0.0	144.20689655172416	0.0	0.38232324	0.28027272000000003	0.876889845	-0.79352	-28.74984	-3.0672599999999997	387715.0	1775936897.327528	0.0	1.0	0.0	-1.0	-1.0	-1.0	1775936897.327528	closed-hand	Close	1	20260411_124810	Trigger
7415.1449999999995	16904.52	8837.279999999999	6587.28	0.0	0.0	0.0	0.0	0.0	0.0	0.0	0.0	0.0	0.0	0.0	0.0	0.0	0.0	144.20689655172416	0.0	0.38232324	0.28027272000000003	0.876889845	-0.79352	-28.74984	-3.0672599999999997	387716.0	1775936897.327552	0.0	1.0	0.0	-1.0	-1.0	-1.0	1775936897.327552	closed-hand	Close	1	20260411_124810	Trigger
18705.96	23037.66	20063.655	16376.13	0.0	0.0	0.0	0.0	0.0	0.0	0.0	0.0	0.0	0.0	0.0	0.0	0.0	0.0	144.20689655172416	0.0	0.38232324	0.28027272000000003	0.876889845	-0.79352	-28.74984	-3.0672599999999997	387717.0	1775936897.3315	0.0	1.0	0.0	-1.0	-1.0	-1.0	1775936897.3315	closed-hand	Close	1	20260411_124810	Trigger
15508.755	8732.16	15664.23	13504.095	0.0	0.0	0.0	0.0	0.0	0.0	0.0	0.0	0.0	0.0	0.0	0.0	0.0	0.0	144.20689655172416	0.0	0.38232324	0.28027272000000003	0.876889845	-0.79352	-28.74984	-3.0672599999999997	387718.0	1775936897.331524	0.0	1.0	0.0	-1.0	-1.0	-1.0	1775936897.331524	closed-hand	Close	1	20260411_124810	Trigger
1121.85	286.56	1104.6599999999999	974.0699999999999	0.0	0.0	0.0	0.0	0.0	0.0	0.0	0.0	0.0	0.0	0.0	0.0	0.0	0.0	144.20689655172416	0.0	0.387145005	0.286681395	0.877866405	-9.79692	-22.64584	-11.506039999999999	387719.0	1775936897.335491	0.0	1.0	0.0	-1.0	-1.0	-1.0	1775936897.335491	closed-hand	Close	1	20260411_124810	Trigger
9611.324999999999	-4564.17	8589.06	7695.224999999999	0.0	0.0	0.0	0.0	0.0	0.0	0.0	0.0	0.0	0.0	0.0	0.0	0.0	0.0	144.20689655172416	0.0	0.387145005	0.286681395	0.877866405	-9.79692	-22.64584	-11.506039999999999	387720.0	1775936897.335515	0.0	1.0	0.0	-1.0	-1.0	-1.0	1775936897.335515	closed-hand	Close	1	20260411_124810	Trigger
30665.34	-8649.045	26801.55	23285.969999999998	0.0	0.0	0.0	0.0	0.0	0.0	0.0	0.0	0.0	0.0	0.0	0.0	0.0	0.0	144.20689655172416	0.0	0.387145005	0.286681395	0.877866405	-9.79692	-22.64584	-11.506039999999999	387721.0	1775936897.339572	0.0	1.0	0.0	-1.0	-1.0	-1.0	1775936897.339572	closed-hand	Close	1	20260411_124810	Trigger
18637.245	30.33	16093.484999999999	13126.859999999999	0.0	0.0	0.0	0.0	0.0	0.0	0.0	0.0	0.0	0.0	0.0	0.0	0.0	0.0	144.20689655172416	0.0	0.387145005	0.286681395	0.877866405	-9.79692	-22.64584	-11.506039999999999	387722.0	1775936897.339599	0.0	1.0	0.0	-1.0	-1.0	-1.0	1775936897.339599	closed-hand	Close	1	20260411_124810	Trigger
1836.1799999999998	688.23	1588.905	1180.215	0.0	0.0	0.0	0.0	0.0	0.0	0.0	0.0	0.0	0.0	0.0	0.0	0.0	0.0	144.20689655172416	0.0	0.387145005	0.286681395	0.877866405	-9.79692	-22.64584	-11.506039999999999	387723.0	1775936897.343521	0.0	1.0	0.0	-1.0	-1.0	-1.0	1775936897.343521	closed-hand	Close	1	20260411_124810	Trigger
4248.764999999999	10357.785	5202.8099999999995	3827.835	0.0	0.0	0.0	0.0	0.0	0.0	0.0	0.0	0.0	0.0	0.0	0.0	0.0	0.0	144.20689655172416	0.0	0.387145005	0.286681395	0.877866405	-9.79692	-22.64584	-11.506039999999999	387724.0	1775936897.343544	0.0	1.0	0.0	-1.0	-1.0	-1.0	1775936897.343544	closed-hand	Close	1	20260411_124810	Trigger
15600.105	24797.295	17387.774999999998	13911.57	0.0	0.0	0.0	0.0	0.0	0.0	0.0	0.0	0.0	0.0	0.0	0.0	0.0	0.0	144.20689655172416	0.0	0.387145005	0.286681395	0.877866405	-9.79692	-22.64584	-11.506039999999999	387725.0	1775936897.347503	0.0	1.0	0.0	-1.0	-1.0	-1.0	1775936897.347503	closed-hand	Close	1	20260411_124810	Trigger
19650.149999999998	13759.83	20132.594999999998	17248.77	0.0	0.0	0.0	0.0	0.0	0.0	0.0	0.0	0.0	0.0	0.0	0.0	0.0	0.0	144.20689655172416	0.0	0.387145005	0.286681395	0.877866405	-9.79692	-22.64584	-11.506039999999999	387726.0	1775936897.347525	0.0	1.0	0.0	-1.0	-1.0	-1.0	1775936897.347525	closed-hand	Close	1	20260411_124810	Trigger
3778.785	1450.44	3764.0249999999996	3319.2	0.0	0.0	0.0	0.0	0.0	0.0	0.0	0.0	0.0	0.0	0.0	0.0	0.0	0.0	144.20689655172416	0.0	0.387145005	0.286681395	0.877866405	-9.79692	-22.64584	-11.506039999999999	387727.0	1775936897.351662	0.0	1.0	0.0	-1.0	-1.0	-1.0	1775936897.351662	closed-hand	Close	1	20260411_124810	Trigger
3857.22	-2091.06	3477.6	3134.6099999999997	0.0	0.0	0.0	0.0	0.0	0.0	0.0	0.0	0.0	0.0	0.0	0.0	0.0	0.0	144.20689655172416	0.0	0.387145005	0.286681395	0.877866405	-9.79692	-22.64584	-11.506039999999999	387728.0	1775936897.351686	0.0	1.0	0.0	-1.0	-1.0	-1.0	1775936897.351686	closed-hand	Close	1	20260411_124810	Trigger
26884.035	-9157.23	23661.585	20816.235	0.0	0.0	0.0	0.0	0.0	0.0	0.0	0.0	0.0	0.0	0.0	0.0	0.0	0.0	144.20689655172416	0.0	0.38439843	0.294005595	0.854184825	-28.59724	-23.46988	-23.057859999999998	387729.0	1775936897.356501	0.0	1.0	0.0	-1.0	-1.0	-1.0	1775936897.356501	closed-hand	Close	1	20260411_124810	Trigger
24916.5	-2055.6	21661.469999999998	18094.184999999998	0.0	0.0	0.0	0.0	0.0	0.0	0.0	0.0	0.0	0.0	0.0	0.0	0.0	0.0	144.20689655172416	0.0	0.38439843	0.294005595	0.854184825	-28.59724	-23.46988	-23.057859999999998	387730.0	1775936897.356525	0.0	1.0	0.0	-1.0	-1.0	-1.0	1775936897.356525	closed-hand	Close	1	20260411_124810	Trigger
4899.014999999999	1131.885	4235.3099999999995	3268.845	0.0	0.0	0.0	0.0	0.0	0.0	0.0	0.0	0.0	0.0	0.0	0.0	0.0	0.0	144.20689655172416	0.0	0.38439843	0.294005595	0.854184825	-28.59724	-23.46988	-23.057859999999998	387731.0	1775936897.359615	0.0	1.0	0.0	-1.0	-1.0	-1.0	1775936897.359615	closed-hand	Close	1	20260411_124810	Trigger
1829.97	4798.44	2318.67	1688.5349999999999	0.0	0.0	0.0	0.0	0.0	0.0	0.0	0.0	0.0	0.0	0.0	0.0	0.0	0.0	144.20689655172416	0.0	0.38439843	0.294005595	0.854184825	-28.59724	-23.46988	-23.057859999999998	387732.0	1775936897.359639	0.0	1.0	0.0	-1.0	-1.0	-1.0	1775936897.359639	closed-hand	Close	1	20260411_124810	Trigger
11839.859999999999	23237.01	13836.06	10806.435	0.0	0.0	0.0	0.0	0.0	0.0	0.0	0.0	0.0	0.0	0.0	0.0	0.0	0.0	144.20689655172416	0.0	0.38439843	0.294005595	0.854184825	-28.59724	-23.46988	-23.057859999999998	387733.0	1775936897.363547	0.0	1.0	0.0	-1.0	-1.0	-1.0	1775936897.363547	closed-hand	Close	1	20260411_124810	Trigger
20717.145	18600.21	21739.23	18379.395	0.0	0.0	0.0	0.0	0.0	0.0	0.0	0.0	0.0	0.0	0.0	0.0	0.0	0.0	144.20689655172416	0.0	0.38439843	0.294005595	0.854184825	-28.59724	-23.46988	-23.057859999999998	387734.0	1775936897.36357	0.0	1.0	0.0	-1.0	-1.0	-1.0	1775936897.36357	closed-hand	Close	1	20260411_124810	Trigger
8592.57	3916.5299999999997	8659.17	7602.75	0.0	0.0	0.0	0.0	0.0	0.0	0.0	0.0	0.0	0.0	0.0	0.0	0.0	0.0	144.20689655172416	0.0	0.38439843	0.294005595	0.854184825	-28.59724	-23.46988	-23.057859999999998	387735.0	1775936897.367612	0.0	1.0	0.0	-1.0	-1.0	-1.0	1775936897.367612	closed-hand	Close	1	20260411_124810	Trigger
1041.2549999999999	-674.64	955.17	864.5849999999999	0.0	0.0	0.0	0.0	0.0	0.0	0.0	0.0	0.0	0.0	0.0	0.0	0.0	0.0	144.20689655172416	0.0	0.38439843	0.294005595	0.854184825	-28.59724	-23.46988	-23.057859999999998	387736.0	1775936897.367635	0.0	1.0	0.0	-1.0	-1.0	-1.0	1775936897.367635	closed-hand	Close	1	20260411_124810	Trigger
19857.51	-7772.804999999999	17644.364999999998	15645.96	0.0	0.0	0.0	0.0	0.0	0.0	0.0	0.0	0.0	0.0	0.0	0.0	0.0	0.0	144.20689655172416	0.0	0.38439843	0.294005595	0.854184825	-28.59724	-23.46988	-23.057859999999998	387737.0	1775936897.371687	0.0	1.0	0.0	-1.0	-1.0	-1.0	1775936897.371687	closed-hand	Close	1	20260411_124810	Trigger
29551.454999999998	-4971.78	25860.51	22018.725	0.0	0.0	0.0	0.0	0.0	0.0	0.0	0.0	0.0	0.0	0.0	0.0	0.0	0.0	144.20689655172416	0.0	0.38439843	0.294005595	0.854184825	-28.59724	-23.46988	-23.057859999999998	387738.0	1775936897.371718	0.0	1.0	0.0	-1.0	-1.0	-1.0	1775936897.371718	closed-hand	Close	1	20260411_124810	Trigger
10187.46	1446.345	8880.345	7037.91	0.0	0.0	0.0	0.0	0.0	0.0	0.0	0.0	0.0	0.0	0.0	0.0	0.0	0.0	144.20689655172416	0.0	0.38549706	0.317809245	0.84240507	-5.00528	-2.8383599999999998	-13.581399999999999	387739.0	1775936897.375642	0.0	1.0	0.0	-1.0	-1.0	-1.0	1775936897.375642	closed-hand	Close	1	20260411_124810	Trigger
796.9499999999999	1681.11	943.605	660.51	0.0	0.0	0.0	0.0	0.0	0.0	0.0	0.0	0.0	0.0	0.0	0.0	0.0	0.0	144.20689655172416	0.0	0.38549706	0.317809245	0.84240507	-5.00528	-2.8383599999999998	-13.581399999999999	387740.0	1775936897.375668	0.0	1.0	0.0	-1.0	-1.0	-1.0	1775936897.375668	closed-hand	Close	1	20260411_124810	Trigger
8040.0599999999995	18536.94	9909.675	7457.04	0.0	0.0	0.0	0.0	0.0	0.0	0.0	0.0	0.0	0.0	0.0	0.0	0.0	0.0	144.20689655172416	0.0	0.38549706	0.317809245	0.84240507	-5.00528	-2.8383599999999998	-13.581399999999999	387741.0	1775936897.379625	0.0	1.0	0.0	-1.0	-1.0	-1.0	1775936897.379625	closed-hand	Close	1	20260411_124810	Trigger
19106.594999999998	22673.79	20806.11	17154.045	0.0	0.0	0.0	0.0	0.0	0.0	0.0	0.0	0.0	0.0	0.0	0.0	0.0	0.0	144.20689655172416	0.0	0.38549706	0.317809245	0.84240507	-5.00528	-2.8383599999999998	-13.581399999999999	387742.0	1775936897.37965	0.0	1.0	0.0	-1.0	-1.0	-1.0	1775936897.37965	closed-hand	Close	1	20260411_124810	Trigger
14147.46	7843.679999999999	14478.705	12564.045	0.0	0.0	0.0	0.0	0.0	0.0	0.0	0.0	0.0	0.0	0.0	0.0	0.0	0.0	144.20689655172416	0.0	0.38549706	0.317809245	0.84240507	-5.00528	-2.8383599999999998	-13.581399999999999	387743.0	1775936897.383623	0.0	1.0	0.0	-1.0	-1.0	-1.0	1775936897.383623	closed-hand	Close	1	20260411_124810	Trigger
816.435	110.61	807.435	717.435	0.0	0.0	0.0	0.0	0.0	0.0	0.0	0.0	0.0	0.0	0.0	0.0	0.0	0.0	144.20689655172416	0.0	0.38549706	0.317809245	0.84240507	-5.00528	-2.8383599999999998	-13.581399999999999	387744.0	1775936897.383647	0.0	1.0	0.0	-1.0	-1.0	-1.0	1775936897.383647	closed-hand	Close	1	20260411_124810	Trigger
11684.88	-5227.65	10512.945	9392.4	0.0	0.0	0.0	0.0	0.0	0.0	0.0	0.0	0.0	0.0	0.0	0.0	0.0	0.0	144.20689655172416	0.0	0.38549706	0.317809245	0.84240507	-5.00528	-2.8383599999999998	-13.581399999999999	387745.0	1775936897.387639	0.0	1.0	0.0	-1.0	-1.0	-1.0	1775936897.387639	closed-hand	Close	1	20260411_124810	Trigger
30494.385	-7533.9	26988.57	23264.82	0.0	0.0	0.0	0.0	0.0	0.0	0.0	0.0	0.0	0.0	0.0	0.0	0.0	0.0	144.20689655172416	0.0	0.38549706	0.317809245	0.84240507	-5.00528	-2.8383599999999998	-13.581399999999999	387746.0	1775936897.387683	0.0	1.0	0.0	-1.0	-1.0	-1.0	1775936897.387683	closed-hand	Close	1	20260411_124810	Trigger
16478.684999999998	907.0649999999999	14470.875	11619.63	0.0	0.0	0.0	0.0	0.0	0.0	0.0	0.0	0.0	0.0	0.0	0.0	0.0	0.0	144.20689655172416	0.0	0.38549706	0.317809245	0.84240507	-5.00528	-2.8383599999999998	-13.581399999999999	387747.0	1775936897.393383	0.0	1.0	0.0	-1.0	-1.0	-1.0	1775936897.393383	closed-hand	Close	1	20260411_124810	Trigger
1346.1299999999999	744.39	1211.31	874.98	0.0	0.0	0.0	0.0	0.0	0.0	0.0	0.0	0.0	0.0	0.0	0.0	0.0	0.0	144.20689655172416	0.0	0.38549706	0.317809245	0.84240507	-5.00528	-2.8383599999999998	-13.581399999999999	387748.0	1775936897.393414	0.0	1.0	0.0	-1.0	-1.0	-1.0	1775936897.393414	closed-hand	Close	1	20260411_124810	Trigger
4768.0199999999995	12047.13	6061.005	4457.655	0.0	0.0	0.0	0.0	0.0	0.0	0.0	0.0	0.0	0.0	0.0	0.0	0.0	0.0	144.20689655172416	0.0	0.357359925	0.340270125	0.87011496	15.382079999999998	4.54748	3.44876	387749.0	1775936897.395769	0.0	1.0	0.0	-1.0	-1.0	-1.0	1775936897.395769	closed-hand	Close	1	20260411_124810	Trigger
15894.224999999999	24699.42	18137.204999999998	14523.705	0.0	0.0	0.0	0.0	0.0	0.0	0.0	0.0	0.0	0.0	0.0	0.0	0.0	0.0	144.20689655172416	0.0	0.357359925	0.340270125	0.87011496	15.382079999999998	4.54748	3.44876	387750.0	1775936897.395803	0.0	1.0	0.0	-1.0	-1.0	-1.0	1775936897.395803	closed-hand	Close	1	20260411_124810	Trigger
18443.16	12568.635	19215.899999999998	16459.605	0.0	0.0	0.0	0.0	0.0	0.0	0.0	0.0	0.0	0.0	0.0	0.0	0.0	0.0	144.20689655172416	0.0	0.357359925	0.340270125	0.87011496	15.382079999999998	4.54748	3.44876	387751.0	1775936897.399685	0.0	1.0	0.0	-1.0	-1.0	-1.0	1775936897.399685	closed-hand	Close	1	20260411_124810	Trigger
2884.6349999999998	1073.385	2909.52	2565.495	0.0	0.0	0.0	0.0	0.0	0.0	0.0	0.0	0.0	0.0	0.0	0.0	0.0	0.0	144.20689655172416	0.0	0.357359925	0.340270125	0.87011496	15.382079999999998	4.54748	3.44876	387752.0	1775936897.399711	0.0	1.0	0.0	-1.0	-1.0	-1.0	1775936897.399711	closed-hand	Close	1	20260411_124810	Trigger
5146.605	-2666.295	4677.57	4202.46	0.0	0.0	0.0	0.0	0.0	0.0	0.0	0.0	0.0	0.0	0.0	0.0	0.0	0.0	144.20689655172416	0.0	0.357359925	0.340270125	0.87011496	15.382079999999998	4.54748	3.44876	387753.0	1775936897.403747	0.0	1.0	0.0	-1.0	-1.0	-1.0	1775936897.403747	closed-hand	Close	1	20260411_124810	Trigger
28113.524999999998	-9004.68	25022.34	21811.004999999997	0.0	0.0	0.0	0.0	0.0	0.0	0.0	0.0	0.0	0.0	0.0	0.0	0.0	0.0	144.20689655172416	0.0	0.357359925	0.340270125	0.87011496	15.382079999999998	4.54748	3.44876	387754.0	1775936897.403773	0.0	1.0	0.0	-1.0	-1.0	-1.0	1775936897.403773	closed-hand	Close	1	20260411_124810	Trigger
23050.62	-1063.71	20365.695	16720.155	0.0	0.0	0.0	0.0	0.0	0.0	0.0	0.0	0.0	0.0	0.0	0.0	0.0	0.0	144.20689655172416	0.0	0.357359925	0.340270125	0.87011496	15.382079999999998	4.54748	3.44876	387755.0	1775936897.407687	0.0	1.0	0.0	-1.0	-1.0	-1.0	1775936897.407687	closed-hand	Close	1	20260411_124810	Trigger
3845.16	1062.045	3396.645	2554.1549999999997	0.0	0.0	0.0	0.0	0.0	0.0	0.0	0.0	0.0	0.0	0.0	0.0	0.0	0.0	144.20689655172416	0.0	0.357359925	0.340270125	0.87011496	15.382079999999998	4.54748	3.44876	387756.0	1775936897.407717	0.0	1.0	0.0	-1.0	-1.0	-1.0	1775936897.407717	closed-hand	Close	1	20260411_124810	Trigger
2377.62	6092.28	3038.31	2173.095	0.0	0.0	0.0	0.0	0.0	0.0	0.0	0.0	0.0	0.0	0.0	0.0	0.0	0.0	144.20689655172416	0.0	0.357359925	0.340270125	0.87011496	15.382079999999998	4.54748	3.44876	387757.0	1775936897.411765	0.0	1.0	0.0	-1.0	-1.0	-1.0	1775936897.411765	closed-hand	Close	1	20260411_124810	Trigger
12796.47	23996.16	15032.205	11607.119999999999	0.0	0.0	0.0	0.0	0.0	0.0	0.0	0.0	0.0	0.0	0.0	0.0	0.0	0.0	144.20689655172416	0.0	0.357359925	0.340270125	0.87011496	15.382079999999998	4.54748	3.44876	387758.0	1775936897.41179	0.0	1.0	0.0	-1.0	-1.0	-1.0	1775936897.41179	closed-hand	Close	1	20260411_124810	Trigger
20593.98	17401.86	21701.204999999998	18235.755	0.0	0.0	0.0	0.0	0.0	0.0	0.0	0.0	0.0	0.0	0.0	0.0	0.0	0.0	144.20689655172416	0.0	0.29455491	0.342955665	0.9227271300000001	36.974979999999995	-15.62624	0.39676	387759.0	1775936897.415713	0.0	1.0	0.0	-1.0	-1.0	-1.0	1775936897.415713	closed-hand	Close	1	20260411_124810	Trigger
7118.28	3132.0899999999997	7205.13	6287.175	0.0	0.0	0.0	0.0	0.0	0.0	0.0	0.0	0.0	0.0	0.0	0.0	0.0	0.0	144.20689655172416	0.0	0.29455491	0.342955665	0.9227271300000001	36.974979999999995	-15.62624	0.39676	387760.0	1775936897.415737	0.0	1.0	0.0	-1.0	-1.0	-1.0	1775936897.415737	closed-hand	Close	1	20260411_124810	Trigger
1518.12	-951.48	1391.76	1245.195	0.0	0.0	0.0	0.0	0.0	0.0	0.0	0.0	0.0	0.0	0.0	0.0	0.0	0.0	144.20689655172416	0.0	0.29455491	0.342955665	0.9227271300000001	36.974979999999995	-15.62624	0.39676	387761.0	1775936897.419769	0.0	1.0	0.0	-1.0	-1.0	-1.0	1775936897.419769	closed-hand	Close	1	20260411_124810	Trigger
21667.77	-8196.119999999999	19423.89	16911.945	0.0	0.0	0.0	0.0	0.0	0.0	0.0	0.0	0.0	0.0	0.0	0.0	0.0	0.0	144.20689655172416	0.0	0.29455491	0.342955665	0.9227271300000001	36.974979999999995	-15.62624	0.39676	387762.0	1775936897.419811	0.0	1.0	0.0	-1.0	-1.0	-1.0	1775936897.419811	closed-hand	Close	1	20260411_124810	Trigger
28184.309999999998	-4089.555	25042.95	20728.17	0.0	0.0	0.0	0.0	0.0	0.0	0.0	0.0	0.0	0.0	0.0	0.0	0.0	0.0	144.20689655172416	0.0	0.29455491	0.342955665	0.9227271300000001	36.974979999999995	-15.62624	0.39676	387763.0	1775936897.423815	0.0	1.0	0.0	-1.0	-1.0	-1.0	1775936897.423815	closed-hand	Close	1	20260411_124810	Trigger
8603.955	1476.315	7622.009999999999	5771.07	0.0	0.0	0.0	0.0	0.0	0.0	0.0	0.0	0.0	0.0	0.0	0.0	0.0	0.0	144.20689655172416	0.0	0.29455491	0.342955665	0.9227271300000001	36.974979999999995	-15.62624	0.39676	387764.0	1775936897.423841	0.0	1.0	0.0	-1.0	-1.0	-1.0	1775936897.423841	closed-hand	Close	1	20260411_124810	Trigger
971.865	2347.335	1204.74	821.25	0.0	0.0	0.0	0.0	0.0	0.0	0.0	0.0	0.0	0.0	0.0	0.0	0.0	0.0	144.20689655172416	0.0	0.29455491	0.342955665	0.9227271300000001	36.974979999999995	-15.62624	0.39676	387765.0	1775936897.428458	0.0	1.0	0.0	-1.0	-1.0	-1.0	1775936897.428458	closed-hand	Close	1	20260411_124810	Trigger
9138.734999999999	20178.945	11131.785	8247.015	0.0	0.0	0.0	0.0	0.0	0.0	0.0	0.0	0.0	0.0	0.0	0.0	0.0	0.0	144.20689655172416	0.0	0.29455491	0.342955665	0.9227271300000001	36.974979999999995	-15.62624	0.39676	387766.0	1775936897.428483	0.0	1.0	0.0	-1.0	-1.0	-1.0	1775936897.428483	closed-hand	Close	1	20260411_124810	Trigger
19641.149999999998	21650.535	21303.045	17420.715	0.0	0.0	0.0	0.0	0.0	0.0	0.0	0.0	0.0	0.0	0.0	0.0	0.0	0.0	144.20689655172416	0.0	0.29455491	0.342955665	0.9227271300000001	36.974979999999995	-15.62624	0.39676	387767.0	1775936897.431801	0.0	1.0	0.0	-1.0	-1.0	-1.0	1775936897.431801	closed-hand	Close	1	20260411_124810	Trigger
12657.42	6645.509999999999	12950.234999999999	11150.64	0.0	0.0	0.0	0.0	0.0	0.0	0.0	0.0	0.0	0.0	0.0	0.0	0.0	0.0	144.20689655172416	0.0	0.29455491	0.342955665	0.9227271300000001	36.974979999999995	-15.62624	0.39676	387768.0	1775936897.431826	0.0	1.0	0.0	-1.0	-1.0	-1.0	1775936897.431826	closed-hand	Close	1	20260411_124810	Trigger
620.91	-71.1	605.385	535.77	0.0	0.0	0.0	0.0	0.0	0.0	0.0	0.0	0.0	0.0	0.0	0.0	0.0	0.0	144.20689655172416	0.0	0.273741975	0.349913655	0.918881925	11.58234	-30.306359999999998	-4.3338399999999995	387769.0	1775936897.435881	0.0	1.0	0.0	-1.0	-1.0	-1.0	1775936897.435881	closed-hand	Close	1	20260411_124810	Trigger
13631.535	-5893.469999999999	12286.8	10759.725	0.0	0.0	0.0	0.0	0.0	0.0	0.0	0.0	0.0	0.0	0.0	0.0	0.0	0.0	144.20689655172416	0.0	0.273741975	0.349913655	0.918881925	11.58234	-30.306359999999998	-4.3338399999999995	387770.0	1775936897.435905	0.0	1.0	0.0	-1.0	-1.0	-1.0	1775936897.435905	closed-hand	Close	1	20260411_124810	Trigger
30665.16	-6975.764999999999	27256.184999999998	22864.545	0.0	0.0	0.0	0.0	0.0	0.0	0.0	0.0	0.0	0.0	0.0	0.0	0.0	0.0	144.20689655172416	0.0	0.273741975	0.349913655	0.918881925	11.58234	-30.306359999999998	-4.3338399999999995	387771.0	1775936897.441423	0.0	1.0	0.0	-1.0	-1.0	-1.0	1775936897.441423	closed-hand	Close	1	20260411_124810	Trigger
14949.63	1144.485	13238.234999999999	10229.805	0.0	0.0	0.0	0.0	0.0	0.0	0.0	0.0	0.0	0.0	0.0	0.0	0.0	0.0	144.20689655172416	0.0	0.273741975	0.349913655	0.918881925	11.58234	-30.306359999999998	-4.3338399999999995	387772.0	1775936897.441448	0.0	1.0	0.0	-1.0	-1.0	-1.0	1775936897.441448	closed-hand	Close	1	20260411_124810	Trigger
1080.135	869.355	1026.18	698.13	0.0	0.0	0.0	0.0	0.0	0.0	0.0	0.0	0.0	0.0	0.0	0.0	0.0	0.0	144.20689655172416	0.0	0.273741975	0.349913655	0.918881925	11.58234	-30.306359999999998	-4.3338399999999995	387773.0	1775936897.443869	0.0	1.0	0.0	-1.0	-1.0	-1.0	1775936897.443869	closed-hand	Close	1	20260411_124810	Trigger
5820.389999999999	13957.605	7162.065	5188.005	0.0	0.0	0.0	0.0	0.0	0.0	0.0	0.0	0.0	0.0	0.0	0.0	0.0	0.0	144.20689655172416	0.0	0.273741975	0.349913655	0.918881925	11.58234	-30.306359999999998	-4.3338399999999995	387774.0	1775936897.443892	0.0	1.0	0.0	-1.0	-1.0	-1.0	1775936897.443892	closed-hand	Close	1	20260411_124810	Trigger
17273.745	24232.32	19125.36	15281.055	0.0	0.0	0.0	0.0	0.0	0.0	0.0	0.0	0.0	0.0	0.0	0.0	0.0	0.0	144.20689655172416	0.0	0.273741975	0.349913655	0.918881925	11.58234	-30.306359999999998	-4.3338399999999995	387775.0	1775936897.447892	0.0	1.0	0.0	-1.0	-1.0	-1.0	1775936897.447892	closed-hand	Close	1	20260411_124810	Trigger
17663.85	11086.38	18151.605	15493.185	0.0	0.0	0.0	0.0	0.0	0.0	0.0	0.0	0.0	0.0	0.0	0.0	0.0	0.0	144.20689655172416	0.0	0.273741975	0.349913655	0.918881925	11.58234	-30.306359999999998	-4.3338399999999995	387776.0	1775936897.447915	0.0	1.0	0.0	-1.0	-1.0	-1.0	1775936897.447915	closed-hand	Close	1	20260411_124810	Trigger
2102.22	722.115	2100.645	1841.04	0.0	0.0	0.0	0.0	0.0	0.0	0.0	0.0	0.0	0.0	0.0	0.0	0.0	0.0	144.20689655172416	0.0	0.273741975	0.349913655	0.918881925	11.58234	-30.306359999999998	-4.3338399999999995	387777.0	1775936897.451805	0.0	1.0	0.0	-1.0	-1.0	-1.0	1775936897.451805	closed-hand	Close	1	20260411_124810	Trigger
6567.705	-3278.0699999999997	5972.219999999999	5357.835	0.0	0.0	0.0	0.0	0.0	0.0	0.0	0.0	0.0	0.0	0.0	0.0	0.0	0.0	144.20689655172416	0.0	0.273741975	0.349913655	0.918881925	11.58234	-30.306359999999998	-4.3338399999999995	387778.0	1775936897.451835	0.0	1.0	0.0	-1.0	-1.0	-1.0	1775936897.451835	closed-hand	Close	1	20260411_124810	Trigger
29458.395	-9032.715	26266.094999999998	22864.094999999998	0.0	0.0	0.0	0.0	0.0	0.0	0.0	0.0	0.0	0.0	0.0	0.0	0.0	0.0	144.20689655172416	0.0	0.345152925	0.35742096	0.848935815	-48.95408	-22.462719999999997	-8.78976	387779.0	1775936897.459069	0.0	1.0	0.0	-1.0	-1.0	-1.0	1775936897.459069	closed-hand	Close	1	20260411_124810	Trigger
21836.925	-680.4	19240.829999999998	15777.81	0.0	0.0	0.0	0.0	0.0	0.0	0.0	0.0	0.0	0.0	0.0	0.0	0.0	0.0	144.20689655172416	0.0	0.345152925	0.35742096	0.848935815	-48.95408	-22.462719999999997	-8.78976	387780.0	1775936897.459095	0.0	1.0	0.0	-1.0	-1.0	-1.0	1775936897.459095	closed-hand	Close	1	20260411_124810	Trigger
3055.185	871.8299999999999	2669.1749999999997	2007.135	0.0	0.0	0.0	0.0	0.0	0.0	0.0	0.0	0.0	0.0	0.0	0.0	0.0	0.0	144.20689655172416	0.0	0.345152925	0.35742096	0.848935815	-48.95408	-22.462719999999997	-8.78976	387781.0	1775936897.459877	0.0	1.0	0.0	-1.0	-1.0	-1.0	1775936897.459877	closed-hand	Close	1	20260411_124810	Trigger
2954.7	7559.415	3545.19	2691.36	0.0	0.0	0.0	0.0	0.0	0.0	0.0	0.0	0.0	0.0	0.0	0.0	0.0	0.0	144.20689655172416	0.0	0.345152925	0.35742096	0.848935815	-48.95408	-22.462719999999997	-8.78976	387782.0	1775936897.4599	0.0	1.0	0.0	-1.0	-1.0	-1.0	1775936897.4599	closed-hand	Close	1	20260411_124810	Trigger
13734.855	24451.559999999998	15219.765	12419.955	0.0	0.0	0.0	0.0	0.0	0.0	0.0	0.0	0.0	0.0	0.0	0.0	0.0	0.0	144.20689655172416	0.0	0.345152925	0.35742096	0.848935815	-48.95408	-22.462719999999997	-8.78976	387783.0	1775936897.463949	0.0	1.0	0.0	-1.0	-1.0	-1.0	1775936897.463949	closed-hand	Close	1	20260411_124810	Trigger
20432.925	15998.67	20845.844999999998	18091.079999999998	0.0	0.0	0.0	0.0	0.0	0.0	0.0	0.0	0.0	0.0	0.0	0.0	0.0	0.0	144.20689655172416	0.0	0.345152925	0.35742096	0.848935815	-48.95408	-22.462719999999997	-8.78976	387784.0	1775936897.463972	0.0	1.0	0.0	-1.0	-1.0	-1.0	1775936897.463972	closed-hand	Close	1	20260411_124810	Trigger
5769.719999999999	2405.97	5729.085	5100.705	0.0	0.0	0.0	0.0	0.0	0.0	0.0	0.0	0.0	0.0	0.0	0.0	0.0	0.0	144.20689655172416	0.0	0.345152925	0.35742096	0.848935815	-48.95408	-22.462719999999997	-8.78976	387785.0	1775936897.468107	0.0	1.0	0.0	-1.0	-1.0	-1.0	1775936897.468107	closed-hand	Close	1	20260411_124810	Trigger
2192.04	-1299.4199999999998	2018.34	1808.595	0.0	0.0	0.0	0.0	0.0	0.0	0.0	0.0	0.0	0.0	0.0	0.0	0.0	0.0	144.20689655172416	0.0	0.345152925	0.35742096	0.848935815	-48.95408	-22.462719999999997	-8.78976	387786.0	1775936897.468131	0.0	1.0	0.0	-1.0	-1.0	-1.0	1775936897.468131	closed-hand	Close	1	20260411_124810	Trigger
23716.305	-8683.38	21333.375	18655.469999999998	0.0	0.0	0.0	0.0	0.0	0.0	0.0	0.0	0.0	0.0	0.0	0.0	0.0	0.0	144.20689655172416	0.0	0.345152925	0.35742096	0.848935815	-48.95408	-22.462719999999997	-8.78976	387787.0	1775936897.471958	0.0	1.0	0.0	-1.0	-1.0	-1.0	1775936897.471958	closed-hand	Close	1	20260411_124810	Trigger
27260.19	-3432.69	24139.71	20244.329999999998	0.0	0.0	0.0	0.0	0.0	0.0	0.0	0.0	0.0	0.0	0.0	0.0	0.0	0.0	144.20689655172416	0.0	0.345152925	0.35742096	0.848935815	-48.95408	-22.462719999999997	-8.78976	387788.0	1775936897.471982	0.0	1.0	0.0	-1.0	-1.0	-1.0	1775936897.471982	closed-hand	Close	1	20260411_124810	Trigger
7191.63	1354.6799999999998	6289.155	4925.835	0.0	0.0	0.0	0.0	0.0	0.0	0.0	0.0	0.0	0.0	0.0	0.0	0.0	0.0	144.20689655172416	0.0	0.403502385	0.403868595	0.799985745	-44.3303	4.41014	26.41506	387789.0	1775936897.475863	0.0	1.0	0.0	-1.0	-1.0	-1.0	1775936897.475863	closed-hand	Close	1	20260411_124810	Trigger
1276.47	3154.545	1458.1799999999998	1120.05	0.0	0.0	0.0	0.0	0.0	0.0	0.0	0.0	0.0	0.0	0.0	0.0	0.0	0.0	144.20689655172416	0.0	0.403502385	0.403868595	0.799985745	-44.3303	4.41014	26.41506	387790.0	1775936897.475895	0.0	1.0	0.0	-1.0	-1.0	-1.0	1775936897.475895	closed-hand	Close	1	20260411_124810	Trigger
10420.02	21345.12	11512.305	9388.395	0.0	0.0	0.0	0.0	0.0	0.0	0.0	0.0	0.0	0.0	0.0	0.0	0.0	0.0	144.20689655172416	0.0	0.403502385	0.403868595	0.799985745	-44.3303	4.41014	26.41506	387791.0	1775936897.481034	0.0	1.0	0.0	-1.0	-1.0	-1.0	1775936897.481034	closed-hand	Close	1	20260411_124810	Trigger
20359.62	20247.21	20877.165	18072.495	0.0	0.0	0.0	0.0	0.0	0.0	0.0	0.0	0.0	0.0	0.0	0.0	0.0	0.0	144.20689655172416	0.0	0.403502385	0.403868595	0.799985745	-44.3303	4.41014	26.41506	387792.0	1775936897.48106	0.0	1.0	0.0	-1.0	-1.0	-1.0	1775936897.48106	closed-hand	Close	1	20260411_124810	Trigger
11266.335	5458.23	11206.845	9984.51	0.0	0.0	0.0	0.0	0.0	0.0	0.0	0.0	0.0	0.0	0.0	0.0	0.0	0.0	144.20689655172416	0.0	0.403502385	0.403868595	0.799985745	-44.3303	4.41014	26.41506	387793.0	1775936897.483927	0.0	1.0	0.0	-1.0	-1.0	-1.0	1775936897.483927	closed-hand	Close	1	20260411_124810	Trigger
643.005	-287.46	612.225	553.23	0.0	0.0	0.0	0.0	0.0	0.0	0.0	0.0	0.0	0.0	0.0	0.0	0.0	0.0	144.20689655172416	0.0	0.403502385	0.403868595	0.799985745	-44.3303	4.41014	26.41506	387794.0	1775936897.483951	0.0	1.0	0.0	-1.0	-1.0	-1.0	1775936897.483951	closed-hand	Close	1	20260411_124810	Trigger
15999.39	-6721.695	14588.46	12913.56	0.0	0.0	0.0	0.0	0.0	0.0	0.0	0.0	0.0	0.0	0.0	0.0	0.0	0.0	144.20689655172416	0.0	0.403502385	0.403868595	0.799985745	-44.3303	4.41014	26.41506	387795.0	1775936897.488027	0.0	1.0	0.0	-1.0	-1.0	-1.0	1775936897.488027	closed-hand	Close	1	20260411_124810	Trigger
30387.375	-6358.23	27243.539999999997	23325.344999999998	0.0	0.0	0.0	0.0	0.0	0.0	0.0	0.0	0.0	0.0	0.0	0.0	0.0	0.0	144.20689655172416	0.0	0.403502385	0.403868595	0.799985745	-44.3303	4.41014	26.41506	387796.0	1775936897.488052	0.0	1.0	0.0	-1.0	-1.0	-1.0	1775936897.488052	closed-hand	Close	1	20260411_124810	Trigger
13467.42	1343.745	11918.744999999999	9600.615	0.0	0.0	0.0	0.0	0.0	0.0	0.0	0.0	0.0	0.0	0.0	0.0	0.0	0.0	144.20689655172416	0.0	0.403502385	0.403868595	0.799985745	-44.3303	4.41014	26.41506	387797.0	1775936897.491933	0.0	1.0	0.0	-1.0	-1.0	-1.0	1775936897.491933	closed-hand	Close	1	20260411_124810	Trigger
979.29	1135.62	947.43	704.88	0.0	0.0	0.0	0.0	0.0	0.0	0.0	0.0	0.0	0.0	0.0	0.0	0.0	0.0	144.20689655172416	0.0	0.403502385	0.403868595	0.799985745	-44.3303	4.41014	26.41506	387798.0	1775936897.491956	0.0	1.0	0.0	-1.0	-1.0	-1.0	1775936897.491956	closed-hand	Close	1	20260411_124810	Trigger
6929.054999999999	15830.82	7777.799999999999	6257.25	0.0	0.0	0.0	0.0	0.0	0.0	0.0	0.0	0.0	0.0	0.0	0.0	0.0	0.0	144.20689655172416	0.0	0.381285645	0.35076814500000003	0.823179045	-36.25776	8.51508	24.04976	387799.0	1775936897.495839	0.0	1.0	0.0	-1.0	-1.0	-1.0	1775936897.495839	closed-hand	Close	1	20260411_124810	Trigger
18189.675	23641.245	19026.0	16220.295	0.0	0.0	0.0	0.0	0.0	0.0	0.0	0.0	0.0	0.0	0.0	0.0	0.0	0.0	144.20689655172416	0.0	0.381285645	0.35076814500000003	0.823179045	-36.25776	8.51508	24.04976	387800.0	1775936897.495862	0.0	1.0	0.0	-1.0	-1.0	-1.0	1775936897.495862	closed-hand	Close	1	20260411_124810	Trigger
16839.899999999998	9920.835	16829.954999999998	14840.46	0.0	0.0	0.0	0.0	0.0	0.0	0.0	0.0	0.0	0.0	0.0	0.0	0.0	0.0	144.20689655172416	0.0	0.381285645	0.35076814500000003	0.823179045	-36.25776	8.51508	24.04976	387801.0	1775936897.499941	0.0	1.0	0.0	-1.0	-1.0	-1.0	1775936897.499941	closed-hand	Close	1	20260411_124810	Trigger
1621.35	493.56	1590.435	1421.01	0.0	0.0	0.0	0.0	0.0	0.0	0.0	0.0	0.0	0.0	0.0	0.0	0.0	0.0	144.20689655172416	0.0	0.381285645	0.35076814500000003	0.823179045	-36.25776	8.51508	24.04976	387802.0	1775936897.499964	0.0	1.0	0.0	-1.0	-1.0	-1.0	1775936897.499964	closed-hand	Close	1	20260411_124810	Trigger
8251.335	-3911.3999999999996	7593.84	6704.639999999999	0.0	0.0	0.0	0.0	0.0	0.0	0.0	0.0	0.0	0.0	0.0	0.0	0.0	0.0	144.20689655172416	0.0	0.381285645	0.35076814500000003	0.823179045	-36.25776	8.51508	24.04976	387803.0	1775936897.505214	0.0	1.0	0.0	-1.0	-1.0	-1.0	1775936897.505214	closed-hand	Close	1	20260411_124810	Trigger
29929.184999999998	-8262.315	27048.42	23136.975	0.0	0.0	0.0	0.0	0.0	0.0	0.0	0.0	0.0	0.0	0.0	0.0	0.0	0.0	144.20689655172416	0.0	0.381285645	0.35076814500000003	0.823179045	-36.25776	8.51508	24.04976	387804.0	1775936897.505238	0.0	1.0	0.0	-1.0	-1.0	-1.0	1775936897.505238	closed-hand	Close	1	20260411_124810	Trigger
19869.255	310.22999999999996	17732.07	14295.33	0.0	0.0	0.0	0.0	0.0	0.0	0.0	0.0	0.0	0.0	0.0	0.0	0.0	0.0	144.20689655172416	0.0	0.381285645	0.35076814500000003	0.823179045	-36.25776	8.51508	24.04976	387805.0	1775936897.509647	0.0	1.0	0.0	-1.0	-1.0	-1.0	1775936897.509647	closed-hand	Close	1	20260411_124810	Trigger
2319.345	845.8199999999999	2050.38	1518.2549999999999	0.0	0.0	0.0	0.0	0.0	0.0	0.0	0.0	0.0	0.0	0.0	0.0	0.0	0.0	144.20689655172416	0.0	0.381285645	0.35076814500000003	0.823179045	-36.25776	8.51508	24.04976	387806.0	1775936897.509672	0.0	1.0	0.0	-1.0	-1.0	-1.0	1775936897.509672	closed-hand	Close	1	20260411_124810	Trigger
3678.66	8678.88	4275.045	3508.605	0.0	0.0	0.0	0.0	0.0	0.0	0.0	0.0	0.0	0.0	0.0	0.0	0.0	0.0	144.20689655172416	0.0	0.381285645	0.35076814500000003	0.823179045	-36.25776	8.51508	24.04976	387807.0	1775936897.513486	0.0	1.0	0.0	-1.0	-1.0	-1.0	1775936897.513486	closed-hand	Close	1	20260411_124810	Trigger
14769.0	23549.94	16116.93	13881.06	0.0	0.0	0.0	0.0	0.0	0.0	0.0	0.0	0.0	0.0	0.0	0.0	0.0	0.0	144.20689655172416	0.0	0.381285645	0.35076814500000003	0.823179045	-36.25776	8.51508	24.04976	387808.0	1775936897.513509	0.0	1.0	0.0	-1.0	-1.0	-1.0	1775936897.513509	closed-hand	Close	1	20260411_124810	Trigger
20105.37	13788.494999999999	20551.14	18330.704999999998	0.0	0.0	0.0	0.0	0.0	0.0	0.0	0.0	0.0	0.0	0.0	0.0	0.0	0.0	144.20689655172416	0.0	0.337462515	0.289244865	0.85619898	-8.78976	6.60758	5.93614	387809.0	1775936897.515992	0.0	1.0	0.0	-1.0	-1.0	-1.0	1775936897.515992	closed-hand	Close	1	20260411_124810	Trigger
4703.58	1665.225	4698.945	4252.1849999999995	0.0	0.0	0.0	0.0	0.0	0.0	0.0	0.0	0.0	0.0	0.0	0.0	0.0	0.0	144.20689655172416	0.0	0.337462515	0.289244865	0.85619898	-8.78976	6.60758	5.93614	387810.0	1775936897.516015	0.0	1.0	0.0	-1.0	-1.0	-1.0	1775936897.516015	closed-hand	Close	1	20260411_124810	Trigger
2878.2	-1555.425	2691.0	2054.3849999999998	0.0	0.0	0.0	0.0	0.0	0.0	0.0	0.0	0.0	0.0	0.0	0.0	0.0	0.0	144.20689655172416	0.0	0.337462515	0.289244865	0.85619898	-8.78976	6.60758	5.93614	387811.0	1775936897.520033	0.0	1.0	0.0	-1.0	-1.0	-1.0	1775936897.520033	closed-hand	Close	1	20260411_124810	Trigger
24603.03	-8183.34	22648.77	16154.82	0.0	0.0	0.0	0.0	0.0	0.0	0.0	0.0	0.0	0.0	0.0	0.0	0.0	0.0	144.20689655172416	0.0	0.337462515	0.289244865	0.85619898	-8.78976	6.60758	5.93614	387812.0	1775936897.520057	0.0	1.0	0.0	-1.0	-1.0	-1.0	1775936897.520057	closed-hand	Close	1	20260411_124810	Trigger
25273.35	-1780.965	22964.895	14559.345	0.0	0.0	0.0	0.0	0.0	0.0	0.0	0.0	0.0	0.0	0.0	0.0	0.0	0.0	144.20689655172416	0.0	0.337462515	0.289244865	0.85619898	-8.78976	6.60758	5.93614	387813.0	1775936897.523999	0.0	1.0	0.0	-1.0	-1.0	-1.0	1775936897.523999	closed-hand	Close	1	20260411_124810	Trigger
5744.16	1559.0249999999999	5166.855	2642.58	0.0	0.0	0.0	0.0	0.0	0.0	0.0	0.0	0.0	0.0	0.0	0.0	0.0	0.0	144.20689655172416	0.0	0.337462515	0.289244865	0.85619898	-8.78976	6.60758	5.93614	387814.0	1775936897.524023	0.0	1.0	0.0	-1.0	-1.0	-1.0	1775936897.524023	closed-hand	Close	1	20260411_124810	Trigger
1332.315	3551.58	1609.5149999999999	918.81	0.0	0.0	0.0	0.0	0.0	0.0	0.0	0.0	0.0	0.0	0.0	0.0	0.0	0.0	144.20689655172416	0.0	0.337462515	0.289244865	0.85619898	-8.78976	6.60758	5.93614	387815.0	1775936897.5281	0.0	1.0	0.0	-1.0	-1.0	-1.0	1775936897.5281	closed-hand	Close	1	20260411_124810	Trigger
10438.92	21279.555	11922.975	7924.365	0.0	0.0	0.0	0.0	0.0	0.0	0.0	0.0	0.0	0.0	0.0	0.0	0.0	0.0	144.20689655172416	0.0	0.337462515	0.289244865	0.85619898	-8.78976	6.60758	5.93614	387816.0	1775936897.528124	0.0	1.0	0.0	-1.0	-1.0	-1.0	1775936897.528124	closed-hand	Close	1	20260411_124810	Trigger
19888.155	18652.77	20802.149999999998	15878.564999999999	0.0	0.0	0.0	0.0	0.0	0.0	0.0	0.0	0.0	0.0	0.0	0.0	0.0	0.0	144.20689655172416	0.0	0.337462515	0.289244865	0.85619898	-8.78976	6.60758	5.93614	387817.0	1775936897.53203	0.0	1.0	0.0	-1.0	-1.0	-1.0	1775936897.53203	closed-hand	Close	1	20260411_124810	Trigger
9713.34	4347.045	9824.535	7986.15	0.0	0.0	0.0	0.0	0.0	0.0	0.0	0.0	0.0	0.0	0.0	0.0	0.0	0.0	144.20689655172416	0.0	0.337462515	0.289244865	0.85619898	-8.78976	6.60758	5.93614	387818.0	1775936897.532053	0.0	1.0	0.0	-1.0	-1.0	-1.0	1775936897.532053	closed-hand	Close	1	20260411_124810	Trigger
740.52	-458.055	700.9649999999999	597.375	0.0	0.0	0.0	0.0	0.0	0.0	0.0	0.0	0.0	0.0	0.0	0.0	0.0	0.0	144.20689655172416	0.0	0.33898839000000003	0.264708795	0.8483254650000001	8.95762	17.335359999999998	3.8455199999999996	387819.0	1775936897.536048	0.0	1.0	0.0	-1.0	-1.0	-1.0	1775936897.536048	closed-hand	Close	1	20260411_124810	Trigger
17630.37	-7519.005	16228.17	13294.98	0.0	0.0	0.0	0.0	0.0	0.0	0.0	0.0	0.0	0.0	0.0	0.0	0.0	0.0	144.20689655172416	0.0	0.33898839000000003	0.264708795	0.8483254650000001	8.95762	17.335359999999998	3.8455199999999996	387820.0	1775936897.536088	0.0	1.0	0.0	-1.0	-1.0	-1.0	1775936897.536088	closed-hand	Close	1	20260411_124810	Trigger
29738.565	-6439.23	26975.16	20792.385	0.0	0.0	0.0	0.0	0.0	0.0	0.0	0.0	0.0	0.0	0.0	0.0	0.0	0.0	144.20689655172416	0.0	0.33898839000000003	0.264708795	0.8483254650000001	8.95762	17.335359999999998	3.8455199999999996	387821.0	1775936897.540123	0.0	1.0	0.0	-1.0	-1.0	-1.0	1775936897.540123	closed-hand	Close	1	20260411_124810	Trigger
11433.06	994.5	10257.795	7090.83	0.0	0.0	0.0	0.0	0.0	0.0	0.0	0.0	0.0	0.0	0.0	0.0	0.0	0.0	144.20689655172416	0.0	0.33898839000000003	0.264708795	0.8483254650000001	8.95762	17.335359999999998	3.8455199999999996	387822.0	1775936897.540147	0.0	1.0	0.0	-1.0	-1.0	-1.0	1775936897.540147	closed-hand	Close	1	20260411_124810	Trigger
714.3299999999999	1134.6299999999999	751.365	470.7	0.0	0.0	0.0	0.0	0.0	0.0	0.0	0.0	0.0	0.0	0.0	0.0	0.0	0.0	144.20689655172416	0.0	0.33898839000000003	0.264708795	0.8483254650000001	8.95762	17.335359999999998	3.8455199999999996	387823.0	1775936897.54402	0.0	1.0	0.0	-1.0	-1.0	-1.0	1775936897.54402	closed-hand	Close	1	20260411_124810	Trigger
6938.91	16186.545	8120.835	5866.38	0.0	0.0	0.0	0.0	0.0	0.0	0.0	0.0	0.0	0.0	0.0	0.0	0.0	0.0	144.20689655172416	0.0	0.33898839000000003	0.264708795	0.8483254650000001	8.95762	17.335359999999998	3.8455199999999996	387824.0	1775936897.544044	0.0	1.0	0.0	-1.0	-1.0	-1.0	1775936897.544044	closed-hand	Close	1	20260411_124810	Trigger
18048.735	22852.71	19314.135	15297.029999999999	0.0	0.0	0.0	0.0	0.0	0.0	0.0	0.0	0.0	0.0	0.0	0.0	0.0	0.0	144.20689655172416	0.0	0.33898839000000003	0.264708795	0.8483254650000001	8.95762	17.335359999999998	3.8455199999999996	387825.0	1775936897.548044	0.0	1.0	0.0	-1.0	-1.0	-1.0	1775936897.548044	closed-hand	Close	1	20260411_124810	Trigger
15245.414999999999	8712.72	15484.68	12966.795	0.0	0.0	0.0	0.0	0.0	0.0	0.0	0.0	0.0	0.0	0.0	0.0	0.0	0.0	144.20689655172416	0.0	0.33898839000000003	0.264708795	0.8483254650000001	8.95762	17.335359999999998	3.8455199999999996	387826.0	1775936897.548067	0.0	1.0	0.0	-1.0	-1.0	-1.0	1775936897.548067	closed-hand	Close	1	20260411_124810	Trigger
1135.98	282.06	1128.78	968.265	0.0	0.0	0.0	0.0	0.0	0.0	0.0	0.0	0.0	0.0	0.0	0.0	0.0	0.0	144.20689655172416	0.0	0.33898839000000003	0.264708795	0.8483254650000001	8.95762	17.335359999999998	3.8455199999999996	387827.0	1775936897.552063	0.0	1.0	0.0	-1.0	-1.0	-1.0	1775936897.552063	closed-hand	Close	1	20260411_124810	Trigger
9777.015	-4653.72	9043.695	7824.96	0.0	0.0	0.0	0.0	0.0	0.0	0.0	0.0	0.0	0.0	0.0	0.0	0.0	0.0	144.20689655172416	0.0	0.33898839000000003	0.264708795	0.8483254650000001	8.95762	17.335359999999998	3.8455199999999996	387828.0	1775936897.552086	0.0	1.0	0.0	-1.0	-1.0	-1.0	1775936897.552086	closed-hand	Close	1	20260411_124810	Trigger
30371.67	-8646.255	27674.954999999998	23078.969999999998	0.0	0.0	0.0	0.0	0.0	0.0	0.0	0.0	0.0	0.0	0.0	0.0	0.0	0.0	144.20689655172416	0.0	0.35290437	0.238097535	0.813657585	17.7779	31.664499999999997	-4.1964999999999995	387829.0	1775936897.556191	0.0	1.0	0.0	-1.0	-1.0	-1.0	1775936897.556191	closed-hand	Close	1	20260411_124810	Trigger
18097.965	33.66	16333.605	12725.46	0.0	0.0	0.0	0.0	0.0	0.0	0.0	0.0	0.0	0.0	0.0	0.0	0.0	0.0	144.20689655172416	0.0	0.35290437	0.238097535	0.813657585	17.7779	31.664499999999997	-4.1964999999999995	387830.0	1775936897.556217	0.0	1.0	0.0	-1.0	-1.0	-1.0	1775936897.556217	closed-hand	Close	1	20260411_124810	Trigger
1690.02	628.92	1523.0249999999999	1075.4099999999999	0.0	0.0	0.0	0.0	0.0	0.0	0.0	0.0	0.0	0.0	0.0	0.0	0.0	0.0	144.20689655172416	0.0	0.35290437	0.238097535	0.813657585	17.7779	31.664499999999997	-4.1964999999999995	387831.0	1775936897.560089	0.0	1.0	0.0	-1.0	-1.0	-1.0	1775936897.560089	closed-hand	Close	1	20260411_124810	Trigger
3874.2749999999996	9835.02	4620.6449999999995	3469.23	0.0	0.0	0.0	0.0	0.0	0.0	0.0	0.0	0.0	0.0	0.0	0.0	0.0	0.0	144.20689655172416	0.0	0.35290437	0.238097535	0.813657585	17.7779	31.664499999999997	-4.1964999999999995	387832.0	1775936897.560122	0.0	1.0	0.0	-1.0	-1.0	-1.0	1775936897.560122	closed-hand	Close	1	20260411_124810	Trigger
14874.345	24593.085	16447.95	13234.095	0.0	0.0	0.0	0.0	0.0	0.0	0.0	0.0	0.0	0.0	0.0	0.0	0.0	0.0	144.20689655172416	0.0	0.35290437	0.238097535	0.813657585	17.7779	31.664499999999997	-4.1964999999999995	387833.0	1775936897.564147	0.0	1.0	0.0	-1.0	-1.0	-1.0	1775936897.564147	closed-hand	Close	1	20260411_124810	Trigger
19152.45	13877.01	19767.78	16888.68	0.0	0.0	0.0	0.0	0.0	0.0	0.0	0.0	0.0	0.0	0.0	0.0	0.0	0.0	144.20689655172416	0.0	0.35290437	0.238097535	0.813657585	17.7779	31.664499999999997	-4.1964999999999995	387834.0	1775936897.564176	0.0	1.0	0.0	-1.0	-1.0	-1.0	1775936897.564176	closed-hand	Close	1	20260411_124810	Trigger
3776.1299999999997	1476.0449999999998	3804.39	3341.25	0.0	0.0	0.0	0.0	0.0	0.0	0.0	0.0	0.0	0.0	0.0	0.0	0.0	0.0	144.20689655172416	0.0	0.35290437	0.238097535	0.813657585	17.7779	31.664499999999997	-4.1964999999999995	387835.0	1775936897.568204	0.0	1.0	0.0	-1.0	-1.0	-1.0	1775936897.568204	closed-hand	Close	1	20260411_124810	Trigger
4020.93	-2175.39	3749.58	3307.6349999999998	0.0	0.0	0.0	0.0	0.0	0.0	0.0	0.0	0.0	0.0	0.0	0.0	0.0	0.0	144.20689655172416	0.0	0.35290437	0.238097535	0.813657585	17.7779	31.664499999999997	-4.1964999999999995	387836.0	1775936897.568232	0.0	1.0	0.0	-1.0	-1.0	-1.0	1775936897.568232	closed-hand	Close	1	20260411_124810	Trigger
26826.39	-9128.07	24627.015	21106.89	0.0	0.0	0.0	0.0	0.0	0.0	0.0	0.0	0.0	0.0	0.0	0.0	0.0	0.0	144.20689655172416	0.0	0.35290437	0.238097535	0.813657585	17.7779	31.664499999999997	-4.1964999999999995	387837.0	1775936897.572332	0.0	1.0	0.0	-1.0	-1.0	-1.0	1775936897.572332	closed-hand	Close	1	20260411_124810	Trigger
24397.155	-1865.34	22187.79	18074.79	0.0	0.0	0.0	0.0	0.0	0.0	0.0	0.0	0.0	0.0	0.0	0.0	0.0	0.0	144.20689655172416	0.0	0.35290437	0.238097535	0.813657585	17.7779	31.664499999999997	-4.1964999999999995	387838.0	1775936897.57236	0.0	1.0	0.0	-1.0	-1.0	-1.0	1775936897.57236	closed-hand	Close	1	20260411_124810	Trigger
4711.95	1140.7949999999998	4255.92	3216.5099999999998	0.0	0.0	0.0	0.0	0.0	0.0	0.0	0.0	0.0	0.0	0.0	0.0	0.0	0.0	144.20689655172416	0.0	0.341246685	0.24511656	0.807187875	50.922619999999995	55.073339999999995	-9.4612	387839.0	1775936897.576194	0.0	1.0	0.0	-1.0	-1.0	-1.0	1775936897.576194	closed-hand	Close	1	20260411_124810	Trigger
1627.83	4389.075	1985.1299999999999	1502.28	0.0	0.0	0.0	0.0	0.0	0.0	0.0	0.0	0.0	0.0	0.0	0.0	0.0	0.0	144.20689655172416	0.0	0.341246685	0.24511656	0.807187875	50.922619999999995	55.073339999999995	-9.4612	387840.0	1775936897.576219	0.0	1.0	0.0	-1.0	-1.0	-1.0	1775936897.576219	closed-hand	Close	1	20260411_124810	Trigger
11241.81	22810.274999999998	12939.119999999999	10442.07	0.0	0.0	0.0	0.0	0.0	0.0	0.0	0.0	0.0	0.0	0.0	0.0	0.0	0.0	144.20689655172416	0.0	0.341246685	0.24511656	0.807187875	50.922619999999995	55.073339999999995	-9.4612	387841.0	1775936897.580136	0.0	1.0	0.0	-1.0	-1.0	-1.0	1775936897.580136	closed-hand	Close	1	20260411_124810	Trigger
20022.885	18882.945	21110.579999999998	18091.035	0.0	0.0	0.0	0.0	0.0	0.0	0.0	0.0	0.0	0.0	0.0	0.0	0.0	0.0	144.20689655172416	0.0	0.341246685	0.24511656	0.807187875	50.922619999999995	55.073339999999995	-9.4612	387842.0	1775936897.58016	0.0	1.0	0.0	-1.0	-1.0	-1.0	1775936897.58016	closed-hand	Close	1	20260411_124810	Trigger
8576.414999999999	4055.1749999999997	8720.235	7690.41	0.0	0.0	0.0	0.0	0.0	0.0	0.0	0.0	0.0	0.0	0.0	0.0	0.0	0.0	144.20689655172416	0.0	0.341246685	0.24511656	0.807187875	50.922619999999995	55.073339999999995	-9.4612	387843.0	1775936897.584113	0.0	1.0	0.0	-1.0	-1.0	-1.0	1775936897.584113	closed-hand	Close	1	20260411_124810	Trigger
1084.995	-684.0899999999999	1022.9399999999999	911.43	0.0	0.0	0.0	0.0	0.0	0.0	0.0	0.0	0.0	0.0	0.0	0.0	0.0	0.0	144.20689655172416	0.0	0.341246685	0.24511656	0.807187875	50.922619999999995	55.073339999999995	-9.4612	387844.0	1775936897.584138	0.0	1.0	0.0	-1.0	-1.0	-1.0	1775936897.584138	closed-hand	Close	1	20260411_124810	Trigger
19713.96	-7648.29	18222.12	15783.57	0.0	0.0	0.0	0.0	0.0	0.0	0.0	0.0	0.0	0.0	0.0	0.0	0.0	0.0	144.20689655172416	0.0	0.341246685	0.24511656	0.807187875	50.922619999999995	55.073339999999995	-9.4612	387845.0	1775936897.588202	0.0	1.0	0.0	-1.0	-1.0	-1.0	1775936897.588202	closed-hand	Close	1	20260411_124810	Trigger
28748.7	-4641.929999999999	26269.559999999998	21796.829999999998	0.0	0.0	0.0	0.0	0.0	0.0	0.0	0.0	0.0	0.0	0.0	0.0	0.0	0.0	144.20689655172416	0.0	0.341246685	0.24511656	0.807187875	50.922619999999995	55.073339999999995	-9.4612	387846.0	1775936897.588227	0.0	1.0	0.0	-1.0	-1.0	-1.0	1775936897.588227	closed-hand	Close	1	20260411_124810	Trigger
9681.345	1527.2549999999999	8796.375	6802.245	0.0	0.0	0.0	0.0	0.0	0.0	0.0	0.0	0.0	0.0	0.0	0.0	0.0	0.0	144.20689655172416	0.0	0.341246685	0.24511656	0.807187875	50.922619999999995	55.073339999999995	-9.4612	387847.0	1775936897.592182	0.0	1.0	0.0	-1.0	-1.0	-1.0	1775936897.592182	closed-hand	Close	1	20260411_124810	Trigger
693.045	1465.965	788.805	577.395	0.0	0.0	0.0	0.0	0.0	0.0	0.0	0.0	0.0	0.0	0.0	0.0	0.0	0.0	144.20689655172416	0.0	0.341246685	0.24511656	0.807187875	50.922619999999995	55.073339999999995	-9.4612	387848.0	1775936897.592206	0.0	1.0	0.0	-1.0	-1.0	-1.0	1775936897.592206	closed-hand	Close	1	20260411_124810	Trigger
7604.054999999999	17766.719999999998	9050.984999999999	7205.445	0.0	0.0	0.0	0.0	0.0	0.0	0.0	0.0	0.0	0.0	0.0	0.0	0.0	0.0	144.20689655172416	0.0	0.306334665	0.30017013	0.839780565	26.82708	48.313159999999996	-1.38866	387849.0	1775936897.596419	0.0	1.0	0.0	-1.0	-1.0	-1.0	1775936897.596419	closed-hand	Close	1	20260411_124810	Trigger
18384.84	22737.96	19945.485	16903.035	0.0	0.0	0.0	0.0	0.0	0.0	0.0	0.0	0.0	0.0	0.0	0.0	0.0	0.0	144.20689655172416	0.0	0.306334665	0.30017013	0.839780565	26.82708	48.313159999999996	-1.38866	387850.0	1775936897.596448	0.0	1.0	0.0	-1.0	-1.0	-1.0	1775936897.596448	closed-hand	Close	1	20260411_124810	Trigger
14025.195	8020.844999999999	14422.095	12674.205	0.0	0.0	0.0	0.0	0.0	0.0	0.0	0.0	0.0	0.0	0.0	0.0	0.0	0.0	144.20689655172416	0.0	0.306334665	0.30017013	0.839780565	26.82708	48.313159999999996	-1.38866	387851.0	1775936897.600276	0.0	1.0	0.0	-1.0	-1.0	-1.0	1775936897.600276	closed-hand	Close	1	20260411_124810	Trigger
868.545	118.935	866.52	774.045	0.0	0.0	0.0	0.0	0.0	0.0	0.0	0.0	0.0	0.0	0.0	0.0	0.0	0.0	144.20689655172416	0.0	0.306334665	0.30017013	0.839780565	26.82708	48.313159999999996	-1.38866	387852.0	1775936897.600302	0.0	1.0	0.0	-1.0	-1.0	-1.0	1775936897.600302	closed-hand	Close	1	20260411_124810	Trigger
11835.359999999999	-5264.46	11024.91	9674.64	0.0	0.0	0.0	0.0	0.0	0.0	0.0	0.0	0.0	0.0	0.0	0.0	0.0	0.0	144.20689655172416	0.0	0.306334665	0.30017013	0.839780565	26.82708	48.313159999999996	-1.38866	387853.0	1775936897.605697	0.0	1.0	0.0	-1.0	-1.0	-1.0	1775936897.605697	closed-hand	Close	1	20260411_124810	Trigger
30282.614999999998	-7309.755	27877.815	23667.48	0.0	0.0	0.0	0.0	0.0	0.0	0.0	0.0	0.0	0.0	0.0	0.0	0.0	0.0	144.20689655172416	0.0	0.306334665	0.30017013	0.839780565	26.82708	48.313159999999996	-1.38866	387854.0	1775936897.605722	0.0	1.0	0.0	-1.0	-1.0	-1.0	1775936897.605722	closed-hand	Close	1	20260411_124810	Trigger
16041.375	1010.6999999999999	14647.32	11726.73	0.0	0.0	0.0	0.0	0.0	0.0	0.0	0.0	0.0	0.0	0.0	0.0	0.0	0.0	144.20689655172416	0.0	0.306334665	0.30017013	0.839780565	26.82708	48.313159999999996	-1.38866	387855.0	1775936897.608424	0.0	1.0	0.0	-1.0	-1.0	-1.0	1775936897.608424	closed-hand	Close	1	20260411_124810	Trigger
1224.27	654.2099999999999	1131.2549999999999	830.16	0.0	0.0	0.0	0.0	0.0	0.0	0.0	0.0	0.0	0.0	0.0	0.0	0.0	0.0	144.20689655172416	0.0	0.306334665	0.30017013	0.839780565	26.82708	48.313159999999996	-1.38866	387856.0	1775936897.608447	0.0	1.0	0.0	-1.0	-1.0	-1.0	1775936897.608447	closed-hand	Close	1	20260411_124810	Trigger
4516.5599999999995	11086.74	5538.42	4505.625	0.0	0.0	0.0	0.0	0.0	0.0	0.0	0.0	0.0	0.0	0.0	0.0	0.0	0.0	144.20689655172416	0.0	0.306334665	0.30017013	0.839780565	26.82708	48.313159999999996	-1.38866	387857.0	1775936897.612327	0.0	1.0	0.0	-1.0	-1.0	-1.0	1775936897.612327	closed-hand	Close	1	20260411_124810	Trigger
15560.82	23854.32	17536.725	15012.945	0.0	0.0	0.0	0.0	0.0	0.0	0.0	0.0	0.0	0.0	0.0	0.0	0.0	0.0	144.20689655172416	0.0	0.306334665	0.30017013	0.839780565	26.82708	48.313159999999996	-1.38866	387858.0	1775936897.61235	0.0	1.0	0.0	-1.0	-1.0	-1.0	1775936897.61235	closed-hand	Close	1	20260411_124810	Trigger
18518.76	12240.765	19337.94	17113.05	0.0	0.0	0.0	0.0	0.0	0.0	0.0	0.0	0.0	0.0	0.0	0.0	0.0	0.0	144.20689655172416	0.0	0.286437255	0.338561145	0.8813454000000001	-7.7063	33.73986	6.104	387859.0	1775936897.616342	0.0	1.0	0.0	-1.0	-1.0	-1.0	1775936897.616342	closed-hand	Close	1	20260411_124810	Trigger
3071.295	1057.68	3117.7349999999997	2800.305	0.0	0.0	0.0	0.0	0.0	0.0	0.0	0.0	0.0	0.0	0.0	0.0	0.0	0.0	144.20689655172416	0.0	0.286437255	0.338561145	0.8813454000000001	-7.7063	33.73986	6.104	387860.0	1775936897.616366	0.0	1.0	0.0	-1.0	-1.0	-1.0	1775936897.616366	closed-hand	Close	1	20260411_124810	Trigger
5318.505	-2723.4449999999997	4991.264999999999	4427.91	0.0	0.0	0.0	0.0	0.0	0.0	0.0	0.0	0.0	0.0	0.0	0.0	0.0	0.0	144.20689655172416	0.0	0.286437255	0.338561145	0.8813454000000001	-7.7063	33.73986	6.104	387861.0	1775936897.620318	0.0	1.0	0.0	-1.0	-1.0	-1.0	1775936897.620318	closed-hand	Close	1	20260411_124810	Trigger
27943.605	-8788.365	25923.6	22322.34	0.0	0.0	0.0	0.0	0.0	0.0	0.0	0.0	0.0	0.0	0.0	0.0	0.0	0.0	144.20689655172416	0.0	0.286437255	0.338561145	0.8813454000000001	-7.7063	33.73986	6.104	387862.0	1775936897.620354	0.0	1.0	0.0	-1.0	-1.0	-1.0	1775936897.620354	closed-hand	Close	1	20260411_124810	Trigger
22355.82	-817.245	20668.68	16905.195	0.0	0.0	0.0	0.0	0.0	0.0	0.0	0.0	0.0	0.0	0.0	0.0	0.0	0.0	144.20689655172416	0.0	0.286437255	0.338561145	0.8813454000000001	-7.7063	33.73986	6.104	387863.0	1775936897.624384	0.0	1.0	0.0	-1.0	-1.0	-1.0	1775936897.624384	closed-hand	Close	1	20260411_124810	Trigger
3534.21	1005.0749999999999	3266.955	2479.77	0.0	0.0	0.0	0.0	0.0	0.0	0.0	0.0	0.0	0.0	0.0	0.0	0.0	0.0	144.20689655172416	0.0	0.286437255	0.338561145	0.8813454000000001	-7.7063	33.73986	6.104	387864.0	1775936897.624412	0.0	1.0	0.0	-1.0	-1.0	-1.0	1775936897.624412	closed-hand	Close	1	20260411_124810	Trigger
1996.83	5412.105	2508.8849999999998	1968.435	0.0	0.0	0.0	0.0	0.0	0.0	0.0	0.0	0.0	0.0	0.0	0.0	0.0	0.0	144.20689655172416	0.0	0.286437255	0.338561145	0.8813454000000001	-7.7063	33.73986	6.104	387865.0	1775936897.628341	0.0	1.0	0.0	-1.0	-1.0	-1.0	1775936897.628341	closed-hand	Close	1	20260411_124810	Trigger
11788.74	23615.145	13885.154999999999	11474.73	0.0	0.0	0.0	0.0	0.0	0.0	0.0	0.0	0.0	0.0	0.0	0.0	0.0	0.0	144.20689655172416	0.0	0.286437255	0.338561145	0.8813454000000001	-7.7063	33.73986	6.104	387866.0	1775936897.628366	0.0	1.0	0.0	-1.0	-1.0	-1.0	1775936897.628366	closed-hand	Close	1	20260411_124810	Trigger
19791.495	17948.565	21155.625	18379.89	0.0	0.0	0.0	0.0	0.0	0.0	0.0	0.0	0.0	0.0	0.0	0.0	0.0	0.0	144.20689655172416	0.0	0.286437255	0.338561145	0.8813454000000001	-7.7063	33.73986	6.104	387867.0	1775936897.632378	0.0	1.0	0.0	-1.0	-1.0	-1.0	1775936897.632378	closed-hand	Close	1	20260411_124810	Trigger
7325.55	3377.205	7522.514999999999	6695.325	0.0	0.0	0.0	0.0	0.0	0.0	0.0	0.0	0.0	0.0	0.0	0.0	0.0	0.0	144.20689655172416	0.0	0.286437255	0.338561145	0.8813454000000001	-7.7063	33.73986	6.104	387868.0	1775936897.632411	0.0	1.0	0.0	-1.0	-1.0	-1.0	1775936897.632411	closed-hand	Close	1	20260411_124810	Trigger
1655.145	-989.73	1566.0	1383.12	0.0	0.0	0.0	0.0	0.0	0.0	0.0	0.0	0.0	0.0	0.0	0.0	0.0	0.0	144.20689655172416	0.0	0.29162523	0.33129798	0.92126229	-10.69726	24.9501	4.56274	387869.0	1775936897.637811	0.0	1.0	0.0	-1.0	-1.0	-1.0	1775936897.637811	closed-hand	Close	1	20260411_124810	Trigger
21711.735	-7794.045	20257.695	17358.3	0.0	0.0	0.0	0.0	0.0	0.0	0.0	0.0	0.0	0.0	0.0	0.0	0.0	0.0	144.20689655172416	0.0	0.29162523	0.33129798	0.92126229	-10.69726	24.9501	4.56274	387870.0	1775936897.637838	0.0	1.0	0.0	-1.0	-1.0	-1.0	1775936897.637838	closed-hand	Close	1	20260411_124810	Trigger
27157.184999999998	-3062.835	25219.395	20656.934999999998	0.0	0.0	0.0	0.0	0.0	0.0	0.0	0.0	0.0	0.0	0.0	0.0	0.0	0.0	144.20689655172416	0.0	0.29162523	0.33129798	0.92126229	-10.69726	24.9501	4.56274	387871.0	1775936897.640571	0.0	1.0	0.0	-1.0	-1.0	-1.0	1775936897.640571	closed-hand	Close	1	20260411_124810	Trigger
7905.96	1786.4099999999999	7358.759999999999	5600.429999999999	0.0	0.0	0.0	0.0	0.0	0.0	0.0	0.0	0.0	0.0	0.0	0.0	0.0	0.0	144.20689655172416	0.0	0.29162523	0.33129798	0.92126229	-10.69726	24.9501	4.56274	387872.0	1775936897.640599	0.0	1.0	0.0	-1.0	-1.0	-1.0	1775936897.640599	closed-hand	Close	1	20260411_124810	Trigger
773.9549999999999	1958.22	953.91	717.2099999999999	0.0	0.0	0.0	0.0	0.0	0.0	0.0	0.0	0.0	0.0	0.0	0.0	0.0	0.0	144.20689655172416	0.0	0.29162523	0.33129798	0.92126229	-10.69726	24.9501	4.56274	387873.0	1775936897.644422	0.0	1.0	0.0	-1.0	-1.0	-1.0	1775936897.644422	closed-hand	Close	1	20260411_124810	Trigger
8242.38	19328.13	10059.66	8078.985	0.0	0.0	0.0	0.0	0.0	0.0	0.0	0.0	0.0	0.0	0.0	0.0	0.0	0.0	144.20689655172416	0.0	0.29162523	0.33129798	0.92126229	-10.69726	24.9501	4.56274	387874.0	1775936897.644454	0.0	1.0	0.0	-1.0	-1.0	-1.0	1775936897.644454	closed-hand	Close	1	20260411_124810	Trigger
18537.03	22199.715	20379.42	17300.43	0.0	0.0	0.0	0.0	0.0	0.0	0.0	0.0	0.0	0.0	0.0	0.0	0.0	0.0	144.20689655172416	0.0	0.29162523	0.33129798	0.92126229	-10.69726	24.9501	4.56274	387875.0	1775936897.648329	0.0	1.0	0.0	-1.0	-1.0	-1.0	1775936897.648329	closed-hand	Close	1	20260411_124810	Trigger
12747.914999999999	7148.205	13265.91	11647.035	0.0	0.0	0.0	0.0	0.0	0.0	0.0	0.0	0.0	0.0	0.0	0.0	0.0	0.0	144.20689655172416	0.0	0.29162523	0.33129798	0.92126229	-10.69726	24.9501	4.56274	387876.0	1775936897.648355	0.0	1.0	0.0	-1.0	-1.0	-1.0	1775936897.648355	closed-hand	Close	1	20260411_124810	Trigger
751.4549999999999	-66.6	748.26	670.005	0.0	0.0	0.0	0.0	0.0	0.0	0.0	0.0	0.0	0.0	0.0	0.0	0.0	0.0	144.20689655172416	0.0	0.29162523	0.33129798	0.92126229	-10.69726	24.9501	4.56274	387877.0	1775936897.652292	0.0	1.0	0.0	-1.0	-1.0	-1.0	1775936897.652292	closed-hand	Close	1	20260411_124810	Trigger
13927.41	-5805.855	13110.345	11518.695	0.0	0.0	0.0	0.0	0.0	0.0	0.0	0.0	0.0	0.0	0.0	0.0	0.0	0.0	144.20689655172416	0.0	0.29162523	0.33129798	0.92126229	-10.69726	24.9501	4.56274	387878.0	1775936897.652315	0.0	1.0	0.0	-1.0	-1.0	-1.0	1775936897.652315	closed-hand	Close	1	20260411_124810	Trigger
29660.219999999998	-6048.9	27702.27	23506.785	0.0	0.0	0.0	0.0	0.0	0.0	0.0	0.0	0.0	0.0	0.0	0.0	0.0	0.0	144.20689655172416	0.0	0.30334395000000003	0.316588545	0.951352545	1.63282	20.9062	5.7225	387879.0	1775936897.656477	0.0	1.0	0.0	-1.0	-1.0	-1.0	1775936897.656477	closed-hand	Close	1	20260411_124810	Trigger
13908.06	1658.07	12968.865	10333.035	0.0	0.0	0.0	0.0	0.0	0.0	0.0	0.0	0.0	0.0	0.0	0.0	0.0	0.0	144.20689655172416	0.0	0.30334395000000003	0.316588545	0.951352545	1.63282	20.9062	5.7225	387880.0	1775936897.656503	0.0	1.0	0.0	-1.0	-1.0	-1.0	1775936897.656503	closed-hand	Close	1	20260411_124810	Trigger
879.615	723.9599999999999	862.0649999999999	627.165	0.0	0.0	0.0	0.0	0.0	0.0	0.0	0.0	0.0	0.0	0.0	0.0	0.0	0.0	144.20689655172416	0.0	0.30334395000000003	0.316588545	0.951352545	1.63282	20.9062	5.7225	387881.0	1775936897.660454	0.0	1.0	0.0	-1.0	-1.0	-1.0	1775936897.660454	closed-hand	Close	1	20260411_124810	Trigger
5039.054999999999	12929.039999999999	6297.66	5039.28	0.0	0.0	0.0	0.0	0.0	0.0	0.0	0.0	0.0	0.0	0.0	0.0	0.0	0.0	144.20689655172416	0.0	0.30334395000000003	0.316588545	0.951352545	1.63282	20.9062	5.7225	387882.0	1775936897.660483	0.0	1.0	0.0	-1.0	-1.0	-1.0	1775936897.660483	closed-hand	Close	1	20260411_124810	Trigger
15890.894999999999	24609.96	18160.649999999998	15339.24	0.0	0.0	0.0	0.0	0.0	0.0	0.0	0.0	0.0	0.0	0.0	0.0	0.0	0.0	144.20689655172416	0.0	0.30334395000000003	0.316588545	0.951352545	1.63282	20.9062	5.7225	387883.0	1775936897.664348	0.0	1.0	0.0	-1.0	-1.0	-1.0	1775936897.664348	closed-hand	Close	1	20260411_124810	Trigger
17312.355	11911.005	18350.01	16098.48	0.0	0.0	0.0	0.0	0.0	0.0	0.0	0.0	0.0	0.0	0.0	0.0	0.0	0.0	144.55172413793105	0.0	0.30334395000000003	0.316588545	0.951352545	1.63282	20.9062	5.7225	387884.0	1775936897.664371	0.0	1.0	0.0	-1.0	-1.0	-1.0	1775936897.664371	closed-hand	Close	1	20260411_124810	Trigger
2337.165	859.635	2401.38	2144.295	0.0	0.0	0.0	0.0	0.0	0.0	0.0	0.0	0.0	0.0	0.0	0.0	0.0	0.0	144.55172413793105	0.0	0.30334395000000003	0.316588545	0.951352545	1.63282	20.9062	5.7225	387885.0	1775936897.668361	0.0	1.0	0.0	-1.0	-1.0	-1.0	1775936897.668361	closed-hand	Close	1	20260411_124810	Trigger
6874.65	-3310.335	6491.745	5789.655	0.0	0.0	0.0	0.0	0.0	0.0	0.0	0.0	0.0	0.0	0.0	0.0	0.0	0.0	144.55172413793105	0.0	0.30334395000000003	0.316588545	0.951352545	1.63282	20.9062	5.7225	387886.0	1775936897.668384	0.0	1.0	0.0	-1.0	-1.0	-1.0	1775936897.668384	closed-hand	Close	1	20260411_124810	Trigger
28644.48	-8030.384999999999	26766.27	23229.18	0.0	0.0	0.0	0.0	0.0	0.0	0.0	0.0	0.0	0.0	0.0	0.0	0.0	0.0	144.55172413793105	0.0	0.30334395000000003	0.316588545	0.951352545	1.63282	20.9062	5.7225	387887.0	1775936897.672448	0.0	1.0	0.0	-1.0	-1.0	-1.0	1775936897.672448	closed-hand	Close	1	20260411_124810	Trigger
20335.32	380.385	18970.245	15674.535	0.0	0.0	0.0	0.0	0.0	0.0	0.0	0.0	0.0	0.0	0.0	0.0	0.0	0.0	144.55172413793105	0.0	0.30334395000000003	0.316588545	0.951352545	1.63282	20.9062	5.7225	387888.0	1775936897.672476	0.0	1.0	0.0	-1.0	-1.0	-1.0	1775936897.672476	closed-hand	Close	1	20260411_124810	Trigger
2663.0099999999998	973.3499999999999	2491.47	1919.655	0.0	0.0	0.0	0.0	0.0	0.0	0.0	0.0	0.0	0.0	0.0	0.0	0.0	0.0	144.55172413793105	0.0	0.312071955	0.32311929	0.96142332	12.71158	21.08932	10.72778	387889.0	1775936897.676468	0.0	1.0	0.0	-1.0	-1.0	-1.0	1775936897.676468	closed-hand	Close	1	20260411_124810	Trigger
2499.795	6838.785	3210.435	2552.31	0.0	0.0	0.0	0.0	0.0	0.0	0.0	0.0	0.0	0.0	0.0	0.0	0.0	0.0	144.55172413793105	0.0	0.312071955	0.32311929	0.96142332	12.71158	21.08932	10.72778	387890.0	1775936897.676496	0.0	1.0	0.0	-1.0	-1.0	-1.0	1775936897.676496	closed-hand	Close	1	20260411_124810	Trigger
12597.255	24370.065	14928.705	12480.66	0.0	0.0	0.0	0.0	0.0	0.0	0.0	0.0	0.0	0.0	0.0	0.0	0.0	0.0	144.55172413793105	0.0	0.312071955	0.32311929	0.96142332	12.71158	21.08932	10.72778	387891.0	1775936897.680462	0.0	1.0	0.0	-1.0	-1.0	-1.0	1775936897.680462	closed-hand	Close	1	20260411_124810	Trigger
19553.579999999998	16883.55	21024.989999999998	18403.335	0.0	0.0	0.0	0.0	0.0	0.0	0.0	0.0	0.0	0.0	0.0	0.0	0.0	0.0	144.55172413793105	0.0	0.312071955	0.32311929	0.96142332	12.71158	21.08932	10.72778	387892.0	1775936897.680487	0.0	1.0	0.0	-1.0	-1.0	-1.0	1775936897.680487	closed-hand	Close	1	20260411_124810	Trigger
6020.82	2716.4249999999997	6234.885	5582.385	0.0	0.0	0.0	0.0	0.0	0.0	0.0	0.0	0.0	0.0	0.0	0.0	0.0	0.0	144.55172413793105	0.0	0.312071955	0.32311929	0.96142332	12.71158	21.08932	10.72778	387893.0	1775936897.684472	0.0	1.0	0.0	-1.0	-1.0	-1.0	1775936897.684472	closed-hand	Close	1	20260411_124810	Trigger
2431.62	-1386.7649999999999	2310.66	2069.8199999999997	0.0	0.0	0.0	0.0	0.0	0.0	0.0	0.0	0.0	0.0	0.0	0.0	0.0	0.0	144.55172413793105	0.0	0.312071955	0.32311929	0.96142332	12.71158	21.08932	10.72778	387894.0	1775936897.684518	0.0	1.0	0.0	-1.0	-1.0	-1.0	1775936897.684518	closed-hand	Close	1	20260411_124810	Trigger
23632.379999999997	-8106.48	22221.0	19419.93	0.0	0.0	0.0	0.0	0.0	0.0	0.0	0.0	0.0	0.0	0.0	0.0	0.0	0.0	144.55172413793105	0.0	0.312071955	0.32311929	0.96142332	12.71158	21.08932	10.72778	387895.0	1775936897.694764	0.0	1.0	0.0	-1.0	-1.0	-1.0	1775936897.694764	closed-hand	Close	1	20260411_124810	Trigger
25854.344999999998	-2099.205	24255.045	20361.555	0.0	0.0	0.0	0.0	0.0	0.0	0.0	0.0	0.0	0.0	0.0	0.0	0.0	0.0	144.55172413793105	0.0	0.312071955	0.32311929	0.96142332	12.71158	21.08932	10.72778	387896.0	1775936897.694791	0.0	1.0	0.0	-1.0	-1.0	-1.0	1775936897.694791	closed-hand	Close	1	20260411_124810	Trigger
6499.349999999999	1722.465	6124.7699999999995	4837.905	0.0	0.0	0.0	0.0	0.0	0.0	0.0	0.0	0.0	0.0	0.0	0.0	0.0	0.0	144.55172413793105	0.0	0.312071955	0.32311929	0.96142332	12.71158	21.08932	10.72778	387897.0	1775936897.697196	0.0	1.0	0.0	-1.0	-1.0	-1.0	1775936897.697196	closed-hand	Close	1	20260411_124810	Trigger
1021.005	2780.055	1295.9099999999999	1011.24	0.0	0.0	0.0	0.0	0.0	0.0	0.0	0.0	0.0	0.0	0.0	0.0	0.0	0.0	144.55172413793105	0.0	0.312071955	0.32311929	0.96142332	12.71158	21.08932	10.72778	387898.0	1775936897.69722	0.0	1.0	0.0	-1.0	-1.0	-1.0	1775936897.69722	closed-hand	Close	1	20260411_124810	Trigger
9358.065	21022.38	11340.675	9326.52	0.0	0.0	0.0	0.0	0.0	0.0	0.0	0.0	0.0	0.0	0.0	0.0	0.0	0.0	144.55172413793105	0.0	0.30944745	0.32995521	0.9641088600000001	8.49982	9.47646	14.527519999999999	387899.0	1775936897.697509	0.0	1.0	0.0	-1.0	-1.0	-1.0	1775936897.697509	closed-hand	Close	1	20260411_124810	Trigger
19166.895	21206.34	21031.739999999998	18202.14	0.0	0.0	0.0	0.0	0.0	0.0	0.0	0.0	0.0	0.0	0.0	0.0	0.0	0.0	144.55172413793105	0.0	0.30944745	0.32995521	0.9641088600000001	8.49982	9.47646	14.527519999999999	387900.0	1775936897.697534	0.0	1.0	0.0	-1.0	-1.0	-1.0	1775936897.697534	closed-hand	Close	1	20260411_124810	Trigger
11346.21	6024.15	11846.88	10536.885	0.0	0.0	0.0	0.0	0.0	0.0	0.0	0.0	0.0	0.0	0.0	0.0	0.0	0.0	144.55172413793105	0.0	0.30944745	0.32995521	0.9641088600000001	8.49982	9.47646	14.527519999999999	387901.0	1775936897.700485	0.0	1.0	0.0	-1.0	-1.0	-1.0	1775936897.700485	closed-hand	Close	1	20260411_124810	Trigger
731.61	-154.17	723.735	368.235	0.0	0.0	0.0	0.0	0.0	0.0	0.0	0.0	0.0	0.0	0.0	0.0	0.0	0.0	144.55172413793105	0.0	0.30944745	0.32995521	0.9641088600000001	8.49982	9.47646	14.527519999999999	387902.0	1775936897.700509	0.0	1.0	0.0	-1.0	-1.0	-1.0	1775936897.700509	closed-hand	Close	1	20260411_124810	Trigger
14417.595	-2318.13	14133.465	2110.59	0.0	0.0	0.0	0.0	0.0	0.0	0.0	0.0	0.0	0.0	0.0	0.0	0.0	0.0	144.55172413793105	0.0	0.30944745	0.32995521	0.9641088600000001	8.49982	9.47646	14.527519999999999	387903.0	1775936897.70461	0.0	1.0	0.0	-1.0	-1.0	-1.0	1775936897.70461	closed-hand	Close	1	20260411_124810	Trigger
24957.36	3259.845	24721.829999999998	-362.78999999999996	0.0	0.0	0.0	0.0	0.0	0.0	0.0	0.0	0.0	0.0	0.0	0.0	0.0	0.0	144.55172413793105	0.0	0.30944745	0.32995521	0.9641088600000001	8.49982	9.47646	14.527519999999999	387904.0	1775936897.704635	0.0	1.0	0.0	-1.0	-1.0	-1.0	1775936897.704635	closed-hand	Close	1	20260411_124810	Trigger
9782.19	6622.695	9943.92	-3705.66	0.0	0.0	0.0	0.0	0.0	0.0	0.0	0.0	0.0	0.0	0.0	0.0	0.0	0.0	144.55172413793105	0.0	0.30944745	0.32995521	0.9641088600000001	8.49982	9.47646	14.527519999999999	387905.0	1775936897.710174	0.0	1.0	0.0	-1.0	-1.0	-1.0	1775936897.710174	closed-hand	Close	1	20260411_124810	Trigger
564.03	1160.145	671.895	-481.905	0.0	0.0	0.0	0.0	0.0	0.0	0.0	0.0	0.0	0.0	0.0	0.0	0.0	0.0	144.55172413793105	0.0	0.30944745	0.32995521	0.9641088600000001	8.49982	9.47646	14.527519999999999	387906.0	1775936897.710201	0.0	1.0	0.0	-1.0	-1.0	-1.0	1775936897.710201	closed-hand	Close	1	20260411_124810	Trigger
4972.95	13128.795	6736.094999999999	-296.37	0.0	0.0	0.0	0.0	0.0	0.0	0.0	0.0	0.0	0.0	0.0	0.0	0.0	0.0	144.55172413793105	0.0	0.30944745	0.32995521	0.9641088600000001	8.49982	9.47646	14.527519999999999	387907.0	1775936897.715225	0.0	1.0	0.0	-1.0	-1.0	-1.0	1775936897.715225	closed-hand	Close	1	20260411_124810	Trigger
14880.555	19237.905	17482.095	5277.78	0.0	0.0	0.0	0.0	0.0	0.0	0.0	0.0	0.0	0.0	0.0	0.0	0.0	0.0	144.55172413793105	0.0	0.30944745	0.32995521	0.9641088600000001	8.49982	9.47646	14.527519999999999	387908.0	1775936897.715249	0.0	1.0	0.0	-1.0	-1.0	-1.0	1775936897.715249	closed-hand	Close	1	20260411_124810	Trigger
15042.779999999999	7102.259999999999	16170.84	8175.15	0.0	0.0	0.0	0.0	0.0	0.0	0.0	0.0	0.0	0.0	0.0	0.0	0.0	0.0	144.55172413793105	0.0	0.31176678	0.319274085	0.9411597	1.7396399999999999	1.46496	12.971	387909.0	1775936897.716559	0.0	1.0	0.0	-1.0	-1.0	-1.0	1775936897.716559	closed-hand	Close	1	20260411_124810	Trigger
1570.86	235.755	1628.1	963.045	0.0	0.0	0.0	0.0	0.0	0.0	0.0	0.0	0.0	0.0	0.0	0.0	0.0	0.0	144.55172413793105	0.0	0.31176678	0.319274085	0.9411597	1.7396399999999999	1.46496	12.971	387910.0	1775936897.716582	0.0	1.0	0.0	-1.0	-1.0	-1.0	1775936897.716582	closed-hand	Close	1	20260411_124810	Trigger
8475.66	-4665.825	8091.405	4960.53	0.0	0.0	0.0	0.0	0.0	0.0	0.0	0.0	0.0	0.0	0.0	0.0	0.0	0.0	144.55172413793105	0.0	0.31176678	0.319274085	0.9411597	1.7396399999999999	1.46496	12.971	387911.0	1775936897.720607	0.0	1.0	0.0	-1.0	-1.0	-1.0	1775936897.720607	closed-hand	Close	1	20260411_124810	Trigger
27883.62	-9634.77	26510.129999999997	13539.644999999999	0.0	0.0	0.0	0.0	0.0	0.0	0.0	0.0	0.0	0.0	0.0	0.0	0.0	0.0	144.55172413793105	0.0	0.31176678	0.319274085	0.9411597	1.7396399999999999	1.46496	12.971	387912.0	1775936897.720632	0.0	1.0	0.0	-1.0	-1.0	-1.0	1775936897.720632	closed-hand	Close	1	20260411_124810	Trigger
17158.68	-773.1899999999999	16487.145	5513.4	0.0	0.0	0.0	0.0	0.0	0.0	0.0	0.0	0.0	0.0	0.0	0.0	0.0	0.0	144.55172413793105	0.0	0.31176678	0.319274085	0.9411597	1.7396399999999999	1.46496	12.971	387913.0	1775936897.724577	0.0	1.0	0.0	-1.0	-1.0	-1.0	1775936897.724577	closed-hand	Close	1	20260411_124810	Trigger
1795.725	600.345	1757.4299999999998	164.20499999999998	0.0	0.0	0.0	0.0	0.0	0.0	0.0	0.0	0.0	0.0	0.0	0.0	0.0	0.0	144.55172413793105	0.0	0.31176678	0.319274085	0.9411597	1.7396399999999999	1.46496	12.971	387914.0	1775936897.724601	0.0	1.0	0.0	-1.0	-1.0	-1.0	1775936897.724601	closed-hand	Close	1	20260411_124810	Trigger
2976.705	8265.869999999999	3908.52	1068.345	0.0	0.0	0.0	0.0	0.0	0.0	0.0	0.0	0.0	0.0	0.0	0.0	0.0	0.0	144.55172413793105	0.0	0.31176678	0.319274085	0.9411597	1.7396399999999999	1.46496	12.971	387915.0	1775936897.728619	0.0	1.0	0.0	-1.0	-1.0	-1.0	1775936897.728619	closed-hand	Close	1	20260411_124810	Trigger
12753.494999999999	22221.629999999997	15133.545	7228.215	0.0	0.0	0.0	0.0	0.0	0.0	0.0	0.0	0.0	0.0	0.0	0.0	0.0	0.0	144.55172413793105	0.0	0.31176678	0.319274085	0.9411597	1.7396399999999999	1.46496	12.971	387916.0	1775936897.728643	0.0	1.0	0.0	-1.0	-1.0	-1.0	1775936897.728643	closed-hand	Close	1	20260411_124810	Trigger
18506.385	12724.83	19890.54	12635.82	0.0	0.0	0.0	0.0	0.0	0.0	0.0	0.0	0.0	0.0	0.0	0.0	0.0	0.0	144.55172413793105	0.0	0.31176678	0.319274085	0.9411597	1.7396399999999999	1.46496	12.971	387917.0	1775936897.732632	0.0	1.0	0.0	-1.0	-1.0	-1.0	1775936897.732632	closed-hand	Close	1	20260411_124810	Trigger
4605.21	1491.84	4770.179999999999	3354.66	0.0	0.0	0.0	0.0	0.0	0.0	0.0	0.0	0.0	0.0	0.0	0.0	0.0	0.0	144.55172413793105	0.0	0.31176678	0.319274085	0.9411597	1.7396399999999999	1.46496	12.971	387918.0	1775936897.732657	0.0	1.0	0.0	-1.0	-1.0	-1.0	1775936897.732657	closed-hand	Close	1	20260411_124810	Trigger
3380.535	-1909.3049999999998	3232.2599999999998	2086.605	0.0	0.0	0.0	0.0	0.0	0.0	0.0	0.0	0.0	0.0	0.0	0.0	0.0	0.0	144.55172413793105	0.0	0.321959625	0.30090255	0.91784433	4.822159999999999	-1.00716	5.646199999999999	387919.0	1775936897.73674	0.0	1.0	0.0	-1.0	-1.0	-1.0	1775936897.73674	closed-hand	Close	1	20260411_124810	Trigger
24293.16	-8347.005	23083.245	12763.395	0.0	0.0	0.0	0.0	0.0	0.0	0.0	0.0	0.0	0.0	0.0	0.0	0.0	0.0	144.55172413793105	0.0	0.321959625	0.30090255	0.91784433	4.822159999999999	-1.00716	5.646199999999999	387920.0	1775936897.736775	0.0	1.0	0.0	-1.0	-1.0	-1.0	1775936897.736775	closed-hand	Close	1	20260411_124810	Trigger
22773.645	-1243.845	21732.75	8843.13	0.0	0.0	0.0	0.0	0.0	0.0	0.0	0.0	0.0	0.0	0.0	0.0	0.0	0.0	144.55172413793105	0.0	0.321959625	0.30090255	0.91784433	4.822159999999999	-1.00716	5.646199999999999	387921.0	1775936897.740684	0.0	1.0	0.0	-1.0	-1.0	-1.0	1775936897.740684	closed-hand	Close	1	20260411_124810	Trigger
4741.29	1510.155	4577.04	877.995	0.0	0.0	0.0	0.0	0.0	0.0	0.0	0.0	0.0	0.0	0.0	0.0	0.0	0.0	144.55172413793105	0.0	0.321959625	0.30090255	0.91784433	4.822159999999999	-1.00716	5.646199999999999	387922.0	1775936897.740724	0.0	1.0	0.0	-1.0	-1.0	-1.0	1775936897.740724	closed-hand	Close	1	20260411_124810	Trigger
1296.495	3782.43	1722.105	420.93	0.0	0.0	0.0	0.0	0.0	0.0	0.0	0.0	0.0	0.0	0.0	0.0	0.0	0.0	144.55172413793105	0.0	0.321959625	0.30090255	0.91784433	4.822159999999999	-1.00716	5.646199999999999	387923.0	1775936897.744637	0.0	1.0	0.0	-1.0	-1.0	-1.0	1775936897.744637	closed-hand	Close	1	20260411_124810	Trigger
9673.154999999999	20644.425	11899.484999999999	5183.595	0.0	0.0	0.0	0.0	0.0	0.0	0.0	0.0	0.0	0.0	0.0	0.0	0.0	0.0	144.55172413793105	0.0	0.321959625	0.30090255	0.91784433	4.822159999999999	-1.00716	5.646199999999999	387924.0	1775936897.744661	0.0	1.0	0.0	-1.0	-1.0	-1.0	1775936897.744661	closed-hand	Close	1	20260411_124810	Trigger
18687.329999999998	17120.655	20494.844999999998	12573.225	0.0	0.0	0.0	0.0	0.0	0.0	0.0	0.0	0.0	0.0	0.0	0.0	0.0	0.0	144.55172413793105	0.0	0.321959625	0.30090255	0.91784433	4.822159999999999	-1.00716	5.646199999999999	387925.0	1775936897.748535	0.0	1.0	0.0	-1.0	-1.0	-1.0	1775936897.748535	closed-hand	Close	1	20260411_124810	Trigger
9415.484999999999	3828.285	9830.16	6849.764999999999	0.0	0.0	0.0	0.0	0.0	0.0	0.0	0.0	0.0	0.0	0.0	0.0	0.0	0.0	144.55172413793105	0.0	0.321959625	0.30090255	0.91784433	4.822159999999999	-1.00716	5.646199999999999	387926.0	1775936897.748558	0.0	1.0	0.0	-1.0	-1.0	-1.0	1775936897.748558	closed-hand	Close	1	20260411_124810	Trigger
1007.055	-647.28	971.685	780.75	0.0	0.0	0.0	0.0	0.0	0.0	0.0	0.0	0.0	0.0	0.0	0.0	0.0	0.0	144.55172413793105	0.0	0.321959625	0.30090255	0.91784433	4.822159999999999	-1.00716	5.646199999999999	387927.0	1775936897.752724	0.0	1.0	0.0	-1.0	-1.0	-1.0	1775936897.752724	closed-hand	Close	1	20260411_124810	Trigger
18334.844999999998	-7968.014999999999	17341.559999999998	12927.105	0.0	0.0	0.0	0.0	0.0	0.0	0.0	0.0	0.0	0.0	0.0	0.0	0.0	0.0	144.55172413793105	0.0	0.321959625	0.30090255	0.91784433	4.822159999999999	-1.00716	5.646199999999999	387928.0	1775936897.752747	0.0	1.0	0.0	-1.0	-1.0	-1.0	1775936897.752747	closed-hand	Close	1	20260411_124810	Trigger
27711.989999999998	-5594.715	26095.68	17353.71	0.0	0.0	0.0	0.0	0.0	0.0	0.0	0.0	0.0	0.0	0.0	0.0	0.0	0.0	144.55172413793105	0.0	0.330504525	0.2783196	0.90978771	16.709699999999998	0.8392999999999999	-4.16598	387929.0	1775936897.756597	0.0	1.0	0.0	-1.0	-1.0	-1.0	1775936897.756597	closed-hand	Close	1	20260411_124810	Trigger
10062.494999999999	1285.9199999999998	9521.279999999999	5129.1449999999995	0.0	0.0	0.0	0.0	0.0	0.0	0.0	0.0	0.0	0.0	0.0	0.0	0.0	0.0	144.55172413793105	0.0	0.330504525	0.2783196	0.90978771	16.709699999999998	0.8392999999999999	-4.16598	387930.0	1775936897.75662	0.0	1.0	0.0	-1.0	-1.0	-1.0	1775936897.75662	closed-hand	Close	1	20260411_124810	Trigger
703.305	1335.105	812.6999999999999	348.47999999999996	0.0	0.0	0.0	0.0	0.0	0.0	0.0	0.0	0.0	0.0	0.0	0.0	0.0	0.0	144.55172413793105	0.0	0.330504525	0.2783196	0.90978771	16.709699999999998	0.8392999999999999	-4.16598	387931.0	1775936897.760611	0.0	1.0	0.0	-1.0	-1.0	-1.0	1775936897.760611	closed-hand	Close	1	20260411_124810	Trigger
6842.925	16627.635	8482.5	4850.91	0.0	0.0	0.0	0.0	0.0	0.0	0.0	0.0	0.0	0.0	0.0	0.0	0.0	0.0	144.55172413793105	0.0	0.330504525	0.2783196	0.90978771	16.709699999999998	0.8392999999999999	-4.16598	387932.0	1775936897.760635	0.0	1.0	0.0	-1.0	-1.0	-1.0	1775936897.760635	closed-hand	Close	1	20260411_124810	Trigger
17341.559999999998	21783.51	19318.23	13408.515	0.0	0.0	0.0	0.0	0.0	0.0	0.0	0.0	0.0	0.0	0.0	0.0	0.0	0.0	144.55172413793105	0.0	0.330504525	0.2783196	0.90978771	16.709699999999998	0.8392999999999999	-4.16598	387933.0	1775936897.76689	0.0	1.0	0.0	-1.0	-1.0	-1.0	1775936897.76689	closed-hand	Close	1	20260411_124810	Trigger
14833.619999999999	8079.48	15550.65	11929.635	0.0	0.0	0.0	0.0	0.0	0.0	0.0	0.0	0.0	0.0	0.0	0.0	0.0	0.0	144.55172413793105	0.0	0.330504525	0.2783196	0.90978771	16.709699999999998	0.8392999999999999	-4.16598	387934.0	1775936897.766914	0.0	1.0	0.0	-1.0	-1.0	-1.0	1775936897.766914	closed-hand	Close	1	20260411_124810	Trigger
1175.805	208.98	1195.56	962.235	0.0	0.0	0.0	0.0	0.0	0.0	0.0	0.0	0.0	0.0	0.0	0.0	0.0	0.0	144.55172413793105	0.0	0.330504525	0.2783196	0.90978771	16.709699999999998	0.8392999999999999	-4.16598	387935.0	1775936897.768718	0.0	1.0	0.0	-1.0	-1.0	-1.0	1775936897.768718	closed-hand	Close	1	20260411_124810	Trigger
10712.43	-5146.065	10136.43	8380.845	0.0	0.0	0.0	0.0	0.0	0.0	0.0	0.0	0.0	0.0	0.0	0.0	0.0	0.0	144.55172413793105	0.0	0.330504525	0.2783196	0.90978771	16.709699999999998	0.8392999999999999	-4.16598	387936.0	1775936897.768741	0.0	1.0	0.0	-1.0	-1.0	-1.0	1775936897.768741	closed-hand	Close	1	20260411_124810	Trigger
29251.26	-7809.299999999999	27407.879999999997	21237.524999999998	0.0	0.0	0.0	0.0	0.0	0.0	0.0	0.0	0.0	0.0	0.0	0.0	0.0	0.0	144.55172413793105	0.0	0.330504525	0.2783196	0.90978771	16.709699999999998	0.8392999999999999	-4.16598	387937.0	1775936897.772666	0.0	1.0	0.0	-1.0	-1.0	-1.0	1775936897.772666	closed-hand	Close	1	20260411_124810	Trigger
16438.454999999998	749.2049999999999	15411.105	10639.305	0.0	0.0	0.0	0.0	0.0	0.0	0.0	0.0	0.0	0.0	0.0	0.0	0.0	0.0	144.55172413793105	0.0	0.330504525	0.2783196	0.90978771	16.709699999999998	0.8392999999999999	-4.16598	387938.0	1775936897.772691	0.0	1.0	0.0	-1.0	-1.0	-1.0	1775936897.772691	closed-hand	Close	1	20260411_124810	Trigger
1454.5349999999999	710.3249999999999	1389.78	811.035	0.0	0.0	0.0	0.0	0.0	0.0	0.0	0.0	0.0	0.0	0.0	0.0	0.0	0.0	144.55172413793105	0.0	0.33477697500000003	0.26635674	0.8907447900000001	18.60194	9.65958	-10.28524	387939.0	1775936897.776719	0.0	1.0	0.0	-1.0	-1.0	-1.0	1775936897.776719	closed-hand	Close	1	20260411_124810	Trigger
4063.995	10668.779999999999	5157.135	3477.6	0.0	0.0	0.0	0.0	0.0	0.0	0.0	0.0	0.0	0.0	0.0	0.0	0.0	0.0	144.55172413793105	0.0	0.33477697500000003	0.26635674	0.8907447900000001	18.60194	9.65958	-10.28524	387940.0	1775936897.776751	0.0	1.0	0.0	-1.0	-1.0	-1.0	1775936897.776751	closed-hand	Close	1	20260411_124810	Trigger
14520.779999999999	24078.285	16788.915	12498.21	0.0	0.0	0.0	0.0	0.0	0.0	0.0	0.0	0.0	0.0	0.0	0.0	0.0	0.0	144.55172413793105	0.0	0.33477697500000003	0.26635674	0.8907447900000001	18.60194	9.65958	-10.28524	387941.0	1775936897.780647	0.0	1.0	0.0	-1.0	-1.0	-1.0	1775936897.780647	closed-hand	Close	1	20260411_124810	Trigger
18689.309999999998	13127.85	19848.285	16008.93	0.0	0.0	0.0	0.0	0.0	0.0	0.0	0.0	0.0	0.0	0.0	0.0	0.0	0.0	144.55172413793105	0.0	0.33477697500000003	0.26635674	0.8907447900000001	18.60194	9.65958	-10.28524	387942.0	1775936897.78067	0.0	1.0	0.0	-1.0	-1.0	-1.0	1775936897.78067	closed-hand	Close	1	20260411_124810	Trigger
3715.245	1366.83	3820.5	3193.83	0.0	0.0	0.0	0.0	0.0	0.0	0.0	0.0	0.0	0.0	0.0	0.0	0.0	0.0	144.55172413793105	0.0	0.33477697500000003	0.26635674	0.8907447900000001	18.60194	9.65958	-10.28524	387943.0	1775936897.784739	0.0	1.0	0.0	-1.0	-1.0	-1.0	1775936897.784739	closed-hand	Close	1	20260411_124810	Trigger
4750.5599999999995	-2552.625	4513.995	3891.1499999999996	0.0	0.0	0.0	0.0	0.0	0.0	0.0	0.0	0.0	0.0	0.0	0.0	0.0	0.0	144.55172413793105	0.0	0.33477697500000003	0.26635674	0.8907447900000001	18.60194	9.65958	-10.28524	387944.0	1775936897.784762	0.0	1.0	0.0	-1.0	-1.0	-1.0	1775936897.784762	closed-hand	Close	1	20260411_124810	Trigger
26802.855	-8656.154999999999	25205.985	20791.71	0.0	0.0	0.0	0.0	0.0	0.0	0.0	0.0	0.0	0.0	0.0	0.0	0.0	0.0	144.55172413793105	0.0	0.33477697500000003	0.26635674	0.8907447900000001	18.60194	9.65958	-10.28524	387945.0	1775936897.788838	0.0	1.0	0.0	-1.0	-1.0	-1.0	1775936897.788838	closed-hand	Close	1	20260411_124810	Trigger
22608.495	-757.5749999999999	21278.34	16317.045	0.0	0.0	0.0	0.0	0.0	0.0	0.0	0.0	0.0	0.0	0.0	0.0	0.0	0.0	144.55172413793105	0.0	0.33477697500000003	0.26635674	0.8907447900000001	18.60194	9.65958	-10.28524	387946.0	1775936897.788862	0.0	1.0	0.0	-1.0	-1.0	-1.0	1775936897.788862	closed-hand	Close	1	20260411_124810	Trigger
4107.6449999999995	1278.81	3887.64	2665.5299999999997	0.0	0.0	0.0	0.0	0.0	0.0	0.0	0.0	0.0	0.0	0.0	0.0	0.0	0.0	144.55172413793105	0.0	0.33477697500000003	0.26635674	0.8907447900000001	18.60194	9.65958	-10.28524	387947.0	1775936897.7928	0.0	1.0	0.0	-1.0	-1.0	-1.0	1775936897.7928	closed-hand	Close	1	20260411_124810	Trigger
1902.6899999999998	5186.474999999999	2409.975	1721.34	0.0	0.0	0.0	0.0	0.0	0.0	0.0	0.0	0.0	0.0	0.0	0.0	0.0	0.0	144.55172413793105	0.0	0.33477697500000003	0.26635674	0.8907447900000001	18.60194	9.65958	-10.28524	387948.0	1775936897.792823	0.0	1.0	0.0	-1.0	-1.0	-1.0	1775936897.792823	closed-hand	Close	1	20260411_124810	Trigger
11409.795	23148.495	13545.585	10297.529999999999	0.0	0.0	0.0	0.0	0.0	0.0	0.0	0.0	0.0	0.0	0.0	0.0	0.0	0.0	144.55172413793105	0.0	0.328673475	0.27636648	0.899472795	22.111739999999998	11.32292	-9.17126	387949.0	1775936897.796804	0.0	1.0	0.0	-1.0	-1.0	-1.0	1775936897.796804	closed-hand	Close	1	20260411_124810	Trigger
19795.184999999998	18096.344999999998	21339.809999999998	17461.755	0.0	0.0	0.0	0.0	0.0	0.0	0.0	0.0	0.0	0.0	0.0	0.0	0.0	0.0	144.55172413793105	0.0	0.328673475	0.27636648	0.899472795	22.111739999999998	11.32292	-9.17126	387950.0	1775936897.796827	0.0	1.0	0.0	-1.0	-1.0	-1.0	1775936897.796827	closed-hand	Close	1	20260411_124810	Trigger
8392.815	3800.6099999999997	8698.725	7394.13	0.0	0.0	0.0	0.0	0.0	0.0	0.0	0.0	0.0	0.0	0.0	0.0	0.0	0.0	144.55172413793105	0.0	0.328673475	0.27636648	0.899472795	22.111739999999998	11.32292	-9.17126	387951.0	1775936897.800689	0.0	1.0	0.0	-1.0	-1.0	-1.0	1775936897.800689	closed-hand	Close	1	20260411_124810	Trigger
1445.6699999999998	-896.04	1383.12	1221.705	0.0	0.0	0.0	0.0	0.0	0.0	0.0	0.0	0.0	0.0	0.0	0.0	0.0	0.0	144.55172413793105	0.0	0.328673475	0.27636648	0.899472795	22.111739999999998	11.32292	-9.17126	387952.0	1775936897.800712	0.0	1.0	0.0	-1.0	-1.0	-1.0	1775936897.800712	closed-hand	Close	1	20260411_124810	Trigger
20608.739999999998	-7689.15	19443.285	16549.155	0.0	0.0	0.0	0.0	0.0	0.0	0.0	0.0	0.0	0.0	0.0	0.0	0.0	0.0	144.55172413793105	0.0	0.328673475	0.27636648	0.899472795	22.111739999999998	11.32292	-9.17126	387953.0	1775936897.807515	0.0	1.0	0.0	-1.0	-1.0	-1.0	1775936897.807515	closed-hand	Close	1	20260411_124810	Trigger
27283.454999999998	-3331.035	25661.655	20730.915	0.0	0.0	0.0	0.0	0.0	0.0	0.0	0.0	0.0	0.0	0.0	0.0	0.0	0.0	144.55172413793105	0.0	0.328673475	0.27636648	0.899472795	22.111739999999998	11.32292	-9.17126	387954.0	1775936897.807539	0.0	1.0	0.0	-1.0	-1.0	-1.0	1775936897.807539	closed-hand	Close	1	20260411_124810	Trigger
8801.73	1991.8799999999999	8312.445	6148.53	0.0	0.0	0.0	0.0	0.0	0.0	0.0	0.0	0.0	0.0	0.0	0.0	0.0	0.0	144.55172413793105	0.0	0.328673475	0.27636648	0.899472795	22.111739999999998	11.32292	-9.17126	387955.0	1775936897.811536	0.0	1.0	0.0	-1.0	-1.0	-1.0	1775936897.811536	closed-hand	Close	1	20260411_124810	Trigger
841.725	1881.0	1018.3499999999999	748.485	0.0	0.0	0.0	0.0	0.0	0.0	0.0	0.0	0.0	0.0	0.0	0.0	0.0	0.0	144.55172413793105	0.0	0.328673475	0.27636648	0.899472795	22.111739999999998	11.32292	-9.17126	387956.0	1775936897.811559	0.0	1.0	0.0	-1.0	-1.0	-1.0	1775936897.811559	closed-hand	Close	1	20260411_124810	Trigger
8204.535	18335.745	10064.07	7915.995	0.0	0.0	0.0	0.0	0.0	0.0	0.0	0.0	0.0	0.0	0.0	0.0	0.0	0.0	144.55172413793105	0.0	0.328673475	0.27636648	0.899472795	22.111739999999998	11.32292	-9.17126	387957.0	1775936897.814337	0.0	1.0	0.0	-1.0	-1.0	-1.0	1775936897.814337	closed-hand	Close	1	20260411_124810	Trigger
18527.175	21470.489999999998	20577.735	17171.28	0.0	0.0	0.0	0.0	0.0	0.0	0.0	0.0	0.0	0.0	0.0	0.0	0.0	0.0	144.55172413793105	0.0	0.328673475	0.27636648	0.899472795	22.111739999999998	11.32292	-9.17126	387958.0	1775936897.81436	0.0	1.0	0.0	-1.0	-1.0	-1.0	1775936897.81436	closed-hand	Close	1	20260411_124810	Trigger
13987.529999999999	7311.42	14657.31	12678.525	0.0	0.0	0.0	0.0	0.0	0.0	0.0	0.0	0.0	0.0	0.0	0.0	0.0	0.0	144.55172413793105	0.0	0.321349275	0.2856438	0.896298975	20.72308	16.26716	-13.3525	387959.0	1775936897.819684	0.0	1.0	0.0	-1.0	-1.0	-1.0	1775936897.819684	closed-hand	Close	1	20260411_124810	Trigger
993.51	-14.49	1002.1949999999999	879.93	0.0	0.0	0.0	0.0	0.0	0.0	0.0	0.0	0.0	0.0	0.0	0.0	0.0	0.0	144.55172413793105	0.0	0.321349275	0.2856438	0.896298975	20.72308	16.26716	-13.3525	387960.0	1775936897.819707	0.0	1.0	0.0	-1.0	-1.0	-1.0	1775936897.819707	closed-hand	Close	1	20260411_124810	Trigger
13426.56	-5549.58	12775.005	9819.359999999999	0.0	0.0	0.0	0.0	0.0	0.0	0.0	0.0	0.0	0.0	0.0	0.0	0.0	0.0	144.55172413793105	0.0	0.321349275	0.2856438	0.896298975	20.72308	16.26716	-13.3525	387961.0	1775936897.823554	0.0	1.0	0.0	-1.0	-1.0	-1.0	1775936897.823554	closed-hand	Close	1	20260411_124810	Trigger
28929.51	-5215.275	27397.26	19284.704999999998	0.0	0.0	0.0	0.0	0.0	0.0	0.0	0.0	0.0	0.0	0.0	0.0	0.0	0.0	144.55172413793105	0.0	0.321349275	0.2856438	0.896298975	20.72308	16.26716	-13.3525	387962.0	1775936897.823577	0.0	1.0	0.0	-1.0	-1.0	-1.0	1775936897.823577	closed-hand	Close	1	20260411_124810	Trigger
14320.08	2497.995	13681.8	8305.154999999999	0.0	0.0	0.0	0.0	0.0	0.0	0.0	0.0	0.0	0.0	0.0	0.0	0.0	0.0	144.55172413793105	0.0	0.321349275	0.2856438	0.896298975	20.72308	16.26716	-13.3525	387963.0	1775936897.826225	0.0	1.0	0.0	-1.0	-1.0	-1.0	1775936897.826225	closed-hand	Close	1	20260411_124810	Trigger
1047.915	852.885	1050.21	515.6999999999999	0.0	0.0	0.0	0.0	0.0	0.0	0.0	0.0	0.0	0.0	0.0	0.0	0.0	0.0	144.55172413793105	0.0	0.321349275	0.2856438	0.896298975	20.72308	16.26716	-13.3525	387964.0	1775936897.826248	0.0	1.0	0.0	-1.0	-1.0	-1.0	1775936897.826248	closed-hand	Close	1	20260411_124810	Trigger
4715.28	12044.07	6053.535	4100.58	0.0	0.0	0.0	0.0	0.0	0.0	0.0	0.0	0.0	0.0	0.0	0.0	0.0	0.0	144.55172413793105	0.0	0.321349275	0.2856438	0.896298975	20.72308	16.26716	-13.3525	387965.0	1775936897.830168	0.0	1.0	0.0	-1.0	-1.0	-1.0	1775936897.830168	closed-hand	Close	1	20260411_124810	Trigger
15435.855	23021.01	17842.005	13355.685	0.0	0.0	0.0	0.0	0.0	0.0	0.0	0.0	0.0	0.0	0.0	0.0	0.0	0.0	144.55172413793105	0.0	0.321349275	0.2856438	0.896298975	20.72308	16.26716	-13.3525	387966.0	1775936897.830192	0.0	1.0	0.0	-1.0	-1.0	-1.0	1775936897.830192	closed-hand	Close	1	20260411_124810	Trigger
18096.885	11233.215	19224.989999999998	15508.484999999999	0.0	0.0	0.0	0.0	0.0	0.0	0.0	0.0	0.0	0.0	0.0	0.0	0.0	0.0	144.55172413793105	0.0	0.321349275	0.2856438	0.896298975	20.72308	16.26716	-13.3525	387967.0	1775936897.832866	0.0	1.0	0.0	-1.0	-1.0	-1.0	1775936897.832866	closed-hand	Close	1	20260411_124810	Trigger
2907.225	902.655	2992.68	2499.93	0.0	0.0	0.0	0.0	0.0	0.0	0.0	0.0	0.0	0.0	0.0	0.0	0.0	0.0	144.55172413793105	0.0	0.321349275	0.2856438	0.896298975	20.72308	16.26716	-13.3525	387968.0	1775936897.832889	0.0	1.0	0.0	-1.0	-1.0	-1.0	1775936897.832889	closed-hand	Close	1	20260411_124810	Trigger
6005.34	-2933.19	5766.12	4375.125	0.0	0.0	0.0	0.0	0.0	0.0	0.0	0.0	0.0	0.0	0.0	0.0	0.0	0.0	144.55172413793105	0.0	0.32116617000000003	0.2954094	0.8807960850000001	12.253779999999999	26.49136	-13.291459999999999	387969.0	1775936897.836786	0.0	1.0	0.0	-1.0	-1.0	-1.0	1775936897.836786	closed-hand	Close	1	20260411_124810	Trigger
27130.905	-7495.38	25903.98	17986.86	0.0	0.0	0.0	0.0	0.0	0.0	0.0	0.0	0.0	0.0	0.0	0.0	0.0	0.0	144.55172413793105	0.0	0.32116617000000003	0.2954094	0.8807960850000001	12.253779999999999	26.49136	-13.291459999999999	387970.0	1775936897.836817	0.0	1.0	0.0	-1.0	-1.0	-1.0	1775936897.836817	closed-hand	Close	1	20260411_124810	Trigger
20405.969999999998	887.625	19563.344999999998	11609.595	0.0	0.0	0.0	0.0	0.0	0.0	0.0	0.0	0.0	0.0	0.0	0.0	0.0	0.0	144.55172413793105	0.0	0.32116617000000003	0.2954094	0.8807960850000001	12.253779999999999	26.49136	-13.291459999999999	387971.0	1775936897.840908	0.0	1.0	0.0	-1.0	-1.0	-1.0	1775936897.840908	closed-hand	Close	1	20260411_124810	Trigger
3106.305	1323.6299999999999	3012.66	1386.945	0.0	0.0	0.0	0.0	0.0	0.0	0.0	0.0	0.0	0.0	0.0	0.0	0.0	0.0	144.55172413793105	0.0	0.32116617000000003	0.2954094	0.8807960850000001	12.253779999999999	26.49136	-13.291459999999999	387972.0	1775936897.840942	0.0	1.0	0.0	-1.0	-1.0	-1.0	1775936897.840942	closed-hand	Close	1	20260411_124810	Trigger
2296.305	6304.545	2947.5899999999997	1657.98	0.0	0.0	0.0	0.0	0.0	0.0	0.0	0.0	0.0	0.0	0.0	0.0	0.0	0.0	144.55172413793105	0.0	0.32116617000000003	0.2954094	0.8807960850000001	12.253779999999999	26.49136	-13.291459999999999	387973.0	1775936897.844865	0.0	1.0	0.0	-1.0	-1.0	-1.0	1775936897.844865	closed-hand	Close	1	20260411_124810	Trigger
11849.31	23180.895	14127.705	9228.105	0.0	0.0	0.0	0.0	0.0	0.0	0.0	0.0	0.0	0.0	0.0	0.0	0.0	0.0	144.55172413793105	0.0	0.32116617000000003	0.2954094	0.8807960850000001	12.253779999999999	26.49136	-13.291459999999999	387974.0	1775936897.844889	0.0	1.0	0.0	-1.0	-1.0	-1.0	1775936897.844889	closed-hand	Close	1	20260411_124810	Trigger
19466.145	16337.34	21089.745	15914.205	0.0	0.0	0.0	0.0	0.0	0.0	0.0	0.0	0.0	0.0	0.0	0.0	0.0	0.0	144.55172413793105	0.0	0.32116617000000003	0.2954094	0.8807960850000001	12.253779999999999	26.49136	-13.291459999999999	387975.0	1775936897.849036	0.0	1.0	0.0	-1.0	-1.0	-1.0	1775936897.849036	closed-hand	Close	1	20260411_124810	Trigger
7102.3949999999995	2903.895	7405.245	5950.17	0.0	0.0	0.0	0.0	0.0	0.0	0.0	0.0	0.0	0.0	0.0	0.0	0.0	0.0	144.55172413793105	0.0	0.32116617000000003	0.2954094	0.8807960850000001	12.253779999999999	26.49136	-13.291459999999999	387976.0	1775936897.849059	0.0	1.0	0.0	-1.0	-1.0	-1.0	1775936897.849059	closed-hand	Close	1	20260411_124810	Trigger
2035.8899999999999	-1237.815	1952.9099999999999	1669.4099999999999	0.0	0.0	0.0	0.0	0.0	0.0	0.0	0.0	0.0	0.0	0.0	0.0	0.0	0.0	144.55172413793105	0.0	0.32116617000000003	0.2954094	0.8807960850000001	12.253779999999999	26.49136	-13.291459999999999	387977.0	1775936897.853033	0.0	1.0	0.0	-1.0	-1.0	-1.0	1775936897.853033	closed-hand	Close	1	20260411_124810	Trigger
22285.035	-8147.79	21158.01	17152.245	0.0	0.0	0.0	0.0	0.0	0.0	0.0	0.0	0.0	0.0	0.0	0.0	0.0	0.0	144.55172413793105	0.0	0.32116617000000003	0.2954094	0.8807960850000001	12.253779999999999	26.49136	-13.291459999999999	387978.0	1775936897.853061	0.0	1.0	0.0	-1.0	-1.0	-1.0	1775936897.853061	closed-hand	Close	1	20260411_124810	Trigger
26009.55	-2690.775	24641.46	18463.77	0.0	0.0	0.0	0.0	0.0	0.0	0.0	0.0	0.0	0.0	0.0	0.0	0.0	0.0	144.55172413793105	0.0	0.316100265	0.30139083	0.887754075	12.681059999999999	29.74174	-15.12266	387979.0	1775936897.856901	0.0	1.0	0.0	-1.0	-1.0	-1.0	1775936897.856901	closed-hand	Close	1	20260411_124810	Trigger
7359.795	1849.995	7030.215	4645.349999999999	0.0	0.0	0.0	0.0	0.0	0.0	0.0	0.0	0.0	0.0	0.0	0.0	0.0	0.0	144.55172413793105	0.0	0.316100265	0.30139083	0.887754075	12.681059999999999	29.74174	-15.12266	387980.0	1775936897.856927	0.0	1.0	0.0	-1.0	-1.0	-1.0	1775936897.856927	closed-hand	Close	1	20260411_124810	Trigger
949.77	2496.69	1199.655	792.135	0.0	0.0	0.0	0.0	0.0	0.0	0.0	0.0	0.0	0.0	0.0	0.0	0.0	0.0	144.55172413793105	0.0	0.316100265	0.30139083	0.887754075	12.681059999999999	29.74174	-15.12266	387981.0	1775936897.860944	0.0	1.0	0.0	-1.0	-1.0	-1.0	1775936897.860944	closed-hand	Close	1	20260411_124810	Trigger
8801.46	20081.295	10775.34	7805.969999999999	0.0	0.0	0.0	0.0	0.0	0.0	0.0	0.0	0.0	0.0	0.0	0.0	0.0	0.0	144.55172413793105	0.0	0.316100265	0.30139083	0.887754075	12.681059999999999	29.74174	-15.12266	387982.0	1775936897.860969	0.0	1.0	0.0	-1.0	-1.0	-1.0	1775936897.860969	closed-hand	Close	1	20260411_124810	Trigger
18792.315	21067.02	20731.32	16438.635	0.0	0.0	0.0	0.0	0.0	0.0	0.0	0.0	0.0	0.0	0.0	0.0	0.0	0.0	144.55172413793105	0.0	0.316100265	0.30139083	0.887754075	12.681059999999999	29.74174	-15.12266	387983.0	1775936897.864944	0.0	1.0	0.0	-1.0	-1.0	-1.0	1775936897.864944	closed-hand	Close	1	20260411_124810	Trigger
12622.68	6515.82	13201.47	11015.234999999999	0.0	0.0	0.0	0.0	0.0	0.0	0.0	0.0	0.0	0.0	0.0	0.0	0.0	0.0	144.55172413793105	0.0	0.316100265	0.30139083	0.887754075	12.681059999999999	29.74174	-15.12266	387984.0	1775936897.864969	0.0	1.0	0.0	-1.0	-1.0	-1.0	1775936897.864969	closed-hand	Close	1	20260411_124810	Trigger
848.2049999999999	-188.595	843.885	738.27	0.0	0.0	0.0	0.0	0.0	0.0	0.0	0.0	0.0	0.0	0.0	0.0	0.0	0.0	144.55172413793105	0.0	0.316100265	0.30139083	0.887754075	12.681059999999999	29.74174	-15.12266	387985.0	1775936897.868916	0.0	1.0	0.0	-1.0	-1.0	-1.0	1775936897.868916	closed-hand	Close	1	20260411_124810	Trigger
14979.734999999999	-6281.099999999999	14211.72	12134.07	0.0	0.0	0.0	0.0	0.0	0.0	0.0	0.0	0.0	0.0	0.0	0.0	0.0	0.0	144.55172413793105	0.0	0.316100265	0.30139083	0.887754075	12.681059999999999	29.74174	-15.12266	387986.0	1775936897.86894	0.0	1.0	0.0	-1.0	-1.0	-1.0	1775936897.86894	closed-hand	Close	1	20260411_124810	Trigger
29038.454999999998	-5474.969999999999	27406.664999999997	22231.26	0.0	0.0	0.0	0.0	0.0	0.0	0.0	0.0	0.0	0.0	0.0	0.0	0.0	0.0	144.55172413793105	0.0	0.316100265	0.30139083	0.887754075	12.681059999999999	29.74174	-15.12266	387987.0	1775936897.873005	0.0	1.0	0.0	-1.0	-1.0	-1.0	1775936897.873005	closed-hand	Close	1	20260411_124810	Trigger
13240.17	2018.475	12566.654999999999	9381.15	0.0	0.0	0.0	0.0	0.0	0.0	0.0	0.0	0.0	0.0	0.0	0.0	0.0	0.0	144.55172413793105	0.0	0.316100265	0.30139083	0.887754075	12.681059999999999	29.74174	-15.12266	387988.0	1775936897.873033	0.0	1.0	0.0	-1.0	-1.0	-1.0	1775936897.873033	closed-hand	Close	1	20260411_124810	Trigger
901.0799999999999	949.41	929.0699999999999	628.245	0.0	0.0	0.0	0.0	0.0	0.0	0.0	0.0	0.0	0.0	0.0	0.0	0.0	0.0	144.55172413793105	0.0	0.309386415	0.290587635	0.9204078	13.642439999999999	19.34968	-16.19086	387989.0	1775936897.877029	0.0	1.0	0.0	-1.0	-1.0	-1.0	1775936897.877029	closed-hand	Close	1	20260411_124810	Trigger
5631.66	14251.41	7061.67	5338.485	0.0	0.0	0.0	0.0	0.0	0.0	0.0	0.0	0.0	0.0	0.0	0.0	0.0	0.0	144.55172413793105	0.0	0.309386415	0.290587635	0.9204078	13.642439999999999	19.34968	-16.19086	387990.0	1775936897.877052	0.0	1.0	0.0	-1.0	-1.0	-1.0	1775936897.877052	closed-hand	Close	1	20260411_124810	Trigger
16396.695	24037.335	18611.37	15054.93	0.0	0.0	0.0	0.0	0.0	0.0	0.0	0.0	0.0	0.0	0.0	0.0	0.0	0.0	144.55172413793105	0.0	0.309386415	0.290587635	0.9204078	13.642439999999999	19.34968	-16.19086	387991.0	1775936897.881026	0.0	1.0	0.0	-1.0	-1.0	-1.0	1775936897.881026	closed-hand	Close	1	20260411_124810	Trigger
17353.17	11165.31	18318.735	15561.539999999999	0.0	0.0	0.0	0.0	0.0	0.0	0.0	0.0	0.0	0.0	0.0	0.0	0.0	0.0	144.55172413793105	0.0	0.309386415	0.290587635	0.9204078	13.642439999999999	19.34968	-16.19086	387992.0	1775936897.88105	0.0	1.0	0.0	-1.0	-1.0	-1.0	1775936897.88105	closed-hand	Close	1	20260411_124810	Trigger
2243.43	749.745	2300.805	1999.935	0.0	0.0	0.0	0.0	0.0	0.0	0.0	0.0	0.0	0.0	0.0	0.0	0.0	0.0	144.55172413793105	0.0	0.309386415	0.290587635	0.9204078	13.642439999999999	19.34968	-16.19086	387993.0	1775936897.885437	0.0	1.0	0.0	-1.0	-1.0	-1.0	1775936897.885437	closed-hand	Close	1	20260411_124810	Trigger
7745.8949999999995	-3682.71	7365.825	6467.759999999999	0.0	0.0	0.0	0.0	0.0	0.0	0.0	0.0	0.0	0.0	0.0	0.0	0.0	0.0	144.55172413793105	0.0	0.309386415	0.290587635	0.9204078	13.642439999999999	19.34968	-16.19086	387994.0	1775936897.885467	0.0	1.0	0.0	-1.0	-1.0	-1.0	1775936897.885467	closed-hand	Close	1	20260411_124810	Trigger
28624.635	-7551.179999999999	27022.004999999997	22836.645	0.0	0.0	0.0	0.0	0.0	0.0	0.0	0.0	0.0	0.0	0.0	0.0	0.0	0.0	144.55172413793105	0.0	0.309386415	0.290587635	0.9204078	13.642439999999999	19.34968	-16.19086	387995.0	1775936897.889034	0.0	1.0	0.0	-1.0	-1.0	-1.0	1775936897.889034	closed-hand	Close	1	20260411_124810	Trigger
19541.07	1021.0949999999999	18519.12	14688.855	0.0	0.0	0.0	0.0	0.0	0.0	0.0	0.0	0.0	0.0	0.0	0.0	0.0	0.0	144.55172413793105	0.0	0.309386415	0.290587635	0.9204078	13.642439999999999	19.34968	-16.19086	387996.0	1775936897.889078	0.0	1.0	0.0	-1.0	-1.0	-1.0	1775936897.889078	closed-hand	Close	1	20260411_124810	Trigger
2530.17	1083.06	2419.47	1764.0	0.0	0.0	0.0	0.0	0.0	0.0	0.0	0.0	0.0	0.0	0.0	0.0	0.0	0.0	144.55172413793105	0.0	0.309386415	0.290587635	0.9204078	13.642439999999999	19.34968	-16.19086	387997.0	1775936897.893062	0.0	1.0	0.0	-1.0	-1.0	-1.0	1775936897.893062	closed-hand	Close	1	20260411_124810	Trigger
3119.67	8151.84	3884.535	2980.5299999999997	0.0	0.0	0.0	0.0	0.0	0.0	0.0	0.0	0.0	0.0	0.0	0.0	0.0	0.0	144.55172413793105	0.0	0.309386415	0.290587635	0.9204078	13.642439999999999	19.34968	-16.19086	387998.0	1775936897.893095	0.0	1.0	0.0	-1.0	-1.0	-1.0	1775936897.893095	closed-hand	Close	1	20260411_124810	Trigger
13294.71	24673.545	15583.23	12681.404999999999	0.0	0.0	0.0	0.0	0.0	0.0	0.0	0.0	0.0	0.0	0.0	0.0	0.0	0.0	144.55172413793105	0.0	0.311583675	0.290221425	0.94982667	32.99212	15.45838	-15.565199999999999	387999.0	1775936897.8971	0.0	1.0	0.0	-1.0	-1.0	-1.0	1775936897.8971	closed-hand	Close	1	20260411_124810	Trigger
19764.585	16164.18	21251.745	18197.774999999998	0.0	0.0	0.0	0.0	0.0	0.0	0.0	0.0	0.0	0.0	0.0	0.0	0.0	0.0	144.55172413793105	0.0	0.311583675	0.290221425	0.94982667	32.99212	15.45838	-15.565199999999999	388000.0	1775936897.897129	0.0	1.0	0.0	-1.0	-1.0	-1.0	1775936897.897129	closed-hand	Close	1	20260411_124810	Trigger
5917.005	2521.305	6134.94	5385.465	0.0	0.0	0.0	0.0	0.0	0.0	0.0	0.0	0.0	0.0	0.0	0.0	0.0	0.0	144.55172413793105	0.0	0.311583675	0.290221425	0.94982667	32.99212	15.45838	-15.565199999999999	388001.0	1775936897.900971	0.0	1.0	0.0	-1.0	-1.0	-1.0	1775936897.900971	closed-hand	Close	1	20260411_124810	Trigger
2852.1	-1595.2949999999998	2723.085	2428.56	0.0	0.0	0.0	0.0	0.0	0.0	0.0	0.0	0.0	0.0	0.0	0.0	0.0	0.0	144.55172413793105	0.0	0.311583675	0.290221425	0.94982667	32.99212	15.45838	-15.565199999999999	388002.0	1775936897.900994	0.0	1.0	0.0	-1.0	-1.0	-1.0	1775936897.900994	closed-hand	Close	1	20260411_124810	Trigger
24187.454999999998	-7940.429999999999	22874.175	19743.03	0.0	0.0	0.0	0.0	0.0	0.0	0.0	0.0	0.0	0.0	0.0	0.0	0.0	0.0	144.55172413793105	0.0	0.311583675	0.290221425	0.94982667	32.99212	15.45838	-15.565199999999999	388003.0	1775936897.905123	0.0	1.0	0.0	-1.0	-1.0	-1.0	1775936897.905123	closed-hand	Close	1	20260411_124810	Trigger
25201.395	-1276.5149999999999	23806.125	19586.43	0.0	0.0	0.0	0.0	0.0	0.0	0.0	0.0	0.0	0.0	0.0	0.0	0.0	0.0	144.55172413793105	0.0	0.311583675	0.290221425	0.94982667	32.99212	15.45838	-15.565199999999999	388004.0	1775936897.905147	0.0	1.0	0.0	-1.0	-1.0	-1.0	1775936897.905147	closed-hand	Close	1	20260411_124810	Trigger
6303.825	1970.46	5993.639999999999	4599.99	0.0	0.0	0.0	0.0	0.0	0.0	0.0	0.0	0.0	0.0	0.0	0.0	0.0	0.0	144.55172413793105	0.0	0.311583675	0.290221425	0.94982667	32.99212	15.45838	-15.565199999999999	388005.0	1775936897.911938	0.0	1.0	0.0	-1.0	-1.0	-1.0	1775936897.911938	closed-hand	Close	1	20260411_124810	Trigger
1245.06	3391.83	1577.07	1206.6299999999999	0.0	0.0	0.0	0.0	0.0	0.0	0.0	0.0	0.0	0.0	0.0	0.0	0.0	0.0	144.55172413793105	0.0	0.311583675	0.290221425	0.94982667	32.99212	15.45838	-15.565199999999999	388006.0	1775936897.911961	0.0	1.0	0.0	-1.0	-1.0	-1.0	1775936897.911961	closed-hand	Close	1	20260411_124810	Trigger
9904.275	21828.96	11971.35	9666.9	0.0	0.0	0.0	0.0	0.0	0.0	0.0	0.0	0.0	0.0	0.0	0.0	0.0	0.0	144.55172413793105	0.0	0.311583675	0.290221425	0.94982667	32.99212	15.45838	-15.565199999999999	388007.0	1775936897.914388	0.0	1.0	0.0	-1.0	-1.0	-1.0	1775936897.914388	closed-hand	Close	1	20260411_124810	Trigger
19485.135	20705.67	21323.204999999998	18168.975	0.0	0.0	0.0	0.0	0.0	0.0	0.0	0.0	0.0	0.0	0.0	0.0	0.0	0.0	144.55172413793105	0.0	0.311583675	0.290221425	0.94982667	32.99212	15.45838	-15.565199999999999	388008.0	1775936897.914418	0.0	1.0	0.0	-1.0	-1.0	-1.0	1775936897.914418	closed-hand	Close	1	20260411_124810	Trigger
11290.635	5809.455	11802.24	10339.56	0.0	0.0	0.0	0.0	0.0	0.0	0.0	0.0	0.0	0.0	0.0	0.0	0.0	0.0	144.55172413793105	0.0	0.32543862	0.299376675	0.950864265	37.1581	6.9890799999999995	-12.65054	388009.0	1775936897.918627	0.0	1.0	0.0	-1.0	-1.0	-1.0	1775936897.918627	closed-hand	Close	1	20260411_124810	Trigger
1095.6599999999999	-433.89	1078.065	787.005	0.0	0.0	0.0	0.0	0.0	0.0	0.0	0.0	0.0	0.0	0.0	0.0	0.0	0.0	144.55172413793105	0.0	0.32543862	0.299376675	0.950864265	37.1581	6.9890799999999995	-12.65054	388010.0	1775936897.91865	0.0	1.0	0.0	-1.0	-1.0	-1.0	1775936897.91865	closed-hand	Close	1	20260411_124810	Trigger
17423.28	-4938.12	16803.225	9048.465	0.0	0.0	0.0	0.0	0.0	0.0	0.0	0.0	0.0	0.0	0.0	0.0	0.0	0.0	144.55172413793105	0.0	0.32543862	0.299376675	0.950864265	37.1581	6.9890799999999995	-12.65054	388011.0	1775936897.922396	0.0	1.0	0.0	-1.0	-1.0	-1.0	1775936897.922396	closed-hand	Close	1	20260411_124810	Trigger
26845.605	-189.45	25924.68	10688.49	0.0	0.0	0.0	0.0	0.0	0.0	0.0	0.0	0.0	0.0	0.0	0.0	0.0	0.0	144.55172413793105	0.0	0.32543862	0.299376675	0.950864265	37.1581	6.9890799999999995	-12.65054	388012.0	1775936897.922419	0.0	1.0	0.0	-1.0	-1.0	-1.0	1775936897.922419	closed-hand	Close	1	20260411_124810	Trigger
10534.455	4514.625	10300.59	2163.285	0.0	0.0	0.0	0.0	0.0	0.0	0.0	0.0	0.0	0.0	0.0	0.0	0.0	0.0	144.55172413793105	0.0	0.32543862	0.299376675	0.950864265	37.1581	6.9890799999999995	-12.65054	388013.0	1775936897.925168	0.0	1.0	0.0	-1.0	-1.0	-1.0	1775936897.925168	closed-hand	Close	1	20260411_124810	Trigger
731.88	1302.7949999999998	837.045	75.91499999999999	0.0	0.0	0.0	0.0	0.0	0.0	0.0	0.0	0.0	0.0	0.0	0.0	0.0	0.0	144.55172413793105	0.0	0.32543862	0.299376675	0.950864265	37.1581	6.9890799999999995	-12.65054	388014.0	1775936897.925191	0.0	1.0	0.0	-1.0	-1.0	-1.0	1775936897.925191	closed-hand	Close	1	20260411_124810	Trigger
6248.655	14991.39	7972.65	3251.3849999999998	0.0	0.0	0.0	0.0	0.0	0.0	0.0	0.0	0.0	0.0	0.0	0.0	0.0	0.0	144.55172413793105	0.0	0.32543862	0.299376675	0.950864265	37.1581	6.9890799999999995	-12.65054	388015.0	1775936897.929148	0.0	1.0	0.0	-1.0	-1.0	-1.0	1775936897.929148	closed-hand	Close	1	20260411_124810	Trigger
16477.2	20671.335	18863.954999999998	10993.185	0.0	0.0	0.0	0.0	0.0	0.0	0.0	0.0	0.0	0.0	0.0	0.0	0.0	0.0	144.55172413793105	0.0	0.32543862	0.299376675	0.950864265	37.1581	6.9890799999999995	-12.65054	388016.0	1775936897.929171	0.0	1.0	0.0	-1.0	-1.0	-1.0	1775936897.929171	closed-hand	Close	1	20260411_124810	Trigger
15752.115	7969.679999999999	16761.735	11553.795	0.0	0.0	0.0	0.0	0.0	0.0	0.0	0.0	0.0	0.0	0.0	0.0	0.0	0.0	144.55172413793105	0.0	0.32543862	0.299376675	0.950864265	37.1581	6.9890799999999995	-12.65054	388017.0	1775936897.935648	0.0	1.0	0.0	-1.0	-1.0	-1.0	1775936897.935648	closed-hand	Close	1	20260411_124810	Trigger
1584.675	299.61	1631.5649999999998	1205.595	0.0	0.0	0.0	0.0	0.0	0.0	0.0	0.0	0.0	0.0	0.0	0.0	0.0	0.0	144.55172413793105	0.0	0.32543862	0.299376675	0.950864265	37.1581	6.9890799999999995	-12.65054	388018.0	1775936897.935671	0.0	1.0	0.0	-1.0	-1.0	-1.0	1775936897.935671	closed-hand	Close	1	20260411_124810	Trigger
9345.555	-4739.715	8925.57	7066.62	0.0	0.0	0.0	0.0	0.0	0.0	0.0	0.0	0.0	0.0	0.0	0.0	0.0	0.0	144.55172413793105	0.0	0.341002545	0.32006754	0.938291055	37.75324	3.67766	-12.604759999999999	388019.0	1775936897.937059	0.0	1.0	0.0	-1.0	-1.0	-1.0	1775936897.937059	closed-hand	Close	1	20260411_124810	Trigger
28763.46	-8541.045	27347.355	20056.32	0.0	0.0	0.0	0.0	0.0	0.0	0.0	0.0	0.0	0.0	0.0	0.0	0.0	0.0	144.55172413793105	0.0	0.341002545	0.32006754	0.938291055	37.75324	3.67766	-12.604759999999999	388020.0	1775936897.937082	0.0	1.0	0.0	-1.0	-1.0	-1.0	1775936897.937082	closed-hand	Close	1	20260411_124810	Trigger
17675.055	222.885	16947.809999999998	10849.365	0.0	0.0	0.0	0.0	0.0	0.0	0.0	0.0	0.0	0.0	0.0	0.0	0.0	0.0	144.55172413793105	0.0	0.341002545	0.32006754	0.938291055	37.75324	3.67766	-12.604759999999999	388021.0	1775936897.94118	0.0	1.0	0.0	-1.0	-1.0	-1.0	1775936897.94118	closed-hand	Close	1	20260411_124810	Trigger
1888.245	773.9549999999999	1841.49	961.3349999999999	0.0	0.0	0.0	0.0	0.0	0.0	0.0	0.0	0.0	0.0	0.0	0.0	0.0	0.0	144.55172413793105	0.0	0.341002545	0.32006754	0.938291055	37.75324	3.67766	-12.604759999999999	388022.0	1775936897.941203	0.0	1.0	0.0	-1.0	-1.0	-1.0	1775936897.941203	closed-hand	Close	1	20260411_124810	Trigger
3618.4049999999997	9518.58	4608.675	2870.0099999999998	0.0	0.0	0.0	0.0	0.0	0.0	0.0	0.0	0.0	0.0	0.0	0.0	0.0	0.0	144.55172413793105	0.0	0.341002545	0.32006754	0.938291055	37.75324	3.67766	-12.604759999999999	388023.0	1775936897.94515	0.0	1.0	0.0	-1.0	-1.0	-1.0	1775936897.94515	closed-hand	Close	1	20260411_124810	Trigger
13900.05	23938.379999999997	16242.345	11400.48	0.0	0.0	0.0	0.0	0.0	0.0	0.0	0.0	0.0	0.0	0.0	0.0	0.0	0.0	144.55172413793105	0.0	0.341002545	0.32006754	0.938291055	37.75324	3.67766	-12.604759999999999	388024.0	1775936897.945173	0.0	1.0	0.0	-1.0	-1.0	-1.0	1775936897.945173	closed-hand	Close	1	20260411_124810	Trigger
19283.085	14041.71	20612.745	16029.675	0.0	0.0	0.0	0.0	0.0	0.0	0.0	0.0	0.0	0.0	0.0	0.0	0.0	0.0	144.55172413793105	0.0	0.341002545	0.32006754	0.938291055	37.75324	3.67766	-12.604759999999999	388025.0	1775936897.94919	0.0	1.0	0.0	-1.0	-1.0	-1.0	1775936897.94919	closed-hand	Close	1	20260411_124810	Trigger
4691.025	1759.77	4849.245	3947.58	0.0	0.0	0.0	0.0	0.0	0.0	0.0	0.0	0.0	0.0	0.0	0.0	0.0	0.0	144.55172413793105	0.0	0.341002545	0.32006754	0.938291055	37.75324	3.67766	-12.604759999999999	388026.0	1775936897.949213	0.0	1.0	0.0	-1.0	-1.0	-1.0	1775936897.949213	closed-hand	Close	1	20260411_124810	Trigger
3819.4649999999997	-2085.5699999999997	3653.595	3098.835	0.0	0.0	0.0	0.0	0.0	0.0	0.0	0.0	0.0	0.0	0.0	0.0	0.0	0.0	144.55172413793105	0.0	0.341002545	0.32006754	0.938291055	37.75324	3.67766	-12.604759999999999	388027.0	1775936897.953126	0.0	1.0	0.0	-1.0	-1.0	-1.0	1775936897.953126	closed-hand	Close	1	20260411_124810	Trigger
25557.75	-8347.77	24204.059999999998	19498.68	0.0	0.0	0.0	0.0	0.0	0.0	0.0	0.0	0.0	0.0	0.0	0.0	0.0	0.0	144.55172413793105	0.0	0.341002545	0.32006754	0.938291055	37.75324	3.67766	-12.604759999999999	388028.0	1775936897.953149	0.0	1.0	0.0	-1.0	-1.0	-1.0	1775936897.953149	closed-hand	Close	1	20260411_124810	Trigger
23691.42	-944.4599999999999	22425.84	16618.545	0.0	0.0	0.0	0.0	0.0	0.0	0.0	0.0	0.0	0.0	0.0	0.0	0.0	0.0	144.55172413793105	0.0	0.34435947	0.337096305	0.9240699	31.19144	-5.5393799999999995	-14.481739999999999	388029.0	1775936897.957196	0.0	1.0	0.0	-1.0	-1.0	-1.0	1775936897.957196	closed-hand	Close	1	20260411_124810	Trigger
5048.28	1612.26	4822.695	3150.495	0.0	0.0	0.0	0.0	0.0	0.0	0.0	0.0	0.0	0.0	0.0	0.0	0.0	0.0	144.55172413793105	0.0	0.34435947	0.337096305	0.9240699	31.19144	-5.5393799999999995	-14.481739999999999	388030.0	1775936897.957218	0.0	1.0	0.0	-1.0	-1.0	-1.0	1775936897.957218	closed-hand	Close	1	20260411_124810	Trigger
1617.12	4370.58	2041.605	1388.115	0.0	0.0	0.0	0.0	0.0	0.0	0.0	0.0	0.0	0.0	0.0	0.0	0.0	0.0	144.55172413793105	0.0	0.34435947	0.337096305	0.9240699	31.19144	-5.5393799999999995	-14.481739999999999	388031.0	1775936897.961178	0.0	1.0	0.0	-1.0	-1.0	-1.0	1775936897.961178	closed-hand	Close	1	20260411_124810	Trigger
10760.22	22537.934999999998	12892.05	9525.779999999999	0.0	0.0	0.0	0.0	0.0	0.0	0.0	0.0	0.0	0.0	0.0	0.0	0.0	0.0	144.55172413793105	0.0	0.34435947	0.337096305	0.9240699	31.19144	-5.5393799999999995	-14.481739999999999	388032.0	1775936897.9612	0.0	1.0	0.0	-1.0	-1.0	-1.0	1775936897.9612	closed-hand	Close	1	20260411_124810	Trigger
19632.059999999998	19018.485	21426.66	17329.68	0.0	0.0	0.0	0.0	0.0	0.0	0.0	0.0	0.0	0.0	0.0	0.0	0.0	0.0	144.55172413793105	0.0	0.34435947	0.337096305	0.9240699	31.19144	-5.5393799999999995	-14.481739999999999	388033.0	1775936897.965177	0.0	1.0	0.0	-1.0	-1.0	-1.0	1775936897.965177	closed-hand	Close	1	20260411_124810	Trigger
9726.84	4561.11	10148.085	8561.835	0.0	0.0	0.0	0.0	0.0	0.0	0.0	0.0	0.0	0.0	0.0	0.0	0.0	0.0	144.55172413793105	0.0	0.34435947	0.337096305	0.9240699	31.19144	-5.5393799999999995	-14.481739999999999	388034.0	1775936897.965202	0.0	1.0	0.0	-1.0	-1.0	-1.0	1775936897.965202	closed-hand	Close	1	20260411_124810	Trigger
1154.07	-664.515	1115.9099999999999	976.05	0.0	0.0	0.0	0.0	0.0	0.0	0.0	0.0	0.0	0.0	0.0	0.0	0.0	0.0	144.55172413793105	0.0	0.34435947	0.337096305	0.9240699	31.19144	-5.5393799999999995	-14.481739999999999	388035.0	1775936897.969252	0.0	1.0	0.0	-1.0	-1.0	-1.0	1775936897.969252	closed-hand	Close	1	20260411_124810	Trigger
19101.735	-7133.13	18148.364999999998	15208.83	0.0	0.0	0.0	0.0	0.0	0.0	0.0	0.0	0.0	0.0	0.0	0.0	0.0	0.0	144.55172413793105	0.0	0.34435947	0.337096305	0.9240699	31.19144	-5.5393799999999995	-14.481739999999999	388036.0	1775936897.969276	0.0	1.0	0.0	-1.0	-1.0	-1.0	1775936897.969276	closed-hand	Close	1	20260411_124810	Trigger
27900.135	-3575.565	26439.614999999998	20967.66	0.0	0.0	0.0	0.0	0.0	0.0	0.0	0.0	0.0	0.0	0.0	0.0	0.0	0.0	144.55172413793105	0.0	0.34435947	0.337096305	0.9240699	31.19144	-5.5393799999999995	-14.481739999999999	388037.0	1775936897.97319	0.0	1.0	0.0	-1.0	-1.0	-1.0	1775936897.97319	closed-hand	Close	1	20260411_124810	Trigger
10127.475	2290.86	9661.994999999999	6984.945	0.0	0.0	0.0	0.0	0.0	0.0	0.0	0.0	0.0	0.0	0.0	0.0	0.0	0.0	144.55172413793105	0.0	0.34435947	0.337096305	0.9240699	31.19144	-5.5393799999999995	-14.481739999999999	388038.0	1775936897.973214	0.0	1.0	0.0	-1.0	-1.0	-1.0	1775936897.973214	closed-hand	Close	1	20260411_124810	Trigger
798.255	1581.21	927.7199999999999	630.9449999999999	0.0	0.0	0.0	0.0	0.0	0.0	0.0	0.0	0.0	0.0	0.0	0.0	0.0	0.0	144.55172413793105	0.0	0.33819493500000003	0.34936434	0.92358162	18.6172	-13.428799999999999	-14.8022	388039.0	1775936897.985112	0.0	1.0	0.0	-1.0	-1.0	-1.0	1775936897.985112	closed-hand	Close	1	20260411_124810	Trigger
7475.085	17769.465	9176.895	6885.2699999999995	0.0	0.0	0.0	0.0	0.0	0.0	0.0	0.0	0.0	0.0	0.0	0.0	0.0	0.0	144.55172413793105	0.0	0.33819493500000003	0.34936434	0.92358162	18.6172	-13.428799999999999	-14.8022	388040.0	1775936897.985135	0.0	1.0	0.0	-1.0	-1.0	-1.0	1775936897.985135	closed-hand	Close	1	20260411_124810	Trigger
17930.385	22885.605	19938.825	16128.585	0.0	0.0	0.0	0.0	0.0	0.0	0.0	0.0	0.0	0.0	0.0	0.0	0.0	0.0	144.55172413793105	0.0	0.33819493500000003	0.34936434	0.92358162	18.6172	-13.428799999999999	-14.8022	388041.0	1775936897.987579	0.0	1.0	0.0	-1.0	-1.0	-1.0	1775936897.987579	closed-hand	Close	1	20260411_124810	Trigger
15130.845	8751.6	15862.365	13437.945	0.0	0.0	0.0	0.0	0.0	0.0	0.0	0.0	0.0	0.0	0.0	0.0	0.0	0.0	144.55172413793105	0.0	0.33819493500000003	0.34936434	0.92358162	18.6172	-13.428799999999999	-14.8022	388042.0	1775936897.987616	0.0	1.0	0.0	-1.0	-1.0	-1.0	1775936897.987616	closed-hand	Close	1	20260411_124810	Trigger
1340.1	331.92	1363.77	824.265	0.0	0.0	0.0	0.0	0.0	0.0	0.0	0.0	0.0	0.0	0.0	0.0	0.0	0.0	144.55172413793105	0.0	0.33819493500000003	0.34936434	0.92358162	18.6172	-13.428799999999999	-14.8022	388043.0	1775936897.987652	0.0	1.0	0.0	-1.0	-1.0	-1.0	1775936897.987652	closed-hand	Close	1	20260411_124810	Trigger
11299.859999999999	1917.405	11447.64	-6126.3	0.0	0.0	0.0	0.0	0.0	0.0	0.0	0.0	0.0	0.0	0.0	0.0	0.0	0.0	144.55172413793105	0.0	0.33819493500000003	0.34936434	0.92358162	18.6172	-13.428799999999999	-14.8022	388044.0	1775936897.987677	0.0	1.0	0.0	-1.0	-1.0	-1.0	1775936897.987677	closed-hand	Close	1	20260411_124810	Trigger
22947.93	11119.185	23765.309999999998	-15938.82	0.0	0.0	0.0	0.0	0.0	0.0	0.0	0.0	0.0	0.0	0.0	0.0	0.0	0.0	144.55172413793105	0.0	0.33819493500000003	0.34936434	0.92358162	18.6172	-13.428799999999999	-14.8022	388045.0	1775936897.989256	0.0	1.0	0.0	-1.0	-1.0	-1.0	1775936897.989256	closed-hand	Close	1	20260411_124810	Trigger
10981.755	14351.805	11947.23	-14975.82	0.0	0.0	0.0	0.0	0.0	0.0	0.0	0.0	0.0	0.0	0.0	0.0	0.0	0.0	144.55172413793105	0.0	0.33819493500000003	0.34936434	0.92358162	18.6172	-13.428799999999999	-14.8022	388046.0	1775936897.989279	0.0	1.0	0.0	-1.0	-1.0	-1.0	1775936897.989279	closed-hand	Close	1	20260411_124810	Trigger
822.42	2130.48	991.53	-2002.185	0.0	0.0	0.0	0.0	0.0	0.0	0.0	0.0	0.0	0.0	0.0	0.0	0.0	0.0	144.55172413793105	0.0	0.33819493500000003	0.34936434	0.92358162	18.6172	-13.428799999999999	-14.8022	388047.0	1775936897.993258	0.0	1.0	0.0	-1.0	-1.0	-1.0	1775936897.993258	closed-hand	Close	1	20260411_124810	Trigger
3067.47	8582.22	4755.78	-2575.5299999999997	0.0	0.0	0.0	0.0	0.0	0.0	0.0	0.0	0.0	0.0	0.0	0.0	0.0	0.0	144.55172413793105	0.0	0.33819493500000003	0.34936434	0.92358162	18.6172	-13.428799999999999	-14.8022	388048.0	1775936897.993281	0.0	1.0	0.0	-1.0	-1.0	-1.0	1775936897.993281	closed-hand	Close	1	20260411_124810	Trigger
11986.56	15947.91	15272.955	-1119.4199999999998	0.0	0.0	0.0	0.0	0.0	0.0	0.0	0.0	0.0	0.0	0.0	0.0	0.0	0.0	144.55172413793105	0.0	0.33453283500000003	0.348448815	0.90368421	18.18992	-13.45932	-16.60288	388049.0	1775936897.997321	0.0	1.0	0.0	-1.0	-1.0	-1.0	1775936897.997321	closed-hand	Close	1	20260411_124810	Trigger
16492.32	5951.745	18459.135	4916.97	0.0	0.0	0.0	0.0	0.0	0.0	0.0	0.0	0.0	0.0	0.0	0.0	0.0	0.0	144.55172413793105	0.0	0.33453283500000003	0.348448815	0.90368421	18.18992	-13.45932	-16.60288	388050.0	1775936897.997344	0.0	1.0	0.0	-1.0	-1.0	-1.0	1775936897.997344	closed-hand	Close	1	20260411_124810	Trigger
3341.115	158.265	3571.02	1431.0449999999998	0.0	0.0	0.0	0.0	0.0	0.0	0.0	0.0	0.0	0.0	0.0	0.0	0.0	0.0	144.55172413793105	0.0	0.33453283500000003	0.348448815	0.90368421	18.18992	-13.45932	-16.60288	388051.0	1775936898.001477	0.0	1.0	0.0	-1.0	-1.0	-1.0	1775936898.001477	closed-hand	Close	1	20260411_124810	Trigger
4873.23	-3399.5699999999997	4717.485	2935.395	0.0	0.0	0.0	0.0	0.0	0.0	0.0	0.0	0.0	0.0	0.0	0.0	0.0	0.0	144.55172413793105	0.0	0.33453283500000003	0.348448815	0.90368421	18.18992	-13.45932	-16.60288	388052.0	1775936898.0015	0.0	1.0	0.0	-1.0	-1.0	-1.0	1775936898.0015	closed-hand	Close	1	20260411_124810	Trigger
25589.385	-12640.32	24722.28	12752.369999999999	0.0	0.0	0.0	0.0	0.0	0.0	0.0	0.0	0.0	0.0	0.0	0.0	0.0	0.0	144.55172413793105	0.0	0.33453283500000003	0.348448815	0.90368421	18.18992	-13.45932	-16.60288	388053.0	1775936898.005368	0.0	1.0	0.0	-1.0	-1.0	-1.0	1775936898.005368	closed-hand	Close	1	20260411_124810	Trigger
20775.69	-4956.615	20292.12	6822.2699999999995	0.0	0.0	0.0	0.0	0.0	0.0	0.0	0.0	0.0	0.0	0.0	0.0	0.0	0.0	144.55172413793105	0.0	0.33453283500000003	0.348448815	0.90368421	18.18992	-13.45932	-16.60288	388054.0	1775936898.005409	0.0	1.0	0.0	-1.0	-1.0	-1.0	1775936898.005409	closed-hand	Close	1	20260411_124810	Trigger
3670.92	233.37	3654.81	309.42	0.0	0.0	0.0	0.0	0.0	0.0	0.0	0.0	0.0	0.0	0.0	0.0	0.0	0.0	144.55172413793105	0.0	0.33453283500000003	0.348448815	0.90368421	18.18992	-13.45932	-16.60288	388055.0	1775936898.009243	0.0	1.0	0.0	-1.0	-1.0	-1.0	1775936898.009243	closed-hand	Close	1	20260411_124810	Trigger
1819.485	5246.91	2450.7	245.475	0.0	0.0	0.0	0.0	0.0	0.0	0.0	0.0	0.0	0.0	0.0	0.0	0.0	0.0	144.55172413793105	0.0	0.33453283500000003	0.348448815	0.90368421	18.18992	-13.45932	-16.60288	388056.0	1775936898.009266	0.0	1.0	0.0	-1.0	-1.0	-1.0	1775936898.009266	closed-hand	Close	1	20260411_124810	Trigger
10415.115	20977.92	12850.38	4420.08	0.0	0.0	0.0	0.0	0.0	0.0	0.0	0.0	0.0	0.0	0.0	0.0	0.0	0.0	144.55172413793105	0.0	0.33453283500000003	0.348448815	0.90368421	18.18992	-13.45932	-16.60288	388057.0	1775936898.01506	0.0	1.0	0.0	-1.0	-1.0	-1.0	1775936898.01506	closed-hand	Close	1	20260411_124810	Trigger
18548.28	14941.755	20381.94	11234.43	0.0	0.0	0.0	0.0	0.0	0.0	0.0	0.0	0.0	0.0	0.0	0.0	0.0	0.0	144.55172413793105	0.0	0.33453283500000003	0.348448815	0.90368421	18.18992	-13.45932	-16.60288	388058.0	1775936898.015083	0.0	1.0	0.0	-1.0	-1.0	-1.0	1775936898.015083	closed-hand	Close	1	20260411_124810	Trigger
7964.82	2740.95	8352.63	5385.33	0.0	0.0	0.0	0.0	0.0	0.0	0.0	0.0	0.0	0.0	0.0	0.0	0.0	0.0	144.55172413793105	0.0	0.34289463	0.34924227	0.889829265	16.89282	-9.11022	-16.785999999999998	388059.0	1775936898.020049	0.0	1.0	0.0	-1.0	-1.0	-1.0	1775936898.020049	closed-hand	Close	1	20260411_124810	Trigger
2285.955	-1601.46	2212.83	1697.5349999999999	0.0	0.0	0.0	0.0	0.0	0.0	0.0	0.0	0.0	0.0	0.0	0.0	0.0	0.0	144.55172413793105	0.0	0.34289463	0.34924227	0.889829265	16.89282	-9.11022	-16.785999999999998	388060.0	1775936898.020074	0.0	1.0	0.0	-1.0	-1.0	-1.0	1775936898.020074	closed-hand	Close	1	20260411_124810	Trigger
22645.17	-9943.695	21577.635	14511.779999999999	0.0	0.0	0.0	0.0	0.0	0.0	0.0	0.0	0.0	0.0	0.0	0.0	0.0	0.0	144.55172413793105	0.0	0.34289463	0.34924227	0.889829265	16.89282	-9.11022	-16.785999999999998	388061.0	1775936898.025561	0.0	1.0	0.0	-1.0	-1.0	-1.0	1775936898.025561	closed-hand	Close	1	20260411_124810	Trigger
26118.675	-4600.9349999999995	24767.055	13781.295	0.0	0.0	0.0	0.0	0.0	0.0	0.0	0.0	0.0	0.0	0.0	0.0	0.0	0.0	144.55172413793105	0.0	0.34289463	0.34924227	0.889829265	16.89282	-9.11022	-16.785999999999998	388062.0	1775936898.025588	0.0	1.0	0.0	-1.0	-1.0	-1.0	1775936898.025588	closed-hand	Close	1	20260411_124810	Trigger
8054.639999999999	1304.5049999999999	7690.634999999999	3005.505	0.0	0.0	0.0	0.0	0.0	0.0	0.0	0.0	0.0	0.0	0.0	0.0	0.0	0.0	144.55172413793105	0.0	0.34289463	0.34924227	0.889829265	16.89282	-9.11022	-16.785999999999998	388063.0	1775936898.025622	0.0	1.0	0.0	-1.0	-1.0	-1.0	1775936898.025622	closed-hand	Close	1	20260411_124810	Trigger
874.8	2162.745	1106.595	462.96	0.0	0.0	0.0	0.0	0.0	0.0	0.0	0.0	0.0	0.0	0.0	0.0	0.0	0.0	144.55172413793105	0.0	0.34289463	0.34924227	0.889829265	16.89282	-9.11022	-16.785999999999998	388064.0	1775936898.025645	0.0	1.0	0.0	-1.0	-1.0	-1.0	1775936898.025645	closed-hand	Close	1	20260411_124810	Trigger
8008.29	18301.995	10053.945	5487.255	0.0	0.0	0.0	0.0	0.0	0.0	0.0	0.0	0.0	0.0	0.0	0.0	0.0	0.0	144.55172413793105	0.0	0.34289463	0.34924227	0.889829265	16.89282	-9.11022	-16.785999999999998	388065.0	1775936898.02993	0.0	1.0	0.0	-1.0	-1.0	-1.0	1775936898.02993	closed-hand	Close	1	20260411_124810	Trigger
17922.015	19595.88	20095.335	13401.269999999999	0.0	0.0	0.0	0.0	0.0	0.0	0.0	0.0	0.0	0.0	0.0	0.0	0.0	0.0	144.55172413793105	0.0	0.34289463	0.34924227	0.889829265	16.89282	-9.11022	-16.785999999999998	388066.0	1775936898.029953	0.0	1.0	0.0	-1.0	-1.0	-1.0	1775936898.029953	closed-hand	Close	1	20260411_124810	Trigger
13469.355	6178.905	14223.195	10533.465	0.0	0.0	0.0	0.0	0.0	0.0	0.0	0.0	0.0	0.0	0.0	0.0	0.0	0.0	144.55172413793105	0.0	0.34289463	0.34924227	0.889829265	16.89282	-9.11022	-16.785999999999998	388067.0	1775936898.033374	0.0	1.0	0.0	-1.0	-1.0	-1.0	1775936898.033374	closed-hand	Close	1	20260411_124810	Trigger
904.185	17.28	918.9449999999999	489.825	0.0	0.0	0.0	0.0	0.0	0.0	0.0	0.0	0.0	0.0	0.0	0.0	0.0	0.0	144.55172413793105	0.0	0.34289463	0.34924227	0.889829265	16.89282	-9.11022	-16.785999999999998	388068.0	1775936898.033397	0.0	1.0	0.0	-1.0	-1.0	-1.0	1775936898.033397	closed-hand	Close	1	20260411_124810	Trigger
11279.609999999999	-1627.965	11288.295	-3019.5899999999997	0.0	0.0	0.0	0.0	0.0	0.0	0.0	0.0	0.0	0.0	0.0	0.0	0.0	0.0	144.55172413793105	0.0	0.3442374	0.35961822	0.88598406	22.813699999999997	-2.33478	-13.93238	388069.0	1775936898.03774	0.0	1.0	0.0	-1.0	-1.0	-1.0	1775936898.03774	closed-hand	Close	1	20260411_124810	Trigger
23546.385	3565.935	23936.579999999998	-10069.83	0.0	0.0	0.0	0.0	0.0	0.0	0.0	0.0	0.0	0.0	0.0	0.0	0.0	0.0	144.55172413793105	0.0	0.3442374	0.35961822	0.88598406	22.813699999999997	-2.33478	-13.93238	388070.0	1775936898.037763	0.0	1.0	0.0	-1.0	-1.0	-1.0	1775936898.037763	closed-hand	Close	1	20260411_124810	Trigger
10905.795	8400.6	11507.67	-10644.66	0.0	0.0	0.0	0.0	0.0	0.0	0.0	0.0	0.0	0.0	0.0	0.0	0.0	0.0	144.55172413793105	0.0	0.3442374	0.35961822	0.88598406	22.813699999999997	-2.33478	-13.93238	388071.0	1775936898.041443	0.0	1.0	0.0	-1.0	-1.0	-1.0	1775936898.041443	closed-hand	Close	1	20260411_124810	Trigger
757.485	1444.0049999999999	896.13	-1393.02	0.0	0.0	0.0	0.0	0.0	0.0	0.0	0.0	0.0	0.0	0.0	0.0	0.0	0.0	144.55172413793105	0.0	0.3442374	0.35961822	0.88598406	22.813699999999997	-2.33478	-13.93238	388072.0	1775936898.041466	0.0	1.0	0.0	-1.0	-1.0	-1.0	1775936898.041466	closed-hand	Close	1	20260411_124810	Trigger
3633.21	10539.27	5270.264999999999	-3420.27	0.0	0.0	0.0	0.0	0.0	0.0	0.0	0.0	0.0	0.0	0.0	0.0	0.0	0.0	144.55172413793105	0.0	0.3442374	0.35961822	0.88598406	22.813699999999997	-2.33478	-13.93238	388073.0	1775936898.045359	0.0	1.0	0.0	-1.0	-1.0	-1.0	1775936898.045359	closed-hand	Close	1	20260411_124810	Trigger
12665.25	17134.649999999998	15410.43	-1721.34	0.0	0.0	0.0	0.0	0.0	0.0	0.0	0.0	0.0	0.0	0.0	0.0	0.0	0.0	144.55172413793105	0.0	0.3442374	0.35961822	0.88598406	22.813699999999997	-2.33478	-13.93238	388074.0	1775936898.045383	0.0	1.0	0.0	-1.0	-1.0	-1.0	1775936898.045383	closed-hand	Close	1	20260411_124810	Trigger
15859.71	6386.13	17292.78	4211.91	0.0	0.0	0.0	0.0	0.0	0.0	0.0	0.0	0.0	0.0	0.0	0.0	0.0	0.0	144.55172413793105	0.0	0.3442374	0.35961822	0.88598406	22.813699999999997	-2.33478	-13.93238	388075.0	1775936898.051319	0.0	1.0	0.0	-1.0	-1.0	-1.0	1775936898.051319	closed-hand	Close	1	20260411_124810	Trigger
2570.355	228.64499999999998	2696.7599999999998	1015.92	0.0	0.0	0.0	0.0	0.0	0.0	0.0	0.0	0.0	0.0	0.0	0.0	0.0	0.0	144.55172413793105	0.0	0.3442374	0.35961822	0.88598406	22.813699999999997	-2.33478	-13.93238	388076.0	1775936898.051342	0.0	1.0	0.0	-1.0	-1.0	-1.0	1775936898.051342	closed-hand	Close	1	20260411_124810	Trigger
6087.6449999999995	-4019.04	5831.639999999999	3442.185	0.0	0.0	0.0	0.0	0.0	0.0	0.0	0.0	0.0	0.0	0.0	0.0	0.0	0.0	144.55172413793105	0.0	0.3442374	0.35961822	0.88598406	22.813699999999997	-2.33478	-13.93238	388077.0	1775936898.053566	0.0	1.0	0.0	-1.0	-1.0	-1.0	1775936898.053566	closed-hand	Close	1	20260411_124810	Trigger
26481.645	-12162.734999999999	25263.809999999998	12048.119999999999	0.0	0.0	0.0	0.0	0.0	0.0	0.0	0.0	0.0	0.0	0.0	0.0	0.0	0.0	144.55172413793105	0.0	0.3442374	0.35961822	0.88598406	22.813699999999997	-2.33478	-13.93238	388078.0	1775936898.053589	0.0	1.0	0.0	-1.0	-1.0	-1.0	1775936898.053589	closed-hand	Close	1	20260411_124810	Trigger
19387.395	-3724.83	18643.14	5152.275	0.0	0.0	0.0	0.0	0.0	0.0	0.0	0.0	0.0	0.0	0.0	0.0	0.0	0.0	144.55172413793105	0.0	0.331359015	0.374205585	0.891660315	20.57048	-5.096839999999999	-10.666739999999999	388079.0	1775936898.057479	0.0	1.0	0.0	-1.0	-1.0	-1.0	1775936898.057479	closed-hand	Close	1	20260411_124810	Trigger
2857.455	378.22499999999997	2791.98	5.805	0.0	0.0	0.0	0.0	0.0	0.0	0.0	0.0	0.0	0.0	0.0	0.0	0.0	0.0	144.55172413793105	0.0	0.331359015	0.374205585	0.891660315	20.57048	-5.096839999999999	-10.666739999999999	388080.0	1775936898.057502	0.0	1.0	0.0	-1.0	-1.0	-1.0	1775936898.057502	closed-hand	Close	1	20260411_124810	Trigger
2679.525	6146.28	3594.96	1610.46	0.0	0.0	0.0	0.0	0.0	0.0	0.0	0.0	0.0	0.0	0.0	0.0	0.0	0.0	144.55172413793105	0.0	0.331359015	0.374205585	0.891660315	20.57048	-5.096839999999999	-10.666739999999999	388081.0	1775936898.061393	0.0	1.0	0.0	-1.0	-1.0	-1.0	1775936898.061393	closed-hand	Close	1	20260411_124810	Trigger
12278.789999999999	18154.844999999998	15031.529999999999	8236.71	0.0	0.0	0.0	0.0	0.0	0.0	0.0	0.0	0.0	0.0	0.0	0.0	0.0	0.0	144.55172413793105	0.0	0.331359015	0.374205585	0.891660315	20.57048	-5.096839999999999	-10.666739999999999	388082.0	1775936898.061415	0.0	1.0	0.0	-1.0	-1.0	-1.0	1775936898.061415	closed-hand	Close	1	20260411_124810	Trigger
19461.96	10066.32	21354.66	14092.019999999999	0.0	0.0	0.0	0.0	0.0	0.0	0.0	0.0	0.0	0.0	0.0	0.0	0.0	0.0	144.55172413793105	0.0	0.331359015	0.374205585	0.891660315	20.57048	-5.096839999999999	-10.666739999999999	388083.0	1775936898.065489	0.0	1.0	0.0	-1.0	-1.0	-1.0	1775936898.065489	closed-hand	Close	1	20260411_124810	Trigger
6746.219999999999	1078.83	7109.19	5120.505	0.0	0.0	0.0	0.0	0.0	0.0	0.0	0.0	0.0	0.0	0.0	0.0	0.0	0.0	144.55172413793105	0.0	0.331359015	0.374205585	0.891660315	20.57048	-5.096839999999999	-10.666739999999999	388084.0	1775936898.065513	0.0	1.0	0.0	-1.0	-1.0	-1.0	1775936898.065513	closed-hand	Close	1	20260411_124810	Trigger
2115.99	-1516.2749999999999	2032.0649999999998	1615.23	0.0	0.0	0.0	0.0	0.0	0.0	0.0	0.0	0.0	0.0	0.0	0.0	0.0	0.0	144.55172413793105	0.0	0.331359015	0.374205585	0.891660315	20.57048	-5.096839999999999	-10.666739999999999	388085.0	1775936898.069457	0.0	1.0	0.0	-1.0	-1.0	-1.0	1775936898.069457	closed-hand	Close	1	20260411_124810	Trigger
22365.54	-10645.965	21367.53	15616.8	0.0	0.0	0.0	0.0	0.0	0.0	0.0	0.0	0.0	0.0	0.0	0.0	0.0	0.0	144.55172413793105	0.0	0.331359015	0.374205585	0.891660315	20.57048	-5.096839999999999	-10.666739999999999	388086.0	1775936898.06948	0.0	1.0	0.0	-1.0	-1.0	-1.0	1775936898.06948	closed-hand	Close	1	20260411_124810	Trigger
25682.579999999998	-6165.495	24655.86	15779.25	0.0	0.0	0.0	0.0	0.0	0.0	0.0	0.0	0.0	0.0	0.0	0.0	0.0	0.0	144.55172413793105	0.0	0.331359015	0.374205585	0.891660315	20.57048	-5.096839999999999	-10.666739999999999	388087.0	1775936898.073435	0.0	1.0	0.0	-1.0	-1.0	-1.0	1775936898.073435	closed-hand	Close	1	20260411_124810	Trigger
7202.88	490.77	7000.5599999999995	3536.955	0.0	0.0	0.0	0.0	0.0	0.0	0.0	0.0	0.0	0.0	0.0	0.0	0.0	0.0	144.55172413793105	0.0	0.331359015	0.374205585	0.891660315	20.57048	-5.096839999999999	-10.666739999999999	388088.0	1775936898.073458	0.0	1.0	0.0	-1.0	-1.0	-1.0	1775936898.073458	closed-hand	Close	1	20260411_124810	Trigger
1040.445	2708.865	1323.27	621.135	0.0	0.0	0.0	0.0	0.0	0.0	0.0	0.0	0.0	0.0	0.0	0.0	0.0	0.0	144.55172413793105	0.0	0.32006754	0.386168445	0.89623794	12.681059999999999	-9.918999999999999	-10.43784	388089.0	1775936898.077469	0.0	1.0	0.0	-1.0	-1.0	-1.0	1775936898.077469	closed-hand	Close	1	20260411_124810	Trigger
8867.07	19893.96	10892.564999999999	6276.915	0.0	0.0	0.0	0.0	0.0	0.0	0.0	0.0	0.0	0.0	0.0	0.0	0.0	0.0	144.55172413793105	0.0	0.32006754	0.386168445	0.89623794	12.681059999999999	-9.918999999999999	-10.43784	388090.0	1775936898.077491	0.0	1.0	0.0	-1.0	-1.0	-1.0	1775936898.077491	closed-hand	Close	1	20260411_124810	Trigger
18566.235	19644.03	20473.335	14144.13	0.0	0.0	0.0	0.0	0.0	0.0	0.0	0.0	0.0	0.0	0.0	0.0	0.0	0.0	144.55172413793105	0.0	0.32006754	0.386168445	0.89623794	12.681059999999999	-9.918999999999999	-10.43784	388091.0	1775936898.082771	0.0	1.0	0.0	-1.0	-1.0	-1.0	1775936898.082771	closed-hand	Close	1	20260411_124810	Trigger
12033.359999999999	5686.0199999999995	12579.074999999999	9490.5	0.0	0.0	0.0	0.0	0.0	0.0	0.0	0.0	0.0	0.0	0.0	0.0	0.0	0.0	144.55172413793105	0.0	0.32006754	0.386168445	0.89623794	12.681059999999999	-9.918999999999999	-10.43784	388092.0	1775936898.082794	0.0	1.0	0.0	-1.0	-1.0	-1.0	1775936898.082794	closed-hand	Close	1	20260411_124810	Trigger
782.055	-234.35999999999999	773.595	633.24	0.0	0.0	0.0	0.0	0.0	0.0	0.0	0.0	0.0	0.0	0.0	0.0	0.0	0.0	144.55172413793105	0.0	0.32006754	0.386168445	0.89623794	12.681059999999999	-9.918999999999999	-10.43784	388093.0	1775936898.086985	0.0	1.0	0.0	-1.0	-1.0	-1.0	1775936898.086985	closed-hand	Close	1	20260411_124810	Trigger
15032.654999999999	-6563.835	14253.795	11306.609999999999	0.0	0.0	0.0	0.0	0.0	0.0	0.0	0.0	0.0	0.0	0.0	0.0	0.0	0.0	144.55172413793105	0.0	0.32006754	0.386168445	0.89623794	12.681059999999999	-9.918999999999999	-10.43784	388094.0	1775936898.087008	0.0	1.0	0.0	-1.0	-1.0	-1.0	1775936898.087008	closed-hand	Close	1	20260411_124810	Trigger
28822.184999999998	-6242.219999999999	27256.094999999998	19954.53	0.0	0.0	0.0	0.0	0.0	0.0	0.0	0.0	0.0	0.0	0.0	0.0	0.0	0.0	144.55172413793105	0.0	0.32006754	0.386168445	0.89623794	12.681059999999999	-9.918999999999999	-10.43784	388095.0	1775936898.089538	0.0	1.0	0.0	-1.0	-1.0	-1.0	1775936898.089538	closed-hand	Close	1	20260411_124810	Trigger
12983.13	1525.32	12370.23	7834.1849999999995	0.0	0.0	0.0	0.0	0.0	0.0	0.0	0.0	0.0	0.0	0.0	0.0	0.0	0.0	144.55172413793105	0.0	0.32006754	0.386168445	0.89623794	12.681059999999999	-9.918999999999999	-10.43784	388096.0	1775936898.089561	0.0	1.0	0.0	-1.0	-1.0	-1.0	1775936898.089561	closed-hand	Close	1	20260411_124810	Trigger
929.925	1019.115	971.73	543.96	0.0	0.0	0.0	0.0	0.0	0.0	0.0	0.0	0.0	0.0	0.0	0.0	0.0	0.0	144.55172413793105	0.0	0.32006754	0.386168445	0.89623794	12.681059999999999	-9.918999999999999	-10.43784	388097.0	1775936898.093569	0.0	1.0	0.0	-1.0	-1.0	-1.0	1775936898.093569	closed-hand	Close	1	20260411_124810	Trigger
6012.719999999999	14603.535	7471.215	5295.915	0.0	0.0	0.0	0.0	0.0	0.0	0.0	0.0	0.0	0.0	0.0	0.0	0.0	0.0	144.55172413793105	0.0	0.32006754	0.386168445	0.89623794	12.681059999999999	-9.918999999999999	-10.43784	388098.0	1775936898.093592	0.0	1.0	0.0	-1.0	-1.0	-1.0	1775936898.093592	closed-hand	Close	1	20260411_124810	Trigger
16638.885	23134.32	18832.094999999998	14462.055	0.0	0.0	0.0	0.0	0.0	0.0	0.0	0.0	0.0	0.0	0.0	0.0	0.0	0.0	144.55172413793105	0.0	0.319396155	0.388121565	0.88732683	9.33912	-9.96478	-8.530339999999999	388099.0	1775936898.097594	0.0	1.0	0.0	-1.0	-1.0	-1.0	1775936898.097594	closed-hand	Close	1	20260411_124810	Trigger
17034.434999999998	10231.605	17986.274999999998	14647.68	0.0	0.0	0.0	0.0	0.0	0.0	0.0	0.0	0.0	0.0	0.0	0.0	0.0	0.0	144.55172413793105	0.0	0.319396155	0.388121565	0.88732683	9.33912	-9.96478	-8.530339999999999	388100.0	1775936898.097635	0.0	1.0	0.0	-1.0	-1.0	-1.0	1775936898.097635	closed-hand	Close	1	20260411_124810	Trigger
2050.6949999999997	615.1949999999999	2102.985	1760.5349999999999	0.0	0.0	0.0	0.0	0.0	0.0	0.0	0.0	0.0	0.0	0.0	0.0	0.0	0.0	144.55172413793105	0.0	0.319396155	0.388121565	0.88732683	9.33912	-9.96478	-8.530339999999999	388101.0	1775936898.10159	0.0	1.0	0.0	-1.0	-1.0	-1.0	1775936898.10159	closed-hand	Close	1	20260411_124810	Trigger
7874.325	-3844.305	7508.969999999999	6380.82	0.0	0.0	0.0	0.0	0.0	0.0	0.0	0.0	0.0	0.0	0.0	0.0	0.0	0.0	144.55172413793105	0.0	0.319396155	0.388121565	0.88732683	9.33912	-9.96478	-8.530339999999999	388102.0	1775936898.101613	0.0	1.0	0.0	-1.0	-1.0	-1.0	1775936898.101613	closed-hand	Close	1	20260411_124810	Trigger
28703.43	-8084.34	27152.235	21929.67	0.0	0.0	0.0	0.0	0.0	0.0	0.0	0.0	0.0	0.0	0.0	0.0	0.0	0.0	144.55172413793105	0.0	0.319396155	0.388121565	0.88732683	9.33912	-9.96478	-8.530339999999999	388103.0	1775936898.106236	0.0	1.0	0.0	-1.0	-1.0	-1.0	1775936898.106236	closed-hand	Close	1	20260411_124810	Trigger
19528.245	535.3199999999999	18512.37	13704.435	0.0	0.0	0.0	0.0	0.0	0.0	0.0	0.0	0.0	0.0	0.0	0.0	0.0	0.0	144.55172413793105	0.0	0.319396155	0.388121565	0.88732683	9.33912	-9.96478	-8.530339999999999	388104.0	1775936898.10626	0.0	1.0	0.0	-1.0	-1.0	-1.0	1775936898.10626	closed-hand	Close	1	20260411_124810	Trigger
2524.77	1027.395	2414.16	1581.57	0.0	0.0	0.0	0.0	0.0	0.0	0.0	0.0	0.0	0.0	0.0	0.0	0.0	0.0	144.55172413793105	0.0	0.319396155	0.388121565	0.88732683	9.33912	-9.96478	-8.530339999999999	388105.0	1775936898.109556	0.0	1.0	0.0	-1.0	-1.0	-1.0	1775936898.109556	closed-hand	Close	1	20260411_124810	Trigger
3308.58	8545.635	4076.955	2891.6099999999997	0.0	0.0	0.0	0.0	0.0	0.0	0.0	0.0	0.0	0.0	0.0	0.0	0.0	0.0	144.55172413793105	0.0	0.319396155	0.388121565	0.88732683	9.33912	-9.96478	-8.530339999999999	388106.0	1775936898.109591	0.0	1.0	0.0	-1.0	-1.0	-1.0	1775936898.109591	closed-hand	Close	1	20260411_124810	Trigger
13632.975	24358.77	15677.595	11952.135	0.0	0.0	0.0	0.0	0.0	0.0	0.0	0.0	0.0	0.0	0.0	0.0	0.0	0.0	144.55172413793105	0.0	0.319396155	0.388121565	0.88732683	9.33912	-9.96478	-8.530339999999999	388107.0	1775936898.11652	0.0	1.0	0.0	-1.0	-1.0	-1.0	1775936898.11652	closed-hand	Close	1	20260411_124810	Trigger
19848.51	15409.71	21071.34	17267.355	0.0	0.0	0.0	0.0	0.0	0.0	0.0	0.0	0.0	0.0	0.0	0.0	0.0	0.0	144.55172413793105	0.0	0.319396155	0.388121565	0.88732683	9.33912	-9.96478	-8.530339999999999	388108.0	1775936898.116546	0.0	1.0	0.0	-1.0	-1.0	-1.0	1775936898.116546	closed-hand	Close	1	20260411_124810	Trigger
5566.23	2258.46	5727.735	4858.47	0.0	0.0	0.0	0.0	0.0	0.0	0.0	0.0	0.0	0.0	0.0	0.0	0.0	0.0	144.55172413793105	0.0	0.32617104	0.385680165	0.87865986	8.28618	-7.21798	-5.46308	388109.0	1775936898.12209	0.0	1.0	0.0	-1.0	-1.0	-1.0	1775936898.12209	closed-hand	Close	1	20260411_124810	Trigger
3736.98	-2192.94	3587.85	3078.54	0.0	0.0	0.0	0.0	0.0	0.0	0.0	0.0	0.0	0.0	0.0	0.0	0.0	0.0	144.55172413793105	0.0	0.32617104	0.385680165	0.87865986	8.28618	-7.21798	-5.46308	388110.0	1775936898.122116	0.0	1.0	0.0	-1.0	-1.0	-1.0	1775936898.122116	closed-hand	Close	1	20260411_124810	Trigger
25858.98	-8726.535	24449.445	19749.465	0.0	0.0	0.0	0.0	0.0	0.0	0.0	0.0	0.0	0.0	0.0	0.0	0.0	0.0	144.55172413793105	0.0	0.32617104	0.385680165	0.87865986	8.28618	-7.21798	-5.46308	388111.0	1775936898.12215	0.0	1.0	0.0	-1.0	-1.0	-1.0	1775936898.12215	closed-hand	Close	1	20260411_124810	Trigger
25032.149999999998	-1350.81	23534.055	17513.91	0.0	0.0	0.0	0.0	0.0	0.0	0.0	0.0	0.0	0.0	0.0	0.0	0.0	0.0	144.55172413793105	0.0	0.32617104	0.385680165	0.87865986	8.28618	-7.21798	-5.46308	388112.0	1775936898.122172	0.0	1.0	0.0	-1.0	-1.0	-1.0	1775936898.122172	closed-hand	Close	1	20260411_124810	Trigger
6061.365	1792.62	5722.785	3784.185	0.0	0.0	0.0	0.0	0.0	0.0	0.0	0.0	0.0	0.0	0.0	0.0	0.0	0.0	144.55172413793105	0.0	0.32617104	0.385680165	0.87865986	8.28618	-7.21798	-5.46308	388113.0	1775936898.128492	0.0	1.0	0.0	-1.0	-1.0	-1.0	1775936898.128492	closed-hand	Close	1	20260411_124810	Trigger
1490.58	3673.665	1845.27	1458.81	0.0	0.0	0.0	0.0	0.0	0.0	0.0	0.0	0.0	0.0	0.0	0.0	0.0	0.0	144.55172413793105	0.0	0.32617104	0.385680165	0.87865986	8.28618	-7.21798	-5.46308	388114.0	1775936898.128525	0.0	1.0	0.0	-1.0	-1.0	-1.0	1775936898.128525	closed-hand	Close	1	20260411_124810	Trigger
10713.24	21130.739999999998	12788.234999999999	10536.48	0.0	0.0	0.0	0.0	0.0	0.0	0.0	0.0	0.0	0.0	0.0	0.0	0.0	0.0	144.55172413793105	0.0	0.32617104	0.385680165	0.87865986	8.28618	-7.21798	-5.46308	388115.0	1775936898.132613	0.0	1.0	0.0	-1.0	-1.0	-1.0	1775936898.132613	closed-hand	Close	1	20260411_124810	Trigger
20079.225	18611.64	21897.855	18754.785	0.0	0.0	0.0	0.0	0.0	0.0	0.0	0.0	0.0	0.0	0.0	0.0	0.0	0.0	144.55172413793105	0.0	0.32617104	0.385680165	0.87865986	8.28618	-7.21798	-5.46308	388116.0	1775936898.132656	0.0	1.0	0.0	-1.0	-1.0	-1.0	1775936898.132656	closed-hand	Close	1	20260411_124810	Trigger
11013.345	4739.3099999999995	11469.375	10051.154999999999	0.0	0.0	0.0	0.0	0.0	0.0	0.0	0.0	0.0	0.0	0.0	0.0	0.0	0.0	144.55172413793105	0.0	0.32617104	0.385680165	0.87865986	8.28618	-7.21798	-5.46308	388117.0	1775936898.13365	0.0	1.0	0.0	-1.0	-1.0	-1.0	1775936898.13365	closed-hand	Close	1	20260411_124810	Trigger
1127.8799999999999	-514.755	1107.495	749.61	0.0	0.0	0.0	0.0	0.0	0.0	0.0	0.0	0.0	0.0	0.0	0.0	0.0	0.0	144.55172413793105	0.0	0.32617104	0.385680165	0.87865986	8.28618	-7.21798	-5.46308	388118.0	1775936898.133682	0.0	1.0	0.0	-1.0	-1.0	-1.0	1775936898.133682	closed-hand	Close	1	20260411_124810	Trigger
17902.485	-5427.945	17341.515	8604.72	0.0	0.0	0.0	0.0	0.0	0.0	0.0	0.0	0.0	0.0	0.0	0.0	0.0	0.0	144.55172413793105	0.0	0.33178626	0.382506345	0.8715798	10.36154	1.3734	-3.7539599999999997	388119.0	1775936898.140499	0.0	1.0	0.0	-1.0	-1.0	-1.0	1775936898.140499	closed-hand	Close	1	20260411_124810	Trigger
26967.059999999998	-965.5649999999999	26153.82	9630.135	0.0	0.0	0.0	0.0	0.0	0.0	0.0	0.0	0.0	0.0	0.0	0.0	0.0	0.0	144.55172413793105	0.0	0.33178626	0.382506345	0.8715798	10.36154	1.3734	-3.7539599999999997	388120.0	1775936898.140525	0.0	1.0	0.0	-1.0	-1.0	-1.0	1775936898.140525	closed-hand	Close	1	20260411_124810	Trigger
10548.404999999999	4097.474999999999	10365.48	1580.04	0.0	0.0	0.0	0.0	0.0	0.0	0.0	0.0	0.0	0.0	0.0	0.0	0.0	0.0	144.55172413793105	0.0	0.33178626	0.382506345	0.8715798	10.36154	1.3734	-3.7539599999999997	388121.0	1775936898.147875	0.0	1.0	0.0	-1.0	-1.0	-1.0	1775936898.147875	closed-hand	Close	1	20260411_124810	Trigger
766.98	1360.7549999999999	869.895	8.82	0.0	0.0	0.0	0.0	0.0	0.0	0.0	0.0	0.0	0.0	0.0	0.0	0.0	0.0	144.55172413793105	0.0	0.33178626	0.382506345	0.8715798	10.36154	1.3734	-3.7539599999999997	388122.0	1775936898.147903	0.0	1.0	0.0	-1.0	-1.0	-1.0	1775936898.147903	closed-hand	Close	1	20260411_124810	Trigger
6605.865	15049.26	8166.42	2837.6099999999997	0.0	0.0	0.0	0.0	0.0	0.0	0.0	0.0	0.0	0.0	0.0	0.0	0.0	0.0	144.55172413793105	0.0	0.33178626	0.382506345	0.8715798	10.36154	1.3734	-3.7539599999999997	388123.0	1775936898.147934	0.0	1.0	0.0	-1.0	-1.0	-1.0	1775936898.147934	closed-hand	Close	1	20260411_124810	Trigger
17020.17	20157.48	19086.66	10352.565	0.0	0.0	0.0	0.0	0.0	0.0	0.0	0.0	0.0	0.0	0.0	0.0	0.0	0.0	144.55172413793105	0.0	0.33178626	0.382506345	0.8715798	10.36154	1.3734	-3.7539599999999997	388124.0	1775936898.147958	0.0	1.0	0.0	-1.0	-1.0	-1.0	1775936898.147958	closed-hand	Close	1	20260411_124810	Trigger
15687.359999999999	7509.96	16530.12	10893.779999999999	0.0	0.0	0.0	0.0	0.0	0.0	0.0	0.0	0.0	0.0	0.0	0.0	0.0	0.0	144.55172413793105	0.0	0.33178626	0.382506345	0.8715798	10.36154	1.3734	-3.7539599999999997	388125.0	1775936898.151057	0.0	1.0	0.0	-1.0	-1.0	-1.0	1775936898.151057	closed-hand	Close	1	20260411_124810	Trigger
1556.37	175.275	1591.9199999999998	1099.8	0.0	0.0	0.0	0.0	0.0	0.0	0.0	0.0	0.0	0.0	0.0	0.0	0.0	0.0	144.55172413793105	0.0	0.33178626	0.382506345	0.8715798	10.36154	1.3734	-3.7539599999999997	388126.0	1775936898.151081	0.0	1.0	0.0	-1.0	-1.0	-1.0	1775936898.151081	closed-hand	Close	1	20260411_124810	Trigger
10927.89	-4225.455	10698.57	1947.195	0.0	0.0	0.0	0.0	0.0	0.0	0.0	0.0	0.0	0.0	0.0	0.0	0.0	0.0	144.55172413793105	0.0	0.33178626	0.382506345	0.8715798	10.36154	1.3734	-3.7539599999999997	388127.0	1775936898.153797	0.0	1.0	0.0	-1.0	-1.0	-1.0	1775936898.153797	closed-hand	Close	1	20260411_124810	Trigger
26895.555	-3482.2799999999997	26343.135	940.05	0.0	0.0	0.0	0.0	0.0	0.0	0.0	0.0	0.0	0.0	0.0	0.0	0.0	0.0	144.55172413793105	0.0	0.33178626	0.382506345	0.8715798	10.36154	1.3734	-3.7539599999999997	388128.0	1775936898.153822	0.0	1.0	0.0	-1.0	-1.0	-1.0	1775936898.153822	closed-hand	Close	1	20260411_124810	Trigger
15195.869999999999	4452.48	15112.935	-4275.675	0.0	0.0	0.0	0.0	0.0	0.0	0.0	0.0	0.0	0.0	0.0	0.0	0.0	0.0	144.55172413793105	0.0	0.329894175	0.38159082	0.88146747	11.41448	3.40298	1.8159399999999999	388129.0	1775936898.157789	0.0	1.0	0.0	-1.0	-1.0	-1.0	1775936898.157789	closed-hand	Close	1	20260411_124810	Trigger
1514.205	1319.445	1555.6499999999999	-1146.195	0.0	0.0	0.0	0.0	0.0	0.0	0.0	0.0	0.0	0.0	0.0	0.0	0.0	0.0	144.55172413793105	0.0	0.329894175	0.38159082	0.88146747	11.41448	3.40298	1.8159399999999999	388130.0	1775936898.157814	0.0	1.0	0.0	-1.0	-1.0	-1.0	1775936898.157814	closed-hand	Close	1	20260411_124810	Trigger
3389.85	9057.24	4470.525	-1168.5149999999999	0.0	0.0	0.0	0.0	0.0	0.0	0.0	0.0	0.0	0.0	0.0	0.0	0.0	0.0	144.55172413793105	0.0	0.329894175	0.38159082	0.88146747	11.41448	3.40298	1.8159399999999999	388131.0	1775936898.16166	0.0	1.0	0.0	-1.0	-1.0	-1.0	1775936898.16166	closed-hand	Close	1	20260411_124810	Trigger
12867.435	19990.485	15166.935	2071.17	0.0	0.0	0.0	0.0	0.0	0.0	0.0	0.0	0.0	0.0	0.0	0.0	0.0	0.0	144.55172413793105	0.0	0.329894175	0.38159082	0.88146747	11.41448	3.40298	1.8159399999999999	388132.0	1775936898.161684	0.0	1.0	0.0	-1.0	-1.0	-1.0	1775936898.161684	closed-hand	Close	1	20260411_124810	Trigger
18078.21	9957.285	19363.005	7990.965	0.0	0.0	0.0	0.0	0.0	0.0	0.0	0.0	0.0	0.0	0.0	0.0	0.0	0.0	144.55172413793105	0.0	0.329894175	0.38159082	0.88146747	11.41448	3.40298	1.8159399999999999	388133.0	1775936898.165704	0.0	1.0	0.0	-1.0	-1.0	-1.0	1775936898.165704	closed-hand	Close	1	20260411_124810	Trigger
4214.7	903.015	4366.08	2282.67	0.0	0.0	0.0	0.0	0.0	0.0	0.0	0.0	0.0	0.0	0.0	0.0	0.0	0.0	144.55172413793105	0.0	0.329894175	0.38159082	0.88146747	11.41448	3.40298	1.8159399999999999	388134.0	1775936898.165727	0.0	1.0	0.0	-1.0	-1.0	-1.0	1775936898.165727	closed-hand	Close	1	20260411_124810	Trigger
3885.5249999999996	-2482.02	3717.18	2556.72	0.0	0.0	0.0	0.0	0.0	0.0	0.0	0.0	0.0	0.0	0.0	0.0	0.0	0.0	144.55172413793105	0.0	0.329894175	0.38159082	0.88146747	11.41448	3.40298	1.8159399999999999	388135.0	1775936898.169711	0.0	1.0	0.0	-1.0	-1.0	-1.0	1775936898.169711	closed-hand	Close	1	20260411_124810	Trigger
25348.454999999998	-10795.185	24037.605	14424.119999999999	0.0	0.0	0.0	0.0	0.0	0.0	0.0	0.0	0.0	0.0	0.0	0.0	0.0	0.0	144.55172413793105	0.0	0.329894175	0.38159082	0.88146747	11.41448	3.40298	1.8159399999999999	388136.0	1775936898.169742	0.0	1.0	0.0	-1.0	-1.0	-1.0	1775936898.169742	closed-hand	Close	1	20260411_124810	Trigger
23190.03	-3822.21	21974.309999999998	10093.994999999999	0.0	0.0	0.0	0.0	0.0	0.0	0.0	0.0	0.0	0.0	0.0	0.0	0.0	0.0	144.55172413793105	0.0	0.329894175	0.38159082	0.88146747	11.41448	3.40298	1.8159399999999999	388137.0	1775936898.173845	0.0	1.0	0.0	-1.0	-1.0	-1.0	1775936898.173845	closed-hand	Close	1	20260411_124810	Trigger
4894.785	786.24	4665.105	1195.6499999999999	0.0	0.0	0.0	0.0	0.0	0.0	0.0	0.0	0.0	0.0	0.0	0.0	0.0	0.0	144.55172413793105	0.0	0.329894175	0.38159082	0.88146747	11.41448	3.40298	1.8159399999999999	388138.0	1775936898.173874	0.0	1.0	0.0	-1.0	-1.0	-1.0	1775936898.173874	closed-hand	Close	1	20260411_124810	Trigger
1720.845	4590.2699999999995	2141.1	562.095	0.0	0.0	0.0	0.0	0.0	0.0	0.0	0.0	0.0	0.0	0.0	0.0	0.0	0.0	144.34482758620692	0.0	0.32690346	0.367980015	0.879575385	6.821219999999999	3.41824	1.64808	388139.0	1775936898.177763	0.0	1.0	0.0	-1.0	-1.0	-1.0	1775936898.177763	closed-hand	Close	1	20260411_124810	Trigger
10735.695	21265.92	12560.67	5572.3949999999995	0.0	0.0	0.0	0.0	0.0	0.0	0.0	0.0	0.0	0.0	0.0	0.0	0.0	0.0	144.34482758620692	0.0	0.32690346	0.367980015	0.879575385	6.821219999999999	3.41824	1.64808	388140.0	1775936898.177793	0.0	1.0	0.0	-1.0	-1.0	-1.0	1775936898.177793	closed-hand	Close	1	20260411_124810	Trigger
19450.079999999998	16527.285	20745.27	12698.145	0.0	0.0	0.0	0.0	0.0	0.0	0.0	0.0	0.0	0.0	0.0	0.0	0.0	0.0	144.34482758620692	0.0	0.32690346	0.367980015	0.879575385	6.821219999999999	3.41824	1.64808	388141.0	1775936898.181762	0.0	1.0	0.0	-1.0	-1.0	-1.0	1775936898.181762	closed-hand	Close	1	20260411_124810	Trigger
9278.82	3511.5299999999997	9543.285	6605.009999999999	0.0	0.0	0.0	0.0	0.0	0.0	0.0	0.0	0.0	0.0	0.0	0.0	0.0	0.0	144.34482758620692	0.0	0.32690346	0.367980015	0.879575385	6.821219999999999	3.41824	1.64808	388142.0	1775936898.181787	0.0	1.0	0.0	-1.0	-1.0	-1.0	1775936898.181787	closed-hand	Close	1	20260411_124810	Trigger
1106.28	-719.8199999999999	1060.11	836.9549999999999	0.0	0.0	0.0	0.0	0.0	0.0	0.0	0.0	0.0	0.0	0.0	0.0	0.0	0.0	144.34482758620692	0.0	0.32690346	0.367980015	0.879575385	6.821219999999999	3.41824	1.64808	388143.0	1775936898.185776	0.0	1.0	0.0	-1.0	-1.0	-1.0	1775936898.185776	closed-hand	Close	1	20260411_124810	Trigger
18991.26	-8117.46	17902.98	13057.154999999999	0.0	0.0	0.0	0.0	0.0	0.0	0.0	0.0	0.0	0.0	0.0	0.0	0.0	0.0	144.34482758620692	0.0	0.32690346	0.367980015	0.879575385	6.821219999999999	3.41824	1.64808	388144.0	1775936898.185805	0.0	1.0	0.0	-1.0	-1.0	-1.0	1775936898.185805	closed-hand	Close	1	20260411_124810	Trigger
27911.879999999997	-5517.224999999999	26173.664999999997	16967.97	0.0	0.0	0.0	0.0	0.0	0.0	0.0	0.0	0.0	0.0	0.0	0.0	0.0	0.0	144.34482758620692	0.0	0.32690346	0.367980015	0.879575385	6.821219999999999	3.41824	1.64808	388145.0	1775936898.189859	0.0	1.0	0.0	-1.0	-1.0	-1.0	1775936898.189859	closed-hand	Close	1	20260411_124810	Trigger
10121.76	1332.855	9489.42	4907.16	0.0	0.0	0.0	0.0	0.0	0.0	0.0	0.0	0.0	0.0	0.0	0.0	0.0	0.0	144.34482758620692	0.0	0.32690346	0.367980015	0.879575385	6.821219999999999	3.41824	1.64808	388146.0	1775936898.189885	0.0	1.0	0.0	-1.0	-1.0	-1.0	1775936898.189885	closed-hand	Close	1	20260411_124810	Trigger
836.235	1645.56	950.4449999999999	416.88	0.0	0.0	0.0	0.0	0.0	0.0	0.0	0.0	0.0	0.0	0.0	0.0	0.0	0.0	144.34482758620692	0.0	0.32690346	0.367980015	0.879575385	6.821219999999999	3.41824	1.64808	388147.0	1775936898.193776	0.0	1.0	0.0	-1.0	-1.0	-1.0	1775936898.193776	closed-hand	Close	1	20260411_124810	Trigger
7603.155	17555.309999999998	9067.185	5194.26	0.0	0.0	0.0	0.0	0.0	0.0	0.0	0.0	0.0	0.0	0.0	0.0	0.0	0.0	144.34482758620692	0.0	0.32690346	0.367980015	0.879575385	6.821219999999999	3.41824	1.64808	388148.0	1775936898.193799	0.0	1.0	0.0	-1.0	-1.0	-1.0	1775936898.193799	closed-hand	Close	1	20260411_124810	Trigger
17921.61	21399.165	19554.885	13403.025	0.0	0.0	0.0	0.0	0.0	0.0	0.0	0.0	0.0	0.0	0.0	0.0	0.0	0.0	144.34482758620692	0.0	0.32983314	0.3564444	0.88195575	3.9981199999999997	4.51696	-1.96854	388149.0	1775936898.197753	0.0	1.0	0.0	-1.0	-1.0	-1.0	1775936898.197753	closed-hand	Close	1	20260411_124810	Trigger
14571.765	7612.5599999999995	15114.734999999999	11425.23	0.0	0.0	0.0	0.0	0.0	0.0	0.0	0.0	0.0	0.0	0.0	0.0	0.0	0.0	144.34482758620692	0.0	0.32983314	0.3564444	0.88195575	3.9981199999999997	4.51696	-1.96854	388150.0	1775936898.197777	0.0	1.0	0.0	-1.0	-1.0	-1.0	1775936898.197777	closed-hand	Close	1	20260411_124810	Trigger
1073.97	131.17499999999998	1082.43	863.01	0.0	0.0	0.0	0.0	0.0	0.0	0.0	0.0	0.0	0.0	0.0	0.0	0.0	0.0	144.34482758620692	0.0	0.32983314	0.3564444	0.88195575	3.9981199999999997	4.51696	-1.96854	388151.0	1775936898.201867	0.0	1.0	0.0	-1.0	-1.0	-1.0	1775936898.201867	closed-hand	Close	1	20260411_124810	Trigger
11454.435	-5422.995	10828.619999999999	8767.125	0.0	0.0	0.0	0.0	0.0	0.0	0.0	0.0	0.0	0.0	0.0	0.0	0.0	0.0	144.34482758620692	0.0	0.32983314	0.3564444	0.88195575	3.9981199999999997	4.51696	-1.96854	388152.0	1775936898.201891	0.0	1.0	0.0	-1.0	-1.0	-1.0	1775936898.201891	closed-hand	Close	1	20260411_124810	Trigger
29599.559999999998	-7826.849999999999	27717.164999999997	20918.61	0.0	0.0	0.0	0.0	0.0	0.0	0.0	0.0	0.0	0.0	0.0	0.0	0.0	0.0	144.34482758620692	0.0	0.32983314	0.3564444	0.88195575	3.9981199999999997	4.51696	-1.96854	388153.0	1775936898.207896	0.0	1.0	0.0	-1.0	-1.0	-1.0	1775936898.207896	closed-hand	Close	1	20260411_124810	Trigger
16488.809999999998	758.16	15418.26	10268.01	0.0	0.0	0.0	0.0	0.0	0.0	0.0	0.0	0.0	0.0	0.0	0.0	0.0	0.0	144.34482758620692	0.0	0.32983314	0.3564444	0.88195575	3.9981199999999997	4.51696	-1.96854	388154.0	1775936898.207922	0.0	1.0	0.0	-1.0	-1.0	-1.0	1775936898.207922	closed-hand	Close	1	20260411_124810	Trigger
1492.5149999999999	819.855	1424.7	791.055	0.0	0.0	0.0	0.0	0.0	0.0	0.0	0.0	0.0	0.0	0.0	0.0	0.0	0.0	144.34482758620692	0.0	0.32983314	0.3564444	0.88195575	3.9981199999999997	4.51696	-1.96854	388155.0	1775936898.209915	0.0	1.0	0.0	-1.0	-1.0	-1.0	1775936898.209915	closed-hand	Close	1	20260411_124810	Trigger
4752.0	11884.14	5735.385	3764.97	0.0	0.0	0.0	0.0	0.0	0.0	0.0	0.0	0.0	0.0	0.0	0.0	0.0	0.0	144.34482758620692	0.0	0.32983314	0.3564444	0.88195575	3.9981199999999997	4.51696	-1.96854	388156.0	1775936898.209939	0.0	1.0	0.0	-1.0	-1.0	-1.0	1775936898.209939	closed-hand	Close	1	20260411_124810	Trigger
15509.609999999999	24013.26	17302.184999999998	12640.005	0.0	0.0	0.0	0.0	0.0	0.0	0.0	0.0	0.0	0.0	0.0	0.0	0.0	0.0	144.34482758620692	0.0	0.32983314	0.3564444	0.88195575	3.9981199999999997	4.51696	-1.96854	388157.0	1775936898.216907	0.0	1.0	0.0	-1.0	-1.0	-1.0	1775936898.216907	closed-hand	Close	1	20260411_124810	Trigger
18837.135	12512.205	19628.91	15542.234999999999	0.0	0.0	0.0	0.0	0.0	0.0	0.0	0.0	0.0	0.0	0.0	0.0	0.0	0.0	144.34482758620692	0.0	0.32983314	0.3564444	0.88195575	3.9981199999999997	4.51696	-1.96854	388158.0	1775936898.216931	0.0	1.0	0.0	-1.0	-1.0	-1.0	1775936898.216931	closed-hand	Close	1	20260411_124810	Trigger
3426.66	1191.6	3479.22	2856.105	0.0	0.0	0.0	0.0	0.0	0.0	0.0	0.0	0.0	0.0	0.0	0.0	0.0	0.0	144.34482758620692	0.0	0.328917615	0.35327058	0.886655445	7.2485	8.51508	0.8392999999999999	388159.0	1775936898.219263	0.0	1.0	0.0	-1.0	-1.0	-1.0	1775936898.219263	closed-hand	Close	1	20260411_124810	Trigger
5258.7	-2740.995	5001.885	4252.724999999999	0.0	0.0	0.0	0.0	0.0	0.0	0.0	0.0	0.0	0.0	0.0	0.0	0.0	0.0	144.34482758620692	0.0	0.328917615	0.35327058	0.886655445	7.2485	8.51508	0.8392999999999999	388160.0	1775936898.21929	0.0	1.0	0.0	-1.0	-1.0	-1.0	1775936898.21929	closed-hand	Close	1	20260411_124810	Trigger
27391.68	-8592.75	25763.309999999998	20814.344999999998	0.0	0.0	0.0	0.0	0.0	0.0	0.0	0.0	0.0	0.0	0.0	0.0	0.0	0.0	144.34482758620692	0.0	0.328917615	0.35327058	0.886655445	7.2485	8.51508	0.8392999999999999	388161.0	1775936898.225093	0.0	1.0	0.0	-1.0	-1.0	-1.0	1775936898.225093	closed-hand	Close	1	20260411_124810	Trigger
22644.989999999998	-533.43	21229.29	15745.005	0.0	0.0	0.0	0.0	0.0	0.0	0.0	0.0	0.0	0.0	0.0	0.0	0.0	0.0	144.34482758620692	0.0	0.328917615	0.35327058	0.886655445	7.2485	8.51508	0.8392999999999999	388162.0	1775936898.225118	0.0	1.0	0.0	-1.0	-1.0	-1.0	1775936898.225118	closed-hand	Close	1	20260411_124810	Trigger
4123.98	1357.605	3873.555	2533.14	0.0	0.0	0.0	0.0	0.0	0.0	0.0	0.0	0.0	0.0	0.0	0.0	0.0	0.0	144.34482758620692	0.0	0.328917615	0.35327058	0.886655445	7.2485	8.51508	0.8392999999999999	388163.0	1775936898.22591	0.0	1.0	0.0	-1.0	-1.0	-1.0	1775936898.22591	closed-hand	Close	1	20260411_124810	Trigger
2266.605	5804.46	2773.305	2170.98	0.0	0.0	0.0	0.0	0.0	0.0	0.0	0.0	0.0	0.0	0.0	0.0	0.0	0.0	144.34482758620692	0.0	0.328917615	0.35327058	0.886655445	7.2485	8.51508	0.8392999999999999	388164.0	1775936898.225933	0.0	1.0	0.0	-1.0	-1.0	-1.0	1775936898.225933	closed-hand	Close	1	20260411_124810	Trigger
12442.545	22676.489999999998	14351.22	11652.705	0.0	0.0	0.0	0.0	0.0	0.0	0.0	0.0	0.0	0.0	0.0	0.0	0.0	0.0	144.34482758620692	0.0	0.328917615	0.35327058	0.886655445	7.2485	8.51508	0.8392999999999999	388165.0	1775936898.229923	0.0	1.0	0.0	-1.0	-1.0	-1.0	1775936898.229923	closed-hand	Close	1	20260411_124810	Trigger
20460.87	16375.904999999999	21731.94	18380.655	0.0	0.0	0.0	0.0	0.0	0.0	0.0	0.0	0.0	0.0	0.0	0.0	0.0	0.0	144.34482758620692	0.0	0.328917615	0.35327058	0.886655445	7.2485	8.51508	0.8392999999999999	388166.0	1775936898.229946	0.0	1.0	0.0	-1.0	-1.0	-1.0	1775936898.229946	closed-hand	Close	1	20260411_124810	Trigger
8080.335	3111.8849999999998	8294.94	7195.005	0.0	0.0	0.0	0.0	0.0	0.0	0.0	0.0	0.0	0.0	0.0	0.0	0.0	0.0	144.34482758620692	0.0	0.328917615	0.35327058	0.886655445	7.2485	8.51508	0.8392999999999999	388167.0	1775936898.233916	0.0	1.0	0.0	-1.0	-1.0	-1.0	1775936898.233916	closed-hand	Close	1	20260411_124810	Trigger
1625.8049999999998	-1007.64	1555.3799999999999	1367.46	0.0	0.0	0.0	0.0	0.0	0.0	0.0	0.0	0.0	0.0	0.0	0.0	0.0	0.0	144.34482758620692	0.0	0.328917615	0.35327058	0.886655445	7.2485	8.51508	0.8392999999999999	388168.0	1775936898.233939	0.0	1.0	0.0	-1.0	-1.0	-1.0	1775936898.233939	closed-hand	Close	1	20260411_124810	Trigger
21376.395	-8023.7699999999995	20198.16	17078.13	0.0	0.0	0.0	0.0	0.0	0.0	0.0	0.0	0.0	0.0	0.0	0.0	0.0	0.0	144.34482758620692	0.0	0.324278955	0.356749575	0.89513931	11.841759999999999	8.179359999999999	3.69292	388169.0	1775936898.237953	0.0	1.0	0.0	-1.0	-1.0	-1.0	1775936898.237953	closed-hand	Close	1	20260411_124810	Trigger
27520.379999999997	-3606.21	25872.57	20738.745	0.0	0.0	0.0	0.0	0.0	0.0	0.0	0.0	0.0	0.0	0.0	0.0	0.0	0.0	144.34482758620692	0.0	0.324278955	0.356749575	0.89513931	11.841759999999999	8.179359999999999	3.69292	388170.0	1775936898.237985	0.0	1.0	0.0	-1.0	-1.0	-1.0	1775936898.237985	closed-hand	Close	1	20260411_124810	Trigger
8924.265	1875.78	8386.74	6161.49	0.0	0.0	0.0	0.0	0.0	0.0	0.0	0.0	0.0	0.0	0.0	0.0	0.0	0.0	144.34482758620692	0.0	0.324278955	0.356749575	0.89513931	11.841759999999999	8.179359999999999	3.69292	388171.0	1775936898.241994	0.0	1.0	0.0	-1.0	-1.0	-1.0	1775936898.241994	closed-hand	Close	1	20260411_124810	Trigger
1073.1599999999999	2414.16	1255.635	910.98	0.0	0.0	0.0	0.0	0.0	0.0	0.0	0.0	0.0	0.0	0.0	0.0	0.0	0.0	144.34482758620692	0.0	0.324278955	0.356749575	0.89513931	11.841759999999999	8.179359999999999	3.69292	388172.0	1775936898.24202	0.0	1.0	0.0	-1.0	-1.0	-1.0	1775936898.24202	closed-hand	Close	1	20260411_124810	Trigger
9161.1	20010.329999999998	10788.66	8376.074999999999	0.0	0.0	0.0	0.0	0.0	0.0	0.0	0.0	0.0	0.0	0.0	0.0	0.0	0.0	144.34482758620692	0.0	0.324278955	0.356749575	0.89513931	11.841759999999999	8.179359999999999	3.69292	388173.0	1775936898.24599	0.0	1.0	0.0	-1.0	-1.0	-1.0	1775936898.24599	closed-hand	Close	1	20260411_124810	Trigger
19315.8	21685.41	20890.215	17243.64	0.0	0.0	0.0	0.0	0.0	0.0	0.0	0.0	0.0	0.0	0.0	0.0	0.0	0.0	144.34482758620692	0.0	0.324278955	0.356749575	0.89513931	11.841759999999999	8.179359999999999	3.69292	388174.0	1775936898.24602	0.0	1.0	0.0	-1.0	-1.0	-1.0	1775936898.24602	closed-hand	Close	1	20260411_124810	Trigger
13613.49	7158.509999999999	14024.295	11986.244999999999	0.0	0.0	0.0	0.0	0.0	0.0	0.0	0.0	0.0	0.0	0.0	0.0	0.0	0.0	144.34482758620692	0.0	0.324278955	0.356749575	0.89513931	11.841759999999999	8.179359999999999	3.69292	388175.0	1775936898.249937	0.0	1.0	0.0	-1.0	-1.0	-1.0	1775936898.249937	closed-hand	Close	1	20260411_124810	Trigger
853.785	-34.92	848.88	744.525	0.0	0.0	0.0	0.0	0.0	0.0	0.0	0.0	0.0	0.0	0.0	0.0	0.0	0.0	144.34482758620692	0.0	0.324278955	0.356749575	0.89513931	11.841759999999999	8.179359999999999	3.69292	388176.0	1775936898.249979	0.0	1.0	0.0	-1.0	-1.0	-1.0	1775936898.249979	closed-hand	Close	1	20260411_124810	Trigger
13640.894999999999	-5610.51	12906.404999999999	11072.205	0.0	0.0	0.0	0.0	0.0	0.0	0.0	0.0	0.0	0.0	0.0	0.0	0.0	0.0	144.34482758620692	0.0	0.324278955	0.356749575	0.89513931	11.841759999999999	8.179359999999999	3.69292	388177.0	1775936898.253962	0.0	1.0	0.0	-1.0	-1.0	-1.0	1775936898.253962	closed-hand	Close	1	20260411_124810	Trigger
29810.835	-5842.349999999999	28029.059999999998	23010.03	0.0	0.0	0.0	0.0	0.0	0.0	0.0	0.0	0.0	0.0	0.0	0.0	0.0	0.0	144.34482758620692	0.0	0.324278955	0.356749575	0.89513931	11.841759999999999	8.179359999999999	3.69292	388178.0	1775936898.253989	0.0	1.0	0.0	-1.0	-1.0	-1.0	1775936898.253989	closed-hand	Close	1	20260411_124810	Trigger
15051.24	2048.985	14167.17	10792.125	0.0	0.0	0.0	0.0	0.0	0.0	0.0	0.0	0.0	0.0	0.0	0.0	0.0	0.0	144.34482758620692	0.0	0.324156885	0.35497956	0.8939186100000001	13.18464	9.018659999999999	-0.28994	388179.0	1775936898.257955	0.0	1.0	0.0	-1.0	-1.0	-1.0	1775936898.257955	closed-hand	Close	1	20260411_124810	Trigger
1230.885	1052.235	1213.155	837.5849999999999	0.0	0.0	0.0	0.0	0.0	0.0	0.0	0.0	0.0	0.0	0.0	0.0	0.0	0.0	144.34482758620692	0.0	0.324156885	0.35497956	0.8939186100000001	13.18464	9.018659999999999	-0.28994	388180.0	1775936898.257981	0.0	1.0	0.0	-1.0	-1.0	-1.0	1775936898.257981	closed-hand	Close	1	20260411_124810	Trigger
5797.304999999999	13927.545	6870.78	5243.13	0.0	0.0	0.0	0.0	0.0	0.0	0.0	0.0	0.0	0.0	0.0	0.0	0.0	0.0	144.34482758620692	0.0	0.324156885	0.35497956	0.8939186100000001	13.18464	9.018659999999999	-0.28994	388181.0	1775936898.261961	0.0	1.0	0.0	-1.0	-1.0	-1.0	1775936898.261961	closed-hand	Close	1	20260411_124810	Trigger
16752.42	24159.96	18439.11	15000.93	0.0	0.0	0.0	0.0	0.0	0.0	0.0	0.0	0.0	0.0	0.0	0.0	0.0	0.0	144.34482758620692	0.0	0.324156885	0.35497956	0.8939186100000001	13.18464	9.018659999999999	-0.28994	388182.0	1775936898.261985	0.0	1.0	0.0	-1.0	-1.0	-1.0	1775936898.261985	closed-hand	Close	1	20260411_124810	Trigger
18279.045	11644.335	18972.495	16167.105	0.0	0.0	0.0	0.0	0.0	0.0	0.0	0.0	0.0	0.0	0.0	0.0	0.0	0.0	144.34482758620692	0.0	0.324156885	0.35497956	0.8939186100000001	13.18464	9.018659999999999	-0.28994	388183.0	1775936898.266029	0.0	1.0	0.0	-1.0	-1.0	-1.0	1775936898.266029	closed-hand	Close	1	20260411_124810	Trigger
2627.8199999999997	897.5699999999999	2662.515	2315.97	0.0	0.0	0.0	0.0	0.0	0.0	0.0	0.0	0.0	0.0	0.0	0.0	0.0	0.0	144.34482758620692	0.0	0.324156885	0.35497956	0.8939186100000001	13.18464	9.018659999999999	-0.28994	388184.0	1775936898.266053	0.0	1.0	0.0	-1.0	-1.0	-1.0	1775936898.266053	closed-hand	Close	1	20260411_124810	Trigger
6592.41	-3132.765	6258.0599999999995	5427.945	0.0	0.0	0.0	0.0	0.0	0.0	0.0	0.0	0.0	0.0	0.0	0.0	0.0	0.0	144.34482758620692	0.0	0.324156885	0.35497956	0.8939186100000001	13.18464	9.018659999999999	-0.28994	388185.0	1775936898.270095	0.0	1.0	0.0	-1.0	-1.0	-1.0	1775936898.270095	closed-hand	Close	1	20260411_124810	Trigger
28650.42	-7821.224999999999	26910.405	22419.135	0.0	0.0	0.0	0.0	0.0	0.0	0.0	0.0	0.0	0.0	0.0	0.0	0.0	0.0	144.34482758620692	0.0	0.324156885	0.35497956	0.8939186100000001	13.18464	9.018659999999999	-0.28994	388186.0	1775936898.270135	0.0	1.0	0.0	-1.0	-1.0	-1.0	1775936898.270135	closed-hand	Close	1	20260411_124810	Trigger
21545.55	553.14	20186.145	15755.31	0.0	0.0	0.0	0.0	0.0	0.0	0.0	0.0	0.0	0.0	0.0	0.0	0.0	0.0	144.34482758620692	0.0	0.324156885	0.35497956	0.8939186100000001	13.18464	9.018659999999999	-0.28994	388187.0	1775936898.274062	0.0	1.0	0.0	-1.0	-1.0	-1.0	1775936898.274062	closed-hand	Close	1	20260411_124810	Trigger
3317.9849999999997	1290.2849999999999	3122.37	2223.315	0.0	0.0	0.0	0.0	0.0	0.0	0.0	0.0	0.0	0.0	0.0	0.0	0.0	0.0	144.34482758620692	0.0	0.324156885	0.35497956	0.8939186100000001	13.18464	9.018659999999999	-0.28994	388188.0	1775936898.274092	0.0	1.0	0.0	-1.0	-1.0	-1.0	1775936898.274092	closed-hand	Close	1	20260411_124810	Trigger
3100.095	7707.735	3705.0299999999997	2815.785	0.0	0.0	0.0	0.0	0.0	0.0	0.0	0.0	0.0	0.0	0.0	0.0	0.0	0.0	144.34482758620692	0.0	0.327086565	0.356749575	0.899350725	8.9271	6.01244	0.85456	388189.0	1775936898.278042	0.0	1.0	0.0	-1.0	-1.0	-1.0	1775936898.278042	closed-hand	Close	1	20260411_124810	Trigger
13599.0	24428.16	15331.68	12294.18	0.0	0.0	0.0	0.0	0.0	0.0	0.0	0.0	0.0	0.0	0.0	0.0	0.0	0.0	144.34482758620692	0.0	0.327086565	0.356749575	0.899350725	8.9271	6.01244	0.85456	388190.0	1775936898.278067	0.0	1.0	0.0	-1.0	-1.0	-1.0	1775936898.278067	closed-hand	Close	1	20260411_124810	Trigger
20486.745	16444.26	21473.235	18179.145	0.0	0.0	0.0	0.0	0.0	0.0	0.0	0.0	0.0	0.0	0.0	0.0	0.0	0.0	144.34482758620692	0.0	0.327086565	0.356749575	0.899350725	8.9271	6.01244	0.85456	388191.0	1775936898.281968	0.0	1.0	0.0	-1.0	-1.0	-1.0	1775936898.281968	closed-hand	Close	1	20260411_124810	Trigger
6606.179999999999	2765.25	6737.085	5861.745	0.0	0.0	0.0	0.0	0.0	0.0	0.0	0.0	0.0	0.0	0.0	0.0	0.0	0.0	144.34482758620692	0.0	0.327086565	0.356749575	0.899350725	8.9271	6.01244	0.85456	388192.0	1775936898.281993	0.0	1.0	0.0	-1.0	-1.0	-1.0	1775936898.281993	closed-hand	Close	1	20260411_124810	Trigger
2215.395	-1261.53	2110.185	1834.11	0.0	0.0	0.0	0.0	0.0	0.0	0.0	0.0	0.0	0.0	0.0	0.0	0.0	0.0	144.34482758620692	0.0	0.327086565	0.356749575	0.899350725	8.9271	6.01244	0.85456	388193.0	1775936898.285998	0.0	1.0	0.0	-1.0	-1.0	-1.0	1775936898.285998	closed-hand	Close	1	20260411_124810	Trigger
23203.305	-7803.315	21810.51	18214.829999999998	0.0	0.0	0.0	0.0	0.0	0.0	0.0	0.0	0.0	0.0	0.0	0.0	0.0	0.0	144.34482758620692	0.0	0.327086565	0.356749575	0.899350725	8.9271	6.01244	0.85456	388194.0	1775936898.286023	0.0	1.0	0.0	-1.0	-1.0	-1.0	1775936898.286023	closed-hand	Close	1	20260411_124810	Trigger
26854.739999999998	-2164.455	25091.37	19813.184999999998	0.0	0.0	0.0	0.0	0.0	0.0	0.0	0.0	0.0	0.0	0.0	0.0	0.0	0.0	144.34482758620692	0.0	0.327086565	0.356749575	0.899350725	8.9271	6.01244	0.85456	388195.0	1775936898.290138	0.0	1.0	0.0	-1.0	-1.0	-1.0	1775936898.290138	closed-hand	Close	1	20260411_124810	Trigger
7660.44	2071.2599999999998	7171.155	5191.83	0.0	0.0	0.0	0.0	0.0	0.0	0.0	0.0	0.0	0.0	0.0	0.0	0.0	0.0	144.34482758620692	0.0	0.327086565	0.356749575	0.899350725	8.9271	6.01244	0.85456	388196.0	1775936898.290163	0.0	1.0	0.0	-1.0	-1.0	-1.0	1775936898.290163	closed-hand	Close	1	20260411_124810	Trigger
1221.5249999999999	3036.555	1452.735	1063.305	0.0	0.0	0.0	0.0	0.0	0.0	0.0	0.0	0.0	0.0	0.0	0.0	0.0	0.0	144.34482758620692	0.0	0.327086565	0.356749575	0.899350725	8.9271	6.01244	0.85456	388197.0	1775936898.29407	0.0	1.0	0.0	-1.0	-1.0	-1.0	1775936898.29407	closed-hand	Close	1	20260411_124810	Trigger
9960.119999999999	21266.28	11544.57	9023.67	0.0	0.0	0.0	0.0	0.0	0.0	0.0	0.0	0.0	0.0	0.0	0.0	0.0	0.0	144.34482758620692	0.0	0.327086565	0.356749575	0.899350725	8.9271	6.01244	0.85456	388198.0	1775936898.294093	0.0	1.0	0.0	-1.0	-1.0	-1.0	1775936898.294093	closed-hand	Close	1	20260411_124810	Trigger
19838.16	21099.78	21184.829999999998	17627.265	0.0	0.0	0.0	0.0	0.0	0.0	0.0	0.0	0.0	0.0	0.0	0.0	0.0	0.0	144.34482758620692	0.0	0.324645165	0.35522370000000003	0.900327285	3.02148	2.91466	-0.39676	388199.0	1775936898.298106	0.0	1.0	0.0	-1.0	-1.0	-1.0	1775936898.298106	closed-hand	Close	1	20260411_124810	Trigger
12276.81	6273.36	12582.494999999999	10830.555	0.0	0.0	0.0	0.0	0.0	0.0	0.0	0.0	0.0	0.0	0.0	0.0	0.0	0.0	144.34482758620692	0.0	0.324645165	0.35522370000000003	0.900327285	3.02148	2.91466	-0.39676	388200.0	1775936898.298131	0.0	1.0	0.0	-1.0	-1.0	-1.0	1775936898.298131	closed-hand	Close	1	20260411_124810	Trigger
743.7149999999999	-200.385	727.9649999999999	642.465	0.0	0.0	0.0	0.0	0.0	0.0	0.0	0.0	0.0	0.0	0.0	0.0	0.0	0.0	144.34482758620692	0.0	0.324645165	0.35522370000000003	0.900327285	3.02148	2.91466	-0.39676	388201.0	1775936898.302025	0.0	1.0	0.0	-1.0	-1.0	-1.0	1775936898.302025	closed-hand	Close	1	20260411_124810	Trigger
15340.769999999999	-6075.585	14437.98	12307.005	0.0	0.0	0.0	0.0	0.0	0.0	0.0	0.0	0.0	0.0	0.0	0.0	0.0	0.0	144.34482758620692	0.0	0.324645165	0.35522370000000003	0.900327285	3.02148	2.91466	-0.39676	388202.0	1775936898.302048	0.0	1.0	0.0	-1.0	-1.0	-1.0	1775936898.302048	closed-hand	Close	1	20260411_124810	Trigger
30004.11	-5465.79	28056.51	22894.02	0.0	0.0	0.0	0.0	0.0	0.0	0.0	0.0	0.0	0.0	0.0	0.0	0.0	0.0	144.34482758620692	0.0	0.324645165	0.35522370000000003	0.900327285	3.02148	2.91466	-0.39676	388203.0	1775936898.306084	0.0	1.0	0.0	-1.0	-1.0	-1.0	1775936898.306084	closed-hand	Close	1	20260411_124810	Trigger
13892.445	2047.455	12980.835	9834.3	0.0	0.0	0.0	0.0	0.0	0.0	0.0	0.0	0.0	0.0	0.0	0.0	0.0	0.0	144.34482758620692	0.0	0.324645165	0.35522370000000003	0.900327285	3.02148	2.91466	-0.39676	388204.0	1775936898.306108	0.0	1.0	0.0	-1.0	-1.0	-1.0	1775936898.306108	closed-hand	Close	1	20260411_124810	Trigger
1024.11	1114.605	1028.385	714.645	0.0	0.0	0.0	0.0	0.0	0.0	0.0	0.0	0.0	0.0	0.0	0.0	0.0	0.0	144.34482758620692	0.0	0.324645165	0.35522370000000003	0.900327285	3.02148	2.91466	-0.39676	388205.0	1775936898.310128	0.0	1.0	0.0	-1.0	-1.0	-1.0	1775936898.310128	closed-hand	Close	1	20260411_124810	Trigger
6436.17	15176.385	7544.61	5835.0599999999995	0.0	0.0	0.0	0.0	0.0	0.0	0.0	0.0	0.0	0.0	0.0	0.0	0.0	0.0	144.34482758620692	0.0	0.324645165	0.35522370000000003	0.900327285	3.02148	2.91466	-0.39676	388206.0	1775936898.310151	0.0	1.0	0.0	-1.0	-1.0	-1.0	1775936898.310151	closed-hand	Close	1	20260411_124810	Trigger
17506.934999999998	24152.399999999998	19017.899999999998	15617.835	0.0	0.0	0.0	0.0	0.0	0.0	0.0	0.0	0.0	0.0	0.0	0.0	0.0	0.0	144.34482758620692	0.0	0.324645165	0.35522370000000003	0.900327285	3.02148	2.91466	-0.39676	388207.0	1775936898.314128	0.0	1.0	0.0	-1.0	-1.0	-1.0	1775936898.314128	closed-hand	Close	1	20260411_124810	Trigger
17461.845	10871.595	17964.719999999998	15378.255	0.0	0.0	0.0	0.0	0.0	0.0	0.0	0.0	0.0	0.0	0.0	0.0	0.0	0.0	144.34482758620692	0.0	0.324645165	0.35522370000000003	0.900327285	3.02148	2.91466	-0.39676	388208.0	1775936898.314157	0.0	1.0	0.0	-1.0	-1.0	-1.0	1775936898.314157	closed-hand	Close	1	20260411_124810	Trigger
2025.405	666.72	2037.33	1780.11	0.0	0.0	0.0	0.0	0.0	0.0	0.0	0.0	0.0	0.0	0.0	0.0	0.0	0.0	144.34482758620692	0.0	0.320006505	0.35485749	0.89257584	4.0896799999999995	3.03674	-2.12114	388209.0	1775936898.319495	0.0	1.0	0.0	-1.0	-1.0	-1.0	1775936898.319495	closed-hand	Close	1	20260411_124810	Trigger
7775.28	-3567.285	7354.3949999999995	6419.295	0.0	0.0	0.0	0.0	0.0	0.0	0.0	0.0	0.0	0.0	0.0	0.0	0.0	0.0	144.34482758620692	0.0	0.320006505	0.35485749	0.89257584	4.0896799999999995	3.03674	-2.12114	388210.0	1775936898.319519	0.0	1.0	0.0	-1.0	-1.0	-1.0	1775936898.319519	closed-hand	Close	1	20260411_124810	Trigger
29465.64	-7731.855	27583.245	23310.945	0.0	0.0	0.0	0.0	0.0	0.0	0.0	0.0	0.0	0.0	0.0	0.0	0.0	0.0	144.34482758620692	0.0	0.320006505	0.35485749	0.89257584	4.0896799999999995	3.03674	-2.12114	388211.0	1775936898.322213	0.0	1.0	0.0	-1.0	-1.0	-1.0	1775936898.322213	closed-hand	Close	1	20260411_124810	Trigger
20484.315	759.51	19110.87	15265.755	0.0	0.0	0.0	0.0	0.0	0.0	0.0	0.0	0.0	0.0	0.0	0.0	0.0	0.0	144.34482758620692	0.0	0.320006505	0.35485749	0.89257584	4.0896799999999995	3.03674	-2.12114	388212.0	1775936898.322236	0.0	1.0	0.0	-1.0	-1.0	-1.0	1775936898.322236	closed-hand	Close	1	20260411_124810	Trigger
2702.97	1106.955	2528.055	1863.405	0.0	0.0	0.0	0.0	0.0	0.0	0.0	0.0	0.0	0.0	0.0	0.0	0.0	0.0	144.34482758620692	0.0	0.320006505	0.35485749	0.89257584	4.0896799999999995	3.03674	-2.12114	388213.0	1775936898.330479	0.0	1.0	0.0	-1.0	-1.0	-1.0	1775936898.330479	closed-hand	Close	1	20260411_124810	Trigger
3571.1549999999997	8757.72	4243.23	3333.6	0.0	0.0	0.0	0.0	0.0	0.0	0.0	0.0	0.0	0.0	0.0	0.0	0.0	0.0	144.34482758620692	0.0	0.320006505	0.35485749	0.89257584	4.0896799999999995	3.03674	-2.12114	388214.0	1775936898.330515	0.0	1.0	0.0	-1.0	-1.0	-1.0	1775936898.330515	closed-hand	Close	1	20260411_124810	Trigger
14414.49	24922.17	16124.22	13329.81	0.0	0.0	0.0	0.0	0.0	0.0	0.0	0.0	0.0	0.0	0.0	0.0	0.0	0.0	144.34482758620692	0.0	0.320006505	0.35485749	0.89257584	4.0896799999999995	3.03674	-2.12114	388215.0	1775936898.33055	0.0	1.0	0.0	-1.0	-1.0	-1.0	1775936898.33055	closed-hand	Close	1	20260411_124810	Trigger
20411.46	15857.414999999999	21291.93	18383.535	0.0	0.0	0.0	0.0	0.0	0.0	0.0	0.0	0.0	0.0	0.0	0.0	0.0	0.0	144.34482758620692	0.0	0.320006505	0.35485749	0.89257584	4.0896799999999995	3.03674	-2.12114	388216.0	1775936898.330575	0.0	1.0	0.0	-1.0	-1.0	-1.0	1775936898.330575	closed-hand	Close	1	20260411_124810	Trigger
5563.035	2315.61	5650.2	4983.705	0.0	0.0	0.0	0.0	0.0	0.0	0.0	0.0	0.0	0.0	0.0	0.0	0.0	0.0	144.34482758620692	0.0	0.320006505	0.35485749	0.89257584	4.0896799999999995	3.03674	-2.12114	388217.0	1775936898.334461	0.0	1.0	0.0	-1.0	-1.0	-1.0	1775936898.334461	closed-hand	Close	1	20260411_124810	Trigger
3041.145	-1248.57	2944.2599999999998	1373.985	0.0	0.0	0.0	0.0	0.0	0.0	0.0	0.0	0.0	0.0	0.0	0.0	0.0	0.0	144.34482758620692	0.0	0.320006505	0.35485749	0.89257584	4.0896799999999995	3.03674	-2.12114	388218.0	1775936898.334493	0.0	1.0	0.0	-1.0	-1.0	-1.0	1775936898.334493	closed-hand	Close	1	20260411_124810	Trigger
23542.785	-4196.34	22651.829999999998	8096.085	0.0	0.0	0.0	0.0	0.0	0.0	0.0	0.0	0.0	0.0	0.0	0.0	0.0	0.0	144.34482758620692	0.0	0.316588545	0.356139225	0.89538345	4.91372	0.09156	-1.2207999999999999	388219.0	1775936898.338708	0.0	1.0	0.0	-1.0	-1.0	-1.0	1775936898.338708	closed-hand	Close	1	20260411_124810	Trigger
23498.415	3625.2	22630.5	4164.974999999999	0.0	0.0	0.0	0.0	0.0	0.0	0.0	0.0	0.0	0.0	0.0	0.0	0.0	0.0	144.34482758620692	0.0	0.316588545	0.356139225	0.89538345	4.91372	0.09156	-1.2207999999999999	388220.0	1775936898.338741	0.0	1.0	0.0	-1.0	-1.0	-1.0	1775936898.338741	closed-hand	Close	1	20260411_124810	Trigger
5653.575	3625.065	5504.58	-575.28	0.0	0.0	0.0	0.0	0.0	0.0	0.0	0.0	0.0	0.0	0.0	0.0	0.0	0.0	144.34482758620692	0.0	0.316588545	0.356139225	0.89538345	4.91372	0.09156	-1.2207999999999999	388221.0	1775936898.343097	0.0	1.0	0.0	-1.0	-1.0	-1.0	1775936898.343097	closed-hand	Close	1	20260411_124810	Trigger
1363.995	3592.845	1684.7549999999999	17.325	0.0	0.0	0.0	0.0	0.0	0.0	0.0	0.0	0.0	0.0	0.0	0.0	0.0	0.0	144.34482758620692	0.0	0.316588545	0.356139225	0.89538345	4.91372	0.09156	-1.2207999999999999	388222.0	1775936898.343122	0.0	1.0	0.0	-1.0	-1.0	-1.0	1775936898.343122	closed-hand	Close	1	20260411_124810	Trigger
9926.775	20034.315	11658.195	3283.02	0.0	0.0	0.0	0.0	0.0	0.0	0.0	0.0	0.0	0.0	0.0	0.0	0.0	0.0	144.34482758620692	0.0	0.316588545	0.356139225	0.89538345	4.91372	0.09156	-1.2207999999999999	388223.0	1775936898.346239	0.0	1.0	0.0	-1.0	-1.0	-1.0	1775936898.346239	closed-hand	Close	1	20260411_124810	Trigger
19085.76	17015.67	20480.085	10590.435	0.0	0.0	0.0	0.0	0.0	0.0	0.0	0.0	0.0	0.0	0.0	0.0	0.0	0.0	144.34482758620692	0.0	0.316588545	0.356139225	0.89538345	4.91372	0.09156	-1.2207999999999999	388224.0	1775936898.346266	0.0	1.0	0.0	-1.0	-1.0	-1.0	1775936898.346266	closed-hand	Close	1	20260411_124810	Trigger
10444.904999999999	4006.89	10762.335	6747.48	0.0	0.0	0.0	0.0	0.0	0.0	0.0	0.0	0.0	0.0	0.0	0.0	0.0	0.0	144.34482758620692	0.0	0.316588545	0.356139225	0.89538345	4.91372	0.09156	-1.2207999999999999	388225.0	1775936898.350468	0.0	1.0	0.0	-1.0	-1.0	-1.0	1775936898.350468	closed-hand	Close	1	20260411_124810	Trigger
815.67	-465.65999999999997	787.86	596.6999999999999	0.0	0.0	0.0	0.0	0.0	0.0	0.0	0.0	0.0	0.0	0.0	0.0	0.0	0.0	144.34482758620692	0.0	0.316588545	0.356139225	0.89538345	4.91372	0.09156	-1.2207999999999999	388226.0	1775936898.350493	0.0	1.0	0.0	-1.0	-1.0	-1.0	1775936898.350493	closed-hand	Close	1	20260411_124810	Trigger
17108.415	-7645.7699999999995	16076.16	11513.07	0.0	0.0	0.0	0.0	0.0	0.0	0.0	0.0	0.0	0.0	0.0	0.0	0.0	0.0	144.34482758620692	0.0	0.316588545	0.356139225	0.89538345	4.91372	0.09156	-1.2207999999999999	388227.0	1775936898.354202	0.0	1.0	0.0	-1.0	-1.0	-1.0	1775936898.354202	closed-hand	Close	1	20260411_124810	Trigger
28988.37	-6816.78	27082.125	17346.825	0.0	0.0	0.0	0.0	0.0	0.0	0.0	0.0	0.0	0.0	0.0	0.0	0.0	0.0	144.34482758620692	0.0	0.316588545	0.356139225	0.89538345	4.91372	0.09156	-1.2207999999999999	388228.0	1775936898.354229	0.0	1.0	0.0	-1.0	-1.0	-1.0	1775936898.354229	closed-hand	Close	1	20260411_124810	Trigger
11855.475	969.885	11131.289999999999	5738.67	0.0	0.0	0.0	0.0	0.0	0.0	0.0	0.0	0.0	0.0	0.0	0.0	0.0	0.0	144.34482758620692	0.0	0.31725993	0.35522370000000003	0.892270665	4.8831999999999995	-0.19838	-5.0358	388229.0	1775936898.358288	0.0	1.0	0.0	-1.0	-1.0	-1.0	1775936898.358288	closed-hand	Close	1	20260411_124810	Trigger
900.18	1312.065	955.8	388.755	0.0	0.0	0.0	0.0	0.0	0.0	0.0	0.0	0.0	0.0	0.0	0.0	0.0	0.0	144.34482758620692	0.0	0.31725993	0.35522370000000003	0.892270665	4.8831999999999995	-0.19838	-5.0358	388230.0	1775936898.358336	0.0	1.0	0.0	-1.0	-1.0	-1.0	1775936898.358336	closed-hand	Close	1	20260411_124810	Trigger
7203.87	16279.019999999999	8380.574999999999	4675.32	0.0	0.0	0.0	0.0	0.0	0.0	0.0	0.0	0.0	0.0	0.0	0.0	0.0	0.0	144.34482758620692	0.0	0.31725993	0.35522370000000003	0.892270665	4.8831999999999995	-0.19838	-5.0358	388231.0	1775936898.362287	0.0	1.0	0.0	-1.0	-1.0	-1.0	1775936898.362287	closed-hand	Close	1	20260411_124810	Trigger
17797.68	22092.975	19262.07	13007.07	0.0	0.0	0.0	0.0	0.0	0.0	0.0	0.0	0.0	0.0	0.0	0.0	0.0	0.0	144.34482758620692	0.0	0.31725993	0.35522370000000003	0.892270665	4.8831999999999995	-0.19838	-5.0358	388232.0	1775936898.362312	0.0	1.0	0.0	-1.0	-1.0	-1.0	1775936898.362312	closed-hand	Close	1	20260411_124810	Trigger
15925.23	8638.335	16427.07	12337.83	0.0	0.0	0.0	0.0	0.0	0.0	0.0	0.0	0.0	0.0	0.0	0.0	0.0	0.0	144.34482758620692	0.0	0.31725993	0.35522370000000003	0.892270665	4.8831999999999995	-0.19838	-5.0358	388233.0	1775936898.366183	0.0	1.0	0.0	-1.0	-1.0	-1.0	1775936898.366183	closed-hand	Close	1	20260411_124810	Trigger
1426.995	320.445	1437.3	1133.595	0.0	0.0	0.0	0.0	0.0	0.0	0.0	0.0	0.0	0.0	0.0	0.0	0.0	0.0	144.34482758620692	0.0	0.31725993	0.35522370000000003	0.892270665	4.8831999999999995	-0.19838	-5.0358	388234.0	1775936898.366207	0.0	1.0	0.0	-1.0	-1.0	-1.0	1775936898.366207	closed-hand	Close	1	20260411_124810	Trigger
9601.109999999999	-4550.58	9060.57	7269.705	0.0	0.0	0.0	0.0	0.0	0.0	0.0	0.0	0.0	0.0	0.0	0.0	0.0	0.0	144.34482758620692	0.0	0.31725993	0.35522370000000003	0.892270665	4.8831999999999995	-0.19838	-5.0358	388235.0	1775936898.370282	0.0	1.0	0.0	-1.0	-1.0	-1.0	1775936898.370282	closed-hand	Close	1	20260411_124810	Trigger
29597.76	-8064.945	27646.245	20783.925	0.0	0.0	0.0	0.0	0.0	0.0	0.0	0.0	0.0	0.0	0.0	0.0	0.0	0.0	144.34482758620692	0.0	0.31725993	0.35522370000000003	0.892270665	4.8831999999999995	-0.19838	-5.0358	388236.0	1775936898.370314	0.0	1.0	0.0	-1.0	-1.0	-1.0	1775936898.370314	closed-hand	Close	1	20260411_124810	Trigger
18337.86	600.7049999999999	17108.19	11428.56	0.0	0.0	0.0	0.0	0.0	0.0	0.0	0.0	0.0	0.0	0.0	0.0	0.0	0.0	144.34482758620692	0.0	0.31725993	0.35522370000000003	0.892270665	4.8831999999999995	-0.19838	-5.0358	388237.0	1775936898.374305	0.0	1.0	0.0	-1.0	-1.0	-1.0	1775936898.374305	closed-hand	Close	1	20260411_124810	Trigger
1979.595	882.18	1863.72	1045.935	0.0	0.0	0.0	0.0	0.0	0.0	0.0	0.0	0.0	0.0	0.0	0.0	0.0	0.0	144.34482758620692	0.0	0.31725993	0.35522370000000003	0.892270665	4.8831999999999995	-0.19838	-5.0358	388238.0	1775936898.374329	0.0	1.0	0.0	-1.0	-1.0	-1.0	1775936898.374329	closed-hand	Close	1	20260411_124810	Trigger
4151.835	10221.795	4922.91	3244.185	0.0	0.0	0.0	0.0	0.0	0.0	0.0	0.0	0.0	0.0	0.0	0.0	0.0	0.0	144.34482758620692	0.0	0.32220376500000003	0.354552315	0.88403094	0.03052	-0.04578	-5.46308	388239.0	1775936898.37834	0.0	1.0	0.0	-1.0	-1.0	-1.0	1775936898.37834	closed-hand	Close	1	20260411_124810	Trigger
14913.045	24204.78	16518.78	11988.72	0.0	0.0	0.0	0.0	0.0	0.0	0.0	0.0	0.0	0.0	0.0	0.0	0.0	0.0	144.34482758620692	0.0	0.32220376500000003	0.354552315	0.88403094	0.03052	-0.04578	-5.46308	388240.0	1775936898.378363	0.0	1.0	0.0	-1.0	-1.0	-1.0	1775936898.378363	closed-hand	Close	1	20260411_124810	Trigger
19622.61	13812.885	20321.46	16066.529999999999	0.0	0.0	0.0	0.0	0.0	0.0	0.0	0.0	0.0	0.0	0.0	0.0	0.0	0.0	144.34482758620692	0.0	0.32220376500000003	0.354552315	0.88403094	0.03052	-0.04578	-5.46308	388241.0	1775936898.382286	0.0	1.0	0.0	-1.0	-1.0	-1.0	1775936898.382286	closed-hand	Close	1	20260411_124810	Trigger
4369.815	1601.7749999999999	4416.705	3640.14	0.0	0.0	0.0	0.0	0.0	0.0	0.0	0.0	0.0	0.0	0.0	0.0	0.0	0.0	144.34482758620692	0.0	0.32220376500000003	0.354552315	0.88403094	0.03052	-0.04578	-5.46308	388242.0	1775936898.382309	0.0	1.0	0.0	-1.0	-1.0	-1.0	1775936898.382309	closed-hand	Close	1	20260411_124810	Trigger
3969.18	-2086.56	3763.08	3154.095	0.0	0.0	0.0	0.0	0.0	0.0	0.0	0.0	0.0	0.0	0.0	0.0	0.0	0.0	144.34482758620692	0.0	0.32220376500000003	0.354552315	0.88403094	0.03052	-0.04578	-5.46308	388243.0	1775936898.386314	0.0	1.0	0.0	-1.0	-1.0	-1.0	1775936898.386314	closed-hand	Close	1	20260411_124810	Trigger
26243.055	-8485.965	24605.91	19644.075	0.0	0.0	0.0	0.0	0.0	0.0	0.0	0.0	0.0	0.0	0.0	0.0	0.0	0.0	144.34482758620692	0.0	0.32220376500000003	0.354552315	0.88403094	0.03052	-0.04578	-5.46308	388244.0	1775936898.386342	0.0	1.0	0.0	-1.0	-1.0	-1.0	1775936898.386342	closed-hand	Close	1	20260411_124810	Trigger
24352.379999999997	-1251.585	22725.36	16730.684999999998	0.0	0.0	0.0	0.0	0.0	0.0	0.0	0.0	0.0	0.0	0.0	0.0	0.0	0.0	144.34482758620692	0.0	0.32220376500000003	0.354552315	0.88403094	0.03052	-0.04578	-5.46308	388245.0	1775936898.390335	0.0	1.0	0.0	-1.0	-1.0	-1.0	1775936898.390335	closed-hand	Close	1	20260411_124810	Trigger
5189.715	1530.1799999999998	4835.07	3132.81	0.0	0.0	0.0	0.0	0.0	0.0	0.0	0.0	0.0	0.0	0.0	0.0	0.0	0.0	144.34482758620692	0.0	0.32220376500000003	0.354552315	0.88403094	0.03052	-0.04578	-5.46308	388246.0	1775936898.39036	0.0	1.0	0.0	-1.0	-1.0	-1.0	1775936898.39036	closed-hand	Close	1	20260411_124810	Trigger
1847.61	4796.325	2229.795	1554.9299999999998	0.0	0.0	0.0	0.0	0.0	0.0	0.0	0.0	0.0	0.0	0.0	0.0	0.0	0.0	144.34482758620692	0.0	0.32220376500000003	0.354552315	0.88403094	0.03052	-0.04578	-5.46308	388247.0	1775936898.394313	0.0	1.0	0.0	-1.0	-1.0	-1.0	1775936898.394313	closed-hand	Close	1	20260411_124810	Trigger
11575.17	22947.885	13217.76	9841.994999999999	0.0	0.0	0.0	0.0	0.0	0.0	0.0	0.0	0.0	0.0	0.0	0.0	0.0	0.0	144.34482758620692	0.0	0.32220376500000003	0.354552315	0.88403094	0.03052	-0.04578	-5.46308	388248.0	1775936898.394327	0.0	1.0	0.0	-1.0	-1.0	-1.0	1775936898.394327	closed-hand	Close	1	20260411_124810	Trigger
20235.195	18694.035	21359.52	17202.059999999998	0.0	0.0	0.0	0.0	0.0	0.0	0.0	0.0	0.0	0.0	0.0	0.0	0.0	0.0	144.34482758620692	0.0	0.32861244	0.357481995	0.8854957800000001	3.7386999999999997	1.5412599999999999	-5.82932	388249.0	1775936898.398428	0.0	1.0	0.0	-1.0	-1.0	-1.0	1775936898.398428	closed-hand	Close	1	20260411_124810	Trigger
9312.21	4229.91	9508.14	7984.844999999999	0.0	0.0	0.0	0.0	0.0	0.0	0.0	0.0	0.0	0.0	0.0	0.0	0.0	0.0	144.34482758620692	0.0	0.32861244	0.357481995	0.8854957800000001	3.7386999999999997	1.5412599999999999	-5.82932	388250.0	1775936898.398452	0.0	1.0	0.0	-1.0	-1.0	-1.0	1775936898.398452	closed-hand	Close	1	20260411_124810	Trigger
1150.7849999999999	-682.92	1100.0249999999999	949.0949999999999	0.0	0.0	0.0	0.0	0.0	0.0	0.0	0.0	0.0	0.0	0.0	0.0	0.0	0.0	144.34482758620692	0.0	0.32861244	0.357481995	0.8854957800000001	3.7386999999999997	1.5412599999999999	-5.82932	388251.0	1775936898.402287	0.0	1.0	0.0	-1.0	-1.0	-1.0	1775936898.402287	closed-hand	Close	1	20260411_124810	Trigger
19538.684999999998	-7287.344999999999	18378.36	15143.4	0.0	0.0	0.0	0.0	0.0	0.0	0.0	0.0	0.0	0.0	0.0	0.0	0.0	0.0	144.34482758620692	0.0	0.32861244	0.357481995	0.8854957800000001	3.7386999999999997	1.5412599999999999	-5.82932	388252.0	1775936898.402311	0.0	1.0	0.0	-1.0	-1.0	-1.0	1775936898.402311	closed-hand	Close	1	20260411_124810	Trigger
28586.07	-4001.265	26722.754999999997	20754.54	0.0	0.0	0.0	0.0	0.0	0.0	0.0	0.0	0.0	0.0	0.0	0.0	0.0	0.0	144.34482758620692	0.0	0.32861244	0.357481995	0.8854957800000001	3.7386999999999997	1.5412599999999999	-5.82932	388253.0	1775936898.406363	0.0	1.0	0.0	-1.0	-1.0	-1.0	1775936898.406363	closed-hand	Close	1	20260411_124810	Trigger
10350.765	2072.88	9669.555	6784.065	0.0	0.0	0.0	0.0	0.0	0.0	0.0	0.0	0.0	0.0	0.0	0.0	0.0	0.0	144.34482758620692	0.0	0.32861244	0.357481995	0.8854957800000001	3.7386999999999997	1.5412599999999999	-5.82932	388254.0	1775936898.40639	0.0	1.0	0.0	-1.0	-1.0	-1.0	1775936898.40639	closed-hand	Close	1	20260411_124810	Trigger
888.795	1766.79	997.785	673.785	0.0	0.0	0.0	0.0	0.0	0.0	0.0	0.0	0.0	0.0	0.0	0.0	0.0	0.0	144.34482758620692	0.0	0.32861244	0.357481995	0.8854957800000001	3.7386999999999997	1.5412599999999999	-5.82932	388255.0	1775936898.410379	0.0	1.0	0.0	-1.0	-1.0	-1.0	1775936898.410379	closed-hand	Close	1	20260411_124810	Trigger
8084.924999999999	18370.485	9462.06	7089.57	0.0	0.0	0.0	0.0	0.0	0.0	0.0	0.0	0.0	0.0	0.0	0.0	0.0	0.0	144.34482758620692	0.0	0.32861244	0.357481995	0.8854957800000001	3.7386999999999997	1.5412599999999999	-5.82932	388256.0	1775936898.410403	0.0	1.0	0.0	-1.0	-1.0	-1.0	1775936898.410403	closed-hand	Close	1	20260411_124810	Trigger
18620.37	22628.745	20046.825	16159.05	0.0	0.0	0.0	0.0	0.0	0.0	0.0	0.0	0.0	0.0	0.0	0.0	0.0	0.0	144.34482758620692	0.0	0.32861244	0.357481995	0.8854957800000001	3.7386999999999997	1.5412599999999999	-5.82932	388257.0	1775936898.414339	0.0	1.0	0.0	-1.0	-1.0	-1.0	1775936898.414339	closed-hand	Close	1	20260411_124810	Trigger
14894.955	8286.93	15280.92	12872.789999999999	0.0	0.0	0.0	0.0	0.0	0.0	0.0	0.0	0.0	0.0	0.0	0.0	0.0	0.0	144.34482758620692	0.0	0.32861244	0.357481995	0.8854957800000001	3.7386999999999997	1.5412599999999999	-5.82932	388258.0	1775936898.414355	0.0	1.0	0.0	-1.0	-1.0	-1.0	1775936898.414355	closed-hand	Close	1	20260411_124810	Trigger
1076.445	177.70499999999998	1076.31	913.185	0.0	0.0	0.0	0.0	0.0	0.0	0.0	0.0	0.0	0.0	0.0	0.0	0.0	0.0	144.34482758620692	0.0	0.326720355	0.364195845	0.8907447900000001	6.59232	2.5942	-3.18934	388259.0	1775936898.418386	0.0	1.0	0.0	-1.0	-1.0	-1.0	1775936898.418386	closed-hand	Close	1	20260411_124810	Trigger
11204.82	-3706.83	10724.4	5687.46	0.0	0.0	0.0	0.0	0.0	0.0	0.0	0.0	0.0	0.0	0.0	0.0	0.0	0.0	144.34482758620692	0.0	0.326720355	0.364195845	0.8907447900000001	6.59232	2.5942	-3.18934	388260.0	1775936898.418409	0.0	1.0	0.0	-1.0	-1.0	-1.0	1775936898.418409	closed-hand	Close	1	20260411_124810	Trigger
28093.545	-2962.395	26807.309999999998	11378.97	0.0	0.0	0.0	0.0	0.0	0.0	0.0	0.0	0.0	0.0	0.0	0.0	0.0	0.0	144.34482758620692	0.0	0.326720355	0.364195845	0.8907447900000001	6.59232	2.5942	-3.18934	388261.0	1775936898.425294	0.0	1.0	0.0	-1.0	-1.0	-1.0	1775936898.425294	closed-hand	Close	1	20260411_124810	Trigger
15233.039999999999	4388.535	14625.585	3361.8599999999997	0.0	0.0	0.0	0.0	0.0	0.0	0.0	0.0	0.0	0.0	0.0	0.0	0.0	0.0	144.34482758620692	0.0	0.326720355	0.364195845	0.8907447900000001	6.59232	2.5942	-3.18934	388262.0	1775936898.425329	0.0	1.0	0.0	-1.0	-1.0	-1.0	1775936898.425329	closed-hand	Close	1	20260411_124810	Trigger
1334.835	1205.46	1315.575	-61.83	0.0	0.0	0.0	0.0	0.0	0.0	0.0	0.0	0.0	0.0	0.0	0.0	0.0	0.0	144.34482758620692	0.0	0.326720355	0.364195845	0.8907447900000001	6.59232	2.5942	-3.18934	388263.0	1775936898.427794	0.0	1.0	0.0	-1.0	-1.0	-1.0	1775936898.427794	closed-hand	Close	1	20260411_124810	Trigger
4503.87	11010.105	5440.95	1454.6699999999998	0.0	0.0	0.0	0.0	0.0	0.0	0.0	0.0	0.0	0.0	0.0	0.0	0.0	0.0	144.34482758620692	0.0	0.326720355	0.364195845	0.8907447900000001	6.59232	2.5942	-3.18934	388264.0	1775936898.427825	0.0	1.0	0.0	-1.0	-1.0	-1.0	1775936898.427825	closed-hand	Close	1	20260411_124810	Trigger
14881.635	22204.98	16614.675	7998.75	0.0	0.0	0.0	0.0	0.0	0.0	0.0	0.0	0.0	0.0	0.0	0.0	0.0	0.0	144.34482758620692	0.0	0.326720355	0.364195845	0.8907447900000001	6.59232	2.5942	-3.18934	388265.0	1775936898.433258	0.0	1.0	0.0	-1.0	-1.0	-1.0	1775936898.433258	closed-hand	Close	1	20260411_124810	Trigger
18415.395	11091.645	19233.899999999998	12177.404999999999	0.0	0.0	0.0	0.0	0.0	0.0	0.0	0.0	0.0	0.0	0.0	0.0	0.0	0.0	144.34482758620692	0.0	0.326720355	0.364195845	0.8907447900000001	6.59232	2.5942	-3.18934	388266.0	1775936898.433277	0.0	1.0	0.0	-1.0	-1.0	-1.0	1775936898.433277	closed-hand	Close	1	20260411_124810	Trigger
3374.5049999999997	960.12	3438.45	2404.485	0.0	0.0	0.0	0.0	0.0	0.0	0.0	0.0	0.0	0.0	0.0	0.0	0.0	0.0	144.34482758620692	0.0	0.326720355	0.364195845	0.8907447900000001	6.59232	2.5942	-3.18934	388267.0	1775936898.435971	0.0	1.0	0.0	-1.0	-1.0	-1.0	1775936898.435971	closed-hand	Close	1	20260411_124810	Trigger
5995.215	-3437.145	5728.59	4292.955	0.0	0.0	0.0	0.0	0.0	0.0	0.0	0.0	0.0	0.0	0.0	0.0	0.0	0.0	144.34482758620692	0.0	0.326720355	0.364195845	0.8907447900000001	6.59232	2.5942	-3.18934	388268.0	1775936898.435992	0.0	1.0	0.0	-1.0	-1.0	-1.0	1775936898.435992	closed-hand	Close	1	20260411_124810	Trigger
27813.149999999998	-9577.08	26238.96	17625.735	0.0	0.0	0.0	0.0	0.0	0.0	0.0	0.0	0.0	0.0	0.0	0.0	0.0	0.0	144.34482758620692	0.0	0.319274085	0.370909695	0.895200345	2.57894	-0.21364	0.48832	388269.0	1775936898.439777	0.0	1.0	0.0	-1.0	-1.0	-1.0	1775936898.439777	closed-hand	Close	1	20260411_124810	Trigger
22082.76	-1171.8	20751.344999999998	11629.305	0.0	0.0	0.0	0.0	0.0	0.0	0.0	0.0	0.0	0.0	0.0	0.0	0.0	0.0	144.34482758620692	0.0	0.319274085	0.370909695	0.895200345	2.57894	-0.21364	0.48832	388270.0	1775936898.439805	0.0	1.0	0.0	-1.0	-1.0	-1.0	1775936898.439805	closed-hand	Close	1	20260411_124810	Trigger
3885.5699999999997	1134.36	3656.835	1495.665	0.0	0.0	0.0	0.0	0.0	0.0	0.0	0.0	0.0	0.0	0.0	0.0	0.0	0.0	144.34482758620692	0.0	0.319274085	0.370909695	0.895200345	2.57894	-0.21364	0.48832	388271.0	1775936898.443463	0.0	1.0	0.0	-1.0	-1.0	-1.0	1775936898.443463	closed-hand	Close	1	20260411_124810	Trigger
2270.52	5870.429999999999	2728.17	1321.605	0.0	0.0	0.0	0.0	0.0	0.0	0.0	0.0	0.0	0.0	0.0	0.0	0.0	0.0	144.34482758620692	0.0	0.319274085	0.370909695	0.895200345	2.57894	-0.21364	0.48832	388272.0	1775936898.443486	0.0	1.0	0.0	-1.0	-1.0	-1.0	1775936898.443486	closed-hand	Close	1	20260411_124810	Trigger
12043.935	22798.98	13730.4	8230.32	0.0	0.0	0.0	0.0	0.0	0.0	0.0	0.0	0.0	0.0	0.0	0.0	0.0	0.0	144.34482758620692	0.0	0.319274085	0.370909695	0.895200345	2.57894	-0.21364	0.48832	388273.0	1775936898.447153	0.0	1.0	0.0	-1.0	-1.0	-1.0	1775936898.447153	closed-hand	Close	1	20260411_124810	Trigger
19908.719999999998	16564.005	21025.62	14992.965	0.0	0.0	0.0	0.0	0.0	0.0	0.0	0.0	0.0	0.0	0.0	0.0	0.0	0.0	144.34482758620692	0.0	0.319274085	0.370909695	0.895200345	2.57894	-0.21364	0.48832	388274.0	1775936898.447192	0.0	1.0	0.0	-1.0	-1.0	-1.0	1775936898.447192	closed-hand	Close	1	20260411_124810	Trigger
7907.445	3135.5099999999998	8078.085	6205.32	0.0	0.0	0.0	0.0	0.0	0.0	0.0	0.0	0.0	0.0	0.0	0.0	0.0	0.0	144.34482758620692	0.0	0.319274085	0.370909695	0.895200345	2.57894	-0.21364	0.48832	388275.0	1775936898.450291	0.0	1.0	0.0	-1.0	-1.0	-1.0	1775936898.450291	closed-hand	Close	1	20260411_124810	Trigger
1563.6599999999999	-963.765	1486.53	1235.1599999999999	0.0	0.0	0.0	0.0	0.0	0.0	0.0	0.0	0.0	0.0	0.0	0.0	0.0	0.0	144.34482758620692	0.0	0.319274085	0.370909695	0.895200345	2.57894	-0.21364	0.48832	388276.0	1775936898.450319	0.0	1.0	0.0	-1.0	-1.0	-1.0	1775936898.450319	closed-hand	Close	1	20260411_124810	Trigger
21150.45	-8046.405	19871.19	15602.22	0.0	0.0	0.0	0.0	0.0	0.0	0.0	0.0	0.0	0.0	0.0	0.0	0.0	0.0	144.34482758620692	0.0	0.319274085	0.370909695	0.895200345	2.57894	-0.21364	0.48832	388277.0	1775936898.454509	0.0	1.0	0.0	-1.0	-1.0	-1.0	1775936898.454509	closed-hand	Close	1	20260411_124810	Trigger
27446.129999999997	-3945.7799999999997	25660.98	18528.21	0.0	0.0	0.0	0.0	0.0	0.0	0.0	0.0	0.0	0.0	0.0	0.0	0.0	0.0	144.34482758620692	0.0	0.319274085	0.370909695	0.895200345	2.57894	-0.21364	0.48832	388278.0	1775936898.454536	0.0	1.0	0.0	-1.0	-1.0	-1.0	1775936898.454536	closed-hand	Close	1	20260411_124810	Trigger
8835.615	1754.9099999999999	8260.92	5143.005	0.0	0.0	0.0	0.0	0.0	0.0	0.0	0.0	0.0	0.0	0.0	0.0	0.0	0.0	144.34482758620692	0.0	0.320616855	0.377989755	0.88952409	-1.17502	-2.27374	3.2045999999999997	388279.0	1775936898.458556	0.0	1.0	0.0	-1.0	-1.0	-1.0	1775936898.458556	closed-hand	Close	1	20260411_124810	Trigger
969.2099999999999	2247.48	1127.97	673.245	0.0	0.0	0.0	0.0	0.0	0.0	0.0	0.0	0.0	0.0	0.0	0.0	0.0	0.0	144.34482758620692	0.0	0.320616855	0.377989755	0.88952409	-1.17502	-2.27374	3.2045999999999997	388280.0	1775936898.458581	0.0	1.0	0.0	-1.0	-1.0	-1.0	1775936898.458581	closed-hand	Close	1	20260411_124810	Trigger
8755.83	19367.64	10209.42	6948.134999999999	0.0	0.0	0.0	0.0	0.0	0.0	0.0	0.0	0.0	0.0	0.0	0.0	0.0	0.0	144.34482758620692	0.0	0.320616855	0.377989755	0.88952409	-1.17502	-2.27374	3.2045999999999997	388281.0	1775936898.470987	0.0	1.0	0.0	-1.0	-1.0	-1.0	1775936898.470987	closed-hand	Close	1	20260411_124810	Trigger
18879.344999999998	21160.62	20238.614999999998	15391.619999999999	0.0	0.0	0.0	0.0	0.0	0.0	0.0	0.0	0.0	0.0	0.0	0.0	0.0	0.0	144.34482758620692	0.0	0.320616855	0.377989755	0.88952409	-1.17502	-2.27374	3.2045999999999997	388282.0	1775936898.471013	0.0	1.0	0.0	-1.0	-1.0	-1.0	1775936898.471013	closed-hand	Close	1	20260411_124810	Trigger
13355.324999999999	6836.8949999999995	13694.22	11078.505	0.0	0.0	0.0	0.0	0.0	0.0	0.0	0.0	0.0	0.0	0.0	0.0	0.0	0.0	144.34482758620692	0.0	0.320616855	0.377989755	0.88952409	-1.17502	-2.27374	3.2045999999999997	388283.0	1775936898.471041	0.0	1.0	0.0	-1.0	-1.0	-1.0	1775936898.471041	closed-hand	Close	1	20260411_124810	Trigger
816.3	-39.96	808.56	680.895	0.0	0.0	0.0	0.0	0.0	0.0	0.0	0.0	0.0	0.0	0.0	0.0	0.0	0.0	144.34482758620692	0.0	0.320616855	0.377989755	0.88952409	-1.17502	-2.27374	3.2045999999999997	388284.0	1775936898.471059	0.0	1.0	0.0	-1.0	-1.0	-1.0	1775936898.471059	closed-hand	Close	1	20260411_124810	Trigger
13464.135	-5658.57	12661.02	10479.105	0.0	0.0	0.0	0.0	0.0	0.0	0.0	0.0	0.0	0.0	0.0	0.0	0.0	0.0	144.34482758620692	0.0	0.320616855	0.377989755	0.88952409	-1.17502	-2.27374	3.2045999999999997	388285.0	1775936898.471082	0.0	1.0	0.0	-1.0	-1.0	-1.0	1775936898.471082	closed-hand	Close	1	20260411_124810	Trigger
29918.16	-6436.9349999999995	27928.53	21911.489999999998	0.0	0.0	0.0	0.0	0.0	0.0	0.0	0.0	0.0	0.0	0.0	0.0	0.0	0.0	144.34482758620692	0.0	0.320616855	0.377989755	0.88952409	-1.17502	-2.27374	3.2045999999999997	388286.0	1775936898.471098	0.0	1.0	0.0	-1.0	-1.0	-1.0	1775936898.471098	closed-hand	Close	1	20260411_124810	Trigger
15115.814999999999	1611.27	14108.4	10058.13	0.0	0.0	0.0	0.0	0.0	0.0	0.0	0.0	0.0	0.0	0.0	0.0	0.0	0.0	144.34482758620692	0.0	0.320616855	0.377989755	0.88952409	-1.17502	-2.27374	3.2045999999999997	388287.0	1775936898.47458	0.0	1.0	0.0	-1.0	-1.0	-1.0	1775936898.47458	closed-hand	Close	1	20260411_124810	Trigger
1179.0449999999998	918.765	1146.105	716.535	0.0	0.0	0.0	0.0	0.0	0.0	0.0	0.0	0.0	0.0	0.0	0.0	0.0	0.0	144.34482758620692	0.0	0.320616855	0.377989755	0.88952409	-1.17502	-2.27374	3.2045999999999997	388288.0	1775936898.474611	0.0	1.0	0.0	-1.0	-1.0	-1.0	1775936898.474611	closed-hand	Close	1	20260411_124810	Trigger
5406.48	13297.949999999999	6458.8949999999995	4677.345	0.0	0.0	0.0	0.0	0.0	0.0	0.0	0.0	0.0	0.0	0.0	0.0	0.0	0.0	144.34482758620692	0.0	0.327086565	0.379088385	0.88207782	-2.7468	0.73248	3.18934	388289.0	1775936898.478581	0.0	1.0	0.0	-1.0	-1.0	-1.0	1775936898.478581	closed-hand	Close	1	20260411_124810	Trigger
16214.265	24143.04	17931.735	14039.189999999999	0.0	0.0	0.0	0.0	0.0	0.0	0.0	0.0	0.0	0.0	0.0	0.0	0.0	0.0	144.34482758620692	0.0	0.327086565	0.379088385	0.88207782	-2.7468	0.73248	3.18934	388290.0	1775936898.478596	0.0	1.0	0.0	-1.0	-1.0	-1.0	1775936898.478596	closed-hand	Close	1	20260411_124810	Trigger
17942.489999999998	11745.359999999999	18635.399999999998	15442.335	0.0	0.0	0.0	0.0	0.0	0.0	0.0	0.0	0.0	0.0	0.0	0.0	0.0	0.0	144.34482758620692	0.0	0.327086565	0.379088385	0.88207782	-2.7468	0.73248	3.18934	388291.0	1775936898.482554	0.0	1.0	0.0	-1.0	-1.0	-1.0	1775936898.482554	closed-hand	Close	1	20260411_124810	Trigger
2604.33	900.27	2636.0099999999998	2240.685	0.0	0.0	0.0	0.0	0.0	0.0	0.0	0.0	0.0	0.0	0.0	0.0	0.0	0.0	144.34482758620692	0.0	0.327086565	0.379088385	0.88207782	-2.7468	0.73248	3.18934	388292.0	1775936898.482565	0.0	1.0	0.0	-1.0	-1.0	-1.0	1775936898.482565	closed-hand	Close	1	20260411_124810	Trigger
6411.195	-2884.725	6106.455	4623.48	0.0	0.0	0.0	0.0	0.0	0.0	0.0	0.0	0.0	0.0	0.0	0.0	0.0	0.0	144.34482758620692	0.0	0.327086565	0.379088385	0.88207782	-2.7468	0.73248	3.18934	388293.0	1775936898.486567	0.0	1.0	0.0	-1.0	-1.0	-1.0	1775936898.486567	closed-hand	Close	1	20260411_124810	Trigger
27957.149999999998	-6997.724999999999	26407.17	18564.344999999998	0.0	0.0	0.0	0.0	0.0	0.0	0.0	0.0	0.0	0.0	0.0	0.0	0.0	0.0	144.34482758620692	0.0	0.327086565	0.379088385	0.88207782	-2.7468	0.73248	3.18934	388294.0	1775936898.48658	0.0	1.0	0.0	-1.0	-1.0	-1.0	1775936898.48658	closed-hand	Close	1	20260411_124810	Trigger
20908.26	1308.69	19720.62	12102.66	0.0	0.0	0.0	0.0	0.0	0.0	0.0	0.0	0.0	0.0	0.0	0.0	0.0	0.0	144.34482758620692	0.0	0.327086565	0.379088385	0.88207782	-2.7468	0.73248	3.18934	388295.0	1775936898.494966	0.0	1.0	0.0	-1.0	-1.0	-1.0	1775936898.494966	closed-hand	Close	1	20260411_124810	Trigger
3148.02	1434.69	2979.9449999999997	1446.075	0.0	0.0	0.0	0.0	0.0	0.0	0.0	0.0	0.0	0.0	0.0	0.0	0.0	0.0	144.34482758620692	0.0	0.327086565	0.379088385	0.88207782	-2.7468	0.73248	3.18934	388296.0	1775936898.494978	0.0	1.0	0.0	-1.0	-1.0	-1.0	1775936898.494978	closed-hand	Close	1	20260411_124810	Trigger
2661.21	6992.19	3268.035	1965.33	0.0	0.0	0.0	0.0	0.0	0.0	0.0	0.0	0.0	0.0	0.0	0.0	0.0	0.0	144.34482758620692	0.0	0.327086565	0.379088385	0.88207782	-2.7468	0.73248	3.18934	388297.0	1775936898.495096	0.0	1.0	0.0	-1.0	-1.0	-1.0	1775936898.495096	closed-hand	Close	1	20260411_124810	Trigger
12649.59	23543.864999999998	14550.75	9970.154999999999	0.0	0.0	0.0	0.0	0.0	0.0	0.0	0.0	0.0	0.0	0.0	0.0	0.0	0.0	144.34482758620692	0.0	0.327086565	0.379088385	0.88207782	-2.7468	0.73248	3.18934	388298.0	1775936898.495112	0.0	1.0	0.0	-1.0	-1.0	-1.0	1775936898.495112	closed-hand	Close	1	20260411_124810	Trigger
19762.11	15983.099999999999	20945.024999999998	16138.664999999999	0.0	0.0	0.0	0.0	0.0	0.0	0.0	0.0	0.0	0.0	0.0	0.0	0.0	0.0	144.34482758620692	0.0	0.323302395	0.37121487000000003	0.881650575	-1.5412599999999999	3.6624	0.35097999999999996	388299.0	1775936898.498647	0.0	1.0	0.0	-1.0	-1.0	-1.0	1775936898.498647	closed-hand	Close	1	20260411_124810	Trigger
6560.73	2641.005	6724.9349999999995	5455.3949999999995	0.0	0.0	0.0	0.0	0.0	0.0	0.0	0.0	0.0	0.0	0.0	0.0	0.0	0.0	144.34482758620692	0.0	0.323302395	0.37121487000000003	0.881650575	-1.5412599999999999	3.6624	0.35097999999999996	388300.0	1775936898.498659	0.0	1.0	0.0	-1.0	-1.0	-1.0	1775936898.498659	closed-hand	Close	1	20260411_124810	Trigger
2181.6	-1239.3899999999999	2077.605	1714.0049999999999	0.0	0.0	0.0	0.0	0.0	0.0	0.0	0.0	0.0	0.0	0.0	0.0	0.0	0.0	144.34482758620692	0.0	0.323302395	0.37121487000000003	0.881650575	-1.5412599999999999	3.6624	0.35097999999999996	388301.0	1775936898.502522	0.0	1.0	0.0	-1.0	-1.0	-1.0	1775936898.502522	closed-hand	Close	1	20260411_124810	Trigger
22931.01	-7988.13	21642.84	16982.28	0.0	0.0	0.0	0.0	0.0	0.0	0.0	0.0	0.0	0.0	0.0	0.0	0.0	0.0	144.34482758620692	0.0	0.323302395	0.37121487000000003	0.881650575	-1.5412599999999999	3.6624	0.35097999999999996	388302.0	1775936898.502533	0.0	1.0	0.0	-1.0	-1.0	-1.0	1775936898.502533	closed-hand	Close	1	20260411_124810	Trigger
26414.01	-2595.33	24852.015	18016.335	0.0	0.0	0.0	0.0	0.0	0.0	0.0	0.0	0.0	0.0	0.0	0.0	0.0	0.0	144.34482758620692	0.0	0.323302395	0.37121487000000003	0.881650575	-1.5412599999999999	3.6624	0.35097999999999996	388303.0	1775936898.506603	0.0	1.0	0.0	-1.0	-1.0	-1.0	1775936898.506603	closed-hand	Close	1	20260411_124810	Trigger
7424.28	1929.105	6992.91	4406.76	0.0	0.0	0.0	0.0	0.0	0.0	0.0	0.0	0.0	0.0	0.0	0.0	0.0	0.0	144.34482758620692	0.0	0.323302395	0.37121487000000003	0.881650575	-1.5412599999999999	3.6624	0.35097999999999996	388304.0	1775936898.506614	0.0	1.0	0.0	-1.0	-1.0	-1.0	1775936898.506614	closed-hand	Close	1	20260411_124810	Trigger
1111.5	2845.5299999999997	1341.315	872.28	0.0	0.0	0.0	0.0	0.0	0.0	0.0	0.0	0.0	0.0	0.0	0.0	0.0	0.0	144.34482758620692	0.0	0.323302395	0.37121487000000003	0.881650575	-1.5412599999999999	3.6624	0.35097999999999996	388305.0	1775936898.510617	0.0	1.0	0.0	-1.0	-1.0	-1.0	1775936898.510617	closed-hand	Close	1	20260411_124810	Trigger
9459.855	20670.39	11136.33	8007.389999999999	0.0	0.0	0.0	0.0	0.0	0.0	0.0	0.0	0.0	0.0	0.0	0.0	0.0	0.0	144.34482758620692	0.0	0.323302395	0.37121487000000003	0.881650575	-1.5412599999999999	3.6624	0.35097999999999996	388306.0	1775936898.510641	0.0	1.0	0.0	-1.0	-1.0	-1.0	1775936898.510641	closed-hand	Close	1	20260411_124810	Trigger
19198.215	20682.54	20747.114999999998	16390.71	0.0	0.0	0.0	0.0	0.0	0.0	0.0	0.0	0.0	0.0	0.0	0.0	0.0	0.0	144.34482758620692	0.0	0.323302395	0.37121487000000003	0.881650575	-1.5412599999999999	3.6624	0.35097999999999996	388307.0	1775936898.514613	0.0	1.0	0.0	-1.0	-1.0	-1.0	1775936898.514613	closed-hand	Close	1	20260411_124810	Trigger
11876.22	6019.155	12275.91	10195.47	0.0	0.0	0.0	0.0	0.0	0.0	0.0	0.0	0.0	0.0	0.0	0.0	0.0	0.0	144.34482758620692	0.0	0.323302395	0.37121487000000003	0.881650575	-1.5412599999999999	3.6624	0.35097999999999996	388308.0	1775936898.514645	0.0	1.0	0.0	-1.0	-1.0	-1.0	1775936898.514645	closed-hand	Close	1	20260411_124810	Trigger
755.8199999999999	-235.575	741.8249999999999	638.91	0.0	0.0	0.0	0.0	0.0	0.0	0.0	0.0	0.0	0.0	0.0	0.0	0.0	0.0	144.34482758620692	0.0	0.3112785	0.36682035	0.88561785	2.4263399999999997	6.14978	0.12208	388309.0	1775936898.520271	0.0	1.0	0.0	-1.0	-1.0	-1.0	1775936898.520271	closed-hand	Close	1	20260411_124810	Trigger
15531.119999999999	-6252.795	14666.31	12189.824999999999	0.0	0.0	0.0	0.0	0.0	0.0	0.0	0.0	0.0	0.0	0.0	0.0	0.0	0.0	144.34482758620692	0.0	0.3112785	0.36682035	0.88561785	2.4263399999999997	6.14978	0.12208	388310.0	1775936898.520299	0.0	1.0	0.0	-1.0	-1.0	-1.0	1775936898.520299	closed-hand	Close	1	20260411_124810	Trigger
29610.809999999998	-5569.83	27777.51	21930.84	0.0	0.0	0.0	0.0	0.0	0.0	0.0	0.0	0.0	0.0	0.0	0.0	0.0	0.0	144.34482758620692	0.0	0.3112785	0.36682035	0.88561785	2.4263399999999997	6.14978	0.12208	388311.0	1775936898.522749	0.0	1.0	0.0	-1.0	-1.0	-1.0	1775936898.522749	closed-hand	Close	1	20260411_124810	Trigger
13341.555	1921.32	12556.17	9078.93	0.0	0.0	0.0	0.0	0.0	0.0	0.0	0.0	0.0	0.0	0.0	0.0	0.0	0.0	144.34482758620692	0.0	0.3112785	0.36682035	0.88561785	2.4263399999999997	6.14978	0.12208	388312.0	1775936898.522773	0.0	1.0	0.0	-1.0	-1.0	-1.0	1775936898.522773	closed-hand	Close	1	20260411_124810	Trigger
931.68	1054.26	953.9549999999999	627.3	0.0	0.0	0.0	0.0	0.0	0.0	0.0	0.0	0.0	0.0	0.0	0.0	0.0	0.0	144.34482758620692	0.0	0.3112785	0.36682035	0.88561785	2.4263399999999997	6.14978	0.12208	388313.0	1775936898.527988	0.0	1.0	0.0	-1.0	-1.0	-1.0	1775936898.527988	closed-hand	Close	1	20260411_124810	Trigger
6204.285	14950.619999999999	7447.32	5574.33	0.0	0.0	0.0	0.0	0.0	0.0	0.0	0.0	0.0	0.0	0.0	0.0	0.0	0.0	144.34482758620692	0.0	0.3112785	0.36682035	0.88561785	2.4263399999999997	6.14978	0.12208	388314.0	1775936898.528011	0.0	1.0	0.0	-1.0	-1.0	-1.0	1775936898.528011	closed-hand	Close	1	20260411_124810	Trigger
16992.54	23913.45	18793.125	15061.23	0.0	0.0	0.0	0.0	0.0	0.0	0.0	0.0	0.0	0.0	0.0	0.0	0.0	0.0	144.34482758620692	0.0	0.3112785	0.36682035	0.88561785	2.4263399999999997	6.14978	0.12208	388315.0	1775936898.531964	0.0	1.0	0.0	-1.0	-1.0	-1.0	1775936898.531964	closed-hand	Close	1	20260411_124810	Trigger
16903.755	10675.484999999999	17627.355	14852.925	0.0	0.0	0.0	0.0	0.0	0.0	0.0	0.0	0.0	0.0	0.0	0.0	0.0	0.0	144.34482758620692	0.0	0.3112785	0.36682035	0.88561785	2.4263399999999997	6.14978	0.12208	388316.0	1775936898.531988	0.0	1.0	0.0	-1.0	-1.0	-1.0	1775936898.531988	closed-hand	Close	1	20260411_124810	Trigger
1926.0449999999998	616.4549999999999	1957.4099999999999	1689.57	0.0	0.0	0.0	0.0	0.0	0.0	0.0	0.0	0.0	0.0	0.0	0.0	0.0	0.0	144.34482758620692	0.0	0.3112785	0.36682035	0.88561785	2.4263399999999997	6.14978	0.12208	388317.0	1775936898.537352	0.0	1.0	0.0	-1.0	-1.0	-1.0	1775936898.537352	closed-hand	Close	1	20260411_124810	Trigger
8420.31	-3739.815	8028.179999999999	5997.33	0.0	0.0	0.0	0.0	0.0	0.0	0.0	0.0	0.0	0.0	0.0	0.0	0.0	0.0	144.34482758620692	0.0	0.3112785	0.36682035	0.88561785	2.4263399999999997	6.14978	0.12208	388318.0	1775936898.537381	0.0	1.0	0.0	-1.0	-1.0	-1.0	1775936898.537381	closed-hand	Close	1	20260411_124810	Trigger
28865.655	-6556.1849999999995	27288.0	18556.92	0.0	0.0	0.0	0.0	0.0	0.0	0.0	0.0	0.0	0.0	0.0	0.0	0.0	0.0	144.34482758620692	0.0	0.300231165	0.35864166000000003	0.89306412	4.059159999999999	3.29616	0.36624	388319.0	1775936898.538845	0.0	1.0	0.0	-1.0	-1.0	-1.0	1775936898.538845	closed-hand	Close	1	20260411_124810	Trigger
19171.079999999998	1981.1699999999998	18168.57	10522.484999999999	0.0	0.0	0.0	0.0	0.0	0.0	0.0	0.0	0.0	0.0	0.0	0.0	0.0	0.0	144.34482758620692	0.0	0.300231165	0.35864166000000003	0.89306412	4.059159999999999	3.29616	0.36624	388320.0	1775936898.53887	0.0	1.0	0.0	-1.0	-1.0	-1.0	1775936898.53887	closed-hand	Close	1	20260411_124810	Trigger
2370.1949999999997	1222.02	2266.245	1008.4499999999999	0.0	0.0	0.0	0.0	0.0	0.0	0.0	0.0	0.0	0.0	0.0	0.0	0.0	0.0	144.34482758620692	0.0	0.300231165	0.35864166000000003	0.89306412	4.059159999999999	3.29616	0.36624	388321.0	1775936898.542713	0.0	1.0	0.0	-1.0	-1.0	-1.0	1775936898.542713	closed-hand	Close	1	20260411_124810	Trigger
3375.72	8203.59	4198.724999999999	2860.335	0.0	0.0	0.0	0.0	0.0	0.0	0.0	0.0	0.0	0.0	0.0	0.0	0.0	0.0	144.34482758620692	0.0	0.300231165	0.35864166000000003	0.89306412	4.059159999999999	3.29616	0.36624	388322.0	1775936898.542737	0.0	1.0	0.0	-1.0	-1.0	-1.0	1775936898.542737	closed-hand	Close	1	20260411_124810	Trigger
13835.205	22710.375	16013.07	11795.625	0.0	0.0	0.0	0.0	0.0	0.0	0.0	0.0	0.0	0.0	0.0	0.0	0.0	0.0	144.34482758620692	0.0	0.300231165	0.35864166000000003	0.89306412	4.059159999999999	3.29616	0.36624	388323.0	1775936898.546707	0.0	1.0	0.0	-1.0	-1.0	-1.0	1775936898.546707	closed-hand	Close	1	20260411_124810	Trigger
19683.27	13587.48	20993.805	16743.735	0.0	0.0	0.0	0.0	0.0	0.0	0.0	0.0	0.0	0.0	0.0	0.0	0.0	0.0	144.34482758620692	0.0	0.300231165	0.35864166000000003	0.89306412	4.059159999999999	3.29616	0.36624	388324.0	1775936898.546739	0.0	1.0	0.0	-1.0	-1.0	-1.0	1775936898.546739	closed-hand	Close	1	20260411_124810	Trigger
5238.764999999999	1742.76	5411.655	4493.295	0.0	0.0	0.0	0.0	0.0	0.0	0.0	0.0	0.0	0.0	0.0	0.0	0.0	0.0	144.34482758620692	0.0	0.300231165	0.35864166000000003	0.89306412	4.059159999999999	3.29616	0.36624	388325.0	1775936898.550727	0.0	1.0	0.0	-1.0	-1.0	-1.0	1775936898.550727	closed-hand	Close	1	20260411_124810	Trigger
3040.785	-1738.665	2902.68	2464.56	0.0	0.0	0.0	0.0	0.0	0.0	0.0	0.0	0.0	0.0	0.0	0.0	0.0	0.0	144.34482758620692	0.0	0.300231165	0.35864166000000003	0.89306412	4.059159999999999	3.29616	0.36624	388326.0	1775936898.550752	0.0	1.0	0.0	-1.0	-1.0	-1.0	1775936898.550752	closed-hand	Close	1	20260411_124810	Trigger
24927.66	-9026.055	23579.37	19210.41	0.0	0.0	0.0	0.0	0.0	0.0	0.0	0.0	0.0	0.0	0.0	0.0	0.0	0.0	144.34482758620692	0.0	0.300231165	0.35864166000000003	0.89306412	4.059159999999999	3.29616	0.36624	388327.0	1775936898.554799	0.0	1.0	0.0	-1.0	-1.0	-1.0	1775936898.554799	closed-hand	Close	1	20260411_124810	Trigger
25640.82	-2791.98	24214.23	18464.219999999998	0.0	0.0	0.0	0.0	0.0	0.0	0.0	0.0	0.0	0.0	0.0	0.0	0.0	0.0	144.34482758620692	0.0	0.300231165	0.35864166000000003	0.89306412	4.059159999999999	3.29616	0.36624	388328.0	1775936898.554827	0.0	1.0	0.0	-1.0	-1.0	-1.0	1775936898.554827	closed-hand	Close	1	20260411_124810	Trigger
6223.86	1408.59	5914.349999999999	4058.37	0.0	0.0	0.0	0.0	0.0	0.0	0.0	0.0	0.0	0.0	0.0	0.0	0.0	0.0	144.34482758620692	0.0	0.29846115	0.356383365	0.891416175	5.70724	2.5484199999999997	1.51074	388329.0	1775936898.558856	0.0	1.0	0.0	-1.0	-1.0	-1.0	1775936898.558856	closed-hand	Close	1	20260411_124810	Trigger
1400.625	3711.555	1731.2849999999999	1247.355	0.0	0.0	0.0	0.0	0.0	0.0	0.0	0.0	0.0	0.0	0.0	0.0	0.0	0.0	144.34482758620692	0.0	0.29846115	0.356383365	0.891416175	5.70724	2.5484199999999997	1.51074	388330.0	1775936898.558881	0.0	1.0	0.0	-1.0	-1.0	-1.0	1775936898.558881	closed-hand	Close	1	20260411_124810	Trigger
10487.25	22019.76	12385.755	9500.31	0.0	0.0	0.0	0.0	0.0	0.0	0.0	0.0	0.0	0.0	0.0	0.0	0.0	0.0	144.34482758620692	0.0	0.29846115	0.356383365	0.891416175	5.70724	2.5484199999999997	1.51074	388331.0	1775936898.562756	0.0	1.0	0.0	-1.0	-1.0	-1.0	1775936898.562756	closed-hand	Close	1	20260411_124810	Trigger
19724.67	19929.69	21304.62	17450.595	0.0	0.0	0.0	0.0	0.0	0.0	0.0	0.0	0.0	0.0	0.0	0.0	0.0	0.0	144.34482758620692	0.0	0.29846115	0.356383365	0.891416175	5.70724	2.5484199999999997	1.51074	388332.0	1775936898.562785	0.0	1.0	0.0	-1.0	-1.0	-1.0	1775936898.562785	closed-hand	Close	1	20260411_124810	Trigger
10389.824999999999	5083.29	10750.185	9141.84	0.0	0.0	0.0	0.0	0.0	0.0	0.0	0.0	0.0	0.0	0.0	0.0	0.0	0.0	144.34482758620692	0.0	0.29846115	0.356383365	0.891416175	5.70724	2.5484199999999997	1.51074	388333.0	1775936898.566794	0.0	1.0	0.0	-1.0	-1.0	-1.0	1775936898.566794	closed-hand	Close	1	20260411_124810	Trigger
840.555	-441.405	811.665	708.345	0.0	0.0	0.0	0.0	0.0	0.0	0.0	0.0	0.0	0.0	0.0	0.0	0.0	0.0	144.34482758620692	0.0	0.29846115	0.356383365	0.891416175	5.70724	2.5484199999999997	1.51074	388334.0	1775936898.566821	0.0	1.0	0.0	-1.0	-1.0	-1.0	1775936898.566821	closed-hand	Close	1	20260411_124810	Trigger
17618.355	-6876.855	16645.095	14028.975	0.0	0.0	0.0	0.0	0.0	0.0	0.0	0.0	0.0	0.0	0.0	0.0	0.0	0.0	144.34482758620692	0.0	0.29846115	0.356383365	0.891416175	5.70724	2.5484199999999997	1.51074	388335.0	1775936898.570932	0.0	1.0	0.0	-1.0	-1.0	-1.0	1775936898.570932	closed-hand	Close	1	20260411_124810	Trigger
29453.94	-5099.535	27714.239999999998	22349.7	0.0	0.0	0.0	0.0	0.0	0.0	0.0	0.0	0.0	0.0	0.0	0.0	0.0	0.0	144.34482758620692	0.0	0.29846115	0.356383365	0.891416175	5.70724	2.5484199999999997	1.51074	388336.0	1775936898.570961	0.0	1.0	0.0	-1.0	-1.0	-1.0	1775936898.570961	closed-hand	Close	1	20260411_124810	Trigger
11884.41	1850.31	11220.39	8371.755	0.0	0.0	0.0	0.0	0.0	0.0	0.0	0.0	0.0	0.0	0.0	0.0	0.0	0.0	144.34482758620692	0.0	0.29846115	0.356383365	0.891416175	5.70724	2.5484199999999997	1.51074	388337.0	1775936898.574892	0.0	1.0	0.0	-1.0	-1.0	-1.0	1775936898.574892	closed-hand	Close	1	20260411_124810	Trigger
855.27	1344.51	924.2099999999999	650.43	0.0	0.0	0.0	0.0	0.0	0.0	0.0	0.0	0.0	0.0	0.0	0.0	0.0	0.0	144.34482758620692	0.0	0.29846115	0.356383365	0.891416175	5.70724	2.5484199999999997	1.51074	388338.0	1775936898.574916	0.0	1.0	0.0	-1.0	-1.0	-1.0	1775936898.574916	closed-hand	Close	1	20260411_124810	Trigger
7219.71	16875.765	8621.055	6731.009999999999	0.0	0.0	0.0	0.0	0.0	0.0	0.0	0.0	0.0	0.0	0.0	0.0	0.0	0.0	144.34482758620692	0.0	0.304259475	0.355528875	0.89098893	4.822159999999999	1.8617199999999998	3.37246	388339.0	1775936898.578804	0.0	1.0	0.0	-1.0	-1.0	-1.0	1775936898.578804	closed-hand	Close	1	20260411_124810	Trigger
17998.92	23514.75	19781.594999999998	16338.42	0.0	0.0	0.0	0.0	0.0	0.0	0.0	0.0	0.0	0.0	0.0	0.0	0.0	0.0	144.34482758620692	0.0	0.304259475	0.355528875	0.89098893	4.822159999999999	1.8617199999999998	3.37246	388340.0	1775936898.578827	0.0	1.0	0.0	-1.0	-1.0	-1.0	1775936898.578827	closed-hand	Close	1	20260411_124810	Trigger
15764.039999999999	9438.525	16406.145	14069.295	0.0	0.0	0.0	0.0	0.0	0.0	0.0	0.0	0.0	0.0	0.0	0.0	0.0	0.0	144.34482758620692	0.0	0.304259475	0.355528875	0.89098893	4.822159999999999	1.8617199999999998	3.37246	388341.0	1775936898.582831	0.0	1.0	0.0	-1.0	-1.0	-1.0	1775936898.582831	closed-hand	Close	1	20260411_124810	Trigger
1337.85	360.27	1357.155	1185.21	0.0	0.0	0.0	0.0	0.0	0.0	0.0	0.0	0.0	0.0	0.0	0.0	0.0	0.0	144.34482758620692	0.0	0.304259475	0.355528875	0.89098893	4.822159999999999	1.8617199999999998	3.37246	388342.0	1775936898.582864	0.0	1.0	0.0	-1.0	-1.0	-1.0	1775936898.582864	closed-hand	Close	1	20260411_124810	Trigger
9883.98	-4373.595	9349.02	7986.15	0.0	0.0	0.0	0.0	0.0	0.0	0.0	0.0	0.0	0.0	0.0	0.0	0.0	0.0	144.34482758620692	0.0	0.304259475	0.355528875	0.89098893	4.822159999999999	1.8617199999999998	3.37246	388343.0	1775936898.586849	0.0	1.0	0.0	-1.0	-1.0	-1.0	1775936898.586849	closed-hand	Close	1	20260411_124810	Trigger
29995.469999999998	-7339.094999999999	28140.704999999998	23071.41	0.0	0.0	0.0	0.0	0.0	0.0	0.0	0.0	0.0	0.0	0.0	0.0	0.0	0.0	144.34482758620692	0.0	0.304259475	0.355528875	0.89098893	4.822159999999999	1.8617199999999998	3.37246	388344.0	1775936898.586881	0.0	1.0	0.0	-1.0	-1.0	-1.0	1775936898.586881	closed-hand	Close	1	20260411_124810	Trigger
18372.375	1151.955	17265.645	13209.795	0.0	0.0	0.0	0.0	0.0	0.0	0.0	0.0	0.0	0.0	0.0	0.0	0.0	0.0	144.34482758620692	0.0	0.304259475	0.355528875	0.89098893	4.822159999999999	1.8617199999999998	3.37246	388345.0	1775936898.590925	0.0	1.0	0.0	-1.0	-1.0	-1.0	1775936898.590925	closed-hand	Close	1	20260411_124810	Trigger
1920.96	914.2199999999999	1825.245	1262.835	0.0	0.0	0.0	0.0	0.0	0.0	0.0	0.0	0.0	0.0	0.0	0.0	0.0	0.0	144.34482758620692	0.0	0.304259475	0.355528875	0.89098893	4.822159999999999	1.8617199999999998	3.37246	388346.0	1775936898.590949	0.0	1.0	0.0	-1.0	-1.0	-1.0	1775936898.590949	closed-hand	Close	1	20260411_124810	Trigger
4142.7	10363.68	5018.175	3878.91	0.0	0.0	0.0	0.0	0.0	0.0	0.0	0.0	0.0	0.0	0.0	0.0	0.0	0.0	144.34482758620692	0.0	0.304259475	0.355528875	0.89098893	4.822159999999999	1.8617199999999998	3.37246	388347.0	1775936898.594932	0.0	1.0	0.0	-1.0	-1.0	-1.0	1775936898.594932	closed-hand	Close	1	20260411_124810	Trigger
14937.93	24983.73	16889.445	13783.185	0.0	0.0	0.0	0.0	0.0	0.0	0.0	0.0	0.0	0.0	0.0	0.0	0.0	0.0	144.34482758620692	0.0	0.304259475	0.355528875	0.89098893	4.822159999999999	1.8617199999999998	3.37246	388348.0	1775936898.594956	0.0	1.0	0.0	-1.0	-1.0	-1.0	1775936898.594956	closed-hand	Close	1	20260411_124810	Trigger
19508.67	14458.23	20503.755	17504.684999999998	0.0	0.0	0.0	0.0	0.0	0.0	0.0	0.0	0.0	0.0	0.0	0.0	0.0	0.0	144.34482758620692	0.0	0.309508485	0.35351472	0.89562759	7.05012	1.3428799999999999	2.79258	388349.0	1775936898.598899	0.0	1.0	0.0	-1.0	-1.0	-1.0	1775936898.598899	closed-hand	Close	1	20260411_124810	Trigger
4228.0199999999995	1678.5449999999998	4320.63	3774.69	0.0	0.0	0.0	0.0	0.0	0.0	0.0	0.0	0.0	0.0	0.0	0.0	0.0	0.0	144.34482758620692	0.0	0.309508485	0.35351472	0.89562759	7.05012	1.3428799999999999	2.79258	388350.0	1775936898.598923	0.0	1.0	0.0	-1.0	-1.0	-1.0	1775936898.598923	closed-hand	Close	1	20260411_124810	Trigger
4132.305	-2111.625	3925.71	3369.645	0.0	0.0	0.0	0.0	0.0	0.0	0.0	0.0	0.0	0.0	0.0	0.0	0.0	0.0	144.34482758620692	0.0	0.309508485	0.35351472	0.89562759	7.05012	1.3428799999999999	2.79258	388351.0	1775936898.602877	0.0	1.0	0.0	-1.0	-1.0	-1.0	1775936898.602877	closed-hand	Close	1	20260411_124810	Trigger
26654.219999999998	-8232.39	25118.504999999997	20769.75	0.0	0.0	0.0	0.0	0.0	0.0	0.0	0.0	0.0	0.0	0.0	0.0	0.0	0.0	144.34482758620692	0.0	0.309508485	0.35351472	0.89562759	7.05012	1.3428799999999999	2.79258	388352.0	1775936898.6029	0.0	1.0	0.0	-1.0	-1.0	-1.0	1775936898.6029	closed-hand	Close	1	20260411_124810	Trigger
24368.489999999998	-862.785	22968.18	17883.63	0.0	0.0	0.0	0.0	0.0	0.0	0.0	0.0	0.0	0.0	0.0	0.0	0.0	0.0	144.34482758620692	0.0	0.309508485	0.35351472	0.89562759	7.05012	1.3428799999999999	2.79258	388353.0	1775936898.606847	0.0	1.0	0.0	-1.0	-1.0	-1.0	1775936898.606847	closed-hand	Close	1	20260411_124810	Trigger
5028.929999999999	1573.7849999999999	4755.6449999999995	3366.9449999999997	0.0	0.0	0.0	0.0	0.0	0.0	0.0	0.0	0.0	0.0	0.0	0.0	0.0	0.0	144.34482758620692	0.0	0.309508485	0.35351472	0.89562759	7.05012	1.3428799999999999	2.79258	388354.0	1775936898.60687	0.0	1.0	0.0	-1.0	-1.0	-1.0	1775936898.60687	closed-hand	Close	1	20260411_124810	Trigger
1855.26	4821.389999999999	2272.6349999999998	1724.355	0.0	0.0	0.0	0.0	0.0	0.0	0.0	0.0	0.0	0.0	0.0	0.0	0.0	0.0	144.34482758620692	0.0	0.309508485	0.35351472	0.89562759	7.05012	1.3428799999999999	2.79258	388355.0	1775936898.610855	0.0	1.0	0.0	-1.0	-1.0	-1.0	1775936898.610855	closed-hand	Close	1	20260411_124810	Trigger
11605.635	23261.67	13497.029999999999	10784.88	0.0	0.0	0.0	0.0	0.0	0.0	0.0	0.0	0.0	0.0	0.0	0.0	0.0	0.0	144.34482758620692	0.0	0.309508485	0.35351472	0.89562759	7.05012	1.3428799999999999	2.79258	388356.0	1775936898.610878	0.0	1.0	0.0	-1.0	-1.0	-1.0	1775936898.610878	closed-hand	Close	1	20260411_124810	Trigger
20217.285	19075.23	21615.93	18212.175	0.0	0.0	0.0	0.0	0.0	0.0	0.0	0.0	0.0	0.0	0.0	0.0	0.0	0.0	144.34482758620692	0.0	0.309508485	0.35351472	0.89562759	7.05012	1.3428799999999999	2.79258	388357.0	1775936898.614908	0.0	1.0	0.0	-1.0	-1.0	-1.0	1775936898.614908	closed-hand	Close	1	20260411_124810	Trigger
9137.16	4295.61	9409.545	8152.38	0.0	0.0	0.0	0.0	0.0	0.0	0.0	0.0	0.0	0.0	0.0	0.0	0.0	0.0	144.34482758620692	0.0	0.309508485	0.35351472	0.89562759	7.05012	1.3428799999999999	2.79258	388358.0	1775936898.614931	0.0	1.0	0.0	-1.0	-1.0	-1.0	1775936898.614931	closed-hand	Close	1	20260411_124810	Trigger
1159.3799999999999	-668.88	1107.675	957.9599999999999	0.0	0.0	0.0	0.0	0.0	0.0	0.0	0.0	0.0	0.0	0.0	0.0	0.0	0.0	144.34482758620692	0.0	0.31054608	0.354064035	0.895688625	8.37774	-0.33571999999999996	1.72438	388359.0	1775936898.618996	0.0	1.0	0.0	-1.0	-1.0	-1.0	1775936898.618996	closed-hand	Close	1	20260411_124810	Trigger
19771.785	-7090.514999999999	18658.98	15469.785	0.0	0.0	0.0	0.0	0.0	0.0	0.0	0.0	0.0	0.0	0.0	0.0	0.0	0.0	144.34482758620692	0.0	0.31054608	0.354064035	0.895688625	8.37774	-0.33571999999999996	1.72438	388360.0	1775936898.619047	0.0	1.0	0.0	-1.0	-1.0	-1.0	1775936898.619047	closed-hand	Close	1	20260411_124810	Trigger
28827.539999999997	-3722.7599999999998	27111.69	21310.335	0.0	0.0	0.0	0.0	0.0	0.0	0.0	0.0	0.0	0.0	0.0	0.0	0.0	0.0	144.34482758620692	0.0	0.31054608	0.354064035	0.895688625	8.37774	-0.33571999999999996	1.72438	388361.0	1775936898.624201	0.0	1.0	0.0	-1.0	-1.0	-1.0	1775936898.624201	closed-hand	Close	1	20260411_124810	Trigger
10273.545	2173.6349999999998	9687.734999999999	6957.315	0.0	0.0	0.0	0.0	0.0	0.0	0.0	0.0	0.0	0.0	0.0	0.0	0.0	0.0	144.34482758620692	0.0	0.31054608	0.354064035	0.895688625	8.37774	-0.33571999999999996	1.72438	388362.0	1775936898.624225	0.0	1.0	0.0	-1.0	-1.0	-1.0	1775936898.624225	closed-hand	Close	1	20260411_124810	Trigger
872.685	1758.87	993.8249999999999	699.165	0.0	0.0	0.0	0.0	0.0	0.0	0.0	0.0	0.0	0.0	0.0	0.0	0.0	0.0	144.34482758620692	0.0	0.31054608	0.354064035	0.895688625	8.37774	-0.33571999999999996	1.72438	388363.0	1775936898.626987	0.0	1.0	0.0	-1.0	-1.0	-1.0	1775936898.626987	closed-hand	Close	1	20260411_124810	Trigger
8109.045	18510.21	9622.8	7440.48	0.0	0.0	0.0	0.0	0.0	0.0	0.0	0.0	0.0	0.0	0.0	0.0	0.0	0.0	144.34482758620692	0.0	0.31054608	0.354064035	0.895688625	8.37774	-0.33571999999999996	1.72438	388364.0	1775936898.627009	0.0	1.0	0.0	-1.0	-1.0	-1.0	1775936898.627009	closed-hand	Close	1	20260411_124810	Trigger
18577.44	22860.629999999997	20284.2	16734.375	0.0	0.0	0.0	0.0	0.0	0.0	0.0	0.0	0.0	0.0	0.0	0.0	0.0	0.0	144.34482758620692	0.0	0.31054608	0.354064035	0.895688625	8.37774	-0.33571999999999996	1.72438	388365.0	1775936898.632348	0.0	1.0	0.0	-1.0	-1.0	-1.0	1775936898.632348	closed-hand	Close	1	20260411_124810	Trigger
14527.935	8295.525	15082.47	12927.195	0.0	0.0	0.0	0.0	0.0	0.0	0.0	0.0	0.0	0.0	0.0	0.0	0.0	0.0	144.34482758620692	0.0	0.31054608	0.354064035	0.895688625	8.37774	-0.33571999999999996	1.72438	388366.0	1775936898.632371	0.0	1.0	0.0	-1.0	-1.0	-1.0	1775936898.632371	closed-hand	Close	1	20260411_124810	Trigger
999.765	148.41	1006.11	880.11	0.0	0.0	0.0	0.0	0.0	0.0	0.0	0.0	0.0	0.0	0.0	0.0	0.0	0.0	144.34482758620692	0.0	0.31054608	0.354064035	0.895688625	8.37774	-0.33571999999999996	1.72438	388367.0	1775936898.63501	0.0	1.0	0.0	-1.0	-1.0	-1.0	1775936898.63501	closed-hand	Close	1	20260411_124810	Trigger
12161.16	-5107.815	11489.67	9938.115	0.0	0.0	0.0	0.0	0.0	0.0	0.0	0.0	0.0	0.0	0.0	0.0	0.0	0.0	144.34482758620692	0.0	0.31054608	0.354064035	0.895688625	8.37774	-0.33571999999999996	1.72438	388368.0	1775936898.635033	0.0	1.0	0.0	-1.0	-1.0	-1.0	1775936898.635033	closed-hand	Close	1	20260411_124810	Trigger
30548.204999999998	-6898.905	28638.809999999998	23914.754999999997	0.0	0.0	0.0	0.0	0.0	0.0	0.0	0.0	0.0	0.0	0.0	0.0	0.0	0.0	144.34482758620692	0.0	0.314269215	0.354003	0.8972145	8.49982	-2.25848	-0.15259999999999999	388369.0	1775936898.639037	0.0	1.0	0.0	-1.0	-1.0	-1.0	1775936898.639037	closed-hand	Close	1	20260411_124810	Trigger
16730.37	1413.0449999999998	15699.96	12339.63	0.0	0.0	0.0	0.0	0.0	0.0	0.0	0.0	0.0	0.0	0.0	0.0	0.0	0.0	144.34482758620692	0.0	0.314269215	0.354003	0.8972145	8.49982	-2.25848	-0.15259999999999999	388370.0	1775936898.63906	0.0	1.0	0.0	-1.0	-1.0	-1.0	1775936898.63906	closed-hand	Close	1	20260411_124810	Trigger
1438.9199999999998	863.01	1381.4099999999999	996.8399999999999	0.0	0.0	0.0	0.0	0.0	0.0	0.0	0.0	0.0	0.0	0.0	0.0	0.0	0.0	144.34482758620692	0.0	0.314269215	0.354003	0.8972145	8.49982	-2.25848	-0.15259999999999999	388371.0	1775936898.642961	0.0	1.0	0.0	-1.0	-1.0	-1.0	1775936898.642961	closed-hand	Close	1	20260411_124810	Trigger
4890.51	12116.385	5896.485	4677.12	0.0	0.0	0.0	0.0	0.0	0.0	0.0	0.0	0.0	0.0	0.0	0.0	0.0	0.0	144.34482758620692	0.0	0.314269215	0.354003	0.8972145	8.49982	-2.25848	-0.15259999999999999	388372.0	1775936898.642983	0.0	1.0	0.0	-1.0	-1.0	-1.0	1775936898.642983	closed-hand	Close	1	20260411_124810	Trigger
15976.935	25077.645	17860.995	14932.98	0.0	0.0	0.0	0.0	0.0	0.0	0.0	0.0	0.0	0.0	0.0	0.0	0.0	0.0	144.34482758620692	0.0	0.314269215	0.354003	0.8972145	8.49982	-2.25848	-0.15259999999999999	388373.0	1775936898.64697	0.0	1.0	0.0	-1.0	-1.0	-1.0	1775936898.64697	closed-hand	Close	1	20260411_124810	Trigger
18779.715	13293.359999999999	19654.335	17048.97	0.0	0.0	0.0	0.0	0.0	0.0	0.0	0.0	0.0	0.0	0.0	0.0	0.0	0.0	144.34482758620692	0.0	0.314269215	0.354003	0.8972145	8.49982	-2.25848	-0.15259999999999999	388374.0	1775936898.646993	0.0	1.0	0.0	-1.0	-1.0	-1.0	1775936898.646993	closed-hand	Close	1	20260411_124810	Trigger
3195.27	1242.225	3257.1	2876.13	0.0	0.0	0.0	0.0	0.0	0.0	0.0	0.0	0.0	0.0	0.0	0.0	0.0	0.0	144.34482758620692	0.0	0.314269215	0.354003	0.8972145	8.49982	-2.25848	-0.15259999999999999	388375.0	1775936898.651123	0.0	1.0	0.0	-1.0	-1.0	-1.0	1775936898.651123	closed-hand	Close	1	20260411_124810	Trigger
5467.995	-2672.19	5197.41	4562.235	0.0	0.0	0.0	0.0	0.0	0.0	0.0	0.0	0.0	0.0	0.0	0.0	0.0	0.0	144.34482758620692	0.0	0.314269215	0.354003	0.8972145	8.49982	-2.25848	-0.15259999999999999	388376.0	1775936898.651146	0.0	1.0	0.0	-1.0	-1.0	-1.0	1775936898.651146	closed-hand	Close	1	20260411_124810	Trigger
28267.02	-8273.115	26602.02	22635.54	0.0	0.0	0.0	0.0	0.0	0.0	0.0	0.0	0.0	0.0	0.0	0.0	0.0	0.0	144.34482758620692	0.0	0.314269215	0.354003	0.8972145	8.49982	-2.25848	-0.15259999999999999	388377.0	1775936898.655041	0.0	1.0	0.0	-1.0	-1.0	-1.0	1775936898.655041	closed-hand	Close	1	20260411_124810	Trigger
23206.635	-288.71999999999997	21789.945	17646.66	0.0	0.0	0.0	0.0	0.0	0.0	0.0	0.0	0.0	0.0	0.0	0.0	0.0	0.0	144.34482758620692	0.0	0.314269215	0.354003	0.8972145	8.49982	-2.25848	-0.15259999999999999	388378.0	1775936898.655064	0.0	1.0	0.0	-1.0	-1.0	-1.0	1775936898.655064	closed-hand	Close	1	20260411_124810	Trigger
4045.68	1341.7649999999999	3808.2599999999998	2876.22	0.0	0.0	0.0	0.0	0.0	0.0	0.0	0.0	0.0	0.0	0.0	0.0	0.0	0.0	144.34482758620692	0.0	0.31628337	0.35168367	0.89513931	10.04108	-2.2889999999999997	-2.1516599999999997	388379.0	1775936898.661986	0.0	1.0	0.0	-1.0	-1.0	-1.0	1775936898.661986	closed-hand	Close	1	20260411_124810	Trigger
2422.08	6129.585	2927.7	2333.3849999999998	0.0	0.0	0.0	0.0	0.0	0.0	0.0	0.0	0.0	0.0	0.0	0.0	0.0	0.0	144.34482758620692	0.0	0.31628337	0.35168367	0.89513931	10.04108	-2.2889999999999997	-2.1516599999999997	388380.0	1775936898.662009	0.0	1.0	0.0	-1.0	-1.0	-1.0	1775936898.662009	closed-hand	Close	1	20260411_124810	Trigger
12703.185	24313.95	14570.91	12097.71	0.0	0.0	0.0	0.0	0.0	0.0	0.0	0.0	0.0	0.0	0.0	0.0	0.0	0.0	144.34482758620692	0.0	0.31628337	0.35168367	0.89513931	10.04108	-2.2889999999999997	-2.1516599999999997	388381.0	1775936898.663224	0.0	1.0	0.0	-1.0	-1.0	-1.0	1775936898.663224	closed-hand	Close	1	20260411_124810	Trigger
20352.555	18262.035	21582.855	18681.704999999998	0.0	0.0	0.0	0.0	0.0	0.0	0.0	0.0	0.0	0.0	0.0	0.0	0.0	0.0	144.34482758620692	0.0	0.31628337	0.35168367	0.89513931	10.04108	-2.2889999999999997	-2.1516599999999997	388382.0	1775936898.663247	0.0	1.0	0.0	-1.0	-1.0	-1.0	1775936898.663247	closed-hand	Close	1	20260411_124810	Trigger
7603.469999999999	3533.355	7795.17	6896.16	0.0	0.0	0.0	0.0	0.0	0.0	0.0	0.0	0.0	0.0	0.0	0.0	0.0	0.0	144.34482758620692	0.0	0.31628337	0.35168367	0.89513931	10.04108	-2.2889999999999997	-2.1516599999999997	388383.0	1775936898.667931	0.0	1.0	0.0	-1.0	-1.0	-1.0	1775936898.667931	closed-hand	Close	1	20260411_124810	Trigger
1652.58	-953.8199999999999	1575.135	1392.165	0.0	0.0	0.0	0.0	0.0	0.0	0.0	0.0	0.0	0.0	0.0	0.0	0.0	0.0	144.34482758620692	0.0	0.31628337	0.35168367	0.89513931	10.04108	-2.2889999999999997	-2.1516599999999997	388384.0	1775936898.667954	0.0	1.0	0.0	-1.0	-1.0	-1.0	1775936898.667954	closed-hand	Close	1	20260411_124810	Trigger
21952.395	-7612.965	20676.555	17756.37	0.0	0.0	0.0	0.0	0.0	0.0	0.0	0.0	0.0	0.0	0.0	0.0	0.0	0.0	144.34482758620692	0.0	0.31628337	0.35168367	0.89513931	10.04108	-2.2889999999999997	-2.1516599999999997	388385.0	1775936898.671193	0.0	1.0	0.0	-1.0	-1.0	-1.0	1775936898.671193	closed-hand	Close	1	20260411_124810	Trigger
28273.41	-3138.39	26494.335	21854.204999999998	0.0	0.0	0.0	0.0	0.0	0.0	0.0	0.0	0.0	0.0	0.0	0.0	0.0	0.0	144.34482758620692	0.0	0.31628337	0.35168367	0.89513931	10.04108	-2.2889999999999997	-2.1516599999999997	388386.0	1775936898.671233	0.0	1.0	0.0	-1.0	-1.0	-1.0	1775936898.671233	closed-hand	Close	1	20260411_124810	Trigger
8874.225	2014.245	8329.5	6454.17	0.0	0.0	0.0	0.0	0.0	0.0	0.0	0.0	0.0	0.0	0.0	0.0	0.0	0.0	144.34482758620692	0.0	0.31628337	0.35168367	0.89513931	10.04108	-2.2889999999999997	-2.1516599999999997	388387.0	1775936898.675004	0.0	1.0	0.0	-1.0	-1.0	-1.0	1775936898.675004	closed-hand	Close	1	20260411_124810	Trigger
1014.885	2354.58	1189.305	923.8499999999999	0.0	0.0	0.0	0.0	0.0	0.0	0.0	0.0	0.0	0.0	0.0	0.0	0.0	0.0	144.34482758620692	0.0	0.31628337	0.35168367	0.89513931	10.04108	-2.2889999999999997	-2.1516599999999997	388388.0	1775936898.675018	0.0	1.0	0.0	-1.0	-1.0	-1.0	1775936898.675018	closed-hand	Close	1	20260411_124810	Trigger
9313.289999999999	20228.445	10876.814999999999	8944.02	0.0	0.0	0.0	0.0	0.0	0.0	0.0	0.0	0.0	0.0	0.0	0.0	0.0	0.0	144.34482758620692	0.0	0.315856125	0.347472255	0.891111	9.217039999999999	-1.6633399999999998	-5.08158	388389.0	1775936898.679238	0.0	1.0	0.0	-1.0	-1.0	-1.0	1775936898.679238	closed-hand	Close	1	20260411_124810	Trigger
19558.485	22314.555	21123.405	18161.954999999998	0.0	0.0	0.0	0.0	0.0	0.0	0.0	0.0	0.0	0.0	0.0	0.0	0.0	0.0	144.34482758620692	0.0	0.315856125	0.347472255	0.891111	9.217039999999999	-1.6633399999999998	-5.08158	388390.0	1775936898.679249	0.0	1.0	0.0	-1.0	-1.0	-1.0	1775936898.679249	closed-hand	Close	1	20260411_124810	Trigger
13209.435	7247.5199999999995	13649.445	12036.779999999999	0.0	0.0	0.0	0.0	0.0	0.0	0.0	0.0	0.0	0.0	0.0	0.0	0.0	0.0	144.34482758620692	0.0	0.315856125	0.347472255	0.891111	9.217039999999999	-1.6633399999999998	-5.08158	388391.0	1775936898.683154	0.0	1.0	0.0	-1.0	-1.0	-1.0	1775936898.683154	closed-hand	Close	1	20260411_124810	Trigger
768.3299999999999	-49.23	763.515	682.0649999999999	0.0	0.0	0.0	0.0	0.0	0.0	0.0	0.0	0.0	0.0	0.0	0.0	0.0	0.0	144.34482758620692	0.0	0.315856125	0.347472255	0.891111	9.217039999999999	-1.6633399999999998	-5.08158	388392.0	1775936898.683177	0.0	1.0	0.0	-1.0	-1.0	-1.0	1775936898.683177	closed-hand	Close	1	20260411_124810	Trigger
14028.345	-5625.405	13258.619999999999	11470.41	0.0	0.0	0.0	0.0	0.0	0.0	0.0	0.0	0.0	0.0	0.0	0.0	0.0	0.0	144.34482758620692	0.0	0.315856125	0.347472255	0.891111	9.217039999999999	-1.6633399999999998	-5.08158	388393.0	1775936898.687098	0.0	1.0	0.0	-1.0	-1.0	-1.0	1775936898.687098	closed-hand	Close	1	20260411_124810	Trigger
30592.71	-6066.9	28707.795	24011.504999999997	0.0	0.0	0.0	0.0	0.0	0.0	0.0	0.0	0.0	0.0	0.0	0.0	0.0	0.0	144.34482758620692	0.0	0.315856125	0.347472255	0.891111	9.217039999999999	-1.6633399999999998	-5.08158	388394.0	1775936898.687111	0.0	1.0	0.0	-1.0	-1.0	-1.0	1775936898.687111	closed-hand	Close	1	20260411_124810	Trigger
15153.93	1791.585	14224.14	11247.435	0.0	0.0	0.0	0.0	0.0	0.0	0.0	0.0	0.0	0.0	0.0	0.0	0.0	0.0	144.34482758620692	0.0	0.315856125	0.347472255	0.891111	9.217039999999999	-1.6633399999999998	-5.08158	388395.0	1775936898.691062	0.0	1.0	0.0	-1.0	-1.0	-1.0	1775936898.691062	closed-hand	Close	1	20260411_124810	Trigger
1141.605	953.28	1122.03	826.02	0.0	0.0	0.0	0.0	0.0	0.0	0.0	0.0	0.0	0.0	0.0	0.0	0.0	0.0	144.34482758620692	0.0	0.315856125	0.347472255	0.891111	9.217039999999999	-1.6633399999999998	-5.08158	388396.0	1775936898.691079	0.0	1.0	0.0	-1.0	-1.0	-1.0	1775936898.691079	closed-hand	Close	1	20260411_124810	Trigger
5881.635	13974.345	6941.61	5606.73	0.0	0.0	0.0	0.0	0.0	0.0	0.0	0.0	0.0	0.0	0.0	0.0	0.0	0.0	144.34482758620692	0.0	0.315856125	0.347472255	0.891111	9.217039999999999	-1.6633399999999998	-5.08158	388397.0	1775936898.695076	0.0	1.0	0.0	-1.0	-1.0	-1.0	1775936898.695076	closed-hand	Close	1	20260411_124810	Trigger
17070.885	24821.91	18809.235	15945.705	0.0	0.0	0.0	0.0	0.0	0.0	0.0	0.0	0.0	0.0	0.0	0.0	0.0	0.0	144.34482758620692	0.0	0.315856125	0.347472255	0.891111	9.217039999999999	-1.6633399999999998	-5.08158	388398.0	1775936898.695096	0.0	1.0	0.0	-1.0	-1.0	-1.0	1775936898.695096	closed-hand	Close	1	20260411_124810	Trigger
18077.13	11961.675	18859.635	16559.595	0.0	0.0	0.0	0.0	0.0	0.0	0.0	0.0	0.0	0.0	0.0	0.0	0.0	0.0	144.34482758620692	0.0	0.31750407	0.35009676	0.88952409	9.55276	0.8392999999999999	-5.4173	388399.0	1775936898.699087	0.0	1.0	0.0	-1.0	-1.0	-1.0	1775936898.699087	closed-hand	Close	1	20260411_124810	Trigger
2420.64	869.2199999999999	2467.395	2205.09	0.0	0.0	0.0	0.0	0.0	0.0	0.0	0.0	0.0	0.0	0.0	0.0	0.0	0.0	144.34482758620692	0.0	0.31750407	0.35009676	0.88952409	9.55276	0.8392999999999999	-5.4173	388400.0	1775936898.699096	0.0	1.0	0.0	-1.0	-1.0	-1.0	1775936898.699096	closed-hand	Close	1	20260411_124810	Trigger
6822.764999999999	-3166.56	6466.1849999999995	5621.625	0.0	0.0	0.0	0.0	0.0	0.0	0.0	0.0	0.0	0.0	0.0	0.0	0.0	0.0	144.34482758620692	0.0	0.31750407	0.35009676	0.88952409	9.55276	0.8392999999999999	-5.4173	388401.0	1775936898.703149	0.0	1.0	0.0	-1.0	-1.0	-1.0	1775936898.703149	closed-hand	Close	1	20260411_124810	Trigger
29274.434999999998	-7967.79	27484.965	23147.82	0.0	0.0	0.0	0.0	0.0	0.0	0.0	0.0	0.0	0.0	0.0	0.0	0.0	0.0	144.34482758620692	0.0	0.31750407	0.35009676	0.88952409	9.55276	0.8392999999999999	-5.4173	388402.0	1775936898.703155	0.0	1.0	0.0	-1.0	-1.0	-1.0	1775936898.703155	closed-hand	Close	1	20260411_124810	Trigger
21721.86	334.97999999999996	20371.23	16273.17	0.0	0.0	0.0	0.0	0.0	0.0	0.0	0.0	0.0	0.0	0.0	0.0	0.0	0.0	144.34482758620692	0.0	0.31750407	0.35009676	0.88952409	9.55276	0.8392999999999999	-5.4173	388403.0	1775936898.707104	0.0	1.0	0.0	-1.0	-1.0	-1.0	1775936898.707104	closed-hand	Close	1	20260411_124810	Trigger
3163.41	1144.62	2972.7	2200.77	0.0	0.0	0.0	0.0	0.0	0.0	0.0	0.0	0.0	0.0	0.0	0.0	0.0	0.0	144.34482758620692	0.0	0.31750407	0.35009676	0.88952409	9.55276	0.8392999999999999	-5.4173	388404.0	1775936898.707111	0.0	1.0	0.0	-1.0	-1.0	-1.0	1775936898.707111	closed-hand	Close	1	20260411_124810	Trigger
3018.33	7512.57	3608.19	2868.435	0.0	0.0	0.0	0.0	0.0	0.0	0.0	0.0	0.0	0.0	0.0	0.0	0.0	0.0	144.34482758620692	0.0	0.31750407	0.35009676	0.88952409	9.55276	0.8392999999999999	-5.4173	388405.0	1775936898.71118	0.0	1.0	0.0	-1.0	-1.0	-1.0	1775936898.71118	closed-hand	Close	1	20260411_124810	Trigger
13753.035	24760.35	15564.285	12968.64	0.0	0.0	0.0	0.0	0.0	0.0	0.0	0.0	0.0	0.0	0.0	0.0	0.0	0.0	144.34482758620692	0.0	0.31750407	0.35009676	0.88952409	9.55276	0.8392999999999999	-5.4173	388406.0	1775936898.711185	0.0	1.0	0.0	-1.0	-1.0	-1.0	1775936898.711185	closed-hand	Close	1	20260411_124810	Trigger
20501.28	16885.305	21550.005	18717.48	0.0	0.0	0.0	0.0	0.0	0.0	0.0	0.0	0.0	0.0	0.0	0.0	0.0	0.0	144.34482758620692	0.0	0.31750407	0.35009676	0.88952409	9.55276	0.8392999999999999	-5.4173	388407.0	1775936898.717231	0.0	1.0	0.0	-1.0	-1.0	-1.0	1775936898.717231	closed-hand	Close	1	20260411_124810	Trigger
6294.825	2738.205	6428.07	5705.6849999999995	0.0	0.0	0.0	0.0	0.0	0.0	0.0	0.0	0.0	0.0	0.0	0.0	0.0	0.0	144.34482758620692	0.0	0.31750407	0.35009676	0.88952409	9.55276	0.8392999999999999	-5.4173	388408.0	1775936898.717237	0.0	1.0	0.0	-1.0	-1.0	-1.0	1775936898.717237	closed-hand	Close	1	20260411_124810	Trigger
2336.985	-1281.24	2222.685	1920.2849999999999	0.0	0.0	0.0	0.0	0.0	0.0	0.0	0.0	0.0	0.0	0.0	0.0	0.0	0.0	144.34482758620692	0.0	0.317382	0.35778717	0.891172035	8.19462	1.0682	-2.4415999999999998	388409.0	1775936898.719278	0.0	1.0	0.0	-1.0	-1.0	-1.0	1775936898.719278	closed-hand	Close	1	20260411_124810	Trigger
23833.934999999998	-7848.674999999999	22434.344999999998	18745.605	0.0	0.0	0.0	0.0	0.0	0.0	0.0	0.0	0.0	0.0	0.0	0.0	0.0	0.0	144.34482758620692	0.0	0.317382	0.35778717	0.891172035	8.19462	1.0682	-2.4415999999999998	388410.0	1775936898.719284	0.0	1.0	0.0	-1.0	-1.0	-1.0	1775936898.719284	closed-hand	Close	1	20260411_124810	Trigger
27182.25	-2156.22	25480.665	20265.704999999998	0.0	0.0	0.0	0.0	0.0	0.0	0.0	0.0	0.0	0.0	0.0	0.0	0.0	0.0	144.34482758620692	0.0	0.317382	0.35778717	0.891172035	8.19462	1.0682	-2.4415999999999998	388411.0	1775936898.723246	0.0	1.0	0.0	-1.0	-1.0	-1.0	1775936898.723246	closed-hand	Close	1	20260411_124810	Trigger
7442.054999999999	1952.46	6982.605	5125.679999999999	0.0	0.0	0.0	0.0	0.0	0.0	0.0	0.0	0.0	0.0	0.0	0.0	0.0	0.0	144.34482758620692	0.0	0.317382	0.35778717	0.891172035	8.19462	1.0682	-2.4415999999999998	388412.0	1775936898.723251	0.0	1.0	0.0	-1.0	-1.0	-1.0	1775936898.723251	closed-hand	Close	1	20260411_124810	Trigger
1230.57	3043.98	1465.02	1116.36	0.0	0.0	0.0	0.0	0.0	0.0	0.0	0.0	0.0	0.0	0.0	0.0	0.0	0.0	144.34482758620692	0.0	0.317382	0.35778717	0.891172035	8.19462	1.0682	-2.4415999999999998	388413.0	1775936898.728526	0.0	1.0	0.0	-1.0	-1.0	-1.0	1775936898.728526	closed-hand	Close	1	20260411_124810	Trigger
10221.795	21450.059999999998	11866.095	9564.705	0.0	0.0	0.0	0.0	0.0	0.0	0.0	0.0	0.0	0.0	0.0	0.0	0.0	0.0	144.34482758620692	0.0	0.317382	0.35778717	0.891172035	8.19462	1.0682	-2.4415999999999998	388414.0	1775936898.728531	0.0	1.0	0.0	-1.0	-1.0	-1.0	1775936898.728531	closed-hand	Close	1	20260411_124810	Trigger
20064.375	21245.219999999998	21487.32	18228.645	0.0	0.0	0.0	0.0	0.0	0.0	0.0	0.0	0.0	0.0	0.0	0.0	0.0	0.0	144.34482758620692	0.0	0.317382	0.35778717	0.891172035	8.19462	1.0682	-2.4415999999999998	388415.0	1775936898.73255	0.0	1.0	0.0	-1.0	-1.0	-1.0	1775936898.73255	closed-hand	Close	1	20260411_124810	Trigger
11758.41	6075.945	12086.01	10552.77	0.0	0.0	0.0	0.0	0.0	0.0	0.0	0.0	0.0	0.0	0.0	0.0	0.0	0.0	144.34482758620692	0.0	0.317382	0.35778717	0.891172035	8.19462	1.0682	-2.4415999999999998	388416.0	1775936898.732555	0.0	1.0	0.0	-1.0	-1.0	-1.0	1775936898.732555	closed-hand	Close	1	20260411_124810	Trigger
721.0799999999999	-177.57	708.435	447.21	0.0	0.0	0.0	0.0	0.0	0.0	0.0	0.0	0.0	0.0	0.0	0.0	0.0	0.0	144.34482758620692	0.0	0.317382	0.35778717	0.891172035	8.19462	1.0682	-2.4415999999999998	388417.0	1775936898.735561	0.0	1.0	0.0	-1.0	-1.0	-1.0	1775936898.735561	closed-hand	Close	1	20260411_124810	Trigger
14944.185	-3472.245	14437.035	4613.445	0.0	0.0	0.0	0.0	0.0	0.0	0.0	0.0	0.0	0.0	0.0	0.0	0.0	0.0	144.34482758620692	0.0	0.317382	0.35778717	0.891172035	8.19462	1.0682	-2.4415999999999998	388418.0	1775936898.735566	0.0	1.0	0.0	-1.0	-1.0	-1.0	1775936898.735566	closed-hand	Close	1	20260411_124810	Trigger
27343.035	565.6949999999999	26420.175	4909.545	0.0	0.0	0.0	0.0	0.0	0.0	0.0	0.0	0.0	0.0	0.0	0.0	0.0	0.0	144.34482758620692	0.0	0.316588545	0.365782755	0.8886696000000001	5.997179999999999	2.07536	-0.04578	388419.0	1775936898.739187	0.0	1.0	0.0	-1.0	-1.0	-1.0	1775936898.739187	closed-hand	Close	1	20260411_124810	Trigger
11655.27	5421.33	11392.875	-934.65	0.0	0.0	0.0	0.0	0.0	0.0	0.0	0.0	0.0	0.0	0.0	0.0	0.0	0.0	144.34482758620692	0.0	0.316588545	0.365782755	0.8886696000000001	5.997179999999999	2.07536	-0.04578	388420.0	1775936898.739192	0.0	1.0	0.0	-1.0	-1.0	-1.0	1775936898.739192	closed-hand	Close	1	20260411_124810	Trigger
799.245	1276.47	864.855	-303.3	0.0	0.0	0.0	0.0	0.0	0.0	0.0	0.0	0.0	0.0	0.0	0.0	0.0	0.0	144.34482758620692	0.0	0.316588545	0.365782755	0.8886696000000001	5.997179999999999	2.07536	-0.04578	388421.0	1775936898.743272	0.0	1.0	0.0	-1.0	-1.0	-1.0	1775936898.743272	closed-hand	Close	1	20260411_124810	Trigger
6014.429999999999	14168.025	7338.78	1145.2949999999998	0.0	0.0	0.0	0.0	0.0	0.0	0.0	0.0	0.0	0.0	0.0	0.0	0.0	0.0	144.34482758620692	0.0	0.316588545	0.365782755	0.8886696000000001	5.997179999999999	2.07536	-0.04578	388422.0	1775936898.743276	0.0	1.0	0.0	-1.0	-1.0	-1.0	1775936898.743276	closed-hand	Close	1	20260411_124810	Trigger
16379.369999999999	20802.329999999998	18275.309999999998	7662.735	0.0	0.0	0.0	0.0	0.0	0.0	0.0	0.0	0.0	0.0	0.0	0.0	0.0	0.0	144.34482758620692	0.0	0.316588545	0.365782755	0.8886696000000001	5.997179999999999	2.07536	-0.04578	388423.0	1775936898.747233	0.0	1.0	0.0	-1.0	-1.0	-1.0	1775936898.747233	closed-hand	Close	1	20260411_124810	Trigger
15962.355	8203.86	16737.48	9684.9	0.0	0.0	0.0	0.0	0.0	0.0	0.0	0.0	0.0	0.0	0.0	0.0	0.0	0.0	144.34482758620692	0.0	0.316588545	0.365782755	0.8886696000000001	5.997179999999999	2.07536	-0.04578	388424.0	1775936898.747237	0.0	1.0	0.0	-1.0	-1.0	-1.0	1775936898.747237	closed-hand	Close	1	20260411_124810	Trigger
1664.7749999999999	344.565	1698.3899999999999	1100.835	0.0	0.0	0.0	0.0	0.0	0.0	0.0	0.0	0.0	0.0	0.0	0.0	0.0	0.0	144.34482758620692	0.0	0.316588545	0.365782755	0.8886696000000001	5.997179999999999	2.07536	-0.04578	388425.0	1775936898.751268	0.0	1.0	0.0	-1.0	-1.0	-1.0	1775936898.751268	closed-hand	Close	1	20260411_124810	Trigger
8482.635	-4499.054999999999	8030.745	5934.105	0.0	0.0	0.0	0.0	0.0	0.0	0.0	0.0	0.0	0.0	0.0	0.0	0.0	0.0	144.34482758620692	0.0	0.316588545	0.365782755	0.8886696000000001	5.997179999999999	2.07536	-0.04578	388426.0	1775936898.751273	0.0	1.0	0.0	-1.0	-1.0	-1.0	1775936898.751273	closed-hand	Close	1	20260411_124810	Trigger
29550.285	-10109.16	27735.48	18666.63	0.0	0.0	0.0	0.0	0.0	0.0	0.0	0.0	0.0	0.0	0.0	0.0	0.0	0.0	144.34482758620692	0.0	0.316588545	0.365782755	0.8886696000000001	5.997179999999999	2.07536	-0.04578	388427.0	1775936898.755254	0.0	1.0	0.0	-1.0	-1.0	-1.0	1775936898.755254	closed-hand	Close	1	20260411_124810	Trigger
19519.245	-1306.665	18282.78	10256.94	0.0	0.0	0.0	0.0	0.0	0.0	0.0	0.0	0.0	0.0	0.0	0.0	0.0	0.0	144.34482758620692	0.0	0.316588545	0.365782755	0.8886696000000001	5.997179999999999	2.07536	-0.04578	388428.0	1775936898.755258	0.0	1.0	0.0	-1.0	-1.0	-1.0	1775936898.755258	closed-hand	Close	1	20260411_124810	Trigger
2326.41	641.745	2185.29	896.76	0.0	0.0	0.0	0.0	0.0	0.0	0.0	0.0	0.0	0.0	0.0	0.0	0.0	0.0	144.34482758620692	0.0	0.31542888	0.367980015	0.886167165	5.27996	2.9604399999999997	0.57988	388429.0	1775936898.759223	0.0	1.0	0.0	-1.0	-1.0	-1.0	1775936898.759223	closed-hand	Close	1	20260411_124810	Trigger
3537.9449999999997	8831.16	4250.79	2259.4049999999997	0.0	0.0	0.0	0.0	0.0	0.0	0.0	0.0	0.0	0.0	0.0	0.0	0.0	0.0	144.34482758620692	0.0	0.31542888	0.367980015	0.886167165	5.27996	2.9604399999999997	0.57988	388430.0	1775936898.759227	0.0	1.0	0.0	-1.0	-1.0	-1.0	1775936898.759227	closed-hand	Close	1	20260411_124810	Trigger
14070.375	23711.04	15821.144999999999	10083.06	0.0	0.0	0.0	0.0	0.0	0.0	0.0	0.0	0.0	0.0	0.0	0.0	0.0	0.0	144.34482758620692	0.0	0.31542888	0.367980015	0.886167165	5.27996	2.9604399999999997	0.57988	388431.0	1775936898.764753	0.0	1.0	0.0	-1.0	-1.0	-1.0	1775936898.764753	closed-hand	Close	1	20260411_124810	Trigger
19640.024999999998	14206.41	20551.14	15045.705	0.0	0.0	0.0	0.0	0.0	0.0	0.0	0.0	0.0	0.0	0.0	0.0	0.0	0.0	144.34482758620692	0.0	0.31542888	0.367980015	0.886167165	5.27996	2.9604399999999997	0.57988	388432.0	1775936898.764757	0.0	1.0	0.0	-1.0	-1.0	-1.0	1775936898.764757	closed-hand	Close	1	20260411_124810	Trigger
4935.554999999999	1812.0149999999999	5026.1849999999995	3908.3399999999997	0.0	0.0	0.0	0.0	0.0	0.0	0.0	0.0	0.0	0.0	0.0	0.0	0.0	0.0	144.34482758620692	0.0	0.31542888	0.367980015	0.886167165	5.27996	2.9604399999999997	0.57988	388433.0	1775936898.767335	0.0	1.0	0.0	-1.0	-1.0	-1.0	1775936898.767335	closed-hand	Close	1	20260411_124810	Trigger
4232.88	-2524.455	4035.7349999999997	3263.4	0.0	0.0	0.0	0.0	0.0	0.0	0.0	0.0	0.0	0.0	0.0	0.0	0.0	0.0	144.34482758620692	0.0	0.31542888	0.367980015	0.886167165	5.27996	2.9604399999999997	0.57988	388434.0	1775936898.767339	0.0	1.0	0.0	-1.0	-1.0	-1.0	1775936898.767339	closed-hand	Close	1	20260411_124810	Trigger
27057.96	-9772.335	25392.329999999998	18954.809999999998	0.0	0.0	0.0	0.0	0.0	0.0	0.0	0.0	0.0	0.0	0.0	0.0	0.0	0.0	144.34482758620692	0.0	0.31542888	0.367980015	0.886167165	5.27996	2.9604399999999997	0.57988	388435.0	1775936898.771285	0.0	1.0	0.0	-1.0	-1.0	-1.0	1775936898.771285	closed-hand	Close	1	20260411_124810	Trigger
25312.95	-2366.685	23590.44	15734.115	0.0	0.0	0.0	0.0	0.0	0.0	0.0	0.0	0.0	0.0	0.0	0.0	0.0	0.0	144.34482758620692	0.0	0.31542888	0.367980015	0.886167165	5.27996	2.9604399999999997	0.57988	388436.0	1775936898.771291	0.0	1.0	0.0	-1.0	-1.0	-1.0	1775936898.771291	closed-hand	Close	1	20260411_124810	Trigger
5730.255	1330.425	5342.355	2987.37	0.0	0.0	0.0	0.0	0.0	0.0	0.0	0.0	0.0	0.0	0.0	0.0	0.0	0.0	144.34482758620692	0.0	0.31542888	0.367980015	0.886167165	5.27996	2.9604399999999997	0.57988	388437.0	1775936898.775374	0.0	1.0	0.0	-1.0	-1.0	-1.0	1775936898.775374	closed-hand	Close	1	20260411_124810	Trigger
1504.8	3865.68	1816.425	1146.24	0.0	0.0	0.0	0.0	0.0	0.0	0.0	0.0	0.0	0.0	0.0	0.0	0.0	0.0	144.34482758620692	0.0	0.31542888	0.367980015	0.886167165	5.27996	2.9604399999999997	0.57988	388438.0	1775936898.775379	0.0	1.0	0.0	-1.0	-1.0	-1.0	1775936898.775379	closed-hand	Close	1	20260411_124810	Trigger
10855.17	22004.73	12511.35	8645.039999999999	0.0	0.0	0.0	0.0	0.0	0.0	0.0	0.0	0.0	0.0	0.0	0.0	0.0	0.0	144.34482758620692	0.0	0.31384197	0.364317915	0.884091975	6.80596	2.91466	0.2289	388439.0	1775936898.7793	0.0	1.0	0.0	-1.0	-1.0	-1.0	1775936898.7793	closed-hand	Close	1	20260411_124810	Trigger
19965.6	19319.579999999998	21206.16	16245.945	0.0	0.0	0.0	0.0	0.0	0.0	0.0	0.0	0.0	0.0	0.0	0.0	0.0	0.0	144.34482758620692	0.0	0.31384197	0.364317915	0.884091975	6.80596	2.91466	0.2289	388440.0	1775936898.779305	0.0	1.0	0.0	-1.0	-1.0	-1.0	1775936898.779305	closed-hand	Close	1	20260411_124810	Trigger
10094.76	4726.17	10336.859999999999	8366.805	0.0	0.0	0.0	0.0	0.0	0.0	0.0	0.0	0.0	0.0	0.0	0.0	0.0	0.0	144.34482758620692	0.0	0.31384197	0.364317915	0.884091975	6.80596	2.91466	0.2289	388441.0	1775936898.783343	0.0	1.0	0.0	-1.0	-1.0	-1.0	1775936898.783343	closed-hand	Close	1	20260411_124810	Trigger
912.915	-515.52	874.8449999999999	743.67	0.0	0.0	0.0	0.0	0.0	0.0	0.0	0.0	0.0	0.0	0.0	0.0	0.0	0.0	144.34482758620692	0.0	0.31384197	0.364317915	0.884091975	6.80596	2.91466	0.2289	388442.0	1775936898.783348	0.0	1.0	0.0	-1.0	-1.0	-1.0	1775936898.783348	closed-hand	Close	1	20260411_124810	Trigger
18331.245	-7264.17	17218.53	14017.185	0.0	0.0	0.0	0.0	0.0	0.0	0.0	0.0	0.0	0.0	0.0	0.0	0.0	0.0	144.34482758620692	0.0	0.31384197	0.364317915	0.884091975	6.80596	2.91466	0.2289	388443.0	1775936898.787438	0.0	1.0	0.0	-1.0	-1.0	-1.0	1775936898.787438	closed-hand	Close	1	20260411_124810	Trigger
29468.16	-5271.21	27513.585	21100.86	0.0	0.0	0.0	0.0	0.0	0.0	0.0	0.0	0.0	0.0	0.0	0.0	0.0	0.0	144.34482758620692	0.0	0.31384197	0.364317915	0.884091975	6.80596	2.91466	0.2289	388444.0	1775936898.787443	0.0	1.0	0.0	-1.0	-1.0	-1.0	1775936898.787443	closed-hand	Close	1	20260411_124810	Trigger
11421.81	1637.9099999999999	10655.82	7361.82	0.0	0.0	0.0	0.0	0.0	0.0	0.0	0.0	0.0	0.0	0.0	0.0	0.0	0.0	144.34482758620692	0.0	0.31384197	0.364317915	0.884091975	6.80596	2.91466	0.2289	388445.0	1775936898.791416	0.0	1.0	0.0	-1.0	-1.0	-1.0	1775936898.791416	closed-hand	Close	1	20260411_124810	Trigger
816.975	1382.355	884.0699999999999	573.255	0.0	0.0	0.0	0.0	0.0	0.0	0.0	0.0	0.0	0.0	0.0	0.0	0.0	0.0	144.34482758620692	0.0	0.31384197	0.364317915	0.884091975	6.80596	2.91466	0.2289	388446.0	1775936898.791421	0.0	1.0	0.0	-1.0	-1.0	-1.0	1775936898.791421	closed-hand	Close	1	20260411_124810	Trigger
7395.795	17097.795	8685.404999999999	6416.865	0.0	0.0	0.0	0.0	0.0	0.0	0.0	0.0	0.0	0.0	0.0	0.0	0.0	0.0	144.34482758620692	0.0	0.31384197	0.364317915	0.884091975	6.80596	2.91466	0.2289	388447.0	1775936898.79533	0.0	1.0	0.0	-1.0	-1.0	-1.0	1775936898.79533	closed-hand	Close	1	20260411_124810	Trigger
18175.86	23188.905	19712.88	15719.31	0.0	0.0	0.0	0.0	0.0	0.0	0.0	0.0	0.0	0.0	0.0	0.0	0.0	0.0	144.34482758620692	0.0	0.31384197	0.364317915	0.884091975	6.80596	2.91466	0.2289	388448.0	1775936898.795335	0.0	1.0	0.0	-1.0	-1.0	-1.0	1775936898.795335	closed-hand	Close	1	20260411_124810	Trigger
15473.25	9043.695	15959.295	13356.045	0.0	0.0	0.0	0.0	0.0	0.0	0.0	0.0	0.0	0.0	0.0	0.0	0.0	0.0	144.34482758620692	0.0	0.31396404	0.35888580000000003	0.88598406	6.4702399999999995	2.6704999999999997	-0.48832	388449.0	1775936898.799375	0.0	1.0	0.0	-1.0	-1.0	-1.0	1775936898.799375	closed-hand	Close	1	20260411_124810	Trigger
1235.97	300.78	1242.7649999999999	1063.935	0.0	0.0	0.0	0.0	0.0	0.0	0.0	0.0	0.0	0.0	0.0	0.0	0.0	0.0	144.34482758620692	0.0	0.31396404	0.35888580000000003	0.88598406	6.4702399999999995	2.6704999999999997	-0.48832	388450.0	1775936898.79938	0.0	1.0	0.0	-1.0	-1.0	-1.0	1775936898.79938	closed-hand	Close	1	20260411_124810	Trigger
10469.609999999999	-4586.49	9858.734999999999	8269.515	0.0	0.0	0.0	0.0	0.0	0.0	0.0	0.0	0.0	0.0	0.0	0.0	0.0	0.0	144.34482758620692	0.0	0.31396404	0.35888580000000003	0.88598406	6.4702399999999995	2.6704999999999997	-0.48832	388451.0	1775936898.803366	0.0	1.0	0.0	-1.0	-1.0	-1.0	1775936898.803366	closed-hand	Close	1	20260411_124810	Trigger
30285.315	-7399.665	28302.21	22661.145	0.0	0.0	0.0	0.0	0.0	0.0	0.0	0.0	0.0	0.0	0.0	0.0	0.0	0.0	144.34482758620692	0.0	0.31396404	0.35888580000000003	0.88598406	6.4702399999999995	2.6704999999999997	-0.48832	388452.0	1775936898.803371	0.0	1.0	0.0	-1.0	-1.0	-1.0	1775936898.803371	closed-hand	Close	1	20260411_124810	Trigger
17907.03	1026.405	16727.67	12400.064999999999	0.0	0.0	0.0	0.0	0.0	0.0	0.0	0.0	0.0	0.0	0.0	0.0	0.0	0.0	144.34482758620692	0.0	0.31396404	0.35888580000000003	0.88598406	6.4702399999999995	2.6704999999999997	-0.48832	388453.0	1775936898.809273	0.0	1.0	0.0	-1.0	-1.0	-1.0	1775936898.809273	closed-hand	Close	1	20260411_124810	Trigger
1715.895	822.9599999999999	1619.37	1080.54	0.0	0.0	0.0	0.0	0.0	0.0	0.0	0.0	0.0	0.0	0.0	0.0	0.0	0.0	144.34482758620692	0.0	0.31396404	0.35888580000000003	0.88598406	6.4702399999999995	2.6704999999999997	-0.48832	388454.0	1775936898.809278	0.0	1.0	0.0	-1.0	-1.0	-1.0	1775936898.809278	closed-hand	Close	1	20260411_124810	Trigger
4254.03	10566.99	5083.335	3836.295	0.0	0.0	0.0	0.0	0.0	0.0	0.0	0.0	0.0	0.0	0.0	0.0	0.0	0.0	144.34482758620692	0.0	0.31396404	0.35888580000000003	0.88598406	6.4702399999999995	2.6704999999999997	-0.48832	388455.0	1775936898.8114	0.0	1.0	0.0	-1.0	-1.0	-1.0	1775936898.8114	closed-hand	Close	1	20260411_124810	Trigger
15230.88	24795.765	16958.79	13596.435	0.0	0.0	0.0	0.0	0.0	0.0	0.0	0.0	0.0	0.0	0.0	0.0	0.0	0.0	144.34482758620692	0.0	0.31396404	0.35888580000000003	0.88598406	6.4702399999999995	2.6704999999999997	-0.48832	388456.0	1775936898.811405	0.0	1.0	0.0	-1.0	-1.0	-1.0	1775936898.811405	closed-hand	Close	1	20260411_124810	Trigger
19338.75	14015.385	20142.315	16978.68	0.0	0.0	0.0	0.0	0.0	0.0	0.0	0.0	0.0	0.0	0.0	0.0	0.0	0.0	144.34482758620692	0.0	0.31396404	0.35888580000000003	0.88598406	6.4702399999999995	2.6704999999999997	-0.48832	388457.0	1775936898.815386	0.0	1.0	0.0	-1.0	-1.0	-1.0	1775936898.815386	closed-hand	Close	1	20260411_124810	Trigger
3903.705	1527.21	3961.5299999999997	3422.475	0.0	0.0	0.0	0.0	0.0	0.0	0.0	0.0	0.0	0.0	0.0	0.0	0.0	0.0	144.34482758620692	0.0	0.31396404	0.35888580000000003	0.88598406	6.4702399999999995	2.6704999999999997	-0.48832	388458.0	1775936898.815391	0.0	1.0	0.0	-1.0	-1.0	-1.0	1775936898.815391	closed-hand	Close	1	20260411_124810	Trigger
4411.845	-2222.955	4187.7	3550.9049999999997	0.0	0.0	0.0	0.0	0.0	0.0	0.0	0.0	0.0	0.0	0.0	0.0	0.0	0.0	144.34482758620692	0.0	0.3124992	0.359068905	0.89404068	7.2485	1.58704	0.04578	388459.0	1775936898.819526	0.0	1.0	0.0	-1.0	-1.0	-1.0	1775936898.819526	closed-hand	Close	1	20260411_124810	Trigger
27117.765	-8308.215	25460.46	20727.36	0.0	0.0	0.0	0.0	0.0	0.0	0.0	0.0	0.0	0.0	0.0	0.0	0.0	0.0	144.34482758620692	0.0	0.3124992	0.359068905	0.89404068	7.2485	1.58704	0.04578	388460.0	1775936898.819531	0.0	1.0	0.0	-1.0	-1.0	-1.0	1775936898.819531	closed-hand	Close	1	20260411_124810	Trigger
24163.649999999998	-815.67	22589.73	17218.125	0.0	0.0	0.0	0.0	0.0	0.0	0.0	0.0	0.0	0.0	0.0	0.0	0.0	0.0	144.34482758620692	0.0	0.3124992	0.359068905	0.89404068	7.2485	1.58704	0.04578	388461.0	1775936898.823465	0.0	1.0	0.0	-1.0	-1.0	-1.0	1775936898.823465	closed-hand	Close	1	20260411_124810	Trigger
4721.355	1451.565	4412.43	3050.055	0.0	0.0	0.0	0.0	0.0	0.0	0.0	0.0	0.0	0.0	0.0	0.0	0.0	0.0	144.34482758620692	0.0	0.3124992	0.359068905	0.89404068	7.2485	1.58704	0.04578	388462.0	1775936898.823469	0.0	1.0	0.0	-1.0	-1.0	-1.0	1775936898.823469	closed-hand	Close	1	20260411_124810	Trigger
1926.495	4960.26	2322.0	1755.27	0.0	0.0	0.0	0.0	0.0	0.0	0.0	0.0	0.0	0.0	0.0	0.0	0.0	0.0	144.34482758620692	0.0	0.3124992	0.359068905	0.89404068	7.2485	1.58704	0.04578	388463.0	1775936898.827399	0.0	1.0	0.0	-1.0	-1.0	-1.0	1775936898.827399	closed-hand	Close	1	20260411_124810	Trigger
11808.27	23312.52	13548.51	10772.01	0.0	0.0	0.0	0.0	0.0	0.0	0.0	0.0	0.0	0.0	0.0	0.0	0.0	0.0	144.34482758620692	0.0	0.3124992	0.359068905	0.89404068	7.2485	1.58704	0.04578	388464.0	1775936898.827406	0.0	1.0	0.0	-1.0	-1.0	-1.0	1775936898.827406	closed-hand	Close	1	20260411_124810	Trigger
20255.625	18775.079999999998	21442.23	17999.55	0.0	0.0	0.0	0.0	0.0	0.0	0.0	0.0	0.0	0.0	0.0	0.0	0.0	0.0	144.34482758620692	0.0	0.3124992	0.359068905	0.89404068	7.2485	1.58704	0.04578	388465.0	1775936898.831544	0.0	1.0	0.0	-1.0	-1.0	-1.0	1775936898.831544	closed-hand	Close	1	20260411_124810	Trigger
8703.585	4047.345	8905.5	7697.384999999999	0.0	0.0	0.0	0.0	0.0	0.0	0.0	0.0	0.0	0.0	0.0	0.0	0.0	0.0	144.34482758620692	0.0	0.3124992	0.359068905	0.89404068	7.2485	1.58704	0.04578	388466.0	1775936898.831549	0.0	1.0	0.0	-1.0	-1.0	-1.0	1775936898.831549	closed-hand	Close	1	20260411_124810	Trigger
1279.665	-752.7149999999999	1222.47	1049.3999999999999	0.0	0.0	0.0	0.0	0.0	0.0	0.0	0.0	0.0	0.0	0.0	0.0	0.0	0.0	144.34482758620692	0.0	0.3124992	0.359068905	0.89404068	7.2485	1.58704	0.04578	388467.0	1775936898.836956	0.0	1.0	0.0	-1.0	-1.0	-1.0	1775936898.836956	closed-hand	Close	1	20260411_124810	Trigger
20415.87	-7343.28	19225.305	15820.65	0.0	0.0	0.0	0.0	0.0	0.0	0.0	0.0	0.0	0.0	0.0	0.0	0.0	0.0	144.34482758620692	0.0	0.3124992	0.359068905	0.89404068	7.2485	1.58704	0.04578	388468.0	1775936898.836961	0.0	1.0	0.0	-1.0	-1.0	-1.0	1775936898.836961	closed-hand	Close	1	20260411_124810	Trigger
28685.7	-3728.0699999999997	26822.745	20908.485	0.0	0.0	0.0	0.0	0.0	0.0	0.0	0.0	0.0	0.0	0.0	0.0	0.0	0.0	144.34482758620692	0.0	0.307921575	0.363707565	0.895688625	10.16316	1.03768	2.60946	388469.0	1775936898.841052	0.0	1.0	0.0	-1.0	-1.0	-1.0	1775936898.841052	closed-hand	Close	1	20260411_124810	Trigger
9760.41	1967.355	9110.565	6490.755	0.0	0.0	0.0	0.0	0.0	0.0	0.0	0.0	0.0	0.0	0.0	0.0	0.0	0.0	144.34482758620692	0.0	0.307921575	0.363707565	0.895688625	10.16316	1.03768	2.60946	388470.0	1775936898.841057	0.0	1.0	0.0	-1.0	-1.0	-1.0	1775936898.841057	closed-hand	Close	1	20260411_124810	Trigger
850.635	1751.58	977.76	753.66	0.0	0.0	0.0	0.0	0.0	0.0	0.0	0.0	0.0	0.0	0.0	0.0	0.0	0.0	144.34482758620692	0.0	0.307921575	0.363707565	0.895688625	10.16316	1.03768	2.60946	388471.0	1775936898.84486	0.0	1.0	0.0	-1.0	-1.0	-1.0	1775936898.84486	closed-hand	Close	1	20260411_124810	Trigger
8440.154999999999	18207.315	9978.795	8398.619999999999	0.0	0.0	0.0	0.0	0.0	0.0	0.0	0.0	0.0	0.0	0.0	0.0	0.0	0.0	144.34482758620692	0.0	0.307921575	0.363707565	0.895688625	10.16316	1.03768	2.60946	388472.0	1775936898.844864	0.0	1.0	0.0	-1.0	-1.0	-1.0	1775936898.844864	closed-hand	Close	1	20260411_124810	Trigger
19063.395	21792.87	20750.985	18040.905	0.0	0.0	0.0	0.0	0.0	0.0	0.0	0.0	0.0	0.0	0.0	0.0	0.0	0.0	144.34482758620692	0.0	0.307921575	0.363707565	0.895688625	10.16316	1.03768	2.60946	388473.0	1775936898.850665	0.0	1.0	0.0	-1.0	-1.0	-1.0	1775936898.850665	closed-hand	Close	1	20260411_124810	Trigger
14326.47	7493.085	14863.23	13193.279999999999	0.0	0.0	0.0	0.0	0.0	0.0	0.0	0.0	0.0	0.0	0.0	0.0	0.0	0.0	144.34482758620692	0.0	0.307921575	0.363707565	0.895688625	10.16316	1.03768	2.60946	388474.0	1775936898.85067	0.0	1.0	0.0	-1.0	-1.0	-1.0	1775936898.85067	closed-hand	Close	1	20260411_124810	Trigger
923.04	84.015	928.4399999999999	809.73	0.0	0.0	0.0	0.0	0.0	0.0	0.0	0.0	0.0	0.0	0.0	0.0	0.0	0.0	144.34482758620692	0.0	0.307921575	0.363707565	0.895688625	10.16316	1.03768	2.60946	388475.0	1775936898.851518	0.0	1.0	0.0	-1.0	-1.0	-1.0	1775936898.851518	closed-hand	Close	1	20260411_124810	Trigger
11942.369999999999	-4002.165	11473.56	6201.315	0.0	0.0	0.0	0.0	0.0	0.0	0.0	0.0	0.0	0.0	0.0	0.0	0.0	0.0	144.34482758620692	0.0	0.307921575	0.363707565	0.895688625	10.16316	1.03768	2.60946	388476.0	1775936898.851523	0.0	1.0	0.0	-1.0	-1.0	-1.0	1775936898.851523	closed-hand	Close	1	20260411_124810	Trigger
28670.895	-3325.6349999999998	27455.489999999998	12108.51	0.0	0.0	0.0	0.0	0.0	0.0	0.0	0.0	0.0	0.0	0.0	0.0	0.0	0.0	144.34482758620692	0.0	0.307921575	0.363707565	0.895688625	10.16316	1.03768	2.60946	388477.0	1775936898.855567	0.0	1.0	0.0	-1.0	-1.0	-1.0	1775936898.855567	closed-hand	Close	1	20260411_124810	Trigger
14923.125	3855.555	14358.6	3761.91	0.0	0.0	0.0	0.0	0.0	0.0	0.0	0.0	0.0	0.0	0.0	0.0	0.0	0.0	144.34482758620692	0.0	0.307921575	0.363707565	0.895688625	10.16316	1.03768	2.60946	388478.0	1775936898.855572	0.0	1.0	0.0	-1.0	-1.0	-1.0	1775936898.855572	closed-hand	Close	1	20260411_124810	Trigger
1167.5249999999999	1041.705	1159.875	17.685	0.0	0.0	0.0	0.0	0.0	0.0	0.0	0.0	0.0	0.0	0.0	0.0	0.0	0.0	144.34482758620692	0.0	0.307433295	0.366148965	0.893003085	10.16316	-0.74774	4.303319999999999	388479.0	1775936898.859524	0.0	1.0	0.0	-1.0	-1.0	-1.0	1775936898.859524	closed-hand	Close	1	20260411_124810	Trigger
4604.3099999999995	11593.305	5622.21	1961.145	0.0	0.0	0.0	0.0	0.0	0.0	0.0	0.0	0.0	0.0	0.0	0.0	0.0	0.0	144.34482758620692	0.0	0.307433295	0.366148965	0.893003085	10.16316	-0.74774	4.303319999999999	388480.0	1775936898.85953	0.0	1.0	0.0	-1.0	-1.0	-1.0	1775936898.85953	closed-hand	Close	1	20260411_124810	Trigger
15165.9	22617.09	17034.57	9099.945	0.0	0.0	0.0	0.0	0.0	0.0	0.0	0.0	0.0	0.0	0.0	0.0	0.0	0.0	144.34482758620692	0.0	0.307433295	0.366148965	0.893003085	10.16316	-0.74774	4.303319999999999	388481.0	1775936898.863575	0.0	1.0	0.0	-1.0	-1.0	-1.0	1775936898.863575	closed-hand	Close	1	20260411_124810	Trigger
17861.309999999998	11033.73	18726.93	12427.289999999999	0.0	0.0	0.0	0.0	0.0	0.0	0.0	0.0	0.0	0.0	0.0	0.0	0.0	0.0	144.34482758620692	0.0	0.307433295	0.366148965	0.893003085	10.16316	-0.74774	4.303319999999999	388482.0	1775936898.863579	0.0	1.0	0.0	-1.0	-1.0	-1.0	1775936898.863579	closed-hand	Close	1	20260411_124810	Trigger
2901.1949999999997	870.8399999999999	2962.2599999999998	2136.33	0.0	0.0	0.0	0.0	0.0	0.0	0.0	0.0	0.0	0.0	0.0	0.0	0.0	0.0	144.34482758620692	0.0	0.307433295	0.366148965	0.893003085	10.16316	-0.74774	4.303319999999999	388483.0	1775936898.867592	0.0	1.0	0.0	-1.0	-1.0	-1.0	1775936898.867592	closed-hand	Close	1	20260411_124810	Trigger
5805.585	-3141.765	5513.085	4336.0199999999995	0.0	0.0	0.0	0.0	0.0	0.0	0.0	0.0	0.0	0.0	0.0	0.0	0.0	0.0	144.34482758620692	0.0	0.307433295	0.366148965	0.893003085	10.16316	-0.74774	4.303319999999999	388484.0	1775936898.867597	0.0	1.0	0.0	-1.0	-1.0	-1.0	1775936898.867597	closed-hand	Close	1	20260411_124810	Trigger
28238.625	-9747.494999999999	26543.745	19485.809999999998	0.0	0.0	0.0	0.0	0.0	0.0	0.0	0.0	0.0	0.0	0.0	0.0	0.0	0.0	144.34482758620692	0.0	0.307433295	0.366148965	0.893003085	10.16316	-0.74774	4.303319999999999	388485.0	1775936898.871588	0.0	1.0	0.0	-1.0	-1.0	-1.0	1775936898.871588	closed-hand	Close	1	20260411_124810	Trigger
22248.135	-1657.575	20861.1	13572.945	0.0	0.0	0.0	0.0	0.0	0.0	0.0	0.0	0.0	0.0	0.0	0.0	0.0	0.0	144.34482758620692	0.0	0.307433295	0.366148965	0.893003085	10.16316	-0.74774	4.303319999999999	388486.0	1775936898.871595	0.0	1.0	0.0	-1.0	-1.0	-1.0	1775936898.871595	closed-hand	Close	1	20260411_124810	Trigger
3601.44	888.5699999999999	3374.64	1806.6599999999999	0.0	0.0	0.0	0.0	0.0	0.0	0.0	0.0	0.0	0.0	0.0	0.0	0.0	0.0	144.34482758620692	0.0	0.307433295	0.366148965	0.893003085	10.16316	-0.74774	4.303319999999999	388487.0	1775936898.875615	0.0	1.0	0.0	-1.0	-1.0	-1.0	1775936898.875615	closed-hand	Close	1	20260411_124810	Trigger
2416.6349999999998	6175.9349999999995	2902.6349999999998	1835.595	0.0	0.0	0.0	0.0	0.0	0.0	0.0	0.0	0.0	0.0	0.0	0.0	0.0	0.0	144.34482758620692	0.0	0.307433295	0.366148965	0.893003085	10.16316	-0.74774	4.303319999999999	388488.0	1775936898.875621	0.0	1.0	0.0	-1.0	-1.0	-1.0	1775936898.875621	closed-hand	Close	1	20260411_124810	Trigger
12469.41	23365.079999999998	14152.455	9909.404999999999	0.0	0.0	0.0	0.0	0.0	0.0	0.0	0.0	0.0	0.0	0.0	0.0	0.0	0.0	144.34482758620692	0.0	0.310851255	0.36559965	0.885800955	9.079699999999999	-0.48832	4.10494	388489.0	1775936898.87956	0.0	1.0	0.0	-1.0	-1.0	-1.0	1775936898.87956	closed-hand	Close	1	20260411_124810	Trigger
20011.905	16745.399999999998	21036.195	16294.455	0.0	0.0	0.0	0.0	0.0	0.0	0.0	0.0	0.0	0.0	0.0	0.0	0.0	0.0	144.34482758620692	0.0	0.310851255	0.36559965	0.885800955	9.079699999999999	-0.48832	4.10494	388490.0	1775936898.879565	0.0	1.0	0.0	-1.0	-1.0	-1.0	1775936898.879565	closed-hand	Close	1	20260411_124810	Trigger
7194.78	2982.1949999999997	7338.42	5972.3099999999995	0.0	0.0	0.0	0.0	0.0	0.0	0.0	0.0	0.0	0.0	0.0	0.0	0.0	0.0	144.34482758620692	0.0	0.310851255	0.36559965	0.885800955	9.079699999999999	-0.48832	4.10494	388491.0	1775936898.883637	0.0	1.0	0.0	-1.0	-1.0	-1.0	1775936898.883637	closed-hand	Close	1	20260411_124810	Trigger
1840.86	-1114.335	1749.1499999999999	1472.94	0.0	0.0	0.0	0.0	0.0	0.0	0.0	0.0	0.0	0.0	0.0	0.0	0.0	0.0	144.34482758620692	0.0	0.310851255	0.36559965	0.885800955	9.079699999999999	-0.48832	4.10494	388492.0	1775936898.883642	0.0	1.0	0.0	-1.0	-1.0	-1.0	1775936898.883642	closed-hand	Close	1	20260411_124810	Trigger
