ch_0	ch_1	ch_2	ch_3	ch_4	ch_5	ch_6	ch_7	ch_8	ch_9	ch_10	ch_11	ch_12	ch_13	ch_14	ch_15	ch_16	ch_17	ch_18	ch_19	ch_20	ch_21	ch_22	ch_23	ch_24	ch_25	ch_26	timestamp	marker	ch_29	ch_30	ch_31	ch_32	ch_33	ch_34	ch_35	ch_36	ch_37	ch_38	MarkerColumn	GestureLabel	CueLabel	SampleNumber	CollectionDate
-68473.98	-54967.77	-104685.705	-18522.54	0.0	0.0	0.0	0.0	0.0	0.0	0.0	0.0	0.0	0.0	0.0	0.0	0.0	0.0	145.86206896551727	0.0	0.060119475	-0.07739238	0.997739145	4.15072	3.83026	-1.51074	3288657.0	1776544967.744227	5.0	1.0	-1.0	-1.0	-1.0	-1.0	-1.0	-1.0	-1.0	-1.0	0.0	marker	peace	Peace	25	0418
-68498.55	-54969.39	-104707.125	-18546.524999999998	0.0	0.0	0.0	0.0	0.0	0.0	0.0	0.0	0.0	0.0	0.0	0.0	0.0	0.0	145.86206896551727	0.0	0.060119475	-0.07739238	0.997739145	4.15072	3.83026	-1.51074	3288658.0	1776544967.744232	0.0	1.0	-1.0	-1.0	-1.0	-1.0	-1.0	-1.0	-1.0	-1.0	0.0	marker	peace	Peace	25	0418
-68459.355	-54973.17	-104687.01	-18525.78	0.0	0.0	0.0	0.0	0.0	0.0	0.0	0.0	0.0	0.0	0.0	0.0	0.0	0.0	145.86206896551727	0.0	0.060119475	-0.07739238	0.997739145	4.15072	3.83026	-1.51074	3288659.0	1776544967.746066	0.0	1.0	-1.0	-1.0	-1.0	-1.0	-1.0	-1.0	-1.0	-1.0	0.0	marker	peace	Peace	25	0418
-68474.25	-54965.924999999996	-104688.9	-18533.114999999998	0.0	0.0	0.0	0.0	0.0	0.0	0.0	0.0	0.0	0.0	0.0	0.0	0.0	0.0	145.86206896551727	0.0	0.060119475	-0.07739238	0.997739145	4.15072	3.83026	-1.51074	3288660.0	1776544967.746069	0.0	1.0	-1.0	-1.0	-1.0	-1.0	-1.0	-1.0	-1.0	-1.0	0.0	marker	peace	Peace	25	0418
-68520.555	-54946.755	-104734.53	-18568.53	0.0	0.0	0.0	0.0	0.0	0.0	0.0	0.0	0.0	0.0	0.0	0.0	0.0	0.0	145.86206896551727	0.0	0.060119475	-0.07739238	0.997739145	4.15072	3.83026	-1.51074	3288661.0	1776544967.750089	0.0	1.0	-1.0	-1.0	-1.0	-1.0	-1.0	-1.0	-1.0	-1.0	0.0	marker	peace	Peace	25	0418
-68487.435	-54928.439999999995	-104709.465	-18552.915	0.0	0.0	0.0	0.0	0.0	0.0	0.0	0.0	0.0	0.0	0.0	0.0	0.0	0.0	145.86206896551727	0.0	0.060119475	-0.07739238	0.997739145	4.15072	3.83026	-1.51074	3288662.0	1776544967.750097	0.0	1.0	-1.0	-1.0	-1.0	-1.0	-1.0	-1.0	-1.0	-1.0	0.0	marker	peace	Peace	25	0418
-68474.61	-54920.07	-104664.06	-18502.469999999998	0.0	0.0	0.0	0.0	0.0	0.0	0.0	0.0	0.0	0.0	0.0	0.0	0.0	0.0	145.86206896551727	0.0	0.060119475	-0.07739238	0.997739145	4.15072	3.83026	-1.51074	3288663.0	1776544967.754084	0.0	1.0	-1.0	-1.0	-1.0	-1.0	-1.0	-1.0	-1.0	-1.0	0.0	marker	peace	Peace	25	0418
-68379.20999999999	-54913.68	-104594.48999999999	-18437.625	0.0	0.0	0.0	0.0	0.0	0.0	0.0	0.0	0.0	0.0	0.0	0.0	0.0	0.0	145.86206896551727	0.0	0.060119475	-0.07739238	0.997739145	4.15072	3.83026	-1.51074	3288664.0	1776544967.75409	0.0	1.0	-1.0	-1.0	-1.0	-1.0	-1.0	-1.0	-1.0	-1.0	0.0	marker	peace	Peace	25	0418
-68455.08	-54921.015	-104677.33499999999	-18508.68	0.0	0.0	0.0	0.0	0.0	0.0	0.0	0.0	0.0	0.0	0.0	0.0	0.0	0.0	145.86206896551727	0.0	0.060119475	-0.07739238	0.997739145	4.15072	3.83026	-1.51074	3288665.0	1776544967.75819	0.0	1.0	-1.0	-1.0	-1.0	-1.0	-1.0	-1.0	-1.0	-1.0	0.0	marker	peace	Peace	25	0418
-68526.18	-54923.715	-104737.995	-18565.2	0.0	0.0	0.0	0.0	0.0	0.0	0.0	0.0	0.0	0.0	0.0	0.0	0.0	0.0	145.86206896551727	0.0	0.060119475	-0.07739238	0.997739145	4.15072	3.83026	-1.51074	3288666.0	1776544967.758209	0.0	1.0	-1.0	-1.0	-1.0	-1.0	-1.0	-1.0	-1.0	-1.0	0.0	marker	peace	Peace	25	0418
-68479.92	-54915.299999999996	-104702.175	-18537.795	0.0	0.0	0.0	0.0	0.0	0.0	0.0	0.0	0.0	0.0	0.0	0.0	0.0	0.0	145.86206896551727	0.0	0.06915265500000001	-0.07836894	0.99474843	7.66052	5.76828	-2.65524	3288667.0	1776544967.76362	0.0	1.0	-1.0	-1.0	-1.0	-1.0	-1.0	-1.0	-1.0	-1.0	0.0	marker	peace	Peace	25	0418
-68439.59999999999	-54910.755	-104669.28	-18503.774999999998	0.0	0.0	0.0	0.0	0.0	0.0	0.0	0.0	0.0	0.0	0.0	0.0	0.0	0.0	145.86206896551727	0.0	0.06915265500000001	-0.07836894	0.99474843	7.66052	5.76828	-2.65524	3288668.0	1776544967.763635	0.0	1.0	-1.0	-1.0	-1.0	-1.0	-1.0	-1.0	-1.0	-1.0	0.0	marker	peace	Peace	25	0418
-68458.36499999999	-54912.6	-104666.67	-18490.86	0.0	0.0	0.0	0.0	0.0	0.0	0.0	0.0	0.0	0.0	0.0	0.0	0.0	0.0	145.86206896551727	0.0	0.06915265500000001	-0.07836894	0.99474843	7.66052	5.76828	-2.65524	3288669.0	1776544967.766098	0.0	1.0	-1.0	-1.0	-1.0	-1.0	-1.0	-1.0	-1.0	-1.0	0.0	marker	peace	Peace	25	0418
-68423.355	-54923.22	-104647.995	-18488.61	0.0	0.0	0.0	0.0	0.0	0.0	0.0	0.0	0.0	0.0	0.0	0.0	0.0	0.0	145.86206896551727	0.0	0.06915265500000001	-0.07836894	0.99474843	7.66052	5.76828	-2.65524	3288670.0	1776544967.766101	0.0	1.0	-1.0	-1.0	-1.0	-1.0	-1.0	-1.0	-1.0	-1.0	0.0	marker	peace	Peace	25	0418
-68475.87	-54930.6	-104685.75	-18524.835	0.0	0.0	0.0	0.0	0.0	0.0	0.0	0.0	0.0	0.0	0.0	0.0	0.0	0.0	145.86206896551727	0.0	0.06915265500000001	-0.07836894	0.99474843	7.66052	5.76828	-2.65524	3288671.0	1776544967.770086	0.0	1.0	-1.0	-1.0	-1.0	-1.0	-1.0	-1.0	-1.0	-1.0	0.0	marker	peace	Peace	25	0418
-68484.69	-54933.84	-104698.70999999999	-18544.995	0.0	0.0	0.0	0.0	0.0	0.0	0.0	0.0	0.0	0.0	0.0	0.0	0.0	0.0	145.86206896551727	0.0	0.06915265500000001	-0.07836894	0.99474843	7.66052	5.76828	-2.65524	3288672.0	1776544967.770089	0.0	1.0	-1.0	-1.0	-1.0	-1.0	-1.0	-1.0	-1.0	-1.0	0.0	marker	peace	Peace	25	0418
-68494.455	-54944.729999999996	-104716.98	-18562.41	0.0	0.0	0.0	0.0	0.0	0.0	0.0	0.0	0.0	0.0	0.0	0.0	0.0	0.0	145.86206896551727	0.0	0.06915265500000001	-0.07836894	0.99474843	7.66052	5.76828	-2.65524	3288673.0	1776544967.774141	0.0	1.0	-1.0	-1.0	-1.0	-1.0	-1.0	-1.0	-1.0	-1.0	0.0	marker	peace	Peace	25	0418
-68487.885	-54953.009999999995	-104703.39	-18551.25	0.0	0.0	0.0	0.0	0.0	0.0	0.0	0.0	0.0	0.0	0.0	0.0	0.0	0.0	145.86206896551727	0.0	0.06915265500000001	-0.07836894	0.99474843	7.66052	5.76828	-2.65524	3288674.0	1776544967.774144	0.0	1.0	-1.0	-1.0	-1.0	-1.0	-1.0	-1.0	-1.0	-1.0	0.0	marker	peace	Peace	25	0418
-68469.525	-54948.465	-104675.31	-18537.39	0.0	0.0	0.0	0.0	0.0	0.0	0.0	0.0	0.0	0.0	0.0	0.0	0.0	0.0	145.86206896551727	0.0	0.06915265500000001	-0.07836894	0.99474843	7.66052	5.76828	-2.65524	3288675.0	1776544967.778222	0.0	1.0	-1.0	-1.0	-1.0	-1.0	-1.0	-1.0	-1.0	-1.0	0.0	marker	peace	Peace	25	0418
-68444.235	-54936.765	-104649.56999999999	-18504.719999999998	0.0	0.0	0.0	0.0	0.0	0.0	0.0	0.0	0.0	0.0	0.0	0.0	0.0	0.0	145.86206896551727	0.0	0.06915265500000001	-0.07836894	0.99474843	7.66052	5.76828	-2.65524	3288676.0	1776544967.778226	0.0	1.0	-1.0	-1.0	-1.0	-1.0	-1.0	-1.0	-1.0	-1.0	0.0	marker	peace	Peace	25	0418
-68439.19499999999	-54920.43	-104674.36499999999	-18491.489999999998	0.0	0.0	0.0	0.0	0.0	0.0	0.0	0.0	0.0	0.0	0.0	0.0	0.0	0.0	145.86206896551727	0.0	0.057067725	-0.073303035	1.00512438	13.39828	6.66862	-4.822159999999999	3288677.0	1776544967.782166	0.0	1.0	-1.0	-1.0	-1.0	-1.0	-1.0	-1.0	-1.0	-1.0	0.0	marker	peace	Peace	25	0418
-68490.765	-54913.5	-104736.69	-18552.059999999998	0.0	0.0	0.0	0.0	0.0	0.0	0.0	0.0	0.0	0.0	0.0	0.0	0.0	0.0	145.86206896551727	0.0	0.057067725	-0.073303035	1.00512438	13.39828	6.66862	-4.822159999999999	3288678.0	1776544967.782169	0.0	1.0	-1.0	-1.0	-1.0	-1.0	-1.0	-1.0	-1.0	-1.0	0.0	marker	peace	Peace	25	0418
-68483.34	-54914.895	-104712.25499999999	-18537.84	0.0	0.0	0.0	0.0	0.0	0.0	0.0	0.0	0.0	0.0	0.0	0.0	0.0	0.0	145.86206896551727	0.0	0.057067725	-0.073303035	1.00512438	13.39828	6.66862	-4.822159999999999	3288679.0	1776544967.786205	0.0	1.0	-1.0	-1.0	-1.0	-1.0	-1.0	-1.0	-1.0	-1.0	0.0	marker	peace	Peace	25	0418
-68450.58	-54914.265	-104673.64499999999	-18509.94	0.0	0.0	0.0	0.0	0.0	0.0	0.0	0.0	0.0	0.0	0.0	0.0	0.0	0.0	145.86206896551727	0.0	0.057067725	-0.073303035	1.00512438	13.39828	6.66862	-4.822159999999999	3288680.0	1776544967.786208	0.0	1.0	-1.0	-1.0	-1.0	-1.0	-1.0	-1.0	-1.0	-1.0	0.0	marker	peace	Peace	25	0418
-68395.14	-54912.509999999995	-104623.2	-18467.415	0.0	0.0	0.0	0.0	0.0	0.0	0.0	0.0	0.0	0.0	0.0	0.0	0.0	0.0	145.86206896551727	0.0	0.057067725	-0.073303035	1.00512438	13.39828	6.66862	-4.822159999999999	3288681.0	1776544967.791384	0.0	1.0	-1.0	-1.0	-1.0	-1.0	-1.0	-1.0	-1.0	-1.0	0.0	marker	peace	Peace	25	0418
-68450.58	-54928.979999999996	-104666.715	-18512.28	0.0	0.0	0.0	0.0	0.0	0.0	0.0	0.0	0.0	0.0	0.0	0.0	0.0	0.0	145.86206896551727	0.0	0.057067725	-0.073303035	1.00512438	13.39828	6.66862	-4.822159999999999	3288682.0	1776544967.791388	0.0	1.0	-1.0	-1.0	-1.0	-1.0	-1.0	-1.0	-1.0	-1.0	0.0	marker	peace	Peace	25	0418
-68475.375	-54933.84	-104686.92	-18528.84	0.0	0.0	0.0	0.0	0.0	0.0	0.0	0.0	0.0	0.0	0.0	0.0	0.0	0.0	145.86206896551727	0.0	0.057067725	-0.073303035	1.00512438	13.39828	6.66862	-4.822159999999999	3288683.0	1776544967.797657	0.0	1.0	-1.0	-1.0	-1.0	-1.0	-1.0	-1.0	-1.0	-1.0	0.0	marker	peace	Peace	25	0418
-68476.545	-54931.229999999996	-104691.735	-18527.895	0.0	0.0	0.0	0.0	0.0	0.0	0.0	0.0	0.0	0.0	0.0	0.0	0.0	0.0	145.86206896551727	0.0	0.057067725	-0.073303035	1.00512438	13.39828	6.66862	-4.822159999999999	3288684.0	1776544967.79766	0.0	1.0	-1.0	-1.0	-1.0	-1.0	-1.0	-1.0	-1.0	-1.0	0.0	marker	peace	Peace	25	0418
-68483.25	-54939.375	-104700.375	-18530.28	0.0	0.0	0.0	0.0	0.0	0.0	0.0	0.0	0.0	0.0	0.0	0.0	0.0	0.0	145.86206896551727	0.0	0.057067725	-0.073303035	1.00512438	13.39828	6.66862	-4.822159999999999	3288685.0	1776544967.797902	0.0	1.0	-1.0	-1.0	-1.0	-1.0	-1.0	-1.0	-1.0	-1.0	0.0	marker	peace	Peace	25	0418
-68480.955	-54943.92	-104691.64499999999	-18517.41	0.0	0.0	0.0	0.0	0.0	0.0	0.0	0.0	0.0	0.0	0.0	0.0	0.0	0.0	145.86206896551727	0.0	0.057067725	-0.073303035	1.00512438	13.39828	6.66862	-4.822159999999999	3288686.0	1776544967.797905	0.0	1.0	-1.0	-1.0	-1.0	-1.0	-1.0	-1.0	-1.0	-1.0	0.0	marker	peace	Peace	25	0418
-68463.135	-54946.17	-104675.53499999999	-18503.415	0.0	0.0	0.0	0.0	0.0	0.0	0.0	0.0	0.0	0.0	0.0	0.0	0.0	0.0	145.86206896551727	0.0	0.040099995	-0.059264985	1.014828945	13.779779999999999	5.1884	-5.00528	3288687.0	1776544967.802201	0.0	1.0	-1.0	-1.0	-1.0	-1.0	-1.0	-1.0	-1.0	-1.0	0.0	marker	peace	Peace	25	0418
-68443.65	-54948.689999999995	-104656.095	-18486.27	0.0	0.0	0.0	0.0	0.0	0.0	0.0	0.0	0.0	0.0	0.0	0.0	0.0	0.0	145.86206896551727	0.0	0.040099995	-0.059264985	1.014828945	13.779779999999999	5.1884	-5.00528	3288688.0	1776544967.802204	0.0	1.0	-1.0	-1.0	-1.0	-1.0	-1.0	-1.0	-1.0	-1.0	0.0	marker	peace	Peace	25	0418
-68461.965	-54959.49	-104685.12	-18533.88	0.0	0.0	0.0	0.0	0.0	0.0	0.0	0.0	0.0	0.0	0.0	0.0	0.0	0.0	145.86206896551727	0.0	0.040099995	-0.059264985	1.014828945	13.779779999999999	5.1884	-5.00528	3288689.0	1776544967.806282	0.0	1.0	-1.0	-1.0	-1.0	-1.0	-1.0	-1.0	-1.0	-1.0	0.0	marker	peace	Peace	25	0418
-68477.08499999999	-54956.79	-104693.04	-18545.13	0.0	0.0	0.0	0.0	0.0	0.0	0.0	0.0	0.0	0.0	0.0	0.0	0.0	0.0	145.86206896551727	0.0	0.040099995	-0.059264985	1.014828945	13.779779999999999	5.1884	-5.00528	3288690.0	1776544967.806285	0.0	1.0	-1.0	-1.0	-1.0	-1.0	-1.0	-1.0	-1.0	-1.0	0.0	marker	peace	Peace	25	0418
-68475.33	-54937.35	-104677.245	-18534.285	0.0	0.0	0.0	0.0	0.0	0.0	0.0	0.0	0.0	0.0	0.0	0.0	0.0	0.0	145.86206896551727	0.0	0.040099995	-0.059264985	1.014828945	13.779779999999999	5.1884	-5.00528	3288691.0	1776544967.810374	0.0	1.0	-1.0	-1.0	-1.0	-1.0	-1.0	-1.0	-1.0	-1.0	0.0	marker	peace	Peace	25	0418
-68475.015	-54921.15	-104683.00499999999	-18532.89	0.0	0.0	0.0	0.0	0.0	0.0	0.0	0.0	0.0	0.0	0.0	0.0	0.0	0.0	145.86206896551727	0.0	0.040099995	-0.059264985	1.014828945	13.779779999999999	5.1884	-5.00528	3288692.0	1776544967.810377	0.0	1.0	-1.0	-1.0	-1.0	-1.0	-1.0	-1.0	-1.0	-1.0	0.0	marker	peace	Peace	25	0418
-68476.455	-54910.619999999995	-104697.54	-18543.015	0.0	0.0	0.0	0.0	0.0	0.0	0.0	0.0	0.0	0.0	0.0	0.0	0.0	0.0	145.86206896551727	0.0	0.040099995	-0.059264985	1.014828945	13.779779999999999	5.1884	-5.00528	3288693.0	1776544967.816366	0.0	1.0	-1.0	-1.0	-1.0	-1.0	-1.0	-1.0	-1.0	-1.0	0.0	marker	peace	Peace	25	0418
-68463.45	-54911.204999999994	-104698.17	-18528.66	0.0	0.0	0.0	0.0	0.0	0.0	0.0	0.0	0.0	0.0	0.0	0.0	0.0	0.0	145.86206896551727	0.0	0.040099995	-0.059264985	1.014828945	13.779779999999999	5.1884	-5.00528	3288694.0	1776544967.816382	0.0	1.0	-1.0	-1.0	-1.0	-1.0	-1.0	-1.0	-1.0	-1.0	0.0	marker	peace	Peace	25	0418
-68426.28	-54907.65	-104665.31999999999	-18496.71	0.0	0.0	0.0	0.0	0.0	0.0	0.0	0.0	0.0	0.0	0.0	0.0	0.0	0.0	145.86206896551727	0.0	0.040099995	-0.059264985	1.014828945	13.779779999999999	5.1884	-5.00528	3288695.0	1776544967.819372	0.0	1.0	-1.0	-1.0	-1.0	-1.0	-1.0	-1.0	-1.0	-1.0	0.0	marker	peace	Peace	25	0418
-68463.315	-54898.515	-104687.19	-18506.295	0.0	0.0	0.0	0.0	0.0	0.0	0.0	0.0	0.0	0.0	0.0	0.0	0.0	0.0	145.86206896551727	0.0	0.040099995	-0.059264985	1.014828945	13.779779999999999	5.1884	-5.00528	3288696.0	1776544967.819376	0.0	1.0	-1.0	-1.0	-1.0	-1.0	-1.0	-1.0	-1.0	-1.0	0.0	marker	peace	Peace	25	0418
-68501.565	-54905.534999999996	-104695.2	-18519.795	0.0	0.0	0.0	0.0	0.0	0.0	0.0	0.0	0.0	0.0	0.0	0.0	0.0	0.0	145.86206896551727	0.0	0.033996495	-0.044982795	1.029965625	7.065379999999999	2.8078399999999997	-3.17408	3288697.0	1776544967.822236	0.0	1.0	-1.0	-1.0	-1.0	-1.0	-1.0	-1.0	-1.0	-1.0	0.0	marker	peace	Peace	25	0418
-68486.67	-54916.695	-104691.64499999999	-18529.695	0.0	0.0	0.0	0.0	0.0	0.0	0.0	0.0	0.0	0.0	0.0	0.0	0.0	0.0	145.86206896551727	0.0	0.033996495	-0.044982795	1.029965625	7.065379999999999	2.8078399999999997	-3.17408	3288698.0	1776544967.822239	0.0	1.0	-1.0	-1.0	-1.0	-1.0	-1.0	-1.0	-1.0	-1.0	0.0	marker	peace	Peace	25	0418
-68470.02	-54926.865	-104688.26999999999	-18528.255	0.0	0.0	0.0	0.0	0.0	0.0	0.0	0.0	0.0	0.0	0.0	0.0	0.0	0.0	145.86206896551727	0.0	0.033996495	-0.044982795	1.029965625	7.065379999999999	2.8078399999999997	-3.17408	3288699.0	1776544967.82764	0.0	1.0	-1.0	-1.0	-1.0	-1.0	-1.0	-1.0	-1.0	-1.0	0.0	marker	peace	Peace	25	0418
-68462.955	-54927.405	-104683.76999999999	-18532.665	0.0	0.0	0.0	0.0	0.0	0.0	0.0	0.0	0.0	0.0	0.0	0.0	0.0	0.0	145.86206896551727	0.0	0.033996495	-0.044982795	1.029965625	7.065379999999999	2.8078399999999997	-3.17408	3288700.0	1776544967.827656	0.0	1.0	-1.0	-1.0	-1.0	-1.0	-1.0	-1.0	-1.0	-1.0	0.0	marker	peace	Peace	25	0418
-68467.815	-54946.979999999996	-104690.25	-18534.015	0.0	0.0	0.0	0.0	0.0	0.0	0.0	0.0	0.0	0.0	0.0	0.0	0.0	0.0	145.86206896551727	0.0	0.033996495	-0.044982795	1.029965625	7.065379999999999	2.8078399999999997	-3.17408	3288701.0	1776544967.830331	0.0	1.0	-1.0	-1.0	-1.0	-1.0	-1.0	-1.0	-1.0	-1.0	0.0	marker	peace	Peace	25	0418
-68456.925	-54954.9	-104690.655	-18530.055	0.0	0.0	0.0	0.0	0.0	0.0	0.0	0.0	0.0	0.0	0.0	0.0	0.0	0.0	145.86206896551727	0.0	0.033996495	-0.044982795	1.029965625	7.065379999999999	2.8078399999999997	-3.17408	3288702.0	1776544967.830335	0.0	1.0	-1.0	-1.0	-1.0	-1.0	-1.0	-1.0	-1.0	-1.0	0.0	marker	peace	Peace	25	0418
-68361.795	-54944.369999999995	-104606.01	-18446.895	0.0	0.0	0.0	0.0	0.0	0.0	0.0	0.0	0.0	0.0	0.0	0.0	0.0	0.0	145.86206896551727	0.0	0.033996495	-0.044982795	1.029965625	7.065379999999999	2.8078399999999997	-3.17408	3288703.0	1776544967.834325	0.0	1.0	-1.0	-1.0	-1.0	-1.0	-1.0	-1.0	-1.0	-1.0	0.0	marker	peace	Peace	25	0418
-68332.36499999999	-54940.454999999994	-104564.34	-18400.815	0.0	0.0	0.0	0.0	0.0	0.0	0.0	0.0	0.0	0.0	0.0	0.0	0.0	0.0	145.86206896551727	0.0	0.033996495	-0.044982795	1.029965625	7.065379999999999	2.8078399999999997	-3.17408	3288704.0	1776544967.834328	0.0	1.0	-1.0	-1.0	-1.0	-1.0	-1.0	-1.0	-1.0	-1.0	0.0	marker	peace	Peace	25	0418
-68568.705	-54958.68	-104745.42	-18575.73	0.0	0.0	0.0	0.0	0.0	0.0	0.0	0.0	0.0	0.0	0.0	0.0	0.0	0.0	145.86206896551727	0.0	0.033996495	-0.044982795	1.029965625	7.065379999999999	2.8078399999999997	-3.17408	3288705.0	1776544967.83835	0.0	1.0	-1.0	-1.0	-1.0	-1.0	-1.0	-1.0	-1.0	-1.0	0.0	marker	peace	Peace	25	0418
-68554.17	-54960.255	-104729.08499999999	-18565.2	0.0	0.0	0.0	0.0	0.0	0.0	0.0	0.0	0.0	0.0	0.0	0.0	0.0	0.0	145.86206896551727	0.0	0.033996495	-0.044982795	1.029965625	7.065379999999999	2.8078399999999997	-3.17408	3288706.0	1776544967.838354	0.0	1.0	-1.0	-1.0	-1.0	-1.0	-1.0	-1.0	-1.0	-1.0	0.0	marker	peace	Peace	25	0418
-68496.61499999999	-54959.354999999996	-104687.055	-18539.73	0.0	0.0	0.0	0.0	0.0	0.0	0.0	0.0	0.0	0.0	0.0	0.0	0.0	0.0	145.86206896551727	0.0	0.033691320000000004	-0.047973510000000004	1.041562275	7.340059999999999	0.4578	-3.67766	3288707.0	1776544967.842449	0.0	1.0	-1.0	-1.0	-1.0	-1.0	-1.0	-1.0	-1.0	-1.0	0.0	marker	peace	Peace	25	0418
-68450.08499999999	-54949.005	-104655.59999999999	-18506.34	0.0	0.0	0.0	0.0	0.0	0.0	0.0	0.0	0.0	0.0	0.0	0.0	0.0	0.0	145.86206896551727	0.0	0.033691320000000004	-0.047973510000000004	1.041562275	7.340059999999999	0.4578	-3.67766	3288708.0	1776544967.842454	0.0	1.0	-1.0	-1.0	-1.0	-1.0	-1.0	-1.0	-1.0	-1.0	0.0	marker	peace	Peace	25	0418
-68430.645	-54944.729999999996	-104664.51	-18502.875	0.0	0.0	0.0	0.0	0.0	0.0	0.0	0.0	0.0	0.0	0.0	0.0	0.0	0.0	145.86206896551727	0.0	0.033691320000000004	-0.047973510000000004	1.041562275	7.340059999999999	0.4578	-3.67766	3288709.0	1776544967.846346	0.0	1.0	-1.0	-1.0	-1.0	-1.0	-1.0	-1.0	-1.0	-1.0	0.0	marker	peace	Peace	25	0418
-68485.545	-54944.235	-104722.29	-18526.68	0.0	0.0	0.0	0.0	0.0	0.0	0.0	0.0	0.0	0.0	0.0	0.0	0.0	0.0	145.86206896551727	0.0	0.033691320000000004	-0.047973510000000004	1.041562275	7.340059999999999	0.4578	-3.67766	3288710.0	1776544967.84635	0.0	1.0	-1.0	-1.0	-1.0	-1.0	-1.0	-1.0	-1.0	-1.0	0.0	marker	peace	Peace	25	0418
-68498.19	-54944.325	-104705.235	-18521.684999999998	0.0	0.0	0.0	0.0	0.0	0.0	0.0	0.0	0.0	0.0	0.0	0.0	0.0	0.0	145.86206896551727	0.0	0.033691320000000004	-0.047973510000000004	1.041562275	7.340059999999999	0.4578	-3.67766	3288711.0	1776544967.850509	0.0	1.0	-1.0	-1.0	-1.0	-1.0	-1.0	-1.0	-1.0	-1.0	0.0	marker	peace	Peace	25	0418
-68473.44	-54950.04	-104672.34	-18528.93	0.0	0.0	0.0	0.0	0.0	0.0	0.0	0.0	0.0	0.0	0.0	0.0	0.0	0.0	145.86206896551727	0.0	0.033691320000000004	-0.047973510000000004	1.041562275	7.340059999999999	0.4578	-3.67766	3288712.0	1776544967.850521	0.0	1.0	-1.0	-1.0	-1.0	-1.0	-1.0	-1.0	-1.0	-1.0	0.0	marker	peace	Peace	25	0418
-68456.34	-54952.29	-104676.39	-18522.989999999998	0.0	0.0	0.0	0.0	0.0	0.0	0.0	0.0	0.0	0.0	0.0	0.0	0.0	0.0	145.86206896551727	0.0	0.033691320000000004	-0.047973510000000004	1.041562275	7.340059999999999	0.4578	-3.67766	3288713.0	1776544967.864077	0.0	1.0	-1.0	-1.0	-1.0	-1.0	-1.0	-1.0	-1.0	-1.0	0.0	marker	peace	Peace	25	0418
-68439.15	-54954.27	-104655.23999999999	-18503.055	0.0	0.0	0.0	0.0	0.0	0.0	0.0	0.0	0.0	0.0	0.0	0.0	0.0	0.0	145.86206896551727	0.0	0.033691320000000004	-0.047973510000000004	1.041562275	7.340059999999999	0.4578	-3.67766	3288714.0	1776544967.864085	0.0	1.0	-1.0	-1.0	-1.0	-1.0	-1.0	-1.0	-1.0	-1.0	0.0	marker	peace	Peace	25	0418
-68462.37	-54969.39	-104663.295	-18508.364999999998	0.0	0.0	0.0	0.0	0.0	0.0	0.0	0.0	0.0	0.0	0.0	0.0	0.0	0.0	145.86206896551727	0.0	0.033691320000000004	-0.047973510000000004	1.041562275	7.340059999999999	0.4578	-3.67766	3288715.0	1776544967.864102	0.0	1.0	-1.0	-1.0	-1.0	-1.0	-1.0	-1.0	-1.0	-1.0	0.0	marker	peace	Peace	25	0418
-68485.905	-54977.715	-104689.17	-18531.54	0.0	0.0	0.0	0.0	0.0	0.0	0.0	0.0	0.0	0.0	0.0	0.0	0.0	0.0	145.86206896551727	0.0	0.033691320000000004	-0.047973510000000004	1.041562275	7.340059999999999	0.4578	-3.67766	3288716.0	1776544967.864105	0.0	1.0	-1.0	-1.0	-1.0	-1.0	-1.0	-1.0	-1.0	-1.0	0.0	marker	peace	Peace	25	0418
-68470.065	-54978.615	-104675.48999999999	-18522.18	0.0	0.0	0.0	0.0	0.0	0.0	0.0	0.0	0.0	0.0	0.0	0.0	0.0	0.0	145.86206896551727	0.0	0.031066815	-0.053161485	1.04296608	10.13264	-0.73248	-2.4110799999999997	3288717.0	1776544967.86411	0.0	1.0	-1.0	-1.0	-1.0	-1.0	-1.0	-1.0	-1.0	-1.0	0.0	marker	peace	Peace	25	0418
-68478.39	-54979.604999999996	-104664.87	-18518.67	0.0	0.0	0.0	0.0	0.0	0.0	0.0	0.0	0.0	0.0	0.0	0.0	0.0	0.0	145.86206896551727	0.0	0.031066815	-0.053161485	1.04296608	10.13264	-0.73248	-2.4110799999999997	3288718.0	1776544967.864113	0.0	1.0	-1.0	-1.0	-1.0	-1.0	-1.0	-1.0	-1.0	-1.0	0.0	marker	peace	Peace	25	0418
-68477.04	-54972.945	-104659.56	-18533.114999999998	0.0	0.0	0.0	0.0	0.0	0.0	0.0	0.0	0.0	0.0	0.0	0.0	0.0	0.0	145.86206896551727	0.0	0.031066815	-0.053161485	1.04296608	10.13264	-0.73248	-2.4110799999999997	3288719.0	1776544967.866563	0.0	1.0	-1.0	-1.0	-1.0	-1.0	-1.0	-1.0	-1.0	-1.0	0.0	marker	peace	Peace	25	0418
-68470.605	-54965.52	-104675.985	-18535.364999999998	0.0	0.0	0.0	0.0	0.0	0.0	0.0	0.0	0.0	0.0	0.0	0.0	0.0	0.0	145.86206896551727	0.0	0.031066815	-0.053161485	1.04296608	10.13264	-0.73248	-2.4110799999999997	3288720.0	1776544967.866579	0.0	1.0	-1.0	-1.0	-1.0	-1.0	-1.0	-1.0	-1.0	-1.0	0.0	marker	peace	Peace	25	0418
-68494.005	-54963.765	-104724.72	-18538.02	0.0	0.0	0.0	0.0	0.0	0.0	0.0	0.0	0.0	0.0	0.0	0.0	0.0	0.0	145.86206896551727	0.0	0.031066815	-0.053161485	1.04296608	10.13264	-0.73248	-2.4110799999999997	3288721.0	1776544967.870503	0.0	1.0	-1.0	-1.0	-1.0	-1.0	-1.0	-1.0	-1.0	-1.0	0.0	marker	peace	Peace	25	0418
-68475.06	-54969.704999999994	-104723.09999999999	-18535.364999999998	0.0	0.0	0.0	0.0	0.0	0.0	0.0	0.0	0.0	0.0	0.0	0.0	0.0	0.0	145.86206896551727	0.0	0.031066815	-0.053161485	1.04296608	10.13264	-0.73248	-2.4110799999999997	3288722.0	1776544967.870533	0.0	1.0	-1.0	-1.0	-1.0	-1.0	-1.0	-1.0	-1.0	-1.0	0.0	marker	peace	Peace	25	0418
-68475.15	-54973.89	-104663.61	-18513.945	0.0	0.0	0.0	0.0	0.0	0.0	0.0	0.0	0.0	0.0	0.0	0.0	0.0	0.0	145.86206896551727	0.0	0.031066815	-0.053161485	1.04296608	10.13264	-0.73248	-2.4110799999999997	3288723.0	1776544967.874553	0.0	1.0	-1.0	-1.0	-1.0	-1.0	-1.0	-1.0	-1.0	-1.0	0.0	marker	peace	Peace	25	0418
-68469.84	-54980.415	-104643.405	-18497.43	0.0	0.0	0.0	0.0	0.0	0.0	0.0	0.0	0.0	0.0	0.0	0.0	0.0	0.0	145.86206896551727	0.0	0.031066815	-0.053161485	1.04296608	10.13264	-0.73248	-2.4110799999999997	3288724.0	1776544967.874569	0.0	1.0	-1.0	-1.0	-1.0	-1.0	-1.0	-1.0	-1.0	-1.0	0.0	marker	peace	Peace	25	0418
-68461.245	-54989.505	-104662.75499999999	-18501.614999999998	0.0	0.0	0.0	0.0	0.0	0.0	0.0	0.0	0.0	0.0	0.0	0.0	0.0	0.0	145.86206896551727	0.0	0.031066815	-0.053161485	1.04296608	10.13264	-0.73248	-2.4110799999999997	3288725.0	1776544967.878565	0.0	1.0	-1.0	-1.0	-1.0	-1.0	-1.0	-1.0	-1.0	-1.0	0.0	marker	peace	Peace	25	0418
-68435.73	-54990.09	-104668.605	-18495.045	0.0	0.0	0.0	0.0	0.0	0.0	0.0	0.0	0.0	0.0	0.0	0.0	0.0	0.0	145.86206896551727	0.0	0.031066815	-0.053161485	1.04296608	10.13264	-0.73248	-2.4110799999999997	3288726.0	1776544967.878581	0.0	1.0	-1.0	-1.0	-1.0	-1.0	-1.0	-1.0	-1.0	-1.0	0.0	marker	peace	Peace	25	0418
-68441.4	-54988.65	-104693.04	-18508.815	0.0	0.0	0.0	0.0	0.0	0.0	0.0	0.0	0.0	0.0	0.0	0.0	0.0	0.0	145.86206896551727	0.0	0.030090255	-0.047546265	1.040341575	12.00962	-2.4263399999999997	-2.38056	3288727.0	1776544967.88256	0.0	1.0	-1.0	-1.0	-1.0	-1.0	-1.0	-1.0	-1.0	-1.0	0.0	marker	peace	Peace	25	0418
-68454.675	-54993.42	-104703.885	-18523.53	0.0	0.0	0.0	0.0	0.0	0.0	0.0	0.0	0.0	0.0	0.0	0.0	0.0	0.0	145.86206896551727	0.0	0.030090255	-0.047546265	1.040341575	12.00962	-2.4263399999999997	-2.38056	3288728.0	1776544967.882576	0.0	1.0	-1.0	-1.0	-1.0	-1.0	-1.0	-1.0	-1.0	-1.0	0.0	marker	peace	Peace	25	0418
-68420.565	-54999.99	-104648.355	-18475.605	0.0	0.0	0.0	0.0	0.0	0.0	0.0	0.0	0.0	0.0	0.0	0.0	0.0	0.0	145.86206896551727	0.0	0.030090255	-0.047546265	1.040341575	12.00962	-2.4263399999999997	-2.38056	3288729.0	1776544967.8866	0.0	1.0	-1.0	-1.0	-1.0	-1.0	-1.0	-1.0	-1.0	-1.0	0.0	marker	peace	Peace	25	0418
-68364.63	-55006.47	-104582.11499999999	-18421.875	0.0	0.0	0.0	0.0	0.0	0.0	0.0	0.0	0.0	0.0	0.0	0.0	0.0	0.0	145.86206896551727	0.0	0.030090255	-0.047546265	1.040341575	12.00962	-2.4263399999999997	-2.38056	3288730.0	1776544967.886616	0.0	1.0	-1.0	-1.0	-1.0	-1.0	-1.0	-1.0	-1.0	-1.0	0.0	marker	peace	Peace	25	0418
-68480.81999999999	-55021.994999999995	-104698.44	-18519.12	0.0	0.0	0.0	0.0	0.0	0.0	0.0	0.0	0.0	0.0	0.0	0.0	0.0	0.0	145.86206896551727	0.0	0.030090255	-0.047546265	1.040341575	12.00962	-2.4263399999999997	-2.38056	3288731.0	1776544967.891399	0.0	1.0	-1.0	-1.0	-1.0	-1.0	-1.0	-1.0	-1.0	-1.0	0.0	marker	peace	Peace	25	0418
-68524.11	-55030.365	-104722.01999999999	-18553.59	0.0	0.0	0.0	0.0	0.0	0.0	0.0	0.0	0.0	0.0	0.0	0.0	0.0	0.0	145.86206896551727	0.0	0.030090255	-0.047546265	1.040341575	12.00962	-2.4263399999999997	-2.38056	3288732.0	1776544967.891414	0.0	1.0	-1.0	-1.0	-1.0	-1.0	-1.0	-1.0	-1.0	-1.0	0.0	marker	peace	Peace	25	0418
-68466.23999999999	-55030.994999999995	-104681.83499999999	-18531.63	0.0	0.0	0.0	0.0	0.0	0.0	0.0	0.0	0.0	0.0	0.0	0.0	0.0	0.0	145.86206896551727	0.0	0.030090255	-0.047546265	1.040341575	12.00962	-2.4263399999999997	-2.38056	3288733.0	1776544967.894656	0.0	1.0	-1.0	-1.0	-1.0	-1.0	-1.0	-1.0	-1.0	-1.0	0.0	marker	peace	Peace	25	0418
-68460.61499999999	-55031.13	-104673.105	-18519.12	0.0	0.0	0.0	0.0	0.0	0.0	0.0	0.0	0.0	0.0	0.0	0.0	0.0	0.0	145.86206896551727	0.0	0.030090255	-0.047546265	1.040341575	12.00962	-2.4263399999999997	-2.38056	3288734.0	1776544967.894664	0.0	1.0	-1.0	-1.0	-1.0	-1.0	-1.0	-1.0	-1.0	-1.0	0.0	marker	peace	Peace	25	0418
-68461.83	-55024.695	-104682.915	-18517.41	0.0	0.0	0.0	0.0	0.0	0.0	0.0	0.0	0.0	0.0	0.0	0.0	0.0	0.0	145.86206896551727	0.0	0.030090255	-0.047546265	1.040341575	12.00962	-2.4263399999999997	-2.38056	3288735.0	1776544967.898592	0.0	1.0	-1.0	-1.0	-1.0	-1.0	-1.0	-1.0	-1.0	-1.0	0.0	marker	peace	Peace	25	0418
-68490.27	-55025.505	-104713.69499999999	-18533.34	0.0	0.0	0.0	0.0	0.0	0.0	0.0	0.0	0.0	0.0	0.0	0.0	0.0	0.0	145.86206896551727	0.0	0.030090255	-0.047546265	1.040341575	12.00962	-2.4263399999999997	-2.38056	3288736.0	1776544967.898608	0.0	1.0	-1.0	-1.0	-1.0	-1.0	-1.0	-1.0	-1.0	-1.0	0.0	marker	peace	Peace	25	0418
-68451.12	-55054.395	-104638.95	-18486.855	0.0	0.0	0.0	0.0	0.0	0.0	0.0	0.0	0.0	0.0	0.0	0.0	0.0	0.0	145.86206896551727	0.0	0.03466788	-0.02282709	1.036435335	7.95046	-3.3571999999999997	-1.4039199999999998	3288737.0	1776544967.902667	0.0	1.0	-1.0	-1.0	-1.0	-1.0	-1.0	-1.0	-1.0	-1.0	0.0	marker	peace	Peace	25	0418
-68403.555	-55093.814999999995	-104616.495	-18451.395	0.0	0.0	0.0	0.0	0.0	0.0	0.0	0.0	0.0	0.0	0.0	0.0	0.0	0.0	145.86206896551727	0.0	0.03466788	-0.02282709	1.036435335	7.95046	-3.3571999999999997	-1.4039199999999998	3288738.0	1776544967.902683	0.0	1.0	-1.0	-1.0	-1.0	-1.0	-1.0	-1.0	-1.0	-1.0	0.0	marker	peace	Peace	25	0418
-68411.565	-55108.395	-104635.44	-18473.67	0.0	0.0	0.0	0.0	0.0	0.0	0.0	0.0	0.0	0.0	0.0	0.0	0.0	0.0	145.86206896551727	0.0	0.03466788	-0.02282709	1.036435335	7.95046	-3.3571999999999997	-1.4039199999999998	3288739.0	1776544967.909004	0.0	1.0	-1.0	-1.0	-1.0	-1.0	-1.0	-1.0	-1.0	-1.0	0.0	marker	peace	Peace	25	0418
-68443.965	-55111.095	-104632.47	-18473.985	0.0	0.0	0.0	0.0	0.0	0.0	0.0	0.0	0.0	0.0	0.0	0.0	0.0	0.0	145.86206896551727	0.0	0.03466788	-0.02282709	1.036435335	7.95046	-3.3571999999999997	-1.4039199999999998	3288740.0	1776544967.90902	0.0	1.0	-1.0	-1.0	-1.0	-1.0	-1.0	-1.0	-1.0	-1.0	0.0	marker	peace	Peace	25	0418
-68480.055	-55102.77	-104690.655	-18539.55	0.0	0.0	0.0	0.0	0.0	0.0	0.0	0.0	0.0	0.0	0.0	0.0	0.0	0.0	145.86206896551727	0.0	0.03466788	-0.02282709	1.036435335	7.95046	-3.3571999999999997	-1.4039199999999998	3288741.0	1776544967.913659	0.0	1.0	-1.0	-1.0	-1.0	-1.0	-1.0	-1.0	-1.0	-1.0	0.0	marker	peace	Peace	25	0418
-68473.035	-55091.204999999994	-104698.89	-18539.73	0.0	0.0	0.0	0.0	0.0	0.0	0.0	0.0	0.0	0.0	0.0	0.0	0.0	0.0	145.86206896551727	0.0	0.03466788	-0.02282709	1.036435335	7.95046	-3.3571999999999997	-1.4039199999999998	3288742.0	1776544967.913663	0.0	1.0	-1.0	-1.0	-1.0	-1.0	-1.0	-1.0	-1.0	-1.0	0.0	marker	peace	Peace	25	0418
-68448.735	-55063.845	-104665.545	-18514.71	0.0	0.0	0.0	0.0	0.0	0.0	0.0	0.0	0.0	0.0	0.0	0.0	0.0	0.0	145.86206896551727	0.0	0.03466788	-0.02282709	1.036435335	7.95046	-3.3571999999999997	-1.4039199999999998	3288743.0	1776544967.915896	0.0	1.0	-1.0	-1.0	-1.0	-1.0	-1.0	-1.0	-1.0	-1.0	0.0	marker	peace	Peace	25	0418
-68471.09999999999	-55044.72	-104693.12999999999	-18548.19	0.0	0.0	0.0	0.0	0.0	0.0	0.0	0.0	0.0	0.0	0.0	0.0	0.0	0.0	145.86206896551727	0.0	0.03466788	-0.02282709	1.036435335	7.95046	-3.3571999999999997	-1.4039199999999998	3288744.0	1776544967.915911	0.0	1.0	-1.0	-1.0	-1.0	-1.0	-1.0	-1.0	-1.0	-1.0	0.0	marker	peace	Peace	25	0418
-68498.775	-55036.215	-104731.2	-18572.579999999998	0.0	0.0	0.0	0.0	0.0	0.0	0.0	0.0	0.0	0.0	0.0	0.0	0.0	0.0	145.86206896551727	0.0	0.03466788	-0.02282709	1.036435335	7.95046	-3.3571999999999997	-1.4039199999999998	3288745.0	1776544967.919223	0.0	1.0	-1.0	-1.0	-1.0	-1.0	-1.0	-1.0	-1.0	-1.0	0.0	marker	peace	Peace	25	0418
-68495.715	-55021.95	-104710.59	-18534.645	0.0	0.0	0.0	0.0	0.0	0.0	0.0	0.0	0.0	0.0	0.0	0.0	0.0	0.0	145.86206896551727	0.0	0.03466788	-0.02282709	1.036435335	7.95046	-3.3571999999999997	-1.4039199999999998	3288746.0	1776544967.919239	0.0	1.0	-1.0	-1.0	-1.0	-1.0	-1.0	-1.0	-1.0	-1.0	0.0	marker	peace	Peace	25	0418
-68500.98	-55024.604999999996	-104705.415	-18528.614999999998	0.0	0.0	0.0	0.0	0.0	0.0	0.0	0.0	0.0	0.0	0.0	0.0	0.0	0.0	145.86206896551727	0.0	0.039611715	-0.00500487	1.02612042	-0.44254	-3.3419399999999997	-1.8312	3288747.0	1776544967.92505	0.0	1.0	-1.0	-1.0	-1.0	-1.0	-1.0	-1.0	-1.0	-1.0	0.0	marker	peace	Peace	25	0418
-68484.87	-55031.49	-104684.985	-18512.82	0.0	0.0	0.0	0.0	0.0	0.0	0.0	0.0	0.0	0.0	0.0	0.0	0.0	0.0	145.86206896551727	0.0	0.039611715	-0.00500487	1.02612042	-0.44254	-3.3419399999999997	-1.8312	3288748.0	1776544967.925055	0.0	1.0	-1.0	-1.0	-1.0	-1.0	-1.0	-1.0	-1.0	-1.0	0.0	marker	peace	Peace	25	0418
-68433.3	-55034.505	-104629.68	-18460.844999999998	0.0	0.0	0.0	0.0	0.0	0.0	0.0	0.0	0.0	0.0	0.0	0.0	0.0	0.0	145.86206896551727	0.0	0.039611715	-0.00500487	1.02612042	-0.44254	-3.3419399999999997	-1.8312	3288749.0	1776544967.926759	0.0	1.0	-1.0	-1.0	-1.0	-1.0	-1.0	-1.0	-1.0	-1.0	0.0	marker	peace	Peace	25	0418
-68411.52	-55025.549999999996	-104623.875	-18457.38	0.0	0.0	0.0	0.0	0.0	0.0	0.0	0.0	0.0	0.0	0.0	0.0	0.0	0.0	145.86206896551727	0.0	0.039611715	-0.00500487	1.02612042	-0.44254	-3.3419399999999997	-1.8312	3288750.0	1776544967.926774	0.0	1.0	-1.0	-1.0	-1.0	-1.0	-1.0	-1.0	-1.0	-1.0	0.0	marker	peace	Peace	25	0418
-68514.3	-55021.725	-104721.3	-18551.25	0.0	0.0	0.0	0.0	0.0	0.0	0.0	0.0	0.0	0.0	0.0	0.0	0.0	0.0	145.86206896551727	0.0	0.039611715	-0.00500487	1.02612042	-0.44254	-3.3419399999999997	-1.8312	3288751.0	1776544967.931218	0.0	1.0	-1.0	-1.0	-1.0	-1.0	-1.0	-1.0	-1.0	-1.0	0.0	marker	peace	Peace	25	0418
-68523.84	-55019.07	-104730.93	-18562.995	0.0	0.0	0.0	0.0	0.0	0.0	0.0	0.0	0.0	0.0	0.0	0.0	0.0	0.0	145.86206896551727	0.0	0.039611715	-0.00500487	1.02612042	-0.44254	-3.3419399999999997	-1.8312	3288752.0	1776544967.931233	0.0	1.0	-1.0	-1.0	-1.0	-1.0	-1.0	-1.0	-1.0	-1.0	0.0	marker	peace	Peace	25	0418
-68502.06	-55025.369999999995	-104698.17	-18532.17	0.0	0.0	0.0	0.0	0.0	0.0	0.0	0.0	0.0	0.0	0.0	0.0	0.0	0.0	145.86206896551727	0.0	0.039611715	-0.00500487	1.02612042	-0.44254	-3.3419399999999997	-1.8312	3288753.0	1776544967.935642	0.0	1.0	-1.0	-1.0	-1.0	-1.0	-1.0	-1.0	-1.0	-1.0	0.0	marker	peace	Peace	25	0418
-68480.28	-55035.27	-104678.775	-18520.695	0.0	0.0	0.0	0.0	0.0	0.0	0.0	0.0	0.0	0.0	0.0	0.0	0.0	0.0	145.86206896551727	0.0	0.039611715	-0.00500487	1.02612042	-0.44254	-3.3419399999999997	-1.8312	3288754.0	1776544967.935658	0.0	1.0	-1.0	-1.0	-1.0	-1.0	-1.0	-1.0	-1.0	-1.0	0.0	marker	peace	Peace	25	0418
-68458.14	-55029.465	-104665.095	-18512.55	0.0	0.0	0.0	0.0	0.0	0.0	0.0	0.0	0.0	0.0	0.0	0.0	0.0	0.0	145.86206896551727	0.0	0.039611715	-0.00500487	1.02612042	-0.44254	-3.3419399999999997	-1.8312	3288755.0	1776544967.939149	0.0	1.0	-1.0	-1.0	-1.0	-1.0	-1.0	-1.0	-1.0	-1.0	0.0	marker	peace	Peace	25	0418
-68437.17	-55020.869999999995	-104655.465	-18505.8	0.0	0.0	0.0	0.0	0.0	0.0	0.0	0.0	0.0	0.0	0.0	0.0	0.0	0.0	145.86206896551727	0.0	0.039611715	-0.00500487	1.02612042	-0.44254	-3.3419399999999997	-1.8312	3288756.0	1776544967.939154	0.0	1.0	-1.0	-1.0	-1.0	-1.0	-1.0	-1.0	-1.0	-1.0	0.0	marker	peace	Peace	25	0418
-68407.65	-55025.505	-104629.76999999999	-18463.364999999998	0.0	0.0	0.0	0.0	0.0	0.0	0.0	0.0	0.0	0.0	0.0	0.0	0.0	0.0	145.86206896551727	0.0	0.041686905	-0.007385235	1.01281479	-2.92992	-2.48738	0.6103999999999999	3288757.0	1776544968.039119	0.0	1.0	-1.0	-1.0	-1.0	-1.0	-1.0	-1.0	-1.0	-1.0	0.0	marker	peace	Peace	25	0418
-68443.02	-55016.235	-104642.775	-18483.93	0.0	0.0	0.0	0.0	0.0	0.0	0.0	0.0	0.0	0.0	0.0	0.0	0.0	0.0	145.86206896551727	0.0	0.041686905	-0.007385235	1.01281479	-2.92992	-2.48738	0.6103999999999999	3288758.0	1776544968.039147	0.0	1.0	-1.0	-1.0	-1.0	-1.0	-1.0	-1.0	-1.0	-1.0	0.0	marker	peace	Peace	25	0418
-68514.84	-55006.335	-104711.265	-18558.765	0.0	0.0	0.0	0.0	0.0	0.0	0.0	0.0	0.0	0.0	0.0	0.0	0.0	0.0	145.86206896551727	0.0	0.041686905	-0.007385235	1.01281479	-2.92992	-2.48738	0.6103999999999999	3288759.0	1776544968.039276	0.0	1.0	-1.0	-1.0	-1.0	-1.0	-1.0	-1.0	-1.0	-1.0	0.0	marker	peace	Peace	25	0418
-68491.665	-54993.329999999994	-104687.415	-18504.18	0.0	0.0	0.0	0.0	0.0	0.0	0.0	0.0	0.0	0.0	0.0	0.0	0.0	0.0	145.86206896551727	0.0	0.041686905	-0.007385235	1.01281479	-2.92992	-2.48738	0.6103999999999999	3288760.0	1776544968.039309	0.0	1.0	-1.0	-1.0	-1.0	-1.0	-1.0	-1.0	-1.0	-1.0	0.0	marker	peace	Peace	25	0418
-68459.265	-54992.34	-104677.47	-18526.32	0.0	0.0	0.0	0.0	0.0	0.0	0.0	0.0	0.0	0.0	0.0	0.0	0.0	0.0	145.86206896551727	0.0	0.041686905	-0.007385235	1.01281479	-2.92992	-2.48738	0.6103999999999999	3288761.0	1776544968.039361	0.0	1.0	-1.0	-1.0	-1.0	-1.0	-1.0	-1.0	-1.0	-1.0	0.0	marker	peace	Peace	25	0418
-68471.325	-54992.475	-104698.17	-18552.78	0.0	0.0	0.0	0.0	0.0	0.0	0.0	0.0	0.0	0.0	0.0	0.0	0.0	0.0	145.86206896551727	0.0	0.041686905	-0.007385235	1.01281479	-2.92992	-2.48738	0.6103999999999999	3288762.0	1776544968.039399	0.0	1.0	-1.0	-1.0	-1.0	-1.0	-1.0	-1.0	-1.0	-1.0	0.0	marker	peace	Peace	25	0418
-68456.52	-54994.68	-104689.08	-18526.59	0.0	0.0	0.0	0.0	0.0	0.0	0.0	0.0	0.0	0.0	0.0	0.0	0.0	0.0	145.86206896551727	0.0	0.041686905	-0.007385235	1.01281479	-2.92992	-2.48738	0.6103999999999999	3288763.0	1776544968.039417	0.0	1.0	-1.0	-1.0	-1.0	-1.0	-1.0	-1.0	-1.0	-1.0	0.0	marker	peace	Peace	25	0418
-68454.855	-55001.43	-104652.26999999999	-18502.38	0.0	0.0	0.0	0.0	0.0	0.0	0.0	0.0	0.0	0.0	0.0	0.0	0.0	0.0	145.86206896551727	0.0	0.041686905	-0.007385235	1.01281479	-2.92992	-2.48738	0.6103999999999999	3288764.0	1776544968.039428	0.0	1.0	-1.0	-1.0	-1.0	-1.0	-1.0	-1.0	-1.0	-1.0	0.0	marker	peace	Peace	25	0418
-68450.805	-55010.655	-104651.955	-18504.36	0.0	0.0	0.0	0.0	0.0	0.0	0.0	0.0	0.0	0.0	0.0	0.0	0.0	0.0	145.86206896551727	0.0	0.041686905	-0.007385235	1.01281479	-2.92992	-2.48738	0.6103999999999999	3288765.0	1776544968.039442	0.0	1.0	-1.0	-1.0	-1.0	-1.0	-1.0	-1.0	-1.0	-1.0	0.0	marker	peace	Peace	25	0418
-68454.54	-55019.43	-104680.125	-18526.68	0.0	0.0	0.0	0.0	0.0	0.0	0.0	0.0	0.0	0.0	0.0	0.0	0.0	0.0	145.86206896551727	0.0	0.041686905	-0.007385235	1.01281479	-2.92992	-2.48738	0.6103999999999999	3288766.0	1776544968.039452	0.0	1.0	-1.0	-1.0	-1.0	-1.0	-1.0	-1.0	-1.0	-1.0	0.0	marker	peace	Peace	25	0418
-68473.44	-55019.744999999995	-104671.215	-18532.395	0.0	0.0	0.0	0.0	0.0	0.0	0.0	0.0	0.0	0.0	0.0	0.0	0.0	0.0	145.86206896551727	0.0	0.044128305	-0.03308097	1.009213725	0.88508	-1.8617199999999998	-0.2289	3288767.0	1776544968.039491	0.0	1.0	-1.0	-1.0	-1.0	-1.0	-1.0	-1.0	-1.0	-1.0	0.0	marker	peace	Peace	25	0418
-68457.465	-55006.875	-104637.42	-18504.855	0.0	0.0	0.0	0.0	0.0	0.0	0.0	0.0	0.0	0.0	0.0	0.0	0.0	0.0	145.86206896551727	0.0	0.044128305	-0.03308097	1.009213725	0.88508	-1.8617199999999998	-0.2289	3288768.0	1776544968.039502	0.0	1.0	-1.0	-1.0	-1.0	-1.0	-1.0	-1.0	-1.0	-1.0	0.0	marker	peace	Peace	25	0418
-68468.355	-55006.829999999994	-104678.86499999999	-18505.89	0.0	0.0	0.0	0.0	0.0	0.0	0.0	0.0	0.0	0.0	0.0	0.0	0.0	0.0	145.86206896551727	0.0	0.044128305	-0.03308097	1.009213725	0.88508	-1.8617199999999998	-0.2289	3288769.0	1776544968.039516	0.0	1.0	-1.0	-1.0	-1.0	-1.0	-1.0	-1.0	-1.0	-1.0	0.0	marker	peace	Peace	25	0418
-68505.93	-55009.71	-104730.61499999999	-18535.905	0.0	0.0	0.0	0.0	0.0	0.0	0.0	0.0	0.0	0.0	0.0	0.0	0.0	0.0	145.86206896551727	0.0	0.044128305	-0.03308097	1.009213725	0.88508	-1.8617199999999998	-0.2289	3288770.0	1776544968.039526	0.0	1.0	-1.0	-1.0	-1.0	-1.0	-1.0	-1.0	-1.0	-1.0	0.0	marker	peace	Peace	25	0418
-68482.62	-55019.159999999996	-104692.68	-18519.57	0.0	0.0	0.0	0.0	0.0	0.0	0.0	0.0	0.0	0.0	0.0	0.0	0.0	0.0	145.86206896551727	0.0	0.044128305	-0.03308097	1.009213725	0.88508	-1.8617199999999998	-0.2289	3288771.0	1776544968.03954	0.0	1.0	-1.0	-1.0	-1.0	-1.0	-1.0	-1.0	-1.0	-1.0	0.0	marker	peace	Peace	25	0418
-68462.86499999999	-55034.189999999995	-104670.405	-18508.005	0.0	0.0	0.0	0.0	0.0	0.0	0.0	0.0	0.0	0.0	0.0	0.0	0.0	0.0	145.86206896551727	0.0	0.044128305	-0.03308097	1.009213725	0.88508	-1.8617199999999998	-0.2289	3288772.0	1776544968.039548	0.0	1.0	-1.0	-1.0	-1.0	-1.0	-1.0	-1.0	-1.0	-1.0	0.0	marker	peace	Peace	25	0418
-68471.73	-55034.505	-104698.575	-18521.55	0.0	0.0	0.0	0.0	0.0	0.0	0.0	0.0	0.0	0.0	0.0	0.0	0.0	0.0	145.86206896551727	0.0	0.044128305	-0.03308097	1.009213725	0.88508	-1.8617199999999998	-0.2289	3288773.0	1776544968.039561	0.0	1.0	-1.0	-1.0	-1.0	-1.0	-1.0	-1.0	-1.0	-1.0	0.0	marker	peace	Peace	25	0418
-68469.345	-55021.005	-104678.685	-18516.6	0.0	0.0	0.0	0.0	0.0	0.0	0.0	0.0	0.0	0.0	0.0	0.0	0.0	0.0	145.86206896551727	0.0	0.044128305	-0.03308097	1.009213725	0.88508	-1.8617199999999998	-0.2289	3288774.0	1776544968.03957	0.0	1.0	-1.0	-1.0	-1.0	-1.0	-1.0	-1.0	-1.0	-1.0	0.0	marker	peace	Peace	25	0418
-68441.895	-55007.369999999995	-104636.15999999999	-18477.945	0.0	0.0	0.0	0.0	0.0	0.0	0.0	0.0	0.0	0.0	0.0	0.0	0.0	0.0	145.86206896551727	0.0	0.044128305	-0.03308097	1.009213725	0.88508	-1.8617199999999998	-0.2289	3288775.0	1776544968.039582	0.0	1.0	-1.0	-1.0	-1.0	-1.0	-1.0	-1.0	-1.0	-1.0	0.0	marker	peace	Peace	25	0418
-68465.34	-54995.13	-104692.59	-18522.45	0.0	0.0	0.0	0.0	0.0	0.0	0.0	0.0	0.0	0.0	0.0	0.0	0.0	0.0	145.86206896551727	0.0	0.044128305	-0.03308097	1.009213725	0.88508	-1.8617199999999998	-0.2289	3288776.0	1776544968.039591	0.0	1.0	-1.0	-1.0	-1.0	-1.0	-1.0	-1.0	-1.0	-1.0	0.0	marker	peace	Peace	25	0418
-68516.37	-54987.84	-104752.935	-18603.719999999998	0.0	0.0	0.0	0.0	0.0	0.0	0.0	0.0	0.0	0.0	0.0	0.0	0.0	0.0	145.86206896551727	0.0	0.05212389	-0.046569705	1.00939683	4.02864	-1.64808	-0.25942	3288777.0	1776544968.039603	0.0	1.0	-1.0	-1.0	-1.0	-1.0	-1.0	-1.0	-1.0	-1.0	0.0	marker	peace	Peace	25	0418
-68489.55	-54979.335	-104692.14	-18550.215	0.0	0.0	0.0	0.0	0.0	0.0	0.0	0.0	0.0	0.0	0.0	0.0	0.0	0.0	145.86206896551727	0.0	0.05212389	-0.046569705	1.00939683	4.02864	-1.64808	-0.25942	3288778.0	1776544968.039614	0.0	1.0	-1.0	-1.0	-1.0	-1.0	-1.0	-1.0	-1.0	-1.0	0.0	marker	peace	Peace	25	0418
-68457.59999999999	-54980.145	-104639.265	-18480.239999999998	0.0	0.0	0.0	0.0	0.0	0.0	0.0	0.0	0.0	0.0	0.0	0.0	0.0	0.0	145.86206896551727	0.0	0.05212389	-0.046569705	1.00939683	4.02864	-1.64808	-0.25942	3288779.0	1776544968.039625	0.0	1.0	-1.0	-1.0	-1.0	-1.0	-1.0	-1.0	-1.0	-1.0	0.0	marker	peace	Peace	25	0418
-68406.61499999999	-54990.18	-104599.305	-18437.489999999998	0.0	0.0	0.0	0.0	0.0	0.0	0.0	0.0	0.0	0.0	0.0	0.0	0.0	0.0	145.86206896551727	0.0	0.05212389	-0.046569705	1.00939683	4.02864	-1.64808	-0.25942	3288780.0	1776544968.039634	0.0	1.0	-1.0	-1.0	-1.0	-1.0	-1.0	-1.0	-1.0	-1.0	0.0	marker	peace	Peace	25	0418
-68424.48	-55000.439999999995	-104652.765	-18470.745	0.0	0.0	0.0	0.0	0.0	0.0	0.0	0.0	0.0	0.0	0.0	0.0	0.0	0.0	145.86206896551727	0.0	0.05212389	-0.046569705	1.00939683	4.02864	-1.64808	-0.25942	3288781.0	1776544968.039645	0.0	1.0	-1.0	-1.0	-1.0	-1.0	-1.0	-1.0	-1.0	-1.0	0.0	marker	peace	Peace	25	0418
-68507.595	-55004.805	-104704.33499999999	-18523.844999999998	0.0	0.0	0.0	0.0	0.0	0.0	0.0	0.0	0.0	0.0	0.0	0.0	0.0	0.0	145.86206896551727	0.0	0.05212389	-0.046569705	1.00939683	4.02864	-1.64808	-0.25942	3288782.0	1776544968.039653	0.0	1.0	-1.0	-1.0	-1.0	-1.0	-1.0	-1.0	-1.0	-1.0	0.0	marker	peace	Peace	25	0418
-68494.275	-55000.755	-104669.90999999999	-18494.46	0.0	0.0	0.0	0.0	0.0	0.0	0.0	0.0	0.0	0.0	0.0	0.0	0.0	0.0	145.86206896551727	0.0	0.05212389	-0.046569705	1.00939683	4.02864	-1.64808	-0.25942	3288783.0	1776544968.039664	0.0	1.0	-1.0	-1.0	-1.0	-1.0	-1.0	-1.0	-1.0	-1.0	0.0	marker	peace	Peace	25	0418
-68449.905	-54986.939999999995	-104662.39499999999	-18514.44	0.0	0.0	0.0	0.0	0.0	0.0	0.0	0.0	0.0	0.0	0.0	0.0	0.0	0.0	145.86206896551727	0.0	0.05212389	-0.046569705	1.00939683	4.02864	-1.64808	-0.25942	3288784.0	1776544968.039672	0.0	1.0	-1.0	-1.0	-1.0	-1.0	-1.0	-1.0	-1.0	-1.0	0.0	marker	peace	Peace	25	0418
-68450.175	-54974.52	-104669.775	-18498.329999999998	0.0	0.0	0.0	0.0	0.0	0.0	0.0	0.0	0.0	0.0	0.0	0.0	0.0	0.0	145.86206896551727	0.0	0.05212389	-0.046569705	1.00939683	4.02864	-1.64808	-0.25942	3288785.0	1776544968.039684	0.0	1.0	-1.0	-1.0	-1.0	-1.0	-1.0	-1.0	-1.0	-1.0	0.0	marker	peace	Peace	25	0418
-68482.575	-54966.555	-104702.67	-18525.42	0.0	0.0	0.0	0.0	0.0	0.0	0.0	0.0	0.0	0.0	0.0	0.0	0.0	0.0	145.86206896551727	0.0	0.05212389	-0.046569705	1.00939683	4.02864	-1.64808	-0.25942	3288786.0	1776544968.039692	0.0	1.0	-1.0	-1.0	-1.0	-1.0	-1.0	-1.0	-1.0	-1.0	0.0	marker	peace	Peace	25	0418
-68499.27	-54967.814999999995	-104712.93	-18531.719999999998	0.0	0.0	0.0	0.0	0.0	0.0	0.0	0.0	0.0	0.0	0.0	0.0	0.0	0.0	145.86206896551727	0.0	0.056457375000000004	-0.03747549	1.00817613	3.0672599999999997	-0.33571999999999996	0.24416	3288787.0	1776544968.039702	0.0	1.0	-1.0	-1.0	-1.0	-1.0	-1.0	-1.0	-1.0	-1.0	0.0	marker	peace	Peace	25	0418
-68455.89	-54965.07	-104668.69499999999	-18512.505	0.0	0.0	0.0	0.0	0.0	0.0	0.0	0.0	0.0	0.0	0.0	0.0	0.0	0.0	145.86206896551727	0.0	0.056457375000000004	-0.03747549	1.00817613	3.0672599999999997	-0.33571999999999996	0.24416	3288788.0	1776544968.039735	0.0	1.0	-1.0	-1.0	-1.0	-1.0	-1.0	-1.0	-1.0	-1.0	0.0	marker	peace	Peace	25	0418
-68431.68	-54962.189999999995	-104631.3	-18487.035	0.0	0.0	0.0	0.0	0.0	0.0	0.0	0.0	0.0	0.0	0.0	0.0	0.0	0.0	145.86206896551727	0.0	0.056457375000000004	-0.03747549	1.00817613	3.0672599999999997	-0.33571999999999996	0.24416	3288789.0	1776544968.039747	0.0	1.0	-1.0	-1.0	-1.0	-1.0	-1.0	-1.0	-1.0	-1.0	0.0	marker	peace	Peace	25	0418
-68462.19	-54964.799999999996	-104638.455	-18505.665	0.0	0.0	0.0	0.0	0.0	0.0	0.0	0.0	0.0	0.0	0.0	0.0	0.0	0.0	145.86206896551727	0.0	0.056457375000000004	-0.03747549	1.00817613	3.0672599999999997	-0.33571999999999996	0.24416	3288790.0	1776544968.039755	0.0	1.0	-1.0	-1.0	-1.0	-1.0	-1.0	-1.0	-1.0	-1.0	0.0	marker	peace	Peace	25	0418
-68467.77	-54963.72	-104650.065	-18517.905	0.0	0.0	0.0	0.0	0.0	0.0	0.0	0.0	0.0	0.0	0.0	0.0	0.0	0.0	145.86206896551727	0.0	0.056457375000000004	-0.03747549	1.00817613	3.0672599999999997	-0.33571999999999996	0.24416	3288791.0	1776544968.039767	0.0	1.0	-1.0	-1.0	-1.0	-1.0	-1.0	-1.0	-1.0	-1.0	0.0	marker	peace	Peace	25	0418
-68509.665	-54973.665	-104729.76	-18572.805	0.0	0.0	0.0	0.0	0.0	0.0	0.0	0.0	0.0	0.0	0.0	0.0	0.0	0.0	145.86206896551727	0.0	0.056457375000000004	-0.03747549	1.00817613	3.0672599999999997	-0.33571999999999996	0.24416	3288792.0	1776544968.039775	0.0	1.0	-1.0	-1.0	-1.0	-1.0	-1.0	-1.0	-1.0	-1.0	0.0	marker	peace	Peace	25	0418
-68511.69	-54977.13	-104757.84	-18582.614999999998	0.0	0.0	0.0	0.0	0.0	0.0	0.0	0.0	0.0	0.0	0.0	0.0	0.0	0.0	145.86206896551727	0.0	0.056457375000000004	-0.03747549	1.00817613	3.0672599999999997	-0.33571999999999996	0.24416	3288793.0	1776544968.039786	0.0	1.0	-1.0	-1.0	-1.0	-1.0	-1.0	-1.0	-1.0	-1.0	0.0	marker	peace	Peace	25	0418
-68497.69499999999	-54969.795	-104724.855	-18553.41	0.0	0.0	0.0	0.0	0.0	0.0	0.0	0.0	0.0	0.0	0.0	0.0	0.0	0.0	145.86206896551727	0.0	0.056457375000000004	-0.03747549	1.00817613	3.0672599999999997	-0.33571999999999996	0.24416	3288794.0	1776544968.039795	0.0	1.0	-1.0	-1.0	-1.0	-1.0	-1.0	-1.0	-1.0	-1.0	0.0	marker	peace	Peace	25	0418
-68490.765	-54966.645	-104712.3	-18546.12	0.0	0.0	0.0	0.0	0.0	0.0	0.0	0.0	0.0	0.0	0.0	0.0	0.0	0.0	145.86206896551727	0.0	0.056457375000000004	-0.03747549	1.00817613	3.0672599999999997	-0.33571999999999996	0.24416	3288795.0	1776544968.039805	0.0	1.0	-1.0	-1.0	-1.0	-1.0	-1.0	-1.0	-1.0	-1.0	0.0	marker	peace	Peace	25	0418
-68495.44499999999	-54962.865	-104704.875	-18544.59	0.0	0.0	0.0	0.0	0.0	0.0	0.0	0.0	0.0	0.0	0.0	0.0	0.0	0.0	145.86206896551727	0.0	0.056457375000000004	-0.03747549	1.00817613	3.0672599999999997	-0.33571999999999996	0.24416	3288796.0	1776544968.039813	0.0	1.0	-1.0	-1.0	-1.0	-1.0	-1.0	-1.0	-1.0	-1.0	0.0	marker	peace	Peace	25	0418
-68491.035	-54967.32	-104683.455	-18519.39	0.0	0.0	0.0	0.0	0.0	0.0	0.0	0.0	0.0	0.0	0.0	0.0	0.0	0.0	145.86206896551727	0.0	0.053893905	-0.026061945	1.006284045	-0.6714399999999999	0.16785999999999998	2.10588	3288797.0	1776544968.039824	0.0	1.0	-1.0	-1.0	-1.0	-1.0	-1.0	-1.0	-1.0	-1.0	0.0	marker	peace	Peace	25	0418
-68422.005	-54968.13	-104648.58	-18478.485	0.0	0.0	0.0	0.0	0.0	0.0	0.0	0.0	0.0	0.0	0.0	0.0	0.0	0.0	145.86206896551727	0.0	0.053893905	-0.026061945	1.006284045	-0.6714399999999999	0.16785999999999998	2.10588	3288798.0	1776544968.039832	0.0	1.0	-1.0	-1.0	-1.0	-1.0	-1.0	-1.0	-1.0	-1.0	0.0	marker	peace	Peace	25	0418
-68377.77	-54971.369999999995	-104633.055	-18465.84	0.0	0.0	0.0	0.0	0.0	0.0	0.0	0.0	0.0	0.0	0.0	0.0	0.0	0.0	145.86206896551727	0.0	0.053893905	-0.026061945	1.006284045	-0.6714399999999999	0.16785999999999998	2.10588	3288799.0	1776544968.039842	0.0	1.0	-1.0	-1.0	-1.0	-1.0	-1.0	-1.0	-1.0	-1.0	0.0	marker	peace	Peace	25	0418
-68444.81999999999	-54973.979999999996	-104663.565	-18501.165	0.0	0.0	0.0	0.0	0.0	0.0	0.0	0.0	0.0	0.0	0.0	0.0	0.0	0.0	145.86206896551727	0.0	0.053893905	-0.026061945	1.006284045	-0.6714399999999999	0.16785999999999998	2.10588	3288800.0	1776544968.039851	0.0	1.0	-1.0	-1.0	-1.0	-1.0	-1.0	-1.0	-1.0	-1.0	0.0	marker	peace	Peace	25	0418
-68516.37	-54969.21	-104716.665	-18541.844999999998	0.0	0.0	0.0	0.0	0.0	0.0	0.0	0.0	0.0	0.0	0.0	0.0	0.0	0.0	145.86206896551727	0.0	0.053893905	-0.026061945	1.006284045	-0.6714399999999999	0.16785999999999998	2.10588	3288801.0	1776544968.039861	0.0	1.0	-1.0	-1.0	-1.0	-1.0	-1.0	-1.0	-1.0	-1.0	0.0	marker	peace	Peace	25	0418
-68485.995	-54953.865	-104693.53499999999	-18531.989999999998	0.0	0.0	0.0	0.0	0.0	0.0	0.0	0.0	0.0	0.0	0.0	0.0	0.0	0.0	145.86206896551727	0.0	0.053893905	-0.026061945	1.006284045	-0.6714399999999999	0.16785999999999998	2.10588	3288802.0	1776544968.039869	0.0	1.0	-1.0	-1.0	-1.0	-1.0	-1.0	-1.0	-1.0	-1.0	0.0	marker	peace	Peace	25	0418
-68458.995	-54937.619999999995	-104694.65999999999	-18543.42	0.0	0.0	0.0	0.0	0.0	0.0	0.0	0.0	0.0	0.0	0.0	0.0	0.0	0.0	145.86206896551727	0.0	0.053893905	-0.026061945	1.006284045	-0.6714399999999999	0.16785999999999998	2.10588	3288803.0	1776544968.03988	0.0	1.0	-1.0	-1.0	-1.0	-1.0	-1.0	-1.0	-1.0	-1.0	0.0	marker	peace	Peace	25	0418
-68465.205	-54940.545	-104711.805	-18552.6	0.0	0.0	0.0	0.0	0.0	0.0	0.0	0.0	0.0	0.0	0.0	0.0	0.0	0.0	145.86206896551727	0.0	0.053893905	-0.026061945	1.006284045	-0.6714399999999999	0.16785999999999998	2.10588	3288804.0	1776544968.039888	0.0	1.0	-1.0	-1.0	-1.0	-1.0	-1.0	-1.0	-1.0	-1.0	0.0	marker	peace	Peace	25	0418
-68430.19499999999	-54949.77	-104631.75	-18460.079999999998	0.0	0.0	0.0	0.0	0.0	0.0	0.0	0.0	0.0	0.0	0.0	0.0	0.0	0.0	145.86206896551727	0.0	0.053893905	-0.026061945	1.006284045	-0.6714399999999999	0.16785999999999998	2.10588	3288805.0	1776544968.039898	0.0	1.0	-1.0	-1.0	-1.0	-1.0	-1.0	-1.0	-1.0	-1.0	0.0	marker	peace	Peace	25	0418
-68463.94499999999	-54968.22	-104648.805	-18487.079999999998	0.0	0.0	0.0	0.0	0.0	0.0	0.0	0.0	0.0	0.0	0.0	0.0	0.0	0.0	145.86206896551727	0.0	0.053893905	-0.026061945	1.006284045	-0.6714399999999999	0.16785999999999998	2.10588	3288806.0	1776544968.039906	0.0	1.0	-1.0	-1.0	-1.0	-1.0	-1.0	-1.0	-1.0	-1.0	0.0	marker	peace	Peace	25	0418
-68514.705	-54975.869999999995	-104696.01	-18550.125	0.0	0.0	0.0	0.0	0.0	0.0	0.0	0.0	0.0	0.0	0.0	0.0	0.0	0.0	145.86206896551727	0.0	0.044860725000000004	-0.02673333	1.01281479	-1.51074	-0.27468	2.09062	3288807.0	1776544968.04603	0.0	1.0	-1.0	-1.0	-1.0	-1.0	-1.0	-1.0	-1.0	-1.0	0.0	marker	peace	Peace	25	0418
-68500.89	-54967.409999999996	-104694.435	-18545.219999999998	0.0	0.0	0.0	0.0	0.0	0.0	0.0	0.0	0.0	0.0	0.0	0.0	0.0	0.0	145.86206896551727	0.0	0.044860725000000004	-0.02673333	1.01281479	-1.51074	-0.27468	2.09062	3288808.0	1776544968.046052	0.0	1.0	-1.0	-1.0	-1.0	-1.0	-1.0	-1.0	-1.0	-1.0	0.0	marker	peace	Peace	25	0418
-68476.77	-54956.52	-104697.765	-18524.25	0.0	0.0	0.0	0.0	0.0	0.0	0.0	0.0	0.0	0.0	0.0	0.0	0.0	0.0	145.86206896551727	0.0	0.044860725000000004	-0.02673333	1.01281479	-1.51074	-0.27468	2.09062	3288809.0	1776544968.047517	0.0	1.0	-1.0	-1.0	-1.0	-1.0	-1.0	-1.0	-1.0	-1.0	0.0	marker	peace	Peace	25	0418
-68472.58499999999	-54943.695	-104699.34	-18520.2	0.0	0.0	0.0	0.0	0.0	0.0	0.0	0.0	0.0	0.0	0.0	0.0	0.0	0.0	145.86206896551727	0.0	0.044860725000000004	-0.02673333	1.01281479	-1.51074	-0.27468	2.09062	3288810.0	1776544968.047552	0.0	1.0	-1.0	-1.0	-1.0	-1.0	-1.0	-1.0	-1.0	-1.0	0.0	marker	peace	Peace	25	0418
-68458.59	-54932.265	-104696.415	-18527.085	0.0	0.0	0.0	0.0	0.0	0.0	0.0	0.0	0.0	0.0	0.0	0.0	0.0	0.0	145.86206896551727	0.0	0.044860725000000004	-0.02673333	1.01281479	-1.51074	-0.27468	2.09062	3288811.0	1776544968.051372	0.0	1.0	-1.0	-1.0	-1.0	-1.0	-1.0	-1.0	-1.0	-1.0	0.0	marker	peace	Peace	25	0418
-68473.8	-54926.145	-104695.83	-18529.515	0.0	0.0	0.0	0.0	0.0	0.0	0.0	0.0	0.0	0.0	0.0	0.0	0.0	0.0	145.86206896551727	0.0	0.044860725000000004	-0.02673333	1.01281479	-1.51074	-0.27468	2.09062	3288812.0	1776544968.05139	0.0	1.0	-1.0	-1.0	-1.0	-1.0	-1.0	-1.0	-1.0	-1.0	0.0	marker	peace	Peace	25	0418
-68450.22	-54924.165	-104674.72499999999	-18517.815	0.0	0.0	0.0	0.0	0.0	0.0	0.0	0.0	0.0	0.0	0.0	0.0	0.0	0.0	145.86206896551727	0.0	0.044860725000000004	-0.02673333	1.01281479	-1.51074	-0.27468	2.09062	3288813.0	1776544968.055152	0.0	1.0	-1.0	-1.0	-1.0	-1.0	-1.0	-1.0	-1.0	-1.0	0.0	marker	peace	Peace	25	0418
-68360.805	-54932.534999999996	-104592.69	-18440.73	0.0	0.0	0.0	0.0	0.0	0.0	0.0	0.0	0.0	0.0	0.0	0.0	0.0	0.0	145.86206896551727	0.0	0.044860725000000004	-0.02673333	1.01281479	-1.51074	-0.27468	2.09062	3288814.0	1776544968.055182	0.0	1.0	-1.0	-1.0	-1.0	-1.0	-1.0	-1.0	-1.0	-1.0	0.0	marker	peace	Peace	25	0418
-68364.18	-54937.485	-104571.045	-18414.135	0.0	0.0	0.0	0.0	0.0	0.0	0.0	0.0	0.0	0.0	0.0	0.0	0.0	0.0	145.86206896551727	0.0	0.044860725000000004	-0.02673333	1.01281479	-1.51074	-0.27468	2.09062	3288815.0	1776544968.059075	0.0	1.0	-1.0	-1.0	-1.0	-1.0	-1.0	-1.0	-1.0	-1.0	0.0	marker	peace	Peace	25	0418
-68471.325	-54937.89	-104693.94	-18521.46	0.0	0.0	0.0	0.0	0.0	0.0	0.0	0.0	0.0	0.0	0.0	0.0	0.0	0.0	145.86206896551727	0.0	0.044860725000000004	-0.02673333	1.01281479	-1.51074	-0.27468	2.09062	3288816.0	1776544968.059088	0.0	1.0	-1.0	-1.0	-1.0	-1.0	-1.0	-1.0	-1.0	-1.0	0.0	marker	peace	Peace	25	0418
-68544.045	-54935.909999999996	-104757.93	-18588.555	0.0	0.0	0.0	0.0	0.0	0.0	0.0	0.0	0.0	0.0	0.0	0.0	0.0	0.0	145.86206896551727	0.0	0.042053115	-0.036559965	1.013852385	0.21364	0.07629999999999999	1.55652	3288817.0	1776544968.065139	0.0	1.0	-1.0	-1.0	-1.0	-1.0	-1.0	-1.0	-1.0	-1.0	0.0	marker	peace	Peace	25	0418
-68517.765	-54925.829999999994	-104712.3	-18558.54	0.0	0.0	0.0	0.0	0.0	0.0	0.0	0.0	0.0	0.0	0.0	0.0	0.0	0.0	145.86206896551727	0.0	0.042053115	-0.036559965	1.013852385	0.21364	0.07629999999999999	1.55652	3288818.0	1776544968.065174	0.0	1.0	-1.0	-1.0	-1.0	-1.0	-1.0	-1.0	-1.0	-1.0	0.0	marker	peace	Peace	25	0418
-68463.63	-54915.21	-104666.805	-18521.864999999998	0.0	0.0	0.0	0.0	0.0	0.0	0.0	0.0	0.0	0.0	0.0	0.0	0.0	0.0	145.86206896551727	0.0	0.042053115	-0.036559965	1.013852385	0.21364	0.07629999999999999	1.55652	3288819.0	1776544968.067362	0.0	1.0	-1.0	-1.0	-1.0	-1.0	-1.0	-1.0	-1.0	-1.0	0.0	marker	peace	Peace	25	0418
-68496.20999999999	-54901.619999999995	-104689.62	-18540.989999999998	0.0	0.0	0.0	0.0	0.0	0.0	0.0	0.0	0.0	0.0	0.0	0.0	0.0	0.0	145.86206896551727	0.0	0.042053115	-0.036559965	1.013852385	0.21364	0.07629999999999999	1.55652	3288820.0	1776544968.067381	0.0	1.0	-1.0	-1.0	-1.0	-1.0	-1.0	-1.0	-1.0	-1.0	0.0	marker	peace	Peace	25	0418
-68518.665	-54892.575	-104728.72499999999	-18576.27	0.0	0.0	0.0	0.0	0.0	0.0	0.0	0.0	0.0	0.0	0.0	0.0	0.0	0.0	145.86206896551727	0.0	0.042053115	-0.036559965	1.013852385	0.21364	0.07629999999999999	1.55652	3288821.0	1776544968.07123	0.0	1.0	-1.0	-1.0	-1.0	-1.0	-1.0	-1.0	-1.0	-1.0	0.0	marker	peace	Peace	25	0418
-68497.2	-54891.99	-104721.61499999999	-18567.945	0.0	0.0	0.0	0.0	0.0	0.0	0.0	0.0	0.0	0.0	0.0	0.0	0.0	0.0	145.86206896551727	0.0	0.042053115	-0.036559965	1.013852385	0.21364	0.07629999999999999	1.55652	3288822.0	1776544968.071252	0.0	1.0	-1.0	-1.0	-1.0	-1.0	-1.0	-1.0	-1.0	-1.0	0.0	marker	peace	Peace	25	0418
-68507.28	-54889.11	-104672.565	-18514.079999999998	0.0	0.0	0.0	0.0	0.0	0.0	0.0	0.0	0.0	0.0	0.0	0.0	0.0	0.0	145.86206896551727	0.0	0.042053115	-0.036559965	1.013852385	0.21364	0.07629999999999999	1.55652	3288823.0	1776544968.075525	0.0	1.0	-1.0	-1.0	-1.0	-1.0	-1.0	-1.0	-1.0	-1.0	0.0	marker	peace	Peace	25	0418
-68495.58	-54887.579999999994	-104678.09999999999	-18512.28	0.0	0.0	0.0	0.0	0.0	0.0	0.0	0.0	0.0	0.0	0.0	0.0	0.0	0.0	145.86206896551727	0.0	0.042053115	-0.036559965	1.013852385	0.21364	0.07629999999999999	1.55652	3288824.0	1776544968.075537	0.0	1.0	-1.0	-1.0	-1.0	-1.0	-1.0	-1.0	-1.0	-1.0	0.0	marker	peace	Peace	25	0418
-68437.485	-54876.24	-104668.33499999999	-18504.809999999998	0.0	0.0	0.0	0.0	0.0	0.0	0.0	0.0	0.0	0.0	0.0	0.0	0.0	0.0	145.86206896551727	0.0	0.042053115	-0.036559965	1.013852385	0.21364	0.07629999999999999	1.55652	3288825.0	1776544968.172937	0.0	1.0	-1.0	-1.0	-1.0	-1.0	-1.0	-1.0	-1.0	-1.0	0.0	marker	peace	Peace	25	0418
-68452.245	-54873.405	-104693.04	-18530.864999999998	0.0	0.0	0.0	0.0	0.0	0.0	0.0	0.0	0.0	0.0	0.0	0.0	0.0	0.0	145.86206896551727	0.0	0.042053115	-0.036559965	1.013852385	0.21364	0.07629999999999999	1.55652	3288826.0	1776544968.172964	0.0	1.0	-1.0	-1.0	-1.0	-1.0	-1.0	-1.0	-1.0	-1.0	0.0	marker	peace	Peace	25	0418
-68518.8	-54873.54	-104737.36499999999	-18567.54	0.0	0.0	0.0	0.0	0.0	0.0	0.0	0.0	0.0	0.0	0.0	0.0	0.0	0.0	145.86206896551727	0.0	0.04858386	-0.042175185000000004	1.015805505	0.74774	-0.27468	2.12114	3288827.0	1776544968.173079	0.0	1.0	-1.0	-1.0	-1.0	-1.0	-1.0	-1.0	-1.0	-1.0	0.0	marker	peace	Peace	25	0418
-68501.7	-54871.11	-104718.23999999999	-18540.989999999998	0.0	0.0	0.0	0.0	0.0	0.0	0.0	0.0	0.0	0.0	0.0	0.0	0.0	0.0	145.86206896551727	0.0	0.04858386	-0.042175185000000004	1.015805505	0.74774	-0.27468	2.12114	3288828.0	1776544968.173091	0.0	1.0	-1.0	-1.0	-1.0	-1.0	-1.0	-1.0	-1.0	-1.0	0.0	marker	peace	Peace	25	0418
-68448.78	-54862.965	-104640.56999999999	-18462.96	0.0	0.0	0.0	0.0	0.0	0.0	0.0	0.0	0.0	0.0	0.0	0.0	0.0	0.0	145.86206896551727	0.0	0.04858386	-0.042175185000000004	1.015805505	0.74774	-0.27468	2.12114	3288829.0	1776544968.17313	0.0	1.0	-1.0	-1.0	-1.0	-1.0	-1.0	-1.0	-1.0	-1.0	0.0	marker	peace	Peace	25	0418
-68472.495	-54861.479999999996	-104660.055	-18509.67	0.0	0.0	0.0	0.0	0.0	0.0	0.0	0.0	0.0	0.0	0.0	0.0	0.0	0.0	145.86206896551727	0.0	0.04858386	-0.042175185000000004	1.015805505	0.74774	-0.27468	2.12114	3288830.0	1776544968.173139	0.0	1.0	-1.0	-1.0	-1.0	-1.0	-1.0	-1.0	-1.0	-1.0	0.0	marker	peace	Peace	25	0418
-68492.34	-54865.305	-104680.62	-18533.79	0.0	0.0	0.0	0.0	0.0	0.0	0.0	0.0	0.0	0.0	0.0	0.0	0.0	0.0	145.86206896551727	0.0	0.04858386	-0.042175185000000004	1.015805505	0.74774	-0.27468	2.12114	3288831.0	1776544968.173152	0.0	1.0	-1.0	-1.0	-1.0	-1.0	-1.0	-1.0	-1.0	-1.0	0.0	marker	peace	Peace	25	0418
-68451.39	-54872.055	-104652.495	-18507.555	0.0	0.0	0.0	0.0	0.0	0.0	0.0	0.0	0.0	0.0	0.0	0.0	0.0	0.0	145.86206896551727	0.0	0.04858386	-0.042175185000000004	1.015805505	0.74774	-0.27468	2.12114	3288832.0	1776544968.173164	0.0	1.0	-1.0	-1.0	-1.0	-1.0	-1.0	-1.0	-1.0	-1.0	0.0	marker	peace	Peace	25	0418
-68470.245	-54876.104999999996	-104689.26	-18551.204999999998	0.0	0.0	0.0	0.0	0.0	0.0	0.0	0.0	0.0	0.0	0.0	0.0	0.0	0.0	145.86206896551727	0.0	0.04858386	-0.042175185000000004	1.015805505	0.74774	-0.27468	2.12114	3288833.0	1776544968.173177	0.0	1.0	-1.0	-1.0	-1.0	-1.0	-1.0	-1.0	-1.0	-1.0	0.0	marker	peace	Peace	25	0418
-68492.205	-54872.595	-104707.8	-18550.62	0.0	0.0	0.0	0.0	0.0	0.0	0.0	0.0	0.0	0.0	0.0	0.0	0.0	0.0	145.86206896551727	0.0	0.04858386	-0.042175185000000004	1.015805505	0.74774	-0.27468	2.12114	3288834.0	1776544968.173186	0.0	1.0	-1.0	-1.0	-1.0	-1.0	-1.0	-1.0	-1.0	-1.0	0.0	marker	peace	Peace	25	0418
-68460.56999999999	-54867.869999999995	-104673.015	-18509.265	0.0	0.0	0.0	0.0	0.0	0.0	0.0	0.0	0.0	0.0	0.0	0.0	0.0	0.0	145.86206896551727	0.0	0.04858386	-0.042175185000000004	1.015805505	0.74774	-0.27468	2.12114	3288835.0	1776544968.173199	0.0	1.0	-1.0	-1.0	-1.0	-1.0	-1.0	-1.0	-1.0	-1.0	0.0	marker	peace	Peace	25	0418
-68512.77	-54887.265	-104697.72	-18550.125	0.0	0.0	0.0	0.0	0.0	0.0	0.0	0.0	0.0	0.0	0.0	0.0	0.0	0.0	145.86206896551727	0.0	0.04858386	-0.042175185000000004	1.015805505	0.74774	-0.27468	2.12114	3288836.0	1776544968.173207	0.0	1.0	-1.0	-1.0	-1.0	-1.0	-1.0	-1.0	-1.0	-1.0	0.0	marker	peace	Peace	25	0418
-68484.285	-54904.59	-104684.265	-18530.46	0.0	0.0	0.0	0.0	0.0	0.0	0.0	0.0	0.0	0.0	0.0	0.0	0.0	0.0	145.86206896551727	0.0	0.05017077	-0.047057985000000004	1.01879622	5.478339999999999	-0.59514	0.4578	3288837.0	1776544968.173219	0.0	1.0	-1.0	-1.0	-1.0	-1.0	-1.0	-1.0	-1.0	-1.0	0.0	marker	peace	Peace	25	0418
-68460.795	-54922.634999999995	-104694.75	-18531.405	0.0	0.0	0.0	0.0	0.0	0.0	0.0	0.0	0.0	0.0	0.0	0.0	0.0	0.0	145.86206896551727	0.0	0.05017077	-0.047057985000000004	1.01879622	5.478339999999999	-0.59514	0.4578	3288838.0	1776544968.173228	0.0	1.0	-1.0	-1.0	-1.0	-1.0	-1.0	-1.0	-1.0	-1.0	0.0	marker	peace	Peace	25	0418
-68469.705	-54936.945	-104675.22	-18519.12	0.0	0.0	0.0	0.0	0.0	0.0	0.0	0.0	0.0	0.0	0.0	0.0	0.0	0.0	145.86206896551727	0.0	0.05017077	-0.047057985000000004	1.01879622	5.478339999999999	-0.59514	0.4578	3288839.0	1776544968.173241	0.0	1.0	-1.0	-1.0	-1.0	-1.0	-1.0	-1.0	-1.0	-1.0	0.0	marker	peace	Peace	25	0418
-68476.05	-54939.915	-104669.415	-18522.855	0.0	0.0	0.0	0.0	0.0	0.0	0.0	0.0	0.0	0.0	0.0	0.0	0.0	0.0	145.86206896551727	0.0	0.05017077	-0.047057985000000004	1.01879622	5.478339999999999	-0.59514	0.4578	3288840.0	1776544968.17325	0.0	1.0	-1.0	-1.0	-1.0	-1.0	-1.0	-1.0	-1.0	-1.0	0.0	marker	peace	Peace	25	0418
-68472.855	-54933.03	-104671.845	-18502.515	0.0	0.0	0.0	0.0	0.0	0.0	0.0	0.0	0.0	0.0	0.0	0.0	0.0	0.0	145.86206896551727	0.0	0.05017077	-0.047057985000000004	1.01879622	5.478339999999999	-0.59514	0.4578	3288841.0	1776544968.173261	0.0	1.0	-1.0	-1.0	-1.0	-1.0	-1.0	-1.0	-1.0	-1.0	0.0	marker	peace	Peace	25	0418
-68469.525	-54923.715	-104671.62	-18492.12	0.0	0.0	0.0	0.0	0.0	0.0	0.0	0.0	0.0	0.0	0.0	0.0	0.0	0.0	145.86206896551727	0.0	0.05017077	-0.047057985000000004	1.01879622	5.478339999999999	-0.59514	0.4578	3288842.0	1776544968.17327	0.0	1.0	-1.0	-1.0	-1.0	-1.0	-1.0	-1.0	-1.0	-1.0	0.0	marker	peace	Peace	25	0418
-68460.345	-54923.04	-104675.67	-18500.04	0.0	0.0	0.0	0.0	0.0	0.0	0.0	0.0	0.0	0.0	0.0	0.0	0.0	0.0	145.86206896551727	0.0	0.05017077	-0.047057985000000004	1.01879622	5.478339999999999	-0.59514	0.4578	3288843.0	1776544968.173281	0.0	1.0	-1.0	-1.0	-1.0	-1.0	-1.0	-1.0	-1.0	-1.0	0.0	marker	peace	Peace	25	0418
-68476.905	-54935.145	-104713.965	-18555.93	0.0	0.0	0.0	0.0	0.0	0.0	0.0	0.0	0.0	0.0	0.0	0.0	0.0	0.0	145.86206896551727	0.0	0.05017077	-0.047057985000000004	1.01879622	5.478339999999999	-0.59514	0.4578	3288844.0	1776544968.17329	0.0	1.0	-1.0	-1.0	-1.0	-1.0	-1.0	-1.0	-1.0	-1.0	0.0	marker	peace	Peace	25	0418
-68497.29	-54940.185	-104732.055	-18577.575	0.0	0.0	0.0	0.0	0.0	0.0	0.0	0.0	0.0	0.0	0.0	0.0	0.0	0.0	145.86206896551727	0.0	0.05017077	-0.047057985000000004	1.01879622	5.478339999999999	-0.59514	0.4578	3288845.0	1776544968.173301	0.0	1.0	-1.0	-1.0	-1.0	-1.0	-1.0	-1.0	-1.0	-1.0	0.0	marker	peace	Peace	25	0418
-68444.81999999999	-54939.24	-104674.40999999999	-18524.295	0.0	0.0	0.0	0.0	0.0	0.0	0.0	0.0	0.0	0.0	0.0	0.0	0.0	0.0	145.86206896551727	0.0	0.05017077	-0.047057985000000004	1.01879622	5.478339999999999	-0.59514	0.4578	3288846.0	1776544968.173309	0.0	1.0	-1.0	-1.0	-1.0	-1.0	-1.0	-1.0	-1.0	-1.0	0.0	marker	peace	Peace	25	0418
-68439.465	-54947.924999999996	-104668.01999999999	-18495.27	0.0	0.0	0.0	0.0	0.0	0.0	0.0	0.0	0.0	0.0	0.0	0.0	0.0	0.0	145.86206896551727	0.0	0.057311865000000004	-0.049865595	1.011166845	6.24134	-0.03052	0.54936	3288847.0	1776544968.17332	0.0	1.0	-1.0	-1.0	-1.0	-1.0	-1.0	-1.0	-1.0	-1.0	0.0	marker	peace	Peace	25	0418
-68493.105	-54963.18	-104708.25	-18534.465	0.0	0.0	0.0	0.0	0.0	0.0	0.0	0.0	0.0	0.0	0.0	0.0	0.0	0.0	145.86206896551727	0.0	0.057311865000000004	-0.049865595	1.011166845	6.24134	-0.03052	0.54936	3288848.0	1776544968.173329	0.0	1.0	-1.0	-1.0	-1.0	-1.0	-1.0	-1.0	-1.0	-1.0	0.0	marker	peace	Peace	25	0418
-68510.925	-54972.09	-104686.83	-18529.695	0.0	0.0	0.0	0.0	0.0	0.0	0.0	0.0	0.0	0.0	0.0	0.0	0.0	0.0	145.86206896551727	0.0	0.057311865000000004	-0.049865595	1.011166845	6.24134	-0.03052	0.54936	3288849.0	1776544968.173339	0.0	1.0	-1.0	-1.0	-1.0	-1.0	-1.0	-1.0	-1.0	-1.0	0.0	marker	peace	Peace	25	0418
-68507.45999999999	-54970.695	-104696.55	-18544.41	0.0	0.0	0.0	0.0	0.0	0.0	0.0	0.0	0.0	0.0	0.0	0.0	0.0	0.0	145.86206896551727	0.0	0.057311865000000004	-0.049865595	1.011166845	6.24134	-0.03052	0.54936	3288850.0	1776544968.173347	0.0	1.0	-1.0	-1.0	-1.0	-1.0	-1.0	-1.0	-1.0	-1.0	0.0	marker	peace	Peace	25	0418
-68454.315	-54961.515	-104670.675	-18524.835	0.0	0.0	0.0	0.0	0.0	0.0	0.0	0.0	0.0	0.0	0.0	0.0	0.0	0.0	145.86206896551727	0.0	0.057311865000000004	-0.049865595	1.011166845	6.24134	-0.03052	0.54936	3288851.0	1776544968.173357	0.0	1.0	-1.0	-1.0	-1.0	-1.0	-1.0	-1.0	-1.0	-1.0	0.0	marker	peace	Peace	25	0418
-68396.04	-54956.07	-104623.47	-18465.48	0.0	0.0	0.0	0.0	0.0	0.0	0.0	0.0	0.0	0.0	0.0	0.0	0.0	0.0	145.86206896551727	0.0	0.057311865000000004	-0.049865595	1.011166845	6.24134	-0.03052	0.54936	3288852.0	1776544968.173366	0.0	1.0	-1.0	-1.0	-1.0	-1.0	-1.0	-1.0	-1.0	-1.0	0.0	marker	peace	Peace	25	0418
-68452.02	-54965.43	-104674.68	-18499.32	0.0	0.0	0.0	0.0	0.0	0.0	0.0	0.0	0.0	0.0	0.0	0.0	0.0	0.0	145.86206896551727	0.0	0.057311865000000004	-0.049865595	1.011166845	6.24134	-0.03052	0.54936	3288853.0	1776544968.173376	0.0	1.0	-1.0	-1.0	-1.0	-1.0	-1.0	-1.0	-1.0	-1.0	0.0	marker	peace	Peace	25	0418
-68478.885	-54968.174999999996	-104706.18	-18540.18	0.0	0.0	0.0	0.0	0.0	0.0	0.0	0.0	0.0	0.0	0.0	0.0	0.0	0.0	145.86206896551727	0.0	0.057311865000000004	-0.049865595	1.011166845	6.24134	-0.03052	0.54936	3288854.0	1776544968.173385	0.0	1.0	-1.0	-1.0	-1.0	-1.0	-1.0	-1.0	-1.0	-1.0	0.0	marker	peace	Peace	25	0418
-68451.165	-54962.865	-104671.665	-18513.989999999998	0.0	0.0	0.0	0.0	0.0	0.0	0.0	0.0	0.0	0.0	0.0	0.0	0.0	0.0	145.86206896551727	0.0	0.057311865000000004	-0.049865595	1.011166845	6.24134	-0.03052	0.54936	3288855.0	1776544968.173396	0.0	1.0	-1.0	-1.0	-1.0	-1.0	-1.0	-1.0	-1.0	-1.0	0.0	marker	peace	Peace	25	0418
-68452.245	-54962.729999999996	-104635.89	-18458.954999999998	0.0	0.0	0.0	0.0	0.0	0.0	0.0	0.0	0.0	0.0	0.0	0.0	0.0	0.0	145.86206896551727	0.0	0.057311865000000004	-0.049865595	1.011166845	6.24134	-0.03052	0.54936	3288856.0	1776544968.173405	0.0	1.0	-1.0	-1.0	-1.0	-1.0	-1.0	-1.0	-1.0	-1.0	0.0	marker	peace	Peace	25	0418
-68457.465	-54965.564999999995	-104679.045	-18511.2	0.0	0.0	0.0	0.0	0.0	0.0	0.0	0.0	0.0	0.0	0.0	0.0	0.0	0.0	145.86206896551727	0.0	0.06555159	-0.04687488	1.003842645	3.8760399999999997	1.69386	0.03052	3288857.0	1776544968.173415	0.0	1.0	-1.0	-1.0	-1.0	-1.0	-1.0	-1.0	-1.0	-1.0	0.0	marker	peace	Peace	25	0418
-68456.385	-54969.21	-104684.805	-18529.739999999998	0.0	0.0	0.0	0.0	0.0	0.0	0.0	0.0	0.0	0.0	0.0	0.0	0.0	0.0	145.86206896551727	0.0	0.06555159	-0.04687488	1.003842645	3.8760399999999997	1.69386	0.03052	3288858.0	1776544968.173423	0.0	1.0	-1.0	-1.0	-1.0	-1.0	-1.0	-1.0	-1.0	-1.0	0.0	marker	peace	Peace	25	0418
-68542.83	-54977.445	-104730.84	-18565.469999999998	0.0	0.0	0.0	0.0	0.0	0.0	0.0	0.0	0.0	0.0	0.0	0.0	0.0	0.0	145.86206896551727	0.0	0.06555159	-0.04687488	1.003842645	3.8760399999999997	1.69386	0.03052	3288859.0	1776544968.173434	0.0	1.0	-1.0	-1.0	-1.0	-1.0	-1.0	-1.0	-1.0	-1.0	0.0	marker	peace	Peace	25	0418
-68531.48999999999	-54978.84	-104718.87	-18555.524999999998	0.0	0.0	0.0	0.0	0.0	0.0	0.0	0.0	0.0	0.0	0.0	0.0	0.0	0.0	145.86206896551727	0.0	0.06555159	-0.04687488	1.003842645	3.8760399999999997	1.69386	0.03052	3288860.0	1776544968.173442	0.0	1.0	-1.0	-1.0	-1.0	-1.0	-1.0	-1.0	-1.0	-1.0	0.0	marker	peace	Peace	25	0418
-68500.98	-54987.39	-104710.76999999999	-18554.04	0.0	0.0	0.0	0.0	0.0	0.0	0.0	0.0	0.0	0.0	0.0	0.0	0.0	0.0	145.86206896551727	0.0	0.06555159	-0.04687488	1.003842645	3.8760399999999997	1.69386	0.03052	3288861.0	1776544968.173453	0.0	1.0	-1.0	-1.0	-1.0	-1.0	-1.0	-1.0	-1.0	-1.0	0.0	marker	peace	Peace	25	0418
-68510.83499999999	-54995.265	-104719.05	-18580.274999999998	0.0	0.0	0.0	0.0	0.0	0.0	0.0	0.0	0.0	0.0	0.0	0.0	0.0	0.0	146.13793103448276	0.0	0.06555159	-0.04687488	1.003842645	3.8760399999999997	1.69386	0.03052	3288862.0	1776544968.173462	0.0	1.0	-1.0	-1.0	-1.0	-1.0	-1.0	-1.0	-1.0	-1.0	0.0	marker	peace	Peace	25	0418
-68469.705	-54992.924999999996	-104675.805	-18531.54	0.0	0.0	0.0	0.0	0.0	0.0	0.0	0.0	0.0	0.0	0.0	0.0	0.0	0.0	146.13793103448276	0.0	0.06555159	-0.04687488	1.003842645	3.8760399999999997	1.69386	0.03052	3288863.0	1776544968.173472	0.0	1.0	-1.0	-1.0	-1.0	-1.0	-1.0	-1.0	-1.0	-1.0	0.0	marker	peace	Peace	25	0418
-68437.08	-54997.695	-104653.485	-18492.03	0.0	0.0	0.0	0.0	0.0	0.0	0.0	0.0	0.0	0.0	0.0	0.0	0.0	0.0	146.13793103448276	0.0	0.06555159	-0.04687488	1.003842645	3.8760399999999997	1.69386	0.03052	3288864.0	1776544968.173481	0.0	1.0	-1.0	-1.0	-1.0	-1.0	-1.0	-1.0	-1.0	-1.0	0.0	marker	peace	Peace	25	0418
-68439.555	-54998.865	-104654.51999999999	-18502.649999999998	0.0	0.0	0.0	0.0	0.0	0.0	0.0	0.0	0.0	0.0	0.0	0.0	0.0	0.0	146.13793103448276	0.0	0.06555159	-0.04687488	1.003842645	3.8760399999999997	1.69386	0.03052	3288865.0	1776544968.173493	0.0	1.0	-1.0	-1.0	-1.0	-1.0	-1.0	-1.0	-1.0	-1.0	0.0	marker	peace	Peace	25	0418
-68402.565	-54997.65	-104632.605	-18487.8	0.0	0.0	0.0	0.0	0.0	0.0	0.0	0.0	0.0	0.0	0.0	0.0	0.0	0.0	146.13793103448276	0.0	0.06555159	-0.04687488	1.003842645	3.8760399999999997	1.69386	0.03052	3288866.0	1776544968.173502	0.0	1.0	-1.0	-1.0	-1.0	-1.0	-1.0	-1.0	-1.0	-1.0	0.0	marker	peace	Peace	25	0418
-68410.125	-54992.97	-104646.51	-18470.475	0.0	0.0	0.0	0.0	0.0	0.0	0.0	0.0	0.0	0.0	0.0	0.0	0.0	0.0	146.13793103448276	0.0	0.060241545	-0.041259660000000004	0.9987157050000001	2.4415999999999998	3.2809	-0.16785999999999998	3288867.0	1776544968.173513	0.0	1.0	-1.0	-1.0	-1.0	-1.0	-1.0	-1.0	-1.0	-1.0	0.0	marker	peace	Peace	25	0418
-68522.265	-54991.53	-104728.095	-18531.63	0.0	0.0	0.0	0.0	0.0	0.0	0.0	0.0	0.0	0.0	0.0	0.0	0.0	0.0	146.13793103448276	0.0	0.060241545	-0.041259660000000004	0.9987157050000001	2.4415999999999998	3.2809	-0.16785999999999998	3288868.0	1776544968.173521	0.0	1.0	-1.0	-1.0	-1.0	-1.0	-1.0	-1.0	-1.0	-1.0	0.0	marker	peace	Peace	25	0418
-68534.955	-54989.145	-104731.245	-18544.905	0.0	0.0	0.0	0.0	0.0	0.0	0.0	0.0	0.0	0.0	0.0	0.0	0.0	0.0	146.13793103448276	0.0	0.060241545	-0.041259660000000004	0.9987157050000001	2.4415999999999998	3.2809	-0.16785999999999998	3288869.0	1776544968.173531	0.0	1.0	-1.0	-1.0	-1.0	-1.0	-1.0	-1.0	-1.0	-1.0	0.0	marker	peace	Peace	25	0418
-68496.255	-54986.22	-104714.235	-18548.505	0.0	0.0	0.0	0.0	0.0	0.0	0.0	0.0	0.0	0.0	0.0	0.0	0.0	0.0	146.13793103448276	0.0	0.060241545	-0.041259660000000004	0.9987157050000001	2.4415999999999998	3.2809	-0.16785999999999998	3288870.0	1776544968.17354	0.0	1.0	-1.0	-1.0	-1.0	-1.0	-1.0	-1.0	-1.0	-1.0	0.0	marker	peace	Peace	25	0418
-68507.91	-54997.47	-104726.295	-18560.655	0.0	0.0	0.0	0.0	0.0	0.0	0.0	0.0	0.0	0.0	0.0	0.0	0.0	0.0	146.13793103448276	0.0	0.060241545	-0.041259660000000004	0.9987157050000001	2.4415999999999998	3.2809	-0.16785999999999998	3288871.0	1776544968.173551	0.0	1.0	-1.0	-1.0	-1.0	-1.0	-1.0	-1.0	-1.0	-1.0	0.0	marker	peace	Peace	25	0418
-68515.965	-55006.47	-104729.175	-18566.46	0.0	0.0	0.0	0.0	0.0	0.0	0.0	0.0	0.0	0.0	0.0	0.0	0.0	0.0	146.13793103448276	0.0	0.060241545	-0.041259660000000004	0.9987157050000001	2.4415999999999998	3.2809	-0.16785999999999998	3288872.0	1776544968.173559	0.0	1.0	-1.0	-1.0	-1.0	-1.0	-1.0	-1.0	-1.0	-1.0	0.0	marker	peace	Peace	25	0418
-68459.08499999999	-54963.765	-104687.73	-18548.594999999998	0.0	0.0	0.0	0.0	0.0	0.0	0.0	0.0	0.0	0.0	0.0	0.0	0.0	0.0	146.13793103448276	0.0	0.060241545	-0.041259660000000004	0.9987157050000001	2.4415999999999998	3.2809	-0.16785999999999998	3288873.0	1776544968.175722	0.0	1.0	-1.0	-1.0	-1.0	-1.0	-1.0	-1.0	-1.0	-1.0	0.0	marker	peace	Peace	25	0418
-68463.58499999999	-54876.555	-104680.70999999999	-18529.245	0.0	0.0	0.0	0.0	0.0	0.0	0.0	0.0	0.0	0.0	0.0	0.0	0.0	0.0	146.13793103448276	0.0	0.060241545	-0.041259660000000004	0.9987157050000001	2.4415999999999998	3.2809	-0.16785999999999998	3288874.0	1776544968.175742	0.0	1.0	-1.0	-1.0	-1.0	-1.0	-1.0	-1.0	-1.0	-1.0	0.0	marker	peace	Peace	25	0418
-68483.565	-54868.365	-104704.875	-18535.14	0.0	0.0	0.0	0.0	0.0	0.0	0.0	0.0	0.0	0.0	0.0	0.0	0.0	0.0	146.13793103448276	0.0	0.060241545	-0.041259660000000004	0.9987157050000001	2.4415999999999998	3.2809	-0.16785999999999998	3288875.0	1776544968.179578	0.0	1.0	-1.0	-1.0	-1.0	-1.0	-1.0	-1.0	-1.0	-1.0	0.0	marker	peace	Peace	25	0418
-68482.53	-54867.24	-104708.43	-18538.559999999998	0.0	0.0	0.0	0.0	0.0	0.0	0.0	0.0	0.0	0.0	0.0	0.0	0.0	0.0	146.13793103448276	0.0	0.060241545	-0.041259660000000004	0.9987157050000001	2.4415999999999998	3.2809	-0.16785999999999998	3288876.0	1776544968.179596	0.0	1.0	-1.0	-1.0	-1.0	-1.0	-1.0	-1.0	-1.0	-1.0	0.0	marker	peace	Peace	25	0418
-68471.235	-54861.975	-104701.995	-18532.17	0.0	0.0	0.0	0.0	0.0	0.0	0.0	0.0	0.0	0.0	0.0	0.0	0.0	0.0	146.13793103448276	0.0	0.04858386	-0.04174794	1.009702005	2.33478	3.14356	-0.19838	3288877.0	1776544968.183733	0.0	1.0	-1.0	-1.0	-1.0	-1.0	-1.0	-1.0	-1.0	-1.0	0.0	marker	peace	Peace	25	0418
-68494.31999999999	-54861.615	-104703.39	-18531.27	0.0	0.0	0.0	0.0	0.0	0.0	0.0	0.0	0.0	0.0	0.0	0.0	0.0	0.0	146.13793103448276	0.0	0.04858386	-0.04174794	1.009702005	2.33478	3.14356	-0.19838	3288878.0	1776544968.183764	0.0	1.0	-1.0	-1.0	-1.0	-1.0	-1.0	-1.0	-1.0	-1.0	0.0	marker	peace	Peace	25	0418
-68489.28	-54871.965	-104678.28	-18518.76	0.0	0.0	0.0	0.0	0.0	0.0	0.0	0.0	0.0	0.0	0.0	0.0	0.0	0.0	146.13793103448276	0.0	0.04858386	-0.04174794	1.009702005	2.33478	3.14356	-0.19838	3288879.0	1776544968.189265	0.0	1.0	-1.0	-1.0	-1.0	-1.0	-1.0	-1.0	-1.0	-1.0	0.0	marker	peace	Peace	25	0418
-68482.215	-54880.829999999994	-104650.065	-18504.495	0.0	0.0	0.0	0.0	0.0	0.0	0.0	0.0	0.0	0.0	0.0	0.0	0.0	0.0	146.13793103448276	0.0	0.04858386	-0.04174794	1.009702005	2.33478	3.14356	-0.19838	3288880.0	1776544968.189283	0.0	1.0	-1.0	-1.0	-1.0	-1.0	-1.0	-1.0	-1.0	-1.0	0.0	marker	peace	Peace	25	0418
-68481.495	-54889.2	-104651.90999999999	-18505.079999999998	0.0	0.0	0.0	0.0	0.0	0.0	0.0	0.0	0.0	0.0	0.0	0.0	0.0	0.0	146.13793103448276	0.0	0.04858386	-0.04174794	1.009702005	2.33478	3.14356	-0.19838	3288881.0	1776544968.192528	0.0	1.0	-1.0	-1.0	-1.0	-1.0	-1.0	-1.0	-1.0	-1.0	0.0	marker	peace	Peace	25	0418
-68465.11499999999	-54894.555	-104682.015	-18529.469999999998	0.0	0.0	0.0	0.0	0.0	0.0	0.0	0.0	0.0	0.0	0.0	0.0	0.0	0.0	146.13793103448276	0.0	0.04858386	-0.04174794	1.009702005	2.33478	3.14356	-0.19838	3288882.0	1776544968.192542	0.0	1.0	-1.0	-1.0	-1.0	-1.0	-1.0	-1.0	-1.0	-1.0	0.0	marker	peace	Peace	25	0418
-68461.785	-54893.25	-104662.03499999999	-18514.98	0.0	0.0	0.0	0.0	0.0	0.0	0.0	0.0	0.0	0.0	0.0	0.0	0.0	0.0	146.13793103448276	0.0	0.04858386	-0.04174794	1.009702005	2.33478	3.14356	-0.19838	3288883.0	1776544968.197611	0.0	1.0	-1.0	-1.0	-1.0	-1.0	-1.0	-1.0	-1.0	-1.0	0.0	marker	peace	Peace	25	0418
-68490.72	-54896.445	-104699.655	-18540.989999999998	0.0	0.0	0.0	0.0	0.0	0.0	0.0	0.0	0.0	0.0	0.0	0.0	0.0	0.0	146.13793103448276	0.0	0.04858386	-0.04174794	1.009702005	2.33478	3.14356	-0.19838	3288884.0	1776544968.197645	0.0	1.0	-1.0	-1.0	-1.0	-1.0	-1.0	-1.0	-1.0	-1.0	0.0	marker	peace	Peace	25	0418
-68476.815	-54896.805	-104721.435	-18550.8	0.0	0.0	0.0	0.0	0.0	0.0	0.0	0.0	0.0	0.0	0.0	0.0	0.0	0.0	146.13793103448276	0.0	0.04858386	-0.04174794	1.009702005	2.33478	3.14356	-0.19838	3288885.0	1776544968.297566	0.0	1.0	-1.0	-1.0	-1.0	-1.0	-1.0	-1.0	-1.0	-1.0	0.0	marker	peace	Peace	25	0418
-68449.905	-54895.725	-104746.14	-18545.399999999998	0.0	0.0	0.0	0.0	0.0	0.0	0.0	0.0	0.0	0.0	0.0	0.0	0.0	0.0	146.13793103448276	0.0	0.04858386	-0.04174794	1.009702005	2.33478	3.14356	-0.19838	3288886.0	1776544968.297589	0.0	1.0	-1.0	-1.0	-1.0	-1.0	-1.0	-1.0	-1.0	-1.0	0.0	marker	peace	Peace	25	0418
-68478.39	-54896.895	-104728.095	-18538.829999999998	0.0	0.0	0.0	0.0	0.0	0.0	0.0	0.0	0.0	0.0	0.0	0.0	0.0	0.0	146.13793103448276	0.0	0.042175185000000004	-0.04345692	1.01867415	5.55464	2.62472	-0.4578	3288887.0	1776544968.297652	0.0	1.0	-1.0	-1.0	-1.0	-1.0	-1.0	-1.0	-1.0	-1.0	0.0	marker	peace	Peace	25	0418
-68455.8	-54894.825	-104674.14	-18505.71	0.0	0.0	0.0	0.0	0.0	0.0	0.0	0.0	0.0	0.0	0.0	0.0	0.0	0.0	146.13793103448276	0.0	0.042175185000000004	-0.04345692	1.01867415	5.55464	2.62472	-0.4578	3288888.0	1776544968.297662	0.0	1.0	-1.0	-1.0	-1.0	-1.0	-1.0	-1.0	-1.0	-1.0	0.0	marker	peace	Peace	25	0418
-68470.155	-54897.93	-104665.905	-18510.39	0.0	0.0	0.0	0.0	0.0	0.0	0.0	0.0	0.0	0.0	0.0	0.0	0.0	0.0	146.13793103448276	0.0	0.042175185000000004	-0.04345692	1.01867415	5.55464	2.62472	-0.4578	3288889.0	1776544968.2977	0.0	1.0	-1.0	-1.0	-1.0	-1.0	-1.0	-1.0	-1.0	-1.0	0.0	marker	peace	Peace	25	0418
-68513.13	-54901.35	-104689.53	-18529.515	0.0	0.0	0.0	0.0	0.0	0.0	0.0	0.0	0.0	0.0	0.0	0.0	0.0	0.0	146.13793103448276	0.0	0.042175185000000004	-0.04345692	1.01867415	5.55464	2.62472	-0.4578	3288890.0	1776544968.297707	0.0	1.0	-1.0	-1.0	-1.0	-1.0	-1.0	-1.0	-1.0	-1.0	0.0	marker	peace	Peace	25	0418
-68498.64	-54895.365	-104689.575	-18520.965	0.0	0.0	0.0	0.0	0.0	0.0	0.0	0.0	0.0	0.0	0.0	0.0	0.0	0.0	146.13793103448276	0.0	0.042175185000000004	-0.04345692	1.01867415	5.55464	2.62472	-0.4578	3288891.0	1776544968.297721	0.0	1.0	-1.0	-1.0	-1.0	-1.0	-1.0	-1.0	-1.0	-1.0	0.0	marker	peace	Peace	25	0418
-68476.31999999999	-54888.525	-104698.75499999999	-18534.915	0.0	0.0	0.0	0.0	0.0	0.0	0.0	0.0	0.0	0.0	0.0	0.0	0.0	0.0	146.13793103448276	0.0	0.042175185000000004	-0.04345692	1.01867415	5.55464	2.62472	-0.4578	3288892.0	1776544968.297728	0.0	1.0	-1.0	-1.0	-1.0	-1.0	-1.0	-1.0	-1.0	-1.0	0.0	marker	peace	Peace	25	0418
-68455.305	-54880.965	-104650.69499999999	-18532.575	0.0	0.0	0.0	0.0	0.0	0.0	0.0	0.0	0.0	0.0	0.0	0.0	0.0	0.0	146.13793103448276	0.0	0.042175185000000004	-0.04345692	1.01867415	5.55464	2.62472	-0.4578	3288893.0	1776544968.297741	0.0	1.0	-1.0	-1.0	-1.0	-1.0	-1.0	-1.0	-1.0	-1.0	0.0	marker	peace	Peace	25	0418
-68493.645	-54877.454999999994	-104706.315	-18537.84	0.0	0.0	0.0	0.0	0.0	0.0	0.0	0.0	0.0	0.0	0.0	0.0	0.0	0.0	146.13793103448276	0.0	0.042175185000000004	-0.04345692	1.01867415	5.55464	2.62472	-0.4578	3288894.0	1776544968.297749	0.0	1.0	-1.0	-1.0	-1.0	-1.0	-1.0	-1.0	-1.0	-1.0	0.0	marker	peace	Peace	25	0418
-68511.285	-54884.97	-104738.67	-18542.295	0.0	0.0	0.0	0.0	0.0	0.0	0.0	0.0	0.0	0.0	0.0	0.0	0.0	0.0	146.13793103448276	0.0	0.042175185000000004	-0.04345692	1.01867415	5.55464	2.62472	-0.4578	3288895.0	1776544968.297761	0.0	1.0	-1.0	-1.0	-1.0	-1.0	-1.0	-1.0	-1.0	-1.0	0.0	marker	peace	Peace	25	0418
-68483.88	-54898.244999999995	-104685.39	-18513.675	0.0	0.0	0.0	0.0	0.0	0.0	0.0	0.0	0.0	0.0	0.0	0.0	0.0	0.0	146.13793103448276	0.0	0.042175185000000004	-0.04345692	1.01867415	5.55464	2.62472	-0.4578	3288896.0	1776544968.297769	0.0	1.0	-1.0	-1.0	-1.0	-1.0	-1.0	-1.0	-1.0	-1.0	0.0	marker	peace	Peace	25	0418
-68427.98999999999	-54906.435	-104623.965	-18462.329999999998	0.0	0.0	0.0	0.0	0.0	0.0	0.0	0.0	0.0	0.0	0.0	0.0	0.0	0.0	146.13793103448276	0.0	0.044494515	-0.031799235	1.021786935	4.02864	1.11398	0.85456	3288897.0	1776544968.297781	0.0	1.0	-1.0	-1.0	-1.0	-1.0	-1.0	-1.0	-1.0	-1.0	0.0	marker	peace	Peace	25	0418
-68422.77	-54898.515	-104632.515	-18471.555	0.0	0.0	0.0	0.0	0.0	0.0	0.0	0.0	0.0	0.0	0.0	0.0	0.0	0.0	146.13793103448276	0.0	0.044494515	-0.031799235	1.021786935	4.02864	1.11398	0.85456	3288898.0	1776544968.297788	0.0	1.0	-1.0	-1.0	-1.0	-1.0	-1.0	-1.0	-1.0	-1.0	0.0	marker	peace	Peace	25	0418
-68475.735	-54894.42	-104699.655	-18523.98	0.0	0.0	0.0	0.0	0.0	0.0	0.0	0.0	0.0	0.0	0.0	0.0	0.0	0.0	146.13793103448276	0.0	0.044494515	-0.031799235	1.021786935	4.02864	1.11398	0.85456	3288899.0	1776544968.297798	0.0	1.0	-1.0	-1.0	-1.0	-1.0	-1.0	-1.0	-1.0	-1.0	0.0	marker	peace	Peace	25	0418
-68505.705	-54890.235	-104716.215	-18526.905	0.0	0.0	0.0	0.0	0.0	0.0	0.0	0.0	0.0	0.0	0.0	0.0	0.0	0.0	146.13793103448276	0.0	0.044494515	-0.031799235	1.021786935	4.02864	1.11398	0.85456	3288900.0	1776544968.297806	0.0	1.0	-1.0	-1.0	-1.0	-1.0	-1.0	-1.0	-1.0	-1.0	0.0	marker	peace	Peace	25	0418
-68466.015	-54877.049999999996	-104673.95999999999	-18494.64	0.0	0.0	0.0	0.0	0.0	0.0	0.0	0.0	0.0	0.0	0.0	0.0	0.0	0.0	146.13793103448276	0.0	0.044494515	-0.031799235	1.021786935	4.02864	1.11398	0.85456	3288901.0	1776544968.29782	0.0	1.0	-1.0	-1.0	-1.0	-1.0	-1.0	-1.0	-1.0	-1.0	0.0	marker	peace	Peace	25	0418
-68520.33	-54871.829999999994	-104743.935	-18587.969999999998	0.0	0.0	0.0	0.0	0.0	0.0	0.0	0.0	0.0	0.0	0.0	0.0	0.0	0.0	146.13793103448276	0.0	0.044494515	-0.031799235	1.021786935	4.02864	1.11398	0.85456	3288902.0	1776544968.297827	0.0	1.0	-1.0	-1.0	-1.0	-1.0	-1.0	-1.0	-1.0	-1.0	0.0	marker	peace	Peace	25	0418
-68515.69499999999	-54868.185	-104734.665	-18590.67	0.0	0.0	0.0	0.0	0.0	0.0	0.0	0.0	0.0	0.0	0.0	0.0	0.0	0.0	146.13793103448276	0.0	0.044494515	-0.031799235	1.021786935	4.02864	1.11398	0.85456	3288903.0	1776544968.297841	0.0	1.0	-1.0	-1.0	-1.0	-1.0	-1.0	-1.0	-1.0	-1.0	0.0	marker	peace	Peace	25	0418
-68488.47	-54869.354999999996	-104711.44499999999	-18558.225	0.0	0.0	0.0	0.0	0.0	0.0	0.0	0.0	0.0	0.0	0.0	0.0	0.0	0.0	146.13793103448276	0.0	0.044494515	-0.031799235	1.021786935	4.02864	1.11398	0.85456	3288904.0	1776544968.297848	0.0	1.0	-1.0	-1.0	-1.0	-1.0	-1.0	-1.0	-1.0	-1.0	0.0	marker	peace	Peace	25	0418
-68470.155	-54880.38	-104699.06999999999	-18541.125	0.0	0.0	0.0	0.0	0.0	0.0	0.0	0.0	0.0	0.0	0.0	0.0	0.0	0.0	146.13793103448276	0.0	0.044494515	-0.031799235	1.021786935	4.02864	1.11398	0.85456	3288905.0	1776544968.297864	0.0	1.0	-1.0	-1.0	-1.0	-1.0	-1.0	-1.0	-1.0	-1.0	0.0	marker	peace	Peace	25	0418
-68429.655	-54886.68	-104635.125	-18474.21	0.0	0.0	0.0	0.0	0.0	0.0	0.0	0.0	0.0	0.0	0.0	0.0	0.0	0.0	146.13793103448276	0.0	0.044494515	-0.031799235	1.021786935	4.02864	1.11398	0.85456	3288906.0	1776544968.297871	0.0	1.0	-1.0	-1.0	-1.0	-1.0	-1.0	-1.0	-1.0	-1.0	0.0	marker	peace	Peace	25	0418
-68482.53	-54883.979999999996	-104665.095	-18499.95	0.0	0.0	0.0	0.0	0.0	0.0	0.0	0.0	0.0	0.0	0.0	0.0	0.0	0.0	146.13793103448276	0.0	0.04992663	-0.027160575	1.01696517	-1.32762	1.6022999999999998	1.84646	3288907.0	1776544968.297887	0.0	1.0	-1.0	-1.0	-1.0	-1.0	-1.0	-1.0	-1.0	-1.0	0.0	marker	peace	Peace	25	0418
-68483.11499999999	-54879.345	-104694.795	-18536.355	0.0	0.0	0.0	0.0	0.0	0.0	0.0	0.0	0.0	0.0	0.0	0.0	0.0	0.0	146.13793103448276	0.0	0.04992663	-0.027160575	1.01696517	-1.32762	1.6022999999999998	1.84646	3288908.0	1776544968.297895	0.0	1.0	-1.0	-1.0	-1.0	-1.0	-1.0	-1.0	-1.0	-1.0	0.0	marker	peace	Peace	25	0418
-68505.3	-54861.119999999995	-104723.64	-18562.005	0.0	0.0	0.0	0.0	0.0	0.0	0.0	0.0	0.0	0.0	0.0	0.0	0.0	0.0	146.13793103448276	0.0	0.04992663	-0.027160575	1.01696517	-1.32762	1.6022999999999998	1.84646	3288909.0	1776544968.297906	0.0	1.0	-1.0	-1.0	-1.0	-1.0	-1.0	-1.0	-1.0	-1.0	0.0	marker	peace	Peace	25	0418
-68528.295	-54776.924999999996	-104734.70999999999	-18571.364999999998	0.0	0.0	0.0	0.0	0.0	0.0	0.0	0.0	0.0	0.0	0.0	0.0	0.0	0.0	146.13793103448276	0.0	0.04992663	-0.027160575	1.01696517	-1.32762	1.6022999999999998	1.84646	3288910.0	1776544968.297913	0.0	1.0	-1.0	-1.0	-1.0	-1.0	-1.0	-1.0	-1.0	-1.0	0.0	marker	peace	Peace	25	0418
-68521.275	-54745.02	-104731.11	-18566.594999999998	0.0	0.0	0.0	0.0	0.0	0.0	0.0	0.0	0.0	0.0	0.0	0.0	0.0	0.0	146.13793103448276	0.0	0.04992663	-0.027160575	1.01696517	-1.32762	1.6022999999999998	1.84646	3288911.0	1776544968.297924	0.0	1.0	-1.0	-1.0	-1.0	-1.0	-1.0	-1.0	-1.0	-1.0	0.0	marker	peace	Peace	25	0418
-68518.44	-54740.564999999995	-104727.42	-18556.649999999998	0.0	0.0	0.0	0.0	0.0	0.0	0.0	0.0	0.0	0.0	0.0	0.0	0.0	0.0	146.13793103448276	0.0	0.04992663	-0.027160575	1.01696517	-1.32762	1.6022999999999998	1.84646	3288912.0	1776544968.297932	0.0	1.0	-1.0	-1.0	-1.0	-1.0	-1.0	-1.0	-1.0	-1.0	0.0	marker	peace	Peace	25	0418
-68487.795	-54747.045	-104707.305	-18539.415	0.0	0.0	0.0	0.0	0.0	0.0	0.0	0.0	0.0	0.0	0.0	0.0	0.0	0.0	146.13793103448276	0.0	0.04992663	-0.027160575	1.01696517	-1.32762	1.6022999999999998	1.84646	3288913.0	1776544968.297941	0.0	1.0	-1.0	-1.0	-1.0	-1.0	-1.0	-1.0	-1.0	-1.0	0.0	marker	peace	Peace	25	0418
-68470.785	-54759.015	-104688.54	-18520.425	0.0	0.0	0.0	0.0	0.0	0.0	0.0	0.0	0.0	0.0	0.0	0.0	0.0	0.0	146.13793103448276	0.0	0.04992663	-0.027160575	1.01696517	-1.32762	1.6022999999999998	1.84646	3288914.0	1776544968.297949	0.0	1.0	-1.0	-1.0	-1.0	-1.0	-1.0	-1.0	-1.0	-1.0	0.0	marker	peace	Peace	25	0418
-68482.44	-54752.31	-104689.665	-18516.329999999998	0.0	0.0	0.0	0.0	0.0	0.0	0.0	0.0	0.0	0.0	0.0	0.0	0.0	0.0	146.13793103448276	0.0	0.04992663	-0.027160575	1.01696517	-1.32762	1.6022999999999998	1.84646	3288915.0	1776544968.297959	0.0	1.0	-1.0	-1.0	-1.0	-1.0	-1.0	-1.0	-1.0	-1.0	0.0	marker	peace	Peace	25	0418
-68501.88	-54739.619999999995	-104723.14499999999	-18553.995	0.0	0.0	0.0	0.0	0.0	0.0	0.0	0.0	0.0	0.0	0.0	0.0	0.0	0.0	146.13793103448276	0.0	0.04992663	-0.027160575	1.01696517	-1.32762	1.6022999999999998	1.84646	3288916.0	1776544968.297966	0.0	1.0	-1.0	-1.0	-1.0	-1.0	-1.0	-1.0	-1.0	-1.0	0.0	marker	peace	Peace	25	0418
-68516.415	-54727.38	-104730.885	-18561.105	0.0	0.0	0.0	0.0	0.0	0.0	0.0	0.0	0.0	0.0	0.0	0.0	0.0	0.0	146.13793103448276	0.0	0.05187975	-0.039733785	1.013608245	0.73248	2.31952	0.62566	3288917.0	1776544968.297977	0.0	1.0	-1.0	-1.0	-1.0	-1.0	-1.0	-1.0	-1.0	-1.0	0.0	marker	peace	Peace	25	0418
-68514.75	-54708.119999999995	-104732.81999999999	-18570.51	0.0	0.0	0.0	0.0	0.0	0.0	0.0	0.0	0.0	0.0	0.0	0.0	0.0	0.0	146.13793103448276	0.0	0.05187975	-0.039733785	1.013608245	0.73248	2.31952	0.62566	3288918.0	1776544968.297985	0.0	1.0	-1.0	-1.0	-1.0	-1.0	-1.0	-1.0	-1.0	-1.0	0.0	marker	peace	Peace	25	0418
-68490.9	-54642.78	-104719.40999999999	-18575.505	0.0	0.0	0.0	0.0	0.0	0.0	0.0	0.0	0.0	0.0	0.0	0.0	0.0	0.0	146.13793103448276	0.0	0.05187975	-0.039733785	1.013608245	0.73248	2.31952	0.62566	3288919.0	1776544968.297994	0.0	1.0	-1.0	-1.0	-1.0	-1.0	-1.0	-1.0	-1.0	-1.0	0.0	marker	peace	Peace	25	0418
-68467.905	-54615.645	-104664.23999999999	-18523.44	0.0	0.0	0.0	0.0	0.0	0.0	0.0	0.0	0.0	0.0	0.0	0.0	0.0	0.0	146.13793103448276	0.0	0.05187975	-0.039733785	1.013608245	0.73248	2.31952	0.62566	3288920.0	1776544968.298001	0.0	1.0	-1.0	-1.0	-1.0	-1.0	-1.0	-1.0	-1.0	-1.0	0.0	marker	peace	Peace	25	0418
-68470.605	-54621.314999999995	-104629.00499999999	-18495.945	0.0	0.0	0.0	0.0	0.0	0.0	0.0	0.0	0.0	0.0	0.0	0.0	0.0	0.0	146.13793103448276	0.0	0.05187975	-0.039733785	1.013608245	0.73248	2.31952	0.62566	3288921.0	1776544968.298013	0.0	1.0	-1.0	-1.0	-1.0	-1.0	-1.0	-1.0	-1.0	-1.0	0.0	marker	peace	Peace	25	0418
-68506.2	-54634.005	-104695.515	-18551.61	0.0	0.0	0.0	0.0	0.0	0.0	0.0	0.0	0.0	0.0	0.0	0.0	0.0	0.0	146.13793103448276	0.0	0.05187975	-0.039733785	1.013608245	0.73248	2.31952	0.62566	3288922.0	1776544968.29802	0.0	1.0	-1.0	-1.0	-1.0	-1.0	-1.0	-1.0	-1.0	-1.0	0.0	marker	peace	Peace	25	0418
-68478.84	-54643.229999999996	-104702.355	-18555.03	0.0	0.0	0.0	0.0	0.0	0.0	0.0	0.0	0.0	0.0	0.0	0.0	0.0	0.0	146.13793103448276	0.0	0.05187975	-0.039733785	1.013608245	0.73248	2.31952	0.62566	3288923.0	1776544968.298029	0.0	1.0	-1.0	-1.0	-1.0	-1.0	-1.0	-1.0	-1.0	-1.0	0.0	marker	peace	Peace	25	0418
-68464.035	-54642.015	-104694.93	-18530.19	0.0	0.0	0.0	0.0	0.0	0.0	0.0	0.0	0.0	0.0	0.0	0.0	0.0	0.0	146.13793103448276	0.0	0.05187975	-0.039733785	1.013608245	0.73248	2.31952	0.62566	3288924.0	1776544968.298036	0.0	1.0	-1.0	-1.0	-1.0	-1.0	-1.0	-1.0	-1.0	-1.0	0.0	marker	peace	Peace	25	0418
-68487.705	-54640.259999999995	-104705.73	-18522.54	0.0	0.0	0.0	0.0	0.0	0.0	0.0	0.0	0.0	0.0	0.0	0.0	0.0	0.0	146.13793103448276	0.0	0.05187975	-0.039733785	1.013608245	0.73248	2.31952	0.62566	3288925.0	1776544968.298046	0.0	1.0	-1.0	-1.0	-1.0	-1.0	-1.0	-1.0	-1.0	-1.0	0.0	marker	peace	Peace	25	0418
-68460.255	-54630.045	-104692.68	-18512.235	0.0	0.0	0.0	0.0	0.0	0.0	0.0	0.0	0.0	0.0	0.0	0.0	0.0	0.0	146.13793103448276	0.0	0.05187975	-0.039733785	1.013608245	0.73248	2.31952	0.62566	3288926.0	1776544968.298053	0.0	1.0	-1.0	-1.0	-1.0	-1.0	-1.0	-1.0	-1.0	-1.0	0.0	marker	peace	Peace	25	0418
-68444.64	-54627.479999999996	-104675.22	-18504.765	0.0	0.0	0.0	0.0	0.0	0.0	0.0	0.0	0.0	0.0	0.0	0.0	0.0	0.0	146.13793103448276	0.0	0.047546265	-0.04956042	1.01452377	2.8230999999999997	2.0601	-0.82404	3288927.0	1776544968.298065	0.0	1.0	-1.0	-1.0	-1.0	-1.0	-1.0	-1.0	-1.0	-1.0	0.0	marker	peace	Peace	25	0418
-68485.5	-54632.924999999996	-104708.205	-18537.704999999998	0.0	0.0	0.0	0.0	0.0	0.0	0.0	0.0	0.0	0.0	0.0	0.0	0.0	0.0	146.13793103448276	0.0	0.047546265	-0.04956042	1.01452377	2.8230999999999997	2.0601	-0.82404	3288928.0	1776544968.298073	0.0	1.0	-1.0	-1.0	-1.0	-1.0	-1.0	-1.0	-1.0	-1.0	0.0	marker	peace	Peace	25	0418
-68518.89	-54643.59	-104716.305	-18553.905	0.0	0.0	0.0	0.0	0.0	0.0	0.0	0.0	0.0	0.0	0.0	0.0	0.0	0.0	146.13793103448276	0.0	0.047546265	-0.04956042	1.01452377	2.8230999999999997	2.0601	-0.82404	3288929.0	1776544968.298084	0.0	1.0	-1.0	-1.0	-1.0	-1.0	-1.0	-1.0	-1.0	-1.0	0.0	marker	peace	Peace	25	0418
-68470.425	-54642.869999999995	-104667.61499999999	-18498.645	0.0	0.0	0.0	0.0	0.0	0.0	0.0	0.0	0.0	0.0	0.0	0.0	0.0	0.0	146.13793103448276	0.0	0.047546265	-0.04956042	1.01452377	2.8230999999999997	2.0601	-0.82404	3288930.0	1776544968.298091	0.0	1.0	-1.0	-1.0	-1.0	-1.0	-1.0	-1.0	-1.0	-1.0	0.0	marker	peace	Peace	25	0418
-68465.205	-54642.015	-104689.215	-18515.07	0.0	0.0	0.0	0.0	0.0	0.0	0.0	0.0	0.0	0.0	0.0	0.0	0.0	0.0	146.13793103448276	0.0	0.047546265	-0.04956042	1.01452377	2.8230999999999997	2.0601	-0.82404	3288931.0	1776544968.298102	0.0	1.0	-1.0	-1.0	-1.0	-1.0	-1.0	-1.0	-1.0	-1.0	0.0	marker	peace	Peace	25	0418
-68471.325	-54650.97	-104703.84	-18549.18	0.0	0.0	0.0	0.0	0.0	0.0	0.0	0.0	0.0	0.0	0.0	0.0	0.0	0.0	146.13793103448276	0.0	0.047546265	-0.04956042	1.01452377	2.8230999999999997	2.0601	-0.82404	3288932.0	1776544968.29811	0.0	1.0	-1.0	-1.0	-1.0	-1.0	-1.0	-1.0	-1.0	-1.0	0.0	marker	peace	Peace	25	0418
-68475.19499999999	-54659.07	-104678.055	-18542.745	0.0	0.0	0.0	0.0	0.0	0.0	0.0	0.0	0.0	0.0	0.0	0.0	0.0	0.0	146.13793103448276	0.0	0.047546265	-0.04956042	1.01452377	2.8230999999999997	2.0601	-0.82404	3288933.0	1776544968.29812	0.0	1.0	-1.0	-1.0	-1.0	-1.0	-1.0	-1.0	-1.0	-1.0	0.0	marker	peace	Peace	25	0418
-68509.845	-54659.88	-104695.605	-18534.645	0.0	0.0	0.0	0.0	0.0	0.0	0.0	0.0	0.0	0.0	0.0	0.0	0.0	0.0	146.13793103448276	0.0	0.047546265	-0.04956042	1.01452377	2.8230999999999997	2.0601	-0.82404	3288934.0	1776544968.298127	0.0	1.0	-1.0	-1.0	-1.0	-1.0	-1.0	-1.0	-1.0	-1.0	0.0	marker	peace	Peace	25	0418
-68507.37	-54661.994999999995	-104707.39499999999	-18516.78	0.0	0.0	0.0	0.0	0.0	0.0	0.0	0.0	0.0	0.0	0.0	0.0	0.0	0.0	146.13793103448276	0.0	0.047546265	-0.04956042	1.01452377	2.8230999999999997	2.0601	-0.82404	3288935.0	1776544968.300168	0.0	1.0	-1.0	-1.0	-1.0	-1.0	-1.0	-1.0	-1.0	-1.0	0.0	marker	peace	Peace	25	0418
-68498.595	-54668.159999999996	-104717.11499999999	-18536.13	0.0	0.0	0.0	0.0	0.0	0.0	0.0	0.0	0.0	0.0	0.0	0.0	0.0	0.0	146.13793103448276	0.0	0.047546265	-0.04956042	1.01452377	2.8230999999999997	2.0601	-0.82404	3288936.0	1776544968.300191	0.0	1.0	-1.0	-1.0	-1.0	-1.0	-1.0	-1.0	-1.0	-1.0	0.0	marker	peace	Peace	25	0418
-68494.68	-54671.4	-104717.745	-18549.765	0.0	0.0	0.0	0.0	0.0	0.0	0.0	0.0	0.0	0.0	0.0	0.0	0.0	0.0	146.13793103448276	0.0	0.040344135	-0.049377315	1.021420725	7.095899999999999	1.64808	-0.85456	3288937.0	1776544968.304029	0.0	1.0	-1.0	-1.0	-1.0	-1.0	-1.0	-1.0	-1.0	-1.0	0.0	marker	peace	Peace	25	0418
-68491.53	-54677.115	-104690.79	-18535.364999999998	0.0	0.0	0.0	0.0	0.0	0.0	0.0	0.0	0.0	0.0	0.0	0.0	0.0	0.0	146.13793103448276	0.0	0.040344135	-0.049377315	1.021420725	7.095899999999999	1.64808	-0.85456	3288938.0	1776544968.304071	0.0	1.0	-1.0	-1.0	-1.0	-1.0	-1.0	-1.0	-1.0	-1.0	0.0	marker	peace	Peace	25	0418
-68497.425	-54694.17	-104671.215	-18528.795	0.0	0.0	0.0	0.0	0.0	0.0	0.0	0.0	0.0	0.0	0.0	0.0	0.0	0.0	146.13793103448276	0.0	0.040344135	-0.049377315	1.021420725	7.095899999999999	1.64808	-0.85456	3288939.0	1776544968.308019	0.0	1.0	-1.0	-1.0	-1.0	-1.0	-1.0	-1.0	-1.0	-1.0	0.0	marker	peace	Peace	25	0418
-68475.105	-54691.695	-104674.68	-18528.93	0.0	0.0	0.0	0.0	0.0	0.0	0.0	0.0	0.0	0.0	0.0	0.0	0.0	0.0	146.13793103448276	0.0	0.040344135	-0.049377315	1.021420725	7.095899999999999	1.64808	-0.85456	3288940.0	1776544968.308034	0.0	1.0	-1.0	-1.0	-1.0	-1.0	-1.0	-1.0	-1.0	-1.0	0.0	marker	peace	Peace	25	0418
-68480.955	-54683.865	-104673.555	-18525.015	0.0	0.0	0.0	0.0	0.0	0.0	0.0	0.0	0.0	0.0	0.0	0.0	0.0	0.0	146.13793103448276	0.0	0.040344135	-0.049377315	1.021420725	7.095899999999999	1.64808	-0.85456	3288941.0	1776544968.315502	0.0	1.0	-1.0	-1.0	-1.0	-1.0	-1.0	-1.0	-1.0	-1.0	0.0	marker	peace	Peace	25	0418
-68499.18	-54680.265	-104695.29	-18538.875	0.0	0.0	0.0	0.0	0.0	0.0	0.0	0.0	0.0	0.0	0.0	0.0	0.0	0.0	146.13793103448276	0.0	0.040344135	-0.049377315	1.021420725	7.095899999999999	1.64808	-0.85456	3288942.0	1776544968.315536	0.0	1.0	-1.0	-1.0	-1.0	-1.0	-1.0	-1.0	-1.0	-1.0	0.0	marker	peace	Peace	25	0418
-68491.89	-54679.994999999995	-104722.965	-18540.719999999998	0.0	0.0	0.0	0.0	0.0	0.0	0.0	0.0	0.0	0.0	0.0	0.0	0.0	0.0	146.13793103448276	0.0	0.040344135	-0.049377315	1.021420725	7.095899999999999	1.64808	-0.85456	3288943.0	1776544968.316199	0.0	1.0	-1.0	-1.0	-1.0	-1.0	-1.0	-1.0	-1.0	-1.0	0.0	marker	peace	Peace	25	0418
-68487.885	-54683.505	-104720.22	-18527.94	0.0	0.0	0.0	0.0	0.0	0.0	0.0	0.0	0.0	0.0	0.0	0.0	0.0	0.0	146.13793103448276	0.0	0.040344135	-0.049377315	1.021420725	7.095899999999999	1.64808	-0.85456	3288944.0	1776544968.316703	0.0	1.0	-1.0	-1.0	-1.0	-1.0	-1.0	-1.0	-1.0	-1.0	0.0	marker	peace	Peace	25	0418
-68467.31999999999	-54684.09	-104699.745	-18519.48	0.0	0.0	0.0	0.0	0.0	0.0	0.0	0.0	0.0	0.0	0.0	0.0	0.0	0.0	146.13793103448276	0.0	0.040344135	-0.049377315	1.021420725	7.095899999999999	1.64808	-0.85456	3288945.0	1776544968.320171	0.0	1.0	-1.0	-1.0	-1.0	-1.0	-1.0	-1.0	-1.0	-1.0	0.0	marker	peace	Peace	25	0418
-68477.67	-54689.085	-104690.295	-18521.01	0.0	0.0	0.0	0.0	0.0	0.0	0.0	0.0	0.0	0.0	0.0	0.0	0.0	0.0	146.13793103448276	0.0	0.040344135	-0.049377315	1.021420725	7.095899999999999	1.64808	-0.85456	3288946.0	1776544968.320195	0.0	1.0	-1.0	-1.0	-1.0	-1.0	-1.0	-1.0	-1.0	-1.0	0.0	marker	peace	Peace	25	0418
-68488.47	-54696.195	-104685.525	-18516.915	0.0	0.0	0.0	0.0	0.0	0.0	0.0	0.0	0.0	0.0	0.0	0.0	0.0	0.0	146.13793103448276	0.0	0.036437895	-0.044128305	1.025449035	4.3491	0.39676	-1.31236	3288947.0	1776544968.324393	0.0	1.0	-1.0	-1.0	-1.0	-1.0	-1.0	-1.0	-1.0	-1.0	0.0	marker	peace	Peace	25	0418
-68488.33499999999	-54706.77	-104690.34	-18526.545	0.0	0.0	0.0	0.0	0.0	0.0	0.0	0.0	0.0	0.0	0.0	0.0	0.0	0.0	146.13793103448276	0.0	0.036437895	-0.044128305	1.025449035	4.3491	0.39676	-1.31236	3288948.0	1776544968.324412	0.0	1.0	-1.0	-1.0	-1.0	-1.0	-1.0	-1.0	-1.0	-1.0	0.0	marker	peace	Peace	25	0418
-68464.98	-54705.195	-104672.34	-18508.59	0.0	0.0	0.0	0.0	0.0	0.0	0.0	0.0	0.0	0.0	0.0	0.0	0.0	0.0	146.13793103448276	0.0	0.036437895	-0.044128305	1.025449035	4.3491	0.39676	-1.31236	3288949.0	1776544968.328081	0.0	1.0	-1.0	-1.0	-1.0	-1.0	-1.0	-1.0	-1.0	-1.0	0.0	marker	peace	Peace	25	0418
-68444.595	-54688.5	-104661.855	-18492.255	0.0	0.0	0.0	0.0	0.0	0.0	0.0	0.0	0.0	0.0	0.0	0.0	0.0	0.0	146.13793103448276	0.0	0.036437895	-0.044128305	1.025449035	4.3491	0.39676	-1.31236	3288950.0	1776544968.328092	0.0	1.0	-1.0	-1.0	-1.0	-1.0	-1.0	-1.0	-1.0	-1.0	0.0	marker	peace	Peace	25	0418
-68508.45	-54676.575	-104726.79	-18561.78	0.0	0.0	0.0	0.0	0.0	0.0	0.0	0.0	0.0	0.0	0.0	0.0	0.0	0.0	146.13793103448276	0.0	0.036437895	-0.044128305	1.025449035	4.3491	0.39676	-1.31236	3288951.0	1776544968.332232	0.0	1.0	-1.0	-1.0	-1.0	-1.0	-1.0	-1.0	-1.0	-1.0	0.0	marker	peace	Peace	25	0418
-68534.415	-54673.2	-104746.23	-18569.16	0.0	0.0	0.0	0.0	0.0	0.0	0.0	0.0	0.0	0.0	0.0	0.0	0.0	0.0	146.13793103448276	0.0	0.036437895	-0.044128305	1.025449035	4.3491	0.39676	-1.31236	3288952.0	1776544968.332256	0.0	1.0	-1.0	-1.0	-1.0	-1.0	-1.0	-1.0	-1.0	-1.0	0.0	marker	peace	Peace	25	0418
-68519.11499999999	-54671.625	-104737.905	-18553.815	0.0	0.0	0.0	0.0	0.0	0.0	0.0	0.0	0.0	0.0	0.0	0.0	0.0	0.0	146.13793103448276	0.0	0.036437895	-0.044128305	1.025449035	4.3491	0.39676	-1.31236	3288953.0	1776544968.384215	0.0	1.0	-1.0	-1.0	-1.0	-1.0	-1.0	-1.0	-1.0	-1.0	0.0	marker	peace	Peace	25	0418
-68481.63	-54681.255	-104708.655	-18520.155	0.0	0.0	0.0	0.0	0.0	0.0	0.0	0.0	0.0	0.0	0.0	0.0	0.0	0.0	146.13793103448276	0.0	0.036437895	-0.044128305	1.025449035	4.3491	0.39676	-1.31236	3288954.0	1776544968.384254	0.0	1.0	-1.0	-1.0	-1.0	-1.0	-1.0	-1.0	-1.0	-1.0	0.0	marker	peace	Peace	25	0418
-68447.295	-54689.31	-104657.89499999999	-18500.805	0.0	0.0	0.0	0.0	0.0	0.0	0.0	0.0	0.0	0.0	0.0	0.0	0.0	0.0	146.13793103448276	0.0	0.036437895	-0.044128305	1.025449035	4.3491	0.39676	-1.31236	3288955.0	1776544968.384295	0.0	1.0	-1.0	-1.0	-1.0	-1.0	-1.0	-1.0	-1.0	-1.0	0.0	marker	peace	Peace	25	0418
-68474.7	-54696.24	-104643.315	-18507.375	0.0	0.0	0.0	0.0	0.0	0.0	0.0	0.0	0.0	0.0	0.0	0.0	0.0	0.0	146.13793103448276	0.0	0.036437895	-0.044128305	1.025449035	4.3491	0.39676	-1.31236	3288956.0	1776544968.384315	0.0	1.0	-1.0	-1.0	-1.0	-1.0	-1.0	-1.0	-1.0	-1.0	0.0	marker	peace	Peace	25	0418
-68444.45999999999	-54698.67	-104595.075	-18474.66	0.0	0.0	0.0	0.0	0.0	0.0	0.0	0.0	0.0	0.0	0.0	0.0	0.0	0.0	146.13793103448276	0.0	0.039001365	-0.032531655	1.027402155	1.96854	-0.01526	-0.35097999999999996	3288957.0	1776544968.38434	0.0	1.0	-1.0	-1.0	-1.0	-1.0	-1.0	-1.0	-1.0	-1.0	0.0	marker	peace	Peace	25	0418
-68492.025	-54701.775	-104655.06	-18520.605	0.0	0.0	0.0	0.0	0.0	0.0	0.0	0.0	0.0	0.0	0.0	0.0	0.0	0.0	146.13793103448276	0.0	0.039001365	-0.032531655	1.027402155	1.96854	-0.01526	-0.35097999999999996	3288958.0	1776544968.38436	0.0	1.0	-1.0	-1.0	-1.0	-1.0	-1.0	-1.0	-1.0	-1.0	0.0	marker	peace	Peace	25	0418
-68450.715	-54689.579999999994	-104687.09999999999	-18490.68	0.0	0.0	0.0	0.0	0.0	0.0	0.0	0.0	0.0	0.0	0.0	0.0	0.0	0.0	146.13793103448276	0.0	0.039001365	-0.032531655	1.027402155	1.96854	-0.01526	-0.35097999999999996	3288959.0	1776544968.384384	0.0	1.0	-1.0	-1.0	-1.0	-1.0	-1.0	-1.0	-1.0	-1.0	0.0	marker	peace	Peace	25	0418
-68441.22	-54680.895	-104697.36	-18498.87	0.0	0.0	0.0	0.0	0.0	0.0	0.0	0.0	0.0	0.0	0.0	0.0	0.0	0.0	146.13793103448276	0.0	0.039001365	-0.032531655	1.027402155	1.96854	-0.01526	-0.35097999999999996	3288960.0	1776544968.384395	0.0	1.0	-1.0	-1.0	-1.0	-1.0	-1.0	-1.0	-1.0	-1.0	0.0	marker	peace	Peace	25	0418
-68472.94499999999	-54679.77	-104702.175	-18537.165	0.0	0.0	0.0	0.0	0.0	0.0	0.0	0.0	0.0	0.0	0.0	0.0	0.0	0.0	146.13793103448276	0.0	0.039001365	-0.032531655	1.027402155	1.96854	-0.01526	-0.35097999999999996	3288961.0	1776544968.384412	0.0	1.0	-1.0	-1.0	-1.0	-1.0	-1.0	-1.0	-1.0	-1.0	0.0	marker	peace	Peace	25	0418
-68507.64	-54685.305	-104720.625	-18542.114999999998	0.0	0.0	0.0	0.0	0.0	0.0	0.0	0.0	0.0	0.0	0.0	0.0	0.0	0.0	146.13793103448276	0.0	0.039001365	-0.032531655	1.027402155	1.96854	-0.01526	-0.35097999999999996	3288962.0	1776544968.384422	0.0	1.0	-1.0	-1.0	-1.0	-1.0	-1.0	-1.0	-1.0	-1.0	0.0	marker	peace	Peace	25	0418
-68526.72	-54687.645	-104725.125	-18537.75	0.0	0.0	0.0	0.0	0.0	0.0	0.0	0.0	0.0	0.0	0.0	0.0	0.0	0.0	146.13793103448276	0.0	0.039001365	-0.032531655	1.027402155	1.96854	-0.01526	-0.35097999999999996	3288963.0	1776544968.384435	0.0	1.0	-1.0	-1.0	-1.0	-1.0	-1.0	-1.0	-1.0	-1.0	0.0	marker	peace	Peace	25	0418
-68519.565	-54611.28	-104717.205	-18550.755	0.0	0.0	0.0	0.0	0.0	0.0	0.0	0.0	0.0	0.0	0.0	0.0	0.0	0.0	146.13793103448276	0.0	0.039001365	-0.032531655	1.027402155	1.96854	-0.01526	-0.35097999999999996	3288964.0	1776544968.384446	0.0	1.0	-1.0	-1.0	-1.0	-1.0	-1.0	-1.0	-1.0	-1.0	0.0	marker	peace	Peace	25	0418
-68518.8	-54535.905	-104720.44499999999	-18574.11	0.0	0.0	0.0	0.0	0.0	0.0	0.0	0.0	0.0	0.0	0.0	0.0	0.0	0.0	146.13793103448276	0.0	0.039001365	-0.032531655	1.027402155	1.96854	-0.01526	-0.35097999999999996	3288965.0	1776544968.38446	0.0	1.0	-1.0	-1.0	-1.0	-1.0	-1.0	-1.0	-1.0	-1.0	0.0	marker	peace	Peace	25	0418
-68520.87	-54518.22	-104732.595	-18566.37	0.0	0.0	0.0	0.0	0.0	0.0	0.0	0.0	0.0	0.0	0.0	0.0	0.0	0.0	146.13793103448276	0.0	0.039001365	-0.032531655	1.027402155	1.96854	-0.01526	-0.35097999999999996	3288966.0	1776544968.38447	0.0	1.0	-1.0	-1.0	-1.0	-1.0	-1.0	-1.0	-1.0	-1.0	0.0	marker	peace	Peace	25	0418
-68508.045	-54505.305	-104709.015	-18552.015	0.0	0.0	0.0	0.0	0.0	0.0	0.0	0.0	0.0	0.0	0.0	0.0	0.0	0.0	146.13793103448276	0.0	0.037780665	-0.036071685	1.02966045	1.96854	-0.88508	-0.16785999999999998	3288967.0	1776544968.384483	0.0	1.0	-1.0	-1.0	-1.0	-1.0	-1.0	-1.0	-1.0	-1.0	0.0	marker	peace	Peace	25	0418
-68511.555	-54511.155	-104699.97	-18555.075	0.0	0.0	0.0	0.0	0.0	0.0	0.0	0.0	0.0	0.0	0.0	0.0	0.0	0.0	146.13793103448276	0.0	0.037780665	-0.036071685	1.02966045	1.96854	-0.88508	-0.16785999999999998	3288968.0	1776544968.384493	0.0	1.0	-1.0	-1.0	-1.0	-1.0	-1.0	-1.0	-1.0	-1.0	0.0	marker	peace	Peace	25	0418
-68492.43	-54516.104999999996	-104694.165	-18548.19	0.0	0.0	0.0	0.0	0.0	0.0	0.0	0.0	0.0	0.0	0.0	0.0	0.0	0.0	146.13793103448276	0.0	0.037780665	-0.036071685	1.02966045	1.96854	-0.88508	-0.16785999999999998	3288969.0	1776544968.38593	0.0	1.0	-1.0	-1.0	-1.0	-1.0	-1.0	-1.0	-1.0	-1.0	0.0	marker	peace	Peace	25	0418
-68443.83	-54512.415	-104671.89	-18513.495	0.0	0.0	0.0	0.0	0.0	0.0	0.0	0.0	0.0	0.0	0.0	0.0	0.0	0.0	146.13793103448276	0.0	0.037780665	-0.036071685	1.02966045	1.96854	-0.88508	-0.16785999999999998	3288970.0	1776544968.385972	0.0	1.0	-1.0	-1.0	-1.0	-1.0	-1.0	-1.0	-1.0	-1.0	0.0	marker	peace	Peace	25	0418
-68432.265	-54514.665	-104668.69499999999	-18500.355	0.0	0.0	0.0	0.0	0.0	0.0	0.0	0.0	0.0	0.0	0.0	0.0	0.0	0.0	146.13793103448276	0.0	0.037780665	-0.036071685	1.02966045	1.96854	-0.88508	-0.16785999999999998	3288971.0	1776544968.386012	0.0	1.0	-1.0	-1.0	-1.0	-1.0	-1.0	-1.0	-1.0	-1.0	0.0	marker	peace	Peace	25	0418
-68466.735	-54522.27	-104693.175	-18518.805	0.0	0.0	0.0	0.0	0.0	0.0	0.0	0.0	0.0	0.0	0.0	0.0	0.0	0.0	146.13793103448276	0.0	0.037780665	-0.036071685	1.02966045	1.96854	-0.88508	-0.16785999999999998	3288972.0	1776544968.386033	0.0	1.0	-1.0	-1.0	-1.0	-1.0	-1.0	-1.0	-1.0	-1.0	0.0	marker	peace	Peace	25	0418
-68514.03	-54521.64	-104724.045	-18555.255	0.0	0.0	0.0	0.0	0.0	0.0	0.0	0.0	0.0	0.0	0.0	0.0	0.0	0.0	146.13793103448276	0.0	0.037780665	-0.036071685	1.02966045	1.96854	-0.88508	-0.16785999999999998	3288973.0	1776544968.386058	0.0	1.0	-1.0	-1.0	-1.0	-1.0	-1.0	-1.0	-1.0	-1.0	0.0	marker	peace	Peace	25	0418
-68524.02	-54519.84	-104719.545	-18555.704999999998	0.0	0.0	0.0	0.0	0.0	0.0	0.0	0.0	0.0	0.0	0.0	0.0	0.0	0.0	146.13793103448276	0.0	0.037780665	-0.036071685	1.02966045	1.96854	-0.88508	-0.16785999999999998	3288974.0	1776544968.386078	0.0	1.0	-1.0	-1.0	-1.0	-1.0	-1.0	-1.0	-1.0	-1.0	0.0	marker	peace	Peace	25	0418
-68504.67	-54507.6	-104712.525	-18555.66	0.0	0.0	0.0	0.0	0.0	0.0	0.0	0.0	0.0	0.0	0.0	0.0	0.0	0.0	146.13793103448276	0.0	0.037780665	-0.036071685	1.02966045	1.96854	-0.88508	-0.16785999999999998	3288975.0	1776544968.386148	0.0	1.0	-1.0	-1.0	-1.0	-1.0	-1.0	-1.0	-1.0	-1.0	0.0	marker	peace	Peace	25	0418
-68502.555	-54500.265	-104707.215	-18541.934999999998	0.0	0.0	0.0	0.0	0.0	0.0	0.0	0.0	0.0	0.0	0.0	0.0	0.0	0.0	146.13793103448276	0.0	0.037780665	-0.036071685	1.02966045	1.96854	-0.88508	-0.16785999999999998	3288976.0	1776544968.386166	0.0	1.0	-1.0	-1.0	-1.0	-1.0	-1.0	-1.0	-1.0	-1.0	0.0	marker	peace	Peace	25	0418
-68479.2	-54500.174999999996	-104683.905	-18517.905	0.0	0.0	0.0	0.0	0.0	0.0	0.0	0.0	0.0	0.0	0.0	0.0	0.0	0.0	146.13793103448276	0.0	0.03845205	-0.043273815	1.031186325	4.39488	-1.72438	-1.6633399999999998	3288977.0	1776544968.524808	0.0	1.0	-1.0	-1.0	-1.0	-1.0	-1.0	-1.0	-1.0	-1.0	0.0	marker	peace	Peace	25	0418
-68457.23999999999	-54509.445	-104674.59	-18507.825	0.0	0.0	0.0	0.0	0.0	0.0	0.0	0.0	0.0	0.0	0.0	0.0	0.0	0.0	146.13793103448276	0.0	0.03845205	-0.043273815	1.031186325	4.39488	-1.72438	-1.6633399999999998	3288978.0	1776544968.524834	0.0	1.0	-1.0	-1.0	-1.0	-1.0	-1.0	-1.0	-1.0	-1.0	0.0	marker	peace	Peace	25	0418
-68497.605	-54536.895	-104719.36499999999	-18563.579999999998	0.0	0.0	0.0	0.0	0.0	0.0	0.0	0.0	0.0	0.0	0.0	0.0	0.0	0.0	146.13793103448276	0.0	0.03845205	-0.043273815	1.031186325	4.39488	-1.72438	-1.6633399999999998	3288979.0	1776544968.524899	0.0	1.0	-1.0	-1.0	-1.0	-1.0	-1.0	-1.0	-1.0	-1.0	0.0	marker	peace	Peace	25	0418
-68500.215	-54557.055	-104716.26	-18572.579999999998	0.0	0.0	0.0	0.0	0.0	0.0	0.0	0.0	0.0	0.0	0.0	0.0	0.0	0.0	146.13793103448276	0.0	0.03845205	-0.043273815	1.031186325	4.39488	-1.72438	-1.6633399999999998	3288980.0	1776544968.524908	0.0	1.0	-1.0	-1.0	-1.0	-1.0	-1.0	-1.0	-1.0	-1.0	0.0	marker	peace	Peace	25	0418
-68484.915	-54554.895	-104694.03	-18536.265	0.0	0.0	0.0	0.0	0.0	0.0	0.0	0.0	0.0	0.0	0.0	0.0	0.0	0.0	146.13793103448276	0.0	0.03845205	-0.043273815	1.031186325	4.39488	-1.72438	-1.6633399999999998	3288981.0	1776544968.524955	0.0	1.0	-1.0	-1.0	-1.0	-1.0	-1.0	-1.0	-1.0	-1.0	0.0	marker	peace	Peace	25	0418
-68490.09	-54545.22	-104682.105	-18506.835	0.0	0.0	0.0	0.0	0.0	0.0	0.0	0.0	0.0	0.0	0.0	0.0	0.0	0.0	146.13793103448276	0.0	0.03845205	-0.043273815	1.031186325	4.39488	-1.72438	-1.6633399999999998	3288982.0	1776544968.524962	0.0	1.0	-1.0	-1.0	-1.0	-1.0	-1.0	-1.0	-1.0	-1.0	0.0	marker	peace	Peace	25	0418
-68512.14	-54546.255	-104716.89	-18542.52	0.0	0.0	0.0	0.0	0.0	0.0	0.0	0.0	0.0	0.0	0.0	0.0	0.0	0.0	146.13793103448276	0.0	0.03845205	-0.043273815	1.031186325	4.39488	-1.72438	-1.6633399999999998	3288983.0	1776544968.524977	0.0	1.0	-1.0	-1.0	-1.0	-1.0	-1.0	-1.0	-1.0	-1.0	0.0	marker	peace	Peace	25	0418
-68510.83499999999	-54550.079999999994	-104727.015	-18554.13	0.0	0.0	0.0	0.0	0.0	0.0	0.0	0.0	0.0	0.0	0.0	0.0	0.0	0.0	146.13793103448276	0.0	0.03845205	-0.043273815	1.031186325	4.39488	-1.72438	-1.6633399999999998	3288984.0	1776544968.524984	0.0	1.0	-1.0	-1.0	-1.0	-1.0	-1.0	-1.0	-1.0	-1.0	0.0	marker	peace	Peace	25	0418
-68494.545	-54546.299999999996	-104710.905	-18539.73	0.0	0.0	0.0	0.0	0.0	0.0	0.0	0.0	0.0	0.0	0.0	0.0	0.0	0.0	146.13793103448276	0.0	0.03845205	-0.043273815	1.031186325	4.39488	-1.72438	-1.6633399999999998	3288985.0	1776544968.525038	0.0	1.0	-1.0	-1.0	-1.0	-1.0	-1.0	-1.0	-1.0	-1.0	0.0	marker	peace	Peace	25	0418
-68466.06	-54543.104999999996	-104686.33499999999	-18517.68	0.0	0.0	0.0	0.0	0.0	0.0	0.0	0.0	0.0	0.0	0.0	0.0	0.0	0.0	146.13793103448276	0.0	0.03845205	-0.043273815	1.031186325	4.39488	-1.72438	-1.6633399999999998	3288986.0	1776544968.525047	0.0	1.0	-1.0	-1.0	-1.0	-1.0	-1.0	-1.0	-1.0	-1.0	0.0	marker	peace	Peace	25	0418
-68445.135	-54547.424999999996	-104657.67	-18489.735	0.0	0.0	0.0	0.0	0.0	0.0	0.0	0.0	0.0	0.0	0.0	0.0	0.0	0.0	146.13793103448276	0.0	0.036926175	-0.04187001	1.02697491	4.3338399999999995	-2.86888	-1.2207999999999999	3288987.0	1776544968.525082	0.0	1.0	-1.0	-1.0	-1.0	-1.0	-1.0	-1.0	-1.0	-1.0	0.0	marker	peace	Peace	25	0418
-68469.84	-54555.345	-104672.7	-18506.07	0.0	0.0	0.0	0.0	0.0	0.0	0.0	0.0	0.0	0.0	0.0	0.0	0.0	0.0	146.13793103448276	0.0	0.036926175	-0.04187001	1.02697491	4.3338399999999995	-2.86888	-1.2207999999999999	3288988.0	1776544968.52509	0.0	1.0	-1.0	-1.0	-1.0	-1.0	-1.0	-1.0	-1.0	-1.0	0.0	marker	peace	Peace	25	0418
-68459.58	-54559.845	-104668.515	-18511.875	0.0	0.0	0.0	0.0	0.0	0.0	0.0	0.0	0.0	0.0	0.0	0.0	0.0	0.0	146.13793103448276	0.0	0.036926175	-0.04187001	1.02697491	4.3338399999999995	-2.86888	-1.2207999999999999	3288989.0	1776544968.52511	0.0	1.0	-1.0	-1.0	-1.0	-1.0	-1.0	-1.0	-1.0	-1.0	0.0	marker	peace	Peace	25	0418
-68527.08	-54565.695	-104731.37999999999	-18570.015	0.0	0.0	0.0	0.0	0.0	0.0	0.0	0.0	0.0	0.0	0.0	0.0	0.0	0.0	146.13793103448276	0.0	0.036926175	-0.04187001	1.02697491	4.3338399999999995	-2.86888	-1.2207999999999999	3288990.0	1776544968.525118	0.0	1.0	-1.0	-1.0	-1.0	-1.0	-1.0	-1.0	-1.0	-1.0	0.0	marker	peace	Peace	25	0418
-68522.805	-54568.439999999995	-104721.435	-18551.52	0.0	0.0	0.0	0.0	0.0	0.0	0.0	0.0	0.0	0.0	0.0	0.0	0.0	0.0	146.13793103448276	0.0	0.036926175	-0.04187001	1.02697491	4.3338399999999995	-2.86888	-1.2207999999999999	3288991.0	1776544968.525128	0.0	1.0	-1.0	-1.0	-1.0	-1.0	-1.0	-1.0	-1.0	-1.0	0.0	marker	peace	Peace	25	0418
-68486.175	-54562.545	-104692.095	-18522.405	0.0	0.0	0.0	0.0	0.0	0.0	0.0	0.0	0.0	0.0	0.0	0.0	0.0	0.0	146.13793103448276	0.0	0.036926175	-0.04187001	1.02697491	4.3338399999999995	-2.86888	-1.2207999999999999	3288992.0	1776544968.525135	0.0	1.0	-1.0	-1.0	-1.0	-1.0	-1.0	-1.0	-1.0	-1.0	0.0	marker	peace	Peace	25	0418
-68470.73999999999	-54564.479999999996	-104685.165	-18520.02	0.0	0.0	0.0	0.0	0.0	0.0	0.0	0.0	0.0	0.0	0.0	0.0	0.0	0.0	146.13793103448276	0.0	0.036926175	-0.04187001	1.02697491	4.3338399999999995	-2.86888	-1.2207999999999999	3288993.0	1776544968.525159	0.0	1.0	-1.0	-1.0	-1.0	-1.0	-1.0	-1.0	-1.0	-1.0	0.0	marker	peace	Peace	25	0418
-68456.16	-54570.825	-104658.345	-18492.434999999998	0.0	0.0	0.0	0.0	0.0	0.0	0.0	0.0	0.0	0.0	0.0	0.0	0.0	0.0	146.13793103448276	0.0	0.036926175	-0.04187001	1.02697491	4.3338399999999995	-2.86888	-1.2207999999999999	3288994.0	1776544968.525166	0.0	1.0	-1.0	-1.0	-1.0	-1.0	-1.0	-1.0	-1.0	-1.0	0.0	marker	peace	Peace	25	0418
-68406.795	-54581.22	-104614.515	-18460.575	0.0	0.0	0.0	0.0	0.0	0.0	0.0	0.0	0.0	0.0	0.0	0.0	0.0	0.0	146.13793103448276	0.0	0.036926175	-0.04187001	1.02697491	4.3338399999999995	-2.86888	-1.2207999999999999	3288995.0	1776544968.525176	0.0	1.0	-1.0	-1.0	-1.0	-1.0	-1.0	-1.0	-1.0	-1.0	0.0	marker	peace	Peace	25	0418
-68409.0	-54586.845	-104640.795	-18501.344999999998	0.0	0.0	0.0	0.0	0.0	0.0	0.0	0.0	0.0	0.0	0.0	0.0	0.0	0.0	146.13793103448276	0.0	0.036926175	-0.04187001	1.02697491	4.3338399999999995	-2.86888	-1.2207999999999999	3288996.0	1776544968.525184	0.0	1.0	-1.0	-1.0	-1.0	-1.0	-1.0	-1.0	-1.0	-1.0	0.0	marker	peace	Peace	25	0418
-68512.77	-54603.54	-104706.94499999999	-18562.68	0.0	0.0	0.0	0.0	0.0	0.0	0.0	0.0	0.0	0.0	0.0	0.0	0.0	0.0	146.13793103448276	0.0	0.0415038	-0.037719630000000004	1.01550033	4.10494	-1.9075	-0.09156	3288997.0	1776544968.525194	0.0	1.0	-1.0	-1.0	-1.0	-1.0	-1.0	-1.0	-1.0	-1.0	0.0	marker	peace	Peace	25	0418
-68527.44	-54608.534999999996	-104710.68	-18548.415	0.0	0.0	0.0	0.0	0.0	0.0	0.0	0.0	0.0	0.0	0.0	0.0	0.0	0.0	146.13793103448276	0.0	0.0415038	-0.037719630000000004	1.01550033	4.10494	-1.9075	-0.09156	3288998.0	1776544968.525201	0.0	1.0	-1.0	-1.0	-1.0	-1.0	-1.0	-1.0	-1.0	-1.0	0.0	marker	peace	Peace	25	0418
-68511.78	-54608.985	-104705.14499999999	-18541.395	0.0	0.0	0.0	0.0	0.0	0.0	0.0	0.0	0.0	0.0	0.0	0.0	0.0	0.0	146.13793103448276	0.0	0.0415038	-0.037719630000000004	1.01550033	4.10494	-1.9075	-0.09156	3288999.0	1776544968.525211	0.0	1.0	-1.0	-1.0	-1.0	-1.0	-1.0	-1.0	-1.0	-1.0	0.0	marker	peace	Peace	25	0418
-68506.155	-54598.229999999996	-104716.53	-18551.024999999998	0.0	0.0	0.0	0.0	0.0	0.0	0.0	0.0	0.0	0.0	0.0	0.0	0.0	0.0	146.13793103448276	0.0	0.0415038	-0.037719630000000004	1.01550033	4.10494	-1.9075	-0.09156	3289000.0	1776544968.525218	0.0	1.0	-1.0	-1.0	-1.0	-1.0	-1.0	-1.0	-1.0	-1.0	0.0	marker	peace	Peace	25	0418
-68477.4	-54580.59	-104675.4	-18523.62	0.0	0.0	0.0	0.0	0.0	0.0	0.0	0.0	0.0	0.0	0.0	0.0	0.0	0.0	146.13793103448276	0.0	0.0415038	-0.037719630000000004	1.01550033	4.10494	-1.9075	-0.09156	3289001.0	1776544968.525229	0.0	1.0	-1.0	-1.0	-1.0	-1.0	-1.0	-1.0	-1.0	-1.0	0.0	marker	peace	Peace	25	0418
-68481.135	-54569.835	-104668.56	-18513.855	0.0	0.0	0.0	0.0	0.0	0.0	0.0	0.0	0.0	0.0	0.0	0.0	0.0	0.0	146.13793103448276	0.0	0.0415038	-0.037719630000000004	1.01550033	4.10494	-1.9075	-0.09156	3289002.0	1776544968.525236	0.0	1.0	-1.0	-1.0	-1.0	-1.0	-1.0	-1.0	-1.0	-1.0	0.0	marker	peace	Peace	25	0418
-68505.12	-54572.04	-104699.11499999999	-18544.454999999998	0.0	0.0	0.0	0.0	0.0	0.0	0.0	0.0	0.0	0.0	0.0	0.0	0.0	0.0	146.13793103448276	0.0	0.0415038	-0.037719630000000004	1.01550033	4.10494	-1.9075	-0.09156	3289003.0	1776544968.525246	0.0	1.0	-1.0	-1.0	-1.0	-1.0	-1.0	-1.0	-1.0	-1.0	0.0	marker	peace	Peace	25	0418
-68485.5	-54584.325	-104702.44499999999	-18542.745	0.0	0.0	0.0	0.0	0.0	0.0	0.0	0.0	0.0	0.0	0.0	0.0	0.0	0.0	146.13793103448276	0.0	0.0415038	-0.037719630000000004	1.01550033	4.10494	-1.9075	-0.09156	3289004.0	1776544968.525253	0.0	1.0	-1.0	-1.0	-1.0	-1.0	-1.0	-1.0	-1.0	-1.0	0.0	marker	peace	Peace	25	0418
-68488.11	-54592.92	-104709.87	-18534.915	0.0	0.0	0.0	0.0	0.0	0.0	0.0	0.0	0.0	0.0	0.0	0.0	0.0	0.0	146.13793103448276	0.0	0.0415038	-0.037719630000000004	1.01550033	4.10494	-1.9075	-0.09156	3289005.0	1776544968.525262	0.0	1.0	-1.0	-1.0	-1.0	-1.0	-1.0	-1.0	-1.0	-1.0	0.0	marker	peace	Peace	25	0418
-68497.245	-54602.369999999995	-104711.625	-18553.41	0.0	0.0	0.0	0.0	0.0	0.0	0.0	0.0	0.0	0.0	0.0	0.0	0.0	0.0	146.13793103448276	0.0	0.0415038	-0.037719630000000004	1.01550033	4.10494	-1.9075	-0.09156	3289006.0	1776544968.52527	0.0	1.0	-1.0	-1.0	-1.0	-1.0	-1.0	-1.0	-1.0	-1.0	0.0	marker	peace	Peace	25	0418
-68546.52	-54611.055	-104740.29	-18593.594999999998	0.0	0.0	0.0	0.0	0.0	0.0	0.0	0.0	0.0	0.0	0.0	0.0	0.0	0.0	146.13793103448276	0.0	0.05566392	-0.036071685	1.006650255	2.92992	-0.32045999999999997	0.9003399999999999	3289007.0	1776544968.525279	0.0	1.0	-1.0	-1.0	-1.0	-1.0	-1.0	-1.0	-1.0	-1.0	0.0	marker	peace	Peace	25	0418
-68537.43	-54603.72	-104723.14499999999	-18573.704999999998	0.0	0.0	0.0	0.0	0.0	0.0	0.0	0.0	0.0	0.0	0.0	0.0	0.0	0.0	146.13793103448276	0.0	0.05566392	-0.036071685	1.006650255	2.92992	-0.32045999999999997	0.9003399999999999	3289008.0	1776544968.525312	0.0	1.0	-1.0	-1.0	-1.0	-1.0	-1.0	-1.0	-1.0	-1.0	0.0	marker	peace	Peace	25	0418
-68487.795	-54596.34	-104697.0	-18537.165	0.0	0.0	0.0	0.0	0.0	0.0	0.0	0.0	0.0	0.0	0.0	0.0	0.0	0.0	146.13793103448276	0.0	0.05566392	-0.036071685	1.006650255	2.92992	-0.32045999999999997	0.9003399999999999	3289009.0	1776544968.525325	0.0	1.0	-1.0	-1.0	-1.0	-1.0	-1.0	-1.0	-1.0	-1.0	0.0	marker	peace	Peace	25	0418
-68461.02	-54599.939999999995	-104683.23	-18518.895	0.0	0.0	0.0	0.0	0.0	0.0	0.0	0.0	0.0	0.0	0.0	0.0	0.0	0.0	146.13793103448276	0.0	0.05566392	-0.036071685	1.006650255	2.92992	-0.32045999999999997	0.9003399999999999	3289010.0	1776544968.525333	0.0	1.0	-1.0	-1.0	-1.0	-1.0	-1.0	-1.0	-1.0	-1.0	0.0	marker	peace	Peace	25	0418
-68466.33	-54610.29	-104704.965	-18529.29	0.0	0.0	0.0	0.0	0.0	0.0	0.0	0.0	0.0	0.0	0.0	0.0	0.0	0.0	146.13793103448276	0.0	0.05566392	-0.036071685	1.006650255	2.92992	-0.32045999999999997	0.9003399999999999	3289011.0	1776544968.525342	0.0	1.0	-1.0	-1.0	-1.0	-1.0	-1.0	-1.0	-1.0	-1.0	0.0	marker	peace	Peace	25	0418
-68496.3	-54617.579999999994	-104700.015	-18535.77	0.0	0.0	0.0	0.0	0.0	0.0	0.0	0.0	0.0	0.0	0.0	0.0	0.0	0.0	146.13793103448276	0.0	0.05566392	-0.036071685	1.006650255	2.92992	-0.32045999999999997	0.9003399999999999	3289012.0	1776544968.525349	0.0	1.0	-1.0	-1.0	-1.0	-1.0	-1.0	-1.0	-1.0	-1.0	0.0	marker	peace	Peace	25	0418
-68492.06999999999	-54626.4	-104684.31	-18531.54	0.0	0.0	0.0	0.0	0.0	0.0	0.0	0.0	0.0	0.0	0.0	0.0	0.0	0.0	146.13793103448276	0.0	0.05566392	-0.036071685	1.006650255	2.92992	-0.32045999999999997	0.9003399999999999	3289013.0	1776544968.525359	0.0	1.0	-1.0	-1.0	-1.0	-1.0	-1.0	-1.0	-1.0	-1.0	0.0	marker	peace	Peace	25	0418
-68487.66	-54629.909999999996	-104692.36499999999	-18525.465	0.0	0.0	0.0	0.0	0.0	0.0	0.0	0.0	0.0	0.0	0.0	0.0	0.0	0.0	146.13793103448276	0.0	0.05566392	-0.036071685	1.006650255	2.92992	-0.32045999999999997	0.9003399999999999	3289014.0	1776544968.525366	0.0	1.0	-1.0	-1.0	-1.0	-1.0	-1.0	-1.0	-1.0	-1.0	0.0	marker	peace	Peace	25	0418
-68496.165	-54628.064999999995	-104702.76	-18540.09	0.0	0.0	0.0	0.0	0.0	0.0	0.0	0.0	0.0	0.0	0.0	0.0	0.0	0.0	146.13793103448276	0.0	0.05566392	-0.036071685	1.006650255	2.92992	-0.32045999999999997	0.9003399999999999	3289015.0	1776544968.525375	0.0	1.0	-1.0	-1.0	-1.0	-1.0	-1.0	-1.0	-1.0	-1.0	0.0	marker	peace	Peace	25	0418
-68476.995	-54615.284999999996	-104691.375	-18532.755	0.0	0.0	0.0	0.0	0.0	0.0	0.0	0.0	0.0	0.0	0.0	0.0	0.0	0.0	146.13793103448276	0.0	0.05566392	-0.036071685	1.006650255	2.92992	-0.32045999999999997	0.9003399999999999	3289016.0	1776544968.525382	0.0	1.0	-1.0	-1.0	-1.0	-1.0	-1.0	-1.0	-1.0	-1.0	0.0	marker	peace	Peace	25	0418
-68445.98999999999	-54608.715	-104665.545	-18501.704999999998	0.0	0.0	0.0	0.0	0.0	0.0	0.0	0.0	0.0	0.0	0.0	0.0	0.0	0.0	146.13793103448276	0.0	0.06079086	-0.035705475	0.99889881	2.0448399999999998	1.78542	0.41202	3289017.0	1776544968.525392	0.0	1.0	-1.0	-1.0	-1.0	-1.0	-1.0	-1.0	-1.0	-1.0	0.0	marker	peace	Peace	25	0418
-68450.805	-54619.064999999995	-104671.39499999999	-18503.82	0.0	0.0	0.0	0.0	0.0	0.0	0.0	0.0	0.0	0.0	0.0	0.0	0.0	0.0	146.13793103448276	0.0	0.06079086	-0.035705475	0.99889881	2.0448399999999998	1.78542	0.41202	3289018.0	1776544968.525399	0.0	1.0	-1.0	-1.0	-1.0	-1.0	-1.0	-1.0	-1.0	-1.0	0.0	marker	peace	Peace	25	0418
-68472.0	-54645.119999999995	-104691.69	-18535.184999999998	0.0	0.0	0.0	0.0	0.0	0.0	0.0	0.0	0.0	0.0	0.0	0.0	0.0	0.0	146.13793103448276	0.0	0.06079086	-0.035705475	0.99889881	2.0448399999999998	1.78542	0.41202	3289019.0	1776544968.525409	0.0	1.0	-1.0	-1.0	-1.0	-1.0	-1.0	-1.0	-1.0	-1.0	0.0	marker	peace	Peace	25	0418
-68473.485	-54651.329999999994	-104665.05	-18505.62	0.0	0.0	0.0	0.0	0.0	0.0	0.0	0.0	0.0	0.0	0.0	0.0	0.0	0.0	146.13793103448276	0.0	0.06079086	-0.035705475	0.99889881	2.0448399999999998	1.78542	0.41202	3289020.0	1776544968.525416	0.0	1.0	-1.0	-1.0	-1.0	-1.0	-1.0	-1.0	-1.0	-1.0	0.0	marker	peace	Peace	25	0418
-68421.69	-54664.784999999996	-104624.415	-18472.545	0.0	0.0	0.0	0.0	0.0	0.0	0.0	0.0	0.0	0.0	0.0	0.0	0.0	0.0	146.13793103448276	0.0	0.06079086	-0.035705475	0.99889881	2.0448399999999998	1.78542	0.41202	3289021.0	1776544968.525425	0.0	1.0	-1.0	-1.0	-1.0	-1.0	-1.0	-1.0	-1.0	-1.0	0.0	marker	peace	Peace	25	0418
-68513.805	-54672.615	-104679.765	-18547.829999999998	0.0	0.0	0.0	0.0	0.0	0.0	0.0	0.0	0.0	0.0	0.0	0.0	0.0	0.0	146.13793103448276	0.0	0.06079086	-0.035705475	0.99889881	2.0448399999999998	1.78542	0.41202	3289022.0	1776544968.525432	0.0	1.0	-1.0	-1.0	-1.0	-1.0	-1.0	-1.0	-1.0	-1.0	0.0	marker	peace	Peace	25	0418
-68509.845	-54661.095	-104668.065	-18533.655	0.0	0.0	0.0	0.0	0.0	0.0	0.0	0.0	0.0	0.0	0.0	0.0	0.0	0.0	146.13793103448276	0.0	0.06079086	-0.035705475	0.99889881	2.0448399999999998	1.78542	0.41202	3289023.0	1776544968.525442	0.0	1.0	-1.0	-1.0	-1.0	-1.0	-1.0	-1.0	-1.0	-1.0	0.0	marker	peace	Peace	25	0418
-68478.61499999999	-54652.68	-104666.985	-18517.905	0.0	0.0	0.0	0.0	0.0	0.0	0.0	0.0	0.0	0.0	0.0	0.0	0.0	0.0	146.13793103448276	0.0	0.06079086	-0.035705475	0.99889881	2.0448399999999998	1.78542	0.41202	3289024.0	1776544968.525449	0.0	1.0	-1.0	-1.0	-1.0	-1.0	-1.0	-1.0	-1.0	-1.0	0.0	marker	peace	Peace	25	0418
-68515.785	-54654.479999999996	-104757.56999999999	-18581.715	0.0	0.0	0.0	0.0	0.0	0.0	0.0	0.0	0.0	0.0	0.0	0.0	0.0	0.0	146.13793103448276	0.0	0.06079086	-0.035705475	0.99889881	2.0448399999999998	1.78542	0.41202	3289025.0	1776544968.525459	0.0	1.0	-1.0	-1.0	-1.0	-1.0	-1.0	-1.0	-1.0	-1.0	0.0	marker	peace	Peace	25	0418
-68503.86	-54655.155	-104759.90999999999	-18592.29	0.0	0.0	0.0	0.0	0.0	0.0	0.0	0.0	0.0	0.0	0.0	0.0	0.0	0.0	146.13793103448276	0.0	0.06079086	-0.035705475	0.99889881	2.0448399999999998	1.78542	0.41202	3289026.0	1776544968.525466	0.0	1.0	-1.0	-1.0	-1.0	-1.0	-1.0	-1.0	-1.0	-1.0	0.0	marker	peace	Peace	25	0418
-68487.705	-54657.765	-104723.50499999999	-18567.045	0.0	0.0	0.0	0.0	0.0	0.0	0.0	0.0	0.0	0.0	0.0	0.0	0.0	0.0	146.13793103448276	0.0	0.059631195	-0.036804105000000004	0.99523671	5.7988	3.31142	0.32045999999999997	3289027.0	1776544968.525475	0.0	1.0	-1.0	-1.0	-1.0	-1.0	-1.0	-1.0	-1.0	-1.0	0.0	marker	peace	Peace	25	0418
-68492.16	-54668.7	-104710.31999999999	-18540.135	0.0	0.0	0.0	0.0	0.0	0.0	0.0	0.0	0.0	0.0	0.0	0.0	0.0	0.0	146.13793103448276	0.0	0.059631195	-0.036804105000000004	0.99523671	5.7988	3.31142	0.32045999999999997	3289028.0	1776544968.525505	0.0	1.0	-1.0	-1.0	-1.0	-1.0	-1.0	-1.0	-1.0	-1.0	0.0	marker	peace	Peace	25	0418
-68495.94	-54678.15	-104701.545	-18536.895	0.0	0.0	0.0	0.0	0.0	0.0	0.0	0.0	0.0	0.0	0.0	0.0	0.0	0.0	146.13793103448276	0.0	0.059631195	-0.036804105000000004	0.99523671	5.7988	3.31142	0.32045999999999997	3289029.0	1776544968.525516	0.0	1.0	-1.0	-1.0	-1.0	-1.0	-1.0	-1.0	-1.0	-1.0	0.0	marker	peace	Peace	25	0418
-68487.255	-54676.53	-104678.90999999999	-18521.774999999998	0.0	0.0	0.0	0.0	0.0	0.0	0.0	0.0	0.0	0.0	0.0	0.0	0.0	0.0	146.13793103448276	0.0	0.059631195	-0.036804105000000004	0.99523671	5.7988	3.31142	0.32045999999999997	3289030.0	1776544968.525523	0.0	1.0	-1.0	-1.0	-1.0	-1.0	-1.0	-1.0	-1.0	-1.0	0.0	marker	peace	Peace	25	0418
-68496.48	-54683.369999999995	-104692.95	-18527.625	0.0	0.0	0.0	0.0	0.0	0.0	0.0	0.0	0.0	0.0	0.0	0.0	0.0	0.0	146.13793103448276	0.0	0.059631195	-0.036804105000000004	0.99523671	5.7988	3.31142	0.32045999999999997	3289031.0	1776544968.525533	0.0	1.0	-1.0	-1.0	-1.0	-1.0	-1.0	-1.0	-1.0	-1.0	0.0	marker	peace	Peace	25	0418
-68486.895	-54680.174999999996	-104687.37	-18520.11	0.0	0.0	0.0	0.0	0.0	0.0	0.0	0.0	0.0	0.0	0.0	0.0	0.0	0.0	146.13793103448276	0.0	0.059631195	-0.036804105000000004	0.99523671	5.7988	3.31142	0.32045999999999997	3289032.0	1776544968.52554	0.0	1.0	-1.0	-1.0	-1.0	-1.0	-1.0	-1.0	-1.0	-1.0	0.0	marker	peace	Peace	25	0418
-68511.78	-54666.945	-104692.68	-18529.155	0.0	0.0	0.0	0.0	0.0	0.0	0.0	0.0	0.0	0.0	0.0	0.0	0.0	0.0	146.13793103448276	0.0	0.059631195	-0.036804105000000004	0.99523671	5.7988	3.31142	0.32045999999999997	3289033.0	1776544968.525549	0.0	1.0	-1.0	-1.0	-1.0	-1.0	-1.0	-1.0	-1.0	-1.0	0.0	marker	peace	Peace	25	0418
-68446.8	-54659.924999999996	-104654.34	-18498.42	0.0	0.0	0.0	0.0	0.0	0.0	0.0	0.0	0.0	0.0	0.0	0.0	0.0	0.0	146.13793103448276	0.0	0.059631195	-0.036804105000000004	0.99523671	5.7988	3.31142	0.32045999999999997	3289034.0	1776544968.525556	0.0	1.0	-1.0	-1.0	-1.0	-1.0	-1.0	-1.0	-1.0	-1.0	0.0	marker	peace	Peace	25	0418
-68446.26	-54660.6	-104672.79	-18526.59	0.0	0.0	0.0	0.0	0.0	0.0	0.0	0.0	0.0	0.0	0.0	0.0	0.0	0.0	146.13793103448276	0.0	0.059631195	-0.036804105000000004	0.99523671	5.7988	3.31142	0.32045999999999997	3289035.0	1776544968.525565	0.0	1.0	-1.0	-1.0	-1.0	-1.0	-1.0	-1.0	-1.0	-1.0	0.0	marker	peace	Peace	25	0418
-68532.795	-54664.335	-104761.62	-18584.01	0.0	0.0	0.0	0.0	0.0	0.0	0.0	0.0	0.0	0.0	0.0	0.0	0.0	0.0	146.13793103448276	0.0	0.059631195	-0.036804105000000004	0.99523671	5.7988	3.31142	0.32045999999999997	3289036.0	1776544968.525572	0.0	1.0	-1.0	-1.0	-1.0	-1.0	-1.0	-1.0	-1.0	-1.0	0.0	marker	peace	Peace	25	0418
-68497.38	-54667.439999999995	-104720.625	-18541.44	0.0	0.0	0.0	0.0	0.0	0.0	0.0	0.0	0.0	0.0	0.0	0.0	0.0	0.0	146.13793103448276	0.0	0.05749497	-0.035583405	0.994809465	10.056339999999999	5.0358	1.95328	3289037.0	1776544968.525582	0.0	1.0	-1.0	-1.0	-1.0	-1.0	-1.0	-1.0	-1.0	-1.0	0.0	marker	peace	Peace	25	0418
-68433.255	-54668.97	-104662.89	-18498.329999999998	0.0	0.0	0.0	0.0	0.0	0.0	0.0	0.0	0.0	0.0	0.0	0.0	0.0	0.0	146.13793103448276	0.0	0.05749497	-0.035583405	0.994809465	10.056339999999999	5.0358	1.95328	3289038.0	1776544968.525589	0.0	1.0	-1.0	-1.0	-1.0	-1.0	-1.0	-1.0	-1.0	-1.0	0.0	marker	peace	Peace	25	0418
-68465.385	-54671.715	-104684.58	-18516.195	0.0	0.0	0.0	0.0	0.0	0.0	0.0	0.0	0.0	0.0	0.0	0.0	0.0	0.0	146.13793103448276	0.0	0.05749497	-0.035583405	0.994809465	10.056339999999999	5.0358	1.95328	3289039.0	1776544968.525598	0.0	1.0	-1.0	-1.0	-1.0	-1.0	-1.0	-1.0	-1.0	-1.0	0.0	marker	peace	Peace	25	0418
-68466.735	-54678.915	-104657.805	-18490.364999999998	0.0	0.0	0.0	0.0	0.0	0.0	0.0	0.0	0.0	0.0	0.0	0.0	0.0	0.0	146.13793103448276	0.0	0.05749497	-0.035583405	0.994809465	10.056339999999999	5.0358	1.95328	3289040.0	1776544968.525605	0.0	1.0	-1.0	-1.0	-1.0	-1.0	-1.0	-1.0	-1.0	-1.0	0.0	marker	peace	Peace	25	0418
-68466.735	-54678.915	-104657.805	-18490.364999999998	0.0	0.0	0.0	0.0	0.0	0.0	0.0	0.0	0.0	0.0	0.0	0.0	0.0	0.0	146.13793103448276	0.0	0.05749497	-0.035583405	0.994809465	10.056339999999999	5.0358	1.95328	3289041.0	1776544968.525614	0.0	1.0	-1.0	-1.0	-1.0	-1.0	-1.0	-1.0	-1.0	-1.0	0.0	marker	peace	Peace	25	0418
-68466.735	-54678.915	-104657.805	-18490.364999999998	0.0	0.0	0.0	0.0	0.0	0.0	0.0	0.0	0.0	0.0	0.0	0.0	0.0	0.0	146.13793103448276	0.0	0.05749497	-0.035583405	0.994809465	10.056339999999999	5.0358	1.95328	3289042.0	1776544968.525621	0.0	1.0	-1.0	-1.0	-1.0	-1.0	-1.0	-1.0	-1.0	-1.0	0.0	marker	peace	Peace	25	0418
-68466.735	-54678.915	-104657.805	-18490.364999999998	0.0	0.0	0.0	0.0	0.0	0.0	0.0	0.0	0.0	0.0	0.0	0.0	0.0	0.0	146.13793103448276	0.0	0.05749497	-0.035583405	0.994809465	10.056339999999999	5.0358	1.95328	3289043.0	1776544968.525627	0.0	1.0	-1.0	-1.0	-1.0	-1.0	-1.0	-1.0	-1.0	-1.0	0.0	marker	peace	Peace	25	0418
-68466.735	-54678.915	-104657.805	-18490.364999999998	0.0	0.0	0.0	0.0	0.0	0.0	0.0	0.0	0.0	0.0	0.0	0.0	0.0	0.0	146.13793103448276	0.0	0.05749497	-0.035583405	0.994809465	10.056339999999999	5.0358	1.95328	3289044.0	1776544968.525632	0.0	1.0	-1.0	-1.0	-1.0	-1.0	-1.0	-1.0	-1.0	-1.0	0.0	marker	peace	Peace	25	0418
-68466.735	-54678.915	-104657.805	-18490.364999999998	0.0	0.0	0.0	0.0	0.0	0.0	0.0	0.0	0.0	0.0	0.0	0.0	0.0	0.0	146.13793103448276	0.0	0.05749497	-0.035583405	0.994809465	10.056339999999999	5.0358	1.95328	3289045.0	1776544968.525638	0.0	1.0	-1.0	-1.0	-1.0	-1.0	-1.0	-1.0	-1.0	-1.0	0.0	marker	peace	Peace	25	0418
-68466.735	-54678.915	-104657.805	-18490.364999999998	0.0	0.0	0.0	0.0	0.0	0.0	0.0	0.0	0.0	0.0	0.0	0.0	0.0	0.0	146.13793103448276	0.0	0.05749497	-0.035583405	0.994809465	10.056339999999999	5.0358	1.95328	3289046.0	1776544968.525644	0.0	1.0	-1.0	-1.0	-1.0	-1.0	-1.0	-1.0	-1.0	-1.0	0.0	marker	peace	Peace	25	0418
-68466.735	-54678.915	-104657.805	-18490.364999999998	0.0	0.0	0.0	0.0	0.0	0.0	0.0	0.0	0.0	0.0	0.0	0.0	0.0	0.0	146.13793103448276	0.0	0.05749497	-0.035583405	0.994809465	10.056339999999999	5.0358	1.95328	3289047.0	1776544968.52565	0.0	1.0	-1.0	-1.0	-1.0	-1.0	-1.0	-1.0	-1.0	-1.0	0.0	marker	peace	Peace	25	0418
-68466.735	-54678.915	-104657.805	-18490.364999999998	0.0	0.0	0.0	0.0	0.0	0.0	0.0	0.0	0.0	0.0	0.0	0.0	0.0	0.0	146.13793103448276	0.0	0.05749497	-0.035583405	0.994809465	10.056339999999999	5.0358	1.95328	3289048.0	1776544968.525656	0.0	1.0	-1.0	-1.0	-1.0	-1.0	-1.0	-1.0	-1.0	-1.0	0.0	marker	peace	Peace	25	0418
-68496.3	-54705.195	-104731.73999999999	-18551.88	0.0	0.0	0.0	0.0	0.0	0.0	0.0	0.0	0.0	0.0	0.0	0.0	0.0	0.0	146.13793103448276	0.0	0.049255245	-0.022888125	1.00024158	-0.77826	5.85984	3.3266799999999996	3289051.0	1776544968.533874	0.0	1.0	-1.0	-1.0	-1.0	-1.0	-1.0	-1.0	-1.0	-1.0	0.0	marker	peace	Peace	25	0418
-68499.98999999999	-54713.564999999995	-104731.875	-18560.16	0.0	0.0	0.0	0.0	0.0	0.0	0.0	0.0	0.0	0.0	0.0	0.0	0.0	0.0	146.13793103448276	0.0	0.049255245	-0.022888125	1.00024158	-0.77826	5.85984	3.3266799999999996	3289052.0	1776544968.533895	0.0	1.0	-1.0	-1.0	-1.0	-1.0	-1.0	-1.0	-1.0	-1.0	0.0	marker	peace	Peace	25	0418
-68505.435	-54721.53	-104727.59999999999	-18559.62	0.0	0.0	0.0	0.0	0.0	0.0	0.0	0.0	0.0	0.0	0.0	0.0	0.0	0.0	146.13793103448276	0.0	0.049255245	-0.022888125	1.00024158	-0.77826	5.85984	3.3266799999999996	3289053.0	1776544968.536793	0.0	1.0	-1.0	-1.0	-1.0	-1.0	-1.0	-1.0	-1.0	-1.0	0.0	marker	peace	Peace	25	0418
-68505.435	-54721.305	-104720.12999999999	-18552.915	0.0	0.0	0.0	0.0	0.0	0.0	0.0	0.0	0.0	0.0	0.0	0.0	0.0	0.0	146.13793103448276	0.0	0.049255245	-0.022888125	1.00024158	-0.77826	5.85984	3.3266799999999996	3289054.0	1776544968.536816	0.0	1.0	-1.0	-1.0	-1.0	-1.0	-1.0	-1.0	-1.0	-1.0	0.0	marker	peace	Peace	25	0418
-68488.56	-54741.329999999994	-104693.94	-18527.895	0.0	0.0	0.0	0.0	0.0	0.0	0.0	0.0	0.0	0.0	0.0	0.0	0.0	0.0	146.13793103448276	0.0	0.049255245	-0.022888125	1.00024158	-0.77826	5.85984	3.3266799999999996	3289055.0	1776544968.540655	0.0	1.0	-1.0	-1.0	-1.0	-1.0	-1.0	-1.0	-1.0	-1.0	0.0	marker	peace	Peace	25	0418
-68481.18	-54745.29	-104682.33	-18517.184999999998	0.0	0.0	0.0	0.0	0.0	0.0	0.0	0.0	0.0	0.0	0.0	0.0	0.0	0.0	146.13793103448276	0.0	0.049255245	-0.022888125	1.00024158	-0.77826	5.85984	3.3266799999999996	3289056.0	1776544968.540673	0.0	1.0	-1.0	-1.0	-1.0	-1.0	-1.0	-1.0	-1.0	-1.0	0.0	marker	peace	Peace	25	0418
-68478.84	-54738.54	-104700.555	-18533.969999999998	0.0	0.0	0.0	0.0	0.0	0.0	0.0	0.0	0.0	0.0	0.0	0.0	0.0	0.0	146.13793103448276	0.0	0.04162587	-0.010192845	1.01183823	-4.0439	5.43256	4.8831999999999995	3289057.0	1776544968.544459	0.0	1.0	-1.0	-1.0	-1.0	-1.0	-1.0	-1.0	-1.0	-1.0	0.0	marker	peace	Peace	25	0418
-68446.98	-54736.74	-104709.19499999999	-18535.094999999998	0.0	0.0	0.0	0.0	0.0	0.0	0.0	0.0	0.0	0.0	0.0	0.0	0.0	0.0	146.13793103448276	0.0	0.04162587	-0.010192845	1.01183823	-4.0439	5.43256	4.8831999999999995	3289058.0	1776544968.544471	0.0	1.0	-1.0	-1.0	-1.0	-1.0	-1.0	-1.0	-1.0	-1.0	0.0	marker	peace	Peace	25	0418
-68462.37	-54732.195	-104717.34	-18544.454999999998	0.0	0.0	0.0	0.0	0.0	0.0	0.0	0.0	0.0	0.0	0.0	0.0	0.0	0.0	146.13793103448276	0.0	0.04162587	-0.010192845	1.01183823	-4.0439	5.43256	4.8831999999999995	3289059.0	1776544968.580877	0.0	1.0	-1.0	-1.0	-1.0	-1.0	-1.0	-1.0	-1.0	-1.0	0.0	marker	peace	Peace	25	0418
-68506.065	-54731.34	-104718.33	-18555.12	0.0	0.0	0.0	0.0	0.0	0.0	0.0	0.0	0.0	0.0	0.0	0.0	0.0	0.0	146.13793103448276	0.0	0.04162587	-0.010192845	1.01183823	-4.0439	5.43256	4.8831999999999995	3289060.0	1776544968.580926	0.0	1.0	-1.0	-1.0	-1.0	-1.0	-1.0	-1.0	-1.0	-1.0	0.0	marker	peace	Peace	25	0418
-68501.06999999999	-54735.659999999996	-104700.465	-18545.309999999998	0.0	0.0	0.0	0.0	0.0	0.0	0.0	0.0	0.0	0.0	0.0	0.0	0.0	0.0	146.13793103448276	0.0	0.04162587	-0.010192845	1.01183823	-4.0439	5.43256	4.8831999999999995	3289061.0	1776544968.580969	0.0	1.0	-1.0	-1.0	-1.0	-1.0	-1.0	-1.0	-1.0	-1.0	0.0	marker	peace	Peace	25	0418
-68490.98999999999	-54746.46	-104699.34	-18540.675	0.0	0.0	0.0	0.0	0.0	0.0	0.0	0.0	0.0	0.0	0.0	0.0	0.0	0.0	146.13793103448276	0.0	0.04162587	-0.010192845	1.01183823	-4.0439	5.43256	4.8831999999999995	3289062.0	1776544968.580989	0.0	1.0	-1.0	-1.0	-1.0	-1.0	-1.0	-1.0	-1.0	-1.0	0.0	marker	peace	Peace	25	0418
-68479.29	-54740.204999999994	-104689.845	-18526.364999999998	0.0	0.0	0.0	0.0	0.0	0.0	0.0	0.0	0.0	0.0	0.0	0.0	0.0	0.0	146.13793103448276	0.0	0.04162587	-0.010192845	1.01183823	-4.0439	5.43256	4.8831999999999995	3289063.0	1776544968.581013	0.0	1.0	-1.0	-1.0	-1.0	-1.0	-1.0	-1.0	-1.0	-1.0	0.0	marker	peace	Peace	25	0418
-68433.61499999999	-54718.244999999995	-104643.94499999999	-18484.425	0.0	0.0	0.0	0.0	0.0	0.0	0.0	0.0	0.0	0.0	0.0	0.0	0.0	0.0	146.13793103448276	0.0	0.04162587	-0.010192845	1.01183823	-4.0439	5.43256	4.8831999999999995	3289064.0	1776544968.581032	0.0	1.0	-1.0	-1.0	-1.0	-1.0	-1.0	-1.0	-1.0	-1.0	0.0	marker	peace	Peace	25	0418
-68388.84	-54706.275	-104609.655	-18453.96	0.0	0.0	0.0	0.0	0.0	0.0	0.0	0.0	0.0	0.0	0.0	0.0	0.0	0.0	146.13793103448276	0.0	0.04162587	-0.010192845	1.01183823	-4.0439	5.43256	4.8831999999999995	3289065.0	1776544968.581054	0.0	1.0	-1.0	-1.0	-1.0	-1.0	-1.0	-1.0	-1.0	-1.0	0.0	marker	peace	Peace	25	0418
-68514.3	-54704.115	-104715.72	-18566.415	0.0	0.0	0.0	0.0	0.0	0.0	0.0	0.0	0.0	0.0	0.0	0.0	0.0	0.0	146.13793103448276	0.0	0.04162587	-0.010192845	1.01183823	-4.0439	5.43256	4.8831999999999995	3289066.0	1776544968.581072	0.0	1.0	-1.0	-1.0	-1.0	-1.0	-1.0	-1.0	-1.0	-1.0	0.0	marker	peace	Peace	25	0418
-68500.395	-54693.27	-104693.805	-18541.53	0.0	0.0	0.0	0.0	0.0	0.0	0.0	0.0	0.0	0.0	0.0	0.0	0.0	0.0	146.13793103448276	0.0	0.03381339	-0.04565418	1.02612042	4.28806	3.17408	0.79352	3289067.0	1776544968.581094	0.0	1.0	-1.0	-1.0	-1.0	-1.0	-1.0	-1.0	-1.0	-1.0	0.0	marker	peace	Peace	25	0418
-68480.145	-54684.945	-104701.95	-18542.7	0.0	0.0	0.0	0.0	0.0	0.0	0.0	0.0	0.0	0.0	0.0	0.0	0.0	0.0	146.13793103448276	0.0	0.03381339	-0.04565418	1.02612042	4.28806	3.17408	0.79352	3289068.0	1776544968.581111	0.0	1.0	-1.0	-1.0	-1.0	-1.0	-1.0	-1.0	-1.0	-1.0	0.0	marker	peace	Peace	25	0418
-68546.745	-54684.09	-104768.64	-18602.594999999998	0.0	0.0	0.0	0.0	0.0	0.0	0.0	0.0	0.0	0.0	0.0	0.0	0.0	0.0	146.13793103448276	0.0	0.03381339	-0.04565418	1.02612042	4.28806	3.17408	0.79352	3289069.0	1776544968.581133	0.0	1.0	-1.0	-1.0	-1.0	-1.0	-1.0	-1.0	-1.0	-1.0	0.0	marker	peace	Peace	25	0418
-68535.0	-54676.755	-104743.62	-18584.64	0.0	0.0	0.0	0.0	0.0	0.0	0.0	0.0	0.0	0.0	0.0	0.0	0.0	0.0	146.13793103448276	0.0	0.03381339	-0.04565418	1.02612042	4.28806	3.17408	0.79352	3289070.0	1776544968.581151	0.0	1.0	-1.0	-1.0	-1.0	-1.0	-1.0	-1.0	-1.0	-1.0	0.0	marker	peace	Peace	25	0418
-68510.565	-54679.005	-104729.265	-18547.829999999998	0.0	0.0	0.0	0.0	0.0	0.0	0.0	0.0	0.0	0.0	0.0	0.0	0.0	0.0	146.13793103448276	0.0	0.03381339	-0.04565418	1.02612042	4.28806	3.17408	0.79352	3289071.0	1776544968.581173	0.0	1.0	-1.0	-1.0	-1.0	-1.0	-1.0	-1.0	-1.0	-1.0	0.0	marker	peace	Peace	25	0418
-68488.02	-54688.409999999996	-104680.75499999999	-18520.155	0.0	0.0	0.0	0.0	0.0	0.0	0.0	0.0	0.0	0.0	0.0	0.0	0.0	0.0	146.13793103448276	0.0	0.03381339	-0.04565418	1.02612042	4.28806	3.17408	0.79352	3289072.0	1776544968.58119	0.0	1.0	-1.0	-1.0	-1.0	-1.0	-1.0	-1.0	-1.0	-1.0	0.0	marker	peace	Peace	25	0418
-68458.31999999999	-54688.229999999996	-104612.44499999999	-18497.745	0.0	0.0	0.0	0.0	0.0	0.0	0.0	0.0	0.0	0.0	0.0	0.0	0.0	0.0	146.13793103448276	0.0	0.03381339	-0.04565418	1.02612042	4.28806	3.17408	0.79352	3289073.0	1776544968.707446	0.0	1.0	-1.0	-1.0	-1.0	-1.0	-1.0	-1.0	-1.0	-1.0	0.0	marker	peace	Peace	25	0418
-68480.685	-54694.89	-104655.87	-18510.57	0.0	0.0	0.0	0.0	0.0	0.0	0.0	0.0	0.0	0.0	0.0	0.0	0.0	0.0	146.13793103448276	0.0	0.03381339	-0.04565418	1.02612042	4.28806	3.17408	0.79352	3289074.0	1776544968.707476	0.0	1.0	-1.0	-1.0	-1.0	-1.0	-1.0	-1.0	-1.0	-1.0	0.0	marker	peace	Peace	25	0418
-68509.26	-54697.634999999995	-104725.665	-18549.27	0.0	0.0	0.0	0.0	0.0	0.0	0.0	0.0	0.0	0.0	0.0	0.0	0.0	0.0	146.13793103448276	0.0	0.03381339	-0.04565418	1.02612042	4.28806	3.17408	0.79352	3289075.0	1776544968.707566	0.0	1.0	-1.0	-1.0	-1.0	-1.0	-1.0	-1.0	-1.0	-1.0	0.0	marker	peace	Peace	25	0418
-68522.805	-54689.265	-104765.355	-18588.015	0.0	0.0	0.0	0.0	0.0	0.0	0.0	0.0	0.0	0.0	0.0	0.0	0.0	0.0	146.13793103448276	0.0	0.03381339	-0.04565418	1.02612042	4.28806	3.17408	0.79352	3289076.0	1776544968.707576	0.0	1.0	-1.0	-1.0	-1.0	-1.0	-1.0	-1.0	-1.0	-1.0	0.0	marker	peace	Peace	25	0418
-68491.34999999999	-54679.32	-104730.39	-18558.809999999998	0.0	0.0	0.0	0.0	0.0	0.0	0.0	0.0	0.0	0.0	0.0	0.0	0.0	0.0	146.13793103448276	0.0	0.034240635	-0.053771835000000004	1.03368876	7.889419999999999	0.88508	0.9308599999999999	3289077.0	1776544968.707619	0.0	1.0	-1.0	-1.0	-1.0	-1.0	-1.0	-1.0	-1.0	-1.0	0.0	marker	peace	Peace	25	0418
-68459.4	-54671.265	-104686.37999999999	-18511.155	0.0	0.0	0.0	0.0	0.0	0.0	0.0	0.0	0.0	0.0	0.0	0.0	0.0	0.0	146.13793103448276	0.0	0.034240635	-0.053771835000000004	1.03368876	7.889419999999999	0.88508	0.9308599999999999	3289078.0	1776544968.707628	0.0	1.0	-1.0	-1.0	-1.0	-1.0	-1.0	-1.0	-1.0	-1.0	0.0	marker	peace	Peace	25	0418
-68523.885	-54681.884999999995	-104716.39499999999	-18547.829999999998	0.0	0.0	0.0	0.0	0.0	0.0	0.0	0.0	0.0	0.0	0.0	0.0	0.0	0.0	146.13793103448276	0.0	0.034240635	-0.053771835000000004	1.03368876	7.889419999999999	0.88508	0.9308599999999999	3289079.0	1776544968.707663	0.0	1.0	-1.0	-1.0	-1.0	-1.0	-1.0	-1.0	-1.0	-1.0	0.0	marker	peace	Peace	25	0418
-68501.745	-54688.59	-104704.47	-18547.965	0.0	0.0	0.0	0.0	0.0	0.0	0.0	0.0	0.0	0.0	0.0	0.0	0.0	0.0	146.13793103448276	0.0	0.034240635	-0.053771835000000004	1.03368876	7.889419999999999	0.88508	0.9308599999999999	3289080.0	1776544968.707671	0.0	1.0	-1.0	-1.0	-1.0	-1.0	-1.0	-1.0	-1.0	-1.0	0.0	marker	peace	Peace	25	0418
-68484.915	-54697.454999999994	-104679.58499999999	-18530.684999999998	0.0	0.0	0.0	0.0	0.0	0.0	0.0	0.0	0.0	0.0	0.0	0.0	0.0	0.0	146.13793103448276	0.0	0.034240635	-0.053771835000000004	1.03368876	7.889419999999999	0.88508	0.9308599999999999	3289081.0	1776544968.70772	0.0	1.0	-1.0	-1.0	-1.0	-1.0	-1.0	-1.0	-1.0	-1.0	0.0	marker	peace	Peace	25	0418
-68439.19499999999	-54697.32	-104635.98	-18486.18	0.0	0.0	0.0	0.0	0.0	0.0	0.0	0.0	0.0	0.0	0.0	0.0	0.0	0.0	146.13793103448276	0.0	0.034240635	-0.053771835000000004	1.03368876	7.889419999999999	0.88508	0.9308599999999999	3289082.0	1776544968.707728	0.0	1.0	-1.0	-1.0	-1.0	-1.0	-1.0	-1.0	-1.0	-1.0	0.0	marker	peace	Peace	25	0418
-68512.59	-54683.865	-104706.09	-18554.219999999998	0.0	0.0	0.0	0.0	0.0	0.0	0.0	0.0	0.0	0.0	0.0	0.0	0.0	0.0	146.13793103448276	0.0	0.034240635	-0.053771835000000004	1.03368876	7.889419999999999	0.88508	0.9308599999999999	3289083.0	1776544968.707752	0.0	1.0	-1.0	-1.0	-1.0	-1.0	-1.0	-1.0	-1.0	-1.0	0.0	marker	peace	Peace	25	0418
-68525.64	-54672.255	-104742.94499999999	-18570.149999999998	0.0	0.0	0.0	0.0	0.0	0.0	0.0	0.0	0.0	0.0	0.0	0.0	0.0	0.0	146.13793103448276	0.0	0.034240635	-0.053771835000000004	1.03368876	7.889419999999999	0.88508	0.9308599999999999	3289084.0	1776544968.70776	0.0	1.0	-1.0	-1.0	-1.0	-1.0	-1.0	-1.0	-1.0	-1.0	0.0	marker	peace	Peace	25	0418
-68502.42	-54667.619999999995	-104736.915	-18558.09	0.0	0.0	0.0	0.0	0.0	0.0	0.0	0.0	0.0	0.0	0.0	0.0	0.0	0.0	146.13793103448276	0.0	0.034240635	-0.053771835000000004	1.03368876	7.889419999999999	0.88508	0.9308599999999999	3289085.0	1776544968.70777	0.0	1.0	-1.0	-1.0	-1.0	-1.0	-1.0	-1.0	-1.0	-1.0	0.0	marker	peace	Peace	25	0418
-68507.73	-54656.729999999996	-104716.08	-18560.565	0.0	0.0	0.0	0.0	0.0	0.0	0.0	0.0	0.0	0.0	0.0	0.0	0.0	0.0	146.13793103448276	0.0	0.034240635	-0.053771835000000004	1.03368876	7.889419999999999	0.88508	0.9308599999999999	3289086.0	1776544968.707778	0.0	1.0	-1.0	-1.0	-1.0	-1.0	-1.0	-1.0	-1.0	-1.0	0.0	marker	peace	Peace	25	0418
-68537.745	-54654.075	-104723.19	-18579.42	0.0	0.0	0.0	0.0	0.0	0.0	0.0	0.0	0.0	0.0	0.0	0.0	0.0	0.0	146.13793103448276	0.0	0.036376860000000004	-0.04418934	1.0351536000000001	6.22608	0.5341	1.09872	3289087.0	1776544968.70779	0.0	1.0	-1.0	-1.0	-1.0	-1.0	-1.0	-1.0	-1.0	-1.0	0.0	marker	peace	Peace	25	0418
-68462.81999999999	-54662.579999999994	-104673.465	-18537.614999999998	0.0	0.0	0.0	0.0	0.0	0.0	0.0	0.0	0.0	0.0	0.0	0.0	0.0	0.0	146.13793103448276	0.0	0.036376860000000004	-0.04418934	1.0351536000000001	6.22608	0.5341	1.09872	3289088.0	1776544968.707798	0.0	1.0	-1.0	-1.0	-1.0	-1.0	-1.0	-1.0	-1.0	-1.0	0.0	marker	peace	Peace	25	0418
-68439.33	-54668.025	-104604.84	-18473.489999999998	0.0	0.0	0.0	0.0	0.0	0.0	0.0	0.0	0.0	0.0	0.0	0.0	0.0	0.0	146.13793103448276	0.0	0.036376860000000004	-0.04418934	1.0351536000000001	6.22608	0.5341	1.09872	3289089.0	1776544968.707808	0.0	1.0	-1.0	-1.0	-1.0	-1.0	-1.0	-1.0	-1.0	-1.0	0.0	marker	peace	Peace	25	0418
-68502.105	-54673.38	-104683.635	-18513.989999999998	0.0	0.0	0.0	0.0	0.0	0.0	0.0	0.0	0.0	0.0	0.0	0.0	0.0	0.0	146.13793103448276	0.0	0.036376860000000004	-0.04418934	1.0351536000000001	6.22608	0.5341	1.09872	3289090.0	1776544968.707815	0.0	1.0	-1.0	-1.0	-1.0	-1.0	-1.0	-1.0	-1.0	-1.0	0.0	marker	peace	Peace	25	0418
-68514.56999999999	-54676.215	-104737.905	-18561.105	0.0	0.0	0.0	0.0	0.0	0.0	0.0	0.0	0.0	0.0	0.0	0.0	0.0	0.0	146.13793103448276	0.0	0.036376860000000004	-0.04418934	1.0351536000000001	6.22608	0.5341	1.09872	3289091.0	1776544968.707826	0.0	1.0	-1.0	-1.0	-1.0	-1.0	-1.0	-1.0	-1.0	-1.0	0.0	marker	peace	Peace	25	0418
-68528.79	-54668.159999999996	-104736.105	-18570.465	0.0	0.0	0.0	0.0	0.0	0.0	0.0	0.0	0.0	0.0	0.0	0.0	0.0	0.0	146.13793103448276	0.0	0.036376860000000004	-0.04418934	1.0351536000000001	6.22608	0.5341	1.09872	3289092.0	1776544968.707833	0.0	1.0	-1.0	-1.0	-1.0	-1.0	-1.0	-1.0	-1.0	-1.0	0.0	marker	peace	Peace	25	0418
-68484.78	-54660.104999999996	-104701.815	-18538.649999999998	0.0	0.0	0.0	0.0	0.0	0.0	0.0	0.0	0.0	0.0	0.0	0.0	0.0	0.0	146.13793103448276	0.0	0.036376860000000004	-0.04418934	1.0351536000000001	6.22608	0.5341	1.09872	3289093.0	1776544968.707843	0.0	1.0	-1.0	-1.0	-1.0	-1.0	-1.0	-1.0	-1.0	-1.0	0.0	marker	peace	Peace	25	0418
-68492.11499999999	-54657.765	-104681.655	-18519.255	0.0	0.0	0.0	0.0	0.0	0.0	0.0	0.0	0.0	0.0	0.0	0.0	0.0	0.0	146.13793103448276	0.0	0.036376860000000004	-0.04418934	1.0351536000000001	6.22608	0.5341	1.09872	3289094.0	1776544968.70785	0.0	1.0	-1.0	-1.0	-1.0	-1.0	-1.0	-1.0	-1.0	-1.0	0.0	marker	peace	Peace	25	0418
-68541.705	-54653.4	-104706.9	-18543.465	0.0	0.0	0.0	0.0	0.0	0.0	0.0	0.0	0.0	0.0	0.0	0.0	0.0	0.0	146.13793103448276	0.0	0.036376860000000004	-0.04418934	1.0351536000000001	6.22608	0.5341	1.09872	3289095.0	1776544968.707863	0.0	1.0	-1.0	-1.0	-1.0	-1.0	-1.0	-1.0	-1.0	-1.0	0.0	marker	peace	Peace	25	0418
-68531.84999999999	-54653.939999999995	-104737.68	-18574.29	0.0	0.0	0.0	0.0	0.0	0.0	0.0	0.0	0.0	0.0	0.0	0.0	0.0	0.0	146.13793103448276	0.0	0.036376860000000004	-0.04418934	1.0351536000000001	6.22608	0.5341	1.09872	3289096.0	1776544968.70787	0.0	1.0	-1.0	-1.0	-1.0	-1.0	-1.0	-1.0	-1.0	-1.0	0.0	marker	peace	Peace	25	0418
-68483.745	-54658.935	-104721.795	-18565.02	0.0	0.0	0.0	0.0	0.0	0.0	0.0	0.0	0.0	0.0	0.0	0.0	0.0	0.0	146.13793103448276	0.0	0.037170315	-0.04382313	1.0351536000000001	4.76112	-0.77826	-0.07629999999999999	3289097.0	1776544968.707879	0.0	1.0	-1.0	-1.0	-1.0	-1.0	-1.0	-1.0	-1.0	-1.0	0.0	marker	peace	Peace	25	0418
-68449.5	-54662.939999999995	-104689.98	-18534.6	0.0	0.0	0.0	0.0	0.0	0.0	0.0	0.0	0.0	0.0	0.0	0.0	0.0	0.0	146.13793103448276	0.0	0.037170315	-0.04382313	1.0351536000000001	4.76112	-0.77826	-0.07629999999999999	3289098.0	1776544968.707887	0.0	1.0	-1.0	-1.0	-1.0	-1.0	-1.0	-1.0	-1.0	-1.0	0.0	marker	peace	Peace	25	0418
-68454.855	-54669.465	-104689.8	-18533.969999999998	0.0	0.0	0.0	0.0	0.0	0.0	0.0	0.0	0.0	0.0	0.0	0.0	0.0	0.0	146.13793103448276	0.0	0.037170315	-0.04382313	1.0351536000000001	4.76112	-0.77826	-0.07629999999999999	3289099.0	1776544968.707896	0.0	1.0	-1.0	-1.0	-1.0	-1.0	-1.0	-1.0	-1.0	-1.0	0.0	marker	peace	Peace	25	0418
-68478.3	-54666.81	-104680.485	-18509.895	0.0	0.0	0.0	0.0	0.0	0.0	0.0	0.0	0.0	0.0	0.0	0.0	0.0	0.0	146.13793103448276	0.0	0.037170315	-0.04382313	1.0351536000000001	4.76112	-0.77826	-0.07629999999999999	3289100.0	1776544968.707903	0.0	1.0	-1.0	-1.0	-1.0	-1.0	-1.0	-1.0	-1.0	-1.0	0.0	marker	peace	Peace	25	0418
-68502.465	-54657.81	-104686.92	-18494.594999999998	0.0	0.0	0.0	0.0	0.0	0.0	0.0	0.0	0.0	0.0	0.0	0.0	0.0	0.0	146.13793103448276	0.0	0.037170315	-0.04382313	1.0351536000000001	4.76112	-0.77826	-0.07629999999999999	3289101.0	1776544968.707912	0.0	1.0	-1.0	-1.0	-1.0	-1.0	-1.0	-1.0	-1.0	-1.0	0.0	marker	peace	Peace	25	0418
-68476.095	-54657.134999999995	-104690.06999999999	-18495.0	0.0	0.0	0.0	0.0	0.0	0.0	0.0	0.0	0.0	0.0	0.0	0.0	0.0	0.0	146.13793103448276	0.0	0.037170315	-0.04382313	1.0351536000000001	4.76112	-0.77826	-0.07629999999999999	3289102.0	1776544968.70792	0.0	1.0	-1.0	-1.0	-1.0	-1.0	-1.0	-1.0	-1.0	-1.0	0.0	marker	peace	Peace	25	0418
-68485.545	-54659.07	-104718.69	-18548.01	0.0	0.0	0.0	0.0	0.0	0.0	0.0	0.0	0.0	0.0	0.0	0.0	0.0	0.0	146.13793103448276	0.0	0.037170315	-0.04382313	1.0351536000000001	4.76112	-0.77826	-0.07629999999999999	3289103.0	1776544968.707929	0.0	1.0	-1.0	-1.0	-1.0	-1.0	-1.0	-1.0	-1.0	-1.0	0.0	marker	peace	Peace	25	0418
-68533.065	-54668.07	-104742.54	-18575.37	0.0	0.0	0.0	0.0	0.0	0.0	0.0	0.0	0.0	0.0	0.0	0.0	0.0	0.0	146.13793103448276	0.0	0.037170315	-0.04382313	1.0351536000000001	4.76112	-0.77826	-0.07629999999999999	3289104.0	1776544968.707937	0.0	1.0	-1.0	-1.0	-1.0	-1.0	-1.0	-1.0	-1.0	-1.0	0.0	marker	peace	Peace	25	0418
-68461.875	-54674.954999999994	-104646.735	-18483.614999999998	0.0	0.0	0.0	0.0	0.0	0.0	0.0	0.0	0.0	0.0	0.0	0.0	0.0	0.0	146.13793103448276	0.0	0.037170315	-0.04382313	1.0351536000000001	4.76112	-0.77826	-0.07629999999999999	3289105.0	1776544968.707946	0.0	1.0	-1.0	-1.0	-1.0	-1.0	-1.0	-1.0	-1.0	-1.0	0.0	marker	peace	Peace	25	0418
-68329.89	-54671.579999999994	-104521.905	-18402.21	0.0	0.0	0.0	0.0	0.0	0.0	0.0	0.0	0.0	0.0	0.0	0.0	0.0	0.0	146.13793103448276	0.0	0.037170315	-0.04382313	1.0351536000000001	4.76112	-0.77826	-0.07629999999999999	3289106.0	1776544968.707953	0.0	1.0	-1.0	-1.0	-1.0	-1.0	-1.0	-1.0	-1.0	-1.0	0.0	marker	peace	Peace	25	0418
-68489.28	-54681.975	-104702.355	-18590.94	0.0	0.0	0.0	0.0	0.0	0.0	0.0	0.0	0.0	0.0	0.0	0.0	0.0	0.0	146.13793103448276	0.0	0.033691320000000004	-0.043762095	1.032040815	5.43256	-1.64808	-1.51074	3289107.0	1776544968.707962	0.0	1.0	-1.0	-1.0	-1.0	-1.0	-1.0	-1.0	-1.0	-1.0	0.0	marker	peace	Peace	25	0418
-68543.64	-54676.979999999996	-104741.09999999999	-18578.655	0.0	0.0	0.0	0.0	0.0	0.0	0.0	0.0	0.0	0.0	0.0	0.0	0.0	0.0	146.13793103448276	0.0	0.033691320000000004	-0.043762095	1.032040815	5.43256	-1.64808	-1.51074	3289108.0	1776544968.707969	0.0	1.0	-1.0	-1.0	-1.0	-1.0	-1.0	-1.0	-1.0	-1.0	0.0	marker	peace	Peace	25	0418
-68467.095	-54679.545	-104674.05	-18537.39	0.0	0.0	0.0	0.0	0.0	0.0	0.0	0.0	0.0	0.0	0.0	0.0	0.0	0.0	146.13793103448276	0.0	0.033691320000000004	-0.043762095	1.032040815	5.43256	-1.64808	-1.51074	3289109.0	1776544968.707978	0.0	1.0	-1.0	-1.0	-1.0	-1.0	-1.0	-1.0	-1.0	-1.0	0.0	marker	peace	Peace	25	0418
-68509.08	-54690.615	-104675.4	-18552.105	0.0	0.0	0.0	0.0	0.0	0.0	0.0	0.0	0.0	0.0	0.0	0.0	0.0	0.0	146.13793103448276	0.0	0.033691320000000004	-0.043762095	1.032040815	5.43256	-1.64808	-1.51074	3289110.0	1776544968.707986	0.0	1.0	-1.0	-1.0	-1.0	-1.0	-1.0	-1.0	-1.0	-1.0	0.0	marker	peace	Peace	25	0418
-68555.295	-54697.095	-104766.525	-18588.329999999998	0.0	0.0	0.0	0.0	0.0	0.0	0.0	0.0	0.0	0.0	0.0	0.0	0.0	0.0	146.13793103448276	0.0	0.033691320000000004	-0.043762095	1.032040815	5.43256	-1.64808	-1.51074	3289111.0	1776544968.707994	0.0	1.0	-1.0	-1.0	-1.0	-1.0	-1.0	-1.0	-1.0	-1.0	0.0	marker	peace	Peace	25	0418
-68529.33	-54696.78	-104746.455	-18577.035	0.0	0.0	0.0	0.0	0.0	0.0	0.0	0.0	0.0	0.0	0.0	0.0	0.0	0.0	146.13793103448276	0.0	0.033691320000000004	-0.043762095	1.032040815	5.43256	-1.64808	-1.51074	3289112.0	1776544968.708002	0.0	1.0	-1.0	-1.0	-1.0	-1.0	-1.0	-1.0	-1.0	-1.0	0.0	marker	peace	Peace	25	0418
-68492.205	-54699.21	-104695.2	-18541.305	0.0	0.0	0.0	0.0	0.0	0.0	0.0	0.0	0.0	0.0	0.0	0.0	0.0	0.0	146.13793103448276	0.0	0.033691320000000004	-0.043762095	1.032040815	5.43256	-1.64808	-1.51074	3289113.0	1776544968.708011	0.0	1.0	-1.0	-1.0	-1.0	-1.0	-1.0	-1.0	-1.0	-1.0	0.0	marker	peace	Peace	25	0418
-68496.435	-54697.86	-104704.47	-18561.465	0.0	0.0	0.0	0.0	0.0	0.0	0.0	0.0	0.0	0.0	0.0	0.0	0.0	0.0	146.13793103448276	0.0	0.033691320000000004	-0.043762095	1.032040815	5.43256	-1.64808	-1.51074	3289114.0	1776544968.708018	0.0	1.0	-1.0	-1.0	-1.0	-1.0	-1.0	-1.0	-1.0	-1.0	0.0	marker	peace	Peace	25	0418
-68503.23	-54695.25	-104705.01	-18551.16	0.0	0.0	0.0	0.0	0.0	0.0	0.0	0.0	0.0	0.0	0.0	0.0	0.0	0.0	146.13793103448276	0.0	0.033691320000000004	-0.043762095	1.032040815	5.43256	-1.64808	-1.51074	3289115.0	1776544968.708027	0.0	1.0	-1.0	-1.0	-1.0	-1.0	-1.0	-1.0	-1.0	-1.0	0.0	marker	peace	Peace	25	0418
-68494.005	-54691.29	-104721.345	-18551.385	0.0	0.0	0.0	0.0	0.0	0.0	0.0	0.0	0.0	0.0	0.0	0.0	0.0	0.0	146.13793103448276	0.0	0.033691320000000004	-0.043762095	1.032040815	5.43256	-1.64808	-1.51074	3289116.0	1776544968.708034	0.0	1.0	-1.0	-1.0	-1.0	-1.0	-1.0	-1.0	-1.0	-1.0	0.0	marker	peace	Peace	25	0418
-68512.095	-54691.155	-104726.205	-18558.315	0.0	0.0	0.0	0.0	0.0	0.0	0.0	0.0	0.0	0.0	0.0	0.0	0.0	0.0	146.13793103448276	0.0	0.03137199	-0.04479969	1.02612042	7.034859999999999	-2.07536	-2.25848	3289117.0	1776544968.708043	0.0	1.0	-1.0	-1.0	-1.0	-1.0	-1.0	-1.0	-1.0	-1.0	0.0	marker	peace	Peace	25	0418
-68501.25	-54693.405	-104709.28499999999	-18536.445	0.0	0.0	0.0	0.0	0.0	0.0	0.0	0.0	0.0	0.0	0.0	0.0	0.0	0.0	146.13793103448276	0.0	0.03137199	-0.04479969	1.02612042	7.034859999999999	-2.07536	-2.25848	3289118.0	1776544968.708051	0.0	1.0	-1.0	-1.0	-1.0	-1.0	-1.0	-1.0	-1.0	-1.0	0.0	marker	peace	Peace	25	0418
-68478.255	-54701.82	-104691.915	-18524.34	0.0	0.0	0.0	0.0	0.0	0.0	0.0	0.0	0.0	0.0	0.0	0.0	0.0	0.0	146.13793103448276	0.0	0.03137199	-0.04479969	1.02612042	7.034859999999999	-2.07536	-2.25848	3289119.0	1776544968.70806	0.0	1.0	-1.0	-1.0	-1.0	-1.0	-1.0	-1.0	-1.0	-1.0	0.0	marker	peace	Peace	25	0418
-68462.09999999999	-54707.715	-104660.775	-18494.19	0.0	0.0	0.0	0.0	0.0	0.0	0.0	0.0	0.0	0.0	0.0	0.0	0.0	0.0	146.13793103448276	0.0	0.03137199	-0.04479969	1.02612042	7.034859999999999	-2.07536	-2.25848	3289120.0	1776544968.708067	0.0	1.0	-1.0	-1.0	-1.0	-1.0	-1.0	-1.0	-1.0	-1.0	0.0	marker	peace	Peace	25	0418
-68457.19499999999	-54709.29	-104666.175	-18505.62	0.0	0.0	0.0	0.0	0.0	0.0	0.0	0.0	0.0	0.0	0.0	0.0	0.0	0.0	146.13793103448276	0.0	0.03137199	-0.04479969	1.02612042	7.034859999999999	-2.07536	-2.25848	3289121.0	1776544968.708076	0.0	1.0	-1.0	-1.0	-1.0	-1.0	-1.0	-1.0	-1.0	-1.0	0.0	marker	peace	Peace	25	0418
-68554.34999999999	-54722.295	-104746.275	-18589.635	0.0	0.0	0.0	0.0	0.0	0.0	0.0	0.0	0.0	0.0	0.0	0.0	0.0	0.0	146.13793103448276	0.0	0.03137199	-0.04479969	1.02612042	7.034859999999999	-2.07536	-2.25848	3289122.0	1776544968.708118	0.0	1.0	-1.0	-1.0	-1.0	-1.0	-1.0	-1.0	-1.0	-1.0	0.0	marker	peace	Peace	25	0418
-68524.29	-54715.77	-104714.415	-18561.015	0.0	0.0	0.0	0.0	0.0	0.0	0.0	0.0	0.0	0.0	0.0	0.0	0.0	0.0	146.13793103448276	0.0	0.03137199	-0.04479969	1.02612042	7.034859999999999	-2.07536	-2.25848	3289123.0	1776544968.708129	0.0	1.0	-1.0	-1.0	-1.0	-1.0	-1.0	-1.0	-1.0	-1.0	0.0	marker	peace	Peace	25	0418
-68435.505	-54711.765	-104619.78	-18469.89	0.0	0.0	0.0	0.0	0.0	0.0	0.0	0.0	0.0	0.0	0.0	0.0	0.0	0.0	146.13793103448276	0.0	0.03137199	-0.04479969	1.02612042	7.034859999999999	-2.07536	-2.25848	3289124.0	1776544968.708136	0.0	1.0	-1.0	-1.0	-1.0	-1.0	-1.0	-1.0	-1.0	-1.0	0.0	marker	peace	Peace	25	0418
-68457.465	-54715.095	-104652.98999999999	-18498.105	0.0	0.0	0.0	0.0	0.0	0.0	0.0	0.0	0.0	0.0	0.0	0.0	0.0	0.0	146.13793103448276	0.0	0.03137199	-0.04479969	1.02612042	7.034859999999999	-2.07536	-2.25848	3289125.0	1776544968.708145	0.0	1.0	-1.0	-1.0	-1.0	-1.0	-1.0	-1.0	-1.0	-1.0	0.0	marker	peace	Peace	25	0418
-68576.22	-54730.935	-104773.00499999999	-18605.34	0.0	0.0	0.0	0.0	0.0	0.0	0.0	0.0	0.0	0.0	0.0	0.0	0.0	0.0	146.13793103448276	0.0	0.03137199	-0.04479969	1.02612042	7.034859999999999	-2.07536	-2.25848	3289126.0	1776544968.708152	0.0	1.0	-1.0	-1.0	-1.0	-1.0	-1.0	-1.0	-1.0	-1.0	0.0	marker	peace	Peace	25	0418
-68535.135	-54737.055	-104756.67	-18605.07	0.0	0.0	0.0	0.0	0.0	0.0	0.0	0.0	0.0	0.0	0.0	0.0	0.0	0.0	146.13793103448276	0.0	0.039977925	-0.04211415	1.01879622	8.51508	-1.35814	-3.29616	3289127.0	1776544968.708161	0.0	1.0	-1.0	-1.0	-1.0	-1.0	-1.0	-1.0	-1.0	-1.0	0.0	marker	peace	Peace	25	0418
-68468.265	-54746.954999999994	-104701.36499999999	-18548.505	0.0	0.0	0.0	0.0	0.0	0.0	0.0	0.0	0.0	0.0	0.0	0.0	0.0	0.0	146.13793103448276	0.0	0.039977925	-0.04211415	1.01879622	8.51508	-1.35814	-3.29616	3289128.0	1776544968.708169	0.0	1.0	-1.0	-1.0	-1.0	-1.0	-1.0	-1.0	-1.0	-1.0	0.0	marker	peace	Peace	25	0418
-68489.955	-54756.45	-104694.65999999999	-18531.899999999998	0.0	0.0	0.0	0.0	0.0	0.0	0.0	0.0	0.0	0.0	0.0	0.0	0.0	0.0	146.13793103448276	0.0	0.039977925	-0.04211415	1.01879622	8.51508	-1.35814	-3.29616	3289129.0	1776544968.708179	0.0	1.0	-1.0	-1.0	-1.0	-1.0	-1.0	-1.0	-1.0	-1.0	0.0	marker	peace	Peace	25	0418
-68479.47	-54763.515	-104672.47499999999	-18516.015	0.0	0.0	0.0	0.0	0.0	0.0	0.0	0.0	0.0	0.0	0.0	0.0	0.0	0.0	146.13793103448276	0.0	0.039977925	-0.04211415	1.01879622	8.51508	-1.35814	-3.29616	3289130.0	1776544968.708186	0.0	1.0	-1.0	-1.0	-1.0	-1.0	-1.0	-1.0	-1.0	-1.0	0.0	marker	peace	Peace	25	0418
-68537.11499999999	-54770.939999999995	-104723.595	-18567.045	0.0	0.0	0.0	0.0	0.0	0.0	0.0	0.0	0.0	0.0	0.0	0.0	0.0	0.0	146.13793103448276	0.0	0.039977925	-0.04211415	1.01879622	8.51508	-1.35814	-3.29616	3289131.0	1776544968.708195	0.0	1.0	-1.0	-1.0	-1.0	-1.0	-1.0	-1.0	-1.0	-1.0	0.0	marker	peace	Peace	25	0418
-68550.84	-54768.104999999996	-104744.51999999999	-18588.825	0.0	0.0	0.0	0.0	0.0	0.0	0.0	0.0	0.0	0.0	0.0	0.0	0.0	0.0	146.13793103448276	0.0	0.039977925	-0.04211415	1.01879622	8.51508	-1.35814	-3.29616	3289132.0	1776544968.708203	0.0	1.0	-1.0	-1.0	-1.0	-1.0	-1.0	-1.0	-1.0	-1.0	0.0	marker	peace	Peace	25	0418
-68495.895	-54774.765	-104705.37	-18540.09	0.0	0.0	0.0	0.0	0.0	0.0	0.0	0.0	0.0	0.0	0.0	0.0	0.0	0.0	146.13793103448276	0.0	0.039977925	-0.04211415	1.01879622	8.51508	-1.35814	-3.29616	3289133.0	1776544968.708212	0.0	1.0	-1.0	-1.0	-1.0	-1.0	-1.0	-1.0	-1.0	-1.0	0.0	marker	peace	Peace	25	0418
-68485.72499999999	-54787.229999999996	-104701.23	-18518.579999999998	0.0	0.0	0.0	0.0	0.0	0.0	0.0	0.0	0.0	0.0	0.0	0.0	0.0	0.0	146.13793103448276	0.0	0.039977925	-0.04211415	1.01879622	8.51508	-1.35814	-3.29616	3289134.0	1776544968.708219	0.0	1.0	-1.0	-1.0	-1.0	-1.0	-1.0	-1.0	-1.0	-1.0	0.0	marker	peace	Peace	25	0418
-68492.925	-54792.36	-104703.795	-18528.975	0.0	0.0	0.0	0.0	0.0	0.0	0.0	0.0	0.0	0.0	0.0	0.0	0.0	0.0	146.13793103448276	0.0	0.039977925	-0.04211415	1.01879622	8.51508	-1.35814	-3.29616	3289135.0	1776544968.708229	0.0	1.0	-1.0	-1.0	-1.0	-1.0	-1.0	-1.0	-1.0	-1.0	0.0	marker	peace	Peace	25	0418
-68494.23	-54794.744999999995	-104703.705	-18543.915	0.0	0.0	0.0	0.0	0.0	0.0	0.0	0.0	0.0	0.0	0.0	0.0	0.0	0.0	146.13793103448276	0.0	0.039977925	-0.04211415	1.01879622	8.51508	-1.35814	-3.29616	3289136.0	1776544968.708236	0.0	1.0	-1.0	-1.0	-1.0	-1.0	-1.0	-1.0	-1.0	-1.0	0.0	marker	peace	Peace	25	0418
-68446.89	-54802.215	-104668.065	-18524.295	0.0	0.0	0.0	0.0	0.0	0.0	0.0	0.0	0.0	0.0	0.0	0.0	0.0	0.0	146.13793103448276	0.0	0.04724109	-0.034728915	1.01257065	5.08158	0.24416	-1.3734	3289137.0	1776544968.708245	0.0	1.0	-1.0	-1.0	-1.0	-1.0	-1.0	-1.0	-1.0	-1.0	0.0	marker	peace	Peace	25	0418
-68454.94499999999	-54821.52	-104654.25	-18502.695	0.0	0.0	0.0	0.0	0.0	0.0	0.0	0.0	0.0	0.0	0.0	0.0	0.0	0.0	146.13793103448276	0.0	0.04724109	-0.034728915	1.01257065	5.08158	0.24416	-1.3734	3289138.0	1776544968.708253	0.0	1.0	-1.0	-1.0	-1.0	-1.0	-1.0	-1.0	-1.0	-1.0	0.0	marker	peace	Peace	25	0418
-68479.73999999999	-54831.284999999996	-104657.94	-18503.415	0.0	0.0	0.0	0.0	0.0	0.0	0.0	0.0	0.0	0.0	0.0	0.0	0.0	0.0	146.13793103448276	0.0	0.04724109	-0.034728915	1.01257065	5.08158	0.24416	-1.3734	3289139.0	1776544968.709472	0.0	1.0	-1.0	-1.0	-1.0	-1.0	-1.0	-1.0	-1.0	-1.0	0.0	marker	peace	Peace	25	0418
-68542.92	-54827.145	-104721.345	-18568.844999999998	0.0	0.0	0.0	0.0	0.0	0.0	0.0	0.0	0.0	0.0	0.0	0.0	0.0	0.0	146.13793103448276	0.0	0.04724109	-0.034728915	1.01257065	5.08158	0.24416	-1.3734	3289140.0	1776544968.709485	0.0	1.0	-1.0	-1.0	-1.0	-1.0	-1.0	-1.0	-1.0	-1.0	0.0	marker	peace	Peace	25	0418
-68525.55	-54818.28	-104717.43	-18564.75	0.0	0.0	0.0	0.0	0.0	0.0	0.0	0.0	0.0	0.0	0.0	0.0	0.0	0.0	146.13793103448276	0.0	0.04724109	-0.034728915	1.01257065	5.08158	0.24416	-1.3734	3289141.0	1776544968.713548	0.0	1.0	-1.0	-1.0	-1.0	-1.0	-1.0	-1.0	-1.0	-1.0	0.0	marker	peace	Peace	25	0418
-68518.305	-54814.634999999995	-104715.54	-18550.26	0.0	0.0	0.0	0.0	0.0	0.0	0.0	0.0	0.0	0.0	0.0	0.0	0.0	0.0	146.13793103448276	0.0	0.04724109	-0.034728915	1.01257065	5.08158	0.24416	-1.3734	3289142.0	1776544968.71358	0.0	1.0	-1.0	-1.0	-1.0	-1.0	-1.0	-1.0	-1.0	-1.0	0.0	marker	peace	Peace	25	0418
-68524.515	-54817.92	-104704.29	-18552.42	0.0	0.0	0.0	0.0	0.0	0.0	0.0	0.0	0.0	0.0	0.0	0.0	0.0	0.0	146.13793103448276	0.0	0.04724109	-0.034728915	1.01257065	5.08158	0.24416	-1.3734	3289143.0	1776544968.726405	0.0	1.0	-1.0	-1.0	-1.0	-1.0	-1.0	-1.0	-1.0	-1.0	0.0	marker	peace	Peace	25	0418
-68449.905	-54817.695	-104623.2	-18479.34	0.0	0.0	0.0	0.0	0.0	0.0	0.0	0.0	0.0	0.0	0.0	0.0	0.0	0.0	146.13793103448276	0.0	0.04724109	-0.034728915	1.01257065	5.08158	0.24416	-1.3734	3289144.0	1776544968.726429	0.0	1.0	-1.0	-1.0	-1.0	-1.0	-1.0	-1.0	-1.0	-1.0	0.0	marker	peace	Peace	25	0418
-68425.83	-54824.805	-104631.345	-18486.54	0.0	0.0	0.0	0.0	0.0	0.0	0.0	0.0	0.0	0.0	0.0	0.0	0.0	0.0	146.13793103448276	0.0	0.04724109	-0.034728915	1.01257065	5.08158	0.24416	-1.3734	3289145.0	1776544968.726449	0.0	1.0	-1.0	-1.0	-1.0	-1.0	-1.0	-1.0	-1.0	-1.0	0.0	marker	peace	Peace	25	0418
-68514.525	-54833.49	-104719.5	-18574.38	0.0	0.0	0.0	0.0	0.0	0.0	0.0	0.0	0.0	0.0	0.0	0.0	0.0	0.0	146.13793103448276	0.0	0.04724109	-0.034728915	1.01257065	5.08158	0.24416	-1.3734	3289146.0	1776544968.726456	0.0	1.0	-1.0	-1.0	-1.0	-1.0	-1.0	-1.0	-1.0	-1.0	0.0	marker	peace	Peace	25	0418
-68497.2	-54840.42	-104711.48999999999	-18563.94	0.0	0.0	0.0	0.0	0.0	0.0	0.0	0.0	0.0	0.0	0.0	0.0	0.0	0.0	146.13793103448276	0.0	0.048644895	-0.031066815	1.0082982	8.86606	0.50358	-3.29616	3289147.0	1776544968.726466	0.0	1.0	-1.0	-1.0	-1.0	-1.0	-1.0	-1.0	-1.0	-1.0	0.0	marker	peace	Peace	25	0418
-68512.36499999999	-54844.695	-104713.515	-18545.355	0.0	0.0	0.0	0.0	0.0	0.0	0.0	0.0	0.0	0.0	0.0	0.0	0.0	0.0	146.13793103448276	0.0	0.048644895	-0.031066815	1.0082982	8.86606	0.50358	-3.29616	3289148.0	1776544968.726473	0.0	1.0	-1.0	-1.0	-1.0	-1.0	-1.0	-1.0	-1.0	-1.0	0.0	marker	peace	Peace	25	0418
-68468.535	-54848.835	-104686.965	-18517.32	0.0	0.0	0.0	0.0	0.0	0.0	0.0	0.0	0.0	0.0	0.0	0.0	0.0	0.0	146.13793103448276	0.0	0.048644895	-0.031066815	1.0082982	8.86606	0.50358	-3.29616	3289149.0	1776544968.729743	0.0	1.0	-1.0	-1.0	-1.0	-1.0	-1.0	-1.0	-1.0	-1.0	0.0	marker	peace	Peace	25	0418
-68468.44499999999	-54849.689999999995	-104713.515	-18541.079999999998	0.0	0.0	0.0	0.0	0.0	0.0	0.0	0.0	0.0	0.0	0.0	0.0	0.0	0.0	146.13793103448276	0.0	0.048644895	-0.031066815	1.0082982	8.86606	0.50358	-3.29616	3289150.0	1776544968.729776	0.0	1.0	-1.0	-1.0	-1.0	-1.0	-1.0	-1.0	-1.0	-1.0	0.0	marker	peace	Peace	25	0418
-68472.54	-54847.485	-104692.095	-18525.78	0.0	0.0	0.0	0.0	0.0	0.0	0.0	0.0	0.0	0.0	0.0	0.0	0.0	0.0	146.13793103448276	0.0	0.048644895	-0.031066815	1.0082982	8.86606	0.50358	-3.29616	3289151.0	1776544968.73328	0.0	1.0	-1.0	-1.0	-1.0	-1.0	-1.0	-1.0	-1.0	-1.0	0.0	marker	peace	Peace	25	0418
-68395.05	-54853.515	-104592.015	-18435.87	0.0	0.0	0.0	0.0	0.0	0.0	0.0	0.0	0.0	0.0	0.0	0.0	0.0	0.0	146.13793103448276	0.0	0.048644895	-0.031066815	1.0082982	8.86606	0.50358	-3.29616	3289152.0	1776544968.733312	0.0	1.0	-1.0	-1.0	-1.0	-1.0	-1.0	-1.0	-1.0	-1.0	0.0	marker	peace	Peace	25	0418
-68420.34	-54863.415	-104639.31	-18471.465	0.0	0.0	0.0	0.0	0.0	0.0	0.0	0.0	0.0	0.0	0.0	0.0	0.0	0.0	146.13793103448276	0.0	0.048644895	-0.031066815	1.0082982	8.86606	0.50358	-3.29616	3289153.0	1776544968.737513	0.0	1.0	-1.0	-1.0	-1.0	-1.0	-1.0	-1.0	-1.0	-1.0	0.0	marker	peace	Peace	25	0418
-68461.33499999999	-54874.259999999995	-104672.06999999999	-18520.965	0.0	0.0	0.0	0.0	0.0	0.0	0.0	0.0	0.0	0.0	0.0	0.0	0.0	0.0	146.13793103448276	0.0	0.048644895	-0.031066815	1.0082982	8.86606	0.50358	-3.29616	3289154.0	1776544968.737541	0.0	1.0	-1.0	-1.0	-1.0	-1.0	-1.0	-1.0	-1.0	-1.0	0.0	marker	peace	Peace	25	0418
-68495.535	-54874.845	-104680.89	-18567.675	0.0	0.0	0.0	0.0	0.0	0.0	0.0	0.0	0.0	0.0	0.0	0.0	0.0	0.0	146.13793103448276	0.0	0.048644895	-0.031066815	1.0082982	8.86606	0.50358	-3.29616	3289155.0	1776544968.74288	0.0	1.0	-1.0	-1.0	-1.0	-1.0	-1.0	-1.0	-1.0	-1.0	0.0	marker	peace	Peace	25	0418
-68488.155	-54873.63	-104633.37	-18552.915	0.0	0.0	0.0	0.0	0.0	0.0	0.0	0.0	0.0	0.0	0.0	0.0	0.0	0.0	146.13793103448276	0.0	0.048644895	-0.031066815	1.0082982	8.86606	0.50358	-3.29616	3289156.0	1776544968.742896	0.0	1.0	-1.0	-1.0	-1.0	-1.0	-1.0	-1.0	-1.0	-1.0	0.0	marker	peace	Peace	25	0418
-68424.255	-54866.835	-104584.14	-18494.774999999998	0.0	0.0	0.0	0.0	0.0	0.0	0.0	0.0	0.0	0.0	0.0	0.0	0.0	0.0	146.13793103448276	0.0	0.043517955000000004	-0.025695735	1.0100071800000001	7.889419999999999	0.47306	-3.4640199999999997	3289157.0	1776544968.746388	0.0	1.0	-1.0	-1.0	-1.0	-1.0	-1.0	-1.0	-1.0	-1.0	0.0	marker	peace	Peace	25	0418
-68521.545	-54861.075	-104700.015	-18550.17	0.0	0.0	0.0	0.0	0.0	0.0	0.0	0.0	0.0	0.0	0.0	0.0	0.0	0.0	146.13793103448276	0.0	0.043517955000000004	-0.025695735	1.0100071800000001	7.889419999999999	0.47306	-3.4640199999999997	3289158.0	1776544968.746421	0.0	1.0	-1.0	-1.0	-1.0	-1.0	-1.0	-1.0	-1.0	-1.0	0.0	marker	peace	Peace	25	0418
-68578.065	-54854.954999999994	-104791.59	-18589.454999999998	0.0	0.0	0.0	0.0	0.0	0.0	0.0	0.0	0.0	0.0	0.0	0.0	0.0	0.0	146.13793103448276	0.0	0.043517955000000004	-0.025695735	1.0100071800000001	7.889419999999999	0.47306	-3.4640199999999997	3289159.0	1776544968.749767	0.0	1.0	-1.0	-1.0	-1.0	-1.0	-1.0	-1.0	-1.0	-1.0	0.0	marker	peace	Peace	25	0418
-68539.905	-54845.28	-104750.50499999999	-18563.579999999998	0.0	0.0	0.0	0.0	0.0	0.0	0.0	0.0	0.0	0.0	0.0	0.0	0.0	0.0	146.13793103448276	0.0	0.043517955000000004	-0.025695735	1.0100071800000001	7.889419999999999	0.47306	-3.4640199999999997	3289160.0	1776544968.749787	0.0	1.0	-1.0	-1.0	-1.0	-1.0	-1.0	-1.0	-1.0	-1.0	0.0	marker	peace	Peace	25	0418
-68496.435	-54846.09	-104689.665	-18515.88	0.0	0.0	0.0	0.0	0.0	0.0	0.0	0.0	0.0	0.0	0.0	0.0	0.0	0.0	146.13793103448276	0.0	0.043517955000000004	-0.025695735	1.0100071800000001	7.889419999999999	0.47306	-3.4640199999999997	3289161.0	1776544968.753784	0.0	1.0	-1.0	-1.0	-1.0	-1.0	-1.0	-1.0	-1.0	-1.0	0.0	marker	peace	Peace	25	0418
-68534.235	-54866.79	-104700.33	-18540.809999999998	0.0	0.0	0.0	0.0	0.0	0.0	0.0	0.0	0.0	0.0	0.0	0.0	0.0	0.0	146.13793103448276	0.0	0.043517955000000004	-0.025695735	1.0100071800000001	7.889419999999999	0.47306	-3.4640199999999997	3289162.0	1776544968.753807	0.0	1.0	-1.0	-1.0	-1.0	-1.0	-1.0	-1.0	-1.0	-1.0	0.0	marker	peace	Peace	25	0418
-68498.64	-54880.155	-104692.635	-18533.655	0.0	0.0	0.0	0.0	0.0	0.0	0.0	0.0	0.0	0.0	0.0	0.0	0.0	0.0	146.13793103448276	0.0	0.043517955000000004	-0.025695735	1.0100071800000001	7.889419999999999	0.47306	-3.4640199999999997	3289163.0	1776544968.757666	0.0	1.0	-1.0	-1.0	-1.0	-1.0	-1.0	-1.0	-1.0	-1.0	0.0	marker	peace	Peace	25	0418
-68368.095	-54880.965	-104599.62	-18432.27	0.0	0.0	0.0	0.0	0.0	0.0	0.0	0.0	0.0	0.0	0.0	0.0	0.0	0.0	146.13793103448276	0.0	0.043517955000000004	-0.025695735	1.0100071800000001	7.889419999999999	0.47306	-3.4640199999999997	3289164.0	1776544968.757696	0.0	1.0	-1.0	-1.0	-1.0	-1.0	-1.0	-1.0	-1.0	-1.0	0.0	marker	peace	Peace	25	0418
-68429.83499999999	-54891.45	-104672.11499999999	-18510.075	0.0	0.0	0.0	0.0	0.0	0.0	0.0	0.0	0.0	0.0	0.0	0.0	0.0	0.0	146.13793103448276	0.0	0.043517955000000004	-0.025695735	1.0100071800000001	7.889419999999999	0.47306	-3.4640199999999997	3289165.0	1776544968.76178	0.0	1.0	-1.0	-1.0	-1.0	-1.0	-1.0	-1.0	-1.0	-1.0	0.0	marker	peace	Peace	25	0418
-68572.89	-54892.845	-104767.875	-18602.325	0.0	0.0	0.0	0.0	0.0	0.0	0.0	0.0	0.0	0.0	0.0	0.0	0.0	0.0	146.13793103448276	0.0	0.043517955000000004	-0.025695735	1.0100071800000001	7.889419999999999	0.47306	-3.4640199999999997	3289166.0	1776544968.761797	0.0	1.0	-1.0	-1.0	-1.0	-1.0	-1.0	-1.0	-1.0	-1.0	0.0	marker	peace	Peace	25	0418
-68566.095	-54884.43	-104755.00499999999	-18580.995	0.0	0.0	0.0	0.0	0.0	0.0	0.0	0.0	0.0	0.0	0.0	0.0	0.0	0.0	146.13793103448276	0.0	0.04211415	-0.01062009	1.008115095	3.41824	1.03768	-1.78542	3289167.0	1776544968.766615	0.0	1.0	-1.0	-1.0	-1.0	-1.0	-1.0	-1.0	-1.0	-1.0	0.0	marker	peace	Peace	25	0418
-68482.8	-54881.595	-104704.69499999999	-18541.079999999998	0.0	0.0	0.0	0.0	0.0	0.0	0.0	0.0	0.0	0.0	0.0	0.0	0.0	0.0	146.13793103448276	0.0	0.04211415	-0.01062009	1.008115095	3.41824	1.03768	-1.78542	3289168.0	1776544968.76664	0.0	1.0	-1.0	-1.0	-1.0	-1.0	-1.0	-1.0	-1.0	-1.0	0.0	marker	peace	Peace	25	0418
-68485.77	-54889.695	-104708.83499999999	-18557.594999999998	0.0	0.0	0.0	0.0	0.0	0.0	0.0	0.0	0.0	0.0	0.0	0.0	0.0	0.0	146.13793103448276	0.0	0.04211415	-0.01062009	1.008115095	3.41824	1.03768	-1.78542	3289169.0	1776544968.769864	0.0	1.0	-1.0	-1.0	-1.0	-1.0	-1.0	-1.0	-1.0	-1.0	0.0	marker	peace	Peace	25	0418
-68531.265	-54899.055	-104724.72	-18576.495	0.0	0.0	0.0	0.0	0.0	0.0	0.0	0.0	0.0	0.0	0.0	0.0	0.0	0.0	146.13793103448276	0.0	0.04211415	-0.01062009	1.008115095	3.41824	1.03768	-1.78542	3289170.0	1776544968.769907	0.0	1.0	-1.0	-1.0	-1.0	-1.0	-1.0	-1.0	-1.0	-1.0	0.0	marker	peace	Peace	25	0418
-68517.27	-54907.02	-104707.845	-18563.579999999998	0.0	0.0	0.0	0.0	0.0	0.0	0.0	0.0	0.0	0.0	0.0	0.0	0.0	0.0	146.13793103448276	0.0	0.04211415	-0.01062009	1.008115095	3.41824	1.03768	-1.78542	3289171.0	1776544968.804852	0.0	1.0	-1.0	-1.0	-1.0	-1.0	-1.0	-1.0	-1.0	-1.0	0.0	marker	peace	Peace	25	0418
-68533.2	-54923.579999999994	-104700.95999999999	-18557.46	0.0	0.0	0.0	0.0	0.0	0.0	0.0	0.0	0.0	0.0	0.0	0.0	0.0	0.0	146.13793103448276	0.0	0.04211415	-0.01062009	1.008115095	3.41824	1.03768	-1.78542	3289172.0	1776544968.804879	0.0	1.0	-1.0	-1.0	-1.0	-1.0	-1.0	-1.0	-1.0	-1.0	0.0	marker	peace	Peace	25	0418
-68510.565	-54931.005	-104710.76999999999	-18572.309999999998	0.0	0.0	0.0	0.0	0.0	0.0	0.0	0.0	0.0	0.0	0.0	0.0	0.0	0.0	146.13793103448276	0.0	0.04211415	-0.01062009	1.008115095	3.41824	1.03768	-1.78542	3289173.0	1776544968.804892	0.0	1.0	-1.0	-1.0	-1.0	-1.0	-1.0	-1.0	-1.0	-1.0	0.0	marker	peace	Peace	25	0418
-68426.505	-54917.1	-104627.7	-18511.515	0.0	0.0	0.0	0.0	0.0	0.0	0.0	0.0	0.0	0.0	0.0	0.0	0.0	0.0	146.13793103448276	0.0	0.04211415	-0.01062009	1.008115095	3.41824	1.03768	-1.78542	3289174.0	1776544968.8049	0.0	1.0	-1.0	-1.0	-1.0	-1.0	-1.0	-1.0	-1.0	-1.0	0.0	marker	peace	Peace	25	0418
-68467.635	-54906.795	-104656.635	-18513.495	0.0	0.0	0.0	0.0	0.0	0.0	0.0	0.0	0.0	0.0	0.0	0.0	0.0	0.0	146.13793103448276	0.0	0.04211415	-0.01062009	1.008115095	3.41824	1.03768	-1.78542	3289175.0	1776544968.80491	0.0	1.0	-1.0	-1.0	-1.0	-1.0	-1.0	-1.0	-1.0	-1.0	0.0	marker	peace	Peace	25	0418
-68549.04	-54912.689999999995	-104748.03	-18567.27	0.0	0.0	0.0	0.0	0.0	0.0	0.0	0.0	0.0	0.0	0.0	0.0	0.0	0.0	146.13793103448276	0.0	0.04211415	-0.01062009	1.008115095	3.41824	1.03768	-1.78542	3289176.0	1776544968.804917	0.0	1.0	-1.0	-1.0	-1.0	-1.0	-1.0	-1.0	-1.0	-1.0	0.0	marker	peace	Peace	25	0418
-68533.785	-54923.625	-104788.17	-18598.005	0.0	0.0	0.0	0.0	0.0	0.0	0.0	0.0	0.0	0.0	0.0	0.0	0.0	0.0	146.13793103448276	0.0	0.038513085	-0.005920395	1.00732164	1.00716	1.6633399999999998	-0.6867	3289177.0	1776544968.804926	0.0	1.0	-1.0	-1.0	-1.0	-1.0	-1.0	-1.0	-1.0	-1.0	0.0	marker	peace	Peace	25	0418
-68486.84999999999	-54925.244999999995	-104725.215	-18550.98	0.0	0.0	0.0	0.0	0.0	0.0	0.0	0.0	0.0	0.0	0.0	0.0	0.0	0.0	146.13793103448276	0.0	0.038513085	-0.005920395	1.00732164	1.00716	1.6633399999999998	-0.6867	3289178.0	1776544968.804934	0.0	1.0	-1.0	-1.0	-1.0	-1.0	-1.0	-1.0	-1.0	-1.0	0.0	marker	peace	Peace	25	0418
-68514.255	-54935.549999999996	-104707.17	-18527.309999999998	0.0	0.0	0.0	0.0	0.0	0.0	0.0	0.0	0.0	0.0	0.0	0.0	0.0	0.0	146.13793103448276	0.0	0.038513085	-0.005920395	1.00732164	1.00716	1.6633399999999998	-0.6867	3289179.0	1776544968.804942	0.0	1.0	-1.0	-1.0	-1.0	-1.0	-1.0	-1.0	-1.0	-1.0	0.0	marker	peace	Peace	25	0418
-68466.87	-54946.845	-104681.34	-18501.165	0.0	0.0	0.0	0.0	0.0	0.0	0.0	0.0	0.0	0.0	0.0	0.0	0.0	0.0	146.13793103448276	0.0	0.038513085	-0.005920395	1.00732164	1.00716	1.6633399999999998	-0.6867	3289180.0	1776544968.80495	0.0	1.0	-1.0	-1.0	-1.0	-1.0	-1.0	-1.0	-1.0	-1.0	0.0	marker	peace	Peace	25	0418
-68452.155	-54947.744999999995	-104650.605	-18487.665	0.0	0.0	0.0	0.0	0.0	0.0	0.0	0.0	0.0	0.0	0.0	0.0	0.0	0.0	146.13793103448276	0.0	0.038513085	-0.005920395	1.00732164	1.00716	1.6633399999999998	-0.6867	3289181.0	1776544968.804959	0.0	1.0	-1.0	-1.0	-1.0	-1.0	-1.0	-1.0	-1.0	-1.0	0.0	marker	peace	Peace	25	0418
-68488.02	-54934.38	-104675.76	-18522.045	0.0	0.0	0.0	0.0	0.0	0.0	0.0	0.0	0.0	0.0	0.0	0.0	0.0	0.0	146.13793103448276	0.0	0.038513085	-0.005920395	1.00732164	1.00716	1.6633399999999998	-0.6867	3289182.0	1776544968.804966	0.0	1.0	-1.0	-1.0	-1.0	-1.0	-1.0	-1.0	-1.0	-1.0	0.0	marker	peace	Peace	25	0418
-68521.68	-54929.744999999995	-104724.045	-18562.86	0.0	0.0	0.0	0.0	0.0	0.0	0.0	0.0	0.0	0.0	0.0	0.0	0.0	0.0	146.13793103448276	0.0	0.038513085	-0.005920395	1.00732164	1.00716	1.6633399999999998	-0.6867	3289183.0	1776544968.804974	0.0	1.0	-1.0	-1.0	-1.0	-1.0	-1.0	-1.0	-1.0	-1.0	0.0	marker	peace	Peace	25	0418
-68507.19	-54926.28	-104717.655	-18547.605	0.0	0.0	0.0	0.0	0.0	0.0	0.0	0.0	0.0	0.0	0.0	0.0	0.0	0.0	146.13793103448276	0.0	0.038513085	-0.005920395	1.00732164	1.00716	1.6633399999999998	-0.6867	3289184.0	1776544968.804981	0.0	1.0	-1.0	-1.0	-1.0	-1.0	-1.0	-1.0	-1.0	-1.0	0.0	marker	peace	Peace	25	0418
-68491.08	-54927.27	-104709.915	-18547.11	0.0	0.0	0.0	0.0	0.0	0.0	0.0	0.0	0.0	0.0	0.0	0.0	0.0	0.0	146.13793103448276	0.0	0.038513085	-0.005920395	1.00732164	1.00716	1.6633399999999998	-0.6867	3289185.0	1776544968.80499	0.0	1.0	-1.0	-1.0	-1.0	-1.0	-1.0	-1.0	-1.0	-1.0	0.0	marker	peace	Peace	25	0418
-68471.64	-54933.884999999995	-104698.44	-18544.77	0.0	0.0	0.0	0.0	0.0	0.0	0.0	0.0	0.0	0.0	0.0	0.0	0.0	0.0	146.13793103448276	0.0	0.038513085	-0.005920395	1.00732164	1.00716	1.6633399999999998	-0.6867	3289186.0	1776544968.804997	0.0	1.0	-1.0	-1.0	-1.0	-1.0	-1.0	-1.0	-1.0	-1.0	0.0	marker	peace	Peace	25	0418
-68511.645	-54946.89	-104713.47	-18553.5	0.0	0.0	0.0	0.0	0.0	0.0	0.0	0.0	0.0	0.0	0.0	0.0	0.0	0.0	146.13793103448276	0.0	0.038024805	-0.010681125	1.008115095	-0.12208	1.526	-1.32762	3289187.0	1776544968.80566	0.0	1.0	-1.0	-1.0	-1.0	-1.0	-1.0	-1.0	-1.0	-1.0	0.0	marker	peace	Peace	25	0418
-68491.125	-54949.634999999995	-104678.595	-18517.454999999998	0.0	0.0	0.0	0.0	0.0	0.0	0.0	0.0	0.0	0.0	0.0	0.0	0.0	0.0	146.13793103448276	0.0	0.038024805	-0.010681125	1.008115095	-0.12208	1.526	-1.32762	3289188.0	1776544968.805669	0.0	1.0	-1.0	-1.0	-1.0	-1.0	-1.0	-1.0	-1.0	-1.0	0.0	marker	peace	Peace	25	0418
-68453.73	-54950.22	-104661.855	-18495.855	0.0	0.0	0.0	0.0	0.0	0.0	0.0	0.0	0.0	0.0	0.0	0.0	0.0	0.0	146.13793103448276	0.0	0.038024805	-0.010681125	1.008115095	-0.12208	1.526	-1.32762	3289189.0	1776544968.809786	0.0	1.0	-1.0	-1.0	-1.0	-1.0	-1.0	-1.0	-1.0	-1.0	0.0	marker	peace	Peace	25	0418
-68532.84	-54953.909999999996	-104731.69499999999	-18571.905	0.0	0.0	0.0	0.0	0.0	0.0	0.0	0.0	0.0	0.0	0.0	0.0	0.0	0.0	146.13793103448276	0.0	0.038024805	-0.010681125	1.008115095	-0.12208	1.526	-1.32762	3289190.0	1776544968.809794	0.0	1.0	-1.0	-1.0	-1.0	-1.0	-1.0	-1.0	-1.0	-1.0	0.0	marker	peace	Peace	25	0418
-68541.66	-54952.515	-104749.33499999999	-18597.915	0.0	0.0	0.0	0.0	0.0	0.0	0.0	0.0	0.0	0.0	0.0	0.0	0.0	0.0	146.13793103448276	0.0	0.038024805	-0.010681125	1.008115095	-0.12208	1.526	-1.32762	3289191.0	1776544968.81737	0.0	1.0	-1.0	-1.0	-1.0	-1.0	-1.0	-1.0	-1.0	-1.0	0.0	marker	peace	Peace	25	0418
-68530.68	-54951.795	-104737.68	-18579.735	0.0	0.0	0.0	0.0	0.0	0.0	0.0	0.0	0.0	0.0	0.0	0.0	0.0	0.0	146.13793103448276	0.0	0.038024805	-0.010681125	1.008115095	-0.12208	1.526	-1.32762	3289192.0	1776544968.817379	0.0	1.0	-1.0	-1.0	-1.0	-1.0	-1.0	-1.0	-1.0	-1.0	0.0	marker	peace	Peace	25	0418
-68471.45999999999	-54958.68	-104664.105	-18496.485	0.0	0.0	0.0	0.0	0.0	0.0	0.0	0.0	0.0	0.0	0.0	0.0	0.0	0.0	146.13793103448276	0.0	0.038024805	-0.010681125	1.008115095	-0.12208	1.526	-1.32762	3289193.0	1776544968.81748	0.0	1.0	-1.0	-1.0	-1.0	-1.0	-1.0	-1.0	-1.0	-1.0	0.0	marker	peace	Peace	25	0418
-68490.27	-54968.49	-104700.23999999999	-18528.704999999998	0.0	0.0	0.0	0.0	0.0	0.0	0.0	0.0	0.0	0.0	0.0	0.0	0.0	0.0	146.13793103448276	0.0	0.038024805	-0.010681125	1.008115095	-0.12208	1.526	-1.32762	3289194.0	1776544968.817501	0.0	1.0	-1.0	-1.0	-1.0	-1.0	-1.0	-1.0	-1.0	-1.0	0.0	marker	peace	Peace	25	0418
-68498.28	-54965.52	-104718.87	-18535.32	0.0	0.0	0.0	0.0	0.0	0.0	0.0	0.0	0.0	0.0	0.0	0.0	0.0	0.0	146.13793103448276	0.0	0.038024805	-0.010681125	1.008115095	-0.12208	1.526	-1.32762	3289195.0	1776544968.823888	0.0	1.0	-1.0	-1.0	-1.0	-1.0	-1.0	-1.0	-1.0	-1.0	0.0	marker	peace	Peace	25	0418
-68473.215	-54967.365	-104679.0	-18513.945	0.0	0.0	0.0	0.0	0.0	0.0	0.0	0.0	0.0	0.0	0.0	0.0	0.0	0.0	146.13793103448276	0.0	0.038024805	-0.010681125	1.008115095	-0.12208	1.526	-1.32762	3289196.0	1776544968.823897	0.0	1.0	-1.0	-1.0	-1.0	-1.0	-1.0	-1.0	-1.0	-1.0	0.0	marker	peace	Peace	25	0418
-68507.955	-54974.835	-104705.37	-18543.78	0.0	0.0	0.0	0.0	0.0	0.0	0.0	0.0	0.0	0.0	0.0	0.0	0.0	0.0	146.13793103448276	0.0	0.039001365	-0.012756315	1.0144017	-0.77826	1.4039199999999998	-1.0682	3289197.0	1776544968.828198	0.0	1.0	-1.0	-1.0	-1.0	-1.0	-1.0	-1.0	-1.0	-1.0	0.0	marker	peace	Peace	25	0418
-68536.8	-54974.655	-104731.425	-18569.79	0.0	0.0	0.0	0.0	0.0	0.0	0.0	0.0	0.0	0.0	0.0	0.0	0.0	0.0	146.13793103448276	0.0	0.039001365	-0.012756315	1.0144017	-0.77826	1.4039199999999998	-1.0682	3289198.0	1776544968.828209	0.0	1.0	-1.0	-1.0	-1.0	-1.0	-1.0	-1.0	-1.0	-1.0	0.0	marker	peace	Peace	25	0418
-68500.53	-54963.45	-104696.955	-18538.29	0.0	0.0	0.0	0.0	0.0	0.0	0.0	0.0	0.0	0.0	0.0	0.0	0.0	0.0	146.13793103448276	0.0	0.039001365	-0.012756315	1.0144017	-0.77826	1.4039199999999998	-1.0682	3289199.0	1776544968.82993	0.0	1.0	-1.0	-1.0	-1.0	-1.0	-1.0	-1.0	-1.0	-1.0	0.0	marker	peace	Peace	25	0418
-68500.8	-54974.79	-104691.78	-18535.815	0.0	0.0	0.0	0.0	0.0	0.0	0.0	0.0	0.0	0.0	0.0	0.0	0.0	0.0	146.13793103448276	0.0	0.039001365	-0.012756315	1.0144017	-0.77826	1.4039199999999998	-1.0682	3289200.0	1776544968.829939	0.0	1.0	-1.0	-1.0	-1.0	-1.0	-1.0	-1.0	-1.0	-1.0	0.0	marker	peace	Peace	25	0418
-68501.745	-54995.174999999996	-104698.665	-18546.614999999998	0.0	0.0	0.0	0.0	0.0	0.0	0.0	0.0	0.0	0.0	0.0	0.0	0.0	0.0	146.13793103448276	0.0	0.039001365	-0.012756315	1.0144017	-0.77826	1.4039199999999998	-1.0682	3289201.0	1776544968.833862	0.0	1.0	-1.0	-1.0	-1.0	-1.0	-1.0	-1.0	-1.0	-1.0	0.0	marker	peace	Peace	25	0418
-68510.79	-54994.185	-104735.565	-18564.84	0.0	0.0	0.0	0.0	0.0	0.0	0.0	0.0	0.0	0.0	0.0	0.0	0.0	0.0	146.13793103448276	0.0	0.039001365	-0.012756315	1.0144017	-0.77826	1.4039199999999998	-1.0682	3289202.0	1776544968.833869	0.0	1.0	-1.0	-1.0	-1.0	-1.0	-1.0	-1.0	-1.0	-1.0	0.0	marker	peace	Peace	25	0418
-68505.255	-55000.619999999995	-104728.995	-18573.57	0.0	0.0	0.0	0.0	0.0	0.0	0.0	0.0	0.0	0.0	0.0	0.0	0.0	0.0	146.13793103448276	0.0	0.039001365	-0.012756315	1.0144017	-0.77826	1.4039199999999998	-1.0682	3289203.0	1776544968.837868	0.0	1.0	-1.0	-1.0	-1.0	-1.0	-1.0	-1.0	-1.0	-1.0	0.0	marker	peace	Peace	25	0418
-68503.815	-55006.829999999994	-104724.405	-18562.995	0.0	0.0	0.0	0.0	0.0	0.0	0.0	0.0	0.0	0.0	0.0	0.0	0.0	0.0	146.13793103448276	0.0	0.039001365	-0.012756315	1.0144017	-0.77826	1.4039199999999998	-1.0682	3289204.0	1776544968.837874	0.0	1.0	-1.0	-1.0	-1.0	-1.0	-1.0	-1.0	-1.0	-1.0	0.0	marker	peace	Peace	25	0418
-68496.61499999999	-54998.369999999995	-104696.90999999999	-18526.635	0.0	0.0	0.0	0.0	0.0	0.0	0.0	0.0	0.0	0.0	0.0	0.0	0.0	0.0	146.13793103448276	0.0	0.039001365	-0.012756315	1.0144017	-0.77826	1.4039199999999998	-1.0682	3289205.0	1776544968.841808	0.0	1.0	-1.0	-1.0	-1.0	-1.0	-1.0	-1.0	-1.0	-1.0	0.0	marker	peace	Peace	25	0418
-68502.015	-54990.585	-104685.705	-18516.375	0.0	0.0	0.0	0.0	0.0	0.0	0.0	0.0	0.0	0.0	0.0	0.0	0.0	0.0	146.13793103448276	0.0	0.039001365	-0.012756315	1.0144017	-0.77826	1.4039199999999998	-1.0682	3289206.0	1776544968.841813	0.0	1.0	-1.0	-1.0	-1.0	-1.0	-1.0	-1.0	-1.0	-1.0	0.0	marker	peace	Peace	25	0418
-68493.06	-54981.225	-104698.125	-18530.28	0.0	0.0	0.0	0.0	0.0	0.0	0.0	0.0	0.0	0.0	0.0	0.0	0.0	0.0	146.13793103448276	0.0	0.041442765	-0.012329070000000001	1.0205052000000001	-2.8078399999999997	1.00716	0.6103999999999999	3289207.0	1776544968.846018	0.0	1.0	-1.0	-1.0	-1.0	-1.0	-1.0	-1.0	-1.0	-1.0	0.0	marker	peace	Peace	25	0418
-68462.81999999999	-54964.215	-104677.605	-18514.395	0.0	0.0	0.0	0.0	0.0	0.0	0.0	0.0	0.0	0.0	0.0	0.0	0.0	0.0	146.13793103448276	0.0	0.041442765	-0.012329070000000001	1.0205052000000001	-2.8078399999999997	1.00716	0.6103999999999999	3289208.0	1776544968.846024	0.0	1.0	-1.0	-1.0	-1.0	-1.0	-1.0	-1.0	-1.0	-1.0	0.0	marker	peace	Peace	25	0418
-68492.43	-54964.979999999996	-104677.2	-18515.295	0.0	0.0	0.0	0.0	0.0	0.0	0.0	0.0	0.0	0.0	0.0	0.0	0.0	0.0	146.13793103448276	0.0	0.041442765	-0.012329070000000001	1.0205052000000001	-2.8078399999999997	1.00716	0.6103999999999999	3289209.0	1776544968.85382	0.0	1.0	-1.0	-1.0	-1.0	-1.0	-1.0	-1.0	-1.0	-1.0	0.0	marker	peace	Peace	25	0418
-68517.98999999999	-54974.204999999994	-104691.19499999999	-18530.864999999998	0.0	0.0	0.0	0.0	0.0	0.0	0.0	0.0	0.0	0.0	0.0	0.0	0.0	0.0	146.13793103448276	0.0	0.041442765	-0.012329070000000001	1.0205052000000001	-2.8078399999999997	1.00716	0.6103999999999999	3289210.0	1776544968.853825	0.0	1.0	-1.0	-1.0	-1.0	-1.0	-1.0	-1.0	-1.0	-1.0	0.0	marker	peace	Peace	25	0418
-68531.895	-54982.17	-104715.18	-18558.63	0.0	0.0	0.0	0.0	0.0	0.0	0.0	0.0	0.0	0.0	0.0	0.0	0.0	0.0	146.13793103448276	0.0	0.041442765	-0.012329070000000001	1.0205052000000001	-2.8078399999999997	1.00716	0.6103999999999999	3289211.0	1776544968.853831	0.0	1.0	-1.0	-1.0	-1.0	-1.0	-1.0	-1.0	-1.0	-1.0	0.0	marker	peace	Peace	25	0418
-68490.54	-54978.975	-104696.14499999999	-18540.855	0.0	0.0	0.0	0.0	0.0	0.0	0.0	0.0	0.0	0.0	0.0	0.0	0.0	0.0	146.13793103448276	0.0	0.041442765	-0.012329070000000001	1.0205052000000001	-2.8078399999999997	1.00716	0.6103999999999999	3289212.0	1776544968.853836	0.0	1.0	-1.0	-1.0	-1.0	-1.0	-1.0	-1.0	-1.0	-1.0	0.0	marker	peace	Peace	25	0418
-68511.69	-54973.799999999996	-104712.48	-18542.745	0.0	0.0	0.0	0.0	0.0	0.0	0.0	0.0	0.0	0.0	0.0	0.0	0.0	0.0	146.13793103448276	0.0	0.041442765	-0.012329070000000001	1.0205052000000001	-2.8078399999999997	1.00716	0.6103999999999999	3289213.0	1776544968.857925	0.0	1.0	-1.0	-1.0	-1.0	-1.0	-1.0	-1.0	-1.0	-1.0	0.0	marker	peace	Peace	25	0418
-68505.345	-54960.299999999996	-104699.97	-18551.925	0.0	0.0	0.0	0.0	0.0	0.0	0.0	0.0	0.0	0.0	0.0	0.0	0.0	0.0	146.13793103448276	0.0	0.041442765	-0.012329070000000001	1.0205052000000001	-2.8078399999999997	1.00716	0.6103999999999999	3289214.0	1776544968.857929	0.0	1.0	-1.0	-1.0	-1.0	-1.0	-1.0	-1.0	-1.0	-1.0	0.0	marker	peace	Peace	25	0418
-68477.31	-54946.935	-104671.845	-18528.57	0.0	0.0	0.0	0.0	0.0	0.0	0.0	0.0	0.0	0.0	0.0	0.0	0.0	0.0	146.13793103448276	0.0	0.041442765	-0.012329070000000001	1.0205052000000001	-2.8078399999999997	1.00716	0.6103999999999999	3289215.0	1776544968.86207	0.0	1.0	-1.0	-1.0	-1.0	-1.0	-1.0	-1.0	-1.0	-1.0	0.0	marker	peace	Peace	25	0418
-68432.94	-54946.17	-104649.75	-18478.53	0.0	0.0	0.0	0.0	0.0	0.0	0.0	0.0	0.0	0.0	0.0	0.0	0.0	0.0	146.13793103448276	0.0	0.041442765	-0.012329070000000001	1.0205052000000001	-2.8078399999999997	1.00716	0.6103999999999999	3289216.0	1776544968.862086	0.0	1.0	-1.0	-1.0	-1.0	-1.0	-1.0	-1.0	-1.0	-1.0	0.0	marker	peace	Peace	25	0418
-68413.05	-54945.36	-104657.44499999999	-18476.82	0.0	0.0	0.0	0.0	0.0	0.0	0.0	0.0	0.0	0.0	0.0	0.0	0.0	0.0	146.13793103448276	0.0	0.04443348	-0.02282709	1.021298655	-1.69386	0.88508	0.2289	3289217.0	1776544968.865988	0.0	1.0	-1.0	-1.0	-1.0	-1.0	-1.0	-1.0	-1.0	-1.0	0.0	marker	peace	Peace	25	0418
-68483.655	-54951.75	-104713.47	-18550.98	0.0	0.0	0.0	0.0	0.0	0.0	0.0	0.0	0.0	0.0	0.0	0.0	0.0	0.0	146.13793103448276	0.0	0.04443348	-0.02282709	1.021298655	-1.69386	0.88508	0.2289	3289218.0	1776544968.865999	0.0	1.0	-1.0	-1.0	-1.0	-1.0	-1.0	-1.0	-1.0	-1.0	0.0	marker	peace	Peace	25	0418
-68576.805	-54955.935	-104770.845	-18605.25	0.0	0.0	0.0	0.0	0.0	0.0	0.0	0.0	0.0	0.0	0.0	0.0	0.0	0.0	146.13793103448276	0.0	0.04443348	-0.02282709	1.021298655	-1.69386	0.88508	0.2289	3289219.0	1776544968.869853	0.0	1.0	-1.0	-1.0	-1.0	-1.0	-1.0	-1.0	-1.0	-1.0	0.0	marker	peace	Peace	25	0418
-68548.14	-54963.27	-104761.89	-18585.09	0.0	0.0	0.0	0.0	0.0	0.0	0.0	0.0	0.0	0.0	0.0	0.0	0.0	0.0	146.13793103448276	0.0	0.04443348	-0.02282709	1.021298655	-1.69386	0.88508	0.2289	3289220.0	1776544968.869857	0.0	1.0	-1.0	-1.0	-1.0	-1.0	-1.0	-1.0	-1.0	-1.0	0.0	marker	peace	Peace	25	0418
-68517.36	-54967.814999999995	-104710.59	-18554.445	0.0	0.0	0.0	0.0	0.0	0.0	0.0	0.0	0.0	0.0	0.0	0.0	0.0	0.0	146.13793103448276	0.0	0.04443348	-0.02282709	1.021298655	-1.69386	0.88508	0.2289	3289221.0	1776544968.873745	0.0	1.0	-1.0	-1.0	-1.0	-1.0	-1.0	-1.0	-1.0	-1.0	0.0	marker	peace	Peace	25	0418
-68512.545	-54966.42	-104700.19499999999	-18546.84	0.0	0.0	0.0	0.0	0.0	0.0	0.0	0.0	0.0	0.0	0.0	0.0	0.0	0.0	146.13793103448276	0.0	0.04443348	-0.02282709	1.021298655	-1.69386	0.88508	0.2289	3289222.0	1776544968.873751	0.0	1.0	-1.0	-1.0	-1.0	-1.0	-1.0	-1.0	-1.0	-1.0	0.0	marker	peace	Peace	25	0418
-68514.525	-54966.24	-104709.69	-18550.35	0.0	0.0	0.0	0.0	0.0	0.0	0.0	0.0	0.0	0.0	0.0	0.0	0.0	0.0	146.13793103448276	0.0	0.04443348	-0.02282709	1.021298655	-1.69386	0.88508	0.2289	3289223.0	1776544968.878124	0.0	1.0	-1.0	-1.0	-1.0	-1.0	-1.0	-1.0	-1.0	-1.0	0.0	marker	peace	Peace	25	0418
-68514.3	-54961.965	-104733.45	-18552.96	0.0	0.0	0.0	0.0	0.0	0.0	0.0	0.0	0.0	0.0	0.0	0.0	0.0	0.0	146.13793103448276	0.0	0.04443348	-0.02282709	1.021298655	-1.69386	0.88508	0.2289	3289224.0	1776544968.87813	0.0	1.0	-1.0	-1.0	-1.0	-1.0	-1.0	-1.0	-1.0	-1.0	0.0	marker	peace	Peace	25	0418
-68510.47499999999	-54951.165	-104723.64	-18560.34	0.0	0.0	0.0	0.0	0.0	0.0	0.0	0.0	0.0	0.0	0.0	0.0	0.0	0.0	146.13793103448276	0.0	0.04443348	-0.02282709	1.021298655	-1.69386	0.88508	0.2289	3289225.0	1776544968.88192	0.0	1.0	-1.0	-1.0	-1.0	-1.0	-1.0	-1.0	-1.0	-1.0	0.0	marker	peace	Peace	25	0418
-68528.745	-54951.84	-104721.48	-18566.055	0.0	0.0	0.0	0.0	0.0	0.0	0.0	0.0	0.0	0.0	0.0	0.0	0.0	0.0	146.13793103448276	0.0	0.04443348	-0.02282709	1.021298655	-1.69386	0.88508	0.2289	3289226.0	1776544968.881926	0.0	1.0	-1.0	-1.0	-1.0	-1.0	-1.0	-1.0	-1.0	-1.0	0.0	marker	peace	Peace	25	0418
-68493.915	-54950.22	-104682.28499999999	-18518.445	0.0	0.0	0.0	0.0	0.0	0.0	0.0	0.0	0.0	0.0	0.0	0.0	0.0	0.0	146.13793103448276	0.0	0.04235829	-0.031799235	1.02209211	-0.42728	-0.10682	0.09156	3289227.0	1776544968.885864	0.0	1.0	-1.0	-1.0	-1.0	-1.0	-1.0	-1.0	-1.0	-1.0	0.0	marker	peace	Peace	25	0418
-68470.515	-54956.475	-104685.885	-18503.28	0.0	0.0	0.0	0.0	0.0	0.0	0.0	0.0	0.0	0.0	0.0	0.0	0.0	0.0	146.13793103448276	0.0	0.04235829	-0.031799235	1.02209211	-0.42728	-0.10682	0.09156	3289228.0	1776544968.885868	0.0	1.0	-1.0	-1.0	-1.0	-1.0	-1.0	-1.0	-1.0	-1.0	0.0	marker	peace	Peace	25	0418
-68509.845	-54981.314999999995	-104726.79	-18541.395	0.0	0.0	0.0	0.0	0.0	0.0	0.0	0.0	0.0	0.0	0.0	0.0	0.0	0.0	146.13793103448276	0.0	0.04235829	-0.031799235	1.02209211	-0.42728	-0.10682	0.09156	3289229.0	1776544968.889928	0.0	1.0	-1.0	-1.0	-1.0	-1.0	-1.0	-1.0	-1.0	-1.0	0.0	marker	peace	Peace	25	0418
-68487.84	-54995.985	-104677.2	-18496.89	0.0	0.0	0.0	0.0	0.0	0.0	0.0	0.0	0.0	0.0	0.0	0.0	0.0	0.0	146.13793103448276	0.0	0.04235829	-0.031799235	1.02209211	-0.42728	-0.10682	0.09156	3289230.0	1776544968.889933	0.0	1.0	-1.0	-1.0	-1.0	-1.0	-1.0	-1.0	-1.0	-1.0	0.0	marker	peace	Peace	25	0418
-68451.93	-55000.439999999995	-104649.48	-18488.43	0.0	0.0	0.0	0.0	0.0	0.0	0.0	0.0	0.0	0.0	0.0	0.0	0.0	0.0	146.13793103448276	0.0	0.04235829	-0.031799235	1.02209211	-0.42728	-0.10682	0.09156	3289231.0	1776544968.89405	0.0	1.0	-1.0	-1.0	-1.0	-1.0	-1.0	-1.0	-1.0	-1.0	0.0	marker	peace	Peace	25	0418
-68469.61499999999	-55005.57	-104692.31999999999	-18555.48	0.0	0.0	0.0	0.0	0.0	0.0	0.0	0.0	0.0	0.0	0.0	0.0	0.0	0.0	146.13793103448276	0.0	0.04235829	-0.031799235	1.02209211	-0.42728	-0.10682	0.09156	3289232.0	1776544968.894055	0.0	1.0	-1.0	-1.0	-1.0	-1.0	-1.0	-1.0	-1.0	-1.0	0.0	marker	peace	Peace	25	0418
-68537.925	-55009.439999999995	-104739.97499999999	-18574.695	0.0	0.0	0.0	0.0	0.0	0.0	0.0	0.0	0.0	0.0	0.0	0.0	0.0	0.0	146.13793103448276	0.0	0.04235829	-0.031799235	1.02209211	-0.42728	-0.10682	0.09156	3289233.0	1776544968.901582	0.0	1.0	-1.0	-1.0	-1.0	-1.0	-1.0	-1.0	-1.0	-1.0	0.0	marker	peace	Peace	25	0418
-68497.605	-55012.725	-104698.62	-18532.575	0.0	0.0	0.0	0.0	0.0	0.0	0.0	0.0	0.0	0.0	0.0	0.0	0.0	0.0	146.13793103448276	0.0	0.04235829	-0.031799235	1.02209211	-0.42728	-0.10682	0.09156	3289234.0	1776544968.90159	0.0	1.0	-1.0	-1.0	-1.0	-1.0	-1.0	-1.0	-1.0	-1.0	0.0	marker	peace	Peace	25	0418
-68497.83	-55009.439999999995	-104714.73	-18539.594999999998	0.0	0.0	0.0	0.0	0.0	0.0	0.0	0.0	0.0	0.0	0.0	0.0	0.0	0.0	146.13793103448276	0.0	0.04235829	-0.031799235	1.02209211	-0.42728	-0.10682	0.09156	3289235.0	1776544968.901998	0.0	1.0	-1.0	-1.0	-1.0	-1.0	-1.0	-1.0	-1.0	-1.0	0.0	marker	peace	Peace	25	0418
-68499.315	-55000.619999999995	-104713.605	-18549.495	0.0	0.0	0.0	0.0	0.0	0.0	0.0	0.0	0.0	0.0	0.0	0.0	0.0	0.0	146.13793103448276	0.0	0.04235829	-0.031799235	1.02209211	-0.42728	-0.10682	0.09156	3289236.0	1776544968.902002	0.0	1.0	-1.0	-1.0	-1.0	-1.0	-1.0	-1.0	-1.0	-1.0	0.0	marker	peace	Peace	25	0418
-68506.155	-55001.204999999994	-104697.36	-18533.34	0.0	0.0	0.0	0.0	0.0	0.0	0.0	0.0	0.0	0.0	0.0	0.0	0.0	0.0	146.13793103448276	0.0	0.036804105000000004	-0.03527823	1.02355695	0.6867	-0.03052	0.8392999999999999	3289237.0	1776544968.906105	0.0	1.0	-1.0	-1.0	-1.0	-1.0	-1.0	-1.0	-1.0	-1.0	0.0	marker	peace	Peace	25	0418
-68439.105	-54997.74	-104646.465	-18495.495	0.0	0.0	0.0	0.0	0.0	0.0	0.0	0.0	0.0	0.0	0.0	0.0	0.0	0.0	146.13793103448276	0.0	0.036804105000000004	-0.03527823	1.02355695	0.6867	-0.03052	0.8392999999999999	3289238.0	1776544968.90611	0.0	1.0	-1.0	-1.0	-1.0	-1.0	-1.0	-1.0	-1.0	-1.0	0.0	marker	peace	Peace	25	0418
-68507.055	-54999.854999999996	-104691.015	-18531.27	0.0	0.0	0.0	0.0	0.0	0.0	0.0	0.0	0.0	0.0	0.0	0.0	0.0	0.0	146.13793103448276	0.0	0.036804105000000004	-0.03527823	1.02355695	0.6867	-0.03052	0.8392999999999999	3289239.0	1776544968.909847	0.0	1.0	-1.0	-1.0	-1.0	-1.0	-1.0	-1.0	-1.0	-1.0	0.0	marker	peace	Peace	25	0418
-68551.605	-54994.365	-104740.01999999999	-18568.98	0.0	0.0	0.0	0.0	0.0	0.0	0.0	0.0	0.0	0.0	0.0	0.0	0.0	0.0	146.13793103448276	0.0	0.036804105000000004	-0.03527823	1.02355695	0.6867	-0.03052	0.8392999999999999	3289240.0	1776544968.909872	0.0	1.0	-1.0	-1.0	-1.0	-1.0	-1.0	-1.0	-1.0	-1.0	0.0	marker	peace	Peace	25	0418
-68516.64	-54976.95	-104733.0	-18573.84	0.0	0.0	0.0	0.0	0.0	0.0	0.0	0.0	0.0	0.0	0.0	0.0	0.0	0.0	146.13793103448276	0.0	0.036804105000000004	-0.03527823	1.02355695	0.6867	-0.03052	0.8392999999999999	3289241.0	1776544968.914267	0.0	1.0	-1.0	-1.0	-1.0	-1.0	-1.0	-1.0	-1.0	-1.0	0.0	marker	peace	Peace	25	0418
-68536.035	-54966.689999999995	-104743.44	-18591.3	0.0	0.0	0.0	0.0	0.0	0.0	0.0	0.0	0.0	0.0	0.0	0.0	0.0	0.0	146.13793103448276	0.0	0.036804105000000004	-0.03527823	1.02355695	0.6867	-0.03052	0.8392999999999999	3289242.0	1776544968.914279	0.0	1.0	-1.0	-1.0	-1.0	-1.0	-1.0	-1.0	-1.0	-1.0	0.0	marker	peace	Peace	25	0418
-68525.45999999999	-54957.015	-104741.86499999999	-18582.795	0.0	0.0	0.0	0.0	0.0	0.0	0.0	0.0	0.0	0.0	0.0	0.0	0.0	0.0	146.13793103448276	0.0	0.036804105000000004	-0.03527823	1.02355695	0.6867	-0.03052	0.8392999999999999	3289243.0	1776544968.920327	0.0	1.0	-1.0	-1.0	-1.0	-1.0	-1.0	-1.0	-1.0	-1.0	0.0	marker	peace	Peace	25	0418
-68495.84999999999	-54952.56	-104708.79	-18529.155	0.0	0.0	0.0	0.0	0.0	0.0	0.0	0.0	0.0	0.0	0.0	0.0	0.0	0.0	146.13793103448276	0.0	0.036804105000000004	-0.03527823	1.02355695	0.6867	-0.03052	0.8392999999999999	3289244.0	1776544968.920342	0.0	1.0	-1.0	-1.0	-1.0	-1.0	-1.0	-1.0	-1.0	-1.0	0.0	marker	peace	Peace	25	0418
-68473.035	-54961.064999999995	-104663.205	-18500.76	0.0	0.0	0.0	0.0	0.0	0.0	0.0	0.0	0.0	0.0	0.0	0.0	0.0	0.0	146.13793103448276	0.0	0.036804105000000004	-0.03527823	1.02355695	0.6867	-0.03052	0.8392999999999999	3289245.0	1776544968.922265	0.0	1.0	-1.0	-1.0	-1.0	-1.0	-1.0	-1.0	-1.0	-1.0	0.0	marker	peace	Peace	25	0418
-68524.605	-54983.835	-104699.79	-18547.065	0.0	0.0	0.0	0.0	0.0	0.0	0.0	0.0	0.0	0.0	0.0	0.0	0.0	0.0	146.13793103448276	0.0	0.036804105000000004	-0.03527823	1.02355695	0.6867	-0.03052	0.8392999999999999	3289246.0	1776544968.92228	0.0	1.0	-1.0	-1.0	-1.0	-1.0	-1.0	-1.0	-1.0	-1.0	0.0	marker	peace	Peace	25	0418
-68520.33	-54999.314999999995	-104699.61	-18555.03	0.0	0.0	0.0	0.0	0.0	0.0	0.0	0.0	0.0	0.0	0.0	0.0	0.0	0.0	146.13793103448276	0.0	0.037292385	-0.04162587	1.01916243	1.9227599999999998	0.16785999999999998	-0.50358	3289247.0	1776544968.926914	0.0	1.0	-1.0	-1.0	-1.0	-1.0	-1.0	-1.0	-1.0	-1.0	0.0	marker	peace	Peace	25	0418
-68511.735	-54993.555	-104708.295	-18540.945	0.0	0.0	0.0	0.0	0.0	0.0	0.0	0.0	0.0	0.0	0.0	0.0	0.0	0.0	146.13793103448276	0.0	0.037292385	-0.04162587	1.01916243	1.9227599999999998	0.16785999999999998	-0.50358	3289248.0	1776544968.926929	0.0	1.0	-1.0	-1.0	-1.0	-1.0	-1.0	-1.0	-1.0	-1.0	0.0	marker	peace	Peace	25	0418
-68497.2	-54980.64	-104724.135	-18535.32	0.0	0.0	0.0	0.0	0.0	0.0	0.0	0.0	0.0	0.0	0.0	0.0	0.0	0.0	146.13793103448276	0.0	0.037292385	-0.04162587	1.01916243	1.9227599999999998	0.16785999999999998	-0.50358	3289249.0	1776544968.93019	0.0	1.0	-1.0	-1.0	-1.0	-1.0	-1.0	-1.0	-1.0	-1.0	0.0	marker	peace	Peace	25	0418
-68473.485	-54978.884999999995	-104692.23	-18522.809999999998	0.0	0.0	0.0	0.0	0.0	0.0	0.0	0.0	0.0	0.0	0.0	0.0	0.0	0.0	146.13793103448276	0.0	0.037292385	-0.04162587	1.01916243	1.9227599999999998	0.16785999999999998	-0.50358	3289250.0	1776544968.930199	0.0	1.0	-1.0	-1.0	-1.0	-1.0	-1.0	-1.0	-1.0	-1.0	0.0	marker	peace	Peace	25	0418
-68524.11	-54986.939999999995	-104726.87999999999	-18578.43	0.0	0.0	0.0	0.0	0.0	0.0	0.0	0.0	0.0	0.0	0.0	0.0	0.0	0.0	146.13793103448276	0.0	0.037292385	-0.04162587	1.01916243	1.9227599999999998	0.16785999999999998	-0.50358	3289251.0	1776544968.934166	0.0	1.0	-1.0	-1.0	-1.0	-1.0	-1.0	-1.0	-1.0	-1.0	0.0	marker	peace	Peace	25	0418
-68496.12	-54982.979999999996	-104691.015	-18550.844999999998	0.0	0.0	0.0	0.0	0.0	0.0	0.0	0.0	0.0	0.0	0.0	0.0	0.0	0.0	146.13793103448276	0.0	0.037292385	-0.04162587	1.01916243	1.9227599999999998	0.16785999999999998	-0.50358	3289252.0	1776544968.934181	0.0	1.0	-1.0	-1.0	-1.0	-1.0	-1.0	-1.0	-1.0	-1.0	0.0	marker	peace	Peace	25	0418
-68428.53	-54978.704999999994	-104613.84	-18467.505	0.0	0.0	0.0	0.0	0.0	0.0	0.0	0.0	0.0	0.0	0.0	0.0	0.0	0.0	146.13793103448276	0.0	0.037292385	-0.04162587	1.01916243	1.9227599999999998	0.16785999999999998	-0.50358	3289253.0	1776544968.938213	0.0	1.0	-1.0	-1.0	-1.0	-1.0	-1.0	-1.0	-1.0	-1.0	0.0	marker	peace	Peace	25	0418
-68481.405	-54999.314999999995	-104685.435	-18516.645	0.0	0.0	0.0	0.0	0.0	0.0	0.0	0.0	0.0	0.0	0.0	0.0	0.0	0.0	146.13793103448276	0.0	0.037292385	-0.04162587	1.01916243	1.9227599999999998	0.16785999999999998	-0.50358	3289254.0	1776544968.938228	0.0	1.0	-1.0	-1.0	-1.0	-1.0	-1.0	-1.0	-1.0	-1.0	0.0	marker	peace	Peace	25	0418
-68539.77	-55004.085	-104730.56999999999	-18560.16	0.0	0.0	0.0	0.0	0.0	0.0	0.0	0.0	0.0	0.0	0.0	0.0	0.0	0.0	146.13793103448276	0.0	0.037292385	-0.04162587	1.01916243	1.9227599999999998	0.16785999999999998	-0.50358	3289255.0	1776544968.942276	0.0	1.0	-1.0	-1.0	-1.0	-1.0	-1.0	-1.0	-1.0	-1.0	0.0	marker	peace	Peace	25	0418
-68537.025	-54999.945	-104709.915	-18554.67	0.0	0.0	0.0	0.0	0.0	0.0	0.0	0.0	0.0	0.0	0.0	0.0	0.0	0.0	146.13793103448276	0.0	0.037292385	-0.04162587	1.01916243	1.9227599999999998	0.16785999999999998	-0.50358	3289256.0	1776544968.94229	0.0	1.0	-1.0	-1.0	-1.0	-1.0	-1.0	-1.0	-1.0	-1.0	0.0	marker	peace	Peace	25	0418
-68533.2	-54997.695	-104713.875	-18559.035	0.0	0.0	0.0	0.0	0.0	0.0	0.0	0.0	0.0	0.0	0.0	0.0	0.0	0.0	146.13793103448276	0.0	0.04003896	-0.048034545	1.018246905	5.00528	0.2289	-1.84646	3289257.0	1776544968.946358	0.0	1.0	-1.0	-1.0	-1.0	-1.0	-1.0	-1.0	-1.0	-1.0	0.0	marker	peace	Peace	25	0418
-68520.59999999999	-54987.39	-104728.95	-18562.274999999998	0.0	0.0	0.0	0.0	0.0	0.0	0.0	0.0	0.0	0.0	0.0	0.0	0.0	0.0	146.13793103448276	0.0	0.04003896	-0.048034545	1.018246905	5.00528	0.2289	-1.84646	3289258.0	1776544968.946368	0.0	1.0	-1.0	-1.0	-1.0	-1.0	-1.0	-1.0	-1.0	-1.0	0.0	marker	peace	Peace	25	0418
-68480.19	-54977.805	-104707.125	-18536.715	0.0	0.0	0.0	0.0	0.0	0.0	0.0	0.0	0.0	0.0	0.0	0.0	0.0	0.0	146.13793103448276	0.0	0.04003896	-0.048034545	1.018246905	5.00528	0.2289	-1.84646	3289259.0	1776544968.950299	0.0	1.0	-1.0	-1.0	-1.0	-1.0	-1.0	-1.0	-1.0	-1.0	0.0	marker	peace	Peace	25	0418
-68437.935	-54977.13	-104639.22	-18471.465	0.0	0.0	0.0	0.0	0.0	0.0	0.0	0.0	0.0	0.0	0.0	0.0	0.0	0.0	146.13793103448276	0.0	0.04003896	-0.048034545	1.018246905	5.00528	0.2289	-1.84646	3289260.0	1776544968.950314	0.0	1.0	-1.0	-1.0	-1.0	-1.0	-1.0	-1.0	-1.0	-1.0	0.0	marker	peace	Peace	25	0418
-68475.87	-54988.2	-104669.64	-18492.48	0.0	0.0	0.0	0.0	0.0	0.0	0.0	0.0	0.0	0.0	0.0	0.0	0.0	0.0	146.13793103448276	0.0	0.04003896	-0.048034545	1.018246905	5.00528	0.2289	-1.84646	3289261.0	1776544968.954096	0.0	1.0	-1.0	-1.0	-1.0	-1.0	-1.0	-1.0	-1.0	-1.0	0.0	marker	peace	Peace	25	0418
-68543.19	-55009.125	-104723.37	-18559.71	0.0	0.0	0.0	0.0	0.0	0.0	0.0	0.0	0.0	0.0	0.0	0.0	0.0	0.0	146.13793103448276	0.0	0.04003896	-0.048034545	1.018246905	5.00528	0.2289	-1.84646	3289262.0	1776544968.954105	0.0	1.0	-1.0	-1.0	-1.0	-1.0	-1.0	-1.0	-1.0	-1.0	0.0	marker	peace	Peace	25	0418
-68515.92	-55018.665	-104725.39499999999	-18564.66	0.0	0.0	0.0	0.0	0.0	0.0	0.0	0.0	0.0	0.0	0.0	0.0	0.0	0.0	146.13793103448276	0.0	0.04003896	-0.048034545	1.018246905	5.00528	0.2289	-1.84646	3289263.0	1776544968.958164	0.0	1.0	-1.0	-1.0	-1.0	-1.0	-1.0	-1.0	-1.0	-1.0	0.0	marker	peace	Peace	25	0418
-68487.75	-55021.185	-104695.245	-18524.79	0.0	0.0	0.0	0.0	0.0	0.0	0.0	0.0	0.0	0.0	0.0	0.0	0.0	0.0	146.13793103448276	0.0	0.04003896	-0.048034545	1.018246905	5.00528	0.2289	-1.84646	3289264.0	1776544968.958173	0.0	1.0	-1.0	-1.0	-1.0	-1.0	-1.0	-1.0	-1.0	-1.0	0.0	marker	peace	Peace	25	0418
-68495.94	-55023.119999999995	-104682.105	-18517.094999999998	0.0	0.0	0.0	0.0	0.0	0.0	0.0	0.0	0.0	0.0	0.0	0.0	0.0	0.0	146.13793103448276	0.0	0.04003896	-0.048034545	1.018246905	5.00528	0.2289	-1.84646	3289265.0	1776544968.96224	0.0	1.0	-1.0	-1.0	-1.0	-1.0	-1.0	-1.0	-1.0	-1.0	0.0	marker	peace	Peace	25	0418
-68492.34	-55013.354999999996	-104692.59	-18527.355	0.0	0.0	0.0	0.0	0.0	0.0	0.0	0.0	0.0	0.0	0.0	0.0	0.0	0.0	146.13793103448276	0.0	0.04003896	-0.048034545	1.018246905	5.00528	0.2289	-1.84646	3289266.0	1776544968.962248	0.0	1.0	-1.0	-1.0	-1.0	-1.0	-1.0	-1.0	-1.0	-1.0	0.0	marker	peace	Peace	25	0418
-68497.47	-55005.165	-104724.765	-18559.62	0.0	0.0	0.0	0.0	0.0	0.0	0.0	0.0	0.0	0.0	0.0	0.0	0.0	0.0	146.13793103448276	0.0	0.0390624	-0.04174794	1.01965071	5.81406	0.13734	-2.2889999999999997	3289267.0	1776544968.966299	0.0	1.0	-1.0	-1.0	-1.0	-1.0	-1.0	-1.0	-1.0	-1.0	0.0	marker	peace	Peace	25	0418
-68506.69499999999	-54993.42	-104722.065	-18552.735	0.0	0.0	0.0	0.0	0.0	0.0	0.0	0.0	0.0	0.0	0.0	0.0	0.0	0.0	146.13793103448276	0.0	0.0390624	-0.04174794	1.01965071	5.81406	0.13734	-2.2889999999999997	3289268.0	1776544968.966309	0.0	1.0	-1.0	-1.0	-1.0	-1.0	-1.0	-1.0	-1.0	-1.0	0.0	marker	peace	Peace	25	0418
-68510.745	-54997.829999999994	-104728.72499999999	-18561.195	0.0	0.0	0.0	0.0	0.0	0.0	0.0	0.0	0.0	0.0	0.0	0.0	0.0	0.0	146.13793103448276	0.0	0.0390624	-0.04174794	1.01965071	5.81406	0.13734	-2.2889999999999997	3289269.0	1776544968.970292	0.0	1.0	-1.0	-1.0	-1.0	-1.0	-1.0	-1.0	-1.0	-1.0	0.0	marker	peace	Peace	25	0418
-68558.805	-55009.395	-104727.19499999999	-18564.344999999998	0.0	0.0	0.0	0.0	0.0	0.0	0.0	0.0	0.0	0.0	0.0	0.0	0.0	0.0	146.13793103448276	0.0	0.0390624	-0.04174794	1.01965071	5.81406	0.13734	-2.2889999999999997	3289270.0	1776544968.970301	0.0	1.0	-1.0	-1.0	-1.0	-1.0	-1.0	-1.0	-1.0	-1.0	0.0	marker	peace	Peace	25	0418
-68541.61499999999	-55009.215	-104715.45	-18555.03	0.0	0.0	0.0	0.0	0.0	0.0	0.0	0.0	0.0	0.0	0.0	0.0	0.0	0.0	146.13793103448276	0.0	0.0390624	-0.04174794	1.01965071	5.81406	0.13734	-2.2889999999999997	3289271.0	1776544968.974289	0.0	1.0	-1.0	-1.0	-1.0	-1.0	-1.0	-1.0	-1.0	-1.0	0.0	marker	peace	Peace	25	0418
-68503.005	-55002.195	-104713.83	-18560.52	0.0	0.0	0.0	0.0	0.0	0.0	0.0	0.0	0.0	0.0	0.0	0.0	0.0	0.0	146.13793103448276	0.0	0.0390624	-0.04174794	1.01965071	5.81406	0.13734	-2.2889999999999997	3289272.0	1776544968.974307	0.0	1.0	-1.0	-1.0	-1.0	-1.0	-1.0	-1.0	-1.0	-1.0	0.0	marker	peace	Peace	25	0418
-68502.555	-55010.384999999995	-104699.655	-18535.95	0.0	0.0	0.0	0.0	0.0	0.0	0.0	0.0	0.0	0.0	0.0	0.0	0.0	0.0	146.13793103448276	0.0	0.0390624	-0.04174794	1.01965071	5.81406	0.13734	-2.2889999999999997	3289273.0	1776544968.985875	0.0	1.0	-1.0	-1.0	-1.0	-1.0	-1.0	-1.0	-1.0	-1.0	0.0	marker	peace	Peace	25	0418
-68470.29	-55023.345	-104674.72499999999	-18502.785	0.0	0.0	0.0	0.0	0.0	0.0	0.0	0.0	0.0	0.0	0.0	0.0	0.0	0.0	146.13793103448276	0.0	0.0390624	-0.04174794	1.01965071	5.81406	0.13734	-2.2889999999999997	3289274.0	1776544968.985893	0.0	1.0	-1.0	-1.0	-1.0	-1.0	-1.0	-1.0	-1.0	-1.0	0.0	marker	peace	Peace	25	0418
-68490.27	-55019.159999999996	-104710.76999999999	-18542.745	0.0	0.0	0.0	0.0	0.0	0.0	0.0	0.0	0.0	0.0	0.0	0.0	0.0	0.0	146.13793103448276	0.0	0.0390624	-0.04174794	1.01965071	5.81406	0.13734	-2.2889999999999997	3289275.0	1776544968.985904	0.0	1.0	-1.0	-1.0	-1.0	-1.0	-1.0	-1.0	-1.0	-1.0	0.0	marker	peace	Peace	25	0418
-68553.94499999999	-55018.079999999994	-104756.04	-18588.375	0.0	0.0	0.0	0.0	0.0	0.0	0.0	0.0	0.0	0.0	0.0	0.0	0.0	0.0	146.13793103448276	0.0	0.0390624	-0.04174794	1.01965071	5.81406	0.13734	-2.2889999999999997	3289276.0	1776544968.985911	0.0	1.0	-1.0	-1.0	-1.0	-1.0	-1.0	-1.0	-1.0	-1.0	0.0	marker	peace	Peace	25	0418
-68533.92	-55018.755	-104706.98999999999	-18541.755	0.0	0.0	0.0	0.0	0.0	0.0	0.0	0.0	0.0	0.0	0.0	0.0	0.0	0.0	146.13793103448276	0.0	0.036621	-0.03198234	1.02197004	5.1273599999999995	-0.42728	-1.4191799999999999	3289277.0	1776544968.986645	0.0	1.0	-1.0	-1.0	-1.0	-1.0	-1.0	-1.0	-1.0	-1.0	0.0	marker	peace	Peace	25	0418
-68511.735	-55026.18	-104671.935	-18511.785	0.0	0.0	0.0	0.0	0.0	0.0	0.0	0.0	0.0	0.0	0.0	0.0	0.0	0.0	146.13793103448276	0.0	0.036621	-0.03198234	1.02197004	5.1273599999999995	-0.42728	-1.4191799999999999	3289278.0	1776544968.986661	0.0	1.0	-1.0	-1.0	-1.0	-1.0	-1.0	-1.0	-1.0	-1.0	0.0	marker	peace	Peace	25	0418
-68472.315	-55030.68	-104642.415	-18488.16	0.0	0.0	0.0	0.0	0.0	0.0	0.0	0.0	0.0	0.0	0.0	0.0	0.0	0.0	146.13793103448276	0.0	0.036621	-0.03198234	1.02197004	5.1273599999999995	-0.42728	-1.4191799999999999	3289279.0	1776544968.990496	0.0	1.0	-1.0	-1.0	-1.0	-1.0	-1.0	-1.0	-1.0	-1.0	0.0	marker	peace	Peace	25	0418
-68457.23999999999	-55023.525	-104650.69499999999	-18499.815	0.0	0.0	0.0	0.0	0.0	0.0	0.0	0.0	0.0	0.0	0.0	0.0	0.0	0.0	146.13793103448276	0.0	0.036621	-0.03198234	1.02197004	5.1273599999999995	-0.42728	-1.4191799999999999	3289280.0	1776544968.990511	0.0	1.0	-1.0	-1.0	-1.0	-1.0	-1.0	-1.0	-1.0	-1.0	0.0	marker	peace	Peace	25	0418
-68485.455	-55022.625	-104703.75	-18537.84	0.0	0.0	0.0	0.0	0.0	0.0	0.0	0.0	0.0	0.0	0.0	0.0	0.0	0.0	146.13793103448276	0.0	0.036621	-0.03198234	1.02197004	5.1273599999999995	-0.42728	-1.4191799999999999	3289281.0	1776544968.994375	0.0	1.0	-1.0	-1.0	-1.0	-1.0	-1.0	-1.0	-1.0	-1.0	0.0	marker	peace	Peace	25	0418
-68513.94	-55025.729999999996	-104718.375	-18561.6	0.0	0.0	0.0	0.0	0.0	0.0	0.0	0.0	0.0	0.0	0.0	0.0	0.0	0.0	146.13793103448276	0.0	0.036621	-0.03198234	1.02197004	5.1273599999999995	-0.42728	-1.4191799999999999	3289282.0	1776544968.994383	0.0	1.0	-1.0	-1.0	-1.0	-1.0	-1.0	-1.0	-1.0	-1.0	0.0	marker	peace	Peace	25	0418
-68517.09	-55030.229999999996	-104718.87	-18570.105	0.0	0.0	0.0	0.0	0.0	0.0	0.0	0.0	0.0	0.0	0.0	0.0	0.0	0.0	146.13793103448276	0.0	0.036621	-0.03198234	1.02197004	5.1273599999999995	-0.42728	-1.4191799999999999	3289283.0	1776544968.99848	0.0	1.0	-1.0	-1.0	-1.0	-1.0	-1.0	-1.0	-1.0	-1.0	0.0	marker	peace	Peace	25	0418
-68527.395	-55029.96	-104719.14	-18571.364999999998	0.0	0.0	0.0	0.0	0.0	0.0	0.0	0.0	0.0	0.0	0.0	0.0	0.0	0.0	146.13793103448276	0.0	0.036621	-0.03198234	1.02197004	5.1273599999999995	-0.42728	-1.4191799999999999	3289284.0	1776544968.998503	0.0	1.0	-1.0	-1.0	-1.0	-1.0	-1.0	-1.0	-1.0	-1.0	0.0	marker	peace	Peace	25	0418
-68529.87	-55031.49	-104728.995	-18556.695	0.0	0.0	0.0	0.0	0.0	0.0	0.0	0.0	0.0	0.0	0.0	0.0	0.0	0.0	146.13793103448276	0.0	0.036621	-0.03198234	1.02197004	5.1273599999999995	-0.42728	-1.4191799999999999	3289285.0	1776544969.002424	0.0	1.0	-1.0	-1.0	-1.0	-1.0	-1.0	-1.0	-1.0	-1.0	0.0	marker	peace	Peace	25	0418
-68519.47499999999	-55047.195	-104724.765	-18543.105	0.0	0.0	0.0	0.0	0.0	0.0	0.0	0.0	0.0	0.0	0.0	0.0	0.0	0.0	146.13793103448276	0.0	0.036621	-0.03198234	1.02197004	5.1273599999999995	-0.42728	-1.4191799999999999	3289286.0	1776544969.002444	0.0	1.0	-1.0	-1.0	-1.0	-1.0	-1.0	-1.0	-1.0	-1.0	0.0	marker	peace	Peace	25	0418
-68489.955	-55062.36	-104703.03	-18531.09	0.0	0.0	0.0	0.0	0.0	0.0	0.0	0.0	0.0	0.0	0.0	0.0	0.0	0.0	146.13793103448276	0.0	0.036621	-0.027160575	1.02428937	4.89846	-0.8698199999999999	0.33571999999999996	3289287.0	1776544969.006438	0.0	1.0	-1.0	-1.0	-1.0	-1.0	-1.0	-1.0	-1.0	-1.0	0.0	marker	peace	Peace	25	0418
-68420.745	-55066.454999999994	-104618.87999999999	-18459.27	0.0	0.0	0.0	0.0	0.0	0.0	0.0	0.0	0.0	0.0	0.0	0.0	0.0	0.0	146.13793103448276	0.0	0.036621	-0.027160575	1.02428937	4.89846	-0.8698199999999999	0.33571999999999996	3289288.0	1776544969.00645	0.0	1.0	-1.0	-1.0	-1.0	-1.0	-1.0	-1.0	-1.0	-1.0	0.0	marker	peace	Peace	25	0418
-68500.8	-55083.465	-104698.935	-18539.325	0.0	0.0	0.0	0.0	0.0	0.0	0.0	0.0	0.0	0.0	0.0	0.0	0.0	0.0	146.13793103448276	0.0	0.036621	-0.027160575	1.02428937	4.89846	-0.8698199999999999	0.33571999999999996	3289289.0	1776544969.010693	0.0	1.0	-1.0	-1.0	-1.0	-1.0	-1.0	-1.0	-1.0	-1.0	0.0	marker	peace	Peace	25	0418
-68552.81999999999	-55083.825	-104748.61499999999	-18578.835	0.0	0.0	0.0	0.0	0.0	0.0	0.0	0.0	0.0	0.0	0.0	0.0	0.0	0.0	146.13793103448276	0.0	0.036621	-0.027160575	1.02428937	4.89846	-0.8698199999999999	0.33571999999999996	3289290.0	1776544969.010711	0.0	1.0	-1.0	-1.0	-1.0	-1.0	-1.0	-1.0	-1.0	-1.0	0.0	marker	peace	Peace	25	0418
-68514.03	-55065.42	-104705.775	-18535.635	0.0	0.0	0.0	0.0	0.0	0.0	0.0	0.0	0.0	0.0	0.0	0.0	0.0	0.0	146.13793103448276	0.0	0.036621	-0.027160575	1.02428937	4.89846	-0.8698199999999999	0.33571999999999996	3289291.0	1776544969.014481	0.0	1.0	-1.0	-1.0	-1.0	-1.0	-1.0	-1.0	-1.0	-1.0	0.0	marker	peace	Peace	25	0418
-68495.94	-55054.979999999996	-104699.565	-18535.32	0.0	0.0	0.0	0.0	0.0	0.0	0.0	0.0	0.0	0.0	0.0	0.0	0.0	0.0	146.13793103448276	0.0	0.036621	-0.027160575	1.02428937	4.89846	-0.8698199999999999	0.33571999999999996	3289292.0	1776544969.014502	0.0	1.0	-1.0	-1.0	-1.0	-1.0	-1.0	-1.0	-1.0	-1.0	0.0	marker	peace	Peace	25	0418
-68522.04	-55066.32	-104728.59	-18559.62	0.0	0.0	0.0	0.0	0.0	0.0	0.0	0.0	0.0	0.0	0.0	0.0	0.0	0.0	146.13793103448276	0.0	0.036621	-0.027160575	1.02428937	4.89846	-0.8698199999999999	0.33571999999999996	3289293.0	1776544969.018248	0.0	1.0	-1.0	-1.0	-1.0	-1.0	-1.0	-1.0	-1.0	-1.0	0.0	marker	peace	Peace	25	0418
-68506.38	-55071.945	-104691.555	-18544.68	0.0	0.0	0.0	0.0	0.0	0.0	0.0	0.0	0.0	0.0	0.0	0.0	0.0	0.0	146.13793103448276	0.0	0.036621	-0.027160575	1.02428937	4.89846	-0.8698199999999999	0.33571999999999996	3289294.0	1776544969.018279	0.0	1.0	-1.0	-1.0	-1.0	-1.0	-1.0	-1.0	-1.0	-1.0	0.0	marker	peace	Peace	25	0418
-68484.19499999999	-55084.77	-104680.485	-18534.239999999998	0.0	0.0	0.0	0.0	0.0	0.0	0.0	0.0	0.0	0.0	0.0	0.0	0.0	0.0	146.13793103448276	0.0	0.036621	-0.027160575	1.02428937	4.89846	-0.8698199999999999	0.33571999999999996	3289295.0	1776544969.022318	0.0	1.0	-1.0	-1.0	-1.0	-1.0	-1.0	-1.0	-1.0	-1.0	0.0	marker	peace	Peace	25	0418
-68509.53	-55103.4	-104720.22	-18551.52	0.0	0.0	0.0	0.0	0.0	0.0	0.0	0.0	0.0	0.0	0.0	0.0	0.0	0.0	146.13793103448276	0.0	0.036621	-0.027160575	1.02428937	4.89846	-0.8698199999999999	0.33571999999999996	3289296.0	1776544969.022332	0.0	1.0	-1.0	-1.0	-1.0	-1.0	-1.0	-1.0	-1.0	-1.0	0.0	marker	peace	Peace	25	0418
-68507.19	-55105.38	-104712.03	-18537.84	0.0	0.0	0.0	0.0	0.0	0.0	0.0	0.0	0.0	0.0	0.0	0.0	0.0	0.0	146.13793103448276	0.0	0.03674307	-0.026306085	1.0241673	4.6085199999999995	-1.43444	-0.6714399999999999	3289297.0	1776544969.026466	0.0	1.0	-1.0	-1.0	-1.0	-1.0	-1.0	-1.0	-1.0	-1.0	0.0	marker	peace	Peace	25	0418
-68500.89	-55095.75	-104704.69499999999	-18538.469999999998	0.0	0.0	0.0	0.0	0.0	0.0	0.0	0.0	0.0	0.0	0.0	0.0	0.0	0.0	146.13793103448276	0.0	0.03674307	-0.026306085	1.0241673	4.6085199999999995	-1.43444	-0.6714399999999999	3289298.0	1776544969.026484	0.0	1.0	-1.0	-1.0	-1.0	-1.0	-1.0	-1.0	-1.0	-1.0	0.0	marker	peace	Peace	25	0418
-68494.095	-55083.329999999994	-104710.545	-18546.524999999998	0.0	0.0	0.0	0.0	0.0	0.0	0.0	0.0	0.0	0.0	0.0	0.0	0.0	0.0	146.13793103448276	0.0	0.03674307	-0.026306085	1.0241673	4.6085199999999995	-1.43444	-0.6714399999999999	3289299.0	1776544969.035782	0.0	1.0	-1.0	-1.0	-1.0	-1.0	-1.0	-1.0	-1.0	-1.0	0.0	marker	peace	Peace	25	0418
-68504.175	-55079.145	-104709.825	-18541.934999999998	0.0	0.0	0.0	0.0	0.0	0.0	0.0	0.0	0.0	0.0	0.0	0.0	0.0	0.0	146.13793103448276	0.0	0.03674307	-0.026306085	1.0241673	4.6085199999999995	-1.43444	-0.6714399999999999	3289300.0	1776544969.03581	0.0	1.0	-1.0	-1.0	-1.0	-1.0	-1.0	-1.0	-1.0	-1.0	0.0	marker	peace	Peace	25	0418
-68485.635	-55071.27	-104678.775	-18516.329999999998	0.0	0.0	0.0	0.0	0.0	0.0	0.0	0.0	0.0	0.0	0.0	0.0	0.0	0.0	146.13793103448276	0.0	0.03674307	-0.026306085	1.0241673	4.6085199999999995	-1.43444	-0.6714399999999999	3289301.0	1776544969.035833	0.0	1.0	-1.0	-1.0	-1.0	-1.0	-1.0	-1.0	-1.0	-1.0	0.0	marker	peace	Peace	25	0418
-68515.11	-55072.755	-104706.495	-18533.835	0.0	0.0	0.0	0.0	0.0	0.0	0.0	0.0	0.0	0.0	0.0	0.0	0.0	0.0	146.13793103448276	0.0	0.03674307	-0.026306085	1.0241673	4.6085199999999995	-1.43444	-0.6714399999999999	3289302.0	1776544969.035842	0.0	1.0	-1.0	-1.0	-1.0	-1.0	-1.0	-1.0	-1.0	-1.0	0.0	marker	peace	Peace	25	0418
-68520.69	-55090.755	-104717.43	-18543.239999999998	0.0	0.0	0.0	0.0	0.0	0.0	0.0	0.0	0.0	0.0	0.0	0.0	0.0	0.0	146.13793103448276	0.0	0.03674307	-0.026306085	1.0241673	4.6085199999999995	-1.43444	-0.6714399999999999	3289303.0	1776544969.038572	0.0	1.0	-1.0	-1.0	-1.0	-1.0	-1.0	-1.0	-1.0	-1.0	0.0	marker	peace	Peace	25	0418
-68524.965	-55111.994999999995	-104712.03	-18548.774999999998	0.0	0.0	0.0	0.0	0.0	0.0	0.0	0.0	0.0	0.0	0.0	0.0	0.0	0.0	146.13793103448276	0.0	0.03674307	-0.026306085	1.0241673	4.6085199999999995	-1.43444	-0.6714399999999999	3289304.0	1776544969.038588	0.0	1.0	-1.0	-1.0	-1.0	-1.0	-1.0	-1.0	-1.0	-1.0	0.0	marker	peace	Peace	25	0418
-68527.305	-55126.305	-104712.795	-18551.204999999998	0.0	0.0	0.0	0.0	0.0	0.0	0.0	0.0	0.0	0.0	0.0	0.0	0.0	0.0	146.13793103448276	0.0	0.03674307	-0.026306085	1.0241673	4.6085199999999995	-1.43444	-0.6714399999999999	3289305.0	1776544969.047576	0.0	1.0	-1.0	-1.0	-1.0	-1.0	-1.0	-1.0	-1.0	-1.0	0.0	marker	peace	Peace	25	0418
-68505.345	-55124.82	-104691.23999999999	-18540.63	0.0	0.0	0.0	0.0	0.0	0.0	0.0	0.0	0.0	0.0	0.0	0.0	0.0	0.0	146.13793103448276	0.0	0.03674307	-0.026306085	1.0241673	4.6085199999999995	-1.43444	-0.6714399999999999	3289306.0	1776544969.04761	0.0	1.0	-1.0	-1.0	-1.0	-1.0	-1.0	-1.0	-1.0	-1.0	0.0	marker	peace	Peace	25	0418
-68495.625	-55110.375	-104693.08499999999	-18535.364999999998	0.0	0.0	0.0	0.0	0.0	0.0	0.0	0.0	0.0	0.0	0.0	0.0	0.0	0.0	146.13793103448276	0.0	0.041808975	-0.022399845	1.017148275	3.78448	-1.00716	0.54936	3289307.0	1776544969.047635	0.0	1.0	-1.0	-1.0	-1.0	-1.0	-1.0	-1.0	-1.0	-1.0	0.0	marker	peace	Peace	25	0418
-68490.18	-55097.189999999995	-104701.95	-18528.84	0.0	0.0	0.0	0.0	0.0	0.0	0.0	0.0	0.0	0.0	0.0	0.0	0.0	0.0	146.13793103448276	0.0	0.041808975	-0.022399845	1.017148275	3.78448	-1.00716	0.54936	3289308.0	1776544969.047645	0.0	1.0	-1.0	-1.0	-1.0	-1.0	-1.0	-1.0	-1.0	-1.0	0.0	marker	peace	Peace	25	0418
-68511.735	-55108.799999999996	-104710.59	-18531.045	0.0	0.0	0.0	0.0	0.0	0.0	0.0	0.0	0.0	0.0	0.0	0.0	0.0	0.0	146.13793103448276	0.0	0.041808975	-0.022399845	1.017148275	3.78448	-1.00716	0.54936	3289309.0	1776544969.050537	0.0	1.0	-1.0	-1.0	-1.0	-1.0	-1.0	-1.0	-1.0	-1.0	0.0	marker	peace	Peace	25	0418
-68523.84	-55146.555	-104727.555	-18547.469999999998	0.0	0.0	0.0	0.0	0.0	0.0	0.0	0.0	0.0	0.0	0.0	0.0	0.0	0.0	146.13793103448276	0.0	0.041808975	-0.022399845	1.017148275	3.78448	-1.00716	0.54936	3289310.0	1776544969.050552	0.0	1.0	-1.0	-1.0	-1.0	-1.0	-1.0	-1.0	-1.0	-1.0	0.0	marker	peace	Peace	25	0418
-68502.915	-55153.439999999995	-104703.48	-18552.555	0.0	0.0	0.0	0.0	0.0	0.0	0.0	0.0	0.0	0.0	0.0	0.0	0.0	0.0	146.13793103448276	0.0	0.041808975	-0.022399845	1.017148275	3.78448	-1.00716	0.54936	3289311.0	1776544969.059906	0.0	1.0	-1.0	-1.0	-1.0	-1.0	-1.0	-1.0	-1.0	-1.0	0.0	marker	peace	Peace	25	0418
-68499.27	-55153.935	-104681.87999999999	-18541.71	0.0	0.0	0.0	0.0	0.0	0.0	0.0	0.0	0.0	0.0	0.0	0.0	0.0	0.0	146.13793103448276	0.0	0.041808975	-0.022399845	1.017148275	3.78448	-1.00716	0.54936	3289312.0	1776544969.059924	0.0	1.0	-1.0	-1.0	-1.0	-1.0	-1.0	-1.0	-1.0	-1.0	0.0	marker	peace	Peace	25	0418
-68503.005	-55149.165	-104695.425	-18535.094999999998	0.0	0.0	0.0	0.0	0.0	0.0	0.0	0.0	0.0	0.0	0.0	0.0	0.0	0.0	146.13793103448276	0.0	0.041808975	-0.022399845	1.017148275	3.78448	-1.00716	0.54936	3289313.0	1776544969.059945	0.0	1.0	-1.0	-1.0	-1.0	-1.0	-1.0	-1.0	-1.0	-1.0	0.0	marker	peace	Peace	25	0418
-68518.845	-55145.295	-104720.44499999999	-18536.219999999998	0.0	0.0	0.0	0.0	0.0	0.0	0.0	0.0	0.0	0.0	0.0	0.0	0.0	0.0	146.13793103448276	0.0	0.041808975	-0.022399845	1.017148275	3.78448	-1.00716	0.54936	3289314.0	1776544969.059952	0.0	1.0	-1.0	-1.0	-1.0	-1.0	-1.0	-1.0	-1.0	-1.0	0.0	marker	peace	Peace	25	0418
-68518.8	-55142.64	-104707.44	-18546.3	0.0	0.0	0.0	0.0	0.0	0.0	0.0	0.0	0.0	0.0	0.0	0.0	0.0	0.0	146.13793103448276	0.0	0.041808975	-0.022399845	1.017148275	3.78448	-1.00716	0.54936	3289315.0	1776544969.06266	0.0	1.0	-1.0	-1.0	-1.0	-1.0	-1.0	-1.0	-1.0	-1.0	0.0	marker	peace	Peace	25	0418
-68476.095	-55140.255	-104668.69499999999	-18524.655	0.0	0.0	0.0	0.0	0.0	0.0	0.0	0.0	0.0	0.0	0.0	0.0	0.0	0.0	146.13793103448276	0.0	0.041808975	-0.022399845	1.017148275	3.78448	-1.00716	0.54936	3289316.0	1776544969.062678	0.0	1.0	-1.0	-1.0	-1.0	-1.0	-1.0	-1.0	-1.0	-1.0	0.0	marker	peace	Peace	25	0418
-68460.93	-55134.72	-104676.48	-18521.864999999998	0.0	0.0	0.0	0.0	0.0	0.0	0.0	0.0	0.0	0.0	0.0	0.0	0.0	0.0	146.13793103448276	0.0	0.046935915	-0.021423285	1.012509615	2.50264	-0.35097999999999996	0.16785999999999998	3289317.0	1776544969.070254	0.0	1.0	-1.0	-1.0	-1.0	-1.0	-1.0	-1.0	-1.0	-1.0	0.0	marker	peace	Peace	25	0418
-68486.58	-55144.935	-104702.53499999999	-18529.695	0.0	0.0	0.0	0.0	0.0	0.0	0.0	0.0	0.0	0.0	0.0	0.0	0.0	0.0	146.13793103448276	0.0	0.046935915	-0.021423285	1.012509615	2.50264	-0.35097999999999996	0.16785999999999998	3289318.0	1776544969.070274	0.0	1.0	-1.0	-1.0	-1.0	-1.0	-1.0	-1.0	-1.0	-1.0	0.0	marker	peace	Peace	25	0418
-68493.465	-55163.97	-104713.69499999999	-18519.3	0.0	0.0	0.0	0.0	0.0	0.0	0.0	0.0	0.0	0.0	0.0	0.0	0.0	0.0	146.13793103448276	0.0	0.046935915	-0.021423285	1.012509615	2.50264	-0.35097999999999996	0.16785999999999998	3289319.0	1776544969.070292	0.0	1.0	-1.0	-1.0	-1.0	-1.0	-1.0	-1.0	-1.0	-1.0	0.0	marker	peace	Peace	25	0418
-68460.75	-55164.104999999996	-104671.03499999999	-18490.14	0.0	0.0	0.0	0.0	0.0	0.0	0.0	0.0	0.0	0.0	0.0	0.0	0.0	0.0	146.13793103448276	0.0	0.046935915	-0.021423285	1.012509615	2.50264	-0.35097999999999996	0.16785999999999998	3289320.0	1776544969.070301	0.0	1.0	-1.0	-1.0	-1.0	-1.0	-1.0	-1.0	-1.0	-1.0	0.0	marker	peace	Peace	25	0418
-68494.14	-55158.479999999996	-104704.37999999999	-18529.155	0.0	0.0	0.0	0.0	0.0	0.0	0.0	0.0	0.0	0.0	0.0	0.0	0.0	0.0	146.13793103448276	0.0	0.046935915	-0.021423285	1.012509615	2.50264	-0.35097999999999996	0.16785999999999998	3289321.0	1776544969.07476	0.0	1.0	-1.0	-1.0	-1.0	-1.0	-1.0	-1.0	-1.0	-1.0	0.0	marker	peace	Peace	25	0418
-68542.965	-55149.84	-104742.675	-18577.62	0.0	0.0	0.0	0.0	0.0	0.0	0.0	0.0	0.0	0.0	0.0	0.0	0.0	0.0	146.13793103448276	0.0	0.046935915	-0.021423285	1.012509615	2.50264	-0.35097999999999996	0.16785999999999998	3289322.0	1776544969.074775	0.0	1.0	-1.0	-1.0	-1.0	-1.0	-1.0	-1.0	-1.0	-1.0	0.0	marker	peace	Peace	25	0418
-68537.06999999999	-55139.939999999995	-104725.39499999999	-18562.95	0.0	0.0	0.0	0.0	0.0	0.0	0.0	0.0	0.0	0.0	0.0	0.0	0.0	0.0	146.13793103448276	0.0	0.046935915	-0.021423285	1.012509615	2.50264	-0.35097999999999996	0.16785999999999998	3289323.0	1776544969.078697	0.0	1.0	-1.0	-1.0	-1.0	-1.0	-1.0	-1.0	-1.0	-1.0	0.0	marker	peace	Peace	25	0418
-68539.815	-55133.549999999996	-104726.43	-18565.875	0.0	0.0	0.0	0.0	0.0	0.0	0.0	0.0	0.0	0.0	0.0	0.0	0.0	0.0	146.13793103448276	0.0	0.046935915	-0.021423285	1.012509615	2.50264	-0.35097999999999996	0.16785999999999998	3289324.0	1776544969.078723	0.0	1.0	-1.0	-1.0	-1.0	-1.0	-1.0	-1.0	-1.0	-1.0	0.0	marker	peace	Peace	25	0418
-68523.795	-55122.479999999996	-104720.31	-18556.425	0.0	0.0	0.0	0.0	0.0	0.0	0.0	0.0	0.0	0.0	0.0	0.0	0.0	0.0	146.13793103448276	0.0	0.046935915	-0.021423285	1.012509615	2.50264	-0.35097999999999996	0.16785999999999998	3289325.0	1776544969.0827	0.0	1.0	-1.0	-1.0	-1.0	-1.0	-1.0	-1.0	-1.0	-1.0	0.0	marker	peace	Peace	25	0418
-68522.355	-55129.59	-104722.29	-18553.5	0.0	0.0	0.0	0.0	0.0	0.0	0.0	0.0	0.0	0.0	0.0	0.0	0.0	0.0	146.13793103448276	0.0	0.046935915	-0.021423285	1.012509615	2.50264	-0.35097999999999996	0.16785999999999998	3289326.0	1776544969.082716	0.0	1.0	-1.0	-1.0	-1.0	-1.0	-1.0	-1.0	-1.0	-1.0	0.0	marker	peace	Peace	25	0418
-68515.73999999999	-55138.994999999995	-104722.605	-18557.1	0.0	0.0	0.0	0.0	0.0	0.0	0.0	0.0	0.0	0.0	0.0	0.0	0.0	0.0	146.13793103448276	0.0	0.049987665	-0.018859815000000002	1.008237165	1.2971	0.4578	0.79352	3289327.0	1776544969.086903	0.0	1.0	-1.0	-1.0	-1.0	-1.0	-1.0	-1.0	-1.0	-1.0	0.0	marker	peace	Peace	25	0418
-68522.13	-55152.134999999995	-104713.37999999999	-18557.415	0.0	0.0	0.0	0.0	0.0	0.0	0.0	0.0	0.0	0.0	0.0	0.0	0.0	0.0	146.13793103448276	0.0	0.049987665	-0.018859815000000002	1.008237165	1.2971	0.4578	0.79352	3289328.0	1776544969.08693	0.0	1.0	-1.0	-1.0	-1.0	-1.0	-1.0	-1.0	-1.0	-1.0	0.0	marker	peace	Peace	25	0418
-68520.915	-55167.345	-104701.995	-18540.09	0.0	0.0	0.0	0.0	0.0	0.0	0.0	0.0	0.0	0.0	0.0	0.0	0.0	0.0	146.13793103448276	0.0	0.049987665	-0.018859815000000002	1.008237165	1.2971	0.4578	0.79352	3289329.0	1776544969.090677	0.0	1.0	-1.0	-1.0	-1.0	-1.0	-1.0	-1.0	-1.0	-1.0	0.0	marker	peace	Peace	25	0418
-68478.61499999999	-55163.025	-104676.705	-18504.945	0.0	0.0	0.0	0.0	0.0	0.0	0.0	0.0	0.0	0.0	0.0	0.0	0.0	0.0	146.13793103448276	0.0	0.049987665	-0.018859815000000002	1.008237165	1.2971	0.4578	0.79352	3289330.0	1776544969.090689	0.0	1.0	-1.0	-1.0	-1.0	-1.0	-1.0	-1.0	-1.0	-1.0	0.0	marker	peace	Peace	25	0418
-68481.54	-55153.71	-104696.235	-18527.76	0.0	0.0	0.0	0.0	0.0	0.0	0.0	0.0	0.0	0.0	0.0	0.0	0.0	0.0	146.13793103448276	0.0	0.049987665	-0.018859815000000002	1.008237165	1.2971	0.4578	0.79352	3289331.0	1776544969.094614	0.0	1.0	-1.0	-1.0	-1.0	-1.0	-1.0	-1.0	-1.0	-1.0	0.0	marker	peace	Peace	25	0418
-68522.44499999999	-55138.95	-104714.325	-18542.79	0.0	0.0	0.0	0.0	0.0	0.0	0.0	0.0	0.0	0.0	0.0	0.0	0.0	0.0	146.13793103448276	0.0	0.049987665	-0.018859815000000002	1.008237165	1.2971	0.4578	0.79352	3289332.0	1776544969.094633	0.0	1.0	-1.0	-1.0	-1.0	-1.0	-1.0	-1.0	-1.0	-1.0	0.0	marker	peace	Peace	25	0418
-68535.855	-55120.545	-104729.44499999999	-18555.075	0.0	0.0	0.0	0.0	0.0	0.0	0.0	0.0	0.0	0.0	0.0	0.0	0.0	0.0	146.13793103448276	0.0	0.049987665	-0.018859815000000002	1.008237165	1.2971	0.4578	0.79352	3289333.0	1776544969.098735	0.0	1.0	-1.0	-1.0	-1.0	-1.0	-1.0	-1.0	-1.0	-1.0	0.0	marker	peace	Peace	25	0418
-68526.045	-55114.515	-104740.83	-18567.36	0.0	0.0	0.0	0.0	0.0	0.0	0.0	0.0	0.0	0.0	0.0	0.0	0.0	0.0	146.13793103448276	0.0	0.049987665	-0.018859815000000002	1.008237165	1.2971	0.4578	0.79352	3289334.0	1776544969.098753	0.0	1.0	-1.0	-1.0	-1.0	-1.0	-1.0	-1.0	-1.0	-1.0	0.0	marker	peace	Peace	25	0418
-68511.375	-55107.72	-104720.48999999999	-18545.67	0.0	0.0	0.0	0.0	0.0	0.0	0.0	0.0	0.0	0.0	0.0	0.0	0.0	0.0	146.13793103448276	0.0	0.049987665	-0.018859815000000002	1.008237165	1.2971	0.4578	0.79352	3289335.0	1776544969.10301	0.0	1.0	-1.0	-1.0	-1.0	-1.0	-1.0	-1.0	-1.0	-1.0	0.0	marker	peace	Peace	25	0418
-68513.58	-55105.244999999995	-104705.50499999999	-18541.35	0.0	0.0	0.0	0.0	0.0	0.0	0.0	0.0	0.0	0.0	0.0	0.0	0.0	0.0	146.13793103448276	0.0	0.049987665	-0.018859815000000002	1.008237165	1.2971	0.4578	0.79352	3289336.0	1776544969.103039	0.0	1.0	-1.0	-1.0	-1.0	-1.0	-1.0	-1.0	-1.0	-1.0	0.0	marker	peace	Peace	25	0418
-68518.17	-55114.515	-104713.065	-18552.555	0.0	0.0	0.0	0.0	0.0	0.0	0.0	0.0	0.0	0.0	0.0	0.0	0.0	0.0	146.13793103448276	0.0	0.044860725000000004	-0.020446725	1.01037339	-0.13734	0.8392999999999999	1.49548	3289337.0	1776544969.106717	0.0	1.0	-1.0	-1.0	-1.0	-1.0	-1.0	-1.0	-1.0	-1.0	0.0	marker	peace	Peace	25	0418
-68507.505	-55123.47	-104704.965	-18545.67	0.0	0.0	0.0	0.0	0.0	0.0	0.0	0.0	0.0	0.0	0.0	0.0	0.0	0.0	146.13793103448276	0.0	0.044860725000000004	-0.020446725	1.01037339	-0.13734	0.8392999999999999	1.49548	3289338.0	1776544969.106728	0.0	1.0	-1.0	-1.0	-1.0	-1.0	-1.0	-1.0	-1.0	-1.0	0.0	marker	peace	Peace	25	0418
-68521.005	-55125.54	-104714.45999999999	-18546.075	0.0	0.0	0.0	0.0	0.0	0.0	0.0	0.0	0.0	0.0	0.0	0.0	0.0	0.0	146.13793103448276	0.0	0.044860725000000004	-0.020446725	1.01037339	-0.13734	0.8392999999999999	1.49548	3289339.0	1776544969.111496	0.0	1.0	-1.0	-1.0	-1.0	-1.0	-1.0	-1.0	-1.0	-1.0	0.0	marker	peace	Peace	25	0418
-68505.93	-55122.255	-104691.915	-18534.015	0.0	0.0	0.0	0.0	0.0	0.0	0.0	0.0	0.0	0.0	0.0	0.0	0.0	0.0	146.13793103448276	0.0	0.044860725000000004	-0.020446725	1.01037339	-0.13734	0.8392999999999999	1.49548	3289340.0	1776544969.111507	0.0	1.0	-1.0	-1.0	-1.0	-1.0	-1.0	-1.0	-1.0	-1.0	0.0	marker	peace	Peace	25	0418
-68490.54	-55113.03	-104663.25	-18523.89	0.0	0.0	0.0	0.0	0.0	0.0	0.0	0.0	0.0	0.0	0.0	0.0	0.0	0.0	146.13793103448276	0.0	0.044860725000000004	-0.020446725	1.01037339	-0.13734	0.8392999999999999	1.49548	3289341.0	1776544969.11474	0.0	1.0	-1.0	-1.0	-1.0	-1.0	-1.0	-1.0	-1.0	-1.0	0.0	marker	peace	Peace	25	0418
-68475.915	-55103.534999999996	-104645.87999999999	-18505.89	0.0	0.0	0.0	0.0	0.0	0.0	0.0	0.0	0.0	0.0	0.0	0.0	0.0	0.0	146.13793103448276	0.0	0.044860725000000004	-0.020446725	1.01037339	-0.13734	0.8392999999999999	1.49548	3289342.0	1776544969.114766	0.0	1.0	-1.0	-1.0	-1.0	-1.0	-1.0	-1.0	-1.0	-1.0	0.0	marker	peace	Peace	25	0418
-68504.04	-55104.795	-104690.25	-18547.829999999998	0.0	0.0	0.0	0.0	0.0	0.0	0.0	0.0	0.0	0.0	0.0	0.0	0.0	0.0	146.13793103448276	0.0	0.044860725000000004	-0.020446725	1.01037339	-0.13734	0.8392999999999999	1.49548	3289343.0	1776544969.122132	0.0	1.0	-1.0	-1.0	-1.0	-1.0	-1.0	-1.0	-1.0	-1.0	0.0	marker	peace	Peace	25	0418
-68510.43	-55106.415	-104717.11499999999	-18563.489999999998	0.0	0.0	0.0	0.0	0.0	0.0	0.0	0.0	0.0	0.0	0.0	0.0	0.0	0.0	146.13793103448276	0.0	0.044860725000000004	-0.020446725	1.01037339	-0.13734	0.8392999999999999	1.49548	3289344.0	1776544969.122166	0.0	1.0	-1.0	-1.0	-1.0	-1.0	-1.0	-1.0	-1.0	-1.0	0.0	marker	peace	Peace	25	0418
-68488.38	-55118.204999999994	-104718.825	-18550.844999999998	0.0	0.0	0.0	0.0	0.0	0.0	0.0	0.0	0.0	0.0	0.0	0.0	0.0	0.0	146.13793103448276	0.0	0.044860725000000004	-0.020446725	1.01037339	-0.13734	0.8392999999999999	1.49548	3289345.0	1776544969.122787	0.0	1.0	-1.0	-1.0	-1.0	-1.0	-1.0	-1.0	-1.0	-1.0	0.0	marker	peace	Peace	25	0418
-68538.42	-55136.295	-104731.78499999999	-18556.829999999998	0.0	0.0	0.0	0.0	0.0	0.0	0.0	0.0	0.0	0.0	0.0	0.0	0.0	0.0	146.13793103448276	0.0	0.044860725000000004	-0.020446725	1.01037339	-0.13734	0.8392999999999999	1.49548	3289346.0	1776544969.122804	0.0	1.0	-1.0	-1.0	-1.0	-1.0	-1.0	-1.0	-1.0	-1.0	0.0	marker	peace	Peace	25	0418
-68486.4	-55138.049999999996	-104679.62999999999	-18512.055	0.0	0.0	0.0	0.0	0.0	0.0	0.0	0.0	0.0	0.0	0.0	0.0	0.0	0.0	146.13793103448276	0.0	0.03283683	-0.027099540000000002	1.01586654	1.0224199999999999	0.41202	0.6867	3289347.0	1776544969.126823	0.0	1.0	-1.0	-1.0	-1.0	-1.0	-1.0	-1.0	-1.0	-1.0	0.0	marker	peace	Peace	25	0418
-68382.63	-55128.689999999995	-104588.055	-18424.98	0.0	0.0	0.0	0.0	0.0	0.0	0.0	0.0	0.0	0.0	0.0	0.0	0.0	0.0	146.13793103448276	0.0	0.03283683	-0.027099540000000002	1.01586654	1.0224199999999999	0.41202	0.6867	3289348.0	1776544969.126836	0.0	1.0	-1.0	-1.0	-1.0	-1.0	-1.0	-1.0	-1.0	-1.0	0.0	marker	peace	Peace	25	0418
-68460.93	-55124.415	-104676.65999999999	-18513.719999999998	0.0	0.0	0.0	0.0	0.0	0.0	0.0	0.0	0.0	0.0	0.0	0.0	0.0	0.0	146.13793103448276	0.0	0.03283683	-0.027099540000000002	1.01586654	1.0224199999999999	0.41202	0.6867	3289349.0	1776544969.130842	0.0	1.0	-1.0	-1.0	-1.0	-1.0	-1.0	-1.0	-1.0	-1.0	0.0	marker	peace	Peace	25	0418
-68554.665	-55119.509999999995	-104758.37999999999	-18583.695	0.0	0.0	0.0	0.0	0.0	0.0	0.0	0.0	0.0	0.0	0.0	0.0	0.0	0.0	146.13793103448276	0.0	0.03283683	-0.027099540000000002	1.01586654	1.0224199999999999	0.41202	0.6867	3289350.0	1776544969.130856	0.0	1.0	-1.0	-1.0	-1.0	-1.0	-1.0	-1.0	-1.0	-1.0	0.0	marker	peace	Peace	25	0418
-68572.125	-55120.275	-104752.34999999999	-18577.395	0.0	0.0	0.0	0.0	0.0	0.0	0.0	0.0	0.0	0.0	0.0	0.0	0.0	0.0	146.13793103448276	0.0	0.03283683	-0.027099540000000002	1.01586654	1.0224199999999999	0.41202	0.6867	3289351.0	1776544969.134823	0.0	1.0	-1.0	-1.0	-1.0	-1.0	-1.0	-1.0	-1.0	-1.0	0.0	marker	peace	Peace	25	0418
-68567.715	-55123.064999999995	-104766.25499999999	-18603.495	0.0	0.0	0.0	0.0	0.0	0.0	0.0	0.0	0.0	0.0	0.0	0.0	0.0	0.0	146.13793103448276	0.0	0.03283683	-0.027099540000000002	1.01586654	1.0224199999999999	0.41202	0.6867	3289352.0	1776544969.134835	0.0	1.0	-1.0	-1.0	-1.0	-1.0	-1.0	-1.0	-1.0	-1.0	0.0	marker	peace	Peace	25	0418
-68517.09	-55128.78	-104742.315	-18583.02	0.0	0.0	0.0	0.0	0.0	0.0	0.0	0.0	0.0	0.0	0.0	0.0	0.0	0.0	146.13793103448276	0.0	0.03283683	-0.027099540000000002	1.01586654	1.0224199999999999	0.41202	0.6867	3289353.0	1776544969.138887	0.0	1.0	-1.0	-1.0	-1.0	-1.0	-1.0	-1.0	-1.0	-1.0	0.0	marker	peace	Peace	25	0418
-68502.23999999999	-55142.82	-104721.705	-18563.715	0.0	0.0	0.0	0.0	0.0	0.0	0.0	0.0	0.0	0.0	0.0	0.0	0.0	0.0	146.13793103448276	0.0	0.03283683	-0.027099540000000002	1.01586654	1.0224199999999999	0.41202	0.6867	3289354.0	1776544969.138906	0.0	1.0	-1.0	-1.0	-1.0	-1.0	-1.0	-1.0	-1.0	-1.0	0.0	marker	peace	Peace	25	0418
-68536.485	-55136.88	-104695.065	-18526.995	0.0	0.0	0.0	0.0	0.0	0.0	0.0	0.0	0.0	0.0	0.0	0.0	0.0	0.0	146.13793103448276	0.0	0.03283683	-0.027099540000000002	1.01586654	1.0224199999999999	0.41202	0.6867	3289355.0	1776544969.142888	0.0	1.0	-1.0	-1.0	-1.0	-1.0	-1.0	-1.0	-1.0	-1.0	0.0	marker	peace	Peace	25	0418
-68547.285	-55131.704999999994	-104697.45	-18522.855	0.0	0.0	0.0	0.0	0.0	0.0	0.0	0.0	0.0	0.0	0.0	0.0	0.0	0.0	146.13793103448276	0.0	0.03283683	-0.027099540000000002	1.01586654	1.0224199999999999	0.41202	0.6867	3289356.0	1776544969.142901	0.0	1.0	-1.0	-1.0	-1.0	-1.0	-1.0	-1.0	-1.0	-1.0	0.0	marker	peace	Peace	25	0418
-68543.09999999999	-55129.905	-104704.965	-18532.62	0.0	0.0	0.0	0.0	0.0	0.0	0.0	0.0	0.0	0.0	0.0	0.0	0.0	0.0	146.13793103448276	0.0	0.034606845	-0.030212325	1.017392415	1.38866	-0.33571999999999996	0.19838	3289357.0	1776544969.151218	0.0	1.0	-1.0	-1.0	-1.0	-1.0	-1.0	-1.0	-1.0	-1.0	0.0	marker	peace	Peace	25	0418
-68498.45999999999	-55127.97	-104689.845	-18539.055	0.0	0.0	0.0	0.0	0.0	0.0	0.0	0.0	0.0	0.0	0.0	0.0	0.0	0.0	146.13793103448276	0.0	0.034606845	-0.030212325	1.017392415	1.38866	-0.33571999999999996	0.19838	3289358.0	1776544969.151234	0.0	1.0	-1.0	-1.0	-1.0	-1.0	-1.0	-1.0	-1.0	-1.0	0.0	marker	peace	Peace	25	0418
-68489.01	-55135.665	-104679.9	-18543.51	0.0	0.0	0.0	0.0	0.0	0.0	0.0	0.0	0.0	0.0	0.0	0.0	0.0	0.0	146.13793103448276	0.0	0.034606845	-0.030212325	1.017392415	1.38866	-0.33571999999999996	0.19838	3289359.0	1776544969.151255	0.0	1.0	-1.0	-1.0	-1.0	-1.0	-1.0	-1.0	-1.0	-1.0	0.0	marker	peace	Peace	25	0418
-68488.11	-55145.025	-104694.20999999999	-18553.184999999998	0.0	0.0	0.0	0.0	0.0	0.0	0.0	0.0	0.0	0.0	0.0	0.0	0.0	0.0	146.13793103448276	0.0	0.034606845	-0.030212325	1.017392415	1.38866	-0.33571999999999996	0.19838	3289360.0	1776544969.151262	0.0	1.0	-1.0	-1.0	-1.0	-1.0	-1.0	-1.0	-1.0	-1.0	0.0	marker	peace	Peace	25	0418
-68500.17	-55146.555	-104729.805	-18572.94	0.0	0.0	0.0	0.0	0.0	0.0	0.0	0.0	0.0	0.0	0.0	0.0	0.0	0.0	146.13793103448276	0.0	0.034606845	-0.030212325	1.017392415	1.38866	-0.33571999999999996	0.19838	3289361.0	1776544969.154965	0.0	1.0	-1.0	-1.0	-1.0	-1.0	-1.0	-1.0	-1.0	-1.0	0.0	marker	peace	Peace	25	0418
-68517.72	-55147.634999999995	-104753.745	-18572.625	0.0	0.0	0.0	0.0	0.0	0.0	0.0	0.0	0.0	0.0	0.0	0.0	0.0	0.0	146.13793103448276	0.0	0.034606845	-0.030212325	1.017392415	1.38866	-0.33571999999999996	0.19838	3289362.0	1776544969.154979	0.0	1.0	-1.0	-1.0	-1.0	-1.0	-1.0	-1.0	-1.0	-1.0	0.0	marker	peace	Peace	25	0418
-68523.97499999999	-55150.02	-104703.435	-18519.344999999998	0.0	0.0	0.0	0.0	0.0	0.0	0.0	0.0	0.0	0.0	0.0	0.0	0.0	0.0	146.13793103448276	0.0	0.034606845	-0.030212325	1.017392415	1.38866	-0.33571999999999996	0.19838	3289363.0	1776544969.158954	0.0	1.0	-1.0	-1.0	-1.0	-1.0	-1.0	-1.0	-1.0	-1.0	0.0	marker	peace	Peace	25	0418
-68496.93	-55147.77	-104682.87	-18503.774999999998	0.0	0.0	0.0	0.0	0.0	0.0	0.0	0.0	0.0	0.0	0.0	0.0	0.0	0.0	146.13793103448276	0.0	0.034606845	-0.030212325	1.017392415	1.38866	-0.33571999999999996	0.19838	3289364.0	1776544969.158967	0.0	1.0	-1.0	-1.0	-1.0	-1.0	-1.0	-1.0	-1.0	-1.0	0.0	marker	peace	Peace	25	0418
-68491.62	-55142.729999999996	-104699.385	-18523.8	0.0	0.0	0.0	0.0	0.0	0.0	0.0	0.0	0.0	0.0	0.0	0.0	0.0	0.0	146.13793103448276	0.0	0.034606845	-0.030212325	1.017392415	1.38866	-0.33571999999999996	0.19838	3289365.0	1776544969.16298	0.0	1.0	-1.0	-1.0	-1.0	-1.0	-1.0	-1.0	-1.0	-1.0	0.0	marker	peace	Peace	25	0418
-68505.48	-55134.27	-104705.01	-18547.92	0.0	0.0	0.0	0.0	0.0	0.0	0.0	0.0	0.0	0.0	0.0	0.0	0.0	0.0	146.13793103448276	0.0	0.034606845	-0.030212325	1.017392415	1.38866	-0.33571999999999996	0.19838	3289366.0	1776544969.163018	0.0	1.0	-1.0	-1.0	-1.0	-1.0	-1.0	-1.0	-1.0	-1.0	0.0	marker	peace	Peace	25	0418
-68523.84	-55128.284999999996	-104729.67	-18564.075	0.0	0.0	0.0	0.0	0.0	0.0	0.0	0.0	0.0	0.0	0.0	0.0	0.0	0.0	146.13793103448276	0.0	0.041808975	-0.038268945	1.022153145	3.00622	-0.9003399999999999	-0.42728	3289367.0	1776544969.166895	0.0	1.0	-1.0	-1.0	-1.0	-1.0	-1.0	-1.0	-1.0	-1.0	0.0	marker	peace	Peace	25	0418
-68519.79	-55124.549999999996	-104725.8	-18552.555	0.0	0.0	0.0	0.0	0.0	0.0	0.0	0.0	0.0	0.0	0.0	0.0	0.0	0.0	146.13793103448276	0.0	0.041808975	-0.038268945	1.022153145	3.00622	-0.9003399999999999	-0.42728	3289368.0	1776544969.16691	0.0	1.0	-1.0	-1.0	-1.0	-1.0	-1.0	-1.0	-1.0	-1.0	0.0	marker	peace	Peace	25	0418
-68506.92	-55125.225	-104705.55	-18542.655	0.0	0.0	0.0	0.0	0.0	0.0	0.0	0.0	0.0	0.0	0.0	0.0	0.0	0.0	146.13793103448276	0.0	0.041808975	-0.038268945	1.022153145	3.00622	-0.9003399999999999	-0.42728	3289369.0	1776544969.170883	0.0	1.0	-1.0	-1.0	-1.0	-1.0	-1.0	-1.0	-1.0	-1.0	0.0	marker	peace	Peace	25	0418
-68522.4	-55124.865	-104719.185	-18554.85	0.0	0.0	0.0	0.0	0.0	0.0	0.0	0.0	0.0	0.0	0.0	0.0	0.0	0.0	146.13793103448276	0.0	0.041808975	-0.038268945	1.022153145	3.00622	-0.9003399999999999	-0.42728	3289370.0	1776544969.170913	0.0	1.0	-1.0	-1.0	-1.0	-1.0	-1.0	-1.0	-1.0	-1.0	0.0	marker	peace	Peace	25	0418
-68520.735	-55114.604999999996	-104700.465	-18539.145	0.0	0.0	0.0	0.0	0.0	0.0	0.0	0.0	0.0	0.0	0.0	0.0	0.0	0.0	146.13793103448276	0.0	0.041808975	-0.038268945	1.022153145	3.00622	-0.9003399999999999	-0.42728	3289371.0	1776544969.174872	0.0	1.0	-1.0	-1.0	-1.0	-1.0	-1.0	-1.0	-1.0	-1.0	0.0	marker	peace	Peace	25	0418
-68487.075	-55106.64	-104654.06999999999	-18502.605	0.0	0.0	0.0	0.0	0.0	0.0	0.0	0.0	0.0	0.0	0.0	0.0	0.0	0.0	146.0	0.0	0.041808975	-0.038268945	1.022153145	3.00622	-0.9003399999999999	-0.42728	3289372.0	1776544969.174884	0.0	1.0	-1.0	-1.0	-1.0	-1.0	-1.0	-1.0	-1.0	-1.0	0.0	marker	peace	Peace	25	0418
-68450.13	-55126.215	-104627.205	-18498.059999999998	0.0	0.0	0.0	0.0	0.0	0.0	0.0	0.0	0.0	0.0	0.0	0.0	0.0	0.0	146.0	0.0	0.041808975	-0.038268945	1.022153145	3.00622	-0.9003399999999999	-0.42728	3289373.0	1776544969.178991	0.0	1.0	-1.0	-1.0	-1.0	-1.0	-1.0	-1.0	-1.0	-1.0	0.0	marker	peace	Peace	25	0418
-68543.19	-55156.095	-104736.105	-18577.079999999998	0.0	0.0	0.0	0.0	0.0	0.0	0.0	0.0	0.0	0.0	0.0	0.0	0.0	0.0	146.0	0.0	0.041808975	-0.038268945	1.022153145	3.00622	-0.9003399999999999	-0.42728	3289374.0	1776544969.179015	0.0	1.0	-1.0	-1.0	-1.0	-1.0	-1.0	-1.0	-1.0	-1.0	0.0	marker	peace	Peace	25	0418
-68546.295	-55154.07	-104763.06	-18573.524999999998	0.0	0.0	0.0	0.0	0.0	0.0	0.0	0.0	0.0	0.0	0.0	0.0	0.0	0.0	146.0	0.0	0.041808975	-0.038268945	1.022153145	3.00622	-0.9003399999999999	-0.42728	3289375.0	1776544969.182827	0.0	1.0	-1.0	-1.0	-1.0	-1.0	-1.0	-1.0	-1.0	-1.0	0.0	marker	peace	Peace	25	0418
-68538.375	-55148.625	-104745.555	-18563.94	0.0	0.0	0.0	0.0	0.0	0.0	0.0	0.0	0.0	0.0	0.0	0.0	0.0	0.0	146.0	0.0	0.041808975	-0.038268945	1.022153145	3.00622	-0.9003399999999999	-0.42728	3289376.0	1776544969.182852	0.0	1.0	-1.0	-1.0	-1.0	-1.0	-1.0	-1.0	-1.0	-1.0	0.0	marker	peace	Peace	25	0418
-68528.61	-55149.479999999996	-104716.98	-18542.745	0.0	0.0	0.0	0.0	0.0	0.0	0.0	0.0	0.0	0.0	0.0	0.0	0.0	0.0	146.0	0.0	0.043762095	-0.041320695	1.022763495	5.35626	-1.05294	-1.9380199999999999	3289377.0	1776544969.187107	0.0	1.0	-1.0	-1.0	-1.0	-1.0	-1.0	-1.0	-1.0	-1.0	0.0	marker	peace	Peace	25	0418
-68513.715	-55155.645	-104706.72	-18526.995	0.0	0.0	0.0	0.0	0.0	0.0	0.0	0.0	0.0	0.0	0.0	0.0	0.0	0.0	146.0	0.0	0.043762095	-0.041320695	1.022763495	5.35626	-1.05294	-1.9380199999999999	3289378.0	1776544969.187135	0.0	1.0	-1.0	-1.0	-1.0	-1.0	-1.0	-1.0	-1.0	-1.0	0.0	marker	peace	Peace	25	0418
-68523.75	-55165.365	-104724.94499999999	-18541.665	0.0	0.0	0.0	0.0	0.0	0.0	0.0	0.0	0.0	0.0	0.0	0.0	0.0	0.0	146.0	0.0	0.043762095	-0.041320695	1.022763495	5.35626	-1.05294	-1.9380199999999999	3289379.0	1776544969.190952	0.0	1.0	-1.0	-1.0	-1.0	-1.0	-1.0	-1.0	-1.0	-1.0	0.0	marker	peace	Peace	25	0418
-68524.785	-55156.68	-104732.055	-18560.204999999998	0.0	0.0	0.0	0.0	0.0	0.0	0.0	0.0	0.0	0.0	0.0	0.0	0.0	0.0	146.0	0.0	0.043762095	-0.041320695	1.022763495	5.35626	-1.05294	-1.9380199999999999	3289380.0	1776544969.190961	0.0	1.0	-1.0	-1.0	-1.0	-1.0	-1.0	-1.0	-1.0	-1.0	0.0	marker	peace	Peace	25	0418
-68525.86499999999	-55145.655	-104711.48999999999	-18557.145	0.0	0.0	0.0	0.0	0.0	0.0	0.0	0.0	0.0	0.0	0.0	0.0	0.0	0.0	146.0	0.0	0.043762095	-0.041320695	1.022763495	5.35626	-1.05294	-1.9380199999999999	3289381.0	1776544969.19509	0.0	1.0	-1.0	-1.0	-1.0	-1.0	-1.0	-1.0	-1.0	-1.0	0.0	marker	peace	Peace	25	0418
-68520.19499999999	-55132.965	-104695.515	-18545.399999999998	0.0	0.0	0.0	0.0	0.0	0.0	0.0	0.0	0.0	0.0	0.0	0.0	0.0	0.0	146.0	0.0	0.043762095	-0.041320695	1.022763495	5.35626	-1.05294	-1.9380199999999999	3289382.0	1776544969.195103	0.0	1.0	-1.0	-1.0	-1.0	-1.0	-1.0	-1.0	-1.0	-1.0	0.0	marker	peace	Peace	25	0418
-68515.29	-55120.725	-104706.45	-18546.614999999998	0.0	0.0	0.0	0.0	0.0	0.0	0.0	0.0	0.0	0.0	0.0	0.0	0.0	0.0	146.0	0.0	0.043762095	-0.041320695	1.022763495	5.35626	-1.05294	-1.9380199999999999	3289383.0	1776544969.199016	0.0	1.0	-1.0	-1.0	-1.0	-1.0	-1.0	-1.0	-1.0	-1.0	0.0	marker	peace	Peace	25	0418
-68516.64	-55114.829999999994	-104739.93	-18557.055	0.0	0.0	0.0	0.0	0.0	0.0	0.0	0.0	0.0	0.0	0.0	0.0	0.0	0.0	146.0	0.0	0.043762095	-0.041320695	1.022763495	5.35626	-1.05294	-1.9380199999999999	3289384.0	1776544969.199044	0.0	1.0	-1.0	-1.0	-1.0	-1.0	-1.0	-1.0	-1.0	-1.0	0.0	marker	peace	Peace	25	0418
-68511.59999999999	-55116.72	-104728.5	-18553.23	0.0	0.0	0.0	0.0	0.0	0.0	0.0	0.0	0.0	0.0	0.0	0.0	0.0	0.0	146.0	0.0	0.043762095	-0.041320695	1.022763495	5.35626	-1.05294	-1.9380199999999999	3289385.0	1776544969.205484	0.0	1.0	-1.0	-1.0	-1.0	-1.0	-1.0	-1.0	-1.0	-1.0	0.0	marker	peace	Peace	25	0418
-68497.965	-55122.21	-104707.44	-18545.309999999998	0.0	0.0	0.0	0.0	0.0	0.0	0.0	0.0	0.0	0.0	0.0	0.0	0.0	0.0	146.0	0.0	0.043762095	-0.041320695	1.022763495	5.35626	-1.05294	-1.9380199999999999	3289386.0	1776544969.205509	0.0	1.0	-1.0	-1.0	-1.0	-1.0	-1.0	-1.0	-1.0	-1.0	0.0	marker	peace	Peace	25	0418
-68501.16	-55132.74	-104710.455	-18532.125	0.0	0.0	0.0	0.0	0.0	0.0	0.0	0.0	0.0	0.0	0.0	0.0	0.0	0.0	146.0	0.0	0.049255245	-0.03930654	1.01611068	5.70724	-0.47306	-2.99096	3289387.0	1776544969.207013	0.0	1.0	-1.0	-1.0	-1.0	-1.0	-1.0	-1.0	-1.0	-1.0	0.0	marker	peace	Peace	25	0418
-68526.54	-55136.61	-104723.415	-18546.524999999998	0.0	0.0	0.0	0.0	0.0	0.0	0.0	0.0	0.0	0.0	0.0	0.0	0.0	0.0	146.0	0.0	0.049255245	-0.03930654	1.01611068	5.70724	-0.47306	-2.99096	3289388.0	1776544969.207023	0.0	1.0	-1.0	-1.0	-1.0	-1.0	-1.0	-1.0	-1.0	-1.0	0.0	marker	peace	Peace	25	0418
-68536.62	-55131.21	-104709.59999999999	-18552.375	0.0	0.0	0.0	0.0	0.0	0.0	0.0	0.0	0.0	0.0	0.0	0.0	0.0	0.0	146.0	0.0	0.049255245	-0.03930654	1.01611068	5.70724	-0.47306	-2.99096	3289389.0	1776544969.213086	0.0	1.0	-1.0	-1.0	-1.0	-1.0	-1.0	-1.0	-1.0	-1.0	0.0	marker	peace	Peace	25	0418
-68486.265	-55124.595	-104676.25499999999	-18524.25	0.0	0.0	0.0	0.0	0.0	0.0	0.0	0.0	0.0	0.0	0.0	0.0	0.0	0.0	146.0	0.0	0.049255245	-0.03930654	1.01611068	5.70724	-0.47306	-2.99096	3289390.0	1776544969.213116	0.0	1.0	-1.0	-1.0	-1.0	-1.0	-1.0	-1.0	-1.0	-1.0	0.0	marker	peace	Peace	25	0418
-68435.19	-55124.189999999995	-104652.18	-18509.489999999998	0.0	0.0	0.0	0.0	0.0	0.0	0.0	0.0	0.0	0.0	0.0	0.0	0.0	0.0	146.0	0.0	0.049255245	-0.03930654	1.01611068	5.70724	-0.47306	-2.99096	3289391.0	1776544969.215118	0.0	1.0	-1.0	-1.0	-1.0	-1.0	-1.0	-1.0	-1.0	-1.0	0.0	marker	peace	Peace	25	0418
-68553.765	-55128.645	-104757.56999999999	-18587.565	0.0	0.0	0.0	0.0	0.0	0.0	0.0	0.0	0.0	0.0	0.0	0.0	0.0	0.0	146.0	0.0	0.049255245	-0.03930654	1.01611068	5.70724	-0.47306	-2.99096	3289392.0	1776544969.215144	0.0	1.0	-1.0	-1.0	-1.0	-1.0	-1.0	-1.0	-1.0	-1.0	0.0	marker	peace	Peace	25	0418
-68522.44499999999	-55120.59	-104726.205	-18553.905	0.0	0.0	0.0	0.0	0.0	0.0	0.0	0.0	0.0	0.0	0.0	0.0	0.0	0.0	146.0	0.0	0.049255245	-0.03930654	1.01611068	5.70724	-0.47306	-2.99096	3289393.0	1776544969.21916	0.0	1.0	-1.0	-1.0	-1.0	-1.0	-1.0	-1.0	-1.0	-1.0	0.0	marker	peace	Peace	25	0418
-68519.205	-55118.924999999996	-104696.685	-18519.66	0.0	0.0	0.0	0.0	0.0	0.0	0.0	0.0	0.0	0.0	0.0	0.0	0.0	0.0	146.0	0.0	0.049255245	-0.03930654	1.01611068	5.70724	-0.47306	-2.99096	3289394.0	1776544969.219194	0.0	1.0	-1.0	-1.0	-1.0	-1.0	-1.0	-1.0	-1.0	-1.0	0.0	marker	peace	Peace	25	0418
-68565.015	-55128.689999999995	-104736.33	-18544.68	0.0	0.0	0.0	0.0	0.0	0.0	0.0	0.0	0.0	0.0	0.0	0.0	0.0	0.0	146.0	0.0	0.049255245	-0.03930654	1.01611068	5.70724	-0.47306	-2.99096	3289395.0	1776544969.223134	0.0	1.0	-1.0	-1.0	-1.0	-1.0	-1.0	-1.0	-1.0	-1.0	0.0	marker	peace	Peace	25	0418
-68519.43	-55134.72	-104713.065	-18550.62	0.0	0.0	0.0	0.0	0.0	0.0	0.0	0.0	0.0	0.0	0.0	0.0	0.0	0.0	146.0	0.0	0.049255245	-0.03930654	1.01611068	5.70724	-0.47306	-2.99096	3289396.0	1776544969.223145	0.0	1.0	-1.0	-1.0	-1.0	-1.0	-1.0	-1.0	-1.0	-1.0	0.0	marker	peace	Peace	25	0418
-68501.11499999999	-55139.445	-104711.355	-18550.305	0.0	0.0	0.0	0.0	0.0	0.0	0.0	0.0	0.0	0.0	0.0	0.0	0.0	0.0	146.0	0.0	0.045715215000000003	-0.03515616	1.012875825	4.822159999999999	0.0	-2.5942	3289397.0	1776544969.227123	0.0	1.0	-1.0	-1.0	-1.0	-1.0	-1.0	-1.0	-1.0	-1.0	0.0	marker	peace	Peace	25	0418
-68504.94	-55142.775	-104715.94499999999	-18552.42	0.0	0.0	0.0	0.0	0.0	0.0	0.0	0.0	0.0	0.0	0.0	0.0	0.0	0.0	146.0	0.0	0.045715215000000003	-0.03515616	1.012875825	4.822159999999999	0.0	-2.5942	3289398.0	1776544969.227135	0.0	1.0	-1.0	-1.0	-1.0	-1.0	-1.0	-1.0	-1.0	-1.0	0.0	marker	peace	Peace	25	0418
-68525.73	-55141.29	-104717.06999999999	-18552.465	0.0	0.0	0.0	0.0	0.0	0.0	0.0	0.0	0.0	0.0	0.0	0.0	0.0	0.0	146.0	0.0	0.045715215000000003	-0.03515616	1.012875825	4.822159999999999	0.0	-2.5942	3289399.0	1776544969.231226	0.0	1.0	-1.0	-1.0	-1.0	-1.0	-1.0	-1.0	-1.0	-1.0	0.0	marker	peace	Peace	25	0418
-68514.795	-55140.704999999994	-104711.48999999999	-18551.34	0.0	0.0	0.0	0.0	0.0	0.0	0.0	0.0	0.0	0.0	0.0	0.0	0.0	0.0	146.0	0.0	0.045715215000000003	-0.03515616	1.012875825	4.822159999999999	0.0	-2.5942	3289400.0	1776544969.231262	0.0	1.0	-1.0	-1.0	-1.0	-1.0	-1.0	-1.0	-1.0	-1.0	0.0	marker	peace	Peace	25	0418
-68519.205	-55175.13	-104720.08499999999	-18559.89	0.0	0.0	0.0	0.0	0.0	0.0	0.0	0.0	0.0	0.0	0.0	0.0	0.0	0.0	146.0	0.0	0.045715215000000003	-0.03515616	1.012875825	4.822159999999999	0.0	-2.5942	3289401.0	1776544969.235185	0.0	1.0	-1.0	-1.0	-1.0	-1.0	-1.0	-1.0	-1.0	-1.0	0.0	marker	peace	Peace	25	0418
-68502.95999999999	-55182.509999999995	-104719.36499999999	-18545.489999999998	0.0	0.0	0.0	0.0	0.0	0.0	0.0	0.0	0.0	0.0	0.0	0.0	0.0	0.0	146.0	0.0	0.045715215000000003	-0.03515616	1.012875825	4.822159999999999	0.0	-2.5942	3289402.0	1776544969.235195	0.0	1.0	-1.0	-1.0	-1.0	-1.0	-1.0	-1.0	-1.0	-1.0	0.0	marker	peace	Peace	25	0418
-68435.45999999999	-55192.14	-104665.095	-18480.329999999998	0.0	0.0	0.0	0.0	0.0	0.0	0.0	0.0	0.0	0.0	0.0	0.0	0.0	0.0	146.0	0.0	0.045715215000000003	-0.03515616	1.012875825	4.822159999999999	0.0	-2.5942	3289403.0	1776544969.239155	0.0	1.0	-1.0	-1.0	-1.0	-1.0	-1.0	-1.0	-1.0	-1.0	0.0	marker	peace	Peace	25	0418
-68441.58	-55205.595	-104654.295	-18472.23	0.0	0.0	0.0	0.0	0.0	0.0	0.0	0.0	0.0	0.0	0.0	0.0	0.0	0.0	146.0	0.0	0.045715215000000003	-0.03515616	1.012875825	4.822159999999999	0.0	-2.5942	3289404.0	1776544969.239174	0.0	1.0	-1.0	-1.0	-1.0	-1.0	-1.0	-1.0	-1.0	-1.0	0.0	marker	peace	Peace	25	0418
-68525.01	-55219.365	-104702.4	-18525.285	0.0	0.0	0.0	0.0	0.0	0.0	0.0	0.0	0.0	0.0	0.0	0.0	0.0	0.0	146.0	0.0	0.045715215000000003	-0.03515616	1.012875825	4.822159999999999	0.0	-2.5942	3289405.0	1776544969.24322	0.0	1.0	-1.0	-1.0	-1.0	-1.0	-1.0	-1.0	-1.0	-1.0	0.0	marker	peace	Peace	25	0418
-68536.53	-55223.909999999996	-104719.76999999999	-18550.665	0.0	0.0	0.0	0.0	0.0	0.0	0.0	0.0	0.0	0.0	0.0	0.0	0.0	0.0	146.0	0.0	0.045715215000000003	-0.03515616	1.012875825	4.822159999999999	0.0	-2.5942	3289406.0	1776544969.243251	0.0	1.0	-1.0	-1.0	-1.0	-1.0	-1.0	-1.0	-1.0	-1.0	0.0	marker	peace	Peace	25	0418
-68532.12	-55219.994999999995	-104739.39	-18571.725	0.0	0.0	0.0	0.0	0.0	0.0	0.0	0.0	0.0	0.0	0.0	0.0	0.0	0.0	146.0	0.0	0.04248036	-0.025207455	1.01037339	2.8383599999999998	0.7019599999999999	-1.8159399999999999	3289407.0	1776544969.247246	0.0	1.0	-1.0	-1.0	-1.0	-1.0	-1.0	-1.0	-1.0	-1.0	0.0	marker	peace	Peace	25	0418
-68523.165	-55214.235	-104731.01999999999	-18566.73	0.0	0.0	0.0	0.0	0.0	0.0	0.0	0.0	0.0	0.0	0.0	0.0	0.0	0.0	146.0	0.0	0.04248036	-0.025207455	1.01037339	2.8383599999999998	0.7019599999999999	-1.8159399999999999	3289408.0	1776544969.247271	0.0	1.0	-1.0	-1.0	-1.0	-1.0	-1.0	-1.0	-1.0	-1.0	0.0	marker	peace	Peace	25	0418
-68540.715	-55210.275	-104724.0	-18559.98	0.0	0.0	0.0	0.0	0.0	0.0	0.0	0.0	0.0	0.0	0.0	0.0	0.0	0.0	146.0	0.0	0.04248036	-0.025207455	1.01037339	2.8383599999999998	0.7019599999999999	-1.8159399999999999	3289409.0	1776544969.251025	0.0	1.0	-1.0	-1.0	-1.0	-1.0	-1.0	-1.0	-1.0	-1.0	0.0	marker	peace	Peace	25	0418
-68555.295	-55208.34	-104736.375	-18567.495	0.0	0.0	0.0	0.0	0.0	0.0	0.0	0.0	0.0	0.0	0.0	0.0	0.0	0.0	146.0	0.0	0.04248036	-0.025207455	1.01037339	2.8383599999999998	0.7019599999999999	-1.8159399999999999	3289410.0	1776544969.251044	0.0	1.0	-1.0	-1.0	-1.0	-1.0	-1.0	-1.0	-1.0	-1.0	0.0	marker	peace	Peace	25	0418
-68543.685	-55216.845	-104742.45	-18567.855	0.0	0.0	0.0	0.0	0.0	0.0	0.0	0.0	0.0	0.0	0.0	0.0	0.0	0.0	146.0	0.0	0.04248036	-0.025207455	1.01037339	2.8383599999999998	0.7019599999999999	-1.8159399999999999	3289411.0	1776544969.255229	0.0	1.0	-1.0	-1.0	-1.0	-1.0	-1.0	-1.0	-1.0	-1.0	0.0	marker	peace	Peace	25	0418
-68492.97	-55225.755	-104691.015	-18531.315	0.0	0.0	0.0	0.0	0.0	0.0	0.0	0.0	0.0	0.0	0.0	0.0	0.0	0.0	146.0	0.0	0.04248036	-0.025207455	1.01037339	2.8383599999999998	0.7019599999999999	-1.8159399999999999	3289412.0	1776544969.255243	0.0	1.0	-1.0	-1.0	-1.0	-1.0	-1.0	-1.0	-1.0	-1.0	0.0	marker	peace	Peace	25	0418
-68466.015	-55228.14	-104652.62999999999	-18506.79	0.0	0.0	0.0	0.0	0.0	0.0	0.0	0.0	0.0	0.0	0.0	0.0	0.0	0.0	146.0	0.0	0.04248036	-0.025207455	1.01037339	2.8383599999999998	0.7019599999999999	-1.8159399999999999	3289413.0	1776544969.259291	0.0	1.0	-1.0	-1.0	-1.0	-1.0	-1.0	-1.0	-1.0	-1.0	0.0	marker	peace	Peace	25	0418
-68542.065	-55226.204999999994	-104726.97	-18558.765	0.0	0.0	0.0	0.0	0.0	0.0	0.0	0.0	0.0	0.0	0.0	0.0	0.0	0.0	146.0	0.0	0.04248036	-0.025207455	1.01037339	2.8383599999999998	0.7019599999999999	-1.8159399999999999	3289414.0	1776544969.259308	0.0	1.0	-1.0	-1.0	-1.0	-1.0	-1.0	-1.0	-1.0	-1.0	0.0	marker	peace	Peace	25	0418
-68523.795	-55226.475	-104729.89499999999	-18538.335	0.0	0.0	0.0	0.0	0.0	0.0	0.0	0.0	0.0	0.0	0.0	0.0	0.0	0.0	146.0	0.0	0.04248036	-0.025207455	1.01037339	2.8383599999999998	0.7019599999999999	-1.8159399999999999	3289415.0	1776544969.267195	0.0	1.0	-1.0	-1.0	-1.0	-1.0	-1.0	-1.0	-1.0	-1.0	0.0	marker	peace	Peace	25	0418
-68468.22	-55215.27	-104670.81	-18491.085	0.0	0.0	0.0	0.0	0.0	0.0	0.0	0.0	0.0	0.0	0.0	0.0	0.0	0.0	146.0	0.0	0.04248036	-0.025207455	1.01037339	2.8383599999999998	0.7019599999999999	-1.8159399999999999	3289416.0	1776544969.267212	0.0	1.0	-1.0	-1.0	-1.0	-1.0	-1.0	-1.0	-1.0	-1.0	0.0	marker	peace	Peace	25	0418
-68501.88	-55212.84	-104679.495	-18532.35	0.0	0.0	0.0	0.0	0.0	0.0	0.0	0.0	0.0	0.0	0.0	0.0	0.0	0.0	146.0	0.0	0.04467762	-0.02587884	1.00903062	3.40298	1.35814	-0.2289	3289417.0	1776544969.271168	0.0	1.0	-1.0	-1.0	-1.0	-1.0	-1.0	-1.0	-1.0	-1.0	0.0	marker	peace	Peace	25	0418
-68573.205	-55225.215	-104759.055	-18602.73	0.0	0.0	0.0	0.0	0.0	0.0	0.0	0.0	0.0	0.0	0.0	0.0	0.0	0.0	146.0	0.0	0.04467762	-0.02587884	1.00903062	3.40298	1.35814	-0.2289	3289418.0	1776544969.27118	0.0	1.0	-1.0	-1.0	-1.0	-1.0	-1.0	-1.0	-1.0	-1.0	0.0	marker	peace	Peace	25	0418
-68541.795	-55240.829999999994	-104742.315	-18559.17	0.0	0.0	0.0	0.0	0.0	0.0	0.0	0.0	0.0	0.0	0.0	0.0	0.0	0.0	146.0	0.0	0.04467762	-0.02587884	1.00903062	3.40298	1.35814	-0.2289	3289419.0	1776544969.27119	0.0	1.0	-1.0	-1.0	-1.0	-1.0	-1.0	-1.0	-1.0	-1.0	0.0	marker	peace	Peace	25	0418
-68503.815	-55252.935	-104714.55	-18541.62	0.0	0.0	0.0	0.0	0.0	0.0	0.0	0.0	0.0	0.0	0.0	0.0	0.0	0.0	146.0	0.0	0.04467762	-0.02587884	1.00903062	3.40298	1.35814	-0.2289	3289420.0	1776544969.271211	0.0	1.0	-1.0	-1.0	-1.0	-1.0	-1.0	-1.0	-1.0	-1.0	0.0	marker	peace	Peace	25	0418
-68493.42	-55250.145	-104711.44499999999	-18532.71	0.0	0.0	0.0	0.0	0.0	0.0	0.0	0.0	0.0	0.0	0.0	0.0	0.0	0.0	146.0	0.0	0.04467762	-0.02587884	1.00903062	3.40298	1.35814	-0.2289	3289421.0	1776544969.277774	0.0	1.0	-1.0	-1.0	-1.0	-1.0	-1.0	-1.0	-1.0	-1.0	0.0	marker	peace	Peace	25	0418
-68465.25	-55245.555	-104681.34	-18489.645	0.0	0.0	0.0	0.0	0.0	0.0	0.0	0.0	0.0	0.0	0.0	0.0	0.0	0.0	146.0	0.0	0.04467762	-0.02587884	1.00903062	3.40298	1.35814	-0.2289	3289422.0	1776544969.277791	0.0	1.0	-1.0	-1.0	-1.0	-1.0	-1.0	-1.0	-1.0	-1.0	0.0	marker	peace	Peace	25	0418
-68455.575	-55247.715	-104658.97499999999	-18498.87	0.0	0.0	0.0	0.0	0.0	0.0	0.0	0.0	0.0	0.0	0.0	0.0	0.0	0.0	146.0	0.0	0.04467762	-0.02587884	1.00903062	3.40298	1.35814	-0.2289	3289423.0	1776544969.279479	0.0	1.0	-1.0	-1.0	-1.0	-1.0	-1.0	-1.0	-1.0	-1.0	0.0	marker	peace	Peace	25	0418
-68540.805	-55246.095	-104738.805	-18587.745	0.0	0.0	0.0	0.0	0.0	0.0	0.0	0.0	0.0	0.0	0.0	0.0	0.0	0.0	146.0	0.0	0.04467762	-0.02587884	1.00903062	3.40298	1.35814	-0.2289	3289424.0	1776544969.279487	0.0	1.0	-1.0	-1.0	-1.0	-1.0	-1.0	-1.0	-1.0	-1.0	0.0	marker	peace	Peace	25	0418
-68544.98999999999	-55234.575	-104733.0	-18581.579999999998	0.0	0.0	0.0	0.0	0.0	0.0	0.0	0.0	0.0	0.0	0.0	0.0	0.0	0.0	146.0	0.0	0.04467762	-0.02587884	1.00903062	3.40298	1.35814	-0.2289	3289425.0	1776544969.283478	0.0	1.0	-1.0	-1.0	-1.0	-1.0	-1.0	-1.0	-1.0	-1.0	0.0	marker	peace	Peace	25	0418
-68533.605	-55229.31	-104735.79	-18573.21	0.0	0.0	0.0	0.0	0.0	0.0	0.0	0.0	0.0	0.0	0.0	0.0	0.0	0.0	146.0	0.0	0.04467762	-0.02587884	1.00903062	3.40298	1.35814	-0.2289	3289426.0	1776544969.283493	0.0	1.0	-1.0	-1.0	-1.0	-1.0	-1.0	-1.0	-1.0	-1.0	0.0	marker	peace	Peace	25	0418
-68525.37	-55223.46	-104718.64499999999	-18545.895	0.0	0.0	0.0	0.0	0.0	0.0	0.0	0.0	0.0	0.0	0.0	0.0	0.0	0.0	146.0	0.0	0.047424195	-0.01904292	1.01183823	1.11398	1.4497	-0.39676	3289427.0	1776544969.28745	0.0	1.0	-1.0	-1.0	-1.0	-1.0	-1.0	-1.0	-1.0	-1.0	0.0	marker	peace	Peace	25	0418
-68543.325	-55218.645	-104727.555	-18553.23	0.0	0.0	0.0	0.0	0.0	0.0	0.0	0.0	0.0	0.0	0.0	0.0	0.0	0.0	146.0	0.0	0.047424195	-0.01904292	1.01183823	1.11398	1.4497	-0.39676	3289428.0	1776544969.287466	0.0	1.0	-1.0	-1.0	-1.0	-1.0	-1.0	-1.0	-1.0	-1.0	0.0	marker	peace	Peace	25	0418
-68540.48999999999	-55224.36	-104712.48	-18556.469999999998	0.0	0.0	0.0	0.0	0.0	0.0	0.0	0.0	0.0	0.0	0.0	0.0	0.0	0.0	146.0	0.0	0.047424195	-0.01904292	1.01183823	1.11398	1.4497	-0.39676	3289429.0	1776544969.291369	0.0	1.0	-1.0	-1.0	-1.0	-1.0	-1.0	-1.0	-1.0	-1.0	0.0	marker	peace	Peace	25	0418
-68522.67	-55235.52	-104705.14499999999	-18546.885	0.0	0.0	0.0	0.0	0.0	0.0	0.0	0.0	0.0	0.0	0.0	0.0	0.0	0.0	146.0	0.0	0.047424195	-0.01904292	1.01183823	1.11398	1.4497	-0.39676	3289430.0	1776544969.291384	0.0	1.0	-1.0	-1.0	-1.0	-1.0	-1.0	-1.0	-1.0	-1.0	0.0	marker	peace	Peace	25	0418
-68538.42	-55232.415	-104746.995	-18552.239999999998	0.0	0.0	0.0	0.0	0.0	0.0	0.0	0.0	0.0	0.0	0.0	0.0	0.0	0.0	146.0	0.0	0.047424195	-0.01904292	1.01183823	1.11398	1.4497	-0.39676	3289431.0	1776544969.295397	0.0	1.0	-1.0	-1.0	-1.0	-1.0	-1.0	-1.0	-1.0	-1.0	0.0	marker	peace	Peace	25	0418
-68525.055	-55230.03	-104748.39	-18555.48	0.0	0.0	0.0	0.0	0.0	0.0	0.0	0.0	0.0	0.0	0.0	0.0	0.0	0.0	146.0	0.0	0.047424195	-0.01904292	1.01183823	1.11398	1.4497	-0.39676	3289432.0	1776544969.295412	0.0	1.0	-1.0	-1.0	-1.0	-1.0	-1.0	-1.0	-1.0	-1.0	0.0	marker	peace	Peace	25	0418
-68504.48999999999	-55230.03	-104731.515	-18559.17	0.0	0.0	0.0	0.0	0.0	0.0	0.0	0.0	0.0	0.0	0.0	0.0	0.0	0.0	146.0	0.0	0.047424195	-0.01904292	1.01183823	1.11398	1.4497	-0.39676	3289433.0	1776544969.299365	0.0	1.0	-1.0	-1.0	-1.0	-1.0	-1.0	-1.0	-1.0	-1.0	0.0	marker	peace	Peace	25	0418
-68516.64	-55228.59	-104728.95	-18566.235	0.0	0.0	0.0	0.0	0.0	0.0	0.0	0.0	0.0	0.0	0.0	0.0	0.0	0.0	146.0	0.0	0.047424195	-0.01904292	1.01183823	1.11398	1.4497	-0.39676	3289434.0	1776544969.299386	0.0	1.0	-1.0	-1.0	-1.0	-1.0	-1.0	-1.0	-1.0	-1.0	0.0	marker	peace	Peace	25	0418
-68495.535	-55241.055	-104700.465	-18538.29	0.0	0.0	0.0	0.0	0.0	0.0	0.0	0.0	0.0	0.0	0.0	0.0	0.0	0.0	146.0	0.0	0.047424195	-0.01904292	1.01183823	1.11398	1.4497	-0.39676	3289435.0	1776544969.303428	0.0	1.0	-1.0	-1.0	-1.0	-1.0	-1.0	-1.0	-1.0	-1.0	0.0	marker	peace	Peace	25	0418
-68505.3	-55253.61	-104694.705	-18529.965	0.0	0.0	0.0	0.0	0.0	0.0	0.0	0.0	0.0	0.0	0.0	0.0	0.0	0.0	146.0	0.0	0.047424195	-0.01904292	1.01183823	1.11398	1.4497	-0.39676	3289436.0	1776544969.303468	0.0	1.0	-1.0	-1.0	-1.0	-1.0	-1.0	-1.0	-1.0	-1.0	0.0	marker	peace	Peace	25	0418
-68535.27	-55254.42	-104724.54	-18561.915	0.0	0.0	0.0	0.0	0.0	0.0	0.0	0.0	0.0	0.0	0.0	0.0	0.0	0.0	146.0	0.0	0.04504383	-0.01733394	1.015561365	0.6103999999999999	1.4039199999999998	-0.03052	3289437.0	1776544969.307387	0.0	1.0	-1.0	-1.0	-1.0	-1.0	-1.0	-1.0	-1.0	-1.0	0.0	marker	peace	Peace	25	0418
-68527.17	-55250.729999999996	-104723.055	-18564.93	0.0	0.0	0.0	0.0	0.0	0.0	0.0	0.0	0.0	0.0	0.0	0.0	0.0	0.0	146.0	0.0	0.04504383	-0.01733394	1.015561365	0.6103999999999999	1.4039199999999998	-0.03052	3289438.0	1776544969.307402	0.0	1.0	-1.0	-1.0	-1.0	-1.0	-1.0	-1.0	-1.0	-1.0	0.0	marker	peace	Peace	25	0418
-68530.995	-55251.405	-104739.03	-18562.995	0.0	0.0	0.0	0.0	0.0	0.0	0.0	0.0	0.0	0.0	0.0	0.0	0.0	0.0	146.0	0.0	0.04504383	-0.01733394	1.015561365	0.6103999999999999	1.4039199999999998	-0.03052	3289439.0	1776544969.311439	0.0	1.0	-1.0	-1.0	-1.0	-1.0	-1.0	-1.0	-1.0	-1.0	0.0	marker	peace	Peace	25	0418
-68536.665	-55245.825	-104743.39499999999	-18560.204999999998	0.0	0.0	0.0	0.0	0.0	0.0	0.0	0.0	0.0	0.0	0.0	0.0	0.0	0.0	146.0	0.0	0.04504383	-0.01733394	1.015561365	0.6103999999999999	1.4039199999999998	-0.03052	3289440.0	1776544969.311454	0.0	1.0	-1.0	-1.0	-1.0	-1.0	-1.0	-1.0	-1.0	-1.0	0.0	marker	peace	Peace	25	0418
-68519.205	-55232.369999999995	-104717.565	-18541.395	0.0	0.0	0.0	0.0	0.0	0.0	0.0	0.0	0.0	0.0	0.0	0.0	0.0	0.0	146.0	0.0	0.04504383	-0.01733394	1.015561365	0.6103999999999999	1.4039199999999998	-0.03052	3289441.0	1776544969.3155	0.0	1.0	-1.0	-1.0	-1.0	-1.0	-1.0	-1.0	-1.0	-1.0	0.0	marker	peace	Peace	25	0418
-68504.985	-55219.095	-104691.915	-18517.725	0.0	0.0	0.0	0.0	0.0	0.0	0.0	0.0	0.0	0.0	0.0	0.0	0.0	0.0	146.0	0.0	0.04504383	-0.01733394	1.015561365	0.6103999999999999	1.4039199999999998	-0.03052	3289442.0	1776544969.315529	0.0	1.0	-1.0	-1.0	-1.0	-1.0	-1.0	-1.0	-1.0	-1.0	0.0	marker	peace	Peace	25	0418
-68523.03	-55215.9	-104721.345	-18559.934999999998	0.0	0.0	0.0	0.0	0.0	0.0	0.0	0.0	0.0	0.0	0.0	0.0	0.0	0.0	146.0	0.0	0.04504383	-0.01733394	1.015561365	0.6103999999999999	1.4039199999999998	-0.03052	3289443.0	1776544969.319384	0.0	1.0	-1.0	-1.0	-1.0	-1.0	-1.0	-1.0	-1.0	-1.0	0.0	marker	peace	Peace	25	0418
-68554.125	-55212.75	-104746.905	-18587.25	0.0	0.0	0.0	0.0	0.0	0.0	0.0	0.0	0.0	0.0	0.0	0.0	0.0	0.0	146.0	0.0	0.04504383	-0.01733394	1.015561365	0.6103999999999999	1.4039199999999998	-0.03052	3289444.0	1776544969.319409	0.0	1.0	-1.0	-1.0	-1.0	-1.0	-1.0	-1.0	-1.0	-1.0	0.0	marker	peace	Peace	25	0418
-68525.28	-55211.354999999996	-104723.28	-18557.73	0.0	0.0	0.0	0.0	0.0	0.0	0.0	0.0	0.0	0.0	0.0	0.0	0.0	0.0	146.0	0.0	0.04504383	-0.01733394	1.015561365	0.6103999999999999	1.4039199999999998	-0.03052	3289445.0	1776544969.323453	0.0	1.0	-1.0	-1.0	-1.0	-1.0	-1.0	-1.0	-1.0	-1.0	0.0	marker	peace	Peace	25	0418
-68505.075	-55212.84	-104675.89499999999	-18509.265	0.0	0.0	0.0	0.0	0.0	0.0	0.0	0.0	0.0	0.0	0.0	0.0	0.0	0.0	146.0	0.0	0.04504383	-0.01733394	1.015561365	0.6103999999999999	1.4039199999999998	-0.03052	3289446.0	1776544969.323463	0.0	1.0	-1.0	-1.0	-1.0	-1.0	-1.0	-1.0	-1.0	-1.0	0.0	marker	peace	Peace	25	0418
-68487.345	-55233.765	-104671.305	-18509.579999999998	0.0	0.0	0.0	0.0	0.0	0.0	0.0	0.0	0.0	0.0	0.0	0.0	0.0	0.0	146.0	0.0	0.042541395	-0.0256347	1.01769759	2.60946	1.0224199999999999	-0.82404	3289447.0	1776544969.327491	0.0	1.0	-1.0	-1.0	-1.0	-1.0	-1.0	-1.0	-1.0	-1.0	0.0	marker	peace	Peace	25	0418
-68523.20999999999	-55232.909999999996	-104714.64	-18547.92	0.0	0.0	0.0	0.0	0.0	0.0	0.0	0.0	0.0	0.0	0.0	0.0	0.0	0.0	146.0	0.0	0.042541395	-0.0256347	1.01769759	2.60946	1.0224199999999999	-0.82404	3289448.0	1776544969.3275	0.0	1.0	-1.0	-1.0	-1.0	-1.0	-1.0	-1.0	-1.0	-1.0	0.0	marker	peace	Peace	25	0418
-68476.005	-55229.579999999994	-104728.095	-18553.454999999998	0.0	0.0	0.0	0.0	0.0	0.0	0.0	0.0	0.0	0.0	0.0	0.0	0.0	0.0	146.0	0.0	0.042541395	-0.0256347	1.01769759	2.60946	1.0224199999999999	-0.82404	3289449.0	1776544969.331429	0.0	1.0	-1.0	-1.0	-1.0	-1.0	-1.0	-1.0	-1.0	-1.0	0.0	marker	peace	Peace	25	0418
-68515.69499999999	-55227.509999999995	-104765.76	-18590.85	0.0	0.0	0.0	0.0	0.0	0.0	0.0	0.0	0.0	0.0	0.0	0.0	0.0	0.0	146.0	0.0	0.042541395	-0.0256347	1.01769759	2.60946	1.0224199999999999	-0.82404	3289450.0	1776544969.331481	0.0	1.0	-1.0	-1.0	-1.0	-1.0	-1.0	-1.0	-1.0	-1.0	0.0	marker	peace	Peace	25	0418
-68573.295	-55232.28	-104766.84	-18581.76	0.0	0.0	0.0	0.0	0.0	0.0	0.0	0.0	0.0	0.0	0.0	0.0	0.0	0.0	146.0	0.0	0.042541395	-0.0256347	1.01769759	2.60946	1.0224199999999999	-0.82404	3289451.0	1776544969.337073	0.0	1.0	-1.0	-1.0	-1.0	-1.0	-1.0	-1.0	-1.0	-1.0	0.0	marker	peace	Peace	25	0418
-68521.77	-55236.645	-104716.44	-18565.245	0.0	0.0	0.0	0.0	0.0	0.0	0.0	0.0	0.0	0.0	0.0	0.0	0.0	0.0	146.0	0.0	0.042541395	-0.0256347	1.01769759	2.60946	1.0224199999999999	-0.82404	3289452.0	1776544969.337097	0.0	1.0	-1.0	-1.0	-1.0	-1.0	-1.0	-1.0	-1.0	-1.0	0.0	marker	peace	Peace	25	0418
-68555.025	-55247.715	-104724.62999999999	-18579.51	0.0	0.0	0.0	0.0	0.0	0.0	0.0	0.0	0.0	0.0	0.0	0.0	0.0	0.0	146.0	0.0	0.042541395	-0.0256347	1.01769759	2.60946	1.0224199999999999	-0.82404	3289453.0	1776544969.340855	0.0	1.0	-1.0	-1.0	-1.0	-1.0	-1.0	-1.0	-1.0	-1.0	0.0	marker	peace	Peace	25	0418
-68543.955	-55248.704999999994	-104701.36499999999	-18553.725	0.0	0.0	0.0	0.0	0.0	0.0	0.0	0.0	0.0	0.0	0.0	0.0	0.0	0.0	146.0	0.0	0.042541395	-0.0256347	1.01769759	2.60946	1.0224199999999999	-0.82404	3289454.0	1776544969.340866	0.0	1.0	-1.0	-1.0	-1.0	-1.0	-1.0	-1.0	-1.0	-1.0	0.0	marker	peace	Peace	25	0418
-68528.43	-55246.229999999996	-104692.86	-18553.635	0.0	0.0	0.0	0.0	0.0	0.0	0.0	0.0	0.0	0.0	0.0	0.0	0.0	0.0	146.0	0.0	0.042541395	-0.0256347	1.01769759	2.60946	1.0224199999999999	-0.82404	3289455.0	1776544969.347463	0.0	1.0	-1.0	-1.0	-1.0	-1.0	-1.0	-1.0	-1.0	-1.0	0.0	marker	peace	Peace	25	0418
-68533.38	-55252.665	-104720.94	-18575.594999999998	0.0	0.0	0.0	0.0	0.0	0.0	0.0	0.0	0.0	0.0	0.0	0.0	0.0	0.0	146.0	0.0	0.042541395	-0.0256347	1.01769759	2.60946	1.0224199999999999	-0.82404	3289456.0	1776544969.347503	0.0	1.0	-1.0	-1.0	-1.0	-1.0	-1.0	-1.0	-1.0	-1.0	0.0	marker	peace	Peace	25	0418
-68520.87	-55254.06	-104740.92	-18561.105	0.0	0.0	0.0	0.0	0.0	0.0	0.0	0.0	0.0	0.0	0.0	0.0	0.0	0.0	146.0	0.0	0.042602430000000004	-0.024230895	1.01904036	1.9227599999999998	1.00716	0.04578	3289457.0	1776544969.3531	0.0	1.0	-1.0	-1.0	-1.0	-1.0	-1.0	-1.0	-1.0	-1.0	0.0	marker	peace	Peace	25	0418
-68514.48	-55240.695	-104741.055	-18540.405	0.0	0.0	0.0	0.0	0.0	0.0	0.0	0.0	0.0	0.0	0.0	0.0	0.0	0.0	146.0	0.0	0.042602430000000004	-0.024230895	1.01904036	1.9227599999999998	1.00716	0.04578	3289458.0	1776544969.353122	0.0	1.0	-1.0	-1.0	-1.0	-1.0	-1.0	-1.0	-1.0	-1.0	0.0	marker	peace	Peace	25	0418
-68526.18	-55247.895	-104731.01999999999	-18542.52	0.0	0.0	0.0	0.0	0.0	0.0	0.0	0.0	0.0	0.0	0.0	0.0	0.0	0.0	146.0	0.0	0.042602430000000004	-0.024230895	1.01904036	1.9227599999999998	1.00716	0.04578	3289459.0	1776544969.357042	0.0	1.0	-1.0	-1.0	-1.0	-1.0	-1.0	-1.0	-1.0	-1.0	0.0	marker	peace	Peace	25	0418
-68531.13	-55262.52	-104735.43	-18555.344999999998	0.0	0.0	0.0	0.0	0.0	0.0	0.0	0.0	0.0	0.0	0.0	0.0	0.0	0.0	146.0	0.0	0.042602430000000004	-0.024230895	1.01904036	1.9227599999999998	1.00716	0.04578	3289460.0	1776544969.357061	0.0	1.0	-1.0	-1.0	-1.0	-1.0	-1.0	-1.0	-1.0	-1.0	0.0	marker	peace	Peace	25	0418
-68511.735	-55278.585	-104725.70999999999	-18556.155	0.0	0.0	0.0	0.0	0.0	0.0	0.0	0.0	0.0	0.0	0.0	0.0	0.0	0.0	146.0	0.0	0.042602430000000004	-0.024230895	1.01904036	1.9227599999999998	1.00716	0.04578	3289461.0	1776544969.357081	0.0	1.0	-1.0	-1.0	-1.0	-1.0	-1.0	-1.0	-1.0	-1.0	0.0	marker	peace	Peace	25	0418
-68527.305	-55290.6	-104730.075	-18559.89	0.0	0.0	0.0	0.0	0.0	0.0	0.0	0.0	0.0	0.0	0.0	0.0	0.0	0.0	146.0	0.0	0.042602430000000004	-0.024230895	1.01904036	1.9227599999999998	1.00716	0.04578	3289462.0	1776544969.35709	0.0	1.0	-1.0	-1.0	-1.0	-1.0	-1.0	-1.0	-1.0	-1.0	0.0	marker	peace	Peace	25	0418
-68532.93	-55293.975	-104726.11499999999	-18551.655	0.0	0.0	0.0	0.0	0.0	0.0	0.0	0.0	0.0	0.0	0.0	0.0	0.0	0.0	146.0	0.0	0.042602430000000004	-0.024230895	1.01904036	1.9227599999999998	1.00716	0.04578	3289463.0	1776544969.359697	0.0	1.0	-1.0	-1.0	-1.0	-1.0	-1.0	-1.0	-1.0	-1.0	0.0	marker	peace	Peace	25	0418
-68503.31999999999	-55281.195	-104697.405	-18531.989999999998	0.0	0.0	0.0	0.0	0.0	0.0	0.0	0.0	0.0	0.0	0.0	0.0	0.0	0.0	146.0	0.0	0.042602430000000004	-0.024230895	1.01904036	1.9227599999999998	1.00716	0.04578	3289464.0	1776544969.359711	0.0	1.0	-1.0	-1.0	-1.0	-1.0	-1.0	-1.0	-1.0	-1.0	0.0	marker	peace	Peace	25	0418
-68485.995	-55265.174999999996	-104680.8	-18513.719999999998	0.0	0.0	0.0	0.0	0.0	0.0	0.0	0.0	0.0	0.0	0.0	0.0	0.0	0.0	146.0	0.0	0.042602430000000004	-0.024230895	1.01904036	1.9227599999999998	1.00716	0.04578	3289465.0	1776544969.363684	0.0	1.0	-1.0	-1.0	-1.0	-1.0	-1.0	-1.0	-1.0	-1.0	0.0	marker	peace	Peace	25	0418
-68535.54	-55262.204999999994	-104717.06999999999	-18539.91	0.0	0.0	0.0	0.0	0.0	0.0	0.0	0.0	0.0	0.0	0.0	0.0	0.0	0.0	146.0	0.0	0.042602430000000004	-0.024230895	1.01904036	1.9227599999999998	1.00716	0.04578	3289466.0	1776544969.363708	0.0	1.0	-1.0	-1.0	-1.0	-1.0	-1.0	-1.0	-1.0	-1.0	0.0	marker	peace	Peace	25	0418
-68560.83	-55258.965	-104744.025	-18563.445	0.0	0.0	0.0	0.0	0.0	0.0	0.0	0.0	0.0	0.0	0.0	0.0	0.0	0.0	146.0	0.0	0.034973055	-0.025451595	1.02380109	0.9003399999999999	-0.06104	-0.6103999999999999	3289467.0	1776544969.367632	0.0	1.0	-1.0	-1.0	-1.0	-1.0	-1.0	-1.0	-1.0	-1.0	0.0	marker	peace	Peace	25	0418
-68528.88	-55253.34	-104725.935	-18568.98	0.0	0.0	0.0	0.0	0.0	0.0	0.0	0.0	0.0	0.0	0.0	0.0	0.0	0.0	146.0	0.0	0.034973055	-0.025451595	1.02380109	0.9003399999999999	-0.06104	-0.6103999999999999	3289468.0	1776544969.367654	0.0	1.0	-1.0	-1.0	-1.0	-1.0	-1.0	-1.0	-1.0	-1.0	0.0	marker	peace	Peace	25	0418
-68519.43	-55258.29	-104699.61	-18573.524999999998	0.0	0.0	0.0	0.0	0.0	0.0	0.0	0.0	0.0	0.0	0.0	0.0	0.0	0.0	146.0	0.0	0.034973055	-0.025451595	1.02380109	0.9003399999999999	-0.06104	-0.6103999999999999	3289469.0	1776544969.371722	0.0	1.0	-1.0	-1.0	-1.0	-1.0	-1.0	-1.0	-1.0	-1.0	0.0	marker	peace	Peace	25	0418
-68534.415	-55260.54	-104676.03	-18550.62	0.0	0.0	0.0	0.0	0.0	0.0	0.0	0.0	0.0	0.0	0.0	0.0	0.0	0.0	146.0	0.0	0.034973055	-0.025451595	1.02380109	0.9003399999999999	-0.06104	-0.6103999999999999	3289470.0	1776544969.37175	0.0	1.0	-1.0	-1.0	-1.0	-1.0	-1.0	-1.0	-1.0	-1.0	0.0	marker	peace	Peace	25	0418
-68513.84999999999	-55268.865	-104712.48	-18534.555	0.0	0.0	0.0	0.0	0.0	0.0	0.0	0.0	0.0	0.0	0.0	0.0	0.0	0.0	146.0	0.0	0.034973055	-0.025451595	1.02380109	0.9003399999999999	-0.06104	-0.6103999999999999	3289471.0	1776544969.376679	0.0	1.0	-1.0	-1.0	-1.0	-1.0	-1.0	-1.0	-1.0	-1.0	0.0	marker	peace	Peace	25	0418
-68523.03	-55278.54	-104738.715	-18540.27	0.0	0.0	0.0	0.0	0.0	0.0	0.0	0.0	0.0	0.0	0.0	0.0	0.0	0.0	146.0	0.0	0.034973055	-0.025451595	1.02380109	0.9003399999999999	-0.06104	-0.6103999999999999	3289472.0	1776544969.376691	0.0	1.0	-1.0	-1.0	-1.0	-1.0	-1.0	-1.0	-1.0	-1.0	0.0	marker	peace	Peace	25	0418
-68524.065	-55282.994999999995	-104729.58	-18553.23	0.0	0.0	0.0	0.0	0.0	0.0	0.0	0.0	0.0	0.0	0.0	0.0	0.0	0.0	146.0	0.0	0.034973055	-0.025451595	1.02380109	0.9003399999999999	-0.06104	-0.6103999999999999	3289473.0	1776544969.38271	0.0	1.0	-1.0	-1.0	-1.0	-1.0	-1.0	-1.0	-1.0	-1.0	0.0	marker	peace	Peace	25	0418
-68498.955	-55304.505	-104718.465	-18545.895	0.0	0.0	0.0	0.0	0.0	0.0	0.0	0.0	0.0	0.0	0.0	0.0	0.0	0.0	146.0	0.0	0.034973055	-0.025451595	1.02380109	0.9003399999999999	-0.06104	-0.6103999999999999	3289474.0	1776544969.382747	0.0	1.0	-1.0	-1.0	-1.0	-1.0	-1.0	-1.0	-1.0	-1.0	0.0	marker	peace	Peace	25	0418
-68523.12	-55324.53	-104730.795	-18554.13	0.0	0.0	0.0	0.0	0.0	0.0	0.0	0.0	0.0	0.0	0.0	0.0	0.0	0.0	146.0	0.0	0.034973055	-0.025451595	1.02380109	0.9003399999999999	-0.06104	-0.6103999999999999	3289475.0	1776544969.383635	0.0	1.0	-1.0	-1.0	-1.0	-1.0	-1.0	-1.0	-1.0	-1.0	0.0	marker	peace	Peace	25	0418
-68520.375	-55336.545	-104731.73999999999	-18551.204999999998	0.0	0.0	0.0	0.0	0.0	0.0	0.0	0.0	0.0	0.0	0.0	0.0	0.0	0.0	146.0	0.0	0.034973055	-0.025451595	1.02380109	0.9003399999999999	-0.06104	-0.6103999999999999	3289476.0	1776544969.383663	0.0	1.0	-1.0	-1.0	-1.0	-1.0	-1.0	-1.0	-1.0	-1.0	0.0	marker	peace	Peace	25	0418
-68490.27	-55347.84	-104706.54	-18537.885	0.0	0.0	0.0	0.0	0.0	0.0	0.0	0.0	0.0	0.0	0.0	0.0	0.0	0.0	146.0	0.0	0.033264075	-0.029479905	1.0231297050000001	2.24322	-0.3815	-0.94612	3289477.0	1776544969.389136	0.0	1.0	-1.0	-1.0	-1.0	-1.0	-1.0	-1.0	-1.0	-1.0	0.0	marker	peace	Peace	25	0418
-68448.42	-55357.155	-104651.14499999999	-18478.575	0.0	0.0	0.0	0.0	0.0	0.0	0.0	0.0	0.0	0.0	0.0	0.0	0.0	0.0	146.0	0.0	0.033264075	-0.029479905	1.0231297050000001	2.24322	-0.3815	-0.94612	3289478.0	1776544969.389161	0.0	1.0	-1.0	-1.0	-1.0	-1.0	-1.0	-1.0	-1.0	-1.0	0.0	marker	peace	Peace	25	0418
-68451.795	-55367.009999999995	-104653.75499999999	-18477.63	0.0	0.0	0.0	0.0	0.0	0.0	0.0	0.0	0.0	0.0	0.0	0.0	0.0	0.0	146.0	0.0	0.033264075	-0.029479905	1.0231297050000001	2.24322	-0.3815	-0.94612	3289479.0	1776544969.391812	0.0	1.0	-1.0	-1.0	-1.0	-1.0	-1.0	-1.0	-1.0	-1.0	0.0	marker	peace	Peace	25	0418
-68562.135	-55370.655	-104757.165	-18588.915	0.0	0.0	0.0	0.0	0.0	0.0	0.0	0.0	0.0	0.0	0.0	0.0	0.0	0.0	146.0	0.0	0.033264075	-0.029479905	1.0231297050000001	2.24322	-0.3815	-0.94612	3289480.0	1776544969.391825	0.0	1.0	-1.0	-1.0	-1.0	-1.0	-1.0	-1.0	-1.0	-1.0	0.0	marker	peace	Peace	25	0418
-68547.23999999999	-55361.79	-104746.185	-18580.68	0.0	0.0	0.0	0.0	0.0	0.0	0.0	0.0	0.0	0.0	0.0	0.0	0.0	0.0	146.0	0.0	0.033264075	-0.029479905	1.0231297050000001	2.24322	-0.3815	-0.94612	3289481.0	1776544969.399597	0.0	1.0	-1.0	-1.0	-1.0	-1.0	-1.0	-1.0	-1.0	-1.0	0.0	marker	peace	Peace	25	0418
-68492.295	-55352.204999999994	-104678.64	-18515.16	0.0	0.0	0.0	0.0	0.0	0.0	0.0	0.0	0.0	0.0	0.0	0.0	0.0	0.0	146.0	0.0	0.033264075	-0.029479905	1.0231297050000001	2.24322	-0.3815	-0.94612	3289482.0	1776544969.399634	0.0	1.0	-1.0	-1.0	-1.0	-1.0	-1.0	-1.0	-1.0	-1.0	0.0	marker	peace	Peace	25	0418
-68487.885	-55349.82	-104670.72	-18510.255	0.0	0.0	0.0	0.0	0.0	0.0	0.0	0.0	0.0	0.0	0.0	0.0	0.0	0.0	146.0	0.0	0.033264075	-0.029479905	1.0231297050000001	2.24322	-0.3815	-0.94612	3289483.0	1776544969.39987	0.0	1.0	-1.0	-1.0	-1.0	-1.0	-1.0	-1.0	-1.0	-1.0	0.0	marker	peace	Peace	25	0418
-68503.68	-55349.28	-104710.455	-18549.989999999998	0.0	0.0	0.0	0.0	0.0	0.0	0.0	0.0	0.0	0.0	0.0	0.0	0.0	0.0	146.0	0.0	0.033264075	-0.029479905	1.0231297050000001	2.24322	-0.3815	-0.94612	3289484.0	1776544969.399894	0.0	1.0	-1.0	-1.0	-1.0	-1.0	-1.0	-1.0	-1.0	-1.0	0.0	marker	peace	Peace	25	0418
-68505.12	-55357.965	-104728.76999999999	-18564.704999999998	0.0	0.0	0.0	0.0	0.0	0.0	0.0	0.0	0.0	0.0	0.0	0.0	0.0	0.0	146.0	0.0	0.033264075	-0.029479905	1.0231297050000001	2.24322	-0.3815	-0.94612	3289485.0	1776544969.403751	0.0	1.0	-1.0	-1.0	-1.0	-1.0	-1.0	-1.0	-1.0	-1.0	0.0	marker	peace	Peace	25	0418
-68587.69499999999	-55374.345	-104753.205	-18600.48	0.0	0.0	0.0	0.0	0.0	0.0	0.0	0.0	0.0	0.0	0.0	0.0	0.0	0.0	146.0	0.0	0.033264075	-0.029479905	1.0231297050000001	2.24322	-0.3815	-0.94612	3289486.0	1776544969.403772	0.0	1.0	-1.0	-1.0	-1.0	-1.0	-1.0	-1.0	-1.0	-1.0	0.0	marker	peace	Peace	25	0418
-68543.955	-55380.24	-104697.855	-18556.829999999998	0.0	0.0	0.0	0.0	0.0	0.0	0.0	0.0	0.0	0.0	0.0	0.0	0.0	0.0	146.0	0.0	0.041686905	-0.03063957	1.018857255	2.2889999999999997	-0.12208	-0.12208	3289487.0	1776544969.407675	0.0	1.0	-1.0	-1.0	-1.0	-1.0	-1.0	-1.0	-1.0	-1.0	0.0	marker	peace	Peace	25	0418
-68528.655	-55384.784999999996	-104713.875	-18550.53	0.0	0.0	0.0	0.0	0.0	0.0	0.0	0.0	0.0	0.0	0.0	0.0	0.0	0.0	146.0	0.0	0.041686905	-0.03063957	1.018857255	2.2889999999999997	-0.12208	-0.12208	3289488.0	1776544969.407687	0.0	1.0	-1.0	-1.0	-1.0	-1.0	-1.0	-1.0	-1.0	-1.0	0.0	marker	peace	Peace	25	0418
-68518.035	-55378.665	-104740.69499999999	-18552.239999999998	0.0	0.0	0.0	0.0	0.0	0.0	0.0	0.0	0.0	0.0	0.0	0.0	0.0	0.0	146.0	0.0	0.041686905	-0.03063957	1.018857255	2.2889999999999997	-0.12208	-0.12208	3289489.0	1776544969.415585	0.0	1.0	-1.0	-1.0	-1.0	-1.0	-1.0	-1.0	-1.0	-1.0	0.0	marker	peace	Peace	25	0418
-68520.555	-55373.895	-104749.065	-18555.795	0.0	0.0	0.0	0.0	0.0	0.0	0.0	0.0	0.0	0.0	0.0	0.0	0.0	0.0	146.0	0.0	0.041686905	-0.03063957	1.018857255	2.2889999999999997	-0.12208	-0.12208	3289490.0	1776544969.415622	0.0	1.0	-1.0	-1.0	-1.0	-1.0	-1.0	-1.0	-1.0	-1.0	0.0	marker	peace	Peace	25	0418
-68533.92	-55371.24	-104755.31999999999	-18579.87	0.0	0.0	0.0	0.0	0.0	0.0	0.0	0.0	0.0	0.0	0.0	0.0	0.0	0.0	146.0	0.0	0.041686905	-0.03063957	1.018857255	2.2889999999999997	-0.12208	-0.12208	3289491.0	1776544969.416064	0.0	1.0	-1.0	-1.0	-1.0	-1.0	-1.0	-1.0	-1.0	-1.0	0.0	marker	peace	Peace	25	0418
-68547.915	-55366.695	-104780.655	-18598.14	0.0	0.0	0.0	0.0	0.0	0.0	0.0	0.0	0.0	0.0	0.0	0.0	0.0	0.0	146.0	0.0	0.041686905	-0.03063957	1.018857255	2.2889999999999997	-0.12208	-0.12208	3289492.0	1776544969.416195	0.0	1.0	-1.0	-1.0	-1.0	-1.0	-1.0	-1.0	-1.0	-1.0	0.0	marker	peace	Peace	25	0418
-68516.73	-55363.86	-104751.18	-18568.844999999998	0.0	0.0	0.0	0.0	0.0	0.0	0.0	0.0	0.0	0.0	0.0	0.0	0.0	0.0	146.0	0.0	0.041686905	-0.03063957	1.018857255	2.2889999999999997	-0.12208	-0.12208	3289493.0	1776544969.419835	0.0	1.0	-1.0	-1.0	-1.0	-1.0	-1.0	-1.0	-1.0	-1.0	0.0	marker	peace	Peace	25	0418
-68508.315	-55373.13	-104701.14	-18530.864999999998	0.0	0.0	0.0	0.0	0.0	0.0	0.0	0.0	0.0	0.0	0.0	0.0	0.0	0.0	146.0	0.0	0.041686905	-0.03063957	1.018857255	2.2889999999999997	-0.12208	-0.12208	3289494.0	1776544969.419863	0.0	1.0	-1.0	-1.0	-1.0	-1.0	-1.0	-1.0	-1.0	-1.0	0.0	marker	peace	Peace	25	0418
-68529.15	-55382.895	-104702.355	-18543.555	0.0	0.0	0.0	0.0	0.0	0.0	0.0	0.0	0.0	0.0	0.0	0.0	0.0	0.0	146.0	0.0	0.041686905	-0.03063957	1.018857255	2.2889999999999997	-0.12208	-0.12208	3289495.0	1776544969.423775	0.0	1.0	-1.0	-1.0	-1.0	-1.0	-1.0	-1.0	-1.0	-1.0	0.0	marker	peace	Peace	25	0418
-68543.325	-55389.015	-104730.705	-18569.024999999998	0.0	0.0	0.0	0.0	0.0	0.0	0.0	0.0	0.0	0.0	0.0	0.0	0.0	0.0	146.0	0.0	0.041686905	-0.03063957	1.018857255	2.2889999999999997	-0.12208	-0.12208	3289496.0	1776544969.423794	0.0	1.0	-1.0	-1.0	-1.0	-1.0	-1.0	-1.0	-1.0	-1.0	0.0	marker	peace	Peace	25	0418
-68529.105	-55399.365	-104728.59	-18558.585	0.0	0.0	0.0	0.0	0.0	0.0	0.0	0.0	0.0	0.0	0.0	0.0	0.0	0.0	146.0	0.0	0.046203495000000004	-0.033630285	1.0141575600000001	2.99096	0.48832	-0.79352	3289497.0	1776544969.431391	0.0	1.0	-1.0	-1.0	-1.0	-1.0	-1.0	-1.0	-1.0	-1.0	0.0	marker	peace	Peace	25	0418
-68512.31999999999	-55395.765	-104702.4	-18537.66	0.0	0.0	0.0	0.0	0.0	0.0	0.0	0.0	0.0	0.0	0.0	0.0	0.0	0.0	146.0	0.0	0.046203495000000004	-0.033630285	1.0141575600000001	2.99096	0.48832	-0.79352	3289498.0	1776544969.431418	0.0	1.0	-1.0	-1.0	-1.0	-1.0	-1.0	-1.0	-1.0	-1.0	0.0	marker	peace	Peace	25	0418
-68500.575	-55383.075	-104688.855	-18532.17	0.0	0.0	0.0	0.0	0.0	0.0	0.0	0.0	0.0	0.0	0.0	0.0	0.0	0.0	146.0	0.0	0.046203495000000004	-0.033630285	1.0141575600000001	2.99096	0.48832	-0.79352	3289499.0	1776544969.432032	0.0	1.0	-1.0	-1.0	-1.0	-1.0	-1.0	-1.0	-1.0	-1.0	0.0	marker	peace	Peace	25	0418
-68504.48999999999	-55366.56	-104692.76999999999	-18540.719999999998	0.0	0.0	0.0	0.0	0.0	0.0	0.0	0.0	0.0	0.0	0.0	0.0	0.0	0.0	146.0	0.0	0.046203495000000004	-0.033630285	1.0141575600000001	2.99096	0.48832	-0.79352	3289500.0	1776544969.432077	0.0	1.0	-1.0	-1.0	-1.0	-1.0	-1.0	-1.0	-1.0	-1.0	0.0	marker	peace	Peace	25	0418
-68526.94499999999	-55369.125	-104719.68	-18554.085	0.0	0.0	0.0	0.0	0.0	0.0	0.0	0.0	0.0	0.0	0.0	0.0	0.0	0.0	146.0	0.0	0.046203495000000004	-0.033630285	1.0141575600000001	2.99096	0.48832	-0.79352	3289501.0	1776544969.436218	0.0	1.0	-1.0	-1.0	-1.0	-1.0	-1.0	-1.0	-1.0	-1.0	0.0	marker	peace	Peace	25	0418
-68513.44499999999	-55378.305	-104722.69499999999	-18544.005	0.0	0.0	0.0	0.0	0.0	0.0	0.0	0.0	0.0	0.0	0.0	0.0	0.0	0.0	146.0	0.0	0.046203495000000004	-0.033630285	1.0141575600000001	2.99096	0.48832	-0.79352	3289502.0	1776544969.436267	0.0	1.0	-1.0	-1.0	-1.0	-1.0	-1.0	-1.0	-1.0	-1.0	0.0	marker	peace	Peace	25	0418
-68557.455	-55394.1	-104753.565	-18585.495	0.0	0.0	0.0	0.0	0.0	0.0	0.0	0.0	0.0	0.0	0.0	0.0	0.0	0.0	146.0	0.0	0.046203495000000004	-0.033630285	1.0141575600000001	2.99096	0.48832	-0.79352	3289503.0	1776544969.44112	0.0	1.0	-1.0	-1.0	-1.0	-1.0	-1.0	-1.0	-1.0	-1.0	0.0	marker	peace	Peace	25	0418
-68570.19	-55397.88	-104769.405	-18602.1	0.0	0.0	0.0	0.0	0.0	0.0	0.0	0.0	0.0	0.0	0.0	0.0	0.0	0.0	146.0	0.0	0.046203495000000004	-0.033630285	1.0141575600000001	2.99096	0.48832	-0.79352	3289504.0	1776544969.441134	0.0	1.0	-1.0	-1.0	-1.0	-1.0	-1.0	-1.0	-1.0	-1.0	0.0	marker	peace	Peace	25	0418
-68512.77	-55404.494999999995	-104712.56999999999	-18547.605	0.0	0.0	0.0	0.0	0.0	0.0	0.0	0.0	0.0	0.0	0.0	0.0	0.0	0.0	146.0	0.0	0.046203495000000004	-0.033630285	1.0141575600000001	2.99096	0.48832	-0.79352	3289505.0	1776544969.443846	0.0	1.0	-1.0	-1.0	-1.0	-1.0	-1.0	-1.0	-1.0	-1.0	0.0	marker	peace	Peace	25	0418
-68443.38	-55398.42	-104648.715	-18475.92	0.0	0.0	0.0	0.0	0.0	0.0	0.0	0.0	0.0	0.0	0.0	0.0	0.0	0.0	146.0	0.0	0.046203495000000004	-0.033630285	1.0141575600000001	2.99096	0.48832	-0.79352	3289506.0	1776544969.443855	0.0	1.0	-1.0	-1.0	-1.0	-1.0	-1.0	-1.0	-1.0	-1.0	0.0	marker	peace	Peace	25	0418
-68456.025	-55392.704999999994	-104677.47	-18514.26	0.0	0.0	0.0	0.0	0.0	0.0	0.0	0.0	0.0	0.0	0.0	0.0	0.0	0.0	146.0	0.0	0.04602039	-0.03247062	1.01244858	2.86888	0.65618	-0.21364	3289507.0	1776544969.447804	0.0	1.0	-1.0	-1.0	-1.0	-1.0	-1.0	-1.0	-1.0	-1.0	0.0	marker	peace	Peace	25	0418
-68563.98	-55391.939999999995	-104771.11499999999	-18616.725	0.0	0.0	0.0	0.0	0.0	0.0	0.0	0.0	0.0	0.0	0.0	0.0	0.0	0.0	146.0	0.0	0.04602039	-0.03247062	1.01244858	2.86888	0.65618	-0.21364	3289508.0	1776544969.447823	0.0	1.0	-1.0	-1.0	-1.0	-1.0	-1.0	-1.0	-1.0	-1.0	0.0	marker	peace	Peace	25	0418
-68525.91	-55385.549999999996	-104739.39	-18577.395	0.0	0.0	0.0	0.0	0.0	0.0	0.0	0.0	0.0	0.0	0.0	0.0	0.0	0.0	146.0	0.0	0.04602039	-0.03247062	1.01244858	2.86888	0.65618	-0.21364	3289509.0	1776544969.483559	0.0	1.0	-1.0	-1.0	-1.0	-1.0	-1.0	-1.0	-1.0	-1.0	0.0	marker	peace	Peace	25	0418
-68570.775	-55398.42	-104751.98999999999	-18554.805	0.0	0.0	0.0	0.0	0.0	0.0	0.0	0.0	0.0	0.0	0.0	0.0	0.0	0.0	146.0	0.0	0.04602039	-0.03247062	1.01244858	2.86888	0.65618	-0.21364	3289510.0	1776544969.483643	0.0	1.0	-1.0	-1.0	-1.0	-1.0	-1.0	-1.0	-1.0	-1.0	0.0	marker	peace	Peace	25	0418
-68562.72	-55418.715	-104733.09	-18566.91	0.0	0.0	0.0	0.0	0.0	0.0	0.0	0.0	0.0	0.0	0.0	0.0	0.0	0.0	146.0	0.0	0.04602039	-0.03247062	1.01244858	2.86888	0.65618	-0.21364	3289511.0	1776544969.484107	0.0	1.0	-1.0	-1.0	-1.0	-1.0	-1.0	-1.0	-1.0	-1.0	0.0	marker	peace	Peace	25	0418
-68553.63	-55413.494999999995	-104724.45	-18559.305	0.0	0.0	0.0	0.0	0.0	0.0	0.0	0.0	0.0	0.0	0.0	0.0	0.0	0.0	146.0	0.0	0.04602039	-0.03247062	1.01244858	2.86888	0.65618	-0.21364	3289512.0	1776544969.484149	0.0	1.0	-1.0	-1.0	-1.0	-1.0	-1.0	-1.0	-1.0	-1.0	0.0	marker	peace	Peace	25	0418
-68503.005	-55406.79	-104681.295	-18521.774999999998	0.0	0.0	0.0	0.0	0.0	0.0	0.0	0.0	0.0	0.0	0.0	0.0	0.0	0.0	146.0	0.0	0.04602039	-0.03247062	1.01244858	2.86888	0.65618	-0.21364	3289513.0	1776544969.48423	0.0	1.0	-1.0	-1.0	-1.0	-1.0	-1.0	-1.0	-1.0	-1.0	0.0	marker	peace	Peace	25	0418
-68493.645	-55406.34	-104683.36499999999	-18522.899999999998	0.0	0.0	0.0	0.0	0.0	0.0	0.0	0.0	0.0	0.0	0.0	0.0	0.0	0.0	146.0	0.0	0.04602039	-0.03247062	1.01244858	2.86888	0.65618	-0.21364	3289514.0	1776544969.484249	0.0	1.0	-1.0	-1.0	-1.0	-1.0	-1.0	-1.0	-1.0	-1.0	0.0	marker	peace	Peace	25	0418
-68507.28	-55399.77	-104681.51999999999	-18534.285	0.0	0.0	0.0	0.0	0.0	0.0	0.0	0.0	0.0	0.0	0.0	0.0	0.0	0.0	146.0	0.0	0.04602039	-0.03247062	1.01244858	2.86888	0.65618	-0.21364	3289515.0	1776544969.484277	0.0	1.0	-1.0	-1.0	-1.0	-1.0	-1.0	-1.0	-1.0	-1.0	0.0	marker	peace	Peace	25	0418
-68544.09	-55396.034999999996	-104751.54	-18595.305	0.0	0.0	0.0	0.0	0.0	0.0	0.0	0.0	0.0	0.0	0.0	0.0	0.0	0.0	146.0	0.0	0.04602039	-0.03247062	1.01244858	2.86888	0.65618	-0.21364	3289516.0	1776544969.484296	0.0	1.0	-1.0	-1.0	-1.0	-1.0	-1.0	-1.0	-1.0	-1.0	0.0	marker	peace	Peace	25	0418
-68537.745	-55388.61	-104776.605	-18605.204999999998	0.0	0.0	0.0	0.0	0.0	0.0	0.0	0.0	0.0	0.0	0.0	0.0	0.0	0.0	146.0	0.0	0.043945200000000004	-0.027160575	1.01403549	2.1669199999999997	1.0834599999999999	-0.01526	3289517.0	1776544969.484319	0.0	1.0	-1.0	-1.0	-1.0	-1.0	-1.0	-1.0	-1.0	-1.0	0.0	marker	peace	Peace	25	0418
-68524.11	-55378.395	-104741.81999999999	-18574.38	0.0	0.0	0.0	0.0	0.0	0.0	0.0	0.0	0.0	0.0	0.0	0.0	0.0	0.0	146.0	0.0	0.043945200000000004	-0.027160575	1.01403549	2.1669199999999997	1.0834599999999999	-0.01526	3289518.0	1776544969.484337	0.0	1.0	-1.0	-1.0	-1.0	-1.0	-1.0	-1.0	-1.0	-1.0	0.0	marker	peace	Peace	25	0418
-68535.63	-55377.09	-104732.37	-18564.075	0.0	0.0	0.0	0.0	0.0	0.0	0.0	0.0	0.0	0.0	0.0	0.0	0.0	0.0	146.0	0.0	0.043945200000000004	-0.027160575	1.01403549	2.1669199999999997	1.0834599999999999	-0.01526	3289519.0	1776544969.48436	0.0	1.0	-1.0	-1.0	-1.0	-1.0	-1.0	-1.0	-1.0	-1.0	0.0	marker	peace	Peace	25	0418
-68522.31	-55371.645	-104722.78499999999	-18550.079999999998	0.0	0.0	0.0	0.0	0.0	0.0	0.0	0.0	0.0	0.0	0.0	0.0	0.0	0.0	146.0	0.0	0.043945200000000004	-0.027160575	1.01403549	2.1669199999999997	1.0834599999999999	-0.01526	3289520.0	1776544969.484378	0.0	1.0	-1.0	-1.0	-1.0	-1.0	-1.0	-1.0	-1.0	-1.0	0.0	marker	peace	Peace	25	0418
-68521.86	-55368.585	-104714.955	-18541.395	0.0	0.0	0.0	0.0	0.0	0.0	0.0	0.0	0.0	0.0	0.0	0.0	0.0	0.0	146.0	0.0	0.043945200000000004	-0.027160575	1.01403549	2.1669199999999997	1.0834599999999999	-0.01526	3289521.0	1776544969.484401	0.0	1.0	-1.0	-1.0	-1.0	-1.0	-1.0	-1.0	-1.0	-1.0	0.0	marker	peace	Peace	25	0418
-68504.84999999999	-55366.829999999994	-104686.11	-18517.995	0.0	0.0	0.0	0.0	0.0	0.0	0.0	0.0	0.0	0.0	0.0	0.0	0.0	0.0	146.0	0.0	0.043945200000000004	-0.027160575	1.01403549	2.1669199999999997	1.0834599999999999	-0.01526	3289522.0	1776544969.484419	0.0	1.0	-1.0	-1.0	-1.0	-1.0	-1.0	-1.0	-1.0	-1.0	0.0	marker	peace	Peace	25	0418
-68481.765	-55362.195	-104655.015	-18494.46	0.0	0.0	0.0	0.0	0.0	0.0	0.0	0.0	0.0	0.0	0.0	0.0	0.0	0.0	146.0	0.0	0.043945200000000004	-0.027160575	1.01403549	2.1669199999999997	1.0834599999999999	-0.01526	3289523.0	1776544969.484441	0.0	1.0	-1.0	-1.0	-1.0	-1.0	-1.0	-1.0	-1.0	-1.0	0.0	marker	peace	Peace	25	0418
-68535.0	-55359.27	-104706.045	-18545.579999999998	0.0	0.0	0.0	0.0	0.0	0.0	0.0	0.0	0.0	0.0	0.0	0.0	0.0	0.0	146.0	0.0	0.043945200000000004	-0.027160575	1.01403549	2.1669199999999997	1.0834599999999999	-0.01526	3289524.0	1776544969.484459	0.0	1.0	-1.0	-1.0	-1.0	-1.0	-1.0	-1.0	-1.0	-1.0	0.0	marker	peace	Peace	25	0418
-68564.11499999999	-55364.759999999995	-104784.705	-18604.305	0.0	0.0	0.0	0.0	0.0	0.0	0.0	0.0	0.0	0.0	0.0	0.0	0.0	0.0	146.0	0.0	0.043945200000000004	-0.027160575	1.01403549	2.1669199999999997	1.0834599999999999	-0.01526	3289525.0	1776544969.484482	0.0	1.0	-1.0	-1.0	-1.0	-1.0	-1.0	-1.0	-1.0	-1.0	0.0	marker	peace	Peace	25	0418
-68539.59	-55371.015	-104767.65	-18593.145	0.0	0.0	0.0	0.0	0.0	0.0	0.0	0.0	0.0	0.0	0.0	0.0	0.0	0.0	146.0	0.0	0.043945200000000004	-0.027160575	1.01403549	2.1669199999999997	1.0834599999999999	-0.01526	3289526.0	1776544969.4845	0.0	1.0	-1.0	-1.0	-1.0	-1.0	-1.0	-1.0	-1.0	-1.0	0.0	marker	peace	Peace	25	0418
-68516.09999999999	-55367.189999999995	-104728.23	-18559.8	0.0	0.0	0.0	0.0	0.0	0.0	0.0	0.0	0.0	0.0	0.0	0.0	0.0	0.0	146.0	0.0	0.041931045	-0.02697747	1.013974455	1.526	1.2207999999999999	0.2289	3289527.0	1776544969.489844	0.0	1.0	-1.0	-1.0	-1.0	-1.0	-1.0	-1.0	-1.0	-1.0	0.0	marker	peace	Peace	25	0418
-68478.435	-55364.445	-104672.745	-18516.555	0.0	0.0	0.0	0.0	0.0	0.0	0.0	0.0	0.0	0.0	0.0	0.0	0.0	0.0	146.0	0.0	0.041931045	-0.02697747	1.013974455	1.526	1.2207999999999999	0.2289	3289528.0	1776544969.489859	0.0	1.0	-1.0	-1.0	-1.0	-1.0	-1.0	-1.0	-1.0	-1.0	0.0	marker	peace	Peace	25	0418
-68514.255	-55365.93	-104686.01999999999	-18542.204999999998	0.0	0.0	0.0	0.0	0.0	0.0	0.0	0.0	0.0	0.0	0.0	0.0	0.0	0.0	146.0	0.0	0.041931045	-0.02697747	1.013974455	1.526	1.2207999999999999	0.2289	3289529.0	1776544969.492121	0.0	1.0	-1.0	-1.0	-1.0	-1.0	-1.0	-1.0	-1.0	-1.0	0.0	marker	peace	Peace	25	0418
-68510.43	-55354.229999999996	-104684.985	-18545.94	0.0	0.0	0.0	0.0	0.0	0.0	0.0	0.0	0.0	0.0	0.0	0.0	0.0	0.0	146.0	0.0	0.041931045	-0.02697747	1.013974455	1.526	1.2207999999999999	0.2289	3289530.0	1776544969.492164	0.0	1.0	-1.0	-1.0	-1.0	-1.0	-1.0	-1.0	-1.0	-1.0	0.0	marker	peace	Peace	25	0418
-68545.17	-55335.689999999995	-104745.78	-18587.925	0.0	0.0	0.0	0.0	0.0	0.0	0.0	0.0	0.0	0.0	0.0	0.0	0.0	0.0	146.0	0.0	0.041931045	-0.02697747	1.013974455	1.526	1.2207999999999999	0.2289	3289531.0	1776544969.497414	0.0	1.0	-1.0	-1.0	-1.0	-1.0	-1.0	-1.0	-1.0	-1.0	0.0	marker	peace	Peace	25	0418
-68546.25	-55323.18	-104744.15999999999	-18578.295	0.0	0.0	0.0	0.0	0.0	0.0	0.0	0.0	0.0	0.0	0.0	0.0	0.0	0.0	146.0	0.0	0.041931045	-0.02697747	1.013974455	1.526	1.2207999999999999	0.2289	3289532.0	1776544969.497443	0.0	1.0	-1.0	-1.0	-1.0	-1.0	-1.0	-1.0	-1.0	-1.0	0.0	marker	peace	Peace	25	0418
-68518.26	-55311.075	-104716.89	-18537.93	0.0	0.0	0.0	0.0	0.0	0.0	0.0	0.0	0.0	0.0	0.0	0.0	0.0	0.0	146.0	0.0	0.041931045	-0.02697747	1.013974455	1.526	1.2207999999999999	0.2289	3289533.0	1776544969.507129	0.0	1.0	-1.0	-1.0	-1.0	-1.0	-1.0	-1.0	-1.0	-1.0	0.0	marker	peace	Peace	25	0418
-68528.565	-55308.869999999995	-104749.01999999999	-18564.795	0.0	0.0	0.0	0.0	0.0	0.0	0.0	0.0	0.0	0.0	0.0	0.0	0.0	0.0	146.0	0.0	0.041931045	-0.02697747	1.013974455	1.526	1.2207999999999999	0.2289	3289534.0	1776544969.507149	0.0	1.0	-1.0	-1.0	-1.0	-1.0	-1.0	-1.0	-1.0	-1.0	0.0	marker	peace	Peace	25	0418
-68522.4	-55307.52	-104723.235	-18544.86	0.0	0.0	0.0	0.0	0.0	0.0	0.0	0.0	0.0	0.0	0.0	0.0	0.0	0.0	146.0	0.0	0.041931045	-0.02697747	1.013974455	1.526	1.2207999999999999	0.2289	3289535.0	1776544969.507169	0.0	1.0	-1.0	-1.0	-1.0	-1.0	-1.0	-1.0	-1.0	-1.0	0.0	marker	peace	Peace	25	0418
-68520.915	-55313.415	-104706.22499999999	-18542.88	0.0	0.0	0.0	0.0	0.0	0.0	0.0	0.0	0.0	0.0	0.0	0.0	0.0	0.0	146.0	0.0	0.041931045	-0.02697747	1.013974455	1.526	1.2207999999999999	0.2289	3289536.0	1776544969.507177	0.0	1.0	-1.0	-1.0	-1.0	-1.0	-1.0	-1.0	-1.0	-1.0	0.0	marker	peace	Peace	25	0418
-68461.425	-55312.604999999996	-104629.95	-18481.68	0.0	0.0	0.0	0.0	0.0	0.0	0.0	0.0	0.0	0.0	0.0	0.0	0.0	0.0	146.0	0.0	0.039367575	-0.028015065	1.016904135	1.49548	0.51884	0.4578	3289537.0	1776544969.508153	0.0	1.0	-1.0	-1.0	-1.0	-1.0	-1.0	-1.0	-1.0	-1.0	0.0	marker	peace	Peace	25	0418
-68499.72	-55311.704999999994	-104683.59	-18533.969999999998	0.0	0.0	0.0	0.0	0.0	0.0	0.0	0.0	0.0	0.0	0.0	0.0	0.0	0.0	146.0	0.0	0.039367575	-0.028015065	1.016904135	1.49548	0.51884	0.4578	3289538.0	1776544969.508166	0.0	1.0	-1.0	-1.0	-1.0	-1.0	-1.0	-1.0	-1.0	-1.0	0.0	marker	peace	Peace	25	0418
-68588.55	-55327.229999999996	-104802.56999999999	-18634.635	0.0	0.0	0.0	0.0	0.0	0.0	0.0	0.0	0.0	0.0	0.0	0.0	0.0	0.0	146.0	0.0	0.039367575	-0.028015065	1.016904135	1.49548	0.51884	0.4578	3289539.0	1776544969.512619	0.0	1.0	-1.0	-1.0	-1.0	-1.0	-1.0	-1.0	-1.0	-1.0	0.0	marker	peace	Peace	25	0418
-68568.345	-55329.165	-104775.525	-18606.87	0.0	0.0	0.0	0.0	0.0	0.0	0.0	0.0	0.0	0.0	0.0	0.0	0.0	0.0	146.0	0.0	0.039367575	-0.028015065	1.016904135	1.49548	0.51884	0.4578	3289540.0	1776544969.512638	0.0	1.0	-1.0	-1.0	-1.0	-1.0	-1.0	-1.0	-1.0	-1.0	0.0	marker	peace	Peace	25	0418
-68557.23	-55312.965	-104769.98999999999	-18601.245	0.0	0.0	0.0	0.0	0.0	0.0	0.0	0.0	0.0	0.0	0.0	0.0	0.0	0.0	146.0	0.0	0.039367575	-0.028015065	1.016904135	1.49548	0.51884	0.4578	3289541.0	1776544969.517162	0.0	1.0	-1.0	-1.0	-1.0	-1.0	-1.0	-1.0	-1.0	-1.0	0.0	marker	peace	Peace	25	0418
-68532.255	-55303.02	-104736.15	-18554.76	0.0	0.0	0.0	0.0	0.0	0.0	0.0	0.0	0.0	0.0	0.0	0.0	0.0	0.0	146.0	0.0	0.039367575	-0.028015065	1.016904135	1.49548	0.51884	0.4578	3289542.0	1776544969.517182	0.0	1.0	-1.0	-1.0	-1.0	-1.0	-1.0	-1.0	-1.0	-1.0	0.0	marker	peace	Peace	25	0418
-68537.565	-55302.39	-104732.73	-18560.655	0.0	0.0	0.0	0.0	0.0	0.0	0.0	0.0	0.0	0.0	0.0	0.0	0.0	0.0	146.0	0.0	0.039367575	-0.028015065	1.016904135	1.49548	0.51884	0.4578	3289543.0	1776544969.520147	0.0	1.0	-1.0	-1.0	-1.0	-1.0	-1.0	-1.0	-1.0	-1.0	0.0	marker	peace	Peace	25	0418
-68519.655	-55311.975	-104710.59	-18546.57	0.0	0.0	0.0	0.0	0.0	0.0	0.0	0.0	0.0	0.0	0.0	0.0	0.0	0.0	146.0	0.0	0.039367575	-0.028015065	1.016904135	1.49548	0.51884	0.4578	3289544.0	1776544969.520174	0.0	1.0	-1.0	-1.0	-1.0	-1.0	-1.0	-1.0	-1.0	-1.0	0.0	marker	peace	Peace	25	0418
-68506.245	-55327.365	-104692.185	-18536.805	0.0	0.0	0.0	0.0	0.0	0.0	0.0	0.0	0.0	0.0	0.0	0.0	0.0	0.0	146.0	0.0	0.039367575	-0.028015065	1.016904135	1.49548	0.51884	0.4578	3289545.0	1776544969.524208	0.0	1.0	-1.0	-1.0	-1.0	-1.0	-1.0	-1.0	-1.0	-1.0	0.0	marker	peace	Peace	25	0418
-68556.23999999999	-55335.24	-104723.55	-18571.86	0.0	0.0	0.0	0.0	0.0	0.0	0.0	0.0	0.0	0.0	0.0	0.0	0.0	0.0	146.0	0.0	0.039367575	-0.028015065	1.016904135	1.49548	0.51884	0.4578	3289546.0	1776544969.52422	0.0	1.0	-1.0	-1.0	-1.0	-1.0	-1.0	-1.0	-1.0	-1.0	0.0	marker	peace	Peace	25	0418
-68542.065	-55337.265	-104715.94499999999	-18558.18	0.0	0.0	0.0	0.0	0.0	0.0	0.0	0.0	0.0	0.0	0.0	0.0	0.0	0.0	146.0	0.0	0.040222065	-0.028869555	1.0194065700000001	1.2971	0.74774	0.41202	3289547.0	1776544969.528108	0.0	1.0	-1.0	-1.0	-1.0	-1.0	-1.0	-1.0	-1.0	-1.0	0.0	marker	peace	Peace	25	0418
-68544.495	-55334.384999999995	-104730.03	-18572.355	0.0	0.0	0.0	0.0	0.0	0.0	0.0	0.0	0.0	0.0	0.0	0.0	0.0	0.0	146.0	0.0	0.040222065	-0.028869555	1.0194065700000001	1.2971	0.74774	0.41202	3289548.0	1776544969.528122	0.0	1.0	-1.0	-1.0	-1.0	-1.0	-1.0	-1.0	-1.0	-1.0	0.0	marker	peace	Peace	25	0418
-68536.08	-55320.345	-104766.25499999999	-18575.01	0.0	0.0	0.0	0.0	0.0	0.0	0.0	0.0	0.0	0.0	0.0	0.0	0.0	0.0	146.0	0.0	0.040222065	-0.028869555	1.0194065700000001	1.2971	0.74774	0.41202	3289549.0	1776544969.532349	0.0	1.0	-1.0	-1.0	-1.0	-1.0	-1.0	-1.0	-1.0	-1.0	0.0	marker	peace	Peace	25	0418
-68509.575	-55305.314999999995	-104732.14499999999	-18547.92	0.0	0.0	0.0	0.0	0.0	0.0	0.0	0.0	0.0	0.0	0.0	0.0	0.0	0.0	146.0	0.0	0.040222065	-0.028869555	1.0194065700000001	1.2971	0.74774	0.41202	3289550.0	1776544969.532371	0.0	1.0	-1.0	-1.0	-1.0	-1.0	-1.0	-1.0	-1.0	-1.0	0.0	marker	peace	Peace	25	0418
-68512.905	-55298.07	-104722.065	-18549.855	0.0	0.0	0.0	0.0	0.0	0.0	0.0	0.0	0.0	0.0	0.0	0.0	0.0	0.0	146.0	0.0	0.040222065	-0.028869555	1.0194065700000001	1.2971	0.74774	0.41202	3289551.0	1776544969.539859	0.0	1.0	-1.0	-1.0	-1.0	-1.0	-1.0	-1.0	-1.0	-1.0	0.0	marker	peace	Peace	25	0418
-68486.805	-55287.27	-104685.885	-18515.969999999998	0.0	0.0	0.0	0.0	0.0	0.0	0.0	0.0	0.0	0.0	0.0	0.0	0.0	0.0	146.0	0.0	0.040222065	-0.028869555	1.0194065700000001	1.2971	0.74774	0.41202	3289552.0	1776544969.539877	0.0	1.0	-1.0	-1.0	-1.0	-1.0	-1.0	-1.0	-1.0	-1.0	0.0	marker	peace	Peace	25	0418
-68540.67	-55312.604999999996	-104717.83499999999	-18547.155	0.0	0.0	0.0	0.0	0.0	0.0	0.0	0.0	0.0	0.0	0.0	0.0	0.0	0.0	146.0	0.0	0.040222065	-0.028869555	1.0194065700000001	1.2971	0.74774	0.41202	3289553.0	1776544969.539897	0.0	1.0	-1.0	-1.0	-1.0	-1.0	-1.0	-1.0	-1.0	-1.0	0.0	marker	peace	Peace	25	0418
-68571.765	-55330.38	-104761.62	-18600.434999999998	0.0	0.0	0.0	0.0	0.0	0.0	0.0	0.0	0.0	0.0	0.0	0.0	0.0	0.0	146.0	0.0	0.040222065	-0.028869555	1.0194065700000001	1.2971	0.74774	0.41202	3289554.0	1776544969.539906	0.0	1.0	-1.0	-1.0	-1.0	-1.0	-1.0	-1.0	-1.0	-1.0	0.0	marker	peace	Peace	25	0418
-68499.22499999999	-55326.915	-104684.08499999999	-18536.04	0.0	0.0	0.0	0.0	0.0	0.0	0.0	0.0	0.0	0.0	0.0	0.0	0.0	0.0	146.0	0.0	0.040222065	-0.028869555	1.0194065700000001	1.2971	0.74774	0.41202	3289555.0	1776544969.545968	0.0	1.0	-1.0	-1.0	-1.0	-1.0	-1.0	-1.0	-1.0	-1.0	0.0	marker	peace	Peace	25	0418
-68437.575	-55318.32	-104625.26999999999	-18472.14	0.0	0.0	0.0	0.0	0.0	0.0	0.0	0.0	0.0	0.0	0.0	0.0	0.0	0.0	146.0	0.0	0.040222065	-0.028869555	1.0194065700000001	1.2971	0.74774	0.41202	3289556.0	1776544969.54598	0.0	1.0	-1.0	-1.0	-1.0	-1.0	-1.0	-1.0	-1.0	-1.0	0.0	marker	peace	Peace	25	0418
-68450.805	-55306.439999999995	-104674.14	-18500.04	0.0	0.0	0.0	0.0	0.0	0.0	0.0	0.0	0.0	0.0	0.0	0.0	0.0	0.0	146.0	0.0	0.040954485	-0.033264075	1.02111555	1.69386	0.18312	-0.12208	3289557.0	1776544969.548218	0.0	1.0	-1.0	-1.0	-1.0	-1.0	-1.0	-1.0	-1.0	-1.0	0.0	marker	peace	Peace	25	0418
-68573.79	-55305.405	-104767.2	-18609.12	0.0	0.0	0.0	0.0	0.0	0.0	0.0	0.0	0.0	0.0	0.0	0.0	0.0	0.0	146.0	0.0	0.040954485	-0.033264075	1.02111555	1.69386	0.18312	-0.12208	3289558.0	1776544969.548264	0.0	1.0	-1.0	-1.0	-1.0	-1.0	-1.0	-1.0	-1.0	-1.0	0.0	marker	peace	Peace	25	0418
-68559.66	-55300.905	-104734.44	-18578.25	0.0	0.0	0.0	0.0	0.0	0.0	0.0	0.0	0.0	0.0	0.0	0.0	0.0	0.0	146.0	0.0	0.040954485	-0.033264075	1.02111555	1.69386	0.18312	-0.12208	3289559.0	1776544969.552255	0.0	1.0	-1.0	-1.0	-1.0	-1.0	-1.0	-1.0	-1.0	-1.0	0.0	marker	peace	Peace	25	0418
-68526.63	-55305.9	-104744.205	-18559.575	0.0	0.0	0.0	0.0	0.0	0.0	0.0	0.0	0.0	0.0	0.0	0.0	0.0	0.0	146.0	0.0	0.040954485	-0.033264075	1.02111555	1.69386	0.18312	-0.12208	3289560.0	1776544969.55228	0.0	1.0	-1.0	-1.0	-1.0	-1.0	-1.0	-1.0	-1.0	-1.0	0.0	marker	peace	Peace	25	0418
-68524.47	-55312.02	-104740.245	-18559.35	0.0	0.0	0.0	0.0	0.0	0.0	0.0	0.0	0.0	0.0	0.0	0.0	0.0	0.0	146.0	0.0	0.040954485	-0.033264075	1.02111555	1.69386	0.18312	-0.12208	3289561.0	1776544969.556189	0.0	1.0	-1.0	-1.0	-1.0	-1.0	-1.0	-1.0	-1.0	-1.0	0.0	marker	peace	Peace	25	0418
-68541.39	-55303.695	-104750.055	-18573.12	0.0	0.0	0.0	0.0	0.0	0.0	0.0	0.0	0.0	0.0	0.0	0.0	0.0	0.0	146.0	0.0	0.040954485	-0.033264075	1.02111555	1.69386	0.18312	-0.12208	3289562.0	1776544969.556201	0.0	1.0	-1.0	-1.0	-1.0	-1.0	-1.0	-1.0	-1.0	-1.0	0.0	marker	peace	Peace	25	0418
-68541.795	-55296.045	-104736.59999999999	-18571.274999999998	0.0	0.0	0.0	0.0	0.0	0.0	0.0	0.0	0.0	0.0	0.0	0.0	0.0	0.0	146.0	0.0	0.040954485	-0.033264075	1.02111555	1.69386	0.18312	-0.12208	3289563.0	1776544969.560133	0.0	1.0	-1.0	-1.0	-1.0	-1.0	-1.0	-1.0	-1.0	-1.0	0.0	marker	peace	Peace	25	0418
-68521.59	-55289.655	-104713.155	-18550.215	0.0	0.0	0.0	0.0	0.0	0.0	0.0	0.0	0.0	0.0	0.0	0.0	0.0	0.0	146.0	0.0	0.040954485	-0.033264075	1.02111555	1.69386	0.18312	-0.12208	3289564.0	1776544969.560146	0.0	1.0	-1.0	-1.0	-1.0	-1.0	-1.0	-1.0	-1.0	-1.0	0.0	marker	peace	Peace	25	0418
-68512.59	-55280.655	-104710.31999999999	-18540.225	0.0	0.0	0.0	0.0	0.0	0.0	0.0	0.0	0.0	0.0	0.0	0.0	0.0	0.0	146.0	0.0	0.040954485	-0.033264075	1.02111555	1.69386	0.18312	-0.12208	3289565.0	1776544969.56449	0.0	1.0	-1.0	-1.0	-1.0	-1.0	-1.0	-1.0	-1.0	-1.0	0.0	marker	peace	Peace	25	0418
-68531.265	-55277.28	-104736.465	-18562.59	0.0	0.0	0.0	0.0	0.0	0.0	0.0	0.0	0.0	0.0	0.0	0.0	0.0	0.0	146.0	0.0	0.040954485	-0.033264075	1.02111555	1.69386	0.18312	-0.12208	3289566.0	1776544969.564515	0.0	1.0	-1.0	-1.0	-1.0	-1.0	-1.0	-1.0	-1.0	-1.0	0.0	marker	peace	Peace	25	0418
-68528.47499999999	-55278.225	-104745.915	-18577.215	0.0	0.0	0.0	0.0	0.0	0.0	0.0	0.0	0.0	0.0	0.0	0.0	0.0	0.0	146.0	0.0	0.0390624	-0.038146875000000004	1.02026106	3.69292	-0.13734	-0.50358	3289567.0	1776544969.568397	0.0	1.0	-1.0	-1.0	-1.0	-1.0	-1.0	-1.0	-1.0	-1.0	0.0	marker	peace	Peace	25	0418
-68539.31999999999	-55271.97	-104743.305	-18578.655	0.0	0.0	0.0	0.0	0.0	0.0	0.0	0.0	0.0	0.0	0.0	0.0	0.0	0.0	146.0	0.0	0.0390624	-0.038146875000000004	1.02026106	3.69292	-0.13734	-0.50358	3289568.0	1776544969.568418	0.0	1.0	-1.0	-1.0	-1.0	-1.0	-1.0	-1.0	-1.0	-1.0	0.0	marker	peace	Peace	25	0418
-68542.29	-55266.525	-104726.7	-18562.094999999998	0.0	0.0	0.0	0.0	0.0	0.0	0.0	0.0	0.0	0.0	0.0	0.0	0.0	0.0	146.0	0.0	0.0390624	-0.038146875000000004	1.02026106	3.69292	-0.13734	-0.50358	3289569.0	1776544969.572279	0.0	1.0	-1.0	-1.0	-1.0	-1.0	-1.0	-1.0	-1.0	-1.0	0.0	marker	peace	Peace	25	0418
-68539.815	-55257.165	-104715.045	-18555.57	0.0	0.0	0.0	0.0	0.0	0.0	0.0	0.0	0.0	0.0	0.0	0.0	0.0	0.0	146.0	0.0	0.0390624	-0.038146875000000004	1.02026106	3.69292	-0.13734	-0.50358	3289570.0	1776544969.572292	0.0	1.0	-1.0	-1.0	-1.0	-1.0	-1.0	-1.0	-1.0	-1.0	0.0	marker	peace	Peace	25	0418
-68536.395	-55257.615	-104707.305	-18556.245	0.0	0.0	0.0	0.0	0.0	0.0	0.0	0.0	0.0	0.0	0.0	0.0	0.0	0.0	146.0	0.0	0.0390624	-0.038146875000000004	1.02026106	3.69292	-0.13734	-0.50358	3289571.0	1776544969.57617	0.0	1.0	-1.0	-1.0	-1.0	-1.0	-1.0	-1.0	-1.0	-1.0	0.0	marker	peace	Peace	25	0418
-68530.545	-55259.505	-104717.745	-18559.8	0.0	0.0	0.0	0.0	0.0	0.0	0.0	0.0	0.0	0.0	0.0	0.0	0.0	0.0	146.0	0.0	0.0390624	-0.038146875000000004	1.02026106	3.69292	-0.13734	-0.50358	3289572.0	1776544969.576184	0.0	1.0	-1.0	-1.0	-1.0	-1.0	-1.0	-1.0	-1.0	-1.0	0.0	marker	peace	Peace	25	0418
-68516.01	-55258.56	-104723.50499999999	-18562.41	0.0	0.0	0.0	0.0	0.0	0.0	0.0	0.0	0.0	0.0	0.0	0.0	0.0	0.0	146.0	0.0	0.0390624	-0.038146875000000004	1.02026106	3.69292	-0.13734	-0.50358	3289573.0	1776544969.580505	0.0	1.0	-1.0	-1.0	-1.0	-1.0	-1.0	-1.0	-1.0	-1.0	0.0	marker	peace	Peace	25	0418
-68517.045	-55260.72	-104712.93	-18555.12	0.0	0.0	0.0	0.0	0.0	0.0	0.0	0.0	0.0	0.0	0.0	0.0	0.0	0.0	146.0	0.0	0.0390624	-0.038146875000000004	1.02026106	3.69292	-0.13734	-0.50358	3289574.0	1776544969.580536	0.0	1.0	-1.0	-1.0	-1.0	-1.0	-1.0	-1.0	-1.0	-1.0	0.0	marker	peace	Peace	25	0418
-68488.38	-55275.704999999994	-104691.375	-18519.795	0.0	0.0	0.0	0.0	0.0	0.0	0.0	0.0	0.0	0.0	0.0	0.0	0.0	0.0	146.0	0.0	0.0390624	-0.038146875000000004	1.02026106	3.69292	-0.13734	-0.50358	3289575.0	1776544969.584345	0.0	1.0	-1.0	-1.0	-1.0	-1.0	-1.0	-1.0	-1.0	-1.0	0.0	marker	peace	Peace	25	0418
-68499.22499999999	-55286.595	-104702.31	-18532.215	0.0	0.0	0.0	0.0	0.0	0.0	0.0	0.0	0.0	0.0	0.0	0.0	0.0	0.0	146.0	0.0	0.0390624	-0.038146875000000004	1.02026106	3.69292	-0.13734	-0.50358	3289576.0	1776544969.584358	0.0	1.0	-1.0	-1.0	-1.0	-1.0	-1.0	-1.0	-1.0	-1.0	0.0	marker	peace	Peace	25	0418
-68552.775	-55291.365	-104718.735	-18562.364999999998	0.0	0.0	0.0	0.0	0.0	0.0	0.0	0.0	0.0	0.0	0.0	0.0	0.0	0.0	146.0	0.0	0.040222065	-0.04040517	1.02148176	4.25754	-0.59514	-1.05294	3289577.0	1776544969.588418	0.0	1.0	-1.0	-1.0	-1.0	-1.0	-1.0	-1.0	-1.0	-1.0	0.0	marker	peace	Peace	25	0418
-68581.44	-55293.119999999995	-104724.135	-18564.93	0.0	0.0	0.0	0.0	0.0	0.0	0.0	0.0	0.0	0.0	0.0	0.0	0.0	0.0	146.0	0.0	0.040222065	-0.04040517	1.02148176	4.25754	-0.59514	-1.05294	3289578.0	1776544969.588447	0.0	1.0	-1.0	-1.0	-1.0	-1.0	-1.0	-1.0	-1.0	-1.0	0.0	marker	peace	Peace	25	0418
-68547.15	-55300.454999999994	-104726.205	-18556.335	0.0	0.0	0.0	0.0	0.0	0.0	0.0	0.0	0.0	0.0	0.0	0.0	0.0	0.0	146.0	0.0	0.040222065	-0.04040517	1.02148176	4.25754	-0.59514	-1.05294	3289579.0	1776544969.592415	0.0	1.0	-1.0	-1.0	-1.0	-1.0	-1.0	-1.0	-1.0	-1.0	0.0	marker	peace	Peace	25	0418
-68502.015	-55297.17	-104745.915	-18553.995	0.0	0.0	0.0	0.0	0.0	0.0	0.0	0.0	0.0	0.0	0.0	0.0	0.0	0.0	146.0	0.0	0.040222065	-0.04040517	1.02148176	4.25754	-0.59514	-1.05294	3289580.0	1776544969.592427	0.0	1.0	-1.0	-1.0	-1.0	-1.0	-1.0	-1.0	-1.0	-1.0	0.0	marker	peace	Peace	25	0418
-68522.895	-55302.345	-104752.75499999999	-18568.89	0.0	0.0	0.0	0.0	0.0	0.0	0.0	0.0	0.0	0.0	0.0	0.0	0.0	0.0	146.0	0.0	0.040222065	-0.04040517	1.02148176	4.25754	-0.59514	-1.05294	3289581.0	1776544969.598527	0.0	1.0	-1.0	-1.0	-1.0	-1.0	-1.0	-1.0	-1.0	-1.0	0.0	marker	peace	Peace	25	0418
-68501.97	-55298.204999999994	-104715.18	-18546.165	0.0	0.0	0.0	0.0	0.0	0.0	0.0	0.0	0.0	0.0	0.0	0.0	0.0	0.0	146.0	0.0	0.040222065	-0.04040517	1.02148176	4.25754	-0.59514	-1.05294	3289582.0	1776544969.598549	0.0	1.0	-1.0	-1.0	-1.0	-1.0	-1.0	-1.0	-1.0	-1.0	0.0	marker	peace	Peace	25	0418
-68463.81	-55291.95	-104673.69	-18508.545	0.0	0.0	0.0	0.0	0.0	0.0	0.0	0.0	0.0	0.0	0.0	0.0	0.0	0.0	146.0	0.0	0.040222065	-0.04040517	1.02148176	4.25754	-0.59514	-1.05294	3289583.0	1776544969.600511	0.0	1.0	-1.0	-1.0	-1.0	-1.0	-1.0	-1.0	-1.0	-1.0	0.0	marker	peace	Peace	25	0418
-68573.34	-55302.479999999996	-104752.03499999999	-18583.785	0.0	0.0	0.0	0.0	0.0	0.0	0.0	0.0	0.0	0.0	0.0	0.0	0.0	0.0	146.0	0.0	0.040222065	-0.04040517	1.02148176	4.25754	-0.59514	-1.05294	3289584.0	1776544969.600544	0.0	1.0	-1.0	-1.0	-1.0	-1.0	-1.0	-1.0	-1.0	-1.0	0.0	marker	peace	Peace	25	0418
-68589.855	-55309.32	-104776.155	-18596.7	0.0	0.0	0.0	0.0	0.0	0.0	0.0	0.0	0.0	0.0	0.0	0.0	0.0	0.0	146.0	0.0	0.040222065	-0.04040517	1.02148176	4.25754	-0.59514	-1.05294	3289585.0	1776544969.604442	0.0	1.0	-1.0	-1.0	-1.0	-1.0	-1.0	-1.0	-1.0	-1.0	0.0	marker	peace	Peace	25	0418
-68539.36499999999	-55309.275	-104736.735	-18557.055	0.0	0.0	0.0	0.0	0.0	0.0	0.0	0.0	0.0	0.0	0.0	0.0	0.0	0.0	146.0	0.0	0.040222065	-0.04040517	1.02148176	4.25754	-0.59514	-1.05294	3289586.0	1776544969.60448	0.0	1.0	-1.0	-1.0	-1.0	-1.0	-1.0	-1.0	-1.0	-1.0	0.0	marker	peace	Peace	25	0418
-68518.62	-55309.634999999995	-104710.995	-18557.684999999998	0.0	0.0	0.0	0.0	0.0	0.0	0.0	0.0	0.0	0.0	0.0	0.0	0.0	0.0	146.0	0.0	0.039733785	-0.03601065	1.020688305	4.51696	-0.44254	-1.6633399999999998	3289587.0	1776544969.608633	0.0	1.0	-1.0	-1.0	-1.0	-1.0	-1.0	-1.0	-1.0	-1.0	0.0	marker	peace	Peace	25	0418
-68509.755	-55304.775	-104687.73	-18542.61	0.0	0.0	0.0	0.0	0.0	0.0	0.0	0.0	0.0	0.0	0.0	0.0	0.0	0.0	146.0	0.0	0.039733785	-0.03601065	1.020688305	4.51696	-0.44254	-1.6633399999999998	3289588.0	1776544969.60865	0.0	1.0	-1.0	-1.0	-1.0	-1.0	-1.0	-1.0	-1.0	-1.0	0.0	marker	peace	Peace	25	0418
-68498.91	-55295.729999999996	-104701.545	-18530.145	0.0	0.0	0.0	0.0	0.0	0.0	0.0	0.0	0.0	0.0	0.0	0.0	0.0	0.0	146.0	0.0	0.039733785	-0.03601065	1.020688305	4.51696	-0.44254	-1.6633399999999998	3289589.0	1776544969.612458	0.0	1.0	-1.0	-1.0	-1.0	-1.0	-1.0	-1.0	-1.0	-1.0	0.0	marker	peace	Peace	25	0418
-68503.545	-55291.365	-104734.39499999999	-18544.41	0.0	0.0	0.0	0.0	0.0	0.0	0.0	0.0	0.0	0.0	0.0	0.0	0.0	0.0	146.0	0.0	0.039733785	-0.03601065	1.020688305	4.51696	-0.44254	-1.6633399999999998	3289590.0	1776544969.612476	0.0	1.0	-1.0	-1.0	-1.0	-1.0	-1.0	-1.0	-1.0	-1.0	0.0	marker	peace	Peace	25	0418
-68540.94	-55295.235	-104753.83499999999	-18583.92	0.0	0.0	0.0	0.0	0.0	0.0	0.0	0.0	0.0	0.0	0.0	0.0	0.0	0.0	146.0	0.0	0.039733785	-0.03601065	1.020688305	4.51696	-0.44254	-1.6633399999999998	3289591.0	1776544969.616536	0.0	1.0	-1.0	-1.0	-1.0	-1.0	-1.0	-1.0	-1.0	-1.0	0.0	marker	peace	Peace	25	0418
-68497.515	-55294.92	-104700.64499999999	-18537.93	0.0	0.0	0.0	0.0	0.0	0.0	0.0	0.0	0.0	0.0	0.0	0.0	0.0	0.0	146.0	0.0	0.039733785	-0.03601065	1.020688305	4.51696	-0.44254	-1.6633399999999998	3289592.0	1776544969.616558	0.0	1.0	-1.0	-1.0	-1.0	-1.0	-1.0	-1.0	-1.0	-1.0	0.0	marker	peace	Peace	25	0418
-68520.95999999999	-55307.97	-104714.09999999999	-18549.27	0.0	0.0	0.0	0.0	0.0	0.0	0.0	0.0	0.0	0.0	0.0	0.0	0.0	0.0	146.0	0.0	0.039733785	-0.03601065	1.020688305	4.51696	-0.44254	-1.6633399999999998	3289593.0	1776544969.62051	0.0	1.0	-1.0	-1.0	-1.0	-1.0	-1.0	-1.0	-1.0	-1.0	0.0	marker	peace	Peace	25	0418
-68546.25	-55324.619999999995	-104752.44	-18569.52	0.0	0.0	0.0	0.0	0.0	0.0	0.0	0.0	0.0	0.0	0.0	0.0	0.0	0.0	146.0	0.0	0.039733785	-0.03601065	1.020688305	4.51696	-0.44254	-1.6633399999999998	3289594.0	1776544969.620539	0.0	1.0	-1.0	-1.0	-1.0	-1.0	-1.0	-1.0	-1.0	-1.0	0.0	marker	peace	Peace	25	0418
-68531.84999999999	-55332.134999999995	-104752.17	-18562.68	0.0	0.0	0.0	0.0	0.0	0.0	0.0	0.0	0.0	0.0	0.0	0.0	0.0	0.0	146.0	0.0	0.039733785	-0.03601065	1.020688305	4.51696	-0.44254	-1.6633399999999998	3289595.0	1776544969.624444	0.0	1.0	-1.0	-1.0	-1.0	-1.0	-1.0	-1.0	-1.0	-1.0	0.0	marker	peace	Peace	25	0418
-68524.965	-55327.86	-104722.965	-18556.649999999998	0.0	0.0	0.0	0.0	0.0	0.0	0.0	0.0	0.0	0.0	0.0	0.0	0.0	0.0	146.0	0.0	0.039733785	-0.03601065	1.020688305	4.51696	-0.44254	-1.6633399999999998	3289596.0	1776544969.624458	0.0	1.0	-1.0	-1.0	-1.0	-1.0	-1.0	-1.0	-1.0	-1.0	0.0	marker	peace	Peace	25	0418
-68522.355	-55316.204999999994	-104689.665	-18541.934999999998	0.0	0.0	0.0	0.0	0.0	0.0	0.0	0.0	0.0	0.0	0.0	0.0	0.0	0.0	146.0	0.0	0.043151745	-0.03124992	1.01452377	4.2728	0.27468	-1.2207999999999999	3289597.0	1776544969.62892	0.0	1.0	-1.0	-1.0	-1.0	-1.0	-1.0	-1.0	-1.0	-1.0	0.0	marker	peace	Peace	25	0418
-68520.95999999999	-55311.255	-104711.355	-18551.88	0.0	0.0	0.0	0.0	0.0	0.0	0.0	0.0	0.0	0.0	0.0	0.0	0.0	0.0	146.0	0.0	0.043151745	-0.03124992	1.01452377	4.2728	0.27468	-1.2207999999999999	3289598.0	1776544969.62894	0.0	1.0	-1.0	-1.0	-1.0	-1.0	-1.0	-1.0	-1.0	-1.0	0.0	marker	peace	Peace	25	0418
-68536.485	-55312.65	-104730.705	-18571.68	0.0	0.0	0.0	0.0	0.0	0.0	0.0	0.0	0.0	0.0	0.0	0.0	0.0	0.0	146.0	0.0	0.043151745	-0.03124992	1.01452377	4.2728	0.27468	-1.2207999999999999	3289599.0	1776544969.632604	0.0	1.0	-1.0	-1.0	-1.0	-1.0	-1.0	-1.0	-1.0	-1.0	0.0	marker	peace	Peace	25	0418
-68551.245	-55308.555	-104739.705	-18591.704999999998	0.0	0.0	0.0	0.0	0.0	0.0	0.0	0.0	0.0	0.0	0.0	0.0	0.0	0.0	146.0	0.0	0.043151745	-0.03124992	1.01452377	4.2728	0.27468	-1.2207999999999999	3289600.0	1776544969.632622	0.0	1.0	-1.0	-1.0	-1.0	-1.0	-1.0	-1.0	-1.0	-1.0	0.0	marker	peace	Peace	25	0418
-68536.665	-55314.494999999995	-104740.515	-18582.21	0.0	0.0	0.0	0.0	0.0	0.0	0.0	0.0	0.0	0.0	0.0	0.0	0.0	0.0	146.0	0.0	0.043151745	-0.03124992	1.01452377	4.2728	0.27468	-1.2207999999999999	3289601.0	1776544969.637675	0.0	1.0	-1.0	-1.0	-1.0	-1.0	-1.0	-1.0	-1.0	-1.0	0.0	marker	peace	Peace	25	0418
-68489.73	-55319.579999999994	-104708.655	-18537.12	0.0	0.0	0.0	0.0	0.0	0.0	0.0	0.0	0.0	0.0	0.0	0.0	0.0	0.0	146.0	0.0	0.043151745	-0.03124992	1.01452377	4.2728	0.27468	-1.2207999999999999	3289602.0	1776544969.637701	0.0	1.0	-1.0	-1.0	-1.0	-1.0	-1.0	-1.0	-1.0	-1.0	0.0	marker	peace	Peace	25	0418
-68494.59	-55321.829999999994	-104687.86499999999	-18513.63	0.0	0.0	0.0	0.0	0.0	0.0	0.0	0.0	0.0	0.0	0.0	0.0	0.0	0.0	146.0	0.0	0.043151745	-0.03124992	1.01452377	4.2728	0.27468	-1.2207999999999999	3289603.0	1776544969.640551	0.0	1.0	-1.0	-1.0	-1.0	-1.0	-1.0	-1.0	-1.0	-1.0	0.0	marker	peace	Peace	25	0418
-68491.17	-55323.72	-104681.295	-18501.704999999998	0.0	0.0	0.0	0.0	0.0	0.0	0.0	0.0	0.0	0.0	0.0	0.0	0.0	0.0	146.0	0.0	0.043151745	-0.03124992	1.01452377	4.2728	0.27468	-1.2207999999999999	3289604.0	1776544969.640562	0.0	1.0	-1.0	-1.0	-1.0	-1.0	-1.0	-1.0	-1.0	-1.0	0.0	marker	peace	Peace	25	0418
-68461.245	-55329.119999999995	-104661.675	-18486.135	0.0	0.0	0.0	0.0	0.0	0.0	0.0	0.0	0.0	0.0	0.0	0.0	0.0	0.0	146.0	0.0	0.043151745	-0.03124992	1.01452377	4.2728	0.27468	-1.2207999999999999	3289605.0	1776544969.644581	0.0	1.0	-1.0	-1.0	-1.0	-1.0	-1.0	-1.0	-1.0	-1.0	0.0	marker	peace	Peace	25	0418
-68491.845	-55323.9	-104690.745	-18539.19	0.0	0.0	0.0	0.0	0.0	0.0	0.0	0.0	0.0	0.0	0.0	0.0	0.0	0.0	146.0	0.0	0.043151745	-0.03124992	1.01452377	4.2728	0.27468	-1.2207999999999999	3289606.0	1776544969.644592	0.0	1.0	-1.0	-1.0	-1.0	-1.0	-1.0	-1.0	-1.0	-1.0	0.0	marker	peace	Peace	25	0418
-68526.18	-55307.384999999995	-104717.97	-18565.649999999998	0.0	0.0	0.0	0.0	0.0	0.0	0.0	0.0	0.0	0.0	0.0	0.0	0.0	0.0	146.0	0.0	0.044860725000000004	-0.02819817	1.010922705	3.18934	0.6409199999999999	-0.30519999999999997	3289607.0	1776544969.648925	0.0	1.0	-1.0	-1.0	-1.0	-1.0	-1.0	-1.0	-1.0	-1.0	0.0	marker	peace	Peace	25	0418
-68588.37	-55305.36	-104783.715	-18604.485	0.0	0.0	0.0	0.0	0.0	0.0	0.0	0.0	0.0	0.0	0.0	0.0	0.0	0.0	146.0	0.0	0.044860725000000004	-0.02819817	1.010922705	3.18934	0.6409199999999999	-0.30519999999999997	3289608.0	1776544969.648946	0.0	1.0	-1.0	-1.0	-1.0	-1.0	-1.0	-1.0	-1.0	-1.0	0.0	marker	peace	Peace	25	0418
-68573.47499999999	-55306.439999999995	-104767.29	-18588.195	0.0	0.0	0.0	0.0	0.0	0.0	0.0	0.0	0.0	0.0	0.0	0.0	0.0	0.0	146.0	0.0	0.044860725000000004	-0.02819817	1.010922705	3.18934	0.6409199999999999	-0.30519999999999997	3289609.0	1776544969.65259	0.0	1.0	-1.0	-1.0	-1.0	-1.0	-1.0	-1.0	-1.0	-1.0	0.0	marker	peace	Peace	25	0418
-68558.805	-55295.055	-104722.29	-18567.18	0.0	0.0	0.0	0.0	0.0	0.0	0.0	0.0	0.0	0.0	0.0	0.0	0.0	0.0	146.0	0.0	0.044860725000000004	-0.02819817	1.010922705	3.18934	0.6409199999999999	-0.30519999999999997	3289610.0	1776544969.652614	0.0	1.0	-1.0	-1.0	-1.0	-1.0	-1.0	-1.0	-1.0	-1.0	0.0	marker	peace	Peace	25	0418
-68527.125	-55292.13	-104706.22499999999	-18557.235	0.0	0.0	0.0	0.0	0.0	0.0	0.0	0.0	0.0	0.0	0.0	0.0	0.0	0.0	146.0	0.0	0.044860725000000004	-0.02819817	1.010922705	3.18934	0.6409199999999999	-0.30519999999999997	3289611.0	1776544969.656673	0.0	1.0	-1.0	-1.0	-1.0	-1.0	-1.0	-1.0	-1.0	-1.0	0.0	marker	peace	Peace	25	0418
-68488.29	-55298.79	-104712.795	-18546.704999999998	0.0	0.0	0.0	0.0	0.0	0.0	0.0	0.0	0.0	0.0	0.0	0.0	0.0	0.0	146.0	0.0	0.044860725000000004	-0.02819817	1.010922705	3.18934	0.6409199999999999	-0.30519999999999997	3289612.0	1776544969.656685	0.0	1.0	-1.0	-1.0	-1.0	-1.0	-1.0	-1.0	-1.0	-1.0	0.0	marker	peace	Peace	25	0418
-68520.915	-55295.64	-104733.54	-18550.305	0.0	0.0	0.0	0.0	0.0	0.0	0.0	0.0	0.0	0.0	0.0	0.0	0.0	0.0	146.0	0.0	0.044860725000000004	-0.02819817	1.010922705	3.18934	0.6409199999999999	-0.30519999999999997	3289613.0	1776544969.660629	0.0	1.0	-1.0	-1.0	-1.0	-1.0	-1.0	-1.0	-1.0	-1.0	0.0	marker	peace	Peace	25	0418
-68551.065	-55291.32	-104736.465	-18566.19	0.0	0.0	0.0	0.0	0.0	0.0	0.0	0.0	0.0	0.0	0.0	0.0	0.0	0.0	146.0	0.0	0.044860725000000004	-0.02819817	1.010922705	3.18934	0.6409199999999999	-0.30519999999999997	3289614.0	1776544969.66064	0.0	1.0	-1.0	-1.0	-1.0	-1.0	-1.0	-1.0	-1.0	-1.0	0.0	marker	peace	Peace	25	0418
-68515.73999999999	-55282.005	-104711.355	-18558.945	0.0	0.0	0.0	0.0	0.0	0.0	0.0	0.0	0.0	0.0	0.0	0.0	0.0	0.0	146.0	0.0	0.044860725000000004	-0.02819817	1.010922705	3.18934	0.6409199999999999	-0.30519999999999997	3289615.0	1776544969.66465	0.0	1.0	-1.0	-1.0	-1.0	-1.0	-1.0	-1.0	-1.0	-1.0	0.0	marker	peace	Peace	25	0418
-68533.83	-55271.43	-104726.51999999999	-18555.255	0.0	0.0	0.0	0.0	0.0	0.0	0.0	0.0	0.0	0.0	0.0	0.0	0.0	0.0	146.0	0.0	0.044860725000000004	-0.02819817	1.010922705	3.18934	0.6409199999999999	-0.30519999999999997	3289616.0	1776544969.664674	0.0	1.0	-1.0	-1.0	-1.0	-1.0	-1.0	-1.0	-1.0	-1.0	0.0	marker	peace	Peace	25	0418
-68529.78	-55269.99	-104725.665	-18546.165	0.0	0.0	0.0	0.0	0.0	0.0	0.0	0.0	0.0	0.0	0.0	0.0	0.0	0.0	146.0	0.0	0.04345692	-0.027648855	1.00915269	2.50264	1.26658	-0.54936	3289617.0	1776544969.668788	0.0	1.0	-1.0	-1.0	-1.0	-1.0	-1.0	-1.0	-1.0	-1.0	0.0	marker	peace	Peace	25	0418
-68528.11499999999	-55273.77	-104739.165	-18563.265	0.0	0.0	0.0	0.0	0.0	0.0	0.0	0.0	0.0	0.0	0.0	0.0	0.0	0.0	146.0	0.0	0.04345692	-0.027648855	1.00915269	2.50264	1.26658	-0.54936	3289618.0	1776544969.668815	0.0	1.0	-1.0	-1.0	-1.0	-1.0	-1.0	-1.0	-1.0	-1.0	0.0	marker	peace	Peace	25	0418
-68529.555	-55272.015	-104730.75	-18558.719999999998	0.0	0.0	0.0	0.0	0.0	0.0	0.0	0.0	0.0	0.0	0.0	0.0	0.0	0.0	146.0	0.0	0.04345692	-0.027648855	1.00915269	2.50264	1.26658	-0.54936	3289619.0	1776544969.672877	0.0	1.0	-1.0	-1.0	-1.0	-1.0	-1.0	-1.0	-1.0	-1.0	0.0	marker	peace	Peace	25	0418
-68522.67	-55268.549999999996	-104712.48	-18543.645	0.0	0.0	0.0	0.0	0.0	0.0	0.0	0.0	0.0	0.0	0.0	0.0	0.0	0.0	146.0	0.0	0.04345692	-0.027648855	1.00915269	2.50264	1.26658	-0.54936	3289620.0	1776544969.672889	0.0	1.0	-1.0	-1.0	-1.0	-1.0	-1.0	-1.0	-1.0	-1.0	0.0	marker	peace	Peace	25	0418
-68529.645	-55265.715	-104718.23999999999	-18551.925	0.0	0.0	0.0	0.0	0.0	0.0	0.0	0.0	0.0	0.0	0.0	0.0	0.0	0.0	146.0	0.0	0.04345692	-0.027648855	1.00915269	2.50264	1.26658	-0.54936	3289621.0	1776544969.676684	0.0	1.0	-1.0	-1.0	-1.0	-1.0	-1.0	-1.0	-1.0	-1.0	0.0	marker	peace	Peace	25	0418
-68513.175	-55255.994999999995	-104704.2	-18538.38	0.0	0.0	0.0	0.0	0.0	0.0	0.0	0.0	0.0	0.0	0.0	0.0	0.0	0.0	146.0	0.0	0.04345692	-0.027648855	1.00915269	2.50264	1.26658	-0.54936	3289622.0	1776544969.676696	0.0	1.0	-1.0	-1.0	-1.0	-1.0	-1.0	-1.0	-1.0	-1.0	0.0	marker	peace	Peace	25	0418
-68531.355	-55253.564999999995	-104730.165	-18553.454999999998	0.0	0.0	0.0	0.0	0.0	0.0	0.0	0.0	0.0	0.0	0.0	0.0	0.0	0.0	146.0	0.0	0.04345692	-0.027648855	1.00915269	2.50264	1.26658	-0.54936	3289623.0	1776544969.681606	0.0	1.0	-1.0	-1.0	-1.0	-1.0	-1.0	-1.0	-1.0	-1.0	0.0	marker	peace	Peace	25	0418
-68560.11	-55256.85	-104762.83499999999	-18577.62	0.0	0.0	0.0	0.0	0.0	0.0	0.0	0.0	0.0	0.0	0.0	0.0	0.0	0.0	146.0	0.0	0.04345692	-0.027648855	1.00915269	2.50264	1.26658	-0.54936	3289624.0	1776544969.681636	0.0	1.0	-1.0	-1.0	-1.0	-1.0	-1.0	-1.0	-1.0	-1.0	0.0	marker	peace	Peace	25	0418
-68505.03	-55258.155	-104710.275	-18535.364999999998	0.0	0.0	0.0	0.0	0.0	0.0	0.0	0.0	0.0	0.0	0.0	0.0	0.0	0.0	146.0	0.0	0.04345692	-0.027648855	1.00915269	2.50264	1.26658	-0.54936	3289625.0	1776544969.684663	0.0	1.0	-1.0	-1.0	-1.0	-1.0	-1.0	-1.0	-1.0	-1.0	0.0	marker	peace	Peace	25	0418
-68532.165	-55262.43	-104733.9	-18563.625	0.0	0.0	0.0	0.0	0.0	0.0	0.0	0.0	0.0	0.0	0.0	0.0	0.0	0.0	146.0	0.0	0.04345692	-0.027648855	1.00915269	2.50264	1.26658	-0.54936	3289626.0	1776544969.684713	0.0	1.0	-1.0	-1.0	-1.0	-1.0	-1.0	-1.0	-1.0	-1.0	0.0	marker	peace	Peace	25	0418
-68531.84999999999	-55270.125	-104733.765	-18564.39	0.0	0.0	0.0	0.0	0.0	0.0	0.0	0.0	0.0	0.0	0.0	0.0	0.0	0.0	145.79310344827584	0.0	0.04333485	-0.03002922	1.01147202	2.7010199999999998	1.11398	-0.35097999999999996	3289627.0	1776544969.688844	0.0	1.0	-1.0	-1.0	-1.0	-1.0	-1.0	-1.0	-1.0	-1.0	0.0	marker	peace	Peace	25	0418
-68506.92	-55290.555	-104697.98999999999	-18538.155	0.0	0.0	0.0	0.0	0.0	0.0	0.0	0.0	0.0	0.0	0.0	0.0	0.0	0.0	145.79310344827584	0.0	0.04333485	-0.03002922	1.01147202	2.7010199999999998	1.11398	-0.35097999999999996	3289628.0	1776544969.688878	0.0	1.0	-1.0	-1.0	-1.0	-1.0	-1.0	-1.0	-1.0	-1.0	0.0	marker	peace	Peace	25	0418
-68494.41	-55297.53	-104676.25499999999	-18516.645	0.0	0.0	0.0	0.0	0.0	0.0	0.0	0.0	0.0	0.0	0.0	0.0	0.0	0.0	145.79310344827584	0.0	0.04333485	-0.03002922	1.01147202	2.7010199999999998	1.11398	-0.35097999999999996	3289629.0	1776544969.692758	0.0	1.0	-1.0	-1.0	-1.0	-1.0	-1.0	-1.0	-1.0	-1.0	0.0	marker	peace	Peace	25	0418
-68516.955	-55304.775	-104712.075	-18544.77	0.0	0.0	0.0	0.0	0.0	0.0	0.0	0.0	0.0	0.0	0.0	0.0	0.0	0.0	145.79310344827584	0.0	0.04333485	-0.03002922	1.01147202	2.7010199999999998	1.11398	-0.35097999999999996	3289630.0	1776544969.692771	0.0	1.0	-1.0	-1.0	-1.0	-1.0	-1.0	-1.0	-1.0	-1.0	0.0	marker	peace	Peace	25	0418
-68517.22499999999	-55307.655	-104718.465	-18554.895	0.0	0.0	0.0	0.0	0.0	0.0	0.0	0.0	0.0	0.0	0.0	0.0	0.0	0.0	145.79310344827584	0.0	0.04333485	-0.03002922	1.01147202	2.7010199999999998	1.11398	-0.35097999999999996	3289631.0	1776544969.696748	0.0	1.0	-1.0	-1.0	-1.0	-1.0	-1.0	-1.0	-1.0	-1.0	0.0	marker	peace	Peace	25	0418
-68501.205	-55297.71	-104704.245	-18537.66	0.0	0.0	0.0	0.0	0.0	0.0	0.0	0.0	0.0	0.0	0.0	0.0	0.0	0.0	145.79310344827584	0.0	0.04333485	-0.03002922	1.01147202	2.7010199999999998	1.11398	-0.35097999999999996	3289632.0	1776544969.69678	0.0	1.0	-1.0	-1.0	-1.0	-1.0	-1.0	-1.0	-1.0	-1.0	0.0	marker	peace	Peace	25	0418
-68573.655	-55300.229999999996	-104768.86499999999	-18603.315	0.0	0.0	0.0	0.0	0.0	0.0	0.0	0.0	0.0	0.0	0.0	0.0	0.0	0.0	145.79310344827584	0.0	0.04333485	-0.03002922	1.01147202	2.7010199999999998	1.11398	-0.35097999999999996	3289633.0	1776544969.70072	0.0	1.0	-1.0	-1.0	-1.0	-1.0	-1.0	-1.0	-1.0	-1.0	0.0	marker	peace	Peace	25	0418
-68588.955	-55306.079999999994	-104777.19	-18602.82	0.0	0.0	0.0	0.0	0.0	0.0	0.0	0.0	0.0	0.0	0.0	0.0	0.0	0.0	145.79310344827584	0.0	0.04333485	-0.03002922	1.01147202	2.7010199999999998	1.11398	-0.35097999999999996	3289634.0	1776544969.700732	0.0	1.0	-1.0	-1.0	-1.0	-1.0	-1.0	-1.0	-1.0	-1.0	0.0	marker	peace	Peace	25	0418
-68556.42	-55306.575	-104744.295	-18569.88	0.0	0.0	0.0	0.0	0.0	0.0	0.0	0.0	0.0	0.0	0.0	0.0	0.0	0.0	145.79310344827584	0.0	0.04333485	-0.03002922	1.01147202	2.7010199999999998	1.11398	-0.35097999999999996	3289635.0	1776544969.704706	0.0	1.0	-1.0	-1.0	-1.0	-1.0	-1.0	-1.0	-1.0	-1.0	0.0	marker	peace	Peace	25	0418
-68526.18	-55312.02	-104714.955	-18561.015	0.0	0.0	0.0	0.0	0.0	0.0	0.0	0.0	0.0	0.0	0.0	0.0	0.0	0.0	145.79310344827584	0.0	0.04333485	-0.03002922	1.01147202	2.7010199999999998	1.11398	-0.35097999999999996	3289636.0	1776544969.704735	0.0	1.0	-1.0	-1.0	-1.0	-1.0	-1.0	-1.0	-1.0	-1.0	0.0	marker	peace	Peace	25	0418
-68518.395	-55352.61	-104712.12	-18557.64	0.0	0.0	0.0	0.0	0.0	0.0	0.0	0.0	0.0	0.0	0.0	0.0	0.0	0.0	145.79310344827584	0.0	0.04418934	-0.030212325	1.015805505	3.00622	1.4497	-0.3815	3289637.0	1776544969.713297	0.0	1.0	-1.0	-1.0	-1.0	-1.0	-1.0	-1.0	-1.0	-1.0	0.0	marker	peace	Peace	25	0418
-68519.655	-55390.095	-104709.69	-18545.94	0.0	0.0	0.0	0.0	0.0	0.0	0.0	0.0	0.0	0.0	0.0	0.0	0.0	0.0	145.79310344827584	0.0	0.04418934	-0.030212325	1.015805505	3.00622	1.4497	-0.3815	3289638.0	1776544969.713313	0.0	1.0	-1.0	-1.0	-1.0	-1.0	-1.0	-1.0	-1.0	-1.0	0.0	marker	peace	Peace	25	0418
-68543.28	-55390.229999999996	-104723.73	-18562.545	0.0	0.0	0.0	0.0	0.0	0.0	0.0	0.0	0.0	0.0	0.0	0.0	0.0	0.0	145.79310344827584	0.0	0.04418934	-0.030212325	1.015805505	3.00622	1.4497	-0.3815	3289639.0	1776544969.713331	0.0	1.0	-1.0	-1.0	-1.0	-1.0	-1.0	-1.0	-1.0	-1.0	0.0	marker	peace	Peace	25	0418
-68554.305	-55382.805	-104729.715	-18564.165	0.0	0.0	0.0	0.0	0.0	0.0	0.0	0.0	0.0	0.0	0.0	0.0	0.0	0.0	145.79310344827584	0.0	0.04418934	-0.030212325	1.015805505	3.00622	1.4497	-0.3815	3289640.0	1776544969.713339	0.0	1.0	-1.0	-1.0	-1.0	-1.0	-1.0	-1.0	-1.0	-1.0	0.0	marker	peace	Peace	25	0418
-68530.995	-55380.104999999996	-104716.485	-18545.445	0.0	0.0	0.0	0.0	0.0	0.0	0.0	0.0	0.0	0.0	0.0	0.0	0.0	0.0	145.79310344827584	0.0	0.04418934	-0.030212325	1.015805505	3.00622	1.4497	-0.3815	3289641.0	1776544969.716878	0.0	1.0	-1.0	-1.0	-1.0	-1.0	-1.0	-1.0	-1.0	-1.0	0.0	marker	peace	Peace	25	0418
-68549.895	-55380.104999999996	-104732.19	-18555.12	0.0	0.0	0.0	0.0	0.0	0.0	0.0	0.0	0.0	0.0	0.0	0.0	0.0	0.0	145.79310344827584	0.0	0.04418934	-0.030212325	1.015805505	3.00622	1.4497	-0.3815	3289642.0	1776544969.716902	0.0	1.0	-1.0	-1.0	-1.0	-1.0	-1.0	-1.0	-1.0	-1.0	0.0	marker	peace	Peace	25	0418
-68526.405	-55383.525	-104698.62	-18540.675	0.0	0.0	0.0	0.0	0.0	0.0	0.0	0.0	0.0	0.0	0.0	0.0	0.0	0.0	145.79310344827584	0.0	0.04418934	-0.030212325	1.015805505	3.00622	1.4497	-0.3815	3289643.0	1776544969.720902	0.0	1.0	-1.0	-1.0	-1.0	-1.0	-1.0	-1.0	-1.0	-1.0	0.0	marker	peace	Peace	25	0418
-68498.505	-55378.575	-104667.3	-18534.239999999998	0.0	0.0	0.0	0.0	0.0	0.0	0.0	0.0	0.0	0.0	0.0	0.0	0.0	0.0	145.79310344827584	0.0	0.04418934	-0.030212325	1.015805505	3.00622	1.4497	-0.3815	3289644.0	1776544969.720935	0.0	1.0	-1.0	-1.0	-1.0	-1.0	-1.0	-1.0	-1.0	-1.0	0.0	marker	peace	Peace	25	0418
-68498.415	-55368.674999999996	-104667.61499999999	-18523.395	0.0	0.0	0.0	0.0	0.0	0.0	0.0	0.0	0.0	0.0	0.0	0.0	0.0	0.0	145.79310344827584	0.0	0.04418934	-0.030212325	1.015805505	3.00622	1.4497	-0.3815	3289645.0	1776544969.72483	0.0	1.0	-1.0	-1.0	-1.0	-1.0	-1.0	-1.0	-1.0	-1.0	0.0	marker	peace	Peace	25	0418
-68461.605	-55365.615	-104656.905	-18488.61	0.0	0.0	0.0	0.0	0.0	0.0	0.0	0.0	0.0	0.0	0.0	0.0	0.0	0.0	145.79310344827584	0.0	0.04418934	-0.030212325	1.015805505	3.00622	1.4497	-0.3815	3289646.0	1776544969.724845	0.0	1.0	-1.0	-1.0	-1.0	-1.0	-1.0	-1.0	-1.0	-1.0	0.0	marker	peace	Peace	25	0418
-68541.255	-55365.884999999995	-104751.98999999999	-18563.94	0.0	0.0	0.0	0.0	0.0	0.0	0.0	0.0	0.0	0.0	0.0	0.0	0.0	0.0	145.79310344827584	0.0	0.04577625	-0.030700605	1.0192845	3.3571999999999997	1.2055399999999998	-0.48832	3289647.0	1776544969.728905	0.0	1.0	-1.0	-1.0	-1.0	-1.0	-1.0	-1.0	-1.0	-1.0	0.0	marker	peace	Peace	25	0418
-68552.45999999999	-55360.89	-104758.83	-18580.364999999998	0.0	0.0	0.0	0.0	0.0	0.0	0.0	0.0	0.0	0.0	0.0	0.0	0.0	0.0	145.79310344827584	0.0	0.04577625	-0.030700605	1.0192845	3.3571999999999997	1.2055399999999998	-0.48832	3289648.0	1776544969.728929	0.0	1.0	-1.0	-1.0	-1.0	-1.0	-1.0	-1.0	-1.0	-1.0	0.0	marker	peace	Peace	25	0418
-68554.44	-55365.795	-104766.39	-18588.825	0.0	0.0	0.0	0.0	0.0	0.0	0.0	0.0	0.0	0.0	0.0	0.0	0.0	0.0	145.79310344827584	0.0	0.04577625	-0.030700605	1.0192845	3.3571999999999997	1.2055399999999998	-0.48832	3289649.0	1776544969.732953	0.0	1.0	-1.0	-1.0	-1.0	-1.0	-1.0	-1.0	-1.0	-1.0	0.0	marker	peace	Peace	25	0418
-68544.63	-55363.95	-104750.955	-18571.454999999998	0.0	0.0	0.0	0.0	0.0	0.0	0.0	0.0	0.0	0.0	0.0	0.0	0.0	0.0	145.79310344827584	0.0	0.04577625	-0.030700605	1.0192845	3.3571999999999997	1.2055399999999998	-0.48832	3289650.0	1776544969.732977	0.0	1.0	-1.0	-1.0	-1.0	-1.0	-1.0	-1.0	-1.0	-1.0	0.0	marker	peace	Peace	25	0418
-68522.22	-55364.85	-104718.42	-18543.375	0.0	0.0	0.0	0.0	0.0	0.0	0.0	0.0	0.0	0.0	0.0	0.0	0.0	0.0	145.79310344827584	0.0	0.04577625	-0.030700605	1.0192845	3.3571999999999997	1.2055399999999998	-0.48832	3289651.0	1776544969.73684	0.0	1.0	-1.0	-1.0	-1.0	-1.0	-1.0	-1.0	-1.0	-1.0	0.0	marker	peace	Peace	25	0418
-68515.38	-55376.82	-104715.315	-18530.864999999998	0.0	0.0	0.0	0.0	0.0	0.0	0.0	0.0	0.0	0.0	0.0	0.0	0.0	0.0	145.79310344827584	0.0	0.04577625	-0.030700605	1.0192845	3.3571999999999997	1.2055399999999998	-0.48832	3289652.0	1776544969.736873	0.0	1.0	-1.0	-1.0	-1.0	-1.0	-1.0	-1.0	-1.0	-1.0	0.0	marker	peace	Peace	25	0418
-68515.65	-55377.225	-104713.155	-18531.989999999998	0.0	0.0	0.0	0.0	0.0	0.0	0.0	0.0	0.0	0.0	0.0	0.0	0.0	0.0	145.79310344827584	0.0	0.04577625	-0.030700605	1.0192845	3.3571999999999997	1.2055399999999998	-0.48832	3289653.0	1776544969.740921	0.0	1.0	-1.0	-1.0	-1.0	-1.0	-1.0	-1.0	-1.0	-1.0	0.0	marker	peace	Peace	25	0418
-68504.84999999999	-55364.715	-104712.795	-18533.114999999998	0.0	0.0	0.0	0.0	0.0	0.0	0.0	0.0	0.0	0.0	0.0	0.0	0.0	0.0	145.79310344827584	0.0	0.04577625	-0.030700605	1.0192845	3.3571999999999997	1.2055399999999998	-0.48832	3289654.0	1776544969.740934	0.0	1.0	-1.0	-1.0	-1.0	-1.0	-1.0	-1.0	-1.0	-1.0	0.0	marker	peace	Peace	25	0418
-68504.08499999999	-55353.555	-104707.485	-18527.715	0.0	0.0	0.0	0.0	0.0	0.0	0.0	0.0	0.0	0.0	0.0	0.0	0.0	0.0	145.79310344827584	0.0	0.04577625	-0.030700605	1.0192845	3.3571999999999997	1.2055399999999998	-0.48832	3289655.0	1776544969.74678	0.0	1.0	-1.0	-1.0	-1.0	-1.0	-1.0	-1.0	-1.0	-1.0	0.0	marker	peace	Peace	25	0418
-68517.0	-55346.354999999996	-104725.845	-18549.36	0.0	0.0	0.0	0.0	0.0	0.0	0.0	0.0	0.0	0.0	0.0	0.0	0.0	0.0	145.79310344827584	0.0	0.04577625	-0.030700605	1.0192845	3.3571999999999997	1.2055399999999998	-0.48832	3289656.0	1776544969.7468	0.0	1.0	-1.0	-1.0	-1.0	-1.0	-1.0	-1.0	-1.0	-1.0	0.0	marker	peace	Peace	25	0418
-68500.08	-55341.9	-104716.845	-18544.05	0.0	0.0	0.0	0.0	0.0	0.0	0.0	0.0	0.0	0.0	0.0	0.0	0.0	0.0	145.79310344827584	0.0	0.03881826	-0.03137199	1.021420725	3.57084	0.6409199999999999	-0.6409199999999999	3289657.0	1776544969.749025	0.0	1.0	-1.0	-1.0	-1.0	-1.0	-1.0	-1.0	-1.0	-1.0	0.0	marker	peace	Peace	25	0418
-68508.54	-55340.505	-104714.28	-18538.155	0.0	0.0	0.0	0.0	0.0	0.0	0.0	0.0	0.0	0.0	0.0	0.0	0.0	0.0	145.79310344827584	0.0	0.03881826	-0.03137199	1.021420725	3.57084	0.6409199999999999	-0.6409199999999999	3289658.0	1776544969.749042	0.0	1.0	-1.0	-1.0	-1.0	-1.0	-1.0	-1.0	-1.0	-1.0	0.0	marker	peace	Peace	25	0418
-68530.14	-55354.275	-104726.25	-18550.44	0.0	0.0	0.0	0.0	0.0	0.0	0.0	0.0	0.0	0.0	0.0	0.0	0.0	0.0	145.79310344827584	0.0	0.03881826	-0.03137199	1.021420725	3.57084	0.6409199999999999	-0.6409199999999999	3289659.0	1776544969.754304	0.0	1.0	-1.0	-1.0	-1.0	-1.0	-1.0	-1.0	-1.0	-1.0	0.0	marker	peace	Peace	25	0418
-68499.18	-55353.015	-104695.965	-18527.805	0.0	0.0	0.0	0.0	0.0	0.0	0.0	0.0	0.0	0.0	0.0	0.0	0.0	0.0	145.79310344827584	0.0	0.03881826	-0.03137199	1.021420725	3.57084	0.6409199999999999	-0.6409199999999999	3289660.0	1776544969.75435	0.0	1.0	-1.0	-1.0	-1.0	-1.0	-1.0	-1.0	-1.0	-1.0	0.0	marker	peace	Peace	25	0418
-68585.355	-55362.375	-104761.62	-18598.094999999998	0.0	0.0	0.0	0.0	0.0	0.0	0.0	0.0	0.0	0.0	0.0	0.0	0.0	0.0	145.79310344827584	0.0	0.03881826	-0.03137199	1.021420725	3.57084	0.6409199999999999	-0.6409199999999999	3289661.0	1776544969.756925	0.0	1.0	-1.0	-1.0	-1.0	-1.0	-1.0	-1.0	-1.0	-1.0	0.0	marker	peace	Peace	25	0418
-68554.53	-55363.32	-104736.78	-18575.64	0.0	0.0	0.0	0.0	0.0	0.0	0.0	0.0	0.0	0.0	0.0	0.0	0.0	0.0	145.79310344827584	0.0	0.03881826	-0.03137199	1.021420725	3.57084	0.6409199999999999	-0.6409199999999999	3289662.0	1776544969.75694	0.0	1.0	-1.0	-1.0	-1.0	-1.0	-1.0	-1.0	-1.0	-1.0	0.0	marker	peace	Peace	25	0418
-68525.955	-55356.03	-104718.19499999999	-18550.395	0.0	0.0	0.0	0.0	0.0	0.0	0.0	0.0	0.0	0.0	0.0	0.0	0.0	0.0	145.79310344827584	0.0	0.03881826	-0.03137199	1.021420725	3.57084	0.6409199999999999	-0.6409199999999999	3289663.0	1776544969.760956	0.0	1.0	-1.0	-1.0	-1.0	-1.0	-1.0	-1.0	-1.0	-1.0	0.0	marker	peace	Peace	25	0418
-68563.755	-55356.075	-104757.97499999999	-18579.6	0.0	0.0	0.0	0.0	0.0	0.0	0.0	0.0	0.0	0.0	0.0	0.0	0.0	0.0	145.79310344827584	0.0	0.03881826	-0.03137199	1.021420725	3.57084	0.6409199999999999	-0.6409199999999999	3289664.0	1776544969.760969	0.0	1.0	-1.0	-1.0	-1.0	-1.0	-1.0	-1.0	-1.0	-1.0	0.0	marker	peace	Peace	25	0418
-68563.08	-55346.985	-104749.605	-18567.899999999998	0.0	0.0	0.0	0.0	0.0	0.0	0.0	0.0	0.0	0.0	0.0	0.0	0.0	0.0	145.79310344827584	0.0	0.03881826	-0.03137199	1.021420725	3.57084	0.6409199999999999	-0.6409199999999999	3289665.0	1776544969.76501	0.0	1.0	-1.0	-1.0	-1.0	-1.0	-1.0	-1.0	-1.0	-1.0	0.0	marker	peace	Peace	25	0418
-68519.205	-55328.4	-104727.555	-18560.79	0.0	0.0	0.0	0.0	0.0	0.0	0.0	0.0	0.0	0.0	0.0	0.0	0.0	0.0	145.79310344827584	0.0	0.03881826	-0.03137199	1.021420725	3.57084	0.6409199999999999	-0.6409199999999999	3289666.0	1776544969.765028	0.0	1.0	-1.0	-1.0	-1.0	-1.0	-1.0	-1.0	-1.0	-1.0	0.0	marker	peace	Peace	25	0418
-68549.625	-55327.365	-104750.235	-18578.204999999998	0.0	0.0	0.0	0.0	0.0	0.0	0.0	0.0	0.0	0.0	0.0	0.0	0.0	0.0	145.79310344827584	0.0	0.03698721	-0.029785080000000002	1.01818587	3.2351199999999998	0.48832	-0.32045999999999997	3289667.0	1776544969.76914	0.0	1.0	-1.0	-1.0	-1.0	-1.0	-1.0	-1.0	-1.0	-1.0	0.0	marker	peace	Peace	25	0418
-68526.09	-55333.259999999995	-104713.065	-18548.37	0.0	0.0	0.0	0.0	0.0	0.0	0.0	0.0	0.0	0.0	0.0	0.0	0.0	0.0	145.79310344827584	0.0	0.03698721	-0.029785080000000002	1.01818587	3.2351199999999998	0.48832	-0.32045999999999997	3289668.0	1776544969.769166	0.0	1.0	-1.0	-1.0	-1.0	-1.0	-1.0	-1.0	-1.0	-1.0	0.0	marker	peace	Peace	25	0418
-68467.455	-55347.795	-104657.805	-18504.495	0.0	0.0	0.0	0.0	0.0	0.0	0.0	0.0	0.0	0.0	0.0	0.0	0.0	0.0	145.79310344827584	0.0	0.03698721	-0.029785080000000002	1.01818587	3.2351199999999998	0.48832	-0.32045999999999997	3289669.0	1776544969.772962	0.0	1.0	-1.0	-1.0	-1.0	-1.0	-1.0	-1.0	-1.0	-1.0	0.0	marker	peace	Peace	25	0418
-68562.54	-55362.015	-104747.48999999999	-18586.305	0.0	0.0	0.0	0.0	0.0	0.0	0.0	0.0	0.0	0.0	0.0	0.0	0.0	0.0	145.79310344827584	0.0	0.03698721	-0.029785080000000002	1.01818587	3.2351199999999998	0.48832	-0.32045999999999997	3289670.0	1776544969.772973	0.0	1.0	-1.0	-1.0	-1.0	-1.0	-1.0	-1.0	-1.0	-1.0	0.0	marker	peace	Peace	25	0418
-68558.715	-55361.159999999996	-104729.355	-18560.295	0.0	0.0	0.0	0.0	0.0	0.0	0.0	0.0	0.0	0.0	0.0	0.0	0.0	0.0	145.79310344827584	0.0	0.03698721	-0.029785080000000002	1.01818587	3.2351199999999998	0.48832	-0.32045999999999997	3289671.0	1776544969.781329	0.0	1.0	-1.0	-1.0	-1.0	-1.0	-1.0	-1.0	-1.0	-1.0	0.0	marker	peace	Peace	25	0418
-68528.79	-55353.104999999996	-104718.06	-18556.875	0.0	0.0	0.0	0.0	0.0	0.0	0.0	0.0	0.0	0.0	0.0	0.0	0.0	0.0	145.79310344827584	0.0	0.03698721	-0.029785080000000002	1.01818587	3.2351199999999998	0.48832	-0.32045999999999997	3289672.0	1776544969.781346	0.0	1.0	-1.0	-1.0	-1.0	-1.0	-1.0	-1.0	-1.0	-1.0	0.0	marker	peace	Peace	25	0418
-68545.98	-55336.365	-104733.765	-18564.704999999998	0.0	0.0	0.0	0.0	0.0	0.0	0.0	0.0	0.0	0.0	0.0	0.0	0.0	0.0	145.79310344827584	0.0	0.03698721	-0.029785080000000002	1.01818587	3.2351199999999998	0.48832	-0.32045999999999997	3289673.0	1776544969.781683	0.0	1.0	-1.0	-1.0	-1.0	-1.0	-1.0	-1.0	-1.0	-1.0	0.0	marker	peace	Peace	25	0418
-68535.045	-55332.314999999995	-104736.015	-18564.93	0.0	0.0	0.0	0.0	0.0	0.0	0.0	0.0	0.0	0.0	0.0	0.0	0.0	0.0	145.79310344827584	0.0	0.03698721	-0.029785080000000002	1.01818587	3.2351199999999998	0.48832	-0.32045999999999997	3289674.0	1776544969.781689	0.0	1.0	-1.0	-1.0	-1.0	-1.0	-1.0	-1.0	-1.0	-1.0	0.0	marker	peace	Peace	25	0418
-68517.63	-55338.435	-104721.12	-18555.21	0.0	0.0	0.0	0.0	0.0	0.0	0.0	0.0	0.0	0.0	0.0	0.0	0.0	0.0	145.79310344827584	0.0	0.03698721	-0.029785080000000002	1.01818587	3.2351199999999998	0.48832	-0.32045999999999997	3289675.0	1776544969.785114	0.0	1.0	-1.0	-1.0	-1.0	-1.0	-1.0	-1.0	-1.0	-1.0	0.0	marker	peace	Peace	25	0418
-68539.095	-55348.695	-104717.61	-18547.875	0.0	0.0	0.0	0.0	0.0	0.0	0.0	0.0	0.0	0.0	0.0	0.0	0.0	0.0	145.79310344827584	0.0	0.03698721	-0.029785080000000002	1.01818587	3.2351199999999998	0.48832	-0.32045999999999997	3289676.0	1776544969.785123	0.0	1.0	-1.0	-1.0	-1.0	-1.0	-1.0	-1.0	-1.0	-1.0	0.0	marker	peace	Peace	25	0418
-68517.54	-55354.634999999995	-104695.01999999999	-18543.69	0.0	0.0	0.0	0.0	0.0	0.0	0.0	0.0	0.0	0.0	0.0	0.0	0.0	0.0	145.79310344827584	0.0	0.03955068	-0.033630285	1.016049645	3.69292	0.56462	-0.8698199999999999	3289677.0	1776544969.78901	0.0	1.0	-1.0	-1.0	-1.0	-1.0	-1.0	-1.0	-1.0	-1.0	0.0	marker	peace	Peace	25	0418
-68498.19	-55360.89	-104671.44	-18522.765	0.0	0.0	0.0	0.0	0.0	0.0	0.0	0.0	0.0	0.0	0.0	0.0	0.0	0.0	145.79310344827584	0.0	0.03955068	-0.033630285	1.016049645	3.69292	0.56462	-0.8698199999999999	3289678.0	1776544969.789024	0.0	1.0	-1.0	-1.0	-1.0	-1.0	-1.0	-1.0	-1.0	-1.0	0.0	marker	peace	Peace	25	0418
-68527.935	-55362.24	-104716.575	-18544.815	0.0	0.0	0.0	0.0	0.0	0.0	0.0	0.0	0.0	0.0	0.0	0.0	0.0	0.0	145.79310344827584	0.0	0.03955068	-0.033630285	1.016049645	3.69292	0.56462	-0.8698199999999999	3289679.0	1776544969.793142	0.0	1.0	-1.0	-1.0	-1.0	-1.0	-1.0	-1.0	-1.0	-1.0	0.0	marker	peace	Peace	25	0418
-68544.81	-55358.64	-104743.39499999999	-18565.335	0.0	0.0	0.0	0.0	0.0	0.0	0.0	0.0	0.0	0.0	0.0	0.0	0.0	0.0	145.79310344827584	0.0	0.03955068	-0.033630285	1.016049645	3.69292	0.56462	-0.8698199999999999	3289680.0	1776544969.793159	0.0	1.0	-1.0	-1.0	-1.0	-1.0	-1.0	-1.0	-1.0	-1.0	0.0	marker	peace	Peace	25	0418
-68501.06999999999	-55350.674999999996	-104705.775	-18541.305	0.0	0.0	0.0	0.0	0.0	0.0	0.0	0.0	0.0	0.0	0.0	0.0	0.0	0.0	145.79310344827584	0.0	0.03955068	-0.033630285	1.016049645	3.69292	0.56462	-0.8698199999999999	3289681.0	1776544969.79717	0.0	1.0	-1.0	-1.0	-1.0	-1.0	-1.0	-1.0	-1.0	-1.0	0.0	marker	peace	Peace	25	0418
-68461.065	-55349.189999999995	-104643.855	-18490.905	0.0	0.0	0.0	0.0	0.0	0.0	0.0	0.0	0.0	0.0	0.0	0.0	0.0	0.0	145.79310344827584	0.0	0.03955068	-0.033630285	1.016049645	3.69292	0.56462	-0.8698199999999999	3289682.0	1776544969.797179	0.0	1.0	-1.0	-1.0	-1.0	-1.0	-1.0	-1.0	-1.0	-1.0	0.0	marker	peace	Peace	25	0418
-68525.235	-55360.034999999996	-104689.215	-18542.969999999998	0.0	0.0	0.0	0.0	0.0	0.0	0.0	0.0	0.0	0.0	0.0	0.0	0.0	0.0	145.79310344827584	0.0	0.03955068	-0.033630285	1.016049645	3.69292	0.56462	-0.8698199999999999	3289683.0	1776544969.801182	0.0	1.0	-1.0	-1.0	-1.0	-1.0	-1.0	-1.0	-1.0	-1.0	0.0	marker	peace	Peace	25	0418
-68591.79	-55372.545	-104763.915	-18607.68	0.0	0.0	0.0	0.0	0.0	0.0	0.0	0.0	0.0	0.0	0.0	0.0	0.0	0.0	145.79310344827584	0.0	0.03955068	-0.033630285	1.016049645	3.69292	0.56462	-0.8698199999999999	3289684.0	1776544969.801189	0.0	1.0	-1.0	-1.0	-1.0	-1.0	-1.0	-1.0	-1.0	-1.0	0.0	marker	peace	Peace	25	0418
-68579.64	-55378.305	-104778.9	-18591.975	0.0	0.0	0.0	0.0	0.0	0.0	0.0	0.0	0.0	0.0	0.0	0.0	0.0	0.0	145.79310344827584	0.0	0.03955068	-0.033630285	1.016049645	3.69292	0.56462	-0.8698199999999999	3289685.0	1776544969.805225	0.0	1.0	-1.0	-1.0	-1.0	-1.0	-1.0	-1.0	-1.0	-1.0	0.0	marker	peace	Peace	25	0418
-68569.47	-55387.17	-104761.89	-18571.454999999998	0.0	0.0	0.0	0.0	0.0	0.0	0.0	0.0	0.0	0.0	0.0	0.0	0.0	0.0	145.79310344827584	0.0	0.03955068	-0.033630285	1.016049645	3.69292	0.56462	-0.8698199999999999	3289686.0	1776544969.805231	0.0	1.0	-1.0	-1.0	-1.0	-1.0	-1.0	-1.0	-1.0	-1.0	0.0	marker	peace	Peace	25	0418
-68545.305	-55390.229999999996	-104740.155	-18562.995	0.0	0.0	0.0	0.0	0.0	0.0	0.0	0.0	0.0	0.0	0.0	0.0	0.0	0.0	145.79310344827584	0.0	0.039001365	-0.033508215	1.019467605	4.77638	0.48832	-0.9308599999999999	3289687.0	1776544969.811041	0.0	1.0	-1.0	-1.0	-1.0	-1.0	-1.0	-1.0	-1.0	-1.0	0.0	marker	peace	Peace	25	0418
-68528.43	-55393.784999999996	-104698.98	-18556.245	0.0	0.0	0.0	0.0	0.0	0.0	0.0	0.0	0.0	0.0	0.0	0.0	0.0	0.0	145.79310344827584	0.0	0.039001365	-0.033508215	1.019467605	4.77638	0.48832	-0.9308599999999999	3289688.0	1776544969.811047	0.0	1.0	-1.0	-1.0	-1.0	-1.0	-1.0	-1.0	-1.0	-1.0	0.0	marker	peace	Peace	25	0418
-68522.94	-55388.52	-104699.43	-18550.53	0.0	0.0	0.0	0.0	0.0	0.0	0.0	0.0	0.0	0.0	0.0	0.0	0.0	0.0	145.79310344827584	0.0	0.039001365	-0.033508215	1.019467605	4.77638	0.48832	-0.9308599999999999	3289689.0	1776544969.813225	0.0	1.0	-1.0	-1.0	-1.0	-1.0	-1.0	-1.0	-1.0	-1.0	0.0	marker	peace	Peace	25	0418
-68522.08499999999	-55389.42	-104703.84	-18544.545	0.0	0.0	0.0	0.0	0.0	0.0	0.0	0.0	0.0	0.0	0.0	0.0	0.0	0.0	145.79310344827584	0.0	0.039001365	-0.033508215	1.019467605	4.77638	0.48832	-0.9308599999999999	3289690.0	1776544969.813232	0.0	1.0	-1.0	-1.0	-1.0	-1.0	-1.0	-1.0	-1.0	-1.0	0.0	marker	peace	Peace	25	0418
-68536.08	-55402.875	-104740.11	-18557.145	0.0	0.0	0.0	0.0	0.0	0.0	0.0	0.0	0.0	0.0	0.0	0.0	0.0	0.0	145.79310344827584	0.0	0.039001365	-0.033508215	1.019467605	4.77638	0.48832	-0.9308599999999999	3289691.0	1776544969.817344	0.0	1.0	-1.0	-1.0	-1.0	-1.0	-1.0	-1.0	-1.0	-1.0	0.0	marker	peace	Peace	25	0418
-68532.03	-55406.115	-104738.48999999999	-18558.765	0.0	0.0	0.0	0.0	0.0	0.0	0.0	0.0	0.0	0.0	0.0	0.0	0.0	0.0	145.79310344827584	0.0	0.039001365	-0.033508215	1.019467605	4.77638	0.48832	-0.9308599999999999	3289692.0	1776544969.817362	0.0	1.0	-1.0	-1.0	-1.0	-1.0	-1.0	-1.0	-1.0	-1.0	0.0	marker	peace	Peace	25	0418
-68532.705	-55414.665	-104725.03499999999	-18554.94	0.0	0.0	0.0	0.0	0.0	0.0	0.0	0.0	0.0	0.0	0.0	0.0	0.0	0.0	145.79310344827584	0.0	0.039001365	-0.033508215	1.019467605	4.77638	0.48832	-0.9308599999999999	3289693.0	1776544969.821307	0.0	1.0	-1.0	-1.0	-1.0	-1.0	-1.0	-1.0	-1.0	-1.0	0.0	marker	peace	Peace	25	0418
-68533.92	-55420.965	-104715.62999999999	-18547.785	0.0	0.0	0.0	0.0	0.0	0.0	0.0	0.0	0.0	0.0	0.0	0.0	0.0	0.0	145.79310344827584	0.0	0.039001365	-0.033508215	1.019467605	4.77638	0.48832	-0.9308599999999999	3289694.0	1776544969.821316	0.0	1.0	-1.0	-1.0	-1.0	-1.0	-1.0	-1.0	-1.0	-1.0	0.0	marker	peace	Peace	25	0418
-68535.81	-55424.88	-104716.215	-18547.829999999998	0.0	0.0	0.0	0.0	0.0	0.0	0.0	0.0	0.0	0.0	0.0	0.0	0.0	0.0	145.79310344827584	0.0	0.039001365	-0.033508215	1.019467605	4.77638	0.48832	-0.9308599999999999	3289695.0	1776544969.829006	0.0	1.0	-1.0	-1.0	-1.0	-1.0	-1.0	-1.0	-1.0	-1.0	0.0	marker	peace	Peace	25	0418
-68535.765	-55424.79	-104715.22499999999	-18545.895	0.0	0.0	0.0	0.0	0.0	0.0	0.0	0.0	0.0	0.0	0.0	0.0	0.0	0.0	145.79310344827584	0.0	0.039001365	-0.033508215	1.019467605	4.77638	0.48832	-0.9308599999999999	3289696.0	1776544969.829011	0.0	1.0	-1.0	-1.0	-1.0	-1.0	-1.0	-1.0	-1.0	-1.0	0.0	marker	peace	Peace	25	0418
-68530.005	-55422.45	-104719.36499999999	-18551.565	0.0	0.0	0.0	0.0	0.0	0.0	0.0	0.0	0.0	0.0	0.0	0.0	0.0	0.0	145.79310344827584	0.0	0.038635155	-0.029601975	1.02135969	4.0896799999999995	0.03052	-1.526	3289697.0	1776544969.829018	0.0	1.0	-1.0	-1.0	-1.0	-1.0	-1.0	-1.0	-1.0	-1.0	0.0	marker	peace	Peace	25	0418
-68535.27	-55414.53	-104732.055	-18565.29	0.0	0.0	0.0	0.0	0.0	0.0	0.0	0.0	0.0	0.0	0.0	0.0	0.0	0.0	145.79310344827584	0.0	0.038635155	-0.029601975	1.02135969	4.0896799999999995	0.03052	-1.526	3289698.0	1776544969.829023	0.0	1.0	-1.0	-1.0	-1.0	-1.0	-1.0	-1.0	-1.0	-1.0	0.0	marker	peace	Peace	25	0418
-68537.97	-55405.079999999994	-104737.00499999999	-18571.274999999998	0.0	0.0	0.0	0.0	0.0	0.0	0.0	0.0	0.0	0.0	0.0	0.0	0.0	0.0	145.79310344827584	0.0	0.038635155	-0.029601975	1.02135969	4.0896799999999995	0.03052	-1.526	3289699.0	1776544969.833284	0.0	1.0	-1.0	-1.0	-1.0	-1.0	-1.0	-1.0	-1.0	-1.0	0.0	marker	peace	Peace	25	0418
-68503.815	-55400.895	-104700.19499999999	-18530.325	0.0	0.0	0.0	0.0	0.0	0.0	0.0	0.0	0.0	0.0	0.0	0.0	0.0	0.0	145.79310344827584	0.0	0.038635155	-0.029601975	1.02135969	4.0896799999999995	0.03052	-1.526	3289700.0	1776544969.833289	0.0	1.0	-1.0	-1.0	-1.0	-1.0	-1.0	-1.0	-1.0	-1.0	0.0	marker	peace	Peace	25	0418
-68440.635	-55404.36	-104637.105	-18467.415	0.0	0.0	0.0	0.0	0.0	0.0	0.0	0.0	0.0	0.0	0.0	0.0	0.0	0.0	145.79310344827584	0.0	0.038635155	-0.029601975	1.02135969	4.0896799999999995	0.03052	-1.526	3289701.0	1776544969.837218	0.0	1.0	-1.0	-1.0	-1.0	-1.0	-1.0	-1.0	-1.0	-1.0	0.0	marker	peace	Peace	25	0418
-68504.175	-55412.954999999994	-104695.965	-18532.17	0.0	0.0	0.0	0.0	0.0	0.0	0.0	0.0	0.0	0.0	0.0	0.0	0.0	0.0	145.79310344827584	0.0	0.038635155	-0.029601975	1.02135969	4.0896799999999995	0.03052	-1.526	3289702.0	1776544969.837223	0.0	1.0	-1.0	-1.0	-1.0	-1.0	-1.0	-1.0	-1.0	-1.0	0.0	marker	peace	Peace	25	0418
-68562.94499999999	-55417.5	-104746.455	-18589.815	0.0	0.0	0.0	0.0	0.0	0.0	0.0	0.0	0.0	0.0	0.0	0.0	0.0	0.0	145.79310344827584	0.0	0.038635155	-0.029601975	1.02135969	4.0896799999999995	0.03052	-1.526	3289703.0	1776544969.841236	0.0	1.0	-1.0	-1.0	-1.0	-1.0	-1.0	-1.0	-1.0	-1.0	0.0	marker	peace	Peace	25	0418
-68550.165	-55418.985	-104738.53499999999	-18579.645	0.0	0.0	0.0	0.0	0.0	0.0	0.0	0.0	0.0	0.0	0.0	0.0	0.0	0.0	145.79310344827584	0.0	0.038635155	-0.029601975	1.02135969	4.0896799999999995	0.03052	-1.526	3289704.0	1776544969.84124	0.0	1.0	-1.0	-1.0	-1.0	-1.0	-1.0	-1.0	-1.0	-1.0	0.0	marker	peace	Peace	25	0418
-68562.63	-55423.71	-104748.795	-18571.905	0.0	0.0	0.0	0.0	0.0	0.0	0.0	0.0	0.0	0.0	0.0	0.0	0.0	0.0	145.79310344827584	0.0	0.038635155	-0.029601975	1.02135969	4.0896799999999995	0.03052	-1.526	3289705.0	1776544969.845499	0.0	1.0	-1.0	-1.0	-1.0	-1.0	-1.0	-1.0	-1.0	-1.0	0.0	marker	peace	Peace	25	0418
-68540.08499999999	-55426.005	-104728.545	-18556.065	0.0	0.0	0.0	0.0	0.0	0.0	0.0	0.0	0.0	0.0	0.0	0.0	0.0	0.0	145.79310344827584	0.0	0.038635155	-0.029601975	1.02135969	4.0896799999999995	0.03052	-1.526	3289706.0	1776544969.845515	0.0	1.0	-1.0	-1.0	-1.0	-1.0	-1.0	-1.0	-1.0	-1.0	0.0	marker	peace	Peace	25	0418
-68506.2	-55428.165	-104700.06	-18530.505	0.0	0.0	0.0	0.0	0.0	0.0	0.0	0.0	0.0	0.0	0.0	0.0	0.0	0.0	145.79310344827584	0.0	0.037719630000000004	-0.02905266	1.02038313	4.59326	-0.4578	-1.2971	3289707.0	1776544969.851012	0.0	1.0	-1.0	-1.0	-1.0	-1.0	-1.0	-1.0	-1.0	-1.0	0.0	marker	peace	Peace	25	0418
-68559.255	-55428.57	-104747.355	-18578.16	0.0	0.0	0.0	0.0	0.0	0.0	0.0	0.0	0.0	0.0	0.0	0.0	0.0	0.0	145.79310344827584	0.0	0.037719630000000004	-0.02905266	1.02038313	4.59326	-0.4578	-1.2971	3289708.0	1776544969.851023	0.0	1.0	-1.0	-1.0	-1.0	-1.0	-1.0	-1.0	-1.0	-1.0	0.0	marker	peace	Peace	25	0418
-68551.38	-55419.479999999996	-104722.83	-18555.885	0.0	0.0	0.0	0.0	0.0	0.0	0.0	0.0	0.0	0.0	0.0	0.0	0.0	0.0	145.79310344827584	0.0	0.037719630000000004	-0.02905266	1.02038313	4.59326	-0.4578	-1.2971	3289709.0	1776544969.853261	0.0	1.0	-1.0	-1.0	-1.0	-1.0	-1.0	-1.0	-1.0	-1.0	0.0	marker	peace	Peace	25	0418
-68532.03	-55342.305	-104714.14499999999	-18541.215	0.0	0.0	0.0	0.0	0.0	0.0	0.0	0.0	0.0	0.0	0.0	0.0	0.0	0.0	145.79310344827584	0.0	0.037719630000000004	-0.02905266	1.02038313	4.59326	-0.4578	-1.2971	3289710.0	1776544969.853279	0.0	1.0	-1.0	-1.0	-1.0	-1.0	-1.0	-1.0	-1.0	-1.0	0.0	marker	peace	Peace	25	0418
-68507.73	-55290.104999999996	-104701.14	-18526.05	0.0	0.0	0.0	0.0	0.0	0.0	0.0	0.0	0.0	0.0	0.0	0.0	0.0	0.0	145.79310344827584	0.0	0.037719630000000004	-0.02905266	1.02038313	4.59326	-0.4578	-1.2971	3289711.0	1776544969.857205	0.0	1.0	-1.0	-1.0	-1.0	-1.0	-1.0	-1.0	-1.0	-1.0	0.0	marker	peace	Peace	25	0418
-68552.775	-55297.259999999995	-104743.17	-18575.145	0.0	0.0	0.0	0.0	0.0	0.0	0.0	0.0	0.0	0.0	0.0	0.0	0.0	0.0	145.79310344827584	0.0	0.037719630000000004	-0.02905266	1.02038313	4.59326	-0.4578	-1.2971	3289712.0	1776544969.857226	0.0	1.0	-1.0	-1.0	-1.0	-1.0	-1.0	-1.0	-1.0	-1.0	0.0	marker	peace	Peace	25	0418
-68569.38	-55300.275	-104746.905	-18589.41	0.0	0.0	0.0	0.0	0.0	0.0	0.0	0.0	0.0	0.0	0.0	0.0	0.0	0.0	145.79310344827584	0.0	0.037719630000000004	-0.02905266	1.02038313	4.59326	-0.4578	-1.2971	3289713.0	1776544969.86133	0.0	1.0	-1.0	-1.0	-1.0	-1.0	-1.0	-1.0	-1.0	-1.0	0.0	marker	peace	Peace	25	0418
-68551.245	-55300.14	-104721.48	-18561.87	0.0	0.0	0.0	0.0	0.0	0.0	0.0	0.0	0.0	0.0	0.0	0.0	0.0	0.0	145.79310344827584	0.0	0.037719630000000004	-0.02905266	1.02038313	4.59326	-0.4578	-1.2971	3289714.0	1776544969.861337	0.0	1.0	-1.0	-1.0	-1.0	-1.0	-1.0	-1.0	-1.0	-1.0	0.0	marker	peace	Peace	25	0418
-68543.09999999999	-55295.954999999994	-104722.965	-18554.399999999998	0.0	0.0	0.0	0.0	0.0	0.0	0.0	0.0	0.0	0.0	0.0	0.0	0.0	0.0	145.79310344827584	0.0	0.037719630000000004	-0.02905266	1.02038313	4.59326	-0.4578	-1.2971	3289715.0	1776544969.865281	0.0	1.0	-1.0	-1.0	-1.0	-1.0	-1.0	-1.0	-1.0	-1.0	0.0	marker	peace	Peace	25	0418
-68538.105	-55291.725	-104748.345	-18552.239999999998	0.0	0.0	0.0	0.0	0.0	0.0	0.0	0.0	0.0	0.0	0.0	0.0	0.0	0.0	145.79310344827584	0.0	0.037719630000000004	-0.02905266	1.02038313	4.59326	-0.4578	-1.2971	3289716.0	1776544969.865285	0.0	1.0	-1.0	-1.0	-1.0	-1.0	-1.0	-1.0	-1.0	-1.0	0.0	marker	peace	Peace	25	0418
-68563.665	-55295.82	-104778.72	-18585.989999999998	0.0	0.0	0.0	0.0	0.0	0.0	0.0	0.0	0.0	0.0	0.0	0.0	0.0	0.0	145.79310344827584	0.0	0.039245505	-0.025085385	1.01720931	4.1202	0.15259999999999999	-0.9613799999999999	3289717.0	1776544969.869683	0.0	1.0	-1.0	-1.0	-1.0	-1.0	-1.0	-1.0	-1.0	-1.0	0.0	marker	peace	Peace	25	0418
-68521.005	-55303.92	-104706.54	-18555.075	0.0	0.0	0.0	0.0	0.0	0.0	0.0	0.0	0.0	0.0	0.0	0.0	0.0	0.0	145.79310344827584	0.0	0.039245505	-0.025085385	1.01720931	4.1202	0.15259999999999999	-0.9613799999999999	3289718.0	1776544969.8697	0.0	1.0	-1.0	-1.0	-1.0	-1.0	-1.0	-1.0	-1.0	-1.0	0.0	marker	peace	Peace	25	0418
-68539.275	-55322.505	-104740.2	-18577.26	0.0	0.0	0.0	0.0	0.0	0.0	0.0	0.0	0.0	0.0	0.0	0.0	0.0	0.0	145.79310344827584	0.0	0.039245505	-0.025085385	1.01720931	4.1202	0.15259999999999999	-0.9613799999999999	3289719.0	1776544969.877383	0.0	1.0	-1.0	-1.0	-1.0	-1.0	-1.0	-1.0	-1.0	-1.0	0.0	marker	peace	Peace	25	0418
-68539.31999999999	-55324.215	-104748.93	-18581.175	0.0	0.0	0.0	0.0	0.0	0.0	0.0	0.0	0.0	0.0	0.0	0.0	0.0	0.0	145.79310344827584	0.0	0.039245505	-0.025085385	1.01720931	4.1202	0.15259999999999999	-0.9613799999999999	3289720.0	1776544969.877399	0.0	1.0	-1.0	-1.0	-1.0	-1.0	-1.0	-1.0	-1.0	-1.0	0.0	marker	peace	Peace	25	0418
-68500.44	-55316.295	-104693.985	-18533.88	0.0	0.0	0.0	0.0	0.0	0.0	0.0	0.0	0.0	0.0	0.0	0.0	0.0	0.0	145.79310344827584	0.0	0.039245505	-0.025085385	1.01720931	4.1202	0.15259999999999999	-0.9613799999999999	3289721.0	1776544969.87742	0.0	1.0	-1.0	-1.0	-1.0	-1.0	-1.0	-1.0	-1.0	-1.0	0.0	marker	peace	Peace	25	0418
-68571.495	-55321.784999999996	-104738.04	-18576.54	0.0	0.0	0.0	0.0	0.0	0.0	0.0	0.0	0.0	0.0	0.0	0.0	0.0	0.0	145.79310344827584	0.0	0.039245505	-0.025085385	1.01720931	4.1202	0.15259999999999999	-0.9613799999999999	3289722.0	1776544969.877436	0.0	1.0	-1.0	-1.0	-1.0	-1.0	-1.0	-1.0	-1.0	-1.0	0.0	marker	peace	Peace	25	0418
-68576.48999999999	-55323.854999999996	-104754.69	-18581.625	0.0	0.0	0.0	0.0	0.0	0.0	0.0	0.0	0.0	0.0	0.0	0.0	0.0	0.0	145.79310344827584	0.0	0.039245505	-0.025085385	1.01720931	4.1202	0.15259999999999999	-0.9613799999999999	3289723.0	1776544969.881434	0.0	1.0	-1.0	-1.0	-1.0	-1.0	-1.0	-1.0	-1.0	-1.0	0.0	marker	peace	Peace	25	0418
-68556.95999999999	-55319.715	-104765.53499999999	-18577.485	0.0	0.0	0.0	0.0	0.0	0.0	0.0	0.0	0.0	0.0	0.0	0.0	0.0	0.0	145.79310344827584	0.0	0.039245505	-0.025085385	1.01720931	4.1202	0.15259999999999999	-0.9613799999999999	3289724.0	1776544969.881438	0.0	1.0	-1.0	-1.0	-1.0	-1.0	-1.0	-1.0	-1.0	-1.0	0.0	marker	peace	Peace	25	0418
-68536.17	-55315.034999999996	-104740.37999999999	-18557.864999999998	0.0	0.0	0.0	0.0	0.0	0.0	0.0	0.0	0.0	0.0	0.0	0.0	0.0	0.0	145.79310344827584	0.0	0.039245505	-0.025085385	1.01720931	4.1202	0.15259999999999999	-0.9613799999999999	3289725.0	1776544969.885381	0.0	1.0	-1.0	-1.0	-1.0	-1.0	-1.0	-1.0	-1.0	-1.0	0.0	marker	peace	Peace	25	0418
-68544.58499999999	-55308.015	-104730.885	-18551.655	0.0	0.0	0.0	0.0	0.0	0.0	0.0	0.0	0.0	0.0	0.0	0.0	0.0	0.0	145.79310344827584	0.0	0.039245505	-0.025085385	1.01720931	4.1202	0.15259999999999999	-0.9613799999999999	3289726.0	1776544969.885385	0.0	1.0	-1.0	-1.0	-1.0	-1.0	-1.0	-1.0	-1.0	-1.0	0.0	marker	peace	Peace	25	0418
-68539.005	-55311.93	-104715.81	-18553.32	0.0	0.0	0.0	0.0	0.0	0.0	0.0	0.0	0.0	0.0	0.0	0.0	0.0	0.0	145.79310344827584	0.0	0.040710345	-0.023986755000000002	1.017148275	2.73154	-0.19838	-0.62566	3289727.0	1776544969.889357	0.0	1.0	-1.0	-1.0	-1.0	-1.0	-1.0	-1.0	-1.0	-1.0	0.0	marker	peace	Peace	25	0418
-68553.405	-55326.42	-104724.62999999999	-18563.489999999998	0.0	0.0	0.0	0.0	0.0	0.0	0.0	0.0	0.0	0.0	0.0	0.0	0.0	0.0	145.79310344827584	0.0	0.040710345	-0.023986755000000002	1.017148275	2.73154	-0.19838	-0.62566	3289728.0	1776544969.889373	0.0	1.0	-1.0	-1.0	-1.0	-1.0	-1.0	-1.0	-1.0	-1.0	0.0	marker	peace	Peace	25	0418
-68553.405	-55326.015	-104733.135	-18568.215	0.0	0.0	0.0	0.0	0.0	0.0	0.0	0.0	0.0	0.0	0.0	0.0	0.0	0.0	145.79310344827584	0.0	0.040710345	-0.023986755000000002	1.017148275	2.73154	-0.19838	-0.62566	3289729.0	1776544969.89346	0.0	1.0	-1.0	-1.0	-1.0	-1.0	-1.0	-1.0	-1.0	-1.0	0.0	marker	peace	Peace	25	0418
-68526.63	-55314.36	-104710.635	-18558.45	0.0	0.0	0.0	0.0	0.0	0.0	0.0	0.0	0.0	0.0	0.0	0.0	0.0	0.0	145.79310344827584	0.0	0.040710345	-0.023986755000000002	1.017148275	2.73154	-0.19838	-0.62566	3289730.0	1776544969.893477	0.0	1.0	-1.0	-1.0	-1.0	-1.0	-1.0	-1.0	-1.0	-1.0	0.0	marker	peace	Peace	25	0418
-68466.42	-55306.305	-104688.495	-18514.215	0.0	0.0	0.0	0.0	0.0	0.0	0.0	0.0	0.0	0.0	0.0	0.0	0.0	0.0	145.79310344827584	0.0	0.040710345	-0.023986755000000002	1.017148275	2.73154	-0.19838	-0.62566	3289731.0	1776544969.897616	0.0	1.0	-1.0	-1.0	-1.0	-1.0	-1.0	-1.0	-1.0	-1.0	0.0	marker	peace	Peace	25	0418
-68470.29	-55304.145	-104670.22499999999	-18487.44	0.0	0.0	0.0	0.0	0.0	0.0	0.0	0.0	0.0	0.0	0.0	0.0	0.0	0.0	145.79310344827584	0.0	0.040710345	-0.023986755000000002	1.017148275	2.73154	-0.19838	-0.62566	3289732.0	1776544969.897634	0.0	1.0	-1.0	-1.0	-1.0	-1.0	-1.0	-1.0	-1.0	-1.0	0.0	marker	peace	Peace	25	0418
-68527.98	-55302.299999999996	-104709.105	-18530.145	0.0	0.0	0.0	0.0	0.0	0.0	0.0	0.0	0.0	0.0	0.0	0.0	0.0	0.0	145.79310344827584	0.0	0.040710345	-0.023986755000000002	1.017148275	2.73154	-0.19838	-0.62566	3289733.0	1776544969.901638	0.0	1.0	-1.0	-1.0	-1.0	-1.0	-1.0	-1.0	-1.0	-1.0	0.0	marker	peace	Peace	25	0418
-68580.405	-55304.145	-104752.39499999999	-18579.78	0.0	0.0	0.0	0.0	0.0	0.0	0.0	0.0	0.0	0.0	0.0	0.0	0.0	0.0	145.79310344827584	0.0	0.040710345	-0.023986755000000002	1.017148275	2.73154	-0.19838	-0.62566	3289734.0	1776544969.901655	0.0	1.0	-1.0	-1.0	-1.0	-1.0	-1.0	-1.0	-1.0	-1.0	0.0	marker	peace	Peace	25	0418
-68568.075	-55307.295	-104740.65	-18568.485	0.0	0.0	0.0	0.0	0.0	0.0	0.0	0.0	0.0	0.0	0.0	0.0	0.0	0.0	145.79310344827584	0.0	0.040710345	-0.023986755000000002	1.017148275	2.73154	-0.19838	-0.62566	3289735.0	1776544969.905492	0.0	1.0	-1.0	-1.0	-1.0	-1.0	-1.0	-1.0	-1.0	-1.0	0.0	marker	peace	Peace	25	0418
-68558.58	-55317.78	-104743.62	-18565.155	0.0	0.0	0.0	0.0	0.0	0.0	0.0	0.0	0.0	0.0	0.0	0.0	0.0	0.0	145.79310344827584	0.0	0.040710345	-0.023986755000000002	1.017148275	2.73154	-0.19838	-0.62566	3289736.0	1776544969.905507	0.0	1.0	-1.0	-1.0	-1.0	-1.0	-1.0	-1.0	-1.0	-1.0	0.0	marker	peace	Peace	25	0418
-68545.305	-55322.865	-104728.59	-18562.094999999998	0.0	0.0	0.0	0.0	0.0	0.0	0.0	0.0	0.0	0.0	0.0	0.0	0.0	0.0	145.79310344827584	0.0	0.039489645000000004	-0.02661126	1.018735185	3.8455199999999996	-0.6409199999999999	-1.2207999999999999	3289737.0	1776544969.909437	0.0	1.0	-1.0	-1.0	-1.0	-1.0	-1.0	-1.0	-1.0	-1.0	0.0	marker	peace	Peace	25	0418
-68536.395	-55313.28	-104736.33	-18560.114999999998	0.0	0.0	0.0	0.0	0.0	0.0	0.0	0.0	0.0	0.0	0.0	0.0	0.0	0.0	145.79310344827584	0.0	0.039489645000000004	-0.02661126	1.018735185	3.8455199999999996	-0.6409199999999999	-1.2207999999999999	3289738.0	1776544969.909453	0.0	1.0	-1.0	-1.0	-1.0	-1.0	-1.0	-1.0	-1.0	-1.0	0.0	marker	peace	Peace	25	0418
-68547.105	-55309.185	-104746.275	-18565.065	0.0	0.0	0.0	0.0	0.0	0.0	0.0	0.0	0.0	0.0	0.0	0.0	0.0	0.0	145.79310344827584	0.0	0.039489645000000004	-0.02661126	1.018735185	3.8455199999999996	-0.6409199999999999	-1.2207999999999999	3289739.0	1776544969.913322	0.0	1.0	-1.0	-1.0	-1.0	-1.0	-1.0	-1.0	-1.0	-1.0	0.0	marker	peace	Peace	25	0418
-68528.83499999999	-55309.454999999994	-104732.64	-18562.41	0.0	0.0	0.0	0.0	0.0	0.0	0.0	0.0	0.0	0.0	0.0	0.0	0.0	0.0	145.79310344827584	0.0	0.039489645000000004	-0.02661126	1.018735185	3.8455199999999996	-0.6409199999999999	-1.2207999999999999	3289740.0	1776544969.913339	0.0	1.0	-1.0	-1.0	-1.0	-1.0	-1.0	-1.0	-1.0	-1.0	0.0	marker	peace	Peace	25	0418
-68485.36499999999	-55306.799999999996	-104679.54	-18518.265	0.0	0.0	0.0	0.0	0.0	0.0	0.0	0.0	0.0	0.0	0.0	0.0	0.0	0.0	145.79310344827584	0.0	0.039489645000000004	-0.02661126	1.018735185	3.8455199999999996	-0.6409199999999999	-1.2207999999999999	3289741.0	1776544969.917558	0.0	1.0	-1.0	-1.0	-1.0	-1.0	-1.0	-1.0	-1.0	-1.0	0.0	marker	peace	Peace	25	0418
-68485.77	-55307.115	-104648.715	-18487.755	0.0	0.0	0.0	0.0	0.0	0.0	0.0	0.0	0.0	0.0	0.0	0.0	0.0	0.0	145.79310344827584	0.0	0.039489645000000004	-0.02661126	1.018735185	3.8455199999999996	-0.6409199999999999	-1.2207999999999999	3289742.0	1776544969.917562	0.0	1.0	-1.0	-1.0	-1.0	-1.0	-1.0	-1.0	-1.0	-1.0	0.0	marker	peace	Peace	25	0418
-68517.0	-55312.604999999996	-104699.655	-18532.44	0.0	0.0	0.0	0.0	0.0	0.0	0.0	0.0	0.0	0.0	0.0	0.0	0.0	0.0	145.79310344827584	0.0	0.039489645000000004	-0.02661126	1.018735185	3.8455199999999996	-0.6409199999999999	-1.2207999999999999	3289743.0	1776544969.923252	0.0	1.0	-1.0	-1.0	-1.0	-1.0	-1.0	-1.0	-1.0	-1.0	0.0	marker	peace	Peace	25	0418
-68567.58	-55326.78	-104759.55	-18572.445	0.0	0.0	0.0	0.0	0.0	0.0	0.0	0.0	0.0	0.0	0.0	0.0	0.0	0.0	145.79310344827584	0.0	0.039489645000000004	-0.02661126	1.018735185	3.8455199999999996	-0.6409199999999999	-1.2207999999999999	3289744.0	1776544969.923267	0.0	1.0	-1.0	-1.0	-1.0	-1.0	-1.0	-1.0	-1.0	-1.0	0.0	marker	peace	Peace	25	0418
-68551.155	-55321.47	-104749.78499999999	-18569.07	0.0	0.0	0.0	0.0	0.0	0.0	0.0	0.0	0.0	0.0	0.0	0.0	0.0	0.0	145.79310344827584	0.0	0.039489645000000004	-0.02661126	1.018735185	3.8455199999999996	-0.6409199999999999	-1.2207999999999999	3289745.0	1776544969.925496	0.0	1.0	-1.0	-1.0	-1.0	-1.0	-1.0	-1.0	-1.0	-1.0	0.0	marker	peace	Peace	25	0418
-68560.065	-55328.805	-104760.855	-18578.07	0.0	0.0	0.0	0.0	0.0	0.0	0.0	0.0	0.0	0.0	0.0	0.0	0.0	0.0	145.79310344827584	0.0	0.039489645000000004	-0.02661126	1.018735185	3.8455199999999996	-0.6409199999999999	-1.2207999999999999	3289746.0	1776544969.925511	0.0	1.0	-1.0	-1.0	-1.0	-1.0	-1.0	-1.0	-1.0	-1.0	0.0	marker	peace	Peace	25	0418
-68553.18	-55355.04	-104748.705	-18562.23	0.0	0.0	0.0	0.0	0.0	0.0	0.0	0.0	0.0	0.0	0.0	0.0	0.0	0.0	145.79310344827584	0.0	0.04113759	-0.02697747	1.0180638	3.5860999999999996	-0.763	-1.0682	3289747.0	1776544969.929513	0.0	1.0	-1.0	-1.0	-1.0	-1.0	-1.0	-1.0	-1.0	-1.0	0.0	marker	peace	Peace	25	0418
-68536.755	-55352.43	-104731.73999999999	-18566.55	0.0	0.0	0.0	0.0	0.0	0.0	0.0	0.0	0.0	0.0	0.0	0.0	0.0	0.0	145.79310344827584	0.0	0.04113759	-0.02697747	1.0180638	3.5860999999999996	-0.763	-1.0682	3289748.0	1776544969.92953	0.0	1.0	-1.0	-1.0	-1.0	-1.0	-1.0	-1.0	-1.0	-1.0	0.0	marker	peace	Peace	25	0418
-68502.87	-55348.38	-104680.62	-18524.88	0.0	0.0	0.0	0.0	0.0	0.0	0.0	0.0	0.0	0.0	0.0	0.0	0.0	0.0	145.79310344827584	0.0	0.04113759	-0.02697747	1.0180638	3.5860999999999996	-0.763	-1.0682	3289749.0	1776544969.93356	0.0	1.0	-1.0	-1.0	-1.0	-1.0	-1.0	-1.0	-1.0	-1.0	0.0	marker	peace	Peace	25	0418
-68496.3	-55356.21	-104694.39	-18517.59	0.0	0.0	0.0	0.0	0.0	0.0	0.0	0.0	0.0	0.0	0.0	0.0	0.0	0.0	145.79310344827584	0.0	0.04113759	-0.02697747	1.0180638	3.5860999999999996	-0.763	-1.0682	3289750.0	1776544969.933576	0.0	1.0	-1.0	-1.0	-1.0	-1.0	-1.0	-1.0	-1.0	-1.0	0.0	marker	peace	Peace	25	0418
-68558.13	-55368.36	-104745.51	-18565.425	0.0	0.0	0.0	0.0	0.0	0.0	0.0	0.0	0.0	0.0	0.0	0.0	0.0	0.0	145.79310344827584	0.0	0.04113759	-0.02697747	1.0180638	3.5860999999999996	-0.763	-1.0682	3289751.0	1776544969.938534	0.0	1.0	-1.0	-1.0	-1.0	-1.0	-1.0	-1.0	-1.0	-1.0	0.0	marker	peace	Peace	25	0418
-68551.065	-55382.49	-104749.73999999999	-18572.76	0.0	0.0	0.0	0.0	0.0	0.0	0.0	0.0	0.0	0.0	0.0	0.0	0.0	0.0	145.79310344827584	0.0	0.04113759	-0.02697747	1.0180638	3.5860999999999996	-0.763	-1.0682	3289752.0	1776544969.93855	0.0	1.0	-1.0	-1.0	-1.0	-1.0	-1.0	-1.0	-1.0	-1.0	0.0	marker	peace	Peace	25	0418
-68523.165	-55389.195	-104714.37	-18553.094999999998	0.0	0.0	0.0	0.0	0.0	0.0	0.0	0.0	0.0	0.0	0.0	0.0	0.0	0.0	145.79310344827584	0.0	0.04113759	-0.02697747	1.0180638	3.5860999999999996	-0.763	-1.0682	3289753.0	1776544969.944427	0.0	1.0	-1.0	-1.0	-1.0	-1.0	-1.0	-1.0	-1.0	-1.0	0.0	marker	peace	Peace	25	0418
-68522.13	-55388.655	-104667.345	-18527.399999999998	0.0	0.0	0.0	0.0	0.0	0.0	0.0	0.0	0.0	0.0	0.0	0.0	0.0	0.0	145.79310344827584	0.0	0.04113759	-0.02697747	1.0180638	3.5860999999999996	-0.763	-1.0682	3289754.0	1776544969.944442	0.0	1.0	-1.0	-1.0	-1.0	-1.0	-1.0	-1.0	-1.0	-1.0	0.0	marker	peace	Peace	25	0418
-68537.34	-55389.015	-104673.015	-18520.29	0.0	0.0	0.0	0.0	0.0	0.0	0.0	0.0	0.0	0.0	0.0	0.0	0.0	0.0	145.79310344827584	0.0	0.04113759	-0.02697747	1.0180638	3.5860999999999996	-0.763	-1.0682	3289755.0	1776544969.945463	0.0	1.0	-1.0	-1.0	-1.0	-1.0	-1.0	-1.0	-1.0	-1.0	0.0	marker	peace	Peace	25	0418
-68532.255	-55388.115	-104737.995	-18545.535	0.0	0.0	0.0	0.0	0.0	0.0	0.0	0.0	0.0	0.0	0.0	0.0	0.0	0.0	145.79310344827584	0.0	0.04113759	-0.02697747	1.0180638	3.5860999999999996	-0.763	-1.0682	3289756.0	1776544969.945478	0.0	1.0	-1.0	-1.0	-1.0	-1.0	-1.0	-1.0	-1.0	-1.0	0.0	marker	peace	Peace	25	0418
-68534.415	-55388.79	-104762.11499999999	-18563.13	0.0	0.0	0.0	0.0	0.0	0.0	0.0	0.0	0.0	0.0	0.0	0.0	0.0	0.0	145.79310344827584	0.0	0.041076555	-0.02404779	1.017026205	3.54032	-0.57988	-0.8392999999999999	3289757.0	1776544969.951159	0.0	1.0	-1.0	-1.0	-1.0	-1.0	-1.0	-1.0	-1.0	-1.0	0.0	marker	peace	Peace	25	0418
-68558.4	-55393.47	-104769.72	-18584.954999999998	0.0	0.0	0.0	0.0	0.0	0.0	0.0	0.0	0.0	0.0	0.0	0.0	0.0	0.0	145.79310344827584	0.0	0.041076555	-0.02404779	1.017026205	3.54032	-0.57988	-0.8392999999999999	3289758.0	1776544969.951164	0.0	1.0	-1.0	-1.0	-1.0	-1.0	-1.0	-1.0	-1.0	-1.0	0.0	marker	peace	Peace	25	0418
-68550.61499999999	-55398.465	-104738.985	-18564.75	0.0	0.0	0.0	0.0	0.0	0.0	0.0	0.0	0.0	0.0	0.0	0.0	0.0	0.0	145.79310344827584	0.0	0.041076555	-0.02404779	1.017026205	3.54032	-0.57988	-0.8392999999999999	3289759.0	1776544969.953685	0.0	1.0	-1.0	-1.0	-1.0	-1.0	-1.0	-1.0	-1.0	-1.0	0.0	marker	peace	Peace	25	0418
-68526.72	-55394.64	-104698.17	-18537.12	0.0	0.0	0.0	0.0	0.0	0.0	0.0	0.0	0.0	0.0	0.0	0.0	0.0	0.0	145.79310344827584	0.0	0.041076555	-0.02404779	1.017026205	3.54032	-0.57988	-0.8392999999999999	3289760.0	1776544969.953701	0.0	1.0	-1.0	-1.0	-1.0	-1.0	-1.0	-1.0	-1.0	-1.0	0.0	marker	peace	Peace	25	0418
-68505.525	-55400.715	-104692.545	-18533.07	0.0	0.0	0.0	0.0	0.0	0.0	0.0	0.0	0.0	0.0	0.0	0.0	0.0	0.0	145.79310344827584	0.0	0.041076555	-0.02404779	1.017026205	3.54032	-0.57988	-0.8392999999999999	3289761.0	1776544969.957696	0.0	1.0	-1.0	-1.0	-1.0	-1.0	-1.0	-1.0	-1.0	-1.0	0.0	marker	peace	Peace	25	0418
-68533.38	-55412.909999999996	-104743.08	-18573.255	0.0	0.0	0.0	0.0	0.0	0.0	0.0	0.0	0.0	0.0	0.0	0.0	0.0	0.0	145.79310344827584	0.0	0.041076555	-0.02404779	1.017026205	3.54032	-0.57988	-0.8392999999999999	3289762.0	1776544969.957712	0.0	1.0	-1.0	-1.0	-1.0	-1.0	-1.0	-1.0	-1.0	-1.0	0.0	marker	peace	Peace	25	0418
-68536.62	-55417.77	-104713.56	-18558.899999999998	0.0	0.0	0.0	0.0	0.0	0.0	0.0	0.0	0.0	0.0	0.0	0.0	0.0	0.0	145.79310344827584	0.0	0.041076555	-0.02404779	1.017026205	3.54032	-0.57988	-0.8392999999999999	3289763.0	1776544969.961645	0.0	1.0	-1.0	-1.0	-1.0	-1.0	-1.0	-1.0	-1.0	-1.0	0.0	marker	peace	Peace	25	0418
-68551.2	-55428.03	-104690.11499999999	-18525.42	0.0	0.0	0.0	0.0	0.0	0.0	0.0	0.0	0.0	0.0	0.0	0.0	0.0	0.0	145.79310344827584	0.0	0.041076555	-0.02404779	1.017026205	3.54032	-0.57988	-0.8392999999999999	3289764.0	1776544969.961651	0.0	1.0	-1.0	-1.0	-1.0	-1.0	-1.0	-1.0	-1.0	-1.0	0.0	marker	peace	Peace	25	0418
-68544.405	-55432.485	-104698.575	-18524.024999999998	0.0	0.0	0.0	0.0	0.0	0.0	0.0	0.0	0.0	0.0	0.0	0.0	0.0	0.0	145.79310344827584	0.0	0.041076555	-0.02404779	1.017026205	3.54032	-0.57988	-0.8392999999999999	3289765.0	1776544969.965623	0.0	1.0	-1.0	-1.0	-1.0	-1.0	-1.0	-1.0	-1.0	-1.0	0.0	marker	peace	Peace	25	0418
-68523.705	-55432.755	-104682.06	-18527.175	0.0	0.0	0.0	0.0	0.0	0.0	0.0	0.0	0.0	0.0	0.0	0.0	0.0	0.0	145.79310344827584	0.0	0.041076555	-0.02404779	1.017026205	3.54032	-0.57988	-0.8392999999999999	3289766.0	1776544969.96564	0.0	1.0	-1.0	-1.0	-1.0	-1.0	-1.0	-1.0	-1.0	-1.0	0.0	marker	peace	Peace	25	0418
-68528.295	-55430.415	-104676.705	-18538.155	0.0	0.0	0.0	0.0	0.0	0.0	0.0	0.0	0.0	0.0	0.0	0.0	0.0	0.0	145.79310344827584	0.0	0.039733785	-0.02380365	1.015683435	2.7468	-0.27468	-0.763	3289767.0	1776544969.971067	0.0	1.0	-1.0	-1.0	-1.0	-1.0	-1.0	-1.0	-1.0	-1.0	0.0	marker	peace	Peace	25	0418
-68540.67	-55432.079999999994	-104707.665	-18550.395	0.0	0.0	0.0	0.0	0.0	0.0	0.0	0.0	0.0	0.0	0.0	0.0	0.0	0.0	145.79310344827584	0.0	0.039733785	-0.02380365	1.015683435	2.7468	-0.27468	-0.763	3289768.0	1776544969.971082	0.0	1.0	-1.0	-1.0	-1.0	-1.0	-1.0	-1.0	-1.0	-1.0	0.0	marker	peace	Peace	25	0418
-68535.58499999999	-55434.735	-104747.08499999999	-18563.265	0.0	0.0	0.0	0.0	0.0	0.0	0.0	0.0	0.0	0.0	0.0	0.0	0.0	0.0	145.79310344827584	0.0	0.039733785	-0.02380365	1.015683435	2.7468	-0.27468	-0.763	3289769.0	1776544969.973705	0.0	1.0	-1.0	-1.0	-1.0	-1.0	-1.0	-1.0	-1.0	-1.0	0.0	marker	peace	Peace	25	0418
-68541.525	-55429.02	-104759.14499999999	-18563.94	0.0	0.0	0.0	0.0	0.0	0.0	0.0	0.0	0.0	0.0	0.0	0.0	0.0	0.0	145.79310344827584	0.0	0.039733785	-0.02380365	1.015683435	2.7468	-0.27468	-0.763	3289770.0	1776544969.97372	0.0	1.0	-1.0	-1.0	-1.0	-1.0	-1.0	-1.0	-1.0	-1.0	0.0	marker	peace	Peace	25	0418
-68538.59999999999	-55422.494999999995	-104731.425	-18555.075	0.0	0.0	0.0	0.0	0.0	0.0	0.0	0.0	0.0	0.0	0.0	0.0	0.0	0.0	145.79310344827584	0.0	0.039733785	-0.02380365	1.015683435	2.7468	-0.27468	-0.763	3289771.0	1776544969.977655	0.0	1.0	-1.0	-1.0	-1.0	-1.0	-1.0	-1.0	-1.0	-1.0	0.0	marker	peace	Peace	25	0418
-68516.55	-55416.24	-104697.58499999999	-18529.649999999998	0.0	0.0	0.0	0.0	0.0	0.0	0.0	0.0	0.0	0.0	0.0	0.0	0.0	0.0	145.79310344827584	0.0	0.039733785	-0.02380365	1.015683435	2.7468	-0.27468	-0.763	3289772.0	1776544969.977671	0.0	1.0	-1.0	-1.0	-1.0	-1.0	-1.0	-1.0	-1.0	-1.0	0.0	marker	peace	Peace	25	0418
-68514.93	-55397.159999999996	-104704.965	-18533.88	0.0	0.0	0.0	0.0	0.0	0.0	0.0	0.0	0.0	0.0	0.0	0.0	0.0	0.0	145.79310344827584	0.0	0.039733785	-0.02380365	1.015683435	2.7468	-0.27468	-0.763	3289773.0	1776544969.981741	0.0	1.0	-1.0	-1.0	-1.0	-1.0	-1.0	-1.0	-1.0	-1.0	0.0	marker	peace	Peace	25	0418
-68575.36499999999	-55305.494999999995	-104760.9	-18591.704999999998	0.0	0.0	0.0	0.0	0.0	0.0	0.0	0.0	0.0	0.0	0.0	0.0	0.0	0.0	145.79310344827584	0.0	0.039733785	-0.02380365	1.015683435	2.7468	-0.27468	-0.763	3289774.0	1776544969.981758	0.0	1.0	-1.0	-1.0	-1.0	-1.0	-1.0	-1.0	-1.0	-1.0	0.0	marker	peace	Peace	25	0418
-68558.13	-55274.805	-104737.455	-18578.61	0.0	0.0	0.0	0.0	0.0	0.0	0.0	0.0	0.0	0.0	0.0	0.0	0.0	0.0	145.79310344827584	0.0	0.039733785	-0.02380365	1.015683435	2.7468	-0.27468	-0.763	3289775.0	1776544969.985797	0.0	1.0	-1.0	-1.0	-1.0	-1.0	-1.0	-1.0	-1.0	-1.0	0.0	marker	peace	Peace	25	0418
-68527.53	-55277.64	-104715.315	-18550.35	0.0	0.0	0.0	0.0	0.0	0.0	0.0	0.0	0.0	0.0	0.0	0.0	0.0	0.0	145.79310344827584	0.0	0.039733785	-0.02380365	1.015683435	2.7468	-0.27468	-0.763	3289776.0	1776544969.985813	0.0	1.0	-1.0	-1.0	-1.0	-1.0	-1.0	-1.0	-1.0	-1.0	0.0	marker	peace	Peace	25	0418
-68532.165	-55269.45	-104717.205	-18539.415	0.0	0.0	0.0	0.0	0.0	0.0	0.0	0.0	0.0	0.0	0.0	0.0	0.0	0.0	145.79310344827584	0.0	0.041198625	-0.024597105	1.01635482	3.02148	-0.21364	-0.3815	3289777.0	1776544969.989764	0.0	1.0	-1.0	-1.0	-1.0	-1.0	-1.0	-1.0	-1.0	-1.0	0.0	marker	peace	Peace	25	0418
-68516.81999999999	-55268.954999999994	-104739.61499999999	-18544.905	0.0	0.0	0.0	0.0	0.0	0.0	0.0	0.0	0.0	0.0	0.0	0.0	0.0	0.0	145.79310344827584	0.0	0.041198625	-0.024597105	1.01635482	3.02148	-0.21364	-0.3815	3289778.0	1776544969.98978	0.0	1.0	-1.0	-1.0	-1.0	-1.0	-1.0	-1.0	-1.0	-1.0	0.0	marker	peace	Peace	25	0418
-68520.06	-55280.79	-104731.065	-18537.885	0.0	0.0	0.0	0.0	0.0	0.0	0.0	0.0	0.0	0.0	0.0	0.0	0.0	0.0	145.79310344827584	0.0	0.041198625	-0.024597105	1.01635482	3.02148	-0.21364	-0.3815	3289779.0	1776544969.993661	0.0	1.0	-1.0	-1.0	-1.0	-1.0	-1.0	-1.0	-1.0	-1.0	0.0	marker	peace	Peace	25	0418
-68549.985	-55280.97	-104733.22499999999	-18557.594999999998	0.0	0.0	0.0	0.0	0.0	0.0	0.0	0.0	0.0	0.0	0.0	0.0	0.0	0.0	145.79310344827584	0.0	0.041198625	-0.024597105	1.01635482	3.02148	-0.21364	-0.3815	3289780.0	1776544969.993677	0.0	1.0	-1.0	-1.0	-1.0	-1.0	-1.0	-1.0	-1.0	-1.0	0.0	marker	peace	Peace	25	0418
-68591.34	-55276.515	-104775.20999999999	-18611.01	0.0	0.0	0.0	0.0	0.0	0.0	0.0	0.0	0.0	0.0	0.0	0.0	0.0	0.0	145.79310344827584	0.0	0.041198625	-0.024597105	1.01635482	3.02148	-0.21364	-0.3815	3289781.0	1776544969.997825	0.0	1.0	-1.0	-1.0	-1.0	-1.0	-1.0	-1.0	-1.0	-1.0	0.0	marker	peace	Peace	25	0418
-68564.655	-55254.06	-104755.40999999999	-18591.704999999998	0.0	0.0	0.0	0.0	0.0	0.0	0.0	0.0	0.0	0.0	0.0	0.0	0.0	0.0	145.79310344827584	0.0	0.041198625	-0.024597105	1.01635482	3.02148	-0.21364	-0.3815	3289782.0	1776544969.99784	0.0	1.0	-1.0	-1.0	-1.0	-1.0	-1.0	-1.0	-1.0	-1.0	0.0	marker	peace	Peace	25	0418
-68538.375	-55215.765	-104746.31999999999	-18569.655	0.0	0.0	0.0	0.0	0.0	0.0	0.0	0.0	0.0	0.0	0.0	0.0	0.0	0.0	145.79310344827584	0.0	0.041198625	-0.024597105	1.01635482	3.02148	-0.21364	-0.3815	3289783.0	1776544970.005086	0.0	1.0	-1.0	-1.0	-1.0	-1.0	-1.0	-1.0	-1.0	-1.0	0.0	marker	peace	Peace	25	0418
-68532.61499999999	-55201.545	-104735.83499999999	-18553.094999999998	0.0	0.0	0.0	0.0	0.0	0.0	0.0	0.0	0.0	0.0	0.0	0.0	0.0	0.0	145.79310344827584	0.0	0.041198625	-0.024597105	1.01635482	3.02148	-0.21364	-0.3815	3289784.0	1776544970.005102	0.0	1.0	-1.0	-1.0	-1.0	-1.0	-1.0	-1.0	-1.0	-1.0	0.0	marker	peace	Peace	25	0418
-68576.58	-55207.034999999996	-104751.62999999999	-18579.239999999998	0.0	0.0	0.0	0.0	0.0	0.0	0.0	0.0	0.0	0.0	0.0	0.0	0.0	0.0	145.79310344827584	0.0	0.041198625	-0.024597105	1.01635482	3.02148	-0.21364	-0.3815	3289785.0	1776544970.005725	0.0	1.0	-1.0	-1.0	-1.0	-1.0	-1.0	-1.0	-1.0	-1.0	0.0	marker	peace	Peace	25	0418
-68563.665	-55207.935	-104728.23	-18572.94	0.0	0.0	0.0	0.0	0.0	0.0	0.0	0.0	0.0	0.0	0.0	0.0	0.0	0.0	145.79310344827584	0.0	0.041198625	-0.024597105	1.01635482	3.02148	-0.21364	-0.3815	3289786.0	1776544970.005733	0.0	1.0	-1.0	-1.0	-1.0	-1.0	-1.0	-1.0	-1.0	-1.0	0.0	marker	peace	Peace	25	0418
-68524.29	-55199.744999999995	-104729.84999999999	-18574.245	0.0	0.0	0.0	0.0	0.0	0.0	0.0	0.0	0.0	0.0	0.0	0.0	0.0	0.0	145.79310344827584	0.0	0.04187001	-0.030090255	1.01476791	0.12208	0.01526	-1.4497	3289787.0	1776544970.009852	0.0	1.0	-1.0	-1.0	-1.0	-1.0	-1.0	-1.0	-1.0	-1.0	0.0	marker	peace	Peace	25	0418
-68483.34	-55186.335	-104705.86499999999	-18536.309999999998	0.0	0.0	0.0	0.0	0.0	0.0	0.0	0.0	0.0	0.0	0.0	0.0	0.0	0.0	145.79310344827584	0.0	0.04187001	-0.030090255	1.01476791	0.12208	0.01526	-1.4497	3289788.0	1776544970.009868	0.0	1.0	-1.0	-1.0	-1.0	-1.0	-1.0	-1.0	-1.0	-1.0	0.0	marker	peace	Peace	25	0418
-68470.73999999999	-55178.505	-104686.065	-18517.995	0.0	0.0	0.0	0.0	0.0	0.0	0.0	0.0	0.0	0.0	0.0	0.0	0.0	0.0	145.79310344827584	0.0	0.04187001	-0.030090255	1.01476791	0.12208	0.01526	-1.4497	3289789.0	1776544970.013846	0.0	1.0	-1.0	-1.0	-1.0	-1.0	-1.0	-1.0	-1.0	-1.0	0.0	marker	peace	Peace	25	0418
-68584.23	-55187.28	-104760.72	-18580.86	0.0	0.0	0.0	0.0	0.0	0.0	0.0	0.0	0.0	0.0	0.0	0.0	0.0	0.0	145.79310344827584	0.0	0.04187001	-0.030090255	1.01476791	0.12208	0.01526	-1.4497	3289790.0	1776544970.013862	0.0	1.0	-1.0	-1.0	-1.0	-1.0	-1.0	-1.0	-1.0	-1.0	0.0	marker	peace	Peace	25	0418
-68576.04	-55170.0	-104766.84	-18586.755	0.0	0.0	0.0	0.0	0.0	0.0	0.0	0.0	0.0	0.0	0.0	0.0	0.0	0.0	145.79310344827584	0.0	0.04187001	-0.030090255	1.01476791	0.12208	0.01526	-1.4497	3289791.0	1776544970.017994	0.0	1.0	-1.0	-1.0	-1.0	-1.0	-1.0	-1.0	-1.0	-1.0	0.0	marker	peace	Peace	25	0418
-68554.89	-55076.805	-104759.90999999999	-18582.704999999998	0.0	0.0	0.0	0.0	0.0	0.0	0.0	0.0	0.0	0.0	0.0	0.0	0.0	0.0	145.79310344827584	0.0	0.04187001	-0.030090255	1.01476791	0.12208	0.01526	-1.4497	3289792.0	1776544970.01801	0.0	1.0	-1.0	-1.0	-1.0	-1.0	-1.0	-1.0	-1.0	-1.0	0.0	marker	peace	Peace	25	0418
-68523.20999999999	-55054.89	-104717.25	-18559.575	0.0	0.0	0.0	0.0	0.0	0.0	0.0	0.0	0.0	0.0	0.0	0.0	0.0	0.0	145.79310344827584	0.0	0.04187001	-0.030090255	1.01476791	0.12208	0.01526	-1.4497	3289793.0	1776544970.021877	0.0	1.0	-1.0	-1.0	-1.0	-1.0	-1.0	-1.0	-1.0	-1.0	0.0	marker	peace	Peace	25	0418
-68535.58499999999	-55049.85	-104714.775	-18565.245	0.0	0.0	0.0	0.0	0.0	0.0	0.0	0.0	0.0	0.0	0.0	0.0	0.0	0.0	145.79310344827584	0.0	0.04187001	-0.030090255	1.01476791	0.12208	0.01526	-1.4497	3289794.0	1776544970.021887	0.0	1.0	-1.0	-1.0	-1.0	-1.0	-1.0	-1.0	-1.0	-1.0	0.0	marker	peace	Peace	25	0418
-68539.36499999999	-55046.115	-104713.47	-18551.745	0.0	0.0	0.0	0.0	0.0	0.0	0.0	0.0	0.0	0.0	0.0	0.0	0.0	0.0	145.79310344827584	0.0	0.04187001	-0.030090255	1.01476791	0.12208	0.01526	-1.4497	3289795.0	1776544970.025799	0.0	1.0	-1.0	-1.0	-1.0	-1.0	-1.0	-1.0	-1.0	-1.0	0.0	marker	peace	Peace	25	0418
-68534.325	-55047.689999999995	-104707.305	-18539.1	0.0	0.0	0.0	0.0	0.0	0.0	0.0	0.0	0.0	0.0	0.0	0.0	0.0	0.0	145.79310344827584	0.0	0.04187001	-0.030090255	1.01476791	0.12208	0.01526	-1.4497	3289796.0	1776544970.025814	0.0	1.0	-1.0	-1.0	-1.0	-1.0	-1.0	-1.0	-1.0	-1.0	0.0	marker	peace	Peace	25	0418
-68538.735	-55047.689999999995	-104725.575	-18544.59	0.0	0.0	0.0	0.0	0.0	0.0	0.0	0.0	0.0	0.0	0.0	0.0	0.0	0.0	145.79310344827584	0.0	0.04626453	-0.02380365	1.008725445	1.43444	1.1444999999999999	0.28994	3289797.0	1776544970.029856	0.0	1.0	-1.0	-1.0	-1.0	-1.0	-1.0	-1.0	-1.0	-1.0	0.0	marker	peace	Peace	25	0418
-68553.495	-55035.09	-104755.995	-18582.255	0.0	0.0	0.0	0.0	0.0	0.0	0.0	0.0	0.0	0.0	0.0	0.0	0.0	0.0	145.79310344827584	0.0	0.04626453	-0.02380365	1.008725445	1.43444	1.1444999999999999	0.28994	3289798.0	1776544970.029872	0.0	1.0	-1.0	-1.0	-1.0	-1.0	-1.0	-1.0	-1.0	-1.0	0.0	marker	peace	Peace	25	0418
-68598.45	-55026.765	-104783.94	-18618.93	0.0	0.0	0.0	0.0	0.0	0.0	0.0	0.0	0.0	0.0	0.0	0.0	0.0	0.0	145.79310344827584	0.0	0.04626453	-0.02380365	1.008725445	1.43444	1.1444999999999999	0.28994	3289799.0	1776544970.034488	0.0	1.0	-1.0	-1.0	-1.0	-1.0	-1.0	-1.0	-1.0	-1.0	0.0	marker	peace	Peace	25	0418
-68583.555	-55021.14	-104749.2	-18597.42	0.0	0.0	0.0	0.0	0.0	0.0	0.0	0.0	0.0	0.0	0.0	0.0	0.0	0.0	145.79310344827584	0.0	0.04626453	-0.02380365	1.008725445	1.43444	1.1444999999999999	0.28994	3289800.0	1776544970.034511	0.0	1.0	-1.0	-1.0	-1.0	-1.0	-1.0	-1.0	-1.0	-1.0	0.0	marker	peace	Peace	25	0418
-68570.37	-55029.375	-104732.09999999999	-18569.295	0.0	0.0	0.0	0.0	0.0	0.0	0.0	0.0	0.0	0.0	0.0	0.0	0.0	0.0	145.79310344827584	0.0	0.04626453	-0.02380365	1.008725445	1.43444	1.1444999999999999	0.28994	3289801.0	1776544970.037919	0.0	1.0	-1.0	-1.0	-1.0	-1.0	-1.0	-1.0	-1.0	-1.0	0.0	marker	peace	Peace	25	0418
-68562.855	-55050.479999999996	-104731.92	-18557.415	0.0	0.0	0.0	0.0	0.0	0.0	0.0	0.0	0.0	0.0	0.0	0.0	0.0	0.0	145.79310344827584	0.0	0.04626453	-0.02380365	1.008725445	1.43444	1.1444999999999999	0.28994	3289802.0	1776544970.037958	0.0	1.0	-1.0	-1.0	-1.0	-1.0	-1.0	-1.0	-1.0	-1.0	0.0	marker	peace	Peace	25	0418
-68517.27	-55051.335	-104688.9	-18544.95	0.0	0.0	0.0	0.0	0.0	0.0	0.0	0.0	0.0	0.0	0.0	0.0	0.0	0.0	145.79310344827584	0.0	0.04626453	-0.02380365	1.008725445	1.43444	1.1444999999999999	0.28994	3289803.0	1776544970.041822	0.0	1.0	-1.0	-1.0	-1.0	-1.0	-1.0	-1.0	-1.0	-1.0	0.0	marker	peace	Peace	25	0418
-68481.54	-55053.99	-104682.78	-18544.41	0.0	0.0	0.0	0.0	0.0	0.0	0.0	0.0	0.0	0.0	0.0	0.0	0.0	0.0	145.79310344827584	0.0	0.04626453	-0.02380365	1.008725445	1.43444	1.1444999999999999	0.28994	3289804.0	1776544970.041837	0.0	1.0	-1.0	-1.0	-1.0	-1.0	-1.0	-1.0	-1.0	-1.0	0.0	marker	peace	Peace	25	0418
-68547.915	-55058.445	-104736.465	-18559.035	0.0	0.0	0.0	0.0	0.0	0.0	0.0	0.0	0.0	0.0	0.0	0.0	0.0	0.0	145.79310344827584	0.0	0.04626453	-0.02380365	1.008725445	1.43444	1.1444999999999999	0.28994	3289805.0	1776544970.045825	0.0	1.0	-1.0	-1.0	-1.0	-1.0	-1.0	-1.0	-1.0	-1.0	0.0	marker	peace	Peace	25	0418
-68581.755	-55061.145	-104760.18	-18575.145	0.0	0.0	0.0	0.0	0.0	0.0	0.0	0.0	0.0	0.0	0.0	0.0	0.0	0.0	145.79310344827584	0.0	0.04626453	-0.02380365	1.008725445	1.43444	1.1444999999999999	0.28994	3289806.0	1776544970.045842	0.0	1.0	-1.0	-1.0	-1.0	-1.0	-1.0	-1.0	-1.0	-1.0	0.0	marker	peace	Peace	25	0418
-68552.28	-55065.689999999995	-104736.64499999999	-18574.695	0.0	0.0	0.0	0.0	0.0	0.0	0.0	0.0	0.0	0.0	0.0	0.0	0.0	0.0	145.79310344827584	0.0	0.046813845	-0.0378417	1.01037339	4.63904	0.97664	-1.0834599999999999	3289807.0	1776544970.050051	0.0	1.0	-1.0	-1.0	-1.0	-1.0	-1.0	-1.0	-1.0	-1.0	0.0	marker	peace	Peace	25	0418
-68533.29	-55066.68	-104720.58	-18556.649999999998	0.0	0.0	0.0	0.0	0.0	0.0	0.0	0.0	0.0	0.0	0.0	0.0	0.0	0.0	145.79310344827584	0.0	0.046813845	-0.0378417	1.01037339	4.63904	0.97664	-1.0834599999999999	3289808.0	1776544970.050074	0.0	1.0	-1.0	-1.0	-1.0	-1.0	-1.0	-1.0	-1.0	-1.0	0.0	marker	peace	Peace	25	0418
-68472.495	-55064.384999999995	-104657.58	-18503.594999999998	0.0	0.0	0.0	0.0	0.0	0.0	0.0	0.0	0.0	0.0	0.0	0.0	0.0	0.0	145.79310344827584	0.0	0.046813845	-0.0378417	1.01037339	4.63904	0.97664	-1.0834599999999999	3289809.0	1776544970.05392	0.0	1.0	-1.0	-1.0	-1.0	-1.0	-1.0	-1.0	-1.0	-1.0	0.0	marker	peace	Peace	25	0418
-68543.28	-55068.39	-104730.97499999999	-18568.215	0.0	0.0	0.0	0.0	0.0	0.0	0.0	0.0	0.0	0.0	0.0	0.0	0.0	0.0	145.79310344827584	0.0	0.046813845	-0.0378417	1.01037339	4.63904	0.97664	-1.0834599999999999	3289810.0	1776544970.053949	0.0	1.0	-1.0	-1.0	-1.0	-1.0	-1.0	-1.0	-1.0	-1.0	0.0	marker	peace	Peace	25	0418
-68590.89	-55083.465	-104800.815	-18614.79	0.0	0.0	0.0	0.0	0.0	0.0	0.0	0.0	0.0	0.0	0.0	0.0	0.0	0.0	145.79310344827584	0.0	0.046813845	-0.0378417	1.01037339	4.63904	0.97664	-1.0834599999999999	3289811.0	1776544970.05987	0.0	1.0	-1.0	-1.0	-1.0	-1.0	-1.0	-1.0	-1.0	-1.0	0.0	marker	peace	Peace	25	0418
-68536.08	-55077.57	-104753.06999999999	-18584.19	0.0	0.0	0.0	0.0	0.0	0.0	0.0	0.0	0.0	0.0	0.0	0.0	0.0	0.0	145.79310344827584	0.0	0.046813845	-0.0378417	1.01037339	4.63904	0.97664	-1.0834599999999999	3289812.0	1776544970.059882	0.0	1.0	-1.0	-1.0	-1.0	-1.0	-1.0	-1.0	-1.0	-1.0	0.0	marker	peace	Peace	25	0418
-68564.7	-55073.475	-104758.965	-18588.69	0.0	0.0	0.0	0.0	0.0	0.0	0.0	0.0	0.0	0.0	0.0	0.0	0.0	0.0	145.79310344827584	0.0	0.046813845	-0.0378417	1.01037339	4.63904	0.97664	-1.0834599999999999	3289813.0	1776544970.061975	0.0	1.0	-1.0	-1.0	-1.0	-1.0	-1.0	-1.0	-1.0	-1.0	0.0	marker	peace	Peace	25	0418
-68502.78	-55060.29	-104714.09999999999	-18558.405	0.0	0.0	0.0	0.0	0.0	0.0	0.0	0.0	0.0	0.0	0.0	0.0	0.0	0.0	145.79310344827584	0.0	0.046813845	-0.0378417	1.01037339	4.63904	0.97664	-1.0834599999999999	3289814.0	1776544970.061995	0.0	1.0	-1.0	-1.0	-1.0	-1.0	-1.0	-1.0	-1.0	-1.0	0.0	marker	peace	Peace	25	0418
-68542.38	-55057.994999999995	-104722.69499999999	-18565.155	0.0	0.0	0.0	0.0	0.0	0.0	0.0	0.0	0.0	0.0	0.0	0.0	0.0	0.0	145.79310344827584	0.0	0.046813845	-0.0378417	1.01037339	4.63904	0.97664	-1.0834599999999999	3289815.0	1776544970.066068	0.0	1.0	-1.0	-1.0	-1.0	-1.0	-1.0	-1.0	-1.0	-1.0	0.0	marker	peace	Peace	25	0418
-68543.145	-55058.759999999995	-104733.72	-18570.285	0.0	0.0	0.0	0.0	0.0	0.0	0.0	0.0	0.0	0.0	0.0	0.0	0.0	0.0	145.79310344827584	0.0	0.046813845	-0.0378417	1.01037339	4.63904	0.97664	-1.0834599999999999	3289816.0	1776544970.06609	0.0	1.0	-1.0	-1.0	-1.0	-1.0	-1.0	-1.0	-1.0	-1.0	0.0	marker	peace	Peace	25	0418
-68517.98999999999	-55058.759999999995	-104717.97	-18549.045	0.0	0.0	0.0	0.0	0.0	0.0	0.0	0.0	0.0	0.0	0.0	0.0	0.0	0.0	145.79310344827584	0.0	0.045104865	-0.026000910000000002	1.01513412	4.41014	0.85456	0.0	3289817.0	1776544970.069991	0.0	1.0	-1.0	-1.0	-1.0	-1.0	-1.0	-1.0	-1.0	-1.0	0.0	marker	peace	Peace	25	0418
-68551.02	-55059.659999999996	-104727.015	-18550.755	0.0	0.0	0.0	0.0	0.0	0.0	0.0	0.0	0.0	0.0	0.0	0.0	0.0	0.0	145.79310344827584	0.0	0.045104865	-0.026000910000000002	1.01513412	4.41014	0.85456	0.0	3289818.0	1776544970.070012	0.0	1.0	-1.0	-1.0	-1.0	-1.0	-1.0	-1.0	-1.0	-1.0	0.0	marker	peace	Peace	25	0418
-68570.19	-55066.77	-104734.53	-18566.954999999998	0.0	0.0	0.0	0.0	0.0	0.0	0.0	0.0	0.0	0.0	0.0	0.0	0.0	0.0	145.79310344827584	0.0	0.045104865	-0.026000910000000002	1.01513412	4.41014	0.85456	0.0	3289819.0	1776544970.073998	0.0	1.0	-1.0	-1.0	-1.0	-1.0	-1.0	-1.0	-1.0	-1.0	0.0	marker	peace	Peace	25	0418
-68564.925	-55067.4	-104738.84999999999	-18571.184999999998	0.0	0.0	0.0	0.0	0.0	0.0	0.0	0.0	0.0	0.0	0.0	0.0	0.0	0.0	145.79310344827584	0.0	0.045104865	-0.026000910000000002	1.01513412	4.41014	0.85456	0.0	3289820.0	1776544970.07401	0.0	1.0	-1.0	-1.0	-1.0	-1.0	-1.0	-1.0	-1.0	-1.0	0.0	marker	peace	Peace	25	0418
-68541.75	-55063.619999999995	-104744.47499999999	-18564.48	0.0	0.0	0.0	0.0	0.0	0.0	0.0	0.0	0.0	0.0	0.0	0.0	0.0	0.0	145.79310344827584	0.0	0.045104865	-0.026000910000000002	1.01513412	4.41014	0.85456	0.0	3289821.0	1776544970.077732	0.0	1.0	-1.0	-1.0	-1.0	-1.0	-1.0	-1.0	-1.0	-1.0	0.0	marker	peace	Peace	25	0418
-68487.795	-55051.92	-104697.36	-18530.594999999998	0.0	0.0	0.0	0.0	0.0	0.0	0.0	0.0	0.0	0.0	0.0	0.0	0.0	0.0	145.79310344827584	0.0	0.045104865	-0.026000910000000002	1.01513412	4.41014	0.85456	0.0	3289822.0	1776544970.077743	0.0	1.0	-1.0	-1.0	-1.0	-1.0	-1.0	-1.0	-1.0	-1.0	0.0	marker	peace	Peace	25	0418
-68515.38	-55044.99	-104703.25499999999	-18539.594999999998	0.0	0.0	0.0	0.0	0.0	0.0	0.0	0.0	0.0	0.0	0.0	0.0	0.0	0.0	145.79310344827584	0.0	0.045104865	-0.026000910000000002	1.01513412	4.41014	0.85456	0.0	3289823.0	1776544970.082094	0.0	1.0	-1.0	-1.0	-1.0	-1.0	-1.0	-1.0	-1.0	-1.0	0.0	marker	peace	Peace	25	0418
-68573.11499999999	-55040.67	-104770.8	-18605.114999999998	0.0	0.0	0.0	0.0	0.0	0.0	0.0	0.0	0.0	0.0	0.0	0.0	0.0	0.0	145.79310344827584	0.0	0.045104865	-0.026000910000000002	1.01513412	4.41014	0.85456	0.0	3289824.0	1776544970.082123	0.0	1.0	-1.0	-1.0	-1.0	-1.0	-1.0	-1.0	-1.0	-1.0	0.0	marker	peace	Peace	25	0418
-68574.915	-55043.505	-104758.2	-18598.364999999998	0.0	0.0	0.0	0.0	0.0	0.0	0.0	0.0	0.0	0.0	0.0	0.0	0.0	0.0	145.79310344827584	0.0	0.045104865	-0.026000910000000002	1.01513412	4.41014	0.85456	0.0	3289825.0	1776544970.086137	0.0	1.0	-1.0	-1.0	-1.0	-1.0	-1.0	-1.0	-1.0	-1.0	0.0	marker	peace	Peace	25	0418
-68541.525	-55052.64	-104699.79	-18547.469999999998	0.0	0.0	0.0	0.0	0.0	0.0	0.0	0.0	0.0	0.0	0.0	0.0	0.0	0.0	145.79310344827584	0.0	0.045104865	-0.026000910000000002	1.01513412	4.41014	0.85456	0.0	3289826.0	1776544970.086162	0.0	1.0	-1.0	-1.0	-1.0	-1.0	-1.0	-1.0	-1.0	-1.0	0.0	marker	peace	Peace	25	0418
-68523.03	-55065.735	-104686.83	-18524.385	0.0	0.0	0.0	0.0	0.0	0.0	0.0	0.0	0.0	0.0	0.0	0.0	0.0	0.0	145.79310344827584	0.0	0.042297255	-0.0170898	1.018368975	1.35814	0.763	0.2289	3289827.0	1776544970.090176	0.0	1.0	-1.0	-1.0	-1.0	-1.0	-1.0	-1.0	-1.0	-1.0	0.0	marker	peace	Peace	25	0418
-68526.135	-55080.134999999995	-104731.425	-18559.079999999998	0.0	0.0	0.0	0.0	0.0	0.0	0.0	0.0	0.0	0.0	0.0	0.0	0.0	0.0	145.79310344827584	0.0	0.042297255	-0.0170898	1.018368975	1.35814	0.763	0.2289	3289828.0	1776544970.090189	0.0	1.0	-1.0	-1.0	-1.0	-1.0	-1.0	-1.0	-1.0	-1.0	0.0	marker	peace	Peace	25	0418
-68532.61499999999	-55092.78	-104726.83499999999	-18556.829999999998	0.0	0.0	0.0	0.0	0.0	0.0	0.0	0.0	0.0	0.0	0.0	0.0	0.0	0.0	145.79310344827584	0.0	0.042297255	-0.0170898	1.018368975	1.35814	0.763	0.2289	3289829.0	1776544970.093971	0.0	1.0	-1.0	-1.0	-1.0	-1.0	-1.0	-1.0	-1.0	-1.0	0.0	marker	peace	Peace	25	0418
-68525.595	-55088.28	-104727.825	-18543.465	0.0	0.0	0.0	0.0	0.0	0.0	0.0	0.0	0.0	0.0	0.0	0.0	0.0	0.0	145.79310344827584	0.0	0.042297255	-0.0170898	1.018368975	1.35814	0.763	0.2289	3289830.0	1776544970.093981	0.0	1.0	-1.0	-1.0	-1.0	-1.0	-1.0	-1.0	-1.0	-1.0	0.0	marker	peace	Peace	25	0418
-68491.98	-55078.74	-104712.795	-18535.274999999998	0.0	0.0	0.0	0.0	0.0	0.0	0.0	0.0	0.0	0.0	0.0	0.0	0.0	0.0	145.79310344827584	0.0	0.042297255	-0.0170898	1.018368975	1.35814	0.763	0.2289	3289831.0	1776544970.098161	0.0	1.0	-1.0	-1.0	-1.0	-1.0	-1.0	-1.0	-1.0	-1.0	0.0	marker	peace	Peace	25	0418
-68488.515	-55065.24	-104696.685	-18530.28	0.0	0.0	0.0	0.0	0.0	0.0	0.0	0.0	0.0	0.0	0.0	0.0	0.0	0.0	145.79310344827584	0.0	0.042297255	-0.0170898	1.018368975	1.35814	0.763	0.2289	3289832.0	1776544970.098191	0.0	1.0	-1.0	-1.0	-1.0	-1.0	-1.0	-1.0	-1.0	-1.0	0.0	marker	peace	Peace	25	0418
-68485.36499999999	-55052.64	-104703.39	-18534.69	0.0	0.0	0.0	0.0	0.0	0.0	0.0	0.0	0.0	0.0	0.0	0.0	0.0	0.0	145.79310344827584	0.0	0.042297255	-0.0170898	1.018368975	1.35814	0.763	0.2289	3289833.0	1776544970.102132	0.0	1.0	-1.0	-1.0	-1.0	-1.0	-1.0	-1.0	-1.0	-1.0	0.0	marker	peace	Peace	25	0418
-68605.425	-55061.46	-104803.155	-18625.86	0.0	0.0	0.0	0.0	0.0	0.0	0.0	0.0	0.0	0.0	0.0	0.0	0.0	0.0	145.79310344827584	0.0	0.042297255	-0.0170898	1.018368975	1.35814	0.763	0.2289	3289834.0	1776544970.102178	0.0	1.0	-1.0	-1.0	-1.0	-1.0	-1.0	-1.0	-1.0	-1.0	0.0	marker	peace	Peace	25	0418
-68586.20999999999	-55075.32	-104760.765	-18588.555	0.0	0.0	0.0	0.0	0.0	0.0	0.0	0.0	0.0	0.0	0.0	0.0	0.0	0.0	145.79310344827584	0.0	0.042297255	-0.0170898	1.018368975	1.35814	0.763	0.2289	3289835.0	1776544970.106027	0.0	1.0	-1.0	-1.0	-1.0	-1.0	-1.0	-1.0	-1.0	-1.0	0.0	marker	peace	Peace	25	0418
-68530.995	-55074.24	-104710.31999999999	-18543.015	0.0	0.0	0.0	0.0	0.0	0.0	0.0	0.0	0.0	0.0	0.0	0.0	0.0	0.0	145.79310344827584	0.0	0.042297255	-0.0170898	1.018368975	1.35814	0.763	0.2289	3289836.0	1776544970.106038	0.0	1.0	-1.0	-1.0	-1.0	-1.0	-1.0	-1.0	-1.0	-1.0	0.0	marker	peace	Peace	25	0418
-68523.61499999999	-55082.88	-104694.61499999999	-18534.195	0.0	0.0	0.0	0.0	0.0	0.0	0.0	0.0	0.0	0.0	0.0	0.0	0.0	0.0	145.79310344827584	0.0	0.0402831	-0.02172846	1.0199558850000001	1.15976	0.16785999999999998	0.74774	3289837.0	1776544970.111353	0.0	1.0	-1.0	-1.0	-1.0	-1.0	-1.0	-1.0	-1.0	-1.0	0.0	marker	peace	Peace	25	0418
-68536.08	-55089.494999999995	-104713.065	-18554.579999999998	0.0	0.0	0.0	0.0	0.0	0.0	0.0	0.0	0.0	0.0	0.0	0.0	0.0	0.0	145.79310344827584	0.0	0.0402831	-0.02172846	1.0199558850000001	1.15976	0.16785999999999998	0.74774	3289838.0	1776544970.111385	0.0	1.0	-1.0	-1.0	-1.0	-1.0	-1.0	-1.0	-1.0	-1.0	0.0	marker	peace	Peace	25	0418
-68545.17	-55096.2	-104758.155	-18583.695	0.0	0.0	0.0	0.0	0.0	0.0	0.0	0.0	0.0	0.0	0.0	0.0	0.0	0.0	145.79310344827584	0.0	0.0402831	-0.02172846	1.0199558850000001	1.15976	0.16785999999999998	0.74774	3289839.0	1776544970.114239	0.0	1.0	-1.0	-1.0	-1.0	-1.0	-1.0	-1.0	-1.0	-1.0	0.0	marker	peace	Peace	25	0418
-68561.81999999999	-55099.71	-104754.465	-18580.995	0.0	0.0	0.0	0.0	0.0	0.0	0.0	0.0	0.0	0.0	0.0	0.0	0.0	0.0	145.79310344827584	0.0	0.0402831	-0.02172846	1.0199558850000001	1.15976	0.16785999999999998	0.74774	3289840.0	1776544970.114273	0.0	1.0	-1.0	-1.0	-1.0	-1.0	-1.0	-1.0	-1.0	-1.0	0.0	marker	peace	Peace	25	0418
-68547.15	-55104.21	-104734.39499999999	-18567.63	0.0	0.0	0.0	0.0	0.0	0.0	0.0	0.0	0.0	0.0	0.0	0.0	0.0	0.0	145.79310344827584	0.0	0.0402831	-0.02172846	1.0199558850000001	1.15976	0.16785999999999998	0.74774	3289841.0	1776544970.118335	0.0	1.0	-1.0	-1.0	-1.0	-1.0	-1.0	-1.0	-1.0	-1.0	0.0	marker	peace	Peace	25	0418
-68541.795	-55105.155	-104734.53	-18563.85	0.0	0.0	0.0	0.0	0.0	0.0	0.0	0.0	0.0	0.0	0.0	0.0	0.0	0.0	145.79310344827584	0.0	0.0402831	-0.02172846	1.0199558850000001	1.15976	0.16785999999999998	0.74774	3289842.0	1776544970.118373	0.0	1.0	-1.0	-1.0	-1.0	-1.0	-1.0	-1.0	-1.0	-1.0	0.0	marker	peace	Peace	25	0418
-68538.19499999999	-55115.954999999994	-104737.86	-18564.84	0.0	0.0	0.0	0.0	0.0	0.0	0.0	0.0	0.0	0.0	0.0	0.0	0.0	0.0	145.79310344827584	0.0	0.0402831	-0.02172846	1.0199558850000001	1.15976	0.16785999999999998	0.74774	3289843.0	1776544970.122541	0.0	1.0	-1.0	-1.0	-1.0	-1.0	-1.0	-1.0	-1.0	-1.0	0.0	marker	peace	Peace	25	0418
-68544.135	-55136.07	-104728.815	-18556.515	0.0	0.0	0.0	0.0	0.0	0.0	0.0	0.0	0.0	0.0	0.0	0.0	0.0	0.0	145.79310344827584	0.0	0.0402831	-0.02172846	1.0199558850000001	1.15976	0.16785999999999998	0.74774	3289844.0	1776544970.12257	0.0	1.0	-1.0	-1.0	-1.0	-1.0	-1.0	-1.0	-1.0	-1.0	0.0	marker	peace	Peace	25	0418
-68550.20999999999	-55147.77	-104721.345	-18541.575	0.0	0.0	0.0	0.0	0.0	0.0	0.0	0.0	0.0	0.0	0.0	0.0	0.0	0.0	145.79310344827584	0.0	0.0402831	-0.02172846	1.0199558850000001	1.15976	0.16785999999999998	0.74774	3289845.0	1776544970.127424	0.0	1.0	-1.0	-1.0	-1.0	-1.0	-1.0	-1.0	-1.0	-1.0	0.0	marker	peace	Peace	25	0418
-68480.73	-55185.659999999996	-104676.12	-18501.21	0.0	0.0	0.0	0.0	0.0	0.0	0.0	0.0	0.0	0.0	0.0	0.0	0.0	0.0	145.79310344827584	0.0	0.0402831	-0.02172846	1.0199558850000001	1.15976	0.16785999999999998	0.74774	3289846.0	1776544970.127442	0.0	1.0	-1.0	-1.0	-1.0	-1.0	-1.0	-1.0	-1.0	-1.0	0.0	marker	peace	Peace	25	0418
-68522.895	-55221.03	-104733.54	-18550.305	0.0	0.0	0.0	0.0	0.0	0.0	0.0	0.0	0.0	0.0	0.0	0.0	0.0	0.0	145.79310344827584	0.0	0.041320695	-0.025329525000000002	1.016659995	1.9227599999999998	0.41202	0.5341	3289847.0	1776544970.130413	0.0	1.0	-1.0	-1.0	-1.0	-1.0	-1.0	-1.0	-1.0	-1.0	0.0	marker	peace	Peace	25	0418
-68551.965	-55228.005	-104747.175	-18560.25	0.0	0.0	0.0	0.0	0.0	0.0	0.0	0.0	0.0	0.0	0.0	0.0	0.0	0.0	145.79310344827584	0.0	0.041320695	-0.025329525000000002	1.016659995	1.9227599999999998	0.41202	0.5341	3289848.0	1776544970.130438	0.0	1.0	-1.0	-1.0	-1.0	-1.0	-1.0	-1.0	-1.0	-1.0	0.0	marker	peace	Peace	25	0418
-68474.97	-55229.31	-104707.44	-18537.57	0.0	0.0	0.0	0.0	0.0	0.0	0.0	0.0	0.0	0.0	0.0	0.0	0.0	0.0	145.79310344827584	0.0	0.041320695	-0.025329525000000002	1.016659995	1.9227599999999998	0.41202	0.5341	3289849.0	1776544970.134411	0.0	1.0	-1.0	-1.0	-1.0	-1.0	-1.0	-1.0	-1.0	-1.0	0.0	marker	peace	Peace	25	0418
-68535.405	-55231.47	-104744.79	-18585.63	0.0	0.0	0.0	0.0	0.0	0.0	0.0	0.0	0.0	0.0	0.0	0.0	0.0	0.0	145.79310344827584	0.0	0.041320695	-0.025329525000000002	1.016659995	1.9227599999999998	0.41202	0.5341	3289850.0	1776544970.134424	0.0	1.0	-1.0	-1.0	-1.0	-1.0	-1.0	-1.0	-1.0	-1.0	0.0	marker	peace	Peace	25	0418
-68580.0	-55230.03	-104742.36	-18582.165	0.0	0.0	0.0	0.0	0.0	0.0	0.0	0.0	0.0	0.0	0.0	0.0	0.0	0.0	145.79310344827584	0.0	0.041320695	-0.025329525000000002	1.016659995	1.9227599999999998	0.41202	0.5341	3289851.0	1776544970.138303	0.0	1.0	-1.0	-1.0	-1.0	-1.0	-1.0	-1.0	-1.0	-1.0	0.0	marker	peace	Peace	25	0418
-68559.93	-55228.994999999995	-104721.525	-18565.965	0.0	0.0	0.0	0.0	0.0	0.0	0.0	0.0	0.0	0.0	0.0	0.0	0.0	0.0	145.79310344827584	0.0	0.041320695	-0.025329525000000002	1.016659995	1.9227599999999998	0.41202	0.5341	3289852.0	1776544970.138328	0.0	1.0	-1.0	-1.0	-1.0	-1.0	-1.0	-1.0	-1.0	-1.0	0.0	marker	peace	Peace	25	0418
-68538.015	-55224.765	-104677.33499999999	-18539.505	0.0	0.0	0.0	0.0	0.0	0.0	0.0	0.0	0.0	0.0	0.0	0.0	0.0	0.0	145.79310344827584	0.0	0.041320695	-0.025329525000000002	1.016659995	1.9227599999999998	0.41202	0.5341	3289853.0	1776544970.142296	0.0	1.0	-1.0	-1.0	-1.0	-1.0	-1.0	-1.0	-1.0	-1.0	0.0	marker	peace	Peace	25	0418
-68515.245	-55224.854999999996	-104658.56999999999	-18531.135	0.0	0.0	0.0	0.0	0.0	0.0	0.0	0.0	0.0	0.0	0.0	0.0	0.0	0.0	145.79310344827584	0.0	0.041320695	-0.025329525000000002	1.016659995	1.9227599999999998	0.41202	0.5341	3289854.0	1776544970.14231	0.0	1.0	-1.0	-1.0	-1.0	-1.0	-1.0	-1.0	-1.0	-1.0	0.0	marker	peace	Peace	25	0418
-68460.20999999999	-55247.895	-104653.44	-18505.89	0.0	0.0	0.0	0.0	0.0	0.0	0.0	0.0	0.0	0.0	0.0	0.0	0.0	0.0	145.79310344827584	0.0	0.041320695	-0.025329525000000002	1.016659995	1.9227599999999998	0.41202	0.5341	3289855.0	1776544970.146198	0.0	1.0	-1.0	-1.0	-1.0	-1.0	-1.0	-1.0	-1.0	-1.0	0.0	marker	peace	Peace	25	0418
-68407.02	-55260.674999999996	-104643.26999999999	-18473.535	0.0	0.0	0.0	0.0	0.0	0.0	0.0	0.0	0.0	0.0	0.0	0.0	0.0	0.0	145.79310344827584	0.0	0.041320695	-0.025329525000000002	1.016659995	1.9227599999999998	0.41202	0.5341	3289856.0	1776544970.146215	0.0	1.0	-1.0	-1.0	-1.0	-1.0	-1.0	-1.0	-1.0	-1.0	0.0	marker	peace	Peace	25	0418
-68549.31	-55264.59	-104758.065	-18560.204999999998	0.0	0.0	0.0	0.0	0.0	0.0	0.0	0.0	0.0	0.0	0.0	0.0	0.0	0.0	145.79310344827584	0.0	0.0427245	-0.02551263	1.014828945	1.15976	0.94612	0.82404	3289857.0	1776544970.150447	0.0	1.0	-1.0	-1.0	-1.0	-1.0	-1.0	-1.0	-1.0	-1.0	0.0	marker	peace	Peace	25	0418
-68625.94499999999	-55269.494999999995	-104818.635	-18626.67	0.0	0.0	0.0	0.0	0.0	0.0	0.0	0.0	0.0	0.0	0.0	0.0	0.0	0.0	145.79310344827584	0.0	0.0427245	-0.02551263	1.014828945	1.15976	0.94612	0.82404	3289858.0	1776544970.150474	0.0	1.0	-1.0	-1.0	-1.0	-1.0	-1.0	-1.0	-1.0	-1.0	0.0	marker	peace	Peace	25	0418
-68594.895	-55282.049999999996	-104773.815	-18602.235	0.0	0.0	0.0	0.0	0.0	0.0	0.0	0.0	0.0	0.0	0.0	0.0	0.0	0.0	145.79310344827584	0.0	0.0427245	-0.02551263	1.014828945	1.15976	0.94612	0.82404	3289859.0	1776544970.154375	0.0	1.0	-1.0	-1.0	-1.0	-1.0	-1.0	-1.0	-1.0	-1.0	0.0	marker	peace	Peace	25	0418
-68555.385	-55298.07	-104739.12	-18571.41	0.0	0.0	0.0	0.0	0.0	0.0	0.0	0.0	0.0	0.0	0.0	0.0	0.0	0.0	145.79310344827584	0.0	0.0427245	-0.02551263	1.014828945	1.15976	0.94612	0.82404	3289860.0	1776544970.1544	0.0	1.0	-1.0	-1.0	-1.0	-1.0	-1.0	-1.0	-1.0	-1.0	0.0	marker	peace	Peace	25	0418
-68524.245	-55302.659999999996	-104719.815	-18558.495	0.0	0.0	0.0	0.0	0.0	0.0	0.0	0.0	0.0	0.0	0.0	0.0	0.0	0.0	145.79310344827584	0.0	0.0427245	-0.02551263	1.014828945	1.15976	0.94612	0.82404	3289861.0	1776544970.158324	0.0	1.0	-1.0	-1.0	-1.0	-1.0	-1.0	-1.0	-1.0	-1.0	0.0	marker	peace	Peace	25	0418
-68555.52	-55304.865	-104724.045	-18555.344999999998	0.0	0.0	0.0	0.0	0.0	0.0	0.0	0.0	0.0	0.0	0.0	0.0	0.0	0.0	145.79310344827584	0.0	0.0427245	-0.02551263	1.014828945	1.15976	0.94612	0.82404	3289862.0	1776544970.158343	0.0	1.0	-1.0	-1.0	-1.0	-1.0	-1.0	-1.0	-1.0	-1.0	0.0	marker	peace	Peace	25	0418
-68534.595	-55306.53	-104740.245	-18553.23	0.0	0.0	0.0	0.0	0.0	0.0	0.0	0.0	0.0	0.0	0.0	0.0	0.0	0.0	145.79310344827584	0.0	0.0427245	-0.02551263	1.014828945	1.15976	0.94612	0.82404	3289863.0	1776544970.162444	0.0	1.0	-1.0	-1.0	-1.0	-1.0	-1.0	-1.0	-1.0	-1.0	0.0	marker	peace	Peace	25	0418
-68499.18	-55302.39	-104718.28499999999	-18537.84	0.0	0.0	0.0	0.0	0.0	0.0	0.0	0.0	0.0	0.0	0.0	0.0	0.0	0.0	145.79310344827584	0.0	0.0427245	-0.02551263	1.014828945	1.15976	0.94612	0.82404	3289864.0	1776544970.162473	0.0	1.0	-1.0	-1.0	-1.0	-1.0	-1.0	-1.0	-1.0	-1.0	0.0	marker	peace	Peace	25	0418
-68527.89	-55295.64	-104702.355	-18540.899999999998	0.0	0.0	0.0	0.0	0.0	0.0	0.0	0.0	0.0	0.0	0.0	0.0	0.0	0.0	145.79310344827584	0.0	0.0427245	-0.02551263	1.014828945	1.15976	0.94612	0.82404	3289865.0	1776544970.166397	0.0	1.0	-1.0	-1.0	-1.0	-1.0	-1.0	-1.0	-1.0	-1.0	0.0	marker	peace	Peace	25	0418
-68524.33499999999	-55288.755	-104692.095	-18547.469999999998	0.0	0.0	0.0	0.0	0.0	0.0	0.0	0.0	0.0	0.0	0.0	0.0	0.0	0.0	145.79310344827584	0.0	0.0427245	-0.02551263	1.014828945	1.15976	0.94612	0.82404	3289866.0	1776544970.166411	0.0	1.0	-1.0	-1.0	-1.0	-1.0	-1.0	-1.0	-1.0	-1.0	0.0	marker	peace	Peace	25	0418
-68520.015	-55297.53	-104734.53	-18562.094999999998	0.0	0.0	0.0	0.0	0.0	0.0	0.0	0.0	0.0	0.0	0.0	0.0	0.0	0.0	145.79310344827584	0.0	0.04077138	-0.025695735	1.01574447	0.9308599999999999	1.17502	0.9613799999999999	3289867.0	1776544970.172177	0.0	1.0	-1.0	-1.0	-1.0	-1.0	-1.0	-1.0	-1.0	-1.0	0.0	marker	peace	Peace	25	0418
-68547.285	-55313.189999999995	-104746.455	-18562.545	0.0	0.0	0.0	0.0	0.0	0.0	0.0	0.0	0.0	0.0	0.0	0.0	0.0	0.0	145.79310344827584	0.0	0.04077138	-0.025695735	1.01574447	0.9308599999999999	1.17502	0.9613799999999999	3289868.0	1776544970.172206	0.0	1.0	-1.0	-1.0	-1.0	-1.0	-1.0	-1.0	-1.0	-1.0	0.0	marker	peace	Peace	25	0418
-68567.44499999999	-55319.265	-104754.465	-18585.855	0.0	0.0	0.0	0.0	0.0	0.0	0.0	0.0	0.0	0.0	0.0	0.0	0.0	0.0	145.79310344827584	0.0	0.04077138	-0.025695735	1.01574447	0.9308599999999999	1.17502	0.9613799999999999	3289869.0	1776544970.175347	0.0	1.0	-1.0	-1.0	-1.0	-1.0	-1.0	-1.0	-1.0	-1.0	0.0	marker	peace	Peace	25	0418
-68506.11	-55316.34	-104693.44499999999	-18539.864999999998	0.0	0.0	0.0	0.0	0.0	0.0	0.0	0.0	0.0	0.0	0.0	0.0	0.0	0.0	145.79310344827584	0.0	0.04077138	-0.025695735	1.01574447	0.9308599999999999	1.17502	0.9613799999999999	3289870.0	1776544970.175382	0.0	1.0	-1.0	-1.0	-1.0	-1.0	-1.0	-1.0	-1.0	-1.0	0.0	marker	peace	Peace	25	0418
-68526.98999999999	-55310.805	-104717.655	-18546.57	0.0	0.0	0.0	0.0	0.0	0.0	0.0	0.0	0.0	0.0	0.0	0.0	0.0	0.0	145.79310344827584	0.0	0.04077138	-0.025695735	1.01574447	0.9308599999999999	1.17502	0.9613799999999999	3289871.0	1776544970.178521	0.0	1.0	-1.0	-1.0	-1.0	-1.0	-1.0	-1.0	-1.0	-1.0	0.0	marker	peace	Peace	25	0418
-68604.795	-55302.75	-104802.75	-18612.809999999998	0.0	0.0	0.0	0.0	0.0	0.0	0.0	0.0	0.0	0.0	0.0	0.0	0.0	0.0	145.79310344827584	0.0	0.04077138	-0.025695735	1.01574447	0.9308599999999999	1.17502	0.9613799999999999	3289872.0	1776544970.178548	0.0	1.0	-1.0	-1.0	-1.0	-1.0	-1.0	-1.0	-1.0	-1.0	0.0	marker	peace	Peace	25	0418
-68566.995	-55297.979999999996	-104758.33499999999	-18585.27	0.0	0.0	0.0	0.0	0.0	0.0	0.0	0.0	0.0	0.0	0.0	0.0	0.0	0.0	145.79310344827584	0.0	0.04077138	-0.025695735	1.01574447	0.9308599999999999	1.17502	0.9613799999999999	3289873.0	1776544970.184917	0.0	1.0	-1.0	-1.0	-1.0	-1.0	-1.0	-1.0	-1.0	-1.0	0.0	marker	peace	Peace	25	0418
-68550.165	-55302.795	-104739.56999999999	-18567.0	0.0	0.0	0.0	0.0	0.0	0.0	0.0	0.0	0.0	0.0	0.0	0.0	0.0	0.0	145.79310344827584	0.0	0.04077138	-0.025695735	1.01574447	0.9308599999999999	1.17502	0.9613799999999999	3289874.0	1776544970.184938	0.0	1.0	-1.0	-1.0	-1.0	-1.0	-1.0	-1.0	-1.0	-1.0	0.0	marker	peace	Peace	25	0418
-68517.94499999999	-55307.204999999994	-104722.83	-18537.255	0.0	0.0	0.0	0.0	0.0	0.0	0.0	0.0	0.0	0.0	0.0	0.0	0.0	0.0	145.79310344827584	0.0	0.04077138	-0.025695735	1.01574447	0.9308599999999999	1.17502	0.9613799999999999	3289875.0	1776544970.186107	0.0	1.0	-1.0	-1.0	-1.0	-1.0	-1.0	-1.0	-1.0	-1.0	0.0	marker	peace	Peace	25	0418
-68454.94499999999	-55299.465	-104659.155	-18477.63	0.0	0.0	0.0	0.0	0.0	0.0	0.0	0.0	0.0	0.0	0.0	0.0	0.0	0.0	145.79310344827584	0.0	0.04077138	-0.025695735	1.01574447	0.9308599999999999	1.17502	0.9613799999999999	3289876.0	1776544970.186137	0.0	1.0	-1.0	-1.0	-1.0	-1.0	-1.0	-1.0	-1.0	-1.0	0.0	marker	peace	Peace	25	0418
-68454.98999999999	-55294.829999999994	-104648.53499999999	-18479.34	0.0	0.0	0.0	0.0	0.0	0.0	0.0	0.0	0.0	0.0	0.0	0.0	0.0	0.0	145.79310344827584	0.0	0.039123435	-0.0280761	1.019589675	0.97664	0.57988	0.57988	3289877.0	1776544970.190412	0.0	1.0	-1.0	-1.0	-1.0	-1.0	-1.0	-1.0	-1.0	-1.0	0.0	marker	peace	Peace	25	0418
-68529.33	-55299.6	-104738.12999999999	-18579.87	0.0	0.0	0.0	0.0	0.0	0.0	0.0	0.0	0.0	0.0	0.0	0.0	0.0	0.0	145.79310344827584	0.0	0.039123435	-0.0280761	1.019589675	0.97664	0.57988	0.57988	3289878.0	1776544970.190427	0.0	1.0	-1.0	-1.0	-1.0	-1.0	-1.0	-1.0	-1.0	-1.0	0.0	marker	peace	Peace	25	0418
-68577.84	-55299.78	-104741.28	-18591.255	0.0	0.0	0.0	0.0	0.0	0.0	0.0	0.0	0.0	0.0	0.0	0.0	0.0	0.0	145.79310344827584	0.0	0.039123435	-0.0280761	1.019589675	0.97664	0.57988	0.57988	3289879.0	1776544970.194001	0.0	1.0	-1.0	-1.0	-1.0	-1.0	-1.0	-1.0	-1.0	-1.0	0.0	marker	peace	Peace	25	0418
-68613.705	-55286.145	-104752.62	-18601.2	0.0	0.0	0.0	0.0	0.0	0.0	0.0	0.0	0.0	0.0	0.0	0.0	0.0	0.0	145.79310344827584	0.0	0.039123435	-0.0280761	1.019589675	0.97664	0.57988	0.57988	3289880.0	1776544970.194011	0.0	1.0	-1.0	-1.0	-1.0	-1.0	-1.0	-1.0	-1.0	-1.0	0.0	marker	peace	Peace	25	0418
-68566.635	-55272.555	-104763.465	-18593.19	0.0	0.0	0.0	0.0	0.0	0.0	0.0	0.0	0.0	0.0	0.0	0.0	0.0	0.0	145.79310344827584	0.0	0.039123435	-0.0280761	1.019589675	0.97664	0.57988	0.57988	3289881.0	1776544970.227632	0.0	1.0	-1.0	-1.0	-1.0	-1.0	-1.0	-1.0	-1.0	-1.0	0.0	marker	peace	Peace	25	0418
-68538.375	-55268.549999999996	-104755.86	-18567.54	0.0	0.0	0.0	0.0	0.0	0.0	0.0	0.0	0.0	0.0	0.0	0.0	0.0	0.0	146.0	0.0	0.039123435	-0.0280761	1.019589675	0.97664	0.57988	0.57988	3289882.0	1776544970.227661	0.0	1.0	-1.0	-1.0	-1.0	-1.0	-1.0	-1.0	-1.0	-1.0	0.0	marker	peace	Peace	25	0418
-68550.03	-55273.275	-104742.58499999999	-18563.489999999998	0.0	0.0	0.0	0.0	0.0	0.0	0.0	0.0	0.0	0.0	0.0	0.0	0.0	0.0	146.0	0.0	0.039123435	-0.0280761	1.019589675	0.97664	0.57988	0.57988	3289883.0	1776544970.227684	0.0	1.0	-1.0	-1.0	-1.0	-1.0	-1.0	-1.0	-1.0	-1.0	0.0	marker	peace	Peace	25	0418
-68548.095	-55265.22	-104732.19	-18564.39	0.0	0.0	0.0	0.0	0.0	0.0	0.0	0.0	0.0	0.0	0.0	0.0	0.0	0.0	146.0	0.0	0.039123435	-0.0280761	1.019589675	0.97664	0.57988	0.57988	3289884.0	1776544970.227691	0.0	1.0	-1.0	-1.0	-1.0	-1.0	-1.0	-1.0	-1.0	-1.0	0.0	marker	peace	Peace	25	0418
-68535.765	-55259.145	-104718.555	-18558.675	0.0	0.0	0.0	0.0	0.0	0.0	0.0	0.0	0.0	0.0	0.0	0.0	0.0	0.0	146.0	0.0	0.039123435	-0.0280761	1.019589675	0.97664	0.57988	0.57988	3289885.0	1776544970.227701	0.0	1.0	-1.0	-1.0	-1.0	-1.0	-1.0	-1.0	-1.0	-1.0	0.0	marker	peace	Peace	25	0418
-68533.065	-55264.5	-104735.295	-18565.605	0.0	0.0	0.0	0.0	0.0	0.0	0.0	0.0	0.0	0.0	0.0	0.0	0.0	0.0	146.0	0.0	0.039123435	-0.0280761	1.019589675	0.97664	0.57988	0.57988	3289886.0	1776544970.227708	0.0	1.0	-1.0	-1.0	-1.0	-1.0	-1.0	-1.0	-1.0	-1.0	0.0	marker	peace	Peace	25	0418
-68512.545	-55262.835	-104715.855	-18542.34	0.0	0.0	0.0	0.0	0.0	0.0	0.0	0.0	0.0	0.0	0.0	0.0	0.0	0.0	146.0	0.0	0.03918447	-0.033386145	1.02282453	1.69386	3.8912999999999998	-0.42728	3289887.0	1776544970.227717	0.0	1.0	-1.0	-1.0	-1.0	-1.0	-1.0	-1.0	-1.0	-1.0	0.0	marker	peace	Peace	25	0418
-68503.31999999999	-55260.854999999996	-104701.815	-18530.37	0.0	0.0	0.0	0.0	0.0	0.0	0.0	0.0	0.0	0.0	0.0	0.0	0.0	0.0	146.0	0.0	0.03918447	-0.033386145	1.02282453	1.69386	3.8912999999999998	-0.42728	3289888.0	1776544970.227723	0.0	1.0	-1.0	-1.0	-1.0	-1.0	-1.0	-1.0	-1.0	-1.0	0.0	marker	peace	Peace	25	0418
-68481.27	-55253.43	-104695.92	-18539.235	0.0	0.0	0.0	0.0	0.0	0.0	0.0	0.0	0.0	0.0	0.0	0.0	0.0	0.0	146.0	0.0	0.03918447	-0.033386145	1.02282453	1.69386	3.8912999999999998	-0.42728	3289889.0	1776544970.227733	0.0	1.0	-1.0	-1.0	-1.0	-1.0	-1.0	-1.0	-1.0	-1.0	0.0	marker	peace	Peace	25	0418
-68551.69499999999	-55248.119999999995	-104726.06999999999	-18559.44	0.0	0.0	0.0	0.0	0.0	0.0	0.0	0.0	0.0	0.0	0.0	0.0	0.0	0.0	146.0	0.0	0.03918447	-0.033386145	1.02282453	1.69386	3.8912999999999998	-0.42728	3289890.0	1776544970.22774	0.0	1.0	-1.0	-1.0	-1.0	-1.0	-1.0	-1.0	-1.0	-1.0	0.0	marker	peace	Peace	25	0418
-68600.745	-55244.07	-104767.37999999999	-18581.04	0.0	0.0	0.0	0.0	0.0	0.0	0.0	0.0	0.0	0.0	0.0	0.0	0.0	0.0	146.0	0.0	0.03918447	-0.033386145	1.02282453	1.69386	3.8912999999999998	-0.42728	3289891.0	1776544970.227748	0.0	1.0	-1.0	-1.0	-1.0	-1.0	-1.0	-1.0	-1.0	-1.0	0.0	marker	peace	Peace	25	0418
-68579.64	-55237.994999999995	-104774.355	-18592.245	0.0	0.0	0.0	0.0	0.0	0.0	0.0	0.0	0.0	0.0	0.0	0.0	0.0	0.0	146.0	0.0	0.03918447	-0.033386145	1.02282453	1.69386	3.8912999999999998	-0.42728	3289892.0	1776544970.227755	0.0	1.0	-1.0	-1.0	-1.0	-1.0	-1.0	-1.0	-1.0	-1.0	0.0	marker	peace	Peace	25	0418
-68578.38	-55243.665	-104758.605	-18575.28	0.0	0.0	0.0	0.0	0.0	0.0	0.0	0.0	0.0	0.0	0.0	0.0	0.0	0.0	146.0	0.0	0.03918447	-0.033386145	1.02282453	1.69386	3.8912999999999998	-0.42728	3289893.0	1776544970.227763	0.0	1.0	-1.0	-1.0	-1.0	-1.0	-1.0	-1.0	-1.0	-1.0	0.0	marker	peace	Peace	25	0418
-68557.23	-55247.04	-104740.155	-18546.39	0.0	0.0	0.0	0.0	0.0	0.0	0.0	0.0	0.0	0.0	0.0	0.0	0.0	0.0	146.0	0.0	0.03918447	-0.033386145	1.02282453	1.69386	3.8912999999999998	-0.42728	3289894.0	1776544970.22777	0.0	1.0	-1.0	-1.0	-1.0	-1.0	-1.0	-1.0	-1.0	-1.0	0.0	marker	peace	Peace	25	0418
-68530.77	-55251.45	-104718.915	-18552.329999999998	0.0	0.0	0.0	0.0	0.0	0.0	0.0	0.0	0.0	0.0	0.0	0.0	0.0	0.0	146.0	0.0	0.03918447	-0.033386145	1.02282453	1.69386	3.8912999999999998	-0.42728	3289895.0	1776544970.232171	0.0	1.0	-1.0	-1.0	-1.0	-1.0	-1.0	-1.0	-1.0	-1.0	0.0	marker	peace	Peace	25	0418
-68489.28	-55245.869999999995	-104661.0	-18522.855	0.0	0.0	0.0	0.0	0.0	0.0	0.0	0.0	0.0	0.0	0.0	0.0	0.0	0.0	146.0	0.0	0.03918447	-0.033386145	1.02282453	1.69386	3.8912999999999998	-0.42728	3289896.0	1776544970.232214	0.0	1.0	-1.0	-1.0	-1.0	-1.0	-1.0	-1.0	-1.0	-1.0	0.0	marker	peace	Peace	25	0418
-68467.455	-55237.409999999996	-104661.62999999999	-18503.73	0.0	0.0	0.0	0.0	0.0	0.0	0.0	0.0	0.0	0.0	0.0	0.0	0.0	0.0	146.0	0.0	0.039489645000000004	-0.036621	1.0229466	2.7468	-0.35097999999999996	-0.5341	3289897.0	1776544970.232251	0.0	1.0	-1.0	-1.0	-1.0	-1.0	-1.0	-1.0	-1.0	-1.0	0.0	marker	peace	Peace	25	0418
-68591.34	-55235.835	-104783.04	-18618.93	0.0	0.0	0.0	0.0	0.0	0.0	0.0	0.0	0.0	0.0	0.0	0.0	0.0	0.0	146.0	0.0	0.039489645000000004	-0.036621	1.0229466	2.7468	-0.35097999999999996	-0.5341	3289898.0	1776544970.232271	0.0	1.0	-1.0	-1.0	-1.0	-1.0	-1.0	-1.0	-1.0	-1.0	0.0	marker	peace	Peace	25	0418
-68572.8	-55233.54	-104744.11499999999	-18576.809999999998	0.0	0.0	0.0	0.0	0.0	0.0	0.0	0.0	0.0	0.0	0.0	0.0	0.0	0.0	146.0	0.0	0.039489645000000004	-0.036621	1.0229466	2.7468	-0.35097999999999996	-0.5341	3289899.0	1776544970.234536	0.0	1.0	-1.0	-1.0	-1.0	-1.0	-1.0	-1.0	-1.0	-1.0	0.0	marker	peace	Peace	25	0418
-68507.64	-55224.45	-104688.495	-18531.989999999998	0.0	0.0	0.0	0.0	0.0	0.0	0.0	0.0	0.0	0.0	0.0	0.0	0.0	0.0	146.0	0.0	0.039489645000000004	-0.036621	1.0229466	2.7468	-0.35097999999999996	-0.5341	3289900.0	1776544970.234551	0.0	1.0	-1.0	-1.0	-1.0	-1.0	-1.0	-1.0	-1.0	-1.0	0.0	marker	peace	Peace	25	0418
-68565.915	-55230.704999999994	-104763.64499999999	-18585.405	0.0	0.0	0.0	0.0	0.0	0.0	0.0	0.0	0.0	0.0	0.0	0.0	0.0	0.0	146.0	0.0	0.039489645000000004	-0.036621	1.0229466	2.7468	-0.35097999999999996	-0.5341	3289901.0	1776544970.238579	0.0	1.0	-1.0	-1.0	-1.0	-1.0	-1.0	-1.0	-1.0	-1.0	0.0	marker	peace	Peace	25	0418
-68576.58	-55246.185	-104781.87	-18596.88	0.0	0.0	0.0	0.0	0.0	0.0	0.0	0.0	0.0	0.0	0.0	0.0	0.0	0.0	146.0	0.0	0.039489645000000004	-0.036621	1.0229466	2.7468	-0.35097999999999996	-0.5341	3289902.0	1776544970.238602	0.0	1.0	-1.0	-1.0	-1.0	-1.0	-1.0	-1.0	-1.0	-1.0	0.0	marker	peace	Peace	25	0418
-68539.77	-55250.055	-104720.58	-18553.635	0.0	0.0	0.0	0.0	0.0	0.0	0.0	0.0	0.0	0.0	0.0	0.0	0.0	0.0	146.0	0.0	0.039489645000000004	-0.036621	1.0229466	2.7468	-0.35097999999999996	-0.5341	3289903.0	1776544970.242566	0.0	1.0	-1.0	-1.0	-1.0	-1.0	-1.0	-1.0	-1.0	-1.0	0.0	marker	peace	Peace	25	0418
-68525.235	-55255.905	-104706.98999999999	-18533.61	0.0	0.0	0.0	0.0	0.0	0.0	0.0	0.0	0.0	0.0	0.0	0.0	0.0	0.0	146.0	0.0	0.039489645000000004	-0.036621	1.0229466	2.7468	-0.35097999999999996	-0.5341	3289904.0	1776544970.242585	0.0	1.0	-1.0	-1.0	-1.0	-1.0	-1.0	-1.0	-1.0	-1.0	0.0	marker	peace	Peace	25	0418
-68515.2	-55253.07	-104714.955	-18526.274999999998	0.0	0.0	0.0	0.0	0.0	0.0	0.0	0.0	0.0	0.0	0.0	0.0	0.0	0.0	146.0	0.0	0.039489645000000004	-0.036621	1.0229466	2.7468	-0.35097999999999996	-0.5341	3289905.0	1776544970.246724	0.0	1.0	-1.0	-1.0	-1.0	-1.0	-1.0	-1.0	-1.0	-1.0	0.0	marker	peace	Peace	25	0418
-68533.515	-55252.845	-104734.305	-18557.954999999998	0.0	0.0	0.0	0.0	0.0	0.0	0.0	0.0	0.0	0.0	0.0	0.0	0.0	0.0	146.0	0.0	0.039489645000000004	-0.036621	1.0229466	2.7468	-0.35097999999999996	-0.5341	3289906.0	1776544970.246754	0.0	1.0	-1.0	-1.0	-1.0	-1.0	-1.0	-1.0	-1.0	-1.0	0.0	marker	peace	Peace	25	0418
-68542.155	-55251.405	-104749.29	-18594.045	0.0	0.0	0.0	0.0	0.0	0.0	0.0	0.0	0.0	0.0	0.0	0.0	0.0	0.0	146.0	0.0	0.038146875000000004	-0.037292385	1.02428937	4.02864	-1.1444999999999999	-1.09872	3289907.0	1776544970.253114	0.0	1.0	-1.0	-1.0	-1.0	-1.0	-1.0	-1.0	-1.0	-1.0	0.0	marker	peace	Peace	25	0418
-68523.705	-55250.865	-104720.355	-18564.66	0.0	0.0	0.0	0.0	0.0	0.0	0.0	0.0	0.0	0.0	0.0	0.0	0.0	0.0	146.0	0.0	0.038146875000000004	-0.037292385	1.02428937	4.02864	-1.1444999999999999	-1.09872	3289908.0	1776544970.253139	0.0	1.0	-1.0	-1.0	-1.0	-1.0	-1.0	-1.0	-1.0	-1.0	0.0	marker	peace	Peace	25	0418
-68545.08	-55282.229999999996	-104736.42	-18559.62	0.0	0.0	0.0	0.0	0.0	0.0	0.0	0.0	0.0	0.0	0.0	0.0	0.0	0.0	146.0	0.0	0.038146875000000004	-0.037292385	1.02428937	4.02864	-1.1444999999999999	-1.09872	3289909.0	1776544970.254687	0.0	1.0	-1.0	-1.0	-1.0	-1.0	-1.0	-1.0	-1.0	-1.0	0.0	marker	peace	Peace	25	0418
-68511.51	-55322.595	-104703.705	-18528.704999999998	0.0	0.0	0.0	0.0	0.0	0.0	0.0	0.0	0.0	0.0	0.0	0.0	0.0	0.0	146.0	0.0	0.038146875000000004	-0.037292385	1.02428937	4.02864	-1.1444999999999999	-1.09872	3289910.0	1776544970.254712	0.0	1.0	-1.0	-1.0	-1.0	-1.0	-1.0	-1.0	-1.0	-1.0	0.0	marker	peace	Peace	25	0418
-68508.405	-55322.369999999995	-104677.605	-18511.829999999998	0.0	0.0	0.0	0.0	0.0	0.0	0.0	0.0	0.0	0.0	0.0	0.0	0.0	0.0	146.0	0.0	0.038146875000000004	-0.037292385	1.02428937	4.02864	-1.1444999999999999	-1.09872	3289911.0	1776544970.258651	0.0	1.0	-1.0	-1.0	-1.0	-1.0	-1.0	-1.0	-1.0	-1.0	0.0	marker	peace	Peace	25	0418
-68557.72499999999	-55322.729999999996	-104727.42	-18564.48	0.0	0.0	0.0	0.0	0.0	0.0	0.0	0.0	0.0	0.0	0.0	0.0	0.0	0.0	146.0	0.0	0.038146875000000004	-0.037292385	1.02428937	4.02864	-1.1444999999999999	-1.09872	3289912.0	1776544970.258663	0.0	1.0	-1.0	-1.0	-1.0	-1.0	-1.0	-1.0	-1.0	-1.0	0.0	marker	peace	Peace	25	0418
-68575.95	-55310.895	-104764.59	-18583.695	0.0	0.0	0.0	0.0	0.0	0.0	0.0	0.0	0.0	0.0	0.0	0.0	0.0	0.0	146.0	0.0	0.038146875000000004	-0.037292385	1.02428937	4.02864	-1.1444999999999999	-1.09872	3289913.0	1776544970.262678	0.0	1.0	-1.0	-1.0	-1.0	-1.0	-1.0	-1.0	-1.0	-1.0	0.0	marker	peace	Peace	25	0418
-68554.08	-55298.159999999996	-104756.715	-18570.825	0.0	0.0	0.0	0.0	0.0	0.0	0.0	0.0	0.0	0.0	0.0	0.0	0.0	0.0	146.0	0.0	0.038146875000000004	-0.037292385	1.02428937	4.02864	-1.1444999999999999	-1.09872	3289914.0	1776544970.262725	0.0	1.0	-1.0	-1.0	-1.0	-1.0	-1.0	-1.0	-1.0	-1.0	0.0	marker	peace	Peace	25	0418
-68534.055	-55274.354999999996	-104735.745	-18567.945	0.0	0.0	0.0	0.0	0.0	0.0	0.0	0.0	0.0	0.0	0.0	0.0	0.0	0.0	146.0	0.0	0.038146875000000004	-0.037292385	1.02428937	4.02864	-1.1444999999999999	-1.09872	3289915.0	1776544970.266734	0.0	1.0	-1.0	-1.0	-1.0	-1.0	-1.0	-1.0	-1.0	-1.0	0.0	marker	peace	Peace	25	0418
-68518.89	-55262.79	-104732.86499999999	-18567.989999999998	0.0	0.0	0.0	0.0	0.0	0.0	0.0	0.0	0.0	0.0	0.0	0.0	0.0	0.0	146.0	0.0	0.038146875000000004	-0.037292385	1.02428937	4.02864	-1.1444999999999999	-1.09872	3289916.0	1776544970.266756	0.0	1.0	-1.0	-1.0	-1.0	-1.0	-1.0	-1.0	-1.0	-1.0	0.0	marker	peace	Peace	25	0418
-68511.015	-55264.545	-104688.94499999999	-18526.454999999998	0.0	0.0	0.0	0.0	0.0	0.0	0.0	0.0	0.0	0.0	0.0	0.0	0.0	0.0	146.0	0.0	0.038024805	-0.03576651	1.022153145	4.0439	-1.00716	-1.78542	3289917.0	1776544970.270732	0.0	1.0	-1.0	-1.0	-1.0	-1.0	-1.0	-1.0	-1.0	-1.0	0.0	marker	peace	Peace	25	0418
-68543.45999999999	-55281.645	-104695.69499999999	-18538.965	0.0	0.0	0.0	0.0	0.0	0.0	0.0	0.0	0.0	0.0	0.0	0.0	0.0	0.0	146.0	0.0	0.038024805	-0.03576651	1.022153145	4.0439	-1.00716	-1.78542	3289918.0	1776544970.270761	0.0	1.0	-1.0	-1.0	-1.0	-1.0	-1.0	-1.0	-1.0	-1.0	0.0	marker	peace	Peace	25	0418
-68554.53	-55294.515	-104727.33	-18562.995	0.0	0.0	0.0	0.0	0.0	0.0	0.0	0.0	0.0	0.0	0.0	0.0	0.0	0.0	146.0	0.0	0.038024805	-0.03576651	1.022153145	4.0439	-1.00716	-1.78542	3289919.0	1776544970.278841	0.0	1.0	-1.0	-1.0	-1.0	-1.0	-1.0	-1.0	-1.0	-1.0	0.0	marker	peace	Peace	25	0418
-68534.37	-55293.795	-104706.765	-18531.945	0.0	0.0	0.0	0.0	0.0	0.0	0.0	0.0	0.0	0.0	0.0	0.0	0.0	0.0	146.0	0.0	0.038024805	-0.03576651	1.022153145	4.0439	-1.00716	-1.78542	3289920.0	1776544970.278862	0.0	1.0	-1.0	-1.0	-1.0	-1.0	-1.0	-1.0	-1.0	-1.0	0.0	marker	peace	Peace	25	0418
-68490.81	-55276.38	-104669.73	-18503.145	0.0	0.0	0.0	0.0	0.0	0.0	0.0	0.0	0.0	0.0	0.0	0.0	0.0	0.0	146.0	0.0	0.038024805	-0.03576651	1.022153145	4.0439	-1.00716	-1.78542	3289921.0	1776544970.278877	0.0	1.0	-1.0	-1.0	-1.0	-1.0	-1.0	-1.0	-1.0	-1.0	0.0	marker	peace	Peace	25	0418
-68526.27	-55262.295	-104719.31999999999	-18539.954999999998	0.0	0.0	0.0	0.0	0.0	0.0	0.0	0.0	0.0	0.0	0.0	0.0	0.0	0.0	146.0	0.0	0.038024805	-0.03576651	1.022153145	4.0439	-1.00716	-1.78542	3289922.0	1776544970.2789	0.0	1.0	-1.0	-1.0	-1.0	-1.0	-1.0	-1.0	-1.0	-1.0	0.0	marker	peace	Peace	25	0418
-68585.265	-55265.13	-104797.75499999999	-18604.934999999998	0.0	0.0	0.0	0.0	0.0	0.0	0.0	0.0	0.0	0.0	0.0	0.0	0.0	0.0	146.0	0.0	0.038024805	-0.03576651	1.022153145	4.0439	-1.00716	-1.78542	3289923.0	1776544970.283017	0.0	1.0	-1.0	-1.0	-1.0	-1.0	-1.0	-1.0	-1.0	-1.0	0.0	marker	peace	Peace	25	0418
-68548.31999999999	-55271.43	-104773.545	-18582.93	0.0	0.0	0.0	0.0	0.0	0.0	0.0	0.0	0.0	0.0	0.0	0.0	0.0	0.0	146.0	0.0	0.038024805	-0.03576651	1.022153145	4.0439	-1.00716	-1.78542	3289924.0	1776544970.283043	0.0	1.0	-1.0	-1.0	-1.0	-1.0	-1.0	-1.0	-1.0	-1.0	0.0	marker	peace	Peace	25	0418
-68519.565	-55269.72	-104711.48999999999	-18539.505	0.0	0.0	0.0	0.0	0.0	0.0	0.0	0.0	0.0	0.0	0.0	0.0	0.0	0.0	146.0	0.0	0.038024805	-0.03576651	1.022153145	4.0439	-1.00716	-1.78542	3289925.0	1776544970.287864	0.0	1.0	-1.0	-1.0	-1.0	-1.0	-1.0	-1.0	-1.0	-1.0	0.0	marker	peace	Peace	25	0418
-68505.93	-55278.314999999995	-104686.73999999999	-18530.37	0.0	0.0	0.0	0.0	0.0	0.0	0.0	0.0	0.0	0.0	0.0	0.0	0.0	0.0	146.0	0.0	0.038024805	-0.03576651	1.022153145	4.0439	-1.00716	-1.78542	3289926.0	1776544970.287887	0.0	1.0	-1.0	-1.0	-1.0	-1.0	-1.0	-1.0	-1.0	-1.0	0.0	marker	peace	Peace	25	0418
-68531.94	-55284.165	-104725.485	-18560.43	0.0	0.0	0.0	0.0	0.0	0.0	0.0	0.0	0.0	0.0	0.0	0.0	0.0	0.0	146.0	0.0	0.04187001	-0.034240635	1.014828945	4.39488	-0.763	-2.18218	3289927.0	1776544970.291106	0.0	1.0	-1.0	-1.0	-1.0	-1.0	-1.0	-1.0	-1.0	-1.0	0.0	marker	peace	Peace	25	0418
-68555.565	-55275.345	-104725.39499999999	-18552.465	0.0	0.0	0.0	0.0	0.0	0.0	0.0	0.0	0.0	0.0	0.0	0.0	0.0	0.0	146.0	0.0	0.04187001	-0.034240635	1.014828945	4.39488	-0.763	-2.18218	3289928.0	1776544970.29112	0.0	1.0	-1.0	-1.0	-1.0	-1.0	-1.0	-1.0	-1.0	-1.0	0.0	marker	peace	Peace	25	0418
-68576.67	-55263.555	-104744.025	-18569.295	0.0	0.0	0.0	0.0	0.0	0.0	0.0	0.0	0.0	0.0	0.0	0.0	0.0	0.0	146.0	0.0	0.04187001	-0.034240635	1.014828945	4.39488	-0.763	-2.18218	3289929.0	1776544970.295005	0.0	1.0	-1.0	-1.0	-1.0	-1.0	-1.0	-1.0	-1.0	-1.0	0.0	marker	peace	Peace	25	0418
-68560.33499999999	-55257.345	-104737.095	-18577.215	0.0	0.0	0.0	0.0	0.0	0.0	0.0	0.0	0.0	0.0	0.0	0.0	0.0	0.0	146.0	0.0	0.04187001	-0.034240635	1.014828945	4.39488	-0.763	-2.18218	3289930.0	1776544970.295021	0.0	1.0	-1.0	-1.0	-1.0	-1.0	-1.0	-1.0	-1.0	-1.0	0.0	marker	peace	Peace	25	0418
-68547.15	-55248.255	-104713.425	-18569.7	0.0	0.0	0.0	0.0	0.0	0.0	0.0	0.0	0.0	0.0	0.0	0.0	0.0	0.0	146.0	0.0	0.04187001	-0.034240635	1.014828945	4.39488	-0.763	-2.18218	3289931.0	1776544970.304228	0.0	1.0	-1.0	-1.0	-1.0	-1.0	-1.0	-1.0	-1.0	-1.0	0.0	marker	peace	Peace	25	0418
-68528.88	-55249.02	-104706.495	-18543.69	0.0	0.0	0.0	0.0	0.0	0.0	0.0	0.0	0.0	0.0	0.0	0.0	0.0	0.0	146.0	0.0	0.04187001	-0.034240635	1.014828945	4.39488	-0.763	-2.18218	3289932.0	1776544970.30426	0.0	1.0	-1.0	-1.0	-1.0	-1.0	-1.0	-1.0	-1.0	-1.0	0.0	marker	peace	Peace	25	0418
-68562.045	-55261.89	-104778.72	-18583.559999999998	0.0	0.0	0.0	0.0	0.0	0.0	0.0	0.0	0.0	0.0	0.0	0.0	0.0	0.0	146.0	0.0	0.04187001	-0.034240635	1.014828945	4.39488	-0.763	-2.18218	3289933.0	1776544970.304297	0.0	1.0	-1.0	-1.0	-1.0	-1.0	-1.0	-1.0	-1.0	-1.0	0.0	marker	peace	Peace	25	0418
-68567.265	-55271.384999999995	-104777.90999999999	-18586.079999999998	0.0	0.0	0.0	0.0	0.0	0.0	0.0	0.0	0.0	0.0	0.0	0.0	0.0	0.0	146.0	0.0	0.04187001	-0.034240635	1.014828945	4.39488	-0.763	-2.18218	3289934.0	1776544970.304316	0.0	1.0	-1.0	-1.0	-1.0	-1.0	-1.0	-1.0	-1.0	-1.0	0.0	marker	peace	Peace	25	0418
-68552.73	-55270.89	-104730.48	-18563.445	0.0	0.0	0.0	0.0	0.0	0.0	0.0	0.0	0.0	0.0	0.0	0.0	0.0	0.0	146.0	0.0	0.04187001	-0.034240635	1.014828945	4.39488	-0.763	-2.18218	3289935.0	1776544970.306772	0.0	1.0	-1.0	-1.0	-1.0	-1.0	-1.0	-1.0	-1.0	-1.0	0.0	marker	peace	Peace	25	0418
-68551.785	-55278.585	-104716.08	-18558.54	0.0	0.0	0.0	0.0	0.0	0.0	0.0	0.0	0.0	0.0	0.0	0.0	0.0	0.0	146.0	0.0	0.04187001	-0.034240635	1.014828945	4.39488	-0.763	-2.18218	3289936.0	1776544970.306786	0.0	1.0	-1.0	-1.0	-1.0	-1.0	-1.0	-1.0	-1.0	-1.0	0.0	marker	peace	Peace	25	0418
-68537.295	-55279.845	-104701.00499999999	-18556.29	0.0	0.0	0.0	0.0	0.0	0.0	0.0	0.0	0.0	0.0	0.0	0.0	0.0	0.0	146.0	0.0	0.043273815	-0.031799235	1.01049546	3.83026	-0.3815	-1.9838	3289937.0	1776544970.310782	0.0	1.0	-1.0	-1.0	-1.0	-1.0	-1.0	-1.0	-1.0	-1.0	0.0	marker	peace	Peace	25	0418
-68526.54	-55271.88	-104707.70999999999	-18569.25	0.0	0.0	0.0	0.0	0.0	0.0	0.0	0.0	0.0	0.0	0.0	0.0	0.0	0.0	146.0	0.0	0.043273815	-0.031799235	1.01049546	3.83026	-0.3815	-1.9838	3289938.0	1776544970.310791	0.0	1.0	-1.0	-1.0	-1.0	-1.0	-1.0	-1.0	-1.0	-1.0	0.0	marker	peace	Peace	25	0418
-68514.525	-55268.369999999995	-104742.36	-18561.735	0.0	0.0	0.0	0.0	0.0	0.0	0.0	0.0	0.0	0.0	0.0	0.0	0.0	0.0	146.0	0.0	0.043273815	-0.031799235	1.01049546	3.83026	-0.3815	-1.9838	3289939.0	1776544970.314808	0.0	1.0	-1.0	-1.0	-1.0	-1.0	-1.0	-1.0	-1.0	-1.0	0.0	marker	peace	Peace	25	0418
-68538.19499999999	-55269.27	-104769.495	-18568.53	0.0	0.0	0.0	0.0	0.0	0.0	0.0	0.0	0.0	0.0	0.0	0.0	0.0	0.0	146.0	0.0	0.043273815	-0.031799235	1.01049546	3.83026	-0.3815	-1.9838	3289940.0	1776544970.314819	0.0	1.0	-1.0	-1.0	-1.0	-1.0	-1.0	-1.0	-1.0	-1.0	0.0	marker	peace	Peace	25	0418
-68583.95999999999	-55274.625	-104757.97499999999	-18560.745	0.0	0.0	0.0	0.0	0.0	0.0	0.0	0.0	0.0	0.0	0.0	0.0	0.0	0.0	146.0	0.0	0.043273815	-0.031799235	1.01049546	3.83026	-0.3815	-1.9838	3289941.0	1776544970.318852	0.0	1.0	-1.0	-1.0	-1.0	-1.0	-1.0	-1.0	-1.0	-1.0	0.0	marker	peace	Peace	25	0418
-68578.02	-55284.525	-104760.81	-18580.32	0.0	0.0	0.0	0.0	0.0	0.0	0.0	0.0	0.0	0.0	0.0	0.0	0.0	0.0	146.0	0.0	0.043273815	-0.031799235	1.01049546	3.83026	-0.3815	-1.9838	3289942.0	1776544970.318873	0.0	1.0	-1.0	-1.0	-1.0	-1.0	-1.0	-1.0	-1.0	-1.0	0.0	marker	peace	Peace	25	0418
-68557.23	-55299.015	-104737.455	-18567.989999999998	0.0	0.0	0.0	0.0	0.0	0.0	0.0	0.0	0.0	0.0	0.0	0.0	0.0	0.0	146.0	0.0	0.043273815	-0.031799235	1.01049546	3.83026	-0.3815	-1.9838	3289943.0	1776544970.322896	0.0	1.0	-1.0	-1.0	-1.0	-1.0	-1.0	-1.0	-1.0	-1.0	0.0	marker	peace	Peace	25	0418
-68544.045	-55300.14	-104710.995	-18557.415	0.0	0.0	0.0	0.0	0.0	0.0	0.0	0.0	0.0	0.0	0.0	0.0	0.0	0.0	146.0	0.0	0.043273815	-0.031799235	1.01049546	3.83026	-0.3815	-1.9838	3289944.0	1776544970.322919	0.0	1.0	-1.0	-1.0	-1.0	-1.0	-1.0	-1.0	-1.0	-1.0	0.0	marker	peace	Peace	25	0418
-68544.9	-55296.854999999996	-104684.175	-18544.815	0.0	0.0	0.0	0.0	0.0	0.0	0.0	0.0	0.0	0.0	0.0	0.0	0.0	0.0	146.0	0.0	0.043273815	-0.031799235	1.01049546	3.83026	-0.3815	-1.9838	3289945.0	1776544970.326798	0.0	1.0	-1.0	-1.0	-1.0	-1.0	-1.0	-1.0	-1.0	-1.0	0.0	marker	peace	Peace	25	0418
-68505.61499999999	-55290.915	-104644.845	-18503.415	0.0	0.0	0.0	0.0	0.0	0.0	0.0	0.0	0.0	0.0	0.0	0.0	0.0	0.0	146.0	0.0	0.043273815	-0.031799235	1.01049546	3.83026	-0.3815	-1.9838	3289946.0	1776544970.32681	0.0	1.0	-1.0	-1.0	-1.0	-1.0	-1.0	-1.0	-1.0	-1.0	0.0	marker	peace	Peace	25	0418
-68420.88	-55286.865	-104637.23999999999	-18451.17	0.0	0.0	0.0	0.0	0.0	0.0	0.0	0.0	0.0	0.0	0.0	0.0	0.0	0.0	146.0	0.0	0.042297255	-0.028442310000000002	1.01061753	3.7386999999999997	0.30519999999999997	-2.10588	3289947.0	1776544970.33091	0.0	1.0	-1.0	-1.0	-1.0	-1.0	-1.0	-1.0	-1.0	-1.0	0.0	marker	peace	Peace	25	0418
-68521.185	-55296.314999999995	-104770.665	-18562.5	0.0	0.0	0.0	0.0	0.0	0.0	0.0	0.0	0.0	0.0	0.0	0.0	0.0	0.0	146.0	0.0	0.042297255	-0.028442310000000002	1.01061753	3.7386999999999997	0.30519999999999997	-2.10588	3289948.0	1776544970.330922	0.0	1.0	-1.0	-1.0	-1.0	-1.0	-1.0	-1.0	-1.0	-1.0	0.0	marker	peace	Peace	25	0418
-68589.94499999999	-55306.215	-104784.84	-18601.38	0.0	0.0	0.0	0.0	0.0	0.0	0.0	0.0	0.0	0.0	0.0	0.0	0.0	0.0	146.0	0.0	0.042297255	-0.028442310000000002	1.01061753	3.7386999999999997	0.30519999999999997	-2.10588	3289949.0	1776544970.338557	0.0	1.0	-1.0	-1.0	-1.0	-1.0	-1.0	-1.0	-1.0	-1.0	0.0	marker	peace	Peace	25	0418
-68556.825	-55309.905	-104718.015	-18543.105	0.0	0.0	0.0	0.0	0.0	0.0	0.0	0.0	0.0	0.0	0.0	0.0	0.0	0.0	146.0	0.0	0.042297255	-0.028442310000000002	1.01061753	3.7386999999999997	0.30519999999999997	-2.10588	3289950.0	1776544970.338631	0.0	1.0	-1.0	-1.0	-1.0	-1.0	-1.0	-1.0	-1.0	-1.0	0.0	marker	peace	Peace	25	0418
-68509.755	-55310.895	-104678.81999999999	-18505.89	0.0	0.0	0.0	0.0	0.0	0.0	0.0	0.0	0.0	0.0	0.0	0.0	0.0	0.0	146.0	0.0	0.042297255	-0.028442310000000002	1.01061753	3.7386999999999997	0.30519999999999997	-2.10588	3289951.0	1776544970.338993	0.0	1.0	-1.0	-1.0	-1.0	-1.0	-1.0	-1.0	-1.0	-1.0	0.0	marker	peace	Peace	25	0418
-68463.18	-55312.064999999995	-104639.31	-18481.995	0.0	0.0	0.0	0.0	0.0	0.0	0.0	0.0	0.0	0.0	0.0	0.0	0.0	0.0	146.0	0.0	0.042297255	-0.028442310000000002	1.01061753	3.7386999999999997	0.30519999999999997	-2.10588	3289952.0	1776544970.339015	0.0	1.0	-1.0	-1.0	-1.0	-1.0	-1.0	-1.0	-1.0	-1.0	0.0	marker	peace	Peace	25	0418
-68538.105	-55320.075	-104724.045	-18558.989999999998	0.0	0.0	0.0	0.0	0.0	0.0	0.0	0.0	0.0	0.0	0.0	0.0	0.0	0.0	146.0	0.0	0.042297255	-0.028442310000000002	1.01061753	3.7386999999999997	0.30519999999999997	-2.10588	3289953.0	1776544970.342978	0.0	1.0	-1.0	-1.0	-1.0	-1.0	-1.0	-1.0	-1.0	-1.0	0.0	marker	peace	Peace	25	0418
-68606.09999999999	-55305.314999999995	-104780.745	-18605.655	0.0	0.0	0.0	0.0	0.0	0.0	0.0	0.0	0.0	0.0	0.0	0.0	0.0	0.0	146.0	0.0	0.042297255	-0.028442310000000002	1.01061753	3.7386999999999997	0.30519999999999997	-2.10588	3289954.0	1776544970.34299	0.0	1.0	-1.0	-1.0	-1.0	-1.0	-1.0	-1.0	-1.0	-1.0	0.0	marker	peace	Peace	25	0418
-68560.83	-55287.81	-104767.69499999999	-18595.844999999998	0.0	0.0	0.0	0.0	0.0	0.0	0.0	0.0	0.0	0.0	0.0	0.0	0.0	0.0	146.0	0.0	0.042297255	-0.028442310000000002	1.01061753	3.7386999999999997	0.30519999999999997	-2.10588	3289955.0	1776544970.347403	0.0	1.0	-1.0	-1.0	-1.0	-1.0	-1.0	-1.0	-1.0	-1.0	0.0	marker	peace	Peace	25	0418
-68547.645	-55277.415	-104731.33499999999	-18561.329999999998	0.0	0.0	0.0	0.0	0.0	0.0	0.0	0.0	0.0	0.0	0.0	0.0	0.0	0.0	146.0	0.0	0.042297255	-0.028442310000000002	1.01061753	3.7386999999999997	0.30519999999999997	-2.10588	3289956.0	1776544970.34744	0.0	1.0	-1.0	-1.0	-1.0	-1.0	-1.0	-1.0	-1.0	-1.0	0.0	marker	peace	Peace	25	0418
-68582.205	-55270.619999999995	-104750.86499999999	-18576.989999999998	0.0	0.0	0.0	0.0	0.0	0.0	0.0	0.0	0.0	0.0	0.0	0.0	0.0	0.0	146.0	0.0	0.04443348	-0.02490228	1.014218595	3.41824	0.33571999999999996	-0.6867	3289957.0	1776544970.352012	0.0	1.0	-1.0	-1.0	-1.0	-1.0	-1.0	-1.0	-1.0	-1.0	0.0	marker	peace	Peace	25	0418
-68580.315	-55269.314999999995	-104753.87999999999	-18585.54	0.0	0.0	0.0	0.0	0.0	0.0	0.0	0.0	0.0	0.0	0.0	0.0	0.0	0.0	146.0	0.0	0.04443348	-0.02490228	1.014218595	3.41824	0.33571999999999996	-0.6867	3289958.0	1776544970.352035	0.0	1.0	-1.0	-1.0	-1.0	-1.0	-1.0	-1.0	-1.0	-1.0	0.0	marker	peace	Peace	25	0418
-68564.655	-55282.77	-104741.415	-18578.565	0.0	0.0	0.0	0.0	0.0	0.0	0.0	0.0	0.0	0.0	0.0	0.0	0.0	0.0	146.0	0.0	0.04443348	-0.02490228	1.014218595	3.41824	0.33571999999999996	-0.6867	3289959.0	1776544970.354949	0.0	1.0	-1.0	-1.0	-1.0	-1.0	-1.0	-1.0	-1.0	-1.0	0.0	marker	peace	Peace	25	0418
-68554.665	-55300.229999999996	-104717.34	-18559.665	0.0	0.0	0.0	0.0	0.0	0.0	0.0	0.0	0.0	0.0	0.0	0.0	0.0	0.0	146.0	0.0	0.04443348	-0.02490228	1.014218595	3.41824	0.33571999999999996	-0.6867	3289960.0	1776544970.354973	0.0	1.0	-1.0	-1.0	-1.0	-1.0	-1.0	-1.0	-1.0	-1.0	0.0	marker	peace	Peace	25	0418
-68560.38	-55309.994999999995	-104726.06999999999	-18561.735	0.0	0.0	0.0	0.0	0.0	0.0	0.0	0.0	0.0	0.0	0.0	0.0	0.0	0.0	146.0	0.0	0.04443348	-0.02490228	1.014218595	3.41824	0.33571999999999996	-0.6867	3289961.0	1776544970.358986	0.0	1.0	-1.0	-1.0	-1.0	-1.0	-1.0	-1.0	-1.0	-1.0	0.0	marker	peace	Peace	25	0418
-68550.165	-55305.045	-104742.94499999999	-18557.37	0.0	0.0	0.0	0.0	0.0	0.0	0.0	0.0	0.0	0.0	0.0	0.0	0.0	0.0	146.0	0.0	0.04443348	-0.02490228	1.014218595	3.41824	0.33571999999999996	-0.6867	3289962.0	1776544970.358996	0.0	1.0	-1.0	-1.0	-1.0	-1.0	-1.0	-1.0	-1.0	-1.0	0.0	marker	peace	Peace	25	0418
-68535.98999999999	-55301.534999999996	-104734.215	-18555.255	0.0	0.0	0.0	0.0	0.0	0.0	0.0	0.0	0.0	0.0	0.0	0.0	0.0	0.0	146.0	0.0	0.04443348	-0.02490228	1.014218595	3.41824	0.33571999999999996	-0.6867	3289963.0	1776544970.363258	0.0	1.0	-1.0	-1.0	-1.0	-1.0	-1.0	-1.0	-1.0	-1.0	0.0	marker	peace	Peace	25	0418
-68548.815	-55304.369999999995	-104753.205	-18567.675	0.0	0.0	0.0	0.0	0.0	0.0	0.0	0.0	0.0	0.0	0.0	0.0	0.0	0.0	146.0	0.0	0.04443348	-0.02490228	1.014218595	3.41824	0.33571999999999996	-0.6867	3289964.0	1776544970.363292	0.0	1.0	-1.0	-1.0	-1.0	-1.0	-1.0	-1.0	-1.0	-1.0	0.0	marker	peace	Peace	25	0418
-68563.935	-55303.2	-104753.925	-18559.305	0.0	0.0	0.0	0.0	0.0	0.0	0.0	0.0	0.0	0.0	0.0	0.0	0.0	0.0	146.0	0.0	0.04443348	-0.02490228	1.014218595	3.41824	0.33571999999999996	-0.6867	3289965.0	1776544970.366976	0.0	1.0	-1.0	-1.0	-1.0	-1.0	-1.0	-1.0	-1.0	-1.0	0.0	marker	peace	Peace	25	0418
-68537.565	-55293.93	-104732.81999999999	-18550.98	0.0	0.0	0.0	0.0	0.0	0.0	0.0	0.0	0.0	0.0	0.0	0.0	0.0	0.0	146.0	0.0	0.04443348	-0.02490228	1.014218595	3.41824	0.33571999999999996	-0.6867	3289966.0	1776544970.366988	0.0	1.0	-1.0	-1.0	-1.0	-1.0	-1.0	-1.0	-1.0	-1.0	0.0	marker	peace	Peace	25	0418
-68534.01	-55286.685	-104731.965	-18556.605	0.0	0.0	0.0	0.0	0.0	0.0	0.0	0.0	0.0	0.0	0.0	0.0	0.0	0.0	146.0	0.0	0.04333485	-0.023498475	1.017026205	2.79258	-0.01526	-0.35097999999999996	3289967.0	1776544970.371012	0.0	1.0	-1.0	-1.0	-1.0	-1.0	-1.0	-1.0	-1.0	-1.0	0.0	marker	peace	Peace	25	0418
-68553.9	-55287.72	-104737.00499999999	-18564.614999999998	0.0	0.0	0.0	0.0	0.0	0.0	0.0	0.0	0.0	0.0	0.0	0.0	0.0	0.0	146.0	0.0	0.04333485	-0.023498475	1.017026205	2.79258	-0.01526	-0.35097999999999996	3289968.0	1776544970.371039	0.0	1.0	-1.0	-1.0	-1.0	-1.0	-1.0	-1.0	-1.0	-1.0	0.0	marker	peace	Peace	25	0418
-68558.535	-55299.015	-104720.67	-18558.315	0.0	0.0	0.0	0.0	0.0	0.0	0.0	0.0	0.0	0.0	0.0	0.0	0.0	0.0	146.0	0.0	0.04333485	-0.023498475	1.017026205	2.79258	-0.01526	-0.35097999999999996	3289969.0	1776544970.37499	0.0	1.0	-1.0	-1.0	-1.0	-1.0	-1.0	-1.0	-1.0	-1.0	0.0	marker	peace	Peace	25	0418
-68535.405	-55301.579999999994	-104716.34999999999	-18552.96	0.0	0.0	0.0	0.0	0.0	0.0	0.0	0.0	0.0	0.0	0.0	0.0	0.0	0.0	146.0	0.0	0.04333485	-0.023498475	1.017026205	2.79258	-0.01526	-0.35097999999999996	3289970.0	1776544970.375001	0.0	1.0	-1.0	-1.0	-1.0	-1.0	-1.0	-1.0	-1.0	-1.0	0.0	marker	peace	Peace	25	0418
-68533.245	-55291.59	-104724.98999999999	-18560.88	0.0	0.0	0.0	0.0	0.0	0.0	0.0	0.0	0.0	0.0	0.0	0.0	0.0	0.0	146.0	0.0	0.04333485	-0.023498475	1.017026205	2.79258	-0.01526	-0.35097999999999996	3289971.0	1776544970.379156	0.0	1.0	-1.0	-1.0	-1.0	-1.0	-1.0	-1.0	-1.0	-1.0	0.0	marker	peace	Peace	25	0418
-68550.165	-55292.31	-104742.94499999999	-18580.86	0.0	0.0	0.0	0.0	0.0	0.0	0.0	0.0	0.0	0.0	0.0	0.0	0.0	0.0	146.0	0.0	0.04333485	-0.023498475	1.017026205	2.79258	-0.01526	-0.35097999999999996	3289972.0	1776544970.379172	0.0	1.0	-1.0	-1.0	-1.0	-1.0	-1.0	-1.0	-1.0	-1.0	0.0	marker	peace	Peace	25	0418
-68541.93	-55291.14	-104740.2	-18574.38	0.0	0.0	0.0	0.0	0.0	0.0	0.0	0.0	0.0	0.0	0.0	0.0	0.0	0.0	146.0	0.0	0.04333485	-0.023498475	1.017026205	2.79258	-0.01526	-0.35097999999999996	3289973.0	1776544970.383178	0.0	1.0	-1.0	-1.0	-1.0	-1.0	-1.0	-1.0	-1.0	-1.0	0.0	marker	peace	Peace	25	0418
-68472.27	-55284.57	-104665.31999999999	-18495.675	0.0	0.0	0.0	0.0	0.0	0.0	0.0	0.0	0.0	0.0	0.0	0.0	0.0	0.0	146.0	0.0	0.04333485	-0.023498475	1.017026205	2.79258	-0.01526	-0.35097999999999996	3289974.0	1776544970.383211	0.0	1.0	-1.0	-1.0	-1.0	-1.0	-1.0	-1.0	-1.0	-1.0	0.0	marker	peace	Peace	25	0418
-68448.51	-55296.72	-104628.69	-18464.715	0.0	0.0	0.0	0.0	0.0	0.0	0.0	0.0	0.0	0.0	0.0	0.0	0.0	0.0	146.0	0.0	0.04333485	-0.023498475	1.017026205	2.79258	-0.01526	-0.35097999999999996	3289975.0	1776544970.387244	0.0	1.0	-1.0	-1.0	-1.0	-1.0	-1.0	-1.0	-1.0	-1.0	0.0	marker	peace	Peace	25	0418
-68577.84	-55321.11	-104725.98	-18581.94	0.0	0.0	0.0	0.0	0.0	0.0	0.0	0.0	0.0	0.0	0.0	0.0	0.0	0.0	146.0	0.0	0.04333485	-0.023498475	1.017026205	2.79258	-0.01526	-0.35097999999999996	3289976.0	1776544970.387263	0.0	1.0	-1.0	-1.0	-1.0	-1.0	-1.0	-1.0	-1.0	-1.0	0.0	marker	peace	Peace	25	0418
-68611.455	-55328.715	-104734.665	-18595.305	0.0	0.0	0.0	0.0	0.0	0.0	0.0	0.0	0.0	0.0	0.0	0.0	0.0	0.0	146.0	0.0	0.043029675	-0.02246088	1.018735185	1.55652	-0.39676	0.16785999999999998	3289977.0	1776544970.391185	0.0	1.0	-1.0	-1.0	-1.0	-1.0	-1.0	-1.0	-1.0	-1.0	0.0	marker	peace	Peace	25	0418
-68555.565	-55327.409999999996	-104668.01999999999	-18534.465	0.0	0.0	0.0	0.0	0.0	0.0	0.0	0.0	0.0	0.0	0.0	0.0	0.0	0.0	146.0	0.0	0.043029675	-0.02246088	1.018735185	1.55652	-0.39676	0.16785999999999998	3289978.0	1776544970.391202	0.0	1.0	-1.0	-1.0	-1.0	-1.0	-1.0	-1.0	-1.0	-1.0	0.0	marker	peace	Peace	25	0418
-68520.33	-55326.735	-104677.605	-18529.38	0.0	0.0	0.0	0.0	0.0	0.0	0.0	0.0	0.0	0.0	0.0	0.0	0.0	0.0	146.0	0.0	0.043029675	-0.02246088	1.018735185	1.55652	-0.39676	0.16785999999999998	3289979.0	1776544970.395166	0.0	1.0	-1.0	-1.0	-1.0	-1.0	-1.0	-1.0	-1.0	-1.0	0.0	marker	peace	Peace	25	0418
-68515.965	-55331.729999999996	-104753.565	-18548.82	0.0	0.0	0.0	0.0	0.0	0.0	0.0	0.0	0.0	0.0	0.0	0.0	0.0	0.0	146.0	0.0	0.043029675	-0.02246088	1.018735185	1.55652	-0.39676	0.16785999999999998	3289980.0	1776544970.395177	0.0	1.0	-1.0	-1.0	-1.0	-1.0	-1.0	-1.0	-1.0	-1.0	0.0	marker	peace	Peace	25	0418
-68528.025	-55339.38	-104759.01	-18564.12	0.0	0.0	0.0	0.0	0.0	0.0	0.0	0.0	0.0	0.0	0.0	0.0	0.0	0.0	146.0	0.0	0.043029675	-0.02246088	1.018735185	1.55652	-0.39676	0.16785999999999998	3289981.0	1776544970.399308	0.0	1.0	-1.0	-1.0	-1.0	-1.0	-1.0	-1.0	-1.0	-1.0	0.0	marker	peace	Peace	25	0418
-68573.06999999999	-55344.869999999995	-104756.355	-18571.545	0.0	0.0	0.0	0.0	0.0	0.0	0.0	0.0	0.0	0.0	0.0	0.0	0.0	0.0	146.0	0.0	0.043029675	-0.02246088	1.018735185	1.55652	-0.39676	0.16785999999999998	3289982.0	1776544970.399337	0.0	1.0	-1.0	-1.0	-1.0	-1.0	-1.0	-1.0	-1.0	-1.0	0.0	marker	peace	Peace	25	0418
-68572.17	-55349.505	-104758.47	-18579.825	0.0	0.0	0.0	0.0	0.0	0.0	0.0	0.0	0.0	0.0	0.0	0.0	0.0	0.0	146.0	0.0	0.043029675	-0.02246088	1.018735185	1.55652	-0.39676	0.16785999999999998	3289983.0	1776544970.403254	0.0	1.0	-1.0	-1.0	-1.0	-1.0	-1.0	-1.0	-1.0	-1.0	0.0	marker	peace	Peace	25	0418
-68531.04	-55341.945	-104718.825	-18547.38	0.0	0.0	0.0	0.0	0.0	0.0	0.0	0.0	0.0	0.0	0.0	0.0	0.0	0.0	146.0	0.0	0.043029675	-0.02246088	1.018735185	1.55652	-0.39676	0.16785999999999998	3289984.0	1776544970.403283	0.0	1.0	-1.0	-1.0	-1.0	-1.0	-1.0	-1.0	-1.0	-1.0	0.0	marker	peace	Peace	25	0418
-68487.345	-55346.445	-104666.22	-18494.37	0.0	0.0	0.0	0.0	0.0	0.0	0.0	0.0	0.0	0.0	0.0	0.0	0.0	0.0	146.0	0.0	0.043029675	-0.02246088	1.018735185	1.55652	-0.39676	0.16785999999999998	3289985.0	1776544970.407196	0.0	1.0	-1.0	-1.0	-1.0	-1.0	-1.0	-1.0	-1.0	-1.0	0.0	marker	peace	Peace	25	0418
-68522.805	-55362.465	-104715.045	-18544.23	0.0	0.0	0.0	0.0	0.0	0.0	0.0	0.0	0.0	0.0	0.0	0.0	0.0	0.0	146.0	0.0	0.043029675	-0.02246088	1.018735185	1.55652	-0.39676	0.16785999999999998	3289986.0	1776544970.407208	0.0	1.0	-1.0	-1.0	-1.0	-1.0	-1.0	-1.0	-1.0	-1.0	0.0	marker	peace	Peace	25	0418
-68550.84	-55368.225	-104733.045	-18564.795	0.0	0.0	0.0	0.0	0.0	0.0	0.0	0.0	0.0	0.0	0.0	0.0	0.0	0.0	146.0	0.0	0.04492176	-0.02478021	1.01550033	1.72438	0.16785999999999998	0.28994	3289987.0	1776544970.411196	0.0	1.0	-1.0	-1.0	-1.0	-1.0	-1.0	-1.0	-1.0	-1.0	0.0	marker	peace	Peace	25	0418
-68513.805	-55367.505	-104710.635	-18528.075	0.0	0.0	0.0	0.0	0.0	0.0	0.0	0.0	0.0	0.0	0.0	0.0	0.0	0.0	146.0	0.0	0.04492176	-0.02478021	1.01550033	1.72438	0.16785999999999998	0.28994	3289988.0	1776544970.411205	0.0	1.0	-1.0	-1.0	-1.0	-1.0	-1.0	-1.0	-1.0	-1.0	0.0	marker	peace	Peace	25	0418
-68542.83	-55367.865	-104747.84999999999	-18561.015	0.0	0.0	0.0	0.0	0.0	0.0	0.0	0.0	0.0	0.0	0.0	0.0	0.0	0.0	146.0	0.0	0.04492176	-0.02478021	1.01550033	1.72438	0.16785999999999998	0.28994	3289989.0	1776544970.419198	0.0	1.0	-1.0	-1.0	-1.0	-1.0	-1.0	-1.0	-1.0	-1.0	0.0	marker	peace	Peace	25	0418
-68567.84999999999	-55377.494999999995	-104751.81	-18574.155	0.0	0.0	0.0	0.0	0.0	0.0	0.0	0.0	0.0	0.0	0.0	0.0	0.0	0.0	146.0	0.0	0.04492176	-0.02478021	1.01550033	1.72438	0.16785999999999998	0.28994	3289990.0	1776544970.419232	0.0	1.0	-1.0	-1.0	-1.0	-1.0	-1.0	-1.0	-1.0	-1.0	0.0	marker	peace	Peace	25	0418
-68535.315	-55435.994999999995	-104710.36499999999	-18537.48	0.0	0.0	0.0	0.0	0.0	0.0	0.0	0.0	0.0	0.0	0.0	0.0	0.0	0.0	146.0	0.0	0.04492176	-0.02478021	1.01550033	1.72438	0.16785999999999998	0.28994	3289991.0	1776544970.419577	0.0	1.0	-1.0	-1.0	-1.0	-1.0	-1.0	-1.0	-1.0	-1.0	0.0	marker	peace	Peace	25	0418
-68488.245	-55457.865	-104670.765	-18508.094999999998	0.0	0.0	0.0	0.0	0.0	0.0	0.0	0.0	0.0	0.0	0.0	0.0	0.0	0.0	146.0	0.0	0.04492176	-0.02478021	1.01550033	1.72438	0.16785999999999998	0.28994	3289992.0	1776544970.419608	0.0	1.0	-1.0	-1.0	-1.0	-1.0	-1.0	-1.0	-1.0	-1.0	0.0	marker	peace	Peace	25	0418
-68580.18	-55467.63	-104740.47	-18576.945	0.0	0.0	0.0	0.0	0.0	0.0	0.0	0.0	0.0	0.0	0.0	0.0	0.0	0.0	146.0	0.0	0.04492176	-0.02478021	1.01550033	1.72438	0.16785999999999998	0.28994	3289993.0	1776544970.423154	0.0	1.0	-1.0	-1.0	-1.0	-1.0	-1.0	-1.0	-1.0	-1.0	0.0	marker	peace	Peace	25	0418
-68559.705	-55463.805	-104728.59	-18571.364999999998	0.0	0.0	0.0	0.0	0.0	0.0	0.0	0.0	0.0	0.0	0.0	0.0	0.0	0.0	146.0	0.0	0.04492176	-0.02478021	1.01550033	1.72438	0.16785999999999998	0.28994	3289994.0	1776544970.423167	0.0	1.0	-1.0	-1.0	-1.0	-1.0	-1.0	-1.0	-1.0	-1.0	0.0	marker	peace	Peace	25	0418
-68539.545	-55460.655	-104722.245	-18549.945	0.0	0.0	0.0	0.0	0.0	0.0	0.0	0.0	0.0	0.0	0.0	0.0	0.0	0.0	146.0	0.0	0.04492176	-0.02478021	1.01550033	1.72438	0.16785999999999998	0.28994	3289995.0	1776544970.427138	0.0	1.0	-1.0	-1.0	-1.0	-1.0	-1.0	-1.0	-1.0	-1.0	0.0	marker	peace	Peace	25	0418
-68519.52	-55466.145	-104711.22	-18536.265	0.0	0.0	0.0	0.0	0.0	0.0	0.0	0.0	0.0	0.0	0.0	0.0	0.0	0.0	146.0	0.0	0.04492176	-0.02478021	1.01550033	1.72438	0.16785999999999998	0.28994	3289996.0	1776544970.427149	0.0	1.0	-1.0	-1.0	-1.0	-1.0	-1.0	-1.0	-1.0	-1.0	0.0	marker	peace	Peace	25	0418
-68522.805	-55466.865	-104723.325	-18554.445	0.0	0.0	0.0	0.0	0.0	0.0	0.0	0.0	0.0	0.0	0.0	0.0	0.0	0.0	146.0	0.0	0.046569705	-0.02783196	1.01049546	1.9838	1.11398	0.48832	3289997.0	1776544970.431334	0.0	1.0	-1.0	-1.0	-1.0	-1.0	-1.0	-1.0	-1.0	-1.0	0.0	marker	peace	Peace	25	0418
-68547.825	-55468.53	-104745.59999999999	-18576.855	0.0	0.0	0.0	0.0	0.0	0.0	0.0	0.0	0.0	0.0	0.0	0.0	0.0	0.0	146.0	0.0	0.046569705	-0.02783196	1.01049546	1.9838	1.11398	0.48832	3289998.0	1776544970.431364	0.0	1.0	-1.0	-1.0	-1.0	-1.0	-1.0	-1.0	-1.0	-1.0	0.0	marker	peace	Peace	25	0418
-68525.37	-55463.354999999996	-104709.87	-18547.649999999998	0.0	0.0	0.0	0.0	0.0	0.0	0.0	0.0	0.0	0.0	0.0	0.0	0.0	0.0	146.0	0.0	0.046569705	-0.02783196	1.01049546	1.9838	1.11398	0.48832	3289999.0	1776544970.438013	0.0	1.0	-1.0	-1.0	-1.0	-1.0	-1.0	-1.0	-1.0	-1.0	0.0	marker	peace	Peace	25	0418
-68503.005	-55459.89	-104695.605	-18526.815	0.0	0.0	0.0	0.0	0.0	0.0	0.0	0.0	0.0	0.0	0.0	0.0	0.0	0.0	146.0	0.0	0.046569705	-0.02783196	1.01049546	1.9838	1.11398	0.48832	3290000.0	1776544970.438046	0.0	1.0	-1.0	-1.0	-1.0	-1.0	-1.0	-1.0	-1.0	-1.0	0.0	marker	peace	Peace	25	0418
-68482.755	-55461.329999999994	-104655.78	-18479.655	0.0	0.0	0.0	0.0	0.0	0.0	0.0	0.0	0.0	0.0	0.0	0.0	0.0	0.0	146.0	0.0	0.046569705	-0.02783196	1.01049546	1.9838	1.11398	0.48832	3290001.0	1776544970.439241	0.0	1.0	-1.0	-1.0	-1.0	-1.0	-1.0	-1.0	-1.0	-1.0	0.0	marker	peace	Peace	25	0418
-68528.745	-55472.174999999996	-104693.715	-18530.505	0.0	0.0	0.0	0.0	0.0	0.0	0.0	0.0	0.0	0.0	0.0	0.0	0.0	0.0	146.0	0.0	0.046569705	-0.02783196	1.01049546	1.9838	1.11398	0.48832	3290002.0	1776544970.439255	0.0	1.0	-1.0	-1.0	-1.0	-1.0	-1.0	-1.0	-1.0	-1.0	0.0	marker	peace	Peace	25	0418
-68560.425	-55478.115	-104721.795	-18565.245	0.0	0.0	0.0	0.0	0.0	0.0	0.0	0.0	0.0	0.0	0.0	0.0	0.0	0.0	146.0	0.0	0.046569705	-0.02783196	1.01049546	1.9838	1.11398	0.48832	3290003.0	1776544970.446517	0.0	1.0	-1.0	-1.0	-1.0	-1.0	-1.0	-1.0	-1.0	-1.0	0.0	marker	peace	Peace	25	0418
-68568.39	-55481.715	-104754.825	-18577.844999999998	0.0	0.0	0.0	0.0	0.0	0.0	0.0	0.0	0.0	0.0	0.0	0.0	0.0	0.0	146.0	0.0	0.046569705	-0.02783196	1.01049546	1.9838	1.11398	0.48832	3290004.0	1776544970.446537	0.0	1.0	-1.0	-1.0	-1.0	-1.0	-1.0	-1.0	-1.0	-1.0	0.0	marker	peace	Peace	25	0418
-68549.08499999999	-55489.095	-104741.19	-18559.485	0.0	0.0	0.0	0.0	0.0	0.0	0.0	0.0	0.0	0.0	0.0	0.0	0.0	0.0	146.0	0.0	0.046569705	-0.02783196	1.01049546	1.9838	1.11398	0.48832	3290005.0	1776544970.447347	0.0	1.0	-1.0	-1.0	-1.0	-1.0	-1.0	-1.0	-1.0	-1.0	0.0	marker	peace	Peace	25	0418
-68563.53	-55489.994999999995	-104745.78	-18566.55	0.0	0.0	0.0	0.0	0.0	0.0	0.0	0.0	0.0	0.0	0.0	0.0	0.0	0.0	146.0	0.0	0.046569705	-0.02783196	1.01049546	1.9838	1.11398	0.48832	3290006.0	1776544970.447366	0.0	1.0	-1.0	-1.0	-1.0	-1.0	-1.0	-1.0	-1.0	-1.0	0.0	marker	peace	Peace	25	0418
-68530.59	-55488.869999999995	-104740.965	-18570.149999999998	0.0	0.0	0.0	0.0	0.0	0.0	0.0	0.0	0.0	0.0	0.0	0.0	0.0	0.0	146.0	0.0	0.045226935	-0.029479905	1.013242035	1.8769799999999999	1.3734	0.2289	3290007.0	1776544970.453551	0.0	1.0	-1.0	-1.0	-1.0	-1.0	-1.0	-1.0	-1.0	-1.0	0.0	marker	peace	Peace	25	0418
-68499.54	-55492.38	-104708.43	-18544.68	0.0	0.0	0.0	0.0	0.0	0.0	0.0	0.0	0.0	0.0	0.0	0.0	0.0	0.0	146.0	0.0	0.045226935	-0.029479905	1.013242035	1.8769799999999999	1.3734	0.2289	3290008.0	1776544970.453577	0.0	1.0	-1.0	-1.0	-1.0	-1.0	-1.0	-1.0	-1.0	-1.0	0.0	marker	peace	Peace	25	0418
-68546.97	-55500.435	-104715.045	-18539.954999999998	0.0	0.0	0.0	0.0	0.0	0.0	0.0	0.0	0.0	0.0	0.0	0.0	0.0	0.0	146.0	0.0	0.045226935	-0.029479905	1.013242035	1.8769799999999999	1.3734	0.2289	3290009.0	1776544970.455259	0.0	1.0	-1.0	-1.0	-1.0	-1.0	-1.0	-1.0	-1.0	-1.0	0.0	marker	peace	Peace	25	0418
-68552.145	-55501.064999999995	-104723.19	-18551.295	0.0	0.0	0.0	0.0	0.0	0.0	0.0	0.0	0.0	0.0	0.0	0.0	0.0	0.0	146.0	0.0	0.045226935	-0.029479905	1.013242035	1.8769799999999999	1.3734	0.2289	3290010.0	1776544970.455289	0.0	1.0	-1.0	-1.0	-1.0	-1.0	-1.0	-1.0	-1.0	-1.0	0.0	marker	peace	Peace	25	0418
-68545.98	-55499.49	-104724.855	-18552.375	0.0	0.0	0.0	0.0	0.0	0.0	0.0	0.0	0.0	0.0	0.0	0.0	0.0	0.0	146.0	0.0	0.045226935	-0.029479905	1.013242035	1.8769799999999999	1.3734	0.2289	3290011.0	1776544970.459404	0.0	1.0	-1.0	-1.0	-1.0	-1.0	-1.0	-1.0	-1.0	-1.0	0.0	marker	peace	Peace	25	0418
-68586.61499999999	-55489.095	-104776.155	-18596.204999999998	0.0	0.0	0.0	0.0	0.0	0.0	0.0	0.0	0.0	0.0	0.0	0.0	0.0	0.0	146.0	0.0	0.045226935	-0.029479905	1.013242035	1.8769799999999999	1.3734	0.2289	3290012.0	1776544970.459417	0.0	1.0	-1.0	-1.0	-1.0	-1.0	-1.0	-1.0	-1.0	-1.0	0.0	marker	peace	Peace	25	0418
-68571.315	-55465.244999999995	-104762.565	-18592.425	0.0	0.0	0.0	0.0	0.0	0.0	0.0	0.0	0.0	0.0	0.0	0.0	0.0	0.0	146.0	0.0	0.045226935	-0.029479905	1.013242035	1.8769799999999999	1.3734	0.2289	3290013.0	1776544970.464658	0.0	1.0	-1.0	-1.0	-1.0	-1.0	-1.0	-1.0	-1.0	-1.0	0.0	marker	peace	Peace	25	0418
-68545.34999999999	-55449.45	-104733.26999999999	-18566.91	0.0	0.0	0.0	0.0	0.0	0.0	0.0	0.0	0.0	0.0	0.0	0.0	0.0	0.0	146.0	0.0	0.045226935	-0.029479905	1.013242035	1.8769799999999999	1.3734	0.2289	3290014.0	1776544970.464673	0.0	1.0	-1.0	-1.0	-1.0	-1.0	-1.0	-1.0	-1.0	-1.0	0.0	marker	peace	Peace	25	0418
-68528.205	-55450.53	-104707.44	-18547.29	0.0	0.0	0.0	0.0	0.0	0.0	0.0	0.0	0.0	0.0	0.0	0.0	0.0	0.0	146.0	0.0	0.045226935	-0.029479905	1.013242035	1.8769799999999999	1.3734	0.2289	3290015.0	1776544970.467553	0.0	1.0	-1.0	-1.0	-1.0	-1.0	-1.0	-1.0	-1.0	-1.0	0.0	marker	peace	Peace	25	0418
-68516.64	-55458.54	-104678.55	-18532.62	0.0	0.0	0.0	0.0	0.0	0.0	0.0	0.0	0.0	0.0	0.0	0.0	0.0	0.0	146.0	0.0	0.045226935	-0.029479905	1.013242035	1.8769799999999999	1.3734	0.2289	3290016.0	1776544970.467589	0.0	1.0	-1.0	-1.0	-1.0	-1.0	-1.0	-1.0	-1.0	-1.0	0.0	marker	peace	Peace	25	0418
-68543.055	-55467.9	-104706.98999999999	-18558.225	0.0	0.0	0.0	0.0	0.0	0.0	0.0	0.0	0.0	0.0	0.0	0.0	0.0	0.0	146.0	0.0	0.043273815	-0.031921305	1.015927575	2.48738	1.35814	-0.41202	3290017.0	1776544970.471333	0.0	1.0	-1.0	-1.0	-1.0	-1.0	-1.0	-1.0	-1.0	-1.0	0.0	marker	peace	Peace	25	0418
-68539.185	-55482.659999999996	-104736.915	-18558.899999999998	0.0	0.0	0.0	0.0	0.0	0.0	0.0	0.0	0.0	0.0	0.0	0.0	0.0	0.0	146.0	0.0	0.043273815	-0.031921305	1.015927575	2.48738	1.35814	-0.41202	3290018.0	1776544970.471354	0.0	1.0	-1.0	-1.0	-1.0	-1.0	-1.0	-1.0	-1.0	-1.0	0.0	marker	peace	Peace	25	0418
-68497.875	-55489.994999999995	-104710.31999999999	-18525.825	0.0	0.0	0.0	0.0	0.0	0.0	0.0	0.0	0.0	0.0	0.0	0.0	0.0	0.0	146.0	0.0	0.043273815	-0.031921305	1.015927575	2.48738	1.35814	-0.41202	3290019.0	1776544970.480229	0.0	1.0	-1.0	-1.0	-1.0	-1.0	-1.0	-1.0	-1.0	-1.0	0.0	marker	peace	Peace	25	0418
-68523.165	-55487.564999999995	-104710.23	-18530.505	0.0	0.0	0.0	0.0	0.0	0.0	0.0	0.0	0.0	0.0	0.0	0.0	0.0	0.0	146.0	0.0	0.043273815	-0.031921305	1.015927575	2.48738	1.35814	-0.41202	3290020.0	1776544970.480264	0.0	1.0	-1.0	-1.0	-1.0	-1.0	-1.0	-1.0	-1.0	-1.0	0.0	marker	peace	Peace	25	0418
-68577.12	-55487.34	-104743.665	-18578.52	0.0	0.0	0.0	0.0	0.0	0.0	0.0	0.0	0.0	0.0	0.0	0.0	0.0	0.0	146.0	0.0	0.043273815	-0.031921305	1.015927575	2.48738	1.35814	-0.41202	3290021.0	1776544970.4803	0.0	1.0	-1.0	-1.0	-1.0	-1.0	-1.0	-1.0	-1.0	-1.0	0.0	marker	peace	Peace	25	0418
-68566.95	-55476.18	-104754.19499999999	-18593.28	0.0	0.0	0.0	0.0	0.0	0.0	0.0	0.0	0.0	0.0	0.0	0.0	0.0	0.0	146.0	0.0	0.043273815	-0.031921305	1.015927575	2.48738	1.35814	-0.41202	3290022.0	1776544970.480318	0.0	1.0	-1.0	-1.0	-1.0	-1.0	-1.0	-1.0	-1.0	-1.0	0.0	marker	peace	Peace	25	0418
-68556.78	-55476.674999999996	-104762.11499999999	-18586.17	0.0	0.0	0.0	0.0	0.0	0.0	0.0	0.0	0.0	0.0	0.0	0.0	0.0	0.0	146.0	0.0	0.043273815	-0.031921305	1.015927575	2.48738	1.35814	-0.41202	3290023.0	1776544970.483606	0.0	1.0	-1.0	-1.0	-1.0	-1.0	-1.0	-1.0	-1.0	-1.0	0.0	marker	peace	Peace	25	0418
-68533.47	-55484.954999999994	-104734.70999999999	-18564.12	0.0	0.0	0.0	0.0	0.0	0.0	0.0	0.0	0.0	0.0	0.0	0.0	0.0	0.0	146.0	0.0	0.043273815	-0.031921305	1.015927575	2.48738	1.35814	-0.41202	3290024.0	1776544970.483635	0.0	1.0	-1.0	-1.0	-1.0	-1.0	-1.0	-1.0	-1.0	-1.0	0.0	marker	peace	Peace	25	0418
-68509.17	-55495.755	-104693.805	-18530.37	0.0	0.0	0.0	0.0	0.0	0.0	0.0	0.0	0.0	0.0	0.0	0.0	0.0	0.0	146.0	0.0	0.043273815	-0.031921305	1.015927575	2.48738	1.35814	-0.41202	3290025.0	1776544970.487476	0.0	1.0	-1.0	-1.0	-1.0	-1.0	-1.0	-1.0	-1.0	-1.0	0.0	marker	peace	Peace	25	0418
-68558.355	-55515.06	-104726.745	-18568.17	0.0	0.0	0.0	0.0	0.0	0.0	0.0	0.0	0.0	0.0	0.0	0.0	0.0	0.0	146.0	0.0	0.043273815	-0.031921305	1.015927575	2.48738	1.35814	-0.41202	3290026.0	1776544970.487499	0.0	1.0	-1.0	-1.0	-1.0	-1.0	-1.0	-1.0	-1.0	-1.0	0.0	marker	peace	Peace	25	0418
-68555.11499999999	-55535.805	-104731.47	-18562.545	0.0	0.0	0.0	0.0	0.0	0.0	0.0	0.0	0.0	0.0	0.0	0.0	0.0	0.0	146.0	0.0	0.04321278	-0.03356925	1.017026205	3.2198599999999997	0.6103999999999999	-0.48832	3290027.0	1776544970.491511	0.0	1.0	-1.0	-1.0	-1.0	-1.0	-1.0	-1.0	-1.0	-1.0	0.0	marker	peace	Peace	25	0418
-68544.045	-55524.555	-104734.53	-18564.075	0.0	0.0	0.0	0.0	0.0	0.0	0.0	0.0	0.0	0.0	0.0	0.0	0.0	0.0	146.0	0.0	0.04321278	-0.03356925	1.017026205	3.2198599999999997	0.6103999999999999	-0.48832	3290028.0	1776544970.491525	0.0	1.0	-1.0	-1.0	-1.0	-1.0	-1.0	-1.0	-1.0	-1.0	0.0	marker	peace	Peace	25	0418
-68535.09	-55514.7	-104712.3	-18546.165	0.0	0.0	0.0	0.0	0.0	0.0	0.0	0.0	0.0	0.0	0.0	0.0	0.0	0.0	146.0	0.0	0.04321278	-0.03356925	1.017026205	3.2198599999999997	0.6103999999999999	-0.48832	3290029.0	1776544970.495521	0.0	1.0	-1.0	-1.0	-1.0	-1.0	-1.0	-1.0	-1.0	-1.0	0.0	marker	peace	Peace	25	0418
-68502.915	-55504.845	-104664.87	-18514.395	0.0	0.0	0.0	0.0	0.0	0.0	0.0	0.0	0.0	0.0	0.0	0.0	0.0	0.0	146.0	0.0	0.04321278	-0.03356925	1.017026205	3.2198599999999997	0.6103999999999999	-0.48832	3290030.0	1776544970.495534	0.0	1.0	-1.0	-1.0	-1.0	-1.0	-1.0	-1.0	-1.0	-1.0	0.0	marker	peace	Peace	25	0418
-68530.59	-55498.005	-104717.61	-18539.46	0.0	0.0	0.0	0.0	0.0	0.0	0.0	0.0	0.0	0.0	0.0	0.0	0.0	0.0	146.0	0.0	0.04321278	-0.03356925	1.017026205	3.2198599999999997	0.6103999999999999	-0.48832	3290031.0	1776544970.499633	0.0	1.0	-1.0	-1.0	-1.0	-1.0	-1.0	-1.0	-1.0	-1.0	0.0	marker	peace	Peace	25	0418
-68590.62	-55502.505	-104782.905	-18593.82	0.0	0.0	0.0	0.0	0.0	0.0	0.0	0.0	0.0	0.0	0.0	0.0	0.0	0.0	146.0	0.0	0.04321278	-0.03356925	1.017026205	3.2198599999999997	0.6103999999999999	-0.48832	3290032.0	1776544970.499657	0.0	1.0	-1.0	-1.0	-1.0	-1.0	-1.0	-1.0	-1.0	-1.0	0.0	marker	peace	Peace	25	0418
-68559.255	-55504.755	-104764.23	-18586.305	0.0	0.0	0.0	0.0	0.0	0.0	0.0	0.0	0.0	0.0	0.0	0.0	0.0	0.0	146.0	0.0	0.04321278	-0.03356925	1.017026205	3.2198599999999997	0.6103999999999999	-0.48832	3290033.0	1776544970.50354	0.0	1.0	-1.0	-1.0	-1.0	-1.0	-1.0	-1.0	-1.0	-1.0	0.0	marker	peace	Peace	25	0418
-68508.675	-55510.695	-104694.75	-18526.59	0.0	0.0	0.0	0.0	0.0	0.0	0.0	0.0	0.0	0.0	0.0	0.0	0.0	0.0	146.0	0.0	0.04321278	-0.03356925	1.017026205	3.2198599999999997	0.6103999999999999	-0.48832	3290034.0	1776544970.503554	0.0	1.0	-1.0	-1.0	-1.0	-1.0	-1.0	-1.0	-1.0	-1.0	0.0	marker	peace	Peace	25	0418
-68518.755	-55513.979999999996	-104680.44	-18527.85	0.0	0.0	0.0	0.0	0.0	0.0	0.0	0.0	0.0	0.0	0.0	0.0	0.0	0.0	146.0	0.0	0.04321278	-0.03356925	1.017026205	3.2198599999999997	0.6103999999999999	-0.48832	3290035.0	1776544970.507554	0.0	1.0	-1.0	-1.0	-1.0	-1.0	-1.0	-1.0	-1.0	-1.0	0.0	marker	peace	Peace	25	0418
-68531.895	-55506.915	-104696.415	-18538.875	0.0	0.0	0.0	0.0	0.0	0.0	0.0	0.0	0.0	0.0	0.0	0.0	0.0	0.0	146.0	0.0	0.04321278	-0.03356925	1.017026205	3.2198599999999997	0.6103999999999999	-0.48832	3290036.0	1776544970.507562	0.0	1.0	-1.0	-1.0	-1.0	-1.0	-1.0	-1.0	-1.0	-1.0	0.0	marker	peace	Peace	25	0418
-68527.70999999999	-55492.875	-104718.015	-18535.14	0.0	0.0	0.0	0.0	0.0	0.0	0.0	0.0	0.0	0.0	0.0	0.0	0.0	0.0	146.0	0.0	0.039855855	-0.032165445	1.01891829	3.2809	0.03052	-0.6867	3290037.0	1776544970.512541	0.0	1.0	-1.0	-1.0	-1.0	-1.0	-1.0	-1.0	-1.0	-1.0	0.0	marker	peace	Peace	25	0418
-68535.315	-55474.155	-104731.965	-18561.105	0.0	0.0	0.0	0.0	0.0	0.0	0.0	0.0	0.0	0.0	0.0	0.0	0.0	0.0	146.0	0.0	0.039855855	-0.032165445	1.01891829	3.2809	0.03052	-0.6867	3290038.0	1776544970.512549	0.0	1.0	-1.0	-1.0	-1.0	-1.0	-1.0	-1.0	-1.0	-1.0	0.0	marker	peace	Peace	25	0418
-68545.395	-55461.915	-104745.465	-18577.44	0.0	0.0	0.0	0.0	0.0	0.0	0.0	0.0	0.0	0.0	0.0	0.0	0.0	0.0	146.0	0.0	0.039855855	-0.032165445	1.01891829	3.2809	0.03052	-0.6867	3290039.0	1776544970.517409	0.0	1.0	-1.0	-1.0	-1.0	-1.0	-1.0	-1.0	-1.0	-1.0	0.0	marker	peace	Peace	25	0418
-68550.84	-55455.615	-104749.33499999999	-18581.355	0.0	0.0	0.0	0.0	0.0	0.0	0.0	0.0	0.0	0.0	0.0	0.0	0.0	0.0	146.0	0.0	0.039855855	-0.032165445	1.01891829	3.2809	0.03052	-0.6867	3290040.0	1776544970.517427	0.0	1.0	-1.0	-1.0	-1.0	-1.0	-1.0	-1.0	-1.0	-1.0	0.0	marker	peace	Peace	25	0418
-68540.805	-55455.93	-104726.06999999999	-18552.42	0.0	0.0	0.0	0.0	0.0	0.0	0.0	0.0	0.0	0.0	0.0	0.0	0.0	0.0	146.0	0.0	0.039855855	-0.032165445	1.01891829	3.2809	0.03052	-0.6867	3290041.0	1776544970.520168	0.0	1.0	-1.0	-1.0	-1.0	-1.0	-1.0	-1.0	-1.0	-1.0	0.0	marker	peace	Peace	25	0418
-68502.06	-55456.74	-104679.495	-18506.114999999998	0.0	0.0	0.0	0.0	0.0	0.0	0.0	0.0	0.0	0.0	0.0	0.0	0.0	0.0	146.0	0.0	0.039855855	-0.032165445	1.01891829	3.2809	0.03052	-0.6867	3290042.0	1776544970.520176	0.0	1.0	-1.0	-1.0	-1.0	-1.0	-1.0	-1.0	-1.0	-1.0	0.0	marker	peace	Peace	25	0418
-68519.79	-55461.915	-104699.97	-18533.114999999998	0.0	0.0	0.0	0.0	0.0	0.0	0.0	0.0	0.0	0.0	0.0	0.0	0.0	0.0	146.0	0.0	0.039855855	-0.032165445	1.01891829	3.2809	0.03052	-0.6867	3290043.0	1776544970.523476	0.0	1.0	-1.0	-1.0	-1.0	-1.0	-1.0	-1.0	-1.0	-1.0	0.0	marker	peace	Peace	25	0418
-68565.87	-55476.54	-104741.955	-18572.265	0.0	0.0	0.0	0.0	0.0	0.0	0.0	0.0	0.0	0.0	0.0	0.0	0.0	0.0	146.0	0.0	0.039855855	-0.032165445	1.01891829	3.2809	0.03052	-0.6867	3290044.0	1776544970.523483	0.0	1.0	-1.0	-1.0	-1.0	-1.0	-1.0	-1.0	-1.0	-1.0	0.0	marker	peace	Peace	25	0418
-68586.03	-55487.79	-104762.97	-18586.665	0.0	0.0	0.0	0.0	0.0	0.0	0.0	0.0	0.0	0.0	0.0	0.0	0.0	0.0	146.0	0.0	0.039855855	-0.032165445	1.01891829	3.2809	0.03052	-0.6867	3290045.0	1776544970.52768	0.0	1.0	-1.0	-1.0	-1.0	-1.0	-1.0	-1.0	-1.0	-1.0	0.0	marker	peace	Peace	25	0418
-68530.995	-55491.255	-104721.93	-18558.18	0.0	0.0	0.0	0.0	0.0	0.0	0.0	0.0	0.0	0.0	0.0	0.0	0.0	0.0	146.0	0.0	0.039855855	-0.032165445	1.01891829	3.2809	0.03052	-0.6867	3290046.0	1776544970.527691	0.0	1.0	-1.0	-1.0	-1.0	-1.0	-1.0	-1.0	-1.0	-1.0	0.0	marker	peace	Peace	25	0418
-68554.26	-55491.795	-104742.45	-18581.805	0.0	0.0	0.0	0.0	0.0	0.0	0.0	0.0	0.0	0.0	0.0	0.0	0.0	0.0	146.0	0.0	0.0378417	-0.03198234	1.02135969	3.17408	-0.39676	-0.9156	3290047.0	1776544970.531591	0.0	1.0	-1.0	-1.0	-1.0	-1.0	-1.0	-1.0	-1.0	-1.0	0.0	marker	peace	Peace	25	0418
-68572.125	-55480.994999999995	-104746.00499999999	-18589.094999999998	0.0	0.0	0.0	0.0	0.0	0.0	0.0	0.0	0.0	0.0	0.0	0.0	0.0	0.0	146.0	0.0	0.0378417	-0.03198234	1.02135969	3.17408	-0.39676	-0.9156	3290048.0	1776544970.531597	0.0	1.0	-1.0	-1.0	-1.0	-1.0	-1.0	-1.0	-1.0	-1.0	0.0	marker	peace	Peace	25	0418
-68573.43	-55473.39	-104758.69499999999	-18603.045	0.0	0.0	0.0	0.0	0.0	0.0	0.0	0.0	0.0	0.0	0.0	0.0	0.0	0.0	146.0	0.0	0.0378417	-0.03198234	1.02135969	3.17408	-0.39676	-0.9156	3290049.0	1776544970.535829	0.0	1.0	-1.0	-1.0	-1.0	-1.0	-1.0	-1.0	-1.0	-1.0	0.0	marker	peace	Peace	25	0418
-68565.465	-55471.005	-104761.665	-18581.04	0.0	0.0	0.0	0.0	0.0	0.0	0.0	0.0	0.0	0.0	0.0	0.0	0.0	0.0	146.0	0.0	0.0378417	-0.03198234	1.02135969	3.17408	-0.39676	-0.9156	3290050.0	1776544970.535846	0.0	1.0	-1.0	-1.0	-1.0	-1.0	-1.0	-1.0	-1.0	-1.0	0.0	marker	peace	Peace	25	0418
-68498.505	-55470.24	-104681.25	-18498.375	0.0	0.0	0.0	0.0	0.0	0.0	0.0	0.0	0.0	0.0	0.0	0.0	0.0	0.0	146.0	0.0	0.0378417	-0.03198234	1.02135969	3.17408	-0.39676	-0.9156	3290051.0	1776544970.539695	0.0	1.0	-1.0	-1.0	-1.0	-1.0	-1.0	-1.0	-1.0	-1.0	0.0	marker	peace	Peace	25	0418
-68520.23999999999	-55475.685	-104674.05	-18522.855	0.0	0.0	0.0	0.0	0.0	0.0	0.0	0.0	0.0	0.0	0.0	0.0	0.0	0.0	146.0	0.0	0.0378417	-0.03198234	1.02135969	3.17408	-0.39676	-0.9156	3290052.0	1776544970.5397	0.0	1.0	-1.0	-1.0	-1.0	-1.0	-1.0	-1.0	-1.0	-1.0	0.0	marker	peace	Peace	25	0418
-68564.295	-55489.905	-104724.94499999999	-18580.545	0.0	0.0	0.0	0.0	0.0	0.0	0.0	0.0	0.0	0.0	0.0	0.0	0.0	0.0	146.0	0.0	0.0378417	-0.03198234	1.02135969	3.17408	-0.39676	-0.9156	3290053.0	1776544970.543731	0.0	1.0	-1.0	-1.0	-1.0	-1.0	-1.0	-1.0	-1.0	-1.0	0.0	marker	peace	Peace	25	0418
-68556.645	-55504.665	-104737.905	-18566.82	0.0	0.0	0.0	0.0	0.0	0.0	0.0	0.0	0.0	0.0	0.0	0.0	0.0	0.0	146.0	0.0	0.0378417	-0.03198234	1.02135969	3.17408	-0.39676	-0.9156	3290054.0	1776544970.543747	0.0	1.0	-1.0	-1.0	-1.0	-1.0	-1.0	-1.0	-1.0	-1.0	0.0	marker	peace	Peace	25	0418
-68541.39	-55500.525	-104743.62	-18562.364999999998	0.0	0.0	0.0	0.0	0.0	0.0	0.0	0.0	0.0	0.0	0.0	0.0	0.0	0.0	146.0	0.0	0.0378417	-0.03198234	1.02135969	3.17408	-0.39676	-0.9156	3290055.0	1776544970.548147	0.0	1.0	-1.0	-1.0	-1.0	-1.0	-1.0	-1.0	-1.0	-1.0	0.0	marker	peace	Peace	25	0418
-68537.34	-55500.21	-104726.7	-18553.364999999998	0.0	0.0	0.0	0.0	0.0	0.0	0.0	0.0	0.0	0.0	0.0	0.0	0.0	0.0	146.0	0.0	0.0378417	-0.03198234	1.02135969	3.17408	-0.39676	-0.9156	3290056.0	1776544970.548162	0.0	1.0	-1.0	-1.0	-1.0	-1.0	-1.0	-1.0	-1.0	-1.0	0.0	marker	peace	Peace	25	0418
-68551.605	-55503.72	-104735.43	-18557.64	0.0	0.0	0.0	0.0	0.0	0.0	0.0	0.0	0.0	0.0	0.0	0.0	0.0	0.0	146.0	0.0	0.039977925	-0.032531655	1.01989485	3.9828599999999996	-0.8698199999999999	-1.4802199999999999	3290057.0	1776544970.551752	0.0	1.0	-1.0	-1.0	-1.0	-1.0	-1.0	-1.0	-1.0	-1.0	0.0	marker	peace	Peace	25	0418
-68543.505	-55507.77	-104720.355	-18549.315	0.0	0.0	0.0	0.0	0.0	0.0	0.0	0.0	0.0	0.0	0.0	0.0	0.0	0.0	146.0	0.0	0.039977925	-0.032531655	1.01989485	3.9828599999999996	-0.8698199999999999	-1.4802199999999999	3290058.0	1776544970.551767	0.0	1.0	-1.0	-1.0	-1.0	-1.0	-1.0	-1.0	-1.0	-1.0	0.0	marker	peace	Peace	25	0418
-68552.955	-55514.88	-104715.18	-18552.239999999998	0.0	0.0	0.0	0.0	0.0	0.0	0.0	0.0	0.0	0.0	0.0	0.0	0.0	0.0	146.0	0.0	0.039977925	-0.032531655	1.01989485	3.9828599999999996	-0.8698199999999999	-1.4802199999999999	3290059.0	1776544970.555811	0.0	1.0	-1.0	-1.0	-1.0	-1.0	-1.0	-1.0	-1.0	-1.0	0.0	marker	peace	Peace	25	0418
-68547.59999999999	-55520.28	-104700.51	-18549.09	0.0	0.0	0.0	0.0	0.0	0.0	0.0	0.0	0.0	0.0	0.0	0.0	0.0	0.0	146.0	0.0	0.039977925	-0.032531655	1.01989485	3.9828599999999996	-0.8698199999999999	-1.4802199999999999	3290060.0	1776544970.555826	0.0	1.0	-1.0	-1.0	-1.0	-1.0	-1.0	-1.0	-1.0	-1.0	0.0	marker	peace	Peace	25	0418
-68556.95999999999	-55514.7	-104728.095	-18567.225	0.0	0.0	0.0	0.0	0.0	0.0	0.0	0.0	0.0	0.0	0.0	0.0	0.0	0.0	146.0	0.0	0.039977925	-0.032531655	1.01989485	3.9828599999999996	-0.8698199999999999	-1.4802199999999999	3290061.0	1776544970.559754	0.0	1.0	-1.0	-1.0	-1.0	-1.0	-1.0	-1.0	-1.0	-1.0	0.0	marker	peace	Peace	25	0418
-68565.42	-55510.155	-104756.89499999999	-18568.53	0.0	0.0	0.0	0.0	0.0	0.0	0.0	0.0	0.0	0.0	0.0	0.0	0.0	0.0	146.0	0.0	0.039977925	-0.032531655	1.01989485	3.9828599999999996	-0.8698199999999999	-1.4802199999999999	3290062.0	1776544970.559768	0.0	1.0	-1.0	-1.0	-1.0	-1.0	-1.0	-1.0	-1.0	-1.0	0.0	marker	peace	Peace	25	0418
-68549.895	-55503.18	-104737.815	-18558.495	0.0	0.0	0.0	0.0	0.0	0.0	0.0	0.0	0.0	0.0	0.0	0.0	0.0	0.0	146.0	0.0	0.039977925	-0.032531655	1.01989485	3.9828599999999996	-0.8698199999999999	-1.4802199999999999	3290063.0	1776544970.563797	0.0	1.0	-1.0	-1.0	-1.0	-1.0	-1.0	-1.0	-1.0	-1.0	0.0	marker	peace	Peace	25	0418
-68539.095	-55496.744999999995	-104720.265	-18558.0	0.0	0.0	0.0	0.0	0.0	0.0	0.0	0.0	0.0	0.0	0.0	0.0	0.0	0.0	146.0	0.0	0.039977925	-0.032531655	1.01989485	3.9828599999999996	-0.8698199999999999	-1.4802199999999999	3290064.0	1776544970.563806	0.0	1.0	-1.0	-1.0	-1.0	-1.0	-1.0	-1.0	-1.0	-1.0	0.0	marker	peace	Peace	25	0418
-68558.175	-55495.53	-104727.64499999999	-18566.325	0.0	0.0	0.0	0.0	0.0	0.0	0.0	0.0	0.0	0.0	0.0	0.0	0.0	0.0	146.0	0.0	0.039977925	-0.032531655	1.01989485	3.9828599999999996	-0.8698199999999999	-1.4802199999999999	3290065.0	1776544970.570182	0.0	1.0	-1.0	-1.0	-1.0	-1.0	-1.0	-1.0	-1.0	-1.0	0.0	marker	peace	Peace	25	0418
-68563.935	-55498.634999999995	-104745.23999999999	-18580.5	0.0	0.0	0.0	0.0	0.0	0.0	0.0	0.0	0.0	0.0	0.0	0.0	0.0	0.0	146.0	0.0	0.039977925	-0.032531655	1.01989485	3.9828599999999996	-0.8698199999999999	-1.4802199999999999	3290066.0	1776544970.570191	0.0	1.0	-1.0	-1.0	-1.0	-1.0	-1.0	-1.0	-1.0	-1.0	0.0	marker	peace	Peace	25	0418
-68561.955	-55500.975	-104747.805	-18578.655	0.0	0.0	0.0	0.0	0.0	0.0	0.0	0.0	0.0	0.0	0.0	0.0	0.0	0.0	146.0	0.0	0.04296864	-0.03039543	1.02038313	2.71628	0.0	-0.44254	3290067.0	1776544970.571772	0.0	1.0	-1.0	-1.0	-1.0	-1.0	-1.0	-1.0	-1.0	-1.0	0.0	marker	peace	Peace	25	0418
-68560.065	-55501.784999999996	-104733.62999999999	-18559.71	0.0	0.0	0.0	0.0	0.0	0.0	0.0	0.0	0.0	0.0	0.0	0.0	0.0	0.0	146.0	0.0	0.04296864	-0.03039543	1.02038313	2.71628	0.0	-0.44254	3290068.0	1776544970.571779	0.0	1.0	-1.0	-1.0	-1.0	-1.0	-1.0	-1.0	-1.0	-1.0	0.0	marker	peace	Peace	25	0418
-68543.055	-55501.2	-104709.375	-18537.3	0.0	0.0	0.0	0.0	0.0	0.0	0.0	0.0	0.0	0.0	0.0	0.0	0.0	0.0	146.0	0.0	0.04296864	-0.03039543	1.02038313	2.71628	0.0	-0.44254	3290069.0	1776544970.575905	0.0	1.0	-1.0	-1.0	-1.0	-1.0	-1.0	-1.0	-1.0	-1.0	0.0	marker	peace	Peace	25	0418
-68492.745	-55492.515	-104661.315	-18501.075	0.0	0.0	0.0	0.0	0.0	0.0	0.0	0.0	0.0	0.0	0.0	0.0	0.0	0.0	146.0	0.0	0.04296864	-0.03039543	1.02038313	2.71628	0.0	-0.44254	3290070.0	1776544970.575912	0.0	1.0	-1.0	-1.0	-1.0	-1.0	-1.0	-1.0	-1.0	-1.0	0.0	marker	peace	Peace	25	0418
-68506.065	-55492.244999999995	-104694.12	-18531.495	0.0	0.0	0.0	0.0	0.0	0.0	0.0	0.0	0.0	0.0	0.0	0.0	0.0	0.0	146.0	0.0	0.04296864	-0.03039543	1.02038313	2.71628	0.0	-0.44254	3290071.0	1776544970.579773	0.0	1.0	-1.0	-1.0	-1.0	-1.0	-1.0	-1.0	-1.0	-1.0	0.0	marker	peace	Peace	25	0418
-68557.455	-55487.34	-104744.79	-18583.065	0.0	0.0	0.0	0.0	0.0	0.0	0.0	0.0	0.0	0.0	0.0	0.0	0.0	0.0	146.0	0.0	0.04296864	-0.03039543	1.02038313	2.71628	0.0	-0.44254	3290072.0	1776544970.579779	0.0	1.0	-1.0	-1.0	-1.0	-1.0	-1.0	-1.0	-1.0	-1.0	0.0	marker	peace	Peace	25	0418
-68568.39	-55473.03	-104727.015	-18562.184999999998	0.0	0.0	0.0	0.0	0.0	0.0	0.0	0.0	0.0	0.0	0.0	0.0	0.0	0.0	146.0	0.0	0.04296864	-0.03039543	1.02038313	2.71628	0.0	-0.44254	3290073.0	1776544970.583746	0.0	1.0	-1.0	-1.0	-1.0	-1.0	-1.0	-1.0	-1.0	-1.0	0.0	marker	peace	Peace	25	0418
-68561.595	-55469.295	-104740.425	-18562.725	0.0	0.0	0.0	0.0	0.0	0.0	0.0	0.0	0.0	0.0	0.0	0.0	0.0	0.0	146.0	0.0	0.04296864	-0.03039543	1.02038313	2.71628	0.0	-0.44254	3290074.0	1776544970.583753	0.0	1.0	-1.0	-1.0	-1.0	-1.0	-1.0	-1.0	-1.0	-1.0	0.0	marker	peace	Peace	25	0418
-68499.63	-55471.32	-104676.84	-18516.735	0.0	0.0	0.0	0.0	0.0	0.0	0.0	0.0	0.0	0.0	0.0	0.0	0.0	0.0	146.0	0.0	0.04296864	-0.03039543	1.02038313	2.71628	0.0	-0.44254	3290075.0	1776544970.58756	0.0	1.0	-1.0	-1.0	-1.0	-1.0	-1.0	-1.0	-1.0	-1.0	0.0	marker	peace	Peace	25	0418
-68477.94	-55493.189999999995	-104686.69499999999	-18513.09	0.0	0.0	0.0	0.0	0.0	0.0	0.0	0.0	0.0	0.0	0.0	0.0	0.0	0.0	146.0	0.0	0.04296864	-0.03039543	1.02038313	2.71628	0.0	-0.44254	3290076.0	1776544970.587575	0.0	1.0	-1.0	-1.0	-1.0	-1.0	-1.0	-1.0	-1.0	-1.0	0.0	marker	peace	Peace	25	0418
-68541.84	-55507.68	-104742.72	-18563.895	0.0	0.0	0.0	0.0	0.0	0.0	0.0	0.0	0.0	0.0	0.0	0.0	0.0	0.0	146.0	0.0	0.04382313	-0.03063957	1.01830794	4.66956	-0.24416	-1.0224199999999999	3290077.0	1776544970.593231	0.0	1.0	-1.0	-1.0	-1.0	-1.0	-1.0	-1.0	-1.0	-1.0	0.0	marker	peace	Peace	25	0418
-68592.645	-55504.845	-104763.78	-18592.245	0.0	0.0	0.0	0.0	0.0	0.0	0.0	0.0	0.0	0.0	0.0	0.0	0.0	0.0	146.0	0.0	0.04382313	-0.03063957	1.01830794	4.66956	-0.24416	-1.0224199999999999	3290078.0	1776544970.593246	0.0	1.0	-1.0	-1.0	-1.0	-1.0	-1.0	-1.0	-1.0	-1.0	0.0	marker	peace	Peace	25	0418
-68572.17	-55503.54	-104754.59999999999	-18590.085	0.0	0.0	0.0	0.0	0.0	0.0	0.0	0.0	0.0	0.0	0.0	0.0	0.0	0.0	146.0	0.0	0.04382313	-0.03063957	1.01830794	4.66956	-0.24416	-1.0224199999999999	3290079.0	1776544970.595871	0.0	1.0	-1.0	-1.0	-1.0	-1.0	-1.0	-1.0	-1.0	-1.0	0.0	marker	peace	Peace	25	0418
-68537.295	-55492.335	-104732.19	-18569.969999999998	0.0	0.0	0.0	0.0	0.0	0.0	0.0	0.0	0.0	0.0	0.0	0.0	0.0	0.0	146.0	0.0	0.04382313	-0.03063957	1.01830794	4.66956	-0.24416	-1.0224199999999999	3290080.0	1776544970.595888	0.0	1.0	-1.0	-1.0	-1.0	-1.0	-1.0	-1.0	-1.0	-1.0	0.0	marker	peace	Peace	25	0418
-68547.105	-55482.659999999996	-104740.245	-18576.045	0.0	0.0	0.0	0.0	0.0	0.0	0.0	0.0	0.0	0.0	0.0	0.0	0.0	0.0	146.0	0.0	0.04382313	-0.03063957	1.01830794	4.66956	-0.24416	-1.0224199999999999	3290081.0	1776544970.629228	0.0	1.0	-1.0	-1.0	-1.0	-1.0	-1.0	-1.0	-1.0	-1.0	0.0	marker	peace	Peace	25	0418
-68571.81	-55471.994999999995	-104756.22	-18577.17	0.0	0.0	0.0	0.0	0.0	0.0	0.0	0.0	0.0	0.0	0.0	0.0	0.0	0.0	146.0	0.0	0.04382313	-0.03063957	1.01830794	4.66956	-0.24416	-1.0224199999999999	3290082.0	1776544970.62925	0.0	1.0	-1.0	-1.0	-1.0	-1.0	-1.0	-1.0	-1.0	-1.0	0.0	marker	peace	Peace	25	0418
-68562.27	-55459.215	-104739.93	-18557.46	0.0	0.0	0.0	0.0	0.0	0.0	0.0	0.0	0.0	0.0	0.0	0.0	0.0	0.0	146.0	0.0	0.04382313	-0.03063957	1.01830794	4.66956	-0.24416	-1.0224199999999999	3290083.0	1776544970.62927	0.0	1.0	-1.0	-1.0	-1.0	-1.0	-1.0	-1.0	-1.0	-1.0	0.0	marker	peace	Peace	25	0418
-68563.89	-55460.204999999994	-104740.065	-18566.37	0.0	0.0	0.0	0.0	0.0	0.0	0.0	0.0	0.0	0.0	0.0	0.0	0.0	0.0	146.0	0.0	0.04382313	-0.03063957	1.01830794	4.66956	-0.24416	-1.0224199999999999	3290084.0	1776544970.629279	0.0	1.0	-1.0	-1.0	-1.0	-1.0	-1.0	-1.0	-1.0	-1.0	0.0	marker	peace	Peace	25	0418
-68558.715	-55456.11	-104744.655	-18577.98	0.0	0.0	0.0	0.0	0.0	0.0	0.0	0.0	0.0	0.0	0.0	0.0	0.0	0.0	146.0	0.0	0.04382313	-0.03063957	1.01830794	4.66956	-0.24416	-1.0224199999999999	3290085.0	1776544970.629291	0.0	1.0	-1.0	-1.0	-1.0	-1.0	-1.0	-1.0	-1.0	-1.0	0.0	marker	peace	Peace	25	0418
-68567.535	-55446.795	-104753.565	-18583.739999999998	0.0	0.0	0.0	0.0	0.0	0.0	0.0	0.0	0.0	0.0	0.0	0.0	0.0	0.0	146.0	0.0	0.04382313	-0.03063957	1.01830794	4.66956	-0.24416	-1.0224199999999999	3290086.0	1776544970.629299	0.0	1.0	-1.0	-1.0	-1.0	-1.0	-1.0	-1.0	-1.0	-1.0	0.0	marker	peace	Peace	25	0418
-68563.62	-55436.354999999996	-104740.73999999999	-18565.38	0.0	0.0	0.0	0.0	0.0	0.0	0.0	0.0	0.0	0.0	0.0	0.0	0.0	0.0	146.0	0.0	0.04309071	-0.0280761	1.010556495	4.07442	-0.10682	-0.18312	3290087.0	1776544970.629349	0.0	1.0	-1.0	-1.0	-1.0	-1.0	-1.0	-1.0	-1.0	-1.0	0.0	marker	peace	Peace	25	0418
-68537.655	-55426.95	-104724.26999999999	-18547.605	0.0	0.0	0.0	0.0	0.0	0.0	0.0	0.0	0.0	0.0	0.0	0.0	0.0	0.0	146.0	0.0	0.04309071	-0.0280761	1.010556495	4.07442	-0.10682	-0.18312	3290088.0	1776544970.629369	0.0	1.0	-1.0	-1.0	-1.0	-1.0	-1.0	-1.0	-1.0	-1.0	0.0	marker	peace	Peace	25	0418
-68533.83	-55424.07	-104720.355	-18545.04	0.0	0.0	0.0	0.0	0.0	0.0	0.0	0.0	0.0	0.0	0.0	0.0	0.0	0.0	146.0	0.0	0.04309071	-0.0280761	1.010556495	4.07442	-0.10682	-0.18312	3290089.0	1776544970.629383	0.0	1.0	-1.0	-1.0	-1.0	-1.0	-1.0	-1.0	-1.0	-1.0	0.0	marker	peace	Peace	25	0418
-68505.48	-55425.509999999995	-104699.87999999999	-18529.02	0.0	0.0	0.0	0.0	0.0	0.0	0.0	0.0	0.0	0.0	0.0	0.0	0.0	0.0	146.0	0.0	0.04309071	-0.0280761	1.010556495	4.07442	-0.10682	-0.18312	3290090.0	1776544970.629392	0.0	1.0	-1.0	-1.0	-1.0	-1.0	-1.0	-1.0	-1.0	-1.0	0.0	marker	peace	Peace	25	0418
-68503.68	-55430.595	-104691.555	-18526.59	0.0	0.0	0.0	0.0	0.0	0.0	0.0	0.0	0.0	0.0	0.0	0.0	0.0	0.0	146.0	0.0	0.04309071	-0.0280761	1.010556495	4.07442	-0.10682	-0.18312	3290091.0	1776544970.629402	0.0	1.0	-1.0	-1.0	-1.0	-1.0	-1.0	-1.0	-1.0	-1.0	0.0	marker	peace	Peace	25	0418
-68541.61499999999	-55453.14	-104710.14	-18547.695	0.0	0.0	0.0	0.0	0.0	0.0	0.0	0.0	0.0	0.0	0.0	0.0	0.0	0.0	146.0	0.0	0.04309071	-0.0280761	1.010556495	4.07442	-0.10682	-0.18312	3290092.0	1776544970.62941	0.0	1.0	-1.0	-1.0	-1.0	-1.0	-1.0	-1.0	-1.0	-1.0	0.0	marker	peace	Peace	25	0418
-68581.08	-55473.57	-104735.205	-18572.265	0.0	0.0	0.0	0.0	0.0	0.0	0.0	0.0	0.0	0.0	0.0	0.0	0.0	0.0	146.0	0.0	0.04309071	-0.0280761	1.010556495	4.07442	-0.10682	-0.18312	3290093.0	1776544970.629419	0.0	1.0	-1.0	-1.0	-1.0	-1.0	-1.0	-1.0	-1.0	-1.0	0.0	marker	peace	Peace	25	0418
-68575.72499999999	-55479.689999999995	-104741.955	-18582.21	0.0	0.0	0.0	0.0	0.0	0.0	0.0	0.0	0.0	0.0	0.0	0.0	0.0	0.0	146.0	0.0	0.04309071	-0.0280761	1.010556495	4.07442	-0.10682	-0.18312	3290094.0	1776544970.629427	0.0	1.0	-1.0	-1.0	-1.0	-1.0	-1.0	-1.0	-1.0	-1.0	0.0	marker	peace	Peace	25	0418
-68558.67	-55479.915	-104730.65999999999	-18576.45	0.0	0.0	0.0	0.0	0.0	0.0	0.0	0.0	0.0	0.0	0.0	0.0	0.0	0.0	146.0	0.0	0.04309071	-0.0280761	1.010556495	4.07442	-0.10682	-0.18312	3290095.0	1776544970.629437	0.0	1.0	-1.0	-1.0	-1.0	-1.0	-1.0	-1.0	-1.0	-1.0	0.0	marker	peace	Peace	25	0418
-68546.295	-55469.7	-104752.845	-18582.704999999998	0.0	0.0	0.0	0.0	0.0	0.0	0.0	0.0	0.0	0.0	0.0	0.0	0.0	0.0	146.0	0.0	0.04309071	-0.0280761	1.010556495	4.07442	-0.10682	-0.18312	3290096.0	1776544970.629444	0.0	1.0	-1.0	-1.0	-1.0	-1.0	-1.0	-1.0	-1.0	-1.0	0.0	marker	peace	Peace	25	0418
-68533.155	-55452.375	-104747.58	-18572.94	0.0	0.0	0.0	0.0	0.0	0.0	0.0	0.0	0.0	0.0	0.0	0.0	0.0	0.0	146.0	0.0	0.04443348	-0.021789495	1.010312355	1.6633399999999998	0.82404	-0.5341	3290097.0	1776544970.63235	0.0	1.0	-1.0	-1.0	-1.0	-1.0	-1.0	-1.0	-1.0	-1.0	0.0	marker	peace	Peace	25	0418
-68548.14	-55445.895	-104738.22	-18567.495	0.0	0.0	0.0	0.0	0.0	0.0	0.0	0.0	0.0	0.0	0.0	0.0	0.0	0.0	146.0	0.0	0.04443348	-0.021789495	1.010312355	1.6633399999999998	0.82404	-0.5341	3290098.0	1776544970.632381	0.0	1.0	-1.0	-1.0	-1.0	-1.0	-1.0	-1.0	-1.0	-1.0	0.0	marker	peace	Peace	25	0418
-68567.44499999999	-55458.045	-104755.68	-18580.094999999998	0.0	0.0	0.0	0.0	0.0	0.0	0.0	0.0	0.0	0.0	0.0	0.0	0.0	0.0	146.0	0.0	0.04443348	-0.021789495	1.010312355	1.6633399999999998	0.82404	-0.5341	3290099.0	1776544970.635989	0.0	1.0	-1.0	-1.0	-1.0	-1.0	-1.0	-1.0	-1.0	-1.0	0.0	marker	peace	Peace	25	0418
-68567.895	-55476.09	-104751.045	-18575.055	0.0	0.0	0.0	0.0	0.0	0.0	0.0	0.0	0.0	0.0	0.0	0.0	0.0	0.0	146.0	0.0	0.04443348	-0.021789495	1.010312355	1.6633399999999998	0.82404	-0.5341	3290100.0	1776544970.636024	0.0	1.0	-1.0	-1.0	-1.0	-1.0	-1.0	-1.0	-1.0	-1.0	0.0	marker	peace	Peace	25	0418
-68542.515	-55493.46	-104718.19499999999	-18546.93	0.0	0.0	0.0	0.0	0.0	0.0	0.0	0.0	0.0	0.0	0.0	0.0	0.0	0.0	146.0	0.0	0.04443348	-0.021789495	1.010312355	1.6633399999999998	0.82404	-0.5341	3290101.0	1776544970.640311	0.0	1.0	-1.0	-1.0	-1.0	-1.0	-1.0	-1.0	-1.0	-1.0	0.0	marker	peace	Peace	25	0418
-68530.36499999999	-55494.765	-104708.25	-18540.405	0.0	0.0	0.0	0.0	0.0	0.0	0.0	0.0	0.0	0.0	0.0	0.0	0.0	0.0	146.0	0.0	0.04443348	-0.021789495	1.010312355	1.6633399999999998	0.82404	-0.5341	3290102.0	1776544970.640328	0.0	1.0	-1.0	-1.0	-1.0	-1.0	-1.0	-1.0	-1.0	-1.0	0.0	marker	peace	Peace	25	0418
-68532.12	-55490.759999999995	-104714.055	-18542.565	0.0	0.0	0.0	0.0	0.0	0.0	0.0	0.0	0.0	0.0	0.0	0.0	0.0	0.0	146.0	0.0	0.04443348	-0.021789495	1.010312355	1.6633399999999998	0.82404	-0.5341	3290103.0	1776544970.644006	0.0	1.0	-1.0	-1.0	-1.0	-1.0	-1.0	-1.0	-1.0	-1.0	0.0	marker	peace	Peace	25	0418
-68511.87	-55478.07	-104701.545	-18530.145	0.0	0.0	0.0	0.0	0.0	0.0	0.0	0.0	0.0	0.0	0.0	0.0	0.0	0.0	146.0	0.0	0.04443348	-0.021789495	1.010312355	1.6633399999999998	0.82404	-0.5341	3290104.0	1776544970.644021	0.0	1.0	-1.0	-1.0	-1.0	-1.0	-1.0	-1.0	-1.0	-1.0	0.0	marker	peace	Peace	25	0418
-68556.105	-55472.805	-104754.42	-18575.64	0.0	0.0	0.0	0.0	0.0	0.0	0.0	0.0	0.0	0.0	0.0	0.0	0.0	0.0	146.0	0.0	0.04443348	-0.021789495	1.010312355	1.6633399999999998	0.82404	-0.5341	3290105.0	1776544970.648123	0.0	1.0	-1.0	-1.0	-1.0	-1.0	-1.0	-1.0	-1.0	-1.0	0.0	marker	peace	Peace	25	0418
-68572.305	-55473.57	-104778.94499999999	-18601.875	0.0	0.0	0.0	0.0	0.0	0.0	0.0	0.0	0.0	0.0	0.0	0.0	0.0	0.0	146.0	0.0	0.04443348	-0.021789495	1.010312355	1.6633399999999998	0.82404	-0.5341	3290106.0	1776544970.648142	0.0	1.0	-1.0	-1.0	-1.0	-1.0	-1.0	-1.0	-1.0	-1.0	0.0	marker	peace	Peace	25	0418
-68541.84	-55471.68	-104745.87	-18570.239999999998	0.0	0.0	0.0	0.0	0.0	0.0	0.0	0.0	0.0	0.0	0.0	0.0	0.0	0.0	146.0	0.0	0.04455555	-0.022277775	1.010800635	1.89224	0.9156	0.13734	3290107.0	1776544970.65508	0.0	1.0	-1.0	-1.0	-1.0	-1.0	-1.0	-1.0	-1.0	-1.0	0.0	marker	peace	Peace	25	0418
-68465.43	-55479.869999999995	-104655.23999999999	-18481.905	0.0	0.0	0.0	0.0	0.0	0.0	0.0	0.0	0.0	0.0	0.0	0.0	0.0	0.0	146.0	0.0	0.04455555	-0.022277775	1.010800635	1.89224	0.9156	0.13734	3290108.0	1776544970.655108	0.0	1.0	-1.0	-1.0	-1.0	-1.0	-1.0	-1.0	-1.0	-1.0	0.0	marker	peace	Peace	25	0418
-68513.48999999999	-55487.43	-104678.50499999999	-18510.57	0.0	0.0	0.0	0.0	0.0	0.0	0.0	0.0	0.0	0.0	0.0	0.0	0.0	0.0	146.0	0.0	0.04455555	-0.022277775	1.010800635	1.89224	0.9156	0.13734	3290109.0	1776544970.655901	0.0	1.0	-1.0	-1.0	-1.0	-1.0	-1.0	-1.0	-1.0	-1.0	0.0	marker	peace	Peace	25	0418
-68579.73	-55484.415	-104727.42	-18573.39	0.0	0.0	0.0	0.0	0.0	0.0	0.0	0.0	0.0	0.0	0.0	0.0	0.0	0.0	146.0	0.0	0.04455555	-0.022277775	1.010800635	1.89224	0.9156	0.13734	3290110.0	1776544970.655919	0.0	1.0	-1.0	-1.0	-1.0	-1.0	-1.0	-1.0	-1.0	-1.0	0.0	marker	peace	Peace	25	0418
-68539.59	-55471.68	-104697.0	-18549.135	0.0	0.0	0.0	0.0	0.0	0.0	0.0	0.0	0.0	0.0	0.0	0.0	0.0	0.0	146.0	0.0	0.04455555	-0.022277775	1.010800635	1.89224	0.9156	0.13734	3290111.0	1776544970.660076	0.0	1.0	-1.0	-1.0	-1.0	-1.0	-1.0	-1.0	-1.0	-1.0	0.0	marker	peace	Peace	25	0418
-68599.08	-55470.104999999996	-104767.515	-18595.305	0.0	0.0	0.0	0.0	0.0	0.0	0.0	0.0	0.0	0.0	0.0	0.0	0.0	0.0	146.0	0.0	0.04455555	-0.022277775	1.010800635	1.89224	0.9156	0.13734	3290112.0	1776544970.660095	0.0	1.0	-1.0	-1.0	-1.0	-1.0	-1.0	-1.0	-1.0	-1.0	0.0	marker	peace	Peace	25	0418
-68562.72	-55470.869999999995	-104757.345	-18579.555	0.0	0.0	0.0	0.0	0.0	0.0	0.0	0.0	0.0	0.0	0.0	0.0	0.0	0.0	146.0	0.0	0.04455555	-0.022277775	1.010800635	1.89224	0.9156	0.13734	3290113.0	1776544970.664014	0.0	1.0	-1.0	-1.0	-1.0	-1.0	-1.0	-1.0	-1.0	-1.0	0.0	marker	peace	Peace	25	0418
-68551.425	-55465.875	-104745.915	-18571.094999999998	0.0	0.0	0.0	0.0	0.0	0.0	0.0	0.0	0.0	0.0	0.0	0.0	0.0	0.0	146.0	0.0	0.04455555	-0.022277775	1.010800635	1.89224	0.9156	0.13734	3290114.0	1776544970.664043	0.0	1.0	-1.0	-1.0	-1.0	-1.0	-1.0	-1.0	-1.0	-1.0	0.0	marker	peace	Peace	25	0418
-68544.9	-55463.534999999996	-104710.815	-18540.225	0.0	0.0	0.0	0.0	0.0	0.0	0.0	0.0	0.0	0.0	0.0	0.0	0.0	0.0	146.0	0.0	0.04455555	-0.022277775	1.010800635	1.89224	0.9156	0.13734	3290115.0	1776544970.66801	0.0	1.0	-1.0	-1.0	-1.0	-1.0	-1.0	-1.0	-1.0	-1.0	0.0	marker	peace	Peace	25	0418
-68519.11499999999	-55473.299999999996	-104700.59999999999	-18536.579999999998	0.0	0.0	0.0	0.0	0.0	0.0	0.0	0.0	0.0	0.0	0.0	0.0	0.0	0.0	146.0	0.0	0.04455555	-0.022277775	1.010800635	1.89224	0.9156	0.13734	3290116.0	1776544970.668029	0.0	1.0	-1.0	-1.0	-1.0	-1.0	-1.0	-1.0	-1.0	-1.0	0.0	marker	peace	Peace	25	0418
-68553.045	-55482.704999999994	-104723.14499999999	-18563.895	0.0	0.0	0.0	0.0	0.0	0.0	0.0	0.0	0.0	0.0	0.0	0.0	0.0	0.0	146.0	0.0	0.04443348	-0.02624505	1.01403549	1.72438	0.85456	0.01526	3290117.0	1776544970.672487	0.0	1.0	-1.0	-1.0	-1.0	-1.0	-1.0	-1.0	-1.0	-1.0	0.0	marker	peace	Peace	25	0418
-68565.285	-55490.445	-104734.575	-18566.64	0.0	0.0	0.0	0.0	0.0	0.0	0.0	0.0	0.0	0.0	0.0	0.0	0.0	0.0	146.0	0.0	0.04443348	-0.02624505	1.01403549	1.72438	0.85456	0.01526	3290118.0	1776544970.672512	0.0	1.0	-1.0	-1.0	-1.0	-1.0	-1.0	-1.0	-1.0	-1.0	0.0	marker	peace	Peace	25	0418
-68553.54	-55494.63	-104735.7	-18555.48	0.0	0.0	0.0	0.0	0.0	0.0	0.0	0.0	0.0	0.0	0.0	0.0	0.0	0.0	146.0	0.0	0.04443348	-0.02624505	1.01403549	1.72438	0.85456	0.01526	3290119.0	1776544970.681907	0.0	1.0	-1.0	-1.0	-1.0	-1.0	-1.0	-1.0	-1.0	-1.0	0.0	marker	peace	Peace	25	0418
-68547.015	-55494.045	-104733.72	-18561.105	0.0	0.0	0.0	0.0	0.0	0.0	0.0	0.0	0.0	0.0	0.0	0.0	0.0	0.0	146.0	0.0	0.04443348	-0.02624505	1.01403549	1.72438	0.85456	0.01526	3290120.0	1776544970.681932	0.0	1.0	-1.0	-1.0	-1.0	-1.0	-1.0	-1.0	-1.0	-1.0	0.0	marker	peace	Peace	25	0418
-68526.22499999999	-55495.53	-104733.09	-18561.375	0.0	0.0	0.0	0.0	0.0	0.0	0.0	0.0	0.0	0.0	0.0	0.0	0.0	0.0	146.0	0.0	0.04443348	-0.02624505	1.01403549	1.72438	0.85456	0.01526	3290121.0	1776544970.68195	0.0	1.0	-1.0	-1.0	-1.0	-1.0	-1.0	-1.0	-1.0	-1.0	0.0	marker	peace	Peace	25	0418
-68548.545	-55506.555	-104746.5	-18562.364999999998	0.0	0.0	0.0	0.0	0.0	0.0	0.0	0.0	0.0	0.0	0.0	0.0	0.0	0.0	146.0	0.0	0.04443348	-0.02624505	1.01403549	1.72438	0.85456	0.01526	3290122.0	1776544970.681958	0.0	1.0	-1.0	-1.0	-1.0	-1.0	-1.0	-1.0	-1.0	-1.0	0.0	marker	peace	Peace	25	0418
-68567.94	-55515.24	-104755.36499999999	-18581.67	0.0	0.0	0.0	0.0	0.0	0.0	0.0	0.0	0.0	0.0	0.0	0.0	0.0	0.0	146.0	0.0	0.04443348	-0.02624505	1.01403549	1.72438	0.85456	0.01526	3290123.0	1776544970.68424	0.0	1.0	-1.0	-1.0	-1.0	-1.0	-1.0	-1.0	-1.0	-1.0	0.0	marker	peace	Peace	25	0418
-68514.39	-55517.22	-104714.86499999999	-18553.59	0.0	0.0	0.0	0.0	0.0	0.0	0.0	0.0	0.0	0.0	0.0	0.0	0.0	0.0	146.0	0.0	0.04443348	-0.02624505	1.01403549	1.72438	0.85456	0.01526	3290124.0	1776544970.684257	0.0	1.0	-1.0	-1.0	-1.0	-1.0	-1.0	-1.0	-1.0	-1.0	0.0	marker	peace	Peace	25	0418
-68511.015	-55527.615	-104695.92	-18526.815	0.0	0.0	0.0	0.0	0.0	0.0	0.0	0.0	0.0	0.0	0.0	0.0	0.0	0.0	146.0	0.0	0.04443348	-0.02624505	1.01403549	1.72438	0.85456	0.01526	3290125.0	1776544970.68808	0.0	1.0	-1.0	-1.0	-1.0	-1.0	-1.0	-1.0	-1.0	-1.0	0.0	marker	peace	Peace	25	0418
-68555.295	-55541.115	-104717.06999999999	-18533.114999999998	0.0	0.0	0.0	0.0	0.0	0.0	0.0	0.0	0.0	0.0	0.0	0.0	0.0	0.0	146.0	0.0	0.04443348	-0.02624505	1.01403549	1.72438	0.85456	0.01526	3290126.0	1776544970.688104	0.0	1.0	-1.0	-1.0	-1.0	-1.0	-1.0	-1.0	-1.0	-1.0	0.0	marker	peace	Peace	25	0418
-68572.755	-55544.895	-104742.765	-18566.505	0.0	0.0	0.0	0.0	0.0	0.0	0.0	0.0	0.0	0.0	0.0	0.0	0.0	0.0	146.0	0.0	0.043762095	-0.02587884	1.01867415	1.38866	0.54936	-0.48832	3290127.0	1776544970.692186	0.0	1.0	-1.0	-1.0	-1.0	-1.0	-1.0	-1.0	-1.0	-1.0	0.0	marker	peace	Peace	25	0418
-68566.72499999999	-55540.439999999995	-104742.98999999999	-18569.835	0.0	0.0	0.0	0.0	0.0	0.0	0.0	0.0	0.0	0.0	0.0	0.0	0.0	0.0	146.0	0.0	0.043762095	-0.02587884	1.01867415	1.38866	0.54936	-0.48832	3290128.0	1776544970.692205	0.0	1.0	-1.0	-1.0	-1.0	-1.0	-1.0	-1.0	-1.0	-1.0	0.0	marker	peace	Peace	25	0418
-68547.33	-55523.88	-104724.855	-18555.75	0.0	0.0	0.0	0.0	0.0	0.0	0.0	0.0	0.0	0.0	0.0	0.0	0.0	0.0	146.0	0.0	0.043762095	-0.02587884	1.01867415	1.38866	0.54936	-0.48832	3290129.0	1776544970.70093	0.0	1.0	-1.0	-1.0	-1.0	-1.0	-1.0	-1.0	-1.0	-1.0	0.0	marker	peace	Peace	25	0418
-68546.34	-55514.115	-104731.155	-18560.07	0.0	0.0	0.0	0.0	0.0	0.0	0.0	0.0	0.0	0.0	0.0	0.0	0.0	0.0	146.0	0.0	0.043762095	-0.02587884	1.01867415	1.38866	0.54936	-0.48832	3290130.0	1776544970.700955	0.0	1.0	-1.0	-1.0	-1.0	-1.0	-1.0	-1.0	-1.0	-1.0	0.0	marker	peace	Peace	25	0418
-68555.88	-55516.59	-104748.48	-18567.045	0.0	0.0	0.0	0.0	0.0	0.0	0.0	0.0	0.0	0.0	0.0	0.0	0.0	0.0	146.0	0.0	0.043762095	-0.02587884	1.01867415	1.38866	0.54936	-0.48832	3290131.0	1776544970.700983	0.0	1.0	-1.0	-1.0	-1.0	-1.0	-1.0	-1.0	-1.0	-1.0	0.0	marker	peace	Peace	25	0418
-68553.09	-55525.365	-104741.64	-18561.78	0.0	0.0	0.0	0.0	0.0	0.0	0.0	0.0	0.0	0.0	0.0	0.0	0.0	0.0	146.0	0.0	0.043762095	-0.02587884	1.01867415	1.38866	0.54936	-0.48832	3290132.0	1776544970.701016	0.0	1.0	-1.0	-1.0	-1.0	-1.0	-1.0	-1.0	-1.0	-1.0	0.0	marker	peace	Peace	25	0418
-68530.455	-55533.915	-104714.14499999999	-18540.36	0.0	0.0	0.0	0.0	0.0	0.0	0.0	0.0	0.0	0.0	0.0	0.0	0.0	0.0	146.0	0.0	0.043762095	-0.02587884	1.01867415	1.38866	0.54936	-0.48832	3290133.0	1776544970.704198	0.0	1.0	-1.0	-1.0	-1.0	-1.0	-1.0	-1.0	-1.0	-1.0	0.0	marker	peace	Peace	25	0418
-68506.11	-55532.924999999996	-104688.18	-18522.09	0.0	0.0	0.0	0.0	0.0	0.0	0.0	0.0	0.0	0.0	0.0	0.0	0.0	0.0	146.0	0.0	0.043762095	-0.02587884	1.01867415	1.38866	0.54936	-0.48832	3290134.0	1776544970.704217	0.0	1.0	-1.0	-1.0	-1.0	-1.0	-1.0	-1.0	-1.0	-1.0	0.0	marker	peace	Peace	25	0418
-68535.72	-55531.439999999995	-104715.36	-18547.38	0.0	0.0	0.0	0.0	0.0	0.0	0.0	0.0	0.0	0.0	0.0	0.0	0.0	0.0	146.0	0.0	0.043762095	-0.02587884	1.01867415	1.38866	0.54936	-0.48832	3290135.0	1776544970.712807	0.0	1.0	-1.0	-1.0	-1.0	-1.0	-1.0	-1.0	-1.0	-1.0	0.0	marker	peace	Peace	25	0418
-68596.69499999999	-55550.475	-104776.83	-18598.14	0.0	0.0	0.0	0.0	0.0	0.0	0.0	0.0	0.0	0.0	0.0	0.0	0.0	0.0	146.0	0.0	0.043762095	-0.02587884	1.01867415	1.38866	0.54936	-0.48832	3290136.0	1776544970.712846	0.0	1.0	-1.0	-1.0	-1.0	-1.0	-1.0	-1.0	-1.0	-1.0	0.0	marker	peace	Peace	25	0418
-68574.105	-55545.615	-104767.69499999999	-18590.625	0.0	0.0	0.0	0.0	0.0	0.0	0.0	0.0	0.0	0.0	0.0	0.0	0.0	0.0	145.86206896551727	0.0	0.0427245	-0.02856438	1.0167820650000001	1.8617199999999998	0.42728	0.28994	3290137.0	1776544970.713921	0.0	1.0	-1.0	-1.0	-1.0	-1.0	-1.0	-1.0	-1.0	-1.0	0.0	marker	peace	Peace	25	0418
-68554.485	-55527.21	-104735.83499999999	-18566.82	0.0	0.0	0.0	0.0	0.0	0.0	0.0	0.0	0.0	0.0	0.0	0.0	0.0	0.0	145.86206896551727	0.0	0.0427245	-0.02856438	1.0167820650000001	1.8617199999999998	0.42728	0.28994	3290138.0	1776544970.713942	0.0	1.0	-1.0	-1.0	-1.0	-1.0	-1.0	-1.0	-1.0	-1.0	0.0	marker	peace	Peace	25	0418
-68549.265	-55516.229999999996	-104740.29	-18573.165	0.0	0.0	0.0	0.0	0.0	0.0	0.0	0.0	0.0	0.0	0.0	0.0	0.0	0.0	145.86206896551727	0.0	0.0427245	-0.02856438	1.0167820650000001	1.8617199999999998	0.42728	0.28994	3290139.0	1776544970.716344	0.0	1.0	-1.0	-1.0	-1.0	-1.0	-1.0	-1.0	-1.0	-1.0	0.0	marker	peace	Peace	25	0418
-68482.53	-55500.435	-104663.47499999999	-18499.545	0.0	0.0	0.0	0.0	0.0	0.0	0.0	0.0	0.0	0.0	0.0	0.0	0.0	0.0	145.86206896551727	0.0	0.0427245	-0.02856438	1.0167820650000001	1.8617199999999998	0.42728	0.28994	3290140.0	1776544970.716375	0.0	1.0	-1.0	-1.0	-1.0	-1.0	-1.0	-1.0	-1.0	-1.0	0.0	marker	peace	Peace	25	0418
-68400.63	-55487.295	-104580.26999999999	-18419.399999999998	0.0	0.0	0.0	0.0	0.0	0.0	0.0	0.0	0.0	0.0	0.0	0.0	0.0	0.0	145.86206896551727	0.0	0.0427245	-0.02856438	1.0167820650000001	1.8617199999999998	0.42728	0.28994	3290141.0	1776544970.720381	0.0	1.0	-1.0	-1.0	-1.0	-1.0	-1.0	-1.0	-1.0	-1.0	0.0	marker	peace	Peace	25	0418
-68583.59999999999	-55505.07	-104752.75499999999	-18587.07	0.0	0.0	0.0	0.0	0.0	0.0	0.0	0.0	0.0	0.0	0.0	0.0	0.0	0.0	145.86206896551727	0.0	0.0427245	-0.02856438	1.0167820650000001	1.8617199999999998	0.42728	0.28994	3290142.0	1776544970.720413	0.0	1.0	-1.0	-1.0	-1.0	-1.0	-1.0	-1.0	-1.0	-1.0	0.0	marker	peace	Peace	25	0418
-68615.19	-55510.92	-104791.635	-18607.86	0.0	0.0	0.0	0.0	0.0	0.0	0.0	0.0	0.0	0.0	0.0	0.0	0.0	0.0	145.86206896551727	0.0	0.0427245	-0.02856438	1.0167820650000001	1.8617199999999998	0.42728	0.28994	3290143.0	1776544970.724284	0.0	1.0	-1.0	-1.0	-1.0	-1.0	-1.0	-1.0	-1.0	-1.0	0.0	marker	peace	Peace	25	0418
-68560.515	-55510.11	-104739.885	-18559.079999999998	0.0	0.0	0.0	0.0	0.0	0.0	0.0	0.0	0.0	0.0	0.0	0.0	0.0	0.0	145.86206896551727	0.0	0.0427245	-0.02856438	1.0167820650000001	1.8617199999999998	0.42728	0.28994	3290144.0	1776544970.724298	0.0	1.0	-1.0	-1.0	-1.0	-1.0	-1.0	-1.0	-1.0	-1.0	0.0	marker	peace	Peace	25	0418
-68524.65	-55502.369999999995	-104708.15999999999	-18544.5	0.0	0.0	0.0	0.0	0.0	0.0	0.0	0.0	0.0	0.0	0.0	0.0	0.0	0.0	145.86206896551727	0.0	0.0427245	-0.02856438	1.0167820650000001	1.8617199999999998	0.42728	0.28994	3290145.0	1776544970.728204	0.0	1.0	-1.0	-1.0	-1.0	-1.0	-1.0	-1.0	-1.0	-1.0	0.0	marker	peace	Peace	25	0418
-68525.73	-55492.695	-104704.155	-18547.965	0.0	0.0	0.0	0.0	0.0	0.0	0.0	0.0	0.0	0.0	0.0	0.0	0.0	0.0	145.86206896551727	0.0	0.0427245	-0.02856438	1.0167820650000001	1.8617199999999998	0.42728	0.28994	3290146.0	1776544970.728216	0.0	1.0	-1.0	-1.0	-1.0	-1.0	-1.0	-1.0	-1.0	-1.0	0.0	marker	peace	Peace	25	0418
-68567.22	-55478.43	-104747.89499999999	-18563.895	0.0	0.0	0.0	0.0	0.0	0.0	0.0	0.0	0.0	0.0	0.0	0.0	0.0	0.0	145.86206896551727	0.0	0.044128305	-0.032287515	1.016904135	2.71628	0.763	-0.16785999999999998	3290147.0	1776544970.732328	0.0	1.0	-1.0	-1.0	-1.0	-1.0	-1.0	-1.0	-1.0	-1.0	0.0	marker	peace	Peace	25	0418
-68561.37	-55471.68	-104759.415	-18569.565	0.0	0.0	0.0	0.0	0.0	0.0	0.0	0.0	0.0	0.0	0.0	0.0	0.0	0.0	145.86206896551727	0.0	0.044128305	-0.032287515	1.016904135	2.71628	0.763	-0.16785999999999998	3290148.0	1776544970.73235	0.0	1.0	-1.0	-1.0	-1.0	-1.0	-1.0	-1.0	-1.0	-1.0	0.0	marker	peace	Peace	25	0418
-68568.48	-55472.895	-104757.48	-18574.065	0.0	0.0	0.0	0.0	0.0	0.0	0.0	0.0	0.0	0.0	0.0	0.0	0.0	0.0	145.86206896551727	0.0	0.044128305	-0.032287515	1.016904135	2.71628	0.763	-0.16785999999999998	3290149.0	1776544970.737589	0.0	1.0	-1.0	-1.0	-1.0	-1.0	-1.0	-1.0	-1.0	-1.0	0.0	marker	peace	Peace	25	0418
-68606.86499999999	-55477.395	-104782.59	-18601.155	0.0	0.0	0.0	0.0	0.0	0.0	0.0	0.0	0.0	0.0	0.0	0.0	0.0	0.0	145.86206896551727	0.0	0.044128305	-0.032287515	1.016904135	2.71628	0.763	-0.16785999999999998	3290150.0	1776544970.737623	0.0	1.0	-1.0	-1.0	-1.0	-1.0	-1.0	-1.0	-1.0	-1.0	0.0	marker	peace	Peace	25	0418
-68578.83	-55485.27	-104756.22	-18588.329999999998	0.0	0.0	0.0	0.0	0.0	0.0	0.0	0.0	0.0	0.0	0.0	0.0	0.0	0.0	145.86206896551727	0.0	0.044128305	-0.032287515	1.016904135	2.71628	0.763	-0.16785999999999998	3290151.0	1776544970.743605	0.0	1.0	-1.0	-1.0	-1.0	-1.0	-1.0	-1.0	-1.0	-1.0	0.0	marker	peace	Peace	25	0418
-68564.43	-55486.755	-104728.815	-18563.76	0.0	0.0	0.0	0.0	0.0	0.0	0.0	0.0	0.0	0.0	0.0	0.0	0.0	0.0	145.86206896551727	0.0	0.044128305	-0.032287515	1.016904135	2.71628	0.763	-0.16785999999999998	3290152.0	1776544970.743618	0.0	1.0	-1.0	-1.0	-1.0	-1.0	-1.0	-1.0	-1.0	-1.0	0.0	marker	peace	Peace	25	0418
-68558.805	-55485.045	-104729.44499999999	-18561.735	0.0	0.0	0.0	0.0	0.0	0.0	0.0	0.0	0.0	0.0	0.0	0.0	0.0	0.0	145.86206896551727	0.0	0.044128305	-0.032287515	1.016904135	2.71628	0.763	-0.16785999999999998	3290153.0	1776544970.744227	0.0	1.0	-1.0	-1.0	-1.0	-1.0	-1.0	-1.0	-1.0	-1.0	0.0	marker	peace	Peace	25	0418
-68557.31999999999	-55477.395	-104736.375	-18564.48	0.0	0.0	0.0	0.0	0.0	0.0	0.0	0.0	0.0	0.0	0.0	0.0	0.0	0.0	145.86206896551727	0.0	0.044128305	-0.032287515	1.016904135	2.71628	0.763	-0.16785999999999998	3290154.0	1776544970.744237	0.0	1.0	-1.0	-1.0	-1.0	-1.0	-1.0	-1.0	-1.0	-1.0	0.0	marker	peace	Peace	25	0418
-68558.4	-55468.799999999996	-104730.84	-18567.225	0.0	0.0	0.0	0.0	0.0	0.0	0.0	0.0	0.0	0.0	0.0	0.0	0.0	0.0	145.86206896551727	0.0	0.044128305	-0.032287515	1.016904135	2.71628	0.763	-0.16785999999999998	3290155.0	1776544970.748283	0.0	1.0	-1.0	-1.0	-1.0	-1.0	-1.0	-1.0	-1.0	-1.0	0.0	marker	peace	Peace	25	0418
-68547.645	-55462.32	-104723.595	-18569.7	0.0	0.0	0.0	0.0	0.0	0.0	0.0	0.0	0.0	0.0	0.0	0.0	0.0	0.0	145.86206896551727	0.0	0.044128305	-0.032287515	1.016904135	2.71628	0.763	-0.16785999999999998	3290156.0	1776544970.74832	0.0	1.0	-1.0	-1.0	-1.0	-1.0	-1.0	-1.0	-1.0	-1.0	0.0	marker	peace	Peace	25	0418
-68545.845	-55464.659999999996	-104729.4	-18555.3	0.0	0.0	0.0	0.0	0.0	0.0	0.0	0.0	0.0	0.0	0.0	0.0	0.0	0.0	145.86206896551727	0.0	0.042419325	-0.032409585	1.016049645	2.77732	1.00716	-0.24416	3290157.0	1776544970.752325	0.0	1.0	-1.0	-1.0	-1.0	-1.0	-1.0	-1.0	-1.0	-1.0	0.0	marker	peace	Peace	25	0418
-68557.815	-55474.515	-104743.665	-18559.35	0.0	0.0	0.0	0.0	0.0	0.0	0.0	0.0	0.0	0.0	0.0	0.0	0.0	0.0	145.86206896551727	0.0	0.042419325	-0.032409585	1.016049645	2.77732	1.00716	-0.24416	3290158.0	1776544970.752342	0.0	1.0	-1.0	-1.0	-1.0	-1.0	-1.0	-1.0	-1.0	-1.0	0.0	marker	peace	Peace	25	0418
-68545.62	-55489.14	-104730.61499999999	-18561.285	0.0	0.0	0.0	0.0	0.0	0.0	0.0	0.0	0.0	0.0	0.0	0.0	0.0	0.0	145.86206896551727	0.0	0.042419325	-0.032409585	1.016049645	2.77732	1.00716	-0.24416	3290159.0	1776544970.756363	0.0	1.0	-1.0	-1.0	-1.0	-1.0	-1.0	-1.0	-1.0	-1.0	0.0	marker	peace	Peace	25	0418
-68542.155	-55504.665	-104725.70999999999	-18557.505	0.0	0.0	0.0	0.0	0.0	0.0	0.0	0.0	0.0	0.0	0.0	0.0	0.0	0.0	145.86206896551727	0.0	0.042419325	-0.032409585	1.016049645	2.77732	1.00716	-0.24416	3290160.0	1776544970.756376	0.0	1.0	-1.0	-1.0	-1.0	-1.0	-1.0	-1.0	-1.0	-1.0	0.0	marker	peace	Peace	25	0418
-68538.825	-55507.814999999995	-104732.37	-18554.94	0.0	0.0	0.0	0.0	0.0	0.0	0.0	0.0	0.0	0.0	0.0	0.0	0.0	0.0	145.86206896551727	0.0	0.042419325	-0.032409585	1.016049645	2.77732	1.00716	-0.24416	3290161.0	1776544970.760315	0.0	1.0	-1.0	-1.0	-1.0	-1.0	-1.0	-1.0	-1.0	-1.0	0.0	marker	peace	Peace	25	0418
-68554.845	-55513.71	-104722.875	-18552.69	0.0	0.0	0.0	0.0	0.0	0.0	0.0	0.0	0.0	0.0	0.0	0.0	0.0	0.0	145.86206896551727	0.0	0.042419325	-0.032409585	1.016049645	2.77732	1.00716	-0.24416	3290162.0	1776544970.760327	0.0	1.0	-1.0	-1.0	-1.0	-1.0	-1.0	-1.0	-1.0	-1.0	0.0	marker	peace	Peace	25	0418
-68509.34999999999	-55543.86	-104715.98999999999	-18550.079999999998	0.0	0.0	0.0	0.0	0.0	0.0	0.0	0.0	0.0	0.0	0.0	0.0	0.0	0.0	145.86206896551727	0.0	0.042419325	-0.032409585	1.016049645	2.77732	1.00716	-0.24416	3290163.0	1776544970.766405	0.0	1.0	-1.0	-1.0	-1.0	-1.0	-1.0	-1.0	-1.0	-1.0	0.0	marker	peace	Peace	25	0418
-68446.845	-55542.24	-104657.89499999999	-18487.26	0.0	0.0	0.0	0.0	0.0	0.0	0.0	0.0	0.0	0.0	0.0	0.0	0.0	0.0	145.86206896551727	0.0	0.042419325	-0.032409585	1.016049645	2.77732	1.00716	-0.24416	3290164.0	1776544970.76642	0.0	1.0	-1.0	-1.0	-1.0	-1.0	-1.0	-1.0	-1.0	-1.0	0.0	marker	peace	Peace	25	0418
-68508.22499999999	-55535.445	-104699.565	-18526.995	0.0	0.0	0.0	0.0	0.0	0.0	0.0	0.0	0.0	0.0	0.0	0.0	0.0	0.0	145.86206896551727	0.0	0.042419325	-0.032409585	1.016049645	2.77732	1.00716	-0.24416	3290165.0	1776544970.768468	0.0	1.0	-1.0	-1.0	-1.0	-1.0	-1.0	-1.0	-1.0	-1.0	0.0	marker	peace	Peace	25	0418
-68609.7	-55543.814999999995	-104791.23	-18623.024999999998	0.0	0.0	0.0	0.0	0.0	0.0	0.0	0.0	0.0	0.0	0.0	0.0	0.0	0.0	145.86206896551727	0.0	0.042419325	-0.032409585	1.016049645	2.77732	1.00716	-0.24416	3290166.0	1776544970.76848	0.0	1.0	-1.0	-1.0	-1.0	-1.0	-1.0	-1.0	-1.0	-1.0	0.0	marker	peace	Peace	25	0418
-68591.88	-55550.61	-104754.465	-18588.105	0.0	0.0	0.0	0.0	0.0	0.0	0.0	0.0	0.0	0.0	0.0	0.0	0.0	0.0	145.86206896551727	0.0	0.039733785	-0.03259269	1.01745345	3.2809	0.77826	-0.51884	3290167.0	1776544970.774501	0.0	1.0	-1.0	-1.0	-1.0	-1.0	-1.0	-1.0	-1.0	-1.0	0.0	marker	peace	Peace	25	0418
-68581.845	-55549.89	-104736.33	-18574.965	0.0	0.0	0.0	0.0	0.0	0.0	0.0	0.0	0.0	0.0	0.0	0.0	0.0	0.0	145.86206896551727	0.0	0.039733785	-0.03259269	1.01745345	3.2809	0.77826	-0.51884	3290168.0	1776544970.774523	0.0	1.0	-1.0	-1.0	-1.0	-1.0	-1.0	-1.0	-1.0	-1.0	0.0	marker	peace	Peace	25	0418
-68545.26	-55541.655	-104710.00499999999	-18554.67	0.0	0.0	0.0	0.0	0.0	0.0	0.0	0.0	0.0	0.0	0.0	0.0	0.0	0.0	145.86206896551727	0.0	0.039733785	-0.03259269	1.01745345	3.2809	0.77826	-0.51884	3290169.0	1776544970.778732	0.0	1.0	-1.0	-1.0	-1.0	-1.0	-1.0	-1.0	-1.0	-1.0	0.0	marker	peace	Peace	25	0418
-68540.58	-55529.909999999996	-104717.61	-18556.02	0.0	0.0	0.0	0.0	0.0	0.0	0.0	0.0	0.0	0.0	0.0	0.0	0.0	0.0	145.86206896551727	0.0	0.039733785	-0.03259269	1.01745345	3.2809	0.77826	-0.51884	3290170.0	1776544970.778752	0.0	1.0	-1.0	-1.0	-1.0	-1.0	-1.0	-1.0	-1.0	-1.0	0.0	marker	peace	Peace	25	0418
-68561.415	-55515.555	-104720.4	-18563.265	0.0	0.0	0.0	0.0	0.0	0.0	0.0	0.0	0.0	0.0	0.0	0.0	0.0	0.0	145.86206896551727	0.0	0.039733785	-0.03259269	1.01745345	3.2809	0.77826	-0.51884	3290171.0	1776544970.780436	0.0	1.0	-1.0	-1.0	-1.0	-1.0	-1.0	-1.0	-1.0	-1.0	0.0	marker	peace	Peace	25	0418
-68547.23999999999	-55506.78	-104729.89499999999	-18556.875	0.0	0.0	0.0	0.0	0.0	0.0	0.0	0.0	0.0	0.0	0.0	0.0	0.0	0.0	145.86206896551727	0.0	0.039733785	-0.03259269	1.01745345	3.2809	0.77826	-0.51884	3290172.0	1776544970.780454	0.0	1.0	-1.0	-1.0	-1.0	-1.0	-1.0	-1.0	-1.0	-1.0	0.0	marker	peace	Peace	25	0418
-68539.545	-55505.79	-104735.97	-18556.965	0.0	0.0	0.0	0.0	0.0	0.0	0.0	0.0	0.0	0.0	0.0	0.0	0.0	0.0	145.86206896551727	0.0	0.039733785	-0.03259269	1.01745345	3.2809	0.77826	-0.51884	3290173.0	1776544970.78454	0.0	1.0	-1.0	-1.0	-1.0	-1.0	-1.0	-1.0	-1.0	-1.0	0.0	marker	peace	Peace	25	0418
-68545.89	-55513.845	-104737.76999999999	-18562.815	0.0	0.0	0.0	0.0	0.0	0.0	0.0	0.0	0.0	0.0	0.0	0.0	0.0	0.0	145.86206896551727	0.0	0.039733785	-0.03259269	1.01745345	3.2809	0.77826	-0.51884	3290174.0	1776544970.784559	0.0	1.0	-1.0	-1.0	-1.0	-1.0	-1.0	-1.0	-1.0	-1.0	0.0	marker	peace	Peace	25	0418
-68559.255	-55523.34	-104728.76999999999	-18561.645	0.0	0.0	0.0	0.0	0.0	0.0	0.0	0.0	0.0	0.0	0.0	0.0	0.0	0.0	145.86206896551727	0.0	0.039733785	-0.03259269	1.01745345	3.2809	0.77826	-0.51884	3290175.0	1776544970.788535	0.0	1.0	-1.0	-1.0	-1.0	-1.0	-1.0	-1.0	-1.0	-1.0	0.0	marker	peace	Peace	25	0418
-68550.165	-55529.595	-104724.765	-18562.364999999998	0.0	0.0	0.0	0.0	0.0	0.0	0.0	0.0	0.0	0.0	0.0	0.0	0.0	0.0	145.86206896551727	0.0	0.039733785	-0.03259269	1.01745345	3.2809	0.77826	-0.51884	3290176.0	1776544970.788548	0.0	1.0	-1.0	-1.0	-1.0	-1.0	-1.0	-1.0	-1.0	-1.0	0.0	marker	peace	Peace	25	0418
-68542.29	-55538.82	-104723.055	-18561.87	0.0	0.0	0.0	0.0	0.0	0.0	0.0	0.0	0.0	0.0	0.0	0.0	0.0	0.0	145.86206896551727	0.0	0.04101552	-0.03100578	1.01720931	3.0825199999999997	0.47306	-0.94612	3290177.0	1776544970.792425	0.0	1.0	-1.0	-1.0	-1.0	-1.0	-1.0	-1.0	-1.0	-1.0	0.0	marker	peace	Peace	25	0418
-68563.62	-55543.994999999995	-104742.405	-18574.785	0.0	0.0	0.0	0.0	0.0	0.0	0.0	0.0	0.0	0.0	0.0	0.0	0.0	0.0	145.86206896551727	0.0	0.04101552	-0.03100578	1.01720931	3.0825199999999997	0.47306	-0.94612	3290178.0	1776544970.792433	0.0	1.0	-1.0	-1.0	-1.0	-1.0	-1.0	-1.0	-1.0	-1.0	0.0	marker	peace	Peace	25	0418
-68573.79	-55537.515	-104757.39	-18586.035	0.0	0.0	0.0	0.0	0.0	0.0	0.0	0.0	0.0	0.0	0.0	0.0	0.0	0.0	145.86206896551727	0.0	0.04101552	-0.03100578	1.01720931	3.0825199999999997	0.47306	-0.94612	3290179.0	1776544970.796701	0.0	1.0	-1.0	-1.0	-1.0	-1.0	-1.0	-1.0	-1.0	-1.0	0.0	marker	peace	Peace	25	0418
-68551.38	-55534.634999999995	-104736.15	-18565.155	0.0	0.0	0.0	0.0	0.0	0.0	0.0	0.0	0.0	0.0	0.0	0.0	0.0	0.0	145.86206896551727	0.0	0.04101552	-0.03100578	1.01720931	3.0825199999999997	0.47306	-0.94612	3290180.0	1776544970.796709	0.0	1.0	-1.0	-1.0	-1.0	-1.0	-1.0	-1.0	-1.0	-1.0	0.0	marker	peace	Peace	25	0418
-68481.405	-55529.505	-104666.625	-18494.37	0.0	0.0	0.0	0.0	0.0	0.0	0.0	0.0	0.0	0.0	0.0	0.0	0.0	0.0	145.86206896551727	0.0	0.04101552	-0.03100578	1.01720931	3.0825199999999997	0.47306	-0.94612	3290181.0	1776544970.801917	0.0	1.0	-1.0	-1.0	-1.0	-1.0	-1.0	-1.0	-1.0	-1.0	0.0	marker	peace	Peace	25	0418
-68425.47	-55528.424999999996	-104618.655	-18443.43	0.0	0.0	0.0	0.0	0.0	0.0	0.0	0.0	0.0	0.0	0.0	0.0	0.0	0.0	145.86206896551727	0.0	0.04101552	-0.03100578	1.01720931	3.0825199999999997	0.47306	-0.94612	3290182.0	1776544970.801922	0.0	1.0	-1.0	-1.0	-1.0	-1.0	-1.0	-1.0	-1.0	-1.0	0.0	marker	peace	Peace	25	0418
-68574.285	-55540.71	-104757.705	-18589.184999999998	0.0	0.0	0.0	0.0	0.0	0.0	0.0	0.0	0.0	0.0	0.0	0.0	0.0	0.0	145.86206896551727	0.0	0.04101552	-0.03100578	1.01720931	3.0825199999999997	0.47306	-0.94612	3290183.0	1776544970.806385	0.0	1.0	-1.0	-1.0	-1.0	-1.0	-1.0	-1.0	-1.0	-1.0	0.0	marker	peace	Peace	25	0418
-68627.83499999999	-55559.744999999995	-104797.575	-18636.255	0.0	0.0	0.0	0.0	0.0	0.0	0.0	0.0	0.0	0.0	0.0	0.0	0.0	0.0	145.86206896551727	0.0	0.04101552	-0.03100578	1.01720931	3.0825199999999997	0.47306	-0.94612	3290184.0	1776544970.806391	0.0	1.0	-1.0	-1.0	-1.0	-1.0	-1.0	-1.0	-1.0	-1.0	0.0	marker	peace	Peace	25	0418
-68575.23	-55569.42	-104736.105	-18582.93	0.0	0.0	0.0	0.0	0.0	0.0	0.0	0.0	0.0	0.0	0.0	0.0	0.0	0.0	145.86206896551727	0.0	0.04101552	-0.03100578	1.01720931	3.0825199999999997	0.47306	-0.94612	3290185.0	1776544970.808526	0.0	1.0	-1.0	-1.0	-1.0	-1.0	-1.0	-1.0	-1.0	-1.0	0.0	marker	peace	Peace	25	0418
-68545.98	-55565.64	-104691.105	-18554.535	0.0	0.0	0.0	0.0	0.0	0.0	0.0	0.0	0.0	0.0	0.0	0.0	0.0	0.0	145.86206896551727	0.0	0.04101552	-0.03100578	1.01720931	3.0825199999999997	0.47306	-0.94612	3290186.0	1776544970.808532	0.0	1.0	-1.0	-1.0	-1.0	-1.0	-1.0	-1.0	-1.0	-1.0	0.0	marker	peace	Peace	25	0418
-68546.295	-55563.479999999996	-104697.765	-18560.34	0.0	0.0	0.0	0.0	0.0	0.0	0.0	0.0	0.0	0.0	0.0	0.0	0.0	0.0	145.86206896551727	0.0	0.04113759	-0.03124992	1.01977278	3.6318799999999998	0.39676	-0.79352	3290187.0	1776544970.813669	0.0	1.0	-1.0	-1.0	-1.0	-1.0	-1.0	-1.0	-1.0	-1.0	0.0	marker	peace	Peace	25	0418
-68566.14	-55554.435	-104762.43	-18583.245	0.0	0.0	0.0	0.0	0.0	0.0	0.0	0.0	0.0	0.0	0.0	0.0	0.0	0.0	145.86206896551727	0.0	0.04113759	-0.03124992	1.01977278	3.6318799999999998	0.39676	-0.79352	3290188.0	1776544970.813675	0.0	1.0	-1.0	-1.0	-1.0	-1.0	-1.0	-1.0	-1.0	-1.0	0.0	marker	peace	Peace	25	0418
-68564.205	-55540.89	-104772.015	-18585.405	0.0	0.0	0.0	0.0	0.0	0.0	0.0	0.0	0.0	0.0	0.0	0.0	0.0	0.0	145.86206896551727	0.0	0.04113759	-0.03124992	1.01977278	3.6318799999999998	0.39676	-0.79352	3290189.0	1776544970.817475	0.0	1.0	-1.0	-1.0	-1.0	-1.0	-1.0	-1.0	-1.0	-1.0	0.0	marker	peace	Peace	25	0418
-68540.895	-55524.78	-104749.92	-18571.32	0.0	0.0	0.0	0.0	0.0	0.0	0.0	0.0	0.0	0.0	0.0	0.0	0.0	0.0	145.86206896551727	0.0	0.04113759	-0.03124992	1.01977278	3.6318799999999998	0.39676	-0.79352	3290190.0	1776544970.817479	0.0	1.0	-1.0	-1.0	-1.0	-1.0	-1.0	-1.0	-1.0	-1.0	0.0	marker	peace	Peace	25	0418
-68539.815	-55511.595	-104733.09	-18562.86	0.0	0.0	0.0	0.0	0.0	0.0	0.0	0.0	0.0	0.0	0.0	0.0	0.0	0.0	145.86206896551727	0.0	0.04113759	-0.03124992	1.01977278	3.6318799999999998	0.39676	-0.79352	3290191.0	1776544970.845837	0.0	1.0	-1.0	-1.0	-1.0	-1.0	-1.0	-1.0	-1.0	-1.0	0.0	marker	peace	Peace	25	0418
-68560.47	-55504.125	-104732.595	-18559.71	0.0	0.0	0.0	0.0	0.0	0.0	0.0	0.0	0.0	0.0	0.0	0.0	0.0	0.0	145.86206896551727	0.0	0.04113759	-0.03124992	1.01977278	3.6318799999999998	0.39676	-0.79352	3290192.0	1776544970.845841	0.0	1.0	-1.0	-1.0	-1.0	-1.0	-1.0	-1.0	-1.0	-1.0	0.0	marker	peace	Peace	25	0418
-68551.38	-55496.52	-104723.50499999999	-18548.055	0.0	0.0	0.0	0.0	0.0	0.0	0.0	0.0	0.0	0.0	0.0	0.0	0.0	0.0	145.86206896551727	0.0	0.04113759	-0.03124992	1.01977278	3.6318799999999998	0.39676	-0.79352	3290193.0	1776544970.853168	0.0	1.0	-1.0	-1.0	-1.0	-1.0	-1.0	-1.0	-1.0	-1.0	0.0	marker	peace	Peace	25	0418
-68516.37	-55495.439999999995	-104693.12999999999	-18525.735	0.0	0.0	0.0	0.0	0.0	0.0	0.0	0.0	0.0	0.0	0.0	0.0	0.0	0.0	145.86206896551727	0.0	0.04113759	-0.03124992	1.01977278	3.6318799999999998	0.39676	-0.79352	3290194.0	1776544970.853172	0.0	1.0	-1.0	-1.0	-1.0	-1.0	-1.0	-1.0	-1.0	-1.0	0.0	marker	peace	Peace	25	0418
-68551.38	-55499.4	-104713.83	-18550.575	0.0	0.0	0.0	0.0	0.0	0.0	0.0	0.0	0.0	0.0	0.0	0.0	0.0	0.0	145.86206896551727	0.0	0.04113759	-0.03124992	1.01977278	3.6318799999999998	0.39676	-0.79352	3290195.0	1776544970.85321	0.0	1.0	-1.0	-1.0	-1.0	-1.0	-1.0	-1.0	-1.0	-1.0	0.0	marker	peace	Peace	25	0418
-68540.58	-55491.795	-104725.485	-18569.745	0.0	0.0	0.0	0.0	0.0	0.0	0.0	0.0	0.0	0.0	0.0	0.0	0.0	0.0	145.86206896551727	0.0	0.04113759	-0.03124992	1.01977278	3.6318799999999998	0.39676	-0.79352	3290196.0	1776544970.853214	0.0	1.0	-1.0	-1.0	-1.0	-1.0	-1.0	-1.0	-1.0	-1.0	0.0	marker	peace	Peace	25	0418
-68474.295	-55471.77	-104682.19499999999	-18512.594999999998	0.0	0.0	0.0	0.0	0.0	0.0	0.0	0.0	0.0	0.0	0.0	0.0	0.0	0.0	145.86206896551727	0.0	0.04309071	-0.03198234	1.01781966	5.00528	0.21364	-1.43444	3290197.0	1776544970.853236	0.0	1.0	-1.0	-1.0	-1.0	-1.0	-1.0	-1.0	-1.0	-1.0	0.0	marker	peace	Peace	25	0418
-68438.205	-55460.52	-104656.40999999999	-18483.255	0.0	0.0	0.0	0.0	0.0	0.0	0.0	0.0	0.0	0.0	0.0	0.0	0.0	0.0	145.86206896551727	0.0	0.04309071	-0.03198234	1.01781966	5.00528	0.21364	-1.43444	3290198.0	1776544970.85324	0.0	1.0	-1.0	-1.0	-1.0	-1.0	-1.0	-1.0	-1.0	-1.0	0.0	marker	peace	Peace	25	0418
-68553.855	-55477.665	-104734.26	-18562.14	0.0	0.0	0.0	0.0	0.0	0.0	0.0	0.0	0.0	0.0	0.0	0.0	0.0	0.0	145.86206896551727	0.0	0.04309071	-0.03198234	1.01781966	5.00528	0.21364	-1.43444	3290199.0	1776544970.853246	0.0	1.0	-1.0	-1.0	-1.0	-1.0	-1.0	-1.0	-1.0	-1.0	0.0	marker	peace	Peace	25	0418
-68661.675	-55487.34	-104804.55	-18611.415	0.0	0.0	0.0	0.0	0.0	0.0	0.0	0.0	0.0	0.0	0.0	0.0	0.0	0.0	145.86206896551727	0.0	0.04309071	-0.03198234	1.01781966	5.00528	0.21364	-1.43444	3290200.0	1776544970.853249	0.0	1.0	-1.0	-1.0	-1.0	-1.0	-1.0	-1.0	-1.0	-1.0	0.0	marker	peace	Peace	25	0418
-68582.205	-55484.64	-104771.295	-18591.03	0.0	0.0	0.0	0.0	0.0	0.0	0.0	0.0	0.0	0.0	0.0	0.0	0.0	0.0	145.86206896551727	0.0	0.04309071	-0.03198234	1.01781966	5.00528	0.21364	-1.43444	3290201.0	1776544970.853254	0.0	1.0	-1.0	-1.0	-1.0	-1.0	-1.0	-1.0	-1.0	-1.0	0.0	marker	peace	Peace	25	0418
-68549.76	-55478.564999999995	-104719.275	-18572.805	0.0	0.0	0.0	0.0	0.0	0.0	0.0	0.0	0.0	0.0	0.0	0.0	0.0	0.0	145.86206896551727	0.0	0.04309071	-0.03198234	1.01781966	5.00528	0.21364	-1.43444	3290202.0	1776544970.853258	0.0	1.0	-1.0	-1.0	-1.0	-1.0	-1.0	-1.0	-1.0	-1.0	0.0	marker	peace	Peace	25	0418
-68578.155	-55480.994999999995	-104744.61	-18581.895	0.0	0.0	0.0	0.0	0.0	0.0	0.0	0.0	0.0	0.0	0.0	0.0	0.0	0.0	145.86206896551727	0.0	0.04309071	-0.03198234	1.01781966	5.00528	0.21364	-1.43444	3290203.0	1776544970.853263	0.0	1.0	-1.0	-1.0	-1.0	-1.0	-1.0	-1.0	-1.0	-1.0	0.0	marker	peace	Peace	25	0418
-68570.09999999999	-55488.465	-104763.06	-18576.855	0.0	0.0	0.0	0.0	0.0	0.0	0.0	0.0	0.0	0.0	0.0	0.0	0.0	0.0	145.86206896551727	0.0	0.04309071	-0.03198234	1.01781966	5.00528	0.21364	-1.43444	3290204.0	1776544970.853266	0.0	1.0	-1.0	-1.0	-1.0	-1.0	-1.0	-1.0	-1.0	-1.0	0.0	marker	peace	Peace	25	0418
-68556.59999999999	-55488.104999999996	-104747.985	-18570.465	0.0	0.0	0.0	0.0	0.0	0.0	0.0	0.0	0.0	0.0	0.0	0.0	0.0	0.0	145.86206896551727	0.0	0.04309071	-0.03198234	1.01781966	5.00528	0.21364	-1.43444	3290205.0	1776544970.853271	0.0	1.0	-1.0	-1.0	-1.0	-1.0	-1.0	-1.0	-1.0	-1.0	0.0	marker	peace	Peace	25	0418
-68560.155	-55485.405	-104742.045	-18572.67	0.0	0.0	0.0	0.0	0.0	0.0	0.0	0.0	0.0	0.0	0.0	0.0	0.0	0.0	145.86206896551727	0.0	0.04309071	-0.03198234	1.01781966	5.00528	0.21364	-1.43444	3290206.0	1776544970.853284	0.0	1.0	-1.0	-1.0	-1.0	-1.0	-1.0	-1.0	-1.0	-1.0	0.0	marker	peace	Peace	25	0418
-68563.89	-55484.595	-104739.20999999999	-18574.559999999998	0.0	0.0	0.0	0.0	0.0	0.0	0.0	0.0	0.0	0.0	0.0	0.0	0.0	0.0	145.86206896551727	0.0	0.043762095	-0.026550225	1.016049645	4.15072	0.73248	-0.74774	3290207.0	1776544970.855327	0.0	1.0	-1.0	-1.0	-1.0	-1.0	-1.0	-1.0	-1.0	-1.0	0.0	marker	peace	Peace	25	0418
-68541.39	-55499.534999999996	-104720.805	-18548.505	0.0	0.0	0.0	0.0	0.0	0.0	0.0	0.0	0.0	0.0	0.0	0.0	0.0	0.0	145.86206896551727	0.0	0.043762095	-0.026550225	1.016049645	4.15072	0.73248	-0.74774	3290208.0	1776544970.855342	0.0	1.0	-1.0	-1.0	-1.0	-1.0	-1.0	-1.0	-1.0	-1.0	0.0	marker	peace	Peace	25	0418
-68469.075	-55513.305	-104628.28499999999	-18461.114999999998	0.0	0.0	0.0	0.0	0.0	0.0	0.0	0.0	0.0	0.0	0.0	0.0	0.0	0.0	145.86206896551727	0.0	0.043762095	-0.026550225	1.016049645	4.15072	0.73248	-0.74774	3290209.0	1776544970.856722	0.0	1.0	-1.0	-1.0	-1.0	-1.0	-1.0	-1.0	-1.0	-1.0	0.0	marker	peace	Peace	25	0418
-68526.63	-55516.994999999995	-104695.965	-18528.795	0.0	0.0	0.0	0.0	0.0	0.0	0.0	0.0	0.0	0.0	0.0	0.0	0.0	0.0	145.86206896551727	0.0	0.043762095	-0.026550225	1.016049645	4.15072	0.73248	-0.74774	3290210.0	1776544970.856726	0.0	1.0	-1.0	-1.0	-1.0	-1.0	-1.0	-1.0	-1.0	-1.0	0.0	marker	peace	Peace	25	0418
-68605.33499999999	-55519.424999999996	-104787.495	-18615.51	0.0	0.0	0.0	0.0	0.0	0.0	0.0	0.0	0.0	0.0	0.0	0.0	0.0	0.0	145.86206896551727	0.0	0.043762095	-0.026550225	1.016049645	4.15072	0.73248	-0.74774	3290211.0	1776544970.860755	0.0	1.0	-1.0	-1.0	-1.0	-1.0	-1.0	-1.0	-1.0	-1.0	0.0	marker	peace	Peace	25	0418
-68579.505	-55508.715	-104779.98	-18601.515	0.0	0.0	0.0	0.0	0.0	0.0	0.0	0.0	0.0	0.0	0.0	0.0	0.0	0.0	145.86206896551727	0.0	0.043762095	-0.026550225	1.016049645	4.15072	0.73248	-0.74774	3290212.0	1776544970.860769	0.0	1.0	-1.0	-1.0	-1.0	-1.0	-1.0	-1.0	-1.0	-1.0	0.0	marker	peace	Peace	25	0418
-68565.87	-55502.64	-104774.355	-18601.065	0.0	0.0	0.0	0.0	0.0	0.0	0.0	0.0	0.0	0.0	0.0	0.0	0.0	0.0	145.86206896551727	0.0	0.043762095	-0.026550225	1.016049645	4.15072	0.73248	-0.74774	3290213.0	1776544970.868764	0.0	1.0	-1.0	-1.0	-1.0	-1.0	-1.0	-1.0	-1.0	-1.0	0.0	marker	peace	Peace	25	0418
-68543.145	-55499.805	-104754.33	-18587.655	0.0	0.0	0.0	0.0	0.0	0.0	0.0	0.0	0.0	0.0	0.0	0.0	0.0	0.0	145.86206896551727	0.0	0.043762095	-0.026550225	1.016049645	4.15072	0.73248	-0.74774	3290214.0	1776544970.868768	0.0	1.0	-1.0	-1.0	-1.0	-1.0	-1.0	-1.0	-1.0	-1.0	0.0	marker	peace	Peace	25	0418
-68521.905	-55499.805	-104712.84	-18551.34	0.0	0.0	0.0	0.0	0.0	0.0	0.0	0.0	0.0	0.0	0.0	0.0	0.0	0.0	145.86206896551727	0.0	0.043762095	-0.026550225	1.016049645	4.15072	0.73248	-0.74774	3290215.0	1776544970.868772	0.0	1.0	-1.0	-1.0	-1.0	-1.0	-1.0	-1.0	-1.0	-1.0	0.0	marker	peace	Peace	25	0418
-68546.7	-55508.49	-104707.665	-18553.005	0.0	0.0	0.0	0.0	0.0	0.0	0.0	0.0	0.0	0.0	0.0	0.0	0.0	0.0	145.86206896551727	0.0	0.043762095	-0.026550225	1.016049645	4.15072	0.73248	-0.74774	3290216.0	1776544970.868776	0.0	1.0	-1.0	-1.0	-1.0	-1.0	-1.0	-1.0	-1.0	-1.0	0.0	marker	peace	Peace	25	0418
-68548.815	-55513.395	-104723.01	-18566.864999999998	0.0	0.0	0.0	0.0	0.0	0.0	0.0	0.0	0.0	0.0	0.0	0.0	0.0	0.0	145.86206896551727	0.0	0.039001365	-0.02905266	1.014462735	3.3419399999999997	0.12208	-0.9003399999999999	3290217.0	1776544970.872695	0.0	1.0	-1.0	-1.0	-1.0	-1.0	-1.0	-1.0	-1.0	-1.0	0.0	marker	peace	Peace	25	0418
-68566.815	-55525.725	-104752.62	-18567.899999999998	0.0	0.0	0.0	0.0	0.0	0.0	0.0	0.0	0.0	0.0	0.0	0.0	0.0	0.0	145.86206896551727	0.0	0.039001365	-0.02905266	1.014462735	3.3419399999999997	0.12208	-0.9003399999999999	3290218.0	1776544970.872698	0.0	1.0	-1.0	-1.0	-1.0	-1.0	-1.0	-1.0	-1.0	-1.0	0.0	marker	peace	Peace	25	0418
-68558.48999999999	-55538.055	-104743.485	-18551.295	0.0	0.0	0.0	0.0	0.0	0.0	0.0	0.0	0.0	0.0	0.0	0.0	0.0	0.0	145.86206896551727	0.0	0.039001365	-0.02905266	1.014462735	3.3419399999999997	0.12208	-0.9003399999999999	3290219.0	1776544970.876985	0.0	1.0	-1.0	-1.0	-1.0	-1.0	-1.0	-1.0	-1.0	-1.0	0.0	marker	peace	Peace	25	0418
-68552.235	-55538.505	-104739.93	-18559.934999999998	0.0	0.0	0.0	0.0	0.0	0.0	0.0	0.0	0.0	0.0	0.0	0.0	0.0	0.0	145.86206896551727	0.0	0.039001365	-0.02905266	1.014462735	3.3419399999999997	0.12208	-0.9003399999999999	3290220.0	1776544970.877001	0.0	1.0	-1.0	-1.0	-1.0	-1.0	-1.0	-1.0	-1.0	-1.0	0.0	marker	peace	Peace	25	0418
-68548.545	-55526.759999999995	-104731.78499999999	-18561.465	0.0	0.0	0.0	0.0	0.0	0.0	0.0	0.0	0.0	0.0	0.0	0.0	0.0	0.0	145.86206896551727	0.0	0.039001365	-0.02905266	1.014462735	3.3419399999999997	0.12208	-0.9003399999999999	3290221.0	1776544970.884175	0.0	1.0	-1.0	-1.0	-1.0	-1.0	-1.0	-1.0	-1.0	-1.0	0.0	marker	peace	Peace	25	0418
-68553.045	-55516.095	-104742.09	-18571.32	0.0	0.0	0.0	0.0	0.0	0.0	0.0	0.0	0.0	0.0	0.0	0.0	0.0	0.0	145.86206896551727	0.0	0.039001365	-0.02905266	1.014462735	3.3419399999999997	0.12208	-0.9003399999999999	3290222.0	1776544970.884179	0.0	1.0	-1.0	-1.0	-1.0	-1.0	-1.0	-1.0	-1.0	-1.0	0.0	marker	peace	Peace	25	0418
-68550.255	-55513.845	-104734.845	-18556.02	0.0	0.0	0.0	0.0	0.0	0.0	0.0	0.0	0.0	0.0	0.0	0.0	0.0	0.0	145.86206896551727	0.0	0.039001365	-0.02905266	1.014462735	3.3419399999999997	0.12208	-0.9003399999999999	3290223.0	1776544970.884806	0.0	1.0	-1.0	-1.0	-1.0	-1.0	-1.0	-1.0	-1.0	-1.0	0.0	marker	peace	Peace	25	0418
-68502.645	-55515.104999999996	-104684.94	-18498.735	0.0	0.0	0.0	0.0	0.0	0.0	0.0	0.0	0.0	0.0	0.0	0.0	0.0	0.0	145.86206896551727	0.0	0.039001365	-0.02905266	1.014462735	3.3419399999999997	0.12208	-0.9003399999999999	3290224.0	1776544970.884811	0.0	1.0	-1.0	-1.0	-1.0	-1.0	-1.0	-1.0	-1.0	-1.0	0.0	marker	peace	Peace	25	0418
-68491.215	-55519.875	-104671.485	-18489.555	0.0	0.0	0.0	0.0	0.0	0.0	0.0	0.0	0.0	0.0	0.0	0.0	0.0	0.0	145.86206896551727	0.0	0.039001365	-0.02905266	1.014462735	3.3419399999999997	0.12208	-0.9003399999999999	3290225.0	1776544970.888754	0.0	1.0	-1.0	-1.0	-1.0	-1.0	-1.0	-1.0	-1.0	-1.0	0.0	marker	peace	Peace	25	0418
-68572.53	-55528.29	-104750.415	-18583.469999999998	0.0	0.0	0.0	0.0	0.0	0.0	0.0	0.0	0.0	0.0	0.0	0.0	0.0	0.0	145.86206896551727	0.0	0.039001365	-0.02905266	1.014462735	3.3419399999999997	0.12208	-0.9003399999999999	3290226.0	1776544970.888757	0.0	1.0	-1.0	-1.0	-1.0	-1.0	-1.0	-1.0	-1.0	-1.0	0.0	marker	peace	Peace	25	0418
-68568.525	-55533.42	-104752.70999999999	-18592.155	0.0	0.0	0.0	0.0	0.0	0.0	0.0	0.0	0.0	0.0	0.0	0.0	0.0	0.0	145.86206896551727	0.0	0.039123435	-0.0317382	1.018613115	3.5860999999999996	0.3815	-1.25132	3290227.0	1776544970.892807	0.0	1.0	-1.0	-1.0	-1.0	-1.0	-1.0	-1.0	-1.0	-1.0	0.0	marker	peace	Peace	25	0418
-68556.51	-55535.22	-104729.53499999999	-18574.469999999998	0.0	0.0	0.0	0.0	0.0	0.0	0.0	0.0	0.0	0.0	0.0	0.0	0.0	0.0	145.86206896551727	0.0	0.039123435	-0.0317382	1.018613115	3.5860999999999996	0.3815	-1.25132	3290228.0	1776544970.892811	0.0	1.0	-1.0	-1.0	-1.0	-1.0	-1.0	-1.0	-1.0	-1.0	0.0	marker	peace	Peace	25	0418
-68554.17	-55532.655	-104722.01999999999	-18570.735	0.0	0.0	0.0	0.0	0.0	0.0	0.0	0.0	0.0	0.0	0.0	0.0	0.0	0.0	145.86206896551727	0.0	0.039123435	-0.0317382	1.018613115	3.5860999999999996	0.3815	-1.25132	3290229.0	1776544970.897173	0.0	1.0	-1.0	-1.0	-1.0	-1.0	-1.0	-1.0	-1.0	-1.0	0.0	marker	peace	Peace	25	0418
-68557.635	-55528.65	-104734.70999999999	-18569.43	0.0	0.0	0.0	0.0	0.0	0.0	0.0	0.0	0.0	0.0	0.0	0.0	0.0	0.0	145.86206896551727	0.0	0.039123435	-0.0317382	1.018613115	3.5860999999999996	0.3815	-1.25132	3290230.0	1776544970.897188	0.0	1.0	-1.0	-1.0	-1.0	-1.0	-1.0	-1.0	-1.0	-1.0	0.0	marker	peace	Peace	25	0418
-68557.995	-55523.61	-104758.56	-18569.88	0.0	0.0	0.0	0.0	0.0	0.0	0.0	0.0	0.0	0.0	0.0	0.0	0.0	0.0	145.86206896551727	0.0	0.039123435	-0.0317382	1.018613115	3.5860999999999996	0.3815	-1.25132	3290231.0	1776544970.900791	0.0	1.0	-1.0	-1.0	-1.0	-1.0	-1.0	-1.0	-1.0	-1.0	0.0	marker	peace	Peace	25	0418
-68555.7	-55519.56	-104744.745	-18564.3	0.0	0.0	0.0	0.0	0.0	0.0	0.0	0.0	0.0	0.0	0.0	0.0	0.0	0.0	145.86206896551727	0.0	0.039123435	-0.0317382	1.018613115	3.5860999999999996	0.3815	-1.25132	3290232.0	1776544970.900795	0.0	1.0	-1.0	-1.0	-1.0	-1.0	-1.0	-1.0	-1.0	-1.0	0.0	marker	peace	Peace	25	0418
-68536.395	-55522.935	-104712.03	-18539.46	0.0	0.0	0.0	0.0	0.0	0.0	0.0	0.0	0.0	0.0	0.0	0.0	0.0	0.0	145.86206896551727	0.0	0.039123435	-0.0317382	1.018613115	3.5860999999999996	0.3815	-1.25132	3290233.0	1776544970.904986	0.0	1.0	-1.0	-1.0	-1.0	-1.0	-1.0	-1.0	-1.0	-1.0	0.0	marker	peace	Peace	25	0418
-68508.22499999999	-55529.775	-104692.36499999999	-18524.7	0.0	0.0	0.0	0.0	0.0	0.0	0.0	0.0	0.0	0.0	0.0	0.0	0.0	0.0	145.86206896551727	0.0	0.039123435	-0.0317382	1.018613115	3.5860999999999996	0.3815	-1.25132	3290234.0	1776544970.905001	0.0	1.0	-1.0	-1.0	-1.0	-1.0	-1.0	-1.0	-1.0	-1.0	0.0	marker	peace	Peace	25	0418
-68533.515	-55531.215	-104716.305	-18550.44	0.0	0.0	0.0	0.0	0.0	0.0	0.0	0.0	0.0	0.0	0.0	0.0	0.0	0.0	145.86206896551727	0.0	0.039123435	-0.0317382	1.018613115	3.5860999999999996	0.3815	-1.25132	3290235.0	1776544970.909062	0.0	1.0	-1.0	-1.0	-1.0	-1.0	-1.0	-1.0	-1.0	-1.0	0.0	marker	peace	Peace	25	0418
-68531.44499999999	-55525.545	-104703.56999999999	-18531.27	0.0	0.0	0.0	0.0	0.0	0.0	0.0	0.0	0.0	0.0	0.0	0.0	0.0	0.0	145.86206896551727	0.0	0.039123435	-0.0317382	1.018613115	3.5860999999999996	0.3815	-1.25132	3290236.0	1776544970.909076	0.0	1.0	-1.0	-1.0	-1.0	-1.0	-1.0	-1.0	-1.0	-1.0	0.0	marker	peace	Peace	25	0418
-68542.2	-55519.11	-104723.19	-18545.76	0.0	0.0	0.0	0.0	0.0	0.0	0.0	0.0	0.0	0.0	0.0	0.0	0.0	0.0	145.86206896551727	0.0	0.043151745	-0.030212325	1.017026205	4.77638	0.7019599999999999	-1.23606	3290237.0	1776544970.915647	0.0	1.0	-1.0	-1.0	-1.0	-1.0	-1.0	-1.0	-1.0	-1.0	0.0	marker	peace	Peace	25	0418
-68567.04	-55512.945	-104752.89	-18574.965	0.0	0.0	0.0	0.0	0.0	0.0	0.0	0.0	0.0	0.0	0.0	0.0	0.0	0.0	145.86206896551727	0.0	0.043151745	-0.030212325	1.017026205	4.77638	0.7019599999999999	-1.23606	3290238.0	1776544970.915662	0.0	1.0	-1.0	-1.0	-1.0	-1.0	-1.0	-1.0	-1.0	-1.0	0.0	marker	peace	Peace	25	0418
-68564.565	-55514.79	-104750.64	-18575.82	0.0	0.0	0.0	0.0	0.0	0.0	0.0	0.0	0.0	0.0	0.0	0.0	0.0	0.0	145.86206896551727	0.0	0.043151745	-0.030212325	1.017026205	4.77638	0.7019599999999999	-1.23606	3290239.0	1776544970.916981	0.0	1.0	-1.0	-1.0	-1.0	-1.0	-1.0	-1.0	-1.0	-1.0	0.0	marker	peace	Peace	25	0418
-68538.19499999999	-55523.07	-104726.43	-18554.445	0.0	0.0	0.0	0.0	0.0	0.0	0.0	0.0	0.0	0.0	0.0	0.0	0.0	0.0	145.86206896551727	0.0	0.043151745	-0.030212325	1.017026205	4.77638	0.7019599999999999	-1.23606	3290240.0	1776544970.916996	0.0	1.0	-1.0	-1.0	-1.0	-1.0	-1.0	-1.0	-1.0	-1.0	0.0	marker	peace	Peace	25	0418
-68529.95999999999	-55536.704999999994	-104713.65	-18544.23	0.0	0.0	0.0	0.0	0.0	0.0	0.0	0.0	0.0	0.0	0.0	0.0	0.0	0.0	145.86206896551727	0.0	0.043151745	-0.030212325	1.017026205	4.77638	0.7019599999999999	-1.23606	3290241.0	1776544970.920969	0.0	1.0	-1.0	-1.0	-1.0	-1.0	-1.0	-1.0	-1.0	-1.0	0.0	marker	peace	Peace	25	0418
-68545.665	-55540.619999999995	-104717.79	-18556.155	0.0	0.0	0.0	0.0	0.0	0.0	0.0	0.0	0.0	0.0	0.0	0.0	0.0	0.0	145.86206896551727	0.0	0.043151745	-0.030212325	1.017026205	4.77638	0.7019599999999999	-1.23606	3290242.0	1776544970.920984	0.0	1.0	-1.0	-1.0	-1.0	-1.0	-1.0	-1.0	-1.0	-1.0	0.0	marker	peace	Peace	25	0418
-68559.39	-55542.6	-104707.845	-18553.635	0.0	0.0	0.0	0.0	0.0	0.0	0.0	0.0	0.0	0.0	0.0	0.0	0.0	0.0	145.86206896551727	0.0	0.043151745	-0.030212325	1.017026205	4.77638	0.7019599999999999	-1.23606	3290243.0	1776544970.924978	0.0	1.0	-1.0	-1.0	-1.0	-1.0	-1.0	-1.0	-1.0	-1.0	0.0	marker	peace	Peace	25	0418
-68562.98999999999	-55546.11	-104720.67	-18560.655	0.0	0.0	0.0	0.0	0.0	0.0	0.0	0.0	0.0	0.0	0.0	0.0	0.0	0.0	145.86206896551727	0.0	0.043151745	-0.030212325	1.017026205	4.77638	0.7019599999999999	-1.23606	3290244.0	1776544970.924992	0.0	1.0	-1.0	-1.0	-1.0	-1.0	-1.0	-1.0	-1.0	-1.0	0.0	marker	peace	Peace	25	0418
-68532.48	-55542.78	-104732.73	-18549.945	0.0	0.0	0.0	0.0	0.0	0.0	0.0	0.0	0.0	0.0	0.0	0.0	0.0	0.0	145.86206896551727	0.0	0.043151745	-0.030212325	1.017026205	4.77638	0.7019599999999999	-1.23606	3290245.0	1776544970.929451	0.0	1.0	-1.0	-1.0	-1.0	-1.0	-1.0	-1.0	-1.0	-1.0	0.0	marker	peace	Peace	25	0418
-68482.53	-55538.009999999995	-104690.97	-18508.68	0.0	0.0	0.0	0.0	0.0	0.0	0.0	0.0	0.0	0.0	0.0	0.0	0.0	0.0	145.86206896551727	0.0	0.043151745	-0.030212325	1.017026205	4.77638	0.7019599999999999	-1.23606	3290246.0	1776544970.929455	0.0	1.0	-1.0	-1.0	-1.0	-1.0	-1.0	-1.0	-1.0	-1.0	0.0	marker	peace	Peace	25	0418
-68554.44	-55544.49	-104753.025	-18580.274999999998	0.0	0.0	0.0	0.0	0.0	0.0	0.0	0.0	0.0	0.0	0.0	0.0	0.0	0.0	145.86206896551727	0.0	0.04443348	-0.01977534	1.015195155	2.4263399999999997	0.57988	0.15259999999999999	3290247.0	1776544970.933004	0.0	1.0	-1.0	-1.0	-1.0	-1.0	-1.0	-1.0	-1.0	-1.0	0.0	marker	peace	Peace	25	0418
-68594.44499999999	-55544.445	-104779.39499999999	-18605.565	0.0	0.0	0.0	0.0	0.0	0.0	0.0	0.0	0.0	0.0	0.0	0.0	0.0	0.0	145.86206896551727	0.0	0.04443348	-0.01977534	1.015195155	2.4263399999999997	0.57988	0.15259999999999999	3290248.0	1776544970.933019	0.0	1.0	-1.0	-1.0	-1.0	-1.0	-1.0	-1.0	-1.0	-1.0	0.0	marker	peace	Peace	25	0418
-68578.785	-55542.06	-104762.7	-18588.195	0.0	0.0	0.0	0.0	0.0	0.0	0.0	0.0	0.0	0.0	0.0	0.0	0.0	0.0	145.86206896551727	0.0	0.04443348	-0.01977534	1.015195155	2.4263399999999997	0.57988	0.15259999999999999	3290249.0	1776544970.947087	0.0	1.0	-1.0	-1.0	-1.0	-1.0	-1.0	-1.0	-1.0	-1.0	0.0	marker	peace	Peace	25	0418
-68510.06999999999	-55530.09	-104699.25	-18530.864999999998	0.0	0.0	0.0	0.0	0.0	0.0	0.0	0.0	0.0	0.0	0.0	0.0	0.0	0.0	145.86206896551727	0.0	0.04443348	-0.01977534	1.015195155	2.4263399999999997	0.57988	0.15259999999999999	3290250.0	1776544970.947102	0.0	1.0	-1.0	-1.0	-1.0	-1.0	-1.0	-1.0	-1.0	-1.0	0.0	marker	peace	Peace	25	0418
-68472.36	-55521.18	-104674.905	-18516.42	0.0	0.0	0.0	0.0	0.0	0.0	0.0	0.0	0.0	0.0	0.0	0.0	0.0	0.0	145.86206896551727	0.0	0.04443348	-0.01977534	1.015195155	2.4263399999999997	0.57988	0.15259999999999999	3290251.0	1776544970.94712	0.0	1.0	-1.0	-1.0	-1.0	-1.0	-1.0	-1.0	-1.0	-1.0	0.0	marker	peace	Peace	25	0418
-68556.78	-55517.625	-104727.015	-18556.965	0.0	0.0	0.0	0.0	0.0	0.0	0.0	0.0	0.0	0.0	0.0	0.0	0.0	0.0	145.86206896551727	0.0	0.04443348	-0.01977534	1.015195155	2.4263399999999997	0.57988	0.15259999999999999	3290252.0	1776544970.947126	0.0	1.0	-1.0	-1.0	-1.0	-1.0	-1.0	-1.0	-1.0	-1.0	0.0	marker	peace	Peace	25	0418
-68588.28	-55523.88	-104738.805	-18559.89	0.0	0.0	0.0	0.0	0.0	0.0	0.0	0.0	0.0	0.0	0.0	0.0	0.0	0.0	145.86206896551727	0.0	0.04443348	-0.01977534	1.015195155	2.4263399999999997	0.57988	0.15259999999999999	3290253.0	1776544970.947132	0.0	1.0	-1.0	-1.0	-1.0	-1.0	-1.0	-1.0	-1.0	-1.0	0.0	marker	peace	Peace	25	0418
-68549.805	-55554.345	-104726.97	-18561.735	0.0	0.0	0.0	0.0	0.0	0.0	0.0	0.0	0.0	0.0	0.0	0.0	0.0	0.0	145.86206896551727	0.0	0.04443348	-0.01977534	1.015195155	2.4263399999999997	0.57988	0.15259999999999999	3290254.0	1776544970.947136	0.0	1.0	-1.0	-1.0	-1.0	-1.0	-1.0	-1.0	-1.0	-1.0	0.0	marker	peace	Peace	25	0418
-68554.08	-55560.96	-104727.915	-18563.04	0.0	0.0	0.0	0.0	0.0	0.0	0.0	0.0	0.0	0.0	0.0	0.0	0.0	0.0	145.86206896551727	0.0	0.04443348	-0.01977534	1.015195155	2.4263399999999997	0.57988	0.15259999999999999	3290255.0	1776544970.949186	0.0	1.0	-1.0	-1.0	-1.0	-1.0	-1.0	-1.0	-1.0	-1.0	0.0	marker	peace	Peace	25	0418
-68559.48	-55559.88	-104741.955	-18566.91	0.0	0.0	0.0	0.0	0.0	0.0	0.0	0.0	0.0	0.0	0.0	0.0	0.0	0.0	145.86206896551727	0.0	0.04443348	-0.01977534	1.015195155	2.4263399999999997	0.57988	0.15259999999999999	3290256.0	1776544970.9492	0.0	1.0	-1.0	-1.0	-1.0	-1.0	-1.0	-1.0	-1.0	-1.0	0.0	marker	peace	Peace	25	0418
-68557.31999999999	-55555.38	-104744.97	-18573.885	0.0	0.0	0.0	0.0	0.0	0.0	0.0	0.0	0.0	0.0	0.0	0.0	0.0	0.0	145.86206896551727	0.0	0.04248036	-0.01782222	1.013852385	0.3815	0.82404	0.16785999999999998	3290257.0	1776544970.953112	0.0	1.0	-1.0	-1.0	-1.0	-1.0	-1.0	-1.0	-1.0	-1.0	0.0	marker	peace	Peace	25	0418
-68552.09999999999	-55560.96	-104738.08499999999	-18567.405	0.0	0.0	0.0	0.0	0.0	0.0	0.0	0.0	0.0	0.0	0.0	0.0	0.0	0.0	145.86206896551727	0.0	0.04248036	-0.01782222	1.013852385	0.3815	0.82404	0.16785999999999998	3290258.0	1776544970.953127	0.0	1.0	-1.0	-1.0	-1.0	-1.0	-1.0	-1.0	-1.0	-1.0	0.0	marker	peace	Peace	25	0418
-68551.56	-55575.45	-104735.565	-18565.739999999998	0.0	0.0	0.0	0.0	0.0	0.0	0.0	0.0	0.0	0.0	0.0	0.0	0.0	0.0	145.86206896551727	0.0	0.04248036	-0.01782222	1.013852385	0.3815	0.82404	0.16785999999999998	3290259.0	1776544970.957002	0.0	1.0	-1.0	-1.0	-1.0	-1.0	-1.0	-1.0	-1.0	-1.0	0.0	marker	peace	Peace	25	0418
-68557.23	-55580.445	-104747.04	-18569.114999999998	0.0	0.0	0.0	0.0	0.0	0.0	0.0	0.0	0.0	0.0	0.0	0.0	0.0	0.0	145.86206896551727	0.0	0.04248036	-0.01782222	1.013852385	0.3815	0.82404	0.16785999999999998	3290260.0	1776544970.957017	0.0	1.0	-1.0	-1.0	-1.0	-1.0	-1.0	-1.0	-1.0	-1.0	0.0	marker	peace	Peace	25	0418
-68550.12	-55578.195	-104742.765	-18558.09	0.0	0.0	0.0	0.0	0.0	0.0	0.0	0.0	0.0	0.0	0.0	0.0	0.0	0.0	145.86206896551727	0.0	0.04248036	-0.01782222	1.013852385	0.3815	0.82404	0.16785999999999998	3290261.0	1776544970.964923	0.0	1.0	-1.0	-1.0	-1.0	-1.0	-1.0	-1.0	-1.0	-1.0	0.0	marker	peace	Peace	25	0418
-68553.315	-55539.945	-104746.275	-18559.62	0.0	0.0	0.0	0.0	0.0	0.0	0.0	0.0	0.0	0.0	0.0	0.0	0.0	0.0	145.86206896551727	0.0	0.04248036	-0.01782222	1.013852385	0.3815	0.82404	0.16785999999999998	3290262.0	1776544970.964937	0.0	1.0	-1.0	-1.0	-1.0	-1.0	-1.0	-1.0	-1.0	-1.0	0.0	marker	peace	Peace	25	0418
-68557.59	-55433.07	-104735.565	-18566.64	0.0	0.0	0.0	0.0	0.0	0.0	0.0	0.0	0.0	0.0	0.0	0.0	0.0	0.0	145.86206896551727	0.0	0.04248036	-0.01782222	1.013852385	0.3815	0.82404	0.16785999999999998	3290263.0	1776544970.964953	0.0	1.0	-1.0	-1.0	-1.0	-1.0	-1.0	-1.0	-1.0	-1.0	0.0	marker	peace	Peace	25	0418
-68542.47	-55408.545	-104739.56999999999	-18565.92	0.0	0.0	0.0	0.0	0.0	0.0	0.0	0.0	0.0	0.0	0.0	0.0	0.0	0.0	145.86206896551727	0.0	0.04248036	-0.01782222	1.013852385	0.3815	0.82404	0.16785999999999998	3290264.0	1776544970.964958	0.0	1.0	-1.0	-1.0	-1.0	-1.0	-1.0	-1.0	-1.0	-1.0	0.0	marker	peace	Peace	25	0418
-68540.535	-55401.255	-104738.355	-18561.87	0.0	0.0	0.0	0.0	0.0	0.0	0.0	0.0	0.0	0.0	0.0	0.0	0.0	0.0	145.86206896551727	0.0	0.04248036	-0.01782222	1.013852385	0.3815	0.82404	0.16785999999999998	3290265.0	1776544970.971691	0.0	1.0	-1.0	-1.0	-1.0	-1.0	-1.0	-1.0	-1.0	-1.0	0.0	marker	peace	Peace	25	0418
-68562.27	-55397.115	-104720.67	-18563.895	0.0	0.0	0.0	0.0	0.0	0.0	0.0	0.0	0.0	0.0	0.0	0.0	0.0	0.0	145.86206896551727	0.0	0.04248036	-0.01782222	1.013852385	0.3815	0.82404	0.16785999999999998	3290266.0	1776544970.971705	0.0	1.0	-1.0	-1.0	-1.0	-1.0	-1.0	-1.0	-1.0	-1.0	0.0	marker	peace	Peace	25	0418
-68584.95	-55397.384999999995	-104740.01999999999	-18583.245	0.0	0.0	0.0	0.0	0.0	0.0	0.0	0.0	0.0	0.0	0.0	0.0	0.0	0.0	145.86206896551727	0.0	0.041320695	-0.029113695000000002	1.0141575600000001	2.39582	1.1444999999999999	-0.03052	3290267.0	1776544970.978561	0.0	1.0	-1.0	-1.0	-1.0	-1.0	-1.0	-1.0	-1.0	-1.0	0.0	marker	peace	Peace	25	0418
-68570.81999999999	-55392.704999999994	-104742.72	-18573.255	0.0	0.0	0.0	0.0	0.0	0.0	0.0	0.0	0.0	0.0	0.0	0.0	0.0	0.0	145.86206896551727	0.0	0.041320695	-0.029113695000000002	1.0141575600000001	2.39582	1.1444999999999999	-0.03052	3290268.0	1776544970.978576	0.0	1.0	-1.0	-1.0	-1.0	-1.0	-1.0	-1.0	-1.0	-1.0	0.0	marker	peace	Peace	25	0418
-68570.595	-55384.965	-104735.79	-18565.38	0.0	0.0	0.0	0.0	0.0	0.0	0.0	0.0	0.0	0.0	0.0	0.0	0.0	0.0	145.86206896551727	0.0	0.041320695	-0.029113695000000002	1.0141575600000001	2.39582	1.1444999999999999	-0.03052	3290269.0	1776544970.978592	0.0	1.0	-1.0	-1.0	-1.0	-1.0	-1.0	-1.0	-1.0	-1.0	0.0	marker	peace	Peace	25	0418
-68571.09	-55380.689999999995	-104738.4	-18581.94	0.0	0.0	0.0	0.0	0.0	0.0	0.0	0.0	0.0	0.0	0.0	0.0	0.0	0.0	145.86206896551727	0.0	0.041320695	-0.029113695000000002	1.0141575600000001	2.39582	1.1444999999999999	-0.03052	3290270.0	1776544970.978597	0.0	1.0	-1.0	-1.0	-1.0	-1.0	-1.0	-1.0	-1.0	-1.0	0.0	marker	peace	Peace	25	0418
-68571.18	-55379.43	-104752.98	-18586.71	0.0	0.0	0.0	0.0	0.0	0.0	0.0	0.0	0.0	0.0	0.0	0.0	0.0	0.0	145.86206896551727	0.0	0.041320695	-0.029113695000000002	1.0141575600000001	2.39582	1.1444999999999999	-0.03052	3290271.0	1776544970.983209	0.0	1.0	-1.0	-1.0	-1.0	-1.0	-1.0	-1.0	-1.0	-1.0	0.0	marker	peace	Peace	25	0418
-68549.44499999999	-55375.695	-104727.42	-18562.995	0.0	0.0	0.0	0.0	0.0	0.0	0.0	0.0	0.0	0.0	0.0	0.0	0.0	0.0	145.86206896551727	0.0	0.041320695	-0.029113695000000002	1.0141575600000001	2.39582	1.1444999999999999	-0.03052	3290272.0	1776544970.983224	0.0	1.0	-1.0	-1.0	-1.0	-1.0	-1.0	-1.0	-1.0	-1.0	0.0	marker	peace	Peace	25	0418
-68515.02	-55371.329999999994	-104688.135	-18535.094999999998	0.0	0.0	0.0	0.0	0.0	0.0	0.0	0.0	0.0	0.0	0.0	0.0	0.0	0.0	145.86206896551727	0.0	0.041320695	-0.029113695000000002	1.0141575600000001	2.39582	1.1444999999999999	-0.03052	3290273.0	1776544970.985829	0.0	1.0	-1.0	-1.0	-1.0	-1.0	-1.0	-1.0	-1.0	-1.0	0.0	marker	peace	Peace	25	0418
-68563.305	-55377.314999999995	-104746.36499999999	-18584.55	0.0	0.0	0.0	0.0	0.0	0.0	0.0	0.0	0.0	0.0	0.0	0.0	0.0	0.0	145.86206896551727	0.0	0.041320695	-0.029113695000000002	1.0141575600000001	2.39582	1.1444999999999999	-0.03052	3290274.0	1776544970.985843	0.0	1.0	-1.0	-1.0	-1.0	-1.0	-1.0	-1.0	-1.0	-1.0	0.0	marker	peace	Peace	25	0418
-68529.42	-55380.104999999996	-104738.76	-18554.445	0.0	0.0	0.0	0.0	0.0	0.0	0.0	0.0	0.0	0.0	0.0	0.0	0.0	0.0	145.86206896551727	0.0	0.041320695	-0.029113695000000002	1.0141575600000001	2.39582	1.1444999999999999	-0.03052	3290275.0	1776544970.989351	0.0	1.0	-1.0	-1.0	-1.0	-1.0	-1.0	-1.0	-1.0	-1.0	0.0	marker	peace	Peace	25	0418
-68497.92	-55389.6	-104705.19	-18525.239999999998	0.0	0.0	0.0	0.0	0.0	0.0	0.0	0.0	0.0	0.0	0.0	0.0	0.0	0.0	145.86206896551727	0.0	0.041320695	-0.029113695000000002	1.0141575600000001	2.39582	1.1444999999999999	-0.03052	3290276.0	1776544970.989358	0.0	1.0	-1.0	-1.0	-1.0	-1.0	-1.0	-1.0	-1.0	-1.0	0.0	marker	peace	Peace	25	0418
-68585.67	-55413.854999999996	-104766.075	-18587.925	0.0	0.0	0.0	0.0	0.0	0.0	0.0	0.0	0.0	0.0	0.0	0.0	0.0	0.0	145.86206896551727	0.0	0.04162587	-0.027404715	1.013974455	2.63998	1.11398	0.13734	3290277.0	1776544970.993249	0.0	1.0	-1.0	-1.0	-1.0	-1.0	-1.0	-1.0	-1.0	-1.0	0.0	marker	peace	Peace	25	0418
-68603.67	-55417.185	-104764.00499999999	-18593.415	0.0	0.0	0.0	0.0	0.0	0.0	0.0	0.0	0.0	0.0	0.0	0.0	0.0	0.0	145.86206896551727	0.0	0.04162587	-0.027404715	1.013974455	2.63998	1.11398	0.13734	3290278.0	1776544970.993264	0.0	1.0	-1.0	-1.0	-1.0	-1.0	-1.0	-1.0	-1.0	-1.0	0.0	marker	peace	Peace	25	0418
-68532.39	-55417.365	-104729.265	-18562.86	0.0	0.0	0.0	0.0	0.0	0.0	0.0	0.0	0.0	0.0	0.0	0.0	0.0	0.0	145.86206896551727	0.0	0.04162587	-0.027404715	1.013974455	2.63998	1.11398	0.13734	3290279.0	1776544970.997248	0.0	1.0	-1.0	-1.0	-1.0	-1.0	-1.0	-1.0	-1.0	-1.0	0.0	marker	peace	Peace	25	0418
-68521.14	-55413.54	-104732.14499999999	-18561.69	0.0	0.0	0.0	0.0	0.0	0.0	0.0	0.0	0.0	0.0	0.0	0.0	0.0	0.0	145.86206896551727	0.0	0.04162587	-0.027404715	1.013974455	2.63998	1.11398	0.13734	3290280.0	1776544970.997263	0.0	1.0	-1.0	-1.0	-1.0	-1.0	-1.0	-1.0	-1.0	-1.0	0.0	marker	peace	Peace	25	0418
-68553.72	-55409.445	-104726.43	-18545.04	0.0	0.0	0.0	0.0	0.0	0.0	0.0	0.0	0.0	0.0	0.0	0.0	0.0	0.0	145.86206896551727	0.0	0.04162587	-0.027404715	1.013974455	2.63998	1.11398	0.13734	3290281.0	1776544971.001141	0.0	1.0	-1.0	-1.0	-1.0	-1.0	-1.0	-1.0	-1.0	-1.0	0.0	marker	peace	Peace	25	0418
-68547.87	-55416.645	-104741.50499999999	-18565.515	0.0	0.0	0.0	0.0	0.0	0.0	0.0	0.0	0.0	0.0	0.0	0.0	0.0	0.0	145.86206896551727	0.0	0.04162587	-0.027404715	1.013974455	2.63998	1.11398	0.13734	3290282.0	1776544971.001156	0.0	1.0	-1.0	-1.0	-1.0	-1.0	-1.0	-1.0	-1.0	-1.0	0.0	marker	peace	Peace	25	0418
-68564.52	-55420.74	-104756.04	-18583.245	0.0	0.0	0.0	0.0	0.0	0.0	0.0	0.0	0.0	0.0	0.0	0.0	0.0	0.0	145.86206896551727	0.0	0.04162587	-0.027404715	1.013974455	2.63998	1.11398	0.13734	3290283.0	1776544971.009655	0.0	1.0	-1.0	-1.0	-1.0	-1.0	-1.0	-1.0	-1.0	-1.0	0.0	marker	peace	Peace	25	0418
-68570.37	-55429.155	-104749.515	-18579.285	0.0	0.0	0.0	0.0	0.0	0.0	0.0	0.0	0.0	0.0	0.0	0.0	0.0	0.0	145.86206896551727	0.0	0.04162587	-0.027404715	1.013974455	2.63998	1.11398	0.13734	3290284.0	1776544971.009669	0.0	1.0	-1.0	-1.0	-1.0	-1.0	-1.0	-1.0	-1.0	-1.0	0.0	marker	peace	Peace	25	0418
-68548.455	-55437.93	-104718.87	-18551.88	0.0	0.0	0.0	0.0	0.0	0.0	0.0	0.0	0.0	0.0	0.0	0.0	0.0	0.0	145.86206896551727	0.0	0.04162587	-0.027404715	1.013974455	2.63998	1.11398	0.13734	3290285.0	1776544971.009682	0.0	1.0	-1.0	-1.0	-1.0	-1.0	-1.0	-1.0	-1.0	-1.0	0.0	marker	peace	Peace	25	0418
-68551.965	-55445.579999999994	-104733.26999999999	-18551.34	0.0	0.0	0.0	0.0	0.0	0.0	0.0	0.0	0.0	0.0	0.0	0.0	0.0	0.0	145.86206896551727	0.0	0.04162587	-0.027404715	1.013974455	2.63998	1.11398	0.13734	3290286.0	1776544971.009689	0.0	1.0	-1.0	-1.0	-1.0	-1.0	-1.0	-1.0	-1.0	-1.0	0.0	marker	peace	Peace	25	0418
-68552.73	-55446.03	-104738.44499999999	-18559.035	0.0	0.0	0.0	0.0	0.0	0.0	0.0	0.0	0.0	0.0	0.0	0.0	0.0	0.0	145.86206896551727	0.0	0.043029675	-0.020935005	1.012143405	0.41202	1.5412599999999999	0.8698199999999999	3290287.0	1776544971.013255	0.0	1.0	-1.0	-1.0	-1.0	-1.0	-1.0	-1.0	-1.0	-1.0	0.0	marker	peace	Peace	25	0418
-68538.285	-55443.375	-104710.905	-18549.855	0.0	0.0	0.0	0.0	0.0	0.0	0.0	0.0	0.0	0.0	0.0	0.0	0.0	0.0	145.86206896551727	0.0	0.043029675	-0.020935005	1.012143405	0.41202	1.5412599999999999	0.8698199999999999	3290288.0	1776544971.013269	0.0	1.0	-1.0	-1.0	-1.0	-1.0	-1.0	-1.0	-1.0	-1.0	0.0	marker	peace	Peace	25	0418
-68535.54	-55443.645	-104702.22	-18552.239999999998	0.0	0.0	0.0	0.0	0.0	0.0	0.0	0.0	0.0	0.0	0.0	0.0	0.0	0.0	145.86206896551727	0.0	0.043029675	-0.020935005	1.012143405	0.41202	1.5412599999999999	0.8698199999999999	3290289.0	1776544971.017324	0.0	1.0	-1.0	-1.0	-1.0	-1.0	-1.0	-1.0	-1.0	-1.0	0.0	marker	peace	Peace	25	0418
-68542.785	-55451.88	-104749.875	-18577.17	0.0	0.0	0.0	0.0	0.0	0.0	0.0	0.0	0.0	0.0	0.0	0.0	0.0	0.0	145.86206896551727	0.0	0.043029675	-0.020935005	1.012143405	0.41202	1.5412599999999999	0.8698199999999999	3290290.0	1776544971.017354	0.0	1.0	-1.0	-1.0	-1.0	-1.0	-1.0	-1.0	-1.0	-1.0	0.0	marker	peace	Peace	25	0418
-68518.845	-55459.395	-104738.76	-18550.665	0.0	0.0	0.0	0.0	0.0	0.0	0.0	0.0	0.0	0.0	0.0	0.0	0.0	0.0	145.86206896551727	0.0	0.043029675	-0.020935005	1.012143405	0.41202	1.5412599999999999	0.8698199999999999	3290291.0	1776544971.02135	0.0	1.0	-1.0	-1.0	-1.0	-1.0	-1.0	-1.0	-1.0	-1.0	0.0	marker	peace	Peace	25	0418
-68470.29	-55460.7	-104660.775	-18492.344999999998	0.0	0.0	0.0	0.0	0.0	0.0	0.0	0.0	0.0	0.0	0.0	0.0	0.0	0.0	145.86206896551727	0.0	0.043029675	-0.020935005	1.012143405	0.41202	1.5412599999999999	0.8698199999999999	3290292.0	1776544971.021366	0.0	1.0	-1.0	-1.0	-1.0	-1.0	-1.0	-1.0	-1.0	-1.0	0.0	marker	peace	Peace	25	0418
-68522.805	-55461.195	-104699.025	-18527.535	0.0	0.0	0.0	0.0	0.0	0.0	0.0	0.0	0.0	0.0	0.0	0.0	0.0	0.0	145.86206896551727	0.0	0.043029675	-0.020935005	1.012143405	0.41202	1.5412599999999999	0.8698199999999999	3290293.0	1776544971.025945	0.0	1.0	-1.0	-1.0	-1.0	-1.0	-1.0	-1.0	-1.0	-1.0	0.0	marker	peace	Peace	25	0418
-68610.42	-55454.67	-104775.525	-18600.165	0.0	0.0	0.0	0.0	0.0	0.0	0.0	0.0	0.0	0.0	0.0	0.0	0.0	0.0	145.86206896551727	0.0	0.043029675	-0.020935005	1.012143405	0.41202	1.5412599999999999	0.8698199999999999	3290294.0	1776544971.025959	0.0	1.0	-1.0	-1.0	-1.0	-1.0	-1.0	-1.0	-1.0	-1.0	0.0	marker	peace	Peace	25	0418
-68564.295	-55439.64	-104743.70999999999	-18577.44	0.0	0.0	0.0	0.0	0.0	0.0	0.0	0.0	0.0	0.0	0.0	0.0	0.0	0.0	145.86206896551727	0.0	0.043029675	-0.020935005	1.012143405	0.41202	1.5412599999999999	0.8698199999999999	3290295.0	1776544971.02924	0.0	1.0	-1.0	-1.0	-1.0	-1.0	-1.0	-1.0	-1.0	-1.0	0.0	marker	peace	Peace	25	0418
-68564.52	-55429.47	-104745.915	-18574.739999999998	0.0	0.0	0.0	0.0	0.0	0.0	0.0	0.0	0.0	0.0	0.0	0.0	0.0	0.0	145.86206896551727	0.0	0.043029675	-0.020935005	1.012143405	0.41202	1.5412599999999999	0.8698199999999999	3290296.0	1776544971.029248	0.0	1.0	-1.0	-1.0	-1.0	-1.0	-1.0	-1.0	-1.0	-1.0	0.0	marker	peace	Peace	25	0418
-68550.61499999999	-55419.884999999995	-104740.065	-18565.695	0.0	0.0	0.0	0.0	0.0	0.0	0.0	0.0	0.0	0.0	0.0	0.0	0.0	0.0	145.86206896551727	0.0	0.04162587	-0.026000910000000002	1.014218595	0.07629999999999999	1.5412599999999999	-0.04578	3290297.0	1776544971.033453	0.0	1.0	-1.0	-1.0	-1.0	-1.0	-1.0	-1.0	-1.0	-1.0	0.0	marker	peace	Peace	25	0418
-68542.47	-55418.22	-104731.965	-18556.155	0.0	0.0	0.0	0.0	0.0	0.0	0.0	0.0	0.0	0.0	0.0	0.0	0.0	0.0	145.86206896551727	0.0	0.04162587	-0.026000910000000002	1.014218595	0.07629999999999999	1.5412599999999999	-0.04578	3290298.0	1776544971.033482	0.0	1.0	-1.0	-1.0	-1.0	-1.0	-1.0	-1.0	-1.0	-1.0	0.0	marker	peace	Peace	25	0418
-68605.69499999999	-55425.645	-104784.345	-18608.13	0.0	0.0	0.0	0.0	0.0	0.0	0.0	0.0	0.0	0.0	0.0	0.0	0.0	0.0	145.86206896551727	0.0	0.04162587	-0.026000910000000002	1.014218595	0.07629999999999999	1.5412599999999999	-0.04578	3290299.0	1776544971.037255	0.0	1.0	-1.0	-1.0	-1.0	-1.0	-1.0	-1.0	-1.0	-1.0	0.0	marker	peace	Peace	25	0418
-68581.8	-55435.229999999996	-104755.76999999999	-18587.52	0.0	0.0	0.0	0.0	0.0	0.0	0.0	0.0	0.0	0.0	0.0	0.0	0.0	0.0	145.86206896551727	0.0	0.04162587	-0.026000910000000002	1.014218595	0.07629999999999999	1.5412599999999999	-0.04578	3290300.0	1776544971.037276	0.0	1.0	-1.0	-1.0	-1.0	-1.0	-1.0	-1.0	-1.0	-1.0	0.0	marker	peace	Peace	25	0418
-68557.815	-55444.59	-104732.14499999999	-18563.265	0.0	0.0	0.0	0.0	0.0	0.0	0.0	0.0	0.0	0.0	0.0	0.0	0.0	0.0	145.86206896551727	0.0	0.04162587	-0.026000910000000002	1.014218595	0.07629999999999999	1.5412599999999999	-0.04578	3290301.0	1776544971.044654	0.0	1.0	-1.0	-1.0	-1.0	-1.0	-1.0	-1.0	-1.0	-1.0	0.0	marker	peace	Peace	25	0418
-68560.425	-55451.79	-104736.915	-18567.27	0.0	0.0	0.0	0.0	0.0	0.0	0.0	0.0	0.0	0.0	0.0	0.0	0.0	0.0	145.86206896551727	0.0	0.04162587	-0.026000910000000002	1.014218595	0.07629999999999999	1.5412599999999999	-0.04578	3290302.0	1776544971.044672	0.0	1.0	-1.0	-1.0	-1.0	-1.0	-1.0	-1.0	-1.0	-1.0	0.0	marker	peace	Peace	25	0418
-68558.355	-55450.35	-104739.795	-18557.55	0.0	0.0	0.0	0.0	0.0	0.0	0.0	0.0	0.0	0.0	0.0	0.0	0.0	0.0	145.86206896551727	0.0	0.04162587	-0.026000910000000002	1.014218595	0.07629999999999999	1.5412599999999999	-0.04578	3290303.0	1776544971.045405	0.0	1.0	-1.0	-1.0	-1.0	-1.0	-1.0	-1.0	-1.0	-1.0	0.0	marker	peace	Peace	25	0418
-68568.255	-55441.439999999995	-104763.33	-18574.965	0.0	0.0	0.0	0.0	0.0	0.0	0.0	0.0	0.0	0.0	0.0	0.0	0.0	0.0	145.86206896551727	0.0	0.04162587	-0.026000910000000002	1.014218595	0.07629999999999999	1.5412599999999999	-0.04578	3290304.0	1776544971.045421	0.0	1.0	-1.0	-1.0	-1.0	-1.0	-1.0	-1.0	-1.0	-1.0	0.0	marker	peace	Peace	25	0418
-68566.185	-55437.03	-104742.045	-18595.62	0.0	0.0	0.0	0.0	0.0	0.0	0.0	0.0	0.0	0.0	0.0	0.0	0.0	0.0	145.86206896551727	0.0	0.04162587	-0.026000910000000002	1.014218595	0.07629999999999999	1.5412599999999999	-0.04578	3290305.0	1776544971.049348	0.0	1.0	-1.0	-1.0	-1.0	-1.0	-1.0	-1.0	-1.0	-1.0	0.0	marker	peace	Peace	25	0418
-68519.565	-55440.09	-104670.45	-18533.114999999998	0.0	0.0	0.0	0.0	0.0	0.0	0.0	0.0	0.0	0.0	0.0	0.0	0.0	0.0	145.86206896551727	0.0	0.04162587	-0.026000910000000002	1.014218595	0.07629999999999999	1.5412599999999999	-0.04578	3290306.0	1776544971.049368	0.0	1.0	-1.0	-1.0	-1.0	-1.0	-1.0	-1.0	-1.0	-1.0	0.0	marker	peace	Peace	25	0418
-68543.73	-55445.805	-104736.28499999999	-18557.64	0.0	0.0	0.0	0.0	0.0	0.0	0.0	0.0	0.0	0.0	0.0	0.0	0.0	0.0	145.86206896551727	0.0	0.042541395	-0.031310955	1.019833815	1.31236	1.69386	0.6103999999999999	3290307.0	1776544971.053183	0.0	1.0	-1.0	-1.0	-1.0	-1.0	-1.0	-1.0	-1.0	-1.0	0.0	marker	peace	Peace	25	0418
-68556.78	-55445.265	-104750.775	-18580.274999999998	0.0	0.0	0.0	0.0	0.0	0.0	0.0	0.0	0.0	0.0	0.0	0.0	0.0	0.0	145.86206896551727	0.0	0.042541395	-0.031310955	1.019833815	1.31236	1.69386	0.6103999999999999	3290308.0	1776544971.053205	0.0	1.0	-1.0	-1.0	-1.0	-1.0	-1.0	-1.0	-1.0	-1.0	0.0	marker	peace	Peace	25	0418
-68549.535	-55442.79	-104727.825	-18564.57	0.0	0.0	0.0	0.0	0.0	0.0	0.0	0.0	0.0	0.0	0.0	0.0	0.0	0.0	145.86206896551727	0.0	0.042541395	-0.031310955	1.019833815	1.31236	1.69386	0.6103999999999999	3290309.0	1776544971.087518	0.0	1.0	-1.0	-1.0	-1.0	-1.0	-1.0	-1.0	-1.0	-1.0	0.0	marker	peace	Peace	25	0418
-68585.48999999999	-55443.915	-104727.015	-18572.715	0.0	0.0	0.0	0.0	0.0	0.0	0.0	0.0	0.0	0.0	0.0	0.0	0.0	0.0	145.86206896551727	0.0	0.042541395	-0.031310955	1.019833815	1.31236	1.69386	0.6103999999999999	3290310.0	1776544971.087567	0.0	1.0	-1.0	-1.0	-1.0	-1.0	-1.0	-1.0	-1.0	-1.0	0.0	marker	peace	Peace	25	0418
-68572.26	-55442.88	-104718.95999999999	-18568.89	0.0	0.0	0.0	0.0	0.0	0.0	0.0	0.0	0.0	0.0	0.0	0.0	0.0	0.0	145.86206896551727	0.0	0.042541395	-0.031310955	1.019833815	1.31236	1.69386	0.6103999999999999	3290311.0	1776544971.087611	0.0	1.0	-1.0	-1.0	-1.0	-1.0	-1.0	-1.0	-1.0	-1.0	0.0	marker	peace	Peace	25	0418
-68547.87	-55428.345	-104725.665	-18563.219999999998	0.0	0.0	0.0	0.0	0.0	0.0	0.0	0.0	0.0	0.0	0.0	0.0	0.0	0.0	145.86206896551727	0.0	0.042541395	-0.031310955	1.019833815	1.31236	1.69386	0.6103999999999999	3290312.0	1776544971.087632	0.0	1.0	-1.0	-1.0	-1.0	-1.0	-1.0	-1.0	-1.0	-1.0	0.0	marker	peace	Peace	25	0418
-68493.78	-55409.67	-104682.87	-18515.43	0.0	0.0	0.0	0.0	0.0	0.0	0.0	0.0	0.0	0.0	0.0	0.0	0.0	0.0	145.86206896551727	0.0	0.042541395	-0.031310955	1.019833815	1.31236	1.69386	0.6103999999999999	3290313.0	1776544971.087657	0.0	1.0	-1.0	-1.0	-1.0	-1.0	-1.0	-1.0	-1.0	-1.0	0.0	marker	peace	Peace	25	0418
-68492.295	-55410.119999999995	-104686.605	-18511.829999999998	0.0	0.0	0.0	0.0	0.0	0.0	0.0	0.0	0.0	0.0	0.0	0.0	0.0	0.0	145.86206896551727	0.0	0.042541395	-0.031310955	1.019833815	1.31236	1.69386	0.6103999999999999	3290314.0	1776544971.087676	0.0	1.0	-1.0	-1.0	-1.0	-1.0	-1.0	-1.0	-1.0	-1.0	0.0	marker	peace	Peace	25	0418
-68523.61499999999	-55414.395	-104712.39	-18531.989999999998	0.0	0.0	0.0	0.0	0.0	0.0	0.0	0.0	0.0	0.0	0.0	0.0	0.0	0.0	145.86206896551727	0.0	0.042541395	-0.031310955	1.019833815	1.31236	1.69386	0.6103999999999999	3290315.0	1776544971.087698	0.0	1.0	-1.0	-1.0	-1.0	-1.0	-1.0	-1.0	-1.0	-1.0	0.0	marker	peace	Peace	25	0418
-68581.575	-55419.03	-104774.265	-18584.235	0.0	0.0	0.0	0.0	0.0	0.0	0.0	0.0	0.0	0.0	0.0	0.0	0.0	0.0	145.86206896551727	0.0	0.042541395	-0.031310955	1.019833815	1.31236	1.69386	0.6103999999999999	3290316.0	1776544971.087716	0.0	1.0	-1.0	-1.0	-1.0	-1.0	-1.0	-1.0	-1.0	-1.0	0.0	marker	peace	Peace	25	0418
-68595.525	-55426.095	-104764.545	-18591.795	0.0	0.0	0.0	0.0	0.0	0.0	0.0	0.0	0.0	0.0	0.0	0.0	0.0	0.0	145.86206896551727	0.0	0.039977925	-0.03442374	1.02184797	2.10588	0.65618	0.01526	3290317.0	1776544971.087741	0.0	1.0	-1.0	-1.0	-1.0	-1.0	-1.0	-1.0	-1.0	-1.0	0.0	marker	peace	Peace	25	0418
-68572.035	-55424.655	-104752.39499999999	-18574.695	0.0	0.0	0.0	0.0	0.0	0.0	0.0	0.0	0.0	0.0	0.0	0.0	0.0	0.0	145.86206896551727	0.0	0.039977925	-0.03442374	1.02184797	2.10588	0.65618	0.01526	3290318.0	1776544971.087759	0.0	1.0	-1.0	-1.0	-1.0	-1.0	-1.0	-1.0	-1.0	-1.0	0.0	marker	peace	Peace	25	0418
-68548.185	-55420.11	-104745.23999999999	-18562.77	0.0	0.0	0.0	0.0	0.0	0.0	0.0	0.0	0.0	0.0	0.0	0.0	0.0	0.0	145.86206896551727	0.0	0.039977925	-0.03442374	1.02184797	2.10588	0.65618	0.01526	3290319.0	1776544971.087784	0.0	1.0	-1.0	-1.0	-1.0	-1.0	-1.0	-1.0	-1.0	-1.0	0.0	marker	peace	Peace	25	0418
-68526.45	-55409.715	-104722.605	-18544.364999999998	0.0	0.0	0.0	0.0	0.0	0.0	0.0	0.0	0.0	0.0	0.0	0.0	0.0	0.0	145.86206896551727	0.0	0.039977925	-0.03442374	1.02184797	2.10588	0.65618	0.01526	3290320.0	1776544971.087802	0.0	1.0	-1.0	-1.0	-1.0	-1.0	-1.0	-1.0	-1.0	-1.0	0.0	marker	peace	Peace	25	0418
-68535.63	-55394.189999999995	-104726.97	-18550.53	0.0	0.0	0.0	0.0	0.0	0.0	0.0	0.0	0.0	0.0	0.0	0.0	0.0	0.0	145.86206896551727	0.0	0.039977925	-0.03442374	1.02184797	2.10588	0.65618	0.01526	3290321.0	1776544971.087824	0.0	1.0	-1.0	-1.0	-1.0	-1.0	-1.0	-1.0	-1.0	-1.0	0.0	marker	peace	Peace	25	0418
-68592.42	-55388.43	-104773.905	-18605.565	0.0	0.0	0.0	0.0	0.0	0.0	0.0	0.0	0.0	0.0	0.0	0.0	0.0	0.0	145.86206896551727	0.0	0.039977925	-0.03442374	1.02184797	2.10588	0.65618	0.01526	3290322.0	1776544971.087842	0.0	1.0	-1.0	-1.0	-1.0	-1.0	-1.0	-1.0	-1.0	-1.0	0.0	marker	peace	Peace	25	0418
-68579.81999999999	-55389.104999999996	-104761.39499999999	-18594.315	0.0	0.0	0.0	0.0	0.0	0.0	0.0	0.0	0.0	0.0	0.0	0.0	0.0	0.0	145.86206896551727	0.0	0.039977925	-0.03442374	1.02184797	2.10588	0.65618	0.01526	3290323.0	1776544971.087866	0.0	1.0	-1.0	-1.0	-1.0	-1.0	-1.0	-1.0	-1.0	-1.0	0.0	marker	peace	Peace	25	0418
-68556.33	-55381.005	-104738.94	-18559.44	0.0	0.0	0.0	0.0	0.0	0.0	0.0	0.0	0.0	0.0	0.0	0.0	0.0	0.0	145.86206896551727	0.0	0.039977925	-0.03442374	1.02184797	2.10588	0.65618	0.01526	3290324.0	1776544971.087884	0.0	1.0	-1.0	-1.0	-1.0	-1.0	-1.0	-1.0	-1.0	-1.0	0.0	marker	peace	Peace	25	0418
-68525.955	-55382.4	-104709.15	-18528.885	0.0	0.0	0.0	0.0	0.0	0.0	0.0	0.0	0.0	0.0	0.0	0.0	0.0	0.0	145.86206896551727	0.0	0.039977925	-0.03442374	1.02184797	2.10588	0.65618	0.01526	3290325.0	1776544971.089451	0.0	1.0	-1.0	-1.0	-1.0	-1.0	-1.0	-1.0	-1.0	-1.0	0.0	marker	peace	Peace	25	0418
-68533.73999999999	-55395.585	-104715.94499999999	-18544.545	0.0	0.0	0.0	0.0	0.0	0.0	0.0	0.0	0.0	0.0	0.0	0.0	0.0	0.0	145.86206896551727	0.0	0.039977925	-0.03442374	1.02184797	2.10588	0.65618	0.01526	3290326.0	1776544971.089466	0.0	1.0	-1.0	-1.0	-1.0	-1.0	-1.0	-1.0	-1.0	-1.0	0.0	marker	peace	Peace	25	0418
-68579.09999999999	-55404.765	-104760.54	-18586.755	0.0	0.0	0.0	0.0	0.0	0.0	0.0	0.0	0.0	0.0	0.0	0.0	0.0	0.0	145.86206896551727	0.0	0.03527823	-0.036437895	1.02477765	2.62472	-0.44254	-0.5341	3290327.0	1776544971.093685	0.0	1.0	-1.0	-1.0	-1.0	-1.0	-1.0	-1.0	-1.0	-1.0	0.0	marker	peace	Peace	25	0418
-68578.73999999999	-55408.454999999994	-104765.44499999999	-18591.614999999998	0.0	0.0	0.0	0.0	0.0	0.0	0.0	0.0	0.0	0.0	0.0	0.0	0.0	0.0	145.86206896551727	0.0	0.03527823	-0.036437895	1.02477765	2.62472	-0.44254	-0.5341	3290328.0	1776544971.0937	0.0	1.0	-1.0	-1.0	-1.0	-1.0	-1.0	-1.0	-1.0	-1.0	0.0	marker	peace	Peace	25	0418
-68551.11	-55407.689999999995	-104730.165	-18558.135	0.0	0.0	0.0	0.0	0.0	0.0	0.0	0.0	0.0	0.0	0.0	0.0	0.0	0.0	145.86206896551727	0.0	0.03527823	-0.036437895	1.02477765	2.62472	-0.44254	-0.5341	3290329.0	1776544971.097627	0.0	1.0	-1.0	-1.0	-1.0	-1.0	-1.0	-1.0	-1.0	-1.0	0.0	marker	peace	Peace	25	0418
-68542.515	-55404.9	-104731.92	-18561.645	0.0	0.0	0.0	0.0	0.0	0.0	0.0	0.0	0.0	0.0	0.0	0.0	0.0	0.0	145.86206896551727	0.0	0.03527823	-0.036437895	1.02477765	2.62472	-0.44254	-0.5341	3290330.0	1776544971.097642	0.0	1.0	-1.0	-1.0	-1.0	-1.0	-1.0	-1.0	-1.0	-1.0	0.0	marker	peace	Peace	25	0418
-68556.825	-55395.36	-104753.34	-18586.98	0.0	0.0	0.0	0.0	0.0	0.0	0.0	0.0	0.0	0.0	0.0	0.0	0.0	0.0	145.86206896551727	0.0	0.03527823	-0.036437895	1.02477765	2.62472	-0.44254	-0.5341	3290331.0	1776544971.101545	0.0	1.0	-1.0	-1.0	-1.0	-1.0	-1.0	-1.0	-1.0	-1.0	0.0	marker	peace	Peace	25	0418
-68583.19499999999	-55394.909999999996	-104765.715	-18600.03	0.0	0.0	0.0	0.0	0.0	0.0	0.0	0.0	0.0	0.0	0.0	0.0	0.0	0.0	145.86206896551727	0.0	0.03527823	-0.036437895	1.02477765	2.62472	-0.44254	-0.5341	3290332.0	1776544971.101559	0.0	1.0	-1.0	-1.0	-1.0	-1.0	-1.0	-1.0	-1.0	-1.0	0.0	marker	peace	Peace	25	0418
-68562.495	-55402.784999999996	-104743.44	-18561.51	0.0	0.0	0.0	0.0	0.0	0.0	0.0	0.0	0.0	0.0	0.0	0.0	0.0	0.0	145.86206896551727	0.0	0.03527823	-0.036437895	1.02477765	2.62472	-0.44254	-0.5341	3290333.0	1776544971.105702	0.0	1.0	-1.0	-1.0	-1.0	-1.0	-1.0	-1.0	-1.0	-1.0	0.0	marker	peace	Peace	25	0418
-68502.915	-55409.04	-104692.14	-18514.079999999998	0.0	0.0	0.0	0.0	0.0	0.0	0.0	0.0	0.0	0.0	0.0	0.0	0.0	0.0	145.86206896551727	0.0	0.03527823	-0.036437895	1.02477765	2.62472	-0.44254	-0.5341	3290334.0	1776544971.105737	0.0	1.0	-1.0	-1.0	-1.0	-1.0	-1.0	-1.0	-1.0	-1.0	0.0	marker	peace	Peace	25	0418
-68465.97	-55419.479999999996	-104659.605	-18492.75	0.0	0.0	0.0	0.0	0.0	0.0	0.0	0.0	0.0	0.0	0.0	0.0	0.0	0.0	145.86206896551727	0.0	0.03527823	-0.036437895	1.02477765	2.62472	-0.44254	-0.5341	3290335.0	1776544971.109562	0.0	1.0	-1.0	-1.0	-1.0	-1.0	-1.0	-1.0	-1.0	-1.0	0.0	marker	peace	Peace	25	0418
-68589.98999999999	-55418.805	-104767.065	-18595.215	0.0	0.0	0.0	0.0	0.0	0.0	0.0	0.0	0.0	0.0	0.0	0.0	0.0	0.0	145.86206896551727	0.0	0.03527823	-0.036437895	1.02477765	2.62472	-0.44254	-0.5341	3290336.0	1776544971.109574	0.0	1.0	-1.0	-1.0	-1.0	-1.0	-1.0	-1.0	-1.0	-1.0	0.0	marker	peace	Peace	25	0418
-68620.455	-55409.715	-104779.935	-18595.035	0.0	0.0	0.0	0.0	0.0	0.0	0.0	0.0	0.0	0.0	0.0	0.0	0.0	0.0	145.86206896551727	0.0	0.035095125	-0.041259660000000004	1.025693175	4.53222	-0.9156	-1.8617199999999998	3290337.0	1776544971.118537	0.0	1.0	-1.0	-1.0	-1.0	-1.0	-1.0	-1.0	-1.0	-1.0	0.0	marker	peace	Peace	25	0418
-68579.37	-55388.88	-104761.17	-18578.565	0.0	0.0	0.0	0.0	0.0	0.0	0.0	0.0	0.0	0.0	0.0	0.0	0.0	0.0	145.86206896551727	0.0	0.035095125	-0.041259660000000004	1.025693175	4.53222	-0.9156	-1.8617199999999998	3290338.0	1776544971.118554	0.0	1.0	-1.0	-1.0	-1.0	-1.0	-1.0	-1.0	-1.0	-1.0	0.0	marker	peace	Peace	25	0418
-68581.035	-55386.854999999996	-104770.575	-18585.45	0.0	0.0	0.0	0.0	0.0	0.0	0.0	0.0	0.0	0.0	0.0	0.0	0.0	0.0	145.86206896551727	0.0	0.035095125	-0.041259660000000004	1.025693175	4.53222	-0.9156	-1.8617199999999998	3290339.0	1776544971.118578	0.0	1.0	-1.0	-1.0	-1.0	-1.0	-1.0	-1.0	-1.0	-1.0	0.0	marker	peace	Peace	25	0418
-68574.23999999999	-55382.49	-104757.525	-18581.805	0.0	0.0	0.0	0.0	0.0	0.0	0.0	0.0	0.0	0.0	0.0	0.0	0.0	0.0	145.86206896551727	0.0	0.035095125	-0.041259660000000004	1.025693175	4.53222	-0.9156	-1.8617199999999998	3290340.0	1776544971.118586	0.0	1.0	-1.0	-1.0	-1.0	-1.0	-1.0	-1.0	-1.0	-1.0	0.0	marker	peace	Peace	25	0418
-68526.27	-55379.744999999995	-104686.515	-18533.16	0.0	0.0	0.0	0.0	0.0	0.0	0.0	0.0	0.0	0.0	0.0	0.0	0.0	0.0	145.86206896551727	0.0	0.035095125	-0.041259660000000004	1.025693175	4.53222	-0.9156	-1.8617199999999998	3290341.0	1776544971.123084	0.0	1.0	-1.0	-1.0	-1.0	-1.0	-1.0	-1.0	-1.0	-1.0	0.0	marker	peace	Peace	25	0418
-68525.595	-55390.049999999996	-104695.11	-18530.594999999998	0.0	0.0	0.0	0.0	0.0	0.0	0.0	0.0	0.0	0.0	0.0	0.0	0.0	0.0	145.86206896551727	0.0	0.035095125	-0.041259660000000004	1.025693175	4.53222	-0.9156	-1.8617199999999998	3290342.0	1776544971.123131	0.0	1.0	-1.0	-1.0	-1.0	-1.0	-1.0	-1.0	-1.0	-1.0	0.0	marker	peace	Peace	25	0418
-68596.11	-55397.52	-104780.205	-18607.77	0.0	0.0	0.0	0.0	0.0	0.0	0.0	0.0	0.0	0.0	0.0	0.0	0.0	0.0	145.86206896551727	0.0	0.035095125	-0.041259660000000004	1.025693175	4.53222	-0.9156	-1.8617199999999998	3290343.0	1776544971.126063	0.0	1.0	-1.0	-1.0	-1.0	-1.0	-1.0	-1.0	-1.0	-1.0	0.0	marker	peace	Peace	25	0418
-68595.525	-55394.009999999995	-104773.40999999999	-18596.565	0.0	0.0	0.0	0.0	0.0	0.0	0.0	0.0	0.0	0.0	0.0	0.0	0.0	0.0	145.86206896551727	0.0	0.035095125	-0.041259660000000004	1.025693175	4.53222	-0.9156	-1.8617199999999998	3290344.0	1776544971.126079	0.0	1.0	-1.0	-1.0	-1.0	-1.0	-1.0	-1.0	-1.0	-1.0	0.0	marker	peace	Peace	25	0418
-68579.64	-55386.945	-104754.78	-18562.68	0.0	0.0	0.0	0.0	0.0	0.0	0.0	0.0	0.0	0.0	0.0	0.0	0.0	0.0	145.86206896551727	0.0	0.035095125	-0.041259660000000004	1.025693175	4.53222	-0.9156	-1.8617199999999998	3290345.0	1776544971.129645	0.0	1.0	-1.0	-1.0	-1.0	-1.0	-1.0	-1.0	-1.0	-1.0	0.0	marker	peace	Peace	25	0418
-68515.69499999999	-55378.034999999996	-104674.31999999999	-18520.649999999998	0.0	0.0	0.0	0.0	0.0	0.0	0.0	0.0	0.0	0.0	0.0	0.0	0.0	0.0	145.86206896551727	0.0	0.035095125	-0.041259660000000004	1.025693175	4.53222	-0.9156	-1.8617199999999998	3290346.0	1776544971.12966	0.0	1.0	-1.0	-1.0	-1.0	-1.0	-1.0	-1.0	-1.0	-1.0	0.0	marker	peace	Peace	25	0418
-68516.86499999999	-55366.064999999995	-104646.06	-18535.094999999998	0.0	0.0	0.0	0.0	0.0	0.0	0.0	0.0	0.0	0.0	0.0	0.0	0.0	0.0	145.86206896551727	0.0	0.037048245	-0.04345692	1.02135969	6.45498	-0.88508	-3.1283	3290347.0	1776544971.133733	0.0	1.0	-1.0	-1.0	-1.0	-1.0	-1.0	-1.0	-1.0	-1.0	0.0	marker	peace	Peace	25	0418
-68570.09999999999	-55365.075	-104741.775	-18589.635	0.0	0.0	0.0	0.0	0.0	0.0	0.0	0.0	0.0	0.0	0.0	0.0	0.0	0.0	145.86206896551727	0.0	0.037048245	-0.04345692	1.02135969	6.45498	-0.88508	-3.1283	3290348.0	1776544971.133757	0.0	1.0	-1.0	-1.0	-1.0	-1.0	-1.0	-1.0	-1.0	-1.0	0.0	marker	peace	Peace	25	0418
-68569.92	-55365.255	-104757.75	-18581.715	0.0	0.0	0.0	0.0	0.0	0.0	0.0	0.0	0.0	0.0	0.0	0.0	0.0	0.0	145.86206896551727	0.0	0.037048245	-0.04345692	1.02135969	6.45498	-0.88508	-3.1283	3290349.0	1776544971.14122	0.0	1.0	-1.0	-1.0	-1.0	-1.0	-1.0	-1.0	-1.0	-1.0	0.0	marker	peace	Peace	25	0418
-68535.63	-55363.95	-104717.295	-18545.94	0.0	0.0	0.0	0.0	0.0	0.0	0.0	0.0	0.0	0.0	0.0	0.0	0.0	0.0	145.86206896551727	0.0	0.037048245	-0.04345692	1.02135969	6.45498	-0.88508	-3.1283	3290350.0	1776544971.141232	0.0	1.0	-1.0	-1.0	-1.0	-1.0	-1.0	-1.0	-1.0	-1.0	0.0	marker	peace	Peace	25	0418
-68492.06999999999	-55354.634999999995	-104685.97499999999	-18510.255	0.0	0.0	0.0	0.0	0.0	0.0	0.0	0.0	0.0	0.0	0.0	0.0	0.0	0.0	145.86206896551727	0.0	0.037048245	-0.04345692	1.02135969	6.45498	-0.88508	-3.1283	3290351.0	1776544971.15043	0.0	1.0	-1.0	-1.0	-1.0	-1.0	-1.0	-1.0	-1.0	-1.0	0.0	marker	peace	Peace	25	0418
-68521.68	-55352.34	-104700.555	-18539.145	0.0	0.0	0.0	0.0	0.0	0.0	0.0	0.0	0.0	0.0	0.0	0.0	0.0	0.0	145.86206896551727	0.0	0.037048245	-0.04345692	1.02135969	6.45498	-0.88508	-3.1283	3290352.0	1776544971.15046	0.0	1.0	-1.0	-1.0	-1.0	-1.0	-1.0	-1.0	-1.0	-1.0	0.0	marker	peace	Peace	25	0418
-68599.215	-55346.67	-104755.455	-18590.76	0.0	0.0	0.0	0.0	0.0	0.0	0.0	0.0	0.0	0.0	0.0	0.0	0.0	0.0	145.86206896551727	0.0	0.037048245	-0.04345692	1.02135969	6.45498	-0.88508	-3.1283	3290353.0	1776544971.150497	0.0	1.0	-1.0	-1.0	-1.0	-1.0	-1.0	-1.0	-1.0	-1.0	0.0	marker	peace	Peace	25	0418
-68571.405	-55333.439999999995	-104741.73	-18575.684999999998	0.0	0.0	0.0	0.0	0.0	0.0	0.0	0.0	0.0	0.0	0.0	0.0	0.0	0.0	145.86206896551727	0.0	0.037048245	-0.04345692	1.02135969	6.45498	-0.88508	-3.1283	3290354.0	1776544971.150516	0.0	1.0	-1.0	-1.0	-1.0	-1.0	-1.0	-1.0	-1.0	-1.0	0.0	marker	peace	Peace	25	0418
-68539.905	-55341.18	-104708.655	-18564.165	0.0	0.0	0.0	0.0	0.0	0.0	0.0	0.0	0.0	0.0	0.0	0.0	0.0	0.0	145.86206896551727	0.0	0.037048245	-0.04345692	1.02135969	6.45498	-0.88508	-3.1283	3290355.0	1776544971.156493	0.0	1.0	-1.0	-1.0	-1.0	-1.0	-1.0	-1.0	-1.0	-1.0	0.0	marker	peace	Peace	25	0418
-68496.93	-55341.045	-104677.515	-18521.28	0.0	0.0	0.0	0.0	0.0	0.0	0.0	0.0	0.0	0.0	0.0	0.0	0.0	0.0	145.86206896551727	0.0	0.037048245	-0.04345692	1.02135969	6.45498	-0.88508	-3.1283	3290356.0	1776544971.156505	0.0	1.0	-1.0	-1.0	-1.0	-1.0	-1.0	-1.0	-1.0	-1.0	0.0	marker	peace	Peace	25	0418
-68528.11499999999	-55336.725	-104706.22499999999	-18537.12	0.0	0.0	0.0	0.0	0.0	0.0	0.0	0.0	0.0	0.0	0.0	0.0	0.0	0.0	145.86206896551727	0.0	0.039977925	-0.03894033	1.017758625	7.340059999999999	-0.74774	-2.2889999999999997	3290357.0	1776544971.156522	0.0	1.0	-1.0	-1.0	-1.0	-1.0	-1.0	-1.0	-1.0	-1.0	0.0	marker	peace	Peace	25	0418
-68580.63	-55336.005	-104741.415	-18589.23	0.0	0.0	0.0	0.0	0.0	0.0	0.0	0.0	0.0	0.0	0.0	0.0	0.0	0.0	145.86206896551727	0.0	0.039977925	-0.03894033	1.017758625	7.340059999999999	-0.74774	-2.2889999999999997	3290358.0	1776544971.156529	0.0	1.0	-1.0	-1.0	-1.0	-1.0	-1.0	-1.0	-1.0	-1.0	0.0	marker	peace	Peace	25	0418
-68608.305	-55339.784999999996	-104805.495	-18633.645	0.0	0.0	0.0	0.0	0.0	0.0	0.0	0.0	0.0	0.0	0.0	0.0	0.0	0.0	145.86206896551727	0.0	0.039977925	-0.03894033	1.017758625	7.340059999999999	-0.74774	-2.2889999999999997	3290359.0	1776544971.161214	0.0	1.0	-1.0	-1.0	-1.0	-1.0	-1.0	-1.0	-1.0	-1.0	0.0	marker	peace	Peace	25	0418
-68573.79	-55330.155	-104796.135	-18616.905	0.0	0.0	0.0	0.0	0.0	0.0	0.0	0.0	0.0	0.0	0.0	0.0	0.0	0.0	145.86206896551727	0.0	0.039977925	-0.03894033	1.017758625	7.340059999999999	-0.74774	-2.2889999999999997	3290360.0	1776544971.161223	0.0	1.0	-1.0	-1.0	-1.0	-1.0	-1.0	-1.0	-1.0	-1.0	0.0	marker	peace	Peace	25	0418
-68556.915	-55312.92	-104768.325	-18583.829999999998	0.0	0.0	0.0	0.0	0.0	0.0	0.0	0.0	0.0	0.0	0.0	0.0	0.0	0.0	145.86206896551727	0.0	0.039977925	-0.03894033	1.017758625	7.340059999999999	-0.74774	-2.2889999999999997	3290361.0	1776544971.163521	0.0	1.0	-1.0	-1.0	-1.0	-1.0	-1.0	-1.0	-1.0	-1.0	0.0	marker	peace	Peace	25	0418
-68582.88	-55293.165	-104742.09	-18567.27	0.0	0.0	0.0	0.0	0.0	0.0	0.0	0.0	0.0	0.0	0.0	0.0	0.0	0.0	145.86206896551727	0.0	0.039977925	-0.03894033	1.017758625	7.340059999999999	-0.74774	-2.2889999999999997	3290362.0	1776544971.163561	0.0	1.0	-1.0	-1.0	-1.0	-1.0	-1.0	-1.0	-1.0	-1.0	0.0	marker	peace	Peace	25	0418
-68548.095	-55283.895	-104725.34999999999	-18548.055	0.0	0.0	0.0	0.0	0.0	0.0	0.0	0.0	0.0	0.0	0.0	0.0	0.0	0.0	145.86206896551727	0.0	0.039977925	-0.03894033	1.017758625	7.340059999999999	-0.74774	-2.2889999999999997	3290363.0	1776544971.165894	0.0	1.0	-1.0	-1.0	-1.0	-1.0	-1.0	-1.0	-1.0	-1.0	0.0	marker	peace	Peace	25	0418
-68520.87	-55281.195	-104716.75499999999	-18523.17	0.0	0.0	0.0	0.0	0.0	0.0	0.0	0.0	0.0	0.0	0.0	0.0	0.0	0.0	145.86206896551727	0.0	0.039977925	-0.03894033	1.017758625	7.340059999999999	-0.74774	-2.2889999999999997	3290364.0	1776544971.165916	0.0	1.0	-1.0	-1.0	-1.0	-1.0	-1.0	-1.0	-1.0	-1.0	0.0	marker	peace	Peace	25	0418
-68584.68	-55279.755	-104765.265	-18580.23	0.0	0.0	0.0	0.0	0.0	0.0	0.0	0.0	0.0	0.0	0.0	0.0	0.0	0.0	145.86206896551727	0.0	0.039977925	-0.03894033	1.017758625	7.340059999999999	-0.74774	-2.2889999999999997	3290365.0	1776544971.169768	0.0	1.0	-1.0	-1.0	-1.0	-1.0	-1.0	-1.0	-1.0	-1.0	0.0	marker	peace	Peace	25	0418
-68567.715	-55275.615	-104740.78499999999	-18570.42	0.0	0.0	0.0	0.0	0.0	0.0	0.0	0.0	0.0	0.0	0.0	0.0	0.0	0.0	145.86206896551727	0.0	0.039977925	-0.03894033	1.017758625	7.340059999999999	-0.74774	-2.2889999999999997	3290366.0	1776544971.169795	0.0	1.0	-1.0	-1.0	-1.0	-1.0	-1.0	-1.0	-1.0	-1.0	0.0	marker	peace	Peace	25	0418
-68542.65	-55264.049999999996	-104705.14499999999	-18550.35	0.0	0.0	0.0	0.0	0.0	0.0	0.0	0.0	0.0	0.0	0.0	0.0	0.0	0.0	145.86206896551727	0.0	0.040099995	-0.02941887	1.016293785	6.3328999999999995	-0.12208	-2.38056	3290367.0	1776544971.181429	0.0	1.0	-1.0	-1.0	-1.0	-1.0	-1.0	-1.0	-1.0	-1.0	0.0	marker	peace	Peace	25	0418
-68543.37	-55261.665	-104707.75499999999	-18547.29	0.0	0.0	0.0	0.0	0.0	0.0	0.0	0.0	0.0	0.0	0.0	0.0	0.0	0.0	145.86206896551727	0.0	0.040099995	-0.02941887	1.016293785	6.3328999999999995	-0.12208	-2.38056	3290368.0	1776544971.181469	0.0	1.0	-1.0	-1.0	-1.0	-1.0	-1.0	-1.0	-1.0	-1.0	0.0	marker	peace	Peace	25	0418
-68539.815	-55267.2	-104727.42	-18545.219999999998	0.0	0.0	0.0	0.0	0.0	0.0	0.0	0.0	0.0	0.0	0.0	0.0	0.0	0.0	145.86206896551727	0.0	0.040099995	-0.02941887	1.016293785	6.3328999999999995	-0.12208	-2.38056	3290369.0	1776544971.181514	0.0	1.0	-1.0	-1.0	-1.0	-1.0	-1.0	-1.0	-1.0	-1.0	0.0	marker	peace	Peace	25	0418
-68521.72499999999	-55266.84	-104711.715	-18542.295	0.0	0.0	0.0	0.0	0.0	0.0	0.0	0.0	0.0	0.0	0.0	0.0	0.0	0.0	145.86206896551727	0.0	0.040099995	-0.02941887	1.016293785	6.3328999999999995	-0.12208	-2.38056	3290370.0	1776544971.181534	0.0	1.0	-1.0	-1.0	-1.0	-1.0	-1.0	-1.0	-1.0	-1.0	0.0	marker	peace	Peace	25	0418
-68532.56999999999	-55266.615	-104699.43	-18535.23	0.0	0.0	0.0	0.0	0.0	0.0	0.0	0.0	0.0	0.0	0.0	0.0	0.0	0.0	145.86206896551727	0.0	0.040099995	-0.02941887	1.016293785	6.3328999999999995	-0.12208	-2.38056	3290371.0	1776544971.181728	0.0	1.0	-1.0	-1.0	-1.0	-1.0	-1.0	-1.0	-1.0	-1.0	0.0	marker	peace	Peace	25	0418
-68545.845	-55260.63	-104719.86	-18548.19	0.0	0.0	0.0	0.0	0.0	0.0	0.0	0.0	0.0	0.0	0.0	0.0	0.0	0.0	145.86206896551727	0.0	0.040099995	-0.02941887	1.016293785	6.3328999999999995	-0.12208	-2.38056	3290372.0	1776544971.181755	0.0	1.0	-1.0	-1.0	-1.0	-1.0	-1.0	-1.0	-1.0	-1.0	0.0	marker	peace	Peace	25	0418
-68556.645	-55259.1	-104748.39	-18576.585	0.0	0.0	0.0	0.0	0.0	0.0	0.0	0.0	0.0	0.0	0.0	0.0	0.0	0.0	145.86206896551727	0.0	0.040099995	-0.02941887	1.016293785	6.3328999999999995	-0.12208	-2.38056	3290373.0	1776544971.187515	0.0	1.0	-1.0	-1.0	-1.0	-1.0	-1.0	-1.0	-1.0	-1.0	0.0	marker	peace	Peace	25	0418
-68583.19499999999	-55269.45	-104776.965	-18598.77	0.0	0.0	0.0	0.0	0.0	0.0	0.0	0.0	0.0	0.0	0.0	0.0	0.0	0.0	145.86206896551727	0.0	0.040099995	-0.02941887	1.016293785	6.3328999999999995	-0.12208	-2.38056	3290374.0	1776544971.187553	0.0	1.0	-1.0	-1.0	-1.0	-1.0	-1.0	-1.0	-1.0	-1.0	0.0	marker	peace	Peace	25	0418
-68537.565	-55278.18	-104736.915	-18552.87	0.0	0.0	0.0	0.0	0.0	0.0	0.0	0.0	0.0	0.0	0.0	0.0	0.0	0.0	145.86206896551727	0.0	0.040099995	-0.02941887	1.016293785	6.3328999999999995	-0.12208	-2.38056	3290375.0	1776544971.189748	0.0	1.0	-1.0	-1.0	-1.0	-1.0	-1.0	-1.0	-1.0	-1.0	0.0	marker	peace	Peace	25	0418
-68514.61499999999	-55283.354999999996	-104699.97	-18521.954999999998	0.0	0.0	0.0	0.0	0.0	0.0	0.0	0.0	0.0	0.0	0.0	0.0	0.0	0.0	145.86206896551727	0.0	0.040099995	-0.02941887	1.016293785	6.3328999999999995	-0.12208	-2.38056	3290376.0	1776544971.18976	0.0	1.0	-1.0	-1.0	-1.0	-1.0	-1.0	-1.0	-1.0	-1.0	0.0	marker	peace	Peace	25	0418
-68495.84999999999	-55271.43	-104677.47	-18501.255	0.0	0.0	0.0	0.0	0.0	0.0	0.0	0.0	0.0	0.0	0.0	0.0	0.0	0.0	145.86206896551727	0.0	0.042175185000000004	-0.023620545	1.014340665	5.4936	-0.06104	-1.95328	3290377.0	1776544971.193865	0.0	1.0	-1.0	-1.0	-1.0	-1.0	-1.0	-1.0	-1.0	-1.0	0.0	marker	peace	Peace	25	0418
-68489.86499999999	-55258.695	-104674.995	-18503.01	0.0	0.0	0.0	0.0	0.0	0.0	0.0	0.0	0.0	0.0	0.0	0.0	0.0	0.0	145.86206896551727	0.0	0.042175185000000004	-0.023620545	1.014340665	5.4936	-0.06104	-1.95328	3290378.0	1776544971.193877	0.0	1.0	-1.0	-1.0	-1.0	-1.0	-1.0	-1.0	-1.0	-1.0	0.0	marker	peace	Peace	25	0418
-68578.605	-55255.59	-104776.605	-18601.38	0.0	0.0	0.0	0.0	0.0	0.0	0.0	0.0	0.0	0.0	0.0	0.0	0.0	0.0	145.86206896551727	0.0	0.042175185000000004	-0.023620545	1.014340665	5.4936	-0.06104	-1.95328	3290379.0	1776544971.19789	0.0	1.0	-1.0	-1.0	-1.0	-1.0	-1.0	-1.0	-1.0	-1.0	0.0	marker	peace	Peace	25	0418
-68574.015	-55258.155	-104772.87	-18587.385	0.0	0.0	0.0	0.0	0.0	0.0	0.0	0.0	0.0	0.0	0.0	0.0	0.0	0.0	145.86206896551727	0.0	0.042175185000000004	-0.023620545	1.014340665	5.4936	-0.06104	-1.95328	3290380.0	1776544971.197902	0.0	1.0	-1.0	-1.0	-1.0	-1.0	-1.0	-1.0	-1.0	-1.0	0.0	marker	peace	Peace	25	0418
-68577.84	-55266.435	-104757.705	-18575.1	0.0	0.0	0.0	0.0	0.0	0.0	0.0	0.0	0.0	0.0	0.0	0.0	0.0	0.0	145.86206896551727	0.0	0.042175185000000004	-0.023620545	1.014340665	5.4936	-0.06104	-1.95328	3290381.0	1776544971.201955	0.0	1.0	-1.0	-1.0	-1.0	-1.0	-1.0	-1.0	-1.0	-1.0	0.0	marker	peace	Peace	25	0418
-68591.655	-55277.82	-104766.25499999999	-18603.719999999998	0.0	0.0	0.0	0.0	0.0	0.0	0.0	0.0	0.0	0.0	0.0	0.0	0.0	0.0	145.86206896551727	0.0	0.042175185000000004	-0.023620545	1.014340665	5.4936	-0.06104	-1.95328	3290382.0	1776544971.202014	0.0	1.0	-1.0	-1.0	-1.0	-1.0	-1.0	-1.0	-1.0	-1.0	0.0	marker	peace	Peace	25	0418
-68587.875	-55287.405	-104775.93	-18608.895	0.0	0.0	0.0	0.0	0.0	0.0	0.0	0.0	0.0	0.0	0.0	0.0	0.0	0.0	145.86206896551727	0.0	0.042175185000000004	-0.023620545	1.014340665	5.4936	-0.06104	-1.95328	3290383.0	1776544971.205941	0.0	1.0	-1.0	-1.0	-1.0	-1.0	-1.0	-1.0	-1.0	-1.0	0.0	marker	peace	Peace	25	0418
-68584.23	-55291.005	-104767.29	-18586.665	0.0	0.0	0.0	0.0	0.0	0.0	0.0	0.0	0.0	0.0	0.0	0.0	0.0	0.0	145.86206896551727	0.0	0.042175185000000004	-0.023620545	1.014340665	5.4936	-0.06104	-1.95328	3290384.0	1776544971.205952	0.0	1.0	-1.0	-1.0	-1.0	-1.0	-1.0	-1.0	-1.0	-1.0	0.0	marker	peace	Peace	25	0418
-68549.355	-55288.259999999995	-104711.985	-18547.605	0.0	0.0	0.0	0.0	0.0	0.0	0.0	0.0	0.0	0.0	0.0	0.0	0.0	0.0	145.86206896551727	0.0	0.042175185000000004	-0.023620545	1.014340665	5.4936	-0.06104	-1.95328	3290385.0	1776544971.212806	0.0	1.0	-1.0	-1.0	-1.0	-1.0	-1.0	-1.0	-1.0	-1.0	0.0	marker	peace	Peace	25	0418
-68483.11499999999	-55286.189999999995	-104646.19499999999	-18501.03	0.0	0.0	0.0	0.0	0.0	0.0	0.0	0.0	0.0	0.0	0.0	0.0	0.0	0.0	145.86206896551727	0.0	0.042175185000000004	-0.023620545	1.014340665	5.4936	-0.06104	-1.95328	3290386.0	1776544971.212834	0.0	1.0	-1.0	-1.0	-1.0	-1.0	-1.0	-1.0	-1.0	-1.0	0.0	marker	peace	Peace	25	0418
-68477.22	-55283.265	-104662.575	-18503.55	0.0	0.0	0.0	0.0	0.0	0.0	0.0	0.0	0.0	0.0	0.0	0.0	0.0	0.0	145.86206896551727	0.0	0.044128305	-0.01635738	1.0120823700000001	3.5860999999999996	0.6867	-0.6714399999999999	3290387.0	1776544971.218385	0.0	1.0	-1.0	-1.0	-1.0	-1.0	-1.0	-1.0	-1.0	-1.0	0.0	marker	peace	Peace	25	0418
-68527.125	-55285.064999999995	-104741.73	-18548.684999999998	0.0	0.0	0.0	0.0	0.0	0.0	0.0	0.0	0.0	0.0	0.0	0.0	0.0	0.0	145.86206896551727	0.0	0.044128305	-0.01635738	1.0120823700000001	3.5860999999999996	0.6867	-0.6714399999999999	3290388.0	1776544971.218408	0.0	1.0	-1.0	-1.0	-1.0	-1.0	-1.0	-1.0	-1.0	-1.0	0.0	marker	peace	Peace	25	0418
-68582.295	-55321.604999999996	-104794.37999999999	-18600.614999999998	0.0	0.0	0.0	0.0	0.0	0.0	0.0	0.0	0.0	0.0	0.0	0.0	0.0	0.0	145.86206896551727	0.0	0.044128305	-0.01635738	1.0120823700000001	3.5860999999999996	0.6867	-0.6714399999999999	3290389.0	1776544971.218429	0.0	1.0	-1.0	-1.0	-1.0	-1.0	-1.0	-1.0	-1.0	-1.0	0.0	marker	peace	Peace	25	0418
-68601.915	-55351.439999999995	-104785.11	-18598.77	0.0	0.0	0.0	0.0	0.0	0.0	0.0	0.0	0.0	0.0	0.0	0.0	0.0	0.0	145.86206896551727	0.0	0.044128305	-0.01635738	1.0120823700000001	3.5860999999999996	0.6867	-0.6714399999999999	3290390.0	1776544971.218437	0.0	1.0	-1.0	-1.0	-1.0	-1.0	-1.0	-1.0	-1.0	-1.0	0.0	marker	peace	Peace	25	0418
-68566.31999999999	-55350.585	-104739.48	-18570.825	0.0	0.0	0.0	0.0	0.0	0.0	0.0	0.0	0.0	0.0	0.0	0.0	0.0	0.0	145.86206896551727	0.0	0.044128305	-0.01635738	1.0120823700000001	3.5860999999999996	0.6867	-0.6714399999999999	3290391.0	1776544971.222023	0.0	1.0	-1.0	-1.0	-1.0	-1.0	-1.0	-1.0	-1.0	-1.0	0.0	marker	peace	Peace	25	0418
-68540.715	-55348.829999999994	-104704.605	-18545.67	0.0	0.0	0.0	0.0	0.0	0.0	0.0	0.0	0.0	0.0	0.0	0.0	0.0	0.0	145.86206896551727	0.0	0.044128305	-0.01635738	1.0120823700000001	3.5860999999999996	0.6867	-0.6714399999999999	3290392.0	1776544971.222049	0.0	1.0	-1.0	-1.0	-1.0	-1.0	-1.0	-1.0	-1.0	-1.0	0.0	marker	peace	Peace	25	0418
-68573.7	-55350.045	-104738.12999999999	-18571.41	0.0	0.0	0.0	0.0	0.0	0.0	0.0	0.0	0.0	0.0	0.0	0.0	0.0	0.0	145.86206896551727	0.0	0.044128305	-0.01635738	1.0120823700000001	3.5860999999999996	0.6867	-0.6714399999999999	3290393.0	1776544971.226026	0.0	1.0	-1.0	-1.0	-1.0	-1.0	-1.0	-1.0	-1.0	-1.0	0.0	marker	peace	Peace	25	0418
-68592.78	-55347.165	-104775.39	-18595.934999999998	0.0	0.0	0.0	0.0	0.0	0.0	0.0	0.0	0.0	0.0	0.0	0.0	0.0	0.0	145.86206896551727	0.0	0.044128305	-0.01635738	1.0120823700000001	3.5860999999999996	0.6867	-0.6714399999999999	3290394.0	1776544971.226042	0.0	1.0	-1.0	-1.0	-1.0	-1.0	-1.0	-1.0	-1.0	-1.0	0.0	marker	peace	Peace	25	0418
-68572.845	-55335.42	-104764.59	-18587.204999999998	0.0	0.0	0.0	0.0	0.0	0.0	0.0	0.0	0.0	0.0	0.0	0.0	0.0	0.0	145.86206896551727	0.0	0.044128305	-0.01635738	1.0120823700000001	3.5860999999999996	0.6867	-0.6714399999999999	3290395.0	1776544971.230072	0.0	1.0	-1.0	-1.0	-1.0	-1.0	-1.0	-1.0	-1.0	-1.0	0.0	marker	peace	Peace	25	0418
-68550.97499999999	-55325.07	-104750.37	-18575.774999999998	0.0	0.0	0.0	0.0	0.0	0.0	0.0	0.0	0.0	0.0	0.0	0.0	0.0	0.0	145.86206896551727	0.0	0.044128305	-0.01635738	1.0120823700000001	3.5860999999999996	0.6867	-0.6714399999999999	3290396.0	1776544971.23009	0.0	1.0	-1.0	-1.0	-1.0	-1.0	-1.0	-1.0	-1.0	-1.0	0.0	marker	peace	Peace	25	0418
-68555.34	-55321.56	-104749.83	-18571.005	0.0	0.0	0.0	0.0	0.0	0.0	0.0	0.0	0.0	0.0	0.0	0.0	0.0	0.0	145.86206896551727	0.0	0.04431141	-0.01123044	1.00756578	1.58704	1.63282	0.5341	3290397.0	1776544971.234174	0.0	1.0	-1.0	-1.0	-1.0	-1.0	-1.0	-1.0	-1.0	-1.0	0.0	marker	peace	Peace	25	0418
-68535.72	-55326.24	-104732.37	-18557.055	0.0	0.0	0.0	0.0	0.0	0.0	0.0	0.0	0.0	0.0	0.0	0.0	0.0	0.0	145.86206896551727	0.0	0.04431141	-0.01123044	1.00756578	1.58704	1.63282	0.5341	3290398.0	1776544971.2342	0.0	1.0	-1.0	-1.0	-1.0	-1.0	-1.0	-1.0	-1.0	-1.0	0.0	marker	peace	Peace	25	0418
-68552.775	-55329.84	-104734.98	-18560.7	0.0	0.0	0.0	0.0	0.0	0.0	0.0	0.0	0.0	0.0	0.0	0.0	0.0	0.0	145.86206896551727	0.0	0.04431141	-0.01123044	1.00756578	1.58704	1.63282	0.5341	3290399.0	1776544971.239562	0.0	1.0	-1.0	-1.0	-1.0	-1.0	-1.0	-1.0	-1.0	-1.0	0.0	marker	peace	Peace	25	0418
-68562.495	-55332.36	-104748.39	-18571.68	0.0	0.0	0.0	0.0	0.0	0.0	0.0	0.0	0.0	0.0	0.0	0.0	0.0	0.0	145.86206896551727	0.0	0.04431141	-0.01123044	1.00756578	1.58704	1.63282	0.5341	3290400.0	1776544971.239584	0.0	1.0	-1.0	-1.0	-1.0	-1.0	-1.0	-1.0	-1.0	-1.0	0.0	marker	peace	Peace	25	0418
-68554.215	-55329.165	-104736.69	-18570.645	0.0	0.0	0.0	0.0	0.0	0.0	0.0	0.0	0.0	0.0	0.0	0.0	0.0	0.0	145.86206896551727	0.0	0.04431141	-0.01123044	1.00756578	1.58704	1.63282	0.5341	3290401.0	1776544971.242914	0.0	1.0	-1.0	-1.0	-1.0	-1.0	-1.0	-1.0	-1.0	-1.0	0.0	marker	peace	Peace	25	0418
-68546.79	-55320.119999999995	-104706.58499999999	-18550.98	0.0	0.0	0.0	0.0	0.0	0.0	0.0	0.0	0.0	0.0	0.0	0.0	0.0	0.0	145.86206896551727	0.0	0.04431141	-0.01123044	1.00756578	1.58704	1.63282	0.5341	3290402.0	1776544971.24293	0.0	1.0	-1.0	-1.0	-1.0	-1.0	-1.0	-1.0	-1.0	-1.0	0.0	marker	peace	Peace	25	0418
-68463.855	-55315.079999999994	-104651.055	-18503.91	0.0	0.0	0.0	0.0	0.0	0.0	0.0	0.0	0.0	0.0	0.0	0.0	0.0	0.0	145.86206896551727	0.0	0.04431141	-0.01123044	1.00756578	1.58704	1.63282	0.5341	3290403.0	1776544971.246151	0.0	1.0	-1.0	-1.0	-1.0	-1.0	-1.0	-1.0	-1.0	-1.0	0.0	marker	peace	Peace	25	0418
-68522.265	-55316.43	-104730.165	-18558.855	0.0	0.0	0.0	0.0	0.0	0.0	0.0	0.0	0.0	0.0	0.0	0.0	0.0	0.0	145.86206896551727	0.0	0.04431141	-0.01123044	1.00756578	1.58704	1.63282	0.5341	3290404.0	1776544971.246185	0.0	1.0	-1.0	-1.0	-1.0	-1.0	-1.0	-1.0	-1.0	-1.0	0.0	marker	peace	Peace	25	0418
-68615.37	-55310.354999999996	-104784.20999999999	-18611.505	0.0	0.0	0.0	0.0	0.0	0.0	0.0	0.0	0.0	0.0	0.0	0.0	0.0	0.0	145.86206896551727	0.0	0.04431141	-0.01123044	1.00756578	1.58704	1.63282	0.5341	3290405.0	1776544971.25015	0.0	1.0	-1.0	-1.0	-1.0	-1.0	-1.0	-1.0	-1.0	-1.0	0.0	marker	peace	Peace	25	0418
-68594.94	-55307.34	-104778.22499999999	-18613.8	0.0	0.0	0.0	0.0	0.0	0.0	0.0	0.0	0.0	0.0	0.0	0.0	0.0	0.0	145.86206896551727	0.0	0.04431141	-0.01123044	1.00756578	1.58704	1.63282	0.5341	3290406.0	1776544971.25018	0.0	1.0	-1.0	-1.0	-1.0	-1.0	-1.0	-1.0	-1.0	-1.0	0.0	marker	peace	Peace	25	0418
-68582.97	-55313.595	-104787.62999999999	-18600.704999999998	0.0	0.0	0.0	0.0	0.0	0.0	0.0	0.0	0.0	0.0	0.0	0.0	0.0	0.0	145.86206896551727	0.0	0.044982795	-0.01428219	1.00964097	3.8912999999999998	1.35814	1.23606	3290407.0	1776544971.254204	0.0	1.0	-1.0	-1.0	-1.0	-1.0	-1.0	-1.0	-1.0	-1.0	0.0	marker	peace	Peace	25	0418
-68587.605	-55314.99	-104761.665	-18584.235	0.0	0.0	0.0	0.0	0.0	0.0	0.0	0.0	0.0	0.0	0.0	0.0	0.0	0.0	145.86206896551727	0.0	0.044982795	-0.01428219	1.00964097	3.8912999999999998	1.35814	1.23606	3290408.0	1776544971.254231	0.0	1.0	-1.0	-1.0	-1.0	-1.0	-1.0	-1.0	-1.0	-1.0	0.0	marker	peace	Peace	25	0418
-68571.36	-55307.115	-104738.715	-18571.815	0.0	0.0	0.0	0.0	0.0	0.0	0.0	0.0	0.0	0.0	0.0	0.0	0.0	0.0	145.86206896551727	0.0	0.044982795	-0.01428219	1.00964097	3.8912999999999998	1.35814	1.23606	3290409.0	1776544971.258077	0.0	1.0	-1.0	-1.0	-1.0	-1.0	-1.0	-1.0	-1.0	-1.0	0.0	marker	peace	Peace	25	0418
-68560.875	-55291.365	-104743.215	-18569.835	0.0	0.0	0.0	0.0	0.0	0.0	0.0	0.0	0.0	0.0	0.0	0.0	0.0	0.0	145.86206896551727	0.0	0.044982795	-0.01428219	1.00964097	3.8912999999999998	1.35814	1.23606	3290410.0	1776544971.258096	0.0	1.0	-1.0	-1.0	-1.0	-1.0	-1.0	-1.0	-1.0	-1.0	0.0	marker	peace	Peace	25	0418
-68553.54	-55285.02	-104749.37999999999	-18561.555	0.0	0.0	0.0	0.0	0.0	0.0	0.0	0.0	0.0	0.0	0.0	0.0	0.0	0.0	145.86206896551727	0.0	0.044982795	-0.01428219	1.00964097	3.8912999999999998	1.35814	1.23606	3290411.0	1776544971.262263	0.0	1.0	-1.0	-1.0	-1.0	-1.0	-1.0	-1.0	-1.0	-1.0	0.0	marker	peace	Peace	25	0418
-68561.01	-55281.195	-104753.565	-18568.35	0.0	0.0	0.0	0.0	0.0	0.0	0.0	0.0	0.0	0.0	0.0	0.0	0.0	0.0	145.86206896551727	0.0	0.044982795	-0.01428219	1.00964097	3.8912999999999998	1.35814	1.23606	3290412.0	1776544971.262283	0.0	1.0	-1.0	-1.0	-1.0	-1.0	-1.0	-1.0	-1.0	-1.0	0.0	marker	peace	Peace	25	0418
-68573.205	-55273.005	-104753.51999999999	-18576.18	0.0	0.0	0.0	0.0	0.0	0.0	0.0	0.0	0.0	0.0	0.0	0.0	0.0	0.0	145.86206896551727	0.0	0.044982795	-0.01428219	1.00964097	3.8912999999999998	1.35814	1.23606	3290413.0	1776544971.266215	0.0	1.0	-1.0	-1.0	-1.0	-1.0	-1.0	-1.0	-1.0	-1.0	0.0	marker	peace	Peace	25	0418
-68564.43	-55271.564999999995	-104753.47499999999	-18574.92	0.0	0.0	0.0	0.0	0.0	0.0	0.0	0.0	0.0	0.0	0.0	0.0	0.0	0.0	145.86206896551727	0.0	0.044982795	-0.01428219	1.00964097	3.8912999999999998	1.35814	1.23606	3290414.0	1776544971.266244	0.0	1.0	-1.0	-1.0	-1.0	-1.0	-1.0	-1.0	-1.0	-1.0	0.0	marker	peace	Peace	25	0418
-68522.13	-55272.284999999996	-104712.075	-18537.21	0.0	0.0	0.0	0.0	0.0	0.0	0.0	0.0	0.0	0.0	0.0	0.0	0.0	0.0	145.86206896551727	0.0	0.044982795	-0.01428219	1.00964097	3.8912999999999998	1.35814	1.23606	3290415.0	1776544971.270229	0.0	1.0	-1.0	-1.0	-1.0	-1.0	-1.0	-1.0	-1.0	-1.0	0.0	marker	peace	Peace	25	0418
-68514.795	-55285.604999999996	-104700.555	-18525.78	0.0	0.0	0.0	0.0	0.0	0.0	0.0	0.0	0.0	0.0	0.0	0.0	0.0	0.0	145.86206896551727	0.0	0.044982795	-0.01428219	1.00964097	3.8912999999999998	1.35814	1.23606	3290416.0	1776544971.270243	0.0	1.0	-1.0	-1.0	-1.0	-1.0	-1.0	-1.0	-1.0	-1.0	0.0	marker	peace	Peace	25	0418
-68578.605	-55300.68	-104759.73	-18582.66	0.0	0.0	0.0	0.0	0.0	0.0	0.0	0.0	0.0	0.0	0.0	0.0	0.0	0.0	145.86206896551727	0.0	0.04162587	-0.020080515	1.0147068750000001	0.10682	1.35814	1.0682	3290417.0	1776544971.274182	0.0	1.0	-1.0	-1.0	-1.0	-1.0	-1.0	-1.0	-1.0	-1.0	0.0	marker	peace	Peace	25	0418
-68559.075	-55307.025	-104741.64	-18569.475	0.0	0.0	0.0	0.0	0.0	0.0	0.0	0.0	0.0	0.0	0.0	0.0	0.0	0.0	145.86206896551727	0.0	0.04162587	-0.020080515	1.0147068750000001	0.10682	1.35814	1.0682	3290418.0	1776544971.274196	0.0	1.0	-1.0	-1.0	-1.0	-1.0	-1.0	-1.0	-1.0	-1.0	0.0	marker	peace	Peace	25	0418
-68537.52	-55314.134999999995	-104725.53	-18560.25	0.0	0.0	0.0	0.0	0.0	0.0	0.0	0.0	0.0	0.0	0.0	0.0	0.0	0.0	145.86206896551727	0.0	0.04162587	-0.020080515	1.0147068750000001	0.10682	1.35814	1.0682	3290419.0	1776544971.28074	0.0	1.0	-1.0	-1.0	-1.0	-1.0	-1.0	-1.0	-1.0	-1.0	0.0	marker	peace	Peace	25	0418
-68543.73	-55315.71	-104735.87999999999	-18562.32	0.0	0.0	0.0	0.0	0.0	0.0	0.0	0.0	0.0	0.0	0.0	0.0	0.0	0.0	145.86206896551727	0.0	0.04162587	-0.020080515	1.0147068750000001	0.10682	1.35814	1.0682	3290420.0	1776544971.280758	0.0	1.0	-1.0	-1.0	-1.0	-1.0	-1.0	-1.0	-1.0	-1.0	0.0	marker	peace	Peace	25	0418
-68536.665	-55308.104999999996	-104727.78	-18551.88	0.0	0.0	0.0	0.0	0.0	0.0	0.0	0.0	0.0	0.0	0.0	0.0	0.0	0.0	145.86206896551727	0.0	0.04162587	-0.020080515	1.0147068750000001	0.10682	1.35814	1.0682	3290421.0	1776544971.282311	0.0	1.0	-1.0	-1.0	-1.0	-1.0	-1.0	-1.0	-1.0	-1.0	0.0	marker	peace	Peace	25	0418
-68567.535	-55304.729999999996	-104748.03	-18573.795	0.0	0.0	0.0	0.0	0.0	0.0	0.0	0.0	0.0	0.0	0.0	0.0	0.0	0.0	145.86206896551727	0.0	0.04162587	-0.020080515	1.0147068750000001	0.10682	1.35814	1.0682	3290422.0	1776544971.282351	0.0	1.0	-1.0	-1.0	-1.0	-1.0	-1.0	-1.0	-1.0	-1.0	0.0	marker	peace	Peace	25	0418
-68567.985	-55302.93	-104746.095	-18583.425	0.0	0.0	0.0	0.0	0.0	0.0	0.0	0.0	0.0	0.0	0.0	0.0	0.0	0.0	145.86206896551727	0.0	0.04162587	-0.020080515	1.0147068750000001	0.10682	1.35814	1.0682	3290423.0	1776544971.286298	0.0	1.0	-1.0	-1.0	-1.0	-1.0	-1.0	-1.0	-1.0	-1.0	0.0	marker	peace	Peace	25	0418
-68555.385	-55299.869999999995	-104718.69	-18574.695	0.0	0.0	0.0	0.0	0.0	0.0	0.0	0.0	0.0	0.0	0.0	0.0	0.0	0.0	145.86206896551727	0.0	0.04162587	-0.020080515	1.0147068750000001	0.10682	1.35814	1.0682	3290424.0	1776544971.286323	0.0	1.0	-1.0	-1.0	-1.0	-1.0	-1.0	-1.0	-1.0	-1.0	0.0	marker	peace	Peace	25	0418
-68554.395	-55298.34	-104722.92	-18564.614999999998	0.0	0.0	0.0	0.0	0.0	0.0	0.0	0.0	0.0	0.0	0.0	0.0	0.0	0.0	145.86206896551727	0.0	0.04162587	-0.020080515	1.0147068750000001	0.10682	1.35814	1.0682	3290425.0	1776544971.290232	0.0	1.0	-1.0	-1.0	-1.0	-1.0	-1.0	-1.0	-1.0	-1.0	0.0	marker	peace	Peace	25	0418
-68563.62	-55305.54	-104758.605	-18562.5	0.0	0.0	0.0	0.0	0.0	0.0	0.0	0.0	0.0	0.0	0.0	0.0	0.0	0.0	145.86206896551727	0.0	0.04162587	-0.020080515	1.0147068750000001	0.10682	1.35814	1.0682	3290426.0	1776544971.290249	0.0	1.0	-1.0	-1.0	-1.0	-1.0	-1.0	-1.0	-1.0	-1.0	0.0	marker	peace	Peace	25	0418
-68557.77	-55308.555	-104749.83	-18562.094999999998	0.0	0.0	0.0	0.0	0.0	0.0	0.0	0.0	0.0	0.0	0.0	0.0	0.0	0.0	145.86206896551727	0.0	0.0378417	-0.02282709	1.020444165	-0.41202	0.42728	0.10682	3290427.0	1776544971.294264	0.0	1.0	-1.0	-1.0	-1.0	-1.0	-1.0	-1.0	-1.0	-1.0	0.0	marker	peace	Peace	25	0418
-68553.855	-55301.939999999995	-104742.495	-18562.094999999998	0.0	0.0	0.0	0.0	0.0	0.0	0.0	0.0	0.0	0.0	0.0	0.0	0.0	0.0	145.86206896551727	0.0	0.0378417	-0.02282709	1.020444165	-0.41202	0.42728	0.10682	3290428.0	1776544971.294277	0.0	1.0	-1.0	-1.0	-1.0	-1.0	-1.0	-1.0	-1.0	-1.0	0.0	marker	peace	Peace	25	0418
-68553.315	-55289.159999999996	-104740.47	-18563.579999999998	0.0	0.0	0.0	0.0	0.0	0.0	0.0	0.0	0.0	0.0	0.0	0.0	0.0	0.0	145.86206896551727	0.0	0.0378417	-0.02282709	1.020444165	-0.41202	0.42728	0.10682	3290429.0	1776544971.298855	0.0	1.0	-1.0	-1.0	-1.0	-1.0	-1.0	-1.0	-1.0	-1.0	0.0	marker	peace	Peace	25	0418
-68555.06999999999	-55279.89	-104743.935	-18571.5	0.0	0.0	0.0	0.0	0.0	0.0	0.0	0.0	0.0	0.0	0.0	0.0	0.0	0.0	145.86206896551727	0.0	0.0378417	-0.02282709	1.020444165	-0.41202	0.42728	0.10682	3290430.0	1776544971.298894	0.0	1.0	-1.0	-1.0	-1.0	-1.0	-1.0	-1.0	-1.0	-1.0	0.0	marker	peace	Peace	25	0418
-68560.515	-55278.27	-104751.495	-18573.66	0.0	0.0	0.0	0.0	0.0	0.0	0.0	0.0	0.0	0.0	0.0	0.0	0.0	0.0	145.86206896551727	0.0	0.0378417	-0.02282709	1.020444165	-0.41202	0.42728	0.10682	3290431.0	1776544971.302521	0.0	1.0	-1.0	-1.0	-1.0	-1.0	-1.0	-1.0	-1.0	-1.0	0.0	marker	peace	Peace	25	0418
-68563.395	-55286.865	-104752.935	-18575.91	0.0	0.0	0.0	0.0	0.0	0.0	0.0	0.0	0.0	0.0	0.0	0.0	0.0	0.0	145.86206896551727	0.0	0.0378417	-0.02282709	1.020444165	-0.41202	0.42728	0.10682	3290432.0	1776544971.302543	0.0	1.0	-1.0	-1.0	-1.0	-1.0	-1.0	-1.0	-1.0	-1.0	0.0	marker	peace	Peace	25	0418
-68542.425	-55296.54	-104726.655	-18556.965	0.0	0.0	0.0	0.0	0.0	0.0	0.0	0.0	0.0	0.0	0.0	0.0	0.0	0.0	145.86206896551727	0.0	0.0378417	-0.02282709	1.020444165	-0.41202	0.42728	0.10682	3290433.0	1776544971.306455	0.0	1.0	-1.0	-1.0	-1.0	-1.0	-1.0	-1.0	-1.0	-1.0	0.0	marker	peace	Peace	25	0418
-68452.245	-55300.68	-104627.205	-18465.614999999998	0.0	0.0	0.0	0.0	0.0	0.0	0.0	0.0	0.0	0.0	0.0	0.0	0.0	0.0	145.86206896551727	0.0	0.0378417	-0.02282709	1.020444165	-0.41202	0.42728	0.10682	3290434.0	1776544971.306494	0.0	1.0	-1.0	-1.0	-1.0	-1.0	-1.0	-1.0	-1.0	-1.0	0.0	marker	peace	Peace	25	0418
-68433.885	-55297.079999999994	-104609.61	-18434.34	0.0	0.0	0.0	0.0	0.0	0.0	0.0	0.0	0.0	0.0	0.0	0.0	0.0	0.0	145.86206896551727	0.0	0.0378417	-0.02282709	1.020444165	-0.41202	0.42728	0.10682	3290435.0	1776544971.310093	0.0	1.0	-1.0	-1.0	-1.0	-1.0	-1.0	-1.0	-1.0	-1.0	0.0	marker	peace	Peace	25	0418
-68554.845	-55290.195	-104742.54	-18554.085	0.0	0.0	0.0	0.0	0.0	0.0	0.0	0.0	0.0	0.0	0.0	0.0	0.0	0.0	145.86206896551727	0.0	0.0378417	-0.02282709	1.020444165	-0.41202	0.42728	0.10682	3290436.0	1776544971.310108	0.0	1.0	-1.0	-1.0	-1.0	-1.0	-1.0	-1.0	-1.0	-1.0	0.0	marker	peace	Peace	25	0418
-68593.77	-55292.04	-104784.075	-18609.255	0.0	0.0	0.0	0.0	0.0	0.0	0.0	0.0	0.0	0.0	0.0	0.0	0.0	0.0	145.86206896551727	0.0	0.03625479	-0.02539056	1.0225803900000001	0.12208	0.0	0.33571999999999996	3290437.0	1776544971.316557	0.0	1.0	-1.0	-1.0	-1.0	-1.0	-1.0	-1.0	-1.0	-1.0	0.0	marker	peace	Peace	25	0418
-68590.665	-55286.369999999995	-104775.39	-18611.055	0.0	0.0	0.0	0.0	0.0	0.0	0.0	0.0	0.0	0.0	0.0	0.0	0.0	0.0	145.86206896551727	0.0	0.03625479	-0.02539056	1.0225803900000001	0.12208	0.0	0.33571999999999996	3290438.0	1776544971.316567	0.0	1.0	-1.0	-1.0	-1.0	-1.0	-1.0	-1.0	-1.0	-1.0	0.0	marker	peace	Peace	25	0418
-68582.11499999999	-55278.405	-104755.635	-18606.69	0.0	0.0	0.0	0.0	0.0	0.0	0.0	0.0	0.0	0.0	0.0	0.0	0.0	0.0	145.86206896551727	0.0	0.03625479	-0.02539056	1.0225803900000001	0.12208	0.0	0.33571999999999996	3290439.0	1776544971.31821	0.0	1.0	-1.0	-1.0	-1.0	-1.0	-1.0	-1.0	-1.0	-1.0	0.0	marker	peace	Peace	25	0418
-68552.73	-55271.924999999996	-104736.23999999999	-18577.755	0.0	0.0	0.0	0.0	0.0	0.0	0.0	0.0	0.0	0.0	0.0	0.0	0.0	0.0	145.86206896551727	0.0	0.03625479	-0.02539056	1.0225803900000001	0.12208	0.0	0.33571999999999996	3290440.0	1776544971.318216	0.0	1.0	-1.0	-1.0	-1.0	-1.0	-1.0	-1.0	-1.0	-1.0	0.0	marker	peace	Peace	25	0418
-68556.555	-55268.909999999996	-104761.39499999999	-18571.454999999998	0.0	0.0	0.0	0.0	0.0	0.0	0.0	0.0	0.0	0.0	0.0	0.0	0.0	0.0	145.86206896551727	0.0	0.03625479	-0.02539056	1.0225803900000001	0.12208	0.0	0.33571999999999996	3290441.0	1776544971.322213	0.0	1.0	-1.0	-1.0	-1.0	-1.0	-1.0	-1.0	-1.0	-1.0	0.0	marker	peace	Peace	25	0418
-68562.81	-55270.079999999994	-104766.12	-18579.87	0.0	0.0	0.0	0.0	0.0	0.0	0.0	0.0	0.0	0.0	0.0	0.0	0.0	0.0	145.86206896551727	0.0	0.03625479	-0.02539056	1.0225803900000001	0.12208	0.0	0.33571999999999996	3290442.0	1776544971.322218	0.0	1.0	-1.0	-1.0	-1.0	-1.0	-1.0	-1.0	-1.0	-1.0	0.0	marker	peace	Peace	25	0418
-68521.05	-55273.454999999994	-104709.015	-18541.8	0.0	0.0	0.0	0.0	0.0	0.0	0.0	0.0	0.0	0.0	0.0	0.0	0.0	0.0	145.86206896551727	0.0	0.03625479	-0.02539056	1.0225803900000001	0.12208	0.0	0.33571999999999996	3290443.0	1776544971.326347	0.0	1.0	-1.0	-1.0	-1.0	-1.0	-1.0	-1.0	-1.0	-1.0	0.0	marker	peace	Peace	25	0418
-68437.125	-55265.085	-104634.0	-18479.16	0.0	0.0	0.0	0.0	0.0	0.0	0.0	0.0	0.0	0.0	0.0	0.0	0.0	0.0	145.86206896551727	0.0	0.03625479	-0.02539056	1.0225803900000001	0.12208	0.0	0.33571999999999996	3290444.0	1776544971.326368	0.0	1.0	-1.0	-1.0	-1.0	-1.0	-1.0	-1.0	-1.0	-1.0	0.0	marker	peace	Peace	25	0418
-68527.08	-55275.84	-104733.62999999999	-18561.42	0.0	0.0	0.0	0.0	0.0	0.0	0.0	0.0	0.0	0.0	0.0	0.0	0.0	0.0	145.86206896551727	0.0	0.03625479	-0.02539056	1.0225803900000001	0.12208	0.0	0.33571999999999996	3290445.0	1776544971.335178	0.0	1.0	-1.0	-1.0	-1.0	-1.0	-1.0	-1.0	-1.0	-1.0	0.0	marker	peace	Peace	25	0418
-68593.95	-55288.079999999994	-104775.435	-18587.43	0.0	0.0	0.0	0.0	0.0	0.0	0.0	0.0	0.0	0.0	0.0	0.0	0.0	0.0	145.86206896551727	0.0	0.03625479	-0.02539056	1.0225803900000001	0.12208	0.0	0.33571999999999996	3290446.0	1776544971.335208	0.0	1.0	-1.0	-1.0	-1.0	-1.0	-1.0	-1.0	-1.0	-1.0	0.0	marker	peace	Peace	25	0418
-68545.8	-55295.595	-104740.2	-18553.86	0.0	0.0	0.0	0.0	0.0	0.0	0.0	0.0	0.0	0.0	0.0	0.0	0.0	0.0	145.86206896551727	0.0	0.03686514	-0.029785080000000002	1.018857255	1.11398	0.15259999999999999	0.25942	3290447.0	1776544971.335954	0.0	1.0	-1.0	-1.0	-1.0	-1.0	-1.0	-1.0	-1.0	-1.0	0.0	marker	peace	Peace	25	0418
-68554.34999999999	-55312.515	-104739.93	-18555.255	0.0	0.0	0.0	0.0	0.0	0.0	0.0	0.0	0.0	0.0	0.0	0.0	0.0	0.0	145.86206896551727	0.0	0.03686514	-0.029785080000000002	1.018857255	1.11398	0.15259999999999999	0.25942	3290448.0	1776544971.335964	0.0	1.0	-1.0	-1.0	-1.0	-1.0	-1.0	-1.0	-1.0	-1.0	0.0	marker	peace	Peace	25	0418
-68551.83	-55327.68	-104728.95	-18549.27	0.0	0.0	0.0	0.0	0.0	0.0	0.0	0.0	0.0	0.0	0.0	0.0	0.0	0.0	145.86206896551727	0.0	0.03686514	-0.029785080000000002	1.018857255	1.11398	0.15259999999999999	0.25942	3290449.0	1776544971.340415	0.0	1.0	-1.0	-1.0	-1.0	-1.0	-1.0	-1.0	-1.0	-1.0	0.0	marker	peace	Peace	25	0418
-68524.245	-55327.005	-104704.065	-18527.265	0.0	0.0	0.0	0.0	0.0	0.0	0.0	0.0	0.0	0.0	0.0	0.0	0.0	0.0	145.86206896551727	0.0	0.03686514	-0.029785080000000002	1.018857255	1.11398	0.15259999999999999	0.25942	3290450.0	1776544971.340432	0.0	1.0	-1.0	-1.0	-1.0	-1.0	-1.0	-1.0	-1.0	-1.0	0.0	marker	peace	Peace	25	0418
-68561.775	-55330.11	-104741.685	-18568.305	0.0	0.0	0.0	0.0	0.0	0.0	0.0	0.0	0.0	0.0	0.0	0.0	0.0	0.0	145.86206896551727	0.0	0.03686514	-0.029785080000000002	1.018857255	1.11398	0.15259999999999999	0.25942	3290451.0	1776544971.34333	0.0	1.0	-1.0	-1.0	-1.0	-1.0	-1.0	-1.0	-1.0	-1.0	0.0	marker	peace	Peace	25	0418
-68586.56999999999	-55323.09	-104761.62	-18587.565	0.0	0.0	0.0	0.0	0.0	0.0	0.0	0.0	0.0	0.0	0.0	0.0	0.0	0.0	145.86206896551727	0.0	0.03686514	-0.029785080000000002	1.018857255	1.11398	0.15259999999999999	0.25942	3290452.0	1776544971.343347	0.0	1.0	-1.0	-1.0	-1.0	-1.0	-1.0	-1.0	-1.0	-1.0	0.0	marker	peace	Peace	25	0418
-68561.955	-55311.795	-104746.00499999999	-18571.5	0.0	0.0	0.0	0.0	0.0	0.0	0.0	0.0	0.0	0.0	0.0	0.0	0.0	0.0	145.86206896551727	0.0	0.03686514	-0.029785080000000002	1.018857255	1.11398	0.15259999999999999	0.25942	3290453.0	1776544971.346418	0.0	1.0	-1.0	-1.0	-1.0	-1.0	-1.0	-1.0	-1.0	-1.0	0.0	marker	peace	Peace	25	0418
-68560.965	-55300.994999999995	-104750.14499999999	-18579.69	0.0	0.0	0.0	0.0	0.0	0.0	0.0	0.0	0.0	0.0	0.0	0.0	0.0	0.0	145.86206896551727	0.0	0.03686514	-0.029785080000000002	1.018857255	1.11398	0.15259999999999999	0.25942	3290454.0	1776544971.346431	0.0	1.0	-1.0	-1.0	-1.0	-1.0	-1.0	-1.0	-1.0	-1.0	0.0	marker	peace	Peace	25	0418
-68562.27	-55287.045	-104746.455	-18576.09	0.0	0.0	0.0	0.0	0.0	0.0	0.0	0.0	0.0	0.0	0.0	0.0	0.0	0.0	145.86206896551727	0.0	0.03686514	-0.029785080000000002	1.018857255	1.11398	0.15259999999999999	0.25942	3290455.0	1776544971.350403	0.0	1.0	-1.0	-1.0	-1.0	-1.0	-1.0	-1.0	-1.0	-1.0	0.0	marker	peace	Peace	25	0418
-68564.295	-55283.895	-104742.18	-18569.07	0.0	0.0	0.0	0.0	0.0	0.0	0.0	0.0	0.0	0.0	0.0	0.0	0.0	0.0	145.86206896551727	0.0	0.03686514	-0.029785080000000002	1.018857255	1.11398	0.15259999999999999	0.25942	3290456.0	1776544971.350421	0.0	1.0	-1.0	-1.0	-1.0	-1.0	-1.0	-1.0	-1.0	-1.0	0.0	marker	peace	Peace	25	0418
-68547.78	-55296.854999999996	-104730.20999999999	-18558.675	0.0	0.0	0.0	0.0	0.0	0.0	0.0	0.0	0.0	0.0	0.0	0.0	0.0	0.0	145.86206896551727	0.0	0.0378417	-0.034606845	1.0168431	1.5412599999999999	-0.12208	0.01526	3290457.0	1776544971.354535	0.0	1.0	-1.0	-1.0	-1.0	-1.0	-1.0	-1.0	-1.0	-1.0	0.0	marker	peace	Peace	25	0418
-68560.065	-55311.03	-104713.56	-18557.505	0.0	0.0	0.0	0.0	0.0	0.0	0.0	0.0	0.0	0.0	0.0	0.0	0.0	0.0	145.86206896551727	0.0	0.0378417	-0.034606845	1.0168431	1.5412599999999999	-0.12208	0.01526	3290458.0	1776544971.354565	0.0	1.0	-1.0	-1.0	-1.0	-1.0	-1.0	-1.0	-1.0	-1.0	0.0	marker	peace	Peace	25	0418
-68570.64	-55320.884999999995	-104713.69499999999	-18560.969999999998	0.0	0.0	0.0	0.0	0.0	0.0	0.0	0.0	0.0	0.0	0.0	0.0	0.0	0.0	145.86206896551727	0.0	0.0378417	-0.034606845	1.0168431	1.5412599999999999	-0.12208	0.01526	3290459.0	1776544971.35844	0.0	1.0	-1.0	-1.0	-1.0	-1.0	-1.0	-1.0	-1.0	-1.0	0.0	marker	peace	Peace	25	0418
-68566.095	-55328.31	-104770.70999999999	-18566.415	0.0	0.0	0.0	0.0	0.0	0.0	0.0	0.0	0.0	0.0	0.0	0.0	0.0	0.0	145.86206896551727	0.0	0.0378417	-0.034606845	1.0168431	1.5412599999999999	-0.12208	0.01526	3290460.0	1776544971.358457	0.0	1.0	-1.0	-1.0	-1.0	-1.0	-1.0	-1.0	-1.0	-1.0	0.0	marker	peace	Peace	25	0418
-68534.415	-55321.829999999994	-104750.50499999999	-18551.204999999998	0.0	0.0	0.0	0.0	0.0	0.0	0.0	0.0	0.0	0.0	0.0	0.0	0.0	0.0	145.86206896551727	0.0	0.0378417	-0.034606845	1.0168431	1.5412599999999999	-0.12208	0.01526	3290461.0	1776544971.362475	0.0	1.0	-1.0	-1.0	-1.0	-1.0	-1.0	-1.0	-1.0	-1.0	0.0	marker	peace	Peace	25	0418
-68505.345	-55307.88	-104700.465	-18531.045	0.0	0.0	0.0	0.0	0.0	0.0	0.0	0.0	0.0	0.0	0.0	0.0	0.0	0.0	145.86206896551727	0.0	0.0378417	-0.034606845	1.0168431	1.5412599999999999	-0.12208	0.01526	3290462.0	1776544971.362507	0.0	1.0	-1.0	-1.0	-1.0	-1.0	-1.0	-1.0	-1.0	-1.0	0.0	marker	peace	Peace	25	0418
-68530.815	-55304.505	-104705.775	-18543.285	0.0	0.0	0.0	0.0	0.0	0.0	0.0	0.0	0.0	0.0	0.0	0.0	0.0	0.0	145.86206896551727	0.0	0.0378417	-0.034606845	1.0168431	1.5412599999999999	-0.12208	0.01526	3290463.0	1776544971.366229	0.0	1.0	-1.0	-1.0	-1.0	-1.0	-1.0	-1.0	-1.0	-1.0	0.0	marker	peace	Peace	25	0418
-68591.88	-55302.84	-104764.815	-18600.885	0.0	0.0	0.0	0.0	0.0	0.0	0.0	0.0	0.0	0.0	0.0	0.0	0.0	0.0	145.86206896551727	0.0	0.0378417	-0.034606845	1.0168431	1.5412599999999999	-0.12208	0.01526	3290464.0	1776544971.366253	0.0	1.0	-1.0	-1.0	-1.0	-1.0	-1.0	-1.0	-1.0	-1.0	0.0	marker	peace	Peace	25	0418
-68571.315	-55308.645	-104774.31	-18591.57	0.0	0.0	0.0	0.0	0.0	0.0	0.0	0.0	0.0	0.0	0.0	0.0	0.0	0.0	145.86206896551727	0.0	0.0378417	-0.034606845	1.0168431	1.5412599999999999	-0.12208	0.01526	3290465.0	1776544971.372292	0.0	1.0	-1.0	-1.0	-1.0	-1.0	-1.0	-1.0	-1.0	-1.0	0.0	marker	peace	Peace	25	0418
-68530.05	-55309.095	-104737.68	-18548.19	0.0	0.0	0.0	0.0	0.0	0.0	0.0	0.0	0.0	0.0	0.0	0.0	0.0	0.0	145.86206896551727	0.0	0.0378417	-0.034606845	1.0168431	1.5412599999999999	-0.12208	0.01526	3290466.0	1776544971.372305	0.0	1.0	-1.0	-1.0	-1.0	-1.0	-1.0	-1.0	-1.0	-1.0	0.0	marker	peace	Peace	25	0418
-68570.45999999999	-55316.43	-104754.555	-18582.84	0.0	0.0	0.0	0.0	0.0	0.0	0.0	0.0	0.0	0.0	0.0	0.0	0.0	0.0	145.86206896551727	0.0	0.03601065	-0.0378417	1.02111555	3.2809	-0.41202	-0.77826	3290467.0	1776544971.37451	0.0	1.0	-1.0	-1.0	-1.0	-1.0	-1.0	-1.0	-1.0	-1.0	0.0	marker	peace	Peace	25	0418
-68521.545	-55316.744999999995	-104688.62999999999	-18528.75	0.0	0.0	0.0	0.0	0.0	0.0	0.0	0.0	0.0	0.0	0.0	0.0	0.0	0.0	145.86206896551727	0.0	0.03601065	-0.0378417	1.02111555	3.2809	-0.41202	-0.77826	3290468.0	1776544971.37452	0.0	1.0	-1.0	-1.0	-1.0	-1.0	-1.0	-1.0	-1.0	-1.0	0.0	marker	peace	Peace	25	0418
-68532.345	-55317.825	-104711.04	-18546.3	0.0	0.0	0.0	0.0	0.0	0.0	0.0	0.0	0.0	0.0	0.0	0.0	0.0	0.0	145.86206896551727	0.0	0.03601065	-0.0378417	1.02111555	3.2809	-0.41202	-0.77826	3290469.0	1776544971.378544	0.0	1.0	-1.0	-1.0	-1.0	-1.0	-1.0	-1.0	-1.0	-1.0	0.0	marker	peace	Peace	25	0418
-68589.045	-55307.384999999995	-104762.7	-18589.815	0.0	0.0	0.0	0.0	0.0	0.0	0.0	0.0	0.0	0.0	0.0	0.0	0.0	0.0	145.86206896551727	0.0	0.03601065	-0.0378417	1.02111555	3.2809	-0.41202	-0.77826	3290470.0	1776544971.378567	0.0	1.0	-1.0	-1.0	-1.0	-1.0	-1.0	-1.0	-1.0	-1.0	0.0	marker	peace	Peace	25	0418
-68580.18	-55295.189999999995	-104755.31999999999	-18590.625	0.0	0.0	0.0	0.0	0.0	0.0	0.0	0.0	0.0	0.0	0.0	0.0	0.0	0.0	145.86206896551727	0.0	0.03601065	-0.0378417	1.02111555	3.2809	-0.41202	-0.77826	3290471.0	1776544971.382665	0.0	1.0	-1.0	-1.0	-1.0	-1.0	-1.0	-1.0	-1.0	-1.0	0.0	marker	peace	Peace	25	0418
-68562.22499999999	-55292.4	-104768.19	-18593.19	0.0	0.0	0.0	0.0	0.0	0.0	0.0	0.0	0.0	0.0	0.0	0.0	0.0	0.0	145.86206896551727	0.0	0.03601065	-0.0378417	1.02111555	3.2809	-0.41202	-0.77826	3290472.0	1776544971.382687	0.0	1.0	-1.0	-1.0	-1.0	-1.0	-1.0	-1.0	-1.0	-1.0	0.0	marker	peace	Peace	25	0418
-68563.395	-55297.215	-104766.795	-18586.98	0.0	0.0	0.0	0.0	0.0	0.0	0.0	0.0	0.0	0.0	0.0	0.0	0.0	0.0	145.86206896551727	0.0	0.03601065	-0.0378417	1.02111555	3.2809	-0.41202	-0.77826	3290473.0	1776544971.386633	0.0	1.0	-1.0	-1.0	-1.0	-1.0	-1.0	-1.0	-1.0	-1.0	0.0	marker	peace	Peace	25	0418
-68551.47	-55306.395	-104742.45	-18568.89	0.0	0.0	0.0	0.0	0.0	0.0	0.0	0.0	0.0	0.0	0.0	0.0	0.0	0.0	145.86206896551727	0.0	0.03601065	-0.0378417	1.02111555	3.2809	-0.41202	-0.77826	3290474.0	1776544971.386672	0.0	1.0	-1.0	-1.0	-1.0	-1.0	-1.0	-1.0	-1.0	-1.0	0.0	marker	peace	Peace	25	0418
-68496.12	-55313.009999999995	-104700.375	-18530.415	0.0	0.0	0.0	0.0	0.0	0.0	0.0	0.0	0.0	0.0	0.0	0.0	0.0	0.0	145.86206896551727	0.0	0.03601065	-0.0378417	1.02111555	3.2809	-0.41202	-0.77826	3290475.0	1776544971.390622	0.0	1.0	-1.0	-1.0	-1.0	-1.0	-1.0	-1.0	-1.0	-1.0	0.0	marker	peace	Peace	25	0418
-68480.325	-55307.34	-104676.93	-18497.114999999998	0.0	0.0	0.0	0.0	0.0	0.0	0.0	0.0	0.0	0.0	0.0	0.0	0.0	0.0	145.86206896551727	0.0	0.03601065	-0.0378417	1.02111555	3.2809	-0.41202	-0.77826	3290476.0	1776544971.390635	0.0	1.0	-1.0	-1.0	-1.0	-1.0	-1.0	-1.0	-1.0	-1.0	0.0	marker	peace	Peace	25	0418
-68577.885	-55312.064999999995	-104757.705	-18573.3	0.0	0.0	0.0	0.0	0.0	0.0	0.0	0.0	0.0	0.0	0.0	0.0	0.0	0.0	145.86206896551727	0.0	0.039245505	-0.032348550000000004	1.020810375	3.00622	-0.73248	-0.24416	3290477.0	1776544971.394477	0.0	1.0	-1.0	-1.0	-1.0	-1.0	-1.0	-1.0	-1.0	-1.0	0.0	marker	peace	Peace	25	0418
-68601.78	-55312.47	-104798.295	-18594.27	0.0	0.0	0.0	0.0	0.0	0.0	0.0	0.0	0.0	0.0	0.0	0.0	0.0	0.0	145.86206896551727	0.0	0.039245505	-0.032348550000000004	1.020810375	3.00622	-0.73248	-0.24416	3290478.0	1776544971.394492	0.0	1.0	-1.0	-1.0	-1.0	-1.0	-1.0	-1.0	-1.0	-1.0	0.0	marker	peace	Peace	25	0418
-68564.52	-55321.47	-104768.28	-18575.64	0.0	0.0	0.0	0.0	0.0	0.0	0.0	0.0	0.0	0.0	0.0	0.0	0.0	0.0	145.86206896551727	0.0	0.039245505	-0.032348550000000004	1.020810375	3.00622	-0.73248	-0.24416	3290479.0	1776544971.398614	0.0	1.0	-1.0	-1.0	-1.0	-1.0	-1.0	-1.0	-1.0	-1.0	0.0	marker	peace	Peace	25	0418
-68530.86	-55335.42	-104723.86499999999	-18550.98	0.0	0.0	0.0	0.0	0.0	0.0	0.0	0.0	0.0	0.0	0.0	0.0	0.0	0.0	145.86206896551727	0.0	0.039245505	-0.032348550000000004	1.020810375	3.00622	-0.73248	-0.24416	3290480.0	1776544971.398643	0.0	1.0	-1.0	-1.0	-1.0	-1.0	-1.0	-1.0	-1.0	-1.0	0.0	marker	peace	Peace	25	0418
-68541.12	-55344.375	-104739.65999999999	-18562.14	0.0	0.0	0.0	0.0	0.0	0.0	0.0	0.0	0.0	0.0	0.0	0.0	0.0	0.0	145.86206896551727	0.0	0.039245505	-0.032348550000000004	1.020810375	3.00622	-0.73248	-0.24416	3290481.0	1776544971.402647	0.0	1.0	-1.0	-1.0	-1.0	-1.0	-1.0	-1.0	-1.0	-1.0	0.0	marker	peace	Peace	25	0418
-68547.87	-55354.725	-104736.28499999999	-18556.469999999998	0.0	0.0	0.0	0.0	0.0	0.0	0.0	0.0	0.0	0.0	0.0	0.0	0.0	0.0	145.86206896551727	0.0	0.039245505	-0.032348550000000004	1.020810375	3.00622	-0.73248	-0.24416	3290482.0	1776544971.402666	0.0	1.0	-1.0	-1.0	-1.0	-1.0	-1.0	-1.0	-1.0	-1.0	0.0	marker	peace	Peace	25	0418
-68546.43	-55368.854999999996	-104722.245	-18545.265	0.0	0.0	0.0	0.0	0.0	0.0	0.0	0.0	0.0	0.0	0.0	0.0	0.0	0.0	145.86206896551727	0.0	0.039245505	-0.032348550000000004	1.020810375	3.00622	-0.73248	-0.24416	3290483.0	1776544971.406571	0.0	1.0	-1.0	-1.0	-1.0	-1.0	-1.0	-1.0	-1.0	-1.0	0.0	marker	peace	Peace	25	0418
-68548.185	-55386.81	-104724.62999999999	-18550.485	0.0	0.0	0.0	0.0	0.0	0.0	0.0	0.0	0.0	0.0	0.0	0.0	0.0	0.0	145.86206896551727	0.0	0.039245505	-0.032348550000000004	1.020810375	3.00622	-0.73248	-0.24416	3290484.0	1776544971.406615	0.0	1.0	-1.0	-1.0	-1.0	-1.0	-1.0	-1.0	-1.0	-1.0	0.0	marker	peace	Peace	25	0418
-68533.38	-55401.435	-104717.11499999999	-18544.094999999998	0.0	0.0	0.0	0.0	0.0	0.0	0.0	0.0	0.0	0.0	0.0	0.0	0.0	0.0	145.86206896551727	0.0	0.039245505	-0.032348550000000004	1.020810375	3.00622	-0.73248	-0.24416	3290485.0	1776544971.410614	0.0	1.0	-1.0	-1.0	-1.0	-1.0	-1.0	-1.0	-1.0	-1.0	0.0	marker	peace	Peace	25	0418
-68535.22499999999	-55405.845	-104734.215	-18560.34	0.0	0.0	0.0	0.0	0.0	0.0	0.0	0.0	0.0	0.0	0.0	0.0	0.0	0.0	145.86206896551727	0.0	0.039245505	-0.032348550000000004	1.020810375	3.00622	-0.73248	-0.24416	3290486.0	1776544971.410624	0.0	1.0	-1.0	-1.0	-1.0	-1.0	-1.0	-1.0	-1.0	-1.0	0.0	marker	peace	Peace	25	0418
-68543.505	-55397.744999999995	-104746.185	-18571.815	0.0	0.0	0.0	0.0	0.0	0.0	0.0	0.0	0.0	0.0	0.0	0.0	0.0	0.0	145.86206896551727	0.0	0.043029675	-0.0317382	1.01598861	3.2045999999999997	0.03052	-0.5341	3290487.0	1776544971.414582	0.0	1.0	-1.0	-1.0	-1.0	-1.0	-1.0	-1.0	-1.0	-1.0	0.0	marker	peace	Peace	25	0418
-68546.655	-55391.759999999995	-104742.045	-18565.605	0.0	0.0	0.0	0.0	0.0	0.0	0.0	0.0	0.0	0.0	0.0	0.0	0.0	0.0	145.86206896551727	0.0	0.043029675	-0.0317382	1.01598861	3.2045999999999997	0.03052	-0.5341	3290488.0	1776544971.414601	0.0	1.0	-1.0	-1.0	-1.0	-1.0	-1.0	-1.0	-1.0	-1.0	0.0	marker	peace	Peace	25	0418
-68564.79	-55397.97	-104745.87	-18562.454999999998	0.0	0.0	0.0	0.0	0.0	0.0	0.0	0.0	0.0	0.0	0.0	0.0	0.0	0.0	145.86206896551727	0.0	0.043029675	-0.0317382	1.01598861	3.2045999999999997	0.03052	-0.5341	3290489.0	1776544971.41894	0.0	1.0	-1.0	-1.0	-1.0	-1.0	-1.0	-1.0	-1.0	-1.0	0.0	marker	peace	Peace	25	0418
-68542.605	-55404.72	-104734.03499999999	-18555.344999999998	0.0	0.0	0.0	0.0	0.0	0.0	0.0	0.0	0.0	0.0	0.0	0.0	0.0	0.0	145.86206896551727	0.0	0.043029675	-0.0317382	1.01598861	3.2045999999999997	0.03052	-0.5341	3290490.0	1776544971.418959	0.0	1.0	-1.0	-1.0	-1.0	-1.0	-1.0	-1.0	-1.0	-1.0	0.0	marker	peace	Peace	25	0418
-68532.84	-55415.61	-104708.51999999999	-18540.18	0.0	0.0	0.0	0.0	0.0	0.0	0.0	0.0	0.0	0.0	0.0	0.0	0.0	0.0	145.86206896551727	0.0	0.043029675	-0.0317382	1.01598861	3.2045999999999997	0.03052	-0.5341	3290491.0	1776544971.422652	0.0	1.0	-1.0	-1.0	-1.0	-1.0	-1.0	-1.0	-1.0	-1.0	0.0	marker	peace	Peace	25	0418
-68542.605	-55420.47	-104696.28	-18537.57	0.0	0.0	0.0	0.0	0.0	0.0	0.0	0.0	0.0	0.0	0.0	0.0	0.0	0.0	145.86206896551727	0.0	0.043029675	-0.0317382	1.01598861	3.2045999999999997	0.03052	-0.5341	3290492.0	1776544971.422667	0.0	1.0	-1.0	-1.0	-1.0	-1.0	-1.0	-1.0	-1.0	-1.0	0.0	marker	peace	Peace	25	0418
-68511.015	-55411.335	-104686.065	-18529.155	0.0	0.0	0.0	0.0	0.0	0.0	0.0	0.0	0.0	0.0	0.0	0.0	0.0	0.0	145.86206896551727	0.0	0.043029675	-0.0317382	1.01598861	3.2045999999999997	0.03052	-0.5341	3290493.0	1776544971.426672	0.0	1.0	-1.0	-1.0	-1.0	-1.0	-1.0	-1.0	-1.0	-1.0	0.0	marker	peace	Peace	25	0418
-68591.11499999999	-55404.045	-104779.485	-18595.934999999998	0.0	0.0	0.0	0.0	0.0	0.0	0.0	0.0	0.0	0.0	0.0	0.0	0.0	0.0	145.86206896551727	0.0	0.043029675	-0.0317382	1.01598861	3.2045999999999997	0.03052	-0.5341	3290494.0	1776544971.426687	0.0	1.0	-1.0	-1.0	-1.0	-1.0	-1.0	-1.0	-1.0	-1.0	0.0	marker	peace	Peace	25	0418
-68583.51	-55389.195	-104762.79	-18589.545	0.0	0.0	0.0	0.0	0.0	0.0	0.0	0.0	0.0	0.0	0.0	0.0	0.0	0.0	145.86206896551727	0.0	0.043029675	-0.0317382	1.01598861	3.2045999999999997	0.03052	-0.5341	3290495.0	1776544971.430664	0.0	1.0	-1.0	-1.0	-1.0	-1.0	-1.0	-1.0	-1.0	-1.0	0.0	marker	peace	Peace	25	0418
-68569.02	-55376.46	-104747.48999999999	-18574.2	0.0	0.0	0.0	0.0	0.0	0.0	0.0	0.0	0.0	0.0	0.0	0.0	0.0	0.0	145.86206896551727	0.0	0.043029675	-0.0317382	1.01598861	3.2045999999999997	0.03052	-0.5341	3290496.0	1776544971.430707	0.0	1.0	-1.0	-1.0	-1.0	-1.0	-1.0	-1.0	-1.0	-1.0	0.0	marker	peace	Peace	25	0418
-68559.12	-55385.729999999996	-104767.245	-18566.19	0.0	0.0	0.0	0.0	0.0	0.0	0.0	0.0	0.0	0.0	0.0	0.0	0.0	0.0	145.86206896551727	0.0	0.041320695	-0.033874425	1.01391342	3.55558	-0.15259999999999999	-0.8698199999999999	3290497.0	1776544971.434782	0.0	1.0	-1.0	-1.0	-1.0	-1.0	-1.0	-1.0	-1.0	-1.0	0.0	marker	peace	Peace	25	0418
-68528.88	-55424.025	-104731.245	-18538.875	0.0	0.0	0.0	0.0	0.0	0.0	0.0	0.0	0.0	0.0	0.0	0.0	0.0	0.0	145.86206896551727	0.0	0.041320695	-0.033874425	1.01391342	3.55558	-0.15259999999999999	-0.8698199999999999	3290498.0	1776544971.434796	0.0	1.0	-1.0	-1.0	-1.0	-1.0	-1.0	-1.0	-1.0	-1.0	0.0	marker	peace	Peace	25	0418
-68556.19499999999	-55445.805	-104740.01999999999	-18564.255	0.0	0.0	0.0	0.0	0.0	0.0	0.0	0.0	0.0	0.0	0.0	0.0	0.0	0.0	145.86206896551727	0.0	0.041320695	-0.033874425	1.01391342	3.55558	-0.15259999999999999	-0.8698199999999999	3290499.0	1776544971.438729	0.0	1.0	-1.0	-1.0	-1.0	-1.0	-1.0	-1.0	-1.0	-1.0	0.0	marker	peace	Peace	25	0418
-68586.56999999999	-55464.57	-104758.29	-18588.42	0.0	0.0	0.0	0.0	0.0	0.0	0.0	0.0	0.0	0.0	0.0	0.0	0.0	0.0	145.86206896551727	0.0	0.041320695	-0.033874425	1.01391342	3.55558	-0.15259999999999999	-0.8698199999999999	3290500.0	1776544971.438807	0.0	1.0	-1.0	-1.0	-1.0	-1.0	-1.0	-1.0	-1.0	-1.0	0.0	marker	peace	Peace	25	0418
-68544.45	-55464.255	-104705.28	-18556.335	0.0	0.0	0.0	0.0	0.0	0.0	0.0	0.0	0.0	0.0	0.0	0.0	0.0	0.0	145.86206896551727	0.0	0.041320695	-0.033874425	1.01391342	3.55558	-0.15259999999999999	-0.8698199999999999	3290501.0	1776544971.442651	0.0	1.0	-1.0	-1.0	-1.0	-1.0	-1.0	-1.0	-1.0	-1.0	0.0	marker	peace	Peace	25	0418
-68531.94	-55467.045	-104708.25	-18553.32	0.0	0.0	0.0	0.0	0.0	0.0	0.0	0.0	0.0	0.0	0.0	0.0	0.0	0.0	145.86206896551727	0.0	0.041320695	-0.033874425	1.01391342	3.55558	-0.15259999999999999	-0.8698199999999999	3290502.0	1776544971.442661	0.0	1.0	-1.0	-1.0	-1.0	-1.0	-1.0	-1.0	-1.0	-1.0	0.0	marker	peace	Peace	25	0418
-68486.94	-55465.38	-104718.105	-18525.015	0.0	0.0	0.0	0.0	0.0	0.0	0.0	0.0	0.0	0.0	0.0	0.0	0.0	0.0	145.86206896551727	0.0	0.041320695	-0.033874425	1.01391342	3.55558	-0.15259999999999999	-0.8698199999999999	3290503.0	1776544971.446839	0.0	1.0	-1.0	-1.0	-1.0	-1.0	-1.0	-1.0	-1.0	-1.0	0.0	marker	peace	Peace	25	0418
-68492.385	-55456.829999999994	-104696.955	-18506.925	0.0	0.0	0.0	0.0	0.0	0.0	0.0	0.0	0.0	0.0	0.0	0.0	0.0	0.0	145.86206896551727	0.0	0.041320695	-0.033874425	1.01391342	3.55558	-0.15259999999999999	-0.8698199999999999	3290504.0	1776544971.446874	0.0	1.0	-1.0	-1.0	-1.0	-1.0	-1.0	-1.0	-1.0	-1.0	0.0	marker	peace	Peace	25	0418
-68564.25	-55456.695	-104749.2	-18553.14	0.0	0.0	0.0	0.0	0.0	0.0	0.0	0.0	0.0	0.0	0.0	0.0	0.0	0.0	145.86206896551727	0.0	0.041320695	-0.033874425	1.01391342	3.55558	-0.15259999999999999	-0.8698199999999999	3290505.0	1776544971.450665	0.0	1.0	-1.0	-1.0	-1.0	-1.0	-1.0	-1.0	-1.0	-1.0	0.0	marker	peace	Peace	25	0418
-68569.065	-55443.06	-104765.44499999999	-18577.665	0.0	0.0	0.0	0.0	0.0	0.0	0.0	0.0	0.0	0.0	0.0	0.0	0.0	0.0	145.86206896551727	0.0	0.041320695	-0.033874425	1.01391342	3.55558	-0.15259999999999999	-0.8698199999999999	3290506.0	1776544971.450676	0.0	1.0	-1.0	-1.0	-1.0	-1.0	-1.0	-1.0	-1.0	-1.0	0.0	marker	peace	Peace	25	0418
-68590.44	-55360.259999999995	-104767.155	-18594.405	0.0	0.0	0.0	0.0	0.0	0.0	0.0	0.0	0.0	0.0	0.0	0.0	0.0	0.0	145.86206896551727	0.0	0.03942861	-0.030944745	1.016293785	3.41824	0.12208	-0.6867	3290507.0	1776544971.45478	0.0	1.0	-1.0	-1.0	-1.0	-1.0	-1.0	-1.0	-1.0	-1.0	0.0	marker	peace	Peace	25	0418
-68597.73	-55328.445	-104763.555	-18597.105	0.0	0.0	0.0	0.0	0.0	0.0	0.0	0.0	0.0	0.0	0.0	0.0	0.0	0.0	145.86206896551727	0.0	0.03942861	-0.030944745	1.016293785	3.41824	0.12208	-0.6867	3290508.0	1776544971.454806	0.0	1.0	-1.0	-1.0	-1.0	-1.0	-1.0	-1.0	-1.0	-1.0	0.0	marker	peace	Peace	25	0418
-68576.48999999999	-55327.77	-104761.845	-18586.305	0.0	0.0	0.0	0.0	0.0	0.0	0.0	0.0	0.0	0.0	0.0	0.0	0.0	0.0	145.86206896551727	0.0	0.03942861	-0.030944745	1.016293785	3.41824	0.12208	-0.6867	3290509.0	1776544971.45872	0.0	1.0	-1.0	-1.0	-1.0	-1.0	-1.0	-1.0	-1.0	-1.0	0.0	marker	peace	Peace	25	0418
-68556.015	-55325.79	-104750.19	-18568.8	0.0	0.0	0.0	0.0	0.0	0.0	0.0	0.0	0.0	0.0	0.0	0.0	0.0	0.0	145.86206896551727	0.0	0.03942861	-0.030944745	1.016293785	3.41824	0.12208	-0.6867	3290510.0	1776544971.458731	0.0	1.0	-1.0	-1.0	-1.0	-1.0	-1.0	-1.0	-1.0	-1.0	0.0	marker	peace	Peace	25	0418
-68489.19	-55322.145	-104673.64499999999	-18505.844999999998	0.0	0.0	0.0	0.0	0.0	0.0	0.0	0.0	0.0	0.0	0.0	0.0	0.0	0.0	145.86206896551727	0.0	0.03942861	-0.030944745	1.016293785	3.41824	0.12208	-0.6867	3290511.0	1776544971.462722	0.0	1.0	-1.0	-1.0	-1.0	-1.0	-1.0	-1.0	-1.0	-1.0	0.0	marker	peace	Peace	25	0418
-68503.545	-55328.985	-104708.655	-18529.155	0.0	0.0	0.0	0.0	0.0	0.0	0.0	0.0	0.0	0.0	0.0	0.0	0.0	0.0	145.86206896551727	0.0	0.03942861	-0.030944745	1.016293785	3.41824	0.12208	-0.6867	3290512.0	1776544971.462739	0.0	1.0	-1.0	-1.0	-1.0	-1.0	-1.0	-1.0	-1.0	-1.0	0.0	marker	peace	Peace	25	0418
-68590.53	-55330.47	-104758.875	-18580.635	0.0	0.0	0.0	0.0	0.0	0.0	0.0	0.0	0.0	0.0	0.0	0.0	0.0	0.0	145.86206896551727	0.0	0.03942861	-0.030944745	1.016293785	3.41824	0.12208	-0.6867	3290513.0	1776544971.466894	0.0	1.0	-1.0	-1.0	-1.0	-1.0	-1.0	-1.0	-1.0	-1.0	0.0	marker	peace	Peace	25	0418
-68571.405	-55322.729999999996	-104748.61499999999	-18568.35	0.0	0.0	0.0	0.0	0.0	0.0	0.0	0.0	0.0	0.0	0.0	0.0	0.0	0.0	145.86206896551727	0.0	0.03942861	-0.030944745	1.016293785	3.41824	0.12208	-0.6867	3290514.0	1776544971.467011	0.0	1.0	-1.0	-1.0	-1.0	-1.0	-1.0	-1.0	-1.0	-1.0	0.0	marker	peace	Peace	25	0418
-68574.78	-55314.99	-104773.545	-18580.05	0.0	0.0	0.0	0.0	0.0	0.0	0.0	0.0	0.0	0.0	0.0	0.0	0.0	0.0	145.86206896551727	0.0	0.03942861	-0.030944745	1.016293785	3.41824	0.12208	-0.6867	3290515.0	1776544971.470937	0.0	1.0	-1.0	-1.0	-1.0	-1.0	-1.0	-1.0	-1.0	-1.0	0.0	marker	peace	Peace	25	0418
-68583.015	-55321.11	-104769.94499999999	-18584.055	0.0	0.0	0.0	0.0	0.0	0.0	0.0	0.0	0.0	0.0	0.0	0.0	0.0	0.0	145.86206896551727	0.0	0.03942861	-0.030944745	1.016293785	3.41824	0.12208	-0.6867	3290516.0	1776544971.470968	0.0	1.0	-1.0	-1.0	-1.0	-1.0	-1.0	-1.0	-1.0	-1.0	0.0	marker	peace	Peace	25	0418
-68570.45999999999	-55328.939999999995	-104752.89	-18573.3	0.0	0.0	0.0	0.0	0.0	0.0	0.0	0.0	0.0	0.0	0.0	0.0	0.0	0.0	145.86206896551727	0.0	0.03894033	-0.02917473	1.01672103	3.14356	0.10682	-1.03768	3290517.0	1776544971.476463	0.0	1.0	-1.0	-1.0	-1.0	-1.0	-1.0	-1.0	-1.0	-1.0	0.0	marker	peace	Peace	25	0418
-68566.095	-55326.915	-104748.165	-18573.165	0.0	0.0	0.0	0.0	0.0	0.0	0.0	0.0	0.0	0.0	0.0	0.0	0.0	0.0	145.86206896551727	0.0	0.03894033	-0.02917473	1.01672103	3.14356	0.10682	-1.03768	3290518.0	1776544971.476475	0.0	1.0	-1.0	-1.0	-1.0	-1.0	-1.0	-1.0	-1.0	-1.0	0.0	marker	peace	Peace	25	0418
-68562.0	-55313.145	-104744.025	-18569.25	0.0	0.0	0.0	0.0	0.0	0.0	0.0	0.0	0.0	0.0	0.0	0.0	0.0	0.0	145.86206896551727	0.0	0.03894033	-0.02917473	1.01672103	3.14356	0.10682	-1.03768	3290519.0	1776544971.483511	0.0	1.0	-1.0	-1.0	-1.0	-1.0	-1.0	-1.0	-1.0	-1.0	0.0	marker	peace	Peace	25	0418
-68556.78	-55301.534999999996	-104734.98	-18558.765	0.0	0.0	0.0	0.0	0.0	0.0	0.0	0.0	0.0	0.0	0.0	0.0	0.0	0.0	145.86206896551727	0.0	0.03894033	-0.02917473	1.01672103	3.14356	0.10682	-1.03768	3290520.0	1776544971.483535	0.0	1.0	-1.0	-1.0	-1.0	-1.0	-1.0	-1.0	-1.0	-1.0	0.0	marker	peace	Peace	25	0418
-68558.4	-55300.68	-104745.78	-18568.305	0.0	0.0	0.0	0.0	0.0	0.0	0.0	0.0	0.0	0.0	0.0	0.0	0.0	0.0	145.86206896551727	0.0	0.03894033	-0.02917473	1.01672103	3.14356	0.10682	-1.03768	3290521.0	1776544971.483568	0.0	1.0	-1.0	-1.0	-1.0	-1.0	-1.0	-1.0	-1.0	-1.0	0.0	marker	peace	Peace	25	0418
-68565.23999999999	-55305.72	-104757.93	-18581.715	0.0	0.0	0.0	0.0	0.0	0.0	0.0	0.0	0.0	0.0	0.0	0.0	0.0	0.0	145.86206896551727	0.0	0.03894033	-0.02917473	1.01672103	3.14356	0.10682	-1.03768	3290522.0	1776544971.483585	0.0	1.0	-1.0	-1.0	-1.0	-1.0	-1.0	-1.0	-1.0	-1.0	0.0	marker	peace	Peace	25	0418
-68564.52	-55303.02	-104759.19	-18579.78	0.0	0.0	0.0	0.0	0.0	0.0	0.0	0.0	0.0	0.0	0.0	0.0	0.0	0.0	145.86206896551727	0.0	0.03894033	-0.02917473	1.01672103	3.14356	0.10682	-1.03768	3290523.0	1776544971.489699	0.0	1.0	-1.0	-1.0	-1.0	-1.0	-1.0	-1.0	-1.0	-1.0	0.0	marker	peace	Peace	25	0418
-68521.905	-55305.314999999995	-104721.56999999999	-18540.54	0.0	0.0	0.0	0.0	0.0	0.0	0.0	0.0	0.0	0.0	0.0	0.0	0.0	0.0	145.86206896551727	0.0	0.03894033	-0.02917473	1.01672103	3.14356	0.10682	-1.03768	3290524.0	1776544971.489719	0.0	1.0	-1.0	-1.0	-1.0	-1.0	-1.0	-1.0	-1.0	-1.0	0.0	marker	peace	Peace	25	0418
-68459.58	-55306.665	-104664.15	-18493.02	0.0	0.0	0.0	0.0	0.0	0.0	0.0	0.0	0.0	0.0	0.0	0.0	0.0	0.0	145.86206896551727	0.0	0.03894033	-0.02917473	1.01672103	3.14356	0.10682	-1.03768	3290525.0	1776544971.490832	0.0	1.0	-1.0	-1.0	-1.0	-1.0	-1.0	-1.0	-1.0	-1.0	0.0	marker	peace	Peace	25	0418
-68472.045	-55310.579999999994	-104677.47	-18504.09	0.0	0.0	0.0	0.0	0.0	0.0	0.0	0.0	0.0	0.0	0.0	0.0	0.0	0.0	145.86206896551727	0.0	0.03894033	-0.02917473	1.01672103	3.14356	0.10682	-1.03768	3290526.0	1776544971.490843	0.0	1.0	-1.0	-1.0	-1.0	-1.0	-1.0	-1.0	-1.0	-1.0	0.0	marker	peace	Peace	25	0418
-68593.41	-55330.064999999995	-104768.14499999999	-18601.649999999998	0.0	0.0	0.0	0.0	0.0	0.0	0.0	0.0	0.0	0.0	0.0	0.0	0.0	0.0	145.86206896551727	0.0	0.039916890000000003	-0.02636712	1.01891829	2.60946	-0.50358	-0.51884	3290527.0	1776544971.494843	0.0	1.0	-1.0	-1.0	-1.0	-1.0	-1.0	-1.0	-1.0	-1.0	0.0	marker	peace	Peace	25	0418
-68624.595	-55336.77	-104786.19	-18610.649999999998	0.0	0.0	0.0	0.0	0.0	0.0	0.0	0.0	0.0	0.0	0.0	0.0	0.0	0.0	145.86206896551727	0.0	0.039916890000000003	-0.02636712	1.01891829	2.60946	-0.50358	-0.51884	3290528.0	1776544971.494867	0.0	1.0	-1.0	-1.0	-1.0	-1.0	-1.0	-1.0	-1.0	-1.0	0.0	marker	peace	Peace	25	0418
-68587.065	-55340.865	-104766.25499999999	-18586.395	0.0	0.0	0.0	0.0	0.0	0.0	0.0	0.0	0.0	0.0	0.0	0.0	0.0	0.0	145.86206896551727	0.0	0.039916890000000003	-0.02636712	1.01891829	2.60946	-0.50358	-0.51884	3290529.0	1776544971.499137	0.0	1.0	-1.0	-1.0	-1.0	-1.0	-1.0	-1.0	-1.0	-1.0	0.0	marker	peace	Peace	25	0418
-68563.98	-55340.28	-104748.75	-18579.69	0.0	0.0	0.0	0.0	0.0	0.0	0.0	0.0	0.0	0.0	0.0	0.0	0.0	0.0	145.86206896551727	0.0	0.039916890000000003	-0.02636712	1.01891829	2.60946	-0.50358	-0.51884	3290530.0	1776544971.499161	0.0	1.0	-1.0	-1.0	-1.0	-1.0	-1.0	-1.0	-1.0	-1.0	0.0	marker	peace	Peace	25	0418
-68564.745	-55339.515	-104747.44499999999	-18572.355	0.0	0.0	0.0	0.0	0.0	0.0	0.0	0.0	0.0	0.0	0.0	0.0	0.0	0.0	145.86206896551727	0.0	0.039916890000000003	-0.02636712	1.01891829	2.60946	-0.50358	-0.51884	3290531.0	1776544971.502976	0.0	1.0	-1.0	-1.0	-1.0	-1.0	-1.0	-1.0	-1.0	-1.0	0.0	marker	peace	Peace	25	0418
-68567.895	-55340.1	-104753.79	-18569.43	0.0	0.0	0.0	0.0	0.0	0.0	0.0	0.0	0.0	0.0	0.0	0.0	0.0	0.0	145.86206896551727	0.0	0.039916890000000003	-0.02636712	1.01891829	2.60946	-0.50358	-0.51884	3290532.0	1776544971.50301	0.0	1.0	-1.0	-1.0	-1.0	-1.0	-1.0	-1.0	-1.0	-1.0	0.0	marker	peace	Peace	25	0418
-68559.56999999999	-55341.54	-104730.03	-18560.07	0.0	0.0	0.0	0.0	0.0	0.0	0.0	0.0	0.0	0.0	0.0	0.0	0.0	0.0	145.86206896551727	0.0	0.039916890000000003	-0.02636712	1.01891829	2.60946	-0.50358	-0.51884	3290533.0	1776544971.506834	0.0	1.0	-1.0	-1.0	-1.0	-1.0	-1.0	-1.0	-1.0	-1.0	0.0	marker	peace	Peace	25	0418
-68537.745	-55337.534999999996	-104714.73	-18546.84	0.0	0.0	0.0	0.0	0.0	0.0	0.0	0.0	0.0	0.0	0.0	0.0	0.0	0.0	145.86206896551727	0.0	0.039916890000000003	-0.02636712	1.01891829	2.60946	-0.50358	-0.51884	3290534.0	1776544971.506846	0.0	1.0	-1.0	-1.0	-1.0	-1.0	-1.0	-1.0	-1.0	-1.0	0.0	marker	peace	Peace	25	0418
-68535.98999999999	-55329.795	-104709.33	-18533.565	0.0	0.0	0.0	0.0	0.0	0.0	0.0	0.0	0.0	0.0	0.0	0.0	0.0	0.0	145.86206896551727	0.0	0.039916890000000003	-0.02636712	1.01891829	2.60946	-0.50358	-0.51884	3290535.0	1776544971.513554	0.0	1.0	-1.0	-1.0	-1.0	-1.0	-1.0	-1.0	-1.0	-1.0	0.0	marker	peace	Peace	25	0418
-68554.89	-55326.509999999995	-104738.12999999999	-18559.079999999998	0.0	0.0	0.0	0.0	0.0	0.0	0.0	0.0	0.0	0.0	0.0	0.0	0.0	0.0	145.86206896551727	0.0	0.039916890000000003	-0.02636712	1.01891829	2.60946	-0.50358	-0.51884	3290536.0	1776544971.513593	0.0	1.0	-1.0	-1.0	-1.0	-1.0	-1.0	-1.0	-1.0	-1.0	0.0	marker	peace	Peace	25	0418
-68562.18	-55328.939999999995	-104760.36	-18574.29	0.0	0.0	0.0	0.0	0.0	0.0	0.0	0.0	0.0	0.0	0.0	0.0	0.0	0.0	145.86206896551727	0.0	0.038391015	-0.02490228	1.02062727	1.49548	-1.00716	-0.18312	3290537.0	1776544971.514926	0.0	1.0	-1.0	-1.0	-1.0	-1.0	-1.0	-1.0	-1.0	-1.0	0.0	marker	peace	Peace	25	0418
-68548.815	-55332.45	-104747.12999999999	-18570.555	0.0	0.0	0.0	0.0	0.0	0.0	0.0	0.0	0.0	0.0	0.0	0.0	0.0	0.0	145.86206896551727	0.0	0.038391015	-0.02490228	1.02062727	1.49548	-1.00716	-0.18312	3290538.0	1776544971.51495	0.0	1.0	-1.0	-1.0	-1.0	-1.0	-1.0	-1.0	-1.0	-1.0	0.0	marker	peace	Peace	25	0418
-68552.37	-55337.895	-104742.675	-18565.155	0.0	0.0	0.0	0.0	0.0	0.0	0.0	0.0	0.0	0.0	0.0	0.0	0.0	0.0	145.86206896551727	0.0	0.038391015	-0.02490228	1.02062727	1.49548	-1.00716	-0.18312	3290539.0	1776544971.519037	0.0	1.0	-1.0	-1.0	-1.0	-1.0	-1.0	-1.0	-1.0	-1.0	0.0	marker	peace	Peace	25	0418
-68551.245	-55344.015	-104736.23999999999	-18551.07	0.0	0.0	0.0	0.0	0.0	0.0	0.0	0.0	0.0	0.0	0.0	0.0	0.0	0.0	145.86206896551727	0.0	0.038391015	-0.02490228	1.02062727	1.49548	-1.00716	-0.18312	3290540.0	1776544971.519064	0.0	1.0	-1.0	-1.0	-1.0	-1.0	-1.0	-1.0	-1.0	-1.0	0.0	marker	peace	Peace	25	0418
-68515.47	-55343.79	-104697.72	-18515.79	0.0	0.0	0.0	0.0	0.0	0.0	0.0	0.0	0.0	0.0	0.0	0.0	0.0	0.0	145.86206896551727	0.0	0.038391015	-0.02490228	1.02062727	1.49548	-1.00716	-0.18312	3290541.0	1776544971.524817	0.0	1.0	-1.0	-1.0	-1.0	-1.0	-1.0	-1.0	-1.0	-1.0	0.0	marker	peace	Peace	25	0418
-68543.19	-55346.4	-104741.19	-18553.32	0.0	0.0	0.0	0.0	0.0	0.0	0.0	0.0	0.0	0.0	0.0	0.0	0.0	0.0	145.86206896551727	0.0	0.038391015	-0.02490228	1.02062727	1.49548	-1.00716	-0.18312	3290542.0	1776544971.52483	0.0	1.0	-1.0	-1.0	-1.0	-1.0	-1.0	-1.0	-1.0	-1.0	0.0	marker	peace	Peace	25	0418
-68577.97499999999	-55342.215	-104771.47499999999	-18581.489999999998	0.0	0.0	0.0	0.0	0.0	0.0	0.0	0.0	0.0	0.0	0.0	0.0	0.0	0.0	145.86206896551727	0.0	0.038391015	-0.02490228	1.02062727	1.49548	-1.00716	-0.18312	3290543.0	1776544971.526922	0.0	1.0	-1.0	-1.0	-1.0	-1.0	-1.0	-1.0	-1.0	-1.0	0.0	marker	peace	Peace	25	0418
-68558.58	-55343.835	-104740.73999999999	-18567.855	0.0	0.0	0.0	0.0	0.0	0.0	0.0	0.0	0.0	0.0	0.0	0.0	0.0	0.0	145.86206896551727	0.0	0.038391015	-0.02490228	1.02062727	1.49548	-1.00716	-0.18312	3290544.0	1776544971.526931	0.0	1.0	-1.0	-1.0	-1.0	-1.0	-1.0	-1.0	-1.0	-1.0	0.0	marker	peace	Peace	25	0418
-68552.37	-55344.689999999995	-104739.61499999999	-18572.805	0.0	0.0	0.0	0.0	0.0	0.0	0.0	0.0	0.0	0.0	0.0	0.0	0.0	0.0	145.86206896551727	0.0	0.038391015	-0.02490228	1.02062727	1.49548	-1.00716	-0.18312	3290545.0	1776544971.531029	0.0	1.0	-1.0	-1.0	-1.0	-1.0	-1.0	-1.0	-1.0	-1.0	0.0	marker	peace	Peace	25	0418
-68555.43	-55348.244999999995	-104741.415	-18563.445	0.0	0.0	0.0	0.0	0.0	0.0	0.0	0.0	0.0	0.0	0.0	0.0	0.0	0.0	145.86206896551727	0.0	0.038391015	-0.02490228	1.02062727	1.49548	-1.00716	-0.18312	3290546.0	1776544971.531042	0.0	1.0	-1.0	-1.0	-1.0	-1.0	-1.0	-1.0	-1.0	-1.0	0.0	marker	peace	Peace	25	0418
-68554.305	-55346.715	-104737.86	-18557.145	0.0	0.0	0.0	0.0	0.0	0.0	0.0	0.0	0.0	0.0	0.0	0.0	0.0	0.0	145.86206896551727	0.0	0.040588275	-0.03027336	1.02001692	2.5942	-0.9003399999999999	-0.30519999999999997	3290547.0	1776544971.535001	0.0	1.0	-1.0	-1.0	-1.0	-1.0	-1.0	-1.0	-1.0	-1.0	0.0	marker	peace	Peace	25	0418
-68541.97499999999	-55331.549999999996	-104715.135	-18555.344999999998	0.0	0.0	0.0	0.0	0.0	0.0	0.0	0.0	0.0	0.0	0.0	0.0	0.0	0.0	145.86206896551727	0.0	0.040588275	-0.03027336	1.02001692	2.5942	-0.9003399999999999	-0.30519999999999997	3290548.0	1776544971.535016	0.0	1.0	-1.0	-1.0	-1.0	-1.0	-1.0	-1.0	-1.0	-1.0	0.0	marker	peace	Peace	25	0418
-68550.48	-55328.67	-104711.89499999999	-18560.88	0.0	0.0	0.0	0.0	0.0	0.0	0.0	0.0	0.0	0.0	0.0	0.0	0.0	0.0	145.86206896551727	0.0	0.040588275	-0.03027336	1.02001692	2.5942	-0.9003399999999999	-0.30519999999999997	3290549.0	1776544971.539078	0.0	1.0	-1.0	-1.0	-1.0	-1.0	-1.0	-1.0	-1.0	-1.0	0.0	marker	peace	Peace	25	0418
-68551.605	-55330.155	-104737.00499999999	-18568.98	0.0	0.0	0.0	0.0	0.0	0.0	0.0	0.0	0.0	0.0	0.0	0.0	0.0	0.0	145.86206896551727	0.0	0.040588275	-0.03027336	1.02001692	2.5942	-0.9003399999999999	-0.30519999999999997	3290550.0	1776544971.539099	0.0	1.0	-1.0	-1.0	-1.0	-1.0	-1.0	-1.0	-1.0	-1.0	0.0	marker	peace	Peace	25	0418
-68518.08	-55328.895	-104694.56999999999	-18541.53	0.0	0.0	0.0	0.0	0.0	0.0	0.0	0.0	0.0	0.0	0.0	0.0	0.0	0.0	145.86206896551727	0.0	0.040588275	-0.03027336	1.02001692	2.5942	-0.9003399999999999	-0.30519999999999997	3290551.0	1776544971.543041	0.0	1.0	-1.0	-1.0	-1.0	-1.0	-1.0	-1.0	-1.0	-1.0	0.0	marker	peace	Peace	25	0418
-68496.885	-55358.28	-104651.86499999999	-18503.954999999998	0.0	0.0	0.0	0.0	0.0	0.0	0.0	0.0	0.0	0.0	0.0	0.0	0.0	0.0	145.86206896551727	0.0	0.040588275	-0.03027336	1.02001692	2.5942	-0.9003399999999999	-0.30519999999999997	3290552.0	1776544971.543081	0.0	1.0	-1.0	-1.0	-1.0	-1.0	-1.0	-1.0	-1.0	-1.0	0.0	marker	peace	Peace	25	0418
-68551.785	-55382.354999999996	-104722.78499999999	-18551.52	0.0	0.0	0.0	0.0	0.0	0.0	0.0	0.0	0.0	0.0	0.0	0.0	0.0	0.0	145.86206896551727	0.0	0.040588275	-0.03027336	1.02001692	2.5942	-0.9003399999999999	-0.30519999999999997	3290553.0	1776544971.547233	0.0	1.0	-1.0	-1.0	-1.0	-1.0	-1.0	-1.0	-1.0	-1.0	0.0	marker	peace	Peace	25	0418
-68552.415	-55371.195	-104744.97	-18559.665	0.0	0.0	0.0	0.0	0.0	0.0	0.0	0.0	0.0	0.0	0.0	0.0	0.0	0.0	145.86206896551727	0.0	0.040588275	-0.03027336	1.02001692	2.5942	-0.9003399999999999	-0.30519999999999997	3290554.0	1776544971.547261	0.0	1.0	-1.0	-1.0	-1.0	-1.0	-1.0	-1.0	-1.0	-1.0	0.0	marker	peace	Peace	25	0418
-68544.0	-55359.27	-104763.915	-18565.469999999998	0.0	0.0	0.0	0.0	0.0	0.0	0.0	0.0	0.0	0.0	0.0	0.0	0.0	0.0	145.86206896551727	0.0	0.040588275	-0.03027336	1.02001692	2.5942	-0.9003399999999999	-0.30519999999999997	3290555.0	1776544971.551155	0.0	1.0	-1.0	-1.0	-1.0	-1.0	-1.0	-1.0	-1.0	-1.0	0.0	marker	peace	Peace	25	0418
-68538.78	-55356.479999999996	-104756.08499999999	-18554.13	0.0	0.0	0.0	0.0	0.0	0.0	0.0	0.0	0.0	0.0	0.0	0.0	0.0	0.0	145.86206896551727	0.0	0.040588275	-0.03027336	1.02001692	2.5942	-0.9003399999999999	-0.30519999999999997	3290556.0	1776544971.551172	0.0	1.0	-1.0	-1.0	-1.0	-1.0	-1.0	-1.0	-1.0	-1.0	0.0	marker	peace	Peace	25	0418
-68552.145	-55365.57	-104746.455	-18549.719999999998	0.0	0.0	0.0	0.0	0.0	0.0	0.0	0.0	0.0	0.0	0.0	0.0	0.0	0.0	145.86206896551727	0.0	0.043029675	-0.031433025	1.018368975	3.052	-0.47306	-0.12208	3290557.0	1776544971.55519	0.0	1.0	-1.0	-1.0	-1.0	-1.0	-1.0	-1.0	-1.0	-1.0	0.0	marker	peace	Peace	25	0418
-68572.665	-55378.034999999996	-104755.095	-18569.969999999998	0.0	0.0	0.0	0.0	0.0	0.0	0.0	0.0	0.0	0.0	0.0	0.0	0.0	0.0	145.86206896551727	0.0	0.043029675	-0.031433025	1.018368975	3.052	-0.47306	-0.12208	3290558.0	1776544971.555214	0.0	1.0	-1.0	-1.0	-1.0	-1.0	-1.0	-1.0	-1.0	-1.0	0.0	marker	peace	Peace	25	0418
-68577.03	-55381.725	-104754.825	-18576.045	0.0	0.0	0.0	0.0	0.0	0.0	0.0	0.0	0.0	0.0	0.0	0.0	0.0	0.0	145.86206896551727	0.0	0.043029675	-0.031433025	1.018368975	3.052	-0.47306	-0.12208	3290559.0	1776544971.559065	0.0	1.0	-1.0	-1.0	-1.0	-1.0	-1.0	-1.0	-1.0	-1.0	0.0	marker	peace	Peace	25	0418
-68566.905	-55376.865	-104747.89499999999	-18569.565	0.0	0.0	0.0	0.0	0.0	0.0	0.0	0.0	0.0	0.0	0.0	0.0	0.0	0.0	145.86206896551727	0.0	0.043029675	-0.031433025	1.018368975	3.052	-0.47306	-0.12208	3290560.0	1776544971.559077	0.0	1.0	-1.0	-1.0	-1.0	-1.0	-1.0	-1.0	-1.0	-1.0	0.0	marker	peace	Peace	25	0418
-68560.29	-55377.945	-104762.745	-18580.815	0.0	0.0	0.0	0.0	0.0	0.0	0.0	0.0	0.0	0.0	0.0	0.0	0.0	0.0	145.86206896551727	0.0	0.043029675	-0.031433025	1.018368975	3.052	-0.47306	-0.12208	3290561.0	1776544971.563156	0.0	1.0	-1.0	-1.0	-1.0	-1.0	-1.0	-1.0	-1.0	-1.0	0.0	marker	peace	Peace	25	0418
-68505.795	-55369.17	-104719.095	-18532.395	0.0	0.0	0.0	0.0	0.0	0.0	0.0	0.0	0.0	0.0	0.0	0.0	0.0	0.0	145.86206896551727	0.0	0.043029675	-0.031433025	1.018368975	3.052	-0.47306	-0.12208	3290562.0	1776544971.563167	0.0	1.0	-1.0	-1.0	-1.0	-1.0	-1.0	-1.0	-1.0	-1.0	0.0	marker	peace	Peace	25	0418
-68443.29	-55360.619999999995	-104642.73	-18454.59	0.0	0.0	0.0	0.0	0.0	0.0	0.0	0.0	0.0	0.0	0.0	0.0	0.0	0.0	145.86206896551727	0.0	0.043029675	-0.031433025	1.018368975	3.052	-0.47306	-0.12208	3290563.0	1776544971.567272	0.0	1.0	-1.0	-1.0	-1.0	-1.0	-1.0	-1.0	-1.0	-1.0	0.0	marker	peace	Peace	25	0418
-68560.155	-55369.35	-104739.39	-18566.73	0.0	0.0	0.0	0.0	0.0	0.0	0.0	0.0	0.0	0.0	0.0	0.0	0.0	0.0	145.86206896551727	0.0	0.043029675	-0.031433025	1.018368975	3.052	-0.47306	-0.12208	3290564.0	1776544971.567285	0.0	1.0	-1.0	-1.0	-1.0	-1.0	-1.0	-1.0	-1.0	-1.0	0.0	marker	peace	Peace	25	0418
-68581.485	-55372.14	-104758.245	-18589.905	0.0	0.0	0.0	0.0	0.0	0.0	0.0	0.0	0.0	0.0	0.0	0.0	0.0	0.0	145.86206896551727	0.0	0.043029675	-0.031433025	1.018368975	3.052	-0.47306	-0.12208	3290565.0	1776544971.571196	0.0	1.0	-1.0	-1.0	-1.0	-1.0	-1.0	-1.0	-1.0	-1.0	0.0	marker	peace	Peace	25	0418
-68564.025	-55373.174999999996	-104748.885	-18569.07	0.0	0.0	0.0	0.0	0.0	0.0	0.0	0.0	0.0	0.0	0.0	0.0	0.0	0.0	145.86206896551727	0.0	0.043029675	-0.031433025	1.018368975	3.052	-0.47306	-0.12208	3290566.0	1776544971.571218	0.0	1.0	-1.0	-1.0	-1.0	-1.0	-1.0	-1.0	-1.0	-1.0	0.0	marker	peace	Peace	25	0418
-68566.005	-55371.104999999996	-104757.03	-18564.48	0.0	0.0	0.0	0.0	0.0	0.0	0.0	0.0	0.0	0.0	0.0	0.0	0.0	0.0	145.86206896551727	0.0	0.042907605	-0.029113695000000002	1.014462735	2.7468	0.18312	-0.04578	3290567.0	1776544971.575218	0.0	1.0	-1.0	-1.0	-1.0	-1.0	-1.0	-1.0	-1.0	-1.0	0.0	marker	peace	Peace	25	0418
-68573.43	-55369.079999999994	-104758.425	-18571.454999999998	0.0	0.0	0.0	0.0	0.0	0.0	0.0	0.0	0.0	0.0	0.0	0.0	0.0	0.0	145.86206896551727	0.0	0.042907605	-0.029113695000000002	1.014462735	2.7468	0.18312	-0.04578	3290568.0	1776544971.575231	0.0	1.0	-1.0	-1.0	-1.0	-1.0	-1.0	-1.0	-1.0	-1.0	0.0	marker	peace	Peace	25	0418
-68558.895	-55367.775	-104733.98999999999	-18556.965	0.0	0.0	0.0	0.0	0.0	0.0	0.0	0.0	0.0	0.0	0.0	0.0	0.0	0.0	145.86206896551727	0.0	0.042907605	-0.029113695000000002	1.014462735	2.7468	0.18312	-0.04578	3290569.0	1776544971.579232	0.0	1.0	-1.0	-1.0	-1.0	-1.0	-1.0	-1.0	-1.0	-1.0	0.0	marker	peace	Peace	25	0418
-68535.18	-55350.9	-104710.995	-18540.495	0.0	0.0	0.0	0.0	0.0	0.0	0.0	0.0	0.0	0.0	0.0	0.0	0.0	0.0	145.86206896551727	0.0	0.042907605	-0.029113695000000002	1.014462735	2.7468	0.18312	-0.04578	3290570.0	1776544971.579251	0.0	1.0	-1.0	-1.0	-1.0	-1.0	-1.0	-1.0	-1.0	-1.0	0.0	marker	peace	Peace	25	0418
-68551.245	-55336.275	-104749.245	-18559.125	0.0	0.0	0.0	0.0	0.0	0.0	0.0	0.0	0.0	0.0	0.0	0.0	0.0	0.0	145.86206896551727	0.0	0.042907605	-0.029113695000000002	1.014462735	2.7468	0.18312	-0.04578	3290571.0	1776544971.584532	0.0	1.0	-1.0	-1.0	-1.0	-1.0	-1.0	-1.0	-1.0	-1.0	0.0	marker	peace	Peace	25	0418
-68578.605	-55325.52	-104768.55	-18581.76	0.0	0.0	0.0	0.0	0.0	0.0	0.0	0.0	0.0	0.0	0.0	0.0	0.0	0.0	145.86206896551727	0.0	0.042907605	-0.029113695000000002	1.014462735	2.7468	0.18312	-0.04578	3290572.0	1776544971.584551	0.0	1.0	-1.0	-1.0	-1.0	-1.0	-1.0	-1.0	-1.0	-1.0	0.0	marker	peace	Peace	25	0418
-68598.855	-55314.585	-104743.485	-18572.265	0.0	0.0	0.0	0.0	0.0	0.0	0.0	0.0	0.0	0.0	0.0	0.0	0.0	0.0	145.86206896551727	0.0	0.042907605	-0.029113695000000002	1.014462735	2.7468	0.18312	-0.04578	3290573.0	1776544971.588428	0.0	1.0	-1.0	-1.0	-1.0	-1.0	-1.0	-1.0	-1.0	-1.0	0.0	marker	peace	Peace	25	0418
-68572.215	-55297.53	-104725.44	-18568.755	0.0	0.0	0.0	0.0	0.0	0.0	0.0	0.0	0.0	0.0	0.0	0.0	0.0	0.0	145.86206896551727	0.0	0.042907605	-0.029113695000000002	1.014462735	2.7468	0.18312	-0.04578	3290574.0	1776544971.588457	0.0	1.0	-1.0	-1.0	-1.0	-1.0	-1.0	-1.0	-1.0	-1.0	0.0	marker	peace	Peace	25	0418
-68558.58	-55291.409999999996	-104735.205	-18567.135	0.0	0.0	0.0	0.0	0.0	0.0	0.0	0.0	0.0	0.0	0.0	0.0	0.0	0.0	145.86206896551727	0.0	0.042907605	-0.029113695000000002	1.014462735	2.7468	0.18312	-0.04578	3290575.0	1776544971.591236	0.0	1.0	-1.0	-1.0	-1.0	-1.0	-1.0	-1.0	-1.0	-1.0	0.0	marker	peace	Peace	25	0418
-68564.925	-55288.619999999995	-104765.265	-18568.35	0.0	0.0	0.0	0.0	0.0	0.0	0.0	0.0	0.0	0.0	0.0	0.0	0.0	0.0	145.86206896551727	0.0	0.042907605	-0.029113695000000002	1.014462735	2.7468	0.18312	-0.04578	3290576.0	1776544971.59125	0.0	1.0	-1.0	-1.0	-1.0	-1.0	-1.0	-1.0	-1.0	-1.0	0.0	marker	peace	Peace	25	0418
-68541.255	-55290.869999999995	-104731.245	-18554.445	0.0	0.0	0.0	0.0	0.0	0.0	0.0	0.0	0.0	0.0	0.0	0.0	0.0	0.0	145.86206896551727	0.0	0.043395885	-0.03137199	1.010190285	2.92992	0.50358	-0.42728	3290577.0	1776544971.595302	0.0	1.0	-1.0	-1.0	-1.0	-1.0	-1.0	-1.0	-1.0	-1.0	0.0	marker	peace	Peace	25	0418
-68525.09999999999	-55289.97	-104727.555	-18549.405	0.0	0.0	0.0	0.0	0.0	0.0	0.0	0.0	0.0	0.0	0.0	0.0	0.0	0.0	145.86206896551727	0.0	0.043395885	-0.03137199	1.010190285	2.92992	0.50358	-0.42728	3290578.0	1776544971.595327	0.0	1.0	-1.0	-1.0	-1.0	-1.0	-1.0	-1.0	-1.0	-1.0	0.0	marker	peace	Peace	25	0418
-68524.11	-55284.93	-104733.94499999999	-18546.93	0.0	0.0	0.0	0.0	0.0	0.0	0.0	0.0	0.0	0.0	0.0	0.0	0.0	0.0	145.86206896551727	0.0	0.043395885	-0.03137199	1.010190285	2.92992	0.50358	-0.42728	3290579.0	1776544971.59931	0.0	1.0	-1.0	-1.0	-1.0	-1.0	-1.0	-1.0	-1.0	-1.0	0.0	marker	peace	Peace	25	0418
-68538.555	-55278.81	-104749.2	-18563.265	0.0	0.0	0.0	0.0	0.0	0.0	0.0	0.0	0.0	0.0	0.0	0.0	0.0	0.0	145.86206896551727	0.0	0.043395885	-0.03137199	1.010190285	2.92992	0.50358	-0.42728	3290580.0	1776544971.599338	0.0	1.0	-1.0	-1.0	-1.0	-1.0	-1.0	-1.0	-1.0	-1.0	0.0	marker	peace	Peace	25	0418
-68507.01	-55273.005	-104720.31	-18540.495	0.0	0.0	0.0	0.0	0.0	0.0	0.0	0.0	0.0	0.0	0.0	0.0	0.0	0.0	145.86206896551727	0.0	0.043395885	-0.03137199	1.010190285	2.92992	0.50358	-0.42728	3290581.0	1776544971.603278	0.0	1.0	-1.0	-1.0	-1.0	-1.0	-1.0	-1.0	-1.0	-1.0	0.0	marker	peace	Peace	25	0418
-68588.37	-55284.615	-104774.04	-18601.875	0.0	0.0	0.0	0.0	0.0	0.0	0.0	0.0	0.0	0.0	0.0	0.0	0.0	0.0	145.86206896551727	0.0	0.043395885	-0.03137199	1.010190285	2.92992	0.50358	-0.42728	3290582.0	1776544971.603306	0.0	1.0	-1.0	-1.0	-1.0	-1.0	-1.0	-1.0	-1.0	-1.0	0.0	marker	peace	Peace	25	0418
-68600.7	-55286.595	-104756.31	-18594.405	0.0	0.0	0.0	0.0	0.0	0.0	0.0	0.0	0.0	0.0	0.0	0.0	0.0	0.0	145.86206896551727	0.0	0.043395885	-0.03137199	1.010190285	2.92992	0.50358	-0.42728	3290583.0	1776544971.607293	0.0	1.0	-1.0	-1.0	-1.0	-1.0	-1.0	-1.0	-1.0	-1.0	0.0	marker	peace	Peace	25	0418
-68572.34999999999	-55294.244999999995	-104717.61	-18564.614999999998	0.0	0.0	0.0	0.0	0.0	0.0	0.0	0.0	0.0	0.0	0.0	0.0	0.0	0.0	145.86206896551727	0.0	0.043395885	-0.03137199	1.010190285	2.92992	0.50358	-0.42728	3290584.0	1776544971.607306	0.0	1.0	-1.0	-1.0	-1.0	-1.0	-1.0	-1.0	-1.0	-1.0	0.0	marker	peace	Peace	25	0418
-68552.91	-55293.75	-104727.51	-18563.67	0.0	0.0	0.0	0.0	0.0	0.0	0.0	0.0	0.0	0.0	0.0	0.0	0.0	0.0	145.86206896551727	0.0	0.043395885	-0.03137199	1.010190285	2.92992	0.50358	-0.42728	3290585.0	1776544971.611473	0.0	1.0	-1.0	-1.0	-1.0	-1.0	-1.0	-1.0	-1.0	-1.0	0.0	marker	peace	Peace	25	0418
-68568.61499999999	-55286.369999999995	-104777.55	-18577.934999999998	0.0	0.0	0.0	0.0	0.0	0.0	0.0	0.0	0.0	0.0	0.0	0.0	0.0	0.0	145.86206896551727	0.0	0.043395885	-0.03137199	1.010190285	2.92992	0.50358	-0.42728	3290586.0	1776544971.611494	0.0	1.0	-1.0	-1.0	-1.0	-1.0	-1.0	-1.0	-1.0	-1.0	0.0	marker	peace	Peace	25	0418
-68575.005	-55282.095	-104771.745	-18575.73	0.0	0.0	0.0	0.0	0.0	0.0	0.0	0.0	0.0	0.0	0.0	0.0	0.0	0.0	145.86206896551727	0.0	0.042785535	-0.033019935	1.013730315	3.4335	0.6103999999999999	-0.77826	3290587.0	1776544971.615547	0.0	1.0	-1.0	-1.0	-1.0	-1.0	-1.0	-1.0	-1.0	-1.0	0.0	marker	peace	Peace	25	0418
-68554.70999999999	-55279.575	-104745.105	-18560.07	0.0	0.0	0.0	0.0	0.0	0.0	0.0	0.0	0.0	0.0	0.0	0.0	0.0	0.0	145.86206896551727	0.0	0.042785535	-0.033019935	1.013730315	3.4335	0.6103999999999999	-0.77826	3290588.0	1776544971.615572	0.0	1.0	-1.0	-1.0	-1.0	-1.0	-1.0	-1.0	-1.0	-1.0	0.0	marker	peace	Peace	25	0418
-68559.56999999999	-55282.59	-104753.925	-18571.454999999998	0.0	0.0	0.0	0.0	0.0	0.0	0.0	0.0	0.0	0.0	0.0	0.0	0.0	0.0	145.86206896551727	0.0	0.042785535	-0.033019935	1.013730315	3.4335	0.6103999999999999	-0.77826	3290589.0	1776544971.619606	0.0	1.0	-1.0	-1.0	-1.0	-1.0	-1.0	-1.0	-1.0	-1.0	0.0	marker	peace	Peace	25	0418
-68560.785	-55291.77	-104752.485	-18572.399999999998	0.0	0.0	0.0	0.0	0.0	0.0	0.0	0.0	0.0	0.0	0.0	0.0	0.0	0.0	145.86206896551727	0.0	0.042785535	-0.033019935	1.013730315	3.4335	0.6103999999999999	-0.77826	3290590.0	1776544971.619649	0.0	1.0	-1.0	-1.0	-1.0	-1.0	-1.0	-1.0	-1.0	-1.0	0.0	marker	peace	Peace	25	0418
-68558.895	-55292.67	-104745.95999999999	-18566.64	0.0	0.0	0.0	0.0	0.0	0.0	0.0	0.0	0.0	0.0	0.0	0.0	0.0	0.0	145.86206896551727	0.0	0.042785535	-0.033019935	1.013730315	3.4335	0.6103999999999999	-0.77826	3290591.0	1776544971.623825	0.0	1.0	-1.0	-1.0	-1.0	-1.0	-1.0	-1.0	-1.0	-1.0	0.0	marker	peace	Peace	25	0418
-68568.03	-55302.39	-104748.525	-18570.42	0.0	0.0	0.0	0.0	0.0	0.0	0.0	0.0	0.0	0.0	0.0	0.0	0.0	0.0	145.86206896551727	0.0	0.042785535	-0.033019935	1.013730315	3.4335	0.6103999999999999	-0.77826	3290592.0	1776544971.623844	0.0	1.0	-1.0	-1.0	-1.0	-1.0	-1.0	-1.0	-1.0	-1.0	0.0	marker	peace	Peace	25	0418
-68555.745	-55316.835	-104734.845	-18557.235	0.0	0.0	0.0	0.0	0.0	0.0	0.0	0.0	0.0	0.0	0.0	0.0	0.0	0.0	145.86206896551727	0.0	0.042785535	-0.033019935	1.013730315	3.4335	0.6103999999999999	-0.77826	3290593.0	1776544971.628005	0.0	1.0	-1.0	-1.0	-1.0	-1.0	-1.0	-1.0	-1.0	-1.0	0.0	marker	peace	Peace	25	0418
-68526.09	-55321.424999999996	-104694.165	-18526.77	0.0	0.0	0.0	0.0	0.0	0.0	0.0	0.0	0.0	0.0	0.0	0.0	0.0	0.0	145.86206896551727	0.0	0.042785535	-0.033019935	1.013730315	3.4335	0.6103999999999999	-0.77826	3290594.0	1776544971.628029	0.0	1.0	-1.0	-1.0	-1.0	-1.0	-1.0	-1.0	-1.0	-1.0	0.0	marker	peace	Peace	25	0418
-68533.73999999999	-55309.005	-104706.62999999999	-18545.985	0.0	0.0	0.0	0.0	0.0	0.0	0.0	0.0	0.0	0.0	0.0	0.0	0.0	0.0	145.86206896551727	0.0	0.042785535	-0.033019935	1.013730315	3.4335	0.6103999999999999	-0.77826	3290595.0	1776544971.636808	0.0	1.0	-1.0	-1.0	-1.0	-1.0	-1.0	-1.0	-1.0	-1.0	0.0	marker	peace	Peace	25	0418
-68572.44	-55304.369999999995	-104757.885	-18577.26	0.0	0.0	0.0	0.0	0.0	0.0	0.0	0.0	0.0	0.0	0.0	0.0	0.0	0.0	145.86206896551727	0.0	0.042785535	-0.033019935	1.013730315	3.4335	0.6103999999999999	-0.77826	3290596.0	1776544971.636847	0.0	1.0	-1.0	-1.0	-1.0	-1.0	-1.0	-1.0	-1.0	-1.0	0.0	marker	peace	Peace	25	0418
-68572.305	-55310.715	-104772.23999999999	-18579.42	0.0	0.0	0.0	0.0	0.0	0.0	0.0	0.0	0.0	0.0	0.0	0.0	0.0	0.0	145.86206896551727	0.0	0.04101552	-0.02905266	1.018735185	2.9757	0.06104	-0.51884	3290597.0	1776544971.636885	0.0	1.0	-1.0	-1.0	-1.0	-1.0	-1.0	-1.0	-1.0	-1.0	0.0	marker	peace	Peace	25	0418
-68556.59999999999	-55312.02	-104753.655	-18572.219999999998	0.0	0.0	0.0	0.0	0.0	0.0	0.0	0.0	0.0	0.0	0.0	0.0	0.0	0.0	145.86206896551727	0.0	0.04101552	-0.02905266	1.018735185	2.9757	0.06104	-0.51884	3290598.0	1776544971.636904	0.0	1.0	-1.0	-1.0	-1.0	-1.0	-1.0	-1.0	-1.0	-1.0	0.0	marker	peace	Peace	25	0418
-68556.23999999999	-55317.915	-104742.36	-18567.18	0.0	0.0	0.0	0.0	0.0	0.0	0.0	0.0	0.0	0.0	0.0	0.0	0.0	0.0	145.86206896551727	0.0	0.04101552	-0.02905266	1.018735185	2.9757	0.06104	-0.51884	3290599.0	1776544971.640405	0.0	1.0	-1.0	-1.0	-1.0	-1.0	-1.0	-1.0	-1.0	-1.0	0.0	marker	peace	Peace	25	0418
-68551.875	-55312.74	-104730.48	-18555.075	0.0	0.0	0.0	0.0	0.0	0.0	0.0	0.0	0.0	0.0	0.0	0.0	0.0	0.0	145.86206896551727	0.0	0.04101552	-0.02905266	1.018735185	2.9757	0.06104	-0.51884	3290600.0	1776544971.640424	0.0	1.0	-1.0	-1.0	-1.0	-1.0	-1.0	-1.0	-1.0	-1.0	0.0	marker	peace	Peace	25	0418
-68539.005	-55310.49	-104721.39	-18545.67	0.0	0.0	0.0	0.0	0.0	0.0	0.0	0.0	0.0	0.0	0.0	0.0	0.0	0.0	145.86206896551727	0.0	0.04101552	-0.02905266	1.018735185	2.9757	0.06104	-0.51884	3290601.0	1776544971.645999	0.0	1.0	-1.0	-1.0	-1.0	-1.0	-1.0	-1.0	-1.0	-1.0	0.0	marker	peace	Peace	25	0418
-68544.54	-55310.265	-104732.325	-18557.774999999998	0.0	0.0	0.0	0.0	0.0	0.0	0.0	0.0	0.0	0.0	0.0	0.0	0.0	0.0	145.86206896551727	0.0	0.04101552	-0.02905266	1.018735185	2.9757	0.06104	-0.51884	3290602.0	1776544971.646024	0.0	1.0	-1.0	-1.0	-1.0	-1.0	-1.0	-1.0	-1.0	-1.0	0.0	marker	peace	Peace	25	0418
-68562.58499999999	-55312.604999999996	-104758.73999999999	-18582.48	0.0	0.0	0.0	0.0	0.0	0.0	0.0	0.0	0.0	0.0	0.0	0.0	0.0	0.0	145.86206896551727	0.0	0.04101552	-0.02905266	1.018735185	2.9757	0.06104	-0.51884	3290603.0	1776544971.647417	0.0	1.0	-1.0	-1.0	-1.0	-1.0	-1.0	-1.0	-1.0	-1.0	0.0	marker	peace	Peace	25	0418
-68564.06999999999	-55319.354999999996	-104753.79	-18571.95	0.0	0.0	0.0	0.0	0.0	0.0	0.0	0.0	0.0	0.0	0.0	0.0	0.0	0.0	145.86206896551727	0.0	0.04101552	-0.02905266	1.018735185	2.9757	0.06104	-0.51884	3290604.0	1776544971.64743	0.0	1.0	-1.0	-1.0	-1.0	-1.0	-1.0	-1.0	-1.0	-1.0	0.0	marker	peace	Peace	25	0418
-68563.34999999999	-55328.534999999996	-104747.22	-18566.19	0.0	0.0	0.0	0.0	0.0	0.0	0.0	0.0	0.0	0.0	0.0	0.0	0.0	0.0	145.86206896551727	0.0	0.04101552	-0.02905266	1.018735185	2.9757	0.06104	-0.51884	3290605.0	1776544971.651512	0.0	1.0	-1.0	-1.0	-1.0	-1.0	-1.0	-1.0	-1.0	-1.0	0.0	marker	peace	Peace	25	0418
-68566.72499999999	-55349.64	-104755.95	-18578.16	0.0	0.0	0.0	0.0	0.0	0.0	0.0	0.0	0.0	0.0	0.0	0.0	0.0	0.0	145.86206896551727	0.0	0.04101552	-0.02905266	1.018735185	2.9757	0.06104	-0.51884	3290606.0	1776544971.651532	0.0	1.0	-1.0	-1.0	-1.0	-1.0	-1.0	-1.0	-1.0	-1.0	0.0	marker	peace	Peace	25	0418
-68550.03	-55390.365	-104735.655	-18561.42	0.0	0.0	0.0	0.0	0.0	0.0	0.0	0.0	0.0	0.0	0.0	0.0	0.0	0.0	145.86206896551727	0.0	0.03955068	-0.03027336	1.021298655	3.4640199999999997	0.13734	0.3815	3290607.0	1776544971.655397	0.0	1.0	-1.0	-1.0	-1.0	-1.0	-1.0	-1.0	-1.0	-1.0	0.0	marker	peace	Peace	25	0418
-68532.97499999999	-55414.395	-104708.43	-18541.079999999998	0.0	0.0	0.0	0.0	0.0	0.0	0.0	0.0	0.0	0.0	0.0	0.0	0.0	0.0	145.86206896551727	0.0	0.03955068	-0.03027336	1.021298655	3.4640199999999997	0.13734	0.3815	3290608.0	1776544971.655413	0.0	1.0	-1.0	-1.0	-1.0	-1.0	-1.0	-1.0	-1.0	-1.0	0.0	marker	peace	Peace	25	0418
-68495.44499999999	-55422.09	-104668.29	-18508.635	0.0	0.0	0.0	0.0	0.0	0.0	0.0	0.0	0.0	0.0	0.0	0.0	0.0	0.0	145.86206896551727	0.0	0.03955068	-0.03027336	1.021298655	3.4640199999999997	0.13734	0.3815	3290609.0	1776544971.659497	0.0	1.0	-1.0	-1.0	-1.0	-1.0	-1.0	-1.0	-1.0	-1.0	0.0	marker	peace	Peace	25	0418
-68464.17	-55411.29	-104639.625	-18478.89	0.0	0.0	0.0	0.0	0.0	0.0	0.0	0.0	0.0	0.0	0.0	0.0	0.0	0.0	145.86206896551727	0.0	0.03955068	-0.03027336	1.021298655	3.4640199999999997	0.13734	0.3815	3290610.0	1776544971.659509	0.0	1.0	-1.0	-1.0	-1.0	-1.0	-1.0	-1.0	-1.0	-1.0	0.0	marker	peace	Peace	25	0418
-68581.845	-55409.265	-104763.105	-18584.01	0.0	0.0	0.0	0.0	0.0	0.0	0.0	0.0	0.0	0.0	0.0	0.0	0.0	0.0	145.86206896551727	0.0	0.03955068	-0.03027336	1.021298655	3.4640199999999997	0.13734	0.3815	3290611.0	1776544971.663526	0.0	1.0	-1.0	-1.0	-1.0	-1.0	-1.0	-1.0	-1.0	-1.0	0.0	marker	peace	Peace	25	0418
-68591.565	-55404.36	-104786.90999999999	-18597.645	0.0	0.0	0.0	0.0	0.0	0.0	0.0	0.0	0.0	0.0	0.0	0.0	0.0	0.0	145.86206896551727	0.0	0.03955068	-0.03027336	1.021298655	3.4640199999999997	0.13734	0.3815	3290612.0	1776544971.663563	0.0	1.0	-1.0	-1.0	-1.0	-1.0	-1.0	-1.0	-1.0	-1.0	0.0	marker	peace	Peace	25	0418
-68497.785	-55395.045	-104709.69	-18525.105	0.0	0.0	0.0	0.0	0.0	0.0	0.0	0.0	0.0	0.0	0.0	0.0	0.0	0.0	145.86206896551727	0.0	0.03955068	-0.03027336	1.021298655	3.4640199999999997	0.13734	0.3815	3290613.0	1776544971.668852	0.0	1.0	-1.0	-1.0	-1.0	-1.0	-1.0	-1.0	-1.0	-1.0	0.0	marker	peace	Peace	25	0418
-68446.845	-55395.81	-104656.995	-18475.965	0.0	0.0	0.0	0.0	0.0	0.0	0.0	0.0	0.0	0.0	0.0	0.0	0.0	0.0	145.86206896551727	0.0	0.03955068	-0.03027336	1.021298655	3.4640199999999997	0.13734	0.3815	3290614.0	1776544971.668882	0.0	1.0	-1.0	-1.0	-1.0	-1.0	-1.0	-1.0	-1.0	-1.0	0.0	marker	peace	Peace	25	0418
-68554.89	-55414.665	-104740.92	-18564.795	0.0	0.0	0.0	0.0	0.0	0.0	0.0	0.0	0.0	0.0	0.0	0.0	0.0	0.0	145.86206896551727	0.0	0.03955068	-0.03027336	1.021298655	3.4640199999999997	0.13734	0.3815	3290615.0	1776544971.671444	0.0	1.0	-1.0	-1.0	-1.0	-1.0	-1.0	-1.0	-1.0	-1.0	0.0	marker	peace	Peace	25	0418
-68524.33499999999	-55413.765	-104700.78	-18530.01	0.0	0.0	0.0	0.0	0.0	0.0	0.0	0.0	0.0	0.0	0.0	0.0	0.0	0.0	145.86206896551727	0.0	0.03955068	-0.03027336	1.021298655	3.4640199999999997	0.13734	0.3815	3290616.0	1776544971.671456	0.0	1.0	-1.0	-1.0	-1.0	-1.0	-1.0	-1.0	-1.0	-1.0	0.0	marker	peace	Peace	25	0418
-68514.66	-55401.795	-104694.61499999999	-18524.7	0.0	0.0	0.0	0.0	0.0	0.0	0.0	0.0	0.0	0.0	0.0	0.0	0.0	0.0	145.86206896551727	0.0	0.04162587	-0.031555095	1.020444165	4.9900199999999995	-0.19838	-0.12208	3290617.0	1776544971.675543	0.0	1.0	-1.0	-1.0	-1.0	-1.0	-1.0	-1.0	-1.0	-1.0	0.0	marker	peace	Peace	25	0418
-68577.705	-55406.744999999995	-104740.2	-18577.079999999998	0.0	0.0	0.0	0.0	0.0	0.0	0.0	0.0	0.0	0.0	0.0	0.0	0.0	0.0	145.86206896551727	0.0	0.04162587	-0.031555095	1.020444165	4.9900199999999995	-0.19838	-0.12208	3290618.0	1776544971.675575	0.0	1.0	-1.0	-1.0	-1.0	-1.0	-1.0	-1.0	-1.0	-1.0	0.0	marker	peace	Peace	25	0418
-68619.645	-55414.799999999996	-104768.955	-18612.36	0.0	0.0	0.0	0.0	0.0	0.0	0.0	0.0	0.0	0.0	0.0	0.0	0.0	0.0	145.86206896551727	0.0	0.04162587	-0.031555095	1.020444165	4.9900199999999995	-0.19838	-0.12208	3290619.0	1776544971.679571	0.0	1.0	-1.0	-1.0	-1.0	-1.0	-1.0	-1.0	-1.0	-1.0	0.0	marker	peace	Peace	25	0418
-68598.94499999999	-55399.68	-104798.43	-18604.17	0.0	0.0	0.0	0.0	0.0	0.0	0.0	0.0	0.0	0.0	0.0	0.0	0.0	0.0	145.86206896551727	0.0	0.04162587	-0.031555095	1.020444165	4.9900199999999995	-0.19838	-0.12208	3290620.0	1776544971.679586	0.0	1.0	-1.0	-1.0	-1.0	-1.0	-1.0	-1.0	-1.0	-1.0	0.0	marker	peace	Peace	25	0418
-68588.505	-55389.78	-104802.075	-18602.55	0.0	0.0	0.0	0.0	0.0	0.0	0.0	0.0	0.0	0.0	0.0	0.0	0.0	0.0	145.86206896551727	0.0	0.04162587	-0.031555095	1.020444165	4.9900199999999995	-0.19838	-0.12208	3290621.0	1776544971.683603	0.0	1.0	-1.0	-1.0	-1.0	-1.0	-1.0	-1.0	-1.0	-1.0	0.0	marker	peace	Peace	25	0418
-68582.655	-55390.994999999995	-104765.805	-18588.96	0.0	0.0	0.0	0.0	0.0	0.0	0.0	0.0	0.0	0.0	0.0	0.0	0.0	0.0	145.86206896551727	0.0	0.04162587	-0.031555095	1.020444165	4.9900199999999995	-0.19838	-0.12208	3290622.0	1776544971.683621	0.0	1.0	-1.0	-1.0	-1.0	-1.0	-1.0	-1.0	-1.0	-1.0	0.0	marker	peace	Peace	25	0418
-68585.985	-55384.829999999994	-104760.09	-18589.95	0.0	0.0	0.0	0.0	0.0	0.0	0.0	0.0	0.0	0.0	0.0	0.0	0.0	0.0	145.86206896551727	0.0	0.04162587	-0.031555095	1.020444165	4.9900199999999995	-0.19838	-0.12208	3290623.0	1776544971.689577	0.0	1.0	-1.0	-1.0	-1.0	-1.0	-1.0	-1.0	-1.0	-1.0	0.0	marker	peace	Peace	25	0418
-68566.005	-55393.604999999996	-104756.48999999999	-18578.79	0.0	0.0	0.0	0.0	0.0	0.0	0.0	0.0	0.0	0.0	0.0	0.0	0.0	0.0	145.86206896551727	0.0	0.04162587	-0.031555095	1.020444165	4.9900199999999995	-0.19838	-0.12208	3290624.0	1776544971.689589	0.0	1.0	-1.0	-1.0	-1.0	-1.0	-1.0	-1.0	-1.0	-1.0	0.0	marker	peace	Peace	25	0418
-68504.48999999999	-55395.9	-104693.265	-18516.69	0.0	0.0	0.0	0.0	0.0	0.0	0.0	0.0	0.0	0.0	0.0	0.0	0.0	0.0	145.86206896551727	0.0	0.04162587	-0.031555095	1.020444165	4.9900199999999995	-0.19838	-0.12208	3290625.0	1776544971.691539	0.0	1.0	-1.0	-1.0	-1.0	-1.0	-1.0	-1.0	-1.0	-1.0	0.0	marker	peace	Peace	25	0418
-68489.28	-55387.395	-104670.315	-18496.98	0.0	0.0	0.0	0.0	0.0	0.0	0.0	0.0	0.0	0.0	0.0	0.0	0.0	0.0	145.86206896551727	0.0	0.04162587	-0.031555095	1.020444165	4.9900199999999995	-0.19838	-0.12208	3290626.0	1776544971.691553	0.0	1.0	-1.0	-1.0	-1.0	-1.0	-1.0	-1.0	-1.0	-1.0	0.0	marker	peace	Peace	25	0418
-68526.675	-55377.045	-104715.98999999999	-18537.704999999998	0.0	0.0	0.0	0.0	0.0	0.0	0.0	0.0	0.0	0.0	0.0	0.0	0.0	0.0	145.86206896551727	0.0	0.04333485	-0.02783196	1.01720931	3.0977799999999998	0.18312	0.10682	3290627.0	1776544971.695878	0.0	1.0	-1.0	-1.0	-1.0	-1.0	-1.0	-1.0	-1.0	-1.0	0.0	marker	peace	Peace	25	0418
-68598.045	-55368.045	-104760.26999999999	-18597.96	0.0	0.0	0.0	0.0	0.0	0.0	0.0	0.0	0.0	0.0	0.0	0.0	0.0	0.0	145.86206896551727	0.0	0.04333485	-0.02783196	1.01720931	3.0977799999999998	0.18312	0.10682	3290628.0	1776544971.695891	0.0	1.0	-1.0	-1.0	-1.0	-1.0	-1.0	-1.0	-1.0	-1.0	0.0	marker	peace	Peace	25	0418
-68612.84999999999	-55357.064999999995	-104792.04	-18630.045	0.0	0.0	0.0	0.0	0.0	0.0	0.0	0.0	0.0	0.0	0.0	0.0	0.0	0.0	145.86206896551727	0.0	0.04333485	-0.02783196	1.01720931	3.0977799999999998	0.18312	0.10682	3290629.0	1776544971.699657	0.0	1.0	-1.0	-1.0	-1.0	-1.0	-1.0	-1.0	-1.0	-1.0	0.0	marker	peace	Peace	25	0418
-68578.69499999999	-55346.625	-104783.58	-18590.94	0.0	0.0	0.0	0.0	0.0	0.0	0.0	0.0	0.0	0.0	0.0	0.0	0.0	0.0	145.86206896551727	0.0	0.04333485	-0.02783196	1.01720931	3.0977799999999998	0.18312	0.10682	3290630.0	1776544971.699686	0.0	1.0	-1.0	-1.0	-1.0	-1.0	-1.0	-1.0	-1.0	-1.0	0.0	marker	peace	Peace	25	0418
-68560.83	-55353.555	-104761.75499999999	-18573.885	0.0	0.0	0.0	0.0	0.0	0.0	0.0	0.0	0.0	0.0	0.0	0.0	0.0	0.0	145.86206896551727	0.0	0.04333485	-0.02783196	1.01720931	3.0977799999999998	0.18312	0.10682	3290631.0	1776544971.70389	0.0	1.0	-1.0	-1.0	-1.0	-1.0	-1.0	-1.0	-1.0	-1.0	0.0	marker	peace	Peace	25	0418
-68545.395	-55362.555	-104735.565	-18560.565	0.0	0.0	0.0	0.0	0.0	0.0	0.0	0.0	0.0	0.0	0.0	0.0	0.0	0.0	145.86206896551727	0.0	0.04333485	-0.02783196	1.01720931	3.0977799999999998	0.18312	0.10682	3290632.0	1776544971.703929	0.0	1.0	-1.0	-1.0	-1.0	-1.0	-1.0	-1.0	-1.0	-1.0	0.0	marker	peace	Peace	25	0418
-68529.42	-55366.829999999994	-104709.69	-18536.04	0.0	0.0	0.0	0.0	0.0	0.0	0.0	0.0	0.0	0.0	0.0	0.0	0.0	0.0	145.86206896551727	0.0	0.04333485	-0.02783196	1.01720931	3.0977799999999998	0.18312	0.10682	3290633.0	1776544971.707577	0.0	1.0	-1.0	-1.0	-1.0	-1.0	-1.0	-1.0	-1.0	-1.0	0.0	marker	peace	Peace	25	0418
-68522.625	-55374.03	-104698.125	-18524.52	0.0	0.0	0.0	0.0	0.0	0.0	0.0	0.0	0.0	0.0	0.0	0.0	0.0	0.0	145.86206896551727	0.0	0.04333485	-0.02783196	1.01720931	3.0977799999999998	0.18312	0.10682	3290634.0	1776544971.70759	0.0	1.0	-1.0	-1.0	-1.0	-1.0	-1.0	-1.0	-1.0	-1.0	0.0	marker	peace	Peace	25	0418
-68555.11499999999	-55378.979999999996	-104724.22499999999	-18563.219999999998	0.0	0.0	0.0	0.0	0.0	0.0	0.0	0.0	0.0	0.0	0.0	0.0	0.0	0.0	145.86206896551727	0.0	0.04333485	-0.02783196	1.01720931	3.0977799999999998	0.18312	0.10682	3290635.0	1776544971.711603	0.0	1.0	-1.0	-1.0	-1.0	-1.0	-1.0	-1.0	-1.0	-1.0	0.0	marker	peace	Peace	25	0418
-68574.465	-55378.079999999994	-104734.53	-18579.555	0.0	0.0	0.0	0.0	0.0	0.0	0.0	0.0	0.0	0.0	0.0	0.0	0.0	0.0	145.86206896551727	0.0	0.04333485	-0.02783196	1.01720931	3.0977799999999998	0.18312	0.10682	3290636.0	1776544971.711616	0.0	1.0	-1.0	-1.0	-1.0	-1.0	-1.0	-1.0	-1.0	-1.0	0.0	marker	peace	Peace	25	0418
-68586.48	-55372.905	-104762.745	-18590.67	0.0	0.0	0.0	0.0	0.0	0.0	0.0	0.0	0.0	0.0	0.0	0.0	0.0	0.0	145.86206896551727	0.0	0.04223622	-0.02819817	1.01488998	3.3571999999999997	0.28994	-0.9308599999999999	3290637.0	1776544971.715751	0.0	1.0	-1.0	-1.0	-1.0	-1.0	-1.0	-1.0	-1.0	-1.0	0.0	marker	peace	Peace	25	0418
-68588.19	-55363.409999999996	-104792.985	-18604.934999999998	0.0	0.0	0.0	0.0	0.0	0.0	0.0	0.0	0.0	0.0	0.0	0.0	0.0	0.0	145.86206896551727	0.0	0.04223622	-0.02819817	1.01488998	3.3571999999999997	0.28994	-0.9308599999999999	3290638.0	1776544971.715781	0.0	1.0	-1.0	-1.0	-1.0	-1.0	-1.0	-1.0	-1.0	-1.0	0.0	marker	peace	Peace	25	0418
-68544.09	-55358.055	-104746.275	-18568.079999999998	0.0	0.0	0.0	0.0	0.0	0.0	0.0	0.0	0.0	0.0	0.0	0.0	0.0	0.0	145.86206896551727	0.0	0.04223622	-0.02819817	1.01488998	3.3571999999999997	0.28994	-0.9308599999999999	3290639.0	1776544971.719645	0.0	1.0	-1.0	-1.0	-1.0	-1.0	-1.0	-1.0	-1.0	-1.0	0.0	marker	peace	Peace	25	0418
-68559.165	-55363.365	-104744.7	-18574.515	0.0	0.0	0.0	0.0	0.0	0.0	0.0	0.0	0.0	0.0	0.0	0.0	0.0	0.0	145.86206896551727	0.0	0.04223622	-0.02819817	1.01488998	3.3571999999999997	0.28994	-0.9308599999999999	3290640.0	1776544971.719681	0.0	1.0	-1.0	-1.0	-1.0	-1.0	-1.0	-1.0	-1.0	-1.0	0.0	marker	peace	Peace	25	0418
-68578.92	-55367.415	-104752.575	-18573.21	0.0	0.0	0.0	0.0	0.0	0.0	0.0	0.0	0.0	0.0	0.0	0.0	0.0	0.0	145.86206896551727	0.0	0.04223622	-0.02819817	1.01488998	3.3571999999999997	0.28994	-0.9308599999999999	3290641.0	1776544971.723681	0.0	1.0	-1.0	-1.0	-1.0	-1.0	-1.0	-1.0	-1.0	-1.0	0.0	marker	peace	Peace	25	0418
-68542.785	-55370.025	-104726.06999999999	-18543.645	0.0	0.0	0.0	0.0	0.0	0.0	0.0	0.0	0.0	0.0	0.0	0.0	0.0	0.0	145.86206896551727	0.0	0.04223622	-0.02819817	1.01488998	3.3571999999999997	0.28994	-0.9308599999999999	3290642.0	1776544971.723694	0.0	1.0	-1.0	-1.0	-1.0	-1.0	-1.0	-1.0	-1.0	-1.0	0.0	marker	peace	Peace	25	0418
-68533.47	-55366.155	-104710.95	-18533.25	0.0	0.0	0.0	0.0	0.0	0.0	0.0	0.0	0.0	0.0	0.0	0.0	0.0	0.0	145.86206896551727	0.0	0.04223622	-0.02819817	1.01488998	3.3571999999999997	0.28994	-0.9308599999999999	3290643.0	1776544971.730259	0.0	1.0	-1.0	-1.0	-1.0	-1.0	-1.0	-1.0	-1.0	-1.0	0.0	marker	peace	Peace	25	0418
-68550.165	-55357.965	-104727.465	-18551.385	0.0	0.0	0.0	0.0	0.0	0.0	0.0	0.0	0.0	0.0	0.0	0.0	0.0	0.0	145.86206896551727	0.0	0.04223622	-0.02819817	1.01488998	3.3571999999999997	0.28994	-0.9308599999999999	3290644.0	1776544971.730284	0.0	1.0	-1.0	-1.0	-1.0	-1.0	-1.0	-1.0	-1.0	-1.0	0.0	marker	peace	Peace	25	0418
-68558.805	-55349.82	-104729.265	-18563.805	0.0	0.0	0.0	0.0	0.0	0.0	0.0	0.0	0.0	0.0	0.0	0.0	0.0	0.0	145.86206896551727	0.0	0.04223622	-0.02819817	1.01488998	3.3571999999999997	0.28994	-0.9308599999999999	3290645.0	1776544971.731659	0.0	1.0	-1.0	-1.0	-1.0	-1.0	-1.0	-1.0	-1.0	-1.0	0.0	marker	peace	Peace	25	0418
-68560.155	-55352.025	-104735.87999999999	-18577.98	0.0	0.0	0.0	0.0	0.0	0.0	0.0	0.0	0.0	0.0	0.0	0.0	0.0	0.0	145.86206896551727	0.0	0.04223622	-0.02819817	1.01488998	3.3571999999999997	0.28994	-0.9308599999999999	3290646.0	1776544971.731679	0.0	1.0	-1.0	-1.0	-1.0	-1.0	-1.0	-1.0	-1.0	-1.0	0.0	marker	peace	Peace	25	0418
-68520.19499999999	-55348.74	-104726.11499999999	-18555.03	0.0	0.0	0.0	0.0	0.0	0.0	0.0	0.0	0.0	0.0	0.0	0.0	0.0	0.0	145.86206896551727	0.0	0.04235829	-0.027892995	1.014951015	3.17408	0.35097999999999996	-0.4578	3290647.0	1776544971.735723	0.0	1.0	-1.0	-1.0	-1.0	-1.0	-1.0	-1.0	-1.0	-1.0	0.0	marker	peace	Peace	25	0418
-68576.44499999999	-55354.365	-104777.415	-18590.489999999998	0.0	0.0	0.0	0.0	0.0	0.0	0.0	0.0	0.0	0.0	0.0	0.0	0.0	0.0	145.86206896551727	0.0	0.04235829	-0.027892995	1.014951015	3.17408	0.35097999999999996	-0.4578	3290648.0	1776544971.73575	0.0	1.0	-1.0	-1.0	-1.0	-1.0	-1.0	-1.0	-1.0	-1.0	0.0	marker	peace	Peace	25	0418
-68571.765	-55367.1	-104744.51999999999	-18575.82	0.0	0.0	0.0	0.0	0.0	0.0	0.0	0.0	0.0	0.0	0.0	0.0	0.0	0.0	145.86206896551727	0.0	0.04235829	-0.027892995	1.014951015	3.17408	0.35097999999999996	-0.4578	3290649.0	1776544971.739719	0.0	1.0	-1.0	-1.0	-1.0	-1.0	-1.0	-1.0	-1.0	-1.0	0.0	marker	peace	Peace	25	0418
-68565.015	-55370.295	-104716.62	-18558.045	0.0	0.0	0.0	0.0	0.0	0.0	0.0	0.0	0.0	0.0	0.0	0.0	0.0	0.0	145.86206896551727	0.0	0.04235829	-0.027892995	1.014951015	3.17408	0.35097999999999996	-0.4578	3290650.0	1776544971.739731	0.0	1.0	-1.0	-1.0	-1.0	-1.0	-1.0	-1.0	-1.0	-1.0	0.0	marker	peace	Peace	25	0418
-68574.33	-55383.975	-104725.485	-18561.555	0.0	0.0	0.0	0.0	0.0	0.0	0.0	0.0	0.0	0.0	0.0	0.0	0.0	0.0	145.86206896551727	0.0	0.04235829	-0.027892995	1.014951015	3.17408	0.35097999999999996	-0.4578	3290651.0	1776544971.743714	0.0	1.0	-1.0	-1.0	-1.0	-1.0	-1.0	-1.0	-1.0	-1.0	0.0	marker	peace	Peace	25	0418
-68566.59	-55434.42	-104755.40999999999	-18569.16	0.0	0.0	0.0	0.0	0.0	0.0	0.0	0.0	0.0	0.0	0.0	0.0	0.0	0.0	145.86206896551727	0.0	0.04235829	-0.027892995	1.014951015	3.17408	0.35097999999999996	-0.4578	3290652.0	1776544971.743728	0.0	1.0	-1.0	-1.0	-1.0	-1.0	-1.0	-1.0	-1.0	-1.0	0.0	marker	peace	Peace	25	0418
-68562.765	-55446.165	-104751.62999999999	-18568.485	0.0	0.0	0.0	0.0	0.0	0.0	0.0	0.0	0.0	0.0	0.0	0.0	0.0	0.0	145.86206896551727	0.0	0.04235829	-0.027892995	1.014951015	3.17408	0.35097999999999996	-0.4578	3290653.0	1776544971.751501	0.0	1.0	-1.0	-1.0	-1.0	-1.0	-1.0	-1.0	-1.0	-1.0	0.0	marker	peace	Peace	25	0418
-68572.08	-55442.744999999995	-104756.48999999999	-18582.165	0.0	0.0	0.0	0.0	0.0	0.0	0.0	0.0	0.0	0.0	0.0	0.0	0.0	0.0	145.86206896551727	0.0	0.04235829	-0.027892995	1.014951015	3.17408	0.35097999999999996	-0.4578	3290654.0	1776544971.751515	0.0	1.0	-1.0	-1.0	-1.0	-1.0	-1.0	-1.0	-1.0	-1.0	0.0	marker	peace	Peace	25	0418
-68553.72	-55443.284999999996	-104729.89499999999	-18563.67	0.0	0.0	0.0	0.0	0.0	0.0	0.0	0.0	0.0	0.0	0.0	0.0	0.0	0.0	145.86206896551727	0.0	0.04235829	-0.027892995	1.014951015	3.17408	0.35097999999999996	-0.4578	3290655.0	1776544971.751536	0.0	1.0	-1.0	-1.0	-1.0	-1.0	-1.0	-1.0	-1.0	-1.0	0.0	marker	peace	Peace	25	0418
-68503.905	-55445.67	-104696.64	-18513.18	0.0	0.0	0.0	0.0	0.0	0.0	0.0	0.0	0.0	0.0	0.0	0.0	0.0	0.0	145.86206896551727	0.0	0.04235829	-0.027892995	1.014951015	3.17408	0.35097999999999996	-0.4578	3290656.0	1776544971.751544	0.0	1.0	-1.0	-1.0	-1.0	-1.0	-1.0	-1.0	-1.0	-1.0	0.0	marker	peace	Peace	25	0418
-68515.875	-55463.759999999995	-104717.34	-18520.38	0.0	0.0	0.0	0.0	0.0	0.0	0.0	0.0	0.0	0.0	0.0	0.0	0.0	0.0	145.86206896551727	0.0	0.04370106	-0.02722161	1.01574447	2.9757	0.65618	-0.79352	3290657.0	1776544971.755995	0.0	1.0	-1.0	-1.0	-1.0	-1.0	-1.0	-1.0	-1.0	-1.0	0.0	marker	peace	Peace	25	0418
-68546.205	-55472.534999999996	-104741.19	-18558.18	0.0	0.0	0.0	0.0	0.0	0.0	0.0	0.0	0.0	0.0	0.0	0.0	0.0	0.0	145.86206896551727	0.0	0.04370106	-0.02722161	1.01574447	2.9757	0.65618	-0.79352	3290658.0	1776544971.756021	0.0	1.0	-1.0	-1.0	-1.0	-1.0	-1.0	-1.0	-1.0	-1.0	0.0	marker	peace	Peace	25	0418
-68544.045	-55470.104999999996	-104744.565	-18572.67	0.0	0.0	0.0	0.0	0.0	0.0	0.0	0.0	0.0	0.0	0.0	0.0	0.0	0.0	145.86206896551727	0.0	0.04370106	-0.02722161	1.01574447	2.9757	0.65618	-0.79352	3290659.0	1776544971.764575	0.0	1.0	-1.0	-1.0	-1.0	-1.0	-1.0	-1.0	-1.0	-1.0	0.0	marker	peace	Peace	25	0418
-68560.155	-55469.34	-104741.73	-18564.975	0.0	0.0	0.0	0.0	0.0	0.0	0.0	0.0	0.0	0.0	0.0	0.0	0.0	0.0	145.86206896551727	0.0	0.04370106	-0.02722161	1.01574447	2.9757	0.65618	-0.79352	3290660.0	1776544971.764599	0.0	1.0	-1.0	-1.0	-1.0	-1.0	-1.0	-1.0	-1.0	-1.0	0.0	marker	peace	Peace	25	0418
-68578.83	-55458.765	-104742.09	-18557.01	0.0	0.0	0.0	0.0	0.0	0.0	0.0	0.0	0.0	0.0	0.0	0.0	0.0	0.0	145.86206896551727	0.0	0.04370106	-0.02722161	1.01574447	2.9757	0.65618	-0.79352	3290661.0	1776544971.76462	0.0	1.0	-1.0	-1.0	-1.0	-1.0	-1.0	-1.0	-1.0	-1.0	0.0	marker	peace	Peace	25	0418
-68557.995	-55454.534999999996	-104725.08	-18559.844999999998	0.0	0.0	0.0	0.0	0.0	0.0	0.0	0.0	0.0	0.0	0.0	0.0	0.0	0.0	145.86206896551727	0.0	0.04370106	-0.02722161	1.01574447	2.9757	0.65618	-0.79352	3290662.0	1776544971.764628	0.0	1.0	-1.0	-1.0	-1.0	-1.0	-1.0	-1.0	-1.0	-1.0	0.0	marker	peace	Peace	25	0418
-68581.89	-55459.305	-104717.655	-18572.489999999998	0.0	0.0	0.0	0.0	0.0	0.0	0.0	0.0	0.0	0.0	0.0	0.0	0.0	0.0	145.86206896551727	0.0	0.04370106	-0.02722161	1.01574447	2.9757	0.65618	-0.79352	3290663.0	1776544971.772532	0.0	1.0	-1.0	-1.0	-1.0	-1.0	-1.0	-1.0	-1.0	-1.0	0.0	marker	peace	Peace	25	0418
-68571.765	-55464.299999999996	-104709.33	-18576.18	0.0	0.0	0.0	0.0	0.0	0.0	0.0	0.0	0.0	0.0	0.0	0.0	0.0	0.0	145.86206896551727	0.0	0.04370106	-0.02722161	1.01574447	2.9757	0.65618	-0.79352	3290664.0	1776544971.77255	0.0	1.0	-1.0	-1.0	-1.0	-1.0	-1.0	-1.0	-1.0	-1.0	0.0	marker	peace	Peace	25	0418
-68574.015	-55468.89	-104762.295	-18585.135	0.0	0.0	0.0	0.0	0.0	0.0	0.0	0.0	0.0	0.0	0.0	0.0	0.0	0.0	145.86206896551727	0.0	0.04370106	-0.02722161	1.01574447	2.9757	0.65618	-0.79352	3290665.0	1776544971.772566	0.0	1.0	-1.0	-1.0	-1.0	-1.0	-1.0	-1.0	-1.0	-1.0	0.0	marker	peace	Peace	25	0418
-68562.27	-55478.43	-104780.7	-18577.125	0.0	0.0	0.0	0.0	0.0	0.0	0.0	0.0	0.0	0.0	0.0	0.0	0.0	0.0	145.86206896551727	0.0	0.04370106	-0.02722161	1.01574447	2.9757	0.65618	-0.79352	3290666.0	1776544971.772573	0.0	1.0	-1.0	-1.0	-1.0	-1.0	-1.0	-1.0	-1.0	-1.0	0.0	marker	peace	Peace	25	0418
-68570.19	-55477.53	-104769.045	-18572.489999999998	0.0	0.0	0.0	0.0	0.0	0.0	0.0	0.0	0.0	0.0	0.0	0.0	0.0	0.0	145.86206896551727	0.0	0.041808975	-0.02954094	1.01623275	3.7386999999999997	0.50358	-0.54936	3290667.0	1776544971.775915	0.0	1.0	-1.0	-1.0	-1.0	-1.0	-1.0	-1.0	-1.0	-1.0	0.0	marker	peace	Peace	25	0418
-68563.08	-55463.22	-104744.06999999999	-18552.42	0.0	0.0	0.0	0.0	0.0	0.0	0.0	0.0	0.0	0.0	0.0	0.0	0.0	0.0	145.86206896551727	0.0	0.041808975	-0.02954094	1.01623275	3.7386999999999997	0.50358	-0.54936	3290668.0	1776544971.775936	0.0	1.0	-1.0	-1.0	-1.0	-1.0	-1.0	-1.0	-1.0	-1.0	0.0	marker	peace	Peace	25	0418
-68512.31999999999	-55454.445	-104670.54	-18505.17	0.0	0.0	0.0	0.0	0.0	0.0	0.0	0.0	0.0	0.0	0.0	0.0	0.0	0.0	145.86206896551727	0.0	0.041808975	-0.02954094	1.01623275	3.7386999999999997	0.50358	-0.54936	3290669.0	1776544971.779938	0.0	1.0	-1.0	-1.0	-1.0	-1.0	-1.0	-1.0	-1.0	-1.0	0.0	marker	peace	Peace	25	0418
-68527.98	-55460.115	-104706.09	-18534.285	0.0	0.0	0.0	0.0	0.0	0.0	0.0	0.0	0.0	0.0	0.0	0.0	0.0	0.0	145.86206896551727	0.0	0.041808975	-0.02954094	1.01623275	3.7386999999999997	0.50358	-0.54936	3290670.0	1776544971.779947	0.0	1.0	-1.0	-1.0	-1.0	-1.0	-1.0	-1.0	-1.0	-1.0	0.0	marker	peace	Peace	25	0418
-68588.325	-55465.29	-104796.315	-18608.625	0.0	0.0	0.0	0.0	0.0	0.0	0.0	0.0	0.0	0.0	0.0	0.0	0.0	0.0	145.86206896551727	0.0	0.041808975	-0.02954094	1.01623275	3.7386999999999997	0.50358	-0.54936	3290671.0	1776544971.783985	0.0	1.0	-1.0	-1.0	-1.0	-1.0	-1.0	-1.0	-1.0	-1.0	0.0	marker	peace	Peace	25	0418
-68594.985	-55477.215	-104801.76	-18607.23	0.0	0.0	0.0	0.0	0.0	0.0	0.0	0.0	0.0	0.0	0.0	0.0	0.0	0.0	145.86206896551727	0.0	0.041808975	-0.02954094	1.01623275	3.7386999999999997	0.50358	-0.54936	3290672.0	1776544971.784012	0.0	1.0	-1.0	-1.0	-1.0	-1.0	-1.0	-1.0	-1.0	-1.0	0.0	marker	peace	Peace	25	0418
-68590.665	-55492.47	-104807.385	-18599.489999999998	0.0	0.0	0.0	0.0	0.0	0.0	0.0	0.0	0.0	0.0	0.0	0.0	0.0	0.0	145.86206896551727	0.0	0.041808975	-0.02954094	1.01623275	3.7386999999999997	0.50358	-0.54936	3290673.0	1776544971.787906	0.0	1.0	-1.0	-1.0	-1.0	-1.0	-1.0	-1.0	-1.0	-1.0	0.0	marker	peace	Peace	25	0418
-68577.48	-55498.905	-104773.995	-18586.215	0.0	0.0	0.0	0.0	0.0	0.0	0.0	0.0	0.0	0.0	0.0	0.0	0.0	0.0	145.86206896551727	0.0	0.041808975	-0.02954094	1.01623275	3.7386999999999997	0.50358	-0.54936	3290674.0	1776544971.787926	0.0	1.0	-1.0	-1.0	-1.0	-1.0	-1.0	-1.0	-1.0	-1.0	0.0	marker	peace	Peace	25	0418
-68562.72	-55500.255	-104709.69	-18552.105	0.0	0.0	0.0	0.0	0.0	0.0	0.0	0.0	0.0	0.0	0.0	0.0	0.0	0.0	145.86206896551727	0.0	0.041808975	-0.02954094	1.01623275	3.7386999999999997	0.50358	-0.54936	3290675.0	1776544971.798339	0.0	1.0	-1.0	-1.0	-1.0	-1.0	-1.0	-1.0	-1.0	-1.0	0.0	marker	peace	Peace	25	0418
-68535.81	-55496.52	-104679.81	-18527.13	0.0	0.0	0.0	0.0	0.0	0.0	0.0	0.0	0.0	0.0	0.0	0.0	0.0	0.0	145.86206896551727	0.0	0.041808975	-0.02954094	1.01623275	3.7386999999999997	0.50358	-0.54936	3290676.0	1776544971.798362	0.0	1.0	-1.0	-1.0	-1.0	-1.0	-1.0	-1.0	-1.0	-1.0	0.0	marker	peace	Peace	25	0418
-68548.545	-55492.74	-104731.29	-18559.844999999998	0.0	0.0	0.0	0.0	0.0	0.0	0.0	0.0	0.0	0.0	0.0	0.0	0.0	0.0	145.86206896551727	0.0	0.04235829	-0.02697747	1.016537925	3.0825199999999997	0.25942	-0.44254	3290677.0	1776544971.798373	0.0	1.0	-1.0	-1.0	-1.0	-1.0	-1.0	-1.0	-1.0	-1.0	0.0	marker	peace	Peace	25	0418
-68568.03	-55484.909999999996	-104766.25499999999	-18579.42	0.0	0.0	0.0	0.0	0.0	0.0	0.0	0.0	0.0	0.0	0.0	0.0	0.0	0.0	145.86206896551727	0.0	0.04235829	-0.02697747	1.016537925	3.0825199999999997	0.25942	-0.44254	3290678.0	1776544971.798378	0.0	1.0	-1.0	-1.0	-1.0	-1.0	-1.0	-1.0	-1.0	-1.0	0.0	marker	peace	Peace	25	0418
-68566.545	-55512.63	-104763.33	-18575.145	0.0	0.0	0.0	0.0	0.0	0.0	0.0	0.0	0.0	0.0	0.0	0.0	0.0	0.0	145.86206896551727	0.0	0.04235829	-0.02697747	1.016537925	3.0825199999999997	0.25942	-0.44254	3290679.0	1776544971.80008	0.0	1.0	-1.0	-1.0	-1.0	-1.0	-1.0	-1.0	-1.0	-1.0	0.0	marker	peace	Peace	25	0418
-68583.42	-55548.765	-104784.93	-18593.055	0.0	0.0	0.0	0.0	0.0	0.0	0.0	0.0	0.0	0.0	0.0	0.0	0.0	0.0	145.86206896551727	0.0	0.04235829	-0.02697747	1.016537925	3.0825199999999997	0.25942	-0.44254	3290680.0	1776544971.800096	0.0	1.0	-1.0	-1.0	-1.0	-1.0	-1.0	-1.0	-1.0	-1.0	0.0	marker	peace	Peace	25	0418
-68559.3	-55562.085	-104755.455	-18574.155	0.0	0.0	0.0	0.0	0.0	0.0	0.0	0.0	0.0	0.0	0.0	0.0	0.0	0.0	145.86206896551727	0.0	0.04235829	-0.02697747	1.016537925	3.0825199999999997	0.25942	-0.44254	3290681.0	1776544971.803996	0.0	1.0	-1.0	-1.0	-1.0	-1.0	-1.0	-1.0	-1.0	-1.0	0.0	marker	peace	Peace	25	0418
-68499.94499999999	-55567.575	-104686.56	-18516.78	0.0	0.0	0.0	0.0	0.0	0.0	0.0	0.0	0.0	0.0	0.0	0.0	0.0	0.0	145.86206896551727	0.0	0.04235829	-0.02697747	1.016537925	3.0825199999999997	0.25942	-0.44254	3290682.0	1776544971.804005	0.0	1.0	-1.0	-1.0	-1.0	-1.0	-1.0	-1.0	-1.0	-1.0	0.0	marker	peace	Peace	25	0418
-68508.54	-55568.34	-104685.165	-18517.32	0.0	0.0	0.0	0.0	0.0	0.0	0.0	0.0	0.0	0.0	0.0	0.0	0.0	0.0	145.86206896551727	0.0	0.04235829	-0.02697747	1.016537925	3.0825199999999997	0.25942	-0.44254	3290683.0	1776544971.808045	0.0	1.0	-1.0	-1.0	-1.0	-1.0	-1.0	-1.0	-1.0	-1.0	0.0	marker	peace	Peace	25	0418
-68507.19	-55570.229999999996	-104682.23999999999	-18523.485	0.0	0.0	0.0	0.0	0.0	0.0	0.0	0.0	0.0	0.0	0.0	0.0	0.0	0.0	145.86206896551727	0.0	0.04235829	-0.02697747	1.016537925	3.0825199999999997	0.25942	-0.44254	3290684.0	1776544971.808051	0.0	1.0	-1.0	-1.0	-1.0	-1.0	-1.0	-1.0	-1.0	-1.0	0.0	marker	peace	Peace	25	0418
-68580.58499999999	-55574.729999999996	-104769.94499999999	-18601.829999999998	0.0	0.0	0.0	0.0	0.0	0.0	0.0	0.0	0.0	0.0	0.0	0.0	0.0	0.0	145.86206896551727	0.0	0.04235829	-0.02697747	1.016537925	3.0825199999999997	0.25942	-0.44254	3290685.0	1776544971.812146	0.0	1.0	-1.0	-1.0	-1.0	-1.0	-1.0	-1.0	-1.0	-1.0	0.0	marker	peace	Peace	25	0418
-68587.65	-55575.72	-104773.00499999999	-18590.219999999998	0.0	0.0	0.0	0.0	0.0	0.0	0.0	0.0	0.0	0.0	0.0	0.0	0.0	0.0	145.86206896551727	0.0	0.04235829	-0.02697747	1.016537925	3.0825199999999997	0.25942	-0.44254	3290686.0	1776544971.81216	0.0	1.0	-1.0	-1.0	-1.0	-1.0	-1.0	-1.0	-1.0	-1.0	0.0	marker	peace	Peace	25	0418
-68527.395	-55568.88	-104701.31999999999	-18531.27	0.0	0.0	0.0	0.0	0.0	0.0	0.0	0.0	0.0	0.0	0.0	0.0	0.0	0.0	145.86206896551727	0.0	0.042602430000000004	-0.027038505	1.01659896	2.8994	0.51884	0.15259999999999999	3290687.0	1776544971.816104	0.0	1.0	-1.0	-1.0	-1.0	-1.0	-1.0	-1.0	-1.0	-1.0	0.0	marker	peace	Peace	25	0418
-68579.73	-55580.534999999996	-104754.28499999999	-18574.38	0.0	0.0	0.0	0.0	0.0	0.0	0.0	0.0	0.0	0.0	0.0	0.0	0.0	0.0	145.86206896551727	0.0	0.042602430000000004	-0.027038505	1.01659896	2.8994	0.51884	0.15259999999999999	3290688.0	1776544971.81611	0.0	1.0	-1.0	-1.0	-1.0	-1.0	-1.0	-1.0	-1.0	-1.0	0.0	marker	peace	Peace	25	0418
-68571.675	-55592.415	-104761.125	-18569.925	0.0	0.0	0.0	0.0	0.0	0.0	0.0	0.0	0.0	0.0	0.0	0.0	0.0	0.0	145.86206896551727	0.0	0.042602430000000004	-0.027038505	1.01659896	2.8994	0.51884	0.15259999999999999	3290689.0	1776544971.820088	0.0	1.0	-1.0	-1.0	-1.0	-1.0	-1.0	-1.0	-1.0	-1.0	0.0	marker	peace	Peace	25	0418
-68549.985	-55602.09	-104726.61	-18552.465	0.0	0.0	0.0	0.0	0.0	0.0	0.0	0.0	0.0	0.0	0.0	0.0	0.0	0.0	145.86206896551727	0.0	0.042602430000000004	-0.027038505	1.01659896	2.8994	0.51884	0.15259999999999999	3290690.0	1776544971.820093	0.0	1.0	-1.0	-1.0	-1.0	-1.0	-1.0	-1.0	-1.0	-1.0	0.0	marker	peace	Peace	25	0418
-68553.54	-55609.244999999995	-104720.76	-18551.34	0.0	0.0	0.0	0.0	0.0	0.0	0.0	0.0	0.0	0.0	0.0	0.0	0.0	0.0	145.86206896551727	0.0	0.042602430000000004	-0.027038505	1.01659896	2.8994	0.51884	0.15259999999999999	3290691.0	1776544971.825674	0.0	1.0	-1.0	-1.0	-1.0	-1.0	-1.0	-1.0	-1.0	-1.0	0.0	marker	peace	Peace	25	0418
-68548.635	-55614.465	-104710.40999999999	-18553.59	0.0	0.0	0.0	0.0	0.0	0.0	0.0	0.0	0.0	0.0	0.0	0.0	0.0	0.0	145.86206896551727	0.0	0.042602430000000004	-0.027038505	1.01659896	2.8994	0.51884	0.15259999999999999	3290692.0	1776544971.825686	0.0	1.0	-1.0	-1.0	-1.0	-1.0	-1.0	-1.0	-1.0	-1.0	0.0	marker	peace	Peace	25	0418
-68523.885	-55618.47	-104682.33	-18545.445	0.0	0.0	0.0	0.0	0.0	0.0	0.0	0.0	0.0	0.0	0.0	0.0	0.0	0.0	145.86206896551727	0.0	0.042602430000000004	-0.027038505	1.01659896	2.8994	0.51884	0.15259999999999999	3290693.0	1776544971.828176	0.0	1.0	-1.0	-1.0	-1.0	-1.0	-1.0	-1.0	-1.0	-1.0	0.0	marker	peace	Peace	25	0418
-68532.66	-55613.475	-104699.34	-18532.665	0.0	0.0	0.0	0.0	0.0	0.0	0.0	0.0	0.0	0.0	0.0	0.0	0.0	0.0	145.86206896551727	0.0	0.042602430000000004	-0.027038505	1.01659896	2.8994	0.51884	0.15259999999999999	3290694.0	1776544971.828182	0.0	1.0	-1.0	-1.0	-1.0	-1.0	-1.0	-1.0	-1.0	-1.0	0.0	marker	peace	Peace	25	0418
-68568.255	-55612.53	-104752.34999999999	-18546.075	0.0	0.0	0.0	0.0	0.0	0.0	0.0	0.0	0.0	0.0	0.0	0.0	0.0	0.0	145.86206896551727	0.0	0.042602430000000004	-0.027038505	1.01659896	2.8994	0.51884	0.15259999999999999	3290695.0	1776544971.833322	0.0	1.0	-1.0	-1.0	-1.0	-1.0	-1.0	-1.0	-1.0	-1.0	0.0	marker	peace	Peace	25	0418
-68565.555	-55607.22	-104759.86499999999	-18574.785	0.0	0.0	0.0	0.0	0.0	0.0	0.0	0.0	0.0	0.0	0.0	0.0	0.0	0.0	145.86206896551727	0.0	0.042602430000000004	-0.027038505	1.01659896	2.8994	0.51884	0.15259999999999999	3290696.0	1776544971.833328	0.0	1.0	-1.0	-1.0	-1.0	-1.0	-1.0	-1.0	-1.0	-1.0	0.0	marker	peace	Peace	25	0418
-68566.005	-55609.11	-104759.50499999999	-18579.059999999998	0.0	0.0	0.0	0.0	0.0	0.0	0.0	0.0	0.0	0.0	0.0	0.0	0.0	0.0	145.86206896551727	0.0	0.042053115	-0.028625415	1.01647689	2.8230999999999997	0.39676	-0.48832	3290697.0	1776544971.836174	0.0	1.0	-1.0	-1.0	-1.0	-1.0	-1.0	-1.0	-1.0	-1.0	0.0	marker	peace	Peace	25	0418
-68522.355	-55616.22	-104710.72499999999	-18521.37	0.0	0.0	0.0	0.0	0.0	0.0	0.0	0.0	0.0	0.0	0.0	0.0	0.0	0.0	145.86206896551727	0.0	0.042053115	-0.028625415	1.01647689	2.8230999999999997	0.39676	-0.48832	3290698.0	1776544971.836179	0.0	1.0	-1.0	-1.0	-1.0	-1.0	-1.0	-1.0	-1.0	-1.0	0.0	marker	peace	Peace	25	0418
-68496.39	-55620.9	-104678.28	-18501.48	0.0	0.0	0.0	0.0	0.0	0.0	0.0	0.0	0.0	0.0	0.0	0.0	0.0	0.0	145.86206896551727	0.0	0.042053115	-0.028625415	1.01647689	2.8230999999999997	0.39676	-0.48832	3290699.0	1776544971.840087	0.0	1.0	-1.0	-1.0	-1.0	-1.0	-1.0	-1.0	-1.0	-1.0	0.0	marker	peace	Peace	25	0418
-68544.63	-55625.895	-104724.9	-18554.985	0.0	0.0	0.0	0.0	0.0	0.0	0.0	0.0	0.0	0.0	0.0	0.0	0.0	0.0	145.86206896551727	0.0	0.042053115	-0.028625415	1.01647689	2.8230999999999997	0.39676	-0.48832	3290700.0	1776544971.840092	0.0	1.0	-1.0	-1.0	-1.0	-1.0	-1.0	-1.0	-1.0	-1.0	0.0	marker	peace	Peace	25	0418
-68550.705	-55622.34	-104719.31999999999	-18553.14	0.0	0.0	0.0	0.0	0.0	0.0	0.0	0.0	0.0	0.0	0.0	0.0	0.0	0.0	145.86206896551727	0.0	0.042053115	-0.028625415	1.01647689	2.8230999999999997	0.39676	-0.48832	3290701.0	1776544971.844243	0.0	1.0	-1.0	-1.0	-1.0	-1.0	-1.0	-1.0	-1.0	-1.0	0.0	marker	peace	Peace	25	0418
-68575.05	-55621.755	-104728.59	-18563.085	0.0	0.0	0.0	0.0	0.0	0.0	0.0	0.0	0.0	0.0	0.0	0.0	0.0	0.0	145.86206896551727	0.0	0.042053115	-0.028625415	1.01647689	2.8230999999999997	0.39676	-0.48832	3290702.0	1776544971.844248	0.0	1.0	-1.0	-1.0	-1.0	-1.0	-1.0	-1.0	-1.0	-1.0	0.0	marker	peace	Peace	25	0418
-68591.52	-55612.575	-104753.205	-18581.625	0.0	0.0	0.0	0.0	0.0	0.0	0.0	0.0	0.0	0.0	0.0	0.0	0.0	0.0	145.86206896551727	0.0	0.042053115	-0.028625415	1.01647689	2.8230999999999997	0.39676	-0.48832	3290703.0	1776544971.852669	0.0	1.0	-1.0	-1.0	-1.0	-1.0	-1.0	-1.0	-1.0	-1.0	0.0	marker	peace	Peace	25	0418
-68581.17	-55607.67	-104743.98	-18575.954999999998	0.0	0.0	0.0	0.0	0.0	0.0	0.0	0.0	0.0	0.0	0.0	0.0	0.0	0.0	145.86206896551727	0.0	0.042053115	-0.028625415	1.01647689	2.8230999999999997	0.39676	-0.48832	3290704.0	1776544971.852675	0.0	1.0	-1.0	-1.0	-1.0	-1.0	-1.0	-1.0	-1.0	-1.0	0.0	marker	peace	Peace	25	0418
-68558.76	-55610.775	-104727.64499999999	-18571.454999999998	0.0	0.0	0.0	0.0	0.0	0.0	0.0	0.0	0.0	0.0	0.0	0.0	0.0	0.0	145.86206896551727	0.0	0.042053115	-0.028625415	1.01647689	2.8230999999999997	0.39676	-0.48832	3290705.0	1776544971.852682	0.0	1.0	-1.0	-1.0	-1.0	-1.0	-1.0	-1.0	-1.0	-1.0	0.0	marker	peace	Peace	25	0418
-68542.92	-55619.64	-104719.995	-18547.245	0.0	0.0	0.0	0.0	0.0	0.0	0.0	0.0	0.0	0.0	0.0	0.0	0.0	0.0	145.86206896551727	0.0	0.042053115	-0.028625415	1.01647689	2.8230999999999997	0.39676	-0.48832	3290706.0	1776544971.852687	0.0	1.0	-1.0	-1.0	-1.0	-1.0	-1.0	-1.0	-1.0	-1.0	0.0	marker	peace	Peace	25	0418
-68553.675	-55624.814999999995	-104759.14499999999	-18558.09	0.0	0.0	0.0	0.0	0.0	0.0	0.0	0.0	0.0	0.0	0.0	0.0	0.0	0.0	145.86206896551727	0.0	0.04296864	-0.02697747	1.019345535	3.38772	0.28994	-0.82404	3290707.0	1776544971.85618	0.0	1.0	-1.0	-1.0	-1.0	-1.0	-1.0	-1.0	-1.0	-1.0	0.0	marker	peace	Peace	25	0418
-68560.83	-55626.84	-104756.53499999999	-18571.14	0.0	0.0	0.0	0.0	0.0	0.0	0.0	0.0	0.0	0.0	0.0	0.0	0.0	0.0	145.86206896551727	0.0	0.04296864	-0.02697747	1.019345535	3.38772	0.28994	-0.82404	3290708.0	1776544971.856185	0.0	1.0	-1.0	-1.0	-1.0	-1.0	-1.0	-1.0	-1.0	-1.0	0.0	marker	peace	Peace	25	0418
-68538.915	-55634.265	-104723.73	-18565.515	0.0	0.0	0.0	0.0	0.0	0.0	0.0	0.0	0.0	0.0	0.0	0.0	0.0	0.0	145.86206896551727	0.0	0.04296864	-0.02697747	1.019345535	3.38772	0.28994	-0.82404	3290709.0	1776544971.860239	0.0	1.0	-1.0	-1.0	-1.0	-1.0	-1.0	-1.0	-1.0	-1.0	0.0	marker	peace	Peace	25	0418
-68541.345	-55633.905	-104728.545	-18555.344999999998	0.0	0.0	0.0	0.0	0.0	0.0	0.0	0.0	0.0	0.0	0.0	0.0	0.0	0.0	145.86206896551727	0.0	0.04296864	-0.02697747	1.019345535	3.38772	0.28994	-0.82404	3290710.0	1776544971.860256	0.0	1.0	-1.0	-1.0	-1.0	-1.0	-1.0	-1.0	-1.0	-1.0	0.0	marker	peace	Peace	25	0418
-68585.04	-55629.494999999995	-104786.19	-18579.555	0.0	0.0	0.0	0.0	0.0	0.0	0.0	0.0	0.0	0.0	0.0	0.0	0.0	0.0	145.86206896551727	0.0	0.04296864	-0.02697747	1.019345535	3.38772	0.28994	-0.82404	3290711.0	1776544971.864227	0.0	1.0	-1.0	-1.0	-1.0	-1.0	-1.0	-1.0	-1.0	-1.0	0.0	marker	peace	Peace	25	0418
-68503.005	-55617.255	-104723.64	-18522.135	0.0	0.0	0.0	0.0	0.0	0.0	0.0	0.0	0.0	0.0	0.0	0.0	0.0	0.0	145.86206896551727	0.0	0.04296864	-0.02697747	1.019345535	3.38772	0.28994	-0.82404	3290712.0	1776544971.864232	0.0	1.0	-1.0	-1.0	-1.0	-1.0	-1.0	-1.0	-1.0	-1.0	0.0	marker	peace	Peace	25	0418
-68485.005	-55609.965	-104689.215	-18506.43	0.0	0.0	0.0	0.0	0.0	0.0	0.0	0.0	0.0	0.0	0.0	0.0	0.0	0.0	145.86206896551727	0.0	0.04296864	-0.02697747	1.019345535	3.38772	0.28994	-0.82404	3290713.0	1776544971.868105	0.0	1.0	-1.0	-1.0	-1.0	-1.0	-1.0	-1.0	-1.0	-1.0	0.0	marker	peace	Peace	25	0418
-68632.47	-55626.075	-104806.935	-18634.86	0.0	0.0	0.0	0.0	0.0	0.0	0.0	0.0	0.0	0.0	0.0	0.0	0.0	0.0	145.86206896551727	0.0	0.04296864	-0.02697747	1.019345535	3.38772	0.28994	-0.82404	3290714.0	1776544971.86811	0.0	1.0	-1.0	-1.0	-1.0	-1.0	-1.0	-1.0	-1.0	-1.0	0.0	marker	peace	Peace	25	0418
-68615.86499999999	-55657.17	-104772.825	-18600.704999999998	0.0	0.0	0.0	0.0	0.0	0.0	0.0	0.0	0.0	0.0	0.0	0.0	0.0	0.0	145.86206896551727	0.0	0.04296864	-0.02697747	1.019345535	3.38772	0.28994	-0.82404	3290715.0	1776544971.872154	0.0	1.0	-1.0	-1.0	-1.0	-1.0	-1.0	-1.0	-1.0	-1.0	0.0	marker	peace	Peace	25	0418
-68571.855	-55701.945	-104714.81999999999	-18561.69	0.0	0.0	0.0	0.0	0.0	0.0	0.0	0.0	0.0	0.0	0.0	0.0	0.0	0.0	145.86206896551727	0.0	0.04296864	-0.02697747	1.019345535	3.38772	0.28994	-0.82404	3290716.0	1776544971.872159	0.0	1.0	-1.0	-1.0	-1.0	-1.0	-1.0	-1.0	-1.0	-1.0	0.0	marker	peace	Peace	25	0418
-68570.91	-55710.765	-104723.64	-18551.475	0.0	0.0	0.0	0.0	0.0	0.0	0.0	0.0	0.0	0.0	0.0	0.0	0.0	0.0	145.86206896551727	0.0	0.03857412	-0.028259205	1.019711745	4.07442	-0.19838	-1.0682	3290717.0	1776544971.876201	0.0	1.0	-1.0	-1.0	-1.0	-1.0	-1.0	-1.0	-1.0	-1.0	0.0	marker	peace	Peace	25	0418
-68562.27	-55716.84	-104745.825	-18562.59	0.0	0.0	0.0	0.0	0.0	0.0	0.0	0.0	0.0	0.0	0.0	0.0	0.0	0.0	145.86206896551727	0.0	0.03857412	-0.028259205	1.019711745	4.07442	-0.19838	-1.0682	3290718.0	1776544971.876219	0.0	1.0	-1.0	-1.0	-1.0	-1.0	-1.0	-1.0	-1.0	-1.0	0.0	marker	peace	Peace	25	0418
-68572.26	-55717.92	-104735.745	-18573.48	0.0	0.0	0.0	0.0	0.0	0.0	0.0	0.0	0.0	0.0	0.0	0.0	0.0	0.0	145.86206896551727	0.0	0.03857412	-0.028259205	1.019711745	4.07442	-0.19838	-1.0682	3290719.0	1776544971.88015	0.0	1.0	-1.0	-1.0	-1.0	-1.0	-1.0	-1.0	-1.0	-1.0	0.0	marker	peace	Peace	25	0418
-68540.985	-55715.625	-104723.775	-18551.61	0.0	0.0	0.0	0.0	0.0	0.0	0.0	0.0	0.0	0.0	0.0	0.0	0.0	0.0	145.86206896551727	0.0	0.03857412	-0.028259205	1.019711745	4.07442	-0.19838	-1.0682	3290720.0	1776544971.88017	0.0	1.0	-1.0	-1.0	-1.0	-1.0	-1.0	-1.0	-1.0	-1.0	0.0	marker	peace	Peace	25	0418
-68535.63	-55706.354999999996	-104762.43	-18550.755	0.0	0.0	0.0	0.0	0.0	0.0	0.0	0.0	0.0	0.0	0.0	0.0	0.0	0.0	145.86206896551727	0.0	0.03857412	-0.028259205	1.019711745	4.07442	-0.19838	-1.0682	3290721.0	1776544971.884159	0.0	1.0	-1.0	-1.0	-1.0	-1.0	-1.0	-1.0	-1.0	-1.0	0.0	marker	peace	Peace	25	0418
-68564.83499999999	-55703.34	-104768.235	-18566.37	0.0	0.0	0.0	0.0	0.0	0.0	0.0	0.0	0.0	0.0	0.0	0.0	0.0	0.0	145.86206896551727	0.0	0.03857412	-0.028259205	1.019711745	4.07442	-0.19838	-1.0682	3290722.0	1776544971.884163	0.0	1.0	-1.0	-1.0	-1.0	-1.0	-1.0	-1.0	-1.0	-1.0	0.0	marker	peace	Peace	25	0418
-68567.48999999999	-55703.025	-104747.84999999999	-18565.469999999998	0.0	0.0	0.0	0.0	0.0	0.0	0.0	0.0	0.0	0.0	0.0	0.0	0.0	0.0	145.86206896551727	0.0	0.03857412	-0.028259205	1.019711745	4.07442	-0.19838	-1.0682	3290723.0	1776544971.889605	0.0	1.0	-1.0	-1.0	-1.0	-1.0	-1.0	-1.0	-1.0	-1.0	0.0	marker	peace	Peace	25	0418
-68584.185	-55697.04	-104759.28	-18583.92	0.0	0.0	0.0	0.0	0.0	0.0	0.0	0.0	0.0	0.0	0.0	0.0	0.0	0.0	145.86206896551727	0.0	0.03857412	-0.028259205	1.019711745	4.07442	-0.19838	-1.0682	3290724.0	1776544971.889609	0.0	1.0	-1.0	-1.0	-1.0	-1.0	-1.0	-1.0	-1.0	-1.0	0.0	marker	peace	Peace	25	0418
-68586.255	-55684.619999999995	-104759.55	-18578.43	0.0	0.0	0.0	0.0	0.0	0.0	0.0	0.0	0.0	0.0	0.0	0.0	0.0	0.0	145.86206896551727	0.0	0.03857412	-0.028259205	1.019711745	4.07442	-0.19838	-1.0682	3290725.0	1776544971.892272	0.0	1.0	-1.0	-1.0	-1.0	-1.0	-1.0	-1.0	-1.0	-1.0	0.0	marker	peace	Peace	25	0418
-68574.87	-55680.479999999996	-104755.31999999999	-18571.545	0.0	0.0	0.0	0.0	0.0	0.0	0.0	0.0	0.0	0.0	0.0	0.0	0.0	0.0	145.86206896551727	0.0	0.03857412	-0.028259205	1.019711745	4.07442	-0.19838	-1.0682	3290726.0	1776544971.892276	0.0	1.0	-1.0	-1.0	-1.0	-1.0	-1.0	-1.0	-1.0	-1.0	0.0	marker	peace	Peace	25	0418
-68564.79	-55684.755	-104745.28499999999	-18562.545	0.0	0.0	0.0	0.0	0.0	0.0	0.0	0.0	0.0	0.0	0.0	0.0	0.0	0.0	145.86206896551727	0.0	0.04187001	-0.02832024	1.0173313800000001	3.83026	0.16785999999999998	-0.74774	3290727.0	1776544971.903616	0.0	1.0	-1.0	-1.0	-1.0	-1.0	-1.0	-1.0	-1.0	-1.0	0.0	marker	peace	Peace	25	0418
-68564.79	-55682.235	-104750.37	-18567.045	0.0	0.0	0.0	0.0	0.0	0.0	0.0	0.0	0.0	0.0	0.0	0.0	0.0	0.0	145.86206896551727	0.0	0.04187001	-0.02832024	1.0173313800000001	3.83026	0.16785999999999998	-0.74774	3290728.0	1776544971.90364	0.0	1.0	-1.0	-1.0	-1.0	-1.0	-1.0	-1.0	-1.0	-1.0	0.0	marker	peace	Peace	25	0418
-68555.11499999999	-55675.485	-104757.48	-18575.64	0.0	0.0	0.0	0.0	0.0	0.0	0.0	0.0	0.0	0.0	0.0	0.0	0.0	0.0	145.86206896551727	0.0	0.04187001	-0.02832024	1.0173313800000001	3.83026	0.16785999999999998	-0.74774	3290729.0	1776544971.903661	0.0	1.0	-1.0	-1.0	-1.0	-1.0	-1.0	-1.0	-1.0	-1.0	0.0	marker	peace	Peace	25	0418
-68542.56	-55669.905	-104749.245	-18565.469999999998	0.0	0.0	0.0	0.0	0.0	0.0	0.0	0.0	0.0	0.0	0.0	0.0	0.0	0.0	145.86206896551727	0.0	0.04187001	-0.02832024	1.0173313800000001	3.83026	0.16785999999999998	-0.74774	3290730.0	1776544971.903666	0.0	1.0	-1.0	-1.0	-1.0	-1.0	-1.0	-1.0	-1.0	-1.0	0.0	marker	peace	Peace	25	0418
-68552.01	-55675.305	-104722.155	-18530.82	0.0	0.0	0.0	0.0	0.0	0.0	0.0	0.0	0.0	0.0	0.0	0.0	0.0	0.0	145.86206896551727	0.0	0.04187001	-0.02832024	1.0173313800000001	3.83026	0.16785999999999998	-0.74774	3290731.0	1776544971.904437	0.0	1.0	-1.0	-1.0	-1.0	-1.0	-1.0	-1.0	-1.0	-1.0	0.0	marker	peace	Peace	25	0418
-68584.815	-55679.939999999995	-104750.955	-18570.329999999998	0.0	0.0	0.0	0.0	0.0	0.0	0.0	0.0	0.0	0.0	0.0	0.0	0.0	0.0	145.86206896551727	0.0	0.04187001	-0.02832024	1.0173313800000001	3.83026	0.16785999999999998	-0.74774	3290732.0	1776544971.904453	0.0	1.0	-1.0	-1.0	-1.0	-1.0	-1.0	-1.0	-1.0	-1.0	0.0	marker	peace	Peace	25	0418
-68569.875	-55683.945	-104743.70999999999	-18577.844999999998	0.0	0.0	0.0	0.0	0.0	0.0	0.0	0.0	0.0	0.0	0.0	0.0	0.0	0.0	145.86206896551727	0.0	0.04187001	-0.02832024	1.0173313800000001	3.83026	0.16785999999999998	-0.74774	3290733.0	1776544971.908422	0.0	1.0	-1.0	-1.0	-1.0	-1.0	-1.0	-1.0	-1.0	-1.0	0.0	marker	peace	Peace	25	0418
-68552.37	-55677.689999999995	-104722.29	-18557.684999999998	0.0	0.0	0.0	0.0	0.0	0.0	0.0	0.0	0.0	0.0	0.0	0.0	0.0	0.0	145.86206896551727	0.0	0.04187001	-0.02832024	1.0173313800000001	3.83026	0.16785999999999998	-0.74774	3290734.0	1776544971.908438	0.0	1.0	-1.0	-1.0	-1.0	-1.0	-1.0	-1.0	-1.0	-1.0	0.0	marker	peace	Peace	25	0418
-68560.56	-55673.549999999996	-104722.515	-18551.25	0.0	0.0	0.0	0.0	0.0	0.0	0.0	0.0	0.0	0.0	0.0	0.0	0.0	0.0	145.86206896551727	0.0	0.04187001	-0.02832024	1.0173313800000001	3.83026	0.16785999999999998	-0.74774	3290735.0	1776544971.912474	0.0	1.0	-1.0	-1.0	-1.0	-1.0	-1.0	-1.0	-1.0	-1.0	0.0	marker	peace	Peace	25	0418
-68573.43	-55669.095	-104737.905	-18544.364999999998	0.0	0.0	0.0	0.0	0.0	0.0	0.0	0.0	0.0	0.0	0.0	0.0	0.0	0.0	145.86206896551727	0.0	0.04187001	-0.02832024	1.0173313800000001	3.83026	0.16785999999999998	-0.74774	3290736.0	1776544971.912484	0.0	1.0	-1.0	-1.0	-1.0	-1.0	-1.0	-1.0	-1.0	-1.0	0.0	marker	peace	Peace	25	0418
-68538.42	-55663.604999999996	-104729.53499999999	-18541.215	0.0	0.0	0.0	0.0	0.0	0.0	0.0	0.0	0.0	0.0	0.0	0.0	0.0	0.0	145.86206896551727	0.0	0.042785535	-0.02868645	1.012143405	4.41014	1.15976	-0.10682	3290737.0	1776544971.916294	0.0	1.0	-1.0	-1.0	-1.0	-1.0	-1.0	-1.0	-1.0	-1.0	0.0	marker	peace	Peace	25	0418
-68508.675	-55662.255	-104721.39	-18554.85	0.0	0.0	0.0	0.0	0.0	0.0	0.0	0.0	0.0	0.0	0.0	0.0	0.0	0.0	145.86206896551727	0.0	0.042785535	-0.02868645	1.012143405	4.41014	1.15976	-0.10682	3290738.0	1776544971.91631	0.0	1.0	-1.0	-1.0	-1.0	-1.0	-1.0	-1.0	-1.0	-1.0	0.0	marker	peace	Peace	25	0418
-68552.595	-55663.38	-104756.67	-18585.54	0.0	0.0	0.0	0.0	0.0	0.0	0.0	0.0	0.0	0.0	0.0	0.0	0.0	0.0	145.86206896551727	0.0	0.042785535	-0.02868645	1.012143405	4.41014	1.15976	-0.10682	3290739.0	1776544971.922617	0.0	1.0	-1.0	-1.0	-1.0	-1.0	-1.0	-1.0	-1.0	-1.0	0.0	marker	peace	Peace	25	0418
-68610.105	-55665.674999999996	-104769.405	-18585.989999999998	0.0	0.0	0.0	0.0	0.0	0.0	0.0	0.0	0.0	0.0	0.0	0.0	0.0	0.0	145.86206896551727	0.0	0.042785535	-0.02868645	1.012143405	4.41014	1.15976	-0.10682	3290740.0	1776544971.922632	0.0	1.0	-1.0	-1.0	-1.0	-1.0	-1.0	-1.0	-1.0	-1.0	0.0	marker	peace	Peace	25	0418
-68568.39	-55667.204999999994	-104730.65999999999	-18564.66	0.0	0.0	0.0	0.0	0.0	0.0	0.0	0.0	0.0	0.0	0.0	0.0	0.0	0.0	145.86206896551727	0.0	0.042785535	-0.02868645	1.012143405	4.41014	1.15976	-0.10682	3290741.0	1776544971.924286	0.0	1.0	-1.0	-1.0	-1.0	-1.0	-1.0	-1.0	-1.0	-1.0	0.0	marker	peace	Peace	25	0418
-68571.54	-55675.935	-104737.68	-18580.77	0.0	0.0	0.0	0.0	0.0	0.0	0.0	0.0	0.0	0.0	0.0	0.0	0.0	0.0	145.86206896551727	0.0	0.042785535	-0.02868645	1.012143405	4.41014	1.15976	-0.10682	3290742.0	1776544971.924302	0.0	1.0	-1.0	-1.0	-1.0	-1.0	-1.0	-1.0	-1.0	-1.0	0.0	marker	peace	Peace	25	0418
-68570.37	-55710.81	-104739.97499999999	-18564.524999999998	0.0	0.0	0.0	0.0	0.0	0.0	0.0	0.0	0.0	0.0	0.0	0.0	0.0	0.0	145.86206896551727	0.0	0.042785535	-0.02868645	1.012143405	4.41014	1.15976	-0.10682	3290743.0	1776544971.928465	0.0	1.0	-1.0	-1.0	-1.0	-1.0	-1.0	-1.0	-1.0	-1.0	0.0	marker	peace	Peace	25	0418
-68536.305	-55719.72	-104711.985	-18541.98	0.0	0.0	0.0	0.0	0.0	0.0	0.0	0.0	0.0	0.0	0.0	0.0	0.0	0.0	145.86206896551727	0.0	0.042785535	-0.02868645	1.012143405	4.41014	1.15976	-0.10682	3290744.0	1776544971.928482	0.0	1.0	-1.0	-1.0	-1.0	-1.0	-1.0	-1.0	-1.0	-1.0	0.0	marker	peace	Peace	25	0418
-68524.245	-55716.84	-104671.305	-18524.43	0.0	0.0	0.0	0.0	0.0	0.0	0.0	0.0	0.0	0.0	0.0	0.0	0.0	0.0	145.86206896551727	0.0	0.042785535	-0.02868645	1.012143405	4.41014	1.15976	-0.10682	3290745.0	1776544971.937199	0.0	1.0	-1.0	-1.0	-1.0	-1.0	-1.0	-1.0	-1.0	-1.0	0.0	marker	peace	Peace	25	0418
-68545.89	-55720.17	-104675.76	-18526.68	0.0	0.0	0.0	0.0	0.0	0.0	0.0	0.0	0.0	0.0	0.0	0.0	0.0	0.0	145.86206896551727	0.0	0.042785535	-0.02868645	1.012143405	4.41014	1.15976	-0.10682	3290746.0	1776544971.937216	0.0	1.0	-1.0	-1.0	-1.0	-1.0	-1.0	-1.0	-1.0	-1.0	0.0	marker	peace	Peace	25	0418
-68536.44	-55721.61	-104697.98999999999	-18553.905	0.0	0.0	0.0	0.0	0.0	0.0	0.0	0.0	0.0	0.0	0.0	0.0	0.0	0.0	145.86206896551727	0.0	0.043884165	-0.029479905	1.0094578650000001	4.56274	1.57178	-0.33571999999999996	3290747.0	1776544971.937226	0.0	1.0	-1.0	-1.0	-1.0	-1.0	-1.0	-1.0	-1.0	-1.0	0.0	marker	peace	Peace	25	0418
-68519.205	-55723.814999999995	-104677.73999999999	-18541.98	0.0	0.0	0.0	0.0	0.0	0.0	0.0	0.0	0.0	0.0	0.0	0.0	0.0	0.0	145.86206896551727	0.0	0.043884165	-0.029479905	1.0094578650000001	4.56274	1.57178	-0.33571999999999996	3290748.0	1776544971.937231	0.0	1.0	-1.0	-1.0	-1.0	-1.0	-1.0	-1.0	-1.0	-1.0	0.0	marker	peace	Peace	25	0418
-68540.265	-55741.814999999995	-104684.89499999999	-18536.13	0.0	0.0	0.0	0.0	0.0	0.0	0.0	0.0	0.0	0.0	0.0	0.0	0.0	0.0	145.86206896551727	0.0	0.043884165	-0.029479905	1.0094578650000001	4.56274	1.57178	-0.33571999999999996	3290749.0	1776544971.940419	0.0	1.0	-1.0	-1.0	-1.0	-1.0	-1.0	-1.0	-1.0	-1.0	0.0	marker	peace	Peace	25	0418
-68567.22	-55748.34	-104730.39	-18580.32	0.0	0.0	0.0	0.0	0.0	0.0	0.0	0.0	0.0	0.0	0.0	0.0	0.0	0.0	145.86206896551727	0.0	0.043884165	-0.029479905	1.0094578650000001	4.56274	1.57178	-0.33571999999999996	3290750.0	1776544971.940436	0.0	1.0	-1.0	-1.0	-1.0	-1.0	-1.0	-1.0	-1.0	-1.0	0.0	marker	peace	Peace	25	0418
-68562.045	-55738.845	-104711.84999999999	-18566.145	0.0	0.0	0.0	0.0	0.0	0.0	0.0	0.0	0.0	0.0	0.0	0.0	0.0	0.0	145.86206896551727	0.0	0.043884165	-0.029479905	1.0094578650000001	4.56274	1.57178	-0.33571999999999996	3290751.0	1776544971.944449	0.0	1.0	-1.0	-1.0	-1.0	-1.0	-1.0	-1.0	-1.0	-1.0	0.0	marker	peace	Peace	25	0418
-68535.63	-55733.579999999994	-104683.275	-18514.215	0.0	0.0	0.0	0.0	0.0	0.0	0.0	0.0	0.0	0.0	0.0	0.0	0.0	0.0	145.86206896551727	0.0	0.043884165	-0.029479905	1.0094578650000001	4.56274	1.57178	-0.33571999999999996	3290752.0	1776544971.944465	0.0	1.0	-1.0	-1.0	-1.0	-1.0	-1.0	-1.0	-1.0	-1.0	0.0	marker	peace	Peace	25	0418
-68504.94	-55725.255	-104720.48999999999	-18512.235	0.0	0.0	0.0	0.0	0.0	0.0	0.0	0.0	0.0	0.0	0.0	0.0	0.0	0.0	145.86206896551727	0.0	0.043884165	-0.029479905	1.0094578650000001	4.56274	1.57178	-0.33571999999999996	3290753.0	1776544971.948434	0.0	1.0	-1.0	-1.0	-1.0	-1.0	-1.0	-1.0	-1.0	-1.0	0.0	marker	peace	Peace	25	0418
-68503.815	-55722.689999999995	-104780.87999999999	-18550.53	0.0	0.0	0.0	0.0	0.0	0.0	0.0	0.0	0.0	0.0	0.0	0.0	0.0	0.0	145.86206896551727	0.0	0.043884165	-0.029479905	1.0094578650000001	4.56274	1.57178	-0.33571999999999996	3290754.0	1776544971.94845	0.0	1.0	-1.0	-1.0	-1.0	-1.0	-1.0	-1.0	-1.0	-1.0	0.0	marker	peace	Peace	25	0418
-68539.95	-55728.54	-104762.655	-18564.614999999998	0.0	0.0	0.0	0.0	0.0	0.0	0.0	0.0	0.0	0.0	0.0	0.0	0.0	0.0	145.86206896551727	0.0	0.043884165	-0.029479905	1.0094578650000001	4.56274	1.57178	-0.33571999999999996	3290755.0	1776544971.956382	0.0	1.0	-1.0	-1.0	-1.0	-1.0	-1.0	-1.0	-1.0	-1.0	0.0	marker	peace	Peace	25	0418
-68630.31	-55747.619999999995	-104754.19499999999	-18598.77	0.0	0.0	0.0	0.0	0.0	0.0	0.0	0.0	0.0	0.0	0.0	0.0	0.0	0.0	145.86206896551727	0.0	0.043884165	-0.029479905	1.0094578650000001	4.56274	1.57178	-0.33571999999999996	3290756.0	1776544971.956399	0.0	1.0	-1.0	-1.0	-1.0	-1.0	-1.0	-1.0	-1.0	-1.0	0.0	marker	peace	Peace	25	0418
-68547.51	-55753.875	-104679.26999999999	-18546.48	0.0	0.0	0.0	0.0	0.0	0.0	0.0	0.0	0.0	0.0	0.0	0.0	0.0	0.0	145.86206896551727	0.0	0.042663465	-0.028259205	1.01586654	5.60042	0.94612	0.04578	3290757.0	1776544971.956416	0.0	1.0	-1.0	-1.0	-1.0	-1.0	-1.0	-1.0	-1.0	-1.0	0.0	marker	peace	Peace	25	0418
-68520.015	-55749.24	-104653.575	-18536.805	0.0	0.0	0.0	0.0	0.0	0.0	0.0	0.0	0.0	0.0	0.0	0.0	0.0	0.0	145.86206896551727	0.0	0.042663465	-0.028259205	1.01586654	5.60042	0.94612	0.04578	3290758.0	1776544971.956423	0.0	1.0	-1.0	-1.0	-1.0	-1.0	-1.0	-1.0	-1.0	-1.0	0.0	marker	peace	Peace	25	0418
-68603.94	-55740.689999999995	-104755.00499999999	-18601.38	0.0	0.0	0.0	0.0	0.0	0.0	0.0	0.0	0.0	0.0	0.0	0.0	0.0	0.0	145.86206896551727	0.0	0.042663465	-0.028259205	1.01586654	5.60042	0.94612	0.04578	3290759.0	1776544971.960612	0.0	1.0	-1.0	-1.0	-1.0	-1.0	-1.0	-1.0	-1.0	-1.0	0.0	marker	peace	Peace	25	0418
-68601.19499999999	-55728.27	-104779.75499999999	-18599.895	0.0	0.0	0.0	0.0	0.0	0.0	0.0	0.0	0.0	0.0	0.0	0.0	0.0	0.0	145.86206896551727	0.0	0.042663465	-0.028259205	1.01586654	5.60042	0.94612	0.04578	3290760.0	1776544971.960628	0.0	1.0	-1.0	-1.0	-1.0	-1.0	-1.0	-1.0	-1.0	-1.0	0.0	marker	peace	Peace	25	0418
-68569.83	-55714.59	-104743.75499999999	-18574.515	0.0	0.0	0.0	0.0	0.0	0.0	0.0	0.0	0.0	0.0	0.0	0.0	0.0	0.0	145.86206896551727	0.0	0.042663465	-0.028259205	1.01586654	5.60042	0.94612	0.04578	3290761.0	1776544971.964411	0.0	1.0	-1.0	-1.0	-1.0	-1.0	-1.0	-1.0	-1.0	-1.0	0.0	marker	peace	Peace	25	0418
-68556.645	-55713.645	-104738.94	-18566.73	0.0	0.0	0.0	0.0	0.0	0.0	0.0	0.0	0.0	0.0	0.0	0.0	0.0	0.0	145.86206896551727	0.0	0.042663465	-0.028259205	1.01586654	5.60042	0.94612	0.04578	3290762.0	1776544971.964428	0.0	1.0	-1.0	-1.0	-1.0	-1.0	-1.0	-1.0	-1.0	-1.0	0.0	marker	peace	Peace	25	0418
-68557.31999999999	-55717.515	-104751.81	-18561.735	0.0	0.0	0.0	0.0	0.0	0.0	0.0	0.0	0.0	0.0	0.0	0.0	0.0	0.0	145.86206896551727	0.0	0.042663465	-0.028259205	1.01586654	5.60042	0.94612	0.04578	3290763.0	1776544971.968525	0.0	1.0	-1.0	-1.0	-1.0	-1.0	-1.0	-1.0	-1.0	-1.0	0.0	marker	peace	Peace	25	0418
-68559.75	-55725.345	-104775.885	-18568.755	0.0	0.0	0.0	0.0	0.0	0.0	0.0	0.0	0.0	0.0	0.0	0.0	0.0	0.0	145.86206896551727	0.0	0.042663465	-0.028259205	1.01586654	5.60042	0.94612	0.04578	3290764.0	1776544971.968542	0.0	1.0	-1.0	-1.0	-1.0	-1.0	-1.0	-1.0	-1.0	-1.0	0.0	marker	peace	Peace	25	0418
-68561.145	-55741.275	-104769.36	-18571.005	0.0	0.0	0.0	0.0	0.0	0.0	0.0	0.0	0.0	0.0	0.0	0.0	0.0	0.0	145.86206896551727	0.0	0.042663465	-0.028259205	1.01586654	5.60042	0.94612	0.04578	3290765.0	1776544971.972563	0.0	1.0	-1.0	-1.0	-1.0	-1.0	-1.0	-1.0	-1.0	-1.0	0.0	marker	peace	Peace	25	0418
-68569.155	-55742.895	-104746.31999999999	-18564.03	0.0	0.0	0.0	0.0	0.0	0.0	0.0	0.0	0.0	0.0	0.0	0.0	0.0	0.0	145.86206896551727	0.0	0.042663465	-0.028259205	1.01586654	5.60042	0.94612	0.04578	3290766.0	1776544971.972579	0.0	1.0	-1.0	-1.0	-1.0	-1.0	-1.0	-1.0	-1.0	-1.0	0.0	marker	peace	Peace	25	0418
-68573.745	-55736.909999999996	-104738.355	-18554.625	0.0	0.0	0.0	0.0	0.0	0.0	0.0	0.0	0.0	0.0	0.0	0.0	0.0	0.0	145.86206896551727	0.0	0.035583405	-0.02587884	1.026913875	5.4173	0.04578	-0.8087799999999999	3290767.0	1776544971.976612	0.0	1.0	-1.0	-1.0	-1.0	-1.0	-1.0	-1.0	-1.0	-1.0	0.0	marker	peace	Peace	25	0418
-68553.135	-55737.494999999995	-104730.3	-18540.36	0.0	0.0	0.0	0.0	0.0	0.0	0.0	0.0	0.0	0.0	0.0	0.0	0.0	0.0	145.86206896551727	0.0	0.035583405	-0.02587884	1.026913875	5.4173	0.04578	-0.8087799999999999	3290768.0	1776544971.976628	0.0	1.0	-1.0	-1.0	-1.0	-1.0	-1.0	-1.0	-1.0	-1.0	0.0	marker	peace	Peace	25	0418
-68571.63	-55733.445	-104768.01	-18569.655	0.0	0.0	0.0	0.0	0.0	0.0	0.0	0.0	0.0	0.0	0.0	0.0	0.0	0.0	145.86206896551727	0.0	0.035583405	-0.02587884	1.026913875	5.4173	0.04578	-0.8087799999999999	3290769.0	1776544971.98061	0.0	1.0	-1.0	-1.0	-1.0	-1.0	-1.0	-1.0	-1.0	-1.0	0.0	marker	peace	Peace	25	0418
-68573.925	-55741.68	-104795.45999999999	-18591.165	0.0	0.0	0.0	0.0	0.0	0.0	0.0	0.0	0.0	0.0	0.0	0.0	0.0	0.0	145.86206896551727	0.0	0.035583405	-0.02587884	1.026913875	5.4173	0.04578	-0.8087799999999999	3290770.0	1776544971.980627	0.0	1.0	-1.0	-1.0	-1.0	-1.0	-1.0	-1.0	-1.0	-1.0	0.0	marker	peace	Peace	25	0418
-68516.145	-55764.63	-104745.105	-18553.995	0.0	0.0	0.0	0.0	0.0	0.0	0.0	0.0	0.0	0.0	0.0	0.0	0.0	0.0	145.86206896551727	0.0	0.035583405	-0.02587884	1.026913875	5.4173	0.04578	-0.8087799999999999	3290771.0	1776544971.984716	0.0	1.0	-1.0	-1.0	-1.0	-1.0	-1.0	-1.0	-1.0	-1.0	0.0	marker	peace	Peace	25	0418
-68542.73999999999	-55762.74	-104707.935	-18523.35	0.0	0.0	0.0	0.0	0.0	0.0	0.0	0.0	0.0	0.0	0.0	0.0	0.0	0.0	145.86206896551727	0.0	0.035583405	-0.02587884	1.026913875	5.4173	0.04578	-0.8087799999999999	3290772.0	1776544971.984732	0.0	1.0	-1.0	-1.0	-1.0	-1.0	-1.0	-1.0	-1.0	-1.0	0.0	marker	peace	Peace	25	0418
-68472.09	-55753.335	-104676.12	-18514.17	0.0	0.0	0.0	0.0	0.0	0.0	0.0	0.0	0.0	0.0	0.0	0.0	0.0	0.0	145.86206896551727	0.0	0.035583405	-0.02587884	1.026913875	5.4173	0.04578	-0.8087799999999999	3290773.0	1776544971.988576	0.0	1.0	-1.0	-1.0	-1.0	-1.0	-1.0	-1.0	-1.0	-1.0	0.0	marker	peace	Peace	25	0418
-68493.87	-55757.655	-104676.705	-18520.02	0.0	0.0	0.0	0.0	0.0	0.0	0.0	0.0	0.0	0.0	0.0	0.0	0.0	0.0	145.86206896551727	0.0	0.035583405	-0.02587884	1.026913875	5.4173	0.04578	-0.8087799999999999	3290774.0	1776544971.988592	0.0	1.0	-1.0	-1.0	-1.0	-1.0	-1.0	-1.0	-1.0	-1.0	0.0	marker	peace	Peace	25	0418
-68589.94499999999	-55765.259999999995	-104719.14	-18547.38	0.0	0.0	0.0	0.0	0.0	0.0	0.0	0.0	0.0	0.0	0.0	0.0	0.0	0.0	145.86206896551727	0.0	0.035583405	-0.02587884	1.026913875	5.4173	0.04578	-0.8087799999999999	3290775.0	1776544971.993302	0.0	1.0	-1.0	-1.0	-1.0	-1.0	-1.0	-1.0	-1.0	-1.0	0.0	marker	peace	Peace	25	0418
-68592.015	-55757.204999999994	-104742.62999999999	-18579.78	0.0	0.0	0.0	0.0	0.0	0.0	0.0	0.0	0.0	0.0	0.0	0.0	0.0	0.0	145.86206896551727	0.0	0.035583405	-0.02587884	1.026913875	5.4173	0.04578	-0.8087799999999999	3290776.0	1776544971.993317	0.0	1.0	-1.0	-1.0	-1.0	-1.0	-1.0	-1.0	-1.0	-1.0	0.0	marker	peace	Peace	25	0418
-68581.53	-55741.5	-104782.545	-18612.719999999998	0.0	0.0	0.0	0.0	0.0	0.0	0.0	0.0	0.0	0.0	0.0	0.0	0.0	0.0	145.86206896551727	0.0	0.038757225	-0.020446725	1.026059385	6.11926	0.15259999999999999	0.25942	3290777.0	1776544971.998197	0.0	1.0	-1.0	-1.0	-1.0	-1.0	-1.0	-1.0	-1.0	-1.0	0.0	marker	peace	Peace	25	0418
-68579.595	-55726.604999999996	-104783.04	-18594.135	0.0	0.0	0.0	0.0	0.0	0.0	0.0	0.0	0.0	0.0	0.0	0.0	0.0	0.0	145.86206896551727	0.0	0.038757225	-0.020446725	1.026059385	6.11926	0.15259999999999999	0.25942	3290778.0	1776544971.998214	0.0	1.0	-1.0	-1.0	-1.0	-1.0	-1.0	-1.0	-1.0	-1.0	0.0	marker	peace	Peace	25	0418
-68528.655	-55708.74	-104764.68	-18573.524999999998	0.0	0.0	0.0	0.0	0.0	0.0	0.0	0.0	0.0	0.0	0.0	0.0	0.0	0.0	145.86206896551727	0.0	0.038757225	-0.020446725	1.026059385	6.11926	0.15259999999999999	0.25942	3290779.0	1776544972.000756	0.0	1.0	-1.0	-1.0	-1.0	-1.0	-1.0	-1.0	-1.0	-1.0	0.0	marker	peace	Peace	25	0418
-68543.73	-55702.755	-104733.855	-18552.285	0.0	0.0	0.0	0.0	0.0	0.0	0.0	0.0	0.0	0.0	0.0	0.0	0.0	0.0	145.86206896551727	0.0	0.038757225	-0.020446725	1.026059385	6.11926	0.15259999999999999	0.25942	3290780.0	1776544972.000772	0.0	1.0	-1.0	-1.0	-1.0	-1.0	-1.0	-1.0	-1.0	-1.0	0.0	marker	peace	Peace	25	0418
-68529.735	-55713.329999999994	-104710.00499999999	-18524.114999999998	0.0	0.0	0.0	0.0	0.0	0.0	0.0	0.0	0.0	0.0	0.0	0.0	0.0	0.0	145.86206896551727	0.0	0.038757225	-0.020446725	1.026059385	6.11926	0.15259999999999999	0.25942	3290781.0	1776544972.004681	0.0	1.0	-1.0	-1.0	-1.0	-1.0	-1.0	-1.0	-1.0	-1.0	0.0	marker	peace	Peace	25	0418
-68539.635	-55720.439999999995	-104749.065	-18576.899999999998	0.0	0.0	0.0	0.0	0.0	0.0	0.0	0.0	0.0	0.0	0.0	0.0	0.0	0.0	145.86206896551727	0.0	0.038757225	-0.020446725	1.026059385	6.11926	0.15259999999999999	0.25942	3290782.0	1776544972.004697	0.0	1.0	-1.0	-1.0	-1.0	-1.0	-1.0	-1.0	-1.0	-1.0	0.0	marker	peace	Peace	25	0418
-68582.565	-55720.215	-104767.83	-18589.23	0.0	0.0	0.0	0.0	0.0	0.0	0.0	0.0	0.0	0.0	0.0	0.0	0.0	0.0	145.86206896551727	0.0	0.038757225	-0.020446725	1.026059385	6.11926	0.15259999999999999	0.25942	3290783.0	1776544972.008699	0.0	1.0	-1.0	-1.0	-1.0	-1.0	-1.0	-1.0	-1.0	-1.0	0.0	marker	peace	Peace	25	0418
-68604.48	-55717.604999999996	-104755.76999999999	-18581.625	0.0	0.0	0.0	0.0	0.0	0.0	0.0	0.0	0.0	0.0	0.0	0.0	0.0	0.0	145.86206896551727	0.0	0.038757225	-0.020446725	1.026059385	6.11926	0.15259999999999999	0.25942	3290784.0	1776544972.008725	0.0	1.0	-1.0	-1.0	-1.0	-1.0	-1.0	-1.0	-1.0	-1.0	0.0	marker	peace	Peace	25	0418
-68606.145	-55711.799999999996	-104778.62999999999	-18601.02	0.0	0.0	0.0	0.0	0.0	0.0	0.0	0.0	0.0	0.0	0.0	0.0	0.0	0.0	145.86206896551727	0.0	0.038757225	-0.020446725	1.026059385	6.11926	0.15259999999999999	0.25942	3290785.0	1776544972.014801	0.0	1.0	-1.0	-1.0	-1.0	-1.0	-1.0	-1.0	-1.0	-1.0	0.0	marker	peace	Peace	25	0418
-68602.05	-55707.165	-104797.08	-18601.785	0.0	0.0	0.0	0.0	0.0	0.0	0.0	0.0	0.0	0.0	0.0	0.0	0.0	0.0	145.86206896551727	0.0	0.038757225	-0.020446725	1.026059385	6.11926	0.15259999999999999	0.25942	3290786.0	1776544972.014818	0.0	1.0	-1.0	-1.0	-1.0	-1.0	-1.0	-1.0	-1.0	-1.0	0.0	marker	peace	Peace	25	0418
-68611.68	-55707.39	-104798.745	-18594.495	0.0	0.0	0.0	0.0	0.0	0.0	0.0	0.0	0.0	0.0	0.0	0.0	0.0	0.0	145.86206896551727	0.0	0.046325565	-0.020080515	1.00976304	3.18934	0.6409199999999999	-0.94612	3290787.0	1776544972.016743	0.0	1.0	-1.0	-1.0	-1.0	-1.0	-1.0	-1.0	-1.0	-1.0	0.0	marker	peace	Peace	25	0418
-68582.295	-55691.28	-104767.37999999999	-18573.255	0.0	0.0	0.0	0.0	0.0	0.0	0.0	0.0	0.0	0.0	0.0	0.0	0.0	0.0	145.86206896551727	0.0	0.046325565	-0.020080515	1.00976304	3.18934	0.6409199999999999	-0.94612	3290788.0	1776544972.01676	0.0	1.0	-1.0	-1.0	-1.0	-1.0	-1.0	-1.0	-1.0	-1.0	0.0	marker	peace	Peace	25	0418
-68528.565	-55674.314999999995	-104745.915	-18544.094999999998	0.0	0.0	0.0	0.0	0.0	0.0	0.0	0.0	0.0	0.0	0.0	0.0	0.0	0.0	145.86206896551727	0.0	0.046325565	-0.020080515	1.00976304	3.18934	0.6409199999999999	-0.94612	3290789.0	1776544972.020657	0.0	1.0	-1.0	-1.0	-1.0	-1.0	-1.0	-1.0	-1.0	-1.0	0.0	marker	peace	Peace	25	0418
-68537.11499999999	-55674.405	-104742.405	-18540.0	0.0	0.0	0.0	0.0	0.0	0.0	0.0	0.0	0.0	0.0	0.0	0.0	0.0	0.0	145.86206896551727	0.0	0.046325565	-0.020080515	1.00976304	3.18934	0.6409199999999999	-0.94612	3290790.0	1776544972.020673	0.0	1.0	-1.0	-1.0	-1.0	-1.0	-1.0	-1.0	-1.0	-1.0	0.0	marker	peace	Peace	25	0418
-68560.73999999999	-55679.939999999995	-104719.545	-18514.079999999998	0.0	0.0	0.0	0.0	0.0	0.0	0.0	0.0	0.0	0.0	0.0	0.0	0.0	0.0	145.86206896551727	0.0	0.046325565	-0.020080515	1.00976304	3.18934	0.6409199999999999	-0.94612	3290791.0	1776544972.027203	0.0	1.0	-1.0	-1.0	-1.0	-1.0	-1.0	-1.0	-1.0	-1.0	0.0	marker	peace	Peace	25	0418
-68518.34999999999	-55676.384999999995	-104694.525	-18517.95	0.0	0.0	0.0	0.0	0.0	0.0	0.0	0.0	0.0	0.0	0.0	0.0	0.0	0.0	145.86206896551727	0.0	0.046325565	-0.020080515	1.00976304	3.18934	0.6409199999999999	-0.94612	3290792.0	1776544972.027224	0.0	1.0	-1.0	-1.0	-1.0	-1.0	-1.0	-1.0	-1.0	-1.0	0.0	marker	peace	Peace	25	0418
-68524.02	-55674.045	-104718.19499999999	-18548.73	0.0	0.0	0.0	0.0	0.0	0.0	0.0	0.0	0.0	0.0	0.0	0.0	0.0	0.0	145.86206896551727	0.0	0.046325565	-0.020080515	1.00976304	3.18934	0.6409199999999999	-0.94612	3290793.0	1776544972.028679	0.0	1.0	-1.0	-1.0	-1.0	-1.0	-1.0	-1.0	-1.0	-1.0	0.0	marker	peace	Peace	25	0418
-68575.41	-55674.674999999996	-104791.40999999999	-18617.04	0.0	0.0	0.0	0.0	0.0	0.0	0.0	0.0	0.0	0.0	0.0	0.0	0.0	0.0	145.86206896551727	0.0	0.046325565	-0.020080515	1.00976304	3.18934	0.6409199999999999	-0.94612	3290794.0	1776544972.028695	0.0	1.0	-1.0	-1.0	-1.0	-1.0	-1.0	-1.0	-1.0	-1.0	0.0	marker	peace	Peace	25	0418
-68590.845	-55661.715	-104800.635	-18634.05	0.0	0.0	0.0	0.0	0.0	0.0	0.0	0.0	0.0	0.0	0.0	0.0	0.0	0.0	145.86206896551727	0.0	0.046325565	-0.020080515	1.00976304	3.18934	0.6409199999999999	-0.94612	3290795.0	1776544972.034666	0.0	1.0	-1.0	-1.0	-1.0	-1.0	-1.0	-1.0	-1.0	-1.0	0.0	marker	peace	Peace	25	0418
-68584.31999999999	-55647.72	-104760.18	-18596.88	0.0	0.0	0.0	0.0	0.0	0.0	0.0	0.0	0.0	0.0	0.0	0.0	0.0	0.0	145.86206896551727	0.0	0.046325565	-0.020080515	1.00976304	3.18934	0.6409199999999999	-0.94612	3290796.0	1776544972.034698	0.0	1.0	-1.0	-1.0	-1.0	-1.0	-1.0	-1.0	-1.0	-1.0	0.0	marker	peace	Peace	25	0418
-68581.53	-55654.11	-104746.36499999999	-18567.585	0.0	0.0	0.0	0.0	0.0	0.0	0.0	0.0	0.0	0.0	0.0	0.0	0.0	0.0	145.86206896551727	0.0	0.04406727	-0.025756770000000002	1.006406115	3.8760399999999997	1.77016	-0.9919	3290797.0	1776544972.036769	0.0	1.0	-1.0	-1.0	-1.0	-1.0	-1.0	-1.0	-1.0	-1.0	0.0	marker	peace	Peace	25	0418
-68613.345	-55684.799999999996	-104779.44	-18585.135	0.0	0.0	0.0	0.0	0.0	0.0	0.0	0.0	0.0	0.0	0.0	0.0	0.0	0.0	145.86206896551727	0.0	0.04406727	-0.025756770000000002	1.006406115	3.8760399999999997	1.77016	-0.9919	3290798.0	1776544972.036792	0.0	1.0	-1.0	-1.0	-1.0	-1.0	-1.0	-1.0	-1.0	-1.0	0.0	marker	peace	Peace	25	0418
-68612.895	-55692.0	-104763.23999999999	-18578.655	0.0	0.0	0.0	0.0	0.0	0.0	0.0	0.0	0.0	0.0	0.0	0.0	0.0	0.0	145.86206896551727	0.0	0.04406727	-0.025756770000000002	1.006406115	3.8760399999999997	1.77016	-0.9919	3290799.0	1776544972.040814	0.0	1.0	-1.0	-1.0	-1.0	-1.0	-1.0	-1.0	-1.0	-1.0	0.0	marker	peace	Peace	25	0418
-68573.925	-55688.985	-104759.28	-18579.285	0.0	0.0	0.0	0.0	0.0	0.0	0.0	0.0	0.0	0.0	0.0	0.0	0.0	0.0	145.86206896551727	0.0	0.04406727	-0.025756770000000002	1.006406115	3.8760399999999997	1.77016	-0.9919	3290800.0	1776544972.040832	0.0	1.0	-1.0	-1.0	-1.0	-1.0	-1.0	-1.0	-1.0	-1.0	0.0	marker	peace	Peace	25	0418
-68546.565	-55683.854999999996	-104740.065	-18563.265	0.0	0.0	0.0	0.0	0.0	0.0	0.0	0.0	0.0	0.0	0.0	0.0	0.0	0.0	145.86206896551727	0.0	0.04406727	-0.025756770000000002	1.006406115	3.8760399999999997	1.77016	-0.9919	3290801.0	1776544972.044676	0.0	1.0	-1.0	-1.0	-1.0	-1.0	-1.0	-1.0	-1.0	-1.0	0.0	marker	peace	Peace	25	0418
-68551.47	-55666.845	-104730.56999999999	-18553.635	0.0	0.0	0.0	0.0	0.0	0.0	0.0	0.0	0.0	0.0	0.0	0.0	0.0	0.0	145.86206896551727	0.0	0.04406727	-0.025756770000000002	1.006406115	3.8760399999999997	1.77016	-0.9919	3290802.0	1776544972.044693	0.0	1.0	-1.0	-1.0	-1.0	-1.0	-1.0	-1.0	-1.0	-1.0	0.0	marker	peace	Peace	25	0418
-68552.955	-55660.68	-104725.62	-18550.215	0.0	0.0	0.0	0.0	0.0	0.0	0.0	0.0	0.0	0.0	0.0	0.0	0.0	0.0	145.86206896551727	0.0	0.04406727	-0.025756770000000002	1.006406115	3.8760399999999997	1.77016	-0.9919	3290803.0	1776544972.052263	0.0	1.0	-1.0	-1.0	-1.0	-1.0	-1.0	-1.0	-1.0	-1.0	0.0	marker	peace	Peace	25	0418
-68566.77	-55664.415	-104737.185	-18563.489999999998	0.0	0.0	0.0	0.0	0.0	0.0	0.0	0.0	0.0	0.0	0.0	0.0	0.0	0.0	145.86206896551727	0.0	0.04406727	-0.025756770000000002	1.006406115	3.8760399999999997	1.77016	-0.9919	3290804.0	1776544972.052292	0.0	1.0	-1.0	-1.0	-1.0	-1.0	-1.0	-1.0	-1.0	-1.0	0.0	marker	peace	Peace	25	0418
-68532.885	-55663.29	-104727.95999999999	-18542.969999999998	0.0	0.0	0.0	0.0	0.0	0.0	0.0	0.0	0.0	0.0	0.0	0.0	0.0	0.0	145.86206896551727	0.0	0.04406727	-0.025756770000000002	1.006406115	3.8760399999999997	1.77016	-0.9919	3290805.0	1776544972.052746	0.0	1.0	-1.0	-1.0	-1.0	-1.0	-1.0	-1.0	-1.0	-1.0	0.0	marker	peace	Peace	25	0418
-68531.08499999999	-55662.479999999996	-104720.265	-18550.395	0.0	0.0	0.0	0.0	0.0	0.0	0.0	0.0	0.0	0.0	0.0	0.0	0.0	0.0	145.86206896551727	0.0	0.04406727	-0.025756770000000002	1.006406115	3.8760399999999997	1.77016	-0.9919	3290806.0	1776544972.052756	0.0	1.0	-1.0	-1.0	-1.0	-1.0	-1.0	-1.0	-1.0	-1.0	0.0	marker	peace	Peace	25	0418
-68571.9	-55672.155	-104743.89	-18577.305	0.0	0.0	0.0	0.0	0.0	0.0	0.0	0.0	0.0	0.0	0.0	0.0	0.0	0.0	145.86206896551727	0.0	0.03894033	-0.029235765	1.010800635	4.94424	1.57178	-1.6633399999999998	3290807.0	1776544972.056842	0.0	1.0	-1.0	-1.0	-1.0	-1.0	-1.0	-1.0	-1.0	-1.0	0.0	marker	peace	Peace	25	0418
-68557.5	-55667.384999999995	-104760.18	-18576.495	0.0	0.0	0.0	0.0	0.0	0.0	0.0	0.0	0.0	0.0	0.0	0.0	0.0	0.0	145.86206896551727	0.0	0.03894033	-0.029235765	1.010800635	4.94424	1.57178	-1.6633399999999998	3290808.0	1776544972.056856	0.0	1.0	-1.0	-1.0	-1.0	-1.0	-1.0	-1.0	-1.0	-1.0	0.0	marker	peace	Peace	25	0418
-68556.78	-55656.494999999995	-104783.58	-18576.135	0.0	0.0	0.0	0.0	0.0	0.0	0.0	0.0	0.0	0.0	0.0	0.0	0.0	0.0	145.86206896551727	0.0	0.03894033	-0.029235765	1.010800635	4.94424	1.57178	-1.6633399999999998	3290809.0	1776544972.062583	0.0	1.0	-1.0	-1.0	-1.0	-1.0	-1.0	-1.0	-1.0	-1.0	0.0	marker	peace	Peace	25	0418
-68590.53	-55659.96	-104784.56999999999	-18576.54	0.0	0.0	0.0	0.0	0.0	0.0	0.0	0.0	0.0	0.0	0.0	0.0	0.0	0.0	145.86206896551727	0.0	0.03894033	-0.029235765	1.010800635	4.94424	1.57178	-1.6633399999999998	3290810.0	1776544972.062602	0.0	1.0	-1.0	-1.0	-1.0	-1.0	-1.0	-1.0	-1.0	-1.0	0.0	marker	peace	Peace	25	0418
-68603.355	-55658.204999999994	-104771.11499999999	-18573.3	0.0	0.0	0.0	0.0	0.0	0.0	0.0	0.0	0.0	0.0	0.0	0.0	0.0	0.0	145.86206896551727	0.0	0.03894033	-0.029235765	1.010800635	4.94424	1.57178	-1.6633399999999998	3290811.0	1776544972.064879	0.0	1.0	-1.0	-1.0	-1.0	-1.0	-1.0	-1.0	-1.0	-1.0	0.0	marker	peace	Peace	25	0418
-68559.345	-55643.31	-104745.28499999999	-18557.505	0.0	0.0	0.0	0.0	0.0	0.0	0.0	0.0	0.0	0.0	0.0	0.0	0.0	0.0	145.86206896551727	0.0	0.03894033	-0.029235765	1.010800635	4.94424	1.57178	-1.6633399999999998	3290812.0	1776544972.064947	0.0	1.0	-1.0	-1.0	-1.0	-1.0	-1.0	-1.0	-1.0	-1.0	0.0	marker	peace	Peace	25	0418
-68513.535	-55639.35	-104699.025	-18528.434999999998	0.0	0.0	0.0	0.0	0.0	0.0	0.0	0.0	0.0	0.0	0.0	0.0	0.0	0.0	145.86206896551727	0.0	0.03894033	-0.029235765	1.010800635	4.94424	1.57178	-1.6633399999999998	3290813.0	1776544972.069005	0.0	1.0	-1.0	-1.0	-1.0	-1.0	-1.0	-1.0	-1.0	-1.0	0.0	marker	peace	Peace	25	0418
-68543.955	-55646.82	-104703.56999999999	-18524.835	0.0	0.0	0.0	0.0	0.0	0.0	0.0	0.0	0.0	0.0	0.0	0.0	0.0	0.0	145.86206896551727	0.0	0.03894033	-0.029235765	1.010800635	4.94424	1.57178	-1.6633399999999998	3290814.0	1776544972.069043	0.0	1.0	-1.0	-1.0	-1.0	-1.0	-1.0	-1.0	-1.0	-1.0	0.0	marker	peace	Peace	25	0418
-68587.02	-55657.215	-104740.155	-18559.17	0.0	0.0	0.0	0.0	0.0	0.0	0.0	0.0	0.0	0.0	0.0	0.0	0.0	0.0	145.86206896551727	0.0	0.03894033	-0.029235765	1.010800635	4.94424	1.57178	-1.6633399999999998	3290815.0	1776544972.072757	0.0	1.0	-1.0	-1.0	-1.0	-1.0	-1.0	-1.0	-1.0	-1.0	0.0	marker	peace	Peace	25	0418
-68597.01	-55658.34	-104751.72	-18577.215	0.0	0.0	0.0	0.0	0.0	0.0	0.0	0.0	0.0	0.0	0.0	0.0	0.0	0.0	145.86206896551727	0.0	0.03894033	-0.029235765	1.010800635	4.94424	1.57178	-1.6633399999999998	3290816.0	1776544972.072771	0.0	1.0	-1.0	-1.0	-1.0	-1.0	-1.0	-1.0	-1.0	-1.0	0.0	marker	peace	Peace	25	0418
-68587.29	-55656.45	-104725.845	-18564.975	0.0	0.0	0.0	0.0	0.0	0.0	0.0	0.0	0.0	0.0	0.0	0.0	0.0	0.0	145.86206896551727	0.0	0.038268945	-0.02587884	1.02319074	6.165039999999999	1.0682	-1.46496	3290817.0	1776544972.076951	0.0	1.0	-1.0	-1.0	-1.0	-1.0	-1.0	-1.0	-1.0	-1.0	0.0	marker	peace	Peace	25	0418
-68566.185	-55651.994999999995	-104688.045	-18549.0	0.0	0.0	0.0	0.0	0.0	0.0	0.0	0.0	0.0	0.0	0.0	0.0	0.0	0.0	145.86206896551727	0.0	0.038268945	-0.02587884	1.02319074	6.165039999999999	1.0682	-1.46496	3290818.0	1776544972.076967	0.0	1.0	-1.0	-1.0	-1.0	-1.0	-1.0	-1.0	-1.0	-1.0	0.0	marker	peace	Peace	25	0418
-68551.65	-55642.77	-104699.97	-18559.215	0.0	0.0	0.0	0.0	0.0	0.0	0.0	0.0	0.0	0.0	0.0	0.0	0.0	0.0	145.86206896551727	0.0	0.038268945	-0.02587884	1.02319074	6.165039999999999	1.0682	-1.46496	3290819.0	1776544972.081042	0.0	1.0	-1.0	-1.0	-1.0	-1.0	-1.0	-1.0	-1.0	-1.0	0.0	marker	peace	Peace	25	0418
-68538.78	-55639.305	-104724.58499999999	-18571.995	0.0	0.0	0.0	0.0	0.0	0.0	0.0	0.0	0.0	0.0	0.0	0.0	0.0	0.0	145.86206896551727	0.0	0.038268945	-0.02587884	1.02319074	6.165039999999999	1.0682	-1.46496	3290820.0	1776544972.081059	0.0	1.0	-1.0	-1.0	-1.0	-1.0	-1.0	-1.0	-1.0	-1.0	0.0	marker	peace	Peace	25	0418
-68565.19499999999	-55635.525	-104764.905	-18574.785	0.0	0.0	0.0	0.0	0.0	0.0	0.0	0.0	0.0	0.0	0.0	0.0	0.0	0.0	145.86206896551727	0.0	0.038268945	-0.02587884	1.02319074	6.165039999999999	1.0682	-1.46496	3290821.0	1776544972.084948	0.0	1.0	-1.0	-1.0	-1.0	-1.0	-1.0	-1.0	-1.0	-1.0	0.0	marker	peace	Peace	25	0418
-68531.535	-55631.34	-104761.08	-18522.405	0.0	0.0	0.0	0.0	0.0	0.0	0.0	0.0	0.0	0.0	0.0	0.0	0.0	0.0	145.86206896551727	0.0	0.038268945	-0.02587884	1.02319074	6.165039999999999	1.0682	-1.46496	3290822.0	1776544972.084963	0.0	1.0	-1.0	-1.0	-1.0	-1.0	-1.0	-1.0	-1.0	-1.0	0.0	marker	peace	Peace	25	0418
-68510.565	-55635.479999999996	-104729.94	-18515.79	0.0	0.0	0.0	0.0	0.0	0.0	0.0	0.0	0.0	0.0	0.0	0.0	0.0	0.0	145.86206896551727	0.0	0.038268945	-0.02587884	1.02319074	6.165039999999999	1.0682	-1.46496	3290823.0	1776544972.088919	0.0	1.0	-1.0	-1.0	-1.0	-1.0	-1.0	-1.0	-1.0	-1.0	0.0	marker	peace	Peace	25	0418
-68576.895	-55648.53	-104765.12999999999	-18566.1	0.0	0.0	0.0	0.0	0.0	0.0	0.0	0.0	0.0	0.0	0.0	0.0	0.0	0.0	145.86206896551727	0.0	0.038268945	-0.02587884	1.02319074	6.165039999999999	1.0682	-1.46496	3290824.0	1776544972.08894	0.0	1.0	-1.0	-1.0	-1.0	-1.0	-1.0	-1.0	-1.0	-1.0	0.0	marker	peace	Peace	25	0418
-68583.825	-55667.025	-104781.465	-18587.88	0.0	0.0	0.0	0.0	0.0	0.0	0.0	0.0	0.0	0.0	0.0	0.0	0.0	0.0	145.86206896551727	0.0	0.038268945	-0.02587884	1.02319074	6.165039999999999	1.0682	-1.46496	3290825.0	1776544972.092867	0.0	1.0	-1.0	-1.0	-1.0	-1.0	-1.0	-1.0	-1.0	-1.0	0.0	marker	peace	Peace	25	0418
-68582.25	-55669.994999999995	-104752.26	-18561.42	0.0	0.0	0.0	0.0	0.0	0.0	0.0	0.0	0.0	0.0	0.0	0.0	0.0	0.0	145.86206896551727	0.0	0.038268945	-0.02587884	1.02319074	6.165039999999999	1.0682	-1.46496	3290826.0	1776544972.092881	0.0	1.0	-1.0	-1.0	-1.0	-1.0	-1.0	-1.0	-1.0	-1.0	0.0	marker	peace	Peace	25	0418
-68533.515	-55662.345	-104715.98999999999	-18526.725	0.0	0.0	0.0	0.0	0.0	0.0	0.0	0.0	0.0	0.0	0.0	0.0	0.0	0.0	145.86206896551727	0.0	0.036315825	-0.02014155	1.02709698	5.73776	-0.3815	-1.2207999999999999	3290827.0	1776544972.096972	0.0	1.0	-1.0	-1.0	-1.0	-1.0	-1.0	-1.0	-1.0	-1.0	0.0	marker	peace	Peace	25	0418
-68565.87	-55657.079999999994	-104764.68	-18576.719999999998	0.0	0.0	0.0	0.0	0.0	0.0	0.0	0.0	0.0	0.0	0.0	0.0	0.0	0.0	145.86206896551727	0.0	0.036315825	-0.02014155	1.02709698	5.73776	-0.3815	-1.2207999999999999	3290828.0	1776544972.097003	0.0	1.0	-1.0	-1.0	-1.0	-1.0	-1.0	-1.0	-1.0	-1.0	0.0	marker	peace	Peace	25	0418
-68596.02	-55653.345	-104784.3	-18590.805	0.0	0.0	0.0	0.0	0.0	0.0	0.0	0.0	0.0	0.0	0.0	0.0	0.0	0.0	145.86206896551727	0.0	0.036315825	-0.02014155	1.02709698	5.73776	-0.3815	-1.2207999999999999	3290829.0	1776544972.100938	0.0	1.0	-1.0	-1.0	-1.0	-1.0	-1.0	-1.0	-1.0	-1.0	0.0	marker	peace	Peace	25	0418
-68599.08	-55646.729999999996	-104780.025	-18581.805	0.0	0.0	0.0	0.0	0.0	0.0	0.0	0.0	0.0	0.0	0.0	0.0	0.0	0.0	145.86206896551727	0.0	0.036315825	-0.02014155	1.02709698	5.73776	-0.3815	-1.2207999999999999	3290830.0	1776544972.100953	0.0	1.0	-1.0	-1.0	-1.0	-1.0	-1.0	-1.0	-1.0	-1.0	0.0	marker	peace	Peace	25	0418
-68570.81999999999	-55650.104999999996	-104758.2	-18570.285	0.0	0.0	0.0	0.0	0.0	0.0	0.0	0.0	0.0	0.0	0.0	0.0	0.0	0.0	145.86206896551727	0.0	0.036315825	-0.02014155	1.02709698	5.73776	-0.3815	-1.2207999999999999	3290831.0	1776544972.105472	0.0	1.0	-1.0	-1.0	-1.0	-1.0	-1.0	-1.0	-1.0	-1.0	0.0	marker	peace	Peace	25	0418
-68561.86499999999	-55650.645	-104741.90999999999	-18564.524999999998	0.0	0.0	0.0	0.0	0.0	0.0	0.0	0.0	0.0	0.0	0.0	0.0	0.0	0.0	145.86206896551727	0.0	0.036315825	-0.02014155	1.02709698	5.73776	-0.3815	-1.2207999999999999	3290832.0	1776544972.105501	0.0	1.0	-1.0	-1.0	-1.0	-1.0	-1.0	-1.0	-1.0	-1.0	0.0	marker	peace	Peace	25	0418
-68566.905	-55653.93	-104749.47	-18565.065	0.0	0.0	0.0	0.0	0.0	0.0	0.0	0.0	0.0	0.0	0.0	0.0	0.0	0.0	145.86206896551727	0.0	0.036315825	-0.02014155	1.02709698	5.73776	-0.3815	-1.2207999999999999	3290833.0	1776544972.109071	0.0	1.0	-1.0	-1.0	-1.0	-1.0	-1.0	-1.0	-1.0	-1.0	0.0	marker	peace	Peace	25	0418
-68557.635	-55645.604999999996	-104750.325	-18556.695	0.0	0.0	0.0	0.0	0.0	0.0	0.0	0.0	0.0	0.0	0.0	0.0	0.0	0.0	145.86206896551727	0.0	0.036315825	-0.02014155	1.02709698	5.73776	-0.3815	-1.2207999999999999	3290834.0	1776544972.109085	0.0	1.0	-1.0	-1.0	-1.0	-1.0	-1.0	-1.0	-1.0	-1.0	0.0	marker	peace	Peace	25	0418
-68565.06	-55637.189999999995	-104739.525	-18558.315	0.0	0.0	0.0	0.0	0.0	0.0	0.0	0.0	0.0	0.0	0.0	0.0	0.0	0.0	145.86206896551727	0.0	0.036315825	-0.02014155	1.02709698	5.73776	-0.3815	-1.2207999999999999	3290835.0	1776544972.113545	0.0	1.0	-1.0	-1.0	-1.0	-1.0	-1.0	-1.0	-1.0	-1.0	0.0	marker	peace	Peace	25	0418
-68555.52	-55623.6	-104726.295	-18550.62	0.0	0.0	0.0	0.0	0.0	0.0	0.0	0.0	0.0	0.0	0.0	0.0	0.0	0.0	145.86206896551727	0.0	0.036315825	-0.02014155	1.02709698	5.73776	-0.3815	-1.2207999999999999	3290836.0	1776544972.113569	0.0	1.0	-1.0	-1.0	-1.0	-1.0	-1.0	-1.0	-1.0	-1.0	0.0	marker	peace	Peace	25	0418
-68549.715	-55611.314999999995	-104745.95999999999	-18559.8	0.0	0.0	0.0	0.0	0.0	0.0	0.0	0.0	0.0	0.0	0.0	0.0	0.0	0.0	145.86206896551727	0.0	0.03808584	-0.00903318	1.02197004	3.37246	-0.50358	-0.73248	3290837.0	1776544972.117085	0.0	1.0	-1.0	-1.0	-1.0	-1.0	-1.0	-1.0	-1.0	-1.0	0.0	marker	peace	Peace	25	0418
-68588.45999999999	-55607.49	-104773.00499999999	-18584.505	0.0	0.0	0.0	0.0	0.0	0.0	0.0	0.0	0.0	0.0	0.0	0.0	0.0	0.0	145.86206896551727	0.0	0.03808584	-0.00903318	1.02197004	3.37246	-0.50358	-0.73248	3290838.0	1776544972.117107	0.0	1.0	-1.0	-1.0	-1.0	-1.0	-1.0	-1.0	-1.0	-1.0	0.0	marker	peace	Peace	25	0418
-68547.51	-55607.805	-104734.575	-18558.945	0.0	0.0	0.0	0.0	0.0	0.0	0.0	0.0	0.0	0.0	0.0	0.0	0.0	0.0	145.86206896551727	0.0	0.03808584	-0.00903318	1.02197004	3.37246	-0.50358	-0.73248	3290839.0	1776544972.121077	0.0	1.0	-1.0	-1.0	-1.0	-1.0	-1.0	-1.0	-1.0	-1.0	0.0	marker	peace	Peace	25	0418
-68536.89	-55607.939999999995	-104704.965	-18542.07	0.0	0.0	0.0	0.0	0.0	0.0	0.0	0.0	0.0	0.0	0.0	0.0	0.0	0.0	145.86206896551727	0.0	0.03808584	-0.00903318	1.02197004	3.37246	-0.50358	-0.73248	3290840.0	1776544972.121114	0.0	1.0	-1.0	-1.0	-1.0	-1.0	-1.0	-1.0	-1.0	-1.0	0.0	marker	peace	Peace	25	0418
-68566.23	-55604.475	-104729.265	-18562.815	0.0	0.0	0.0	0.0	0.0	0.0	0.0	0.0	0.0	0.0	0.0	0.0	0.0	0.0	145.86206896551727	0.0	0.03808584	-0.00903318	1.02197004	3.37246	-0.50358	-0.73248	3290841.0	1776544972.124996	0.0	1.0	-1.0	-1.0	-1.0	-1.0	-1.0	-1.0	-1.0	-1.0	0.0	marker	peace	Peace	25	0418
-68554.26	-55599.884999999995	-104747.48999999999	-18569.565	0.0	0.0	0.0	0.0	0.0	0.0	0.0	0.0	0.0	0.0	0.0	0.0	0.0	0.0	145.86206896551727	0.0	0.03808584	-0.00903318	1.02197004	3.37246	-0.50358	-0.73248	3290842.0	1776544972.125014	0.0	1.0	-1.0	-1.0	-1.0	-1.0	-1.0	-1.0	-1.0	-1.0	0.0	marker	peace	Peace	25	0418
-68567.58	-55594.305	-104775.84	-18583.155	0.0	0.0	0.0	0.0	0.0	0.0	0.0	0.0	0.0	0.0	0.0	0.0	0.0	0.0	145.86206896551727	0.0	0.03808584	-0.00903318	1.02197004	3.37246	-0.50358	-0.73248	3290843.0	1776544972.129159	0.0	1.0	-1.0	-1.0	-1.0	-1.0	-1.0	-1.0	-1.0	-1.0	0.0	marker	peace	Peace	25	0418
-68559.20999999999	-55575.18	-104773.545	-18576.54	0.0	0.0	0.0	0.0	0.0	0.0	0.0	0.0	0.0	0.0	0.0	0.0	0.0	0.0	145.86206896551727	0.0	0.03808584	-0.00903318	1.02197004	3.37246	-0.50358	-0.73248	3290844.0	1776544972.129174	0.0	1.0	-1.0	-1.0	-1.0	-1.0	-1.0	-1.0	-1.0	-1.0	0.0	marker	peace	Peace	25	0418
-68562.94499999999	-55565.369999999995	-104760.675	-18575.055	0.0	0.0	0.0	0.0	0.0	0.0	0.0	0.0	0.0	0.0	0.0	0.0	0.0	0.0	145.86206896551727	0.0	0.03808584	-0.00903318	1.02197004	3.37246	-0.50358	-0.73248	3290845.0	1776544972.133137	0.0	1.0	-1.0	-1.0	-1.0	-1.0	-1.0	-1.0	-1.0	-1.0	0.0	marker	peace	Peace	25	0418
-68588.055	-55561.77	-104741.19	-18569.204999999998	0.0	0.0	0.0	0.0	0.0	0.0	0.0	0.0	0.0	0.0	0.0	0.0	0.0	0.0	145.86206896551727	0.0	0.03808584	-0.00903318	1.02197004	3.37246	-0.50358	-0.73248	3290846.0	1776544972.13316	0.0	1.0	-1.0	-1.0	-1.0	-1.0	-1.0	-1.0	-1.0	-1.0	0.0	marker	peace	Peace	25	0418
-68572.935	-55566.63	-104752.8	-18566.864999999998	0.0	0.0	0.0	0.0	0.0	0.0	0.0	0.0	0.0	0.0	0.0	0.0	0.0	0.0	145.86206896551727	0.0	0.040099995	-0.00659178	1.021176585	1.46496	-0.03052	0.33571999999999996	3290847.0	1776544972.137228	0.0	1.0	-1.0	-1.0	-1.0	-1.0	-1.0	-1.0	-1.0	-1.0	0.0	marker	peace	Peace	25	0418
-68579.37	-55580.85	-104771.655	-18586.844999999998	0.0	0.0	0.0	0.0	0.0	0.0	0.0	0.0	0.0	0.0	0.0	0.0	0.0	0.0	145.86206896551727	0.0	0.040099995	-0.00659178	1.021176585	1.46496	-0.03052	0.33571999999999996	3290848.0	1776544972.137265	0.0	1.0	-1.0	-1.0	-1.0	-1.0	-1.0	-1.0	-1.0	-1.0	0.0	marker	peace	Peace	25	0418
-68556.19499999999	-55591.38	-104736.375	-18558.045	0.0	0.0	0.0	0.0	0.0	0.0	0.0	0.0	0.0	0.0	0.0	0.0	0.0	0.0	145.86206896551727	0.0	0.040099995	-0.00659178	1.021176585	1.46496	-0.03052	0.33571999999999996	3290849.0	1776544972.141032	0.0	1.0	-1.0	-1.0	-1.0	-1.0	-1.0	-1.0	-1.0	-1.0	0.0	marker	peace	Peace	25	0418
-68539.77	-55594.35	-104705.81999999999	-18525.149999999998	0.0	0.0	0.0	0.0	0.0	0.0	0.0	0.0	0.0	0.0	0.0	0.0	0.0	0.0	145.86206896551727	0.0	0.040099995	-0.00659178	1.021176585	1.46496	-0.03052	0.33571999999999996	3290850.0	1776544972.141044	0.0	1.0	-1.0	-1.0	-1.0	-1.0	-1.0	-1.0	-1.0	-1.0	0.0	marker	peace	Peace	25	0418
-68503.77	-55582.29	-104666.58	-18490.545	0.0	0.0	0.0	0.0	0.0	0.0	0.0	0.0	0.0	0.0	0.0	0.0	0.0	0.0	145.86206896551727	0.0	0.040099995	-0.00659178	1.021176585	1.46496	-0.03052	0.33571999999999996	3290851.0	1776544972.145059	0.0	1.0	-1.0	-1.0	-1.0	-1.0	-1.0	-1.0	-1.0	-1.0	0.0	marker	peace	Peace	25	0418
-68580.315	-55571.13	-104740.065	-18577.26	0.0	0.0	0.0	0.0	0.0	0.0	0.0	0.0	0.0	0.0	0.0	0.0	0.0	0.0	145.86206896551727	0.0	0.040099995	-0.00659178	1.021176585	1.46496	-0.03052	0.33571999999999996	3290852.0	1776544972.145069	0.0	1.0	-1.0	-1.0	-1.0	-1.0	-1.0	-1.0	-1.0	-1.0	0.0	marker	peace	Peace	25	0418
-68620.59	-55587.104999999996	-104788.215	-18606.285	0.0	0.0	0.0	0.0	0.0	0.0	0.0	0.0	0.0	0.0	0.0	0.0	0.0	0.0	145.86206896551727	0.0	0.040099995	-0.00659178	1.021176585	1.46496	-0.03052	0.33571999999999996	3290853.0	1776544972.151144	0.0	1.0	-1.0	-1.0	-1.0	-1.0	-1.0	-1.0	-1.0	-1.0	0.0	marker	peace	Peace	25	0418
-68583.915	-55591.695	-104781.42	-18595.44	0.0	0.0	0.0	0.0	0.0	0.0	0.0	0.0	0.0	0.0	0.0	0.0	0.0	0.0	145.86206896551727	0.0	0.040099995	-0.00659178	1.021176585	1.46496	-0.03052	0.33571999999999996	3290854.0	1776544972.151155	0.0	1.0	-1.0	-1.0	-1.0	-1.0	-1.0	-1.0	-1.0	-1.0	0.0	marker	peace	Peace	25	0418
-68580.495	-55596.24	-104772.64499999999	-18602.19	0.0	0.0	0.0	0.0	0.0	0.0	0.0	0.0	0.0	0.0	0.0	0.0	0.0	0.0	145.86206896551727	0.0	0.040099995	-0.00659178	1.021176585	1.46496	-0.03052	0.33571999999999996	3290855.0	1776544972.157309	0.0	1.0	-1.0	-1.0	-1.0	-1.0	-1.0	-1.0	-1.0	-1.0	0.0	marker	peace	Peace	25	0418
-68509.755	-55600.064999999995	-104698.845	-18528.21	0.0	0.0	0.0	0.0	0.0	0.0	0.0	0.0	0.0	0.0	0.0	0.0	0.0	0.0	145.86206896551727	0.0	0.040099995	-0.00659178	1.021176585	1.46496	-0.03052	0.33571999999999996	3290856.0	1776544972.157333	0.0	1.0	-1.0	-1.0	-1.0	-1.0	-1.0	-1.0	-1.0	-1.0	0.0	marker	peace	Peace	25	0418
-68472.765	-55606.95	-104671.75499999999	-18473.309999999998	0.0	0.0	0.0	0.0	0.0	0.0	0.0	0.0	0.0	0.0	0.0	0.0	0.0	0.0	145.86206896551727	0.0	0.03930654	-0.019103955	1.01891829	3.4335	-0.15259999999999999	-0.71722	3290857.0	1776544972.157355	0.0	1.0	-1.0	-1.0	-1.0	-1.0	-1.0	-1.0	-1.0	-1.0	0.0	marker	peace	Peace	25	0418
-68530.59	-55611.494999999995	-104723.775	-18521.954999999998	0.0	0.0	0.0	0.0	0.0	0.0	0.0	0.0	0.0	0.0	0.0	0.0	0.0	0.0	145.86206896551727	0.0	0.03930654	-0.019103955	1.01891829	3.4335	-0.15259999999999999	-0.71722	3290858.0	1776544972.157365	0.0	1.0	-1.0	-1.0	-1.0	-1.0	-1.0	-1.0	-1.0	-1.0	0.0	marker	peace	Peace	25	0418
-68532.97499999999	-55617.884999999995	-104720.31	-18538.92	0.0	0.0	0.0	0.0	0.0	0.0	0.0	0.0	0.0	0.0	0.0	0.0	0.0	0.0	145.86206896551727	0.0	0.03930654	-0.019103955	1.01891829	3.4335	-0.15259999999999999	-0.71722	3290859.0	1776544972.161262	0.0	1.0	-1.0	-1.0	-1.0	-1.0	-1.0	-1.0	-1.0	-1.0	0.0	marker	peace	Peace	25	0418
-68617.53	-55624.32	-104789.06999999999	-18612.719999999998	0.0	0.0	0.0	0.0	0.0	0.0	0.0	0.0	0.0	0.0	0.0	0.0	0.0	0.0	145.86206896551727	0.0	0.03930654	-0.019103955	1.01891829	3.4335	-0.15259999999999999	-0.71722	3290860.0	1776544972.161277	0.0	1.0	-1.0	-1.0	-1.0	-1.0	-1.0	-1.0	-1.0	-1.0	0.0	marker	peace	Peace	25	0418
-68620.72499999999	-55616.174999999996	-104781.78	-18608.535	0.0	0.0	0.0	0.0	0.0	0.0	0.0	0.0	0.0	0.0	0.0	0.0	0.0	0.0	145.86206896551727	0.0	0.03930654	-0.019103955	1.01891829	3.4335	-0.15259999999999999	-0.71722	3290861.0	1776544972.165251	0.0	1.0	-1.0	-1.0	-1.0	-1.0	-1.0	-1.0	-1.0	-1.0	0.0	marker	peace	Peace	25	0418
-68601.645	-55611.63	-104779.34999999999	-18587.61	0.0	0.0	0.0	0.0	0.0	0.0	0.0	0.0	0.0	0.0	0.0	0.0	0.0	0.0	145.86206896551727	0.0	0.03930654	-0.019103955	1.01891829	3.4335	-0.15259999999999999	-0.71722	3290862.0	1776544972.165293	0.0	1.0	-1.0	-1.0	-1.0	-1.0	-1.0	-1.0	-1.0	-1.0	0.0	marker	peace	Peace	25	0418
-68590.395	-55609.29	-104772.015	-18579.42	0.0	0.0	0.0	0.0	0.0	0.0	0.0	0.0	0.0	0.0	0.0	0.0	0.0	0.0	145.86206896551727	0.0	0.03930654	-0.019103955	1.01891829	3.4335	-0.15259999999999999	-0.71722	3290863.0	1776544972.169215	0.0	1.0	-1.0	-1.0	-1.0	-1.0	-1.0	-1.0	-1.0	-1.0	0.0	marker	peace	Peace	25	0418
-68598.63	-55614.195	-104756.67	-18577.305	0.0	0.0	0.0	0.0	0.0	0.0	0.0	0.0	0.0	0.0	0.0	0.0	0.0	0.0	145.86206896551727	0.0	0.03930654	-0.019103955	1.01891829	3.4335	-0.15259999999999999	-0.71722	3290864.0	1776544972.169243	0.0	1.0	-1.0	-1.0	-1.0	-1.0	-1.0	-1.0	-1.0	-1.0	0.0	marker	peace	Peace	25	0418
-68579.45999999999	-55623.329999999994	-104741.81999999999	-18567.719999999998	0.0	0.0	0.0	0.0	0.0	0.0	0.0	0.0	0.0	0.0	0.0	0.0	0.0	0.0	145.86206896551727	0.0	0.03930654	-0.019103955	1.01891829	3.4335	-0.15259999999999999	-0.71722	3290865.0	1776544972.173109	0.0	1.0	-1.0	-1.0	-1.0	-1.0	-1.0	-1.0	-1.0	-1.0	0.0	marker	peace	Peace	25	0418
-68548.36499999999	-55632.375	-104702.22	-18549.945	0.0	0.0	0.0	0.0	0.0	0.0	0.0	0.0	0.0	0.0	0.0	0.0	0.0	0.0	145.86206896551727	0.0	0.03930654	-0.019103955	1.01891829	3.4335	-0.15259999999999999	-0.71722	3290866.0	1776544972.173122	0.0	1.0	-1.0	-1.0	-1.0	-1.0	-1.0	-1.0	-1.0	-1.0	0.0	marker	peace	Peace	25	0418
-68564.88	-55636.56	-104740.83	-18569.969999999998	0.0	0.0	0.0	0.0	0.0	0.0	0.0	0.0	0.0	0.0	0.0	0.0	0.0	0.0	145.86206896551727	0.0	0.04052724	-0.020568795	1.014828945	3.9981199999999997	-0.3815	-0.763	3290867.0	1776544972.180449	0.0	1.0	-1.0	-1.0	-1.0	-1.0	-1.0	-1.0	-1.0	-1.0	0.0	marker	peace	Peace	25	0418
-68571.18	-55646.235	-104755.23	-18578.34	0.0	0.0	0.0	0.0	0.0	0.0	0.0	0.0	0.0	0.0	0.0	0.0	0.0	0.0	145.86206896551727	0.0	0.04052724	-0.020568795	1.014828945	3.9981199999999997	-0.3815	-0.763	3290868.0	1776544972.180486	0.0	1.0	-1.0	-1.0	-1.0	-1.0	-1.0	-1.0	-1.0	-1.0	0.0	marker	peace	Peace	25	0418
-68561.775	-55644.345	-104735.34	-18560.7	0.0	0.0	0.0	0.0	0.0	0.0	0.0	0.0	0.0	0.0	0.0	0.0	0.0	0.0	145.86206896551727	0.0	0.04052724	-0.020568795	1.014828945	3.9981199999999997	-0.3815	-0.763	3290869.0	1776544972.181272	0.0	1.0	-1.0	-1.0	-1.0	-1.0	-1.0	-1.0	-1.0	-1.0	0.0	marker	peace	Peace	25	0418
-68571.72	-55641.329999999994	-104770.26	-18570.195	0.0	0.0	0.0	0.0	0.0	0.0	0.0	0.0	0.0	0.0	0.0	0.0	0.0	0.0	145.86206896551727	0.0	0.04052724	-0.020568795	1.014828945	3.9981199999999997	-0.3815	-0.763	3290870.0	1776544972.181285	0.0	1.0	-1.0	-1.0	-1.0	-1.0	-1.0	-1.0	-1.0	-1.0	0.0	marker	peace	Peace	25	0418
-68567.805	-55644.255	-104781.105	-18575.28	0.0	0.0	0.0	0.0	0.0	0.0	0.0	0.0	0.0	0.0	0.0	0.0	0.0	0.0	145.86206896551727	0.0	0.04052724	-0.020568795	1.014828945	3.9981199999999997	-0.3815	-0.763	3290871.0	1776544972.18542	0.0	1.0	-1.0	-1.0	-1.0	-1.0	-1.0	-1.0	-1.0	-1.0	0.0	marker	peace	Peace	25	0418
-68553.855	-55642.32	-104753.925	-18555.39	0.0	0.0	0.0	0.0	0.0	0.0	0.0	0.0	0.0	0.0	0.0	0.0	0.0	0.0	145.86206896551727	0.0	0.04052724	-0.020568795	1.014828945	3.9981199999999997	-0.3815	-0.763	3290872.0	1776544972.185447	0.0	1.0	-1.0	-1.0	-1.0	-1.0	-1.0	-1.0	-1.0	-1.0	0.0	marker	peace	Peace	25	0418
-68531.22	-55638.854999999996	-104718.42	-18528.614999999998	0.0	0.0	0.0	0.0	0.0	0.0	0.0	0.0	0.0	0.0	0.0	0.0	0.0	0.0	145.86206896551727	0.0	0.04052724	-0.020568795	1.014828945	3.9981199999999997	-0.3815	-0.763	3290873.0	1776544972.189276	0.0	1.0	-1.0	-1.0	-1.0	-1.0	-1.0	-1.0	-1.0	-1.0	0.0	marker	peace	Peace	25	0418
-68564.745	-55646.055	-104746.72499999999	-18563.489999999998	0.0	0.0	0.0	0.0	0.0	0.0	0.0	0.0	0.0	0.0	0.0	0.0	0.0	0.0	145.86206896551727	0.0	0.04052724	-0.020568795	1.014828945	3.9981199999999997	-0.3815	-0.763	3290874.0	1776544972.189291	0.0	1.0	-1.0	-1.0	-1.0	-1.0	-1.0	-1.0	-1.0	-1.0	0.0	marker	peace	Peace	25	0418
-68585.31	-55644.119999999995	-104778.765	-18606.105	0.0	0.0	0.0	0.0	0.0	0.0	0.0	0.0	0.0	0.0	0.0	0.0	0.0	0.0	145.86206896551727	0.0	0.04052724	-0.020568795	1.014828945	3.9981199999999997	-0.3815	-0.763	3290875.0	1776544972.19329	0.0	1.0	-1.0	-1.0	-1.0	-1.0	-1.0	-1.0	-1.0	-1.0	0.0	marker	peace	Peace	25	0418
-68555.06999999999	-55644.255	-104751.0	-18578.475	0.0	0.0	0.0	0.0	0.0	0.0	0.0	0.0	0.0	0.0	0.0	0.0	0.0	0.0	145.86206896551727	0.0	0.04052724	-0.020568795	1.014828945	3.9981199999999997	-0.3815	-0.763	3290876.0	1776544972.193308	0.0	1.0	-1.0	-1.0	-1.0	-1.0	-1.0	-1.0	-1.0	-1.0	0.0	marker	peace	Peace	25	0418
-68537.52	-55645.064999999995	-104717.11499999999	-18539.505	0.0	0.0	0.0	0.0	0.0	0.0	0.0	0.0	0.0	0.0	0.0	0.0	0.0	0.0	145.86206896551727	0.0	0.03832998	-0.010681125	1.01794173	2.7468	-0.30519999999999997	-0.19838	3290877.0	1776544972.197295	0.0	1.0	-1.0	-1.0	-1.0	-1.0	-1.0	-1.0	-1.0	-1.0	0.0	marker	peace	Peace	25	0418
-68552.55	-55635.39	-104710.905	-18528.255	0.0	0.0	0.0	0.0	0.0	0.0	0.0	0.0	0.0	0.0	0.0	0.0	0.0	0.0	145.86206896551727	0.0	0.03832998	-0.010681125	1.01794173	2.7468	-0.30519999999999997	-0.19838	3290878.0	1776544972.197328	0.0	1.0	-1.0	-1.0	-1.0	-1.0	-1.0	-1.0	-1.0	-1.0	0.0	marker	peace	Peace	25	0418
-68555.655	-55635.57	-104740.245	-18551.88	0.0	0.0	0.0	0.0	0.0	0.0	0.0	0.0	0.0	0.0	0.0	0.0	0.0	0.0	145.86206896551727	0.0	0.03832998	-0.010681125	1.01794173	2.7468	-0.30519999999999997	-0.19838	3290879.0	1776544972.201331	0.0	1.0	-1.0	-1.0	-1.0	-1.0	-1.0	-1.0	-1.0	-1.0	0.0	marker	peace	Peace	25	0418
-68569.47	-55643.04	-104757.12	-18573.795	0.0	0.0	0.0	0.0	0.0	0.0	0.0	0.0	0.0	0.0	0.0	0.0	0.0	0.0	145.86206896551727	0.0	0.03832998	-0.010681125	1.01794173	2.7468	-0.30519999999999997	-0.19838	3290880.0	1776544972.201348	0.0	1.0	-1.0	-1.0	-1.0	-1.0	-1.0	-1.0	-1.0	-1.0	0.0	marker	peace	Peace	25	0418
-68569.65	-55655.954999999994	-104735.205	-18575.505	0.0	0.0	0.0	0.0	0.0	0.0	0.0	0.0	0.0	0.0	0.0	0.0	0.0	0.0	145.86206896551727	0.0	0.03832998	-0.010681125	1.01794173	2.7468	-0.30519999999999997	-0.19838	3290881.0	1776544972.205255	0.0	1.0	-1.0	-1.0	-1.0	-1.0	-1.0	-1.0	-1.0	-1.0	0.0	marker	peace	Peace	25	0418
-68566.545	-55662.659999999996	-104733.765	-18580.59	0.0	0.0	0.0	0.0	0.0	0.0	0.0	0.0	0.0	0.0	0.0	0.0	0.0	0.0	145.86206896551727	0.0	0.03832998	-0.010681125	1.01794173	2.7468	-0.30519999999999997	-0.19838	3290882.0	1776544972.205278	0.0	1.0	-1.0	-1.0	-1.0	-1.0	-1.0	-1.0	-1.0	-1.0	0.0	marker	peace	Peace	25	0418
-68566.59	-55658.88	-104748.84	-18565.739999999998	0.0	0.0	0.0	0.0	0.0	0.0	0.0	0.0	0.0	0.0	0.0	0.0	0.0	0.0	145.86206896551727	0.0	0.03832998	-0.010681125	1.01794173	2.7468	-0.30519999999999997	-0.19838	3290883.0	1776544972.209271	0.0	1.0	-1.0	-1.0	-1.0	-1.0	-1.0	-1.0	-1.0	-1.0	0.0	marker	peace	Peace	25	0418
-68587.83	-55650.15	-104793.345	-18587.16	0.0	0.0	0.0	0.0	0.0	0.0	0.0	0.0	0.0	0.0	0.0	0.0	0.0	0.0	145.86206896551727	0.0	0.03832998	-0.010681125	1.01794173	2.7468	-0.30519999999999997	-0.19838	3290884.0	1776544972.209284	0.0	1.0	-1.0	-1.0	-1.0	-1.0	-1.0	-1.0	-1.0	-1.0	0.0	marker	peace	Peace	25	0418
-68572.26	-55638.045	-104767.69499999999	-18570.465	0.0	0.0	0.0	0.0	0.0	0.0	0.0	0.0	0.0	0.0	0.0	0.0	0.0	0.0	145.86206896551727	0.0	0.03832998	-0.010681125	1.01794173	2.7468	-0.30519999999999997	-0.19838	3290885.0	1776544972.213299	0.0	1.0	-1.0	-1.0	-1.0	-1.0	-1.0	-1.0	-1.0	-1.0	0.0	marker	peace	Peace	25	0418
-68536.98	-55640.43	-104707.53	-18534.285	0.0	0.0	0.0	0.0	0.0	0.0	0.0	0.0	0.0	0.0	0.0	0.0	0.0	0.0	145.86206896551727	0.0	0.03832998	-0.010681125	1.01794173	2.7468	-0.30519999999999997	-0.19838	3290886.0	1776544972.213326	0.0	1.0	-1.0	-1.0	-1.0	-1.0	-1.0	-1.0	-1.0	-1.0	0.0	marker	peace	Peace	25	0418
-68534.81999999999	-55646.595	-104728.31999999999	-18541.98	0.0	0.0	0.0	0.0	0.0	0.0	0.0	0.0	0.0	0.0	0.0	0.0	0.0	0.0	145.86206896551727	0.0	0.040344135	-0.008483865	1.015317225	0.71722	-0.03052	0.3815	3290887.0	1776544972.217331	0.0	1.0	-1.0	-1.0	-1.0	-1.0	-1.0	-1.0	-1.0	-1.0	0.0	marker	peace	Peace	25	0418
-68562.855	-55646.325	-104755.275	-18562.905	0.0	0.0	0.0	0.0	0.0	0.0	0.0	0.0	0.0	0.0	0.0	0.0	0.0	0.0	145.86206896551727	0.0	0.040344135	-0.008483865	1.015317225	0.71722	-0.03052	0.3815	3290888.0	1776544972.217385	0.0	1.0	-1.0	-1.0	-1.0	-1.0	-1.0	-1.0	-1.0	-1.0	0.0	marker	peace	Peace	25	0418
-68578.38	-55653.03	-104763.915	-18583.065	0.0	0.0	0.0	0.0	0.0	0.0	0.0	0.0	0.0	0.0	0.0	0.0	0.0	0.0	145.86206896551727	0.0	0.040344135	-0.008483865	1.015317225	0.71722	-0.03052	0.3815	3290889.0	1776544972.22141	0.0	1.0	-1.0	-1.0	-1.0	-1.0	-1.0	-1.0	-1.0	-1.0	0.0	marker	peace	Peace	25	0418
-68572.035	-55662.03	-104754.33	-18572.085	0.0	0.0	0.0	0.0	0.0	0.0	0.0	0.0	0.0	0.0	0.0	0.0	0.0	0.0	145.86206896551727	0.0	0.040344135	-0.008483865	1.015317225	0.71722	-0.03052	0.3815	3290890.0	1776544972.221434	0.0	1.0	-1.0	-1.0	-1.0	-1.0	-1.0	-1.0	-1.0	-1.0	0.0	marker	peace	Peace	25	0418
-68548.59	-55656.09	-104752.98	-18574.38	0.0	0.0	0.0	0.0	0.0	0.0	0.0	0.0	0.0	0.0	0.0	0.0	0.0	0.0	145.86206896551727	0.0	0.040344135	-0.008483865	1.015317225	0.71722	-0.03052	0.3815	3290891.0	1776544972.225342	0.0	1.0	-1.0	-1.0	-1.0	-1.0	-1.0	-1.0	-1.0	-1.0	0.0	marker	peace	Peace	25	0418
-68561.145	-55655.64	-104744.47499999999	-18553.815	0.0	0.0	0.0	0.0	0.0	0.0	0.0	0.0	0.0	0.0	0.0	0.0	0.0	0.0	145.86206896551727	0.0	0.040344135	-0.008483865	1.015317225	0.71722	-0.03052	0.3815	3290892.0	1776544972.225356	0.0	1.0	-1.0	-1.0	-1.0	-1.0	-1.0	-1.0	-1.0	-1.0	0.0	marker	peace	Peace	25	0418
-68639.22	-55666.439999999995	-104796.855	-18595.215	0.0	0.0	0.0	0.0	0.0	0.0	0.0	0.0	0.0	0.0	0.0	0.0	0.0	0.0	145.86206896551727	0.0	0.040344135	-0.008483865	1.015317225	0.71722	-0.03052	0.3815	3290893.0	1776544972.231163	0.0	1.0	-1.0	-1.0	-1.0	-1.0	-1.0	-1.0	-1.0	-1.0	0.0	marker	peace	Peace	25	0418
-68558.04	-55660.725	-104728.00499999999	-18542.61	0.0	0.0	0.0	0.0	0.0	0.0	0.0	0.0	0.0	0.0	0.0	0.0	0.0	0.0	145.86206896551727	0.0	0.040344135	-0.008483865	1.015317225	0.71722	-0.03052	0.3815	3290894.0	1776544972.231183	0.0	1.0	-1.0	-1.0	-1.0	-1.0	-1.0	-1.0	-1.0	-1.0	0.0	marker	peace	Peace	25	0418
-68467.005	-55658.295	-104653.89	-18470.969999999998	0.0	0.0	0.0	0.0	0.0	0.0	0.0	0.0	0.0	0.0	0.0	0.0	0.0	0.0	145.86206896551727	0.0	0.040344135	-0.008483865	1.015317225	0.71722	-0.03052	0.3815	3290895.0	1776544972.233343	0.0	1.0	-1.0	-1.0	-1.0	-1.0	-1.0	-1.0	-1.0	-1.0	0.0	marker	peace	Peace	25	0418
-68504.58	-55662.525	-104700.105	-18525.239999999998	0.0	0.0	0.0	0.0	0.0	0.0	0.0	0.0	0.0	0.0	0.0	0.0	0.0	0.0	145.86206896551727	0.0	0.040344135	-0.008483865	1.015317225	0.71722	-0.03052	0.3815	3290896.0	1776544972.233356	0.0	1.0	-1.0	-1.0	-1.0	-1.0	-1.0	-1.0	-1.0	-1.0	0.0	marker	peace	Peace	25	0418
-68585.715	-55673.909999999996	-104762.565	-18600.255	0.0	0.0	0.0	0.0	0.0	0.0	0.0	0.0	0.0	0.0	0.0	0.0	0.0	0.0	145.86206896551727	0.0	0.045226935	-0.01000974	1.0107396	0.763	1.11398	0.62566	3290897.0	1776544972.237503	0.0	1.0	-1.0	-1.0	-1.0	-1.0	-1.0	-1.0	-1.0	-1.0	0.0	marker	peace	Peace	25	0418
-68607.54	-55681.47	-104788.53	-18624.42	0.0	0.0	0.0	0.0	0.0	0.0	0.0	0.0	0.0	0.0	0.0	0.0	0.0	0.0	145.86206896551727	0.0	0.045226935	-0.01000974	1.0107396	0.763	1.11398	0.62566	3290898.0	1776544972.237529	0.0	1.0	-1.0	-1.0	-1.0	-1.0	-1.0	-1.0	-1.0	-1.0	0.0	marker	peace	Peace	25	0418
-68609.06999999999	-55681.38	-104779.53	-18591.165	0.0	0.0	0.0	0.0	0.0	0.0	0.0	0.0	0.0	0.0	0.0	0.0	0.0	0.0	145.86206896551727	0.0	0.045226935	-0.01000974	1.0107396	0.763	1.11398	0.62566	3290899.0	1776544972.241606	0.0	1.0	-1.0	-1.0	-1.0	-1.0	-1.0	-1.0	-1.0	-1.0	0.0	marker	peace	Peace	25	0418
-68596.785	-55679.265	-104774.67	-18581.13	0.0	0.0	0.0	0.0	0.0	0.0	0.0	0.0	0.0	0.0	0.0	0.0	0.0	0.0	145.86206896551727	0.0	0.045226935	-0.01000974	1.0107396	0.763	1.11398	0.62566	3290900.0	1776544972.241617	0.0	1.0	-1.0	-1.0	-1.0	-1.0	-1.0	-1.0	-1.0	-1.0	0.0	marker	peace	Peace	25	0418
-68582.52	-55678.545	-104759.415	-18574.785	0.0	0.0	0.0	0.0	0.0	0.0	0.0	0.0	0.0	0.0	0.0	0.0	0.0	0.0	145.86206896551727	0.0	0.045226935	-0.01000974	1.0107396	0.763	1.11398	0.62566	3290901.0	1776544972.245475	0.0	1.0	-1.0	-1.0	-1.0	-1.0	-1.0	-1.0	-1.0	-1.0	0.0	marker	peace	Peace	25	0418
-68580.045	-55664.415	-104756.22	-18581.175	0.0	0.0	0.0	0.0	0.0	0.0	0.0	0.0	0.0	0.0	0.0	0.0	0.0	0.0	146.0	0.0	0.045226935	-0.01000974	1.0107396	0.763	1.11398	0.62566	3290902.0	1776544972.24549	0.0	1.0	-1.0	-1.0	-1.0	-1.0	-1.0	-1.0	-1.0	-1.0	0.0	marker	peace	Peace	25	0418
-68580.18	-55653.119999999995	-104768.37	-18586.079999999998	0.0	0.0	0.0	0.0	0.0	0.0	0.0	0.0	0.0	0.0	0.0	0.0	0.0	0.0	146.0	0.0	0.045226935	-0.01000974	1.0107396	0.763	1.11398	0.62566	3290903.0	1776544972.249636	0.0	1.0	-1.0	-1.0	-1.0	-1.0	-1.0	-1.0	-1.0	-1.0	0.0	marker	peace	Peace	25	0418
-68571.315	-55651.86	-104766.03	-18571.59	0.0	0.0	0.0	0.0	0.0	0.0	0.0	0.0	0.0	0.0	0.0	0.0	0.0	0.0	146.0	0.0	0.045226935	-0.01000974	1.0107396	0.763	1.11398	0.62566	3290904.0	1776544972.24966	0.0	1.0	-1.0	-1.0	-1.0	-1.0	-1.0	-1.0	-1.0	-1.0	0.0	marker	peace	Peace	25	0418
-68564.745	-55651.905	-104757.12	-18567.045	0.0	0.0	0.0	0.0	0.0	0.0	0.0	0.0	0.0	0.0	0.0	0.0	0.0	0.0	146.0	0.0	0.045226935	-0.01000974	1.0107396	0.763	1.11398	0.62566	3290905.0	1776544972.253454	0.0	1.0	-1.0	-1.0	-1.0	-1.0	-1.0	-1.0	-1.0	-1.0	0.0	marker	peace	Peace	25	0418
-68549.895	-55647.945	-104740.245	-18559.215	0.0	0.0	0.0	0.0	0.0	0.0	0.0	0.0	0.0	0.0	0.0	0.0	0.0	0.0	146.0	0.0	0.045226935	-0.01000974	1.0107396	0.763	1.11398	0.62566	3290906.0	1776544972.253488	0.0	1.0	-1.0	-1.0	-1.0	-1.0	-1.0	-1.0	-1.0	-1.0	0.0	marker	peace	Peace	25	0418
-68555.745	-55664.369999999995	-104739.435	-18558.405	0.0	0.0	0.0	0.0	0.0	0.0	0.0	0.0	0.0	0.0	0.0	0.0	0.0	0.0	146.0	0.0	0.044128305	-0.013000455000000001	1.01025132	-0.8087799999999999	1.0224199999999999	1.3428799999999999	3290907.0	1776544972.257417	0.0	1.0	-1.0	-1.0	-1.0	-1.0	-1.0	-1.0	-1.0	-1.0	0.0	marker	peace	Peace	25	0418
-68595.20999999999	-55681.92	-104775.795	-18583.695	0.0	0.0	0.0	0.0	0.0	0.0	0.0	0.0	0.0	0.0	0.0	0.0	0.0	0.0	146.0	0.0	0.044128305	-0.013000455000000001	1.01025132	-0.8087799999999999	1.0224199999999999	1.3428799999999999	3290908.0	1776544972.257428	0.0	1.0	-1.0	-1.0	-1.0	-1.0	-1.0	-1.0	-1.0	-1.0	0.0	marker	peace	Peace	25	0418
-68584.995	-55683.945	-104758.965	-18577.53	0.0	0.0	0.0	0.0	0.0	0.0	0.0	0.0	0.0	0.0	0.0	0.0	0.0	0.0	146.0	0.0	0.044128305	-0.013000455000000001	1.01025132	-0.8087799999999999	1.0224199999999999	1.3428799999999999	3290909.0	1776544972.261526	0.0	1.0	-1.0	-1.0	-1.0	-1.0	-1.0	-1.0	-1.0	-1.0	0.0	marker	peace	Peace	25	0418
-68568.56999999999	-55685.52	-104725.845	-18571.005	0.0	0.0	0.0	0.0	0.0	0.0	0.0	0.0	0.0	0.0	0.0	0.0	0.0	0.0	146.0	0.0	0.044128305	-0.013000455000000001	1.01025132	-0.8087799999999999	1.0224199999999999	1.3428799999999999	3290910.0	1776544972.261538	0.0	1.0	-1.0	-1.0	-1.0	-1.0	-1.0	-1.0	-1.0	-1.0	0.0	marker	peace	Peace	25	0418
-68530.14	-55682.415	-104685.795	-18551.655	0.0	0.0	0.0	0.0	0.0	0.0	0.0	0.0	0.0	0.0	0.0	0.0	0.0	0.0	146.0	0.0	0.044128305	-0.013000455000000001	1.01025132	-0.8087799999999999	1.0224199999999999	1.3428799999999999	3290911.0	1776544972.265451	0.0	1.0	-1.0	-1.0	-1.0	-1.0	-1.0	-1.0	-1.0	-1.0	0.0	marker	peace	Peace	25	0418
-68536.575	-55685.564999999995	-104730.345	-18559.98	0.0	0.0	0.0	0.0	0.0	0.0	0.0	0.0	0.0	0.0	0.0	0.0	0.0	0.0	146.0	0.0	0.044128305	-0.013000455000000001	1.01025132	-0.8087799999999999	1.0224199999999999	1.3428799999999999	3290912.0	1776544972.265472	0.0	1.0	-1.0	-1.0	-1.0	-1.0	-1.0	-1.0	-1.0	-1.0	0.0	marker	peace	Peace	25	0418
-68584.95	-55689.93	-104789.11499999999	-18590.219999999998	0.0	0.0	0.0	0.0	0.0	0.0	0.0	0.0	0.0	0.0	0.0	0.0	0.0	0.0	146.0	0.0	0.044128305	-0.013000455000000001	1.01025132	-0.8087799999999999	1.0224199999999999	1.3428799999999999	3290913.0	1776544972.271716	0.0	1.0	-1.0	-1.0	-1.0	-1.0	-1.0	-1.0	-1.0	-1.0	0.0	marker	peace	Peace	25	0418
-68560.29	-55692.854999999996	-104746.905	-18574.469999999998	0.0	0.0	0.0	0.0	0.0	0.0	0.0	0.0	0.0	0.0	0.0	0.0	0.0	0.0	146.0	0.0	0.044128305	-0.013000455000000001	1.01025132	-0.8087799999999999	1.0224199999999999	1.3428799999999999	3290914.0	1776544972.271737	0.0	1.0	-1.0	-1.0	-1.0	-1.0	-1.0	-1.0	-1.0	-1.0	0.0	marker	peace	Peace	25	0418
-68560.2	-55699.784999999996	-104713.83	-18561.78	0.0	0.0	0.0	0.0	0.0	0.0	0.0	0.0	0.0	0.0	0.0	0.0	0.0	0.0	146.0	0.0	0.044128305	-0.013000455000000001	1.01025132	-0.8087799999999999	1.0224199999999999	1.3428799999999999	3290915.0	1776544972.273555	0.0	1.0	-1.0	-1.0	-1.0	-1.0	-1.0	-1.0	-1.0	-1.0	0.0	marker	peace	Peace	25	0418
-68557.59	-55708.695	-104675.89499999999	-18535.86	0.0	0.0	0.0	0.0	0.0	0.0	0.0	0.0	0.0	0.0	0.0	0.0	0.0	0.0	146.0	0.0	0.044128305	-0.013000455000000001	1.01025132	-0.8087799999999999	1.0224199999999999	1.3428799999999999	3290916.0	1776544972.273573	0.0	1.0	-1.0	-1.0	-1.0	-1.0	-1.0	-1.0	-1.0	-1.0	0.0	marker	peace	Peace	25	0418
-68564.745	-55705.275	-104725.215	-18549.585	0.0	0.0	0.0	0.0	0.0	0.0	0.0	0.0	0.0	0.0	0.0	0.0	0.0	0.0	146.0	0.0	0.03808584	-0.013244595	1.01781966	-0.13734	0.44254	0.763	3290917.0	1776544972.277603	0.0	1.0	-1.0	-1.0	-1.0	-1.0	-1.0	-1.0	-1.0	-1.0	0.0	marker	peace	Peace	25	0418
-68564.11499999999	-55690.064999999995	-104758.73999999999	-18566.19	0.0	0.0	0.0	0.0	0.0	0.0	0.0	0.0	0.0	0.0	0.0	0.0	0.0	0.0	146.0	0.0	0.03808584	-0.013244595	1.01781966	-0.13734	0.44254	0.763	3290918.0	1776544972.277614	0.0	1.0	-1.0	-1.0	-1.0	-1.0	-1.0	-1.0	-1.0	-1.0	0.0	marker	peace	Peace	25	0418
-68557.36499999999	-55671.345	-104752.08	-18553.86	0.0	0.0	0.0	0.0	0.0	0.0	0.0	0.0	0.0	0.0	0.0	0.0	0.0	0.0	146.0	0.0	0.03808584	-0.013244595	1.01781966	-0.13734	0.44254	0.763	3290919.0	1776544972.281464	0.0	1.0	-1.0	-1.0	-1.0	-1.0	-1.0	-1.0	-1.0	-1.0	0.0	marker	peace	Peace	25	0418
-68566.77	-55657.215	-104740.965	-18555.255	0.0	0.0	0.0	0.0	0.0	0.0	0.0	0.0	0.0	0.0	0.0	0.0	0.0	0.0	146.0	0.0	0.03808584	-0.013244595	1.01781966	-0.13734	0.44254	0.763	3290920.0	1776544972.281489	0.0	1.0	-1.0	-1.0	-1.0	-1.0	-1.0	-1.0	-1.0	-1.0	0.0	marker	peace	Peace	25	0418
-68575.635	-55655.64	-104748.165	-18578.61	0.0	0.0	0.0	0.0	0.0	0.0	0.0	0.0	0.0	0.0	0.0	0.0	0.0	0.0	146.0	0.0	0.03808584	-0.013244595	1.01781966	-0.13734	0.44254	0.763	3290921.0	1776544972.285659	0.0	1.0	-1.0	-1.0	-1.0	-1.0	-1.0	-1.0	-1.0	-1.0	0.0	marker	peace	Peace	25	0418
-68610.375	-55663.604999999996	-104780.205	-18587.34	0.0	0.0	0.0	0.0	0.0	0.0	0.0	0.0	0.0	0.0	0.0	0.0	0.0	0.0	146.0	0.0	0.03808584	-0.013244595	1.01781966	-0.13734	0.44254	0.763	3290922.0	1776544972.285684	0.0	1.0	-1.0	-1.0	-1.0	-1.0	-1.0	-1.0	-1.0	-1.0	0.0	marker	peace	Peace	25	0418
-68623.2	-55674.674999999996	-104792.985	-18588.735	0.0	0.0	0.0	0.0	0.0	0.0	0.0	0.0	0.0	0.0	0.0	0.0	0.0	0.0	146.0	0.0	0.03808584	-0.013244595	1.01781966	-0.13734	0.44254	0.763	3290923.0	1776544972.289539	0.0	1.0	-1.0	-1.0	-1.0	-1.0	-1.0	-1.0	-1.0	-1.0	0.0	marker	peace	Peace	25	0418
-68577.66	-55680.975	-104751.58499999999	-18578.475	0.0	0.0	0.0	0.0	0.0	0.0	0.0	0.0	0.0	0.0	0.0	0.0	0.0	0.0	146.0	0.0	0.03808584	-0.013244595	1.01781966	-0.13734	0.44254	0.763	3290924.0	1776544972.289549	0.0	1.0	-1.0	-1.0	-1.0	-1.0	-1.0	-1.0	-1.0	-1.0	0.0	marker	peace	Peace	25	0418
-68556.375	-55684.395	-104742.58499999999	-18571.545	0.0	0.0	0.0	0.0	0.0	0.0	0.0	0.0	0.0	0.0	0.0	0.0	0.0	0.0	146.0	0.0	0.03808584	-0.013244595	1.01781966	-0.13734	0.44254	0.763	3290925.0	1776544972.29699	0.0	1.0	-1.0	-1.0	-1.0	-1.0	-1.0	-1.0	-1.0	-1.0	0.0	marker	peace	Peace	25	0418
-68560.02	-55678.545	-104760.94499999999	-18571.32	0.0	0.0	0.0	0.0	0.0	0.0	0.0	0.0	0.0	0.0	0.0	0.0	0.0	0.0	146.0	0.0	0.03808584	-0.013244595	1.01781966	-0.13734	0.44254	0.763	3290926.0	1776544972.297009	0.0	1.0	-1.0	-1.0	-1.0	-1.0	-1.0	-1.0	-1.0	-1.0	0.0	marker	peace	Peace	25	0418
-68547.825	-55670.895	-104751.09	-18553.454999999998	0.0	0.0	0.0	0.0	0.0	0.0	0.0	0.0	0.0	0.0	0.0	0.0	0.0	0.0	146.0	0.0	0.035949615	-0.01977534	1.02404523	1.09872	-0.18312	-0.25942	3290927.0	1776544972.297621	0.0	1.0	-1.0	-1.0	-1.0	-1.0	-1.0	-1.0	-1.0	-1.0	0.0	marker	peace	Peace	25	0418
-68533.065	-55666.979999999996	-104723.45999999999	-18545.895	0.0	0.0	0.0	0.0	0.0	0.0	0.0	0.0	0.0	0.0	0.0	0.0	0.0	0.0	146.0	0.0	0.035949615	-0.01977534	1.02404523	1.09872	-0.18312	-0.25942	3290928.0	1776544972.297633	0.0	1.0	-1.0	-1.0	-1.0	-1.0	-1.0	-1.0	-1.0	-1.0	0.0	marker	peace	Peace	25	0418
-68580.36	-55665.585	-104756.44499999999	-18594.09	0.0	0.0	0.0	0.0	0.0	0.0	0.0	0.0	0.0	0.0	0.0	0.0	0.0	0.0	146.0	0.0	0.035949615	-0.01977534	1.02404523	1.09872	-0.18312	-0.25942	3290929.0	1776544972.301596	0.0	1.0	-1.0	-1.0	-1.0	-1.0	-1.0	-1.0	-1.0	-1.0	0.0	marker	peace	Peace	25	0418
-68599.035	-55659.645	-104763.465	-18594.719999999998	0.0	0.0	0.0	0.0	0.0	0.0	0.0	0.0	0.0	0.0	0.0	0.0	0.0	0.0	146.0	0.0	0.035949615	-0.01977534	1.02404523	1.09872	-0.18312	-0.25942	3290930.0	1776544972.301611	0.0	1.0	-1.0	-1.0	-1.0	-1.0	-1.0	-1.0	-1.0	-1.0	0.0	marker	peace	Peace	25	0418
-68553.98999999999	-55657.439999999995	-104726.87999999999	-18548.82	0.0	0.0	0.0	0.0	0.0	0.0	0.0	0.0	0.0	0.0	0.0	0.0	0.0	0.0	146.0	0.0	0.035949615	-0.01977534	1.02404523	1.09872	-0.18312	-0.25942	3290931.0	1776544972.305648	0.0	1.0	-1.0	-1.0	-1.0	-1.0	-1.0	-1.0	-1.0	-1.0	0.0	marker	peace	Peace	25	0418
-68471.86499999999	-55652.265	-104655.375	-18472.14	0.0	0.0	0.0	0.0	0.0	0.0	0.0	0.0	0.0	0.0	0.0	0.0	0.0	0.0	146.0	0.0	0.035949615	-0.01977534	1.02404523	1.09872	-0.18312	-0.25942	3290932.0	1776544972.30567	0.0	1.0	-1.0	-1.0	-1.0	-1.0	-1.0	-1.0	-1.0	-1.0	0.0	marker	peace	Peace	25	0418
-68507.415	-55646.145	-104692.59	-18499.094999999998	0.0	0.0	0.0	0.0	0.0	0.0	0.0	0.0	0.0	0.0	0.0	0.0	0.0	0.0	146.0	0.0	0.035949615	-0.01977534	1.02404523	1.09872	-0.18312	-0.25942	3290933.0	1776544972.309654	0.0	1.0	-1.0	-1.0	-1.0	-1.0	-1.0	-1.0	-1.0	-1.0	0.0	marker	peace	Peace	25	0418
-68590.125	-55641.195	-104759.415	-18586.62	0.0	0.0	0.0	0.0	0.0	0.0	0.0	0.0	0.0	0.0	0.0	0.0	0.0	0.0	146.0	0.0	0.035949615	-0.01977534	1.02404523	1.09872	-0.18312	-0.25942	3290934.0	1776544972.309666	0.0	1.0	-1.0	-1.0	-1.0	-1.0	-1.0	-1.0	-1.0	-1.0	0.0	marker	peace	Peace	25	0418
-68608.89	-55632.329999999994	-104783.805	-18603.675	0.0	0.0	0.0	0.0	0.0	0.0	0.0	0.0	0.0	0.0	0.0	0.0	0.0	0.0	146.0	0.0	0.035949615	-0.01977534	1.02404523	1.09872	-0.18312	-0.25942	3290935.0	1776544972.313767	0.0	1.0	-1.0	-1.0	-1.0	-1.0	-1.0	-1.0	-1.0	-1.0	0.0	marker	peace	Peace	25	0418
-68593.275	-55623.689999999995	-104758.65	-18589.094999999998	0.0	0.0	0.0	0.0	0.0	0.0	0.0	0.0	0.0	0.0	0.0	0.0	0.0	0.0	146.0	0.0	0.035949615	-0.01977534	1.02404523	1.09872	-0.18312	-0.25942	3290936.0	1776544972.313803	0.0	1.0	-1.0	-1.0	-1.0	-1.0	-1.0	-1.0	-1.0	-1.0	0.0	marker	peace	Peace	25	0418
-68542.69499999999	-55615.049999999996	-104742.765	-18566.1	0.0	0.0	0.0	0.0	0.0	0.0	0.0	0.0	0.0	0.0	0.0	0.0	0.0	0.0	146.0	0.0	0.03967275	-0.021301215000000002	1.024350405	1.1444999999999999	-1.15976	1.4191799999999999	3290937.0	1776544972.317739	0.0	1.0	-1.0	-1.0	-1.0	-1.0	-1.0	-1.0	-1.0	-1.0	0.0	marker	peace	Peace	25	0418
-68522.535	-55613.744999999995	-104754.69	-18555.975	0.0	0.0	0.0	0.0	0.0	0.0	0.0	0.0	0.0	0.0	0.0	0.0	0.0	0.0	146.0	0.0	0.03967275	-0.021301215000000002	1.024350405	1.1444999999999999	-1.15976	1.4191799999999999	3290938.0	1776544972.317754	0.0	1.0	-1.0	-1.0	-1.0	-1.0	-1.0	-1.0	-1.0	-1.0	0.0	marker	peace	Peace	25	0418
-68639.76	-55616.67	-104817.78	-18621.315	0.0	0.0	0.0	0.0	0.0	0.0	0.0	0.0	0.0	0.0	0.0	0.0	0.0	0.0	146.0	0.0	0.03967275	-0.021301215000000002	1.024350405	1.1444999999999999	-1.15976	1.4191799999999999	3290939.0	1776544972.321741	0.0	1.0	-1.0	-1.0	-1.0	-1.0	-1.0	-1.0	-1.0	-1.0	0.0	marker	peace	Peace	25	0418
-68626.755	-55614.329999999994	-104802.84	-18616.23	0.0	0.0	0.0	0.0	0.0	0.0	0.0	0.0	0.0	0.0	0.0	0.0	0.0	0.0	146.0	0.0	0.03967275	-0.021301215000000002	1.024350405	1.1444999999999999	-1.15976	1.4191799999999999	3290940.0	1776544972.321761	0.0	1.0	-1.0	-1.0	-1.0	-1.0	-1.0	-1.0	-1.0	-1.0	0.0	marker	peace	Peace	25	0418
-68577.435	-55601.415	-104748.705	-18557.505	0.0	0.0	0.0	0.0	0.0	0.0	0.0	0.0	0.0	0.0	0.0	0.0	0.0	0.0	146.0	0.0	0.03967275	-0.021301215000000002	1.024350405	1.1444999999999999	-1.15976	1.4191799999999999	3290941.0	1776544972.325737	0.0	1.0	-1.0	-1.0	-1.0	-1.0	-1.0	-1.0	-1.0	-1.0	0.0	marker	peace	Peace	25	0418
-68579.81999999999	-55592.009999999995	-104754.555	-18564.12	0.0	0.0	0.0	0.0	0.0	0.0	0.0	0.0	0.0	0.0	0.0	0.0	0.0	0.0	146.0	0.0	0.03967275	-0.021301215000000002	1.024350405	1.1444999999999999	-1.15976	1.4191799999999999	3290942.0	1776544972.325749	0.0	1.0	-1.0	-1.0	-1.0	-1.0	-1.0	-1.0	-1.0	-1.0	0.0	marker	peace	Peace	25	0418
-68580.18	-55583.909999999996	-104765.985	-18575.46	0.0	0.0	0.0	0.0	0.0	0.0	0.0	0.0	0.0	0.0	0.0	0.0	0.0	0.0	146.0	0.0	0.03967275	-0.021301215000000002	1.024350405	1.1444999999999999	-1.15976	1.4191799999999999	3290943.0	1776544972.329715	0.0	1.0	-1.0	-1.0	-1.0	-1.0	-1.0	-1.0	-1.0	-1.0	0.0	marker	peace	Peace	25	0418
-68569.605	-55567.079999999994	-104761.03499999999	-18575.145	0.0	0.0	0.0	0.0	0.0	0.0	0.0	0.0	0.0	0.0	0.0	0.0	0.0	0.0	146.0	0.0	0.03967275	-0.021301215000000002	1.024350405	1.1444999999999999	-1.15976	1.4191799999999999	3290944.0	1776544972.329727	0.0	1.0	-1.0	-1.0	-1.0	-1.0	-1.0	-1.0	-1.0	-1.0	0.0	marker	peace	Peace	25	0418
-68590.44	-55569.869999999995	-104778.855	-18601.02	0.0	0.0	0.0	0.0	0.0	0.0	0.0	0.0	0.0	0.0	0.0	0.0	0.0	0.0	146.0	0.0	0.03967275	-0.021301215000000002	1.024350405	1.1444999999999999	-1.15976	1.4191799999999999	3290945.0	1776544972.333828	0.0	1.0	-1.0	-1.0	-1.0	-1.0	-1.0	-1.0	-1.0	-1.0	0.0	marker	peace	Peace	25	0418
-68575.905	-55581.795	-104763.555	-18582.66	0.0	0.0	0.0	0.0	0.0	0.0	0.0	0.0	0.0	0.0	0.0	0.0	0.0	0.0	146.0	0.0	0.03967275	-0.021301215000000002	1.024350405	1.1444999999999999	-1.15976	1.4191799999999999	3290946.0	1776544972.333855	0.0	1.0	-1.0	-1.0	-1.0	-1.0	-1.0	-1.0	-1.0	-1.0	0.0	marker	peace	Peace	25	0418
-68557.455	-55588.994999999995	-104740.37999999999	-18559.44	0.0	0.0	0.0	0.0	0.0	0.0	0.0	0.0	0.0	0.0	0.0	0.0	0.0	0.0	146.0	0.0	0.04345692	-0.027282645	1.01708724	4.66956	-0.12208	0.06104	3290947.0	1776544972.337798	0.0	1.0	-1.0	-1.0	-1.0	-1.0	-1.0	-1.0	-1.0	-1.0	0.0	marker	peace	Peace	25	0418
-68548.905	-55602.405	-104728.36499999999	-18553.545	0.0	0.0	0.0	0.0	0.0	0.0	0.0	0.0	0.0	0.0	0.0	0.0	0.0	0.0	146.0	0.0	0.04345692	-0.027282645	1.01708724	4.66956	-0.12208	0.06104	3290948.0	1776544972.337821	0.0	1.0	-1.0	-1.0	-1.0	-1.0	-1.0	-1.0	-1.0	-1.0	0.0	marker	peace	Peace	25	0418
-68567.67	-55620.36	-104740.56	-18566.37	0.0	0.0	0.0	0.0	0.0	0.0	0.0	0.0	0.0	0.0	0.0	0.0	0.0	0.0	146.0	0.0	0.04345692	-0.027282645	1.01708724	4.66956	-0.12208	0.06104	3290949.0	1776544972.341822	0.0	1.0	-1.0	-1.0	-1.0	-1.0	-1.0	-1.0	-1.0	-1.0	0.0	marker	peace	Peace	25	0418
-68602.455	-55623.96	-104766.93	-18584.46	0.0	0.0	0.0	0.0	0.0	0.0	0.0	0.0	0.0	0.0	0.0	0.0	0.0	0.0	146.0	0.0	0.04345692	-0.027282645	1.01708724	4.66956	-0.12208	0.06104	3290950.0	1776544972.341833	0.0	1.0	-1.0	-1.0	-1.0	-1.0	-1.0	-1.0	-1.0	-1.0	0.0	marker	peace	Peace	25	0418
-68585.355	-55612.034999999996	-104760.62999999999	-18575.46	0.0	0.0	0.0	0.0	0.0	0.0	0.0	0.0	0.0	0.0	0.0	0.0	0.0	0.0	146.0	0.0	0.04345692	-0.027282645	1.01708724	4.66956	-0.12208	0.06104	3290951.0	1776544972.346225	0.0	1.0	-1.0	-1.0	-1.0	-1.0	-1.0	-1.0	-1.0	-1.0	0.0	marker	peace	Peace	25	0418
-68572.26	-55597.814999999995	-104744.15999999999	-18567.765	0.0	0.0	0.0	0.0	0.0	0.0	0.0	0.0	0.0	0.0	0.0	0.0	0.0	0.0	146.0	0.0	0.04345692	-0.027282645	1.01708724	4.66956	-0.12208	0.06104	3290952.0	1776544972.346243	0.0	1.0	-1.0	-1.0	-1.0	-1.0	-1.0	-1.0	-1.0	-1.0	0.0	marker	peace	Peace	25	0418
-68571.18	-55593.72	-104745.23999999999	-18579.825	0.0	0.0	0.0	0.0	0.0	0.0	0.0	0.0	0.0	0.0	0.0	0.0	0.0	0.0	146.0	0.0	0.04345692	-0.027282645	1.01708724	4.66956	-0.12208	0.06104	3290953.0	1776544972.349891	0.0	1.0	-1.0	-1.0	-1.0	-1.0	-1.0	-1.0	-1.0	-1.0	0.0	marker	peace	Peace	25	0418
-68573.385	-55598.4	-104749.78499999999	-18575.415	0.0	0.0	0.0	0.0	0.0	0.0	0.0	0.0	0.0	0.0	0.0	0.0	0.0	0.0	146.0	0.0	0.04345692	-0.027282645	1.01708724	4.66956	-0.12208	0.06104	3290954.0	1776544972.349914	0.0	1.0	-1.0	-1.0	-1.0	-1.0	-1.0	-1.0	-1.0	-1.0	0.0	marker	peace	Peace	25	0418
-68560.92	-55602.72	-104744.655	-18568.98	0.0	0.0	0.0	0.0	0.0	0.0	0.0	0.0	0.0	0.0	0.0	0.0	0.0	0.0	146.0	0.0	0.04345692	-0.027282645	1.01708724	4.66956	-0.12208	0.06104	3290955.0	1776544972.353811	0.0	1.0	-1.0	-1.0	-1.0	-1.0	-1.0	-1.0	-1.0	-1.0	0.0	marker	peace	Peace	25	0418
-68571.27	-55610.865	-104768.37	-18579.825	0.0	0.0	0.0	0.0	0.0	0.0	0.0	0.0	0.0	0.0	0.0	0.0	0.0	0.0	146.0	0.0	0.04345692	-0.027282645	1.01708724	4.66956	-0.12208	0.06104	3290956.0	1776544972.353865	0.0	1.0	-1.0	-1.0	-1.0	-1.0	-1.0	-1.0	-1.0	-1.0	0.0	marker	peace	Peace	25	0418
-68593.455	-55614.465	-104776.01999999999	-18579.015	0.0	0.0	0.0	0.0	0.0	0.0	0.0	0.0	0.0	0.0	0.0	0.0	0.0	0.0	146.0	0.0	0.04370106	-0.03088371	1.012509615	3.1283	-0.03052	-0.50358	3290957.0	1776544972.357899	0.0	1.0	-1.0	-1.0	-1.0	-1.0	-1.0	-1.0	-1.0	-1.0	0.0	marker	peace	Peace	25	0418
-68580.405	-55610.505	-104757.75	-18566.37	0.0	0.0	0.0	0.0	0.0	0.0	0.0	0.0	0.0	0.0	0.0	0.0	0.0	0.0	146.0	0.0	0.04370106	-0.03088371	1.012509615	3.1283	-0.03052	-0.50358	3290958.0	1776544972.357912	0.0	1.0	-1.0	-1.0	-1.0	-1.0	-1.0	-1.0	-1.0	-1.0	0.0	marker	peace	Peace	25	0418
-68531.22	-55605.735	-104714.595	-18526.59	0.0	0.0	0.0	0.0	0.0	0.0	0.0	0.0	0.0	0.0	0.0	0.0	0.0	0.0	146.0	0.0	0.04370106	-0.03088371	1.012509615	3.1283	-0.03052	-0.50358	3290959.0	1776544972.361836	0.0	1.0	-1.0	-1.0	-1.0	-1.0	-1.0	-1.0	-1.0	-1.0	0.0	marker	peace	Peace	25	0418
-68482.53	-55600.424999999996	-104671.39499999999	-18487.44	0.0	0.0	0.0	0.0	0.0	0.0	0.0	0.0	0.0	0.0	0.0	0.0	0.0	0.0	146.0	0.0	0.04370106	-0.03088371	1.012509615	3.1283	-0.03052	-0.50358	3290960.0	1776544972.361848	0.0	1.0	-1.0	-1.0	-1.0	-1.0	-1.0	-1.0	-1.0	-1.0	0.0	marker	peace	Peace	25	0418
-68571.22499999999	-55606.59	-104743.665	-18577.215	0.0	0.0	0.0	0.0	0.0	0.0	0.0	0.0	0.0	0.0	0.0	0.0	0.0	0.0	146.0	0.0	0.04370106	-0.03088371	1.012509615	3.1283	-0.03052	-0.50358	3290961.0	1776544972.366105	0.0	1.0	-1.0	-1.0	-1.0	-1.0	-1.0	-1.0	-1.0	-1.0	0.0	marker	peace	Peace	25	0418
-68617.26	-55612.034999999996	-104749.01999999999	-18604.844999999998	0.0	0.0	0.0	0.0	0.0	0.0	0.0	0.0	0.0	0.0	0.0	0.0	0.0	0.0	146.0	0.0	0.04370106	-0.03088371	1.012509615	3.1283	-0.03052	-0.50358	3290962.0	1776544972.366122	0.0	1.0	-1.0	-1.0	-1.0	-1.0	-1.0	-1.0	-1.0	-1.0	0.0	marker	peace	Peace	25	0418
-68554.62	-55612.125	-104685.435	-18557.594999999998	0.0	0.0	0.0	0.0	0.0	0.0	0.0	0.0	0.0	0.0	0.0	0.0	0.0	0.0	146.0	0.0	0.04370106	-0.03088371	1.012509615	3.1283	-0.03052	-0.50358	3290963.0	1776544972.370099	0.0	1.0	-1.0	-1.0	-1.0	-1.0	-1.0	-1.0	-1.0	-1.0	0.0	marker	peace	Peace	25	0418
-68544.63	-55613.43	-104710.14	-18555.704999999998	0.0	0.0	0.0	0.0	0.0	0.0	0.0	0.0	0.0	0.0	0.0	0.0	0.0	0.0	146.0	0.0	0.04370106	-0.03088371	1.012509615	3.1283	-0.03052	-0.50358	3290964.0	1776544972.370142	0.0	1.0	-1.0	-1.0	-1.0	-1.0	-1.0	-1.0	-1.0	-1.0	0.0	marker	peace	Peace	25	0418
-68586.97499999999	-55622.924999999996	-104794.73999999999	-18585.989999999998	0.0	0.0	0.0	0.0	0.0	0.0	0.0	0.0	0.0	0.0	0.0	0.0	0.0	0.0	146.0	0.0	0.04370106	-0.03088371	1.012509615	3.1283	-0.03052	-0.50358	3290965.0	1776544972.37389	0.0	1.0	-1.0	-1.0	-1.0	-1.0	-1.0	-1.0	-1.0	-1.0	0.0	marker	peace	Peace	25	0418
-68508.98999999999	-55625.265	-104719.23	-18535.86	0.0	0.0	0.0	0.0	0.0	0.0	0.0	0.0	0.0	0.0	0.0	0.0	0.0	0.0	146.0	0.0	0.04370106	-0.03088371	1.012509615	3.1283	-0.03052	-0.50358	3290966.0	1776544972.373915	0.0	1.0	-1.0	-1.0	-1.0	-1.0	-1.0	-1.0	-1.0	-1.0	0.0	marker	peace	Peace	25	0418
-68552.235	-55622.384999999995	-104727.105	-18549.989999999998	0.0	0.0	0.0	0.0	0.0	0.0	0.0	0.0	0.0	0.0	0.0	0.0	0.0	0.0	146.0	0.0	0.04052724	-0.025573665	1.0100071800000001	2.19744	1.19028	-0.10682	3290967.0	1776544972.380049	0.0	1.0	-1.0	-1.0	-1.0	-1.0	-1.0	-1.0	-1.0	-1.0	0.0	marker	peace	Peace	25	0418
-68550.84	-55626.119999999995	-104719.635	-18530.505	0.0	0.0	0.0	0.0	0.0	0.0	0.0	0.0	0.0	0.0	0.0	0.0	0.0	0.0	146.0	0.0	0.04052724	-0.025573665	1.0100071800000001	2.19744	1.19028	-0.10682	3290968.0	1776544972.380074	0.0	1.0	-1.0	-1.0	-1.0	-1.0	-1.0	-1.0	-1.0	-1.0	0.0	marker	peace	Peace	25	0418
-68533.065	-55626.075	-104707.215	-18517.274999999998	0.0	0.0	0.0	0.0	0.0	0.0	0.0	0.0	0.0	0.0	0.0	0.0	0.0	0.0	146.0	0.0	0.04052724	-0.025573665	1.0100071800000001	2.19744	1.19028	-0.10682	3290969.0	1776544972.381866	0.0	1.0	-1.0	-1.0	-1.0	-1.0	-1.0	-1.0	-1.0	-1.0	0.0	marker	peace	Peace	25	0418
-68601.465	-55624.725	-104795.45999999999	-18601.739999999998	0.0	0.0	0.0	0.0	0.0	0.0	0.0	0.0	0.0	0.0	0.0	0.0	0.0	0.0	146.0	0.0	0.04052724	-0.025573665	1.0100071800000001	2.19744	1.19028	-0.10682	3290970.0	1776544972.381887	0.0	1.0	-1.0	-1.0	-1.0	-1.0	-1.0	-1.0	-1.0	-1.0	0.0	marker	peace	Peace	25	0418
-68637.825	-55626.57	-104831.09999999999	-18629.64	0.0	0.0	0.0	0.0	0.0	0.0	0.0	0.0	0.0	0.0	0.0	0.0	0.0	0.0	146.0	0.0	0.04052724	-0.025573665	1.0100071800000001	2.19744	1.19028	-0.10682	3290971.0	1776544972.386043	0.0	1.0	-1.0	-1.0	-1.0	-1.0	-1.0	-1.0	-1.0	-1.0	0.0	marker	peace	Peace	25	0418
-68595.84	-55635.479999999996	-104784.345	-18592.469999999998	0.0	0.0	0.0	0.0	0.0	0.0	0.0	0.0	0.0	0.0	0.0	0.0	0.0	0.0	146.0	0.0	0.04052724	-0.025573665	1.0100071800000001	2.19744	1.19028	-0.10682	3290972.0	1776544972.386116	0.0	1.0	-1.0	-1.0	-1.0	-1.0	-1.0	-1.0	-1.0	-1.0	0.0	marker	peace	Peace	25	0418
-68564.34	-55642.905	-104741.09999999999	-18560.925	0.0	0.0	0.0	0.0	0.0	0.0	0.0	0.0	0.0	0.0	0.0	0.0	0.0	0.0	146.0	0.0	0.04052724	-0.025573665	1.0100071800000001	2.19744	1.19028	-0.10682	3290973.0	1776544972.393288	0.0	1.0	-1.0	-1.0	-1.0	-1.0	-1.0	-1.0	-1.0	-1.0	0.0	marker	peace	Peace	25	0418
-68554.44	-55649.384999999995	-104735.51999999999	-18558.405	0.0	0.0	0.0	0.0	0.0	0.0	0.0	0.0	0.0	0.0	0.0	0.0	0.0	0.0	146.0	0.0	0.04052724	-0.025573665	1.0100071800000001	2.19744	1.19028	-0.10682	3290974.0	1776544972.393301	0.0	1.0	-1.0	-1.0	-1.0	-1.0	-1.0	-1.0	-1.0	-1.0	0.0	marker	peace	Peace	25	0418
-68605.47	-55653.525	-104782.40999999999	-18592.02	0.0	0.0	0.0	0.0	0.0	0.0	0.0	0.0	0.0	0.0	0.0	0.0	0.0	0.0	146.0	0.0	0.04052724	-0.025573665	1.0100071800000001	2.19744	1.19028	-0.10682	3290975.0	1776544972.394064	0.0	1.0	-1.0	-1.0	-1.0	-1.0	-1.0	-1.0	-1.0	-1.0	0.0	marker	peace	Peace	25	0418
-68589.765	-55650.735	-104752.75499999999	-18563.219999999998	0.0	0.0	0.0	0.0	0.0	0.0	0.0	0.0	0.0	0.0	0.0	0.0	0.0	0.0	146.0	0.0	0.04052724	-0.025573665	1.0100071800000001	2.19744	1.19028	-0.10682	3290976.0	1776544972.394083	0.0	1.0	-1.0	-1.0	-1.0	-1.0	-1.0	-1.0	-1.0	-1.0	0.0	marker	peace	Peace	25	0418
-68559.84	-55645.29	-104746.05	-18562.094999999998	0.0	0.0	0.0	0.0	0.0	0.0	0.0	0.0	0.0	0.0	0.0	0.0	0.0	0.0	146.0	0.0	0.04187001	-0.027160575	1.01171616	2.7468	0.9613799999999999	-0.77826	3290977.0	1776544972.397916	0.0	1.0	-1.0	-1.0	-1.0	-1.0	-1.0	-1.0	-1.0	-1.0	0.0	marker	peace	Peace	25	0418
-68562.0	-55639.619999999995	-104760.855	-18580.094999999998	0.0	0.0	0.0	0.0	0.0	0.0	0.0	0.0	0.0	0.0	0.0	0.0	0.0	0.0	146.0	0.0	0.04187001	-0.027160575	1.01171616	2.7468	0.9613799999999999	-0.77826	3290978.0	1776544972.397938	0.0	1.0	-1.0	-1.0	-1.0	-1.0	-1.0	-1.0	-1.0	-1.0	0.0	marker	peace	Peace	25	0418
-68600.295	-55627.604999999996	-104777.19	-18594.54	0.0	0.0	0.0	0.0	0.0	0.0	0.0	0.0	0.0	0.0	0.0	0.0	0.0	0.0	146.0	0.0	0.04187001	-0.027160575	1.01171616	2.7468	0.9613799999999999	-0.77826	3290979.0	1776544972.402098	0.0	1.0	-1.0	-1.0	-1.0	-1.0	-1.0	-1.0	-1.0	-1.0	0.0	marker	peace	Peace	25	0418
-68601.285	-55624.365	-104763.555	-18579.239999999998	0.0	0.0	0.0	0.0	0.0	0.0	0.0	0.0	0.0	0.0	0.0	0.0	0.0	0.0	146.0	0.0	0.04187001	-0.027160575	1.01171616	2.7468	0.9613799999999999	-0.77826	3290980.0	1776544972.402125	0.0	1.0	-1.0	-1.0	-1.0	-1.0	-1.0	-1.0	-1.0	-1.0	0.0	marker	peace	Peace	25	0418
-68600.52	-55617.165	-104752.89	-18570.42	0.0	0.0	0.0	0.0	0.0	0.0	0.0	0.0	0.0	0.0	0.0	0.0	0.0	0.0	146.0	0.0	0.04187001	-0.027160575	1.01171616	2.7468	0.9613799999999999	-0.77826	3290981.0	1776544972.405986	0.0	1.0	-1.0	-1.0	-1.0	-1.0	-1.0	-1.0	-1.0	-1.0	0.0	marker	peace	Peace	25	0418
-68579.415	-55612.35	-104739.12	-18561.915	0.0	0.0	0.0	0.0	0.0	0.0	0.0	0.0	0.0	0.0	0.0	0.0	0.0	0.0	146.0	0.0	0.04187001	-0.027160575	1.01171616	2.7468	0.9613799999999999	-0.77826	3290982.0	1776544972.405996	0.0	1.0	-1.0	-1.0	-1.0	-1.0	-1.0	-1.0	-1.0	-1.0	0.0	marker	peace	Peace	25	0418
-68538.105	-55604.7	-104733.62999999999	-18550.844999999998	0.0	0.0	0.0	0.0	0.0	0.0	0.0	0.0	0.0	0.0	0.0	0.0	0.0	0.0	146.0	0.0	0.04187001	-0.027160575	1.01171616	2.7468	0.9613799999999999	-0.77826	3290983.0	1776544972.410027	0.0	1.0	-1.0	-1.0	-1.0	-1.0	-1.0	-1.0	-1.0	-1.0	0.0	marker	peace	Peace	25	0418
-68547.33	-55598.534999999996	-104737.76999999999	-18556.469999999998	0.0	0.0	0.0	0.0	0.0	0.0	0.0	0.0	0.0	0.0	0.0	0.0	0.0	0.0	146.0	0.0	0.04187001	-0.027160575	1.01171616	2.7468	0.9613799999999999	-0.77826	3290984.0	1776544972.410038	0.0	1.0	-1.0	-1.0	-1.0	-1.0	-1.0	-1.0	-1.0	-1.0	0.0	marker	peace	Peace	25	0418
-68580.72	-55592.865	-104752.935	-18579.195	0.0	0.0	0.0	0.0	0.0	0.0	0.0	0.0	0.0	0.0	0.0	0.0	0.0	0.0	146.0	0.0	0.04187001	-0.027160575	1.01171616	2.7468	0.9613799999999999	-0.77826	3290985.0	1776544972.413991	0.0	1.0	-1.0	-1.0	-1.0	-1.0	-1.0	-1.0	-1.0	-1.0	0.0	marker	peace	Peace	25	0418
-68593.14	-55588.14	-104781.825	-18590.04	0.0	0.0	0.0	0.0	0.0	0.0	0.0	0.0	0.0	0.0	0.0	0.0	0.0	0.0	146.0	0.0	0.04187001	-0.027160575	1.01171616	2.7468	0.9613799999999999	-0.77826	3290986.0	1776544972.414016	0.0	1.0	-1.0	-1.0	-1.0	-1.0	-1.0	-1.0	-1.0	-1.0	0.0	marker	peace	Peace	25	0418
-68578.47	-55587.24	-104782.31999999999	-18583.515	0.0	0.0	0.0	0.0	0.0	0.0	0.0	0.0	0.0	0.0	0.0	0.0	0.0	0.0	146.0	0.0	0.04333485	-0.028015065	1.01427963	3.3419399999999997	0.8087799999999999	-1.1444999999999999	3290987.0	1776544972.417998	0.0	1.0	-1.0	-1.0	-1.0	-1.0	-1.0	-1.0	-1.0	-1.0	0.0	marker	peace	Peace	25	0418
-68565.87	-55597.634999999995	-104772.42	-18579.195	0.0	0.0	0.0	0.0	0.0	0.0	0.0	0.0	0.0	0.0	0.0	0.0	0.0	0.0	146.0	0.0	0.04333485	-0.028015065	1.01427963	3.3419399999999997	0.8087799999999999	-1.1444999999999999	3290988.0	1776544972.418013	0.0	1.0	-1.0	-1.0	-1.0	-1.0	-1.0	-1.0	-1.0	-1.0	0.0	marker	peace	Peace	25	0418
-68590.8	-55606.77	-104765.4	-18575.64	0.0	0.0	0.0	0.0	0.0	0.0	0.0	0.0	0.0	0.0	0.0	0.0	0.0	0.0	146.0	0.0	0.04333485	-0.028015065	1.01427963	3.3419399999999997	0.8087799999999999	-1.1444999999999999	3290989.0	1776544972.422098	0.0	1.0	-1.0	-1.0	-1.0	-1.0	-1.0	-1.0	-1.0	-1.0	0.0	marker	peace	Peace	25	0418
-68598.98999999999	-55609.56	-104767.605	-18576.899999999998	0.0	0.0	0.0	0.0	0.0	0.0	0.0	0.0	0.0	0.0	0.0	0.0	0.0	0.0	146.0	0.0	0.04333485	-0.028015065	1.01427963	3.3419399999999997	0.8087799999999999	-1.1444999999999999	3290990.0	1776544972.422117	0.0	1.0	-1.0	-1.0	-1.0	-1.0	-1.0	-1.0	-1.0	-1.0	0.0	marker	peace	Peace	25	0418
-68578.65	-55612.439999999995	-104738.89499999999	-18553.23	0.0	0.0	0.0	0.0	0.0	0.0	0.0	0.0	0.0	0.0	0.0	0.0	0.0	0.0	146.0	0.0	0.04333485	-0.028015065	1.01427963	3.3419399999999997	0.8087799999999999	-1.1444999999999999	3290991.0	1776544972.426001	0.0	1.0	-1.0	-1.0	-1.0	-1.0	-1.0	-1.0	-1.0	-1.0	0.0	marker	peace	Peace	25	0418
-68569.02	-55605.509999999995	-104732.50499999999	-18549.09	0.0	0.0	0.0	0.0	0.0	0.0	0.0	0.0	0.0	0.0	0.0	0.0	0.0	0.0	146.0	0.0	0.04333485	-0.028015065	1.01427963	3.3419399999999997	0.8087799999999999	-1.1444999999999999	3290992.0	1776544972.426012	0.0	1.0	-1.0	-1.0	-1.0	-1.0	-1.0	-1.0	-1.0	-1.0	0.0	marker	peace	Peace	25	0418
-68570.09999999999	-55591.064999999995	-104743.75499999999	-18562.05	0.0	0.0	0.0	0.0	0.0	0.0	0.0	0.0	0.0	0.0	0.0	0.0	0.0	0.0	146.0	0.0	0.04333485	-0.028015065	1.01427963	3.3419399999999997	0.8087799999999999	-1.1444999999999999	3290993.0	1776544972.430046	0.0	1.0	-1.0	-1.0	-1.0	-1.0	-1.0	-1.0	-1.0	-1.0	0.0	marker	peace	Peace	25	0418
-68585.175	-55579.454999999994	-104755.14	-18574.92	0.0	0.0	0.0	0.0	0.0	0.0	0.0	0.0	0.0	0.0	0.0	0.0	0.0	0.0	146.0	0.0	0.04333485	-0.028015065	1.01427963	3.3419399999999997	0.8087799999999999	-1.1444999999999999	3290994.0	1776544972.430058	0.0	1.0	-1.0	-1.0	-1.0	-1.0	-1.0	-1.0	-1.0	-1.0	0.0	marker	peace	Peace	25	0418
-68594.58	-55576.439999999995	-104756.715	-18584.415	0.0	0.0	0.0	0.0	0.0	0.0	0.0	0.0	0.0	0.0	0.0	0.0	0.0	0.0	146.0	0.0	0.04333485	-0.028015065	1.01427963	3.3419399999999997	0.8087799999999999	-1.1444999999999999	3290995.0	1776544972.434017	0.0	1.0	-1.0	-1.0	-1.0	-1.0	-1.0	-1.0	-1.0	-1.0	0.0	marker	peace	Peace	25	0418
-68573.565	-55576.665	-104731.965	-18573.57	0.0	0.0	0.0	0.0	0.0	0.0	0.0	0.0	0.0	0.0	0.0	0.0	0.0	0.0	146.0	0.0	0.04333485	-0.028015065	1.01427963	3.3419399999999997	0.8087799999999999	-1.1444999999999999	3290996.0	1776544972.434032	0.0	1.0	-1.0	-1.0	-1.0	-1.0	-1.0	-1.0	-1.0	-1.0	0.0	marker	peace	Peace	25	0418
-68552.45999999999	-55574.909999999996	-104732.73	-18566.82	0.0	0.0	0.0	0.0	0.0	0.0	0.0	0.0	0.0	0.0	0.0	0.0	0.0	0.0	146.0	0.0	0.04174794	-0.024658140000000002	1.0199558850000001	3.5860999999999996	0.7019599999999999	-1.26658	3290997.0	1776544972.438107	0.0	1.0	-1.0	-1.0	-1.0	-1.0	-1.0	-1.0	-1.0	-1.0	0.0	marker	peace	Peace	25	0418
-68523.39	-55570.68	-104736.105	-18530.55	0.0	0.0	0.0	0.0	0.0	0.0	0.0	0.0	0.0	0.0	0.0	0.0	0.0	0.0	146.0	0.0	0.04174794	-0.024658140000000002	1.0199558850000001	3.5860999999999996	0.7019599999999999	-1.26658	3290998.0	1776544972.43813	0.0	1.0	-1.0	-1.0	-1.0	-1.0	-1.0	-1.0	-1.0	-1.0	0.0	marker	peace	Peace	25	0418
-68549.805	-55563.84	-104750.81999999999	-18535.05	0.0	0.0	0.0	0.0	0.0	0.0	0.0	0.0	0.0	0.0	0.0	0.0	0.0	0.0	146.0	0.0	0.04174794	-0.024658140000000002	1.0199558850000001	3.5860999999999996	0.7019599999999999	-1.26658	3290999.0	1776544972.442026	0.0	1.0	-1.0	-1.0	-1.0	-1.0	-1.0	-1.0	-1.0	-1.0	0.0	marker	peace	Peace	25	0418
-68611.14	-55561.994999999995	-104775.165	-18596.565	0.0	0.0	0.0	0.0	0.0	0.0	0.0	0.0	0.0	0.0	0.0	0.0	0.0	0.0	146.0	0.0	0.04174794	-0.024658140000000002	1.0199558850000001	3.5860999999999996	0.7019599999999999	-1.26658	3291000.0	1776544972.442038	0.0	1.0	-1.0	-1.0	-1.0	-1.0	-1.0	-1.0	-1.0	-1.0	0.0	marker	peace	Peace	25	0418
-68619.285	-55560.689999999995	-104757.435	-18594.09	0.0	0.0	0.0	0.0	0.0	0.0	0.0	0.0	0.0	0.0	0.0	0.0	0.0	0.0	146.0	0.0	0.04174794	-0.024658140000000002	1.0199558850000001	3.5860999999999996	0.7019599999999999	-1.26658	3291001.0	1776544972.446231	0.0	1.0	-1.0	-1.0	-1.0	-1.0	-1.0	-1.0	-1.0	-1.0	0.0	marker	peace	Peace	25	0418
-68574.015	-55555.784999999996	-104729.04	-18557.684999999998	0.0	0.0	0.0	0.0	0.0	0.0	0.0	0.0	0.0	0.0	0.0	0.0	0.0	0.0	146.0	0.0	0.04174794	-0.024658140000000002	1.0199558850000001	3.5860999999999996	0.7019599999999999	-1.26658	3291002.0	1776544972.44626	0.0	1.0	-1.0	-1.0	-1.0	-1.0	-1.0	-1.0	-1.0	-1.0	0.0	marker	peace	Peace	25	0418
-68468.31	-55542.24	-104641.73999999999	-18467.37	0.0	0.0	0.0	0.0	0.0	0.0	0.0	0.0	0.0	0.0	0.0	0.0	0.0	0.0	146.0	0.0	0.04174794	-0.024658140000000002	1.0199558850000001	3.5860999999999996	0.7019599999999999	-1.26658	3291003.0	1776544972.450247	0.0	1.0	-1.0	-1.0	-1.0	-1.0	-1.0	-1.0	-1.0	-1.0	0.0	marker	peace	Peace	25	0418
-68492.52	-55542.869999999995	-104718.915	-18503.82	0.0	0.0	0.0	0.0	0.0	0.0	0.0	0.0	0.0	0.0	0.0	0.0	0.0	0.0	146.0	0.0	0.04174794	-0.024658140000000002	1.0199558850000001	3.5860999999999996	0.7019599999999999	-1.26658	3291004.0	1776544972.450276	0.0	1.0	-1.0	-1.0	-1.0	-1.0	-1.0	-1.0	-1.0	-1.0	0.0	marker	peace	Peace	25	0418
-68553.18	-55558.845	-104775.65999999999	-18578.295	0.0	0.0	0.0	0.0	0.0	0.0	0.0	0.0	0.0	0.0	0.0	0.0	0.0	0.0	146.0	0.0	0.04174794	-0.024658140000000002	1.0199558850000001	3.5860999999999996	0.7019599999999999	-1.26658	3291005.0	1776544972.454089	0.0	1.0	-1.0	-1.0	-1.0	-1.0	-1.0	-1.0	-1.0	-1.0	0.0	marker	peace	Peace	25	0418
-68586.165	-55569.015	-104780.655	-18585.18	0.0	0.0	0.0	0.0	0.0	0.0	0.0	0.0	0.0	0.0	0.0	0.0	0.0	0.0	146.0	0.0	0.04174794	-0.024658140000000002	1.0199558850000001	3.5860999999999996	0.7019599999999999	-1.26658	3291006.0	1776544972.454108	0.0	1.0	-1.0	-1.0	-1.0	-1.0	-1.0	-1.0	-1.0	-1.0	0.0	marker	peace	Peace	25	0418
-68615.775	-55568.97	-104785.2	-18594.315	0.0	0.0	0.0	0.0	0.0	0.0	0.0	0.0	0.0	0.0	0.0	0.0	0.0	0.0	146.0	0.0	0.038757225	-0.023132265	1.020566235	4.39488	0.51884	-1.03768	3291007.0	1776544972.458167	0.0	1.0	-1.0	-1.0	-1.0	-1.0	-1.0	-1.0	-1.0	-1.0	0.0	marker	peace	Peace	25	0418
-68595.705	-55565.28	-104741.64	-18566.145	0.0	0.0	0.0	0.0	0.0	0.0	0.0	0.0	0.0	0.0	0.0	0.0	0.0	0.0	146.0	0.0	0.038757225	-0.023132265	1.020566235	4.39488	0.51884	-1.03768	3291008.0	1776544972.45818	0.0	1.0	-1.0	-1.0	-1.0	-1.0	-1.0	-1.0	-1.0	-1.0	0.0	marker	peace	Peace	25	0418
-68580.675	-55558.439999999995	-104713.29	-18555.704999999998	0.0	0.0	0.0	0.0	0.0	0.0	0.0	0.0	0.0	0.0	0.0	0.0	0.0	0.0	146.0	0.0	0.038757225	-0.023132265	1.020566235	4.39488	0.51884	-1.03768	3291009.0	1776544972.46235	0.0	1.0	-1.0	-1.0	-1.0	-1.0	-1.0	-1.0	-1.0	-1.0	0.0	marker	peace	Peace	25	0418
-68587.605	-55549.755	-104745.78	-18576.719999999998	0.0	0.0	0.0	0.0	0.0	0.0	0.0	0.0	0.0	0.0	0.0	0.0	0.0	0.0	146.0	0.0	0.038757225	-0.023132265	1.020566235	4.39488	0.51884	-1.03768	3291010.0	1776544972.462364	0.0	1.0	-1.0	-1.0	-1.0	-1.0	-1.0	-1.0	-1.0	-1.0	0.0	marker	peace	Peace	25	0418
-68589.72	-55554.525	-104780.06999999999	-18577.844999999998	0.0	0.0	0.0	0.0	0.0	0.0	0.0	0.0	0.0	0.0	0.0	0.0	0.0	0.0	146.0	0.0	0.038757225	-0.023132265	1.020566235	4.39488	0.51884	-1.03768	3291011.0	1776544972.466173	0.0	1.0	-1.0	-1.0	-1.0	-1.0	-1.0	-1.0	-1.0	-1.0	0.0	marker	peace	Peace	25	0418
-68573.205	-55565.909999999996	-104777.37	-18583.469999999998	0.0	0.0	0.0	0.0	0.0	0.0	0.0	0.0	0.0	0.0	0.0	0.0	0.0	0.0	146.0	0.0	0.038757225	-0.023132265	1.020566235	4.39488	0.51884	-1.03768	3291012.0	1776544972.466187	0.0	1.0	-1.0	-1.0	-1.0	-1.0	-1.0	-1.0	-1.0	-1.0	0.0	marker	peace	Peace	25	0418
-68575.005	-55569.284999999996	-104752.53	-18573.165	0.0	0.0	0.0	0.0	0.0	0.0	0.0	0.0	0.0	0.0	0.0	0.0	0.0	0.0	146.0	0.0	0.038757225	-0.023132265	1.020566235	4.39488	0.51884	-1.03768	3291013.0	1776544972.470669	0.0	1.0	-1.0	-1.0	-1.0	-1.0	-1.0	-1.0	-1.0	-1.0	0.0	marker	peace	Peace	25	0418
-68570.19	-55568.52	-104743.44	-18551.295	0.0	0.0	0.0	0.0	0.0	0.0	0.0	0.0	0.0	0.0	0.0	0.0	0.0	0.0	146.0	0.0	0.038757225	-0.023132265	1.020566235	4.39488	0.51884	-1.03768	3291014.0	1776544972.470694	0.0	1.0	-1.0	-1.0	-1.0	-1.0	-1.0	-1.0	-1.0	-1.0	0.0	marker	peace	Peace	25	0418
-68593.68	-55576.89	-104778.135	-18579.87	0.0	0.0	0.0	0.0	0.0	0.0	0.0	0.0	0.0	0.0	0.0	0.0	0.0	0.0	146.0	0.0	0.038757225	-0.023132265	1.020566235	4.39488	0.51884	-1.03768	3291015.0	1776544972.475229	0.0	1.0	-1.0	-1.0	-1.0	-1.0	-1.0	-1.0	-1.0	-1.0	0.0	marker	peace	Peace	25	0418
-68602.995	-55575.0	-104778.94499999999	-18597.69	0.0	0.0	0.0	0.0	0.0	0.0	0.0	0.0	0.0	0.0	0.0	0.0	0.0	0.0	146.0	0.0	0.038757225	-0.023132265	1.020566235	4.39488	0.51884	-1.03768	3291016.0	1776544972.475267	0.0	1.0	-1.0	-1.0	-1.0	-1.0	-1.0	-1.0	-1.0	-1.0	0.0	marker	peace	Peace	25	0418
-68549.48999999999	-55576.665	-104738.76	-18557.505	0.0	0.0	0.0	0.0	0.0	0.0	0.0	0.0	0.0	0.0	0.0	0.0	0.0	0.0	146.0	0.0	0.0415038	-0.020202585	1.014096525	3.57084	0.6409199999999999	-1.0682	3291017.0	1776544972.480309	0.0	1.0	-1.0	-1.0	-1.0	-1.0	-1.0	-1.0	-1.0	-1.0	0.0	marker	peace	Peace	25	0418
-68533.965	-55603.305	-104702.89499999999	-18521.73	0.0	0.0	0.0	0.0	0.0	0.0	0.0	0.0	0.0	0.0	0.0	0.0	0.0	0.0	146.0	0.0	0.0415038	-0.020202585	1.014096525	3.57084	0.6409199999999999	-1.0682	3291018.0	1776544972.480342	0.0	1.0	-1.0	-1.0	-1.0	-1.0	-1.0	-1.0	-1.0	-1.0	0.0	marker	peace	Peace	25	0418
-68576.22	-55603.079999999994	-104742.675	-18559.755	0.0	0.0	0.0	0.0	0.0	0.0	0.0	0.0	0.0	0.0	0.0	0.0	0.0	0.0	146.0	0.0	0.0415038	-0.020202585	1.014096525	3.57084	0.6409199999999999	-1.0682	3291019.0	1776544972.482321	0.0	1.0	-1.0	-1.0	-1.0	-1.0	-1.0	-1.0	-1.0	-1.0	0.0	marker	peace	Peace	25	0418
-68582.25	-55597.814999999995	-104777.28	-18575.37	0.0	0.0	0.0	0.0	0.0	0.0	0.0	0.0	0.0	0.0	0.0	0.0	0.0	0.0	146.0	0.0	0.0415038	-0.020202585	1.014096525	3.57084	0.6409199999999999	-1.0682	3291020.0	1776544972.482344	0.0	1.0	-1.0	-1.0	-1.0	-1.0	-1.0	-1.0	-1.0	-1.0	0.0	marker	peace	Peace	25	0418
-68549.265	-55598.759999999995	-104759.73	-18558.045	0.0	0.0	0.0	0.0	0.0	0.0	0.0	0.0	0.0	0.0	0.0	0.0	0.0	0.0	146.0	0.0	0.0415038	-0.020202585	1.014096525	3.57084	0.6409199999999999	-1.0682	3291021.0	1776544972.486359	0.0	1.0	-1.0	-1.0	-1.0	-1.0	-1.0	-1.0	-1.0	-1.0	0.0	marker	peace	Peace	25	0418
-68566.005	-55610.325	-104753.745	-18557.37	0.0	0.0	0.0	0.0	0.0	0.0	0.0	0.0	0.0	0.0	0.0	0.0	0.0	0.0	146.0	0.0	0.0415038	-0.020202585	1.014096525	3.57084	0.6409199999999999	-1.0682	3291022.0	1776544972.486384	0.0	1.0	-1.0	-1.0	-1.0	-1.0	-1.0	-1.0	-1.0	-1.0	0.0	marker	peace	Peace	25	0418
-68575.005	-55623.104999999996	-104746.5	-18558.63	0.0	0.0	0.0	0.0	0.0	0.0	0.0	0.0	0.0	0.0	0.0	0.0	0.0	0.0	146.0	0.0	0.0415038	-0.020202585	1.014096525	3.57084	0.6409199999999999	-1.0682	3291023.0	1776544972.490291	0.0	1.0	-1.0	-1.0	-1.0	-1.0	-1.0	-1.0	-1.0	-1.0	0.0	marker	peace	Peace	25	0418
-68597.595	-55624.229999999996	-104760.81	-18581.895	0.0	0.0	0.0	0.0	0.0	0.0	0.0	0.0	0.0	0.0	0.0	0.0	0.0	0.0	146.0	0.0	0.0415038	-0.020202585	1.014096525	3.57084	0.6409199999999999	-1.0682	3291024.0	1776544972.490303	0.0	1.0	-1.0	-1.0	-1.0	-1.0	-1.0	-1.0	-1.0	-1.0	0.0	marker	peace	Peace	25	0418
-68583.51	-55617.39	-104732.955	-18564.885	0.0	0.0	0.0	0.0	0.0	0.0	0.0	0.0	0.0	0.0	0.0	0.0	0.0	0.0	146.0	0.0	0.0415038	-0.020202585	1.014096525	3.57084	0.6409199999999999	-1.0682	3291025.0	1776544972.494249	0.0	1.0	-1.0	-1.0	-1.0	-1.0	-1.0	-1.0	-1.0	-1.0	0.0	marker	peace	Peace	25	0418
-68572.305	-55620.765	-104720.12999999999	-18553.59	0.0	0.0	0.0	0.0	0.0	0.0	0.0	0.0	0.0	0.0	0.0	0.0	0.0	0.0	146.0	0.0	0.0415038	-0.020202585	1.014096525	3.57084	0.6409199999999999	-1.0682	3291026.0	1776544972.494258	0.0	1.0	-1.0	-1.0	-1.0	-1.0	-1.0	-1.0	-1.0	-1.0	0.0	marker	peace	Peace	25	0418
-68592.87	-55617.39	-104771.97	-18593.235	0.0	0.0	0.0	0.0	0.0	0.0	0.0	0.0	0.0	0.0	0.0	0.0	0.0	0.0	146.0	0.0	0.037536525	-0.01635738	1.01781966	2.9451799999999997	-0.06104	-0.18312	3291027.0	1776544972.499963	0.0	1.0	-1.0	-1.0	-1.0	-1.0	-1.0	-1.0	-1.0	-1.0	0.0	marker	peace	Peace	25	0418
-68596.875	-55611.314999999995	-104814.22499999999	-18611.28	0.0	0.0	0.0	0.0	0.0	0.0	0.0	0.0	0.0	0.0	0.0	0.0	0.0	0.0	146.0	0.0	0.037536525	-0.01635738	1.01781966	2.9451799999999997	-0.06104	-0.18312	3291028.0	1776544972.500011	0.0	1.0	-1.0	-1.0	-1.0	-1.0	-1.0	-1.0	-1.0	-1.0	0.0	marker	peace	Peace	25	0418
-68587.92	-55616.67	-104803.29	-18590.579999999998	0.0	0.0	0.0	0.0	0.0	0.0	0.0	0.0	0.0	0.0	0.0	0.0	0.0	0.0	146.0	0.0	0.037536525	-0.01635738	1.01781966	2.9451799999999997	-0.06104	-0.18312	3291029.0	1776544972.502289	0.0	1.0	-1.0	-1.0	-1.0	-1.0	-1.0	-1.0	-1.0	-1.0	0.0	marker	peace	Peace	25	0418
-68604.795	-55621.89	-104764.14	-18569.61	0.0	0.0	0.0	0.0	0.0	0.0	0.0	0.0	0.0	0.0	0.0	0.0	0.0	0.0	146.0	0.0	0.037536525	-0.01635738	1.01781966	2.9451799999999997	-0.06104	-0.18312	3291030.0	1776544972.50233	0.0	1.0	-1.0	-1.0	-1.0	-1.0	-1.0	-1.0	-1.0	-1.0	0.0	marker	peace	Peace	25	0418
-68617.305	-55631.384999999995	-104757.435	-18559.665	0.0	0.0	0.0	0.0	0.0	0.0	0.0	0.0	0.0	0.0	0.0	0.0	0.0	0.0	146.0	0.0	0.037536525	-0.01635738	1.01781966	2.9451799999999997	-0.06104	-0.18312	3291031.0	1776544972.506278	0.0	1.0	-1.0	-1.0	-1.0	-1.0	-1.0	-1.0	-1.0	-1.0	0.0	marker	peace	Peace	25	0418
-68571.405	-55635.165	-104736.28499999999	-18538.829999999998	0.0	0.0	0.0	0.0	0.0	0.0	0.0	0.0	0.0	0.0	0.0	0.0	0.0	0.0	146.0	0.0	0.037536525	-0.01635738	1.01781966	2.9451799999999997	-0.06104	-0.18312	3291032.0	1776544972.50629	0.0	1.0	-1.0	-1.0	-1.0	-1.0	-1.0	-1.0	-1.0	-1.0	0.0	marker	peace	Peace	25	0418
-68449.23	-55627.74	-104663.06999999999	-18467.64	0.0	0.0	0.0	0.0	0.0	0.0	0.0	0.0	0.0	0.0	0.0	0.0	0.0	0.0	146.0	0.0	0.037536525	-0.01635738	1.01781966	2.9451799999999997	-0.06104	-0.18312	3291033.0	1776544972.513736	0.0	1.0	-1.0	-1.0	-1.0	-1.0	-1.0	-1.0	-1.0	-1.0	0.0	marker	peace	Peace	25	0418
-68527.845	-55628.28	-104729.58	-18535.364999999998	0.0	0.0	0.0	0.0	0.0	0.0	0.0	0.0	0.0	0.0	0.0	0.0	0.0	0.0	146.0	0.0	0.037536525	-0.01635738	1.01781966	2.9451799999999997	-0.06104	-0.18312	3291034.0	1776544972.513777	0.0	1.0	-1.0	-1.0	-1.0	-1.0	-1.0	-1.0	-1.0	-1.0	0.0	marker	peace	Peace	25	0418
-68627.61	-55621.89	-104800.095	-18605.204999999998	0.0	0.0	0.0	0.0	0.0	0.0	0.0	0.0	0.0	0.0	0.0	0.0	0.0	0.0	146.0	0.0	0.037536525	-0.01635738	1.01781966	2.9451799999999997	-0.06104	-0.18312	3291035.0	1776544972.51433	0.0	1.0	-1.0	-1.0	-1.0	-1.0	-1.0	-1.0	-1.0	-1.0	0.0	marker	peace	Peace	25	0418
-68576.13	-55610.549999999996	-104727.42	-18560.16	0.0	0.0	0.0	0.0	0.0	0.0	0.0	0.0	0.0	0.0	0.0	0.0	0.0	0.0	146.0	0.0	0.037536525	-0.01635738	1.01781966	2.9451799999999997	-0.06104	-0.18312	3291036.0	1776544972.514342	0.0	1.0	-1.0	-1.0	-1.0	-1.0	-1.0	-1.0	-1.0	-1.0	0.0	marker	peace	Peace	25	0418
-68573.16	-55613.88	-104708.47499999999	-18556.605	0.0	0.0	0.0	0.0	0.0	0.0	0.0	0.0	0.0	0.0	0.0	0.0	0.0	0.0	146.0	0.0	0.037292385	-0.01391598	1.02148176	1.77016	-0.07629999999999999	-0.09156	3291037.0	1776544972.518478	0.0	1.0	-1.0	-1.0	-1.0	-1.0	-1.0	-1.0	-1.0	-1.0	0.0	marker	peace	Peace	25	0418
-68562.94499999999	-55620.09	-104749.245	-18559.755	0.0	0.0	0.0	0.0	0.0	0.0	0.0	0.0	0.0	0.0	0.0	0.0	0.0	0.0	146.0	0.0	0.037292385	-0.01391598	1.02148176	1.77016	-0.07629999999999999	-0.09156	3291038.0	1776544972.51851	0.0	1.0	-1.0	-1.0	-1.0	-1.0	-1.0	-1.0	-1.0	-1.0	0.0	marker	peace	Peace	25	0418
-68542.515	-55613.07	-104734.215	-18538.785	0.0	0.0	0.0	0.0	0.0	0.0	0.0	0.0	0.0	0.0	0.0	0.0	0.0	0.0	146.0	0.0	0.037292385	-0.01391598	1.02148176	1.77016	-0.07629999999999999	-0.09156	3291039.0	1776544972.522317	0.0	1.0	-1.0	-1.0	-1.0	-1.0	-1.0	-1.0	-1.0	-1.0	0.0	marker	peace	Peace	25	0418
-68517.0	-55606.185	-104696.37	-18517.23	0.0	0.0	0.0	0.0	0.0	0.0	0.0	0.0	0.0	0.0	0.0	0.0	0.0	0.0	146.0	0.0	0.037292385	-0.01391598	1.02148176	1.77016	-0.07629999999999999	-0.09156	3291040.0	1776544972.522336	0.0	1.0	-1.0	-1.0	-1.0	-1.0	-1.0	-1.0	-1.0	-1.0	0.0	marker	peace	Peace	25	0418
-68596.2	-55611.72	-104777.81999999999	-18582.344999999998	0.0	0.0	0.0	0.0	0.0	0.0	0.0	0.0	0.0	0.0	0.0	0.0	0.0	0.0	146.0	0.0	0.037292385	-0.01391598	1.02148176	1.77016	-0.07629999999999999	-0.09156	3291041.0	1776544972.526517	0.0	1.0	-1.0	-1.0	-1.0	-1.0	-1.0	-1.0	-1.0	-1.0	0.0	marker	peace	Peace	25	0418
-68604.03	-55609.29	-104792.04	-18592.92	0.0	0.0	0.0	0.0	0.0	0.0	0.0	0.0	0.0	0.0	0.0	0.0	0.0	0.0	146.0	0.0	0.037292385	-0.01391598	1.02148176	1.77016	-0.07629999999999999	-0.09156	3291042.0	1776544972.526531	0.0	1.0	-1.0	-1.0	-1.0	-1.0	-1.0	-1.0	-1.0	-1.0	0.0	marker	peace	Peace	25	0418
-68573.565	-55607.31	-104775.165	-18574.29	0.0	0.0	0.0	0.0	0.0	0.0	0.0	0.0	0.0	0.0	0.0	0.0	0.0	0.0	146.0	0.0	0.037292385	-0.01391598	1.02148176	1.77016	-0.07629999999999999	-0.09156	3291043.0	1776544972.530522	0.0	1.0	-1.0	-1.0	-1.0	-1.0	-1.0	-1.0	-1.0	-1.0	0.0	marker	peace	Peace	25	0418
-68599.665	-55616.354999999996	-104789.61	-18577.844999999998	0.0	0.0	0.0	0.0	0.0	0.0	0.0	0.0	0.0	0.0	0.0	0.0	0.0	0.0	146.0	0.0	0.037292385	-0.01391598	1.02148176	1.77016	-0.07629999999999999	-0.09156	3291044.0	1776544972.530547	0.0	1.0	-1.0	-1.0	-1.0	-1.0	-1.0	-1.0	-1.0	-1.0	0.0	marker	peace	Peace	25	0418
-68591.83499999999	-55657.079999999994	-104750.235	-18556.38	0.0	0.0	0.0	0.0	0.0	0.0	0.0	0.0	0.0	0.0	0.0	0.0	0.0	0.0	146.0	0.0	0.037292385	-0.01391598	1.02148176	1.77016	-0.07629999999999999	-0.09156	3291045.0	1776544972.534476	0.0	1.0	-1.0	-1.0	-1.0	-1.0	-1.0	-1.0	-1.0	-1.0	0.0	marker	peace	Peace	25	0418
-68578.69499999999	-55684.53	-104756.265	-18566.145	0.0	0.0	0.0	0.0	0.0	0.0	0.0	0.0	0.0	0.0	0.0	0.0	0.0	0.0	146.0	0.0	0.037292385	-0.01391598	1.02148176	1.77016	-0.07629999999999999	-0.09156	3291046.0	1776544972.534492	0.0	1.0	-1.0	-1.0	-1.0	-1.0	-1.0	-1.0	-1.0	-1.0	0.0	marker	peace	Peace	25	0418
-68571.855	-55697.4	-104778.54	-18585.63	0.0	0.0	0.0	0.0	0.0	0.0	0.0	0.0	0.0	0.0	0.0	0.0	0.0	0.0	146.0	0.0	0.040466205	-0.01770015	1.019589675	2.53316	-0.15259999999999999	-0.25942	3291047.0	1776544972.538435	0.0	1.0	-1.0	-1.0	-1.0	-1.0	-1.0	-1.0	-1.0	-1.0	0.0	marker	peace	Peace	25	0418
-68571.045	-55705.994999999995	-104764.815	-18572.67	0.0	0.0	0.0	0.0	0.0	0.0	0.0	0.0	0.0	0.0	0.0	0.0	0.0	0.0	146.0	0.0	0.040466205	-0.01770015	1.019589675	2.53316	-0.15259999999999999	-0.25942	3291048.0	1776544972.538459	0.0	1.0	-1.0	-1.0	-1.0	-1.0	-1.0	-1.0	-1.0	-1.0	0.0	marker	peace	Peace	25	0418
-68577.885	-55707.84	-104746.36499999999	-18555.12	0.0	0.0	0.0	0.0	0.0	0.0	0.0	0.0	0.0	0.0	0.0	0.0	0.0	0.0	146.0	0.0	0.040466205	-0.01770015	1.019589675	2.53316	-0.15259999999999999	-0.25942	3291049.0	1776544972.54242	0.0	1.0	-1.0	-1.0	-1.0	-1.0	-1.0	-1.0	-1.0	-1.0	0.0	marker	peace	Peace	25	0418
-68584.68	-55705.454999999994	-104742.18	-18561.285	0.0	0.0	0.0	0.0	0.0	0.0	0.0	0.0	0.0	0.0	0.0	0.0	0.0	0.0	146.0	0.0	0.040466205	-0.01770015	1.019589675	2.53316	-0.15259999999999999	-0.25942	3291050.0	1776544972.542432	0.0	1.0	-1.0	-1.0	-1.0	-1.0	-1.0	-1.0	-1.0	-1.0	0.0	marker	peace	Peace	25	0418
-68597.19	-55694.744999999995	-104763.735	-18571.005	0.0	0.0	0.0	0.0	0.0	0.0	0.0	0.0	0.0	0.0	0.0	0.0	0.0	0.0	146.0	0.0	0.040466205	-0.01770015	1.019589675	2.53316	-0.15259999999999999	-0.25942	3291051.0	1776544972.546578	0.0	1.0	-1.0	-1.0	-1.0	-1.0	-1.0	-1.0	-1.0	-1.0	0.0	marker	peace	Peace	25	0418
-68611.23	-55687.905	-104799.915	-18587.114999999998	0.0	0.0	0.0	0.0	0.0	0.0	0.0	0.0	0.0	0.0	0.0	0.0	0.0	0.0	146.0	0.0	0.040466205	-0.01770015	1.019589675	2.53316	-0.15259999999999999	-0.25942	3291052.0	1776544972.546593	0.0	1.0	-1.0	-1.0	-1.0	-1.0	-1.0	-1.0	-1.0	-1.0	0.0	marker	peace	Peace	25	0418
-68606.73	-55681.064999999995	-104801.805	-18589.14	0.0	0.0	0.0	0.0	0.0	0.0	0.0	0.0	0.0	0.0	0.0	0.0	0.0	0.0	146.0	0.0	0.040466205	-0.01770015	1.019589675	2.53316	-0.15259999999999999	-0.25942	3291053.0	1776544972.552722	0.0	1.0	-1.0	-1.0	-1.0	-1.0	-1.0	-1.0	-1.0	-1.0	0.0	marker	peace	Peace	25	0418
-68591.565	-55682.82	-104791.5	-18585.719999999998	0.0	0.0	0.0	0.0	0.0	0.0	0.0	0.0	0.0	0.0	0.0	0.0	0.0	0.0	146.0	0.0	0.040466205	-0.01770015	1.019589675	2.53316	-0.15259999999999999	-0.25942	3291054.0	1776544972.552743	0.0	1.0	-1.0	-1.0	-1.0	-1.0	-1.0	-1.0	-1.0	-1.0	0.0	marker	peace	Peace	25	0418
-68555.97	-55687.59	-104758.92	-18552.69	0.0	0.0	0.0	0.0	0.0	0.0	0.0	0.0	0.0	0.0	0.0	0.0	0.0	0.0	146.0	0.0	0.040466205	-0.01770015	1.019589675	2.53316	-0.15259999999999999	-0.25942	3291055.0	1776544972.554509	0.0	1.0	-1.0	-1.0	-1.0	-1.0	-1.0	-1.0	-1.0	-1.0	0.0	marker	peace	Peace	25	0418
-68495.985	-55693.485	-104678.50499999999	-18498.42	0.0	0.0	0.0	0.0	0.0	0.0	0.0	0.0	0.0	0.0	0.0	0.0	0.0	0.0	146.0	0.0	0.040466205	-0.01770015	1.019589675	2.53316	-0.15259999999999999	-0.25942	3291056.0	1776544972.55453	0.0	1.0	-1.0	-1.0	-1.0	-1.0	-1.0	-1.0	-1.0	-1.0	0.0	marker	peace	Peace	25	0418
-68545.17	-55710.585	-104680.845	-18516.239999999998	0.0	0.0	0.0	0.0	0.0	0.0	0.0	0.0	0.0	0.0	0.0	0.0	0.0	0.0	146.0	0.0	0.040099995	-0.021057075	1.015927575	2.2889999999999997	0.18312	0.07629999999999999	3291057.0	1776544972.56047	0.0	1.0	-1.0	-1.0	-1.0	-1.0	-1.0	-1.0	-1.0	-1.0	0.0	marker	peace	Peace	25	0418
-68599.665	-55716.299999999996	-104743.305	-18566.954999999998	0.0	0.0	0.0	0.0	0.0	0.0	0.0	0.0	0.0	0.0	0.0	0.0	0.0	0.0	146.0	0.0	0.040099995	-0.021057075	1.015927575	2.2889999999999997	0.18312	0.07629999999999999	3291058.0	1776544972.560492	0.0	1.0	-1.0	-1.0	-1.0	-1.0	-1.0	-1.0	-1.0	-1.0	0.0	marker	peace	Peace	25	0418
-68586.48	-55709.325	-104761.08	-18568.395	0.0	0.0	0.0	0.0	0.0	0.0	0.0	0.0	0.0	0.0	0.0	0.0	0.0	0.0	146.0	0.0	0.040099995	-0.021057075	1.015927575	2.2889999999999997	0.18312	0.07629999999999999	3291059.0	1776544972.562564	0.0	1.0	-1.0	-1.0	-1.0	-1.0	-1.0	-1.0	-1.0	-1.0	0.0	marker	peace	Peace	25	0418
-68570.055	-55693.305	-104758.65	-18566.594999999998	0.0	0.0	0.0	0.0	0.0	0.0	0.0	0.0	0.0	0.0	0.0	0.0	0.0	0.0	146.0	0.0	0.040099995	-0.021057075	1.015927575	2.2889999999999997	0.18312	0.07629999999999999	3291060.0	1776544972.562575	0.0	1.0	-1.0	-1.0	-1.0	-1.0	-1.0	-1.0	-1.0	-1.0	0.0	marker	peace	Peace	25	0418
-68581.845	-55687.994999999995	-104780.47499999999	-18574.875	0.0	0.0	0.0	0.0	0.0	0.0	0.0	0.0	0.0	0.0	0.0	0.0	0.0	0.0	146.0	0.0	0.040099995	-0.021057075	1.015927575	2.2889999999999997	0.18312	0.07629999999999999	3291061.0	1776544972.566587	0.0	1.0	-1.0	-1.0	-1.0	-1.0	-1.0	-1.0	-1.0	-1.0	0.0	marker	peace	Peace	25	0418
-68612.265	-55686.329999999994	-104814.26999999999	-18603.27	0.0	0.0	0.0	0.0	0.0	0.0	0.0	0.0	0.0	0.0	0.0	0.0	0.0	0.0	146.0	0.0	0.040099995	-0.021057075	1.015927575	2.2889999999999997	0.18312	0.07629999999999999	3291062.0	1776544972.566601	0.0	1.0	-1.0	-1.0	-1.0	-1.0	-1.0	-1.0	-1.0	-1.0	0.0	marker	peace	Peace	25	0418
-68602.23	-55684.53	-104790.95999999999	-18593.82	0.0	0.0	0.0	0.0	0.0	0.0	0.0	0.0	0.0	0.0	0.0	0.0	0.0	0.0	146.0	0.0	0.040099995	-0.021057075	1.015927575	2.2889999999999997	0.18312	0.07629999999999999	3291063.0	1776544972.573446	0.0	1.0	-1.0	-1.0	-1.0	-1.0	-1.0	-1.0	-1.0	-1.0	0.0	marker	peace	Peace	25	0418
-68563.98	-55693.395	-104754.95999999999	-18563.04	0.0	0.0	0.0	0.0	0.0	0.0	0.0	0.0	0.0	0.0	0.0	0.0	0.0	0.0	146.0	0.0	0.040099995	-0.021057075	1.015927575	2.2889999999999997	0.18312	0.07629999999999999	3291064.0	1776544972.573454	0.0	1.0	-1.0	-1.0	-1.0	-1.0	-1.0	-1.0	-1.0	-1.0	0.0	marker	peace	Peace	25	0418
-68548.005	-55704.195	-104723.055	-18523.079999999998	0.0	0.0	0.0	0.0	0.0	0.0	0.0	0.0	0.0	0.0	0.0	0.0	0.0	0.0	146.0	0.0	0.040099995	-0.021057075	1.015927575	2.2889999999999997	0.18312	0.07629999999999999	3291065.0	1776544972.574564	0.0	1.0	-1.0	-1.0	-1.0	-1.0	-1.0	-1.0	-1.0	-1.0	0.0	marker	peace	Peace	25	0418
-68573.745	-55710.854999999996	-104749.47	-18554.445	0.0	0.0	0.0	0.0	0.0	0.0	0.0	0.0	0.0	0.0	0.0	0.0	0.0	0.0	146.0	0.0	0.040099995	-0.021057075	1.015927575	2.2889999999999997	0.18312	0.07629999999999999	3291066.0	1776544972.574571	0.0	1.0	-1.0	-1.0	-1.0	-1.0	-1.0	-1.0	-1.0	-1.0	0.0	marker	peace	Peace	25	0418
-68581.215	-55701.045	-104753.745	-18565.155	0.0	0.0	0.0	0.0	0.0	0.0	0.0	0.0	0.0	0.0	0.0	0.0	0.0	0.0	146.0	0.0	0.04138173	-0.02246088	1.013852385	3.5860999999999996	0.56462	-0.21364	3291067.0	1776544972.578734	0.0	1.0	-1.0	-1.0	-1.0	-1.0	-1.0	-1.0	-1.0	-1.0	0.0	marker	peace	Peace	25	0418
-68562.045	-55682.1	-104744.745	-18537.524999999998	0.0	0.0	0.0	0.0	0.0	0.0	0.0	0.0	0.0	0.0	0.0	0.0	0.0	0.0	146.0	0.0	0.04138173	-0.02246088	1.013852385	3.5860999999999996	0.56462	-0.21364	3291068.0	1776544972.578741	0.0	1.0	-1.0	-1.0	-1.0	-1.0	-1.0	-1.0	-1.0	-1.0	0.0	marker	peace	Peace	25	0418
-68508.855	-55675.89	-104687.955	-18483.975	0.0	0.0	0.0	0.0	0.0	0.0	0.0	0.0	0.0	0.0	0.0	0.0	0.0	0.0	146.0	0.0	0.04138173	-0.02246088	1.013852385	3.5860999999999996	0.56462	-0.21364	3291069.0	1776544972.582722	0.0	1.0	-1.0	-1.0	-1.0	-1.0	-1.0	-1.0	-1.0	-1.0	0.0	marker	peace	Peace	25	0418
-68599.755	-55683.09	-104778.54	-18583.335	0.0	0.0	0.0	0.0	0.0	0.0	0.0	0.0	0.0	0.0	0.0	0.0	0.0	0.0	146.0	0.0	0.04138173	-0.02246088	1.013852385	3.5860999999999996	0.56462	-0.21364	3291070.0	1776544972.582728	0.0	1.0	-1.0	-1.0	-1.0	-1.0	-1.0	-1.0	-1.0	-1.0	0.0	marker	peace	Peace	25	0418
-68583.375	-55690.064999999995	-104764.72499999999	-18565.469999999998	0.0	0.0	0.0	0.0	0.0	0.0	0.0	0.0	0.0	0.0	0.0	0.0	0.0	0.0	146.0	0.0	0.04138173	-0.02246088	1.013852385	3.5860999999999996	0.56462	-0.21364	3291071.0	1776544972.586722	0.0	1.0	-1.0	-1.0	-1.0	-1.0	-1.0	-1.0	-1.0	-1.0	0.0	marker	peace	Peace	25	0418
-68541.165	-55704.555	-104709.06	-18529.559999999998	0.0	0.0	0.0	0.0	0.0	0.0	0.0	0.0	0.0	0.0	0.0	0.0	0.0	0.0	146.0	0.0	0.04138173	-0.02246088	1.013852385	3.5860999999999996	0.56462	-0.21364	3291072.0	1776544972.586728	0.0	1.0	-1.0	-1.0	-1.0	-1.0	-1.0	-1.0	-1.0	-1.0	0.0	marker	peace	Peace	25	0418
-68593.31999999999	-55718.009999999995	-104755.455	-18574.335	0.0	0.0	0.0	0.0	0.0	0.0	0.0	0.0	0.0	0.0	0.0	0.0	0.0	0.0	146.0	0.0	0.04138173	-0.02246088	1.013852385	3.5860999999999996	0.56462	-0.21364	3291073.0	1776544972.591528	0.0	1.0	-1.0	-1.0	-1.0	-1.0	-1.0	-1.0	-1.0	-1.0	0.0	marker	peace	Peace	25	0418
-68616.765	-55716.075	-104777.955	-18600.704999999998	0.0	0.0	0.0	0.0	0.0	0.0	0.0	0.0	0.0	0.0	0.0	0.0	0.0	0.0	146.0	0.0	0.04138173	-0.02246088	1.013852385	3.5860999999999996	0.56462	-0.21364	3291074.0	1776544972.591536	0.0	1.0	-1.0	-1.0	-1.0	-1.0	-1.0	-1.0	-1.0	-1.0	0.0	marker	peace	Peace	25	0418
-68566.77	-55698.884999999995	-104729.4	-18552.285	0.0	0.0	0.0	0.0	0.0	0.0	0.0	0.0	0.0	0.0	0.0	0.0	0.0	0.0	146.0	0.0	0.04138173	-0.02246088	1.013852385	3.5860999999999996	0.56462	-0.21364	3291075.0	1776544972.594566	0.0	1.0	-1.0	-1.0	-1.0	-1.0	-1.0	-1.0	-1.0	-1.0	0.0	marker	peace	Peace	25	0418
-68575.77	-55699.965	-104776.56	-18568.62	0.0	0.0	0.0	0.0	0.0	0.0	0.0	0.0	0.0	0.0	0.0	0.0	0.0	0.0	146.0	0.0	0.04138173	-0.02246088	1.013852385	3.5860999999999996	0.56462	-0.21364	3291076.0	1776544972.594571	0.0	1.0	-1.0	-1.0	-1.0	-1.0	-1.0	-1.0	-1.0	-1.0	0.0	marker	peace	Peace	25	0418
-68612.31	-55701.225	-104823.495	-18605.475	0.0	0.0	0.0	0.0	0.0	0.0	0.0	0.0	0.0	0.0	0.0	0.0	0.0	0.0	146.0	0.0	0.040954485	-0.02490228	1.0141575600000001	3.8607799999999997	0.763	-0.41202	3291077.0	1776544972.598678	0.0	1.0	-1.0	-1.0	-1.0	-1.0	-1.0	-1.0	-1.0	-1.0	0.0	marker	peace	Peace	25	0418
-68598.315	-55699.244999999995	-104800.68	-18596.52	0.0	0.0	0.0	0.0	0.0	0.0	0.0	0.0	0.0	0.0	0.0	0.0	0.0	0.0	146.0	0.0	0.040954485	-0.02490228	1.0141575600000001	3.8607799999999997	0.763	-0.41202	3291078.0	1776544972.598694	0.0	1.0	-1.0	-1.0	-1.0	-1.0	-1.0	-1.0	-1.0	-1.0	0.0	marker	peace	Peace	25	0418
-68557.905	-55702.125	-104765.53499999999	-18583.785	0.0	0.0	0.0	0.0	0.0	0.0	0.0	0.0	0.0	0.0	0.0	0.0	0.0	0.0	146.0	0.0	0.040954485	-0.02490228	1.0141575600000001	3.8607799999999997	0.763	-0.41202	3291079.0	1776544972.602647	0.0	1.0	-1.0	-1.0	-1.0	-1.0	-1.0	-1.0	-1.0	-1.0	0.0	marker	peace	Peace	25	0418
-68561.45999999999	-55715.759999999995	-104742.315	-18544.5	0.0	0.0	0.0	0.0	0.0	0.0	0.0	0.0	0.0	0.0	0.0	0.0	0.0	0.0	146.0	0.0	0.040954485	-0.02490228	1.0141575600000001	3.8607799999999997	0.763	-0.41202	3291080.0	1776544972.602651	0.0	1.0	-1.0	-1.0	-1.0	-1.0	-1.0	-1.0	-1.0	-1.0	0.0	marker	peace	Peace	25	0418
-68594.84999999999	-55726.875	-104761.34999999999	-18553.364999999998	0.0	0.0	0.0	0.0	0.0	0.0	0.0	0.0	0.0	0.0	0.0	0.0	0.0	0.0	146.0	0.0	0.040954485	-0.02490228	1.0141575600000001	3.8607799999999997	0.763	-0.41202	3291081.0	1776544972.606572	0.0	1.0	-1.0	-1.0	-1.0	-1.0	-1.0	-1.0	-1.0	-1.0	0.0	marker	peace	Peace	25	0418
-68580.855	-55729.845	-104767.73999999999	-18571.77	0.0	0.0	0.0	0.0	0.0	0.0	0.0	0.0	0.0	0.0	0.0	0.0	0.0	0.0	146.0	0.0	0.040954485	-0.02490228	1.0141575600000001	3.8607799999999997	0.763	-0.41202	3291082.0	1776544972.606576	0.0	1.0	-1.0	-1.0	-1.0	-1.0	-1.0	-1.0	-1.0	-1.0	0.0	marker	peace	Peace	25	0418
-68581.62	-55734.615	-104764.59	-18567.765	0.0	0.0	0.0	0.0	0.0	0.0	0.0	0.0	0.0	0.0	0.0	0.0	0.0	0.0	146.0	0.0	0.040954485	-0.02490228	1.0141575600000001	3.8607799999999997	0.763	-0.41202	3291083.0	1776544972.613254	0.0	1.0	-1.0	-1.0	-1.0	-1.0	-1.0	-1.0	-1.0	-1.0	0.0	marker	peace	Peace	25	0418
-68561.775	-55730.34	-104751.81	-18555.255	0.0	0.0	0.0	0.0	0.0	0.0	0.0	0.0	0.0	0.0	0.0	0.0	0.0	0.0	146.0	0.0	0.040954485	-0.02490228	1.0141575600000001	3.8607799999999997	0.763	-0.41202	3291084.0	1776544972.613259	0.0	1.0	-1.0	-1.0	-1.0	-1.0	-1.0	-1.0	-1.0	-1.0	0.0	marker	peace	Peace	25	0418
-68564.655	-55722.465	-104749.065	-18558.945	0.0	0.0	0.0	0.0	0.0	0.0	0.0	0.0	0.0	0.0	0.0	0.0	0.0	0.0	146.0	0.0	0.040954485	-0.02490228	1.0141575600000001	3.8607799999999997	0.763	-0.41202	3291085.0	1776544972.614817	0.0	1.0	-1.0	-1.0	-1.0	-1.0	-1.0	-1.0	-1.0	-1.0	0.0	marker	peace	Peace	25	0418
-68586.795	-55720.935	-104761.39499999999	-18574.29	0.0	0.0	0.0	0.0	0.0	0.0	0.0	0.0	0.0	0.0	0.0	0.0	0.0	0.0	146.0	0.0	0.040954485	-0.02490228	1.0141575600000001	3.8607799999999997	0.763	-0.41202	3291086.0	1776544972.614821	0.0	1.0	-1.0	-1.0	-1.0	-1.0	-1.0	-1.0	-1.0	-1.0	0.0	marker	peace	Peace	25	0418
-68607.81	-55710.99	-104782.635	-18581.489999999998	0.0	0.0	0.0	0.0	0.0	0.0	0.0	0.0	0.0	0.0	0.0	0.0	0.0	0.0	146.0	0.0	0.04199208	-0.016662555	1.01708724	2.33478	0.82404	0.30519999999999997	3291087.0	1776544972.61874	0.0	1.0	-1.0	-1.0	-1.0	-1.0	-1.0	-1.0	-1.0	-1.0	0.0	marker	peace	Peace	25	0418
-68597.01	-55709.775	-104776.69499999999	-18574.065	0.0	0.0	0.0	0.0	0.0	0.0	0.0	0.0	0.0	0.0	0.0	0.0	0.0	0.0	146.0	0.0	0.04199208	-0.016662555	1.01708724	2.33478	0.82404	0.30519999999999997	3291088.0	1776544972.618745	0.0	1.0	-1.0	-1.0	-1.0	-1.0	-1.0	-1.0	-1.0	-1.0	0.0	marker	peace	Peace	25	0418
-68539.995	-55714.409999999996	-104730.705	-18553.77	0.0	0.0	0.0	0.0	0.0	0.0	0.0	0.0	0.0	0.0	0.0	0.0	0.0	0.0	146.0	0.0	0.04199208	-0.016662555	1.01708724	2.33478	0.82404	0.30519999999999997	3291089.0	1776544972.62272	0.0	1.0	-1.0	-1.0	-1.0	-1.0	-1.0	-1.0	-1.0	-1.0	0.0	marker	peace	Peace	25	0418
-68562.855	-55720.125	-104745.28499999999	-18557.73	0.0	0.0	0.0	0.0	0.0	0.0	0.0	0.0	0.0	0.0	0.0	0.0	0.0	0.0	146.0	0.0	0.04199208	-0.016662555	1.01708724	2.33478	0.82404	0.30519999999999997	3291090.0	1776544972.622724	0.0	1.0	-1.0	-1.0	-1.0	-1.0	-1.0	-1.0	-1.0	-1.0	0.0	marker	peace	Peace	25	0418
-68597.73	-55720.485	-104785.69499999999	-18575.82	0.0	0.0	0.0	0.0	0.0	0.0	0.0	0.0	0.0	0.0	0.0	0.0	0.0	0.0	146.0	0.0	0.04199208	-0.016662555	1.01708724	2.33478	0.82404	0.30519999999999997	3291091.0	1776544972.626801	0.0	1.0	-1.0	-1.0	-1.0	-1.0	-1.0	-1.0	-1.0	-1.0	0.0	marker	peace	Peace	25	0418
-68576.13	-55705.275	-104764.76999999999	-18565.02	0.0	0.0	0.0	0.0	0.0	0.0	0.0	0.0	0.0	0.0	0.0	0.0	0.0	0.0	146.0	0.0	0.04199208	-0.016662555	1.01708724	2.33478	0.82404	0.30519999999999997	3291092.0	1776544972.626805	0.0	1.0	-1.0	-1.0	-1.0	-1.0	-1.0	-1.0	-1.0	-1.0	0.0	marker	peace	Peace	25	0418
-68573.88	-55696.14	-104753.97	-18556.605	0.0	0.0	0.0	0.0	0.0	0.0	0.0	0.0	0.0	0.0	0.0	0.0	0.0	0.0	146.0	0.0	0.04199208	-0.016662555	1.01708724	2.33478	0.82404	0.30519999999999997	3291093.0	1776544972.630729	0.0	1.0	-1.0	-1.0	-1.0	-1.0	-1.0	-1.0	-1.0	-1.0	0.0	marker	peace	Peace	25	0418
-68578.155	-55690.965	-104764.76999999999	-18572.94	0.0	0.0	0.0	0.0	0.0	0.0	0.0	0.0	0.0	0.0	0.0	0.0	0.0	0.0	146.0	0.0	0.04199208	-0.016662555	1.01708724	2.33478	0.82404	0.30519999999999997	3291094.0	1776544972.630732	0.0	1.0	-1.0	-1.0	-1.0	-1.0	-1.0	-1.0	-1.0	-1.0	0.0	marker	peace	Peace	25	0418
-68591.06999999999	-55691.415	-104777.55	-18586.485	0.0	0.0	0.0	0.0	0.0	0.0	0.0	0.0	0.0	0.0	0.0	0.0	0.0	0.0	146.0	0.0	0.04199208	-0.016662555	1.01708724	2.33478	0.82404	0.30519999999999997	3291095.0	1776544972.634713	0.0	1.0	-1.0	-1.0	-1.0	-1.0	-1.0	-1.0	-1.0	-1.0	0.0	marker	peace	Peace	25	0418
-68596.605	-55690.064999999995	-104786.50499999999	-18583.739999999998	0.0	0.0	0.0	0.0	0.0	0.0	0.0	0.0	0.0	0.0	0.0	0.0	0.0	0.0	146.0	0.0	0.04199208	-0.016662555	1.01708724	2.33478	0.82404	0.30519999999999997	3291096.0	1776544972.634718	0.0	1.0	-1.0	-1.0	-1.0	-1.0	-1.0	-1.0	-1.0	-1.0	0.0	marker	peace	Peace	25	0418
-68595.795	-55687.814999999995	-104778.855	-18584.325	0.0	0.0	0.0	0.0	0.0	0.0	0.0	0.0	0.0	0.0	0.0	0.0	0.0	0.0	146.0	0.0	0.04077138	-0.013366665	1.019467605	0.77826	0.36624	0.6409199999999999	3291097.0	1776544972.639	0.0	1.0	-1.0	-1.0	-1.0	-1.0	-1.0	-1.0	-1.0	-1.0	0.0	marker	peace	Peace	25	0418
-68505.39	-55690.29	-104677.425	-18497.565	0.0	0.0	0.0	0.0	0.0	0.0	0.0	0.0	0.0	0.0	0.0	0.0	0.0	0.0	146.0	0.0	0.04077138	-0.013366665	1.019467605	0.77826	0.36624	0.6409199999999999	3291098.0	1776544972.639005	0.0	1.0	-1.0	-1.0	-1.0	-1.0	-1.0	-1.0	-1.0	-1.0	0.0	marker	peace	Peace	25	0418
-68457.69	-55686.689999999995	-104648.04	-18453.69	0.0	0.0	0.0	0.0	0.0	0.0	0.0	0.0	0.0	0.0	0.0	0.0	0.0	0.0	146.0	0.0	0.04077138	-0.013366665	1.019467605	0.77826	0.36624	0.6409199999999999	3291099.0	1776544972.644256	0.0	1.0	-1.0	-1.0	-1.0	-1.0	-1.0	-1.0	-1.0	-1.0	0.0	marker	peace	Peace	25	0418
-68614.785	-55656.765	-104806.665	-18606.239999999998	0.0	0.0	0.0	0.0	0.0	0.0	0.0	0.0	0.0	0.0	0.0	0.0	0.0	0.0	146.0	0.0	0.04077138	-0.013366665	1.019467605	0.77826	0.36624	0.6409199999999999	3291100.0	1776544972.644277	0.0	1.0	-1.0	-1.0	-1.0	-1.0	-1.0	-1.0	-1.0	-1.0	0.0	marker	peace	Peace	25	0418
-68646.95999999999	-55642.95	-104818.00499999999	-18624.195	0.0	0.0	0.0	0.0	0.0	0.0	0.0	0.0	0.0	0.0	0.0	0.0	0.0	0.0	146.0	0.0	0.04077138	-0.013366665	1.019467605	0.77826	0.36624	0.6409199999999999	3291101.0	1776544972.646874	0.0	1.0	-1.0	-1.0	-1.0	-1.0	-1.0	-1.0	-1.0	-1.0	0.0	marker	peace	Peace	25	0418
-68666.715	-55641.689999999995	-104845.095	-18624.239999999998	0.0	0.0	0.0	0.0	0.0	0.0	0.0	0.0	0.0	0.0	0.0	0.0	0.0	0.0	146.0	0.0	0.04077138	-0.013366665	1.019467605	0.77826	0.36624	0.6409199999999999	3291102.0	1776544972.646878	0.0	1.0	-1.0	-1.0	-1.0	-1.0	-1.0	-1.0	-1.0	-1.0	0.0	marker	peace	Peace	25	0418
-68648.44499999999	-55636.2	-104841.94499999999	-18617.625	0.0	0.0	0.0	0.0	0.0	0.0	0.0	0.0	0.0	0.0	0.0	0.0	0.0	0.0	146.0	0.0	0.04077138	-0.013366665	1.019467605	0.77826	0.36624	0.6409199999999999	3291103.0	1776544972.650874	0.0	1.0	-1.0	-1.0	-1.0	-1.0	-1.0	-1.0	-1.0	-1.0	0.0	marker	peace	Peace	25	0418
-68549.84999999999	-55630.079999999994	-104749.065	-18551.565	0.0	0.0	0.0	0.0	0.0	0.0	0.0	0.0	0.0	0.0	0.0	0.0	0.0	0.0	146.0	0.0	0.04077138	-0.013366665	1.019467605	0.77826	0.36624	0.6409199999999999	3291104.0	1776544972.650877	0.0	1.0	-1.0	-1.0	-1.0	-1.0	-1.0	-1.0	-1.0	-1.0	0.0	marker	peace	Peace	25	0418
-68549.355	-55636.02	-104724.495	-18541.8	0.0	0.0	0.0	0.0	0.0	0.0	0.0	0.0	0.0	0.0	0.0	0.0	0.0	0.0	146.0	0.0	0.04077138	-0.013366665	1.019467605	0.77826	0.36624	0.6409199999999999	3291105.0	1776544972.654859	0.0	1.0	-1.0	-1.0	-1.0	-1.0	-1.0	-1.0	-1.0	-1.0	0.0	marker	peace	Peace	25	0418
-68604.93	-55638.945	-104770.03499999999	-18581.715	0.0	0.0	0.0	0.0	0.0	0.0	0.0	0.0	0.0	0.0	0.0	0.0	0.0	0.0	146.0	0.0	0.04077138	-0.013366665	1.019467605	0.77826	0.36624	0.6409199999999999	3291106.0	1776544972.654863	0.0	1.0	-1.0	-1.0	-1.0	-1.0	-1.0	-1.0	-1.0	-1.0	0.0	marker	peace	Peace	25	0418
-68607.045	-55637.954999999994	-104789.25	-18588.375	0.0	0.0	0.0	0.0	0.0	0.0	0.0	0.0	0.0	0.0	0.0	0.0	0.0	0.0	146.0	0.0	0.03881826	-0.0183105	1.02111555	1.25132	0.16785999999999998	0.44254	3291107.0	1776544972.658837	0.0	1.0	-1.0	-1.0	-1.0	-1.0	-1.0	-1.0	-1.0	-1.0	0.0	marker	peace	Peace	25	0418
-68582.565	-55645.515	-104761.44	-18562.454999999998	0.0	0.0	0.0	0.0	0.0	0.0	0.0	0.0	0.0	0.0	0.0	0.0	0.0	0.0	146.0	0.0	0.03881826	-0.0183105	1.02111555	1.25132	0.16785999999999998	0.44254	3291108.0	1776544972.658841	0.0	1.0	-1.0	-1.0	-1.0	-1.0	-1.0	-1.0	-1.0	-1.0	0.0	marker	peace	Peace	25	0418
-68569.65	-55652.805	-104756.985	-18554.94	0.0	0.0	0.0	0.0	0.0	0.0	0.0	0.0	0.0	0.0	0.0	0.0	0.0	0.0	146.0	0.0	0.03881826	-0.0183105	1.02111555	1.25132	0.16785999999999998	0.44254	3291109.0	1776544972.6629	0.0	1.0	-1.0	-1.0	-1.0	-1.0	-1.0	-1.0	-1.0	-1.0	0.0	marker	peace	Peace	25	0418
-68573.11499999999	-55649.475	-104755.95	-18555.344999999998	0.0	0.0	0.0	0.0	0.0	0.0	0.0	0.0	0.0	0.0	0.0	0.0	0.0	0.0	146.0	0.0	0.03881826	-0.0183105	1.02111555	1.25132	0.16785999999999998	0.44254	3291110.0	1776544972.662904	0.0	1.0	-1.0	-1.0	-1.0	-1.0	-1.0	-1.0	-1.0	-1.0	0.0	marker	peace	Peace	25	0418
-68543.055	-55645.424999999996	-104737.455	-18538.2	0.0	0.0	0.0	0.0	0.0	0.0	0.0	0.0	0.0	0.0	0.0	0.0	0.0	0.0	146.0	0.0	0.03881826	-0.0183105	1.02111555	1.25132	0.16785999999999998	0.44254	3291111.0	1776544972.666895	0.0	1.0	-1.0	-1.0	-1.0	-1.0	-1.0	-1.0	-1.0	-1.0	0.0	marker	peace	Peace	25	0418
-68578.29	-55646.145	-104770.08	-18564.795	0.0	0.0	0.0	0.0	0.0	0.0	0.0	0.0	0.0	0.0	0.0	0.0	0.0	0.0	146.0	0.0	0.03881826	-0.0183105	1.02111555	1.25132	0.16785999999999998	0.44254	3291112.0	1776544972.666899	0.0	1.0	-1.0	-1.0	-1.0	-1.0	-1.0	-1.0	-1.0	-1.0	0.0	marker	peace	Peace	25	0418
-68640.705	-55651.454999999994	-104806.44	-18605.565	0.0	0.0	0.0	0.0	0.0	0.0	0.0	0.0	0.0	0.0	0.0	0.0	0.0	0.0	146.0	0.0	0.03881826	-0.0183105	1.02111555	1.25132	0.16785999999999998	0.44254	3291113.0	1776544972.672409	0.0	1.0	-1.0	-1.0	-1.0	-1.0	-1.0	-1.0	-1.0	-1.0	0.0	marker	peace	Peace	25	0418
-68598.18	-55657.89	-104751.135	-18567.54	0.0	0.0	0.0	0.0	0.0	0.0	0.0	0.0	0.0	0.0	0.0	0.0	0.0	0.0	146.0	0.0	0.03881826	-0.0183105	1.02111555	1.25132	0.16785999999999998	0.44254	3291114.0	1776544972.672413	0.0	1.0	-1.0	-1.0	-1.0	-1.0	-1.0	-1.0	-1.0	-1.0	0.0	marker	peace	Peace	25	0418
-68588.86499999999	-55669.185	-104756.985	-18560.79	0.0	0.0	0.0	0.0	0.0	0.0	0.0	0.0	0.0	0.0	0.0	0.0	0.0	0.0	146.0	0.0	0.03881826	-0.0183105	1.02111555	1.25132	0.16785999999999998	0.44254	3291115.0	1776544972.674862	0.0	1.0	-1.0	-1.0	-1.0	-1.0	-1.0	-1.0	-1.0	-1.0	0.0	marker	peace	Peace	25	0418
-68592.15	-55678.095	-104789.79	-18567.495	0.0	0.0	0.0	0.0	0.0	0.0	0.0	0.0	0.0	0.0	0.0	0.0	0.0	0.0	146.0	0.0	0.03881826	-0.0183105	1.02111555	1.25132	0.16785999999999998	0.44254	3291116.0	1776544972.674866	0.0	1.0	-1.0	-1.0	-1.0	-1.0	-1.0	-1.0	-1.0	-1.0	0.0	marker	peace	Peace	25	0418
-68575.77	-55687.32	-104767.73999999999	-18569.969999999998	0.0	0.0	0.0	0.0	0.0	0.0	0.0	0.0	0.0	0.0	0.0	0.0	0.0	0.0	146.0	0.0	0.038879295	-0.023254335	1.01989485	2.2127	-0.42728	0.09156	3291117.0	1776544972.678961	0.0	1.0	-1.0	-1.0	-1.0	-1.0	-1.0	-1.0	-1.0	-1.0	0.0	marker	peace	Peace	25	0418
-68579.145	-55696.14	-104758.065	-18580.14	0.0	0.0	0.0	0.0	0.0	0.0	0.0	0.0	0.0	0.0	0.0	0.0	0.0	0.0	146.0	0.0	0.038879295	-0.023254335	1.01989485	2.2127	-0.42728	0.09156	3291118.0	1776544972.678965	0.0	1.0	-1.0	-1.0	-1.0	-1.0	-1.0	-1.0	-1.0	-1.0	0.0	marker	peace	Peace	25	0418
-68571.98999999999	-55690.965	-104758.92	-18582.84	0.0	0.0	0.0	0.0	0.0	0.0	0.0	0.0	0.0	0.0	0.0	0.0	0.0	0.0	146.0	0.0	0.038879295	-0.023254335	1.01989485	2.2127	-0.42728	0.09156	3291119.0	1776544972.682983	0.0	1.0	-1.0	-1.0	-1.0	-1.0	-1.0	-1.0	-1.0	-1.0	0.0	marker	peace	Peace	25	0418
-68534.64	-55681.784999999996	-104734.44	-18535.14	0.0	0.0	0.0	0.0	0.0	0.0	0.0	0.0	0.0	0.0	0.0	0.0	0.0	0.0	146.0	0.0	0.038879295	-0.023254335	1.01989485	2.2127	-0.42728	0.09156	3291120.0	1776544972.682986	0.0	1.0	-1.0	-1.0	-1.0	-1.0	-1.0	-1.0	-1.0	-1.0	0.0	marker	peace	Peace	25	0418
-68516.73	-55677.509999999995	-104715.045	-18502.02	0.0	0.0	0.0	0.0	0.0	0.0	0.0	0.0	0.0	0.0	0.0	0.0	0.0	0.0	146.0	0.0	0.038879295	-0.023254335	1.01989485	2.2127	-0.42728	0.09156	3291121.0	1776544972.686877	0.0	1.0	-1.0	-1.0	-1.0	-1.0	-1.0	-1.0	-1.0	-1.0	0.0	marker	peace	Peace	25	0418
-68541.20999999999	-55684.53	-104750.955	-18547.29	0.0	0.0	0.0	0.0	0.0	0.0	0.0	0.0	0.0	0.0	0.0	0.0	0.0	0.0	146.0	0.0	0.038879295	-0.023254335	1.01989485	2.2127	-0.42728	0.09156	3291122.0	1776544972.686881	0.0	1.0	-1.0	-1.0	-1.0	-1.0	-1.0	-1.0	-1.0	-1.0	0.0	marker	peace	Peace	25	0418
-68597.73	-55689.84	-104787.315	-18580.905	0.0	0.0	0.0	0.0	0.0	0.0	0.0	0.0	0.0	0.0	0.0	0.0	0.0	0.0	146.0	0.0	0.038879295	-0.023254335	1.01989485	2.2127	-0.42728	0.09156	3291123.0	1776544972.692534	0.0	1.0	-1.0	-1.0	-1.0	-1.0	-1.0	-1.0	-1.0	-1.0	0.0	marker	peace	Peace	25	0418
-68614.065	-55687.454999999994	-104766.12	-18562.68	0.0	0.0	0.0	0.0	0.0	0.0	0.0	0.0	0.0	0.0	0.0	0.0	0.0	0.0	146.0	0.0	0.038879295	-0.023254335	1.01989485	2.2127	-0.42728	0.09156	3291124.0	1776544972.692539	0.0	1.0	-1.0	-1.0	-1.0	-1.0	-1.0	-1.0	-1.0	-1.0	0.0	marker	peace	Peace	25	0418
-68581.305	-55682.595	-104769.26999999999	-18571.05	0.0	0.0	0.0	0.0	0.0	0.0	0.0	0.0	0.0	0.0	0.0	0.0	0.0	0.0	146.0	0.0	0.038879295	-0.023254335	1.01989485	2.2127	-0.42728	0.09156	3291125.0	1776544972.694913	0.0	1.0	-1.0	-1.0	-1.0	-1.0	-1.0	-1.0	-1.0	-1.0	0.0	marker	peace	Peace	25	0418
-68582.745	-55668.24	-104766.3	-18569.43	0.0	0.0	0.0	0.0	0.0	0.0	0.0	0.0	0.0	0.0	0.0	0.0	0.0	0.0	146.0	0.0	0.038879295	-0.023254335	1.01989485	2.2127	-0.42728	0.09156	3291126.0	1776544972.69492	0.0	1.0	-1.0	-1.0	-1.0	-1.0	-1.0	-1.0	-1.0	-1.0	0.0	marker	peace	Peace	25	0418
-68615.28	-55651.14	-104775.345	-18581.895	0.0	0.0	0.0	0.0	0.0	0.0	0.0	0.0	0.0	0.0	0.0	0.0	0.0	0.0	146.0	0.0	0.03698721	-0.0329589	1.020810375	6.66862	-0.27468	-1.2207999999999999	3291127.0	1776544972.699015	0.0	1.0	-1.0	-1.0	-1.0	-1.0	-1.0	-1.0	-1.0	-1.0	0.0	marker	peace	Peace	25	0418
-68609.11499999999	-55637.369999999995	-104787.315	-18597.69	0.0	0.0	0.0	0.0	0.0	0.0	0.0	0.0	0.0	0.0	0.0	0.0	0.0	0.0	146.0	0.0	0.03698721	-0.0329589	1.020810375	6.66862	-0.27468	-1.2207999999999999	3291128.0	1776544972.699019	0.0	1.0	-1.0	-1.0	-1.0	-1.0	-1.0	-1.0	-1.0	-1.0	0.0	marker	peace	Peace	25	0418
-68591.25	-55638.765	-104787.98999999999	-18586.53	0.0	0.0	0.0	0.0	0.0	0.0	0.0	0.0	0.0	0.0	0.0	0.0	0.0	0.0	146.0	0.0	0.03698721	-0.0329589	1.020810375	6.66862	-0.27468	-1.2207999999999999	3291129.0	1776544972.703039	0.0	1.0	-1.0	-1.0	-1.0	-1.0	-1.0	-1.0	-1.0	-1.0	0.0	marker	peace	Peace	25	0418
-68602.68	-55653.704999999994	-104796.62999999999	-18594.36	0.0	0.0	0.0	0.0	0.0	0.0	0.0	0.0	0.0	0.0	0.0	0.0	0.0	0.0	146.0	0.0	0.03698721	-0.0329589	1.020810375	6.66862	-0.27468	-1.2207999999999999	3291130.0	1776544972.703044	0.0	1.0	-1.0	-1.0	-1.0	-1.0	-1.0	-1.0	-1.0	-1.0	0.0	marker	peace	Peace	25	0418
-68583.285	-55665.36	-104766.03	-18572.985	0.0	0.0	0.0	0.0	0.0	0.0	0.0	0.0	0.0	0.0	0.0	0.0	0.0	0.0	146.0	0.0	0.03698721	-0.0329589	1.020810375	6.66862	-0.27468	-1.2207999999999999	3291131.0	1776544972.707239	0.0	1.0	-1.0	-1.0	-1.0	-1.0	-1.0	-1.0	-1.0	-1.0	0.0	marker	peace	Peace	25	0418
-68550.61499999999	-55670.759999999995	-104727.555	-18528.57	0.0	0.0	0.0	0.0	0.0	0.0	0.0	0.0	0.0	0.0	0.0	0.0	0.0	0.0	146.0	0.0	0.03698721	-0.0329589	1.020810375	6.66862	-0.27468	-1.2207999999999999	3291132.0	1776544972.707242	0.0	1.0	-1.0	-1.0	-1.0	-1.0	-1.0	-1.0	-1.0	-1.0	0.0	marker	peace	Peace	25	0418
-68484.555	-55664.46	-104679.94499999999	-18477.989999999998	0.0	0.0	0.0	0.0	0.0	0.0	0.0	0.0	0.0	0.0	0.0	0.0	0.0	0.0	146.0	0.0	0.03698721	-0.0329589	1.020810375	6.66862	-0.27468	-1.2207999999999999	3291133.0	1776544972.712435	0.0	1.0	-1.0	-1.0	-1.0	-1.0	-1.0	-1.0	-1.0	-1.0	0.0	marker	peace	Peace	25	0418
-68594.44499999999	-55666.575	-104790.78	-18577.665	0.0	0.0	0.0	0.0	0.0	0.0	0.0	0.0	0.0	0.0	0.0	0.0	0.0	0.0	146.0	0.0	0.03698721	-0.0329589	1.020810375	6.66862	-0.27468	-1.2207999999999999	3291134.0	1776544972.712439	0.0	1.0	-1.0	-1.0	-1.0	-1.0	-1.0	-1.0	-1.0	-1.0	0.0	marker	peace	Peace	25	0418
-68638.185	-55660.725	-104821.69499999999	-18610.38	0.0	0.0	0.0	0.0	0.0	0.0	0.0	0.0	0.0	0.0	0.0	0.0	0.0	0.0	146.0	0.0	0.03698721	-0.0329589	1.020810375	6.66862	-0.27468	-1.2207999999999999	3291135.0	1776544972.714979	0.0	1.0	-1.0	-1.0	-1.0	-1.0	-1.0	-1.0	-1.0	-1.0	0.0	marker	peace	Peace	25	0418
-68612.94	-55649.88	-104798.51999999999	-18591.75	0.0	0.0	0.0	0.0	0.0	0.0	0.0	0.0	0.0	0.0	0.0	0.0	0.0	0.0	146.0	0.0	0.03698721	-0.0329589	1.020810375	6.66862	-0.27468	-1.2207999999999999	3291136.0	1776544972.714982	0.0	1.0	-1.0	-1.0	-1.0	-1.0	-1.0	-1.0	-1.0	-1.0	0.0	marker	peace	Peace	25	0418
-68603.355	-55646.64	-104793.885	-18591.21	0.0	0.0	0.0	0.0	0.0	0.0	0.0	0.0	0.0	0.0	0.0	0.0	0.0	0.0	146.0	0.0	0.041198625	-0.03002922	1.01659896	7.889419999999999	0.15259999999999999	-1.2971	3291137.0	1776544972.720722	0.0	1.0	-1.0	-1.0	-1.0	-1.0	-1.0	-1.0	-1.0	-1.0	0.0	marker	peace	Peace	25	0418
-68592.105	-55649.52	-104774.44499999999	-18576.809999999998	0.0	0.0	0.0	0.0	0.0	0.0	0.0	0.0	0.0	0.0	0.0	0.0	0.0	0.0	146.0	0.0	0.041198625	-0.03002922	1.01659896	7.889419999999999	0.15259999999999999	-1.2971	3291138.0	1776544972.720726	0.0	1.0	-1.0	-1.0	-1.0	-1.0	-1.0	-1.0	-1.0	-1.0	0.0	marker	peace	Peace	25	0418
-68592.375	-55666.125	-104769.94499999999	-18573.57	0.0	0.0	0.0	0.0	0.0	0.0	0.0	0.0	0.0	0.0	0.0	0.0	0.0	0.0	146.0	0.0	0.041198625	-0.03002922	1.01659896	7.889419999999999	0.15259999999999999	-1.2971	3291139.0	1776544972.723014	0.0	1.0	-1.0	-1.0	-1.0	-1.0	-1.0	-1.0	-1.0	-1.0	0.0	marker	peace	Peace	25	0418
-68596.92	-55666.305	-104769.045	-18566.145	0.0	0.0	0.0	0.0	0.0	0.0	0.0	0.0	0.0	0.0	0.0	0.0	0.0	0.0	146.0	0.0	0.041198625	-0.03002922	1.01659896	7.889419999999999	0.15259999999999999	-1.2971	3291140.0	1776544972.723018	0.0	1.0	-1.0	-1.0	-1.0	-1.0	-1.0	-1.0	-1.0	-1.0	0.0	marker	peace	Peace	25	0418
-68594.94	-55653.39	-104775.93	-18569.655	0.0	0.0	0.0	0.0	0.0	0.0	0.0	0.0	0.0	0.0	0.0	0.0	0.0	0.0	146.0	0.0	0.041198625	-0.03002922	1.01659896	7.889419999999999	0.15259999999999999	-1.2971	3291141.0	1776544972.727326	0.0	1.0	-1.0	-1.0	-1.0	-1.0	-1.0	-1.0	-1.0	-1.0	0.0	marker	peace	Peace	25	0418
-68591.83499999999	-55644.03	-104775.56999999999	-18576.225	0.0	0.0	0.0	0.0	0.0	0.0	0.0	0.0	0.0	0.0	0.0	0.0	0.0	0.0	146.0	0.0	0.041198625	-0.03002922	1.01659896	7.889419999999999	0.15259999999999999	-1.2971	3291142.0	1776544972.72733	0.0	1.0	-1.0	-1.0	-1.0	-1.0	-1.0	-1.0	-1.0	-1.0	0.0	marker	peace	Peace	25	0418
-68586.345	-55641.329999999994	-104764.905	-18576.495	0.0	0.0	0.0	0.0	0.0	0.0	0.0	0.0	0.0	0.0	0.0	0.0	0.0	0.0	146.0	0.0	0.041198625	-0.03002922	1.01659896	7.889419999999999	0.15259999999999999	-1.2971	3291143.0	1776544972.731062	0.0	1.0	-1.0	-1.0	-1.0	-1.0	-1.0	-1.0	-1.0	-1.0	0.0	marker	peace	Peace	25	0418
-68559.345	-55636.155	-104737.00499999999	-18542.295	0.0	0.0	0.0	0.0	0.0	0.0	0.0	0.0	0.0	0.0	0.0	0.0	0.0	0.0	146.0	0.0	0.041198625	-0.03002922	1.01659896	7.889419999999999	0.15259999999999999	-1.2971	3291144.0	1776544972.731066	0.0	1.0	-1.0	-1.0	-1.0	-1.0	-1.0	-1.0	-1.0	-1.0	0.0	marker	peace	Peace	25	0418
-68543.64	-55609.695	-104716.75499999999	-18523.215	0.0	0.0	0.0	0.0	0.0	0.0	0.0	0.0	0.0	0.0	0.0	0.0	0.0	0.0	146.0	0.0	0.041198625	-0.03002922	1.01659896	7.889419999999999	0.15259999999999999	-1.2971	3291145.0	1776544972.735097	0.0	1.0	-1.0	-1.0	-1.0	-1.0	-1.0	-1.0	-1.0	-1.0	0.0	marker	peace	Peace	25	0418
-68598.72	-55538.595	-104773.545	-18590.85	0.0	0.0	0.0	0.0	0.0	0.0	0.0	0.0	0.0	0.0	0.0	0.0	0.0	0.0	146.0	0.0	0.041198625	-0.03002922	1.01659896	7.889419999999999	0.15259999999999999	-1.2971	3291146.0	1776544972.7351	0.0	1.0	-1.0	-1.0	-1.0	-1.0	-1.0	-1.0	-1.0	-1.0	0.0	marker	peace	Peace	25	0418
-68579.055	-55538.82	-104774.625	-18574.515	0.0	0.0	0.0	0.0	0.0	0.0	0.0	0.0	0.0	0.0	0.0	0.0	0.0	0.0	146.0	0.0	0.043029675	-0.015808065	1.01476791	2.39582	0.25942	-0.36624	3291147.0	1776544972.742483	0.0	1.0	-1.0	-1.0	-1.0	-1.0	-1.0	-1.0	-1.0	-1.0	0.0	marker	peace	Peace	25	0418
-68578.83	-55567.53	-104760.18	-18559.395	0.0	0.0	0.0	0.0	0.0	0.0	0.0	0.0	0.0	0.0	0.0	0.0	0.0	0.0	146.0	0.0	0.043029675	-0.015808065	1.01476791	2.39582	0.25942	-0.36624	3291148.0	1776544972.742486	0.0	1.0	-1.0	-1.0	-1.0	-1.0	-1.0	-1.0	-1.0	-1.0	0.0	marker	peace	Peace	25	0418
-68586.795	-55571.985	-104756.44499999999	-18567.899999999998	0.0	0.0	0.0	0.0	0.0	0.0	0.0	0.0	0.0	0.0	0.0	0.0	0.0	0.0	146.0	0.0	0.043029675	-0.015808065	1.01476791	2.39582	0.25942	-0.36624	3291149.0	1776544972.743101	0.0	1.0	-1.0	-1.0	-1.0	-1.0	-1.0	-1.0	-1.0	-1.0	0.0	marker	peace	Peace	25	0418
-68604.345	-55566.18	-104786.595	-18586.26	0.0	0.0	0.0	0.0	0.0	0.0	0.0	0.0	0.0	0.0	0.0	0.0	0.0	0.0	146.0	0.0	0.043029675	-0.015808065	1.01476791	2.39582	0.25942	-0.36624	3291150.0	1776544972.743104	0.0	1.0	-1.0	-1.0	-1.0	-1.0	-1.0	-1.0	-1.0	-1.0	0.0	marker	peace	Peace	25	0418
-68613.48	-55561.634999999995	-104793.93	-18585.765	0.0	0.0	0.0	0.0	0.0	0.0	0.0	0.0	0.0	0.0	0.0	0.0	0.0	0.0	146.0	0.0	0.043029675	-0.015808065	1.01476791	2.39582	0.25942	-0.36624	3291151.0	1776544972.747184	0.0	1.0	-1.0	-1.0	-1.0	-1.0	-1.0	-1.0	-1.0	-1.0	0.0	marker	peace	Peace	25	0418
-68617.89	-55555.02	-104773.36499999999	-18594.945	0.0	0.0	0.0	0.0	0.0	0.0	0.0	0.0	0.0	0.0	0.0	0.0	0.0	0.0	146.0	0.0	0.043029675	-0.015808065	1.01476791	2.39582	0.25942	-0.36624	3291152.0	1776544972.747189	0.0	1.0	-1.0	-1.0	-1.0	-1.0	-1.0	-1.0	-1.0	-1.0	0.0	marker	peace	Peace	25	0418
-68565.78	-55553.445	-104743.39499999999	-18545.399999999998	0.0	0.0	0.0	0.0	0.0	0.0	0.0	0.0	0.0	0.0	0.0	0.0	0.0	0.0	146.0	0.0	0.043029675	-0.015808065	1.01476791	2.39582	0.25942	-0.36624	3291153.0	1776544972.75633	0.0	1.0	-1.0	-1.0	-1.0	-1.0	-1.0	-1.0	-1.0	-1.0	0.0	marker	peace	Peace	25	0418
-68531.44499999999	-55556.369999999995	-104738.94	-18512.82	0.0	0.0	0.0	0.0	0.0	0.0	0.0	0.0	0.0	0.0	0.0	0.0	0.0	0.0	146.0	0.0	0.043029675	-0.015808065	1.01476791	2.39582	0.25942	-0.36624	3291154.0	1776544972.756333	0.0	1.0	-1.0	-1.0	-1.0	-1.0	-1.0	-1.0	-1.0	-1.0	0.0	marker	peace	Peace	25	0418
-68595.435	-55576.619999999995	-104791.905	-18575.91	0.0	0.0	0.0	0.0	0.0	0.0	0.0	0.0	0.0	0.0	0.0	0.0	0.0	0.0	146.0	0.0	0.043029675	-0.015808065	1.01476791	2.39582	0.25942	-0.36624	3291155.0	1776544972.756337	0.0	1.0	-1.0	-1.0	-1.0	-1.0	-1.0	-1.0	-1.0	-1.0	0.0	marker	peace	Peace	25	0418
-68627.205	-55583.64	-104808.555	-18605.88	0.0	0.0	0.0	0.0	0.0	0.0	0.0	0.0	0.0	0.0	0.0	0.0	0.0	0.0	146.0	0.0	0.043029675	-0.015808065	1.01476791	2.39582	0.25942	-0.36624	3291156.0	1776544972.756339	0.0	1.0	-1.0	-1.0	-1.0	-1.0	-1.0	-1.0	-1.0	-1.0	0.0	marker	peace	Peace	25	0418
