ch_0	ch_1	ch_2	ch_3	ch_4	ch_5	ch_6	ch_7	ch_8	ch_9	ch_10	ch_11	ch_12	ch_13	ch_14	ch_15	ch_16	ch_17	ch_18	ch_19	ch_20	ch_21	ch_22	ch_23	ch_24	ch_25	ch_26	timestamp	marker	ch_29	ch_30	ch_31	ch_32	ch_33	ch_34	ch_35	ch_36	ch_37	ch_38	MarkerColumn	GestureLabel	CueLabel	SampleNumber	CollectionDate
-66694.05	-53172.72	-102224.655	-17907.704999999998	0.0	0.0	0.0	0.0	0.0	0.0	0.0	0.0	0.0	0.0	0.0	0.0	0.0	0.0	146.13793103448276	0.0	0.024963315	-0.03466788	1.03259013	4.7458599999999995	-1.64808	1.31236	3190304.0	1776544770.3615	3.0	1.0	-1.0	-1.0	-1.0	-1.0	-1.0	-1.0	-1.0	-1.0	0.0	marker	opened-hand	Open	11	0418
-66779.09999999999	-53182.35	-102285.135	-17985.6	0.0	0.0	0.0	0.0	0.0	0.0	0.0	0.0	0.0	0.0	0.0	0.0	0.0	0.0	146.13793103448276	0.0	0.024963315	-0.03466788	1.03259013	4.7458599999999995	-1.64808	1.31236	3190305.0	1776544770.361523	0.0	1.0	-1.0	-1.0	-1.0	-1.0	-1.0	-1.0	-1.0	-1.0	0.0	marker	opened-hand	Open	11	0418
-66865.185	-53192.744999999995	-102236.4	-18015.12	0.0	0.0	0.0	0.0	0.0	0.0	0.0	0.0	0.0	0.0	0.0	0.0	0.0	0.0	146.13793103448276	0.0	0.024963315	-0.03466788	1.03259013	4.7458599999999995	-1.64808	1.31236	3190306.0	1776544770.365342	0.0	1.0	-1.0	-1.0	-1.0	-1.0	-1.0	-1.0	-1.0	-1.0	0.0	marker	opened-hand	Open	11	0418
-66919.995	-53193.555	-102176.235	-18030.69	0.0	0.0	0.0	0.0	0.0	0.0	0.0	0.0	0.0	0.0	0.0	0.0	0.0	0.0	146.13793103448276	0.0	0.024963315	-0.03466788	1.03259013	4.7458599999999995	-1.64808	1.31236	3190307.0	1776544770.36536	0.0	1.0	-1.0	-1.0	-1.0	-1.0	-1.0	-1.0	-1.0	-1.0	0.0	marker	opened-hand	Open	11	0418
-66831.12	-53186.67	-102091.995	-17991.405	0.0	0.0	0.0	0.0	0.0	0.0	0.0	0.0	0.0	0.0	0.0	0.0	0.0	0.0	146.13793103448276	0.0	0.024963315	-0.03466788	1.03259013	4.7458599999999995	-1.64808	1.31236	3190308.0	1776544770.369379	0.0	1.0	-1.0	-1.0	-1.0	-1.0	-1.0	-1.0	-1.0	-1.0	0.0	marker	opened-hand	Open	11	0418
-66609.94499999999	-53166.555	-102008.205	-17906.13	0.0	0.0	0.0	0.0	0.0	0.0	0.0	0.0	0.0	0.0	0.0	0.0	0.0	0.0	146.13793103448276	0.0	0.024963315	-0.03466788	1.03259013	4.7458599999999995	-1.64808	1.31236	3190309.0	1776544770.3694	0.0	1.0	-1.0	-1.0	-1.0	-1.0	-1.0	-1.0	-1.0	-1.0	0.0	marker	opened-hand	Open	11	0418
-66602.16	-53167.86	-102263.22	-17936.864999999998	0.0	0.0	0.0	0.0	0.0	0.0	0.0	0.0	0.0	0.0	0.0	0.0	0.0	0.0	146.13793103448276	0.0	0.024963315	-0.03466788	1.03259013	4.7458599999999995	-1.64808	1.31236	3190310.0	1776544770.373308	0.0	1.0	-1.0	-1.0	-1.0	-1.0	-1.0	-1.0	-1.0	-1.0	0.0	marker	opened-hand	Open	11	0418
-66634.02	-53172.63	-102460.14	-17946.18	0.0	0.0	0.0	0.0	0.0	0.0	0.0	0.0	0.0	0.0	0.0	0.0	0.0	0.0	146.13793103448276	0.0	0.024963315	-0.03466788	1.03259013	4.7458599999999995	-1.64808	1.31236	3190311.0	1776544770.373325	0.0	1.0	-1.0	-1.0	-1.0	-1.0	-1.0	-1.0	-1.0	-1.0	0.0	marker	opened-hand	Open	11	0418
-66694.635	-53163.314999999995	-102380.12999999999	-17916.75	0.0	0.0	0.0	0.0	0.0	0.0	0.0	0.0	0.0	0.0	0.0	0.0	0.0	0.0	146.13793103448276	0.0	0.024963315	-0.03466788	1.03259013	4.7458599999999995	-1.64808	1.31236	3190312.0	1776544770.37742	0.0	1.0	-1.0	-1.0	-1.0	-1.0	-1.0	-1.0	-1.0	-1.0	0.0	marker	opened-hand	Open	11	0418
-66706.875	-53153.369999999995	-102256.78499999999	-17904.105	0.0	0.0	0.0	0.0	0.0	0.0	0.0	0.0	0.0	0.0	0.0	0.0	0.0	0.0	146.13793103448276	0.0	0.024963315	-0.03466788	1.03259013	4.7458599999999995	-1.64808	1.31236	3190313.0	1776544770.377437	0.0	1.0	-1.0	-1.0	-1.0	-1.0	-1.0	-1.0	-1.0	-1.0	0.0	marker	opened-hand	Open	11	0418
-66683.7	-53153.415	-102228.345	-17901.135	0.0	0.0	0.0	0.0	0.0	0.0	0.0	0.0	0.0	0.0	0.0	0.0	0.0	0.0	146.13793103448276	0.0	0.02893059	-0.03796377	1.027158015	6.11926	-2.27374	1.3734	3190314.0	1776544770.383825	0.0	1.0	-1.0	-1.0	-1.0	-1.0	-1.0	-1.0	-1.0	-1.0	0.0	marker	opened-hand	Open	11	0418
-66709.845	-53161.064999999995	-102242.205	-17906.895	0.0	0.0	0.0	0.0	0.0	0.0	0.0	0.0	0.0	0.0	0.0	0.0	0.0	0.0	146.13793103448276	0.0	0.02893059	-0.03796377	1.027158015	6.11926	-2.27374	1.3734	3190315.0	1776544770.383841	0.0	1.0	-1.0	-1.0	-1.0	-1.0	-1.0	-1.0	-1.0	-1.0	0.0	marker	opened-hand	Open	11	0418
-66719.97	-53178.704999999994	-102245.58	-17910.045	0.0	0.0	0.0	0.0	0.0	0.0	0.0	0.0	0.0	0.0	0.0	0.0	0.0	0.0	146.13793103448276	0.0	0.02893059	-0.03796377	1.027158015	6.11926	-2.27374	1.3734	3190316.0	1776544770.386854	0.0	1.0	-1.0	-1.0	-1.0	-1.0	-1.0	-1.0	-1.0	-1.0	0.0	marker	opened-hand	Open	11	0418
-66727.62	-53194.545	-102254.22	-17919.809999999998	0.0	0.0	0.0	0.0	0.0	0.0	0.0	0.0	0.0	0.0	0.0	0.0	0.0	0.0	146.13793103448276	0.0	0.02893059	-0.03796377	1.027158015	6.11926	-2.27374	1.3734	3190317.0	1776544770.38687	0.0	1.0	-1.0	-1.0	-1.0	-1.0	-1.0	-1.0	-1.0	-1.0	0.0	marker	opened-hand	Open	11	0418
-66734.28	-53193.329999999994	-102252.915	-17918.01	0.0	0.0	0.0	0.0	0.0	0.0	0.0	0.0	0.0	0.0	0.0	0.0	0.0	0.0	146.13793103448276	0.0	0.02893059	-0.03796377	1.027158015	6.11926	-2.27374	1.3734	3190318.0	1776544770.389346	0.0	1.0	-1.0	-1.0	-1.0	-1.0	-1.0	-1.0	-1.0	-1.0	0.0	marker	opened-hand	Open	11	0418
-66737.88	-53182.71	-102259.08	-17921.565	0.0	0.0	0.0	0.0	0.0	0.0	0.0	0.0	0.0	0.0	0.0	0.0	0.0	0.0	146.13793103448276	0.0	0.02893059	-0.03796377	1.027158015	6.11926	-2.27374	1.3734	3190319.0	1776544770.389365	0.0	1.0	-1.0	-1.0	-1.0	-1.0	-1.0	-1.0	-1.0	-1.0	0.0	marker	opened-hand	Open	11	0418
-66751.69499999999	-53170.11	-102271.23	-17929.934999999998	0.0	0.0	0.0	0.0	0.0	0.0	0.0	0.0	0.0	0.0	0.0	0.0	0.0	0.0	146.13793103448276	0.0	0.02893059	-0.03796377	1.027158015	6.11926	-2.27374	1.3734	3190320.0	1776544770.393329	0.0	1.0	-1.0	-1.0	-1.0	-1.0	-1.0	-1.0	-1.0	-1.0	0.0	marker	opened-hand	Open	11	0418
-66784.275	-53169.299999999996	-102252.06	-17926.875	0.0	0.0	0.0	0.0	0.0	0.0	0.0	0.0	0.0	0.0	0.0	0.0	0.0	0.0	146.13793103448276	0.0	0.02893059	-0.03796377	1.027158015	6.11926	-2.27374	1.3734	3190321.0	1776544770.393345	0.0	1.0	-1.0	-1.0	-1.0	-1.0	-1.0	-1.0	-1.0	-1.0	0.0	marker	opened-hand	Open	11	0418
-66813.97499999999	-53172.0	-102252.015	-17954.82	0.0	0.0	0.0	0.0	0.0	0.0	0.0	0.0	0.0	0.0	0.0	0.0	0.0	0.0	146.13793103448276	0.0	0.02893059	-0.03796377	1.027158015	6.11926	-2.27374	1.3734	3190322.0	1776544770.397588	0.0	1.0	-1.0	-1.0	-1.0	-1.0	-1.0	-1.0	-1.0	-1.0	0.0	marker	opened-hand	Open	11	0418
-66767.175	-53174.115	-102217.455	-17946.315	0.0	0.0	0.0	0.0	0.0	0.0	0.0	0.0	0.0	0.0	0.0	0.0	0.0	0.0	146.13793103448276	0.0	0.02893059	-0.03796377	1.027158015	6.11926	-2.27374	1.3734	3190323.0	1776544770.397603	0.0	1.0	-1.0	-1.0	-1.0	-1.0	-1.0	-1.0	-1.0	-1.0	0.0	marker	opened-hand	Open	11	0418
-66775.23	-53179.29	-102244.76999999999	-17935.425	0.0	0.0	0.0	0.0	0.0	0.0	0.0	0.0	0.0	0.0	0.0	0.0	0.0	0.0	146.13793103448276	0.0	0.01696773	-0.055602885	1.029721485	14.28336	-2.53316	-0.18312	3190324.0	1776544770.401448	0.0	1.0	-1.0	-1.0	-1.0	-1.0	-1.0	-1.0	-1.0	-1.0	0.0	marker	opened-hand	Open	11	0418
-66708.18	-53183.79	-102251.745	-17882.82	0.0	0.0	0.0	0.0	0.0	0.0	0.0	0.0	0.0	0.0	0.0	0.0	0.0	0.0	146.13793103448276	0.0	0.01696773	-0.055602885	1.029721485	14.28336	-2.53316	-0.18312	3190325.0	1776544770.401465	0.0	1.0	-1.0	-1.0	-1.0	-1.0	-1.0	-1.0	-1.0	-1.0	0.0	marker	opened-hand	Open	11	0418
-66696.84	-53173.305	-102267.54	-17896.59	0.0	0.0	0.0	0.0	0.0	0.0	0.0	0.0	0.0	0.0	0.0	0.0	0.0	0.0	146.13793103448276	0.0	0.01696773	-0.055602885	1.029721485	14.28336	-2.53316	-0.18312	3190326.0	1776544770.405472	0.0	1.0	-1.0	-1.0	-1.0	-1.0	-1.0	-1.0	-1.0	-1.0	0.0	marker	opened-hand	Open	11	0418
-66695.58	-53153.82	-102227.355	-17902.17	0.0	0.0	0.0	0.0	0.0	0.0	0.0	0.0	0.0	0.0	0.0	0.0	0.0	0.0	146.13793103448276	0.0	0.01696773	-0.055602885	1.029721485	14.28336	-2.53316	-0.18312	3190327.0	1776544770.405487	0.0	1.0	-1.0	-1.0	-1.0	-1.0	-1.0	-1.0	-1.0	-1.0	0.0	marker	opened-hand	Open	11	0418
-66703.23	-53139.735	-102213.72	-17909.954999999998	0.0	0.0	0.0	0.0	0.0	0.0	0.0	0.0	0.0	0.0	0.0	0.0	0.0	0.0	146.13793103448276	0.0	0.01696773	-0.055602885	1.029721485	14.28336	-2.53316	-0.18312	3190328.0	1776544770.409571	0.0	1.0	-1.0	-1.0	-1.0	-1.0	-1.0	-1.0	-1.0	-1.0	0.0	marker	opened-hand	Open	11	0418
-66728.25	-53138.744999999995	-102212.775	-17903.07	0.0	0.0	0.0	0.0	0.0	0.0	0.0	0.0	0.0	0.0	0.0	0.0	0.0	0.0	146.13793103448276	0.0	0.01696773	-0.055602885	1.029721485	14.28336	-2.53316	-0.18312	3190329.0	1776544770.409587	0.0	1.0	-1.0	-1.0	-1.0	-1.0	-1.0	-1.0	-1.0	-1.0	0.0	marker	opened-hand	Open	11	0418
-66858.66	-53139.375	-102282.39	-17953.245	0.0	0.0	0.0	0.0	0.0	0.0	0.0	0.0	0.0	0.0	0.0	0.0	0.0	0.0	146.13793103448276	0.0	0.01696773	-0.055602885	1.029721485	14.28336	-2.53316	-0.18312	3190330.0	1776544770.413648	0.0	1.0	-1.0	-1.0	-1.0	-1.0	-1.0	-1.0	-1.0	-1.0	0.0	marker	opened-hand	Open	11	0418
-66846.465	-53138.384999999995	-102286.17	-17957.204999999998	0.0	0.0	0.0	0.0	0.0	0.0	0.0	0.0	0.0	0.0	0.0	0.0	0.0	0.0	146.13793103448276	0.0	0.01696773	-0.055602885	1.029721485	14.28336	-2.53316	-0.18312	3190331.0	1776544770.413663	0.0	1.0	-1.0	-1.0	-1.0	-1.0	-1.0	-1.0	-1.0	-1.0	0.0	marker	opened-hand	Open	11	0418
-66737.205	-53142.84	-102248.37	-17937.989999999998	0.0	0.0	0.0	0.0	0.0	0.0	0.0	0.0	0.0	0.0	0.0	0.0	0.0	0.0	146.13793103448276	0.0	0.01696773	-0.055602885	1.029721485	14.28336	-2.53316	-0.18312	3190332.0	1776544770.417481	0.0	1.0	-1.0	-1.0	-1.0	-1.0	-1.0	-1.0	-1.0	-1.0	0.0	marker	opened-hand	Open	11	0418
-66717.98999999999	-53147.655	-102230.86499999999	-17929.395	0.0	0.0	0.0	0.0	0.0	0.0	0.0	0.0	0.0	0.0	0.0	0.0	0.0	0.0	146.13793103448276	0.0	0.01696773	-0.055602885	1.029721485	14.28336	-2.53316	-0.18312	3190333.0	1776544770.417497	0.0	1.0	-1.0	-1.0	-1.0	-1.0	-1.0	-1.0	-1.0	-1.0	0.0	marker	opened-hand	Open	11	0418
-66703.59	-53126.595	-102232.70999999999	-17926.875	0.0	0.0	0.0	0.0	0.0	0.0	0.0	0.0	0.0	0.0	0.0	0.0	0.0	0.0	146.13793103448276	0.0	0.01989741	-0.05480943	1.010922705	14.51226	-1.19028	2.39582	3190334.0	1776544770.422961	0.0	1.0	-1.0	-1.0	-1.0	-1.0	-1.0	-1.0	-1.0	-1.0	0.0	marker	opened-hand	Open	11	0418
-66774.915	-53044.604999999996	-102266.64	-17931.105	0.0	0.0	0.0	0.0	0.0	0.0	0.0	0.0	0.0	0.0	0.0	0.0	0.0	0.0	146.13793103448276	0.0	0.01989741	-0.05480943	1.010922705	14.51226	-1.19028	2.39582	3190335.0	1776544770.422965	0.0	1.0	-1.0	-1.0	-1.0	-1.0	-1.0	-1.0	-1.0	-1.0	0.0	marker	opened-hand	Open	11	0418
-66793.77	-53013.825	-102273.705	-17927.01	0.0	0.0	0.0	0.0	0.0	0.0	0.0	0.0	0.0	0.0	0.0	0.0	0.0	0.0	146.13793103448276	0.0	0.01989741	-0.05480943	1.010922705	14.51226	-1.19028	2.39582	3190336.0	1776544770.425506	0.0	1.0	-1.0	-1.0	-1.0	-1.0	-1.0	-1.0	-1.0	-1.0	0.0	marker	opened-hand	Open	11	0418
-66792.59999999999	-53003.43	-102277.305	-17949.51	0.0	0.0	0.0	0.0	0.0	0.0	0.0	0.0	0.0	0.0	0.0	0.0	0.0	0.0	146.13793103448276	0.0	0.01989741	-0.05480943	1.010922705	14.51226	-1.19028	2.39582	3190337.0	1776544770.42551	0.0	1.0	-1.0	-1.0	-1.0	-1.0	-1.0	-1.0	-1.0	-1.0	0.0	marker	opened-hand	Open	11	0418
-66789.135	-53005.68	-102251.295	-17959.23	0.0	0.0	0.0	0.0	0.0	0.0	0.0	0.0	0.0	0.0	0.0	0.0	0.0	0.0	146.13793103448276	0.0	0.01989741	-0.05480943	1.010922705	14.51226	-1.19028	2.39582	3190338.0	1776544770.429472	0.0	1.0	-1.0	-1.0	-1.0	-1.0	-1.0	-1.0	-1.0	-1.0	0.0	marker	opened-hand	Open	11	0418
-66791.295	-52993.17	-102127.095	-17895.96	0.0	0.0	0.0	0.0	0.0	0.0	0.0	0.0	0.0	0.0	0.0	0.0	0.0	0.0	146.13793103448276	0.0	0.01989741	-0.05480943	1.010922705	14.51226	-1.19028	2.39582	3190339.0	1776544770.429487	0.0	1.0	-1.0	-1.0	-1.0	-1.0	-1.0	-1.0	-1.0	-1.0	0.0	marker	opened-hand	Open	11	0418
-66749.67	-52981.515	-102133.665	-17864.01	0.0	0.0	0.0	0.0	0.0	0.0	0.0	0.0	0.0	0.0	0.0	0.0	0.0	0.0	146.13793103448276	0.0	0.01989741	-0.05480943	1.010922705	14.51226	-1.19028	2.39582	3190340.0	1776544770.433475	0.0	1.0	-1.0	-1.0	-1.0	-1.0	-1.0	-1.0	-1.0	-1.0	0.0	marker	opened-hand	Open	11	0418
-66797.28	-52985.564999999995	-102298.59	-17940.149999999998	0.0	0.0	0.0	0.0	0.0	0.0	0.0	0.0	0.0	0.0	0.0	0.0	0.0	0.0	146.13793103448276	0.0	0.01989741	-0.05480943	1.010922705	14.51226	-1.19028	2.39582	3190341.0	1776544770.433491	0.0	1.0	-1.0	-1.0	-1.0	-1.0	-1.0	-1.0	-1.0	-1.0	0.0	marker	opened-hand	Open	11	0418
-66724.875	-52987.049999999996	-102348.09	-17979.885	0.0	0.0	0.0	0.0	0.0	0.0	0.0	0.0	0.0	0.0	0.0	0.0	0.0	0.0	146.13793103448276	0.0	0.01989741	-0.05480943	1.010922705	14.51226	-1.19028	2.39582	3190342.0	1776544770.437591	0.0	1.0	-1.0	-1.0	-1.0	-1.0	-1.0	-1.0	-1.0	-1.0	0.0	marker	opened-hand	Open	11	0418
-66678.48	-52978.454999999994	-102262.14	-17904.825	0.0	0.0	0.0	0.0	0.0	0.0	0.0	0.0	0.0	0.0	0.0	0.0	0.0	0.0	146.13793103448276	0.0	0.01989741	-0.05480943	1.010922705	14.51226	-1.19028	2.39582	3190343.0	1776544770.437596	0.0	1.0	-1.0	-1.0	-1.0	-1.0	-1.0	-1.0	-1.0	-1.0	0.0	marker	opened-hand	Open	11	0418
-66687.39	-52957.665	-102238.065	-17867.07	0.0	0.0	0.0	0.0	0.0	0.0	0.0	0.0	0.0	0.0	0.0	0.0	0.0	0.0	146.13793103448276	0.0	0.03076164	-0.034362705	1.01293686	8.28618	-0.8087799999999999	0.6714399999999999	3190344.0	1776544770.446925	0.0	1.0	-1.0	-1.0	-1.0	-1.0	-1.0	-1.0	-1.0	-1.0	0.0	marker	opened-hand	Open	11	0418
-66737.06999999999	-52946.954999999994	-102296.295	-17925.48	0.0	0.0	0.0	0.0	0.0	0.0	0.0	0.0	0.0	0.0	0.0	0.0	0.0	0.0	146.13793103448276	0.0	0.03076164	-0.034362705	1.01293686	8.28618	-0.8087799999999999	0.6714399999999999	3190345.0	1776544770.446941	0.0	1.0	-1.0	-1.0	-1.0	-1.0	-1.0	-1.0	-1.0	-1.0	0.0	marker	opened-hand	Open	11	0418
-66786.03	-52949.88	-102362.355	-18013.905	0.0	0.0	0.0	0.0	0.0	0.0	0.0	0.0	0.0	0.0	0.0	0.0	0.0	0.0	146.13793103448276	0.0	0.03076164	-0.034362705	1.01293686	8.28618	-0.8087799999999999	0.6714399999999999	3190346.0	1776544770.446959	0.0	1.0	-1.0	-1.0	-1.0	-1.0	-1.0	-1.0	-1.0	-1.0	0.0	marker	opened-hand	Open	11	0418
-66749.175	-52952.67	-102329.14499999999	-18030.329999999998	0.0	0.0	0.0	0.0	0.0	0.0	0.0	0.0	0.0	0.0	0.0	0.0	0.0	0.0	146.13793103448276	0.0	0.03076164	-0.034362705	1.01293686	8.28618	-0.8087799999999999	0.6714399999999999	3190347.0	1776544770.446967	0.0	1.0	-1.0	-1.0	-1.0	-1.0	-1.0	-1.0	-1.0	-1.0	0.0	marker	opened-hand	Open	11	0418
-66729.42	-52963.38	-102288.105	-18008.505	0.0	0.0	0.0	0.0	0.0	0.0	0.0	0.0	0.0	0.0	0.0	0.0	0.0	0.0	146.13793103448276	0.0	0.03076164	-0.034362705	1.01293686	8.28618	-0.8087799999999999	0.6714399999999999	3190348.0	1776544770.449656	0.0	1.0	-1.0	-1.0	-1.0	-1.0	-1.0	-1.0	-1.0	-1.0	0.0	marker	opened-hand	Open	11	0418
-66704.48999999999	-52974.045	-102266.19	-17952.975	0.0	0.0	0.0	0.0	0.0	0.0	0.0	0.0	0.0	0.0	0.0	0.0	0.0	0.0	146.13793103448276	0.0	0.03076164	-0.034362705	1.01293686	8.28618	-0.8087799999999999	0.6714399999999999	3190349.0	1776544770.449671	0.0	1.0	-1.0	-1.0	-1.0	-1.0	-1.0	-1.0	-1.0	-1.0	0.0	marker	opened-hand	Open	11	0418
-66705.93	-52975.439999999995	-102273.435	-17909.235	0.0	0.0	0.0	0.0	0.0	0.0	0.0	0.0	0.0	0.0	0.0	0.0	0.0	0.0	146.13793103448276	0.0	0.03076164	-0.034362705	1.01293686	8.28618	-0.8087799999999999	0.6714399999999999	3190350.0	1776544770.453667	0.0	1.0	-1.0	-1.0	-1.0	-1.0	-1.0	-1.0	-1.0	-1.0	0.0	marker	opened-hand	Open	11	0418
-66721.23	-52972.47	-102325.40999999999	-17941.725	0.0	0.0	0.0	0.0	0.0	0.0	0.0	0.0	0.0	0.0	0.0	0.0	0.0	0.0	146.13793103448276	0.0	0.03076164	-0.034362705	1.01293686	8.28618	-0.8087799999999999	0.6714399999999999	3190351.0	1776544770.453681	0.0	1.0	-1.0	-1.0	-1.0	-1.0	-1.0	-1.0	-1.0	-1.0	0.0	marker	opened-hand	Open	11	0418
-66710.7	-52959.195	-102292.515	-17940.69	0.0	0.0	0.0	0.0	0.0	0.0	0.0	0.0	0.0	0.0	0.0	0.0	0.0	0.0	146.13793103448276	0.0	0.03076164	-0.034362705	1.01293686	8.28618	-0.8087799999999999	0.6714399999999999	3190352.0	1776544770.457765	0.0	1.0	-1.0	-1.0	-1.0	-1.0	-1.0	-1.0	-1.0	-1.0	0.0	marker	opened-hand	Open	11	0418
-66734.19	-52953.57	-102262.31999999999	-17933.175	0.0	0.0	0.0	0.0	0.0	0.0	0.0	0.0	0.0	0.0	0.0	0.0	0.0	0.0	146.13793103448276	0.0	0.03076164	-0.034362705	1.01293686	8.28618	-0.8087799999999999	0.6714399999999999	3190353.0	1776544770.45778	0.0	1.0	-1.0	-1.0	-1.0	-1.0	-1.0	-1.0	-1.0	-1.0	0.0	marker	opened-hand	Open	11	0418
-66732.435	-52956.27	-102277.75499999999	-17942.085	0.0	0.0	0.0	0.0	0.0	0.0	0.0	0.0	0.0	0.0	0.0	0.0	0.0	0.0	146.13793103448276	0.0	0.02087397	-0.018493605	1.0070775	9.781659999999999	0.77826	1.9075	3190354.0	1776544770.461893	0.0	1.0	-1.0	-1.0	-1.0	-1.0	-1.0	-1.0	-1.0	-1.0	0.0	marker	opened-hand	Open	11	0418
-66698.505	-52955.369999999995	-102241.305	-17901.315	0.0	0.0	0.0	0.0	0.0	0.0	0.0	0.0	0.0	0.0	0.0	0.0	0.0	0.0	146.13793103448276	0.0	0.02087397	-0.018493605	1.0070775	9.781659999999999	0.77826	1.9075	3190355.0	1776544770.461908	0.0	1.0	-1.0	-1.0	-1.0	-1.0	-1.0	-1.0	-1.0	-1.0	0.0	marker	opened-hand	Open	11	0418
-66717.765	-52966.799999999996	-102219.3	-17877.87	0.0	0.0	0.0	0.0	0.0	0.0	0.0	0.0	0.0	0.0	0.0	0.0	0.0	0.0	146.13793103448276	0.0	0.02087397	-0.018493605	1.0070775	9.781659999999999	0.77826	1.9075	3190356.0	1776544770.465843	0.0	1.0	-1.0	-1.0	-1.0	-1.0	-1.0	-1.0	-1.0	-1.0	0.0	marker	opened-hand	Open	11	0418
-66777.84	-52978.95	-102265.065	-17932.14	0.0	0.0	0.0	0.0	0.0	0.0	0.0	0.0	0.0	0.0	0.0	0.0	0.0	0.0	146.13793103448276	0.0	0.02087397	-0.018493605	1.0070775	9.781659999999999	0.77826	1.9075	3190357.0	1776544770.465858	0.0	1.0	-1.0	-1.0	-1.0	-1.0	-1.0	-1.0	-1.0	-1.0	0.0	marker	opened-hand	Open	11	0418
-66800.205	-52986.195	-102320.14499999999	-17992.575	0.0	0.0	0.0	0.0	0.0	0.0	0.0	0.0	0.0	0.0	0.0	0.0	0.0	0.0	146.13793103448276	0.0	0.02087397	-0.018493605	1.0070775	9.781659999999999	0.77826	1.9075	3190358.0	1776544770.469688	0.0	1.0	-1.0	-1.0	-1.0	-1.0	-1.0	-1.0	-1.0	-1.0	0.0	marker	opened-hand	Open	11	0418
-66767.48999999999	-52976.025	-102310.155	-17958.645	0.0	0.0	0.0	0.0	0.0	0.0	0.0	0.0	0.0	0.0	0.0	0.0	0.0	0.0	146.13793103448276	0.0	0.02087397	-0.018493605	1.0070775	9.781659999999999	0.77826	1.9075	3190359.0	1776544770.469694	0.0	1.0	-1.0	-1.0	-1.0	-1.0	-1.0	-1.0	-1.0	-1.0	0.0	marker	opened-hand	Open	11	0418
-66707.505	-52952.13	-102257.235	-17912.79	0.0	0.0	0.0	0.0	0.0	0.0	0.0	0.0	0.0	0.0	0.0	0.0	0.0	0.0	146.13793103448276	0.0	0.02087397	-0.018493605	1.0070775	9.781659999999999	0.77826	1.9075	3190360.0	1776544770.473706	0.0	1.0	-1.0	-1.0	-1.0	-1.0	-1.0	-1.0	-1.0	-1.0	0.0	marker	opened-hand	Open	11	0418
-66739.545	-52937.729999999996	-102263.94	-17924.13	0.0	0.0	0.0	0.0	0.0	0.0	0.0	0.0	0.0	0.0	0.0	0.0	0.0	0.0	146.13793103448276	0.0	0.02087397	-0.018493605	1.0070775	9.781659999999999	0.77826	1.9075	3190361.0	1776544770.473721	0.0	1.0	-1.0	-1.0	-1.0	-1.0	-1.0	-1.0	-1.0	-1.0	0.0	marker	opened-hand	Open	11	0418
-66753.045	-52946.1	-102296.51999999999	-17952.03	0.0	0.0	0.0	0.0	0.0	0.0	0.0	0.0	0.0	0.0	0.0	0.0	0.0	0.0	146.13793103448276	0.0	0.02087397	-0.018493605	1.0070775	9.781659999999999	0.77826	1.9075	3190362.0	1776544770.477727	0.0	1.0	-1.0	-1.0	-1.0	-1.0	-1.0	-1.0	-1.0	-1.0	0.0	marker	opened-hand	Open	11	0418
-66774.555	-52953.299999999996	-102329.90999999999	-17967.78	0.0	0.0	0.0	0.0	0.0	0.0	0.0	0.0	0.0	0.0	0.0	0.0	0.0	0.0	146.13793103448276	0.0	0.02087397	-0.018493605	1.0070775	9.781659999999999	0.77826	1.9075	3190363.0	1776544770.477742	0.0	1.0	-1.0	-1.0	-1.0	-1.0	-1.0	-1.0	-1.0	-1.0	0.0	marker	opened-hand	Open	11	0418
-66717.63	-52953.704999999994	-102292.515	-17951.355	0.0	0.0	0.0	0.0	0.0	0.0	0.0	0.0	0.0	0.0	0.0	0.0	0.0	0.0	146.13793103448276	0.0	0.034606845	-0.01782222	1.007748885	2.6704999999999997	0.18312	1.526	3190364.0	1776544770.48319	0.0	1.0	-1.0	-1.0	-1.0	-1.0	-1.0	-1.0	-1.0	-1.0	0.0	marker	opened-hand	Open	11	0418
-66708.94499999999	-52967.43	-102225.19499999999	-17895.015	0.0	0.0	0.0	0.0	0.0	0.0	0.0	0.0	0.0	0.0	0.0	0.0	0.0	0.0	146.13793103448276	0.0	0.034606845	-0.01782222	1.007748885	2.6704999999999997	0.18312	1.526	3190365.0	1776544770.483214	0.0	1.0	-1.0	-1.0	-1.0	-1.0	-1.0	-1.0	-1.0	-1.0	0.0	marker	opened-hand	Open	11	0418
-66761.86499999999	-52984.17	-102270.64499999999	-17924.445	0.0	0.0	0.0	0.0	0.0	0.0	0.0	0.0	0.0	0.0	0.0	0.0	0.0	0.0	146.13793103448276	0.0	0.034606845	-0.01782222	1.007748885	2.6704999999999997	0.18312	1.526	3190366.0	1776544770.48587	0.0	1.0	-1.0	-1.0	-1.0	-1.0	-1.0	-1.0	-1.0	-1.0	0.0	marker	opened-hand	Open	11	0418
-66759.795	-52983.09	-102285.72	-17938.844999999998	0.0	0.0	0.0	0.0	0.0	0.0	0.0	0.0	0.0	0.0	0.0	0.0	0.0	0.0	146.13793103448276	0.0	0.034606845	-0.01782222	1.007748885	2.6704999999999997	0.18312	1.526	3190367.0	1776544770.485885	0.0	1.0	-1.0	-1.0	-1.0	-1.0	-1.0	-1.0	-1.0	-1.0	0.0	marker	opened-hand	Open	11	0418
-66752.45999999999	-52982.145	-102297.555	-17950.274999999998	0.0	0.0	0.0	0.0	0.0	0.0	0.0	0.0	0.0	0.0	0.0	0.0	0.0	0.0	146.13793103448276	0.0	0.034606845	-0.01782222	1.007748885	2.6704999999999997	0.18312	1.526	3190368.0	1776544770.489754	0.0	1.0	-1.0	-1.0	-1.0	-1.0	-1.0	-1.0	-1.0	-1.0	0.0	marker	opened-hand	Open	11	0418
-66768.165	-52979.4	-102334.275	-17992.17	0.0	0.0	0.0	0.0	0.0	0.0	0.0	0.0	0.0	0.0	0.0	0.0	0.0	0.0	146.13793103448276	0.0	0.034606845	-0.01782222	1.007748885	2.6704999999999997	0.18312	1.526	3190369.0	1776544770.489769	0.0	1.0	-1.0	-1.0	-1.0	-1.0	-1.0	-1.0	-1.0	-1.0	0.0	marker	opened-hand	Open	11	0418
-66735.045	-52976.295	-102295.75499999999	-17972.684999999998	0.0	0.0	0.0	0.0	0.0	0.0	0.0	0.0	0.0	0.0	0.0	0.0	0.0	0.0	146.13793103448276	0.0	0.034606845	-0.01782222	1.007748885	2.6704999999999997	0.18312	1.526	3190370.0	1776544770.494139	0.0	1.0	-1.0	-1.0	-1.0	-1.0	-1.0	-1.0	-1.0	-1.0	0.0	marker	opened-hand	Open	11	0418
-66725.28	-52974.405	-102289.095	-17968.184999999998	0.0	0.0	0.0	0.0	0.0	0.0	0.0	0.0	0.0	0.0	0.0	0.0	0.0	0.0	146.13793103448276	0.0	0.034606845	-0.01782222	1.007748885	2.6704999999999997	0.18312	1.526	3190371.0	1776544770.494154	0.0	1.0	-1.0	-1.0	-1.0	-1.0	-1.0	-1.0	-1.0	-1.0	0.0	marker	opened-hand	Open	11	0418
-66668.265	-52959.24	-102226.76999999999	-17894.34	0.0	0.0	0.0	0.0	0.0	0.0	0.0	0.0	0.0	0.0	0.0	0.0	0.0	0.0	146.13793103448276	0.0	0.034606845	-0.01782222	1.007748885	2.6704999999999997	0.18312	1.526	3190372.0	1776544770.497748	0.0	1.0	-1.0	-1.0	-1.0	-1.0	-1.0	-1.0	-1.0	-1.0	0.0	marker	opened-hand	Open	11	0418
-66663.855	-52951.59	-102199.5	-17851.32	0.0	0.0	0.0	0.0	0.0	0.0	0.0	0.0	0.0	0.0	0.0	0.0	0.0	0.0	146.13793103448276	0.0	0.034606845	-0.01782222	1.007748885	2.6704999999999997	0.18312	1.526	3190373.0	1776544770.497763	0.0	1.0	-1.0	-1.0	-1.0	-1.0	-1.0	-1.0	-1.0	-1.0	0.0	marker	opened-hand	Open	11	0418
-66686.58	-52949.744999999995	-102214.44	-17864.055	0.0	0.0	0.0	0.0	0.0	0.0	0.0	0.0	0.0	0.0	0.0	0.0	0.0	0.0	146.13793103448276	0.0	0.03320304	-0.022399845	1.02123762	4.39488	-1.26658	0.33571999999999996	3190374.0	1776544770.501761	0.0	1.0	-1.0	-1.0	-1.0	-1.0	-1.0	-1.0	-1.0	-1.0	0.0	marker	opened-hand	Open	11	0418
-66684.69	-52942.814999999995	-102214.665	-17876.475	0.0	0.0	0.0	0.0	0.0	0.0	0.0	0.0	0.0	0.0	0.0	0.0	0.0	0.0	146.13793103448276	0.0	0.03320304	-0.022399845	1.02123762	4.39488	-1.26658	0.33571999999999996	3190375.0	1776544770.501776	0.0	1.0	-1.0	-1.0	-1.0	-1.0	-1.0	-1.0	-1.0	-1.0	0.0	marker	opened-hand	Open	11	0418
-66724.38	-52935.884999999995	-102237.075	-17896.14	0.0	0.0	0.0	0.0	0.0	0.0	0.0	0.0	0.0	0.0	0.0	0.0	0.0	0.0	146.13793103448276	0.0	0.03320304	-0.022399845	1.02123762	4.39488	-1.26658	0.33571999999999996	3190376.0	1776544770.505907	0.0	1.0	-1.0	-1.0	-1.0	-1.0	-1.0	-1.0	-1.0	-1.0	0.0	marker	opened-hand	Open	11	0418
-66808.305	-52936.38	-102324.465	-17978.355	0.0	0.0	0.0	0.0	0.0	0.0	0.0	0.0	0.0	0.0	0.0	0.0	0.0	0.0	146.13793103448276	0.0	0.03320304	-0.022399845	1.02123762	4.39488	-1.26658	0.33571999999999996	3190377.0	1776544770.505922	0.0	1.0	-1.0	-1.0	-1.0	-1.0	-1.0	-1.0	-1.0	-1.0	0.0	marker	opened-hand	Open	11	0418
-66822.795	-52937.685	-102332.87999999999	-17981.325	0.0	0.0	0.0	0.0	0.0	0.0	0.0	0.0	0.0	0.0	0.0	0.0	0.0	0.0	146.13793103448276	0.0	0.03320304	-0.022399845	1.02123762	4.39488	-1.26658	0.33571999999999996	3190378.0	1776544770.509771	0.0	1.0	-1.0	-1.0	-1.0	-1.0	-1.0	-1.0	-1.0	-1.0	0.0	marker	opened-hand	Open	11	0418
-66816.765	-52932.645	-102322.305	-17966.655	0.0	0.0	0.0	0.0	0.0	0.0	0.0	0.0	0.0	0.0	0.0	0.0	0.0	0.0	146.13793103448276	0.0	0.03320304	-0.022399845	1.02123762	4.39488	-1.26658	0.33571999999999996	3190379.0	1776544770.509786	0.0	1.0	-1.0	-1.0	-1.0	-1.0	-1.0	-1.0	-1.0	-1.0	0.0	marker	opened-hand	Open	11	0418
-66723.3	-52929.81	-102274.245	-17928.765	0.0	0.0	0.0	0.0	0.0	0.0	0.0	0.0	0.0	0.0	0.0	0.0	0.0	0.0	146.13793103448276	0.0	0.03320304	-0.022399845	1.02123762	4.39488	-1.26658	0.33571999999999996	3190380.0	1776544770.514344	0.0	1.0	-1.0	-1.0	-1.0	-1.0	-1.0	-1.0	-1.0	-1.0	0.0	marker	opened-hand	Open	11	0418
-66641.985	-52928.415	-102208.76999999999	-17865.585	0.0	0.0	0.0	0.0	0.0	0.0	0.0	0.0	0.0	0.0	0.0	0.0	0.0	0.0	146.13793103448276	0.0	0.03320304	-0.022399845	1.02123762	4.39488	-1.26658	0.33571999999999996	3190381.0	1776544770.51436	0.0	1.0	-1.0	-1.0	-1.0	-1.0	-1.0	-1.0	-1.0	-1.0	0.0	marker	opened-hand	Open	11	0418
-66726.315	-52931.744999999995	-102277.26	-17923.59	0.0	0.0	0.0	0.0	0.0	0.0	0.0	0.0	0.0	0.0	0.0	0.0	0.0	0.0	146.13793103448276	0.0	0.03320304	-0.022399845	1.02123762	4.39488	-1.26658	0.33571999999999996	3190382.0	1776544770.517793	0.0	1.0	-1.0	-1.0	-1.0	-1.0	-1.0	-1.0	-1.0	-1.0	0.0	marker	opened-hand	Open	11	0418
-66774.465	-52941.915	-102318.93	-17975.969999999998	0.0	0.0	0.0	0.0	0.0	0.0	0.0	0.0	0.0	0.0	0.0	0.0	0.0	0.0	146.13793103448276	0.0	0.03320304	-0.022399845	1.02123762	4.39488	-1.26658	0.33571999999999996	3190383.0	1776544770.517808	0.0	1.0	-1.0	-1.0	-1.0	-1.0	-1.0	-1.0	-1.0	-1.0	0.0	marker	opened-hand	Open	11	0418
-66735.9	-52945.604999999996	-102266.955	-17926.965	0.0	0.0	0.0	0.0	0.0	0.0	0.0	0.0	0.0	0.0	0.0	0.0	0.0	0.0	146.13793103448276	0.0	0.027770925000000002	-0.02038569	1.02929424	4.16598	-2.1364	0.24416	3190384.0	1776544770.521729	0.0	1.0	-1.0	-1.0	-1.0	-1.0	-1.0	-1.0	-1.0	-1.0	0.0	marker	opened-hand	Open	11	0418
-66719.16	-52942.545	-102248.055	-17906.715	0.0	0.0	0.0	0.0	0.0	0.0	0.0	0.0	0.0	0.0	0.0	0.0	0.0	0.0	146.13793103448276	0.0	0.027770925000000002	-0.02038569	1.02929424	4.16598	-2.1364	0.24416	3190385.0	1776544770.521745	0.0	1.0	-1.0	-1.0	-1.0	-1.0	-1.0	-1.0	-1.0	-1.0	0.0	marker	opened-hand	Open	11	0418
-66764.025	-52937.954999999994	-102314.745	-17970.57	0.0	0.0	0.0	0.0	0.0	0.0	0.0	0.0	0.0	0.0	0.0	0.0	0.0	0.0	146.13793103448276	0.0	0.027770925000000002	-0.02038569	1.02929424	4.16598	-2.1364	0.24416	3190386.0	1776544770.526176	0.0	1.0	-1.0	-1.0	-1.0	-1.0	-1.0	-1.0	-1.0	-1.0	0.0	marker	opened-hand	Open	11	0418
-66767.13	-52929.405	-102331.75499999999	-17984.565	0.0	0.0	0.0	0.0	0.0	0.0	0.0	0.0	0.0	0.0	0.0	0.0	0.0	0.0	146.13793103448276	0.0	0.027770925000000002	-0.02038569	1.02929424	4.16598	-2.1364	0.24416	3190387.0	1776544770.526195	0.0	1.0	-1.0	-1.0	-1.0	-1.0	-1.0	-1.0	-1.0	-1.0	0.0	marker	opened-hand	Open	11	0418
-66744.135	-52933.32	-102319.01999999999	-17966.61	0.0	0.0	0.0	0.0	0.0	0.0	0.0	0.0	0.0	0.0	0.0	0.0	0.0	0.0	146.13793103448276	0.0	0.027770925000000002	-0.02038569	1.02929424	4.16598	-2.1364	0.24416	3190388.0	1776544770.530005	0.0	1.0	-1.0	-1.0	-1.0	-1.0	-1.0	-1.0	-1.0	-1.0	0.0	marker	opened-hand	Open	11	0418
-66751.65	-52938.72	-102317.44499999999	-17980.245	0.0	0.0	0.0	0.0	0.0	0.0	0.0	0.0	0.0	0.0	0.0	0.0	0.0	0.0	146.13793103448276	0.0	0.027770925000000002	-0.02038569	1.02929424	4.16598	-2.1364	0.24416	3190389.0	1776544770.530029	0.0	1.0	-1.0	-1.0	-1.0	-1.0	-1.0	-1.0	-1.0	-1.0	0.0	marker	opened-hand	Open	11	0418
-66768.885	-52965.63	-102298.23	-17977.05	0.0	0.0	0.0	0.0	0.0	0.0	0.0	0.0	0.0	0.0	0.0	0.0	0.0	0.0	146.13793103448276	0.0	0.027770925000000002	-0.02038569	1.02929424	4.16598	-2.1364	0.24416	3190390.0	1776544770.533899	0.0	1.0	-1.0	-1.0	-1.0	-1.0	-1.0	-1.0	-1.0	-1.0	0.0	marker	opened-hand	Open	11	0418
-66786.84	-52985.79	-102293.685	-17957.79	0.0	0.0	0.0	0.0	0.0	0.0	0.0	0.0	0.0	0.0	0.0	0.0	0.0	0.0	146.13793103448276	0.0	0.027770925000000002	-0.02038569	1.02929424	4.16598	-2.1364	0.24416	3190391.0	1776544770.533918	0.0	1.0	-1.0	-1.0	-1.0	-1.0	-1.0	-1.0	-1.0	-1.0	0.0	marker	opened-hand	Open	11	0418
-66762.855	-52978.68	-102286.08	-17933.445	0.0	0.0	0.0	0.0	0.0	0.0	0.0	0.0	0.0	0.0	0.0	0.0	0.0	0.0	146.13793103448276	0.0	0.027770925000000002	-0.02038569	1.02929424	4.16598	-2.1364	0.24416	3190392.0	1776544770.538067	0.0	1.0	-1.0	-1.0	-1.0	-1.0	-1.0	-1.0	-1.0	-1.0	0.0	marker	opened-hand	Open	11	0418
-66679.73999999999	-52979.04	-102249.62999999999	-17873.55	0.0	0.0	0.0	0.0	0.0	0.0	0.0	0.0	0.0	0.0	0.0	0.0	0.0	0.0	146.13793103448276	0.0	0.027770925000000002	-0.02038569	1.02929424	4.16598	-2.1364	0.24416	3190393.0	1776544770.538092	0.0	1.0	-1.0	-1.0	-1.0	-1.0	-1.0	-1.0	-1.0	-1.0	0.0	marker	opened-hand	Open	11	0418
-66634.785	-52966.485	-102201.075	-17835.57	0.0	0.0	0.0	0.0	0.0	0.0	0.0	0.0	0.0	0.0	0.0	0.0	0.0	0.0	146.13793103448276	0.0	0.03210441	-0.01391598	1.024106265	0.24416	-2.62472	-0.07629999999999999	3190394.0	1776544770.542011	0.0	1.0	-1.0	-1.0	-1.0	-1.0	-1.0	-1.0	-1.0	-1.0	0.0	marker	opened-hand	Open	11	0418
-66679.69499999999	-52948.845	-102228.75	-17877.239999999998	0.0	0.0	0.0	0.0	0.0	0.0	0.0	0.0	0.0	0.0	0.0	0.0	0.0	0.0	146.13793103448276	0.0	0.03210441	-0.01391598	1.024106265	0.24416	-2.62472	-0.07629999999999999	3190395.0	1776544770.542037	0.0	1.0	-1.0	-1.0	-1.0	-1.0	-1.0	-1.0	-1.0	-1.0	0.0	marker	opened-hand	Open	11	0418
-66672.135	-52951.14	-102288.23999999999	-17943.524999999998	0.0	0.0	0.0	0.0	0.0	0.0	0.0	0.0	0.0	0.0	0.0	0.0	0.0	0.0	146.13793103448276	0.0	0.03210441	-0.01391598	1.024106265	0.24416	-2.62472	-0.07629999999999999	3190396.0	1776544770.546011	0.0	1.0	-1.0	-1.0	-1.0	-1.0	-1.0	-1.0	-1.0	-1.0	0.0	marker	opened-hand	Open	11	0418
-66621.78	-52957.53	-102257.90999999999	-17906.085	0.0	0.0	0.0	0.0	0.0	0.0	0.0	0.0	0.0	0.0	0.0	0.0	0.0	0.0	146.13793103448276	0.0	0.03210441	-0.01391598	1.024106265	0.24416	-2.62472	-0.07629999999999999	3190397.0	1776544770.546039	0.0	1.0	-1.0	-1.0	-1.0	-1.0	-1.0	-1.0	-1.0	-1.0	0.0	marker	opened-hand	Open	11	0418
-66585.645	-52956.314999999995	-102174.525	-17840.43	0.0	0.0	0.0	0.0	0.0	0.0	0.0	0.0	0.0	0.0	0.0	0.0	0.0	0.0	146.13793103448276	0.0	0.03210441	-0.01391598	1.024106265	0.24416	-2.62472	-0.07629999999999999	3190398.0	1776544770.55	0.0	1.0	-1.0	-1.0	-1.0	-1.0	-1.0	-1.0	-1.0	-1.0	0.0	marker	opened-hand	Open	11	0418
-66680.505	-52967.88	-102196.44	-17858.969999999998	0.0	0.0	0.0	0.0	0.0	0.0	0.0	0.0	0.0	0.0	0.0	0.0	0.0	0.0	146.13793103448276	0.0	0.03210441	-0.01391598	1.024106265	0.24416	-2.62472	-0.07629999999999999	3190399.0	1776544770.550021	0.0	1.0	-1.0	-1.0	-1.0	-1.0	-1.0	-1.0	-1.0	-1.0	0.0	marker	opened-hand	Open	11	0418
-66692.88	-52976.34	-102172.635	-17805.375	0.0	0.0	0.0	0.0	0.0	0.0	0.0	0.0	0.0	0.0	0.0	0.0	0.0	0.0	146.13793103448276	0.0	0.03210441	-0.01391598	1.024106265	0.24416	-2.62472	-0.07629999999999999	3190400.0	1776544770.553975	0.0	1.0	-1.0	-1.0	-1.0	-1.0	-1.0	-1.0	-1.0	-1.0	0.0	marker	opened-hand	Open	11	0418
-66653.055	-52971.345	-102144.51	-17779.094999999998	0.0	0.0	0.0	0.0	0.0	0.0	0.0	0.0	0.0	0.0	0.0	0.0	0.0	0.0	146.13793103448276	0.0	0.03210441	-0.01391598	1.024106265	0.24416	-2.62472	-0.07629999999999999	3190401.0	1776544770.553994	0.0	1.0	-1.0	-1.0	-1.0	-1.0	-1.0	-1.0	-1.0	-1.0	0.0	marker	opened-hand	Open	11	0418
-66730.95	-52968.329999999994	-102300.25499999999	-17951.219999999998	0.0	0.0	0.0	0.0	0.0	0.0	0.0	0.0	0.0	0.0	0.0	0.0	0.0	0.0	146.13793103448276	0.0	0.03210441	-0.01391598	1.024106265	0.24416	-2.62472	-0.07629999999999999	3190402.0	1776544770.557947	0.0	1.0	-1.0	-1.0	-1.0	-1.0	-1.0	-1.0	-1.0	-1.0	0.0	marker	opened-hand	Open	11	0418
-66846.33	-52968.96	-102485.97	-18143.28	0.0	0.0	0.0	0.0	0.0	0.0	0.0	0.0	0.0	0.0	0.0	0.0	0.0	0.0	146.13793103448276	0.0	0.03210441	-0.01391598	1.024106265	0.24416	-2.62472	-0.07629999999999999	3190403.0	1776544770.557962	0.0	1.0	-1.0	-1.0	-1.0	-1.0	-1.0	-1.0	-1.0	-1.0	0.0	marker	opened-hand	Open	11	0418
-66767.805	-52969.005	-102387.69	-18038.52	0.0	0.0	0.0	0.0	0.0	0.0	0.0	0.0	0.0	0.0	0.0	0.0	0.0	0.0	146.13793103448276	0.0	0.031433025	-0.016540485	1.01708724	0.71722	-0.6103999999999999	0.03052	3190404.0	1776544770.562263	0.0	1.0	-1.0	-1.0	-1.0	-1.0	-1.0	-1.0	-1.0	-1.0	0.0	marker	opened-hand	Open	11	0418
-66709.665	-52980.884999999995	-102274.37999999999	-17921.43	0.0	0.0	0.0	0.0	0.0	0.0	0.0	0.0	0.0	0.0	0.0	0.0	0.0	0.0	146.13793103448276	0.0	0.031433025	-0.016540485	1.01708724	0.71722	-0.6103999999999999	0.03052	3190405.0	1776544770.562285	0.0	1.0	-1.0	-1.0	-1.0	-1.0	-1.0	-1.0	-1.0	-1.0	0.0	marker	opened-hand	Open	11	0418
-66761.415	-52998.299999999996	-102284.595	-17926.605	0.0	0.0	0.0	0.0	0.0	0.0	0.0	0.0	0.0	0.0	0.0	0.0	0.0	0.0	146.13793103448276	0.0	0.031433025	-0.016540485	1.01708724	0.71722	-0.6103999999999999	0.03052	3190406.0	1776544770.566073	0.0	1.0	-1.0	-1.0	-1.0	-1.0	-1.0	-1.0	-1.0	-1.0	0.0	marker	opened-hand	Open	11	0418
-66742.245	-53007.345	-102267.18	-17930.024999999998	0.0	0.0	0.0	0.0	0.0	0.0	0.0	0.0	0.0	0.0	0.0	0.0	0.0	0.0	146.13793103448276	0.0	0.031433025	-0.016540485	1.01708724	0.71722	-0.6103999999999999	0.03052	3190407.0	1776544770.566097	0.0	1.0	-1.0	-1.0	-1.0	-1.0	-1.0	-1.0	-1.0	-1.0	0.0	marker	opened-hand	Open	11	0418
-66592.125	-52972.38	-102117.19499999999	-17783.415	0.0	0.0	0.0	0.0	0.0	0.0	0.0	0.0	0.0	0.0	0.0	0.0	0.0	0.0	146.13793103448276	0.0	0.031433025	-0.016540485	1.01708724	0.71722	-0.6103999999999999	0.03052	3190408.0	1776544770.570378	0.0	1.0	-1.0	-1.0	-1.0	-1.0	-1.0	-1.0	-1.0	-1.0	0.0	marker	opened-hand	Open	11	0418
-66416.355	-52876.485	-101934.26999999999	-17579.114999999998	0.0	0.0	0.0	0.0	0.0	0.0	0.0	0.0	0.0	0.0	0.0	0.0	0.0	0.0	146.13793103448276	0.0	0.031433025	-0.016540485	1.01708724	0.71722	-0.6103999999999999	0.03052	3190409.0	1776544770.570398	0.0	1.0	-1.0	-1.0	-1.0	-1.0	-1.0	-1.0	-1.0	-1.0	0.0	marker	opened-hand	Open	11	0418
-66467.11499999999	-52866.0	-101994.25499999999	-17630.684999999998	0.0	0.0	0.0	0.0	0.0	0.0	0.0	0.0	0.0	0.0	0.0	0.0	0.0	0.0	146.13793103448276	0.0	0.031433025	-0.016540485	1.01708724	0.71722	-0.6103999999999999	0.03052	3190410.0	1776544770.57399	0.0	1.0	-1.0	-1.0	-1.0	-1.0	-1.0	-1.0	-1.0	-1.0	0.0	marker	opened-hand	Open	11	0418
-66635.19	-52878.375	-102237.12	-17883.945	0.0	0.0	0.0	0.0	0.0	0.0	0.0	0.0	0.0	0.0	0.0	0.0	0.0	0.0	146.13793103448276	0.0	0.031433025	-0.016540485	1.01708724	0.71722	-0.6103999999999999	0.03052	3190411.0	1776544770.574036	0.0	1.0	-1.0	-1.0	-1.0	-1.0	-1.0	-1.0	-1.0	-1.0	0.0	marker	opened-hand	Open	11	0418
-66891.78	-52898.265	-102465.54	-18096.12	0.0	0.0	0.0	0.0	0.0	0.0	0.0	0.0	0.0	0.0	0.0	0.0	0.0	0.0	146.13793103448276	0.0	0.031433025	-0.016540485	1.01708724	0.71722	-0.6103999999999999	0.03052	3190412.0	1776544770.578066	0.0	1.0	-1.0	-1.0	-1.0	-1.0	-1.0	-1.0	-1.0	-1.0	0.0	marker	opened-hand	Open	11	0418
-66786.165	-52897.275	-102297.59999999999	-17920.98	0.0	0.0	0.0	0.0	0.0	0.0	0.0	0.0	0.0	0.0	0.0	0.0	0.0	0.0	146.13793103448276	0.0	0.031433025	-0.016540485	1.01708724	0.71722	-0.6103999999999999	0.03052	3190413.0	1776544770.578084	0.0	1.0	-1.0	-1.0	-1.0	-1.0	-1.0	-1.0	-1.0	-1.0	0.0	marker	opened-hand	Open	11	0418
-66550.005	-52895.43	-102094.56	-17699.265	0.0	0.0	0.0	0.0	0.0	0.0	0.0	0.0	0.0	0.0	0.0	0.0	0.0	0.0	146.13793103448276	0.0	0.038146875000000004	-0.0183105	0.997861215	-2.9604399999999997	1.49548	-1.51074	3190414.0	1776544770.581996	0.0	1.0	-1.0	-1.0	-1.0	-1.0	-1.0	-1.0	-1.0	-1.0	0.0	marker	opened-hand	Open	11	0418
-66557.565	-52916.715	-102140.81999999999	-17745.704999999998	0.0	0.0	0.0	0.0	0.0	0.0	0.0	0.0	0.0	0.0	0.0	0.0	0.0	0.0	146.13793103448276	0.0	0.038146875000000004	-0.0183105	0.997861215	-2.9604399999999997	1.49548	-1.51074	3190415.0	1776544770.582025	0.0	1.0	-1.0	-1.0	-1.0	-1.0	-1.0	-1.0	-1.0	-1.0	0.0	marker	opened-hand	Open	11	0418
-66570.705	-52932.78	-102188.295	-17838.315	0.0	0.0	0.0	0.0	0.0	0.0	0.0	0.0	0.0	0.0	0.0	0.0	0.0	0.0	146.13793103448276	0.0	0.038146875000000004	-0.0183105	0.997861215	-2.9604399999999997	1.49548	-1.51074	3190416.0	1776544770.586221	0.0	1.0	-1.0	-1.0	-1.0	-1.0	-1.0	-1.0	-1.0	-1.0	0.0	marker	opened-hand	Open	11	0418
-66607.065	-52928.685	-102186.72	-17835.39	0.0	0.0	0.0	0.0	0.0	0.0	0.0	0.0	0.0	0.0	0.0	0.0	0.0	0.0	146.13793103448276	0.0	0.038146875000000004	-0.0183105	0.997861215	-2.9604399999999997	1.49548	-1.51074	3190417.0	1776544770.586241	0.0	1.0	-1.0	-1.0	-1.0	-1.0	-1.0	-1.0	-1.0	-1.0	0.0	marker	opened-hand	Open	11	0418
-66685.31999999999	-52926.119999999995	-102281.31	-17927.505	0.0	0.0	0.0	0.0	0.0	0.0	0.0	0.0	0.0	0.0	0.0	0.0	0.0	0.0	146.13793103448276	0.0	0.038146875000000004	-0.0183105	0.997861215	-2.9604399999999997	1.49548	-1.51074	3190418.0	1776544770.590231	0.0	1.0	-1.0	-1.0	-1.0	-1.0	-1.0	-1.0	-1.0	-1.0	0.0	marker	opened-hand	Open	11	0418
-66645.63	-52905.24	-102298.14	-17955.899999999998	0.0	0.0	0.0	0.0	0.0	0.0	0.0	0.0	0.0	0.0	0.0	0.0	0.0	0.0	146.13793103448276	0.0	0.038146875000000004	-0.0183105	0.997861215	-2.9604399999999997	1.49548	-1.51074	3190419.0	1776544770.590249	0.0	1.0	-1.0	-1.0	-1.0	-1.0	-1.0	-1.0	-1.0	-1.0	0.0	marker	opened-hand	Open	11	0418
-66733.83	-52888.994999999995	-102291.525	-17953.695	0.0	0.0	0.0	0.0	0.0	0.0	0.0	0.0	0.0	0.0	0.0	0.0	0.0	0.0	146.13793103448276	0.0	0.038146875000000004	-0.0183105	0.997861215	-2.9604399999999997	1.49548	-1.51074	3190420.0	1776544770.594096	0.0	1.0	-1.0	-1.0	-1.0	-1.0	-1.0	-1.0	-1.0	-1.0	0.0	marker	opened-hand	Open	11	0418
-66723.48	-52887.15	-102255.12	-17926.245	0.0	0.0	0.0	0.0	0.0	0.0	0.0	0.0	0.0	0.0	0.0	0.0	0.0	0.0	146.13793103448276	0.0	0.038146875000000004	-0.0183105	0.997861215	-2.9604399999999997	1.49548	-1.51074	3190421.0	1776544770.594114	0.0	1.0	-1.0	-1.0	-1.0	-1.0	-1.0	-1.0	-1.0	-1.0	0.0	marker	opened-hand	Open	11	0418
-66720.33	-52879.905	-102234.42	-17878.77	0.0	0.0	0.0	0.0	0.0	0.0	0.0	0.0	0.0	0.0	0.0	0.0	0.0	0.0	146.13793103448276	0.0	0.038146875000000004	-0.0183105	0.997861215	-2.9604399999999997	1.49548	-1.51074	3190422.0	1776544770.598108	0.0	1.0	-1.0	-1.0	-1.0	-1.0	-1.0	-1.0	-1.0	-1.0	0.0	marker	opened-hand	Open	11	0418
-66821.625	-52889.895	-102251.925	-17890.605	0.0	0.0	0.0	0.0	0.0	0.0	0.0	0.0	0.0	0.0	0.0	0.0	0.0	0.0	146.13793103448276	0.0	0.038146875000000004	-0.0183105	0.997861215	-2.9604399999999997	1.49548	-1.51074	3190423.0	1776544770.59813	0.0	1.0	-1.0	-1.0	-1.0	-1.0	-1.0	-1.0	-1.0	-1.0	0.0	marker	opened-hand	Open	11	0418
-66673.44	-52897.409999999996	-102120.525	-17777.7	0.0	0.0	0.0	0.0	0.0	0.0	0.0	0.0	0.0	0.0	0.0	0.0	0.0	0.0	146.13793103448276	0.0	0.049255245	-0.021301215000000002	0.97521723	-8.392999999999999	4.92898	-4.9900199999999995	3190424.0	1776544770.602066	0.0	1.0	-1.0	-1.0	-1.0	-1.0	-1.0	-1.0	-1.0	-1.0	0.0	marker	opened-hand	Open	11	0418
-66686.94	-52897.14	-102173.44499999999	-17831.745	0.0	0.0	0.0	0.0	0.0	0.0	0.0	0.0	0.0	0.0	0.0	0.0	0.0	0.0	146.13793103448276	0.0	0.049255245	-0.021301215000000002	0.97521723	-8.392999999999999	4.92898	-4.9900199999999995	3190425.0	1776544770.602085	0.0	1.0	-1.0	-1.0	-1.0	-1.0	-1.0	-1.0	-1.0	-1.0	0.0	marker	opened-hand	Open	11	0418
-66777.435	-52905.104999999996	-102276.09	-17911.035	0.0	0.0	0.0	0.0	0.0	0.0	0.0	0.0	0.0	0.0	0.0	0.0	0.0	0.0	146.13793103448276	0.0	0.049255245	-0.021301215000000002	0.97521723	-8.392999999999999	4.92898	-4.9900199999999995	3190426.0	1776544770.607766	0.0	1.0	-1.0	-1.0	-1.0	-1.0	-1.0	-1.0	-1.0	-1.0	0.0	marker	opened-hand	Open	11	0418
-66605.04	-52917.659999999996	-102116.43	-17731.71	0.0	0.0	0.0	0.0	0.0	0.0	0.0	0.0	0.0	0.0	0.0	0.0	0.0	0.0	146.13793103448276	0.0	0.049255245	-0.021301215000000002	0.97521723	-8.392999999999999	4.92898	-4.9900199999999995	3190427.0	1776544770.607789	0.0	1.0	-1.0	-1.0	-1.0	-1.0	-1.0	-1.0	-1.0	-1.0	0.0	marker	opened-hand	Open	11	0418
-66430.305	-52912.575	-102052.75499999999	-17675.505	0.0	0.0	0.0	0.0	0.0	0.0	0.0	0.0	0.0	0.0	0.0	0.0	0.0	0.0	146.13793103448276	0.0	0.049255245	-0.021301215000000002	0.97521723	-8.392999999999999	4.92898	-4.9900199999999995	3190428.0	1776544770.610129	0.0	1.0	-1.0	-1.0	-1.0	-1.0	-1.0	-1.0	-1.0	-1.0	0.0	marker	opened-hand	Open	11	0418
-66562.65	-52923.869999999995	-102286.62	-17898.57	0.0	0.0	0.0	0.0	0.0	0.0	0.0	0.0	0.0	0.0	0.0	0.0	0.0	0.0	146.13793103448276	0.0	0.049255245	-0.021301215000000002	0.97521723	-8.392999999999999	4.92898	-4.9900199999999995	3190429.0	1776544770.610148	0.0	1.0	-1.0	-1.0	-1.0	-1.0	-1.0	-1.0	-1.0	-1.0	0.0	marker	opened-hand	Open	11	0418
-66623.22	-52935.795	-102281.4	-17915.625	0.0	0.0	0.0	0.0	0.0	0.0	0.0	0.0	0.0	0.0	0.0	0.0	0.0	0.0	146.13793103448276	0.0	0.049255245	-0.021301215000000002	0.97521723	-8.392999999999999	4.92898	-4.9900199999999995	3190430.0	1776544770.614074	0.0	1.0	-1.0	-1.0	-1.0	-1.0	-1.0	-1.0	-1.0	-1.0	0.0	marker	opened-hand	Open	11	0418
-66456.63	-52933.77	-102013.425	-17710.739999999998	0.0	0.0	0.0	0.0	0.0	0.0	0.0	0.0	0.0	0.0	0.0	0.0	0.0	0.0	146.13793103448276	0.0	0.049255245	-0.021301215000000002	0.97521723	-8.392999999999999	4.92898	-4.9900199999999995	3190431.0	1776544770.614092	0.0	1.0	-1.0	-1.0	-1.0	-1.0	-1.0	-1.0	-1.0	-1.0	0.0	marker	opened-hand	Open	11	0418
-66391.2	-52933.725	-101895.97499999999	-17611.47	0.0	0.0	0.0	0.0	0.0	0.0	0.0	0.0	0.0	0.0	0.0	0.0	0.0	0.0	146.13793103448276	0.0	0.049255245	-0.021301215000000002	0.97521723	-8.392999999999999	4.92898	-4.9900199999999995	3190432.0	1776544770.618165	0.0	1.0	-1.0	-1.0	-1.0	-1.0	-1.0	-1.0	-1.0	-1.0	0.0	marker	opened-hand	Open	11	0418
-66441.105	-52936.11	-101954.06999999999	-17629.92	0.0	0.0	0.0	0.0	0.0	0.0	0.0	0.0	0.0	0.0	0.0	0.0	0.0	0.0	146.13793103448276	0.0	0.049255245	-0.021301215000000002	0.97521723	-8.392999999999999	4.92898	-4.9900199999999995	3190433.0	1776544770.618185	0.0	1.0	-1.0	-1.0	-1.0	-1.0	-1.0	-1.0	-1.0	-1.0	0.0	marker	opened-hand	Open	11	0418
-66592.575	-52951.725	-102266.235	-17919.945	0.0	0.0	0.0	0.0	0.0	0.0	0.0	0.0	0.0	0.0	0.0	0.0	0.0	0.0	146.13793103448276	0.0	0.036315825	-0.01159665	0.987485265	-13.779779999999999	5.5393799999999995	-4.25754	3190434.0	1776544770.622184	0.0	1.0	-1.0	-1.0	-1.0	-1.0	-1.0	-1.0	-1.0	-1.0	0.0	marker	opened-hand	Open	11	0418
-66841.33499999999	-52956.81	-102504.015	-18148.274999999998	0.0	0.0	0.0	0.0	0.0	0.0	0.0	0.0	0.0	0.0	0.0	0.0	0.0	0.0	146.13793103448276	0.0	0.036315825	-0.01159665	0.987485265	-13.779779999999999	5.5393799999999995	-4.25754	3190435.0	1776544770.622204	0.0	1.0	-1.0	-1.0	-1.0	-1.0	-1.0	-1.0	-1.0	-1.0	0.0	marker	opened-hand	Open	11	0418
-66604.635	-52927.29	-102155.12999999999	-17824.364999999998	0.0	0.0	0.0	0.0	0.0	0.0	0.0	0.0	0.0	0.0	0.0	0.0	0.0	0.0	146.13793103448276	0.0	0.036315825	-0.01159665	0.987485265	-13.779779999999999	5.5393799999999995	-4.25754	3190436.0	1776544770.626233	0.0	1.0	-1.0	-1.0	-1.0	-1.0	-1.0	-1.0	-1.0	-1.0	0.0	marker	opened-hand	Open	11	0418
-66602.11499999999	-52929.314999999995	-102075.93	-17732.79	0.0	0.0	0.0	0.0	0.0	0.0	0.0	0.0	0.0	0.0	0.0	0.0	0.0	0.0	146.13793103448276	0.0	0.036315825	-0.01159665	0.987485265	-13.779779999999999	5.5393799999999995	-4.25754	3190437.0	1776544770.626256	0.0	1.0	-1.0	-1.0	-1.0	-1.0	-1.0	-1.0	-1.0	-1.0	0.0	marker	opened-hand	Open	11	0418
-66723.20999999999	-52946.82	-102213.81	-17837.91	0.0	0.0	0.0	0.0	0.0	0.0	0.0	0.0	0.0	0.0	0.0	0.0	0.0	0.0	146.13793103448276	0.0	0.036315825	-0.01159665	0.987485265	-13.779779999999999	5.5393799999999995	-4.25754	3190438.0	1776544770.630136	0.0	1.0	-1.0	-1.0	-1.0	-1.0	-1.0	-1.0	-1.0	-1.0	0.0	marker	opened-hand	Open	11	0418
-66752.81999999999	-52956.585	-102293.50499999999	-17917.649999999998	0.0	0.0	0.0	0.0	0.0	0.0	0.0	0.0	0.0	0.0	0.0	0.0	0.0	0.0	146.13793103448276	0.0	0.036315825	-0.01159665	0.987485265	-13.779779999999999	5.5393799999999995	-4.25754	3190439.0	1776544770.630155	0.0	1.0	-1.0	-1.0	-1.0	-1.0	-1.0	-1.0	-1.0	-1.0	0.0	marker	opened-hand	Open	11	0418
-66611.7	-52951.454999999994	-102129.435	-17783.684999999998	0.0	0.0	0.0	0.0	0.0	0.0	0.0	0.0	0.0	0.0	0.0	0.0	0.0	0.0	146.13793103448276	0.0	0.036315825	-0.01159665	0.987485265	-13.779779999999999	5.5393799999999995	-4.25754	3190440.0	1776544770.634155	0.0	1.0	-1.0	-1.0	-1.0	-1.0	-1.0	-1.0	-1.0	-1.0	0.0	marker	opened-hand	Open	11	0418
-66581.37	-52951.409999999996	-102172.095	-17828.82	0.0	0.0	0.0	0.0	0.0	0.0	0.0	0.0	0.0	0.0	0.0	0.0	0.0	0.0	146.13793103448276	0.0	0.036315825	-0.01159665	0.987485265	-13.779779999999999	5.5393799999999995	-4.25754	3190441.0	1776544770.634173	0.0	1.0	-1.0	-1.0	-1.0	-1.0	-1.0	-1.0	-1.0	-1.0	0.0	marker	opened-hand	Open	11	0418
-66915.36	-52980.84	-102634.69499999999	-18238.905	0.0	0.0	0.0	0.0	0.0	0.0	0.0	0.0	0.0	0.0	0.0	0.0	0.0	0.0	146.13793103448276	0.0	0.036315825	-0.01159665	0.987485265	-13.779779999999999	5.5393799999999995	-4.25754	3190442.0	1776544770.638164	0.0	1.0	-1.0	-1.0	-1.0	-1.0	-1.0	-1.0	-1.0	-1.0	0.0	marker	opened-hand	Open	11	0418
-66603.59999999999	-52956.9	-102297.42	-17952.39	0.0	0.0	0.0	0.0	0.0	0.0	0.0	0.0	0.0	0.0	0.0	0.0	0.0	0.0	146.13793103448276	0.0	0.036315825	-0.01159665	0.987485265	-13.779779999999999	5.5393799999999995	-4.25754	3190443.0	1776544770.638183	0.0	1.0	-1.0	-1.0	-1.0	-1.0	-1.0	-1.0	-1.0	-1.0	0.0	marker	opened-hand	Open	11	0418
-66218.44499999999	-52917.57	-101751.3	-17436.69	0.0	0.0	0.0	0.0	0.0	0.0	0.0	0.0	0.0	0.0	0.0	0.0	0.0	0.0	146.13793103448276	0.0	0.002380365	-0.000305175	1.03344462	-29.589139999999997	-2.85362	1.6633399999999998	3190444.0	1776544770.642183	0.0	1.0	-1.0	-1.0	-1.0	-1.0	-1.0	-1.0	-1.0	-1.0	0.0	marker	opened-hand	Open	11	0418
-66457.215	-52926.795	-101969.37	-17643.87	0.0	0.0	0.0	0.0	0.0	0.0	0.0	0.0	0.0	0.0	0.0	0.0	0.0	0.0	146.13793103448276	0.0	0.002380365	-0.000305175	1.03344462	-29.589139999999997	-2.85362	1.6633399999999998	3190445.0	1776544770.642201	0.0	1.0	-1.0	-1.0	-1.0	-1.0	-1.0	-1.0	-1.0	-1.0	0.0	marker	opened-hand	Open	11	0418
-66998.83499999999	-52968.78	-102543.84	-18222.165	0.0	0.0	0.0	0.0	0.0	0.0	0.0	0.0	0.0	0.0	0.0	0.0	0.0	0.0	146.13793103448276	0.0	0.002380365	-0.000305175	1.03344462	-29.589139999999997	-2.85362	1.6633399999999998	3190446.0	1776544770.646299	0.0	1.0	-1.0	-1.0	-1.0	-1.0	-1.0	-1.0	-1.0	-1.0	0.0	marker	opened-hand	Open	11	0418
-66975.705	-52971.119999999995	-102493.98	-18175.77	0.0	0.0	0.0	0.0	0.0	0.0	0.0	0.0	0.0	0.0	0.0	0.0	0.0	0.0	146.13793103448276	0.0	0.002380365	-0.000305175	1.03344462	-29.589139999999997	-2.85362	1.6633399999999998	3190447.0	1776544770.646316	0.0	1.0	-1.0	-1.0	-1.0	-1.0	-1.0	-1.0	-1.0	-1.0	0.0	marker	opened-hand	Open	11	0418
-66601.305	-52957.665	-102140.50499999999	-17819.774999999998	0.0	0.0	0.0	0.0	0.0	0.0	0.0	0.0	0.0	0.0	0.0	0.0	0.0	0.0	146.13793103448276	0.0	0.002380365	-0.000305175	1.03344462	-29.589139999999997	-2.85362	1.6633399999999998	3190448.0	1776544770.650392	0.0	1.0	-1.0	-1.0	-1.0	-1.0	-1.0	-1.0	-1.0	-1.0	0.0	marker	opened-hand	Open	11	0418
-66609.045	-52972.064999999995	-102130.605	-17795.16	0.0	0.0	0.0	0.0	0.0	0.0	0.0	0.0	0.0	0.0	0.0	0.0	0.0	0.0	146.13793103448276	0.0	0.002380365	-0.000305175	1.03344462	-29.589139999999997	-2.85362	1.6633399999999998	3190449.0	1776544770.650407	0.0	1.0	-1.0	-1.0	-1.0	-1.0	-1.0	-1.0	-1.0	-1.0	0.0	marker	opened-hand	Open	11	0418
-66677.355	-52991.28	-102157.47	-17808.12	0.0	0.0	0.0	0.0	0.0	0.0	0.0	0.0	0.0	0.0	0.0	0.0	0.0	0.0	146.13793103448276	0.0	0.002380365	-0.000305175	1.03344462	-29.589139999999997	-2.85362	1.6633399999999998	3190450.0	1776544770.654377	0.0	1.0	-1.0	-1.0	-1.0	-1.0	-1.0	-1.0	-1.0	-1.0	0.0	marker	opened-hand	Open	11	0418
-66697.73999999999	-52993.305	-102134.34	-17786.204999999998	0.0	0.0	0.0	0.0	0.0	0.0	0.0	0.0	0.0	0.0	0.0	0.0	0.0	0.0	146.13793103448276	0.0	0.002380365	-0.000305175	1.03344462	-29.589139999999997	-2.85362	1.6633399999999998	3190451.0	1776544770.65439	0.0	1.0	-1.0	-1.0	-1.0	-1.0	-1.0	-1.0	-1.0	-1.0	0.0	marker	opened-hand	Open	11	0418
-66499.965	-52977.15	-102027.465	-17662.905	0.0	0.0	0.0	0.0	0.0	0.0	0.0	0.0	0.0	0.0	0.0	0.0	0.0	0.0	146.13793103448276	0.0	0.002380365	-0.000305175	1.03344462	-29.589139999999997	-2.85362	1.6633399999999998	3190452.0	1776544770.660251	0.0	1.0	-1.0	-1.0	-1.0	-1.0	-1.0	-1.0	-1.0	-1.0	0.0	marker	opened-hand	Open	11	0418
-66367.44	-52974.72	-101974.905	-17613.18	0.0	0.0	0.0	0.0	0.0	0.0	0.0	0.0	0.0	0.0	0.0	0.0	0.0	0.0	146.13793103448276	0.0	0.002380365	-0.000305175	1.03344462	-29.589139999999997	-2.85362	1.6633399999999998	3190453.0	1776544770.660262	0.0	1.0	-1.0	-1.0	-1.0	-1.0	-1.0	-1.0	-1.0	-1.0	0.0	marker	opened-hand	Open	11	0418
-66663.675	-52995.465	-102265.29	-17891.505	0.0	0.0	0.0	0.0	0.0	0.0	0.0	0.0	0.0	0.0	0.0	0.0	0.0	0.0	146.13793103448276	0.0	-0.00207519	-0.005310045	1.052914785	-27.88002	-4.70008	7.965719999999999	3190454.0	1776544770.66227	0.0	1.0	-1.0	-1.0	-1.0	-1.0	-1.0	-1.0	-1.0	-1.0	0.0	marker	opened-hand	Open	11	0418
-66711.69	-53025.704999999994	-102385.215	-18048.329999999998	0.0	0.0	0.0	0.0	0.0	0.0	0.0	0.0	0.0	0.0	0.0	0.0	0.0	0.0	146.13793103448276	0.0	-0.00207519	-0.005310045	1.052914785	-27.88002	-4.70008	7.965719999999999	3190455.0	1776544770.66228	0.0	1.0	-1.0	-1.0	-1.0	-1.0	-1.0	-1.0	-1.0	-1.0	0.0	marker	opened-hand	Open	11	0418
-66846.915	-53044.064999999995	-102475.845	-18147.69	0.0	0.0	0.0	0.0	0.0	0.0	0.0	0.0	0.0	0.0	0.0	0.0	0.0	0.0	146.13793103448276	0.0	-0.00207519	-0.005310045	1.052914785	-27.88002	-4.70008	7.965719999999999	3190456.0	1776544770.666587	0.0	1.0	-1.0	-1.0	-1.0	-1.0	-1.0	-1.0	-1.0	-1.0	0.0	marker	opened-hand	Open	11	0418
-66638.565	-53030.52	-102190.905	-17893.53	0.0	0.0	0.0	0.0	0.0	0.0	0.0	0.0	0.0	0.0	0.0	0.0	0.0	0.0	146.13793103448276	0.0	-0.00207519	-0.005310045	1.052914785	-27.88002	-4.70008	7.965719999999999	3190457.0	1776544770.666603	0.0	1.0	-1.0	-1.0	-1.0	-1.0	-1.0	-1.0	-1.0	-1.0	0.0	marker	opened-hand	Open	11	0418
-66349.26	-53011.979999999996	-101915.595	-17620.829999999998	0.0	0.0	0.0	0.0	0.0	0.0	0.0	0.0	0.0	0.0	0.0	0.0	0.0	0.0	146.13793103448276	0.0	-0.00207519	-0.005310045	1.052914785	-27.88002	-4.70008	7.965719999999999	3190458.0	1776544770.670327	0.0	1.0	-1.0	-1.0	-1.0	-1.0	-1.0	-1.0	-1.0	-1.0	0.0	marker	opened-hand	Open	11	0418
-66418.56	-53005.005	-102047.94	-17732.79	0.0	0.0	0.0	0.0	0.0	0.0	0.0	0.0	0.0	0.0	0.0	0.0	0.0	0.0	146.13793103448276	0.0	-0.00207519	-0.005310045	1.052914785	-27.88002	-4.70008	7.965719999999999	3190459.0	1776544770.670339	0.0	1.0	-1.0	-1.0	-1.0	-1.0	-1.0	-1.0	-1.0	-1.0	0.0	marker	opened-hand	Open	11	0418
-66814.245	-53013.555	-102404.655	-18076.32	0.0	0.0	0.0	0.0	0.0	0.0	0.0	0.0	0.0	0.0	0.0	0.0	0.0	0.0	146.13793103448276	0.0	-0.00207519	-0.005310045	1.052914785	-27.88002	-4.70008	7.965719999999999	3190460.0	1776544770.683417	0.0	1.0	-1.0	-1.0	-1.0	-1.0	-1.0	-1.0	-1.0	-1.0	0.0	marker	opened-hand	Open	11	0418
-66921.39	-53017.11	-102438.81	-18122.309999999998	0.0	0.0	0.0	0.0	0.0	0.0	0.0	0.0	0.0	0.0	0.0	0.0	0.0	0.0	146.13793103448276	0.0	-0.00207519	-0.005310045	1.052914785	-27.88002	-4.70008	7.965719999999999	3190461.0	1776544770.68343	0.0	1.0	-1.0	-1.0	-1.0	-1.0	-1.0	-1.0	-1.0	-1.0	0.0	marker	opened-hand	Open	11	0418
-66709.53	-52988.985	-102153.06	-17845.469999999998	0.0	0.0	0.0	0.0	0.0	0.0	0.0	0.0	0.0	0.0	0.0	0.0	0.0	0.0	146.13793103448276	0.0	-0.00207519	-0.005310045	1.052914785	-27.88002	-4.70008	7.965719999999999	3190462.0	1776544770.683444	0.0	1.0	-1.0	-1.0	-1.0	-1.0	-1.0	-1.0	-1.0	-1.0	0.0	marker	opened-hand	Open	11	0418
-66518.37	-52969.68	-102030.345	-17698.32	0.0	0.0	0.0	0.0	0.0	0.0	0.0	0.0	0.0	0.0	0.0	0.0	0.0	0.0	146.13793103448276	0.0	-0.00207519	-0.005310045	1.052914785	-27.88002	-4.70008	7.965719999999999	3190463.0	1776544770.683452	0.0	1.0	-1.0	-1.0	-1.0	-1.0	-1.0	-1.0	-1.0	-1.0	0.0	marker	opened-hand	Open	11	0418
-66719.97	-52996.86	-102243.915	-17889.975	0.0	0.0	0.0	0.0	0.0	0.0	0.0	0.0	0.0	0.0	0.0	0.0	0.0	0.0	146.13793103448276	0.0	0.037902735	-0.037658595	1.044980235	-17.7016	-8.71346	8.95762	3190464.0	1776544770.683462	0.0	1.0	-1.0	-1.0	-1.0	-1.0	-1.0	-1.0	-1.0	-1.0	0.0	marker	opened-hand	Open	11	0418
-66560.895	-52997.805	-102082.095	-17748.945	0.0	0.0	0.0	0.0	0.0	0.0	0.0	0.0	0.0	0.0	0.0	0.0	0.0	0.0	146.13793103448276	0.0	0.037902735	-0.037658595	1.044980235	-17.7016	-8.71346	8.95762	3190465.0	1776544770.683469	0.0	1.0	-1.0	-1.0	-1.0	-1.0	-1.0	-1.0	-1.0	-1.0	0.0	marker	opened-hand	Open	11	0418
-66508.785	-52996.32	-102012.56999999999	-17701.785	0.0	0.0	0.0	0.0	0.0	0.0	0.0	0.0	0.0	0.0	0.0	0.0	0.0	0.0	146.13793103448276	0.0	0.037902735	-0.037658595	1.044980235	-17.7016	-8.71346	8.95762	3190466.0	1776544770.686435	0.0	1.0	-1.0	-1.0	-1.0	-1.0	-1.0	-1.0	-1.0	-1.0	0.0	marker	opened-hand	Open	11	0418
-66476.25	-52995.104999999996	-101951.595	-17680.005	0.0	0.0	0.0	0.0	0.0	0.0	0.0	0.0	0.0	0.0	0.0	0.0	0.0	0.0	146.13793103448276	0.0	0.037902735	-0.037658595	1.044980235	-17.7016	-8.71346	8.95762	3190467.0	1776544770.68645	0.0	1.0	-1.0	-1.0	-1.0	-1.0	-1.0	-1.0	-1.0	-1.0	0.0	marker	opened-hand	Open	11	0418
-66622.005	-52995.869999999995	-102076.01999999999	-17788.59	0.0	0.0	0.0	0.0	0.0	0.0	0.0	0.0	0.0	0.0	0.0	0.0	0.0	0.0	146.13793103448276	0.0	0.037902735	-0.037658595	1.044980235	-17.7016	-8.71346	8.95762	3190468.0	1776544770.690892	0.0	1.0	-1.0	-1.0	-1.0	-1.0	-1.0	-1.0	-1.0	-1.0	0.0	marker	opened-hand	Open	11	0418
-66448.08	-52979.579999999994	-101983.545	-17655.885	0.0	0.0	0.0	0.0	0.0	0.0	0.0	0.0	0.0	0.0	0.0	0.0	0.0	0.0	146.13793103448276	0.0	0.037902735	-0.037658595	1.044980235	-17.7016	-8.71346	8.95762	3190469.0	1776544770.69092	0.0	1.0	-1.0	-1.0	-1.0	-1.0	-1.0	-1.0	-1.0	-1.0	0.0	marker	opened-hand	Open	11	0418
-66533.08499999999	-52984.305	-102116.79	-17773.29	0.0	0.0	0.0	0.0	0.0	0.0	0.0	0.0	0.0	0.0	0.0	0.0	0.0	0.0	146.13793103448276	0.0	0.037902735	-0.037658595	1.044980235	-17.7016	-8.71346	8.95762	3190470.0	1776544770.694402	0.0	1.0	-1.0	-1.0	-1.0	-1.0	-1.0	-1.0	-1.0	-1.0	0.0	marker	opened-hand	Open	11	0418
-67021.56	-53017.515	-102581.55	-18276.614999999998	0.0	0.0	0.0	0.0	0.0	0.0	0.0	0.0	0.0	0.0	0.0	0.0	0.0	0.0	146.13793103448276	0.0	0.037902735	-0.037658595	1.044980235	-17.7016	-8.71346	8.95762	3190471.0	1776544770.694411	0.0	1.0	-1.0	-1.0	-1.0	-1.0	-1.0	-1.0	-1.0	-1.0	0.0	marker	opened-hand	Open	11	0418
-66682.44	-53002.305	-102137.94	-17870.535	0.0	0.0	0.0	0.0	0.0	0.0	0.0	0.0	0.0	0.0	0.0	0.0	0.0	0.0	146.13793103448276	0.0	0.037902735	-0.037658595	1.044980235	-17.7016	-8.71346	8.95762	3190472.0	1776544770.698818	0.0	1.0	-1.0	-1.0	-1.0	-1.0	-1.0	-1.0	-1.0	-1.0	0.0	marker	opened-hand	Open	11	0418
-66613.31999999999	-53015.534999999996	-101972.745	-17653.59	0.0	0.0	0.0	0.0	0.0	0.0	0.0	0.0	0.0	0.0	0.0	0.0	0.0	0.0	146.13793103448276	0.0	0.037902735	-0.037658595	1.044980235	-17.7016	-8.71346	8.95762	3190473.0	1776544770.698833	0.0	1.0	-1.0	-1.0	-1.0	-1.0	-1.0	-1.0	-1.0	-1.0	0.0	marker	opened-hand	Open	11	0418
-66675.23999999999	-53045.009999999995	-102177.675	-17852.715	0.0	0.0	0.0	0.0	0.0	0.0	0.0	0.0	0.0	0.0	0.0	0.0	0.0	0.0	146.13793103448276	0.0	0.108092985	-0.06603987	0.95239014	-5.44782	4.6085199999999995	2.12114	3190474.0	1776544770.70242	0.0	1.0	-1.0	-1.0	-1.0	-1.0	-1.0	-1.0	-1.0	-1.0	0.0	marker	opened-hand	Open	11	0418
-66456.495	-53034.345	-102049.065	-17761.86	0.0	0.0	0.0	0.0	0.0	0.0	0.0	0.0	0.0	0.0	0.0	0.0	0.0	0.0	146.13793103448276	0.0	0.108092985	-0.06603987	0.95239014	-5.44782	4.6085199999999995	2.12114	3190475.0	1776544770.702446	0.0	1.0	-1.0	-1.0	-1.0	-1.0	-1.0	-1.0	-1.0	-1.0	0.0	marker	opened-hand	Open	11	0418
-66837.645	-53049.689999999995	-102433.00499999999	-18136.44	0.0	0.0	0.0	0.0	0.0	0.0	0.0	0.0	0.0	0.0	0.0	0.0	0.0	0.0	146.13793103448276	0.0	0.108092985	-0.06603987	0.95239014	-5.44782	4.6085199999999995	2.12114	3190476.0	1776544770.707194	0.0	1.0	-1.0	-1.0	-1.0	-1.0	-1.0	-1.0	-1.0	-1.0	0.0	marker	opened-hand	Open	11	0418
-66681.135	-53043.704999999994	-102238.11	-17948.925	0.0	0.0	0.0	0.0	0.0	0.0	0.0	0.0	0.0	0.0	0.0	0.0	0.0	0.0	146.13793103448276	0.0	0.108092985	-0.06603987	0.95239014	-5.44782	4.6085199999999995	2.12114	3190477.0	1776544770.707226	0.0	1.0	-1.0	-1.0	-1.0	-1.0	-1.0	-1.0	-1.0	-1.0	0.0	marker	opened-hand	Open	11	0418
-66246.075	-53020.665	-101786.715	-17536.184999999998	0.0	0.0	0.0	0.0	0.0	0.0	0.0	0.0	0.0	0.0	0.0	0.0	0.0	0.0	146.13793103448276	0.0	0.108092985	-0.06603987	0.95239014	-5.44782	4.6085199999999995	2.12114	3190478.0	1776544770.7105	0.0	1.0	-1.0	-1.0	-1.0	-1.0	-1.0	-1.0	-1.0	-1.0	0.0	marker	opened-hand	Open	11	0418
-66310.155	-53019.945	-101762.64	-17478.63	0.0	0.0	0.0	0.0	0.0	0.0	0.0	0.0	0.0	0.0	0.0	0.0	0.0	0.0	146.13793103448276	0.0	0.108092985	-0.06603987	0.95239014	-5.44782	4.6085199999999995	2.12114	3190479.0	1776544770.710521	0.0	1.0	-1.0	-1.0	-1.0	-1.0	-1.0	-1.0	-1.0	-1.0	0.0	marker	opened-hand	Open	11	0418
-66808.845	-53061.525	-102161.34	-17842.14	0.0	0.0	0.0	0.0	0.0	0.0	0.0	0.0	0.0	0.0	0.0	0.0	0.0	0.0	146.13793103448276	0.0	0.108092985	-0.06603987	0.95239014	-5.44782	4.6085199999999995	2.12114	3190480.0	1776544770.714569	0.0	1.0	-1.0	-1.0	-1.0	-1.0	-1.0	-1.0	-1.0	-1.0	0.0	marker	opened-hand	Open	11	0418
-66920.535	-53086.59	-102367.305	-18068.85	0.0	0.0	0.0	0.0	0.0	0.0	0.0	0.0	0.0	0.0	0.0	0.0	0.0	0.0	146.13793103448276	0.0	0.108092985	-0.06603987	0.95239014	-5.44782	4.6085199999999995	2.12114	3190481.0	1776544770.714598	0.0	1.0	-1.0	-1.0	-1.0	-1.0	-1.0	-1.0	-1.0	-1.0	0.0	marker	opened-hand	Open	11	0418
-66620.61	-53085.78	-102214.08	-17904.555	0.0	0.0	0.0	0.0	0.0	0.0	0.0	0.0	0.0	0.0	0.0	0.0	0.0	0.0	146.13793103448276	0.0	0.108092985	-0.06603987	0.95239014	-5.44782	4.6085199999999995	2.12114	3190482.0	1776544770.719193	0.0	1.0	-1.0	-1.0	-1.0	-1.0	-1.0	-1.0	-1.0	-1.0	0.0	marker	opened-hand	Open	11	0418
-66519.675	-53106.93	-102141.36	-17749.26	0.0	0.0	0.0	0.0	0.0	0.0	0.0	0.0	0.0	0.0	0.0	0.0	0.0	0.0	146.13793103448276	0.0	0.108092985	-0.06603987	0.95239014	-5.44782	4.6085199999999995	2.12114	3190483.0	1776544770.719213	0.0	1.0	-1.0	-1.0	-1.0	-1.0	-1.0	-1.0	-1.0	-1.0	0.0	marker	opened-hand	Open	11	0418
-66567.555	-53112.329999999994	-102071.51999999999	-17717.355	0.0	0.0	0.0	0.0	0.0	0.0	0.0	0.0	0.0	0.0	0.0	0.0	0.0	0.0	146.13793103448276	0.0	0.09179664	-0.13537563	1.032773235	5.43256	0.62566	1.0224199999999999	3190484.0	1776544770.7225	0.0	1.0	-1.0	-1.0	-1.0	-1.0	-1.0	-1.0	-1.0	-1.0	0.0	marker	opened-hand	Open	11	0418
-66706.47	-53113.68	-102081.78	-17788.32	0.0	0.0	0.0	0.0	0.0	0.0	0.0	0.0	0.0	0.0	0.0	0.0	0.0	0.0	146.13793103448276	0.0	0.09179664	-0.13537563	1.032773235	5.43256	0.62566	1.0224199999999999	3190485.0	1776544770.722519	0.0	1.0	-1.0	-1.0	-1.0	-1.0	-1.0	-1.0	-1.0	-1.0	0.0	marker	opened-hand	Open	11	0418
-66667.31999999999	-53106.165	-102178.305	-17851.14	0.0	0.0	0.0	0.0	0.0	0.0	0.0	0.0	0.0	0.0	0.0	0.0	0.0	0.0	146.13793103448276	0.0	0.09179664	-0.13537563	1.032773235	5.43256	0.62566	1.0224199999999999	3190486.0	1776544770.726597	0.0	1.0	-1.0	-1.0	-1.0	-1.0	-1.0	-1.0	-1.0	-1.0	0.0	marker	opened-hand	Open	11	0418
-66482.86499999999	-53103.78	-102206.655	-17892.989999999998	0.0	0.0	0.0	0.0	0.0	0.0	0.0	0.0	0.0	0.0	0.0	0.0	0.0	0.0	146.13793103448276	0.0	0.09179664	-0.13537563	1.032773235	5.43256	0.62566	1.0224199999999999	3190487.0	1776544770.726621	0.0	1.0	-1.0	-1.0	-1.0	-1.0	-1.0	-1.0	-1.0	-1.0	0.0	marker	opened-hand	Open	11	0418
-66522.555	-53106.93	-102092.265	-17856.405	0.0	0.0	0.0	0.0	0.0	0.0	0.0	0.0	0.0	0.0	0.0	0.0	0.0	0.0	146.13793103448276	0.0	0.09179664	-0.13537563	1.032773235	5.43256	0.62566	1.0224199999999999	3190488.0	1776544770.730627	0.0	1.0	-1.0	-1.0	-1.0	-1.0	-1.0	-1.0	-1.0	-1.0	0.0	marker	opened-hand	Open	11	0418
-66755.295	-53122.454999999994	-102109.14	-17962.29	0.0	0.0	0.0	0.0	0.0	0.0	0.0	0.0	0.0	0.0	0.0	0.0	0.0	0.0	146.13793103448276	0.0	0.09179664	-0.13537563	1.032773235	5.43256	0.62566	1.0224199999999999	3190489.0	1776544770.730652	0.0	1.0	-1.0	-1.0	-1.0	-1.0	-1.0	-1.0	-1.0	-1.0	0.0	marker	opened-hand	Open	11	0418
-66855.915	-53137.979999999996	-102123.09	-17955.045	0.0	0.0	0.0	0.0	0.0	0.0	0.0	0.0	0.0	0.0	0.0	0.0	0.0	0.0	146.13793103448276	0.0	0.09179664	-0.13537563	1.032773235	5.43256	0.62566	1.0224199999999999	3190490.0	1776544770.73452	0.0	1.0	-1.0	-1.0	-1.0	-1.0	-1.0	-1.0	-1.0	-1.0	0.0	marker	opened-hand	Open	11	0418
-66799.485	-53145.72	-102212.055	-17920.665	0.0	0.0	0.0	0.0	0.0	0.0	0.0	0.0	0.0	0.0	0.0	0.0	0.0	0.0	146.13793103448276	0.0	0.09179664	-0.13537563	1.032773235	5.43256	0.62566	1.0224199999999999	3190491.0	1776544770.734532	0.0	1.0	-1.0	-1.0	-1.0	-1.0	-1.0	-1.0	-1.0	-1.0	0.0	marker	opened-hand	Open	11	0418
-66410.37	-53139.15	-102052.8	-17701.155	0.0	0.0	0.0	0.0	0.0	0.0	0.0	0.0	0.0	0.0	0.0	0.0	0.0	0.0	146.13793103448276	0.0	0.09179664	-0.13537563	1.032773235	5.43256	0.62566	1.0224199999999999	3190492.0	1776544770.738502	0.0	1.0	-1.0	-1.0	-1.0	-1.0	-1.0	-1.0	-1.0	-1.0	0.0	marker	opened-hand	Open	11	0418
-66543.255	-53150.174999999996	-102199.68	-17912.79	0.0	0.0	0.0	0.0	0.0	0.0	0.0	0.0	0.0	0.0	0.0	0.0	0.0	0.0	146.13793103448276	0.0	0.09179664	-0.13537563	1.032773235	5.43256	0.62566	1.0224199999999999	3190493.0	1776544770.73852	0.0	1.0	-1.0	-1.0	-1.0	-1.0	-1.0	-1.0	-1.0	-1.0	0.0	marker	opened-hand	Open	11	0418
-66713.895	-53150.354999999996	-102316.72499999999	-18041.94	0.0	0.0	0.0	0.0	0.0	0.0	0.0	0.0	0.0	0.0	0.0	0.0	0.0	0.0	146.13793103448276	0.0	-0.094299075	-0.12304656	1.082944005	11.41448	-3.5098	-1.17502	3190494.0	1776544770.742549	0.0	1.0	-1.0	-1.0	-1.0	-1.0	-1.0	-1.0	-1.0	-1.0	0.0	marker	opened-hand	Open	11	0418
-66635.325	-53139.465	-102203.235	-17916.75	0.0	0.0	0.0	0.0	0.0	0.0	0.0	0.0	0.0	0.0	0.0	0.0	0.0	0.0	146.13793103448276	0.0	-0.094299075	-0.12304656	1.082944005	11.41448	-3.5098	-1.17502	3190495.0	1776544770.742567	0.0	1.0	-1.0	-1.0	-1.0	-1.0	-1.0	-1.0	-1.0	-1.0	0.0	marker	opened-hand	Open	11	0418
-66616.065	-53142.93	-102259.89	-17957.295	0.0	0.0	0.0	0.0	0.0	0.0	0.0	0.0	0.0	0.0	0.0	0.0	0.0	0.0	146.13793103448276	0.0	-0.094299075	-0.12304656	1.082944005	11.41448	-3.5098	-1.17502	3190496.0	1776544770.746567	0.0	1.0	-1.0	-1.0	-1.0	-1.0	-1.0	-1.0	-1.0	-1.0	0.0	marker	opened-hand	Open	11	0418
-66776.715	-53156.475	-102398.22	-18083.969999999998	0.0	0.0	0.0	0.0	0.0	0.0	0.0	0.0	0.0	0.0	0.0	0.0	0.0	0.0	146.13793103448276	0.0	-0.094299075	-0.12304656	1.082944005	11.41448	-3.5098	-1.17502	3190497.0	1776544770.746585	0.0	1.0	-1.0	-1.0	-1.0	-1.0	-1.0	-1.0	-1.0	-1.0	0.0	marker	opened-hand	Open	11	0418
-66614.58	-53146.125	-102094.965	-17810.64	0.0	0.0	0.0	0.0	0.0	0.0	0.0	0.0	0.0	0.0	0.0	0.0	0.0	0.0	146.13793103448276	0.0	-0.094299075	-0.12304656	1.082944005	11.41448	-3.5098	-1.17502	3190498.0	1776544770.750588	0.0	1.0	-1.0	-1.0	-1.0	-1.0	-1.0	-1.0	-1.0	-1.0	0.0	marker	opened-hand	Open	11	0418
-66372.48	-53130.42	-101865.825	-17595.765	0.0	0.0	0.0	0.0	0.0	0.0	0.0	0.0	0.0	0.0	0.0	0.0	0.0	0.0	146.13793103448276	0.0	-0.094299075	-0.12304656	1.082944005	11.41448	-3.5098	-1.17502	3190499.0	1776544770.750607	0.0	1.0	-1.0	-1.0	-1.0	-1.0	-1.0	-1.0	-1.0	-1.0	0.0	marker	opened-hand	Open	11	0418
-66394.89	-53134.695	-101855.06999999999	-17572.364999999998	0.0	0.0	0.0	0.0	0.0	0.0	0.0	0.0	0.0	0.0	0.0	0.0	0.0	0.0	146.13793103448276	0.0	-0.094299075	-0.12304656	1.082944005	11.41448	-3.5098	-1.17502	3190500.0	1776544770.754605	0.0	1.0	-1.0	-1.0	-1.0	-1.0	-1.0	-1.0	-1.0	-1.0	0.0	marker	opened-hand	Open	11	0418
-66783.69	-53175.555	-102343.72499999999	-18045.27	0.0	0.0	0.0	0.0	0.0	0.0	0.0	0.0	0.0	0.0	0.0	0.0	0.0	0.0	146.13793103448276	0.0	-0.094299075	-0.12304656	1.082944005	11.41448	-3.5098	-1.17502	3190501.0	1776544770.754623	0.0	1.0	-1.0	-1.0	-1.0	-1.0	-1.0	-1.0	-1.0	-1.0	0.0	marker	opened-hand	Open	11	0418
-66690.405	-53170.38	-102213.72	-17936.28	0.0	0.0	0.0	0.0	0.0	0.0	0.0	0.0	0.0	0.0	0.0	0.0	0.0	0.0	146.13793103448276	0.0	-0.094299075	-0.12304656	1.082944005	11.41448	-3.5098	-1.17502	3190502.0	1776544770.761852	0.0	1.0	-1.0	-1.0	-1.0	-1.0	-1.0	-1.0	-1.0	-1.0	0.0	marker	opened-hand	Open	11	0418
-66635.91	-53157.78	-102023.14499999999	-17726.085	0.0	0.0	0.0	0.0	0.0	0.0	0.0	0.0	0.0	0.0	0.0	0.0	0.0	0.0	146.13793103448276	0.0	-0.094299075	-0.12304656	1.082944005	11.41448	-3.5098	-1.17502	3190503.0	1776544770.76187	0.0	1.0	-1.0	-1.0	-1.0	-1.0	-1.0	-1.0	-1.0	-1.0	0.0	marker	opened-hand	Open	11	0418
-66658.455	-53175.42	-102157.47	-17853.255	0.0	0.0	0.0	0.0	0.0	0.0	0.0	0.0	0.0	0.0	0.0	0.0	0.0	0.0	146.13793103448276	0.0	-0.06140121	-0.031433025	1.028256645	-4.18124	-2.10588	7.9199399999999995	3190504.0	1776544770.762644	0.0	1.0	-1.0	-1.0	-1.0	-1.0	-1.0	-1.0	-1.0	-1.0	0.0	marker	opened-hand	Open	11	0418
-66627.63	-53191.079999999994	-102238.605	-17990.19	0.0	0.0	0.0	0.0	0.0	0.0	0.0	0.0	0.0	0.0	0.0	0.0	0.0	0.0	146.13793103448276	0.0	-0.06140121	-0.031433025	1.028256645	-4.18124	-2.10588	7.9199399999999995	3190505.0	1776544770.762661	0.0	1.0	-1.0	-1.0	-1.0	-1.0	-1.0	-1.0	-1.0	-1.0	0.0	marker	opened-hand	Open	11	0418
-66597.20999999999	-53193.42	-102202.965	-17923.59	0.0	0.0	0.0	0.0	0.0	0.0	0.0	0.0	0.0	0.0	0.0	0.0	0.0	0.0	146.13793103448276	0.0	-0.06140121	-0.031433025	1.028256645	-4.18124	-2.10588	7.9199399999999995	3190506.0	1776544770.766608	0.0	1.0	-1.0	-1.0	-1.0	-1.0	-1.0	-1.0	-1.0	-1.0	0.0	marker	opened-hand	Open	11	0418
-66564.72	-53194.77	-102168.765	-17882.415	0.0	0.0	0.0	0.0	0.0	0.0	0.0	0.0	0.0	0.0	0.0	0.0	0.0	0.0	146.13793103448276	0.0	-0.06140121	-0.031433025	1.028256645	-4.18124	-2.10588	7.9199399999999995	3190507.0	1776544770.766658	0.0	1.0	-1.0	-1.0	-1.0	-1.0	-1.0	-1.0	-1.0	-1.0	0.0	marker	opened-hand	Open	11	0418
-66445.02	-53179.56	-101979.26999999999	-17713.079999999998	0.0	0.0	0.0	0.0	0.0	0.0	0.0	0.0	0.0	0.0	0.0	0.0	0.0	0.0	146.13793103448276	0.0	-0.06140121	-0.031433025	1.028256645	-4.18124	-2.10588	7.9199399999999995	3190508.0	1776544770.770647	0.0	1.0	-1.0	-1.0	-1.0	-1.0	-1.0	-1.0	-1.0	-1.0	0.0	marker	opened-hand	Open	11	0418
-66444.66	-53168.939999999995	-101891.565	-17597.52	0.0	0.0	0.0	0.0	0.0	0.0	0.0	0.0	0.0	0.0	0.0	0.0	0.0	0.0	146.13793103448276	0.0	-0.06140121	-0.031433025	1.028256645	-4.18124	-2.10588	7.9199399999999995	3190509.0	1776544770.770666	0.0	1.0	-1.0	-1.0	-1.0	-1.0	-1.0	-1.0	-1.0	-1.0	0.0	marker	opened-hand	Open	11	0418
-66507.39	-53176.545	-102002.12999999999	-17699.625	0.0	0.0	0.0	0.0	0.0	0.0	0.0	0.0	0.0	0.0	0.0	0.0	0.0	0.0	146.13793103448276	0.0	-0.06140121	-0.031433025	1.028256645	-4.18124	-2.10588	7.9199399999999995	3190510.0	1776544770.776013	0.0	1.0	-1.0	-1.0	-1.0	-1.0	-1.0	-1.0	-1.0	-1.0	0.0	marker	opened-hand	Open	11	0418
-66670.11	-53188.65	-102229.515	-17936.82	0.0	0.0	0.0	0.0	0.0	0.0	0.0	0.0	0.0	0.0	0.0	0.0	0.0	0.0	146.13793103448276	0.0	-0.06140121	-0.031433025	1.028256645	-4.18124	-2.10588	7.9199399999999995	3190511.0	1776544770.776038	0.0	1.0	-1.0	-1.0	-1.0	-1.0	-1.0	-1.0	-1.0	-1.0	0.0	marker	opened-hand	Open	11	0418
-66919.275	-53200.034999999996	-102440.47499999999	-18136.35	0.0	0.0	0.0	0.0	0.0	0.0	0.0	0.0	0.0	0.0	0.0	0.0	0.0	0.0	146.13793103448276	0.0	-0.06140121	-0.031433025	1.028256645	-4.18124	-2.10588	7.9199399999999995	3190512.0	1776544770.778641	0.0	1.0	-1.0	-1.0	-1.0	-1.0	-1.0	-1.0	-1.0	-1.0	0.0	marker	opened-hand	Open	11	0418
-66796.65	-53196.93	-102272.94	-17992.035	0.0	0.0	0.0	0.0	0.0	0.0	0.0	0.0	0.0	0.0	0.0	0.0	0.0	0.0	146.13793103448276	0.0	-0.06140121	-0.031433025	1.028256645	-4.18124	-2.10588	7.9199399999999995	3190513.0	1776544770.778652	0.0	1.0	-1.0	-1.0	-1.0	-1.0	-1.0	-1.0	-1.0	-1.0	0.0	marker	opened-hand	Open	11	0418
-66709.125	-53207.325	-102249.9	-17977.5	0.0	0.0	0.0	0.0	0.0	0.0	0.0	0.0	0.0	0.0	0.0	0.0	0.0	0.0	146.13793103448276	0.0	0.06774885	-0.003967275	0.97997796	-20.158459999999998	3.0977799999999998	8.72872	3190514.0	1776544770.782776	0.0	1.0	-1.0	-1.0	-1.0	-1.0	-1.0	-1.0	-1.0	-1.0	0.0	marker	opened-hand	Open	11	0418
-66609.54	-53199.0	-102190.545	-17924.85	0.0	0.0	0.0	0.0	0.0	0.0	0.0	0.0	0.0	0.0	0.0	0.0	0.0	0.0	146.13793103448276	0.0	0.06774885	-0.003967275	0.97997796	-20.158459999999998	3.0977799999999998	8.72872	3190515.0	1776544770.782785	0.0	1.0	-1.0	-1.0	-1.0	-1.0	-1.0	-1.0	-1.0	-1.0	0.0	marker	opened-hand	Open	11	0418
-66565.70999999999	-53180.685	-102097.17	-17817.12	0.0	0.0	0.0	0.0	0.0	0.0	0.0	0.0	0.0	0.0	0.0	0.0	0.0	0.0	146.13793103448276	0.0	0.06774885	-0.003967275	0.97997796	-20.158459999999998	3.0977799999999998	8.72872	3190516.0	1776544770.786798	0.0	1.0	-1.0	-1.0	-1.0	-1.0	-1.0	-1.0	-1.0	-1.0	0.0	marker	opened-hand	Open	11	0418
-66367.755	-53162.595	-101844.26999999999	-17589.42	0.0	0.0	0.0	0.0	0.0	0.0	0.0	0.0	0.0	0.0	0.0	0.0	0.0	0.0	146.13793103448276	0.0	0.06774885	-0.003967275	0.97997796	-20.158459999999998	3.0977799999999998	8.72872	3190517.0	1776544770.786821	0.0	1.0	-1.0	-1.0	-1.0	-1.0	-1.0	-1.0	-1.0	-1.0	0.0	marker	opened-hand	Open	11	0418
-66193.47	-53152.695	-101700.855	-17435.07	0.0	0.0	0.0	0.0	0.0	0.0	0.0	0.0	0.0	0.0	0.0	0.0	0.0	0.0	146.13793103448276	0.0	0.06774885	-0.003967275	0.97997796	-20.158459999999998	3.0977799999999998	8.72872	3190518.0	1776544770.790735	0.0	1.0	-1.0	-1.0	-1.0	-1.0	-1.0	-1.0	-1.0	-1.0	0.0	marker	opened-hand	Open	11	0418
-66513.375	-53179.064999999995	-102082.31999999999	-17798.445	0.0	0.0	0.0	0.0	0.0	0.0	0.0	0.0	0.0	0.0	0.0	0.0	0.0	0.0	146.13793103448276	0.0	0.06774885	-0.003967275	0.97997796	-20.158459999999998	3.0977799999999998	8.72872	3190519.0	1776544770.790753	0.0	1.0	-1.0	-1.0	-1.0	-1.0	-1.0	-1.0	-1.0	-1.0	0.0	marker	opened-hand	Open	11	0418
-66860.145	-53199.134999999995	-102330.765	-18021.555	0.0	0.0	0.0	0.0	0.0	0.0	0.0	0.0	0.0	0.0	0.0	0.0	0.0	0.0	146.13793103448276	0.0	0.06774885	-0.003967275	0.97997796	-20.158459999999998	3.0977799999999998	8.72872	3190520.0	1776544770.796629	0.0	1.0	-1.0	-1.0	-1.0	-1.0	-1.0	-1.0	-1.0	-1.0	0.0	marker	opened-hand	Open	11	0418
-66577.36499999999	-53173.575	-102119.175	-17836.92	0.0	0.0	0.0	0.0	0.0	0.0	0.0	0.0	0.0	0.0	0.0	0.0	0.0	0.0	146.13793103448276	0.0	0.06774885	-0.003967275	0.97997796	-20.158459999999998	3.0977799999999998	8.72872	3190521.0	1776544770.796648	0.0	1.0	-1.0	-1.0	-1.0	-1.0	-1.0	-1.0	-1.0	-1.0	0.0	marker	opened-hand	Open	11	0418
-66670.47	-53167.59	-102237.48	-17960.265	0.0	0.0	0.0	0.0	0.0	0.0	0.0	0.0	0.0	0.0	0.0	0.0	0.0	0.0	146.13793103448276	0.0	0.06774885	-0.003967275	0.97997796	-20.158459999999998	3.0977799999999998	8.72872	3190522.0	1776544770.799724	0.0	1.0	-1.0	-1.0	-1.0	-1.0	-1.0	-1.0	-1.0	-1.0	0.0	marker	opened-hand	Open	11	0418
-66846.23999999999	-53181.0	-102331.665	-18020.745	0.0	0.0	0.0	0.0	0.0	0.0	0.0	0.0	0.0	0.0	0.0	0.0	0.0	0.0	146.13793103448276	0.0	0.06774885	-0.003967275	0.97997796	-20.158459999999998	3.0977799999999998	8.72872	3190523.0	1776544770.799743	0.0	1.0	-1.0	-1.0	-1.0	-1.0	-1.0	-1.0	-1.0	-1.0	0.0	marker	opened-hand	Open	11	0418
-66506.22	-53171.729999999996	-101950.29	-17643.105	0.0	0.0	0.0	0.0	0.0	0.0	0.0	0.0	0.0	0.0	0.0	0.0	0.0	0.0	146.13793103448276	0.0	0.08129862	-0.05908188	0.96850338	-12.49794	7.00434	1.8159399999999999	3190524.0	1776544770.802886	0.0	1.0	-1.0	-1.0	-1.0	-1.0	-1.0	-1.0	-1.0	-1.0	0.0	marker	opened-hand	Open	11	0418
-66493.08	-53187.345	-102009.105	-17706.87	0.0	0.0	0.0	0.0	0.0	0.0	0.0	0.0	0.0	0.0	0.0	0.0	0.0	0.0	146.13793103448276	0.0	0.08129862	-0.05908188	0.96850338	-12.49794	7.00434	1.8159399999999999	3190525.0	1776544770.802905	0.0	1.0	-1.0	-1.0	-1.0	-1.0	-1.0	-1.0	-1.0	-1.0	0.0	marker	opened-hand	Open	11	0418
-66621.87	-53206.064999999995	-102254.89499999999	-17966.07	0.0	0.0	0.0	0.0	0.0	0.0	0.0	0.0	0.0	0.0	0.0	0.0	0.0	0.0	146.13793103448276	0.0	0.08129862	-0.05908188	0.96850338	-12.49794	7.00434	1.8159399999999999	3190526.0	1776544770.806828	0.0	1.0	-1.0	-1.0	-1.0	-1.0	-1.0	-1.0	-1.0	-1.0	0.0	marker	opened-hand	Open	11	0418
-66514.5	-53187.479999999996	-102153.735	-17865.045	0.0	0.0	0.0	0.0	0.0	0.0	0.0	0.0	0.0	0.0	0.0	0.0	0.0	0.0	146.13793103448276	0.0	0.08129862	-0.05908188	0.96850338	-12.49794	7.00434	1.8159399999999999	3190527.0	1776544770.80685	0.0	1.0	-1.0	-1.0	-1.0	-1.0	-1.0	-1.0	-1.0	-1.0	0.0	marker	opened-hand	Open	11	0418
-66172.59	-53153.369999999995	-101760.97499999999	-17468.864999999998	0.0	0.0	0.0	0.0	0.0	0.0	0.0	0.0	0.0	0.0	0.0	0.0	0.0	0.0	146.13793103448276	0.0	0.08129862	-0.05908188	0.96850338	-12.49794	7.00434	1.8159399999999999	3190528.0	1776544770.81082	0.0	1.0	-1.0	-1.0	-1.0	-1.0	-1.0	-1.0	-1.0	-1.0	0.0	marker	opened-hand	Open	11	0418
-66661.245	-53177.805	-102098.16	-17780.219999999998	0.0	0.0	0.0	0.0	0.0	0.0	0.0	0.0	0.0	0.0	0.0	0.0	0.0	0.0	146.13793103448276	0.0	0.08129862	-0.05908188	0.96850338	-12.49794	7.00434	1.8159399999999999	3190529.0	1776544770.810839	0.0	1.0	-1.0	-1.0	-1.0	-1.0	-1.0	-1.0	-1.0	-1.0	0.0	marker	opened-hand	Open	11	0418
-66622.275	-53186.085	-102160.70999999999	-17903.88	0.0	0.0	0.0	0.0	0.0	0.0	0.0	0.0	0.0	0.0	0.0	0.0	0.0	0.0	146.13793103448276	0.0	0.08129862	-0.05908188	0.96850338	-12.49794	7.00434	1.8159399999999999	3190530.0	1776544770.815653	0.0	1.0	-1.0	-1.0	-1.0	-1.0	-1.0	-1.0	-1.0	-1.0	0.0	marker	opened-hand	Open	11	0418
-66210.12	-53168.445	-101755.34999999999	-17538.165	0.0	0.0	0.0	0.0	0.0	0.0	0.0	0.0	0.0	0.0	0.0	0.0	0.0	0.0	146.13793103448276	0.0	0.08129862	-0.05908188	0.96850338	-12.49794	7.00434	1.8159399999999999	3190531.0	1776544770.815677	0.0	1.0	-1.0	-1.0	-1.0	-1.0	-1.0	-1.0	-1.0	-1.0	0.0	marker	opened-hand	Open	11	0418
-66498.03	-53196.615	-101962.98	-17673.614999999998	0.0	0.0	0.0	0.0	0.0	0.0	0.0	0.0	0.0	0.0	0.0	0.0	0.0	0.0	146.13793103448276	0.0	0.08129862	-0.05908188	0.96850338	-12.49794	7.00434	1.8159399999999999	3190532.0	1776544770.818868	0.0	1.0	-1.0	-1.0	-1.0	-1.0	-1.0	-1.0	-1.0	-1.0	0.0	marker	opened-hand	Open	11	0418
-66857.67	-53222.22	-102316.185	-18039.87	0.0	0.0	0.0	0.0	0.0	0.0	0.0	0.0	0.0	0.0	0.0	0.0	0.0	0.0	146.13793103448276	0.0	0.08129862	-0.05908188	0.96850338	-12.49794	7.00434	1.8159399999999999	3190533.0	1776544770.818895	0.0	1.0	-1.0	-1.0	-1.0	-1.0	-1.0	-1.0	-1.0	-1.0	0.0	marker	opened-hand	Open	11	0418
-66665.25	-53215.965	-102127.995	-17928.0	0.0	0.0	0.0	0.0	0.0	0.0	0.0	0.0	0.0	0.0	0.0	0.0	0.0	0.0	146.13793103448276	0.0	0.049621455	-0.105041235	0.987485265	-7.14168	6.66862	0.6714399999999999	3190534.0	1776544770.822841	0.0	1.0	-1.0	-1.0	-1.0	-1.0	-1.0	-1.0	-1.0	-1.0	0.0	marker	opened-hand	Open	11	0418
-66731.44499999999	-53224.47	-102202.83	-17910.945	0.0	0.0	0.0	0.0	0.0	0.0	0.0	0.0	0.0	0.0	0.0	0.0	0.0	0.0	146.13793103448276	0.0	0.049621455	-0.105041235	0.987485265	-7.14168	6.66862	0.6714399999999999	3190535.0	1776544770.822849	0.0	1.0	-1.0	-1.0	-1.0	-1.0	-1.0	-1.0	-1.0	-1.0	0.0	marker	opened-hand	Open	11	0418
-66760.875	-53237.52	-102363.61499999999	-17997.795	0.0	0.0	0.0	0.0	0.0	0.0	0.0	0.0	0.0	0.0	0.0	0.0	0.0	0.0	146.13793103448276	0.0	0.049621455	-0.105041235	0.987485265	-7.14168	6.66862	0.6714399999999999	3190536.0	1776544770.828594	0.0	1.0	-1.0	-1.0	-1.0	-1.0	-1.0	-1.0	-1.0	-1.0	0.0	marker	opened-hand	Open	11	0418
-66437.505	-53221.275	-102029.67	-17694.989999999998	0.0	0.0	0.0	0.0	0.0	0.0	0.0	0.0	0.0	0.0	0.0	0.0	0.0	0.0	146.13793103448276	0.0	0.049621455	-0.105041235	0.987485265	-7.14168	6.66862	0.6714399999999999	3190537.0	1776544770.82861	0.0	1.0	-1.0	-1.0	-1.0	-1.0	-1.0	-1.0	-1.0	-1.0	0.0	marker	opened-hand	Open	11	0418
-66627.765	-53227.305	-102009.42	-17671.23	0.0	0.0	0.0	0.0	0.0	0.0	0.0	0.0	0.0	0.0	0.0	0.0	0.0	0.0	146.13793103448276	0.0	0.049621455	-0.105041235	0.987485265	-7.14168	6.66862	0.6714399999999999	3190538.0	1776544770.830827	0.0	1.0	-1.0	-1.0	-1.0	-1.0	-1.0	-1.0	-1.0	-1.0	0.0	marker	opened-hand	Open	11	0418
-66785.08499999999	-53247.465	-102259.125	-17995.41	0.0	0.0	0.0	0.0	0.0	0.0	0.0	0.0	0.0	0.0	0.0	0.0	0.0	0.0	146.13793103448276	0.0	0.049621455	-0.105041235	0.987485265	-7.14168	6.66862	0.6714399999999999	3190539.0	1776544770.830843	0.0	1.0	-1.0	-1.0	-1.0	-1.0	-1.0	-1.0	-1.0	-1.0	0.0	marker	opened-hand	Open	11	0418
-66723.84	-53254.439999999995	-102328.56	-18097.065	0.0	0.0	0.0	0.0	0.0	0.0	0.0	0.0	0.0	0.0	0.0	0.0	0.0	0.0	146.13793103448276	0.0	0.049621455	-0.105041235	0.987485265	-7.14168	6.66862	0.6714399999999999	3190540.0	1776544770.835662	0.0	1.0	-1.0	-1.0	-1.0	-1.0	-1.0	-1.0	-1.0	-1.0	0.0	marker	opened-hand	Open	11	0418
-66675.015	-53266.905	-102330.18	-18066.645	0.0	0.0	0.0	0.0	0.0	0.0	0.0	0.0	0.0	0.0	0.0	0.0	0.0	0.0	146.13793103448276	0.0	0.049621455	-0.105041235	0.987485265	-7.14168	6.66862	0.6714399999999999	3190541.0	1776544770.835677	0.0	1.0	-1.0	-1.0	-1.0	-1.0	-1.0	-1.0	-1.0	-1.0	0.0	marker	opened-hand	Open	11	0418
-66586.005	-53266.32	-102149.45999999999	-17827.605	0.0	0.0	0.0	0.0	0.0	0.0	0.0	0.0	0.0	0.0	0.0	0.0	0.0	0.0	146.13793103448276	0.0	0.049621455	-0.105041235	0.987485265	-7.14168	6.66862	0.6714399999999999	3190542.0	1776544770.838633	0.0	1.0	-1.0	-1.0	-1.0	-1.0	-1.0	-1.0	-1.0	-1.0	0.0	marker	opened-hand	Open	11	0418
-66633.12	-53268.03	-102143.385	-17820.719999999998	0.0	0.0	0.0	0.0	0.0	0.0	0.0	0.0	0.0	0.0	0.0	0.0	0.0	0.0	146.13793103448276	0.0	0.049621455	-0.105041235	0.987485265	-7.14168	6.66862	0.6714399999999999	3190543.0	1776544770.838645	0.0	1.0	-1.0	-1.0	-1.0	-1.0	-1.0	-1.0	-1.0	-1.0	0.0	marker	opened-hand	Open	11	0418
-66588.75	-53262.765	-102097.665	-17835.48	0.0	0.0	0.0	0.0	0.0	0.0	0.0	0.0	0.0	0.0	0.0	0.0	0.0	0.0	146.13793103448276	0.0	0.032287515	-0.120177915	1.01550033	2.35004	5.44782	-1.19028	3190544.0	1776544770.842926	0.0	1.0	-1.0	-1.0	-1.0	-1.0	-1.0	-1.0	-1.0	-1.0	0.0	marker	opened-hand	Open	11	0418
-66596.44499999999	-53257.68	-102188.11499999999	-17862.39	0.0	0.0	0.0	0.0	0.0	0.0	0.0	0.0	0.0	0.0	0.0	0.0	0.0	0.0	146.13793103448276	0.0	0.032287515	-0.120177915	1.01550033	2.35004	5.44782	-1.19028	3190545.0	1776544770.842936	0.0	1.0	-1.0	-1.0	-1.0	-1.0	-1.0	-1.0	-1.0	-1.0	0.0	marker	opened-hand	Open	11	0418
-66548.97	-53253.72	-102160.035	-17836.785	0.0	0.0	0.0	0.0	0.0	0.0	0.0	0.0	0.0	0.0	0.0	0.0	0.0	0.0	146.13793103448276	0.0	0.032287515	-0.120177915	1.01550033	2.35004	5.44782	-1.19028	3190546.0	1776544770.846877	0.0	1.0	-1.0	-1.0	-1.0	-1.0	-1.0	-1.0	-1.0	-1.0	0.0	marker	opened-hand	Open	11	0418
-66343.455	-53244.225	-101879.37	-17606.25	0.0	0.0	0.0	0.0	0.0	0.0	0.0	0.0	0.0	0.0	0.0	0.0	0.0	0.0	146.13793103448276	0.0	0.032287515	-0.120177915	1.01550033	2.35004	5.44782	-1.19028	3190547.0	1776544770.846883	0.0	1.0	-1.0	-1.0	-1.0	-1.0	-1.0	-1.0	-1.0	-1.0	0.0	marker	opened-hand	Open	11	0418
-66174.165	-53240.895	-101738.925	-17498.79	0.0	0.0	0.0	0.0	0.0	0.0	0.0	0.0	0.0	0.0	0.0	0.0	0.0	0.0	146.13793103448276	0.0	0.032287515	-0.120177915	1.01550033	2.35004	5.44782	-1.19028	3190548.0	1776544770.851048	0.0	1.0	-1.0	-1.0	-1.0	-1.0	-1.0	-1.0	-1.0	-1.0	0.0	marker	opened-hand	Open	11	0418
-66539.7	-53284.814999999995	-102000.95999999999	-17706.87	0.0	0.0	0.0	0.0	0.0	0.0	0.0	0.0	0.0	0.0	0.0	0.0	0.0	0.0	146.13793103448276	0.0	0.032287515	-0.120177915	1.01550033	2.35004	5.44782	-1.19028	3190549.0	1776544770.851064	0.0	1.0	-1.0	-1.0	-1.0	-1.0	-1.0	-1.0	-1.0	-1.0	0.0	marker	opened-hand	Open	11	0418
-66805.155	-53319.375	-102208.31999999999	-17896.995	0.0	0.0	0.0	0.0	0.0	0.0	0.0	0.0	0.0	0.0	0.0	0.0	0.0	0.0	146.13793103448276	0.0	0.032287515	-0.120177915	1.01550033	2.35004	5.44782	-1.19028	3190550.0	1776544770.856739	0.0	1.0	-1.0	-1.0	-1.0	-1.0	-1.0	-1.0	-1.0	-1.0	0.0	marker	opened-hand	Open	11	0418
-66739.31999999999	-53325.45	-102270.78	-17975.52	0.0	0.0	0.0	0.0	0.0	0.0	0.0	0.0	0.0	0.0	0.0	0.0	0.0	0.0	146.13793103448276	0.0	0.032287515	-0.120177915	1.01550033	2.35004	5.44782	-1.19028	3190551.0	1776544770.856744	0.0	1.0	-1.0	-1.0	-1.0	-1.0	-1.0	-1.0	-1.0	-1.0	0.0	marker	opened-hand	Open	11	0418
-66584.52	-53322.03	-102201.39	-17893.89	0.0	0.0	0.0	0.0	0.0	0.0	0.0	0.0	0.0	0.0	0.0	0.0	0.0	0.0	146.13793103448276	0.0	0.032287515	-0.120177915	1.01550033	2.35004	5.44782	-1.19028	3190552.0	1776544770.858951	0.0	1.0	-1.0	-1.0	-1.0	-1.0	-1.0	-1.0	-1.0	-1.0	0.0	marker	opened-hand	Open	11	0418
-66835.53	-53334.27	-102379.95	-18088.245	0.0	0.0	0.0	0.0	0.0	0.0	0.0	0.0	0.0	0.0	0.0	0.0	0.0	0.0	146.13793103448276	0.0	0.032287515	-0.120177915	1.01550033	2.35004	5.44782	-1.19028	3190553.0	1776544770.858957	0.0	1.0	-1.0	-1.0	-1.0	-1.0	-1.0	-1.0	-1.0	-1.0	0.0	marker	opened-hand	Open	11	0418
-66579.61499999999	-53319.6	-102144.465	-17888.895	0.0	0.0	0.0	0.0	0.0	0.0	0.0	0.0	0.0	0.0	0.0	0.0	0.0	0.0	146.13793103448276	0.0	0.0195312	-0.099792225	1.03259013	-0.35097999999999996	2.62472	1.9380199999999999	3190554.0	1776544770.863006	0.0	1.0	-1.0	-1.0	-1.0	-1.0	-1.0	-1.0	-1.0	-1.0	0.0	marker	opened-hand	Open	11	0418
-66278.565	-53297.729999999996	-101839.36499999999	-17600.489999999998	0.0	0.0	0.0	0.0	0.0	0.0	0.0	0.0	0.0	0.0	0.0	0.0	0.0	0.0	146.13793103448276	0.0	0.0195312	-0.099792225	1.03259013	-0.35097999999999996	2.62472	1.9380199999999999	3190555.0	1776544770.863013	0.0	1.0	-1.0	-1.0	-1.0	-1.0	-1.0	-1.0	-1.0	-1.0	0.0	marker	opened-hand	Open	11	0418
-66541.455	-53320.275	-102114.315	-17775.495	0.0	0.0	0.0	0.0	0.0	0.0	0.0	0.0	0.0	0.0	0.0	0.0	0.0	0.0	146.13793103448276	0.0	0.0195312	-0.099792225	1.03259013	-0.35097999999999996	2.62472	1.9380199999999999	3190556.0	1776544770.866966	0.0	1.0	-1.0	-1.0	-1.0	-1.0	-1.0	-1.0	-1.0	-1.0	0.0	marker	opened-hand	Open	11	0418
-66891.465	-53352.9	-102525.61499999999	-18164.565	0.0	0.0	0.0	0.0	0.0	0.0	0.0	0.0	0.0	0.0	0.0	0.0	0.0	0.0	146.13793103448276	0.0	0.0195312	-0.099792225	1.03259013	-0.35097999999999996	2.62472	1.9380199999999999	3190557.0	1776544770.866972	0.0	1.0	-1.0	-1.0	-1.0	-1.0	-1.0	-1.0	-1.0	-1.0	0.0	marker	opened-hand	Open	11	0418
-66678.345	-53340.075	-102268.98	-17971.739999999998	0.0	0.0	0.0	0.0	0.0	0.0	0.0	0.0	0.0	0.0	0.0	0.0	0.0	0.0	146.13793103448276	0.0	0.0195312	-0.099792225	1.03259013	-0.35097999999999996	2.62472	1.9380199999999999	3190558.0	1776544770.870999	0.0	1.0	-1.0	-1.0	-1.0	-1.0	-1.0	-1.0	-1.0	-1.0	0.0	marker	opened-hand	Open	11	0418
-66500.145	-53307.0	-101934.62999999999	-17615.52	0.0	0.0	0.0	0.0	0.0	0.0	0.0	0.0	0.0	0.0	0.0	0.0	0.0	0.0	146.13793103448276	0.0	0.0195312	-0.099792225	1.03259013	-0.35097999999999996	2.62472	1.9380199999999999	3190559.0	1776544770.871003	0.0	1.0	-1.0	-1.0	-1.0	-1.0	-1.0	-1.0	-1.0	-1.0	0.0	marker	opened-hand	Open	11	0418
-66524.805	-53297.64	-101997.855	-17664.795	0.0	0.0	0.0	0.0	0.0	0.0	0.0	0.0	0.0	0.0	0.0	0.0	0.0	0.0	146.13793103448276	0.0	0.0195312	-0.099792225	1.03259013	-0.35097999999999996	2.62472	1.9380199999999999	3190560.0	1776544770.876	0.0	1.0	-1.0	-1.0	-1.0	-1.0	-1.0	-1.0	-1.0	-1.0	0.0	marker	opened-hand	Open	11	0418
-66773.52	-53317.845	-102326.985	-18037.079999999998	0.0	0.0	0.0	0.0	0.0	0.0	0.0	0.0	0.0	0.0	0.0	0.0	0.0	0.0	146.13793103448276	0.0	0.0195312	-0.099792225	1.03259013	-0.35097999999999996	2.62472	1.9380199999999999	3190561.0	1776544770.876004	0.0	1.0	-1.0	-1.0	-1.0	-1.0	-1.0	-1.0	-1.0	-1.0	0.0	marker	opened-hand	Open	11	0418
-66695.67	-53321.174999999996	-102255.84	-17956.665	0.0	0.0	0.0	0.0	0.0	0.0	0.0	0.0	0.0	0.0	0.0	0.0	0.0	0.0	146.13793103448276	0.0	0.0195312	-0.099792225	1.03259013	-0.35097999999999996	2.62472	1.9380199999999999	3190562.0	1776544770.878941	0.0	1.0	-1.0	-1.0	-1.0	-1.0	-1.0	-1.0	-1.0	-1.0	0.0	marker	opened-hand	Open	11	0418
-66706.425	-53331.165	-102278.51999999999	-17960.895	0.0	0.0	0.0	0.0	0.0	0.0	0.0	0.0	0.0	0.0	0.0	0.0	0.0	0.0	146.13793103448276	0.0	0.0195312	-0.099792225	1.03259013	-0.35097999999999996	2.62472	1.9380199999999999	3190563.0	1776544770.878945	0.0	1.0	-1.0	-1.0	-1.0	-1.0	-1.0	-1.0	-1.0	-1.0	0.0	marker	opened-hand	Open	11	0418
-66613.635	-53336.204999999994	-102157.965	-17884.215	0.0	0.0	0.0	0.0	0.0	0.0	0.0	0.0	0.0	0.0	0.0	0.0	0.0	0.0	146.13793103448276	0.0	0.023315370000000002	-0.087951435	1.02380109	-2.6857599999999997	1.89224	1.57178	3190564.0	1776544770.882983	0.0	1.0	-1.0	-1.0	-1.0	-1.0	-1.0	-1.0	-1.0	-1.0	0.0	marker	opened-hand	Open	11	0418
-66616.83	-53326.979999999996	-102058.2	-17766.315	0.0	0.0	0.0	0.0	0.0	0.0	0.0	0.0	0.0	0.0	0.0	0.0	0.0	0.0	146.13793103448276	0.0	0.023315370000000002	-0.087951435	1.02380109	-2.6857599999999997	1.89224	1.57178	3190565.0	1776544770.882987	0.0	1.0	-1.0	-1.0	-1.0	-1.0	-1.0	-1.0	-1.0	-1.0	0.0	marker	opened-hand	Open	11	0418
-66399.165	-53302.14	-101946.33	-17681.715	0.0	0.0	0.0	0.0	0.0	0.0	0.0	0.0	0.0	0.0	0.0	0.0	0.0	0.0	146.13793103448276	0.0	0.023315370000000002	-0.087951435	1.02380109	-2.6857599999999997	1.89224	1.57178	3190566.0	1776544770.88704	0.0	1.0	-1.0	-1.0	-1.0	-1.0	-1.0	-1.0	-1.0	-1.0	0.0	marker	opened-hand	Open	11	0418
-66589.47	-53313.479999999996	-102220.065	-17926.515	0.0	0.0	0.0	0.0	0.0	0.0	0.0	0.0	0.0	0.0	0.0	0.0	0.0	0.0	146.13793103448276	0.0	0.023315370000000002	-0.087951435	1.02380109	-2.6857599999999997	1.89224	1.57178	3190567.0	1776544770.887044	0.0	1.0	-1.0	-1.0	-1.0	-1.0	-1.0	-1.0	-1.0	-1.0	0.0	marker	opened-hand	Open	11	0418
-66757.815	-53313.75	-102306.555	-17989.245	0.0	0.0	0.0	0.0	0.0	0.0	0.0	0.0	0.0	0.0	0.0	0.0	0.0	0.0	146.13793103448276	0.0	0.023315370000000002	-0.087951435	1.02380109	-2.6857599999999997	1.89224	1.57178	3190568.0	1776544770.892919	0.0	1.0	-1.0	-1.0	-1.0	-1.0	-1.0	-1.0	-1.0	-1.0	0.0	marker	opened-hand	Open	11	0418
-66342.645	-53275.95	-101924.91	-17657.82	0.0	0.0	0.0	0.0	0.0	0.0	0.0	0.0	0.0	0.0	0.0	0.0	0.0	0.0	146.13793103448276	0.0	0.023315370000000002	-0.087951435	1.02380109	-2.6857599999999997	1.89224	1.57178	3190569.0	1776544770.892923	0.0	1.0	-1.0	-1.0	-1.0	-1.0	-1.0	-1.0	-1.0	-1.0	0.0	marker	opened-hand	Open	11	0418
-66427.065	-53273.384999999995	-101948.31	-17614.89	0.0	0.0	0.0	0.0	0.0	0.0	0.0	0.0	0.0	0.0	0.0	0.0	0.0	0.0	146.13793103448276	0.0	0.023315370000000002	-0.087951435	1.02380109	-2.6857599999999997	1.89224	1.57178	3190570.0	1776544770.895381	0.0	1.0	-1.0	-1.0	-1.0	-1.0	-1.0	-1.0	-1.0	-1.0	0.0	marker	opened-hand	Open	11	0418
-66795.885	-53304.84	-102397.545	-18086.355	0.0	0.0	0.0	0.0	0.0	0.0	0.0	0.0	0.0	0.0	0.0	0.0	0.0	0.0	146.13793103448276	0.0	0.023315370000000002	-0.087951435	1.02380109	-2.6857599999999997	1.89224	1.57178	3190571.0	1776544770.895385	0.0	1.0	-1.0	-1.0	-1.0	-1.0	-1.0	-1.0	-1.0	-1.0	0.0	marker	opened-hand	Open	11	0418
-66786.20999999999	-53306.909999999996	-102352.40999999999	-18065.655	0.0	0.0	0.0	0.0	0.0	0.0	0.0	0.0	0.0	0.0	0.0	0.0	0.0	0.0	146.13793103448276	0.0	0.023315370000000002	-0.087951435	1.02380109	-2.6857599999999997	1.89224	1.57178	3190572.0	1776544770.901829	0.0	1.0	-1.0	-1.0	-1.0	-1.0	-1.0	-1.0	-1.0	-1.0	0.0	marker	opened-hand	Open	11	0418
-66699.22499999999	-53304.84	-102046.545	-17796.105	0.0	0.0	0.0	0.0	0.0	0.0	0.0	0.0	0.0	0.0	0.0	0.0	0.0	0.0	146.13793103448276	0.0	0.023315370000000002	-0.087951435	1.02380109	-2.6857599999999997	1.89224	1.57178	3190573.0	1776544770.901833	0.0	1.0	-1.0	-1.0	-1.0	-1.0	-1.0	-1.0	-1.0	-1.0	0.0	marker	opened-hand	Open	11	0418
-66701.06999999999	-53313.03	-102046.68	-17805.42	0.0	0.0	0.0	0.0	0.0	0.0	0.0	0.0	0.0	0.0	0.0	0.0	0.0	0.0	146.13793103448276	0.0	0.02966301	-0.119811705	1.024960755	3.6166199999999997	1.63282	-3.2045999999999997	3190574.0	1776544770.904857	0.0	1.0	-1.0	-1.0	-1.0	-1.0	-1.0	-1.0	-1.0	-1.0	0.0	marker	opened-hand	Open	11	0418
-66561.03	-53321.939999999995	-102186.94499999999	-17899.155	0.0	0.0	0.0	0.0	0.0	0.0	0.0	0.0	0.0	0.0	0.0	0.0	0.0	0.0	146.13793103448276	0.0	0.02966301	-0.119811705	1.024960755	3.6166199999999997	1.63282	-3.2045999999999997	3190575.0	1776544770.904861	0.0	1.0	-1.0	-1.0	-1.0	-1.0	-1.0	-1.0	-1.0	-1.0	0.0	marker	opened-hand	Open	11	0418
-66489.345	-53329.994999999995	-102126.23999999999	-17772.255	0.0	0.0	0.0	0.0	0.0	0.0	0.0	0.0	0.0	0.0	0.0	0.0	0.0	0.0	146.13793103448276	0.0	0.02966301	-0.119811705	1.024960755	3.6166199999999997	1.63282	-3.2045999999999997	3190576.0	1776544770.907219	0.0	1.0	-1.0	-1.0	-1.0	-1.0	-1.0	-1.0	-1.0	-1.0	0.0	marker	opened-hand	Open	11	0418
-66688.69499999999	-53330.715	-102257.235	-17925.84	0.0	0.0	0.0	0.0	0.0	0.0	0.0	0.0	0.0	0.0	0.0	0.0	0.0	0.0	146.13793103448276	0.0	0.02966301	-0.119811705	1.024960755	3.6166199999999997	1.63282	-3.2045999999999997	3190577.0	1776544770.907222	0.0	1.0	-1.0	-1.0	-1.0	-1.0	-1.0	-1.0	-1.0	-1.0	0.0	marker	opened-hand	Open	11	0418
-66715.02	-53327.115	-102300.56999999999	-18038.34	0.0	0.0	0.0	0.0	0.0	0.0	0.0	0.0	0.0	0.0	0.0	0.0	0.0	0.0	146.13793103448276	0.0	0.02966301	-0.119811705	1.024960755	3.6166199999999997	1.63282	-3.2045999999999997	3190578.0	1776544770.911074	0.0	1.0	-1.0	-1.0	-1.0	-1.0	-1.0	-1.0	-1.0	-1.0	0.0	marker	opened-hand	Open	11	0418
-66543.48	-53308.395	-102144.64499999999	-17882.1	0.0	0.0	0.0	0.0	0.0	0.0	0.0	0.0	0.0	0.0	0.0	0.0	0.0	0.0	146.13793103448276	0.0	0.02966301	-0.119811705	1.024960755	3.6166199999999997	1.63282	-3.2045999999999997	3190579.0	1776544770.911089	0.0	1.0	-1.0	-1.0	-1.0	-1.0	-1.0	-1.0	-1.0	-1.0	0.0	marker	opened-hand	Open	11	0418
-66179.11499999999	-53281.619999999995	-101721.64499999999	-17483.94	0.0	0.0	0.0	0.0	0.0	0.0	0.0	0.0	0.0	0.0	0.0	0.0	0.0	0.0	146.13793103448276	0.0	0.02966301	-0.119811705	1.024960755	3.6166199999999997	1.63282	-3.2045999999999997	3190580.0	1776544770.915087	0.0	1.0	-1.0	-1.0	-1.0	-1.0	-1.0	-1.0	-1.0	-1.0	0.0	marker	opened-hand	Open	11	0418
-66738.06	-53312.22	-102190.31999999999	-17896.725	0.0	0.0	0.0	0.0	0.0	0.0	0.0	0.0	0.0	0.0	0.0	0.0	0.0	0.0	146.13793103448276	0.0	0.02966301	-0.119811705	1.024960755	3.6166199999999997	1.63282	-3.2045999999999997	3190581.0	1776544770.915103	0.0	1.0	-1.0	-1.0	-1.0	-1.0	-1.0	-1.0	-1.0	-1.0	0.0	marker	opened-hand	Open	11	0418
-66934.845	-53323.875	-102384.94499999999	-18036.315	0.0	0.0	0.0	0.0	0.0	0.0	0.0	0.0	0.0	0.0	0.0	0.0	0.0	0.0	146.13793103448276	0.0	0.02966301	-0.119811705	1.024960755	3.6166199999999997	1.63282	-3.2045999999999997	3190582.0	1776544770.924377	0.0	1.0	-1.0	-1.0	-1.0	-1.0	-1.0	-1.0	-1.0	-1.0	0.0	marker	opened-hand	Open	11	0418
-66377.655	-53291.34	-101944.08	-17686.395	0.0	0.0	0.0	0.0	0.0	0.0	0.0	0.0	0.0	0.0	0.0	0.0	0.0	0.0	146.13793103448276	0.0	0.02966301	-0.119811705	1.024960755	3.6166199999999997	1.63282	-3.2045999999999997	3190583.0	1776544770.924382	0.0	1.0	-1.0	-1.0	-1.0	-1.0	-1.0	-1.0	-1.0	-1.0	0.0	marker	opened-hand	Open	11	0418
-66262.77	-53283.42	-101882.25	-17627.715	0.0	0.0	0.0	0.0	0.0	0.0	0.0	0.0	0.0	0.0	0.0	0.0	0.0	0.0	146.13793103448276	0.0	0.010986300000000001	-0.135802875	1.027890435	10.0716	0.56462	-3.7386999999999997	3190584.0	1776544770.924387	0.0	1.0	-1.0	-1.0	-1.0	-1.0	-1.0	-1.0	-1.0	-1.0	0.0	marker	opened-hand	Open	11	0418
-66596.985	-53294.939999999995	-102195.72	-17855.37	0.0	0.0	0.0	0.0	0.0	0.0	0.0	0.0	0.0	0.0	0.0	0.0	0.0	0.0	146.13793103448276	0.0	0.010986300000000001	-0.135802875	1.027890435	10.0716	0.56462	-3.7386999999999997	3190585.0	1776544770.92439	0.0	1.0	-1.0	-1.0	-1.0	-1.0	-1.0	-1.0	-1.0	-1.0	0.0	marker	opened-hand	Open	11	0418
-66877.73999999999	-53311.229999999996	-102456.135	-18148.545	0.0	0.0	0.0	0.0	0.0	0.0	0.0	0.0	0.0	0.0	0.0	0.0	0.0	0.0	146.13793103448276	0.0	0.010986300000000001	-0.135802875	1.027890435	10.0716	0.56462	-3.7386999999999997	3190586.0	1776544770.927188	0.0	1.0	-1.0	-1.0	-1.0	-1.0	-1.0	-1.0	-1.0	-1.0	0.0	marker	opened-hand	Open	11	0418
-66698.45999999999	-53306.189999999995	-102355.515	-18043.92	0.0	0.0	0.0	0.0	0.0	0.0	0.0	0.0	0.0	0.0	0.0	0.0	0.0	0.0	146.13793103448276	0.0	0.010986300000000001	-0.135802875	1.027890435	10.0716	0.56462	-3.7386999999999997	3190587.0	1776544770.927192	0.0	1.0	-1.0	-1.0	-1.0	-1.0	-1.0	-1.0	-1.0	-1.0	0.0	marker	opened-hand	Open	11	0418
-66542.44499999999	-53285.67	-102175.605	-17879.94	0.0	0.0	0.0	0.0	0.0	0.0	0.0	0.0	0.0	0.0	0.0	0.0	0.0	0.0	146.13793103448276	0.0	0.010986300000000001	-0.135802875	1.027890435	10.0716	0.56462	-3.7386999999999997	3190588.0	1776544770.931202	0.0	1.0	-1.0	-1.0	-1.0	-1.0	-1.0	-1.0	-1.0	-1.0	0.0	marker	opened-hand	Open	11	0418
-66606.56999999999	-53277.884999999995	-102069.62999999999	-17804.07	0.0	0.0	0.0	0.0	0.0	0.0	0.0	0.0	0.0	0.0	0.0	0.0	0.0	0.0	146.13793103448276	0.0	0.010986300000000001	-0.135802875	1.027890435	10.0716	0.56462	-3.7386999999999997	3190589.0	1776544770.931217	0.0	1.0	-1.0	-1.0	-1.0	-1.0	-1.0	-1.0	-1.0	-1.0	0.0	marker	opened-hand	Open	11	0418
-66628.665	-53277.884999999995	-101962.53	-17672.805	0.0	0.0	0.0	0.0	0.0	0.0	0.0	0.0	0.0	0.0	0.0	0.0	0.0	0.0	146.13793103448276	0.0	0.010986300000000001	-0.135802875	1.027890435	10.0716	0.56462	-3.7386999999999997	3190590.0	1776544770.938206	0.0	1.0	-1.0	-1.0	-1.0	-1.0	-1.0	-1.0	-1.0	-1.0	0.0	marker	opened-hand	Open	11	0418
-66422.34	-53262.765	-101917.305	-17599.995	0.0	0.0	0.0	0.0	0.0	0.0	0.0	0.0	0.0	0.0	0.0	0.0	0.0	0.0	146.13793103448276	0.0	0.010986300000000001	-0.135802875	1.027890435	10.0716	0.56462	-3.7386999999999997	3190591.0	1776544770.938223	0.0	1.0	-1.0	-1.0	-1.0	-1.0	-1.0	-1.0	-1.0	-1.0	0.0	marker	opened-hand	Open	11	0418
-66703.05	-53288.415	-102348.18	-17961.614999999998	0.0	0.0	0.0	0.0	0.0	0.0	0.0	0.0	0.0	0.0	0.0	0.0	0.0	0.0	146.13793103448276	0.0	0.010986300000000001	-0.135802875	1.027890435	10.0716	0.56462	-3.7386999999999997	3190592.0	1776544770.939215	0.0	1.0	-1.0	-1.0	-1.0	-1.0	-1.0	-1.0	-1.0	-1.0	0.0	marker	opened-hand	Open	11	0418
-66837.285	-53308.845	-102561.93	-18286.605	0.0	0.0	0.0	0.0	0.0	0.0	0.0	0.0	0.0	0.0	0.0	0.0	0.0	0.0	146.13793103448276	0.0	0.010986300000000001	-0.135802875	1.027890435	10.0716	0.56462	-3.7386999999999997	3190593.0	1776544770.939229	0.0	1.0	-1.0	-1.0	-1.0	-1.0	-1.0	-1.0	-1.0	-1.0	0.0	marker	opened-hand	Open	11	0418
-66820.905	-53309.79	-102419.955	-18204.795	0.0	0.0	0.0	0.0	0.0	0.0	0.0	0.0	0.0	0.0	0.0	0.0	0.0	0.0	146.13793103448276	0.0	0.000793455	-0.12316863	1.028744925	8.36248	-1.0682	-5.1121	3190594.0	1776544770.943265	0.0	1.0	-1.0	-1.0	-1.0	-1.0	-1.0	-1.0	-1.0	-1.0	0.0	marker	opened-hand	Open	11	0418
-66706.11	-53299.17	-102218.985	-17933.309999999998	0.0	0.0	0.0	0.0	0.0	0.0	0.0	0.0	0.0	0.0	0.0	0.0	0.0	0.0	146.13793103448276	0.0	0.000793455	-0.12316863	1.028744925	8.36248	-1.0682	-5.1121	3190595.0	1776544770.943268	0.0	1.0	-1.0	-1.0	-1.0	-1.0	-1.0	-1.0	-1.0	-1.0	0.0	marker	opened-hand	Open	11	0418
-66684.23999999999	-53305.29	-102166.605	-17855.91	0.0	0.0	0.0	0.0	0.0	0.0	0.0	0.0	0.0	0.0	0.0	0.0	0.0	0.0	146.13793103448276	0.0	0.000793455	-0.12316863	1.028744925	8.36248	-1.0682	-5.1121	3190596.0	1776544770.94731	0.0	1.0	-1.0	-1.0	-1.0	-1.0	-1.0	-1.0	-1.0	-1.0	0.0	marker	opened-hand	Open	11	0418
-66364.83	-53298.99	-101900.565	-17643.825	0.0	0.0	0.0	0.0	0.0	0.0	0.0	0.0	0.0	0.0	0.0	0.0	0.0	0.0	146.13793103448276	0.0	0.000793455	-0.12316863	1.028744925	8.36248	-1.0682	-5.1121	3190597.0	1776544770.947324	0.0	1.0	-1.0	-1.0	-1.0	-1.0	-1.0	-1.0	-1.0	-1.0	0.0	marker	opened-hand	Open	11	0418
-66296.565	-53296.875	-101929.68	-17628.795	0.0	0.0	0.0	0.0	0.0	0.0	0.0	0.0	0.0	0.0	0.0	0.0	0.0	0.0	146.13793103448276	0.0	0.000793455	-0.12316863	1.028744925	8.36248	-1.0682	-5.1121	3190598.0	1776544770.951285	0.0	1.0	-1.0	-1.0	-1.0	-1.0	-1.0	-1.0	-1.0	-1.0	0.0	marker	opened-hand	Open	11	0418
-66810.015	-53321.13	-102294.26999999999	-17931.329999999998	0.0	0.0	0.0	0.0	0.0	0.0	0.0	0.0	0.0	0.0	0.0	0.0	0.0	0.0	146.13793103448276	0.0	0.000793455	-0.12316863	1.028744925	8.36248	-1.0682	-5.1121	3190599.0	1776544770.9513	0.0	1.0	-1.0	-1.0	-1.0	-1.0	-1.0	-1.0	-1.0	-1.0	0.0	marker	opened-hand	Open	11	0418
-66870.405	-53329.229999999996	-102469.95	-18161.73	0.0	0.0	0.0	0.0	0.0	0.0	0.0	0.0	0.0	0.0	0.0	0.0	0.0	0.0	146.13793103448276	0.0	0.000793455	-0.12316863	1.028744925	8.36248	-1.0682	-5.1121	3190600.0	1776544770.955251	0.0	1.0	-1.0	-1.0	-1.0	-1.0	-1.0	-1.0	-1.0	-1.0	0.0	marker	opened-hand	Open	11	0418
-66798.315	-53314.875	-102326.48999999999	-18026.055	0.0	0.0	0.0	0.0	0.0	0.0	0.0	0.0	0.0	0.0	0.0	0.0	0.0	0.0	146.13793103448276	0.0	0.000793455	-0.12316863	1.028744925	8.36248	-1.0682	-5.1121	3190601.0	1776544770.955265	0.0	1.0	-1.0	-1.0	-1.0	-1.0	-1.0	-1.0	-1.0	-1.0	0.0	marker	opened-hand	Open	11	0418
-66438.27	-53280.945	-101982.19499999999	-17757.855	0.0	0.0	0.0	0.0	0.0	0.0	0.0	0.0	0.0	0.0	0.0	0.0	0.0	0.0	146.13793103448276	0.0	0.000793455	-0.12316863	1.028744925	8.36248	-1.0682	-5.1121	3190602.0	1776544770.959325	0.0	1.0	-1.0	-1.0	-1.0	-1.0	-1.0	-1.0	-1.0	-1.0	0.0	marker	opened-hand	Open	11	0418
-66402.495	-53266.095	-101947.905	-17689.14	0.0	0.0	0.0	0.0	0.0	0.0	0.0	0.0	0.0	0.0	0.0	0.0	0.0	0.0	146.13793103448276	0.0	0.000793455	-0.12316863	1.028744925	8.36248	-1.0682	-5.1121	3190603.0	1776544770.95934	0.0	1.0	-1.0	-1.0	-1.0	-1.0	-1.0	-1.0	-1.0	-1.0	0.0	marker	opened-hand	Open	11	0418
-66698.595	-53283.015	-102308.04	-17949.51	0.0	0.0	0.0	0.0	0.0	0.0	0.0	0.0	0.0	0.0	0.0	0.0	0.0	0.0	146.13793103448276	0.0	0.002624505	-0.07617168	1.022397285	0.13734	-1.78542	-1.38866	3190604.0	1776544770.963618	0.0	1.0	-1.0	-1.0	-1.0	-1.0	-1.0	-1.0	-1.0	-1.0	0.0	marker	opened-hand	Open	11	0418
-66699.09	-53294.715	-102272.44499999999	-17931.42	0.0	0.0	0.0	0.0	0.0	0.0	0.0	0.0	0.0	0.0	0.0	0.0	0.0	0.0	146.13793103448276	0.0	0.002624505	-0.07617168	1.022397285	0.13734	-1.78542	-1.38866	3190605.0	1776544770.963633	0.0	1.0	-1.0	-1.0	-1.0	-1.0	-1.0	-1.0	-1.0	-1.0	0.0	marker	opened-hand	Open	11	0418
-66548.7	-53296.965	-102187.17	-17856.27	0.0	0.0	0.0	0.0	0.0	0.0	0.0	0.0	0.0	0.0	0.0	0.0	0.0	0.0	146.13793103448276	0.0	0.002624505	-0.07617168	1.022397285	0.13734	-1.78542	-1.38866	3190606.0	1776544770.967523	0.0	1.0	-1.0	-1.0	-1.0	-1.0	-1.0	-1.0	-1.0	-1.0	0.0	marker	opened-hand	Open	11	0418
-66448.98	-53296.244999999995	-102119.625	-17800.335	0.0	0.0	0.0	0.0	0.0	0.0	0.0	0.0	0.0	0.0	0.0	0.0	0.0	0.0	146.13793103448276	0.0	0.002624505	-0.07617168	1.022397285	0.13734	-1.78542	-1.38866	3190607.0	1776544770.967537	0.0	1.0	-1.0	-1.0	-1.0	-1.0	-1.0	-1.0	-1.0	-1.0	0.0	marker	opened-hand	Open	11	0418
-66483.315	-53289.585	-102014.415	-17725.725	0.0	0.0	0.0	0.0	0.0	0.0	0.0	0.0	0.0	0.0	0.0	0.0	0.0	0.0	146.13793103448276	0.0	0.002624505	-0.07617168	1.022397285	0.13734	-1.78542	-1.38866	3190608.0	1776544770.973255	0.0	1.0	-1.0	-1.0	-1.0	-1.0	-1.0	-1.0	-1.0	-1.0	0.0	marker	opened-hand	Open	11	0418
-66751.38	-53296.695	-102263.12999999999	-17936.954999999998	0.0	0.0	0.0	0.0	0.0	0.0	0.0	0.0	0.0	0.0	0.0	0.0	0.0	0.0	146.13793103448276	0.0	0.002624505	-0.07617168	1.022397285	0.13734	-1.78542	-1.38866	3190609.0	1776544770.97327	0.0	1.0	-1.0	-1.0	-1.0	-1.0	-1.0	-1.0	-1.0	-1.0	0.0	marker	opened-hand	Open	11	0418
-66532.36499999999	-53276.354999999996	-102129.12	-17814.375	0.0	0.0	0.0	0.0	0.0	0.0	0.0	0.0	0.0	0.0	0.0	0.0	0.0	0.0	146.13793103448276	0.0	0.002624505	-0.07617168	1.022397285	0.13734	-1.78542	-1.38866	3190610.0	1776544770.977571	0.0	1.0	-1.0	-1.0	-1.0	-1.0	-1.0	-1.0	-1.0	-1.0	0.0	marker	opened-hand	Open	11	0418
-66339.315	-53247.24	-101801.51999999999	-17460.045	0.0	0.0	0.0	0.0	0.0	0.0	0.0	0.0	0.0	0.0	0.0	0.0	0.0	0.0	146.13793103448276	0.0	0.002624505	-0.07617168	1.022397285	0.13734	-1.78542	-1.38866	3190611.0	1776544770.977585	0.0	1.0	-1.0	-1.0	-1.0	-1.0	-1.0	-1.0	-1.0	-1.0	0.0	marker	opened-hand	Open	11	0418
-66604.36499999999	-53258.895	-102117.105	-17810.415	0.0	0.0	0.0	0.0	0.0	0.0	0.0	0.0	0.0	0.0	0.0	0.0	0.0	0.0	146.13793103448276	0.0	0.002624505	-0.07617168	1.022397285	0.13734	-1.78542	-1.38866	3190612.0	1776544770.980527	0.0	1.0	-1.0	-1.0	-1.0	-1.0	-1.0	-1.0	-1.0	-1.0	0.0	marker	opened-hand	Open	11	0418
-66666.19499999999	-53267.715	-102249.0	-17953.559999999998	0.0	0.0	0.0	0.0	0.0	0.0	0.0	0.0	0.0	0.0	0.0	0.0	0.0	0.0	146.13793103448276	0.0	0.002624505	-0.07617168	1.022397285	0.13734	-1.78542	-1.38866	3190613.0	1776544770.980541	0.0	1.0	-1.0	-1.0	-1.0	-1.0	-1.0	-1.0	-1.0	-1.0	0.0	marker	opened-hand	Open	11	0418
-66652.605	-53284.095	-102253.68	-17958.735	0.0	0.0	0.0	0.0	0.0	0.0	0.0	0.0	0.0	0.0	0.0	0.0	0.0	0.0	146.13793103448276	0.0	0.011413545	-0.057433935	1.01989485	-9.55276	-3.0977799999999998	-2.18218	3190614.0	1776544770.983867	0.0	1.0	-1.0	-1.0	-1.0	-1.0	-1.0	-1.0	-1.0	-1.0	0.0	marker	opened-hand	Open	11	0418
-66604.545	-53300.97	-102173.265	-17848.665	0.0	0.0	0.0	0.0	0.0	0.0	0.0	0.0	0.0	0.0	0.0	0.0	0.0	0.0	146.13793103448276	0.0	0.011413545	-0.057433935	1.01989485	-9.55276	-3.0977799999999998	-2.18218	3190615.0	1776544770.983881	0.0	1.0	-1.0	-1.0	-1.0	-1.0	-1.0	-1.0	-1.0	-1.0	0.0	marker	opened-hand	Open	11	0418
-66401.86499999999	-53296.11	-101896.785	-17576.774999999998	0.0	0.0	0.0	0.0	0.0	0.0	0.0	0.0	0.0	0.0	0.0	0.0	0.0	0.0	146.13793103448276	0.0	0.011413545	-0.057433935	1.01989485	-9.55276	-3.0977799999999998	-2.18218	3190616.0	1776544770.987382	0.0	1.0	-1.0	-1.0	-1.0	-1.0	-1.0	-1.0	-1.0	-1.0	0.0	marker	opened-hand	Open	11	0418
-66736.89	-53320.905	-102261.78	-17922.645	0.0	0.0	0.0	0.0	0.0	0.0	0.0	0.0	0.0	0.0	0.0	0.0	0.0	0.0	146.13793103448276	0.0	0.011413545	-0.057433935	1.01989485	-9.55276	-3.0977799999999998	-2.18218	3190617.0	1776544770.987397	0.0	1.0	-1.0	-1.0	-1.0	-1.0	-1.0	-1.0	-1.0	-1.0	0.0	marker	opened-hand	Open	11	0418
-66867.12	-53332.29	-102461.175	-18142.469999999998	0.0	0.0	0.0	0.0	0.0	0.0	0.0	0.0	0.0	0.0	0.0	0.0	0.0	0.0	146.13793103448276	0.0	0.011413545	-0.057433935	1.01989485	-9.55276	-3.0977799999999998	-2.18218	3190618.0	1776544770.998139	0.0	1.0	-1.0	-1.0	-1.0	-1.0	-1.0	-1.0	-1.0	-1.0	0.0	marker	opened-hand	Open	11	0418
-66761.505	-53330.715	-102319.245	-17934.885	0.0	0.0	0.0	0.0	0.0	0.0	0.0	0.0	0.0	0.0	0.0	0.0	0.0	0.0	146.13793103448276	0.0	0.011413545	-0.057433935	1.01989485	-9.55276	-3.0977799999999998	-2.18218	3190619.0	1776544770.998143	0.0	1.0	-1.0	-1.0	-1.0	-1.0	-1.0	-1.0	-1.0	-1.0	0.0	marker	opened-hand	Open	11	0418
-66549.78	-53317.53	-101945.025	-17536.995	0.0	0.0	0.0	0.0	0.0	0.0	0.0	0.0	0.0	0.0	0.0	0.0	0.0	0.0	146.13793103448276	0.0	0.011413545	-0.057433935	1.01989485	-9.55276	-3.0977799999999998	-2.18218	3190620.0	1776544771.001259	0.0	1.0	-1.0	-1.0	-1.0	-1.0	-1.0	-1.0	-1.0	-1.0	0.0	marker	opened-hand	Open	11	0418
-66580.605	-53319.284999999996	-101954.11499999999	-17503.92	0.0	0.0	0.0	0.0	0.0	0.0	0.0	0.0	0.0	0.0	0.0	0.0	0.0	0.0	146.13793103448276	0.0	0.011413545	-0.057433935	1.01989485	-9.55276	-3.0977799999999998	-2.18218	3190621.0	1776544771.001273	0.0	1.0	-1.0	-1.0	-1.0	-1.0	-1.0	-1.0	-1.0	-1.0	0.0	marker	opened-hand	Open	11	0418
-66734.775	-53347.049999999996	-102265.83	-17891.864999999998	0.0	0.0	0.0	0.0	0.0	0.0	0.0	0.0	0.0	0.0	0.0	0.0	0.0	0.0	146.13793103448276	0.0	0.011413545	-0.057433935	1.01989485	-9.55276	-3.0977799999999998	-2.18218	3190622.0	1776544771.001295	0.0	1.0	-1.0	-1.0	-1.0	-1.0	-1.0	-1.0	-1.0	-1.0	0.0	marker	opened-hand	Open	11	0418
-66664.53	-53354.43	-102271.59	-17984.34	0.0	0.0	0.0	0.0	0.0	0.0	0.0	0.0	0.0	0.0	0.0	0.0	0.0	0.0	146.13793103448276	0.0	0.011413545	-0.057433935	1.01989485	-9.55276	-3.0977799999999998	-2.18218	3190623.0	1776544771.001301	0.0	1.0	-1.0	-1.0	-1.0	-1.0	-1.0	-1.0	-1.0	-1.0	0.0	marker	opened-hand	Open	11	0418
-66674.295	-53351.775	-102249.26999999999	-18035.505	0.0	0.0	0.0	0.0	0.0	0.0	0.0	0.0	0.0	0.0	0.0	0.0	0.0	0.0	146.13793103448276	0.0	0.019348095	-0.06378157500000001	1.0229466	-17.884719999999998	-3.78448	0.6714399999999999	3190624.0	1776544771.004349	0.0	1.0	-1.0	-1.0	-1.0	-1.0	-1.0	-1.0	-1.0	-1.0	0.0	marker	opened-hand	Open	11	0418
-66749.58	-53345.43	-102259.34999999999	-17988.704999999998	0.0	0.0	0.0	0.0	0.0	0.0	0.0	0.0	0.0	0.0	0.0	0.0	0.0	0.0	146.13793103448276	0.0	0.019348095	-0.06378157500000001	1.0229466	-17.884719999999998	-3.78448	0.6714399999999999	3190625.0	1776544771.004364	0.0	1.0	-1.0	-1.0	-1.0	-1.0	-1.0	-1.0	-1.0	-1.0	0.0	marker	opened-hand	Open	11	0418
-66598.605	-53329.5	-102048.795	-17799.66	0.0	0.0	0.0	0.0	0.0	0.0	0.0	0.0	0.0	0.0	0.0	0.0	0.0	0.0	146.13793103448276	0.0	0.019348095	-0.06378157500000001	1.0229466	-17.884719999999998	-3.78448	0.6714399999999999	3190626.0	1776544771.007485	0.0	1.0	-1.0	-1.0	-1.0	-1.0	-1.0	-1.0	-1.0	-1.0	0.0	marker	opened-hand	Open	11	0418
-66276.72	-53311.005	-101768.48999999999	-17475.48	0.0	0.0	0.0	0.0	0.0	0.0	0.0	0.0	0.0	0.0	0.0	0.0	0.0	0.0	146.13793103448276	0.0	0.019348095	-0.06378157500000001	1.0229466	-17.884719999999998	-3.78448	0.6714399999999999	3190627.0	1776544771.0075	0.0	1.0	-1.0	-1.0	-1.0	-1.0	-1.0	-1.0	-1.0	-1.0	0.0	marker	opened-hand	Open	11	0418
-66436.155	-53324.549999999996	-102135.69	-17658.989999999998	0.0	0.0	0.0	0.0	0.0	0.0	0.0	0.0	0.0	0.0	0.0	0.0	0.0	0.0	146.13793103448276	0.0	0.019348095	-0.06378157500000001	1.0229466	-17.884719999999998	-3.78448	0.6714399999999999	3190628.0	1776544771.011541	0.0	1.0	-1.0	-1.0	-1.0	-1.0	-1.0	-1.0	-1.0	-1.0	0.0	marker	opened-hand	Open	11	0418
-66778.65	-53346.195	-102349.39499999999	-17917.065	0.0	0.0	0.0	0.0	0.0	0.0	0.0	0.0	0.0	0.0	0.0	0.0	0.0	0.0	146.13793103448276	0.0	0.019348095	-0.06378157500000001	1.0229466	-17.884719999999998	-3.78448	0.6714399999999999	3190629.0	1776544771.011555	0.0	1.0	-1.0	-1.0	-1.0	-1.0	-1.0	-1.0	-1.0	-1.0	0.0	marker	opened-hand	Open	11	0418
-66588.705	-53341.02	-102121.33499999999	-17861.04	0.0	0.0	0.0	0.0	0.0	0.0	0.0	0.0	0.0	0.0	0.0	0.0	0.0	0.0	146.13793103448276	0.0	0.019348095	-0.06378157500000001	1.0229466	-17.884719999999998	-3.78448	0.6714399999999999	3190630.0	1776544771.015898	0.0	1.0	-1.0	-1.0	-1.0	-1.0	-1.0	-1.0	-1.0	-1.0	0.0	marker	opened-hand	Open	11	0418
-66225.015	-53317.485	-101777.67	-17609.94	0.0	0.0	0.0	0.0	0.0	0.0	0.0	0.0	0.0	0.0	0.0	0.0	0.0	0.0	146.13793103448276	0.0	0.019348095	-0.06378157500000001	1.0229466	-17.884719999999998	-3.78448	0.6714399999999999	3190631.0	1776544771.015903	0.0	1.0	-1.0	-1.0	-1.0	-1.0	-1.0	-1.0	-1.0	-1.0	0.0	marker	opened-hand	Open	11	0418
-66028.59	-53309.295	-101607.61499999999	-17406.045	0.0	0.0	0.0	0.0	0.0	0.0	0.0	0.0	0.0	0.0	0.0	0.0	0.0	0.0	146.13793103448276	0.0	0.019348095	-0.06378157500000001	1.0229466	-17.884719999999998	-3.78448	0.6714399999999999	3190632.0	1776544771.01955	0.0	1.0	-1.0	-1.0	-1.0	-1.0	-1.0	-1.0	-1.0	-1.0	0.0	marker	opened-hand	Open	11	0418
-66545.055	-53347.454999999994	-102134.11499999999	-17840.204999999998	0.0	0.0	0.0	0.0	0.0	0.0	0.0	0.0	0.0	0.0	0.0	0.0	0.0	0.0	146.13793103448276	0.0	0.019348095	-0.06378157500000001	1.0229466	-17.884719999999998	-3.78448	0.6714399999999999	3190633.0	1776544771.019565	0.0	1.0	-1.0	-1.0	-1.0	-1.0	-1.0	-1.0	-1.0	-1.0	0.0	marker	opened-hand	Open	11	0418
-67119.61499999999	-53394.84	-102776.12999999999	-18395.64	0.0	0.0	0.0	0.0	0.0	0.0	0.0	0.0	0.0	0.0	0.0	0.0	0.0	0.0	146.13793103448276	0.0	0.00769041	-0.057556005	1.03527567	-17.961019999999998	-6.66862	2.48738	3190634.0	1776544771.023599	0.0	1.0	-1.0	-1.0	-1.0	-1.0	-1.0	-1.0	-1.0	-1.0	0.0	marker	opened-hand	Open	11	0418
-66860.415	-53375.534999999996	-102531.33	-18209.79	0.0	0.0	0.0	0.0	0.0	0.0	0.0	0.0	0.0	0.0	0.0	0.0	0.0	0.0	146.13793103448276	0.0	0.00769041	-0.057556005	1.03527567	-17.961019999999998	-6.66862	2.48738	3190635.0	1776544771.023614	0.0	1.0	-1.0	-1.0	-1.0	-1.0	-1.0	-1.0	-1.0	-1.0	0.0	marker	opened-hand	Open	11	0418
-66737.88	-53351.369999999995	-102284.73	-17966.745	0.0	0.0	0.0	0.0	0.0	0.0	0.0	0.0	0.0	0.0	0.0	0.0	0.0	0.0	146.13793103448276	0.0	0.00769041	-0.057556005	1.03527567	-17.961019999999998	-6.66862	2.48738	3190636.0	1776544771.027553	0.0	1.0	-1.0	-1.0	-1.0	-1.0	-1.0	-1.0	-1.0	-1.0	0.0	marker	opened-hand	Open	11	0418
-66858.66	-53351.28	-102435.345	-18093.69	0.0	0.0	0.0	0.0	0.0	0.0	0.0	0.0	0.0	0.0	0.0	0.0	0.0	0.0	146.13793103448276	0.0	0.00769041	-0.057556005	1.03527567	-17.961019999999998	-6.66862	2.48738	3190637.0	1776544771.027568	0.0	1.0	-1.0	-1.0	-1.0	-1.0	-1.0	-1.0	-1.0	-1.0	0.0	marker	opened-hand	Open	11	0418
-66830.58	-53351.055	-102505.815	-18135.585	0.0	0.0	0.0	0.0	0.0	0.0	0.0	0.0	0.0	0.0	0.0	0.0	0.0	0.0	146.13793103448276	0.0	0.00769041	-0.057556005	1.03527567	-17.961019999999998	-6.66862	2.48738	3190638.0	1776544771.03152	0.0	1.0	-1.0	-1.0	-1.0	-1.0	-1.0	-1.0	-1.0	-1.0	0.0	marker	opened-hand	Open	11	0418
-66709.215	-53340.615	-102304.17	-17963.415	0.0	0.0	0.0	0.0	0.0	0.0	0.0	0.0	0.0	0.0	0.0	0.0	0.0	0.0	146.13793103448276	0.0	0.00769041	-0.057556005	1.03527567	-17.961019999999998	-6.66862	2.48738	3190639.0	1776544771.031535	0.0	1.0	-1.0	-1.0	-1.0	-1.0	-1.0	-1.0	-1.0	-1.0	0.0	marker	opened-hand	Open	11	0418
-66362.13	-53247.465	-101870.325	-17617.32	0.0	0.0	0.0	0.0	0.0	0.0	0.0	0.0	0.0	0.0	0.0	0.0	0.0	0.0	146.13793103448276	0.0	0.00769041	-0.057556005	1.03527567	-17.961019999999998	-6.66862	2.48738	3190640.0	1776544771.035526	0.0	1.0	-1.0	-1.0	-1.0	-1.0	-1.0	-1.0	-1.0	-1.0	0.0	marker	opened-hand	Open	11	0418
-66444.255	-53177.939999999995	-101909.51999999999	-17605.845	0.0	0.0	0.0	0.0	0.0	0.0	0.0	0.0	0.0	0.0	0.0	0.0	0.0	0.0	146.13793103448276	0.0	0.00769041	-0.057556005	1.03527567	-17.961019999999998	-6.66862	2.48738	3190641.0	1776544771.035541	0.0	1.0	-1.0	-1.0	-1.0	-1.0	-1.0	-1.0	-1.0	-1.0	0.0	marker	opened-hand	Open	11	0418
-66849.20999999999	-53210.564999999995	-102445.605	-18019.98	0.0	0.0	0.0	0.0	0.0	0.0	0.0	0.0	0.0	0.0	0.0	0.0	0.0	0.0	146.13793103448276	0.0	0.00769041	-0.057556005	1.03527567	-17.961019999999998	-6.66862	2.48738	3190642.0	1776544771.039693	0.0	1.0	-1.0	-1.0	-1.0	-1.0	-1.0	-1.0	-1.0	-1.0	0.0	marker	opened-hand	Open	11	0418
-66527.595	-53197.29	-102294.62999999999	-17946.719999999998	0.0	0.0	0.0	0.0	0.0	0.0	0.0	0.0	0.0	0.0	0.0	0.0	0.0	0.0	146.13793103448276	0.0	0.00769041	-0.057556005	1.03527567	-17.961019999999998	-6.66862	2.48738	3190643.0	1776544771.039708	0.0	1.0	-1.0	-1.0	-1.0	-1.0	-1.0	-1.0	-1.0	-1.0	0.0	marker	opened-hand	Open	11	0418
-66297.375	-53171.189999999995	-101894.89499999999	-17575.155	0.0	0.0	0.0	0.0	0.0	0.0	0.0	0.0	0.0	0.0	0.0	0.0	0.0	0.0	146.27586206896555	0.0	0.017394975	-0.047973510000000004	1.020688305	-14.466479999999999	-6.07348	6.027699999999999	3190644.0	1776544771.043664	0.0	1.0	-1.0	-1.0	-1.0	-1.0	-1.0	-1.0	-1.0	-1.0	0.0	marker	opened-hand	Open	11	0418
-66542.985	-53187.435	-102171.465	-17844.344999999998	0.0	0.0	0.0	0.0	0.0	0.0	0.0	0.0	0.0	0.0	0.0	0.0	0.0	0.0	146.27586206896555	0.0	0.017394975	-0.047973510000000004	1.020688305	-14.466479999999999	-6.07348	6.027699999999999	3190645.0	1776544771.043679	0.0	1.0	-1.0	-1.0	-1.0	-1.0	-1.0	-1.0	-1.0	-1.0	0.0	marker	opened-hand	Open	11	0418
-66565.935	-53191.259999999995	-102180.64499999999	-17849.07	0.0	0.0	0.0	0.0	0.0	0.0	0.0	0.0	0.0	0.0	0.0	0.0	0.0	0.0	146.27586206896555	0.0	0.017394975	-0.047973510000000004	1.020688305	-14.466479999999999	-6.07348	6.027699999999999	3190646.0	1776544771.048707	0.0	1.0	-1.0	-1.0	-1.0	-1.0	-1.0	-1.0	-1.0	-1.0	0.0	marker	opened-hand	Open	11	0418
-66821.355	-53211.825	-102293.86499999999	-18009.855	0.0	0.0	0.0	0.0	0.0	0.0	0.0	0.0	0.0	0.0	0.0	0.0	0.0	0.0	146.27586206896555	0.0	0.017394975	-0.047973510000000004	1.020688305	-14.466479999999999	-6.07348	6.027699999999999	3190647.0	1776544771.048714	0.0	1.0	-1.0	-1.0	-1.0	-1.0	-1.0	-1.0	-1.0	-1.0	0.0	marker	opened-hand	Open	11	0418
-66725.145	-53211.6	-102183.525	-17903.114999999998	0.0	0.0	0.0	0.0	0.0	0.0	0.0	0.0	0.0	0.0	0.0	0.0	0.0	0.0	146.27586206896555	0.0	0.017394975	-0.047973510000000004	1.020688305	-14.466479999999999	-6.07348	6.027699999999999	3190648.0	1776544771.053114	0.0	1.0	-1.0	-1.0	-1.0	-1.0	-1.0	-1.0	-1.0	-1.0	0.0	marker	opened-hand	Open	11	0418
-66679.33499999999	-53216.145	-102317.67	-18008.1	0.0	0.0	0.0	0.0	0.0	0.0	0.0	0.0	0.0	0.0	0.0	0.0	0.0	0.0	146.27586206896555	0.0	0.017394975	-0.047973510000000004	1.020688305	-14.466479999999999	-6.07348	6.027699999999999	3190649.0	1776544771.053143	0.0	1.0	-1.0	-1.0	-1.0	-1.0	-1.0	-1.0	-1.0	-1.0	0.0	marker	opened-hand	Open	11	0418
-66787.73999999999	-53215.155	-102397.95	-18065.475	0.0	0.0	0.0	0.0	0.0	0.0	0.0	0.0	0.0	0.0	0.0	0.0	0.0	0.0	146.27586206896555	0.0	0.017394975	-0.047973510000000004	1.020688305	-14.466479999999999	-6.07348	6.027699999999999	3190650.0	1776544771.055682	0.0	1.0	-1.0	-1.0	-1.0	-1.0	-1.0	-1.0	-1.0	-1.0	0.0	marker	opened-hand	Open	11	0418
-66769.92	-53198.1	-102396.555	-18072.18	0.0	0.0	0.0	0.0	0.0	0.0	0.0	0.0	0.0	0.0	0.0	0.0	0.0	0.0	146.27586206896555	0.0	0.017394975	-0.047973510000000004	1.020688305	-14.466479999999999	-6.07348	6.027699999999999	3190651.0	1776544771.055697	0.0	1.0	-1.0	-1.0	-1.0	-1.0	-1.0	-1.0	-1.0	-1.0	0.0	marker	opened-hand	Open	11	0418
-66816.045	-53182.439999999995	-102474.09	-18125.64	0.0	0.0	0.0	0.0	0.0	0.0	0.0	0.0	0.0	0.0	0.0	0.0	0.0	0.0	146.27586206896555	0.0	0.017394975	-0.047973510000000004	1.020688305	-14.466479999999999	-6.07348	6.027699999999999	3190652.0	1776544771.062001	0.0	1.0	-1.0	-1.0	-1.0	-1.0	-1.0	-1.0	-1.0	-1.0	0.0	marker	opened-hand	Open	11	0418
-66615.12	-53167.095	-102280.36499999999	-17963.505	0.0	0.0	0.0	0.0	0.0	0.0	0.0	0.0	0.0	0.0	0.0	0.0	0.0	0.0	146.27586206896555	0.0	0.017394975	-0.047973510000000004	1.020688305	-14.466479999999999	-6.07348	6.027699999999999	3190653.0	1776544771.062016	0.0	1.0	-1.0	-1.0	-1.0	-1.0	-1.0	-1.0	-1.0	-1.0	0.0	marker	opened-hand	Open	11	0418
-66295.89	-53147.744999999995	-101702.925	-17462.655	0.0	0.0	0.0	0.0	0.0	0.0	0.0	0.0	0.0	0.0	0.0	0.0	0.0	0.0	146.27586206896555	0.0	0.065978835	-0.031310955	0.989926665	-11.93332	-0.94612	13.581399999999999	3190654.0	1776544771.063617	0.0	1.0	-1.0	-1.0	-1.0	-1.0	-1.0	-1.0	-1.0	-1.0	0.0	marker	opened-hand	Open	11	0418
-66535.875	-53166.329999999994	-101927.655	-17587.71	0.0	0.0	0.0	0.0	0.0	0.0	0.0	0.0	0.0	0.0	0.0	0.0	0.0	0.0	146.27586206896555	0.0	0.065978835	-0.031310955	0.989926665	-11.93332	-0.94612	13.581399999999999	3190655.0	1776544771.063631	0.0	1.0	-1.0	-1.0	-1.0	-1.0	-1.0	-1.0	-1.0	-1.0	0.0	marker	opened-hand	Open	11	0418
-66601.215	-53178.255	-102228.3	-17847.405	0.0	0.0	0.0	0.0	0.0	0.0	0.0	0.0	0.0	0.0	0.0	0.0	0.0	0.0	146.27586206896555	0.0	0.065978835	-0.031310955	0.989926665	-11.93332	-0.94612	13.581399999999999	3190656.0	1776544771.067602	0.0	1.0	-1.0	-1.0	-1.0	-1.0	-1.0	-1.0	-1.0	-1.0	0.0	marker	opened-hand	Open	11	0418
-66584.385	-53179.515	-102262.68	-17985.195	0.0	0.0	0.0	0.0	0.0	0.0	0.0	0.0	0.0	0.0	0.0	0.0	0.0	0.0	146.27586206896555	0.0	0.065978835	-0.031310955	0.989926665	-11.93332	-0.94612	13.581399999999999	3190657.0	1776544771.067617	0.0	1.0	-1.0	-1.0	-1.0	-1.0	-1.0	-1.0	-1.0	-1.0	0.0	marker	opened-hand	Open	11	0418
-66723.03	-53189.055	-102416.76	-18095.805	0.0	0.0	0.0	0.0	0.0	0.0	0.0	0.0	0.0	0.0	0.0	0.0	0.0	0.0	146.27586206896555	0.0	0.065978835	-0.031310955	0.989926665	-11.93332	-0.94612	13.581399999999999	3190658.0	1776544771.074827	0.0	1.0	-1.0	-1.0	-1.0	-1.0	-1.0	-1.0	-1.0	-1.0	0.0	marker	opened-hand	Open	11	0418
-66424.14	-53154.945	-101979.0	-17631.72	0.0	0.0	0.0	0.0	0.0	0.0	0.0	0.0	0.0	0.0	0.0	0.0	0.0	0.0	146.27586206896555	0.0	0.065978835	-0.031310955	0.989926665	-11.93332	-0.94612	13.581399999999999	3190659.0	1776544771.074842	0.0	1.0	-1.0	-1.0	-1.0	-1.0	-1.0	-1.0	-1.0	-1.0	0.0	marker	opened-hand	Open	11	0418
-66424.14	-53154.945	-101979.0	-17631.72	0.0	0.0	0.0	0.0	0.0	0.0	0.0	0.0	0.0	0.0	0.0	0.0	0.0	0.0	146.27586206896555	0.0	0.065978835	-0.031310955	0.989926665	-11.93332	-0.94612	13.581399999999999	3190660.0	1776544771.076529	0.0	1.0	-1.0	-1.0	-1.0	-1.0	-1.0	-1.0	-1.0	-1.0	0.0	marker	opened-hand	Open	11	0418
-66424.14	-53154.945	-101979.0	-17631.72	0.0	0.0	0.0	0.0	0.0	0.0	0.0	0.0	0.0	0.0	0.0	0.0	0.0	0.0	146.27586206896555	0.0	0.065978835	-0.031310955	0.989926665	-11.93332	-0.94612	13.581399999999999	3190661.0	1776544771.076539	0.0	1.0	-1.0	-1.0	-1.0	-1.0	-1.0	-1.0	-1.0	-1.0	0.0	marker	opened-hand	Open	11	0418
-66424.14	-53154.945	-101979.0	-17631.72	0.0	0.0	0.0	0.0	0.0	0.0	0.0	0.0	0.0	0.0	0.0	0.0	0.0	0.0	146.27586206896555	0.0	0.065978835	-0.031310955	0.989926665	-11.93332	-0.94612	13.581399999999999	3190662.0	1776544771.076545	0.0	1.0	-1.0	-1.0	-1.0	-1.0	-1.0	-1.0	-1.0	-1.0	0.0	marker	opened-hand	Open	11	0418
-66457.845	-53162.865	-102134.06999999999	-17825.85	0.0	0.0	0.0	0.0	0.0	0.0	0.0	0.0	0.0	0.0	0.0	0.0	0.0	0.0	146.27586206896555	0.0	0.069640935	-0.078796185	0.9903539100000001	-6.9433	0.4578	10.056339999999999	3190664.0	1776544771.083767	0.0	1.0	-1.0	-1.0	-1.0	-1.0	-1.0	-1.0	-1.0	-1.0	0.0	marker	opened-hand	Open	11	0418
-66738.465	-53199.765	-102436.245	-18123.12	0.0	0.0	0.0	0.0	0.0	0.0	0.0	0.0	0.0	0.0	0.0	0.0	0.0	0.0	146.27586206896555	0.0	0.069640935	-0.078796185	0.9903539100000001	-6.9433	0.4578	10.056339999999999	3190665.0	1776544771.083798	0.0	1.0	-1.0	-1.0	-1.0	-1.0	-1.0	-1.0	-1.0	-1.0	0.0	marker	opened-hand	Open	11	0418
-66446.55	-53187.975	-101919.915	-17566.739999999998	0.0	0.0	0.0	0.0	0.0	0.0	0.0	0.0	0.0	0.0	0.0	0.0	0.0	0.0	146.27586206896555	0.0	0.069640935	-0.078796185	0.9903539100000001	-6.9433	0.4578	10.056339999999999	3190666.0	1776544771.089577	0.0	1.0	-1.0	-1.0	-1.0	-1.0	-1.0	-1.0	-1.0	-1.0	0.0	marker	opened-hand	Open	11	0418
-66566.205	-53182.079999999994	-102046.815	-17693.73	0.0	0.0	0.0	0.0	0.0	0.0	0.0	0.0	0.0	0.0	0.0	0.0	0.0	0.0	146.27586206896555	0.0	0.069640935	-0.078796185	0.9903539100000001	-6.9433	0.4578	10.056339999999999	3190667.0	1776544771.089605	0.0	1.0	-1.0	-1.0	-1.0	-1.0	-1.0	-1.0	-1.0	-1.0	0.0	marker	opened-hand	Open	11	0418
-66770.415	-53192.025	-102452.265	-18068.895	0.0	0.0	0.0	0.0	0.0	0.0	0.0	0.0	0.0	0.0	0.0	0.0	0.0	0.0	146.27586206896555	0.0	0.069640935	-0.078796185	0.9903539100000001	-6.9433	0.4578	10.056339999999999	3190668.0	1776544771.092756	0.0	1.0	-1.0	-1.0	-1.0	-1.0	-1.0	-1.0	-1.0	-1.0	0.0	marker	opened-hand	Open	11	0418
-66724.02	-53175.689999999995	-102364.2	-18020.07	0.0	0.0	0.0	0.0	0.0	0.0	0.0	0.0	0.0	0.0	0.0	0.0	0.0	0.0	146.27586206896555	0.0	0.069640935	-0.078796185	0.9903539100000001	-6.9433	0.4578	10.056339999999999	3190669.0	1776544771.092787	0.0	1.0	-1.0	-1.0	-1.0	-1.0	-1.0	-1.0	-1.0	-1.0	0.0	marker	opened-hand	Open	11	0418
-66900.33	-53188.064999999995	-102487.31999999999	-18165.465	0.0	0.0	0.0	0.0	0.0	0.0	0.0	0.0	0.0	0.0	0.0	0.0	0.0	0.0	146.27586206896555	0.0	0.069640935	-0.078796185	0.9903539100000001	-6.9433	0.4578	10.056339999999999	3190670.0	1776544771.097614	0.0	1.0	-1.0	-1.0	-1.0	-1.0	-1.0	-1.0	-1.0	-1.0	0.0	marker	opened-hand	Open	11	0418
-66577.455	-53168.85	-102248.64	-17911.53	0.0	0.0	0.0	0.0	0.0	0.0	0.0	0.0	0.0	0.0	0.0	0.0	0.0	0.0	146.27586206896555	0.0	0.069640935	-0.078796185	0.9903539100000001	-6.9433	0.4578	10.056339999999999	3190671.0	1776544771.097635	0.0	1.0	-1.0	-1.0	-1.0	-1.0	-1.0	-1.0	-1.0	-1.0	0.0	marker	opened-hand	Open	11	0418
-66509.505	-53158.049999999996	-102192.39	-17895.375	0.0	0.0	0.0	0.0	0.0	0.0	0.0	0.0	0.0	0.0	0.0	0.0	0.0	0.0	146.27586206896555	0.0	0.069640935	-0.078796185	0.9903539100000001	-6.9433	0.4578	10.056339999999999	3190672.0	1776544771.100613	0.0	1.0	-1.0	-1.0	-1.0	-1.0	-1.0	-1.0	-1.0	-1.0	0.0	marker	opened-hand	Open	11	0418
-66423.105	-53150.895	-101997.54	-17702.73	0.0	0.0	0.0	0.0	0.0	0.0	0.0	0.0	0.0	0.0	0.0	0.0	0.0	0.0	146.27586206896555	0.0	0.069640935	-0.078796185	0.9903539100000001	-6.9433	0.4578	10.056339999999999	3190673.0	1776544771.100628	0.0	1.0	-1.0	-1.0	-1.0	-1.0	-1.0	-1.0	-1.0	-1.0	0.0	marker	opened-hand	Open	11	0418
-66159.045	-53129.204999999994	-101795.44499999999	-17549.19	0.0	0.0	0.0	0.0	0.0	0.0	0.0	0.0	0.0	0.0	0.0	0.0	0.0	0.0	146.27586206896555	0.0	0.051818715	-0.152648535	0.994809465	-6.77544	0.6714399999999999	0.2289	3190674.0	1776544771.103812	0.0	1.0	-1.0	-1.0	-1.0	-1.0	-1.0	-1.0	-1.0	-1.0	0.0	marker	opened-hand	Open	11	0418
-66735.9	-53163.81	-102352.275	-18012.645	0.0	0.0	0.0	0.0	0.0	0.0	0.0	0.0	0.0	0.0	0.0	0.0	0.0	0.0	146.27586206896555	0.0	0.051818715	-0.152648535	0.994809465	-6.77544	0.6714399999999999	0.2289	3190675.0	1776544771.103833	0.0	1.0	-1.0	-1.0	-1.0	-1.0	-1.0	-1.0	-1.0	-1.0	0.0	marker	opened-hand	Open	11	0418
-66647.88	-53146.439999999995	-102117.15	-17704.079999999998	0.0	0.0	0.0	0.0	0.0	0.0	0.0	0.0	0.0	0.0	0.0	0.0	0.0	0.0	146.27586206896555	0.0	0.051818715	-0.152648535	0.994809465	-6.77544	0.6714399999999999	0.2289	3190676.0	1776544771.109935	0.0	1.0	-1.0	-1.0	-1.0	-1.0	-1.0	-1.0	-1.0	-1.0	0.0	marker	opened-hand	Open	11	0418
-66446.19	-53112.329999999994	-101748.78	-17346.015	0.0	0.0	0.0	0.0	0.0	0.0	0.0	0.0	0.0	0.0	0.0	0.0	0.0	0.0	146.27586206896555	0.0	0.051818715	-0.152648535	0.994809465	-6.77544	0.6714399999999999	0.2289	3190677.0	1776544771.109948	0.0	1.0	-1.0	-1.0	-1.0	-1.0	-1.0	-1.0	-1.0	-1.0	0.0	marker	opened-hand	Open	11	0418
-66616.56	-53132.49	-102199.00499999999	-17791.92	0.0	0.0	0.0	0.0	0.0	0.0	0.0	0.0	0.0	0.0	0.0	0.0	0.0	0.0	146.27586206896555	0.0	0.051818715	-0.152648535	0.994809465	-6.77544	0.6714399999999999	0.2289	3190678.0	1776544771.112702	0.0	1.0	-1.0	-1.0	-1.0	-1.0	-1.0	-1.0	-1.0	-1.0	0.0	marker	opened-hand	Open	11	0418
-66965.48999999999	-53169.479999999996	-102585.465	-18204.434999999998	0.0	0.0	0.0	0.0	0.0	0.0	0.0	0.0	0.0	0.0	0.0	0.0	0.0	0.0	146.27586206896555	0.0	0.051818715	-0.152648535	0.994809465	-6.77544	0.6714399999999999	0.2289	3190679.0	1776544771.112728	0.0	1.0	-1.0	-1.0	-1.0	-1.0	-1.0	-1.0	-1.0	-1.0	0.0	marker	opened-hand	Open	11	0418
-66803.67	-53175.375	-102604.23	-18270.63	0.0	0.0	0.0	0.0	0.0	0.0	0.0	0.0	0.0	0.0	0.0	0.0	0.0	0.0	146.27586206896555	0.0	0.051818715	-0.152648535	0.994809465	-6.77544	0.6714399999999999	0.2289	3190680.0	1776544771.1182	0.0	1.0	-1.0	-1.0	-1.0	-1.0	-1.0	-1.0	-1.0	-1.0	0.0	marker	opened-hand	Open	11	0418
-66571.65	-53160.075	-102315.87	-17972.28	0.0	0.0	0.0	0.0	0.0	0.0	0.0	0.0	0.0	0.0	0.0	0.0	0.0	0.0	146.27586206896555	0.0	0.051818715	-0.152648535	0.994809465	-6.77544	0.6714399999999999	0.2289	3190681.0	1776544771.11822	0.0	1.0	-1.0	-1.0	-1.0	-1.0	-1.0	-1.0	-1.0	-1.0	0.0	marker	opened-hand	Open	11	0418
-66620.565	-53162.325	-102147.84	-17788.364999999998	0.0	0.0	0.0	0.0	0.0	0.0	0.0	0.0	0.0	0.0	0.0	0.0	0.0	0.0	146.27586206896555	0.0	0.051818715	-0.152648535	0.994809465	-6.77544	0.6714399999999999	0.2289	3190682.0	1776544771.119825	0.0	1.0	-1.0	-1.0	-1.0	-1.0	-1.0	-1.0	-1.0	-1.0	0.0	marker	opened-hand	Open	11	0418
-66724.29	-53173.89	-102290.04	-17948.114999999998	0.0	0.0	0.0	0.0	0.0	0.0	0.0	0.0	0.0	0.0	0.0	0.0	0.0	0.0	146.27586206896555	0.0	0.051818715	-0.152648535	0.994809465	-6.77544	0.6714399999999999	0.2289	3190683.0	1776544771.119851	0.0	1.0	-1.0	-1.0	-1.0	-1.0	-1.0	-1.0	-1.0	-1.0	0.0	marker	opened-hand	Open	11	0418
-66688.65	-53163.72	-102200.76	-17916.84	0.0	0.0	0.0	0.0	0.0	0.0	0.0	0.0	0.0	0.0	0.0	0.0	0.0	0.0	146.27586206896555	0.0	0.03454581	-0.194152335	1.0100071800000001	-0.47306	0.2289	-2.8078399999999997	3190684.0	1776544771.123834	0.0	1.0	-1.0	-1.0	-1.0	-1.0	-1.0	-1.0	-1.0	-1.0	0.0	marker	opened-hand	Open	11	0418
-66649.05	-53132.895	-101987.955	-17742.645	0.0	0.0	0.0	0.0	0.0	0.0	0.0	0.0	0.0	0.0	0.0	0.0	0.0	0.0	146.27586206896555	0.0	0.03454581	-0.194152335	1.0100071800000001	-0.47306	0.2289	-2.8078399999999997	3190685.0	1776544771.123857	0.0	1.0	-1.0	-1.0	-1.0	-1.0	-1.0	-1.0	-1.0	-1.0	0.0	marker	opened-hand	Open	11	0418
-66442.905	-53107.47	-102015.62999999999	-17648.64	0.0	0.0	0.0	0.0	0.0	0.0	0.0	0.0	0.0	0.0	0.0	0.0	0.0	0.0	146.27586206896555	0.0	0.03454581	-0.194152335	1.0100071800000001	-0.47306	0.2289	-2.8078399999999997	3190686.0	1776544771.127825	0.0	1.0	-1.0	-1.0	-1.0	-1.0	-1.0	-1.0	-1.0	-1.0	0.0	marker	opened-hand	Open	11	0418
-66120.165	-53095.185	-101827.39499999999	-17429.445	0.0	0.0	0.0	0.0	0.0	0.0	0.0	0.0	0.0	0.0	0.0	0.0	0.0	0.0	146.27586206896555	0.0	0.03454581	-0.194152335	1.0100071800000001	-0.47306	0.2289	-2.8078399999999997	3190687.0	1776544771.127846	0.0	1.0	-1.0	-1.0	-1.0	-1.0	-1.0	-1.0	-1.0	-1.0	0.0	marker	opened-hand	Open	11	0418
-66736.89	-53138.655	-102380.58	-17953.245	0.0	0.0	0.0	0.0	0.0	0.0	0.0	0.0	0.0	0.0	0.0	0.0	0.0	0.0	146.27586206896555	0.0	0.03454581	-0.194152335	1.0100071800000001	-0.47306	0.2289	-2.8078399999999997	3190688.0	1776544771.131905	0.0	1.0	-1.0	-1.0	-1.0	-1.0	-1.0	-1.0	-1.0	-1.0	0.0	marker	opened-hand	Open	11	0418
-66768.345	-53145.81	-102442.185	-18076.68	0.0	0.0	0.0	0.0	0.0	0.0	0.0	0.0	0.0	0.0	0.0	0.0	0.0	0.0	146.27586206896555	0.0	0.03454581	-0.194152335	1.0100071800000001	-0.47306	0.2289	-2.8078399999999997	3190689.0	1776544771.131924	0.0	1.0	-1.0	-1.0	-1.0	-1.0	-1.0	-1.0	-1.0	-1.0	0.0	marker	opened-hand	Open	11	0418
-66462.56999999999	-53127.674999999996	-102033.315	-17747.64	0.0	0.0	0.0	0.0	0.0	0.0	0.0	0.0	0.0	0.0	0.0	0.0	0.0	0.0	146.27586206896555	0.0	0.03454581	-0.194152335	1.0100071800000001	-0.47306	0.2289	-2.8078399999999997	3190690.0	1776544771.135839	0.0	1.0	-1.0	-1.0	-1.0	-1.0	-1.0	-1.0	-1.0	-1.0	0.0	marker	opened-hand	Open	11	0418
-66308.625	-53112.284999999996	-101826.045	-17488.62	0.0	0.0	0.0	0.0	0.0	0.0	0.0	0.0	0.0	0.0	0.0	0.0	0.0	0.0	146.27586206896555	0.0	0.03454581	-0.194152335	1.0100071800000001	-0.47306	0.2289	-2.8078399999999997	3190691.0	1776544771.135859	0.0	1.0	-1.0	-1.0	-1.0	-1.0	-1.0	-1.0	-1.0	-1.0	0.0	marker	opened-hand	Open	11	0418
-66745.98	-53146.17	-102435.65999999999	-18024.21	0.0	0.0	0.0	0.0	0.0	0.0	0.0	0.0	0.0	0.0	0.0	0.0	0.0	0.0	146.27586206896555	0.0	0.03454581	-0.194152335	1.0100071800000001	-0.47306	0.2289	-2.8078399999999997	3190692.0	1776544771.13991	0.0	1.0	-1.0	-1.0	-1.0	-1.0	-1.0	-1.0	-1.0	-1.0	0.0	marker	opened-hand	Open	11	0418
-66857.22	-53154.27	-102547.39499999999	-18203.085	0.0	0.0	0.0	0.0	0.0	0.0	0.0	0.0	0.0	0.0	0.0	0.0	0.0	0.0	146.27586206896555	0.0	0.03454581	-0.194152335	1.0100071800000001	-0.47306	0.2289	-2.8078399999999997	3190693.0	1776544771.139933	0.0	1.0	-1.0	-1.0	-1.0	-1.0	-1.0	-1.0	-1.0	-1.0	0.0	marker	opened-hand	Open	11	0418
-66875.67	-53153.46	-102430.8	-18094.05	0.0	0.0	0.0	0.0	0.0	0.0	0.0	0.0	0.0	0.0	0.0	0.0	0.0	0.0	146.27586206896555	0.0	0.00317382	-0.18176223	1.01830794	9.20178	-0.06104	-2.38056	3190694.0	1776544771.145375	0.0	1.0	-1.0	-1.0	-1.0	-1.0	-1.0	-1.0	-1.0	-1.0	0.0	marker	opened-hand	Open	11	0418
-66908.34	-53158.32	-102406.68	-18019.89	0.0	0.0	0.0	0.0	0.0	0.0	0.0	0.0	0.0	0.0	0.0	0.0	0.0	0.0	146.27586206896555	0.0	0.00317382	-0.18176223	1.01830794	9.20178	-0.06104	-2.38056	3190695.0	1776544771.145395	0.0	1.0	-1.0	-1.0	-1.0	-1.0	-1.0	-1.0	-1.0	-1.0	0.0	marker	opened-hand	Open	11	0418
-66608.595	-53140.365	-102256.875	-17896.184999999998	0.0	0.0	0.0	0.0	0.0	0.0	0.0	0.0	0.0	0.0	0.0	0.0	0.0	0.0	146.27586206896555	0.0	0.00317382	-0.18176223	1.01830794	9.20178	-0.06104	-2.38056	3190696.0	1776544771.148042	0.0	1.0	-1.0	-1.0	-1.0	-1.0	-1.0	-1.0	-1.0	-1.0	0.0	marker	opened-hand	Open	11	0418
-66614.13	-53158.77	-102370.72499999999	-18063.855	0.0	0.0	0.0	0.0	0.0	0.0	0.0	0.0	0.0	0.0	0.0	0.0	0.0	0.0	146.27586206896555	0.0	0.00317382	-0.18176223	1.01830794	9.20178	-0.06104	-2.38056	3190697.0	1776544771.14806	0.0	1.0	-1.0	-1.0	-1.0	-1.0	-1.0	-1.0	-1.0	-1.0	0.0	marker	opened-hand	Open	11	0418
-66367.08	-53154.494999999995	-102042.54	-17728.695	0.0	0.0	0.0	0.0	0.0	0.0	0.0	0.0	0.0	0.0	0.0	0.0	0.0	0.0	146.27586206896555	0.0	0.00317382	-0.18176223	1.01830794	9.20178	-0.06104	-2.38056	3190698.0	1776544771.152005	0.0	1.0	-1.0	-1.0	-1.0	-1.0	-1.0	-1.0	-1.0	-1.0	0.0	marker	opened-hand	Open	11	0418
-66302.595	-53144.505	-101855.295	-17505.18	0.0	0.0	0.0	0.0	0.0	0.0	0.0	0.0	0.0	0.0	0.0	0.0	0.0	0.0	146.27586206896555	0.0	0.00317382	-0.18176223	1.01830794	9.20178	-0.06104	-2.38056	3190699.0	1776544771.152025	0.0	1.0	-1.0	-1.0	-1.0	-1.0	-1.0	-1.0	-1.0	-1.0	0.0	marker	opened-hand	Open	11	0418
-66463.29	-53152.155	-102121.69499999999	-17811.899999999998	0.0	0.0	0.0	0.0	0.0	0.0	0.0	0.0	0.0	0.0	0.0	0.0	0.0	0.0	146.27586206896555	0.0	0.00317382	-0.18176223	1.01830794	9.20178	-0.06104	-2.38056	3190700.0	1776544771.155964	0.0	1.0	-1.0	-1.0	-1.0	-1.0	-1.0	-1.0	-1.0	-1.0	0.0	marker	opened-hand	Open	11	0418
-66579.48	-53135.64	-102244.00499999999	-17871.434999999998	0.0	0.0	0.0	0.0	0.0	0.0	0.0	0.0	0.0	0.0	0.0	0.0	0.0	0.0	146.27586206896555	0.0	0.00317382	-0.18176223	1.01830794	9.20178	-0.06104	-2.38056	3190701.0	1776544771.155982	0.0	1.0	-1.0	-1.0	-1.0	-1.0	-1.0	-1.0	-1.0	-1.0	0.0	marker	opened-hand	Open	11	0418
-66684.33	-53118.72	-102335.44499999999	-17894.07	0.0	0.0	0.0	0.0	0.0	0.0	0.0	0.0	0.0	0.0	0.0	0.0	0.0	0.0	146.27586206896555	0.0	0.00317382	-0.18176223	1.01830794	9.20178	-0.06104	-2.38056	3190702.0	1776544771.160259	0.0	1.0	-1.0	-1.0	-1.0	-1.0	-1.0	-1.0	-1.0	-1.0	0.0	marker	opened-hand	Open	11	0418
-66823.92	-53118.27	-102435.48	-18009.585	0.0	0.0	0.0	0.0	0.0	0.0	0.0	0.0	0.0	0.0	0.0	0.0	0.0	0.0	146.27586206896555	0.0	0.00317382	-0.18176223	1.01830794	9.20178	-0.06104	-2.38056	3190703.0	1776544771.160277	0.0	1.0	-1.0	-1.0	-1.0	-1.0	-1.0	-1.0	-1.0	-1.0	0.0	marker	opened-hand	Open	11	0418
-66720.19499999999	-53117.82	-102316.815	-17937.36	0.0	0.0	0.0	0.0	0.0	0.0	0.0	0.0	0.0	0.0	0.0	0.0	0.0	0.0	146.27586206896555	0.0	0.01550289	-0.138244275	1.0073826750000001	6.8517399999999995	0.94612	-0.24416	3190704.0	1776544771.163991	0.0	1.0	-1.0	-1.0	-1.0	-1.0	-1.0	-1.0	-1.0	-1.0	0.0	marker	opened-hand	Open	11	0418
-66648.78	-53116.155	-102328.37999999999	-18026.415	0.0	0.0	0.0	0.0	0.0	0.0	0.0	0.0	0.0	0.0	0.0	0.0	0.0	0.0	146.27586206896555	0.0	0.01550289	-0.138244275	1.0073826750000001	6.8517399999999995	0.94612	-0.24416	3190705.0	1776544771.16401	0.0	1.0	-1.0	-1.0	-1.0	-1.0	-1.0	-1.0	-1.0	-1.0	0.0	marker	opened-hand	Open	11	0418
-66539.52	-53105.31	-102119.89499999999	-17896.274999999998	0.0	0.0	0.0	0.0	0.0	0.0	0.0	0.0	0.0	0.0	0.0	0.0	0.0	0.0	146.27586206896555	0.0	0.01550289	-0.138244275	1.0073826750000001	6.8517399999999995	0.94612	-0.24416	3190706.0	1776544771.168023	0.0	1.0	-1.0	-1.0	-1.0	-1.0	-1.0	-1.0	-1.0	-1.0	0.0	marker	opened-hand	Open	11	0418
-66445.605	-53093.204999999994	-101905.605	-17602.11	0.0	0.0	0.0	0.0	0.0	0.0	0.0	0.0	0.0	0.0	0.0	0.0	0.0	0.0	146.27586206896555	0.0	0.01550289	-0.138244275	1.0073826750000001	6.8517399999999995	0.94612	-0.24416	3190707.0	1776544771.168044	0.0	1.0	-1.0	-1.0	-1.0	-1.0	-1.0	-1.0	-1.0	-1.0	0.0	marker	opened-hand	Open	11	0418
-66577.815	-53101.755	-102232.75499999999	-17776.844999999998	0.0	0.0	0.0	0.0	0.0	0.0	0.0	0.0	0.0	0.0	0.0	0.0	0.0	0.0	146.27586206896555	0.0	0.01550289	-0.138244275	1.0073826750000001	6.8517399999999995	0.94612	-0.24416	3190708.0	1776544771.173559	0.0	1.0	-1.0	-1.0	-1.0	-1.0	-1.0	-1.0	-1.0	-1.0	0.0	marker	opened-hand	Open	11	0418
-66389.22	-53079.659999999996	-102042.26999999999	-17645.399999999998	0.0	0.0	0.0	0.0	0.0	0.0	0.0	0.0	0.0	0.0	0.0	0.0	0.0	0.0	146.27586206896555	0.0	0.01550289	-0.138244275	1.0073826750000001	6.8517399999999995	0.94612	-0.24416	3190709.0	1776544771.173586	0.0	1.0	-1.0	-1.0	-1.0	-1.0	-1.0	-1.0	-1.0	-1.0	0.0	marker	opened-hand	Open	11	0418
-66381.12	-53061.435	-101795.08499999999	-17393.445	0.0	0.0	0.0	0.0	0.0	0.0	0.0	0.0	0.0	0.0	0.0	0.0	0.0	0.0	146.27586206896555	0.0	0.01550289	-0.138244275	1.0073826750000001	6.8517399999999995	0.94612	-0.24416	3190710.0	1776544771.176974	0.0	1.0	-1.0	-1.0	-1.0	-1.0	-1.0	-1.0	-1.0	-1.0	0.0	marker	opened-hand	Open	11	0418
-66667.36499999999	-53077.77	-102208.23	-17796.015	0.0	0.0	0.0	0.0	0.0	0.0	0.0	0.0	0.0	0.0	0.0	0.0	0.0	0.0	146.27586206896555	0.0	0.01550289	-0.138244275	1.0073826750000001	6.8517399999999995	0.94612	-0.24416	3190711.0	1776544771.176999	0.0	1.0	-1.0	-1.0	-1.0	-1.0	-1.0	-1.0	-1.0	-1.0	0.0	marker	opened-hand	Open	11	0418
-66326.535	-53048.61	-102056.48999999999	-17668.17	0.0	0.0	0.0	0.0	0.0	0.0	0.0	0.0	0.0	0.0	0.0	0.0	0.0	0.0	146.27586206896555	0.0	0.01550289	-0.138244275	1.0073826750000001	6.8517399999999995	0.94612	-0.24416	3190712.0	1776544771.179985	0.0	1.0	-1.0	-1.0	-1.0	-1.0	-1.0	-1.0	-1.0	-1.0	0.0	marker	opened-hand	Open	11	0418
-66881.43	-53085.24	-102529.26	-18173.79	0.0	0.0	0.0	0.0	0.0	0.0	0.0	0.0	0.0	0.0	0.0	0.0	0.0	0.0	146.27586206896555	0.0	0.01550289	-0.138244275	1.0073826750000001	6.8517399999999995	0.94612	-0.24416	3190713.0	1776544771.180004	0.0	1.0	-1.0	-1.0	-1.0	-1.0	-1.0	-1.0	-1.0	-1.0	0.0	marker	opened-hand	Open	11	0418
-66791.52	-53100.765	-102517.965	-18213.75	0.0	0.0	0.0	0.0	0.0	0.0	0.0	0.0	0.0	0.0	0.0	0.0	0.0	0.0	146.27586206896555	0.0	0.031188885	-0.13488735	1.00939683	1.8769799999999999	0.15259999999999999	-3.57084	3190714.0	1776544771.185015	0.0	1.0	-1.0	-1.0	-1.0	-1.0	-1.0	-1.0	-1.0	-1.0	0.0	marker	opened-hand	Open	11	0418
-66639.015	-53101.17	-102369.69	-18037.62	0.0	0.0	0.0	0.0	0.0	0.0	0.0	0.0	0.0	0.0	0.0	0.0	0.0	0.0	146.27586206896555	0.0	0.031188885	-0.13488735	1.00939683	1.8769799999999999	0.15259999999999999	-3.57084	3190715.0	1776544771.185035	0.0	1.0	-1.0	-1.0	-1.0	-1.0	-1.0	-1.0	-1.0	-1.0	0.0	marker	opened-hand	Open	11	0418
-66792.78	-53117.009999999995	-102506.355	-18127.71	0.0	0.0	0.0	0.0	0.0	0.0	0.0	0.0	0.0	0.0	0.0	0.0	0.0	0.0	146.27586206896555	0.0	0.031188885	-0.13488735	1.00939683	1.8769799999999999	0.15259999999999999	-3.57084	3190716.0	1776544771.188102	0.0	1.0	-1.0	-1.0	-1.0	-1.0	-1.0	-1.0	-1.0	-1.0	0.0	marker	opened-hand	Open	11	0418
-66548.385	-53090.82	-102168.405	-17818.92	0.0	0.0	0.0	0.0	0.0	0.0	0.0	0.0	0.0	0.0	0.0	0.0	0.0	0.0	146.27586206896555	0.0	0.031188885	-0.13488735	1.00939683	1.8769799999999999	0.15259999999999999	-3.57084	3190717.0	1776544771.18812	0.0	1.0	-1.0	-1.0	-1.0	-1.0	-1.0	-1.0	-1.0	-1.0	0.0	marker	opened-hand	Open	11	0418
-66637.62	-53080.064999999995	-102186.675	-17833.59	0.0	0.0	0.0	0.0	0.0	0.0	0.0	0.0	0.0	0.0	0.0	0.0	0.0	0.0	146.27586206896555	0.0	0.031188885	-0.13488735	1.00939683	1.8769799999999999	0.15259999999999999	-3.57084	3190718.0	1776544771.192089	0.0	1.0	-1.0	-1.0	-1.0	-1.0	-1.0	-1.0	-1.0	-1.0	0.0	marker	opened-hand	Open	11	0418
-66686.715	-53082.945	-102337.065	-17953.695	0.0	0.0	0.0	0.0	0.0	0.0	0.0	0.0	0.0	0.0	0.0	0.0	0.0	0.0	146.27586206896555	0.0	0.031188885	-0.13488735	1.00939683	1.8769799999999999	0.15259999999999999	-3.57084	3190719.0	1776544771.192106	0.0	1.0	-1.0	-1.0	-1.0	-1.0	-1.0	-1.0	-1.0	-1.0	0.0	marker	opened-hand	Open	11	0418
-66624.705	-53086.454999999994	-102266.19	-17886.555	0.0	0.0	0.0	0.0	0.0	0.0	0.0	0.0	0.0	0.0	0.0	0.0	0.0	0.0	146.27586206896555	0.0	0.031188885	-0.13488735	1.00939683	1.8769799999999999	0.15259999999999999	-3.57084	3190720.0	1776544771.196116	0.0	1.0	-1.0	-1.0	-1.0	-1.0	-1.0	-1.0	-1.0	-1.0	0.0	marker	opened-hand	Open	11	0418
-66577.095	-53088.479999999996	-102264.435	-17903.52	0.0	0.0	0.0	0.0	0.0	0.0	0.0	0.0	0.0	0.0	0.0	0.0	0.0	0.0	146.27586206896555	0.0	0.031188885	-0.13488735	1.00939683	1.8769799999999999	0.15259999999999999	-3.57084	3190721.0	1776544771.196134	0.0	1.0	-1.0	-1.0	-1.0	-1.0	-1.0	-1.0	-1.0	-1.0	0.0	marker	opened-hand	Open	11	0418
-66499.785	-53082.81	-102169.39499999999	-17769.329999999998	0.0	0.0	0.0	0.0	0.0	0.0	0.0	0.0	0.0	0.0	0.0	0.0	0.0	0.0	146.27586206896555	0.0	0.031188885	-0.13488735	1.00939683	1.8769799999999999	0.15259999999999999	-3.57084	3190722.0	1776544771.200061	0.0	1.0	-1.0	-1.0	-1.0	-1.0	-1.0	-1.0	-1.0	-1.0	0.0	marker	opened-hand	Open	11	0418
-66354.03	-53079.84	-101916.855	-17543.114999999998	0.0	0.0	0.0	0.0	0.0	0.0	0.0	0.0	0.0	0.0	0.0	0.0	0.0	0.0	146.27586206896555	0.0	0.031188885	-0.13488735	1.00939683	1.8769799999999999	0.15259999999999999	-3.57084	3190723.0	1776544771.200079	0.0	1.0	-1.0	-1.0	-1.0	-1.0	-1.0	-1.0	-1.0	-1.0	0.0	marker	opened-hand	Open	11	0418
-66421.98	-53092.89	-101915.45999999999	-17565.075	0.0	0.0	0.0	0.0	0.0	0.0	0.0	0.0	0.0	0.0	0.0	0.0	0.0	0.0	146.27586206896555	0.0	0.03491202	-0.153625095	1.004697135	1.6633399999999998	0.6409199999999999	-7.309539999999999	3190724.0	1776544771.204178	0.0	1.0	-1.0	-1.0	-1.0	-1.0	-1.0	-1.0	-1.0	-1.0	0.0	marker	opened-hand	Open	11	0418
-66818.06999999999	-53115.525	-102271.31999999999	-17959.68	0.0	0.0	0.0	0.0	0.0	0.0	0.0	0.0	0.0	0.0	0.0	0.0	0.0	0.0	146.27586206896555	0.0	0.03491202	-0.153625095	1.004697135	1.6633399999999998	0.6409199999999999	-7.309539999999999	3190725.0	1776544771.204198	0.0	1.0	-1.0	-1.0	-1.0	-1.0	-1.0	-1.0	-1.0	-1.0	0.0	marker	opened-hand	Open	11	0418
-66686.22	-53098.965	-102280.995	-17979.975	0.0	0.0	0.0	0.0	0.0	0.0	0.0	0.0	0.0	0.0	0.0	0.0	0.0	0.0	146.27586206896555	0.0	0.03491202	-0.153625095	1.004697135	1.6633399999999998	0.6409199999999999	-7.309539999999999	3190726.0	1776544771.210357	0.0	1.0	-1.0	-1.0	-1.0	-1.0	-1.0	-1.0	-1.0	-1.0	0.0	marker	opened-hand	Open	11	0418
-66287.43	-53067.06	-101942.01	-17624.7	0.0	0.0	0.0	0.0	0.0	0.0	0.0	0.0	0.0	0.0	0.0	0.0	0.0	0.0	146.27586206896555	0.0	0.03491202	-0.153625095	1.004697135	1.6633399999999998	0.6409199999999999	-7.309539999999999	3190727.0	1776544771.210376	0.0	1.0	-1.0	-1.0	-1.0	-1.0	-1.0	-1.0	-1.0	-1.0	0.0	marker	opened-hand	Open	11	0418
-66328.515	-53056.215	-101969.45999999999	-17520.524999999998	0.0	0.0	0.0	0.0	0.0	0.0	0.0	0.0	0.0	0.0	0.0	0.0	0.0	0.0	146.27586206896555	0.0	0.03491202	-0.153625095	1.004697135	1.6633399999999998	0.6409199999999999	-7.309539999999999	3190728.0	1776544771.213111	0.0	1.0	-1.0	-1.0	-1.0	-1.0	-1.0	-1.0	-1.0	-1.0	0.0	marker	opened-hand	Open	11	0418
-66791.655	-53075.07	-102458.43	-17985.195	0.0	0.0	0.0	0.0	0.0	0.0	0.0	0.0	0.0	0.0	0.0	0.0	0.0	0.0	146.27586206896555	0.0	0.03491202	-0.153625095	1.004697135	1.6633399999999998	0.6409199999999999	-7.309539999999999	3190729.0	1776544771.213129	0.0	1.0	-1.0	-1.0	-1.0	-1.0	-1.0	-1.0	-1.0	-1.0	0.0	marker	opened-hand	Open	11	0418
-66987.72	-53092.665	-102800.745	-18409.95	0.0	0.0	0.0	0.0	0.0	0.0	0.0	0.0	0.0	0.0	0.0	0.0	0.0	0.0	146.27586206896555	0.0	0.03491202	-0.153625095	1.004697135	1.6633399999999998	0.6409199999999999	-7.309539999999999	3190730.0	1776544771.216199	0.0	1.0	-1.0	-1.0	-1.0	-1.0	-1.0	-1.0	-1.0	-1.0	0.0	marker	opened-hand	Open	11	0418
-66968.45999999999	-53098.784999999996	-102725.64	-18379.17	0.0	0.0	0.0	0.0	0.0	0.0	0.0	0.0	0.0	0.0	0.0	0.0	0.0	0.0	146.27586206896555	0.0	0.03491202	-0.153625095	1.004697135	1.6633399999999998	0.6409199999999999	-7.309539999999999	3190731.0	1776544771.216219	0.0	1.0	-1.0	-1.0	-1.0	-1.0	-1.0	-1.0	-1.0	-1.0	0.0	marker	opened-hand	Open	11	0418
-66766.455	-53093.43	-102445.83	-18128.295	0.0	0.0	0.0	0.0	0.0	0.0	0.0	0.0	0.0	0.0	0.0	0.0	0.0	0.0	146.27586206896555	0.0	0.03491202	-0.153625095	1.004697135	1.6633399999999998	0.6409199999999999	-7.309539999999999	3190732.0	1776544771.220305	0.0	1.0	-1.0	-1.0	-1.0	-1.0	-1.0	-1.0	-1.0	-1.0	0.0	marker	opened-hand	Open	11	0418
-66630.42	-53096.4	-102210.39	-17920.89	0.0	0.0	0.0	0.0	0.0	0.0	0.0	0.0	0.0	0.0	0.0	0.0	0.0	0.0	146.27586206896555	0.0	0.03491202	-0.153625095	1.004697135	1.6633399999999998	0.6409199999999999	-7.309539999999999	3190733.0	1776544771.220325	0.0	1.0	-1.0	-1.0	-1.0	-1.0	-1.0	-1.0	-1.0	-1.0	0.0	marker	opened-hand	Open	11	0418
-66327.93	-53086.634999999995	-101916.62999999999	-17616.239999999998	0.0	0.0	0.0	0.0	0.0	0.0	0.0	0.0	0.0	0.0	0.0	0.0	0.0	0.0	146.27586206896555	0.0	0.03124992	-0.157897545	1.0120823700000001	5.27996	0.2289	-8.8508	3190734.0	1776544771.226458	0.0	1.0	-1.0	-1.0	-1.0	-1.0	-1.0	-1.0	-1.0	-1.0	0.0	marker	opened-hand	Open	11	0418
-66570.48	-53098.92	-102145.31999999999	-17700.39	0.0	0.0	0.0	0.0	0.0	0.0	0.0	0.0	0.0	0.0	0.0	0.0	0.0	0.0	146.27586206896555	0.0	0.03124992	-0.157897545	1.0120823700000001	5.27996	0.2289	-8.8508	3190735.0	1776544771.226477	0.0	1.0	-1.0	-1.0	-1.0	-1.0	-1.0	-1.0	-1.0	-1.0	0.0	marker	opened-hand	Open	11	0418
-66646.125	-53096.625	-102193.01999999999	-17748.495	0.0	0.0	0.0	0.0	0.0	0.0	0.0	0.0	0.0	0.0	0.0	0.0	0.0	0.0	146.27586206896555	0.0	0.03124992	-0.157897545	1.0120823700000001	5.27996	0.2289	-8.8508	3190736.0	1776544771.228202	0.0	1.0	-1.0	-1.0	-1.0	-1.0	-1.0	-1.0	-1.0	-1.0	0.0	marker	opened-hand	Open	11	0418
-66662.955	-53087.895	-102117.555	-17779.68	0.0	0.0	0.0	0.0	0.0	0.0	0.0	0.0	0.0	0.0	0.0	0.0	0.0	0.0	146.27586206896555	0.0	0.03124992	-0.157897545	1.0120823700000001	5.27996	0.2289	-8.8508	3190737.0	1776544771.228251	0.0	1.0	-1.0	-1.0	-1.0	-1.0	-1.0	-1.0	-1.0	-1.0	0.0	marker	opened-hand	Open	11	0418
-66428.595	-53080.875	-102052.17	-17677.665	0.0	0.0	0.0	0.0	0.0	0.0	0.0	0.0	0.0	0.0	0.0	0.0	0.0	0.0	146.27586206896555	0.0	0.03124992	-0.157897545	1.0120823700000001	5.27996	0.2289	-8.8508	3190738.0	1776544771.232563	0.0	1.0	-1.0	-1.0	-1.0	-1.0	-1.0	-1.0	-1.0	-1.0	0.0	marker	opened-hand	Open	11	0418
-66470.67	-53089.155	-102192.03	-17712.945	0.0	0.0	0.0	0.0	0.0	0.0	0.0	0.0	0.0	0.0	0.0	0.0	0.0	0.0	146.27586206896555	0.0	0.03124992	-0.157897545	1.0120823700000001	5.27996	0.2289	-8.8508	3190739.0	1776544771.232582	0.0	1.0	-1.0	-1.0	-1.0	-1.0	-1.0	-1.0	-1.0	-1.0	0.0	marker	opened-hand	Open	11	0418
-66872.205	-53127.18	-102500.14499999999	-18113.265	0.0	0.0	0.0	0.0	0.0	0.0	0.0	0.0	0.0	0.0	0.0	0.0	0.0	0.0	146.27586206896555	0.0	0.03124992	-0.157897545	1.0120823700000001	5.27996	0.2289	-8.8508	3190740.0	1776544771.236941	0.0	1.0	-1.0	-1.0	-1.0	-1.0	-1.0	-1.0	-1.0	-1.0	0.0	marker	opened-hand	Open	11	0418
-66835.125	-53132.625	-102494.205	-18157.454999999998	0.0	0.0	0.0	0.0	0.0	0.0	0.0	0.0	0.0	0.0	0.0	0.0	0.0	0.0	146.27586206896555	0.0	0.03124992	-0.157897545	1.0120823700000001	5.27996	0.2289	-8.8508	3190741.0	1776544771.23696	0.0	1.0	-1.0	-1.0	-1.0	-1.0	-1.0	-1.0	-1.0	-1.0	0.0	marker	opened-hand	Open	11	0418
-66617.81999999999	-53100.045	-102310.69499999999	-17943.795	0.0	0.0	0.0	0.0	0.0	0.0	0.0	0.0	0.0	0.0	0.0	0.0	0.0	0.0	146.27586206896555	0.0	0.03124992	-0.157897545	1.0120823700000001	5.27996	0.2289	-8.8508	3190742.0	1776544771.240626	0.0	1.0	-1.0	-1.0	-1.0	-1.0	-1.0	-1.0	-1.0	-1.0	0.0	marker	opened-hand	Open	11	0418
-66457.395	-53075.564999999995	-102116.51999999999	-17730.0	0.0	0.0	0.0	0.0	0.0	0.0	0.0	0.0	0.0	0.0	0.0	0.0	0.0	0.0	146.27586206896555	0.0	0.03124992	-0.157897545	1.0120823700000001	5.27996	0.2289	-8.8508	3190743.0	1776544771.240644	0.0	1.0	-1.0	-1.0	-1.0	-1.0	-1.0	-1.0	-1.0	-1.0	0.0	marker	opened-hand	Open	11	0418
-66616.02	-53067.645	-102152.06999999999	-17780.805	0.0	0.0	0.0	0.0	0.0	0.0	0.0	0.0	0.0	0.0	0.0	0.0	0.0	0.0	146.27586206896555	0.0	0.02343744	-0.13024869	1.01611068	8.05728	0.01526	-4.28806	3190744.0	1776544771.244282	0.0	1.0	-1.0	-1.0	-1.0	-1.0	-1.0	-1.0	-1.0	-1.0	0.0	marker	opened-hand	Open	11	0418
-66560.13	-53060.445	-102202.92	-17826.344999999998	0.0	0.0	0.0	0.0	0.0	0.0	0.0	0.0	0.0	0.0	0.0	0.0	0.0	0.0	146.27586206896555	0.0	0.02343744	-0.13024869	1.01611068	8.05728	0.01526	-4.28806	3190745.0	1776544771.244301	0.0	1.0	-1.0	-1.0	-1.0	-1.0	-1.0	-1.0	-1.0	-1.0	0.0	marker	opened-hand	Open	11	0418
-66553.38	-53061.93	-102243.69	-17845.38	0.0	0.0	0.0	0.0	0.0	0.0	0.0	0.0	0.0	0.0	0.0	0.0	0.0	0.0	146.27586206896555	0.0	0.02343744	-0.13024869	1.01611068	8.05728	0.01526	-4.28806	3190746.0	1776544771.248284	0.0	1.0	-1.0	-1.0	-1.0	-1.0	-1.0	-1.0	-1.0	-1.0	0.0	marker	opened-hand	Open	11	0418
-66615.795	-53075.79	-102222.98999999999	-17858.43	0.0	0.0	0.0	0.0	0.0	0.0	0.0	0.0	0.0	0.0	0.0	0.0	0.0	0.0	146.27586206896555	0.0	0.02343744	-0.13024869	1.01611068	8.05728	0.01526	-4.28806	3190747.0	1776544771.248304	0.0	1.0	-1.0	-1.0	-1.0	-1.0	-1.0	-1.0	-1.0	-1.0	0.0	marker	opened-hand	Open	11	0418
-66689.91	-53087.805	-102278.83499999999	-17901.315	0.0	0.0	0.0	0.0	0.0	0.0	0.0	0.0	0.0	0.0	0.0	0.0	0.0	0.0	146.27586206896555	0.0	0.02343744	-0.13024869	1.01611068	8.05728	0.01526	-4.28806	3190748.0	1776544771.252293	0.0	1.0	-1.0	-1.0	-1.0	-1.0	-1.0	-1.0	-1.0	-1.0	0.0	marker	opened-hand	Open	11	0418
-66713.58	-53091.63	-102371.715	-18007.829999999998	0.0	0.0	0.0	0.0	0.0	0.0	0.0	0.0	0.0	0.0	0.0	0.0	0.0	0.0	146.27586206896555	0.0	0.02343744	-0.13024869	1.01611068	8.05728	0.01526	-4.28806	3190749.0	1776544771.252311	0.0	1.0	-1.0	-1.0	-1.0	-1.0	-1.0	-1.0	-1.0	-1.0	0.0	marker	opened-hand	Open	11	0418
-66547.485	-53076.195	-102364.515	-17989.829999999998	0.0	0.0	0.0	0.0	0.0	0.0	0.0	0.0	0.0	0.0	0.0	0.0	0.0	0.0	146.27586206896555	0.0	0.02343744	-0.13024869	1.01611068	8.05728	0.01526	-4.28806	3190750.0	1776544771.25621	0.0	1.0	-1.0	-1.0	-1.0	-1.0	-1.0	-1.0	-1.0	-1.0	0.0	marker	opened-hand	Open	11	0418
-66334.995	-53072.325	-102102.20999999999	-17731.485	0.0	0.0	0.0	0.0	0.0	0.0	0.0	0.0	0.0	0.0	0.0	0.0	0.0	0.0	146.27586206896555	0.0	0.02343744	-0.13024869	1.01611068	8.05728	0.01526	-4.28806	3190751.0	1776544771.256229	0.0	1.0	-1.0	-1.0	-1.0	-1.0	-1.0	-1.0	-1.0	-1.0	0.0	marker	opened-hand	Open	11	0418
-66117.19499999999	-53083.665	-101652.705	-17276.715	0.0	0.0	0.0	0.0	0.0	0.0	0.0	0.0	0.0	0.0	0.0	0.0	0.0	0.0	146.27586206896555	0.0	0.02343744	-0.13024869	1.01611068	8.05728	0.01526	-4.28806	3190752.0	1776544771.260345	0.0	1.0	-1.0	-1.0	-1.0	-1.0	-1.0	-1.0	-1.0	-1.0	0.0	marker	opened-hand	Open	11	0418
-66598.155	-53105.895	-101968.965	-17540.055	0.0	0.0	0.0	0.0	0.0	0.0	0.0	0.0	0.0	0.0	0.0	0.0	0.0	0.0	146.27586206896555	0.0	0.02343744	-0.13024869	1.01611068	8.05728	0.01526	-4.28806	3190753.0	1776544771.260364	0.0	1.0	-1.0	-1.0	-1.0	-1.0	-1.0	-1.0	-1.0	-1.0	0.0	marker	opened-hand	Open	11	0418
-66713.355	-53128.125	-102420.0	-18029.204999999998	0.0	0.0	0.0	0.0	0.0	0.0	0.0	0.0	0.0	0.0	0.0	0.0	0.0	0.0	146.27586206896555	0.0	0.039367575	-0.106750215	1.00622301	6.77544	0.94612	-4.13546	3190754.0	1776544771.264313	0.0	1.0	-1.0	-1.0	-1.0	-1.0	-1.0	-1.0	-1.0	-1.0	0.0	marker	opened-hand	Open	11	0418
-66843.135	-53144.369999999995	-102595.31999999999	-18210.105	0.0	0.0	0.0	0.0	0.0	0.0	0.0	0.0	0.0	0.0	0.0	0.0	0.0	0.0	146.27586206896555	0.0	0.039367575	-0.106750215	1.00622301	6.77544	0.94612	-4.13546	3190755.0	1776544771.264333	0.0	1.0	-1.0	-1.0	-1.0	-1.0	-1.0	-1.0	-1.0	-1.0	0.0	marker	opened-hand	Open	11	0418
-66908.655	-53152.155	-102479.76	-18093.915	0.0	0.0	0.0	0.0	0.0	0.0	0.0	0.0	0.0	0.0	0.0	0.0	0.0	0.0	146.27586206896555	0.0	0.039367575	-0.106750215	1.00622301	6.77544	0.94612	-4.13546	3190756.0	1776544771.268283	0.0	1.0	-1.0	-1.0	-1.0	-1.0	-1.0	-1.0	-1.0	-1.0	0.0	marker	opened-hand	Open	11	0418
-66579.39	-53145.854999999996	-102224.295	-17876.43	0.0	0.0	0.0	0.0	0.0	0.0	0.0	0.0	0.0	0.0	0.0	0.0	0.0	0.0	146.27586206896555	0.0	0.039367575	-0.106750215	1.00622301	6.77544	0.94612	-4.13546	3190757.0	1776544771.268307	0.0	1.0	-1.0	-1.0	-1.0	-1.0	-1.0	-1.0	-1.0	-1.0	0.0	marker	opened-hand	Open	11	0418
-66454.065	-53145.9	-102188.51999999999	-17837.37	0.0	0.0	0.0	0.0	0.0	0.0	0.0	0.0	0.0	0.0	0.0	0.0	0.0	0.0	146.27586206896555	0.0	0.039367575	-0.106750215	1.00622301	6.77544	0.94612	-4.13546	3190758.0	1776544771.272299	0.0	1.0	-1.0	-1.0	-1.0	-1.0	-1.0	-1.0	-1.0	-1.0	0.0	marker	opened-hand	Open	11	0418
-66721.95	-53164.755	-102411.94499999999	-18091.395	0.0	0.0	0.0	0.0	0.0	0.0	0.0	0.0	0.0	0.0	0.0	0.0	0.0	0.0	146.27586206896555	0.0	0.039367575	-0.106750215	1.00622301	6.77544	0.94612	-4.13546	3190759.0	1776544771.272318	0.0	1.0	-1.0	-1.0	-1.0	-1.0	-1.0	-1.0	-1.0	-1.0	0.0	marker	opened-hand	Open	11	0418
-66609.45	-53132.31	-102129.20999999999	-17872.559999999998	0.0	0.0	0.0	0.0	0.0	0.0	0.0	0.0	0.0	0.0	0.0	0.0	0.0	0.0	146.27586206896555	0.0	0.039367575	-0.106750215	1.00622301	6.77544	0.94612	-4.13546	3190760.0	1776544771.276413	0.0	1.0	-1.0	-1.0	-1.0	-1.0	-1.0	-1.0	-1.0	-1.0	0.0	marker	opened-hand	Open	11	0418
-66555.09	-53116.604999999996	-102153.64499999999	-17731.844999999998	0.0	0.0	0.0	0.0	0.0	0.0	0.0	0.0	0.0	0.0	0.0	0.0	0.0	0.0	146.27586206896555	0.0	0.039367575	-0.106750215	1.00622301	6.77544	0.94612	-4.13546	3190761.0	1776544771.276433	0.0	1.0	-1.0	-1.0	-1.0	-1.0	-1.0	-1.0	-1.0	-1.0	0.0	marker	opened-hand	Open	11	0418
-66752.055	-53133.479999999996	-102454.29	-17934.57	0.0	0.0	0.0	0.0	0.0	0.0	0.0	0.0	0.0	0.0	0.0	0.0	0.0	0.0	146.27586206896555	0.0	0.039367575	-0.106750215	1.00622301	6.77544	0.94612	-4.13546	3190762.0	1776544771.28039	0.0	1.0	-1.0	-1.0	-1.0	-1.0	-1.0	-1.0	-1.0	-1.0	0.0	marker	opened-hand	Open	11	0418
-66680.19	-53135.189999999995	-102317.89499999999	-17885.52	0.0	0.0	0.0	0.0	0.0	0.0	0.0	0.0	0.0	0.0	0.0	0.0	0.0	0.0	146.27586206896555	0.0	0.039367575	-0.106750215	1.00622301	6.77544	0.94612	-4.13546	3190763.0	1776544771.28041	0.0	1.0	-1.0	-1.0	-1.0	-1.0	-1.0	-1.0	-1.0	-1.0	0.0	marker	opened-hand	Open	11	0418
-66529.485	-53126.505	-102242.655	-17845.605	0.0	0.0	0.0	0.0	0.0	0.0	0.0	0.0	0.0	0.0	0.0	0.0	0.0	0.0	146.27586206896555	0.0	0.052795275	-0.098449455	1.006161975	4.63904	1.19028	-2.65524	3190764.0	1776544771.284233	0.0	1.0	-1.0	-1.0	-1.0	-1.0	-1.0	-1.0	-1.0	-1.0	0.0	marker	opened-hand	Open	11	0418
-66432.59999999999	-53122.365	-102204.045	-17837.055	0.0	0.0	0.0	0.0	0.0	0.0	0.0	0.0	0.0	0.0	0.0	0.0	0.0	0.0	146.27586206896555	0.0	0.052795275	-0.098449455	1.006161975	4.63904	1.19028	-2.65524	3190765.0	1776544771.284252	0.0	1.0	-1.0	-1.0	-1.0	-1.0	-1.0	-1.0	-1.0	-1.0	0.0	marker	opened-hand	Open	11	0418
-66516.66	-53131.005	-102215.87999999999	-17777.745	0.0	0.0	0.0	0.0	0.0	0.0	0.0	0.0	0.0	0.0	0.0	0.0	0.0	0.0	146.27586206896555	0.0	0.052795275	-0.098449455	1.006161975	4.63904	1.19028	-2.65524	3190766.0	1776544771.288434	0.0	1.0	-1.0	-1.0	-1.0	-1.0	-1.0	-1.0	-1.0	-1.0	0.0	marker	opened-hand	Open	11	0418
-66597.885	-53125.695	-102244.14	-17823.555	0.0	0.0	0.0	0.0	0.0	0.0	0.0	0.0	0.0	0.0	0.0	0.0	0.0	0.0	146.27586206896555	0.0	0.052795275	-0.098449455	1.006161975	4.63904	1.19028	-2.65524	3190767.0	1776544771.288454	0.0	1.0	-1.0	-1.0	-1.0	-1.0	-1.0	-1.0	-1.0	-1.0	0.0	marker	opened-hand	Open	11	0418
-66824.595	-53130.96	-102475.39499999999	-18057.51	0.0	0.0	0.0	0.0	0.0	0.0	0.0	0.0	0.0	0.0	0.0	0.0	0.0	0.0	146.27586206896555	0.0	0.052795275	-0.098449455	1.006161975	4.63904	1.19028	-2.65524	3190768.0	1776544771.293676	0.0	1.0	-1.0	-1.0	-1.0	-1.0	-1.0	-1.0	-1.0	-1.0	0.0	marker	opened-hand	Open	11	0418
-66775.275	-53139.195	-102409.515	-17988.165	0.0	0.0	0.0	0.0	0.0	0.0	0.0	0.0	0.0	0.0	0.0	0.0	0.0	0.0	146.27586206896555	0.0	0.052795275	-0.098449455	1.006161975	4.63904	1.19028	-2.65524	3190769.0	1776544771.293696	0.0	1.0	-1.0	-1.0	-1.0	-1.0	-1.0	-1.0	-1.0	-1.0	0.0	marker	opened-hand	Open	11	0418
-66728.61	-53184.24	-102352.36499999999	-18001.755	0.0	0.0	0.0	0.0	0.0	0.0	0.0	0.0	0.0	0.0	0.0	0.0	0.0	0.0	146.27586206896555	0.0	0.052795275	-0.098449455	1.006161975	4.63904	1.19028	-2.65524	3190770.0	1776544771.296502	0.0	1.0	-1.0	-1.0	-1.0	-1.0	-1.0	-1.0	-1.0	-1.0	0.0	marker	opened-hand	Open	11	0418
-66583.305	-53192.88	-102136.095	-17786.969999999998	0.0	0.0	0.0	0.0	0.0	0.0	0.0	0.0	0.0	0.0	0.0	0.0	0.0	0.0	146.27586206896555	0.0	0.052795275	-0.098449455	1.006161975	4.63904	1.19028	-2.65524	3190771.0	1776544771.29652	0.0	1.0	-1.0	-1.0	-1.0	-1.0	-1.0	-1.0	-1.0	-1.0	0.0	marker	opened-hand	Open	11	0418
-66480.20999999999	-53185.275	-102114.135	-17756.594999999998	0.0	0.0	0.0	0.0	0.0	0.0	0.0	0.0	0.0	0.0	0.0	0.0	0.0	0.0	146.27586206896555	0.0	0.052795275	-0.098449455	1.006161975	4.63904	1.19028	-2.65524	3190772.0	1776544771.30249	0.0	1.0	-1.0	-1.0	-1.0	-1.0	-1.0	-1.0	-1.0	-1.0	0.0	marker	opened-hand	Open	11	0418
-66558.33	-53187.255	-102266.325	-17892.315	0.0	0.0	0.0	0.0	0.0	0.0	0.0	0.0	0.0	0.0	0.0	0.0	0.0	0.0	146.27586206896555	0.0	0.052795275	-0.098449455	1.006161975	4.63904	1.19028	-2.65524	3190773.0	1776544771.302513	0.0	1.0	-1.0	-1.0	-1.0	-1.0	-1.0	-1.0	-1.0	-1.0	0.0	marker	opened-hand	Open	11	0418
-66655.08	-53192.115	-102338.81999999999	-17939.114999999998	0.0	0.0	0.0	0.0	0.0	0.0	0.0	0.0	0.0	0.0	0.0	0.0	0.0	0.0	146.27586206896555	0.0	0.037658595	-0.108337125	1.01037339	5.08158	1.12924	-2.9757	3190774.0	1776544771.305325	0.0	1.0	-1.0	-1.0	-1.0	-1.0	-1.0	-1.0	-1.0	-1.0	0.0	marker	opened-hand	Open	11	0418
-66706.155	-53194.725	-102269.43	-17854.245	0.0	0.0	0.0	0.0	0.0	0.0	0.0	0.0	0.0	0.0	0.0	0.0	0.0	0.0	146.27586206896555	0.0	0.037658595	-0.108337125	1.01037339	5.08158	1.12924	-2.9757	3190775.0	1776544771.305345	0.0	1.0	-1.0	-1.0	-1.0	-1.0	-1.0	-1.0	-1.0	-1.0	0.0	marker	opened-hand	Open	11	0418
-66767.625	-53191.755	-102294.62999999999	-17880.93	0.0	0.0	0.0	0.0	0.0	0.0	0.0	0.0	0.0	0.0	0.0	0.0	0.0	0.0	146.27586206896555	0.0	0.037658595	-0.108337125	1.01037339	5.08158	1.12924	-2.9757	3190776.0	1776544771.308459	0.0	1.0	-1.0	-1.0	-1.0	-1.0	-1.0	-1.0	-1.0	-1.0	0.0	marker	opened-hand	Open	11	0418
-66794.13	-53195.445	-102484.17	-18089.145	0.0	0.0	0.0	0.0	0.0	0.0	0.0	0.0	0.0	0.0	0.0	0.0	0.0	0.0	146.27586206896555	0.0	0.037658595	-0.108337125	1.01037339	5.08158	1.12924	-2.9757	3190777.0	1776544771.30848	0.0	1.0	-1.0	-1.0	-1.0	-1.0	-1.0	-1.0	-1.0	-1.0	0.0	marker	opened-hand	Open	11	0418
-66633.885	-53185.68	-102263.08499999999	-17836.515	0.0	0.0	0.0	0.0	0.0	0.0	0.0	0.0	0.0	0.0	0.0	0.0	0.0	0.0	146.27586206896555	0.0	0.037658595	-0.108337125	1.01037339	5.08158	1.12924	-2.9757	3190778.0	1776544771.314463	0.0	1.0	-1.0	-1.0	-1.0	-1.0	-1.0	-1.0	-1.0	-1.0	0.0	marker	opened-hand	Open	11	0418
-66409.29	-53177.085	-102023.235	-17620.335	0.0	0.0	0.0	0.0	0.0	0.0	0.0	0.0	0.0	0.0	0.0	0.0	0.0	0.0	146.27586206896555	0.0	0.037658595	-0.108337125	1.01037339	5.08158	1.12924	-2.9757	3190779.0	1776544771.314481	0.0	1.0	-1.0	-1.0	-1.0	-1.0	-1.0	-1.0	-1.0	-1.0	0.0	marker	opened-hand	Open	11	0418
-66364.33499999999	-53181.674999999996	-102066.885	-17643.78	0.0	0.0	0.0	0.0	0.0	0.0	0.0	0.0	0.0	0.0	0.0	0.0	0.0	0.0	146.27586206896555	0.0	0.037658595	-0.108337125	1.01037339	5.08158	1.12924	-2.9757	3190780.0	1776544771.316511	0.0	1.0	-1.0	-1.0	-1.0	-1.0	-1.0	-1.0	-1.0	-1.0	0.0	marker	opened-hand	Open	11	0418
-66689.055	-53221.005	-102527.01	-18098.055	0.0	0.0	0.0	0.0	0.0	0.0	0.0	0.0	0.0	0.0	0.0	0.0	0.0	0.0	146.27586206896555	0.0	0.037658595	-0.108337125	1.01037339	5.08158	1.12924	-2.9757	3190781.0	1776544771.316536	0.0	1.0	-1.0	-1.0	-1.0	-1.0	-1.0	-1.0	-1.0	-1.0	0.0	marker	opened-hand	Open	11	0418
-66680.81999999999	-53231.04	-102399.48	-18009.945	0.0	0.0	0.0	0.0	0.0	0.0	0.0	0.0	0.0	0.0	0.0	0.0	0.0	0.0	146.27586206896555	0.0	0.037658595	-0.108337125	1.01037339	5.08158	1.12924	-2.9757	3190782.0	1776544771.320885	0.0	1.0	-1.0	-1.0	-1.0	-1.0	-1.0	-1.0	-1.0	-1.0	0.0	marker	opened-hand	Open	11	0418
-66488.44499999999	-53215.65	-102133.26	-17745.075	0.0	0.0	0.0	0.0	0.0	0.0	0.0	0.0	0.0	0.0	0.0	0.0	0.0	0.0	146.27586206896555	0.0	0.037658595	-0.108337125	1.01037339	5.08158	1.12924	-2.9757	3190783.0	1776544771.320904	0.0	1.0	-1.0	-1.0	-1.0	-1.0	-1.0	-1.0	-1.0	-1.0	0.0	marker	opened-hand	Open	11	0418
-66455.81999999999	-53205.84	-102096.495	-17725.77	0.0	0.0	0.0	0.0	0.0	0.0	0.0	0.0	0.0	0.0	0.0	0.0	0.0	0.0	146.27586206896555	0.0	0.033142005	-0.11047335	1.0120823700000001	5.84458	1.1444999999999999	-2.38056	3190784.0	1776544771.324618	0.0	1.0	-1.0	-1.0	-1.0	-1.0	-1.0	-1.0	-1.0	-1.0	0.0	marker	opened-hand	Open	11	0418
-66462.93	-53203.725	-102105.09	-17713.44	0.0	0.0	0.0	0.0	0.0	0.0	0.0	0.0	0.0	0.0	0.0	0.0	0.0	0.0	146.27586206896555	0.0	0.033142005	-0.11047335	1.0120823700000001	5.84458	1.1444999999999999	-2.38056	3190785.0	1776544771.324635	0.0	1.0	-1.0	-1.0	-1.0	-1.0	-1.0	-1.0	-1.0	-1.0	0.0	marker	opened-hand	Open	11	0418
-66507.705	-53212.454999999994	-102161.16	-17772.255	0.0	0.0	0.0	0.0	0.0	0.0	0.0	0.0	0.0	0.0	0.0	0.0	0.0	0.0	146.27586206896555	0.0	0.033142005	-0.11047335	1.0120823700000001	5.84458	1.1444999999999999	-2.38056	3190786.0	1776544771.328656	0.0	1.0	-1.0	-1.0	-1.0	-1.0	-1.0	-1.0	-1.0	-1.0	0.0	marker	opened-hand	Open	11	0418
-66561.795	-53227.35	-102205.75499999999	-17844.57	0.0	0.0	0.0	0.0	0.0	0.0	0.0	0.0	0.0	0.0	0.0	0.0	0.0	0.0	146.27586206896555	0.0	0.033142005	-0.11047335	1.0120823700000001	5.84458	1.1444999999999999	-2.38056	3190787.0	1776544771.328679	0.0	1.0	-1.0	-1.0	-1.0	-1.0	-1.0	-1.0	-1.0	-1.0	0.0	marker	opened-hand	Open	11	0418
-66680.81999999999	-53245.89	-102272.67	-17869.14	0.0	0.0	0.0	0.0	0.0	0.0	0.0	0.0	0.0	0.0	0.0	0.0	0.0	0.0	146.27586206896555	0.0	0.033142005	-0.11047335	1.0120823700000001	5.84458	1.1444999999999999	-2.38056	3190788.0	1776544771.332313	0.0	1.0	-1.0	-1.0	-1.0	-1.0	-1.0	-1.0	-1.0	-1.0	0.0	marker	opened-hand	Open	11	0418
-66633.255	-53261.28	-102352.275	-17937.809999999998	0.0	0.0	0.0	0.0	0.0	0.0	0.0	0.0	0.0	0.0	0.0	0.0	0.0	0.0	146.27586206896555	0.0	0.033142005	-0.11047335	1.0120823700000001	5.84458	1.1444999999999999	-2.38056	3190789.0	1776544771.332333	0.0	1.0	-1.0	-1.0	-1.0	-1.0	-1.0	-1.0	-1.0	-1.0	0.0	marker	opened-hand	Open	11	0418
-66771.72	-53274.329999999994	-102382.37999999999	-17996.67	0.0	0.0	0.0	0.0	0.0	0.0	0.0	0.0	0.0	0.0	0.0	0.0	0.0	0.0	146.27586206896555	0.0	0.033142005	-0.11047335	1.0120823700000001	5.84458	1.1444999999999999	-2.38056	3190790.0	1776544771.33734	0.0	1.0	-1.0	-1.0	-1.0	-1.0	-1.0	-1.0	-1.0	-1.0	0.0	marker	opened-hand	Open	11	0418
-66759.705	-53260.65	-102279.15	-17832.87	0.0	0.0	0.0	0.0	0.0	0.0	0.0	0.0	0.0	0.0	0.0	0.0	0.0	0.0	146.27586206896555	0.0	0.033142005	-0.11047335	1.0120823700000001	5.84458	1.1444999999999999	-2.38056	3190791.0	1776544771.337361	0.0	1.0	-1.0	-1.0	-1.0	-1.0	-1.0	-1.0	-1.0	-1.0	0.0	marker	opened-hand	Open	11	0418
-66590.775	-53248.095	-102104.55	-17655.48	0.0	0.0	0.0	0.0	0.0	0.0	0.0	0.0	0.0	0.0	0.0	0.0	0.0	0.0	146.27586206896555	0.0	0.033142005	-0.11047335	1.0120823700000001	5.84458	1.1444999999999999	-2.38056	3190792.0	1776544771.340716	0.0	1.0	-1.0	-1.0	-1.0	-1.0	-1.0	-1.0	-1.0	-1.0	0.0	marker	opened-hand	Open	11	0418
-66653.325	-53248.77	-102255.885	-17844.795	0.0	0.0	0.0	0.0	0.0	0.0	0.0	0.0	0.0	0.0	0.0	0.0	0.0	0.0	146.27586206896555	0.0	0.033142005	-0.11047335	1.0120823700000001	5.84458	1.1444999999999999	-2.38056	3190793.0	1776544771.340734	0.0	1.0	-1.0	-1.0	-1.0	-1.0	-1.0	-1.0	-1.0	-1.0	0.0	marker	opened-hand	Open	11	0418
-66645.18	-53242.335	-102408.03	-18050.579999999998	0.0	0.0	0.0	0.0	0.0	0.0	0.0	0.0	0.0	0.0	0.0	0.0	0.0	0.0	146.27586206896555	0.0	0.029113695000000002	-0.09973119	1.0082982	2.6857599999999997	1.70912	-1.19028	3190794.0	1776544771.344659	0.0	1.0	-1.0	-1.0	-1.0	-1.0	-1.0	-1.0	-1.0	-1.0	0.0	marker	opened-hand	Open	11	0418
-66388.095	-53208.72	-102024.26999999999	-17589.735	0.0	0.0	0.0	0.0	0.0	0.0	0.0	0.0	0.0	0.0	0.0	0.0	0.0	0.0	146.27586206896555	0.0	0.029113695000000002	-0.09973119	1.0082982	2.6857599999999997	1.70912	-1.19028	3190795.0	1776544771.344678	0.0	1.0	-1.0	-1.0	-1.0	-1.0	-1.0	-1.0	-1.0	-1.0	0.0	marker	opened-hand	Open	11	0418
-66272.94	-53209.215	-101945.79	-17509.23	0.0	0.0	0.0	0.0	0.0	0.0	0.0	0.0	0.0	0.0	0.0	0.0	0.0	0.0	146.27586206896555	0.0	0.029113695000000002	-0.09973119	1.0082982	2.6857599999999997	1.70912	-1.19028	3190796.0	1776544771.348527	0.0	1.0	-1.0	-1.0	-1.0	-1.0	-1.0	-1.0	-1.0	-1.0	0.0	marker	opened-hand	Open	11	0418
-66692.7	-53247.015	-102307.815	-17891.415	0.0	0.0	0.0	0.0	0.0	0.0	0.0	0.0	0.0	0.0	0.0	0.0	0.0	0.0	146.27586206896555	0.0	0.029113695000000002	-0.09973119	1.0082982	2.6857599999999997	1.70912	-1.19028	3190797.0	1776544771.348549	0.0	1.0	-1.0	-1.0	-1.0	-1.0	-1.0	-1.0	-1.0	-1.0	0.0	marker	opened-hand	Open	11	0418
-66656.7	-53253.134999999995	-102326.67	-18008.055	0.0	0.0	0.0	0.0	0.0	0.0	0.0	0.0	0.0	0.0	0.0	0.0	0.0	0.0	146.27586206896555	0.0	0.029113695000000002	-0.09973119	1.0082982	2.6857599999999997	1.70912	-1.19028	3190798.0	1776544771.352596	0.0	1.0	-1.0	-1.0	-1.0	-1.0	-1.0	-1.0	-1.0	-1.0	0.0	marker	opened-hand	Open	11	0418
-66530.565	-53250.479999999996	-102239.325	-17905.815	0.0	0.0	0.0	0.0	0.0	0.0	0.0	0.0	0.0	0.0	0.0	0.0	0.0	0.0	146.27586206896555	0.0	0.029113695000000002	-0.09973119	1.0082982	2.6857599999999997	1.70912	-1.19028	3190799.0	1776544771.352615	0.0	1.0	-1.0	-1.0	-1.0	-1.0	-1.0	-1.0	-1.0	-1.0	0.0	marker	opened-hand	Open	11	0418
-66610.485	-53250.075	-102393.72	-17971.335	0.0	0.0	0.0	0.0	0.0	0.0	0.0	0.0	0.0	0.0	0.0	0.0	0.0	0.0	146.27586206896555	0.0	0.029113695000000002	-0.09973119	1.0082982	2.6857599999999997	1.70912	-1.19028	3190800.0	1776544771.356582	0.0	1.0	-1.0	-1.0	-1.0	-1.0	-1.0	-1.0	-1.0	-1.0	0.0	marker	opened-hand	Open	11	0418
-66802.095	-53247.825	-102606.165	-18172.71	0.0	0.0	0.0	0.0	0.0	0.0	0.0	0.0	0.0	0.0	0.0	0.0	0.0	0.0	146.27586206896555	0.0	0.029113695000000002	-0.09973119	1.0082982	2.6857599999999997	1.70912	-1.19028	3190801.0	1776544771.356602	0.0	1.0	-1.0	-1.0	-1.0	-1.0	-1.0	-1.0	-1.0	-1.0	0.0	marker	opened-hand	Open	11	0418
-66864.645	-53241.165	-102642.84	-18224.73	0.0	0.0	0.0	0.0	0.0	0.0	0.0	0.0	0.0	0.0	0.0	0.0	0.0	0.0	146.27586206896555	0.0	0.029113695000000002	-0.09973119	1.0082982	2.6857599999999997	1.70912	-1.19028	3190802.0	1776544771.360711	0.0	1.0	-1.0	-1.0	-1.0	-1.0	-1.0	-1.0	-1.0	-1.0	0.0	marker	opened-hand	Open	11	0418
-66682.89	-53222.67	-102385.575	-17988.39	0.0	0.0	0.0	0.0	0.0	0.0	0.0	0.0	0.0	0.0	0.0	0.0	0.0	0.0	146.27586206896555	0.0	0.029113695000000002	-0.09973119	1.0082982	2.6857599999999997	1.70912	-1.19028	3190803.0	1776544771.360732	0.0	1.0	-1.0	-1.0	-1.0	-1.0	-1.0	-1.0	-1.0	-1.0	0.0	marker	opened-hand	Open	11	0418
-66605.44499999999	-53225.82	-102256.29	-17874.989999999998	0.0	0.0	0.0	0.0	0.0	0.0	0.0	0.0	0.0	0.0	0.0	0.0	0.0	0.0	146.27586206896555	0.0	0.02697747	-0.10388157	1.00793199	2.33478	1.8006799999999998	-0.44254	3190804.0	1776544771.364648	0.0	1.0	-1.0	-1.0	-1.0	-1.0	-1.0	-1.0	-1.0	-1.0	0.0	marker	opened-hand	Open	11	0418
-66429.315	-53229.735	-102084.39	-17709.614999999998	0.0	0.0	0.0	0.0	0.0	0.0	0.0	0.0	0.0	0.0	0.0	0.0	0.0	0.0	146.27586206896555	0.0	0.02697747	-0.10388157	1.00793199	2.33478	1.8006799999999998	-0.44254	3190805.0	1776544771.364667	0.0	1.0	-1.0	-1.0	-1.0	-1.0	-1.0	-1.0	-1.0	-1.0	0.0	marker	opened-hand	Open	11	0418
-66293.955	-53239.005	-101957.805	-17566.47	0.0	0.0	0.0	0.0	0.0	0.0	0.0	0.0	0.0	0.0	0.0	0.0	0.0	0.0	146.27586206896555	0.0	0.02697747	-0.10388157	1.00793199	2.33478	1.8006799999999998	-0.44254	3190806.0	1776544771.368729	0.0	1.0	-1.0	-1.0	-1.0	-1.0	-1.0	-1.0	-1.0	-1.0	0.0	marker	opened-hand	Open	11	0418
-66390.93	-53250.345	-102079.665	-17657.37	0.0	0.0	0.0	0.0	0.0	0.0	0.0	0.0	0.0	0.0	0.0	0.0	0.0	0.0	146.27586206896555	0.0	0.02697747	-0.10388157	1.00793199	2.33478	1.8006799999999998	-0.44254	3190807.0	1776544771.368748	0.0	1.0	-1.0	-1.0	-1.0	-1.0	-1.0	-1.0	-1.0	-1.0	0.0	marker	opened-hand	Open	11	0418
-66680.055	-53263.305	-102346.29	-17885.745	0.0	0.0	0.0	0.0	0.0	0.0	0.0	0.0	0.0	0.0	0.0	0.0	0.0	0.0	146.27586206896555	0.0	0.02697747	-0.10388157	1.00793199	2.33478	1.8006799999999998	-0.44254	3190808.0	1776544771.372668	0.0	1.0	-1.0	-1.0	-1.0	-1.0	-1.0	-1.0	-1.0	-1.0	0.0	marker	opened-hand	Open	11	0418
-66821.31	-53272.755	-102567.87	-18147.555	0.0	0.0	0.0	0.0	0.0	0.0	0.0	0.0	0.0	0.0	0.0	0.0	0.0	0.0	146.27586206896555	0.0	0.02697747	-0.10388157	1.00793199	2.33478	1.8006799999999998	-0.44254	3190809.0	1776544771.372686	0.0	1.0	-1.0	-1.0	-1.0	-1.0	-1.0	-1.0	-1.0	-1.0	0.0	marker	opened-hand	Open	11	0418
-66823.29	-53268.93	-102518.55	-18108.765	0.0	0.0	0.0	0.0	0.0	0.0	0.0	0.0	0.0	0.0	0.0	0.0	0.0	0.0	146.27586206896555	0.0	0.02697747	-0.10388157	1.00793199	2.33478	1.8006799999999998	-0.44254	3190810.0	1776544771.376661	0.0	1.0	-1.0	-1.0	-1.0	-1.0	-1.0	-1.0	-1.0	-1.0	0.0	marker	opened-hand	Open	11	0418
-66627.27	-53260.695	-102286.98	-17868.915	0.0	0.0	0.0	0.0	0.0	0.0	0.0	0.0	0.0	0.0	0.0	0.0	0.0	0.0	146.27586206896555	0.0	0.02697747	-0.10388157	1.00793199	2.33478	1.8006799999999998	-0.44254	3190811.0	1776544771.37668	0.0	1.0	-1.0	-1.0	-1.0	-1.0	-1.0	-1.0	-1.0	-1.0	0.0	marker	opened-hand	Open	11	0418
-66350.205	-53255.744999999995	-102127.995	-17731.53	0.0	0.0	0.0	0.0	0.0	0.0	0.0	0.0	0.0	0.0	0.0	0.0	0.0	0.0	146.27586206896555	0.0	0.02697747	-0.10388157	1.00793199	2.33478	1.8006799999999998	-0.44254	3190812.0	1776544771.383401	0.0	1.0	-1.0	-1.0	-1.0	-1.0	-1.0	-1.0	-1.0	-1.0	0.0	marker	opened-hand	Open	11	0418
-66586.77	-53273.295	-102278.47499999999	-17899.92	0.0	0.0	0.0	0.0	0.0	0.0	0.0	0.0	0.0	0.0	0.0	0.0	0.0	0.0	146.27586206896555	0.0	0.02697747	-0.10388157	1.00793199	2.33478	1.8006799999999998	-0.44254	3190813.0	1776544771.383419	0.0	1.0	-1.0	-1.0	-1.0	-1.0	-1.0	-1.0	-1.0	-1.0	0.0	marker	opened-hand	Open	11	0418
-66697.155	-53270.685	-102171.69	-17814.239999999998	0.0	0.0	0.0	0.0	0.0	0.0	0.0	0.0	0.0	0.0	0.0	0.0	0.0	0.0	146.27586206896555	0.0	0.03137199	-0.12707487	1.013730315	3.7539599999999997	1.09872	-2.5484199999999997	3190814.0	1776544771.386375	0.0	1.0	-1.0	-1.0	-1.0	-1.0	-1.0	-1.0	-1.0	-1.0	0.0	marker	opened-hand	Open	11	0418
-66784.95	-53281.89	-102327.165	-17977.995	0.0	0.0	0.0	0.0	0.0	0.0	0.0	0.0	0.0	0.0	0.0	0.0	0.0	0.0	146.27586206896555	0.0	0.03137199	-0.12707487	1.013730315	3.7539599999999997	1.09872	-2.5484199999999997	3190815.0	1776544771.386394	0.0	1.0	-1.0	-1.0	-1.0	-1.0	-1.0	-1.0	-1.0	-1.0	0.0	marker	opened-hand	Open	11	0418
-66708.54	-53290.89	-102456.675	-18016.695	0.0	0.0	0.0	0.0	0.0	0.0	0.0	0.0	0.0	0.0	0.0	0.0	0.0	0.0	146.27586206896555	0.0	0.03137199	-0.12707487	1.013730315	3.7539599999999997	1.09872	-2.5484199999999997	3190816.0	1776544771.38873	0.0	1.0	-1.0	-1.0	-1.0	-1.0	-1.0	-1.0	-1.0	-1.0	0.0	marker	opened-hand	Open	11	0418
-66527.64	-53283.104999999996	-102279.33	-17810.64	0.0	0.0	0.0	0.0	0.0	0.0	0.0	0.0	0.0	0.0	0.0	0.0	0.0	0.0	146.27586206896555	0.0	0.03137199	-0.12707487	1.013730315	3.7539599999999997	1.09872	-2.5484199999999997	3190817.0	1776544771.388748	0.0	1.0	-1.0	-1.0	-1.0	-1.0	-1.0	-1.0	-1.0	-1.0	0.0	marker	opened-hand	Open	11	0418
-66601.305	-53284.77	-102176.955	-17687.745	0.0	0.0	0.0	0.0	0.0	0.0	0.0	0.0	0.0	0.0	0.0	0.0	0.0	0.0	146.27586206896555	0.0	0.03137199	-0.12707487	1.013730315	3.7539599999999997	1.09872	-2.5484199999999997	3190818.0	1776544771.392763	0.0	1.0	-1.0	-1.0	-1.0	-1.0	-1.0	-1.0	-1.0	-1.0	0.0	marker	opened-hand	Open	11	0418
-66538.395	-53281.575	-102140.415	-17700.704999999998	0.0	0.0	0.0	0.0	0.0	0.0	0.0	0.0	0.0	0.0	0.0	0.0	0.0	0.0	146.27586206896555	0.0	0.03137199	-0.12707487	1.013730315	3.7539599999999997	1.09872	-2.5484199999999997	3190819.0	1776544771.392781	0.0	1.0	-1.0	-1.0	-1.0	-1.0	-1.0	-1.0	-1.0	-1.0	0.0	marker	opened-hand	Open	11	0418
-66460.72499999999	-53281.079999999994	-102224.43	-17887.274999999998	0.0	0.0	0.0	0.0	0.0	0.0	0.0	0.0	0.0	0.0	0.0	0.0	0.0	0.0	146.27586206896555	0.0	0.03137199	-0.12707487	1.013730315	3.7539599999999997	1.09872	-2.5484199999999997	3190820.0	1776544771.396711	0.0	1.0	-1.0	-1.0	-1.0	-1.0	-1.0	-1.0	-1.0	-1.0	0.0	marker	opened-hand	Open	11	0418
-66763.62	-53295.255	-102407.22	-17973.855	0.0	0.0	0.0	0.0	0.0	0.0	0.0	0.0	0.0	0.0	0.0	0.0	0.0	0.0	146.27586206896555	0.0	0.03137199	-0.12707487	1.013730315	3.7539599999999997	1.09872	-2.5484199999999997	3190821.0	1776544771.396729	0.0	1.0	-1.0	-1.0	-1.0	-1.0	-1.0	-1.0	-1.0	-1.0	0.0	marker	opened-hand	Open	11	0418
-66876.165	-53320.185	-102516.885	-18090.315	0.0	0.0	0.0	0.0	0.0	0.0	0.0	0.0	0.0	0.0	0.0	0.0	0.0	0.0	146.27586206896555	0.0	0.03137199	-0.12707487	1.013730315	3.7539599999999997	1.09872	-2.5484199999999997	3190822.0	1776544771.401674	0.0	1.0	-1.0	-1.0	-1.0	-1.0	-1.0	-1.0	-1.0	-1.0	0.0	marker	opened-hand	Open	11	0418
-66586.905	-53311.77	-102322.98	-17970.795	0.0	0.0	0.0	0.0	0.0	0.0	0.0	0.0	0.0	0.0	0.0	0.0	0.0	0.0	146.27586206896555	0.0	0.03137199	-0.12707487	1.013730315	3.7539599999999997	1.09872	-2.5484199999999997	3190823.0	1776544771.401692	0.0	1.0	-1.0	-1.0	-1.0	-1.0	-1.0	-1.0	-1.0	-1.0	0.0	marker	opened-hand	Open	11	0418
-66656.205	-53308.125	-102324.825	-17885.61	0.0	0.0	0.0	0.0	0.0	0.0	0.0	0.0	0.0	0.0	0.0	0.0	0.0	0.0	146.27586206896555	0.0	0.028503345	-0.13232388	1.01513412	6.60758	1.12924	-3.92182	3190824.0	1776544771.411258	0.0	1.0	-1.0	-1.0	-1.0	-1.0	-1.0	-1.0	-1.0	-1.0	0.0	marker	opened-hand	Open	11	0418
-66728.06999999999	-53323.965	-102343.00499999999	-17886.239999999998	0.0	0.0	0.0	0.0	0.0	0.0	0.0	0.0	0.0	0.0	0.0	0.0	0.0	0.0	146.27586206896555	0.0	0.028503345	-0.13232388	1.01513412	6.60758	1.12924	-3.92182	3190825.0	1776544771.411279	0.0	1.0	-1.0	-1.0	-1.0	-1.0	-1.0	-1.0	-1.0	-1.0	0.0	marker	opened-hand	Open	11	0418
-66654.045	-53371.935	-102271.635	-17858.88	0.0	0.0	0.0	0.0	0.0	0.0	0.0	0.0	0.0	0.0	0.0	0.0	0.0	0.0	146.27586206896555	0.0	0.028503345	-0.13232388	1.01513412	6.60758	1.12924	-3.92182	3190826.0	1776544771.411304	0.0	1.0	-1.0	-1.0	-1.0	-1.0	-1.0	-1.0	-1.0	-1.0	0.0	marker	opened-hand	Open	11	0418
-66567.23999999999	-53385.57	-102323.06999999999	-17915.67	0.0	0.0	0.0	0.0	0.0	0.0	0.0	0.0	0.0	0.0	0.0	0.0	0.0	0.0	146.27586206896555	0.0	0.028503345	-0.13232388	1.01513412	6.60758	1.12924	-3.92182	3190827.0	1776544771.411322	0.0	1.0	-1.0	-1.0	-1.0	-1.0	-1.0	-1.0	-1.0	-1.0	0.0	marker	opened-hand	Open	11	0418
-66664.70999999999	-53392.229999999996	-102417.705	-18013.815	0.0	0.0	0.0	0.0	0.0	0.0	0.0	0.0	0.0	0.0	0.0	0.0	0.0	0.0	146.27586206896555	0.0	0.028503345	-0.13232388	1.01513412	6.60758	1.12924	-3.92182	3190828.0	1776544771.414189	0.0	1.0	-1.0	-1.0	-1.0	-1.0	-1.0	-1.0	-1.0	-1.0	0.0	marker	opened-hand	Open	11	0418
-66662.37	-53400.78	-102342.78	-17890.065	0.0	0.0	0.0	0.0	0.0	0.0	0.0	0.0	0.0	0.0	0.0	0.0	0.0	0.0	146.27586206896555	0.0	0.028503345	-0.13232388	1.01513412	6.60758	1.12924	-3.92182	3190829.0	1776544771.414208	0.0	1.0	-1.0	-1.0	-1.0	-1.0	-1.0	-1.0	-1.0	-1.0	0.0	marker	opened-hand	Open	11	0418
-66367.8	-53406.72	-102141.36	-17654.445	0.0	0.0	0.0	0.0	0.0	0.0	0.0	0.0	0.0	0.0	0.0	0.0	0.0	0.0	146.27586206896555	0.0	0.028503345	-0.13232388	1.01513412	6.60758	1.12924	-3.92182	3190830.0	1776544771.417421	0.0	1.0	-1.0	-1.0	-1.0	-1.0	-1.0	-1.0	-1.0	-1.0	0.0	marker	opened-hand	Open	11	0418
-66399.345	-53414.549999999996	-102106.305	-17678.745	0.0	0.0	0.0	0.0	0.0	0.0	0.0	0.0	0.0	0.0	0.0	0.0	0.0	0.0	146.27586206896555	0.0	0.028503345	-0.13232388	1.01513412	6.60758	1.12924	-3.92182	3190831.0	1776544771.417438	0.0	1.0	-1.0	-1.0	-1.0	-1.0	-1.0	-1.0	-1.0	-1.0	0.0	marker	opened-hand	Open	11	0418
-66414.87	-53405.189999999995	-101946.375	-17530.875	0.0	0.0	0.0	0.0	0.0	0.0	0.0	0.0	0.0	0.0	0.0	0.0	0.0	0.0	146.27586206896555	0.0	0.028503345	-0.13232388	1.01513412	6.60758	1.12924	-3.92182	3190832.0	1776544771.422524	0.0	1.0	-1.0	-1.0	-1.0	-1.0	-1.0	-1.0	-1.0	-1.0	0.0	marker	opened-hand	Open	11	0418
-66612.555	-53424.314999999995	-102280.095	-17878.86	0.0	0.0	0.0	0.0	0.0	0.0	0.0	0.0	0.0	0.0	0.0	0.0	0.0	0.0	146.27586206896555	0.0	0.028503345	-0.13232388	1.01513412	6.60758	1.12924	-3.92182	3190833.0	1776544771.422545	0.0	1.0	-1.0	-1.0	-1.0	-1.0	-1.0	-1.0	-1.0	-1.0	0.0	marker	opened-hand	Open	11	0418
-66565.44	-53426.744999999995	-102425.4	-18024.84	0.0	0.0	0.0	0.0	0.0	0.0	0.0	0.0	0.0	0.0	0.0	0.0	0.0	0.0	146.27586206896555	0.0	0.024963315	-0.1171872	1.01781966	5.08158	0.3815	-1.31236	3190834.0	1776544771.424949	0.0	1.0	-1.0	-1.0	-1.0	-1.0	-1.0	-1.0	-1.0	-1.0	0.0	marker	opened-hand	Open	11	0418
-66593.565	-53418.329999999994	-102371.89499999999	-17935.02	0.0	0.0	0.0	0.0	0.0	0.0	0.0	0.0	0.0	0.0	0.0	0.0	0.0	0.0	146.27586206896555	0.0	0.024963315	-0.1171872	1.01781966	5.08158	0.3815	-1.31236	3190835.0	1776544771.424969	0.0	1.0	-1.0	-1.0	-1.0	-1.0	-1.0	-1.0	-1.0	-1.0	0.0	marker	opened-hand	Open	11	0418
-66712.995	-53419.32	-102355.56	-17931.195	0.0	0.0	0.0	0.0	0.0	0.0	0.0	0.0	0.0	0.0	0.0	0.0	0.0	0.0	146.27586206896555	0.0	0.024963315	-0.1171872	1.01781966	5.08158	0.3815	-1.31236	3190836.0	1776544771.430358	0.0	1.0	-1.0	-1.0	-1.0	-1.0	-1.0	-1.0	-1.0	-1.0	0.0	marker	opened-hand	Open	11	0418
-66622.77	-53417.7	-102250.44	-17862.975	0.0	0.0	0.0	0.0	0.0	0.0	0.0	0.0	0.0	0.0	0.0	0.0	0.0	0.0	146.27586206896555	0.0	0.024963315	-0.1171872	1.01781966	5.08158	0.3815	-1.31236	3190837.0	1776544771.430376	0.0	1.0	-1.0	-1.0	-1.0	-1.0	-1.0	-1.0	-1.0	-1.0	0.0	marker	opened-hand	Open	11	0418
-66610.665	-53416.305	-102270.825	-17870.985	0.0	0.0	0.0	0.0	0.0	0.0	0.0	0.0	0.0	0.0	0.0	0.0	0.0	0.0	146.27586206896555	0.0	0.024963315	-0.1171872	1.01781966	5.08158	0.3815	-1.31236	3190838.0	1776544771.433421	0.0	1.0	-1.0	-1.0	-1.0	-1.0	-1.0	-1.0	-1.0	-1.0	0.0	marker	opened-hand	Open	11	0418
-66788.81999999999	-53416.755	-102386.025	-17973.809999999998	0.0	0.0	0.0	0.0	0.0	0.0	0.0	0.0	0.0	0.0	0.0	0.0	0.0	0.0	146.27586206896555	0.0	0.024963315	-0.1171872	1.01781966	5.08158	0.3815	-1.31236	3190839.0	1776544771.43344	0.0	1.0	-1.0	-1.0	-1.0	-1.0	-1.0	-1.0	-1.0	-1.0	0.0	marker	opened-hand	Open	11	0418
-66698.505	-53412.659999999996	-102352.86	-17971.605	0.0	0.0	0.0	0.0	0.0	0.0	0.0	0.0	0.0	0.0	0.0	0.0	0.0	0.0	146.27586206896555	0.0	0.024963315	-0.1171872	1.01781966	5.08158	0.3815	-1.31236	3190840.0	1776544771.436802	0.0	1.0	-1.0	-1.0	-1.0	-1.0	-1.0	-1.0	-1.0	-1.0	0.0	marker	opened-hand	Open	11	0418
-66582.0	-53394.84	-102272.94	-17835.795	0.0	0.0	0.0	0.0	0.0	0.0	0.0	0.0	0.0	0.0	0.0	0.0	0.0	0.0	146.27586206896555	0.0	0.024963315	-0.1171872	1.01781966	5.08158	0.3815	-1.31236	3190841.0	1776544771.436822	0.0	1.0	-1.0	-1.0	-1.0	-1.0	-1.0	-1.0	-1.0	-1.0	0.0	marker	opened-hand	Open	11	0418
-66635.505	-53376.704999999994	-102234.64499999999	-17755.155	0.0	0.0	0.0	0.0	0.0	0.0	0.0	0.0	0.0	0.0	0.0	0.0	0.0	0.0	146.27586206896555	0.0	0.024963315	-0.1171872	1.01781966	5.08158	0.3815	-1.31236	3190842.0	1776544771.44097	0.0	1.0	-1.0	-1.0	-1.0	-1.0	-1.0	-1.0	-1.0	-1.0	0.0	marker	opened-hand	Open	11	0418
-66648.51	-53370.54	-102399.39	-17955.315	0.0	0.0	0.0	0.0	0.0	0.0	0.0	0.0	0.0	0.0	0.0	0.0	0.0	0.0	146.27586206896555	0.0	0.024963315	-0.1171872	1.01781966	5.08158	0.3815	-1.31236	3190843.0	1776544771.440988	0.0	1.0	-1.0	-1.0	-1.0	-1.0	-1.0	-1.0	-1.0	-1.0	0.0	marker	opened-hand	Open	11	0418
-66605.58	-53359.38	-102373.245	-17944.559999999998	0.0	0.0	0.0	0.0	0.0	0.0	0.0	0.0	0.0	0.0	0.0	0.0	0.0	0.0	146.27586206896555	0.0	0.023376405	-0.10424778	1.01818587	2.24322	0.04578	-1.26658	3190844.0	1776544771.444952	0.0	1.0	-1.0	-1.0	-1.0	-1.0	-1.0	-1.0	-1.0	-1.0	0.0	marker	opened-hand	Open	11	0418
-66565.70999999999	-53341.965	-102091.41	-17642.655	0.0	0.0	0.0	0.0	0.0	0.0	0.0	0.0	0.0	0.0	0.0	0.0	0.0	0.0	146.27586206896555	0.0	0.023376405	-0.10424778	1.01818587	2.24322	0.04578	-1.26658	3190845.0	1776544771.44497	0.0	1.0	-1.0	-1.0	-1.0	-1.0	-1.0	-1.0	-1.0	-1.0	0.0	marker	opened-hand	Open	11	0418
-66484.34999999999	-53347.095	-102050.81999999999	-17621.595	0.0	0.0	0.0	0.0	0.0	0.0	0.0	0.0	0.0	0.0	0.0	0.0	0.0	0.0	146.27586206896555	0.0	0.023376405	-0.10424778	1.01818587	2.24322	0.04578	-1.26658	3190846.0	1776544771.44897	0.0	1.0	-1.0	-1.0	-1.0	-1.0	-1.0	-1.0	-1.0	-1.0	0.0	marker	opened-hand	Open	11	0418
-66510.72	-53365.005	-102233.43	-17767.71	0.0	0.0	0.0	0.0	0.0	0.0	0.0	0.0	0.0	0.0	0.0	0.0	0.0	0.0	146.27586206896555	0.0	0.023376405	-0.10424778	1.01818587	2.24322	0.04578	-1.26658	3190847.0	1776544771.448989	0.0	1.0	-1.0	-1.0	-1.0	-1.0	-1.0	-1.0	-1.0	-1.0	0.0	marker	opened-hand	Open	11	0418
-66601.575	-53371.17	-102438.62999999999	-18007.11	0.0	0.0	0.0	0.0	0.0	0.0	0.0	0.0	0.0	0.0	0.0	0.0	0.0	0.0	146.27586206896555	0.0	0.023376405	-0.10424778	1.01818587	2.24322	0.04578	-1.26658	3190848.0	1776544771.452938	0.0	1.0	-1.0	-1.0	-1.0	-1.0	-1.0	-1.0	-1.0	-1.0	0.0	marker	opened-hand	Open	11	0418
-66359.385	-53343.314999999995	-102145.31999999999	-17752.545	0.0	0.0	0.0	0.0	0.0	0.0	0.0	0.0	0.0	0.0	0.0	0.0	0.0	0.0	146.27586206896555	0.0	0.023376405	-0.10424778	1.01818587	2.24322	0.04578	-1.26658	3190849.0	1776544771.452957	0.0	1.0	-1.0	-1.0	-1.0	-1.0	-1.0	-1.0	-1.0	-1.0	0.0	marker	opened-hand	Open	11	0418
-66664.62	-53352.765	-102419.81999999999	-18051.704999999998	0.0	0.0	0.0	0.0	0.0	0.0	0.0	0.0	0.0	0.0	0.0	0.0	0.0	0.0	146.27586206896555	0.0	0.023376405	-0.10424778	1.01818587	2.24322	0.04578	-1.26658	3190850.0	1776544771.45699	0.0	1.0	-1.0	-1.0	-1.0	-1.0	-1.0	-1.0	-1.0	-1.0	0.0	marker	opened-hand	Open	11	0418
-66843.045	-53354.744999999995	-102439.44	-18056.16	0.0	0.0	0.0	0.0	0.0	0.0	0.0	0.0	0.0	0.0	0.0	0.0	0.0	0.0	146.27586206896555	0.0	0.023376405	-0.10424778	1.01818587	2.24322	0.04578	-1.26658	3190851.0	1776544771.457008	0.0	1.0	-1.0	-1.0	-1.0	-1.0	-1.0	-1.0	-1.0	-1.0	0.0	marker	opened-hand	Open	11	0418
-66697.92	-53336.115	-102355.155	-17923.59	0.0	0.0	0.0	0.0	0.0	0.0	0.0	0.0	0.0	0.0	0.0	0.0	0.0	0.0	146.27586206896555	0.0	0.023376405	-0.10424778	1.01818587	2.24322	0.04578	-1.26658	3190852.0	1776544771.461228	0.0	1.0	-1.0	-1.0	-1.0	-1.0	-1.0	-1.0	-1.0	-1.0	0.0	marker	opened-hand	Open	11	0418
-66686.355	-53338.185	-102479.84999999999	-18054.989999999998	0.0	0.0	0.0	0.0	0.0	0.0	0.0	0.0	0.0	0.0	0.0	0.0	0.0	0.0	146.27586206896555	0.0	0.023376405	-0.10424778	1.01818587	2.24322	0.04578	-1.26658	3190853.0	1776544771.461249	0.0	1.0	-1.0	-1.0	-1.0	-1.0	-1.0	-1.0	-1.0	-1.0	0.0	marker	opened-hand	Open	11	0418
-66645.495	-53339.174999999996	-102379.23	-17943.03	0.0	0.0	0.0	0.0	0.0	0.0	0.0	0.0	0.0	0.0	0.0	0.0	0.0	0.0	146.27586206896555	0.0	0.030822675	-0.104186745	1.01427963	3.64714	0.10682	-1.2055399999999998	3190854.0	1776544771.46511	0.0	1.0	-1.0	-1.0	-1.0	-1.0	-1.0	-1.0	-1.0	-1.0	0.0	marker	opened-hand	Open	11	0418
-66764.79	-53351.865	-102399.3	-17958.42	0.0	0.0	0.0	0.0	0.0	0.0	0.0	0.0	0.0	0.0	0.0	0.0	0.0	0.0	146.27586206896555	0.0	0.030822675	-0.104186745	1.01427963	3.64714	0.10682	-1.2055399999999998	3190855.0	1776544771.465128	0.0	1.0	-1.0	-1.0	-1.0	-1.0	-1.0	-1.0	-1.0	-1.0	0.0	marker	opened-hand	Open	11	0418
-66745.935	-53348.445	-102413.11499999999	-17964.945	0.0	0.0	0.0	0.0	0.0	0.0	0.0	0.0	0.0	0.0	0.0	0.0	0.0	0.0	146.27586206896555	0.0	0.030822675	-0.104186745	1.01427963	3.64714	0.10682	-1.2055399999999998	3190856.0	1776544771.469075	0.0	1.0	-1.0	-1.0	-1.0	-1.0	-1.0	-1.0	-1.0	-1.0	0.0	marker	opened-hand	Open	11	0418
-66556.53	-53333.009999999995	-102239.19	-17780.309999999998	0.0	0.0	0.0	0.0	0.0	0.0	0.0	0.0	0.0	0.0	0.0	0.0	0.0	0.0	146.27586206896555	0.0	0.030822675	-0.104186745	1.01427963	3.64714	0.10682	-1.2055399999999998	3190857.0	1776544771.469093	0.0	1.0	-1.0	-1.0	-1.0	-1.0	-1.0	-1.0	-1.0	-1.0	0.0	marker	opened-hand	Open	11	0418
-66452.715	-53318.07	-102049.065	-17635.815	0.0	0.0	0.0	0.0	0.0	0.0	0.0	0.0	0.0	0.0	0.0	0.0	0.0	0.0	146.27586206896555	0.0	0.030822675	-0.104186745	1.01427963	3.64714	0.10682	-1.2055399999999998	3190858.0	1776544771.473159	0.0	1.0	-1.0	-1.0	-1.0	-1.0	-1.0	-1.0	-1.0	-1.0	0.0	marker	opened-hand	Open	11	0418
-66417.255	-53313.57	-102121.33499999999	-17712.0	0.0	0.0	0.0	0.0	0.0	0.0	0.0	0.0	0.0	0.0	0.0	0.0	0.0	0.0	146.27586206896555	0.0	0.030822675	-0.104186745	1.01427963	3.64714	0.10682	-1.2055399999999998	3190859.0	1776544771.473177	0.0	1.0	-1.0	-1.0	-1.0	-1.0	-1.0	-1.0	-1.0	-1.0	0.0	marker	opened-hand	Open	11	0418
-66322.755	-53307.045	-102074.84999999999	-17631.54	0.0	0.0	0.0	0.0	0.0	0.0	0.0	0.0	0.0	0.0	0.0	0.0	0.0	0.0	146.27586206896555	0.0	0.030822675	-0.104186745	1.01427963	3.64714	0.10682	-1.2055399999999998	3190860.0	1776544771.480264	0.0	1.0	-1.0	-1.0	-1.0	-1.0	-1.0	-1.0	-1.0	-1.0	0.0	marker	opened-hand	Open	11	0418
-66775.815	-53345.115	-102456.54	-17999.954999999998	0.0	0.0	0.0	0.0	0.0	0.0	0.0	0.0	0.0	0.0	0.0	0.0	0.0	0.0	146.27586206896555	0.0	0.030822675	-0.104186745	1.01427963	3.64714	0.10682	-1.2055399999999998	3190861.0	1776544771.480282	0.0	1.0	-1.0	-1.0	-1.0	-1.0	-1.0	-1.0	-1.0	-1.0	0.0	marker	opened-hand	Open	11	0418
-66646.035	-53348.895	-102413.7	-17949.555	0.0	0.0	0.0	0.0	0.0	0.0	0.0	0.0	0.0	0.0	0.0	0.0	0.0	0.0	146.27586206896555	0.0	0.030822675	-0.104186745	1.01427963	3.64714	0.10682	-1.2055399999999998	3190862.0	1776544771.481125	0.0	1.0	-1.0	-1.0	-1.0	-1.0	-1.0	-1.0	-1.0	-1.0	0.0	marker	opened-hand	Open	11	0418
-66612.59999999999	-53342.145	-102309.84	-17877.329999999998	0.0	0.0	0.0	0.0	0.0	0.0	0.0	0.0	0.0	0.0	0.0	0.0	0.0	0.0	146.27586206896555	0.0	0.030822675	-0.104186745	1.01427963	3.64714	0.10682	-1.2055399999999998	3190863.0	1776544771.481143	0.0	1.0	-1.0	-1.0	-1.0	-1.0	-1.0	-1.0	-1.0	-1.0	0.0	marker	opened-hand	Open	11	0418
-66756.69	-53356.005	-102443.94	-18015.975	0.0	0.0	0.0	0.0	0.0	0.0	0.0	0.0	0.0	0.0	0.0	0.0	0.0	0.0	146.27586206896555	0.0	0.034973055	-0.10827609	1.013852385	3.03674	0.07629999999999999	-0.36624	3190864.0	1776544771.485078	0.0	1.0	-1.0	-1.0	-1.0	-1.0	-1.0	-1.0	-1.0	-1.0	0.0	marker	opened-hand	Open	11	0418
-66627.72	-53352.945	-102327.93	-17897.175	0.0	0.0	0.0	0.0	0.0	0.0	0.0	0.0	0.0	0.0	0.0	0.0	0.0	0.0	146.27586206896555	0.0	0.034973055	-0.10827609	1.013852385	3.03674	0.07629999999999999	-0.36624	3190865.0	1776544771.485097	0.0	1.0	-1.0	-1.0	-1.0	-1.0	-1.0	-1.0	-1.0	-1.0	0.0	marker	opened-hand	Open	11	0418
-66754.44	-53359.064999999995	-102358.485	-17871.434999999998	0.0	0.0	0.0	0.0	0.0	0.0	0.0	0.0	0.0	0.0	0.0	0.0	0.0	0.0	146.27586206896555	0.0	0.034973055	-0.10827609	1.013852385	3.03674	0.07629999999999999	-0.36624	3190866.0	1776544771.489055	0.0	1.0	-1.0	-1.0	-1.0	-1.0	-1.0	-1.0	-1.0	-1.0	0.0	marker	opened-hand	Open	11	0418
-66747.95999999999	-53356.095	-102447.045	-17981.19	0.0	0.0	0.0	0.0	0.0	0.0	0.0	0.0	0.0	0.0	0.0	0.0	0.0	0.0	146.27586206896555	0.0	0.034973055	-0.10827609	1.013852385	3.03674	0.07629999999999999	-0.36624	3190867.0	1776544771.489073	0.0	1.0	-1.0	-1.0	-1.0	-1.0	-1.0	-1.0	-1.0	-1.0	0.0	marker	opened-hand	Open	11	0418
-66532.31999999999	-53338.229999999996	-102380.04	-17969.355	0.0	0.0	0.0	0.0	0.0	0.0	0.0	0.0	0.0	0.0	0.0	0.0	0.0	0.0	146.27586206896555	0.0	0.034973055	-0.10827609	1.013852385	3.03674	0.07629999999999999	-0.36624	3190868.0	1776544771.493098	0.0	1.0	-1.0	-1.0	-1.0	-1.0	-1.0	-1.0	-1.0	-1.0	0.0	marker	opened-hand	Open	11	0418
-66508.56	-53331.119999999995	-102332.97	-17915.309999999998	0.0	0.0	0.0	0.0	0.0	0.0	0.0	0.0	0.0	0.0	0.0	0.0	0.0	0.0	146.27586206896555	0.0	0.034973055	-0.10827609	1.013852385	3.03674	0.07629999999999999	-0.36624	3190869.0	1776544771.493117	0.0	1.0	-1.0	-1.0	-1.0	-1.0	-1.0	-1.0	-1.0	-1.0	0.0	marker	opened-hand	Open	11	0418
-66568.59	-53334.18	-102345.12	-17893.575	0.0	0.0	0.0	0.0	0.0	0.0	0.0	0.0	0.0	0.0	0.0	0.0	0.0	0.0	146.27586206896555	0.0	0.034973055	-0.10827609	1.013852385	3.03674	0.07629999999999999	-0.36624	3190870.0	1776544771.498651	0.0	1.0	-1.0	-1.0	-1.0	-1.0	-1.0	-1.0	-1.0	-1.0	0.0	marker	opened-hand	Open	11	0418
-66698.81999999999	-53348.13	-102358.89	-17870.489999999998	0.0	0.0	0.0	0.0	0.0	0.0	0.0	0.0	0.0	0.0	0.0	0.0	0.0	0.0	146.27586206896555	0.0	0.034973055	-0.10827609	1.013852385	3.03674	0.07629999999999999	-0.36624	3190871.0	1776544771.498671	0.0	1.0	-1.0	-1.0	-1.0	-1.0	-1.0	-1.0	-1.0	-1.0	0.0	marker	opened-hand	Open	11	0418
-66772.89	-53361.63	-102407.805	-17943.614999999998	0.0	0.0	0.0	0.0	0.0	0.0	0.0	0.0	0.0	0.0	0.0	0.0	0.0	0.0	146.27586206896555	0.0	0.034973055	-0.10827609	1.013852385	3.03674	0.07629999999999999	-0.36624	3190872.0	1776544771.501058	0.0	1.0	-1.0	-1.0	-1.0	-1.0	-1.0	-1.0	-1.0	-1.0	0.0	marker	opened-hand	Open	11	0418
-66702.555	-53358.479999999996	-102356.28	-17917.605	0.0	0.0	0.0	0.0	0.0	0.0	0.0	0.0	0.0	0.0	0.0	0.0	0.0	0.0	146.27586206896555	0.0	0.034973055	-0.10827609	1.013852385	3.03674	0.07629999999999999	-0.36624	3190873.0	1776544771.501075	0.0	1.0	-1.0	-1.0	-1.0	-1.0	-1.0	-1.0	-1.0	-1.0	0.0	marker	opened-hand	Open	11	0418
-66533.76	-53353.619999999995	-102179.61	-17797.59	0.0	0.0	0.0	0.0	0.0	0.0	0.0	0.0	0.0	0.0	0.0	0.0	0.0	0.0	146.27586206896555	0.0	0.032348550000000004	-0.11279268	1.012021335	4.24228	0.82404	-0.41202	3190874.0	1776544771.507236	0.0	1.0	-1.0	-1.0	-1.0	-1.0	-1.0	-1.0	-1.0	-1.0	0.0	marker	opened-hand	Open	11	0418
-66500.19	-53336.79	-102037.095	-17672.13	0.0	0.0	0.0	0.0	0.0	0.0	0.0	0.0	0.0	0.0	0.0	0.0	0.0	0.0	146.27586206896555	0.0	0.032348550000000004	-0.11279268	1.012021335	4.24228	0.82404	-0.41202	3190875.0	1776544771.507255	0.0	1.0	-1.0	-1.0	-1.0	-1.0	-1.0	-1.0	-1.0	-1.0	0.0	marker	opened-hand	Open	11	0418
-66512.385	-53334.314999999995	-102085.37999999999	-17645.895	0.0	0.0	0.0	0.0	0.0	0.0	0.0	0.0	0.0	0.0	0.0	0.0	0.0	0.0	146.27586206896555	0.0	0.032348550000000004	-0.11279268	1.012021335	4.24228	0.82404	-0.41202	3190876.0	1776544771.510624	0.0	1.0	-1.0	-1.0	-1.0	-1.0	-1.0	-1.0	-1.0	-1.0	0.0	marker	opened-hand	Open	11	0418
-66430.17	-53336.52	-102144.19499999999	-17644.68	0.0	0.0	0.0	0.0	0.0	0.0	0.0	0.0	0.0	0.0	0.0	0.0	0.0	0.0	146.27586206896555	0.0	0.032348550000000004	-0.11279268	1.012021335	4.24228	0.82404	-0.41202	3190877.0	1776544771.510642	0.0	1.0	-1.0	-1.0	-1.0	-1.0	-1.0	-1.0	-1.0	-1.0	0.0	marker	opened-hand	Open	11	0418
-66827.745	-53355.24	-102556.62	-18086.445	0.0	0.0	0.0	0.0	0.0	0.0	0.0	0.0	0.0	0.0	0.0	0.0	0.0	0.0	146.27586206896555	0.0	0.032348550000000004	-0.11279268	1.012021335	4.24228	0.82404	-0.41202	3190878.0	1776544771.51384	0.0	1.0	-1.0	-1.0	-1.0	-1.0	-1.0	-1.0	-1.0	-1.0	0.0	marker	opened-hand	Open	11	0418
-66741.39	-53343.36	-102516.25499999999	-18056.43	0.0	0.0	0.0	0.0	0.0	0.0	0.0	0.0	0.0	0.0	0.0	0.0	0.0	0.0	146.27586206896555	0.0	0.032348550000000004	-0.11279268	1.012021335	4.24228	0.82404	-0.41202	3190879.0	1776544771.513858	0.0	1.0	-1.0	-1.0	-1.0	-1.0	-1.0	-1.0	-1.0	-1.0	0.0	marker	opened-hand	Open	11	0418
-66602.565	-53337.735	-102378.915	-17951.355	0.0	0.0	0.0	0.0	0.0	0.0	0.0	0.0	0.0	0.0	0.0	0.0	0.0	0.0	146.27586206896555	0.0	0.032348550000000004	-0.11279268	1.012021335	4.24228	0.82404	-0.41202	3190880.0	1776544771.519892	0.0	1.0	-1.0	-1.0	-1.0	-1.0	-1.0	-1.0	-1.0	-1.0	0.0	marker	opened-hand	Open	11	0418
-66518.19	-53318.88	-102193.01999999999	-17788.364999999998	0.0	0.0	0.0	0.0	0.0	0.0	0.0	0.0	0.0	0.0	0.0	0.0	0.0	0.0	146.27586206896555	0.0	0.032348550000000004	-0.11279268	1.012021335	4.24228	0.82404	-0.41202	3190881.0	1776544771.519934	0.0	1.0	-1.0	-1.0	-1.0	-1.0	-1.0	-1.0	-1.0	-1.0	0.0	marker	opened-hand	Open	11	0418
-66705.12	-53313.345	-102394.575	-17925.524999999998	0.0	0.0	0.0	0.0	0.0	0.0	0.0	0.0	0.0	0.0	0.0	0.0	0.0	0.0	146.27586206896555	0.0	0.032348550000000004	-0.11279268	1.012021335	4.24228	0.82404	-0.41202	3190882.0	1776544771.530512	0.0	1.0	-1.0	-1.0	-1.0	-1.0	-1.0	-1.0	-1.0	-1.0	0.0	marker	opened-hand	Open	11	0418
-66655.935	-53304.299999999996	-102444.39	-17981.325	0.0	0.0	0.0	0.0	0.0	0.0	0.0	0.0	0.0	0.0	0.0	0.0	0.0	0.0	146.27586206896555	0.0	0.032348550000000004	-0.11279268	1.012021335	4.24228	0.82404	-0.41202	3190883.0	1776544771.530532	0.0	1.0	-1.0	-1.0	-1.0	-1.0	-1.0	-1.0	-1.0	-1.0	0.0	marker	opened-hand	Open	11	0418
-66605.13	-53292.555	-102314.295	-17890.875	0.0	0.0	0.0	0.0	0.0	0.0	0.0	0.0	0.0	0.0	0.0	0.0	0.0	0.0	146.27586206896555	0.0	0.028381275	-0.11730927000000001	1.013364105	5.35626	0.4578	-0.12208	3190884.0	1776544771.531054	0.0	1.0	-1.0	-1.0	-1.0	-1.0	-1.0	-1.0	-1.0	-1.0	0.0	marker	opened-hand	Open	11	0418
-66628.035	-53288.82	-102258.62999999999	-17856.945	0.0	0.0	0.0	0.0	0.0	0.0	0.0	0.0	0.0	0.0	0.0	0.0	0.0	0.0	146.27586206896555	0.0	0.028381275	-0.11730927000000001	1.013364105	5.35626	0.4578	-0.12208	3190885.0	1776544771.531075	0.0	1.0	-1.0	-1.0	-1.0	-1.0	-1.0	-1.0	-1.0	-1.0	0.0	marker	opened-hand	Open	11	0418
-66699.22499999999	-53293.32	-102330.18	-17912.024999999998	0.0	0.0	0.0	0.0	0.0	0.0	0.0	0.0	0.0	0.0	0.0	0.0	0.0	0.0	146.27586206896555	0.0	0.028381275	-0.11730927000000001	1.013364105	5.35626	0.4578	-0.12208	3190886.0	1776544771.5311	0.0	1.0	-1.0	-1.0	-1.0	-1.0	-1.0	-1.0	-1.0	-1.0	0.0	marker	opened-hand	Open	11	0418
-66561.345	-53291.25	-102287.87999999999	-17831.655	0.0	0.0	0.0	0.0	0.0	0.0	0.0	0.0	0.0	0.0	0.0	0.0	0.0	0.0	146.27586206896555	0.0	0.028381275	-0.11730927000000001	1.013364105	5.35626	0.4578	-0.12208	3190887.0	1776544771.531118	0.0	1.0	-1.0	-1.0	-1.0	-1.0	-1.0	-1.0	-1.0	-1.0	0.0	marker	opened-hand	Open	11	0418
-66389.265	-53283.015	-102130.73999999999	-17634.51	0.0	0.0	0.0	0.0	0.0	0.0	0.0	0.0	0.0	0.0	0.0	0.0	0.0	0.0	146.27586206896555	0.0	0.028381275	-0.11730927000000001	1.013364105	5.35626	0.4578	-0.12208	3190888.0	1776544771.533162	0.0	1.0	-1.0	-1.0	-1.0	-1.0	-1.0	-1.0	-1.0	-1.0	0.0	marker	opened-hand	Open	11	0418
-66067.38	-53266.95	-101751.3	-17266.77	0.0	0.0	0.0	0.0	0.0	0.0	0.0	0.0	0.0	0.0	0.0	0.0	0.0	0.0	146.27586206896555	0.0	0.028381275	-0.11730927000000001	1.013364105	5.35626	0.4578	-0.12208	3190889.0	1776544771.533182	0.0	1.0	-1.0	-1.0	-1.0	-1.0	-1.0	-1.0	-1.0	-1.0	0.0	marker	opened-hand	Open	11	0418
-66732.39	-53307.72	-102354.12	-17833.05	0.0	0.0	0.0	0.0	0.0	0.0	0.0	0.0	0.0	0.0	0.0	0.0	0.0	0.0	146.27586206896555	0.0	0.028381275	-0.11730927000000001	1.013364105	5.35626	0.4578	-0.12208	3190890.0	1776544771.537183	0.0	1.0	-1.0	-1.0	-1.0	-1.0	-1.0	-1.0	-1.0	-1.0	0.0	marker	opened-hand	Open	11	0418
-67006.305	-53326.395	-102761.235	-18225.315	0.0	0.0	0.0	0.0	0.0	0.0	0.0	0.0	0.0	0.0	0.0	0.0	0.0	0.0	146.27586206896555	0.0	0.028381275	-0.11730927000000001	1.013364105	5.35626	0.4578	-0.12208	3190891.0	1776544771.537202	0.0	1.0	-1.0	-1.0	-1.0	-1.0	-1.0	-1.0	-1.0	-1.0	0.0	marker	opened-hand	Open	11	0418
-66680.01	-53294.895	-102503.79	-17993.16	0.0	0.0	0.0	0.0	0.0	0.0	0.0	0.0	0.0	0.0	0.0	0.0	0.0	0.0	146.27586206896555	0.0	0.028381275	-0.11730927000000001	1.013364105	5.35626	0.4578	-0.12208	3190892.0	1776544771.541213	0.0	1.0	-1.0	-1.0	-1.0	-1.0	-1.0	-1.0	-1.0	-1.0	0.0	marker	opened-hand	Open	11	0418
-66519.765	-53273.7	-102192.165	-17732.925	0.0	0.0	0.0	0.0	0.0	0.0	0.0	0.0	0.0	0.0	0.0	0.0	0.0	0.0	146.27586206896555	0.0	0.028381275	-0.11730927000000001	1.013364105	5.35626	0.4578	-0.12208	3190893.0	1776544771.541235	0.0	1.0	-1.0	-1.0	-1.0	-1.0	-1.0	-1.0	-1.0	-1.0	0.0	marker	opened-hand	Open	11	0418
-66618.675	-53287.515	-102249.72	-17805.78	0.0	0.0	0.0	0.0	0.0	0.0	0.0	0.0	0.0	0.0	0.0	0.0	0.0	0.0	146.27586206896555	0.0	0.02880852	-0.11779755	1.01012925	6.683879999999999	1.19028	-2.07536	3190894.0	1776544771.546375	0.0	1.0	-1.0	-1.0	-1.0	-1.0	-1.0	-1.0	-1.0	-1.0	0.0	marker	opened-hand	Open	11	0418
-66599.505	-53307.674999999996	-102354.25499999999	-17928.315	0.0	0.0	0.0	0.0	0.0	0.0	0.0	0.0	0.0	0.0	0.0	0.0	0.0	0.0	146.27586206896555	0.0	0.02880852	-0.11779755	1.01012925	6.683879999999999	1.19028	-2.07536	3190895.0	1776544771.546393	0.0	1.0	-1.0	-1.0	-1.0	-1.0	-1.0	-1.0	-1.0	-1.0	0.0	marker	opened-hand	Open	11	0418
-66501.855	-53324.865	-102295.44	-17880.165	0.0	0.0	0.0	0.0	0.0	0.0	0.0	0.0	0.0	0.0	0.0	0.0	0.0	0.0	146.27586206896555	0.0	0.02880852	-0.11779755	1.01012925	6.683879999999999	1.19028	-2.07536	3190896.0	1776544771.550514	0.0	1.0	-1.0	-1.0	-1.0	-1.0	-1.0	-1.0	-1.0	-1.0	0.0	marker	opened-hand	Open	11	0418
-66662.595	-53349.345	-102357.765	-17882.64	0.0	0.0	0.0	0.0	0.0	0.0	0.0	0.0	0.0	0.0	0.0	0.0	0.0	0.0	146.27586206896555	0.0	0.02880852	-0.11779755	1.01012925	6.683879999999999	1.19028	-2.07536	3190897.0	1776544771.550532	0.0	1.0	-1.0	-1.0	-1.0	-1.0	-1.0	-1.0	-1.0	-1.0	0.0	marker	opened-hand	Open	11	0418
-66858.48	-53367.119999999995	-102571.425	-18097.155	0.0	0.0	0.0	0.0	0.0	0.0	0.0	0.0	0.0	0.0	0.0	0.0	0.0	0.0	146.27586206896555	0.0	0.02880852	-0.11779755	1.01012925	6.683879999999999	1.19028	-2.07536	3190898.0	1776544771.553323	0.0	1.0	-1.0	-1.0	-1.0	-1.0	-1.0	-1.0	-1.0	-1.0	0.0	marker	opened-hand	Open	11	0418
-66578.08499999999	-53345.97	-102282.84	-17877.015	0.0	0.0	0.0	0.0	0.0	0.0	0.0	0.0	0.0	0.0	0.0	0.0	0.0	0.0	146.13793103448276	0.0	0.02880852	-0.11779755	1.01012925	6.683879999999999	1.19028	-2.07536	3190899.0	1776544771.553342	0.0	1.0	-1.0	-1.0	-1.0	-1.0	-1.0	-1.0	-1.0	-1.0	0.0	marker	opened-hand	Open	11	0418
-66242.79	-53321.67	-101997.26999999999	-17593.02	0.0	0.0	0.0	0.0	0.0	0.0	0.0	0.0	0.0	0.0	0.0	0.0	0.0	0.0	146.13793103448276	0.0	0.02880852	-0.11779755	1.01012925	6.683879999999999	1.19028	-2.07536	3190900.0	1776544771.557239	0.0	1.0	-1.0	-1.0	-1.0	-1.0	-1.0	-1.0	-1.0	-1.0	0.0	marker	opened-hand	Open	11	0418
-66510.72	-53323.064999999995	-102315.015	-17876.88	0.0	0.0	0.0	0.0	0.0	0.0	0.0	0.0	0.0	0.0	0.0	0.0	0.0	0.0	146.13793103448276	0.0	0.02880852	-0.11779755	1.01012925	6.683879999999999	1.19028	-2.07536	3190901.0	1776544771.557259	0.0	1.0	-1.0	-1.0	-1.0	-1.0	-1.0	-1.0	-1.0	-1.0	0.0	marker	opened-hand	Open	11	0418
-66728.06999999999	-53328.689999999995	-102475.39499999999	-18031.5	0.0	0.0	0.0	0.0	0.0	0.0	0.0	0.0	0.0	0.0	0.0	0.0	0.0	0.0	146.13793103448276	0.0	0.02880852	-0.11779755	1.01012925	6.683879999999999	1.19028	-2.07536	3190902.0	1776544771.561347	0.0	1.0	-1.0	-1.0	-1.0	-1.0	-1.0	-1.0	-1.0	-1.0	0.0	marker	opened-hand	Open	11	0418
-66818.47499999999	-53330.445	-102520.305	-18065.745	0.0	0.0	0.0	0.0	0.0	0.0	0.0	0.0	0.0	0.0	0.0	0.0	0.0	0.0	146.13793103448276	0.0	0.02880852	-0.11779755	1.01012925	6.683879999999999	1.19028	-2.07536	3190903.0	1776544771.561368	0.0	1.0	-1.0	-1.0	-1.0	-1.0	-1.0	-1.0	-1.0	-1.0	0.0	marker	opened-hand	Open	11	0418
-66657.78	-53321.85	-102351.19499999999	-17877.555	0.0	0.0	0.0	0.0	0.0	0.0	0.0	0.0	0.0	0.0	0.0	0.0	0.0	0.0	146.13793103448276	0.0	0.033386145	-0.120299985	1.006406115	7.49266	1.4191799999999999	-1.9838	3190904.0	1776544771.56503	0.0	1.0	-1.0	-1.0	-1.0	-1.0	-1.0	-1.0	-1.0	-1.0	0.0	marker	opened-hand	Open	11	0418
-66720.69	-53345.475	-102444.48	-17974.755	0.0	0.0	0.0	0.0	0.0	0.0	0.0	0.0	0.0	0.0	0.0	0.0	0.0	0.0	146.13793103448276	0.0	0.033386145	-0.120299985	1.006406115	7.49266	1.4191799999999999	-1.9838	3190905.0	1776544771.56505	0.0	1.0	-1.0	-1.0	-1.0	-1.0	-1.0	-1.0	-1.0	-1.0	0.0	marker	opened-hand	Open	11	0418
-66751.38	-53354.924999999996	-102457.8	-18015.344999999998	0.0	0.0	0.0	0.0	0.0	0.0	0.0	0.0	0.0	0.0	0.0	0.0	0.0	0.0	146.13793103448276	0.0	0.033386145	-0.120299985	1.006406115	7.49266	1.4191799999999999	-1.9838	3190906.0	1776544771.569374	0.0	1.0	-1.0	-1.0	-1.0	-1.0	-1.0	-1.0	-1.0	-1.0	0.0	marker	opened-hand	Open	11	0418
-66582.72	-53334.854999999996	-102233.295	-17888.13	0.0	0.0	0.0	0.0	0.0	0.0	0.0	0.0	0.0	0.0	0.0	0.0	0.0	0.0	146.13793103448276	0.0	0.033386145	-0.120299985	1.006406115	7.49266	1.4191799999999999	-1.9838	3190907.0	1776544771.569395	0.0	1.0	-1.0	-1.0	-1.0	-1.0	-1.0	-1.0	-1.0	-1.0	0.0	marker	opened-hand	Open	11	0418
-66412.305	-53315.82	-102093.12	-17715.96	0.0	0.0	0.0	0.0	0.0	0.0	0.0	0.0	0.0	0.0	0.0	0.0	0.0	0.0	146.13793103448276	0.0	0.033386145	-0.120299985	1.006406115	7.49266	1.4191799999999999	-1.9838	3190908.0	1776544771.573336	0.0	1.0	-1.0	-1.0	-1.0	-1.0	-1.0	-1.0	-1.0	-1.0	0.0	marker	opened-hand	Open	11	0418
-66401.145	-53301.78	-102130.73999999999	-17591.535	0.0	0.0	0.0	0.0	0.0	0.0	0.0	0.0	0.0	0.0	0.0	0.0	0.0	0.0	146.13793103448276	0.0	0.033386145	-0.120299985	1.006406115	7.49266	1.4191799999999999	-1.9838	3190909.0	1776544771.573354	0.0	1.0	-1.0	-1.0	-1.0	-1.0	-1.0	-1.0	-1.0	-1.0	0.0	marker	opened-hand	Open	11	0418
-66607.69499999999	-53296.784999999996	-102334.905	-17784.719999999998	0.0	0.0	0.0	0.0	0.0	0.0	0.0	0.0	0.0	0.0	0.0	0.0	0.0	0.0	146.13793103448276	0.0	0.033386145	-0.120299985	1.006406115	7.49266	1.4191799999999999	-1.9838	3190910.0	1776544771.581604	0.0	1.0	-1.0	-1.0	-1.0	-1.0	-1.0	-1.0	-1.0	-1.0	0.0	marker	opened-hand	Open	11	0418
-66650.44499999999	-53300.88	-102403.845	-17951.579999999998	0.0	0.0	0.0	0.0	0.0	0.0	0.0	0.0	0.0	0.0	0.0	0.0	0.0	0.0	146.13793103448276	0.0	0.033386145	-0.120299985	1.006406115	7.49266	1.4191799999999999	-1.9838	3190911.0	1776544771.581627	0.0	1.0	-1.0	-1.0	-1.0	-1.0	-1.0	-1.0	-1.0	-1.0	0.0	marker	opened-hand	Open	11	0418
-66619.935	-53295.704999999994	-102338.235	-17886.78	0.0	0.0	0.0	0.0	0.0	0.0	0.0	0.0	0.0	0.0	0.0	0.0	0.0	0.0	146.13793103448276	0.0	0.033386145	-0.120299985	1.006406115	7.49266	1.4191799999999999	-1.9838	3190912.0	1776544771.581656	0.0	1.0	-1.0	-1.0	-1.0	-1.0	-1.0	-1.0	-1.0	-1.0	0.0	marker	opened-hand	Open	11	0418
-66642.075	-53292.15	-102279.06	-17853.165	0.0	0.0	0.0	0.0	0.0	0.0	0.0	0.0	0.0	0.0	0.0	0.0	0.0	0.0	146.13793103448276	0.0	0.033386145	-0.120299985	1.006406115	7.49266	1.4191799999999999	-1.9838	3190913.0	1776544771.58168	0.0	1.0	-1.0	-1.0	-1.0	-1.0	-1.0	-1.0	-1.0	-1.0	0.0	marker	opened-hand	Open	11	0418
-66726.45	-53297.775	-102320.73	-17891.73	0.0	0.0	0.0	0.0	0.0	0.0	0.0	0.0	0.0	0.0	0.0	0.0	0.0	0.0	146.13793103448276	0.0	0.02648919	-0.124938645	1.012143405	6.83648	1.2055399999999998	-3.15882	3190914.0	1776544771.585683	0.0	1.0	-1.0	-1.0	-1.0	-1.0	-1.0	-1.0	-1.0	-1.0	0.0	marker	opened-hand	Open	11	0418
-66851.775	-53298.494999999995	-102628.98	-18178.515	0.0	0.0	0.0	0.0	0.0	0.0	0.0	0.0	0.0	0.0	0.0	0.0	0.0	0.0	146.13793103448276	0.0	0.02648919	-0.124938645	1.012143405	6.83648	1.2055399999999998	-3.15882	3190915.0	1776544771.585703	0.0	1.0	-1.0	-1.0	-1.0	-1.0	-1.0	-1.0	-1.0	-1.0	0.0	marker	opened-hand	Open	11	0418
-66739.72499999999	-53280.765	-102586.905	-18101.52	0.0	0.0	0.0	0.0	0.0	0.0	0.0	0.0	0.0	0.0	0.0	0.0	0.0	0.0	146.13793103448276	0.0	0.02648919	-0.124938645	1.012143405	6.83648	1.2055399999999998	-3.15882	3190916.0	1776544771.590282	0.0	1.0	-1.0	-1.0	-1.0	-1.0	-1.0	-1.0	-1.0	-1.0	0.0	marker	opened-hand	Open	11	0418
-66480.255	-53246.43	-102278.11499999999	-17798.895	0.0	0.0	0.0	0.0	0.0	0.0	0.0	0.0	0.0	0.0	0.0	0.0	0.0	0.0	146.13793103448276	0.0	0.02648919	-0.124938645	1.012143405	6.83648	1.2055399999999998	-3.15882	3190917.0	1776544771.590303	0.0	1.0	-1.0	-1.0	-1.0	-1.0	-1.0	-1.0	-1.0	-1.0	0.0	marker	opened-hand	Open	11	0418
-66277.485	-53221.95	-102072.78	-17623.934999999998	0.0	0.0	0.0	0.0	0.0	0.0	0.0	0.0	0.0	0.0	0.0	0.0	0.0	0.0	146.13793103448276	0.0	0.02648919	-0.124938645	1.012143405	6.83648	1.2055399999999998	-3.15882	3190918.0	1776544771.593466	0.0	1.0	-1.0	-1.0	-1.0	-1.0	-1.0	-1.0	-1.0	-1.0	0.0	marker	opened-hand	Open	11	0418
-66728.34	-53250.795	-102454.37999999999	-17972.055	0.0	0.0	0.0	0.0	0.0	0.0	0.0	0.0	0.0	0.0	0.0	0.0	0.0	0.0	146.13793103448276	0.0	0.02648919	-0.124938645	1.012143405	6.83648	1.2055399999999998	-3.15882	3190919.0	1776544771.593484	0.0	1.0	-1.0	-1.0	-1.0	-1.0	-1.0	-1.0	-1.0	-1.0	0.0	marker	opened-hand	Open	11	0418
-66721.5	-53248.59	-102437.235	-17977.32	0.0	0.0	0.0	0.0	0.0	0.0	0.0	0.0	0.0	0.0	0.0	0.0	0.0	0.0	146.13793103448276	0.0	0.02648919	-0.124938645	1.012143405	6.83648	1.2055399999999998	-3.15882	3190920.0	1776544771.597384	0.0	1.0	-1.0	-1.0	-1.0	-1.0	-1.0	-1.0	-1.0	-1.0	0.0	marker	opened-hand	Open	11	0418
-66681.135	-53240.04	-102319.065	-17848.934999999998	0.0	0.0	0.0	0.0	0.0	0.0	0.0	0.0	0.0	0.0	0.0	0.0	0.0	0.0	146.13793103448276	0.0	0.02648919	-0.124938645	1.012143405	6.83648	1.2055399999999998	-3.15882	3190921.0	1776544771.597403	0.0	1.0	-1.0	-1.0	-1.0	-1.0	-1.0	-1.0	-1.0	-1.0	0.0	marker	opened-hand	Open	11	0418
-66721.545	-53260.155	-102352.31999999999	-17860.094999999998	0.0	0.0	0.0	0.0	0.0	0.0	0.0	0.0	0.0	0.0	0.0	0.0	0.0	0.0	146.13793103448276	0.0	0.02648919	-0.124938645	1.012143405	6.83648	1.2055399999999998	-3.15882	3190922.0	1776544771.601438	0.0	1.0	-1.0	-1.0	-1.0	-1.0	-1.0	-1.0	-1.0	-1.0	0.0	marker	opened-hand	Open	11	0418
-66709.53	-53277.119999999995	-102347.415	-17873.73	0.0	0.0	0.0	0.0	0.0	0.0	0.0	0.0	0.0	0.0	0.0	0.0	0.0	0.0	146.13793103448276	0.0	0.02648919	-0.124938645	1.012143405	6.83648	1.2055399999999998	-3.15882	3190923.0	1776544771.601457	0.0	1.0	-1.0	-1.0	-1.0	-1.0	-1.0	-1.0	-1.0	-1.0	0.0	marker	opened-hand	Open	11	0418
-66635.19	-53275.905	-102295.935	-17824.68	0.0	0.0	0.0	0.0	0.0	0.0	0.0	0.0	0.0	0.0	0.0	0.0	0.0	0.0	146.13793103448276	0.0	0.016845660000000002	-0.11199922500000001	1.02197004	3.8455199999999996	-0.06104	-1.84646	3190924.0	1776544771.605642	0.0	1.0	-1.0	-1.0	-1.0	-1.0	-1.0	-1.0	-1.0	-1.0	0.0	marker	opened-hand	Open	11	0418
-66475.62	-53269.829999999994	-102224.79	-17800.38	0.0	0.0	0.0	0.0	0.0	0.0	0.0	0.0	0.0	0.0	0.0	0.0	0.0	0.0	146.13793103448276	0.0	0.016845660000000002	-0.11199922500000001	1.02197004	3.8455199999999996	-0.06104	-1.84646	3190925.0	1776544771.60566	0.0	1.0	-1.0	-1.0	-1.0	-1.0	-1.0	-1.0	-1.0	-1.0	0.0	marker	opened-hand	Open	11	0418
-66468.69	-53272.485	-102231.62999999999	-17780.355	0.0	0.0	0.0	0.0	0.0	0.0	0.0	0.0	0.0	0.0	0.0	0.0	0.0	0.0	146.13793103448276	0.0	0.016845660000000002	-0.11199922500000001	1.02197004	3.8455199999999996	-0.06104	-1.84646	3190926.0	1776544771.609726	0.0	1.0	-1.0	-1.0	-1.0	-1.0	-1.0	-1.0	-1.0	-1.0	0.0	marker	opened-hand	Open	11	0418
-66436.73999999999	-53278.74	-102176.37	-17726.355	0.0	0.0	0.0	0.0	0.0	0.0	0.0	0.0	0.0	0.0	0.0	0.0	0.0	0.0	146.13793103448276	0.0	0.016845660000000002	-0.11199922500000001	1.02197004	3.8455199999999996	-0.06104	-1.84646	3190927.0	1776544771.609743	0.0	1.0	-1.0	-1.0	-1.0	-1.0	-1.0	-1.0	-1.0	-1.0	0.0	marker	opened-hand	Open	11	0418
-66523.455	-53294.759999999995	-102261.555	-17774.415	0.0	0.0	0.0	0.0	0.0	0.0	0.0	0.0	0.0	0.0	0.0	0.0	0.0	0.0	146.13793103448276	0.0	0.016845660000000002	-0.11199922500000001	1.02197004	3.8455199999999996	-0.06104	-1.84646	3190928.0	1776544771.615858	0.0	1.0	-1.0	-1.0	-1.0	-1.0	-1.0	-1.0	-1.0	-1.0	0.0	marker	opened-hand	Open	11	0418
-66636.495	-53307.63	-102313.845	-17789.489999999998	0.0	0.0	0.0	0.0	0.0	0.0	0.0	0.0	0.0	0.0	0.0	0.0	0.0	0.0	146.13793103448276	0.0	0.016845660000000002	-0.11199922500000001	1.02197004	3.8455199999999996	-0.06104	-1.84646	3190929.0	1776544771.615878	0.0	1.0	-1.0	-1.0	-1.0	-1.0	-1.0	-1.0	-1.0	-1.0	0.0	marker	opened-hand	Open	11	0418
-66784.185	-53325.09	-102387.51	-17893.62	0.0	0.0	0.0	0.0	0.0	0.0	0.0	0.0	0.0	0.0	0.0	0.0	0.0	0.0	146.13793103448276	0.0	0.016845660000000002	-0.11199922500000001	1.02197004	3.8455199999999996	-0.06104	-1.84646	3190930.0	1776544771.618843	0.0	1.0	-1.0	-1.0	-1.0	-1.0	-1.0	-1.0	-1.0	-1.0	0.0	marker	opened-hand	Open	11	0418
-66830.22	-53334.63	-102454.965	-18056.61	0.0	0.0	0.0	0.0	0.0	0.0	0.0	0.0	0.0	0.0	0.0	0.0	0.0	0.0	146.13793103448276	0.0	0.016845660000000002	-0.11199922500000001	1.02197004	3.8455199999999996	-0.06104	-1.84646	3190931.0	1776544771.618861	0.0	1.0	-1.0	-1.0	-1.0	-1.0	-1.0	-1.0	-1.0	-1.0	0.0	marker	opened-hand	Open	11	0418
-66636.675	-53329.725	-102408.435	-18046.89	0.0	0.0	0.0	0.0	0.0	0.0	0.0	0.0	0.0	0.0	0.0	0.0	0.0	0.0	146.13793103448276	0.0	0.016845660000000002	-0.11199922500000001	1.02197004	3.8455199999999996	-0.06104	-1.84646	3190932.0	1776544771.621746	0.0	1.0	-1.0	-1.0	-1.0	-1.0	-1.0	-1.0	-1.0	-1.0	0.0	marker	opened-hand	Open	11	0418
-66529.17	-53323.064999999995	-102369.87	-17868.825	0.0	0.0	0.0	0.0	0.0	0.0	0.0	0.0	0.0	0.0	0.0	0.0	0.0	0.0	146.13793103448276	0.0	0.016845660000000002	-0.11199922500000001	1.02197004	3.8455199999999996	-0.06104	-1.84646	3190933.0	1776544771.621764	0.0	1.0	-1.0	-1.0	-1.0	-1.0	-1.0	-1.0	-1.0	-1.0	0.0	marker	opened-hand	Open	11	0418
-66444.39	-53328.6	-102369.69	-17862.885	0.0	0.0	0.0	0.0	0.0	0.0	0.0	0.0	0.0	0.0	0.0	0.0	0.0	0.0	146.13793103448276	0.0	0.01721187	-0.09582495	1.024960755	4.6543	-1.4191799999999999	-0.01526	3190934.0	1776544771.625481	0.0	1.0	-1.0	-1.0	-1.0	-1.0	-1.0	-1.0	-1.0	-1.0	0.0	marker	opened-hand	Open	11	0418
-66595.905	-53348.445	-102380.84999999999	-17878.86	0.0	0.0	0.0	0.0	0.0	0.0	0.0	0.0	0.0	0.0	0.0	0.0	0.0	0.0	146.13793103448276	0.0	0.01721187	-0.09582495	1.024960755	4.6543	-1.4191799999999999	-0.01526	3190935.0	1776544771.625499	0.0	1.0	-1.0	-1.0	-1.0	-1.0	-1.0	-1.0	-1.0	-1.0	0.0	marker	opened-hand	Open	11	0418
-66660.075	-53354.43	-102368.97	-17853.39	0.0	0.0	0.0	0.0	0.0	0.0	0.0	0.0	0.0	0.0	0.0	0.0	0.0	0.0	146.13793103448276	0.0	0.01721187	-0.09582495	1.024960755	4.6543	-1.4191799999999999	-0.01526	3190936.0	1776544771.629498	0.0	1.0	-1.0	-1.0	-1.0	-1.0	-1.0	-1.0	-1.0	-1.0	0.0	marker	opened-hand	Open	11	0418
-66656.43	-53371.35	-102368.79	-17884.8	0.0	0.0	0.0	0.0	0.0	0.0	0.0	0.0	0.0	0.0	0.0	0.0	0.0	0.0	146.13793103448276	0.0	0.01721187	-0.09582495	1.024960755	4.6543	-1.4191799999999999	-0.01526	3190937.0	1776544771.629516	0.0	1.0	-1.0	-1.0	-1.0	-1.0	-1.0	-1.0	-1.0	-1.0	0.0	marker	opened-hand	Open	11	0418
-66586.23	-53370.494999999995	-102280.68	-17835.57	0.0	0.0	0.0	0.0	0.0	0.0	0.0	0.0	0.0	0.0	0.0	0.0	0.0	0.0	146.13793103448276	0.0	0.01721187	-0.09582495	1.024960755	4.6543	-1.4191799999999999	-0.01526	3190938.0	1776544771.633575	0.0	1.0	-1.0	-1.0	-1.0	-1.0	-1.0	-1.0	-1.0	-1.0	0.0	marker	opened-hand	Open	11	0418
-66722.175	-53384.939999999995	-102380.265	-17885.79	0.0	0.0	0.0	0.0	0.0	0.0	0.0	0.0	0.0	0.0	0.0	0.0	0.0	0.0	146.13793103448276	0.0	0.01721187	-0.09582495	1.024960755	4.6543	-1.4191799999999999	-0.01526	3190939.0	1776544771.633597	0.0	1.0	-1.0	-1.0	-1.0	-1.0	-1.0	-1.0	-1.0	-1.0	0.0	marker	opened-hand	Open	11	0418
-66570.56999999999	-53376.704999999994	-102312.72	-17856.989999999998	0.0	0.0	0.0	0.0	0.0	0.0	0.0	0.0	0.0	0.0	0.0	0.0	0.0	0.0	146.13793103448276	0.0	0.01721187	-0.09582495	1.024960755	4.6543	-1.4191799999999999	-0.01526	3190940.0	1776544771.637616	0.0	1.0	-1.0	-1.0	-1.0	-1.0	-1.0	-1.0	-1.0	-1.0	0.0	marker	opened-hand	Open	11	0418
-66449.925	-53353.35	-102167.19	-17761.995	0.0	0.0	0.0	0.0	0.0	0.0	0.0	0.0	0.0	0.0	0.0	0.0	0.0	0.0	146.13793103448276	0.0	0.01721187	-0.09582495	1.024960755	4.6543	-1.4191799999999999	-0.01526	3190941.0	1776544771.637637	0.0	1.0	-1.0	-1.0	-1.0	-1.0	-1.0	-1.0	-1.0	-1.0	0.0	marker	opened-hand	Open	11	0418
-66584.25	-53351.954999999994	-102317.84999999999	-17870.895	0.0	0.0	0.0	0.0	0.0	0.0	0.0	0.0	0.0	0.0	0.0	0.0	0.0	0.0	146.13793103448276	0.0	0.01721187	-0.09582495	1.024960755	4.6543	-1.4191799999999999	-0.01526	3190942.0	1776544771.643149	0.0	1.0	-1.0	-1.0	-1.0	-1.0	-1.0	-1.0	-1.0	-1.0	0.0	marker	opened-hand	Open	11	0418
-66442.455	-53339.759999999995	-102231.855	-17783.55	0.0	0.0	0.0	0.0	0.0	0.0	0.0	0.0	0.0	0.0	0.0	0.0	0.0	0.0	146.13793103448276	0.0	0.01721187	-0.09582495	1.024960755	4.6543	-1.4191799999999999	-0.01526	3190943.0	1776544771.643189	0.0	1.0	-1.0	-1.0	-1.0	-1.0	-1.0	-1.0	-1.0	-1.0	0.0	marker	opened-hand	Open	11	0418
-66425.355	-53335.53	-102160.89	-17695.575	0.0	0.0	0.0	0.0	0.0	0.0	0.0	0.0	0.0	0.0	0.0	0.0	0.0	0.0	146.13793103448276	0.0	0.03039543	-0.0939939	1.021786935	3.8760399999999997	-1.8006799999999998	-1.7549	3190944.0	1776544771.64554	0.0	1.0	-1.0	-1.0	-1.0	-1.0	-1.0	-1.0	-1.0	-1.0	0.0	marker	opened-hand	Open	11	0418
-66644.86499999999	-53354.025	-102375.09	-17894.34	0.0	0.0	0.0	0.0	0.0	0.0	0.0	0.0	0.0	0.0	0.0	0.0	0.0	0.0	146.13793103448276	0.0	0.03039543	-0.0939939	1.021786935	3.8760399999999997	-1.8006799999999998	-1.7549	3190945.0	1776544771.645558	0.0	1.0	-1.0	-1.0	-1.0	-1.0	-1.0	-1.0	-1.0	-1.0	0.0	marker	opened-hand	Open	11	0418
-66504.645	-53349.84	-102227.355	-17742.96	0.0	0.0	0.0	0.0	0.0	0.0	0.0	0.0	0.0	0.0	0.0	0.0	0.0	0.0	146.13793103448276	0.0	0.03039543	-0.0939939	1.021786935	3.8760399999999997	-1.8006799999999998	-1.7549	3190946.0	1776544771.649614	0.0	1.0	-1.0	-1.0	-1.0	-1.0	-1.0	-1.0	-1.0	-1.0	0.0	marker	opened-hand	Open	11	0418
-66421.755	-53346.915	-102105.72	-17623.17	0.0	0.0	0.0	0.0	0.0	0.0	0.0	0.0	0.0	0.0	0.0	0.0	0.0	0.0	146.13793103448276	0.0	0.03039543	-0.0939939	1.021786935	3.8760399999999997	-1.8006799999999998	-1.7549	3190947.0	1776544771.649646	0.0	1.0	-1.0	-1.0	-1.0	-1.0	-1.0	-1.0	-1.0	-1.0	0.0	marker	opened-hand	Open	11	0418
-66706.47	-53367.84	-102418.155	-17951.579999999998	0.0	0.0	0.0	0.0	0.0	0.0	0.0	0.0	0.0	0.0	0.0	0.0	0.0	0.0	146.13793103448276	0.0	0.03039543	-0.0939939	1.021786935	3.8760399999999997	-1.8006799999999998	-1.7549	3190948.0	1776544771.655589	0.0	1.0	-1.0	-1.0	-1.0	-1.0	-1.0	-1.0	-1.0	-1.0	0.0	marker	opened-hand	Open	11	0418
-66771.495	-53369.46	-102551.48999999999	-18107.28	0.0	0.0	0.0	0.0	0.0	0.0	0.0	0.0	0.0	0.0	0.0	0.0	0.0	0.0	146.13793103448276	0.0	0.03039543	-0.0939939	1.021786935	3.8760399999999997	-1.8006799999999998	-1.7549	3190949.0	1776544771.655607	0.0	1.0	-1.0	-1.0	-1.0	-1.0	-1.0	-1.0	-1.0	-1.0	0.0	marker	opened-hand	Open	11	0418
-66532.68	-53351.46	-102346.11	-17924.489999999998	0.0	0.0	0.0	0.0	0.0	0.0	0.0	0.0	0.0	0.0	0.0	0.0	0.0	0.0	146.13793103448276	0.0	0.03039543	-0.0939939	1.021786935	3.8760399999999997	-1.8006799999999998	-1.7549	3190950.0	1776544771.657967	0.0	1.0	-1.0	-1.0	-1.0	-1.0	-1.0	-1.0	-1.0	-1.0	0.0	marker	opened-hand	Open	11	0418
-66655.485	-53349.704999999994	-102400.11	-17913.555	0.0	0.0	0.0	0.0	0.0	0.0	0.0	0.0	0.0	0.0	0.0	0.0	0.0	0.0	146.13793103448276	0.0	0.03039543	-0.0939939	1.021786935	3.8760399999999997	-1.8006799999999998	-1.7549	3190951.0	1776544771.657985	0.0	1.0	-1.0	-1.0	-1.0	-1.0	-1.0	-1.0	-1.0	-1.0	0.0	marker	opened-hand	Open	11	0418
-66663.09	-53347.229999999996	-102331.53	-17839.44	0.0	0.0	0.0	0.0	0.0	0.0	0.0	0.0	0.0	0.0	0.0	0.0	0.0	0.0	146.13793103448276	0.0	0.03039543	-0.0939939	1.021786935	3.8760399999999997	-1.8006799999999998	-1.7549	3190952.0	1776544771.662964	0.0	1.0	-1.0	-1.0	-1.0	-1.0	-1.0	-1.0	-1.0	-1.0	0.0	marker	opened-hand	Open	11	0418
-66732.795	-53352.45	-102413.7	-17912.655	0.0	0.0	0.0	0.0	0.0	0.0	0.0	0.0	0.0	0.0	0.0	0.0	0.0	0.0	146.13793103448276	0.0	0.03039543	-0.0939939	1.021786935	3.8760399999999997	-1.8006799999999998	-1.7549	3190953.0	1776544771.662982	0.0	1.0	-1.0	-1.0	-1.0	-1.0	-1.0	-1.0	-1.0	-1.0	0.0	marker	opened-hand	Open	11	0418
-66826.125	-53364.825	-102591.765	-18082.44	0.0	0.0	0.0	0.0	0.0	0.0	0.0	0.0	0.0	0.0	0.0	0.0	0.0	0.0	146.13793103448276	0.0	0.037170315	-0.099426015	1.012143405	3.17408	-0.8392999999999999	-2.4263399999999997	3190954.0	1776544771.665673	0.0	1.0	-1.0	-1.0	-1.0	-1.0	-1.0	-1.0	-1.0	-1.0	0.0	marker	opened-hand	Open	11	0418
-66786.75	-53369.64	-102478.815	-17993.114999999998	0.0	0.0	0.0	0.0	0.0	0.0	0.0	0.0	0.0	0.0	0.0	0.0	0.0	0.0	146.13793103448276	0.0	0.037170315	-0.099426015	1.012143405	3.17408	-0.8392999999999999	-2.4263399999999997	3190955.0	1776544771.665691	0.0	1.0	-1.0	-1.0	-1.0	-1.0	-1.0	-1.0	-1.0	-1.0	0.0	marker	opened-hand	Open	11	0418
-66590.145	-53356.59	-102261.78	-17746.739999999998	0.0	0.0	0.0	0.0	0.0	0.0	0.0	0.0	0.0	0.0	0.0	0.0	0.0	0.0	146.13793103448276	0.0	0.037170315	-0.099426015	1.012143405	3.17408	-0.8392999999999999	-2.4263399999999997	3190956.0	1776544771.669757	0.0	1.0	-1.0	-1.0	-1.0	-1.0	-1.0	-1.0	-1.0	-1.0	0.0	marker	opened-hand	Open	11	0418
-66457.575	-53343.18	-102185.91	-17656.155	0.0	0.0	0.0	0.0	0.0	0.0	0.0	0.0	0.0	0.0	0.0	0.0	0.0	0.0	146.13793103448276	0.0	0.037170315	-0.099426015	1.012143405	3.17408	-0.8392999999999999	-2.4263399999999997	3190957.0	1776544771.669776	0.0	1.0	-1.0	-1.0	-1.0	-1.0	-1.0	-1.0	-1.0	-1.0	0.0	marker	opened-hand	Open	11	0418
-66511.845	-53342.369999999995	-102237.075	-17810.055	0.0	0.0	0.0	0.0	0.0	0.0	0.0	0.0	0.0	0.0	0.0	0.0	0.0	0.0	146.13793103448276	0.0	0.037170315	-0.099426015	1.012143405	3.17408	-0.8392999999999999	-2.4263399999999997	3190958.0	1776544771.676576	0.0	1.0	-1.0	-1.0	-1.0	-1.0	-1.0	-1.0	-1.0	-1.0	0.0	marker	opened-hand	Open	11	0418
-66617.415	-53329.049999999996	-102364.515	-17887.95	0.0	0.0	0.0	0.0	0.0	0.0	0.0	0.0	0.0	0.0	0.0	0.0	0.0	0.0	146.13793103448276	0.0	0.037170315	-0.099426015	1.012143405	3.17408	-0.8392999999999999	-2.4263399999999997	3190959.0	1776544771.676595	0.0	1.0	-1.0	-1.0	-1.0	-1.0	-1.0	-1.0	-1.0	-1.0	0.0	marker	opened-hand	Open	11	0418
-66595.455	-53306.729999999996	-102325.095	-17829.405	0.0	0.0	0.0	0.0	0.0	0.0	0.0	0.0	0.0	0.0	0.0	0.0	0.0	0.0	146.13793103448276	0.0	0.037170315	-0.099426015	1.012143405	3.17408	-0.8392999999999999	-2.4263399999999997	3190960.0	1776544771.679135	0.0	1.0	-1.0	-1.0	-1.0	-1.0	-1.0	-1.0	-1.0	-1.0	0.0	marker	opened-hand	Open	11	0418
-66579.345	-53297.189999999995	-102313.03499999999	-17850.059999999998	0.0	0.0	0.0	0.0	0.0	0.0	0.0	0.0	0.0	0.0	0.0	0.0	0.0	0.0	146.13793103448276	0.0	0.037170315	-0.099426015	1.012143405	3.17408	-0.8392999999999999	-2.4263399999999997	3190961.0	1776544771.679152	0.0	1.0	-1.0	-1.0	-1.0	-1.0	-1.0	-1.0	-1.0	-1.0	0.0	marker	opened-hand	Open	11	0418
-66669.56999999999	-53311.365	-102461.265	-18038.07	0.0	0.0	0.0	0.0	0.0	0.0	0.0	0.0	0.0	0.0	0.0	0.0	0.0	0.0	146.13793103448276	0.0	0.037170315	-0.099426015	1.012143405	3.17408	-0.8392999999999999	-2.4263399999999997	3190962.0	1776544771.68169	0.0	1.0	-1.0	-1.0	-1.0	-1.0	-1.0	-1.0	-1.0	-1.0	0.0	marker	opened-hand	Open	11	0418
-66764.205	-53317.89	-102508.01999999999	-18051.344999999998	0.0	0.0	0.0	0.0	0.0	0.0	0.0	0.0	0.0	0.0	0.0	0.0	0.0	0.0	146.13793103448276	0.0	0.037170315	-0.099426015	1.012143405	3.17408	-0.8392999999999999	-2.4263399999999997	3190963.0	1776544771.681708	0.0	1.0	-1.0	-1.0	-1.0	-1.0	-1.0	-1.0	-1.0	-1.0	0.0	marker	opened-hand	Open	11	0418
-66764.205	-53322.615	-102386.97	-17881.605	0.0	0.0	0.0	0.0	0.0	0.0	0.0	0.0	0.0	0.0	0.0	0.0	0.0	0.0	146.13793103448276	0.0	0.03393546	-0.11206026	1.004819205	4.54748	-0.01526	-2.47212	3190964.0	1776544771.685713	0.0	1.0	-1.0	-1.0	-1.0	-1.0	-1.0	-1.0	-1.0	-1.0	0.0	marker	opened-hand	Open	11	0418
-66695.895	-53335.575	-102430.215	-17952.165	0.0	0.0	0.0	0.0	0.0	0.0	0.0	0.0	0.0	0.0	0.0	0.0	0.0	0.0	146.13793103448276	0.0	0.03393546	-0.11206026	1.004819205	4.54748	-0.01526	-2.47212	3190965.0	1776544771.68573	0.0	1.0	-1.0	-1.0	-1.0	-1.0	-1.0	-1.0	-1.0	-1.0	0.0	marker	opened-hand	Open	11	0418
-66583.485	-53335.575	-102313.44	-17842.094999999998	0.0	0.0	0.0	0.0	0.0	0.0	0.0	0.0	0.0	0.0	0.0	0.0	0.0	0.0	146.13793103448276	0.0	0.03393546	-0.11206026	1.004819205	4.54748	-0.01526	-2.47212	3190966.0	1776544771.689829	0.0	1.0	-1.0	-1.0	-1.0	-1.0	-1.0	-1.0	-1.0	-1.0	0.0	marker	opened-hand	Open	11	0418
-66368.43	-53302.365	-102114.045	-17589.645	0.0	0.0	0.0	0.0	0.0	0.0	0.0	0.0	0.0	0.0	0.0	0.0	0.0	0.0	146.13793103448276	0.0	0.03393546	-0.11206026	1.004819205	4.54748	-0.01526	-2.47212	3190967.0	1776544771.689848	0.0	1.0	-1.0	-1.0	-1.0	-1.0	-1.0	-1.0	-1.0	-1.0	0.0	marker	opened-hand	Open	11	0418
-66310.155	-53284.545	-102085.92	-17568.72	0.0	0.0	0.0	0.0	0.0	0.0	0.0	0.0	0.0	0.0	0.0	0.0	0.0	0.0	146.13793103448276	0.0	0.03393546	-0.11206026	1.004819205	4.54748	-0.01526	-2.47212	3190968.0	1776544771.69755	0.0	1.0	-1.0	-1.0	-1.0	-1.0	-1.0	-1.0	-1.0	-1.0	0.0	marker	opened-hand	Open	11	0418
-66712.095	-53305.38	-102468.78	-17975.745	0.0	0.0	0.0	0.0	0.0	0.0	0.0	0.0	0.0	0.0	0.0	0.0	0.0	0.0	146.13793103448276	0.0	0.03393546	-0.11206026	1.004819205	4.54748	-0.01526	-2.47212	3190969.0	1776544771.697568	0.0	1.0	-1.0	-1.0	-1.0	-1.0	-1.0	-1.0	-1.0	-1.0	0.0	marker	opened-hand	Open	11	0418
-66651.03	-53308.665	-102362.355	-17867.43	0.0	0.0	0.0	0.0	0.0	0.0	0.0	0.0	0.0	0.0	0.0	0.0	0.0	0.0	146.13793103448276	0.0	0.03393546	-0.11206026	1.004819205	4.54748	-0.01526	-2.47212	3190970.0	1776544771.69998	0.0	1.0	-1.0	-1.0	-1.0	-1.0	-1.0	-1.0	-1.0	-1.0	0.0	marker	opened-hand	Open	11	0418
-66470.805	-53309.295	-102140.28	-17539.29	0.0	0.0	0.0	0.0	0.0	0.0	0.0	0.0	0.0	0.0	0.0	0.0	0.0	0.0	146.13793103448276	0.0	0.03393546	-0.11206026	1.004819205	4.54748	-0.01526	-2.47212	3190971.0	1776544771.699998	0.0	1.0	-1.0	-1.0	-1.0	-1.0	-1.0	-1.0	-1.0	-1.0	0.0	marker	opened-hand	Open	11	0418
-66507.075	-53316.72	-102270.64499999999	-17671.995	0.0	0.0	0.0	0.0	0.0	0.0	0.0	0.0	0.0	0.0	0.0	0.0	0.0	0.0	146.13793103448276	0.0	0.03393546	-0.11206026	1.004819205	4.54748	-0.01526	-2.47212	3190972.0	1776544771.702293	0.0	1.0	-1.0	-1.0	-1.0	-1.0	-1.0	-1.0	-1.0	-1.0	0.0	marker	opened-hand	Open	11	0418
-66597.75	-53311.95	-102323.43	-17788.995	0.0	0.0	0.0	0.0	0.0	0.0	0.0	0.0	0.0	0.0	0.0	0.0	0.0	0.0	146.13793103448276	0.0	0.03393546	-0.11206026	1.004819205	4.54748	-0.01526	-2.47212	3190973.0	1776544771.702311	0.0	1.0	-1.0	-1.0	-1.0	-1.0	-1.0	-1.0	-1.0	-1.0	0.0	marker	opened-hand	Open	11	0418
-66731.04	-53311.86	-102411.765	-17947.395	0.0	0.0	0.0	0.0	0.0	0.0	0.0	0.0	0.0	0.0	0.0	0.0	0.0	0.0	146.13793103448276	0.0	0.025329525000000002	-0.11218233	1.00488024	3.8760399999999997	0.48832	-2.5179	3190974.0	1776544771.705852	0.0	1.0	-1.0	-1.0	-1.0	-1.0	-1.0	-1.0	-1.0	-1.0	0.0	marker	opened-hand	Open	11	0418
-66555.765	-53298.494999999995	-102256.69499999999	-17871.93	0.0	0.0	0.0	0.0	0.0	0.0	0.0	0.0	0.0	0.0	0.0	0.0	0.0	0.0	146.13793103448276	0.0	0.025329525000000002	-0.11218233	1.00488024	3.8760399999999997	0.48832	-2.5179	3190975.0	1776544771.70587	0.0	1.0	-1.0	-1.0	-1.0	-1.0	-1.0	-1.0	-1.0	-1.0	0.0	marker	opened-hand	Open	11	0418
-66531.915	-53307.18	-102289.545	-17877.42	0.0	0.0	0.0	0.0	0.0	0.0	0.0	0.0	0.0	0.0	0.0	0.0	0.0	0.0	146.13793103448276	0.0	0.025329525000000002	-0.11218233	1.00488024	3.8760399999999997	0.48832	-2.5179	3190976.0	1776544771.712054	0.0	1.0	-1.0	-1.0	-1.0	-1.0	-1.0	-1.0	-1.0	-1.0	0.0	marker	opened-hand	Open	11	0418
-66609.22499999999	-53317.079999999994	-102452.355	-17886.329999999998	0.0	0.0	0.0	0.0	0.0	0.0	0.0	0.0	0.0	0.0	0.0	0.0	0.0	0.0	146.13793103448276	0.0	0.025329525000000002	-0.11218233	1.00488024	3.8760399999999997	0.48832	-2.5179	3190977.0	1776544771.712072	0.0	1.0	-1.0	-1.0	-1.0	-1.0	-1.0	-1.0	-1.0	-1.0	0.0	marker	opened-hand	Open	11	0418
-66666.645	-53321.085	-102459.95999999999	-17929.17	0.0	0.0	0.0	0.0	0.0	0.0	0.0	0.0	0.0	0.0	0.0	0.0	0.0	0.0	146.13793103448276	0.0	0.025329525000000002	-0.11218233	1.00488024	3.8760399999999997	0.48832	-2.5179	3190978.0	1776544771.715043	0.0	1.0	-1.0	-1.0	-1.0	-1.0	-1.0	-1.0	-1.0	-1.0	0.0	marker	opened-hand	Open	11	0418
-66806.505	-53341.335	-102527.19	-18109.62	0.0	0.0	0.0	0.0	0.0	0.0	0.0	0.0	0.0	0.0	0.0	0.0	0.0	0.0	146.13793103448276	0.0	0.025329525000000002	-0.11218233	1.00488024	3.8760399999999997	0.48832	-2.5179	3190979.0	1776544771.715061	0.0	1.0	-1.0	-1.0	-1.0	-1.0	-1.0	-1.0	-1.0	-1.0	0.0	marker	opened-hand	Open	11	0418
-66555.27	-53335.305	-102313.08	-17821.665	0.0	0.0	0.0	0.0	0.0	0.0	0.0	0.0	0.0	0.0	0.0	0.0	0.0	0.0	146.13793103448276	0.0	0.025329525000000002	-0.11218233	1.00488024	3.8760399999999997	0.48832	-2.5179	3190980.0	1776544771.718047	0.0	1.0	-1.0	-1.0	-1.0	-1.0	-1.0	-1.0	-1.0	-1.0	0.0	marker	opened-hand	Open	11	0418
-66449.025	-53327.88	-102183.20999999999	-17700.524999999998	0.0	0.0	0.0	0.0	0.0	0.0	0.0	0.0	0.0	0.0	0.0	0.0	0.0	0.0	146.13793103448276	0.0	0.025329525000000002	-0.11218233	1.00488024	3.8760399999999997	0.48832	-2.5179	3190981.0	1776544771.718064	0.0	1.0	-1.0	-1.0	-1.0	-1.0	-1.0	-1.0	-1.0	-1.0	0.0	marker	opened-hand	Open	11	0418
-66548.7	-53334.18	-102278.34	-17812.71	0.0	0.0	0.0	0.0	0.0	0.0	0.0	0.0	0.0	0.0	0.0	0.0	0.0	0.0	146.13793103448276	0.0	0.025329525000000002	-0.11218233	1.00488024	3.8760399999999997	0.48832	-2.5179	3190982.0	1776544771.724045	0.0	1.0	-1.0	-1.0	-1.0	-1.0	-1.0	-1.0	-1.0	-1.0	0.0	marker	opened-hand	Open	11	0418
-66737.745	-53345.88	-102471.39	-17971.515	0.0	0.0	0.0	0.0	0.0	0.0	0.0	0.0	0.0	0.0	0.0	0.0	0.0	0.0	146.13793103448276	0.0	0.025329525000000002	-0.11218233	1.00488024	3.8760399999999997	0.48832	-2.5179	3190983.0	1776544771.724063	0.0	1.0	-1.0	-1.0	-1.0	-1.0	-1.0	-1.0	-1.0	-1.0	0.0	marker	opened-hand	Open	11	0418
-66565.98	-53335.755	-102284.775	-17826.84	0.0	0.0	0.0	0.0	0.0	0.0	0.0	0.0	0.0	0.0	0.0	0.0	0.0	0.0	146.13793103448276	0.0	0.0195312	-0.102355695	1.013608245	3.14356	0.39676	-0.07629999999999999	3190984.0	1776544771.725935	0.0	1.0	-1.0	-1.0	-1.0	-1.0	-1.0	-1.0	-1.0	-1.0	0.0	marker	opened-hand	Open	11	0418
-66560.265	-53332.02	-102204.72	-17666.595	0.0	0.0	0.0	0.0	0.0	0.0	0.0	0.0	0.0	0.0	0.0	0.0	0.0	0.0	146.13793103448276	0.0	0.0195312	-0.102355695	1.013608245	3.14356	0.39676	-0.07629999999999999	3190985.0	1776544771.725952	0.0	1.0	-1.0	-1.0	-1.0	-1.0	-1.0	-1.0	-1.0	-1.0	0.0	marker	opened-hand	Open	11	0418
-66686.895	-53349.795	-102363.705	-17823.78	0.0	0.0	0.0	0.0	0.0	0.0	0.0	0.0	0.0	0.0	0.0	0.0	0.0	0.0	146.13793103448276	0.0	0.0195312	-0.102355695	1.013608245	3.14356	0.39676	-0.07629999999999999	3190986.0	1776544771.729862	0.0	1.0	-1.0	-1.0	-1.0	-1.0	-1.0	-1.0	-1.0	-1.0	0.0	marker	opened-hand	Open	11	0418
-66558.915	-53360.1	-102367.26	-17897.76	0.0	0.0	0.0	0.0	0.0	0.0	0.0	0.0	0.0	0.0	0.0	0.0	0.0	0.0	146.13793103448276	0.0	0.0195312	-0.102355695	1.013608245	3.14356	0.39676	-0.07629999999999999	3190987.0	1776544771.72988	0.0	1.0	-1.0	-1.0	-1.0	-1.0	-1.0	-1.0	-1.0	-1.0	0.0	marker	opened-hand	Open	11	0418
-66478.31999999999	-53359.875	-102303.72	-17789.355	0.0	0.0	0.0	0.0	0.0	0.0	0.0	0.0	0.0	0.0	0.0	0.0	0.0	0.0	146.13793103448276	0.0	0.0195312	-0.102355695	1.013608245	3.14356	0.39676	-0.07629999999999999	3190988.0	1776544771.733853	0.0	1.0	-1.0	-1.0	-1.0	-1.0	-1.0	-1.0	-1.0	-1.0	0.0	marker	opened-hand	Open	11	0418
-66647.745	-53361.494999999995	-102451.635	-17929.98	0.0	0.0	0.0	0.0	0.0	0.0	0.0	0.0	0.0	0.0	0.0	0.0	0.0	0.0	146.13793103448276	0.0	0.0195312	-0.102355695	1.013608245	3.14356	0.39676	-0.07629999999999999	3190989.0	1776544771.733874	0.0	1.0	-1.0	-1.0	-1.0	-1.0	-1.0	-1.0	-1.0	-1.0	0.0	marker	opened-hand	Open	11	0418
-66547.395	-53345.744999999995	-102256.065	-17731.125	0.0	0.0	0.0	0.0	0.0	0.0	0.0	0.0	0.0	0.0	0.0	0.0	0.0	0.0	146.13793103448276	0.0	0.0195312	-0.102355695	1.013608245	3.14356	0.39676	-0.07629999999999999	3190990.0	1776544771.737925	0.0	1.0	-1.0	-1.0	-1.0	-1.0	-1.0	-1.0	-1.0	-1.0	0.0	marker	opened-hand	Open	11	0418
-66476.205	-53328.015	-102098.655	-17544.825	0.0	0.0	0.0	0.0	0.0	0.0	0.0	0.0	0.0	0.0	0.0	0.0	0.0	0.0	146.13793103448276	0.0	0.0195312	-0.102355695	1.013608245	3.14356	0.39676	-0.07629999999999999	3190991.0	1776544771.737944	0.0	1.0	-1.0	-1.0	-1.0	-1.0	-1.0	-1.0	-1.0	-1.0	0.0	marker	opened-hand	Open	11	0418
-66710.25	-53337.555	-102390.795	-17902.89	0.0	0.0	0.0	0.0	0.0	0.0	0.0	0.0	0.0	0.0	0.0	0.0	0.0	0.0	146.13793103448276	0.0	0.0195312	-0.102355695	1.013608245	3.14356	0.39676	-0.07629999999999999	3190992.0	1776544771.74189	0.0	1.0	-1.0	-1.0	-1.0	-1.0	-1.0	-1.0	-1.0	-1.0	0.0	marker	opened-hand	Open	11	0418
-66421.845	-53320.185	-102417.48	-17964.719999999998	0.0	0.0	0.0	0.0	0.0	0.0	0.0	0.0	0.0	0.0	0.0	0.0	0.0	0.0	146.13793103448276	0.0	0.0195312	-0.102355695	1.013608245	3.14356	0.39676	-0.07629999999999999	3190993.0	1776544771.741907	0.0	1.0	-1.0	-1.0	-1.0	-1.0	-1.0	-1.0	-1.0	-1.0	0.0	marker	opened-hand	Open	11	0418
-66664.44	-53318.655	-102504.465	-18013.41	0.0	0.0	0.0	0.0	0.0	0.0	0.0	0.0	0.0	0.0	0.0	0.0	0.0	0.0	146.13793103448276	0.0	0.026428155000000002	-0.095275635	1.01391342	1.8312	-0.35097999999999996	0.30519999999999997	3190994.0	1776544771.745873	0.0	1.0	-1.0	-1.0	-1.0	-1.0	-1.0	-1.0	-1.0	-1.0	0.0	marker	opened-hand	Open	11	0418
-66703.23	-53317.439999999995	-102485.925	-18028.62	0.0	0.0	0.0	0.0	0.0	0.0	0.0	0.0	0.0	0.0	0.0	0.0	0.0	0.0	146.13793103448276	0.0	0.026428155000000002	-0.095275635	1.01391342	1.8312	-0.35097999999999996	0.30519999999999997	3190995.0	1776544771.745892	0.0	1.0	-1.0	-1.0	-1.0	-1.0	-1.0	-1.0	-1.0	-1.0	0.0	marker	opened-hand	Open	11	0418
-66759.435	-53317.665	-102513.33	-18051.344999999998	0.0	0.0	0.0	0.0	0.0	0.0	0.0	0.0	0.0	0.0	0.0	0.0	0.0	0.0	146.13793103448276	0.0	0.026428155000000002	-0.095275635	1.01391342	1.8312	-0.35097999999999996	0.30519999999999997	3190996.0	1776544771.749948	0.0	1.0	-1.0	-1.0	-1.0	-1.0	-1.0	-1.0	-1.0	-1.0	0.0	marker	opened-hand	Open	11	0418
-66603.375	-53316.314999999995	-102367.89	-17888.445	0.0	0.0	0.0	0.0	0.0	0.0	0.0	0.0	0.0	0.0	0.0	0.0	0.0	0.0	146.13793103448276	0.0	0.026428155000000002	-0.095275635	1.01391342	1.8312	-0.35097999999999996	0.30519999999999997	3190997.0	1776544771.749966	0.0	1.0	-1.0	-1.0	-1.0	-1.0	-1.0	-1.0	-1.0	-1.0	0.0	marker	opened-hand	Open	11	0418
-66450.59999999999	-53315.729999999996	-102217.905	-17771.76	0.0	0.0	0.0	0.0	0.0	0.0	0.0	0.0	0.0	0.0	0.0	0.0	0.0	0.0	146.13793103448276	0.0	0.026428155000000002	-0.095275635	1.01391342	1.8312	-0.35097999999999996	0.30519999999999997	3190998.0	1776544771.753982	0.0	1.0	-1.0	-1.0	-1.0	-1.0	-1.0	-1.0	-1.0	-1.0	0.0	marker	opened-hand	Open	11	0418
-66492.72	-53306.28	-102178.44	-17725.005	0.0	0.0	0.0	0.0	0.0	0.0	0.0	0.0	0.0	0.0	0.0	0.0	0.0	0.0	146.13793103448276	0.0	0.026428155000000002	-0.095275635	1.01391342	1.8312	-0.35097999999999996	0.30519999999999997	3190999.0	1776544771.754	0.0	1.0	-1.0	-1.0	-1.0	-1.0	-1.0	-1.0	-1.0	-1.0	0.0	marker	opened-hand	Open	11	0418
-66476.97	-53293.814999999995	-102082.185	-17684.325	0.0	0.0	0.0	0.0	0.0	0.0	0.0	0.0	0.0	0.0	0.0	0.0	0.0	0.0	146.13793103448276	0.0	0.026428155000000002	-0.095275635	1.01391342	1.8312	-0.35097999999999996	0.30519999999999997	3191000.0	1776544771.757991	0.0	1.0	-1.0	-1.0	-1.0	-1.0	-1.0	-1.0	-1.0	-1.0	0.0	marker	opened-hand	Open	11	0418
-66458.34	-53288.64	-102240.315	-17787.96	0.0	0.0	0.0	0.0	0.0	0.0	0.0	0.0	0.0	0.0	0.0	0.0	0.0	0.0	146.13793103448276	0.0	0.026428155000000002	-0.095275635	1.01391342	1.8312	-0.35097999999999996	0.30519999999999997	3191001.0	1776544771.758009	0.0	1.0	-1.0	-1.0	-1.0	-1.0	-1.0	-1.0	-1.0	-1.0	0.0	marker	opened-hand	Open	11	0418
-66330.27	-53272.619999999995	-102310.33499999999	-17784.36	0.0	0.0	0.0	0.0	0.0	0.0	0.0	0.0	0.0	0.0	0.0	0.0	0.0	0.0	146.13793103448276	0.0	0.026428155000000002	-0.095275635	1.01391342	1.8312	-0.35097999999999996	0.30519999999999997	3191002.0	1776544771.761935	0.0	1.0	-1.0	-1.0	-1.0	-1.0	-1.0	-1.0	-1.0	-1.0	0.0	marker	opened-hand	Open	11	0418
-66566.745	-53265.869999999995	-102388.68	-17848.62	0.0	0.0	0.0	0.0	0.0	0.0	0.0	0.0	0.0	0.0	0.0	0.0	0.0	0.0	146.13793103448276	0.0	0.026428155000000002	-0.095275635	1.01391342	1.8312	-0.35097999999999996	0.30519999999999997	3191003.0	1776544771.761955	0.0	1.0	-1.0	-1.0	-1.0	-1.0	-1.0	-1.0	-1.0	-1.0	0.0	marker	opened-hand	Open	11	0418
-66809.52	-53283.915	-102594.555	-18109.44	0.0	0.0	0.0	0.0	0.0	0.0	0.0	0.0	0.0	0.0	0.0	0.0	0.0	0.0	146.13793103448276	0.0	0.045226935	-0.097228755	1.00805406	-0.35097999999999996	0.3815	-0.8392999999999999	3191004.0	1776544771.766081	0.0	1.0	-1.0	-1.0	-1.0	-1.0	-1.0	-1.0	-1.0	-1.0	0.0	marker	opened-hand	Open	11	0418
-66965.44499999999	-53298.0	-102698.01	-18188.82	0.0	0.0	0.0	0.0	0.0	0.0	0.0	0.0	0.0	0.0	0.0	0.0	0.0	0.0	146.13793103448276	0.0	0.045226935	-0.097228755	1.00805406	-0.35097999999999996	0.3815	-0.8392999999999999	3191005.0	1776544771.766094	0.0	1.0	-1.0	-1.0	-1.0	-1.0	-1.0	-1.0	-1.0	-1.0	0.0	marker	opened-hand	Open	11	0418
-66848.4	-53295.975	-102563.37	-18031.32	0.0	0.0	0.0	0.0	0.0	0.0	0.0	0.0	0.0	0.0	0.0	0.0	0.0	0.0	146.13793103448276	0.0	0.045226935	-0.097228755	1.00805406	-0.35097999999999996	0.3815	-0.8392999999999999	3191006.0	1776544771.770022	0.0	1.0	-1.0	-1.0	-1.0	-1.0	-1.0	-1.0	-1.0	-1.0	0.0	marker	opened-hand	Open	11	0418
-66699.855	-53274.689999999995	-102401.01	-17862.93	0.0	0.0	0.0	0.0	0.0	0.0	0.0	0.0	0.0	0.0	0.0	0.0	0.0	0.0	146.13793103448276	0.0	0.045226935	-0.097228755	1.00805406	-0.35097999999999996	0.3815	-0.8392999999999999	3191007.0	1776544771.770042	0.0	1.0	-1.0	-1.0	-1.0	-1.0	-1.0	-1.0	-1.0	-1.0	0.0	marker	opened-hand	Open	11	0418
-66649.68	-53263.305	-102391.78499999999	-17854.739999999998	0.0	0.0	0.0	0.0	0.0	0.0	0.0	0.0	0.0	0.0	0.0	0.0	0.0	0.0	146.13793103448276	0.0	0.045226935	-0.097228755	1.00805406	-0.35097999999999996	0.3815	-0.8392999999999999	3191008.0	1776544771.774054	0.0	1.0	-1.0	-1.0	-1.0	-1.0	-1.0	-1.0	-1.0	-1.0	0.0	marker	opened-hand	Open	11	0418
-66671.595	-53257.185	-102417.25499999999	-17963.37	0.0	0.0	0.0	0.0	0.0	0.0	0.0	0.0	0.0	0.0	0.0	0.0	0.0	0.0	146.13793103448276	0.0	0.045226935	-0.097228755	1.00805406	-0.35097999999999996	0.3815	-0.8392999999999999	3191009.0	1776544771.774072	0.0	1.0	-1.0	-1.0	-1.0	-1.0	-1.0	-1.0	-1.0	-1.0	0.0	marker	opened-hand	Open	11	0418
-66529.035	-53265.06	-102252.015	-17782.515	0.0	0.0	0.0	0.0	0.0	0.0	0.0	0.0	0.0	0.0	0.0	0.0	0.0	0.0	146.13793103448276	0.0	0.045226935	-0.097228755	1.00805406	-0.35097999999999996	0.3815	-0.8392999999999999	3191010.0	1776544771.778074	0.0	1.0	-1.0	-1.0	-1.0	-1.0	-1.0	-1.0	-1.0	-1.0	0.0	marker	opened-hand	Open	11	0418
-66421.125	-53301.329999999994	-102229.65	-17786.34	0.0	0.0	0.0	0.0	0.0	0.0	0.0	0.0	0.0	0.0	0.0	0.0	0.0	0.0	146.13793103448276	0.0	0.045226935	-0.097228755	1.00805406	-0.35097999999999996	0.3815	-0.8392999999999999	3191011.0	1776544771.778092	0.0	1.0	-1.0	-1.0	-1.0	-1.0	-1.0	-1.0	-1.0	-1.0	0.0	marker	opened-hand	Open	11	0418
-66600.22499999999	-53324.145	-102409.73999999999	-17964.405	0.0	0.0	0.0	0.0	0.0	0.0	0.0	0.0	0.0	0.0	0.0	0.0	0.0	0.0	146.13793103448276	0.0	0.045226935	-0.097228755	1.00805406	-0.35097999999999996	0.3815	-0.8392999999999999	3191012.0	1776544771.785365	0.0	1.0	-1.0	-1.0	-1.0	-1.0	-1.0	-1.0	-1.0	-1.0	0.0	marker	opened-hand	Open	11	0418
-66775.59	-53341.335	-102576.465	-18068.445	0.0	0.0	0.0	0.0	0.0	0.0	0.0	0.0	0.0	0.0	0.0	0.0	0.0	0.0	146.13793103448276	0.0	0.045226935	-0.097228755	1.00805406	-0.35097999999999996	0.3815	-0.8392999999999999	3191013.0	1776544771.785386	0.0	1.0	-1.0	-1.0	-1.0	-1.0	-1.0	-1.0	-1.0	-1.0	0.0	marker	opened-hand	Open	11	0418
-66689.505	-53346.24	-102514.76999999999	-18005.76	0.0	0.0	0.0	0.0	0.0	0.0	0.0	0.0	0.0	0.0	0.0	0.0	0.0	0.0	146.13793103448276	0.0	0.042175185000000004	-0.10546848	1.009213725	3.0672599999999997	0.7019599999999999	0.07629999999999999	3191014.0	1776544771.786035	0.0	1.0	-1.0	-1.0	-1.0	-1.0	-1.0	-1.0	-1.0	-1.0	0.0	marker	opened-hand	Open	11	0418
-66505.41	-53341.875	-102343.40999999999	-17838.495	0.0	0.0	0.0	0.0	0.0	0.0	0.0	0.0	0.0	0.0	0.0	0.0	0.0	0.0	146.13793103448276	0.0	0.042175185000000004	-0.10546848	1.009213725	3.0672599999999997	0.7019599999999999	0.07629999999999999	3191015.0	1776544771.786053	0.0	1.0	-1.0	-1.0	-1.0	-1.0	-1.0	-1.0	-1.0	-1.0	0.0	marker	opened-hand	Open	11	0418
-66401.73	-53329.59	-102176.01	-17657.19	0.0	0.0	0.0	0.0	0.0	0.0	0.0	0.0	0.0	0.0	0.0	0.0	0.0	0.0	146.13793103448276	0.0	0.042175185000000004	-0.10546848	1.009213725	3.0672599999999997	0.7019599999999999	0.07629999999999999	3191016.0	1776544771.790075	0.0	1.0	-1.0	-1.0	-1.0	-1.0	-1.0	-1.0	-1.0	-1.0	0.0	marker	opened-hand	Open	11	0418
-66616.83	-53319.555	-102290.12999999999	-17761.274999999998	0.0	0.0	0.0	0.0	0.0	0.0	0.0	0.0	0.0	0.0	0.0	0.0	0.0	0.0	146.13793103448276	0.0	0.042175185000000004	-0.10546848	1.009213725	3.0672599999999997	0.7019599999999999	0.07629999999999999	3191017.0	1776544771.790094	0.0	1.0	-1.0	-1.0	-1.0	-1.0	-1.0	-1.0	-1.0	-1.0	0.0	marker	opened-hand	Open	11	0418
-66717.315	-53328.329999999994	-102445.875	-17916.704999999998	0.0	0.0	0.0	0.0	0.0	0.0	0.0	0.0	0.0	0.0	0.0	0.0	0.0	0.0	146.13793103448276	0.0	0.042175185000000004	-0.10546848	1.009213725	3.0672599999999997	0.7019599999999999	0.07629999999999999	3191018.0	1776544771.794165	0.0	1.0	-1.0	-1.0	-1.0	-1.0	-1.0	-1.0	-1.0	-1.0	0.0	marker	opened-hand	Open	11	0418
-66651.345	-53318.159999999996	-102494.11499999999	-17961.48	0.0	0.0	0.0	0.0	0.0	0.0	0.0	0.0	0.0	0.0	0.0	0.0	0.0	0.0	146.13793103448276	0.0	0.042175185000000004	-0.10546848	1.009213725	3.0672599999999997	0.7019599999999999	0.07629999999999999	3191019.0	1776544771.794183	0.0	1.0	-1.0	-1.0	-1.0	-1.0	-1.0	-1.0	-1.0	-1.0	0.0	marker	opened-hand	Open	11	0418
-66703.59	-53314.695	-102394.215	-17847.18	0.0	0.0	0.0	0.0	0.0	0.0	0.0	0.0	0.0	0.0	0.0	0.0	0.0	0.0	146.13793103448276	0.0	0.042175185000000004	-0.10546848	1.009213725	3.0672599999999997	0.7019599999999999	0.07629999999999999	3191020.0	1776544771.798112	0.0	1.0	-1.0	-1.0	-1.0	-1.0	-1.0	-1.0	-1.0	-1.0	0.0	marker	opened-hand	Open	11	0418
-66566.52	-53319.42	-102309.48	-17843.94	0.0	0.0	0.0	0.0	0.0	0.0	0.0	0.0	0.0	0.0	0.0	0.0	0.0	0.0	146.13793103448276	0.0	0.042175185000000004	-0.10546848	1.009213725	3.0672599999999997	0.7019599999999999	0.07629999999999999	3191021.0	1776544771.798132	0.0	1.0	-1.0	-1.0	-1.0	-1.0	-1.0	-1.0	-1.0	-1.0	0.0	marker	opened-hand	Open	11	0418
-66546.855	-53336.43	-102346.92	-17860.364999999998	0.0	0.0	0.0	0.0	0.0	0.0	0.0	0.0	0.0	0.0	0.0	0.0	0.0	0.0	146.13793103448276	0.0	0.042175185000000004	-0.10546848	1.009213725	3.0672599999999997	0.7019599999999999	0.07629999999999999	3191022.0	1776544771.802111	0.0	1.0	-1.0	-1.0	-1.0	-1.0	-1.0	-1.0	-1.0	-1.0	0.0	marker	opened-hand	Open	11	0418
-66476.83499999999	-53331.435	-102234.19499999999	-17690.22	0.0	0.0	0.0	0.0	0.0	0.0	0.0	0.0	0.0	0.0	0.0	0.0	0.0	0.0	146.13793103448276	0.0	0.042175185000000004	-0.10546848	1.009213725	3.0672599999999997	0.7019599999999999	0.07629999999999999	3191023.0	1776544771.802129	0.0	1.0	-1.0	-1.0	-1.0	-1.0	-1.0	-1.0	-1.0	-1.0	0.0	marker	opened-hand	Open	11	0418
-66445.73999999999	-53330.22	-102210.12	-17630.055	0.0	0.0	0.0	0.0	0.0	0.0	0.0	0.0	0.0	0.0	0.0	0.0	0.0	0.0	146.13793103448276	0.0	0.026672295000000002	-0.11022921000000001	1.0173313800000001	3.26564	-0.04578	-0.9156	3191024.0	1776544771.809582	0.0	1.0	-1.0	-1.0	-1.0	-1.0	-1.0	-1.0	-1.0	-1.0	0.0	marker	opened-hand	Open	11	0418
-66514.905	-53329.049999999996	-102303.045	-17798.175	0.0	0.0	0.0	0.0	0.0	0.0	0.0	0.0	0.0	0.0	0.0	0.0	0.0	0.0	146.13793103448276	0.0	0.026672295000000002	-0.11022921000000001	1.0173313800000001	3.26564	-0.04578	-0.9156	3191025.0	1776544771.809601	0.0	1.0	-1.0	-1.0	-1.0	-1.0	-1.0	-1.0	-1.0	-1.0	0.0	marker	opened-hand	Open	11	0418
-66564.9	-53327.97	-102336.93	-17913.239999999998	0.0	0.0	0.0	0.0	0.0	0.0	0.0	0.0	0.0	0.0	0.0	0.0	0.0	0.0	146.13793103448276	0.0	0.026672295000000002	-0.11022921000000001	1.0173313800000001	3.26564	-0.04578	-0.9156	3191026.0	1776544771.810269	0.0	1.0	-1.0	-1.0	-1.0	-1.0	-1.0	-1.0	-1.0	-1.0	0.0	marker	opened-hand	Open	11	0418
-66577.995	-53319.825	-102330.54	-17877.42	0.0	0.0	0.0	0.0	0.0	0.0	0.0	0.0	0.0	0.0	0.0	0.0	0.0	0.0	146.13793103448276	0.0	0.026672295000000002	-0.11022921000000001	1.0173313800000001	3.26564	-0.04578	-0.9156	3191027.0	1776544771.810293	0.0	1.0	-1.0	-1.0	-1.0	-1.0	-1.0	-1.0	-1.0	-1.0	0.0	marker	opened-hand	Open	11	0418
-66453.075	-53324.46	-102240.26999999999	-17754.975	0.0	0.0	0.0	0.0	0.0	0.0	0.0	0.0	0.0	0.0	0.0	0.0	0.0	0.0	146.13793103448276	0.0	0.026672295000000002	-0.11022921000000001	1.0173313800000001	3.26564	-0.04578	-0.9156	3191028.0	1776544771.81475	0.0	1.0	-1.0	-1.0	-1.0	-1.0	-1.0	-1.0	-1.0	-1.0	0.0	marker	opened-hand	Open	11	0418
-66399.61499999999	-53337.195	-102099.23999999999	-17600.399999999998	0.0	0.0	0.0	0.0	0.0	0.0	0.0	0.0	0.0	0.0	0.0	0.0	0.0	0.0	146.13793103448276	0.0	0.026672295000000002	-0.11022921000000001	1.0173313800000001	3.26564	-0.04578	-0.9156	3191029.0	1776544771.814774	0.0	1.0	-1.0	-1.0	-1.0	-1.0	-1.0	-1.0	-1.0	-1.0	0.0	marker	opened-hand	Open	11	0418
-66624.255	-53351.325	-102223.035	-17632.485	0.0	0.0	0.0	0.0	0.0	0.0	0.0	0.0	0.0	0.0	0.0	0.0	0.0	0.0	146.13793103448276	0.0	0.026672295000000002	-0.11022921000000001	1.0173313800000001	3.26564	-0.04578	-0.9156	3191030.0	1776544771.820644	0.0	1.0	-1.0	-1.0	-1.0	-1.0	-1.0	-1.0	-1.0	-1.0	0.0	marker	opened-hand	Open	11	0418
-66765.915	-53376.119999999995	-102532.815	-17989.335	0.0	0.0	0.0	0.0	0.0	0.0	0.0	0.0	0.0	0.0	0.0	0.0	0.0	0.0	146.13793103448276	0.0	0.026672295000000002	-0.11022921000000001	1.0173313800000001	3.26564	-0.04578	-0.9156	3191031.0	1776544771.820661	0.0	1.0	-1.0	-1.0	-1.0	-1.0	-1.0	-1.0	-1.0	-1.0	0.0	marker	opened-hand	Open	11	0418
-66683.97	-53374.814999999995	-102502.845	-18037.98	0.0	0.0	0.0	0.0	0.0	0.0	0.0	0.0	0.0	0.0	0.0	0.0	0.0	0.0	146.13793103448276	0.0	0.026672295000000002	-0.11022921000000001	1.0173313800000001	3.26564	-0.04578	-0.9156	3191032.0	1776544771.82356	0.0	1.0	-1.0	-1.0	-1.0	-1.0	-1.0	-1.0	-1.0	-1.0	0.0	marker	opened-hand	Open	11	0418
-66665.295	-53364.645	-102459.825	-17997.21	0.0	0.0	0.0	0.0	0.0	0.0	0.0	0.0	0.0	0.0	0.0	0.0	0.0	0.0	146.13793103448276	0.0	0.026672295000000002	-0.11022921000000001	1.0173313800000001	3.26564	-0.04578	-0.9156	3191033.0	1776544771.823576	0.0	1.0	-1.0	-1.0	-1.0	-1.0	-1.0	-1.0	-1.0	-1.0	0.0	marker	opened-hand	Open	11	0418
-66718.485	-53352.314999999995	-102511.215	-18021.195	0.0	0.0	0.0	0.0	0.0	0.0	0.0	0.0	0.0	0.0	0.0	0.0	0.0	0.0	146.13793103448276	0.0	0.019592235	-0.10107396	1.02453351	-1.55652	-1.8006799999999998	-0.59514	3191034.0	1776544771.826502	0.0	1.0	-1.0	-1.0	-1.0	-1.0	-1.0	-1.0	-1.0	-1.0	0.0	marker	opened-hand	Open	11	0418
-66623.355	-53349.21	-102344.48999999999	-17843.13	0.0	0.0	0.0	0.0	0.0	0.0	0.0	0.0	0.0	0.0	0.0	0.0	0.0	0.0	146.13793103448276	0.0	0.019592235	-0.10107396	1.02453351	-1.55652	-1.8006799999999998	-0.59514	3191035.0	1776544771.826515	0.0	1.0	-1.0	-1.0	-1.0	-1.0	-1.0	-1.0	-1.0	-1.0	0.0	marker	opened-hand	Open	11	0418
-66416.67	-53333.775	-102081.23999999999	-17557.92	0.0	0.0	0.0	0.0	0.0	0.0	0.0	0.0	0.0	0.0	0.0	0.0	0.0	0.0	146.13793103448276	0.0	0.019592235	-0.10107396	1.02453351	-1.55652	-1.8006799999999998	-0.59514	3191036.0	1776544771.829987	0.0	1.0	-1.0	-1.0	-1.0	-1.0	-1.0	-1.0	-1.0	-1.0	0.0	marker	opened-hand	Open	11	0418
-66520.62	-53336.204999999994	-102296.47499999999	-17764.515	0.0	0.0	0.0	0.0	0.0	0.0	0.0	0.0	0.0	0.0	0.0	0.0	0.0	0.0	146.13793103448276	0.0	0.019592235	-0.10107396	1.02453351	-1.55652	-1.8006799999999998	-0.59514	3191037.0	1776544771.829998	0.0	1.0	-1.0	-1.0	-1.0	-1.0	-1.0	-1.0	-1.0	-1.0	0.0	marker	opened-hand	Open	11	0418
-66684.87	-53350.064999999995	-102510.315	-18040.95	0.0	0.0	0.0	0.0	0.0	0.0	0.0	0.0	0.0	0.0	0.0	0.0	0.0	0.0	146.13793103448276	0.0	0.019592235	-0.10107396	1.02453351	-1.55652	-1.8006799999999998	-0.59514	3191038.0	1776544771.834534	0.0	1.0	-1.0	-1.0	-1.0	-1.0	-1.0	-1.0	-1.0	-1.0	0.0	marker	opened-hand	Open	11	0418
-66683.52	-53340.615	-102404.11499999999	-17886.015	0.0	0.0	0.0	0.0	0.0	0.0	0.0	0.0	0.0	0.0	0.0	0.0	0.0	0.0	146.13793103448276	0.0	0.019592235	-0.10107396	1.02453351	-1.55652	-1.8006799999999998	-0.59514	3191039.0	1776544771.834558	0.0	1.0	-1.0	-1.0	-1.0	-1.0	-1.0	-1.0	-1.0	-1.0	0.0	marker	opened-hand	Open	11	0418
-66673.755	-53337.645	-102340.75499999999	-17805.51	0.0	0.0	0.0	0.0	0.0	0.0	0.0	0.0	0.0	0.0	0.0	0.0	0.0	0.0	146.13793103448276	0.0	0.019592235	-0.10107396	1.02453351	-1.55652	-1.8006799999999998	-0.59514	3191040.0	1776544771.838409	0.0	1.0	-1.0	-1.0	-1.0	-1.0	-1.0	-1.0	-1.0	-1.0	0.0	marker	opened-hand	Open	11	0418
-66506.265	-53331.704999999994	-102308.67	-17809.469999999998	0.0	0.0	0.0	0.0	0.0	0.0	0.0	0.0	0.0	0.0	0.0	0.0	0.0	0.0	146.13793103448276	0.0	0.019592235	-0.10107396	1.02453351	-1.55652	-1.8006799999999998	-0.59514	3191041.0	1776544771.838428	0.0	1.0	-1.0	-1.0	-1.0	-1.0	-1.0	-1.0	-1.0	-1.0	0.0	marker	opened-hand	Open	11	0418
-66529.17	-53340.795	-102423.465	-17974.125	0.0	0.0	0.0	0.0	0.0	0.0	0.0	0.0	0.0	0.0	0.0	0.0	0.0	0.0	146.13793103448276	0.0	0.019592235	-0.10107396	1.02453351	-1.55652	-1.8006799999999998	-0.59514	3191042.0	1776544771.842329	0.0	1.0	-1.0	-1.0	-1.0	-1.0	-1.0	-1.0	-1.0	-1.0	0.0	marker	opened-hand	Open	11	0418
-66506.44499999999	-53340.075	-102364.47	-17933.175	0.0	0.0	0.0	0.0	0.0	0.0	0.0	0.0	0.0	0.0	0.0	0.0	0.0	0.0	146.13793103448276	0.0	0.019592235	-0.10107396	1.02453351	-1.55652	-1.8006799999999998	-0.59514	3191043.0	1776544771.842343	0.0	1.0	-1.0	-1.0	-1.0	-1.0	-1.0	-1.0	-1.0	-1.0	0.0	marker	opened-hand	Open	11	0418
-66343.185	-53327.07	-102110.31	-17702.01	0.0	0.0	0.0	0.0	0.0	0.0	0.0	0.0	0.0	0.0	0.0	0.0	0.0	0.0	146.13793103448276	0.0	0.024597105	-0.09802221	1.0192845	-0.8392999999999999	-1.2971	0.3815	3191044.0	1776544771.846234	0.0	1.0	-1.0	-1.0	-1.0	-1.0	-1.0	-1.0	-1.0	-1.0	0.0	marker	opened-hand	Open	11	0418
-66256.11	-53320.68	-102071.16	-17673.39	0.0	0.0	0.0	0.0	0.0	0.0	0.0	0.0	0.0	0.0	0.0	0.0	0.0	0.0	146.13793103448276	0.0	0.024597105	-0.09802221	1.0192845	-0.8392999999999999	-1.2971	0.3815	3191045.0	1776544771.846244	0.0	1.0	-1.0	-1.0	-1.0	-1.0	-1.0	-1.0	-1.0	-1.0	0.0	marker	opened-hand	Open	11	0418
-66717.135	-53348.939999999995	-102477.06	-18029.16	0.0	0.0	0.0	0.0	0.0	0.0	0.0	0.0	0.0	0.0	0.0	0.0	0.0	0.0	146.13793103448276	0.0	0.024597105	-0.09802221	1.0192845	-0.8392999999999999	-1.2971	0.3815	3191046.0	1776544771.853803	0.0	1.0	-1.0	-1.0	-1.0	-1.0	-1.0	-1.0	-1.0	-1.0	0.0	marker	opened-hand	Open	11	0418
-66964.77	-53367.795	-102785.94	-18219.87	0.0	0.0	0.0	0.0	0.0	0.0	0.0	0.0	0.0	0.0	0.0	0.0	0.0	0.0	146.13793103448276	0.0	0.024597105	-0.09802221	1.0192845	-0.8392999999999999	-1.2971	0.3815	3191047.0	1776544771.853815	0.0	1.0	-1.0	-1.0	-1.0	-1.0	-1.0	-1.0	-1.0	-1.0	0.0	marker	opened-hand	Open	11	0418
-66769.69499999999	-53360.009999999995	-102531.19499999999	-17976.87	0.0	0.0	0.0	0.0	0.0	0.0	0.0	0.0	0.0	0.0	0.0	0.0	0.0	0.0	146.13793103448276	0.0	0.024597105	-0.09802221	1.0192845	-0.8392999999999999	-1.2971	0.3815	3191048.0	1776544771.854376	0.0	1.0	-1.0	-1.0	-1.0	-1.0	-1.0	-1.0	-1.0	-1.0	0.0	marker	opened-hand	Open	11	0418
-66697.2	-53359.064999999995	-102477.23999999999	-17974.8	0.0	0.0	0.0	0.0	0.0	0.0	0.0	0.0	0.0	0.0	0.0	0.0	0.0	0.0	146.13793103448276	0.0	0.024597105	-0.09802221	1.0192845	-0.8392999999999999	-1.2971	0.3815	3191049.0	1776544771.854382	0.0	1.0	-1.0	-1.0	-1.0	-1.0	-1.0	-1.0	-1.0	-1.0	0.0	marker	opened-hand	Open	11	0418
-66633.075	-53341.515	-102491.81999999999	-17991.765	0.0	0.0	0.0	0.0	0.0	0.0	0.0	0.0	0.0	0.0	0.0	0.0	0.0	0.0	146.13793103448276	0.0	0.024597105	-0.09802221	1.0192845	-0.8392999999999999	-1.2971	0.3815	3191050.0	1776544771.858406	0.0	1.0	-1.0	-1.0	-1.0	-1.0	-1.0	-1.0	-1.0	-1.0	0.0	marker	opened-hand	Open	11	0418
-66525.525	-53315.28	-102336.345	-17803.934999999998	0.0	0.0	0.0	0.0	0.0	0.0	0.0	0.0	0.0	0.0	0.0	0.0	0.0	0.0	146.13793103448276	0.0	0.024597105	-0.09802221	1.0192845	-0.8392999999999999	-1.2971	0.3815	3191051.0	1776544771.858421	0.0	1.0	-1.0	-1.0	-1.0	-1.0	-1.0	-1.0	-1.0	-1.0	0.0	marker	opened-hand	Open	11	0418
-66368.06999999999	-53301.104999999996	-102193.245	-17690.805	0.0	0.0	0.0	0.0	0.0	0.0	0.0	0.0	0.0	0.0	0.0	0.0	0.0	0.0	146.13793103448276	0.0	0.024597105	-0.09802221	1.0192845	-0.8392999999999999	-1.2971	0.3815	3191052.0	1776544771.862317	0.0	1.0	-1.0	-1.0	-1.0	-1.0	-1.0	-1.0	-1.0	-1.0	0.0	marker	opened-hand	Open	11	0418
-66552.56999999999	-53311.185	-102369.51	-17854.515	0.0	0.0	0.0	0.0	0.0	0.0	0.0	0.0	0.0	0.0	0.0	0.0	0.0	0.0	146.13793103448276	0.0	0.024597105	-0.09802221	1.0192845	-0.8392999999999999	-1.2971	0.3815	3191053.0	1776544771.862323	0.0	1.0	-1.0	-1.0	-1.0	-1.0	-1.0	-1.0	-1.0	-1.0	0.0	marker	opened-hand	Open	11	0418
-66724.2	-53335.259999999995	-102521.97	-18021.195	0.0	0.0	0.0	0.0	0.0	0.0	0.0	0.0	0.0	0.0	0.0	0.0	0.0	0.0	146.13793103448276	0.0	0.039001365	-0.10290501	1.00524645	1.35814	-0.2289	1.15976	3191054.0	1776544771.866372	0.0	1.0	-1.0	-1.0	-1.0	-1.0	-1.0	-1.0	-1.0	-1.0	0.0	marker	opened-hand	Open	11	0418
-66497.715	-53320.545	-102243.465	-17763.48	0.0	0.0	0.0	0.0	0.0	0.0	0.0	0.0	0.0	0.0	0.0	0.0	0.0	0.0	146.13793103448276	0.0	0.039001365	-0.10290501	1.00524645	1.35814	-0.2289	1.15976	3191055.0	1776544771.866378	0.0	1.0	-1.0	-1.0	-1.0	-1.0	-1.0	-1.0	-1.0	-1.0	0.0	marker	opened-hand	Open	11	0418
-66461.175	-53314.38	-102245.715	-17778.375	0.0	0.0	0.0	0.0	0.0	0.0	0.0	0.0	0.0	0.0	0.0	0.0	0.0	0.0	146.13793103448276	0.0	0.039001365	-0.10290501	1.00524645	1.35814	-0.2289	1.15976	3191056.0	1776544771.870377	0.0	1.0	-1.0	-1.0	-1.0	-1.0	-1.0	-1.0	-1.0	-1.0	0.0	marker	opened-hand	Open	11	0418
-66625.29	-53321.31	-102483.765	-18002.565	0.0	0.0	0.0	0.0	0.0	0.0	0.0	0.0	0.0	0.0	0.0	0.0	0.0	0.0	146.13793103448276	0.0	0.039001365	-0.10290501	1.00524645	1.35814	-0.2289	1.15976	3191057.0	1776544771.870383	0.0	1.0	-1.0	-1.0	-1.0	-1.0	-1.0	-1.0	-1.0	-1.0	0.0	marker	opened-hand	Open	11	0418
-66746.385	-53315.369999999995	-102425.625	-17860.005	0.0	0.0	0.0	0.0	0.0	0.0	0.0	0.0	0.0	0.0	0.0	0.0	0.0	0.0	146.13793103448276	0.0	0.039001365	-0.10290501	1.00524645	1.35814	-0.2289	1.15976	3191058.0	1776544771.87432	0.0	1.0	-1.0	-1.0	-1.0	-1.0	-1.0	-1.0	-1.0	-1.0	0.0	marker	opened-hand	Open	11	0418
-66658.905	-53298.314999999995	-102418.37999999999	-17826.84	0.0	0.0	0.0	0.0	0.0	0.0	0.0	0.0	0.0	0.0	0.0	0.0	0.0	0.0	146.13793103448276	0.0	0.039001365	-0.10290501	1.00524645	1.35814	-0.2289	1.15976	3191059.0	1776544771.874326	0.0	1.0	-1.0	-1.0	-1.0	-1.0	-1.0	-1.0	-1.0	-1.0	0.0	marker	opened-hand	Open	11	0418
-66570.165	-53288.46	-102411.495	-17870.175	0.0	0.0	0.0	0.0	0.0	0.0	0.0	0.0	0.0	0.0	0.0	0.0	0.0	0.0	146.13793103448276	0.0	0.039001365	-0.10290501	1.00524645	1.35814	-0.2289	1.15976	3191060.0	1776544771.878468	0.0	1.0	-1.0	-1.0	-1.0	-1.0	-1.0	-1.0	-1.0	-1.0	0.0	marker	opened-hand	Open	11	0418
-66364.02	-53271.494999999995	-102203.595	-17761.905	0.0	0.0	0.0	0.0	0.0	0.0	0.0	0.0	0.0	0.0	0.0	0.0	0.0	0.0	146.13793103448276	0.0	0.039001365	-0.10290501	1.00524645	1.35814	-0.2289	1.15976	3191061.0	1776544771.878482	0.0	1.0	-1.0	-1.0	-1.0	-1.0	-1.0	-1.0	-1.0	-1.0	0.0	marker	opened-hand	Open	11	0418
-66245.22	-53261.189999999995	-102092.89499999999	-17633.25	0.0	0.0	0.0	0.0	0.0	0.0	0.0	0.0	0.0	0.0	0.0	0.0	0.0	0.0	146.13793103448276	0.0	0.039001365	-0.10290501	1.00524645	1.35814	-0.2289	1.15976	3191062.0	1776544771.882399	0.0	1.0	-1.0	-1.0	-1.0	-1.0	-1.0	-1.0	-1.0	-1.0	0.0	marker	opened-hand	Open	11	0418
-66792.555	-53291.43	-102575.06999999999	-18096.165	0.0	0.0	0.0	0.0	0.0	0.0	0.0	0.0	0.0	0.0	0.0	0.0	0.0	0.0	146.13793103448276	0.0	0.039001365	-0.10290501	1.00524645	1.35814	-0.2289	1.15976	3191063.0	1776544771.882408	0.0	1.0	-1.0	-1.0	-1.0	-1.0	-1.0	-1.0	-1.0	-1.0	0.0	marker	opened-hand	Open	11	0418
-66938.67	-53296.244999999995	-102589.33499999999	-18126.855	0.0	0.0	0.0	0.0	0.0	0.0	0.0	0.0	0.0	0.0	0.0	0.0	0.0	0.0	146.13793103448276	0.0	0.04248036	-0.11279268	1.00842027	2.8078399999999997	0.54936	0.10682	3191064.0	1776544771.886414	0.0	1.0	-1.0	-1.0	-1.0	-1.0	-1.0	-1.0	-1.0	-1.0	0.0	marker	opened-hand	Open	11	0418
-66660.255	-53283.24	-102332.7	-17884.44	0.0	0.0	0.0	0.0	0.0	0.0	0.0	0.0	0.0	0.0	0.0	0.0	0.0	0.0	146.13793103448276	0.0	0.04248036	-0.11279268	1.00842027	2.8078399999999997	0.54936	0.10682	3191065.0	1776544771.886421	0.0	1.0	-1.0	-1.0	-1.0	-1.0	-1.0	-1.0	-1.0	-1.0	0.0	marker	opened-hand	Open	11	0418
-66578.94	-53277.479999999996	-102320.45999999999	-17773.155	0.0	0.0	0.0	0.0	0.0	0.0	0.0	0.0	0.0	0.0	0.0	0.0	0.0	0.0	146.13793103448276	0.0	0.04248036	-0.11279268	1.00842027	2.8078399999999997	0.54936	0.10682	3191066.0	1776544771.890458	0.0	1.0	-1.0	-1.0	-1.0	-1.0	-1.0	-1.0	-1.0	-1.0	0.0	marker	opened-hand	Open	11	0418
-66579.255	-53271.54	-102387.87	-17837.505	0.0	0.0	0.0	0.0	0.0	0.0	0.0	0.0	0.0	0.0	0.0	0.0	0.0	0.0	146.13793103448276	0.0	0.04248036	-0.11279268	1.00842027	2.8078399999999997	0.54936	0.10682	3191067.0	1776544771.890463	0.0	1.0	-1.0	-1.0	-1.0	-1.0	-1.0	-1.0	-1.0	-1.0	0.0	marker	opened-hand	Open	11	0418
-66776.76	-53276.445	-102530.51999999999	-18015.93	0.0	0.0	0.0	0.0	0.0	0.0	0.0	0.0	0.0	0.0	0.0	0.0	0.0	0.0	146.13793103448276	0.0	0.04248036	-0.11279268	1.00842027	2.8078399999999997	0.54936	0.10682	3191068.0	1776544771.896195	0.0	1.0	-1.0	-1.0	-1.0	-1.0	-1.0	-1.0	-1.0	-1.0	0.0	marker	opened-hand	Open	11	0418
-66867.93	-53283.195	-102599.37	-18009.315	0.0	0.0	0.0	0.0	0.0	0.0	0.0	0.0	0.0	0.0	0.0	0.0	0.0	0.0	146.13793103448276	0.0	0.04248036	-0.11279268	1.00842027	2.8078399999999997	0.54936	0.10682	3191069.0	1776544771.896202	0.0	1.0	-1.0	-1.0	-1.0	-1.0	-1.0	-1.0	-1.0	-1.0	0.0	marker	opened-hand	Open	11	0418
-66482.775	-53263.17	-102325.86	-17761.95	0.0	0.0	0.0	0.0	0.0	0.0	0.0	0.0	0.0	0.0	0.0	0.0	0.0	0.0	146.13793103448276	0.0	0.04248036	-0.11279268	1.00842027	2.8078399999999997	0.54936	0.10682	3191070.0	1776544771.898594	0.0	1.0	-1.0	-1.0	-1.0	-1.0	-1.0	-1.0	-1.0	-1.0	0.0	marker	opened-hand	Open	11	0418
-66345.20999999999	-53261.549999999996	-102184.065	-17667.675	0.0	0.0	0.0	0.0	0.0	0.0	0.0	0.0	0.0	0.0	0.0	0.0	0.0	0.0	146.13793103448276	0.0	0.04248036	-0.11279268	1.00842027	2.8078399999999997	0.54936	0.10682	3191071.0	1776544771.898601	0.0	1.0	-1.0	-1.0	-1.0	-1.0	-1.0	-1.0	-1.0	-1.0	0.0	marker	opened-hand	Open	11	0418
-66442.77	-53274.689999999995	-102195.855	-17694.315	0.0	0.0	0.0	0.0	0.0	0.0	0.0	0.0	0.0	0.0	0.0	0.0	0.0	0.0	146.13793103448276	0.0	0.04248036	-0.11279268	1.00842027	2.8078399999999997	0.54936	0.10682	3191072.0	1776544771.902482	0.0	1.0	-1.0	-1.0	-1.0	-1.0	-1.0	-1.0	-1.0	-1.0	0.0	marker	opened-hand	Open	11	0418
-66452.265	-53279.28	-102173.265	-17682.524999999998	0.0	0.0	0.0	0.0	0.0	0.0	0.0	0.0	0.0	0.0	0.0	0.0	0.0	0.0	146.13793103448276	0.0	0.04248036	-0.11279268	1.00842027	2.8078399999999997	0.54936	0.10682	3191073.0	1776544771.902487	0.0	1.0	-1.0	-1.0	-1.0	-1.0	-1.0	-1.0	-1.0	-1.0	0.0	marker	opened-hand	Open	11	0418
-66402.94499999999	-53265.6	-102172.14	-17646.12	0.0	0.0	0.0	0.0	0.0	0.0	0.0	0.0	0.0	0.0	0.0	0.0	0.0	0.0	146.13793103448276	0.0	0.026550225	-0.110534385	1.01330307	2.3653	-0.28994	-0.21364	3191074.0	1776544771.906314	0.0	1.0	-1.0	-1.0	-1.0	-1.0	-1.0	-1.0	-1.0	-1.0	0.0	marker	opened-hand	Open	11	0418
-66277.305	-53235.9	-102037.76999999999	-17444.655	0.0	0.0	0.0	0.0	0.0	0.0	0.0	0.0	0.0	0.0	0.0	0.0	0.0	0.0	146.13793103448276	0.0	0.026550225	-0.110534385	1.01330307	2.3653	-0.28994	-0.21364	3191075.0	1776544771.906323	0.0	1.0	-1.0	-1.0	-1.0	-1.0	-1.0	-1.0	-1.0	-1.0	0.0	marker	opened-hand	Open	11	0418
-66682.755	-53261.595	-102478.86	-17955.45	0.0	0.0	0.0	0.0	0.0	0.0	0.0	0.0	0.0	0.0	0.0	0.0	0.0	0.0	146.13793103448276	0.0	0.026550225	-0.110534385	1.01330307	2.3653	-0.28994	-0.21364	3191076.0	1776544771.913226	0.0	1.0	-1.0	-1.0	-1.0	-1.0	-1.0	-1.0	-1.0	-1.0	0.0	marker	opened-hand	Open	11	0418
-66904.02	-53277.57	-102843.855	-18394.695	0.0	0.0	0.0	0.0	0.0	0.0	0.0	0.0	0.0	0.0	0.0	0.0	0.0	0.0	146.13793103448276	0.0	0.026550225	-0.110534385	1.01330307	2.3653	-0.28994	-0.21364	3191077.0	1776544771.913232	0.0	1.0	-1.0	-1.0	-1.0	-1.0	-1.0	-1.0	-1.0	-1.0	0.0	marker	opened-hand	Open	11	0418
-66722.67	-53262.585	-102573.72	-18059.715	0.0	0.0	0.0	0.0	0.0	0.0	0.0	0.0	0.0	0.0	0.0	0.0	0.0	0.0	146.13793103448276	0.0	0.026550225	-0.110534385	1.01330307	2.3653	-0.28994	-0.21364	3191078.0	1776544771.916831	0.0	1.0	-1.0	-1.0	-1.0	-1.0	-1.0	-1.0	-1.0	-1.0	0.0	marker	opened-hand	Open	11	0418
-66507.97499999999	-53252.729999999996	-102250.665	-17747.684999999998	0.0	0.0	0.0	0.0	0.0	0.0	0.0	0.0	0.0	0.0	0.0	0.0	0.0	0.0	146.13793103448276	0.0	0.026550225	-0.110534385	1.01330307	2.3653	-0.28994	-0.21364	3191079.0	1776544771.916835	0.0	1.0	-1.0	-1.0	-1.0	-1.0	-1.0	-1.0	-1.0	-1.0	0.0	marker	opened-hand	Open	11	0418
-66572.64	-53266.095	-102212.28	-17683.02	0.0	0.0	0.0	0.0	0.0	0.0	0.0	0.0	0.0	0.0	0.0	0.0	0.0	0.0	146.13793103448276	0.0	0.026550225	-0.110534385	1.01330307	2.3653	-0.28994	-0.21364	3191080.0	1776544771.91974	0.0	1.0	-1.0	-1.0	-1.0	-1.0	-1.0	-1.0	-1.0	-1.0	0.0	marker	opened-hand	Open	11	0418
-66472.92	-53261.055	-102188.51999999999	-17690.67	0.0	0.0	0.0	0.0	0.0	0.0	0.0	0.0	0.0	0.0	0.0	0.0	0.0	0.0	146.13793103448276	0.0	0.026550225	-0.110534385	1.01330307	2.3653	-0.28994	-0.21364	3191081.0	1776544771.919744	0.0	1.0	-1.0	-1.0	-1.0	-1.0	-1.0	-1.0	-1.0	-1.0	0.0	marker	opened-hand	Open	11	0418
-66486.465	-53253.045	-102321.81	-17763.885	0.0	0.0	0.0	0.0	0.0	0.0	0.0	0.0	0.0	0.0	0.0	0.0	0.0	0.0	146.13793103448276	0.0	0.026550225	-0.110534385	1.01330307	2.3653	-0.28994	-0.21364	3191082.0	1776544771.922825	0.0	1.0	-1.0	-1.0	-1.0	-1.0	-1.0	-1.0	-1.0	-1.0	0.0	marker	opened-hand	Open	11	0418
-66576.06	-53261.28	-102551.715	-17979.434999999998	0.0	0.0	0.0	0.0	0.0	0.0	0.0	0.0	0.0	0.0	0.0	0.0	0.0	0.0	146.13793103448276	0.0	0.026550225	-0.110534385	1.01330307	2.3653	-0.28994	-0.21364	3191083.0	1776544771.92283	0.0	1.0	-1.0	-1.0	-1.0	-1.0	-1.0	-1.0	-1.0	-1.0	0.0	marker	opened-hand	Open	11	0418
-66627.72	-53253.945	-102587.985	-18063.765	0.0	0.0	0.0	0.0	0.0	0.0	0.0	0.0	0.0	0.0	0.0	0.0	0.0	0.0	146.13793103448276	0.0	0.02587884	-0.10510227	1.016049645	2.18218	-0.47306	0.8392999999999999	3191084.0	1776544771.928912	0.0	1.0	-1.0	-1.0	-1.0	-1.0	-1.0	-1.0	-1.0	-1.0	0.0	marker	opened-hand	Open	11	0418
-66532.23	-53236.619999999995	-102444.345	-18005.715	0.0	0.0	0.0	0.0	0.0	0.0	0.0	0.0	0.0	0.0	0.0	0.0	0.0	0.0	146.13793103448276	0.0	0.02587884	-0.10510227	1.016049645	2.18218	-0.47306	0.8392999999999999	3191085.0	1776544771.928916	0.0	1.0	-1.0	-1.0	-1.0	-1.0	-1.0	-1.0	-1.0	-1.0	0.0	marker	opened-hand	Open	11	0418
-66651.48	-53238.78	-102447.72	-17975.79	0.0	0.0	0.0	0.0	0.0	0.0	0.0	0.0	0.0	0.0	0.0	0.0	0.0	0.0	146.13793103448276	0.0	0.02587884	-0.10510227	1.016049645	2.18218	-0.47306	0.8392999999999999	3191086.0	1776544771.930537	0.0	1.0	-1.0	-1.0	-1.0	-1.0	-1.0	-1.0	-1.0	-1.0	0.0	marker	opened-hand	Open	11	0418
-66647.655	-53244.945	-102485.51999999999	-17965.755	0.0	0.0	0.0	0.0	0.0	0.0	0.0	0.0	0.0	0.0	0.0	0.0	0.0	0.0	146.13793103448276	0.0	0.02587884	-0.10510227	1.016049645	2.18218	-0.47306	0.8392999999999999	3191087.0	1776544771.930541	0.0	1.0	-1.0	-1.0	-1.0	-1.0	-1.0	-1.0	-1.0	-1.0	0.0	marker	opened-hand	Open	11	0418
-66590.595	-53254.979999999996	-102432.465	-17888.625	0.0	0.0	0.0	0.0	0.0	0.0	0.0	0.0	0.0	0.0	0.0	0.0	0.0	0.0	146.13793103448276	0.0	0.02587884	-0.10510227	1.016049645	2.18218	-0.47306	0.8392999999999999	3191088.0	1776544771.93447	0.0	1.0	-1.0	-1.0	-1.0	-1.0	-1.0	-1.0	-1.0	-1.0	0.0	marker	opened-hand	Open	11	0418
-66644.28	-53247.735	-102352.095	-17776.62	0.0	0.0	0.0	0.0	0.0	0.0	0.0	0.0	0.0	0.0	0.0	0.0	0.0	0.0	146.13793103448276	0.0	0.02587884	-0.10510227	1.016049645	2.18218	-0.47306	0.8392999999999999	3191089.0	1776544771.934474	0.0	1.0	-1.0	-1.0	-1.0	-1.0	-1.0	-1.0	-1.0	-1.0	0.0	marker	opened-hand	Open	11	0418
-66337.515	-53220.015	-102047.355	-17558.82	0.0	0.0	0.0	0.0	0.0	0.0	0.0	0.0	0.0	0.0	0.0	0.0	0.0	0.0	146.13793103448276	0.0	0.02587884	-0.10510227	1.016049645	2.18218	-0.47306	0.8392999999999999	3191090.0	1776544771.938628	0.0	1.0	-1.0	-1.0	-1.0	-1.0	-1.0	-1.0	-1.0	-1.0	0.0	marker	opened-hand	Open	11	0418
-66496.455	-53222.49	-102277.08	-17783.37	0.0	0.0	0.0	0.0	0.0	0.0	0.0	0.0	0.0	0.0	0.0	0.0	0.0	0.0	146.13793103448276	0.0	0.02587884	-0.10510227	1.016049645	2.18218	-0.47306	0.8392999999999999	3191091.0	1776544771.938643	0.0	1.0	-1.0	-1.0	-1.0	-1.0	-1.0	-1.0	-1.0	-1.0	0.0	marker	opened-hand	Open	11	0418
-66709.89	-53228.384999999995	-102555.26999999999	-18008.64	0.0	0.0	0.0	0.0	0.0	0.0	0.0	0.0	0.0	0.0	0.0	0.0	0.0	0.0	146.13793103448276	0.0	0.02587884	-0.10510227	1.016049645	2.18218	-0.47306	0.8392999999999999	3191092.0	1776544771.942478	0.0	1.0	-1.0	-1.0	-1.0	-1.0	-1.0	-1.0	-1.0	-1.0	0.0	marker	opened-hand	Open	11	0418
-66616.875	-53210.384999999995	-102447.62999999999	-17925.795	0.0	0.0	0.0	0.0	0.0	0.0	0.0	0.0	0.0	0.0	0.0	0.0	0.0	0.0	146.13793103448276	0.0	0.02587884	-0.10510227	1.016049645	2.18218	-0.47306	0.8392999999999999	3191093.0	1776544771.942482	0.0	1.0	-1.0	-1.0	-1.0	-1.0	-1.0	-1.0	-1.0	-1.0	0.0	marker	opened-hand	Open	11	0418
-66707.055	-53206.155	-102531.95999999999	-18041.94	0.0	0.0	0.0	0.0	0.0	0.0	0.0	0.0	0.0	0.0	0.0	0.0	0.0	0.0	146.13793103448276	0.0	0.028747485	-0.103332255	1.015439295	2.33478	-0.6409199999999999	0.54936	3191094.0	1776544771.946501	0.0	1.0	-1.0	-1.0	-1.0	-1.0	-1.0	-1.0	-1.0	-1.0	0.0	marker	opened-hand	Open	11	0418
-66561.795	-53194.545	-102375.405	-17895.42	0.0	0.0	0.0	0.0	0.0	0.0	0.0	0.0	0.0	0.0	0.0	0.0	0.0	0.0	146.13793103448276	0.0	0.028747485	-0.103332255	1.015439295	2.33478	-0.6409199999999999	0.54936	3191095.0	1776544771.946505	0.0	1.0	-1.0	-1.0	-1.0	-1.0	-1.0	-1.0	-1.0	-1.0	0.0	marker	opened-hand	Open	11	0418
-66688.38	-53205.299999999996	-102411.045	-17879.715	0.0	0.0	0.0	0.0	0.0	0.0	0.0	0.0	0.0	0.0	0.0	0.0	0.0	0.0	146.13793103448276	0.0	0.028747485	-0.103332255	1.015439295	2.33478	-0.6409199999999999	0.54936	3191096.0	1776544771.950631	0.0	1.0	-1.0	-1.0	-1.0	-1.0	-1.0	-1.0	-1.0	-1.0	0.0	marker	opened-hand	Open	11	0418
-66611.745	-53194.86	-102343.275	-17815.68	0.0	0.0	0.0	0.0	0.0	0.0	0.0	0.0	0.0	0.0	0.0	0.0	0.0	0.0	146.13793103448276	0.0	0.028747485	-0.103332255	1.015439295	2.33478	-0.6409199999999999	0.54936	3191097.0	1776544771.950636	0.0	1.0	-1.0	-1.0	-1.0	-1.0	-1.0	-1.0	-1.0	-1.0	0.0	marker	opened-hand	Open	11	0418
-66419.81999999999	-53180.28	-102190.41	-17657.19	0.0	0.0	0.0	0.0	0.0	0.0	0.0	0.0	0.0	0.0	0.0	0.0	0.0	0.0	146.13793103448276	0.0	0.028747485	-0.103332255	1.015439295	2.33478	-0.6409199999999999	0.54936	3191098.0	1776544771.954582	0.0	1.0	-1.0	-1.0	-1.0	-1.0	-1.0	-1.0	-1.0	-1.0	0.0	marker	opened-hand	Open	11	0418
-66560.04	-53186.895	-102369.555	-17845.739999999998	0.0	0.0	0.0	0.0	0.0	0.0	0.0	0.0	0.0	0.0	0.0	0.0	0.0	0.0	146.13793103448276	0.0	0.028747485	-0.103332255	1.015439295	2.33478	-0.6409199999999999	0.54936	3191099.0	1776544771.954597	0.0	1.0	-1.0	-1.0	-1.0	-1.0	-1.0	-1.0	-1.0	-1.0	0.0	marker	opened-hand	Open	11	0418
-66780.495	-53198.369999999995	-102631.545	-18136.665	0.0	0.0	0.0	0.0	0.0	0.0	0.0	0.0	0.0	0.0	0.0	0.0	0.0	0.0	146.13793103448276	0.0	0.028747485	-0.103332255	1.015439295	2.33478	-0.6409199999999999	0.54936	3191100.0	1776544771.95864	0.0	1.0	-1.0	-1.0	-1.0	-1.0	-1.0	-1.0	-1.0	-1.0	0.0	marker	opened-hand	Open	11	0418
-66677.04	-53193.735	-102547.62	-18027.27	0.0	0.0	0.0	0.0	0.0	0.0	0.0	0.0	0.0	0.0	0.0	0.0	0.0	0.0	146.13793103448276	0.0	0.028747485	-0.103332255	1.015439295	2.33478	-0.6409199999999999	0.54936	3191101.0	1776544771.958646	0.0	1.0	-1.0	-1.0	-1.0	-1.0	-1.0	-1.0	-1.0	-1.0	0.0	marker	opened-hand	Open	11	0418
-66566.295	-53176.32	-102414.825	-17873.82	0.0	0.0	0.0	0.0	0.0	0.0	0.0	0.0	0.0	0.0	0.0	0.0	0.0	0.0	146.13793103448276	0.0	0.028747485	-0.103332255	1.015439295	2.33478	-0.6409199999999999	0.54936	3191102.0	1776544771.962658	0.0	1.0	-1.0	-1.0	-1.0	-1.0	-1.0	-1.0	-1.0	-1.0	0.0	marker	opened-hand	Open	11	0418
-66504.69	-53162.28	-102332.295	-17800.245	0.0	0.0	0.0	0.0	0.0	0.0	0.0	0.0	0.0	0.0	0.0	0.0	0.0	0.0	146.13793103448276	0.0	0.028747485	-0.103332255	1.015439295	2.33478	-0.6409199999999999	0.54936	3191103.0	1776544771.962673	0.0	1.0	-1.0	-1.0	-1.0	-1.0	-1.0	-1.0	-1.0	-1.0	0.0	marker	opened-hand	Open	11	0418
-66469.275	-53162.145	-102160.62	-17623.395	0.0	0.0	0.0	0.0	0.0	0.0	0.0	0.0	0.0	0.0	0.0	0.0	0.0	0.0	146.13793103448276	0.0	0.034118565000000003	-0.112975785	1.00805406	2.1516599999999997	-0.03052	-0.77826	3191104.0	1776544771.966884	0.0	1.0	-1.0	-1.0	-1.0	-1.0	-1.0	-1.0	-1.0	-1.0	0.0	marker	opened-hand	Open	11	0418
-66524.535	-53172.225	-102202.515	-17660.79	0.0	0.0	0.0	0.0	0.0	0.0	0.0	0.0	0.0	0.0	0.0	0.0	0.0	0.0	146.13793103448276	0.0	0.034118565000000003	-0.112975785	1.00805406	2.1516599999999997	-0.03052	-0.77826	3191105.0	1776544771.966899	0.0	1.0	-1.0	-1.0	-1.0	-1.0	-1.0	-1.0	-1.0	-1.0	0.0	marker	opened-hand	Open	11	0418
-66681.675	-53185.409999999996	-102433.455	-17874.989999999998	0.0	0.0	0.0	0.0	0.0	0.0	0.0	0.0	0.0	0.0	0.0	0.0	0.0	0.0	146.13793103448276	0.0	0.034118565000000003	-0.112975785	1.00805406	2.1516599999999997	-0.03052	-0.77826	3191106.0	1776544771.970807	0.0	1.0	-1.0	-1.0	-1.0	-1.0	-1.0	-1.0	-1.0	-1.0	0.0	marker	opened-hand	Open	11	0418
-66683.11499999999	-53180.549999999996	-102518.235	-17977.184999999998	0.0	0.0	0.0	0.0	0.0	0.0	0.0	0.0	0.0	0.0	0.0	0.0	0.0	0.0	146.13793103448276	0.0	0.034118565000000003	-0.112975785	1.00805406	2.1516599999999997	-0.03052	-0.77826	3191107.0	1776544771.970822	0.0	1.0	-1.0	-1.0	-1.0	-1.0	-1.0	-1.0	-1.0	-1.0	0.0	marker	opened-hand	Open	11	0418
-66541.77	-53155.665	-102444.48	-17922.015	0.0	0.0	0.0	0.0	0.0	0.0	0.0	0.0	0.0	0.0	0.0	0.0	0.0	0.0	146.13793103448276	0.0	0.034118565000000003	-0.112975785	1.00805406	2.1516599999999997	-0.03052	-0.77826	3191108.0	1776544771.97478	0.0	1.0	-1.0	-1.0	-1.0	-1.0	-1.0	-1.0	-1.0	-1.0	0.0	marker	opened-hand	Open	11	0418
-66479.67	-53146.979999999996	-102358.34999999999	-17905.59	0.0	0.0	0.0	0.0	0.0	0.0	0.0	0.0	0.0	0.0	0.0	0.0	0.0	0.0	146.13793103448276	0.0	0.034118565000000003	-0.112975785	1.00805406	2.1516599999999997	-0.03052	-0.77826	3191109.0	1776544771.974784	0.0	1.0	-1.0	-1.0	-1.0	-1.0	-1.0	-1.0	-1.0	-1.0	0.0	marker	opened-hand	Open	11	0418
-66636.18	-53155.935	-102429.45	-17884.305	0.0	0.0	0.0	0.0	0.0	0.0	0.0	0.0	0.0	0.0	0.0	0.0	0.0	0.0	146.13793103448276	0.0	0.034118565000000003	-0.112975785	1.00805406	2.1516599999999997	-0.03052	-0.77826	3191110.0	1776544771.97869	0.0	1.0	-1.0	-1.0	-1.0	-1.0	-1.0	-1.0	-1.0	-1.0	0.0	marker	opened-hand	Open	11	0418
-66596.625	-53129.88	-102383.55	-17814.78	0.0	0.0	0.0	0.0	0.0	0.0	0.0	0.0	0.0	0.0	0.0	0.0	0.0	0.0	146.13793103448276	0.0	0.034118565000000003	-0.112975785	1.00805406	2.1516599999999997	-0.03052	-0.77826	3191111.0	1776544771.978705	0.0	1.0	-1.0	-1.0	-1.0	-1.0	-1.0	-1.0	-1.0	-1.0	0.0	marker	opened-hand	Open	11	0418
-66458.52	-53034.57	-102196.215	-17692.739999999998	0.0	0.0	0.0	0.0	0.0	0.0	0.0	0.0	0.0	0.0	0.0	0.0	0.0	0.0	146.13793103448276	0.0	0.034118565000000003	-0.112975785	1.00805406	2.1516599999999997	-0.03052	-0.77826	3191112.0	1776544771.988815	0.0	1.0	-1.0	-1.0	-1.0	-1.0	-1.0	-1.0	-1.0	-1.0	0.0	marker	opened-hand	Open	11	0418
-66656.88	-53028.134999999995	-102423.64499999999	-17912.25	0.0	0.0	0.0	0.0	0.0	0.0	0.0	0.0	0.0	0.0	0.0	0.0	0.0	0.0	146.13793103448276	0.0	0.034118565000000003	-0.112975785	1.00805406	2.1516599999999997	-0.03052	-0.77826	3191113.0	1776544771.988829	0.0	1.0	-1.0	-1.0	-1.0	-1.0	-1.0	-1.0	-1.0	-1.0	0.0	marker	opened-hand	Open	11	0418
-66714.795	-53042.49	-102554.81999999999	-18062.01	0.0	0.0	0.0	0.0	0.0	0.0	0.0	0.0	0.0	0.0	0.0	0.0	0.0	0.0	146.13793103448276	0.0	0.036621	-0.11462373000000001	1.004086785	2.9604399999999997	0.85456	-0.5341	3191114.0	1776544771.988846	0.0	1.0	-1.0	-1.0	-1.0	-1.0	-1.0	-1.0	-1.0	-1.0	0.0	marker	opened-hand	Open	11	0418
-66529.62	-53028.18	-102306.015	-17821.395	0.0	0.0	0.0	0.0	0.0	0.0	0.0	0.0	0.0	0.0	0.0	0.0	0.0	0.0	146.13793103448276	0.0	0.036621	-0.11462373000000001	1.004086785	2.9604399999999997	0.85456	-0.5341	3191115.0	1776544771.98886	0.0	1.0	-1.0	-1.0	-1.0	-1.0	-1.0	-1.0	-1.0	-1.0	0.0	marker	opened-hand	Open	11	0418
-66404.43	-53008.56	-102069.0	-17574.165	0.0	0.0	0.0	0.0	0.0	0.0	0.0	0.0	0.0	0.0	0.0	0.0	0.0	0.0	146.13793103448276	0.0	0.036621	-0.11462373000000001	1.004086785	2.9604399999999997	0.85456	-0.5341	3191116.0	1776544771.990694	0.0	1.0	-1.0	-1.0	-1.0	-1.0	-1.0	-1.0	-1.0	-1.0	0.0	marker	opened-hand	Open	11	0418
-66550.995	-53019.405	-102297.64499999999	-17702.1	0.0	0.0	0.0	0.0	0.0	0.0	0.0	0.0	0.0	0.0	0.0	0.0	0.0	0.0	146.13793103448276	0.0	0.036621	-0.11462373000000001	1.004086785	2.9604399999999997	0.85456	-0.5341	3191117.0	1776544771.990708	0.0	1.0	-1.0	-1.0	-1.0	-1.0	-1.0	-1.0	-1.0	-1.0	0.0	marker	opened-hand	Open	11	0418
-66695.31	-53037.854999999996	-102563.14499999999	-17991.54	0.0	0.0	0.0	0.0	0.0	0.0	0.0	0.0	0.0	0.0	0.0	0.0	0.0	0.0	146.13793103448276	0.0	0.036621	-0.11462373000000001	1.004086785	2.9604399999999997	0.85456	-0.5341	3191118.0	1776544771.99481	0.0	1.0	-1.0	-1.0	-1.0	-1.0	-1.0	-1.0	-1.0	-1.0	0.0	marker	opened-hand	Open	11	0418
-66404.34	-53024.985	-102285.855	-17805.69	0.0	0.0	0.0	0.0	0.0	0.0	0.0	0.0	0.0	0.0	0.0	0.0	0.0	0.0	146.13793103448276	0.0	0.036621	-0.11462373000000001	1.004086785	2.9604399999999997	0.85456	-0.5341	3191119.0	1776544771.994825	0.0	1.0	-1.0	-1.0	-1.0	-1.0	-1.0	-1.0	-1.0	-1.0	0.0	marker	opened-hand	Open	11	0418
-66585.735	-53032.994999999995	-102342.15	-17743.094999999998	0.0	0.0	0.0	0.0	0.0	0.0	0.0	0.0	0.0	0.0	0.0	0.0	0.0	0.0	146.13793103448276	0.0	0.036621	-0.11462373000000001	1.004086785	2.9604399999999997	0.85456	-0.5341	3191120.0	1776544772.004814	0.0	1.0	-1.0	-1.0	-1.0	-1.0	-1.0	-1.0	-1.0	-1.0	0.0	marker	opened-hand	Open	11	0418
-66687.84	-53052.84	-102566.79	-17940.375	0.0	0.0	0.0	0.0	0.0	0.0	0.0	0.0	0.0	0.0	0.0	0.0	0.0	0.0	146.13793103448276	0.0	0.036621	-0.11462373000000001	1.004086785	2.9604399999999997	0.85456	-0.5341	3191121.0	1776544772.004829	0.0	1.0	-1.0	-1.0	-1.0	-1.0	-1.0	-1.0	-1.0	-1.0	0.0	marker	opened-hand	Open	11	0418
-66588.20999999999	-53044.244999999995	-102440.025	-17862.795	0.0	0.0	0.0	0.0	0.0	0.0	0.0	0.0	0.0	0.0	0.0	0.0	0.0	0.0	146.13793103448276	0.0	0.036621	-0.11462373000000001	1.004086785	2.9604399999999997	0.85456	-0.5341	3191122.0	1776544772.005814	0.0	1.0	-1.0	-1.0	-1.0	-1.0	-1.0	-1.0	-1.0	-1.0	0.0	marker	opened-hand	Open	11	0418
-66775.545	-53052.39	-102523.31999999999	-18091.215	0.0	0.0	0.0	0.0	0.0	0.0	0.0	0.0	0.0	0.0	0.0	0.0	0.0	0.0	146.13793103448276	0.0	0.036621	-0.11462373000000001	1.004086785	2.9604399999999997	0.85456	-0.5341	3191123.0	1776544772.005829	0.0	1.0	-1.0	-1.0	-1.0	-1.0	-1.0	-1.0	-1.0	-1.0	0.0	marker	opened-hand	Open	11	0418
-66829.455	-53065.979999999996	-102600.495	-18165.42	0.0	0.0	0.0	0.0	0.0	0.0	0.0	0.0	0.0	0.0	0.0	0.0	0.0	0.0	146.13793103448276	0.0	0.029968185	-0.110778525	1.01147202	3.2045999999999997	0.8392999999999999	0.09156	3191124.0	1776544772.006879	0.0	1.0	-1.0	-1.0	-1.0	-1.0	-1.0	-1.0	-1.0	-1.0	0.0	marker	opened-hand	Open	11	0418
-66608.28	-53044.695	-102446.55	-17926.245	0.0	0.0	0.0	0.0	0.0	0.0	0.0	0.0	0.0	0.0	0.0	0.0	0.0	0.0	146.13793103448276	0.0	0.029968185	-0.110778525	1.01147202	3.2045999999999997	0.8392999999999999	0.09156	3191125.0	1776544772.006893	0.0	1.0	-1.0	-1.0	-1.0	-1.0	-1.0	-1.0	-1.0	-1.0	0.0	marker	opened-hand	Open	11	0418
-66545.685	-53029.215	-102406.5	-17857.17	0.0	0.0	0.0	0.0	0.0	0.0	0.0	0.0	0.0	0.0	0.0	0.0	0.0	0.0	146.13793103448276	0.0	0.029968185	-0.110778525	1.01147202	3.2045999999999997	0.8392999999999999	0.09156	3191126.0	1776544772.010829	0.0	1.0	-1.0	-1.0	-1.0	-1.0	-1.0	-1.0	-1.0	-1.0	0.0	marker	opened-hand	Open	11	0418
-66604.68	-53019.494999999995	-102470.44499999999	-17963.684999999998	0.0	0.0	0.0	0.0	0.0	0.0	0.0	0.0	0.0	0.0	0.0	0.0	0.0	0.0	146.13793103448276	0.0	0.029968185	-0.110778525	1.01147202	3.2045999999999997	0.8392999999999999	0.09156	3191127.0	1776544772.010834	0.0	1.0	-1.0	-1.0	-1.0	-1.0	-1.0	-1.0	-1.0	-1.0	0.0	marker	opened-hand	Open	11	0418
-66549.285	-53006.985	-102379.905	-17890.02	0.0	0.0	0.0	0.0	0.0	0.0	0.0	0.0	0.0	0.0	0.0	0.0	0.0	0.0	146.13793103448276	0.0	0.029968185	-0.110778525	1.01147202	3.2045999999999997	0.8392999999999999	0.09156	3191128.0	1776544772.014862	0.0	1.0	-1.0	-1.0	-1.0	-1.0	-1.0	-1.0	-1.0	-1.0	0.0	marker	opened-hand	Open	11	0418
-66457.125	-53017.965	-102300.56999999999	-17777.07	0.0	0.0	0.0	0.0	0.0	0.0	0.0	0.0	0.0	0.0	0.0	0.0	0.0	0.0	146.13793103448276	0.0	0.029968185	-0.110778525	1.01147202	3.2045999999999997	0.8392999999999999	0.09156	3191129.0	1776544772.014877	0.0	1.0	-1.0	-1.0	-1.0	-1.0	-1.0	-1.0	-1.0	-1.0	0.0	marker	opened-hand	Open	11	0418
-66439.98	-53019.72	-102244.635	-17701.065	0.0	0.0	0.0	0.0	0.0	0.0	0.0	0.0	0.0	0.0	0.0	0.0	0.0	0.0	146.13793103448276	0.0	0.029968185	-0.110778525	1.01147202	3.2045999999999997	0.8392999999999999	0.09156	3191130.0	1776544772.019342	0.0	1.0	-1.0	-1.0	-1.0	-1.0	-1.0	-1.0	-1.0	-1.0	0.0	marker	opened-hand	Open	11	0418
-66403.34999999999	-53008.604999999996	-102213.26999999999	-17695.44	0.0	0.0	0.0	0.0	0.0	0.0	0.0	0.0	0.0	0.0	0.0	0.0	0.0	0.0	146.13793103448276	0.0	0.029968185	-0.110778525	1.01147202	3.2045999999999997	0.8392999999999999	0.09156	3191131.0	1776544772.019357	0.0	1.0	-1.0	-1.0	-1.0	-1.0	-1.0	-1.0	-1.0	-1.0	0.0	marker	opened-hand	Open	11	0418
-66482.86499999999	-53005.14	-102291.48	-17769.555	0.0	0.0	0.0	0.0	0.0	0.0	0.0	0.0	0.0	0.0	0.0	0.0	0.0	0.0	146.13793103448276	0.0	0.029968185	-0.110778525	1.01147202	3.2045999999999997	0.8392999999999999	0.09156	3191132.0	1776544772.025358	0.0	1.0	-1.0	-1.0	-1.0	-1.0	-1.0	-1.0	-1.0	-1.0	0.0	marker	opened-hand	Open	11	0418
-66803.13	-53011.125	-102624.75	-18102.78	0.0	0.0	0.0	0.0	0.0	0.0	0.0	0.0	0.0	0.0	0.0	0.0	0.0	0.0	146.13793103448276	0.0	0.029968185	-0.110778525	1.01147202	3.2045999999999997	0.8392999999999999	0.09156	3191133.0	1776544772.025373	0.0	1.0	-1.0	-1.0	-1.0	-1.0	-1.0	-1.0	-1.0	-1.0	0.0	marker	opened-hand	Open	11	0418
-66764.06999999999	-52992.27	-102582.855	-18033.12	0.0	0.0	0.0	0.0	0.0	0.0	0.0	0.0	0.0	0.0	0.0	0.0	0.0	0.0	146.13793103448276	0.0	0.02661126	-0.10461399	1.012753755	1.9990599999999998	0.12208	0.04578	3191134.0	1776544772.028422	0.0	1.0	-1.0	-1.0	-1.0	-1.0	-1.0	-1.0	-1.0	-1.0	0.0	marker	opened-hand	Open	11	0418
-66704.44499999999	-52979.715	-102522.23999999999	-17964.765	0.0	0.0	0.0	0.0	0.0	0.0	0.0	0.0	0.0	0.0	0.0	0.0	0.0	0.0	146.13793103448276	0.0	0.02661126	-0.10461399	1.012753755	1.9990599999999998	0.12208	0.04578	3191135.0	1776544772.028437	0.0	1.0	-1.0	-1.0	-1.0	-1.0	-1.0	-1.0	-1.0	-1.0	0.0	marker	opened-hand	Open	11	0418
-66642.345	-52972.02	-102434.805	-17886.87	0.0	0.0	0.0	0.0	0.0	0.0	0.0	0.0	0.0	0.0	0.0	0.0	0.0	0.0	146.13793103448276	0.0	0.02661126	-0.10461399	1.012753755	1.9990599999999998	0.12208	0.04578	3191136.0	1776544772.031562	0.0	1.0	-1.0	-1.0	-1.0	-1.0	-1.0	-1.0	-1.0	-1.0	0.0	marker	opened-hand	Open	11	0418
-66504.825	-52960.59	-102280.36499999999	-17722.844999999998	0.0	0.0	0.0	0.0	0.0	0.0	0.0	0.0	0.0	0.0	0.0	0.0	0.0	0.0	146.13793103448276	0.0	0.02661126	-0.10461399	1.012753755	1.9990599999999998	0.12208	0.04578	3191137.0	1776544772.031577	0.0	1.0	-1.0	-1.0	-1.0	-1.0	-1.0	-1.0	-1.0	-1.0	0.0	marker	opened-hand	Open	11	0418
-66393.54	-52956.674999999996	-102149.415	-17610.795	0.0	0.0	0.0	0.0	0.0	0.0	0.0	0.0	0.0	0.0	0.0	0.0	0.0	0.0	146.13793103448276	0.0	0.02661126	-0.10461399	1.012753755	1.9990599999999998	0.12208	0.04578	3191138.0	1776544772.034984	0.0	1.0	-1.0	-1.0	-1.0	-1.0	-1.0	-1.0	-1.0	-1.0	0.0	marker	opened-hand	Open	11	0418
-66452.895	-52966.305	-102191.67	-17647.38	0.0	0.0	0.0	0.0	0.0	0.0	0.0	0.0	0.0	0.0	0.0	0.0	0.0	0.0	146.13793103448276	0.0	0.02661126	-0.10461399	1.012753755	1.9990599999999998	0.12208	0.04578	3191139.0	1776544772.034999	0.0	1.0	-1.0	-1.0	-1.0	-1.0	-1.0	-1.0	-1.0	-1.0	0.0	marker	opened-hand	Open	11	0418
-66584.06999999999	-52971.704999999994	-102345.20999999999	-17799.704999999998	0.0	0.0	0.0	0.0	0.0	0.0	0.0	0.0	0.0	0.0	0.0	0.0	0.0	0.0	146.13793103448276	0.0	0.02661126	-0.10461399	1.012753755	1.9990599999999998	0.12208	0.04578	3191140.0	1776544772.042288	0.0	1.0	-1.0	-1.0	-1.0	-1.0	-1.0	-1.0	-1.0	-1.0	0.0	marker	opened-hand	Open	11	0418
-66571.92	-52951.86	-102380.08499999999	-17822.52	0.0	0.0	0.0	0.0	0.0	0.0	0.0	0.0	0.0	0.0	0.0	0.0	0.0	0.0	146.13793103448276	0.0	0.02661126	-0.10461399	1.012753755	1.9990599999999998	0.12208	0.04578	3191141.0	1776544772.042302	0.0	1.0	-1.0	-1.0	-1.0	-1.0	-1.0	-1.0	-1.0	-1.0	0.0	marker	opened-hand	Open	11	0418
-66603.23999999999	-52947.72	-102490.605	-17937.495	0.0	0.0	0.0	0.0	0.0	0.0	0.0	0.0	0.0	0.0	0.0	0.0	0.0	0.0	146.13793103448276	0.0	0.02661126	-0.10461399	1.012753755	1.9990599999999998	0.12208	0.04578	3191142.0	1776544772.042947	0.0	1.0	-1.0	-1.0	-1.0	-1.0	-1.0	-1.0	-1.0	-1.0	0.0	marker	opened-hand	Open	11	0418
-66680.73	-52944.03	-102501.855	-17974.17	0.0	0.0	0.0	0.0	0.0	0.0	0.0	0.0	0.0	0.0	0.0	0.0	0.0	0.0	146.13793103448276	0.0	0.02661126	-0.10461399	1.012753755	1.9990599999999998	0.12208	0.04578	3191143.0	1776544772.042962	0.0	1.0	-1.0	-1.0	-1.0	-1.0	-1.0	-1.0	-1.0	-1.0	0.0	marker	opened-hand	Open	11	0418
-66686.805	-52943.625	-102481.73999999999	-17985.375	0.0	0.0	0.0	0.0	0.0	0.0	0.0	0.0	0.0	0.0	0.0	0.0	0.0	0.0	146.13793103448276	0.0	0.03832998	-0.103576395	1.008481305	1.05294	0.88508	0.19838	3191144.0	1776544772.046963	0.0	1.0	-1.0	-1.0	-1.0	-1.0	-1.0	-1.0	-1.0	-1.0	0.0	marker	opened-hand	Open	11	0418
-66592.755	-52944.479999999996	-102454.965	-17951.895	0.0	0.0	0.0	0.0	0.0	0.0	0.0	0.0	0.0	0.0	0.0	0.0	0.0	0.0	146.13793103448276	0.0	0.03832998	-0.103576395	1.008481305	1.05294	0.88508	0.19838	3191145.0	1776544772.046977	0.0	1.0	-1.0	-1.0	-1.0	-1.0	-1.0	-1.0	-1.0	-1.0	0.0	marker	opened-hand	Open	11	0418
-66534.12	-52945.29	-102348.045	-17810.37	0.0	0.0	0.0	0.0	0.0	0.0	0.0	0.0	0.0	0.0	0.0	0.0	0.0	0.0	146.13793103448276	0.0	0.03832998	-0.103576395	1.008481305	1.05294	0.88508	0.19838	3191146.0	1776544772.052123	0.0	1.0	-1.0	-1.0	-1.0	-1.0	-1.0	-1.0	-1.0	-1.0	0.0	marker	opened-hand	Open	11	0418
-66580.73999999999	-52947.494999999995	-102335.04	-17805.87	0.0	0.0	0.0	0.0	0.0	0.0	0.0	0.0	0.0	0.0	0.0	0.0	0.0	0.0	146.13793103448276	0.0	0.03832998	-0.103576395	1.008481305	1.05294	0.88508	0.19838	3191147.0	1776544772.052138	0.0	1.0	-1.0	-1.0	-1.0	-1.0	-1.0	-1.0	-1.0	-1.0	0.0	marker	opened-hand	Open	11	0418
-66591.18	-52942.68	-102432.23999999999	-17925.57	0.0	0.0	0.0	0.0	0.0	0.0	0.0	0.0	0.0	0.0	0.0	0.0	0.0	0.0	146.13793103448276	0.0	0.03832998	-0.103576395	1.008481305	1.05294	0.88508	0.19838	3191148.0	1776544772.054929	0.0	1.0	-1.0	-1.0	-1.0	-1.0	-1.0	-1.0	-1.0	-1.0	0.0	marker	opened-hand	Open	11	0418
-66684.69	-52943.04	-102529.39499999999	-17987.355	0.0	0.0	0.0	0.0	0.0	0.0	0.0	0.0	0.0	0.0	0.0	0.0	0.0	0.0	146.13793103448276	0.0	0.03832998	-0.103576395	1.008481305	1.05294	0.88508	0.19838	3191149.0	1776544772.054944	0.0	1.0	-1.0	-1.0	-1.0	-1.0	-1.0	-1.0	-1.0	-1.0	0.0	marker	opened-hand	Open	11	0418
-66661.245	-52934.04	-102459.015	-17903.655	0.0	0.0	0.0	0.0	0.0	0.0	0.0	0.0	0.0	0.0	0.0	0.0	0.0	0.0	146.13793103448276	0.0	0.03832998	-0.103576395	1.008481305	1.05294	0.88508	0.19838	3191150.0	1776544772.058976	0.0	1.0	-1.0	-1.0	-1.0	-1.0	-1.0	-1.0	-1.0	-1.0	0.0	marker	opened-hand	Open	11	0418
-66386.97	-52918.424999999996	-102212.91	-17663.265	0.0	0.0	0.0	0.0	0.0	0.0	0.0	0.0	0.0	0.0	0.0	0.0	0.0	0.0	146.13793103448276	0.0	0.03832998	-0.103576395	1.008481305	1.05294	0.88508	0.19838	3191151.0	1776544772.058991	0.0	1.0	-1.0	-1.0	-1.0	-1.0	-1.0	-1.0	-1.0	-1.0	0.0	marker	opened-hand	Open	11	0418
-66382.965	-52920.81	-102212.595	-17728.155	0.0	0.0	0.0	0.0	0.0	0.0	0.0	0.0	0.0	0.0	0.0	0.0	0.0	0.0	146.13793103448276	0.0	0.03832998	-0.103576395	1.008481305	1.05294	0.88508	0.19838	3191152.0	1776544772.063347	0.0	1.0	-1.0	-1.0	-1.0	-1.0	-1.0	-1.0	-1.0	-1.0	0.0	marker	opened-hand	Open	11	0418
-66572.595	-52936.829999999994	-102355.83	-17837.82	0.0	0.0	0.0	0.0	0.0	0.0	0.0	0.0	0.0	0.0	0.0	0.0	0.0	0.0	146.13793103448276	0.0	0.03832998	-0.103576395	1.008481305	1.05294	0.88508	0.19838	3191153.0	1776544772.063362	0.0	1.0	-1.0	-1.0	-1.0	-1.0	-1.0	-1.0	-1.0	-1.0	0.0	marker	opened-hand	Open	11	0418
-66622.31999999999	-52946.369999999995	-102402.94499999999	-17872.739999999998	0.0	0.0	0.0	0.0	0.0	0.0	0.0	0.0	0.0	0.0	0.0	0.0	0.0	0.0	146.13793103448276	0.0	0.041564835	-0.11047335	1.006650255	1.72438	1.1444999999999999	-0.82404	3191154.0	1776544772.068561	0.0	1.0	-1.0	-1.0	-1.0	-1.0	-1.0	-1.0	-1.0	-1.0	0.0	marker	opened-hand	Open	11	0418
-66578.805	-52948.935	-102370.545	-17787.42	0.0	0.0	0.0	0.0	0.0	0.0	0.0	0.0	0.0	0.0	0.0	0.0	0.0	0.0	146.13793103448276	0.0	0.041564835	-0.11047335	1.006650255	1.72438	1.1444999999999999	-0.82404	3191155.0	1776544772.068576	0.0	1.0	-1.0	-1.0	-1.0	-1.0	-1.0	-1.0	-1.0	-1.0	0.0	marker	opened-hand	Open	11	0418
-66561.345	-52939.395	-102401.595	-17740.125	0.0	0.0	0.0	0.0	0.0	0.0	0.0	0.0	0.0	0.0	0.0	0.0	0.0	0.0	146.13793103448276	0.0	0.041564835	-0.11047335	1.006650255	1.72438	1.1444999999999999	-0.82404	3191156.0	1776544772.073193	0.0	1.0	-1.0	-1.0	-1.0	-1.0	-1.0	-1.0	-1.0	-1.0	0.0	marker	opened-hand	Open	11	0418
-66688.515	-52934.895	-102484.845	-17946.09	0.0	0.0	0.0	0.0	0.0	0.0	0.0	0.0	0.0	0.0	0.0	0.0	0.0	0.0	146.13793103448276	0.0	0.041564835	-0.11047335	1.006650255	1.72438	1.1444999999999999	-0.82404	3191157.0	1776544772.073208	0.0	1.0	-1.0	-1.0	-1.0	-1.0	-1.0	-1.0	-1.0	-1.0	0.0	marker	opened-hand	Open	11	0418
-66722.67	-52931.655	-102495.87	-17986.77	0.0	0.0	0.0	0.0	0.0	0.0	0.0	0.0	0.0	0.0	0.0	0.0	0.0	0.0	146.13793103448276	0.0	0.041564835	-0.11047335	1.006650255	1.72438	1.1444999999999999	-0.82404	3191158.0	1776544772.075013	0.0	1.0	-1.0	-1.0	-1.0	-1.0	-1.0	-1.0	-1.0	-1.0	0.0	marker	opened-hand	Open	11	0418
-66680.55	-52924.005	-102483.98999999999	-17931.87	0.0	0.0	0.0	0.0	0.0	0.0	0.0	0.0	0.0	0.0	0.0	0.0	0.0	0.0	146.13793103448276	0.0	0.041564835	-0.11047335	1.006650255	1.72438	1.1444999999999999	-0.82404	3191159.0	1776544772.075027	0.0	1.0	-1.0	-1.0	-1.0	-1.0	-1.0	-1.0	-1.0	-1.0	0.0	marker	opened-hand	Open	11	0418
-66594.06	-52926.75	-102477.555	-17908.605	0.0	0.0	0.0	0.0	0.0	0.0	0.0	0.0	0.0	0.0	0.0	0.0	0.0	0.0	146.13793103448276	0.0	0.041564835	-0.11047335	1.006650255	1.72438	1.1444999999999999	-0.82404	3191160.0	1776544772.080591	0.0	1.0	-1.0	-1.0	-1.0	-1.0	-1.0	-1.0	-1.0	-1.0	0.0	marker	opened-hand	Open	11	0418
-66542.625	-52935.795	-102425.31	-17879.355	0.0	0.0	0.0	0.0	0.0	0.0	0.0	0.0	0.0	0.0	0.0	0.0	0.0	0.0	146.13793103448276	0.0	0.041564835	-0.11047335	1.006650255	1.72438	1.1444999999999999	-0.82404	3191161.0	1776544772.080605	0.0	1.0	-1.0	-1.0	-1.0	-1.0	-1.0	-1.0	-1.0	-1.0	0.0	marker	opened-hand	Open	11	0418
-66565.89	-52959.24	-102418.875	-17889.93	0.0	0.0	0.0	0.0	0.0	0.0	0.0	0.0	0.0	0.0	0.0	0.0	0.0	0.0	146.13793103448276	0.0	0.041564835	-0.11047335	1.006650255	1.72438	1.1444999999999999	-0.82404	3191162.0	1776544772.083142	0.0	1.0	-1.0	-1.0	-1.0	-1.0	-1.0	-1.0	-1.0	-1.0	0.0	marker	opened-hand	Open	11	0418
-66533.48999999999	-52963.515	-102320.14499999999	-17758.44	0.0	0.0	0.0	0.0	0.0	0.0	0.0	0.0	0.0	0.0	0.0	0.0	0.0	0.0	146.13793103448276	0.0	0.041564835	-0.11047335	1.006650255	1.72438	1.1444999999999999	-0.82404	3191163.0	1776544772.083156	0.0	1.0	-1.0	-1.0	-1.0	-1.0	-1.0	-1.0	-1.0	-1.0	0.0	marker	opened-hand	Open	11	0418
-66467.43	-52962.84	-102272.12999999999	-17643.015	0.0	0.0	0.0	0.0	0.0	0.0	0.0	0.0	0.0	0.0	0.0	0.0	0.0	0.0	146.13793103448276	0.0	0.039611715	-0.114074415	1.012021335	0.32045999999999997	0.8087799999999999	-0.19838	3191164.0	1776544772.087192	0.0	1.0	-1.0	-1.0	-1.0	-1.0	-1.0	-1.0	-1.0	-1.0	0.0	marker	opened-hand	Open	11	0418
-66466.935	-52962.57	-102240.495	-17690.805	0.0	0.0	0.0	0.0	0.0	0.0	0.0	0.0	0.0	0.0	0.0	0.0	0.0	0.0	146.13793103448276	0.0	0.039611715	-0.114074415	1.012021335	0.32045999999999997	0.8087799999999999	-0.19838	3191165.0	1776544772.087217	0.0	1.0	-1.0	-1.0	-1.0	-1.0	-1.0	-1.0	-1.0	-1.0	0.0	marker	opened-hand	Open	11	0418
-66498.61499999999	-52958.61	-102322.305	-17831.16	0.0	0.0	0.0	0.0	0.0	0.0	0.0	0.0	0.0	0.0	0.0	0.0	0.0	0.0	146.13793103448276	0.0	0.039611715	-0.114074415	1.012021335	0.32045999999999997	0.8087799999999999	-0.19838	3191166.0	1776544772.094367	0.0	1.0	-1.0	-1.0	-1.0	-1.0	-1.0	-1.0	-1.0	-1.0	0.0	marker	opened-hand	Open	11	0418
-66560.355	-52954.784999999996	-102388.815	-17883.045	0.0	0.0	0.0	0.0	0.0	0.0	0.0	0.0	0.0	0.0	0.0	0.0	0.0	0.0	146.13793103448276	0.0	0.039611715	-0.114074415	1.012021335	0.32045999999999997	0.8087799999999999	-0.19838	3191167.0	1776544772.094395	0.0	1.0	-1.0	-1.0	-1.0	-1.0	-1.0	-1.0	-1.0	-1.0	0.0	marker	opened-hand	Open	11	0418
-66718.62	-52960.005	-102512.205	-18023.625	0.0	0.0	0.0	0.0	0.0	0.0	0.0	0.0	0.0	0.0	0.0	0.0	0.0	0.0	146.13793103448276	0.0	0.039611715	-0.114074415	1.012021335	0.32045999999999997	0.8087799999999999	-0.19838	3191168.0	1776544772.095105	0.0	1.0	-1.0	-1.0	-1.0	-1.0	-1.0	-1.0	-1.0	-1.0	0.0	marker	opened-hand	Open	11	0418
-66648.015	-52956.27	-102443.22	-17939.52	0.0	0.0	0.0	0.0	0.0	0.0	0.0	0.0	0.0	0.0	0.0	0.0	0.0	0.0	146.13793103448276	0.0	0.039611715	-0.114074415	1.012021335	0.32045999999999997	0.8087799999999999	-0.19838	3191169.0	1776544772.095118	0.0	1.0	-1.0	-1.0	-1.0	-1.0	-1.0	-1.0	-1.0	-1.0	0.0	marker	opened-hand	Open	11	0418
-66507.61499999999	-52954.064999999995	-102262.00499999999	-17714.79	0.0	0.0	0.0	0.0	0.0	0.0	0.0	0.0	0.0	0.0	0.0	0.0	0.0	0.0	146.13793103448276	0.0	0.039611715	-0.114074415	1.012021335	0.32045999999999997	0.8087799999999999	-0.19838	3191170.0	1776544772.099086	0.0	1.0	-1.0	-1.0	-1.0	-1.0	-1.0	-1.0	-1.0	-1.0	0.0	marker	opened-hand	Open	11	0418
-66366.27	-52950.645	-102077.055	-17545.32	0.0	0.0	0.0	0.0	0.0	0.0	0.0	0.0	0.0	0.0	0.0	0.0	0.0	0.0	146.13793103448276	0.0	0.039611715	-0.114074415	1.012021335	0.32045999999999997	0.8087799999999999	-0.19838	3191171.0	1776544772.099097	0.0	1.0	-1.0	-1.0	-1.0	-1.0	-1.0	-1.0	-1.0	-1.0	0.0	marker	opened-hand	Open	11	0418
-66527.685	-52958.7	-102349.44	-17820.27	0.0	0.0	0.0	0.0	0.0	0.0	0.0	0.0	0.0	0.0	0.0	0.0	0.0	0.0	146.13793103448276	0.0	0.039611715	-0.114074415	1.012021335	0.32045999999999997	0.8087799999999999	-0.19838	3191172.0	1776544772.107269	0.0	1.0	-1.0	-1.0	-1.0	-1.0	-1.0	-1.0	-1.0	-1.0	0.0	marker	opened-hand	Open	11	0418
-66744.27	-52958.88	-102537.62999999999	-17991.495	0.0	0.0	0.0	0.0	0.0	0.0	0.0	0.0	0.0	0.0	0.0	0.0	0.0	0.0	146.13793103448276	0.0	0.039611715	-0.114074415	1.012021335	0.32045999999999997	0.8087799999999999	-0.19838	3191173.0	1776544772.107291	0.0	1.0	-1.0	-1.0	-1.0	-1.0	-1.0	-1.0	-1.0	-1.0	0.0	marker	opened-hand	Open	11	0418
-66780.81	-52945.829999999994	-102491.50499999999	-17972.145	0.0	0.0	0.0	0.0	0.0	0.0	0.0	0.0	0.0	0.0	0.0	0.0	0.0	0.0	146.13793103448276	0.0	0.029846115	-0.11621064	1.01635482	1.58704	0.82404	-0.4578	3191174.0	1776544772.109737	0.0	1.0	-1.0	-1.0	-1.0	-1.0	-1.0	-1.0	-1.0	-1.0	0.0	marker	opened-hand	Open	11	0418
-66627.72	-52941.869999999995	-102483.135	-17932.905	0.0	0.0	0.0	0.0	0.0	0.0	0.0	0.0	0.0	0.0	0.0	0.0	0.0	0.0	146.13793103448276	0.0	0.029846115	-0.11621064	1.01635482	1.58704	0.82404	-0.4578	3191175.0	1776544772.109749	0.0	1.0	-1.0	-1.0	-1.0	-1.0	-1.0	-1.0	-1.0	-1.0	0.0	marker	opened-hand	Open	11	0418
-66582.81	-52947.27	-102526.515	-17962.38	0.0	0.0	0.0	0.0	0.0	0.0	0.0	0.0	0.0	0.0	0.0	0.0	0.0	0.0	146.13793103448276	0.0	0.029846115	-0.11621064	1.01635482	1.58704	0.82404	-0.4578	3191176.0	1776544772.113058	0.0	1.0	-1.0	-1.0	-1.0	-1.0	-1.0	-1.0	-1.0	-1.0	0.0	marker	opened-hand	Open	11	0418
-66643.515	-52942.86	-102516.56999999999	-17985.149999999998	0.0	0.0	0.0	0.0	0.0	0.0	0.0	0.0	0.0	0.0	0.0	0.0	0.0	0.0	146.13793103448276	0.0	0.029846115	-0.11621064	1.01635482	1.58704	0.82404	-0.4578	3191177.0	1776544772.113077	0.0	1.0	-1.0	-1.0	-1.0	-1.0	-1.0	-1.0	-1.0	-1.0	0.0	marker	opened-hand	Open	11	0418
-66649.545	-52952.13	-102452.355	-17939.88	0.0	0.0	0.0	0.0	0.0	0.0	0.0	0.0	0.0	0.0	0.0	0.0	0.0	0.0	146.13793103448276	0.0	0.029846115	-0.11621064	1.01635482	1.58704	0.82404	-0.4578	3191178.0	1776544772.121715	0.0	1.0	-1.0	-1.0	-1.0	-1.0	-1.0	-1.0	-1.0	-1.0	0.0	marker	opened-hand	Open	11	0418
-66609.765	-52949.564999999995	-102350.34	-17826.66	0.0	0.0	0.0	0.0	0.0	0.0	0.0	0.0	0.0	0.0	0.0	0.0	0.0	0.0	146.13793103448276	0.0	0.029846115	-0.11621064	1.01635482	1.58704	0.82404	-0.4578	3191179.0	1776544772.121726	0.0	1.0	-1.0	-1.0	-1.0	-1.0	-1.0	-1.0	-1.0	-1.0	0.0	marker	opened-hand	Open	11	0418
-66478.95	-52934.895	-102250.215	-17715.87	0.0	0.0	0.0	0.0	0.0	0.0	0.0	0.0	0.0	0.0	0.0	0.0	0.0	0.0	146.13793103448276	0.0	0.029846115	-0.11621064	1.01635482	1.58704	0.82404	-0.4578	3191180.0	1776544772.124586	0.0	1.0	-1.0	-1.0	-1.0	-1.0	-1.0	-1.0	-1.0	-1.0	0.0	marker	opened-hand	Open	11	0418
-66499.29	-52938.945	-102351.825	-17805.195	0.0	0.0	0.0	0.0	0.0	0.0	0.0	0.0	0.0	0.0	0.0	0.0	0.0	0.0	146.13793103448276	0.0	0.029846115	-0.11621064	1.01635482	1.58704	0.82404	-0.4578	3191181.0	1776544772.124598	0.0	1.0	-1.0	-1.0	-1.0	-1.0	-1.0	-1.0	-1.0	-1.0	0.0	marker	opened-hand	Open	11	0418
-66393.855	-52934.354999999996	-102231.045	-17689.725	0.0	0.0	0.0	0.0	0.0	0.0	0.0	0.0	0.0	0.0	0.0	0.0	0.0	0.0	146.13793103448276	0.0	0.029846115	-0.11621064	1.01635482	1.58704	0.82404	-0.4578	3191182.0	1776544772.124614	0.0	1.0	-1.0	-1.0	-1.0	-1.0	-1.0	-1.0	-1.0	-1.0	0.0	marker	opened-hand	Open	11	0418
-66559.86	-52944.704999999994	-102408.03	-17839.17	0.0	0.0	0.0	0.0	0.0	0.0	0.0	0.0	0.0	0.0	0.0	0.0	0.0	0.0	146.13793103448276	0.0	0.029846115	-0.11621064	1.01635482	1.58704	0.82404	-0.4578	3191183.0	1776544772.124624	0.0	1.0	-1.0	-1.0	-1.0	-1.0	-1.0	-1.0	-1.0	-1.0	0.0	marker	opened-hand	Open	11	0418
-66624.93	-52958.295	-102486.105	-17916.075	0.0	0.0	0.0	0.0	0.0	0.0	0.0	0.0	0.0	0.0	0.0	0.0	0.0	0.0	146.13793103448276	0.0	0.03015129	-0.113464065	1.0152561900000001	2.60946	0.48832	0.28994	3191184.0	1776544772.127672	0.0	1.0	-1.0	-1.0	-1.0	-1.0	-1.0	-1.0	-1.0	-1.0	0.0	marker	opened-hand	Open	11	0418
-66703.995	-52975.395	-102551.53499999999	-18007.29	0.0	0.0	0.0	0.0	0.0	0.0	0.0	0.0	0.0	0.0	0.0	0.0	0.0	0.0	146.13793103448276	0.0	0.03015129	-0.113464065	1.0152561900000001	2.60946	0.48832	0.28994	3191185.0	1776544772.127691	0.0	1.0	-1.0	-1.0	-1.0	-1.0	-1.0	-1.0	-1.0	-1.0	0.0	marker	opened-hand	Open	11	0418
-66693.69	-52987.049999999996	-102541.095	-18007.155	0.0	0.0	0.0	0.0	0.0	0.0	0.0	0.0	0.0	0.0	0.0	0.0	0.0	0.0	146.13793103448276	0.0	0.03015129	-0.113464065	1.0152561900000001	2.60946	0.48832	0.28994	3191186.0	1776544772.133802	0.0	1.0	-1.0	-1.0	-1.0	-1.0	-1.0	-1.0	-1.0	-1.0	0.0	marker	opened-hand	Open	11	0418
-66640.455	-52993.439999999995	-102474.855	-17939.7	0.0	0.0	0.0	0.0	0.0	0.0	0.0	0.0	0.0	0.0	0.0	0.0	0.0	0.0	146.13793103448276	0.0	0.03015129	-0.113464065	1.0152561900000001	2.60946	0.48832	0.28994	3191187.0	1776544772.13382	0.0	1.0	-1.0	-1.0	-1.0	-1.0	-1.0	-1.0	-1.0	-1.0	0.0	marker	opened-hand	Open	11	0418
-66590.91	-53007.165	-102415.31999999999	-17877.555	0.0	0.0	0.0	0.0	0.0	0.0	0.0	0.0	0.0	0.0	0.0	0.0	0.0	0.0	146.13793103448276	0.0	0.03015129	-0.113464065	1.0152561900000001	2.60946	0.48832	0.28994	3191188.0	1776544772.139903	0.0	1.0	-1.0	-1.0	-1.0	-1.0	-1.0	-1.0	-1.0	-1.0	0.0	marker	opened-hand	Open	11	0418
-66546.405	-53019.09	-102392.64	-17880.344999999998	0.0	0.0	0.0	0.0	0.0	0.0	0.0	0.0	0.0	0.0	0.0	0.0	0.0	0.0	146.13793103448276	0.0	0.03015129	-0.113464065	1.0152561900000001	2.60946	0.48832	0.28994	3191189.0	1776544772.139934	0.0	1.0	-1.0	-1.0	-1.0	-1.0	-1.0	-1.0	-1.0	-1.0	0.0	marker	opened-hand	Open	11	0418
-66436.11	-53006.715	-102262.76999999999	-17749.215	0.0	0.0	0.0	0.0	0.0	0.0	0.0	0.0	0.0	0.0	0.0	0.0	0.0	0.0	146.13793103448276	0.0	0.03015129	-0.113464065	1.0152561900000001	2.60946	0.48832	0.28994	3191190.0	1776544772.13997	0.0	1.0	-1.0	-1.0	-1.0	-1.0	-1.0	-1.0	-1.0	-1.0	0.0	marker	opened-hand	Open	11	0418
-66375.675	-52981.2	-102109.59	-17562.329999999998	0.0	0.0	0.0	0.0	0.0	0.0	0.0	0.0	0.0	0.0	0.0	0.0	0.0	0.0	146.13793103448276	0.0	0.03015129	-0.113464065	1.0152561900000001	2.60946	0.48832	0.28994	3191191.0	1776544772.139997	0.0	1.0	-1.0	-1.0	-1.0	-1.0	-1.0	-1.0	-1.0	-1.0	0.0	marker	opened-hand	Open	11	0418
-66286.70999999999	-52968.15	-101934.045	-17385.075	0.0	0.0	0.0	0.0	0.0	0.0	0.0	0.0	0.0	0.0	0.0	0.0	0.0	0.0	146.13793103448276	0.0	0.03015129	-0.113464065	1.0152561900000001	2.60946	0.48832	0.28994	3191192.0	1776544772.143291	0.0	1.0	-1.0	-1.0	-1.0	-1.0	-1.0	-1.0	-1.0	-1.0	0.0	marker	opened-hand	Open	11	0418
-66548.025	-52988.49	-102294.675	-17711.1	0.0	0.0	0.0	0.0	0.0	0.0	0.0	0.0	0.0	0.0	0.0	0.0	0.0	0.0	146.13793103448276	0.0	0.03015129	-0.113464065	1.0152561900000001	2.60946	0.48832	0.28994	3191193.0	1776544772.143312	0.0	1.0	-1.0	-1.0	-1.0	-1.0	-1.0	-1.0	-1.0	-1.0	0.0	marker	opened-hand	Open	11	0418
-66668.22	-53003.61	-102673.39499999999	-18126.0	0.0	0.0	0.0	0.0	0.0	0.0	0.0	0.0	0.0	0.0	0.0	0.0	0.0	0.0	146.13793103448276	0.0	0.03393546	-0.11035128	1.01269272	3.17408	0.57988	-0.48832	3191194.0	1776544772.150128	0.0	1.0	-1.0	-1.0	-1.0	-1.0	-1.0	-1.0	-1.0	-1.0	0.0	marker	opened-hand	Open	11	0418
-66729.15	-53016.479999999996	-102659.53499999999	-18127.53	0.0	0.0	0.0	0.0	0.0	0.0	0.0	0.0	0.0	0.0	0.0	0.0	0.0	0.0	146.13793103448276	0.0	0.03393546	-0.11035128	1.01269272	3.17408	0.57988	-0.48832	3191195.0	1776544772.150148	0.0	1.0	-1.0	-1.0	-1.0	-1.0	-1.0	-1.0	-1.0	-1.0	0.0	marker	opened-hand	Open	11	0418
-66712.905	-53028.225	-102479.89499999999	-17923.59	0.0	0.0	0.0	0.0	0.0	0.0	0.0	0.0	0.0	0.0	0.0	0.0	0.0	0.0	146.13793103448276	0.0	0.03393546	-0.11035128	1.01269272	3.17408	0.57988	-0.48832	3191196.0	1776544772.151438	0.0	1.0	-1.0	-1.0	-1.0	-1.0	-1.0	-1.0	-1.0	-1.0	0.0	marker	opened-hand	Open	11	0418
-66666.33	-53027.775	-102502.485	-17895.87	0.0	0.0	0.0	0.0	0.0	0.0	0.0	0.0	0.0	0.0	0.0	0.0	0.0	0.0	146.13793103448276	0.0	0.03393546	-0.11035128	1.01269272	3.17408	0.57988	-0.48832	3191197.0	1776544772.15146	0.0	1.0	-1.0	-1.0	-1.0	-1.0	-1.0	-1.0	-1.0	-1.0	0.0	marker	opened-hand	Open	11	0418
-66670.69499999999	-53017.74	-102507.65999999999	-17934.165	0.0	0.0	0.0	0.0	0.0	0.0	0.0	0.0	0.0	0.0	0.0	0.0	0.0	0.0	146.13793103448276	0.0	0.03393546	-0.11035128	1.01269272	3.17408	0.57988	-0.48832	3191198.0	1776544772.155271	0.0	1.0	-1.0	-1.0	-1.0	-1.0	-1.0	-1.0	-1.0	-1.0	0.0	marker	opened-hand	Open	11	0418
-66651.93	-53004.42	-102433.545	-17897.715	0.0	0.0	0.0	0.0	0.0	0.0	0.0	0.0	0.0	0.0	0.0	0.0	0.0	0.0	146.13793103448276	0.0	0.03393546	-0.11035128	1.01269272	3.17408	0.57988	-0.48832	3191199.0	1776544772.155289	0.0	1.0	-1.0	-1.0	-1.0	-1.0	-1.0	-1.0	-1.0	-1.0	0.0	marker	opened-hand	Open	11	0418
-66505.275	-52988.174999999996	-102319.245	-17754.12	0.0	0.0	0.0	0.0	0.0	0.0	0.0	0.0	0.0	0.0	0.0	0.0	0.0	0.0	146.13793103448276	0.0	0.03393546	-0.11035128	1.01269272	3.17408	0.57988	-0.48832	3191200.0	1776544772.159315	0.0	1.0	-1.0	-1.0	-1.0	-1.0	-1.0	-1.0	-1.0	-1.0	0.0	marker	opened-hand	Open	11	0418
-66491.37	-52995.6	-102371.175	-17849.295	0.0	0.0	0.0	0.0	0.0	0.0	0.0	0.0	0.0	0.0	0.0	0.0	0.0	0.0	146.13793103448276	0.0	0.03393546	-0.11035128	1.01269272	3.17408	0.57988	-0.48832	3191201.0	1776544772.159336	0.0	1.0	-1.0	-1.0	-1.0	-1.0	-1.0	-1.0	-1.0	-1.0	0.0	marker	opened-hand	Open	11	0418
-66648.23999999999	-53025.615	-102513.19499999999	-17968.005	0.0	0.0	0.0	0.0	0.0	0.0	0.0	0.0	0.0	0.0	0.0	0.0	0.0	0.0	146.13793103448276	0.0	0.03393546	-0.11035128	1.01269272	3.17408	0.57988	-0.48832	3191202.0	1776544772.163372	0.0	1.0	-1.0	-1.0	-1.0	-1.0	-1.0	-1.0	-1.0	-1.0	0.0	marker	opened-hand	Open	11	0418
-66621.555	-53019.765	-102378.51	-17837.01	0.0	0.0	0.0	0.0	0.0	0.0	0.0	0.0	0.0	0.0	0.0	0.0	0.0	0.0	146.13793103448276	0.0	0.03393546	-0.11035128	1.01269272	3.17408	0.57988	-0.48832	3191203.0	1776544772.163391	0.0	1.0	-1.0	-1.0	-1.0	-1.0	-1.0	-1.0	-1.0	-1.0	0.0	marker	opened-hand	Open	11	0418
-66637.755	-52951.365	-102413.15999999999	-17847.315	0.0	0.0	0.0	0.0	0.0	0.0	0.0	0.0	0.0	0.0	0.0	0.0	0.0	0.0	146.13793103448276	0.0	0.02966301	-0.11511201	1.015317225	2.65524	-0.09156	-0.54936	3191204.0	1776544772.169137	0.0	1.0	-1.0	-1.0	-1.0	-1.0	-1.0	-1.0	-1.0	-1.0	0.0	marker	opened-hand	Open	11	0418
-66636.36	-52932.869999999995	-102444.705	-17883.315	0.0	0.0	0.0	0.0	0.0	0.0	0.0	0.0	0.0	0.0	0.0	0.0	0.0	0.0	146.13793103448276	0.0	0.02966301	-0.11511201	1.015317225	2.65524	-0.09156	-0.54936	3191205.0	1776544772.169157	0.0	1.0	-1.0	-1.0	-1.0	-1.0	-1.0	-1.0	-1.0	-1.0	0.0	marker	opened-hand	Open	11	0418
-66559.14	-52933.68	-102337.245	-17805.465	0.0	0.0	0.0	0.0	0.0	0.0	0.0	0.0	0.0	0.0	0.0	0.0	0.0	0.0	146.13793103448276	0.0	0.02966301	-0.11511201	1.015317225	2.65524	-0.09156	-0.54936	3191206.0	1776544772.171415	0.0	1.0	-1.0	-1.0	-1.0	-1.0	-1.0	-1.0	-1.0	-1.0	0.0	marker	opened-hand	Open	11	0418
-66554.955	-52930.215	-102272.4	-17662.005	0.0	0.0	0.0	0.0	0.0	0.0	0.0	0.0	0.0	0.0	0.0	0.0	0.0	0.0	146.13793103448276	0.0	0.02966301	-0.11511201	1.015317225	2.65524	-0.09156	-0.54936	3191207.0	1776544772.171432	0.0	1.0	-1.0	-1.0	-1.0	-1.0	-1.0	-1.0	-1.0	-1.0	0.0	marker	opened-hand	Open	11	0418
-66344.04	-52916.22	-102146.12999999999	-17544.329999999998	0.0	0.0	0.0	0.0	0.0	0.0	0.0	0.0	0.0	0.0	0.0	0.0	0.0	0.0	146.13793103448276	0.0	0.02966301	-0.11511201	1.015317225	2.65524	-0.09156	-0.54936	3191208.0	1776544772.175358	0.0	1.0	-1.0	-1.0	-1.0	-1.0	-1.0	-1.0	-1.0	-1.0	0.0	marker	opened-hand	Open	11	0418
-66177.63	-52901.009999999995	-101933.775	-17350.02	0.0	0.0	0.0	0.0	0.0	0.0	0.0	0.0	0.0	0.0	0.0	0.0	0.0	0.0	146.13793103448276	0.0	0.02966301	-0.11511201	1.015317225	2.65524	-0.09156	-0.54936	3191209.0	1776544772.175376	0.0	1.0	-1.0	-1.0	-1.0	-1.0	-1.0	-1.0	-1.0	-1.0	0.0	marker	opened-hand	Open	11	0418
-66487.455	-52926.57	-102176.325	-17554.095	0.0	0.0	0.0	0.0	0.0	0.0	0.0	0.0	0.0	0.0	0.0	0.0	0.0	0.0	146.13793103448276	0.0	0.02966301	-0.11511201	1.015317225	2.65524	-0.09156	-0.54936	3191210.0	1776544772.179429	0.0	1.0	-1.0	-1.0	-1.0	-1.0	-1.0	-1.0	-1.0	-1.0	0.0	marker	opened-hand	Open	11	0418
-66805.965	-52962.704999999994	-102616.155	-18116.864999999998	0.0	0.0	0.0	0.0	0.0	0.0	0.0	0.0	0.0	0.0	0.0	0.0	0.0	0.0	146.13793103448276	0.0	0.02966301	-0.11511201	1.015317225	2.65524	-0.09156	-0.54936	3191211.0	1776544772.179448	0.0	1.0	-1.0	-1.0	-1.0	-1.0	-1.0	-1.0	-1.0	-1.0	0.0	marker	opened-hand	Open	11	0418
-66830.265	-52979.445	-102689.86499999999	-18104.489999999998	0.0	0.0	0.0	0.0	0.0	0.0	0.0	0.0	0.0	0.0	0.0	0.0	0.0	0.0	146.13793103448276	0.0	0.02966301	-0.11511201	1.015317225	2.65524	-0.09156	-0.54936	3191212.0	1776544772.183357	0.0	1.0	-1.0	-1.0	-1.0	-1.0	-1.0	-1.0	-1.0	-1.0	0.0	marker	opened-hand	Open	11	0418
-66775.005	-52993.215	-102664.89	-18173.565	0.0	0.0	0.0	0.0	0.0	0.0	0.0	0.0	0.0	0.0	0.0	0.0	0.0	0.0	146.13793103448276	0.0	0.02966301	-0.11511201	1.015317225	2.65524	-0.09156	-0.54936	3191213.0	1776544772.183377	0.0	1.0	-1.0	-1.0	-1.0	-1.0	-1.0	-1.0	-1.0	-1.0	0.0	marker	opened-hand	Open	11	0418
-66702.105	-52994.52	-102552.25499999999	-18073.215	0.0	0.0	0.0	0.0	0.0	0.0	0.0	0.0	0.0	0.0	0.0	0.0	0.0	0.0	146.13793103448276	0.0	0.029357835	-0.11865204	1.01574447	1.26658	-0.19838	-0.21364	3191214.0	1776544772.187495	0.0	1.0	-1.0	-1.0	-1.0	-1.0	-1.0	-1.0	-1.0	-1.0	0.0	marker	opened-hand	Open	11	0418
-66628.665	-52986.735	-102417.03	-17910.045	0.0	0.0	0.0	0.0	0.0	0.0	0.0	0.0	0.0	0.0	0.0	0.0	0.0	0.0	146.13793103448276	0.0	0.029357835	-0.11865204	1.01574447	1.26658	-0.19838	-0.21364	3191215.0	1776544772.187514	0.0	1.0	-1.0	-1.0	-1.0	-1.0	-1.0	-1.0	-1.0	-1.0	0.0	marker	opened-hand	Open	11	0418
-66397.72499999999	-52977.869999999995	-102178.485	-17661.285	0.0	0.0	0.0	0.0	0.0	0.0	0.0	0.0	0.0	0.0	0.0	0.0	0.0	0.0	146.13793103448276	0.0	0.029357835	-0.11865204	1.01574447	1.26658	-0.19838	-0.21364	3191216.0	1776544772.191516	0.0	1.0	-1.0	-1.0	-1.0	-1.0	-1.0	-1.0	-1.0	-1.0	0.0	marker	opened-hand	Open	11	0418
-66295.89	-52968.104999999996	-102170.87999999999	-17609.265	0.0	0.0	0.0	0.0	0.0	0.0	0.0	0.0	0.0	0.0	0.0	0.0	0.0	0.0	146.13793103448276	0.0	0.029357835	-0.11865204	1.01574447	1.26658	-0.19838	-0.21364	3191217.0	1776544772.191535	0.0	1.0	-1.0	-1.0	-1.0	-1.0	-1.0	-1.0	-1.0	-1.0	0.0	marker	opened-hand	Open	11	0418
-66447.63	-52982.64	-102377.06999999999	-17810.73	0.0	0.0	0.0	0.0	0.0	0.0	0.0	0.0	0.0	0.0	0.0	0.0	0.0	0.0	146.13793103448276	0.0	0.029357835	-0.11865204	1.01574447	1.26658	-0.19838	-0.21364	3191218.0	1776544772.19726	0.0	1.0	-1.0	-1.0	-1.0	-1.0	-1.0	-1.0	-1.0	-1.0	0.0	marker	opened-hand	Open	11	0418
-66620.7	-53010.18	-102334.545	-17821.53	0.0	0.0	0.0	0.0	0.0	0.0	0.0	0.0	0.0	0.0	0.0	0.0	0.0	0.0	146.13793103448276	0.0	0.029357835	-0.11865204	1.01574447	1.26658	-0.19838	-0.21364	3191219.0	1776544772.197277	0.0	1.0	-1.0	-1.0	-1.0	-1.0	-1.0	-1.0	-1.0	-1.0	0.0	marker	opened-hand	Open	11	0418
-66686.04	-53045.009999999995	-102501.94499999999	-17961.255	0.0	0.0	0.0	0.0	0.0	0.0	0.0	0.0	0.0	0.0	0.0	0.0	0.0	0.0	146.13793103448276	0.0	0.029357835	-0.11865204	1.01574447	1.26658	-0.19838	-0.21364	3191220.0	1776544772.205381	0.0	1.0	-1.0	-1.0	-1.0	-1.0	-1.0	-1.0	-1.0	-1.0	0.0	marker	opened-hand	Open	11	0418
-66671.325	-53052.479999999996	-102647.61	-18032.13	0.0	0.0	0.0	0.0	0.0	0.0	0.0	0.0	0.0	0.0	0.0	0.0	0.0	0.0	146.13793103448276	0.0	0.029357835	-0.11865204	1.01574447	1.26658	-0.19838	-0.21364	3191221.0	1776544772.205402	0.0	1.0	-1.0	-1.0	-1.0	-1.0	-1.0	-1.0	-1.0	-1.0	0.0	marker	opened-hand	Open	11	0418
-66712.545	-52992.765	-102551.625	-17946.135	0.0	0.0	0.0	0.0	0.0	0.0	0.0	0.0	0.0	0.0	0.0	0.0	0.0	0.0	146.13793103448276	0.0	0.029357835	-0.11865204	1.01574447	1.26658	-0.19838	-0.21364	3191222.0	1776544772.205426	0.0	1.0	-1.0	-1.0	-1.0	-1.0	-1.0	-1.0	-1.0	-1.0	0.0	marker	opened-hand	Open	11	0418
-66650.4	-52912.89	-102457.08	-17880.795	0.0	0.0	0.0	0.0	0.0	0.0	0.0	0.0	0.0	0.0	0.0	0.0	0.0	0.0	146.13793103448276	0.0	0.029357835	-0.11865204	1.01574447	1.26658	-0.19838	-0.21364	3191223.0	1776544772.205443	0.0	1.0	-1.0	-1.0	-1.0	-1.0	-1.0	-1.0	-1.0	-1.0	0.0	marker	opened-hand	Open	11	0418
-66619.755	-52900.02	-102474.405	-17972.325	0.0	0.0	0.0	0.0	0.0	0.0	0.0	0.0	0.0	0.0	0.0	0.0	0.0	0.0	146.13793103448276	0.0	0.02587884	-0.120422055	1.019467605	4.0439	-0.4578	-0.15259999999999999	3191224.0	1776544772.209377	0.0	1.0	-1.0	-1.0	-1.0	-1.0	-1.0	-1.0	-1.0	-1.0	0.0	marker	opened-hand	Open	11	0418
-66571.515	-52892.775	-102461.58	-17938.665	0.0	0.0	0.0	0.0	0.0	0.0	0.0	0.0	0.0	0.0	0.0	0.0	0.0	0.0	146.13793103448276	0.0	0.02587884	-0.120422055	1.019467605	4.0439	-0.4578	-0.15259999999999999	3191225.0	1776544772.209397	0.0	1.0	-1.0	-1.0	-1.0	-1.0	-1.0	-1.0	-1.0	-1.0	0.0	marker	opened-hand	Open	11	0418
-66580.245	-52881.84	-102430.39499999999	-17871.39	0.0	0.0	0.0	0.0	0.0	0.0	0.0	0.0	0.0	0.0	0.0	0.0	0.0	0.0	146.13793103448276	0.0	0.02587884	-0.120422055	1.019467605	4.0439	-0.4578	-0.15259999999999999	3191226.0	1776544772.2115	0.0	1.0	-1.0	-1.0	-1.0	-1.0	-1.0	-1.0	-1.0	-1.0	0.0	marker	opened-hand	Open	11	0418
-66669.97499999999	-52883.189999999995	-102461.58	-17902.305	0.0	0.0	0.0	0.0	0.0	0.0	0.0	0.0	0.0	0.0	0.0	0.0	0.0	0.0	146.13793103448276	0.0	0.02587884	-0.120422055	1.019467605	4.0439	-0.4578	-0.15259999999999999	3191227.0	1776544772.211518	0.0	1.0	-1.0	-1.0	-1.0	-1.0	-1.0	-1.0	-1.0	-1.0	0.0	marker	opened-hand	Open	11	0418
-66647.295	-52882.155	-102393.855	-17818.605	0.0	0.0	0.0	0.0	0.0	0.0	0.0	0.0	0.0	0.0	0.0	0.0	0.0	0.0	146.13793103448276	0.0	0.02587884	-0.120422055	1.019467605	4.0439	-0.4578	-0.15259999999999999	3191228.0	1776544772.215481	0.0	1.0	-1.0	-1.0	-1.0	-1.0	-1.0	-1.0	-1.0	-1.0	0.0	marker	opened-hand	Open	11	0418
-66610.98	-52885.53	-102315.28499999999	-17733.87	0.0	0.0	0.0	0.0	0.0	0.0	0.0	0.0	0.0	0.0	0.0	0.0	0.0	0.0	146.13793103448276	0.0	0.02587884	-0.120422055	1.019467605	4.0439	-0.4578	-0.15259999999999999	3191229.0	1776544772.2155	0.0	1.0	-1.0	-1.0	-1.0	-1.0	-1.0	-1.0	-1.0	-1.0	0.0	marker	opened-hand	Open	11	0418
-66517.875	-52886.07	-102275.73	-17703.585	0.0	0.0	0.0	0.0	0.0	0.0	0.0	0.0	0.0	0.0	0.0	0.0	0.0	0.0	146.13793103448276	0.0	0.02587884	-0.120422055	1.019467605	4.0439	-0.4578	-0.15259999999999999	3191230.0	1776544772.219566	0.0	1.0	-1.0	-1.0	-1.0	-1.0	-1.0	-1.0	-1.0	-1.0	0.0	marker	opened-hand	Open	11	0418
-66507.61499999999	-52899.93	-102347.09999999999	-17824.454999999998	0.0	0.0	0.0	0.0	0.0	0.0	0.0	0.0	0.0	0.0	0.0	0.0	0.0	0.0	146.13793103448276	0.0	0.02587884	-0.120422055	1.019467605	4.0439	-0.4578	-0.15259999999999999	3191231.0	1776544772.219583	0.0	1.0	-1.0	-1.0	-1.0	-1.0	-1.0	-1.0	-1.0	-1.0	0.0	marker	opened-hand	Open	11	0418
-66351.19499999999	-52889.445	-102156.12	-17648.145	0.0	0.0	0.0	0.0	0.0	0.0	0.0	0.0	0.0	0.0	0.0	0.0	0.0	0.0	146.13793103448276	0.0	0.02587884	-0.120422055	1.019467605	4.0439	-0.4578	-0.15259999999999999	3191232.0	1776544772.224212	0.0	1.0	-1.0	-1.0	-1.0	-1.0	-1.0	-1.0	-1.0	-1.0	0.0	marker	opened-hand	Open	11	0418
-66419.91	-52893.09	-102215.87999999999	-17648.145	0.0	0.0	0.0	0.0	0.0	0.0	0.0	0.0	0.0	0.0	0.0	0.0	0.0	0.0	146.13793103448276	0.0	0.02587884	-0.120422055	1.019467605	4.0439	-0.4578	-0.15259999999999999	3191233.0	1776544772.22423	0.0	1.0	-1.0	-1.0	-1.0	-1.0	-1.0	-1.0	-1.0	-1.0	0.0	marker	opened-hand	Open	11	0418
-66504.555	-52907.13	-102363.345	-17816.715	0.0	0.0	0.0	0.0	0.0	0.0	0.0	0.0	0.0	0.0	0.0	0.0	0.0	0.0	146.13793103448276	0.0	0.028381275	-0.11291475000000001	1.012143405	3.92182	0.15259999999999999	-0.35097999999999996	3191234.0	1776544772.2301	0.0	1.0	-1.0	-1.0	-1.0	-1.0	-1.0	-1.0	-1.0	-1.0	0.0	marker	opened-hand	Open	11	0418
-66454.92	-52911.72	-102297.59999999999	-17754.255	0.0	0.0	0.0	0.0	0.0	0.0	0.0	0.0	0.0	0.0	0.0	0.0	0.0	0.0	146.13793103448276	0.0	0.028381275	-0.11291475000000001	1.012143405	3.92182	0.15259999999999999	-0.35097999999999996	3191235.0	1776544772.230117	0.0	1.0	-1.0	-1.0	-1.0	-1.0	-1.0	-1.0	-1.0	-1.0	0.0	marker	opened-hand	Open	11	0418
-66675.645	-52936.47	-102542.355	-17991.495	0.0	0.0	0.0	0.0	0.0	0.0	0.0	0.0	0.0	0.0	0.0	0.0	0.0	0.0	146.13793103448276	0.0	0.028381275	-0.11291475000000001	1.012143405	3.92182	0.15259999999999999	-0.35097999999999996	3191236.0	1776544772.236551	0.0	1.0	-1.0	-1.0	-1.0	-1.0	-1.0	-1.0	-1.0	-1.0	0.0	marker	opened-hand	Open	11	0418
-66620.565	-52940.655	-102497.12999999999	-17979.84	0.0	0.0	0.0	0.0	0.0	0.0	0.0	0.0	0.0	0.0	0.0	0.0	0.0	0.0	146.13793103448276	0.0	0.028381275	-0.11291475000000001	1.012143405	3.92182	0.15259999999999999	-0.35097999999999996	3191237.0	1776544772.23657	0.0	1.0	-1.0	-1.0	-1.0	-1.0	-1.0	-1.0	-1.0	-1.0	0.0	marker	opened-hand	Open	11	0418
-66527.415	-52934.22	-102369.915	-17807.04	0.0	0.0	0.0	0.0	0.0	0.0	0.0	0.0	0.0	0.0	0.0	0.0	0.0	0.0	146.13793103448276	0.0	0.028381275	-0.11291475000000001	1.012143405	3.92182	0.15259999999999999	-0.35097999999999996	3191238.0	1776544772.236594	0.0	1.0	-1.0	-1.0	-1.0	-1.0	-1.0	-1.0	-1.0	-1.0	0.0	marker	opened-hand	Open	11	0418
-66708.45	-52942.005	-102504.87	-17922.195	0.0	0.0	0.0	0.0	0.0	0.0	0.0	0.0	0.0	0.0	0.0	0.0	0.0	0.0	146.13793103448276	0.0	0.028381275	-0.11291475000000001	1.012143405	3.92182	0.15259999999999999	-0.35097999999999996	3191239.0	1776544772.236612	0.0	1.0	-1.0	-1.0	-1.0	-1.0	-1.0	-1.0	-1.0	-1.0	0.0	marker	opened-hand	Open	11	0418
-66776.715	-52943.04	-102532.905	-18001.079999999998	0.0	0.0	0.0	0.0	0.0	0.0	0.0	0.0	0.0	0.0	0.0	0.0	0.0	0.0	146.13793103448276	0.0	0.028381275	-0.11291475000000001	1.012143405	3.92182	0.15259999999999999	-0.35097999999999996	3191240.0	1776544772.239543	0.0	1.0	-1.0	-1.0	-1.0	-1.0	-1.0	-1.0	-1.0	-1.0	0.0	marker	opened-hand	Open	11	0418
-66699.315	-52925.895	-102519.405	-17992.98	0.0	0.0	0.0	0.0	0.0	0.0	0.0	0.0	0.0	0.0	0.0	0.0	0.0	0.0	146.13793103448276	0.0	0.028381275	-0.11291475000000001	1.012143405	3.92182	0.15259999999999999	-0.35097999999999996	3191241.0	1776544772.239562	0.0	1.0	-1.0	-1.0	-1.0	-1.0	-1.0	-1.0	-1.0	-1.0	0.0	marker	opened-hand	Open	11	0418
-66596.265	-52903.17	-102380.48999999999	-17845.605	0.0	0.0	0.0	0.0	0.0	0.0	0.0	0.0	0.0	0.0	0.0	0.0	0.0	0.0	146.13793103448276	0.0	0.028381275	-0.11291475000000001	1.012143405	3.92182	0.15259999999999999	-0.35097999999999996	3191242.0	1776544772.243543	0.0	1.0	-1.0	-1.0	-1.0	-1.0	-1.0	-1.0	-1.0	-1.0	0.0	marker	opened-hand	Open	11	0418
-66524.22	-52901.189999999995	-102292.245	-17736.434999999998	0.0	0.0	0.0	0.0	0.0	0.0	0.0	0.0	0.0	0.0	0.0	0.0	0.0	0.0	146.13793103448276	0.0	0.028381275	-0.11291475000000001	1.012143405	3.92182	0.15259999999999999	-0.35097999999999996	3191243.0	1776544772.243562	0.0	1.0	-1.0	-1.0	-1.0	-1.0	-1.0	-1.0	-1.0	-1.0	0.0	marker	opened-hand	Open	11	0418
-66390.03	-52905.284999999996	-102187.98	-17585.505	0.0	0.0	0.0	0.0	0.0	0.0	0.0	0.0	0.0	0.0	0.0	0.0	0.0	0.0	146.13793103448276	0.0	0.041808975	-0.112121295	1.003354365	1.89224	1.55652	0.04578	3191244.0	1776544772.247567	0.0	1.0	-1.0	-1.0	-1.0	-1.0	-1.0	-1.0	-1.0	-1.0	0.0	marker	opened-hand	Open	11	0418
-66455.595	-52924.229999999996	-102258.675	-17642.34	0.0	0.0	0.0	0.0	0.0	0.0	0.0	0.0	0.0	0.0	0.0	0.0	0.0	0.0	146.13793103448276	0.0	0.041808975	-0.112121295	1.003354365	1.89224	1.55652	0.04578	3191245.0	1776544772.24762	0.0	1.0	-1.0	-1.0	-1.0	-1.0	-1.0	-1.0	-1.0	-1.0	0.0	marker	opened-hand	Open	11	0418
-66701.295	-52960.185	-102565.62	-17959.905	0.0	0.0	0.0	0.0	0.0	0.0	0.0	0.0	0.0	0.0	0.0	0.0	0.0	0.0	146.13793103448276	0.0	0.041808975	-0.112121295	1.003354365	1.89224	1.55652	0.04578	3191246.0	1776544772.251708	0.0	1.0	-1.0	-1.0	-1.0	-1.0	-1.0	-1.0	-1.0	-1.0	0.0	marker	opened-hand	Open	11	0418
-66681.54	-52963.11	-102533.48999999999	-17910.585	0.0	0.0	0.0	0.0	0.0	0.0	0.0	0.0	0.0	0.0	0.0	0.0	0.0	0.0	146.13793103448276	0.0	0.041808975	-0.112121295	1.003354365	1.89224	1.55652	0.04578	3191247.0	1776544772.251727	0.0	1.0	-1.0	-1.0	-1.0	-1.0	-1.0	-1.0	-1.0	-1.0	0.0	marker	opened-hand	Open	11	0418
-66585.23999999999	-52957.755	-102373.47	-17807.355	0.0	0.0	0.0	0.0	0.0	0.0	0.0	0.0	0.0	0.0	0.0	0.0	0.0	0.0	146.13793103448276	0.0	0.041808975	-0.112121295	1.003354365	1.89224	1.55652	0.04578	3191248.0	1776544772.256264	0.0	1.0	-1.0	-1.0	-1.0	-1.0	-1.0	-1.0	-1.0	-1.0	0.0	marker	opened-hand	Open	11	0418
-66271.995	-52939.619999999995	-102079.665	-17498.43	0.0	0.0	0.0	0.0	0.0	0.0	0.0	0.0	0.0	0.0	0.0	0.0	0.0	0.0	146.13793103448276	0.0	0.041808975	-0.112121295	1.003354365	1.89224	1.55652	0.04578	3191249.0	1776544772.256283	0.0	1.0	-1.0	-1.0	-1.0	-1.0	-1.0	-1.0	-1.0	-1.0	0.0	marker	opened-hand	Open	11	0418
-66550.905	-52950.915	-102310.37999999999	-17688.059999999998	0.0	0.0	0.0	0.0	0.0	0.0	0.0	0.0	0.0	0.0	0.0	0.0	0.0	0.0	146.13793103448276	0.0	0.041808975	-0.112121295	1.003354365	1.89224	1.55652	0.04578	3191250.0	1776544772.259719	0.0	1.0	-1.0	-1.0	-1.0	-1.0	-1.0	-1.0	-1.0	-1.0	0.0	marker	opened-hand	Open	11	0418
-66637.215	-52968.195	-102457.34999999999	-17904.78	0.0	0.0	0.0	0.0	0.0	0.0	0.0	0.0	0.0	0.0	0.0	0.0	0.0	0.0	146.13793103448276	0.0	0.041808975	-0.112121295	1.003354365	1.89224	1.55652	0.04578	3191251.0	1776544772.259738	0.0	1.0	-1.0	-1.0	-1.0	-1.0	-1.0	-1.0	-1.0	-1.0	0.0	marker	opened-hand	Open	11	0418
-66672.405	-52981.064999999995	-102506.89499999999	-17991.63	0.0	0.0	0.0	0.0	0.0	0.0	0.0	0.0	0.0	0.0	0.0	0.0	0.0	0.0	146.13793103448276	0.0	0.041808975	-0.112121295	1.003354365	1.89224	1.55652	0.04578	3191252.0	1776544772.267933	0.0	1.0	-1.0	-1.0	-1.0	-1.0	-1.0	-1.0	-1.0	-1.0	0.0	marker	opened-hand	Open	11	0418
-66678.075	-52988.715	-102476.87999999999	-17983.8	0.0	0.0	0.0	0.0	0.0	0.0	0.0	0.0	0.0	0.0	0.0	0.0	0.0	0.0	146.13793103448276	0.0	0.041808975	-0.112121295	1.003354365	1.89224	1.55652	0.04578	3191253.0	1776544772.267953	0.0	1.0	-1.0	-1.0	-1.0	-1.0	-1.0	-1.0	-1.0	-1.0	0.0	marker	opened-hand	Open	11	0418
-66563.325	-52989.255	-102329.64	-17799.614999999998	0.0	0.0	0.0	0.0	0.0	0.0	0.0	0.0	0.0	0.0	0.0	0.0	0.0	0.0	146.13793103448276	0.0	0.03515616	-0.119323425	1.00756578	3.18934	1.7396399999999999	-0.6103999999999999	3191254.0	1776544772.26798	0.0	1.0	-1.0	-1.0	-1.0	-1.0	-1.0	-1.0	-1.0	-1.0	0.0	marker	opened-hand	Open	11	0418
-66555.495	-52998.704999999994	-102294.98999999999	-17665.155	0.0	0.0	0.0	0.0	0.0	0.0	0.0	0.0	0.0	0.0	0.0	0.0	0.0	0.0	146.13793103448276	0.0	0.03515616	-0.119323425	1.00756578	3.18934	1.7396399999999999	-0.6103999999999999	3191255.0	1776544772.267999	0.0	1.0	-1.0	-1.0	-1.0	-1.0	-1.0	-1.0	-1.0	-1.0	0.0	marker	opened-hand	Open	11	0418
-66671.09999999999	-53013.329999999994	-102374.55	-17662.005	0.0	0.0	0.0	0.0	0.0	0.0	0.0	0.0	0.0	0.0	0.0	0.0	0.0	0.0	146.13793103448276	0.0	0.03515616	-0.119323425	1.00756578	3.18934	1.7396399999999999	-0.6103999999999999	3191256.0	1776544772.271702	0.0	1.0	-1.0	-1.0	-1.0	-1.0	-1.0	-1.0	-1.0	-1.0	0.0	marker	opened-hand	Open	11	0418
-66539.295	-53004.869999999995	-102404.655	-17840.7	0.0	0.0	0.0	0.0	0.0	0.0	0.0	0.0	0.0	0.0	0.0	0.0	0.0	0.0	146.13793103448276	0.0	0.03515616	-0.119323425	1.00756578	3.18934	1.7396399999999999	-0.6103999999999999	3191257.0	1776544772.271723	0.0	1.0	-1.0	-1.0	-1.0	-1.0	-1.0	-1.0	-1.0	-1.0	0.0	marker	opened-hand	Open	11	0418
-66485.97	-52990.38	-102381.61499999999	-17931.42	0.0	0.0	0.0	0.0	0.0	0.0	0.0	0.0	0.0	0.0	0.0	0.0	0.0	0.0	146.13793103448276	0.0	0.03515616	-0.119323425	1.00756578	3.18934	1.7396399999999999	-0.6103999999999999	3191258.0	1776544772.275807	0.0	1.0	-1.0	-1.0	-1.0	-1.0	-1.0	-1.0	-1.0	-1.0	0.0	marker	opened-hand	Open	11	0418
-66650.44499999999	-52915.994999999995	-102446.28	-17880.614999999998	0.0	0.0	0.0	0.0	0.0	0.0	0.0	0.0	0.0	0.0	0.0	0.0	0.0	0.0	146.13793103448276	0.0	0.03515616	-0.119323425	1.00756578	3.18934	1.7396399999999999	-0.6103999999999999	3191259.0	1776544772.275823	0.0	1.0	-1.0	-1.0	-1.0	-1.0	-1.0	-1.0	-1.0	-1.0	0.0	marker	opened-hand	Open	11	0418
-66524.265	-52835.579999999994	-102402.9	-17923.77	0.0	0.0	0.0	0.0	0.0	0.0	0.0	0.0	0.0	0.0	0.0	0.0	0.0	0.0	146.13793103448276	0.0	0.03515616	-0.119323425	1.00756578	3.18934	1.7396399999999999	-0.6103999999999999	3191260.0	1776544772.279716	0.0	1.0	-1.0	-1.0	-1.0	-1.0	-1.0	-1.0	-1.0	-1.0	0.0	marker	opened-hand	Open	11	0418
-66573.855	-52830.945	-102419.86499999999	-17901.045	0.0	0.0	0.0	0.0	0.0	0.0	0.0	0.0	0.0	0.0	0.0	0.0	0.0	0.0	146.13793103448276	0.0	0.03515616	-0.119323425	1.00756578	3.18934	1.7396399999999999	-0.6103999999999999	3191261.0	1776544772.279734	0.0	1.0	-1.0	-1.0	-1.0	-1.0	-1.0	-1.0	-1.0	-1.0	0.0	marker	opened-hand	Open	11	0418
-66804.165	-52855.604999999996	-102584.745	-18024.795	0.0	0.0	0.0	0.0	0.0	0.0	0.0	0.0	0.0	0.0	0.0	0.0	0.0	0.0	146.13793103448276	0.0	0.03515616	-0.119323425	1.00756578	3.18934	1.7396399999999999	-0.6103999999999999	3191262.0	1776544772.283735	0.0	1.0	-1.0	-1.0	-1.0	-1.0	-1.0	-1.0	-1.0	-1.0	0.0	marker	opened-hand	Open	11	0418
-66699.81	-52851.689999999995	-102550.59	-17933.895	0.0	0.0	0.0	0.0	0.0	0.0	0.0	0.0	0.0	0.0	0.0	0.0	0.0	0.0	146.13793103448276	0.0	0.03515616	-0.119323425	1.00756578	3.18934	1.7396399999999999	-0.6103999999999999	3191263.0	1776544772.283748	0.0	1.0	-1.0	-1.0	-1.0	-1.0	-1.0	-1.0	-1.0	-1.0	0.0	marker	opened-hand	Open	11	0418
-66714.12	-52855.29	-102628.98	-17905.005	0.0	0.0	0.0	0.0	0.0	0.0	0.0	0.0	0.0	0.0	0.0	0.0	0.0	0.0	146.13793103448276	0.0	0.02221674	-0.12499968	1.01891829	5.4173	0.57988	-1.2055399999999998	3191264.0	1776544772.287835	0.0	1.0	-1.0	-1.0	-1.0	-1.0	-1.0	-1.0	-1.0	-1.0	0.0	marker	opened-hand	Open	11	0418
-66673.89	-52855.74	-102615.20999999999	-17960.175	0.0	0.0	0.0	0.0	0.0	0.0	0.0	0.0	0.0	0.0	0.0	0.0	0.0	0.0	146.13793103448276	0.0	0.02221674	-0.12499968	1.01891829	5.4173	0.57988	-1.2055399999999998	3191265.0	1776544772.287846	0.0	1.0	-1.0	-1.0	-1.0	-1.0	-1.0	-1.0	-1.0	-1.0	0.0	marker	opened-hand	Open	11	0418
-66615.345	-52837.74	-102491.955	-17874.405	0.0	0.0	0.0	0.0	0.0	0.0	0.0	0.0	0.0	0.0	0.0	0.0	0.0	0.0	146.13793103448276	0.0	0.02221674	-0.12499968	1.01891829	5.4173	0.57988	-1.2055399999999998	3191266.0	1776544772.294693	0.0	1.0	-1.0	-1.0	-1.0	-1.0	-1.0	-1.0	-1.0	-1.0	0.0	marker	opened-hand	Open	11	0418
-66541.095	-52827.165	-102465.72	-17906.625	0.0	0.0	0.0	0.0	0.0	0.0	0.0	0.0	0.0	0.0	0.0	0.0	0.0	0.0	146.13793103448276	0.0	0.02221674	-0.12499968	1.01891829	5.4173	0.57988	-1.2055399999999998	3191267.0	1776544772.294704	0.0	1.0	-1.0	-1.0	-1.0	-1.0	-1.0	-1.0	-1.0	-1.0	0.0	marker	opened-hand	Open	11	0418
-66563.73	-52820.954999999994	-102382.78499999999	-17821.71	0.0	0.0	0.0	0.0	0.0	0.0	0.0	0.0	0.0	0.0	0.0	0.0	0.0	0.0	146.13793103448276	0.0	0.02221674	-0.12499968	1.01891829	5.4173	0.57988	-1.2055399999999998	3191268.0	1776544772.298498	0.0	1.0	-1.0	-1.0	-1.0	-1.0	-1.0	-1.0	-1.0	-1.0	0.0	marker	opened-hand	Open	11	0418
-66614.355	-52820.595	-102428.955	-17862.75	0.0	0.0	0.0	0.0	0.0	0.0	0.0	0.0	0.0	0.0	0.0	0.0	0.0	0.0	146.13793103448276	0.0	0.02221674	-0.12499968	1.01891829	5.4173	0.57988	-1.2055399999999998	3191269.0	1776544772.298518	0.0	1.0	-1.0	-1.0	-1.0	-1.0	-1.0	-1.0	-1.0	-1.0	0.0	marker	opened-hand	Open	11	0418
-66595.005	-52823.97	-102419.55	-17880.344999999998	0.0	0.0	0.0	0.0	0.0	0.0	0.0	0.0	0.0	0.0	0.0	0.0	0.0	0.0	146.13793103448276	0.0	0.02221674	-0.12499968	1.01891829	5.4173	0.57988	-1.2055399999999998	3191270.0	1776544772.299751	0.0	1.0	-1.0	-1.0	-1.0	-1.0	-1.0	-1.0	-1.0	-1.0	0.0	marker	opened-hand	Open	11	0418
-66575.205	-52830.99	-102440.79	-17921.475	0.0	0.0	0.0	0.0	0.0	0.0	0.0	0.0	0.0	0.0	0.0	0.0	0.0	0.0	146.13793103448276	0.0	0.02221674	-0.12499968	1.01891829	5.4173	0.57988	-1.2055399999999998	3191271.0	1776544772.299765	0.0	1.0	-1.0	-1.0	-1.0	-1.0	-1.0	-1.0	-1.0	-1.0	0.0	marker	opened-hand	Open	11	0418
-66540.19499999999	-52822.485	-102363.48	-17829.495	0.0	0.0	0.0	0.0	0.0	0.0	0.0	0.0	0.0	0.0	0.0	0.0	0.0	0.0	146.13793103448276	0.0	0.02221674	-0.12499968	1.01891829	5.4173	0.57988	-1.2055399999999998	3191272.0	1776544772.303806	0.0	1.0	-1.0	-1.0	-1.0	-1.0	-1.0	-1.0	-1.0	-1.0	0.0	marker	opened-hand	Open	11	0418
-66686.48999999999	-52808.354999999996	-102360.33	-17797.05	0.0	0.0	0.0	0.0	0.0	0.0	0.0	0.0	0.0	0.0	0.0	0.0	0.0	0.0	146.13793103448276	0.0	0.02221674	-0.12499968	1.01891829	5.4173	0.57988	-1.2055399999999998	3191273.0	1776544772.303826	0.0	1.0	-1.0	-1.0	-1.0	-1.0	-1.0	-1.0	-1.0	-1.0	0.0	marker	opened-hand	Open	11	0418
-66665.47499999999	-52796.115	-102503.51999999999	-17955.855	0.0	0.0	0.0	0.0	0.0	0.0	0.0	0.0	0.0	0.0	0.0	0.0	0.0	0.0	146.13793103448276	0.0	0.024108825	-0.1147458	1.01989485	5.21892	-0.36624	-0.82404	3191274.0	1776544772.307861	0.0	1.0	-1.0	-1.0	-1.0	-1.0	-1.0	-1.0	-1.0	-1.0	0.0	marker	opened-hand	Open	11	0418
-66580.65	-52787.43	-102452.715	-17890.469999999998	0.0	0.0	0.0	0.0	0.0	0.0	0.0	0.0	0.0	0.0	0.0	0.0	0.0	0.0	146.13793103448276	0.0	0.024108825	-0.1147458	1.01989485	5.21892	-0.36624	-0.82404	3191275.0	1776544772.307881	0.0	1.0	-1.0	-1.0	-1.0	-1.0	-1.0	-1.0	-1.0	-1.0	0.0	marker	opened-hand	Open	11	0418
-66321.81	-52771.68	-102198.19499999999	-17609.895	0.0	0.0	0.0	0.0	0.0	0.0	0.0	0.0	0.0	0.0	0.0	0.0	0.0	0.0	146.13793103448276	0.0	0.024108825	-0.1147458	1.01989485	5.21892	-0.36624	-0.82404	3191276.0	1776544772.311784	0.0	1.0	-1.0	-1.0	-1.0	-1.0	-1.0	-1.0	-1.0	-1.0	0.0	marker	opened-hand	Open	11	0418
-66398.13	-52778.655	-102323.655	-17736.12	0.0	0.0	0.0	0.0	0.0	0.0	0.0	0.0	0.0	0.0	0.0	0.0	0.0	0.0	146.13793103448276	0.0	0.024108825	-0.1147458	1.01989485	5.21892	-0.36624	-0.82404	3191277.0	1776544772.311804	0.0	1.0	-1.0	-1.0	-1.0	-1.0	-1.0	-1.0	-1.0	-1.0	0.0	marker	opened-hand	Open	11	0418
-66579.165	-52787.115	-102411.0	-17817.614999999998	0.0	0.0	0.0	0.0	0.0	0.0	0.0	0.0	0.0	0.0	0.0	0.0	0.0	0.0	146.13793103448276	0.0	0.024108825	-0.1147458	1.01989485	5.21892	-0.36624	-0.82404	3191278.0	1776544772.317878	0.0	1.0	-1.0	-1.0	-1.0	-1.0	-1.0	-1.0	-1.0	-1.0	0.0	marker	opened-hand	Open	11	0418
-66653.91	-52792.02	-102467.295	-17930.43	0.0	0.0	0.0	0.0	0.0	0.0	0.0	0.0	0.0	0.0	0.0	0.0	0.0	0.0	146.13793103448276	0.0	0.024108825	-0.1147458	1.01989485	5.21892	-0.36624	-0.82404	3191279.0	1776544772.317895	0.0	1.0	-1.0	-1.0	-1.0	-1.0	-1.0	-1.0	-1.0	-1.0	0.0	marker	opened-hand	Open	11	0418
-66373.785	-52767.81	-102115.34999999999	-17595.18	0.0	0.0	0.0	0.0	0.0	0.0	0.0	0.0	0.0	0.0	0.0	0.0	0.0	0.0	146.13793103448276	0.0	0.024108825	-0.1147458	1.01989485	5.21892	-0.36624	-0.82404	3191280.0	1776544772.319909	0.0	1.0	-1.0	-1.0	-1.0	-1.0	-1.0	-1.0	-1.0	-1.0	0.0	marker	opened-hand	Open	11	0418
-66493.44	-52773.84	-102217.095	-17626.635	0.0	0.0	0.0	0.0	0.0	0.0	0.0	0.0	0.0	0.0	0.0	0.0	0.0	0.0	146.13793103448276	0.0	0.024108825	-0.1147458	1.01989485	5.21892	-0.36624	-0.82404	3191281.0	1776544772.319927	0.0	1.0	-1.0	-1.0	-1.0	-1.0	-1.0	-1.0	-1.0	-1.0	0.0	marker	opened-hand	Open	11	0418
-66839.58	-52810.965	-102768.65999999999	-18141.165	0.0	0.0	0.0	0.0	0.0	0.0	0.0	0.0	0.0	0.0	0.0	0.0	0.0	0.0	146.13793103448276	0.0	0.024108825	-0.1147458	1.01989485	5.21892	-0.36624	-0.82404	3191282.0	1776544772.326455	0.0	1.0	-1.0	-1.0	-1.0	-1.0	-1.0	-1.0	-1.0	-1.0	0.0	marker	opened-hand	Open	11	0418
-66778.155	-52801.155	-102712.185	-18116.325	0.0	0.0	0.0	0.0	0.0	0.0	0.0	0.0	0.0	0.0	0.0	0.0	0.0	0.0	146.13793103448276	0.0	0.024108825	-0.1147458	1.01989485	5.21892	-0.36624	-0.82404	3191283.0	1776544772.326473	0.0	1.0	-1.0	-1.0	-1.0	-1.0	-1.0	-1.0	-1.0	-1.0	0.0	marker	opened-hand	Open	11	0418
-66580.155	-52784.549999999996	-102455.595	-17894.52	0.0	0.0	0.0	0.0	0.0	0.0	0.0	0.0	0.0	0.0	0.0	0.0	0.0	0.0	146.13793103448276	0.0	0.035583405	-0.09954808500000001	1.011044775	1.95328	0.19838	0.56462	3191284.0	1776544772.329445	0.0	1.0	-1.0	-1.0	-1.0	-1.0	-1.0	-1.0	-1.0	-1.0	0.0	marker	opened-hand	Open	11	0418
-66522.015	-52793.1	-102277.44	-17739.45	0.0	0.0	0.0	0.0	0.0	0.0	0.0	0.0	0.0	0.0	0.0	0.0	0.0	0.0	146.13793103448276	0.0	0.035583405	-0.09954808500000001	1.011044775	1.95328	0.19838	0.56462	3191285.0	1776544772.329463	0.0	1.0	-1.0	-1.0	-1.0	-1.0	-1.0	-1.0	-1.0	-1.0	0.0	marker	opened-hand	Open	11	0418
-66417.75	-52805.7	-102248.415	-17715.78	0.0	0.0	0.0	0.0	0.0	0.0	0.0	0.0	0.0	0.0	0.0	0.0	0.0	0.0	146.13793103448276	0.0	0.035583405	-0.09954808500000001	1.011044775	1.95328	0.19838	0.56462	3191286.0	1776544772.332508	0.0	1.0	-1.0	-1.0	-1.0	-1.0	-1.0	-1.0	-1.0	-1.0	0.0	marker	opened-hand	Open	11	0418
-66629.295	-52834.14	-102445.425	-17878.14	0.0	0.0	0.0	0.0	0.0	0.0	0.0	0.0	0.0	0.0	0.0	0.0	0.0	0.0	146.13793103448276	0.0	0.035583405	-0.09954808500000001	1.011044775	1.95328	0.19838	0.56462	3191287.0	1776544772.332533	0.0	1.0	-1.0	-1.0	-1.0	-1.0	-1.0	-1.0	-1.0	-1.0	0.0	marker	opened-hand	Open	11	0418
-66801.59999999999	-52854.345	-102656.34	-18051.21	0.0	0.0	0.0	0.0	0.0	0.0	0.0	0.0	0.0	0.0	0.0	0.0	0.0	0.0	146.13793103448276	0.0	0.035583405	-0.09954808500000001	1.011044775	1.95328	0.19838	0.56462	3191288.0	1776544772.338203	0.0	1.0	-1.0	-1.0	-1.0	-1.0	-1.0	-1.0	-1.0	-1.0	0.0	marker	opened-hand	Open	11	0418
-66696.75	-52852.77	-102569.715	-17972.37	0.0	0.0	0.0	0.0	0.0	0.0	0.0	0.0	0.0	0.0	0.0	0.0	0.0	0.0	146.13793103448276	0.0	0.035583405	-0.09954808500000001	1.011044775	1.95328	0.19838	0.56462	3191289.0	1776544772.338222	0.0	1.0	-1.0	-1.0	-1.0	-1.0	-1.0	-1.0	-1.0	-1.0	0.0	marker	opened-hand	Open	11	0418
-66595.905	-52841.43	-102491.14499999999	-17912.34	0.0	0.0	0.0	0.0	0.0	0.0	0.0	0.0	0.0	0.0	0.0	0.0	0.0	0.0	146.13793103448276	0.0	0.035583405	-0.09954808500000001	1.011044775	1.95328	0.19838	0.56462	3191290.0	1776544772.340002	0.0	1.0	-1.0	-1.0	-1.0	-1.0	-1.0	-1.0	-1.0	-1.0	0.0	marker	opened-hand	Open	11	0418
-66626.775	-52814.295	-102480.345	-17930.024999999998	0.0	0.0	0.0	0.0	0.0	0.0	0.0	0.0	0.0	0.0	0.0	0.0	0.0	0.0	146.13793103448276	0.0	0.035583405	-0.09954808500000001	1.011044775	1.95328	0.19838	0.56462	3191291.0	1776544772.340021	0.0	1.0	-1.0	-1.0	-1.0	-1.0	-1.0	-1.0	-1.0	-1.0	0.0	marker	opened-hand	Open	11	0418
-66622.86	-52795.485	-102415.31999999999	-17840.969999999998	0.0	0.0	0.0	0.0	0.0	0.0	0.0	0.0	0.0	0.0	0.0	0.0	0.0	0.0	146.13793103448276	0.0	0.035583405	-0.09954808500000001	1.011044775	1.95328	0.19838	0.56462	3191292.0	1776544772.343926	0.0	1.0	-1.0	-1.0	-1.0	-1.0	-1.0	-1.0	-1.0	-1.0	0.0	marker	opened-hand	Open	11	0418
-66551.76	-52787.52	-102420.045	-17810.1	0.0	0.0	0.0	0.0	0.0	0.0	0.0	0.0	0.0	0.0	0.0	0.0	0.0	0.0	146.13793103448276	0.0	0.035583405	-0.09954808500000001	1.011044775	1.95328	0.19838	0.56462	3191293.0	1776544772.343944	0.0	1.0	-1.0	-1.0	-1.0	-1.0	-1.0	-1.0	-1.0	-1.0	0.0	marker	opened-hand	Open	11	0418
-66503.295	-52791.84	-102407.58	-17770.59	0.0	0.0	0.0	0.0	0.0	0.0	0.0	0.0	0.0	0.0	0.0	0.0	0.0	0.0	146.13793103448276	0.0	0.03613272	-0.113464065	1.00780992	2.85362	0.19838	-0.74774	3191294.0	1776544772.347942	0.0	1.0	-1.0	-1.0	-1.0	-1.0	-1.0	-1.0	-1.0	-1.0	0.0	marker	opened-hand	Open	11	0418
-66607.47	-52809.39	-102497.22	-17884.53	0.0	0.0	0.0	0.0	0.0	0.0	0.0	0.0	0.0	0.0	0.0	0.0	0.0	0.0	146.13793103448276	0.0	0.03613272	-0.113464065	1.00780992	2.85362	0.19838	-0.74774	3191295.0	1776544772.347961	0.0	1.0	-1.0	-1.0	-1.0	-1.0	-1.0	-1.0	-1.0	-1.0	0.0	marker	opened-hand	Open	11	0418
-66640.05	-52812.314999999995	-102448.08	-17888.715	0.0	0.0	0.0	0.0	0.0	0.0	0.0	0.0	0.0	0.0	0.0	0.0	0.0	0.0	146.13793103448276	0.0	0.03613272	-0.113464065	1.00780992	2.85362	0.19838	-0.74774	3191296.0	1776544772.351947	0.0	1.0	-1.0	-1.0	-1.0	-1.0	-1.0	-1.0	-1.0	-1.0	0.0	marker	opened-hand	Open	11	0418
-66424.815	-52789.59	-102093.525	-17523.405	0.0	0.0	0.0	0.0	0.0	0.0	0.0	0.0	0.0	0.0	0.0	0.0	0.0	0.0	146.13793103448276	0.0	0.03613272	-0.113464065	1.00780992	2.85362	0.19838	-0.74774	3191297.0	1776544772.351964	0.0	1.0	-1.0	-1.0	-1.0	-1.0	-1.0	-1.0	-1.0	-1.0	0.0	marker	opened-hand	Open	11	0418
-66441.87	-52780.095	-102076.965	-17418.51	0.0	0.0	0.0	0.0	0.0	0.0	0.0	0.0	0.0	0.0	0.0	0.0	0.0	0.0	146.13793103448276	0.0	0.03613272	-0.113464065	1.00780992	2.85362	0.19838	-0.74774	3191298.0	1776544772.356006	0.0	1.0	-1.0	-1.0	-1.0	-1.0	-1.0	-1.0	-1.0	-1.0	0.0	marker	opened-hand	Open	11	0418
-66595.455	-52784.415	-102329.415	-17611.829999999998	0.0	0.0	0.0	0.0	0.0	0.0	0.0	0.0	0.0	0.0	0.0	0.0	0.0	0.0	146.13793103448276	0.0	0.03613272	-0.113464065	1.00780992	2.85362	0.19838	-0.74774	3191299.0	1776544772.356024	0.0	1.0	-1.0	-1.0	-1.0	-1.0	-1.0	-1.0	-1.0	-1.0	0.0	marker	opened-hand	Open	11	0418
-66472.92	-52788.869999999995	-102360.42	-17772.93	0.0	0.0	0.0	0.0	0.0	0.0	0.0	0.0	0.0	0.0	0.0	0.0	0.0	0.0	146.13793103448276	0.0	0.03613272	-0.113464065	1.00780992	2.85362	0.19838	-0.74774	3191300.0	1776544772.363781	0.0	1.0	-1.0	-1.0	-1.0	-1.0	-1.0	-1.0	-1.0	-1.0	0.0	marker	opened-hand	Open	11	0418
-66465.495	-52797.104999999996	-102449.205	-17942.309999999998	0.0	0.0	0.0	0.0	0.0	0.0	0.0	0.0	0.0	0.0	0.0	0.0	0.0	0.0	146.13793103448276	0.0	0.03613272	-0.113464065	1.00780992	2.85362	0.19838	-0.74774	3191301.0	1776544772.363802	0.0	1.0	-1.0	-1.0	-1.0	-1.0	-1.0	-1.0	-1.0	-1.0	0.0	marker	opened-hand	Open	11	0418
-66548.47499999999	-52804.305	-102460.23	-17887.635	0.0	0.0	0.0	0.0	0.0	0.0	0.0	0.0	0.0	0.0	0.0	0.0	0.0	0.0	146.13793103448276	0.0	0.03613272	-0.113464065	1.00780992	2.85362	0.19838	-0.74774	3191302.0	1776544772.363828	0.0	1.0	-1.0	-1.0	-1.0	-1.0	-1.0	-1.0	-1.0	-1.0	0.0	marker	opened-hand	Open	11	0418
-66590.595	-52818.57	-102408.25499999999	-17854.469999999998	0.0	0.0	0.0	0.0	0.0	0.0	0.0	0.0	0.0	0.0	0.0	0.0	0.0	0.0	146.13793103448276	0.0	0.03613272	-0.113464065	1.00780992	2.85362	0.19838	-0.74774	3191303.0	1776544772.363845	0.0	1.0	-1.0	-1.0	-1.0	-1.0	-1.0	-1.0	-1.0	-1.0	0.0	marker	opened-hand	Open	11	0418
-66727.17	-52844.939999999995	-102559.36499999999	-17936.19	0.0	0.0	0.0	0.0	0.0	0.0	0.0	0.0	0.0	0.0	0.0	0.0	0.0	0.0	146.13793103448276	0.0	0.025817805	-0.12902799	1.020444165	6.928039999999999	-0.39676	-2.2127	3191304.0	1776544772.36806	0.0	1.0	-1.0	-1.0	-1.0	-1.0	-1.0	-1.0	-1.0	-1.0	0.0	marker	opened-hand	Open	11	0418
-66653.505	-52802.369999999995	-102612.42	-18005.535	0.0	0.0	0.0	0.0	0.0	0.0	0.0	0.0	0.0	0.0	0.0	0.0	0.0	0.0	146.13793103448276	0.0	0.025817805	-0.12902799	1.020444165	6.928039999999999	-0.39676	-2.2127	3191305.0	1776544772.368078	0.0	1.0	-1.0	-1.0	-1.0	-1.0	-1.0	-1.0	-1.0	-1.0	0.0	marker	opened-hand	Open	11	0418
-66463.605	-52690.229999999996	-102447.0	-17858.655	0.0	0.0	0.0	0.0	0.0	0.0	0.0	0.0	0.0	0.0	0.0	0.0	0.0	0.0	146.13793103448276	0.0	0.025817805	-0.12902799	1.020444165	6.928039999999999	-0.39676	-2.2127	3191306.0	1776544772.371989	0.0	1.0	-1.0	-1.0	-1.0	-1.0	-1.0	-1.0	-1.0	-1.0	0.0	marker	opened-hand	Open	11	0418
-66525.20999999999	-52676.369999999995	-102389.58	-17823.42	0.0	0.0	0.0	0.0	0.0	0.0	0.0	0.0	0.0	0.0	0.0	0.0	0.0	0.0	146.13793103448276	0.0	0.025817805	-0.12902799	1.020444165	6.928039999999999	-0.39676	-2.2127	3191307.0	1776544772.372006	0.0	1.0	-1.0	-1.0	-1.0	-1.0	-1.0	-1.0	-1.0	-1.0	0.0	marker	opened-hand	Open	11	0418
-66807.855	-52696.215	-102624.075	-18095.94	0.0	0.0	0.0	0.0	0.0	0.0	0.0	0.0	0.0	0.0	0.0	0.0	0.0	0.0	146.13793103448276	0.0	0.025817805	-0.12902799	1.020444165	6.928039999999999	-0.39676	-2.2127	3191308.0	1776544772.378056	0.0	1.0	-1.0	-1.0	-1.0	-1.0	-1.0	-1.0	-1.0	-1.0	0.0	marker	opened-hand	Open	11	0418
-66646.755	-52687.71	-102492.72	-17980.649999999998	0.0	0.0	0.0	0.0	0.0	0.0	0.0	0.0	0.0	0.0	0.0	0.0	0.0	0.0	146.13793103448276	0.0	0.025817805	-0.12902799	1.020444165	6.928039999999999	-0.39676	-2.2127	3191309.0	1776544772.378077	0.0	1.0	-1.0	-1.0	-1.0	-1.0	-1.0	-1.0	-1.0	-1.0	0.0	marker	opened-hand	Open	11	0418
-66569.94	-52683.255	-102448.98	-17891.145	0.0	0.0	0.0	0.0	0.0	0.0	0.0	0.0	0.0	0.0	0.0	0.0	0.0	0.0	146.13793103448276	0.0	0.025817805	-0.12902799	1.020444165	6.928039999999999	-0.39676	-2.2127	3191310.0	1776544772.380163	0.0	1.0	-1.0	-1.0	-1.0	-1.0	-1.0	-1.0	-1.0	-1.0	0.0	marker	opened-hand	Open	11	0418
-66559.68	-52687.305	-102430.845	-17890.425	0.0	0.0	0.0	0.0	0.0	0.0	0.0	0.0	0.0	0.0	0.0	0.0	0.0	0.0	146.13793103448276	0.0	0.025817805	-0.12902799	1.020444165	6.928039999999999	-0.39676	-2.2127	3191311.0	1776544772.380186	0.0	1.0	-1.0	-1.0	-1.0	-1.0	-1.0	-1.0	-1.0	-1.0	0.0	marker	opened-hand	Open	11	0418
-66646.89	-52697.34	-102419.55	-17881.469999999998	0.0	0.0	0.0	0.0	0.0	0.0	0.0	0.0	0.0	0.0	0.0	0.0	0.0	0.0	146.13793103448276	0.0	0.025817805	-0.12902799	1.020444165	6.928039999999999	-0.39676	-2.2127	3191312.0	1776544772.384029	0.0	1.0	-1.0	-1.0	-1.0	-1.0	-1.0	-1.0	-1.0	-1.0	0.0	marker	opened-hand	Open	11	0418
-66571.69499999999	-52694.415	-102349.485	-17794.485	0.0	0.0	0.0	0.0	0.0	0.0	0.0	0.0	0.0	0.0	0.0	0.0	0.0	0.0	146.13793103448276	0.0	0.025817805	-0.12902799	1.020444165	6.928039999999999	-0.39676	-2.2127	3191313.0	1776544772.384049	0.0	1.0	-1.0	-1.0	-1.0	-1.0	-1.0	-1.0	-1.0	-1.0	0.0	marker	opened-hand	Open	11	0418
-66658.36499999999	-52686.18	-102417.885	-17827.065	0.0	0.0	0.0	0.0	0.0	0.0	0.0	0.0	0.0	0.0	0.0	0.0	0.0	0.0	146.13793103448276	0.0	0.02124018	-0.11901825	1.02160383	5.4020399999999995	-0.9919	-2.3042599999999998	3191314.0	1776544772.388053	0.0	1.0	-1.0	-1.0	-1.0	-1.0	-1.0	-1.0	-1.0	-1.0	0.0	marker	opened-hand	Open	11	0418
-66640.815	-52674.659999999996	-102534.39	-17904.69	0.0	0.0	0.0	0.0	0.0	0.0	0.0	0.0	0.0	0.0	0.0	0.0	0.0	0.0	146.13793103448276	0.0	0.02124018	-0.11901825	1.02160383	5.4020399999999995	-0.9919	-2.3042599999999998	3191315.0	1776544772.388071	0.0	1.0	-1.0	-1.0	-1.0	-1.0	-1.0	-1.0	-1.0	-1.0	0.0	marker	opened-hand	Open	11	0418
-66545.505	-52662.555	-102491.81999999999	-17880.03	0.0	0.0	0.0	0.0	0.0	0.0	0.0	0.0	0.0	0.0	0.0	0.0	0.0	0.0	146.13793103448276	0.0	0.02124018	-0.11901825	1.02160383	5.4020399999999995	-0.9919	-2.3042599999999998	3191316.0	1776544772.392094	0.0	1.0	-1.0	-1.0	-1.0	-1.0	-1.0	-1.0	-1.0	-1.0	0.0	marker	opened-hand	Open	11	0418
-66523.275	-52652.43	-102435.61499999999	-17770.094999999998	0.0	0.0	0.0	0.0	0.0	0.0	0.0	0.0	0.0	0.0	0.0	0.0	0.0	0.0	146.13793103448276	0.0	0.02124018	-0.11901825	1.02160383	5.4020399999999995	-0.9919	-2.3042599999999998	3191317.0	1776544772.392112	0.0	1.0	-1.0	-1.0	-1.0	-1.0	-1.0	-1.0	-1.0	-1.0	0.0	marker	opened-hand	Open	11	0418
-66307.95	-52636.365	-102224.745	-17600.22	0.0	0.0	0.0	0.0	0.0	0.0	0.0	0.0	0.0	0.0	0.0	0.0	0.0	0.0	146.13793103448276	0.0	0.02124018	-0.11901825	1.02160383	5.4020399999999995	-0.9919	-2.3042599999999998	3191318.0	1776544772.396126	0.0	1.0	-1.0	-1.0	-1.0	-1.0	-1.0	-1.0	-1.0	-1.0	0.0	marker	opened-hand	Open	11	0418
-66494.88	-52648.244999999995	-102280.36499999999	-17667.045	0.0	0.0	0.0	0.0	0.0	0.0	0.0	0.0	0.0	0.0	0.0	0.0	0.0	0.0	146.13793103448276	0.0	0.02124018	-0.11901825	1.02160383	5.4020399999999995	-0.9919	-2.3042599999999998	3191319.0	1776544772.396145	0.0	1.0	-1.0	-1.0	-1.0	-1.0	-1.0	-1.0	-1.0	-1.0	0.0	marker	opened-hand	Open	11	0418
-66578.94	-52650.314999999995	-102360.15	-17839.665	0.0	0.0	0.0	0.0	0.0	0.0	0.0	0.0	0.0	0.0	0.0	0.0	0.0	0.0	146.13793103448276	0.0	0.02124018	-0.11901825	1.02160383	5.4020399999999995	-0.9919	-2.3042599999999998	3191320.0	1776544772.400174	0.0	1.0	-1.0	-1.0	-1.0	-1.0	-1.0	-1.0	-1.0	-1.0	0.0	marker	opened-hand	Open	11	0418
-66619.34999999999	-52649.865	-102394.8	-17916.614999999998	0.0	0.0	0.0	0.0	0.0	0.0	0.0	0.0	0.0	0.0	0.0	0.0	0.0	0.0	146.13793103448276	0.0	0.02124018	-0.11901825	1.02160383	5.4020399999999995	-0.9919	-2.3042599999999998	3191321.0	1776544772.400192	0.0	1.0	-1.0	-1.0	-1.0	-1.0	-1.0	-1.0	-1.0	-1.0	0.0	marker	opened-hand	Open	11	0418
-66749.985	-52659.54	-102547.75499999999	-17988.255	0.0	0.0	0.0	0.0	0.0	0.0	0.0	0.0	0.0	0.0	0.0	0.0	0.0	0.0	146.13793103448276	0.0	0.02124018	-0.11901825	1.02160383	5.4020399999999995	-0.9919	-2.3042599999999998	3191322.0	1776544772.404169	0.0	1.0	-1.0	-1.0	-1.0	-1.0	-1.0	-1.0	-1.0	-1.0	0.0	marker	opened-hand	Open	11	0418
-66677.31	-52638.93	-102528.315	-17907.704999999998	0.0	0.0	0.0	0.0	0.0	0.0	0.0	0.0	0.0	0.0	0.0	0.0	0.0	0.0	146.13793103448276	0.0	0.02124018	-0.11901825	1.02160383	5.4020399999999995	-0.9919	-2.3042599999999998	3191323.0	1776544772.404187	0.0	1.0	-1.0	-1.0	-1.0	-1.0	-1.0	-1.0	-1.0	-1.0	0.0	marker	opened-hand	Open	11	0418
-66595.545	-52532.954999999994	-102455.19	-17871.03	0.0	0.0	0.0	0.0	0.0	0.0	0.0	0.0	0.0	0.0	0.0	0.0	0.0	0.0	146.13793103448276	0.0	0.029357835	-0.10839816000000001	1.014462735	4.15072	-0.79352	-0.4578	3191324.0	1776544772.408304	0.0	1.0	-1.0	-1.0	-1.0	-1.0	-1.0	-1.0	-1.0	-1.0	0.0	marker	opened-hand	Open	11	0418
-66465.405	-52495.155	-102433.545	-17848.53	0.0	0.0	0.0	0.0	0.0	0.0	0.0	0.0	0.0	0.0	0.0	0.0	0.0	0.0	146.13793103448276	0.0	0.029357835	-0.10839816000000001	1.014462735	4.15072	-0.79352	-0.4578	3191325.0	1776544772.408323	0.0	1.0	-1.0	-1.0	-1.0	-1.0	-1.0	-1.0	-1.0	-1.0	0.0	marker	opened-hand	Open	11	0418
-66542.805	-52516.125	-102492.045	-17891.37	0.0	0.0	0.0	0.0	0.0	0.0	0.0	0.0	0.0	0.0	0.0	0.0	0.0	0.0	146.13793103448276	0.0	0.029357835	-0.10839816000000001	1.014462735	4.15072	-0.79352	-0.4578	3191326.0	1776544772.412179	0.0	1.0	-1.0	-1.0	-1.0	-1.0	-1.0	-1.0	-1.0	-1.0	0.0	marker	opened-hand	Open	11	0418
-66620.565	-52522.155	-102502.575	-17906.445	0.0	0.0	0.0	0.0	0.0	0.0	0.0	0.0	0.0	0.0	0.0	0.0	0.0	0.0	146.13793103448276	0.0	0.029357835	-0.10839816000000001	1.014462735	4.15072	-0.79352	-0.4578	3191327.0	1776544772.412197	0.0	1.0	-1.0	-1.0	-1.0	-1.0	-1.0	-1.0	-1.0	-1.0	0.0	marker	opened-hand	Open	11	0418
-66644.415	-52525.259999999995	-102466.17	-17909.235	0.0	0.0	0.0	0.0	0.0	0.0	0.0	0.0	0.0	0.0	0.0	0.0	0.0	0.0	146.13793103448276	0.0	0.029357835	-0.10839816000000001	1.014462735	4.15072	-0.79352	-0.4578	3191328.0	1776544772.416403	0.0	1.0	-1.0	-1.0	-1.0	-1.0	-1.0	-1.0	-1.0	-1.0	0.0	marker	opened-hand	Open	11	0418
-66578.67	-52531.155	-102380.31	-17839.395	0.0	0.0	0.0	0.0	0.0	0.0	0.0	0.0	0.0	0.0	0.0	0.0	0.0	0.0	146.13793103448276	0.0	0.029357835	-0.10839816000000001	1.014462735	4.15072	-0.79352	-0.4578	3191329.0	1776544772.41642	0.0	1.0	-1.0	-1.0	-1.0	-1.0	-1.0	-1.0	-1.0	-1.0	0.0	marker	opened-hand	Open	11	0418
-66553.11	-52531.74	-102374.81999999999	-17777.655	0.0	0.0	0.0	0.0	0.0	0.0	0.0	0.0	0.0	0.0	0.0	0.0	0.0	0.0	146.13793103448276	0.0	0.029357835	-0.10839816000000001	1.014462735	4.15072	-0.79352	-0.4578	3191330.0	1776544772.420262	0.0	1.0	-1.0	-1.0	-1.0	-1.0	-1.0	-1.0	-1.0	-1.0	0.0	marker	opened-hand	Open	11	0418
-66555.58499999999	-52526.97	-102389.4	-17740.305	0.0	0.0	0.0	0.0	0.0	0.0	0.0	0.0	0.0	0.0	0.0	0.0	0.0	0.0	146.13793103448276	0.0	0.029357835	-0.10839816000000001	1.014462735	4.15072	-0.79352	-0.4578	3191331.0	1776544772.420283	0.0	1.0	-1.0	-1.0	-1.0	-1.0	-1.0	-1.0	-1.0	-1.0	0.0	marker	opened-hand	Open	11	0418
-66501.045	-52518.78	-102348.495	-17725.41	0.0	0.0	0.0	0.0	0.0	0.0	0.0	0.0	0.0	0.0	0.0	0.0	0.0	0.0	146.13793103448276	0.0	0.029357835	-0.10839816000000001	1.014462735	4.15072	-0.79352	-0.4578	3191332.0	1776544772.428962	0.0	1.0	-1.0	-1.0	-1.0	-1.0	-1.0	-1.0	-1.0	-1.0	0.0	marker	opened-hand	Open	11	0418
-66364.92	-52498.575	-102271.815	-17707.815	0.0	0.0	0.0	0.0	0.0	0.0	0.0	0.0	0.0	0.0	0.0	0.0	0.0	0.0	146.13793103448276	0.0	0.029357835	-0.10839816000000001	1.014462735	4.15072	-0.79352	-0.4578	3191333.0	1776544772.428982	0.0	1.0	-1.0	-1.0	-1.0	-1.0	-1.0	-1.0	-1.0	-1.0	0.0	marker	opened-hand	Open	11	0418
-66522.375	-52501.32	-102355.73999999999	-17776.53	0.0	0.0	0.0	0.0	0.0	0.0	0.0	0.0	0.0	0.0	0.0	0.0	0.0	0.0	146.13793103448276	0.0	0.036559965	-0.106872285	1.00622301	3.79974	0.07629999999999999	-1.9838	3191334.0	1776544772.431743	0.0	1.0	-1.0	-1.0	-1.0	-1.0	-1.0	-1.0	-1.0	-1.0	0.0	marker	opened-hand	Open	11	0418
-66484.89	-52508.25	-102277.215	-17679.059999999998	0.0	0.0	0.0	0.0	0.0	0.0	0.0	0.0	0.0	0.0	0.0	0.0	0.0	0.0	146.13793103448276	0.0	0.036559965	-0.106872285	1.00622301	3.79974	0.07629999999999999	-1.9838	3191335.0	1776544772.43176	0.0	1.0	-1.0	-1.0	-1.0	-1.0	-1.0	-1.0	-1.0	-1.0	0.0	marker	opened-hand	Open	11	0418
-66662.055	-52542.494999999995	-102520.44	-17910.09	0.0	0.0	0.0	0.0	0.0	0.0	0.0	0.0	0.0	0.0	0.0	0.0	0.0	0.0	146.13793103448276	0.0	0.036559965	-0.106872285	1.00622301	3.79974	0.07629999999999999	-1.9838	3191336.0	1776544772.441326	0.0	1.0	-1.0	-1.0	-1.0	-1.0	-1.0	-1.0	-1.0	-1.0	0.0	marker	opened-hand	Open	11	0418
-66870.9	-52567.784999999996	-102763.34999999999	-18178.829999999998	0.0	0.0	0.0	0.0	0.0	0.0	0.0	0.0	0.0	0.0	0.0	0.0	0.0	0.0	146.13793103448276	0.0	0.036559965	-0.106872285	1.00622301	3.79974	0.07629999999999999	-1.9838	3191337.0	1776544772.441345	0.0	1.0	-1.0	-1.0	-1.0	-1.0	-1.0	-1.0	-1.0	-1.0	0.0	marker	opened-hand	Open	11	0418
-66815.28	-52554.42	-102647.87999999999	-18021.239999999998	0.0	0.0	0.0	0.0	0.0	0.0	0.0	0.0	0.0	0.0	0.0	0.0	0.0	0.0	146.13793103448276	0.0	0.036559965	-0.106872285	1.00622301	3.79974	0.07629999999999999	-1.9838	3191338.0	1776544772.44137	0.0	1.0	-1.0	-1.0	-1.0	-1.0	-1.0	-1.0	-1.0	-1.0	0.0	marker	opened-hand	Open	11	0418
-66673.26	-52543.17	-102485.87999999999	-17828.28	0.0	0.0	0.0	0.0	0.0	0.0	0.0	0.0	0.0	0.0	0.0	0.0	0.0	0.0	146.13793103448276	0.0	0.036559965	-0.106872285	1.00622301	3.79974	0.07629999999999999	-1.9838	3191339.0	1776544772.441393	0.0	1.0	-1.0	-1.0	-1.0	-1.0	-1.0	-1.0	-1.0	-1.0	0.0	marker	opened-hand	Open	11	0418
-66600.09	-52545.15	-102443.22	-17841.645	0.0	0.0	0.0	0.0	0.0	0.0	0.0	0.0	0.0	0.0	0.0	0.0	0.0	0.0	146.13793103448276	0.0	0.036559965	-0.106872285	1.00622301	3.79974	0.07629999999999999	-1.9838	3191340.0	1776544772.441416	0.0	1.0	-1.0	-1.0	-1.0	-1.0	-1.0	-1.0	-1.0	-1.0	0.0	marker	opened-hand	Open	11	0418
-66529.125	-52543.89	-102456.045	-17880.93	0.0	0.0	0.0	0.0	0.0	0.0	0.0	0.0	0.0	0.0	0.0	0.0	0.0	0.0	146.13793103448276	0.0	0.036559965	-0.106872285	1.00622301	3.79974	0.07629999999999999	-1.9838	3191341.0	1776544772.441432	0.0	1.0	-1.0	-1.0	-1.0	-1.0	-1.0	-1.0	-1.0	-1.0	0.0	marker	opened-hand	Open	11	0418
-66355.425	-52541.865	-102343.40999999999	-17812.98	0.0	0.0	0.0	0.0	0.0	0.0	0.0	0.0	0.0	0.0	0.0	0.0	0.0	0.0	146.13793103448276	0.0	0.036559965	-0.106872285	1.00622301	3.79974	0.07629999999999999	-1.9838	3191342.0	1776544772.444252	0.0	1.0	-1.0	-1.0	-1.0	-1.0	-1.0	-1.0	-1.0	-1.0	0.0	marker	opened-hand	Open	11	0418
-66525.12	-52575.21	-102420.54	-17869.274999999998	0.0	0.0	0.0	0.0	0.0	0.0	0.0	0.0	0.0	0.0	0.0	0.0	0.0	0.0	146.13793103448276	0.0	0.036559965	-0.106872285	1.00622301	3.79974	0.07629999999999999	-1.9838	3191343.0	1776544772.444269	0.0	1.0	-1.0	-1.0	-1.0	-1.0	-1.0	-1.0	-1.0	-1.0	0.0	marker	opened-hand	Open	11	0418
-66560.58	-52585.424999999996	-102376.34999999999	-17796.6	0.0	0.0	0.0	0.0	0.0	0.0	0.0	0.0	0.0	0.0	0.0	0.0	0.0	0.0	146.13793103448276	0.0	0.03869619	-0.10510227	1.00524645	2.31952	0.4578	-1.4191799999999999	3191344.0	1776544772.448255	0.0	1.0	-1.0	-1.0	-1.0	-1.0	-1.0	-1.0	-1.0	-1.0	0.0	marker	opened-hand	Open	11	0418
-66499.065	-52591.229999999996	-102331.03499999999	-17768.745	0.0	0.0	0.0	0.0	0.0	0.0	0.0	0.0	0.0	0.0	0.0	0.0	0.0	0.0	146.13793103448276	0.0	0.03869619	-0.10510227	1.00524645	2.31952	0.4578	-1.4191799999999999	3191345.0	1776544772.448272	0.0	1.0	-1.0	-1.0	-1.0	-1.0	-1.0	-1.0	-1.0	-1.0	0.0	marker	opened-hand	Open	11	0418
-66618.0	-52609.905	-102456.9	-17868.915	0.0	0.0	0.0	0.0	0.0	0.0	0.0	0.0	0.0	0.0	0.0	0.0	0.0	0.0	146.13793103448276	0.0	0.03869619	-0.10510227	1.00524645	2.31952	0.4578	-1.4191799999999999	3191346.0	1776544772.452363	0.0	1.0	-1.0	-1.0	-1.0	-1.0	-1.0	-1.0	-1.0	-1.0	0.0	marker	opened-hand	Open	11	0418
-66579.03	-52615.979999999996	-102507.93	-17917.605	0.0	0.0	0.0	0.0	0.0	0.0	0.0	0.0	0.0	0.0	0.0	0.0	0.0	0.0	146.13793103448276	0.0	0.03869619	-0.10510227	1.00524645	2.31952	0.4578	-1.4191799999999999	3191347.0	1776544772.452381	0.0	1.0	-1.0	-1.0	-1.0	-1.0	-1.0	-1.0	-1.0	-1.0	0.0	marker	opened-hand	Open	11	0418
-66733.38	-52620.21	-102591.58499999999	-18016.469999999998	0.0	0.0	0.0	0.0	0.0	0.0	0.0	0.0	0.0	0.0	0.0	0.0	0.0	0.0	146.13793103448276	0.0	0.03869619	-0.10510227	1.00524645	2.31952	0.4578	-1.4191799999999999	3191348.0	1776544772.459733	0.0	1.0	-1.0	-1.0	-1.0	-1.0	-1.0	-1.0	-1.0	-1.0	0.0	marker	opened-hand	Open	11	0418
-66536.685	-52604.505	-102388.68	-17831.52	0.0	0.0	0.0	0.0	0.0	0.0	0.0	0.0	0.0	0.0	0.0	0.0	0.0	0.0	146.13793103448276	0.0	0.03869619	-0.10510227	1.00524645	2.31952	0.4578	-1.4191799999999999	3191349.0	1776544772.459753	0.0	1.0	-1.0	-1.0	-1.0	-1.0	-1.0	-1.0	-1.0	-1.0	0.0	marker	opened-hand	Open	11	0418
-66472.11	-52600.185	-102324.78	-17706.42	0.0	0.0	0.0	0.0	0.0	0.0	0.0	0.0	0.0	0.0	0.0	0.0	0.0	0.0	146.13793103448276	0.0	0.03869619	-0.10510227	1.00524645	2.31952	0.4578	-1.4191799999999999	3191350.0	1776544772.460479	0.0	1.0	-1.0	-1.0	-1.0	-1.0	-1.0	-1.0	-1.0	-1.0	0.0	marker	opened-hand	Open	11	0418
-66444.165	-52591.5	-102292.965	-17659.53	0.0	0.0	0.0	0.0	0.0	0.0	0.0	0.0	0.0	0.0	0.0	0.0	0.0	0.0	146.13793103448276	0.0	0.03869619	-0.10510227	1.00524645	2.31952	0.4578	-1.4191799999999999	3191351.0	1776544772.460497	0.0	1.0	-1.0	-1.0	-1.0	-1.0	-1.0	-1.0	-1.0	-1.0	0.0	marker	opened-hand	Open	11	0418
-66438.405	-52587.18	-102271.68	-17694.18	0.0	0.0	0.0	0.0	0.0	0.0	0.0	0.0	0.0	0.0	0.0	0.0	0.0	0.0	146.13793103448276	0.0	0.03869619	-0.10510227	1.00524645	2.31952	0.4578	-1.4191799999999999	3191352.0	1776544772.464445	0.0	1.0	-1.0	-1.0	-1.0	-1.0	-1.0	-1.0	-1.0	-1.0	0.0	marker	opened-hand	Open	11	0418
-66526.425	-52605.494999999995	-102361.14	-17779.14	0.0	0.0	0.0	0.0	0.0	0.0	0.0	0.0	0.0	0.0	0.0	0.0	0.0	0.0	146.13793103448276	0.0	0.03869619	-0.10510227	1.00524645	2.31952	0.4578	-1.4191799999999999	3191353.0	1776544772.464466	0.0	1.0	-1.0	-1.0	-1.0	-1.0	-1.0	-1.0	-1.0	-1.0	0.0	marker	opened-hand	Open	11	0418
-66643.965	-52613.954999999994	-102457.08	-17812.17	0.0	0.0	0.0	0.0	0.0	0.0	0.0	0.0	0.0	0.0	0.0	0.0	0.0	0.0	146.13793103448276	0.0	0.032287515	-0.10632297	1.01025132	3.17408	0.18312	-0.3815	3191354.0	1776544772.46846	0.0	1.0	-1.0	-1.0	-1.0	-1.0	-1.0	-1.0	-1.0	-1.0	0.0	marker	opened-hand	Open	11	0418
-66589.29	-52613.954999999994	-102406.995	-17751.105	0.0	0.0	0.0	0.0	0.0	0.0	0.0	0.0	0.0	0.0	0.0	0.0	0.0	0.0	146.13793103448276	0.0	0.032287515	-0.10632297	1.01025132	3.17408	0.18312	-0.3815	3191355.0	1776544772.468479	0.0	1.0	-1.0	-1.0	-1.0	-1.0	-1.0	-1.0	-1.0	-1.0	0.0	marker	opened-hand	Open	11	0418
-66476.43	-52621.02	-102347.19	-17700.165	0.0	0.0	0.0	0.0	0.0	0.0	0.0	0.0	0.0	0.0	0.0	0.0	0.0	0.0	146.13793103448276	0.0	0.032287515	-0.10632297	1.01025132	3.17408	0.18312	-0.3815	3191356.0	1776544772.472301	0.0	1.0	-1.0	-1.0	-1.0	-1.0	-1.0	-1.0	-1.0	-1.0	0.0	marker	opened-hand	Open	11	0418
-66659.13	-52632.72	-102502.17	-17881.739999999998	0.0	0.0	0.0	0.0	0.0	0.0	0.0	0.0	0.0	0.0	0.0	0.0	0.0	0.0	146.13793103448276	0.0	0.032287515	-0.10632297	1.01025132	3.17408	0.18312	-0.3815	3191357.0	1776544772.472319	0.0	1.0	-1.0	-1.0	-1.0	-1.0	-1.0	-1.0	-1.0	-1.0	0.0	marker	opened-hand	Open	11	0418
-66716.01	-52626.104999999996	-102461.22	-17892.809999999998	0.0	0.0	0.0	0.0	0.0	0.0	0.0	0.0	0.0	0.0	0.0	0.0	0.0	0.0	146.13793103448276	0.0	0.032287515	-0.10632297	1.01025132	3.17408	0.18312	-0.3815	3191358.0	1776544772.476371	0.0	1.0	-1.0	-1.0	-1.0	-1.0	-1.0	-1.0	-1.0	-1.0	0.0	marker	opened-hand	Open	11	0418
-66707.64	-52626.645	-102475.17	-17913.195	0.0	0.0	0.0	0.0	0.0	0.0	0.0	0.0	0.0	0.0	0.0	0.0	0.0	0.0	146.13793103448276	0.0	0.032287515	-0.10632297	1.01025132	3.17408	0.18312	-0.3815	3191359.0	1776544772.476388	0.0	1.0	-1.0	-1.0	-1.0	-1.0	-1.0	-1.0	-1.0	-1.0	0.0	marker	opened-hand	Open	11	0418
-66564.045	-52624.575	-102421.89	-17897.13	0.0	0.0	0.0	0.0	0.0	0.0	0.0	0.0	0.0	0.0	0.0	0.0	0.0	0.0	146.13793103448276	0.0	0.032287515	-0.10632297	1.01025132	3.17408	0.18312	-0.3815	3191360.0	1776544772.480393	0.0	1.0	-1.0	-1.0	-1.0	-1.0	-1.0	-1.0	-1.0	-1.0	0.0	marker	opened-hand	Open	11	0418
-66501.81	-52669.305	-102334.455	-17713.035	0.0	0.0	0.0	0.0	0.0	0.0	0.0	0.0	0.0	0.0	0.0	0.0	0.0	0.0	146.13793103448276	0.0	0.032287515	-0.10632297	1.01025132	3.17408	0.18312	-0.3815	3191361.0	1776544772.480411	0.0	1.0	-1.0	-1.0	-1.0	-1.0	-1.0	-1.0	-1.0	-1.0	0.0	marker	opened-hand	Open	11	0418
-66560.94	-52701.479999999996	-102472.875	-17826.84	0.0	0.0	0.0	0.0	0.0	0.0	0.0	0.0	0.0	0.0	0.0	0.0	0.0	0.0	146.13793103448276	0.0	0.032287515	-0.10632297	1.01025132	3.17408	0.18312	-0.3815	3191362.0	1776544772.484479	0.0	1.0	-1.0	-1.0	-1.0	-1.0	-1.0	-1.0	-1.0	-1.0	0.0	marker	opened-hand	Open	11	0418
-66517.65	-52703.64	-102542.265	-17947.575	0.0	0.0	0.0	0.0	0.0	0.0	0.0	0.0	0.0	0.0	0.0	0.0	0.0	0.0	146.13793103448276	0.0	0.032287515	-0.10632297	1.01025132	3.17408	0.18312	-0.3815	3191363.0	1776544772.484499	0.0	1.0	-1.0	-1.0	-1.0	-1.0	-1.0	-1.0	-1.0	-1.0	0.0	marker	opened-hand	Open	11	0418
-66520.665	-52697.025	-102453.03	-17906.219999999998	0.0	0.0	0.0	0.0	0.0	0.0	0.0	0.0	0.0	0.0	0.0	0.0	0.0	0.0	146.13793103448276	0.0	0.0292968	-0.10229466	1.018246905	3.3266799999999996	-0.65618	-0.10682	3191364.0	1776544772.488502	0.0	1.0	-1.0	-1.0	-1.0	-1.0	-1.0	-1.0	-1.0	-1.0	0.0	marker	opened-hand	Open	11	0418
-66647.52	-52693.47	-102471.65999999999	-17870.715	0.0	0.0	0.0	0.0	0.0	0.0	0.0	0.0	0.0	0.0	0.0	0.0	0.0	0.0	146.13793103448276	0.0	0.0292968	-0.10229466	1.018246905	3.3266799999999996	-0.65618	-0.10682	3191365.0	1776544772.48852	0.0	1.0	-1.0	-1.0	-1.0	-1.0	-1.0	-1.0	-1.0	-1.0	0.0	marker	opened-hand	Open	11	0418
-66569.04	-52684.74	-102457.62	-17875.26	0.0	0.0	0.0	0.0	0.0	0.0	0.0	0.0	0.0	0.0	0.0	0.0	0.0	0.0	146.13793103448276	0.0	0.0292968	-0.10229466	1.018246905	3.3266799999999996	-0.65618	-0.10682	3191366.0	1776544772.492511	0.0	1.0	-1.0	-1.0	-1.0	-1.0	-1.0	-1.0	-1.0	-1.0	0.0	marker	opened-hand	Open	11	0418
-66586.815	-52686.72	-102489.165	-17913.78	0.0	0.0	0.0	0.0	0.0	0.0	0.0	0.0	0.0	0.0	0.0	0.0	0.0	0.0	146.13793103448276	0.0	0.0292968	-0.10229466	1.018246905	3.3266799999999996	-0.65618	-0.10682	3191367.0	1776544772.492531	0.0	1.0	-1.0	-1.0	-1.0	-1.0	-1.0	-1.0	-1.0	-1.0	0.0	marker	opened-hand	Open	11	0418
-66571.245	-52685.729999999996	-102446.055	-17852.399999999998	0.0	0.0	0.0	0.0	0.0	0.0	0.0	0.0	0.0	0.0	0.0	0.0	0.0	0.0	146.13793103448276	0.0	0.0292968	-0.10229466	1.018246905	3.3266799999999996	-0.65618	-0.10682	3191368.0	1776544772.496413	0.0	1.0	-1.0	-1.0	-1.0	-1.0	-1.0	-1.0	-1.0	-1.0	0.0	marker	opened-hand	Open	11	0418
-66568.185	-52693.47	-102438.72	-17830.62	0.0	0.0	0.0	0.0	0.0	0.0	0.0	0.0	0.0	0.0	0.0	0.0	0.0	0.0	146.13793103448276	0.0	0.0292968	-0.10229466	1.018246905	3.3266799999999996	-0.65618	-0.10682	3191369.0	1776544772.496432	0.0	1.0	-1.0	-1.0	-1.0	-1.0	-1.0	-1.0	-1.0	-1.0	0.0	marker	opened-hand	Open	11	0418
-66482.325	-52708.185	-102351.78	-17741.655	0.0	0.0	0.0	0.0	0.0	0.0	0.0	0.0	0.0	0.0	0.0	0.0	0.0	0.0	146.13793103448276	0.0	0.0292968	-0.10229466	1.018246905	3.3266799999999996	-0.65618	-0.10682	3191370.0	1776544772.500536	0.0	1.0	-1.0	-1.0	-1.0	-1.0	-1.0	-1.0	-1.0	-1.0	0.0	marker	opened-hand	Open	11	0418
-66549.95999999999	-52717.59	-102378.78	-17722.44	0.0	0.0	0.0	0.0	0.0	0.0	0.0	0.0	0.0	0.0	0.0	0.0	0.0	0.0	146.13793103448276	0.0	0.0292968	-0.10229466	1.018246905	3.3266799999999996	-0.65618	-0.10682	3191371.0	1776544772.500554	0.0	1.0	-1.0	-1.0	-1.0	-1.0	-1.0	-1.0	-1.0	-1.0	0.0	marker	opened-hand	Open	11	0418
-66587.4	-52708.59	-102411.72	-17737.739999999998	0.0	0.0	0.0	0.0	0.0	0.0	0.0	0.0	0.0	0.0	0.0	0.0	0.0	0.0	146.13793103448276	0.0	0.0292968	-0.10229466	1.018246905	3.3266799999999996	-0.65618	-0.10682	3191372.0	1776544772.504531	0.0	1.0	-1.0	-1.0	-1.0	-1.0	-1.0	-1.0	-1.0	-1.0	0.0	marker	opened-hand	Open	11	0418
-66609.54	-52703.595	-102495.015	-17916.614999999998	0.0	0.0	0.0	0.0	0.0	0.0	0.0	0.0	0.0	0.0	0.0	0.0	0.0	0.0	146.13793103448276	0.0	0.0292968	-0.10229466	1.018246905	3.3266799999999996	-0.65618	-0.10682	3191373.0	1776544772.50455	0.0	1.0	-1.0	-1.0	-1.0	-1.0	-1.0	-1.0	-1.0	-1.0	0.0	marker	opened-hand	Open	11	0418
-66571.47	-52707.195	-102484.98	-17926.155	0.0	0.0	0.0	0.0	0.0	0.0	0.0	0.0	0.0	0.0	0.0	0.0	0.0	0.0	146.13793103448276	0.0	0.03063957	-0.09558081	1.01757552	2.63998	-0.88508	0.6867	3191374.0	1776544772.511278	0.0	1.0	-1.0	-1.0	-1.0	-1.0	-1.0	-1.0	-1.0	-1.0	0.0	marker	opened-hand	Open	11	0418
-66674.655	-52718.04	-102476.79	-17892.719999999998	0.0	0.0	0.0	0.0	0.0	0.0	0.0	0.0	0.0	0.0	0.0	0.0	0.0	0.0	146.13793103448276	0.0	0.03063957	-0.09558081	1.01757552	2.63998	-0.88508	0.6867	3191375.0	1776544772.511297	0.0	1.0	-1.0	-1.0	-1.0	-1.0	-1.0	-1.0	-1.0	-1.0	0.0	marker	opened-hand	Open	11	0418
-66666.19499999999	-52725.42	-102477.19499999999	-17896.094999999998	0.0	0.0	0.0	0.0	0.0	0.0	0.0	0.0	0.0	0.0	0.0	0.0	0.0	0.0	146.13793103448276	0.0	0.03063957	-0.09558081	1.01757552	2.63998	-0.88508	0.6867	3191376.0	1776544772.512607	0.0	1.0	-1.0	-1.0	-1.0	-1.0	-1.0	-1.0	-1.0	-1.0	0.0	marker	opened-hand	Open	11	0418
-66551.805	-52733.744999999995	-102477.915	-17923.364999999998	0.0	0.0	0.0	0.0	0.0	0.0	0.0	0.0	0.0	0.0	0.0	0.0	0.0	0.0	146.13793103448276	0.0	0.03063957	-0.09558081	1.01757552	2.63998	-0.88508	0.6867	3191377.0	1776544772.512634	0.0	1.0	-1.0	-1.0	-1.0	-1.0	-1.0	-1.0	-1.0	-1.0	0.0	marker	opened-hand	Open	11	0418
-66464.325	-52739.549999999996	-102365.86499999999	-17809.829999999998	0.0	0.0	0.0	0.0	0.0	0.0	0.0	0.0	0.0	0.0	0.0	0.0	0.0	0.0	146.13793103448276	0.0	0.03063957	-0.09558081	1.01757552	2.63998	-0.88508	0.6867	3191378.0	1776544772.516572	0.0	1.0	-1.0	-1.0	-1.0	-1.0	-1.0	-1.0	-1.0	-1.0	0.0	marker	opened-hand	Open	11	0418
-66338.595	-52734.78	-102219.20999999999	-17651.52	0.0	0.0	0.0	0.0	0.0	0.0	0.0	0.0	0.0	0.0	0.0	0.0	0.0	0.0	146.13793103448276	0.0	0.03063957	-0.09558081	1.01757552	2.63998	-0.88508	0.6867	3191379.0	1776544772.51659	0.0	1.0	-1.0	-1.0	-1.0	-1.0	-1.0	-1.0	-1.0	-1.0	0.0	marker	opened-hand	Open	11	0418
-66482.955	-52744.409999999996	-102369.375	-17787.42	0.0	0.0	0.0	0.0	0.0	0.0	0.0	0.0	0.0	0.0	0.0	0.0	0.0	0.0	146.13793103448276	0.0	0.03063957	-0.09558081	1.01757552	2.63998	-0.88508	0.6867	3191380.0	1776544772.523486	0.0	1.0	-1.0	-1.0	-1.0	-1.0	-1.0	-1.0	-1.0	-1.0	0.0	marker	opened-hand	Open	11	0418
-66612.78	-52748.009999999995	-102478.635	-17875.62	0.0	0.0	0.0	0.0	0.0	0.0	0.0	0.0	0.0	0.0	0.0	0.0	0.0	0.0	146.13793103448276	0.0	0.03063957	-0.09558081	1.01757552	2.63998	-0.88508	0.6867	3191381.0	1776544772.523503	0.0	1.0	-1.0	-1.0	-1.0	-1.0	-1.0	-1.0	-1.0	-1.0	0.0	marker	opened-hand	Open	11	0418
-66552.075	-52735.5	-102441.87	-17838.945	0.0	0.0	0.0	0.0	0.0	0.0	0.0	0.0	0.0	0.0	0.0	0.0	0.0	0.0	146.13793103448276	0.0	0.03063957	-0.09558081	1.01757552	2.63998	-0.88508	0.6867	3191382.0	1776544772.524602	0.0	1.0	-1.0	-1.0	-1.0	-1.0	-1.0	-1.0	-1.0	-1.0	0.0	marker	opened-hand	Open	11	0418
-66592.485	-52726.32	-102450.375	-17834.265	0.0	0.0	0.0	0.0	0.0	0.0	0.0	0.0	0.0	0.0	0.0	0.0	0.0	0.0	146.13793103448276	0.0	0.03063957	-0.09558081	1.01757552	2.63998	-0.88508	0.6867	3191383.0	1776544772.52462	0.0	1.0	-1.0	-1.0	-1.0	-1.0	-1.0	-1.0	-1.0	-1.0	0.0	marker	opened-hand	Open	11	0418
-66613.005	-52723.305	-102421.17	-17809.605	0.0	0.0	0.0	0.0	0.0	0.0	0.0	0.0	0.0	0.0	0.0	0.0	0.0	0.0	146.13793103448276	0.0	0.037414455	-0.09924291	1.01049546	2.39582	-0.2289	0.6714399999999999	3191384.0	1776544772.531382	0.0	1.0	-1.0	-1.0	-1.0	-1.0	-1.0	-1.0	-1.0	-1.0	0.0	marker	opened-hand	Open	11	0418
-66407.265	-52714.935	-102238.11	-17637.48	0.0	0.0	0.0	0.0	0.0	0.0	0.0	0.0	0.0	0.0	0.0	0.0	0.0	0.0	146.13793103448276	0.0	0.037414455	-0.09924291	1.01049546	2.39582	-0.2289	0.6714399999999999	3191385.0	1776544772.5314	0.0	1.0	-1.0	-1.0	-1.0	-1.0	-1.0	-1.0	-1.0	-1.0	0.0	marker	opened-hand	Open	11	0418
-66467.205	-52723.845	-102278.15999999999	-17667.72	0.0	0.0	0.0	0.0	0.0	0.0	0.0	0.0	0.0	0.0	0.0	0.0	0.0	0.0	146.13793103448276	0.0	0.037414455	-0.09924291	1.01049546	2.39582	-0.2289	0.6714399999999999	3191386.0	1776544772.534389	0.0	1.0	-1.0	-1.0	-1.0	-1.0	-1.0	-1.0	-1.0	-1.0	0.0	marker	opened-hand	Open	11	0418
-66545.73	-52734.329999999994	-102405.915	-17756.64	0.0	0.0	0.0	0.0	0.0	0.0	0.0	0.0	0.0	0.0	0.0	0.0	0.0	0.0	146.13793103448276	0.0	0.037414455	-0.09924291	1.01049546	2.39582	-0.2289	0.6714399999999999	3191387.0	1776544772.534407	0.0	1.0	-1.0	-1.0	-1.0	-1.0	-1.0	-1.0	-1.0	-1.0	0.0	marker	opened-hand	Open	11	0418
-66519.09	-52743.645	-102425.48999999999	-17813.16	0.0	0.0	0.0	0.0	0.0	0.0	0.0	0.0	0.0	0.0	0.0	0.0	0.0	0.0	146.13793103448276	0.0	0.037414455	-0.09924291	1.01049546	2.39582	-0.2289	0.6714399999999999	3191388.0	1776544772.537577	0.0	1.0	-1.0	-1.0	-1.0	-1.0	-1.0	-1.0	-1.0	-1.0	0.0	marker	opened-hand	Open	11	0418
-66586.185	-52774.244999999995	-102471.885	-17885.204999999998	0.0	0.0	0.0	0.0	0.0	0.0	0.0	0.0	0.0	0.0	0.0	0.0	0.0	0.0	146.13793103448276	0.0	0.037414455	-0.09924291	1.01049546	2.39582	-0.2289	0.6714399999999999	3191389.0	1776544772.537597	0.0	1.0	-1.0	-1.0	-1.0	-1.0	-1.0	-1.0	-1.0	-1.0	0.0	marker	opened-hand	Open	11	0418
-66637.935	-52783.92	-102536.09999999999	-17976.239999999998	0.0	0.0	0.0	0.0	0.0	0.0	0.0	0.0	0.0	0.0	0.0	0.0	0.0	0.0	146.13793103448276	0.0	0.037414455	-0.09924291	1.01049546	2.39582	-0.2289	0.6714399999999999	3191390.0	1776544772.540639	0.0	1.0	-1.0	-1.0	-1.0	-1.0	-1.0	-1.0	-1.0	-1.0	0.0	marker	opened-hand	Open	11	0418
-66623.625	-52780.77	-102505.185	-17936.55	0.0	0.0	0.0	0.0	0.0	0.0	0.0	0.0	0.0	0.0	0.0	0.0	0.0	0.0	146.13793103448276	0.0	0.037414455	-0.09924291	1.01049546	2.39582	-0.2289	0.6714399999999999	3191391.0	1776544772.540656	0.0	1.0	-1.0	-1.0	-1.0	-1.0	-1.0	-1.0	-1.0	-1.0	0.0	marker	opened-hand	Open	11	0418
-66696.705	-52784.415	-102576.735	-17981.1	0.0	0.0	0.0	0.0	0.0	0.0	0.0	0.0	0.0	0.0	0.0	0.0	0.0	0.0	146.13793103448276	0.0	0.037414455	-0.09924291	1.01049546	2.39582	-0.2289	0.6714399999999999	3191392.0	1776544772.544694	0.0	1.0	-1.0	-1.0	-1.0	-1.0	-1.0	-1.0	-1.0	-1.0	0.0	marker	opened-hand	Open	11	0418
-66651.93	-52789.545	-102532.455	-17909.37	0.0	0.0	0.0	0.0	0.0	0.0	0.0	0.0	0.0	0.0	0.0	0.0	0.0	0.0	146.13793103448276	0.0	0.037414455	-0.09924291	1.01049546	2.39582	-0.2289	0.6714399999999999	3191393.0	1776544772.544715	0.0	1.0	-1.0	-1.0	-1.0	-1.0	-1.0	-1.0	-1.0	-1.0	0.0	marker	opened-hand	Open	11	0418
-66599.055	-52797.104999999996	-102463.47	-17861.309999999998	0.0	0.0	0.0	0.0	0.0	0.0	0.0	0.0	0.0	0.0	0.0	0.0	0.0	0.0	146.13793103448276	0.0	0.03942861	-0.11498994	1.006894395	2.8230999999999997	0.47306	-0.6409199999999999	3191394.0	1776544772.548695	0.0	1.0	-1.0	-1.0	-1.0	-1.0	-1.0	-1.0	-1.0	-1.0	0.0	marker	opened-hand	Open	11	0418
-66579.75	-52803.045	-102416.89499999999	-17863.605	0.0	0.0	0.0	0.0	0.0	0.0	0.0	0.0	0.0	0.0	0.0	0.0	0.0	0.0	146.13793103448276	0.0	0.03942861	-0.11498994	1.006894395	2.8230999999999997	0.47306	-0.6409199999999999	3191395.0	1776544772.548713	0.0	1.0	-1.0	-1.0	-1.0	-1.0	-1.0	-1.0	-1.0	-1.0	0.0	marker	opened-hand	Open	11	0418
-66570.97499999999	-52812.045	-102384.54	-17809.02	0.0	0.0	0.0	0.0	0.0	0.0	0.0	0.0	0.0	0.0	0.0	0.0	0.0	0.0	146.13793103448276	0.0	0.03942861	-0.11498994	1.006894395	2.8230999999999997	0.47306	-0.6409199999999999	3191396.0	1776544772.552707	0.0	1.0	-1.0	-1.0	-1.0	-1.0	-1.0	-1.0	-1.0	-1.0	0.0	marker	opened-hand	Open	11	0418
-66573.54	-52813.17	-102372.345	-17760.735	0.0	0.0	0.0	0.0	0.0	0.0	0.0	0.0	0.0	0.0	0.0	0.0	0.0	0.0	146.13793103448276	0.0	0.03942861	-0.11498994	1.006894395	2.8230999999999997	0.47306	-0.6409199999999999	3191397.0	1776544772.552754	0.0	1.0	-1.0	-1.0	-1.0	-1.0	-1.0	-1.0	-1.0	-1.0	0.0	marker	opened-hand	Open	11	0418
-66669.3	-52816.994999999995	-102519.36	-17864.46	0.0	0.0	0.0	0.0	0.0	0.0	0.0	0.0	0.0	0.0	0.0	0.0	0.0	0.0	146.13793103448276	0.0	0.03942861	-0.11498994	1.006894395	2.8230999999999997	0.47306	-0.6409199999999999	3191398.0	1776544772.557894	0.0	1.0	-1.0	-1.0	-1.0	-1.0	-1.0	-1.0	-1.0	-1.0	0.0	marker	opened-hand	Open	11	0418
-66561.345	-52802.64	-102472.37999999999	-17921.565	0.0	0.0	0.0	0.0	0.0	0.0	0.0	0.0	0.0	0.0	0.0	0.0	0.0	0.0	146.13793103448276	0.0	0.03942861	-0.11498994	1.006894395	2.8230999999999997	0.47306	-0.6409199999999999	3191399.0	1776544772.557911	0.0	1.0	-1.0	-1.0	-1.0	-1.0	-1.0	-1.0	-1.0	-1.0	0.0	marker	opened-hand	Open	11	0418
-66456.54	-52785.54	-102380.22	-17853.84	0.0	0.0	0.0	0.0	0.0	0.0	0.0	0.0	0.0	0.0	0.0	0.0	0.0	0.0	146.13793103448276	0.0	0.03942861	-0.11498994	1.006894395	2.8230999999999997	0.47306	-0.6409199999999999	3191400.0	1776544772.560722	0.0	1.0	-1.0	-1.0	-1.0	-1.0	-1.0	-1.0	-1.0	-1.0	0.0	marker	opened-hand	Open	11	0418
-66460.455	-52792.695	-102330.26999999999	-17724.105	0.0	0.0	0.0	0.0	0.0	0.0	0.0	0.0	0.0	0.0	0.0	0.0	0.0	0.0	146.13793103448276	0.0	0.03942861	-0.11498994	1.006894395	2.8230999999999997	0.47306	-0.6409199999999999	3191401.0	1776544772.56074	0.0	1.0	-1.0	-1.0	-1.0	-1.0	-1.0	-1.0	-1.0	-1.0	0.0	marker	opened-hand	Open	11	0418
-66501.09	-52798.185	-102303.62999999999	-17720.594999999998	0.0	0.0	0.0	0.0	0.0	0.0	0.0	0.0	0.0	0.0	0.0	0.0	0.0	0.0	146.13793103448276	0.0	0.03942861	-0.11498994	1.006894395	2.8230999999999997	0.47306	-0.6409199999999999	3191402.0	1776544772.564759	0.0	1.0	-1.0	-1.0	-1.0	-1.0	-1.0	-1.0	-1.0	-1.0	0.0	marker	opened-hand	Open	11	0418
-66559.905	-52806.015	-102352.68	-17784.719999999998	0.0	0.0	0.0	0.0	0.0	0.0	0.0	0.0	0.0	0.0	0.0	0.0	0.0	0.0	146.13793103448276	0.0	0.03942861	-0.11498994	1.006894395	2.8230999999999997	0.47306	-0.6409199999999999	3191403.0	1776544772.564777	0.0	1.0	-1.0	-1.0	-1.0	-1.0	-1.0	-1.0	-1.0	-1.0	0.0	marker	opened-hand	Open	11	0418
-66481.29	-52813.619999999995	-102392.81999999999	-17767.26	0.0	0.0	0.0	0.0	0.0	0.0	0.0	0.0	0.0	0.0	0.0	0.0	0.0	0.0	146.13793103448276	0.0	0.02868645	-0.12176482500000001	1.01037339	5.27996	0.25942	-1.43444	3191404.0	1776544772.568661	0.0	1.0	-1.0	-1.0	-1.0	-1.0	-1.0	-1.0	-1.0	-1.0	0.0	marker	opened-hand	Open	11	0418
-66588.93	-52819.829999999994	-102548.79	-17921.925	0.0	0.0	0.0	0.0	0.0	0.0	0.0	0.0	0.0	0.0	0.0	0.0	0.0	0.0	146.13793103448276	0.0	0.02868645	-0.12176482500000001	1.01037339	5.27996	0.25942	-1.43444	3191405.0	1776544772.568684	0.0	1.0	-1.0	-1.0	-1.0	-1.0	-1.0	-1.0	-1.0	-1.0	0.0	marker	opened-hand	Open	11	0418
-66558.51	-52812.314999999995	-102462.56999999999	-17847.765	0.0	0.0	0.0	0.0	0.0	0.0	0.0	0.0	0.0	0.0	0.0	0.0	0.0	0.0	146.13793103448276	0.0	0.02868645	-0.12176482500000001	1.01037339	5.27996	0.25942	-1.43444	3191406.0	1776544772.574476	0.0	1.0	-1.0	-1.0	-1.0	-1.0	-1.0	-1.0	-1.0	-1.0	0.0	marker	opened-hand	Open	11	0418
-66561.705	-52802.189999999995	-102391.47	-17757.27	0.0	0.0	0.0	0.0	0.0	0.0	0.0	0.0	0.0	0.0	0.0	0.0	0.0	0.0	146.13793103448276	0.0	0.02868645	-0.12176482500000001	1.01037339	5.27996	0.25942	-1.43444	3191407.0	1776544772.574496	0.0	1.0	-1.0	-1.0	-1.0	-1.0	-1.0	-1.0	-1.0	-1.0	0.0	marker	opened-hand	Open	11	0418
-66624.56999999999	-52793.685	-102376.665	-17704.35	0.0	0.0	0.0	0.0	0.0	0.0	0.0	0.0	0.0	0.0	0.0	0.0	0.0	0.0	146.13793103448276	0.0	0.02868645	-0.12176482500000001	1.01037339	5.27996	0.25942	-1.43444	3191408.0	1776544772.576789	0.0	1.0	-1.0	-1.0	-1.0	-1.0	-1.0	-1.0	-1.0	-1.0	0.0	marker	opened-hand	Open	11	0418
-66442.995	-52780.68	-102217.59	-17555.445	0.0	0.0	0.0	0.0	0.0	0.0	0.0	0.0	0.0	0.0	0.0	0.0	0.0	0.0	146.27586206896555	0.0	0.02868645	-0.12176482500000001	1.01037339	5.27996	0.25942	-1.43444	3191409.0	1776544772.576807	0.0	1.0	-1.0	-1.0	-1.0	-1.0	-1.0	-1.0	-1.0	-1.0	0.0	marker	opened-hand	Open	11	0418
-66393.765	-52783.29	-102217.275	-17557.605	0.0	0.0	0.0	0.0	0.0	0.0	0.0	0.0	0.0	0.0	0.0	0.0	0.0	0.0	146.27586206896555	0.0	0.02868645	-0.12176482500000001	1.01037339	5.27996	0.25942	-1.43444	3191410.0	1776544772.580813	0.0	1.0	-1.0	-1.0	-1.0	-1.0	-1.0	-1.0	-1.0	-1.0	0.0	marker	opened-hand	Open	11	0418
-66531.465	-52808.895	-102508.83	-17913.059999999998	0.0	0.0	0.0	0.0	0.0	0.0	0.0	0.0	0.0	0.0	0.0	0.0	0.0	0.0	146.27586206896555	0.0	0.02868645	-0.12176482500000001	1.01037339	5.27996	0.25942	-1.43444	3191411.0	1776544772.580834	0.0	1.0	-1.0	-1.0	-1.0	-1.0	-1.0	-1.0	-1.0	-1.0	0.0	marker	opened-hand	Open	11	0418
-66601.305	-52827.93	-102573.94499999999	-17966.969999999998	0.0	0.0	0.0	0.0	0.0	0.0	0.0	0.0	0.0	0.0	0.0	0.0	0.0	0.0	146.27586206896555	0.0	0.02868645	-0.12176482500000001	1.01037339	5.27996	0.25942	-1.43444	3191412.0	1776544772.584832	0.0	1.0	-1.0	-1.0	-1.0	-1.0	-1.0	-1.0	-1.0	-1.0	0.0	marker	opened-hand	Open	11	0418
-66595.545	-52829.64	-102450.87	-17863.065	0.0	0.0	0.0	0.0	0.0	0.0	0.0	0.0	0.0	0.0	0.0	0.0	0.0	0.0	146.27586206896555	0.0	0.02868645	-0.12176482500000001	1.01037339	5.27996	0.25942	-1.43444	3191413.0	1776544772.58485	0.0	1.0	-1.0	-1.0	-1.0	-1.0	-1.0	-1.0	-1.0	-1.0	0.0	marker	opened-hand	Open	11	0418
-66597.56999999999	-52834.32	-102427.65	-17844.39	0.0	0.0	0.0	0.0	0.0	0.0	0.0	0.0	0.0	0.0	0.0	0.0	0.0	0.0	146.27586206896555	0.0	0.025329525000000002	-0.110656455	1.011410985	2.92992	-0.35097999999999996	-1.43444	3191414.0	1776544772.588822	0.0	1.0	-1.0	-1.0	-1.0	-1.0	-1.0	-1.0	-1.0	-1.0	0.0	marker	opened-hand	Open	11	0418
-66702.465	-52837.2	-102608.50499999999	-18047.16	0.0	0.0	0.0	0.0	0.0	0.0	0.0	0.0	0.0	0.0	0.0	0.0	0.0	0.0	146.27586206896555	0.0	0.025329525000000002	-0.110656455	1.011410985	2.92992	-0.35097999999999996	-1.43444	3191415.0	1776544772.588841	0.0	1.0	-1.0	-1.0	-1.0	-1.0	-1.0	-1.0	-1.0	-1.0	0.0	marker	opened-hand	Open	11	0418
-66670.47	-52821.225	-102631.36499999999	-18037.305	0.0	0.0	0.0	0.0	0.0	0.0	0.0	0.0	0.0	0.0	0.0	0.0	0.0	0.0	146.27586206896555	0.0	0.025329525000000002	-0.110656455	1.011410985	2.92992	-0.35097999999999996	-1.43444	3191416.0	1776544772.592792	0.0	1.0	-1.0	-1.0	-1.0	-1.0	-1.0	-1.0	-1.0	-1.0	0.0	marker	opened-hand	Open	11	0418
-66613.72499999999	-52811.82	-102502.75499999999	-17912.565	0.0	0.0	0.0	0.0	0.0	0.0	0.0	0.0	0.0	0.0	0.0	0.0	0.0	0.0	146.27586206896555	0.0	0.025329525000000002	-0.110656455	1.011410985	2.92992	-0.35097999999999996	-1.43444	3191417.0	1776544772.59281	0.0	1.0	-1.0	-1.0	-1.0	-1.0	-1.0	-1.0	-1.0	-1.0	0.0	marker	opened-hand	Open	11	0418
-66524.535	-52824.104999999996	-102430.62	-17855.37	0.0	0.0	0.0	0.0	0.0	0.0	0.0	0.0	0.0	0.0	0.0	0.0	0.0	0.0	146.27586206896555	0.0	0.025329525000000002	-0.110656455	1.011410985	2.92992	-0.35097999999999996	-1.43444	3191418.0	1776544772.596833	0.0	1.0	-1.0	-1.0	-1.0	-1.0	-1.0	-1.0	-1.0	-1.0	0.0	marker	opened-hand	Open	11	0418
-66505.815	-52846.244999999995	-102458.11499999999	-17896.77	0.0	0.0	0.0	0.0	0.0	0.0	0.0	0.0	0.0	0.0	0.0	0.0	0.0	0.0	146.27586206896555	0.0	0.025329525000000002	-0.110656455	1.011410985	2.92992	-0.35097999999999996	-1.43444	3191419.0	1776544772.596852	0.0	1.0	-1.0	-1.0	-1.0	-1.0	-1.0	-1.0	-1.0	-1.0	0.0	marker	opened-hand	Open	11	0418
-66462.3	-52851.689999999995	-102383.37	-17790.21	0.0	0.0	0.0	0.0	0.0	0.0	0.0	0.0	0.0	0.0	0.0	0.0	0.0	0.0	146.27586206896555	0.0	0.025329525000000002	-0.110656455	1.011410985	2.92992	-0.35097999999999996	-1.43444	3191420.0	1776544772.600896	0.0	1.0	-1.0	-1.0	-1.0	-1.0	-1.0	-1.0	-1.0	-1.0	0.0	marker	opened-hand	Open	11	0418
-66527.775	-52854.345	-102353.715	-17733.015	0.0	0.0	0.0	0.0	0.0	0.0	0.0	0.0	0.0	0.0	0.0	0.0	0.0	0.0	146.27586206896555	0.0	0.025329525000000002	-0.110656455	1.011410985	2.92992	-0.35097999999999996	-1.43444	3191421.0	1776544772.600915	0.0	1.0	-1.0	-1.0	-1.0	-1.0	-1.0	-1.0	-1.0	-1.0	0.0	marker	opened-hand	Open	11	0418
-66675.51	-52862.04	-102431.7	-17830.035	0.0	0.0	0.0	0.0	0.0	0.0	0.0	0.0	0.0	0.0	0.0	0.0	0.0	0.0	146.27586206896555	0.0	0.025329525000000002	-0.110656455	1.011410985	2.92992	-0.35097999999999996	-1.43444	3191422.0	1776544772.604792	0.0	1.0	-1.0	-1.0	-1.0	-1.0	-1.0	-1.0	-1.0	-1.0	0.0	marker	opened-hand	Open	11	0418
-66637.665	-52864.65	-102424.905	-17858.114999999998	0.0	0.0	0.0	0.0	0.0	0.0	0.0	0.0	0.0	0.0	0.0	0.0	0.0	0.0	146.27586206896555	0.0	0.025329525000000002	-0.110656455	1.011410985	2.92992	-0.35097999999999996	-1.43444	3191423.0	1776544772.60481	0.0	1.0	-1.0	-1.0	-1.0	-1.0	-1.0	-1.0	-1.0	-1.0	0.0	marker	opened-hand	Open	11	0418
-66491.685	-52855.155	-102328.73999999999	-17774.19	0.0	0.0	0.0	0.0	0.0	0.0	0.0	0.0	0.0	0.0	0.0	0.0	0.0	0.0	146.27586206896555	0.0	0.030944745	-0.10095189	1.01354721	1.6633399999999998	-0.2289	0.21364	3191424.0	1776544772.609748	0.0	1.0	-1.0	-1.0	-1.0	-1.0	-1.0	-1.0	-1.0	-1.0	0.0	marker	opened-hand	Open	11	0418
-66494.11499999999	-52859.295	-102383.595	-17818.739999999998	0.0	0.0	0.0	0.0	0.0	0.0	0.0	0.0	0.0	0.0	0.0	0.0	0.0	0.0	146.27586206896555	0.0	0.030944745	-0.10095189	1.01354721	1.6633399999999998	-0.2289	0.21364	3191425.0	1776544772.609766	0.0	1.0	-1.0	-1.0	-1.0	-1.0	-1.0	-1.0	-1.0	-1.0	0.0	marker	opened-hand	Open	11	0418
-66568.36499999999	-52874.1	-102535.78499999999	-17953.38	0.0	0.0	0.0	0.0	0.0	0.0	0.0	0.0	0.0	0.0	0.0	0.0	0.0	0.0	146.27586206896555	0.0	0.030944745	-0.10095189	1.01354721	1.6633399999999998	-0.2289	0.21364	3191426.0	1776544772.615128	0.0	1.0	-1.0	-1.0	-1.0	-1.0	-1.0	-1.0	-1.0	-1.0	0.0	marker	opened-hand	Open	11	0418
-66479.04	-52874.325	-102392.50499999999	-17779.68	0.0	0.0	0.0	0.0	0.0	0.0	0.0	0.0	0.0	0.0	0.0	0.0	0.0	0.0	146.27586206896555	0.0	0.030944745	-0.10095189	1.01354721	1.6633399999999998	-0.2289	0.21364	3191427.0	1776544772.615147	0.0	1.0	-1.0	-1.0	-1.0	-1.0	-1.0	-1.0	-1.0	-1.0	0.0	marker	opened-hand	Open	11	0418
-66550.995	-52886.835	-102378.015	-17737.965	0.0	0.0	0.0	0.0	0.0	0.0	0.0	0.0	0.0	0.0	0.0	0.0	0.0	0.0	146.27586206896555	0.0	0.030944745	-0.10095189	1.01354721	1.6633399999999998	-0.2289	0.21364	3191428.0	1776544772.616933	0.0	1.0	-1.0	-1.0	-1.0	-1.0	-1.0	-1.0	-1.0	-1.0	0.0	marker	opened-hand	Open	11	0418
-66642.075	-52902.854999999996	-102490.56	-17905.454999999998	0.0	0.0	0.0	0.0	0.0	0.0	0.0	0.0	0.0	0.0	0.0	0.0	0.0	0.0	146.27586206896555	0.0	0.030944745	-0.10095189	1.01354721	1.6633399999999998	-0.2289	0.21364	3191429.0	1776544772.616957	0.0	1.0	-1.0	-1.0	-1.0	-1.0	-1.0	-1.0	-1.0	-1.0	0.0	marker	opened-hand	Open	11	0418
-66561.03	-52892.549999999996	-102379.815	-17847.045	0.0	0.0	0.0	0.0	0.0	0.0	0.0	0.0	0.0	0.0	0.0	0.0	0.0	0.0	146.27586206896555	0.0	0.030944745	-0.10095189	1.01354721	1.6633399999999998	-0.2289	0.21364	3191430.0	1776544772.620901	0.0	1.0	-1.0	-1.0	-1.0	-1.0	-1.0	-1.0	-1.0	-1.0	0.0	marker	opened-hand	Open	11	0418
-66453.39	-52880.939999999995	-102245.48999999999	-17709.84	0.0	0.0	0.0	0.0	0.0	0.0	0.0	0.0	0.0	0.0	0.0	0.0	0.0	0.0	146.27586206896555	0.0	0.030944745	-0.10095189	1.01354721	1.6633399999999998	-0.2289	0.21364	3191431.0	1776544772.620919	0.0	1.0	-1.0	-1.0	-1.0	-1.0	-1.0	-1.0	-1.0	-1.0	0.0	marker	opened-hand	Open	11	0418
-66366.855	-52869.555	-102263.94	-17675.82	0.0	0.0	0.0	0.0	0.0	0.0	0.0	0.0	0.0	0.0	0.0	0.0	0.0	0.0	146.27586206896555	0.0	0.030944745	-0.10095189	1.01354721	1.6633399999999998	-0.2289	0.21364	3191432.0	1776544772.624899	0.0	1.0	-1.0	-1.0	-1.0	-1.0	-1.0	-1.0	-1.0	-1.0	0.0	marker	opened-hand	Open	11	0418
-66516.56999999999	-52878.24	-102488.175	-17840.114999999998	0.0	0.0	0.0	0.0	0.0	0.0	0.0	0.0	0.0	0.0	0.0	0.0	0.0	0.0	146.27586206896555	0.0	0.030944745	-0.10095189	1.01354721	1.6633399999999998	-0.2289	0.21364	3191433.0	1776544772.624917	0.0	1.0	-1.0	-1.0	-1.0	-1.0	-1.0	-1.0	-1.0	-1.0	0.0	marker	opened-hand	Open	11	0418
-66697.965	-52891.29	-102604.05	-17957.565	0.0	0.0	0.0	0.0	0.0	0.0	0.0	0.0	0.0	0.0	0.0	0.0	0.0	0.0	146.27586206896555	0.0	0.035949615	-0.100524645	1.011410985	2.3653	0.21364	0.12208	3191434.0	1776544772.628875	0.0	1.0	-1.0	-1.0	-1.0	-1.0	-1.0	-1.0	-1.0	-1.0	0.0	marker	opened-hand	Open	11	0418
-66609.405	-52881.884999999995	-102540.915	-17922.465	0.0	0.0	0.0	0.0	0.0	0.0	0.0	0.0	0.0	0.0	0.0	0.0	0.0	0.0	146.27586206896555	0.0	0.035949615	-0.100524645	1.011410985	2.3653	0.21364	0.12208	3191435.0	1776544772.628893	0.0	1.0	-1.0	-1.0	-1.0	-1.0	-1.0	-1.0	-1.0	-1.0	0.0	marker	opened-hand	Open	11	0418
-66560.04	-52875.765	-102495.015	-17895.105	0.0	0.0	0.0	0.0	0.0	0.0	0.0	0.0	0.0	0.0	0.0	0.0	0.0	0.0	146.27586206896555	0.0	0.035949615	-0.100524645	1.011410985	2.3653	0.21364	0.12208	3191436.0	1776544772.63364	0.0	1.0	-1.0	-1.0	-1.0	-1.0	-1.0	-1.0	-1.0	-1.0	0.0	marker	opened-hand	Open	11	0418
-66623.94	-52886.564999999995	-102492.18	-17875.665	0.0	0.0	0.0	0.0	0.0	0.0	0.0	0.0	0.0	0.0	0.0	0.0	0.0	0.0	146.27586206896555	0.0	0.035949615	-0.100524645	1.011410985	2.3653	0.21364	0.12208	3191437.0	1776544772.633658	0.0	1.0	-1.0	-1.0	-1.0	-1.0	-1.0	-1.0	-1.0	-1.0	0.0	marker	opened-hand	Open	11	0418
-66640.59	-52888.68	-102488.31	-17870.985	0.0	0.0	0.0	0.0	0.0	0.0	0.0	0.0	0.0	0.0	0.0	0.0	0.0	0.0	146.27586206896555	0.0	0.035949615	-0.100524645	1.011410985	2.3653	0.21364	0.12208	3191438.0	1776544772.639678	0.0	1.0	-1.0	-1.0	-1.0	-1.0	-1.0	-1.0	-1.0	-1.0	0.0	marker	opened-hand	Open	11	0418
-66556.89	-52885.215	-102456.54	-17859.69	0.0	0.0	0.0	0.0	0.0	0.0	0.0	0.0	0.0	0.0	0.0	0.0	0.0	0.0	146.27586206896555	0.0	0.035949615	-0.100524645	1.011410985	2.3653	0.21364	0.12208	3191439.0	1776544772.639698	0.0	1.0	-1.0	-1.0	-1.0	-1.0	-1.0	-1.0	-1.0	-1.0	0.0	marker	opened-hand	Open	11	0418
-66544.47	-52887.465	-102476.925	-17879.76	0.0	0.0	0.0	0.0	0.0	0.0	0.0	0.0	0.0	0.0	0.0	0.0	0.0	0.0	146.27586206896555	0.0	0.035949615	-0.100524645	1.011410985	2.3653	0.21364	0.12208	3191440.0	1776544772.642804	0.0	1.0	-1.0	-1.0	-1.0	-1.0	-1.0	-1.0	-1.0	-1.0	0.0	marker	opened-hand	Open	11	0418
-66623.715	-52886.07	-102552.75	-17945.01	0.0	0.0	0.0	0.0	0.0	0.0	0.0	0.0	0.0	0.0	0.0	0.0	0.0	0.0	146.27586206896555	0.0	0.035949615	-0.100524645	1.011410985	2.3653	0.21364	0.12208	3191441.0	1776544772.642824	0.0	1.0	-1.0	-1.0	-1.0	-1.0	-1.0	-1.0	-1.0	-1.0	0.0	marker	opened-hand	Open	11	0418
-66536.09999999999	-52871.22	-102390.03	-17771.265	0.0	0.0	0.0	0.0	0.0	0.0	0.0	0.0	0.0	0.0	0.0	0.0	0.0	0.0	146.27586206896555	0.0	0.035949615	-0.100524645	1.011410985	2.3653	0.21364	0.12208	3191442.0	1776544772.645658	0.0	1.0	-1.0	-1.0	-1.0	-1.0	-1.0	-1.0	-1.0	-1.0	0.0	marker	opened-hand	Open	11	0418
-66520.395	-52877.204999999994	-102284.81999999999	-17658.27	0.0	0.0	0.0	0.0	0.0	0.0	0.0	0.0	0.0	0.0	0.0	0.0	0.0	0.0	146.27586206896555	0.0	0.035949615	-0.100524645	1.011410985	2.3653	0.21364	0.12208	3191443.0	1776544772.645676	0.0	1.0	-1.0	-1.0	-1.0	-1.0	-1.0	-1.0	-1.0	-1.0	0.0	marker	opened-hand	Open	11	0418
-66371.84999999999	-52886.115	-102176.14499999999	-17556.93	0.0	0.0	0.0	0.0	0.0	0.0	0.0	0.0	0.0	0.0	0.0	0.0	0.0	0.0	146.27586206896555	0.0	0.041808975	-0.10754367000000001	1.01061753	2.1364	0.25942	0.03052	3191444.0	1776544772.64893	0.0	1.0	-1.0	-1.0	-1.0	-1.0	-1.0	-1.0	-1.0	-1.0	0.0	marker	opened-hand	Open	11	0418
-66501.58499999999	-52897.634999999995	-102351.735	-17703.63	0.0	0.0	0.0	0.0	0.0	0.0	0.0	0.0	0.0	0.0	0.0	0.0	0.0	0.0	146.27586206896555	0.0	0.041808975	-0.10754367000000001	1.01061753	2.1364	0.25942	0.03052	3191445.0	1776544772.648949	0.0	1.0	-1.0	-1.0	-1.0	-1.0	-1.0	-1.0	-1.0	-1.0	0.0	marker	opened-hand	Open	11	0418
-66594.555	-52910.82	-102475.665	-17936.505	0.0	0.0	0.0	0.0	0.0	0.0	0.0	0.0	0.0	0.0	0.0	0.0	0.0	0.0	146.27586206896555	0.0	0.041808975	-0.10754367000000001	1.01061753	2.1364	0.25942	0.03052	3191446.0	1776544772.652871	0.0	1.0	-1.0	-1.0	-1.0	-1.0	-1.0	-1.0	-1.0	-1.0	0.0	marker	opened-hand	Open	11	0418
-66593.79	-52915.68	-102444.84	-17967.015	0.0	0.0	0.0	0.0	0.0	0.0	0.0	0.0	0.0	0.0	0.0	0.0	0.0	0.0	146.27586206896555	0.0	0.041808975	-0.10754367000000001	1.01061753	2.1364	0.25942	0.03052	3191447.0	1776544772.652888	0.0	1.0	-1.0	-1.0	-1.0	-1.0	-1.0	-1.0	-1.0	-1.0	0.0	marker	opened-hand	Open	11	0418
-66468.105	-52897.77	-102359.385	-17789.445	0.0	0.0	0.0	0.0	0.0	0.0	0.0	0.0	0.0	0.0	0.0	0.0	0.0	0.0	146.27586206896555	0.0	0.041808975	-0.10754367000000001	1.01061753	2.1364	0.25942	0.03052	3191448.0	1776544772.656989	0.0	1.0	-1.0	-1.0	-1.0	-1.0	-1.0	-1.0	-1.0	-1.0	0.0	marker	opened-hand	Open	11	0418
-66527.595	-52895.744999999995	-102464.09999999999	-17766.809999999998	0.0	0.0	0.0	0.0	0.0	0.0	0.0	0.0	0.0	0.0	0.0	0.0	0.0	0.0	146.27586206896555	0.0	0.041808975	-0.10754367000000001	1.01061753	2.1364	0.25942	0.03052	3191449.0	1776544772.657008	0.0	1.0	-1.0	-1.0	-1.0	-1.0	-1.0	-1.0	-1.0	-1.0	0.0	marker	opened-hand	Open	11	0418
-66648.915	-52907.13	-102433.095	-17750.969999999998	0.0	0.0	0.0	0.0	0.0	0.0	0.0	0.0	0.0	0.0	0.0	0.0	0.0	0.0	146.27586206896555	0.0	0.041808975	-0.10754367000000001	1.01061753	2.1364	0.25942	0.03052	3191450.0	1776544772.661125	0.0	1.0	-1.0	-1.0	-1.0	-1.0	-1.0	-1.0	-1.0	-1.0	0.0	marker	opened-hand	Open	11	0418
-66711.69	-52921.53	-102547.17	-17933.535	0.0	0.0	0.0	0.0	0.0	0.0	0.0	0.0	0.0	0.0	0.0	0.0	0.0	0.0	146.27586206896555	0.0	0.041808975	-0.10754367000000001	1.01061753	2.1364	0.25942	0.03052	3191451.0	1776544772.661145	0.0	1.0	-1.0	-1.0	-1.0	-1.0	-1.0	-1.0	-1.0	-1.0	0.0	marker	opened-hand	Open	11	0418
-66616.065	-52923.96	-102490.425	-17878.005	0.0	0.0	0.0	0.0	0.0	0.0	0.0	0.0	0.0	0.0	0.0	0.0	0.0	0.0	146.27586206896555	0.0	0.041808975	-0.10754367000000001	1.01061753	2.1364	0.25942	0.03052	3191452.0	1776544772.664983	0.0	1.0	-1.0	-1.0	-1.0	-1.0	-1.0	-1.0	-1.0	-1.0	0.0	marker	opened-hand	Open	11	0418
-66539.47499999999	-52923.915	-102321.675	-17725.68	0.0	0.0	0.0	0.0	0.0	0.0	0.0	0.0	0.0	0.0	0.0	0.0	0.0	0.0	146.27586206896555	0.0	0.041808975	-0.10754367000000001	1.01061753	2.1364	0.25942	0.03052	3191453.0	1776544772.665	0.0	1.0	-1.0	-1.0	-1.0	-1.0	-1.0	-1.0	-1.0	-1.0	0.0	marker	opened-hand	Open	11	0418
-66600.18	-52922.61	-102354.84	-17784.18	0.0	0.0	0.0	0.0	0.0	0.0	0.0	0.0	0.0	0.0	0.0	0.0	0.0	0.0	146.27586206896555	0.0	0.033752355	-0.115783395	1.01232651	3.4945399999999998	0.10682	-1.1444999999999999	3191454.0	1776544772.669309	0.0	1.0	-1.0	-1.0	-1.0	-1.0	-1.0	-1.0	-1.0	-1.0	0.0	marker	opened-hand	Open	11	0418
-66567.33	-52914.104999999996	-102462.12	-17795.88	0.0	0.0	0.0	0.0	0.0	0.0	0.0	0.0	0.0	0.0	0.0	0.0	0.0	0.0	146.27586206896555	0.0	0.033752355	-0.115783395	1.01232651	3.4945399999999998	0.10682	-1.1444999999999999	3191455.0	1776544772.669326	0.0	1.0	-1.0	-1.0	-1.0	-1.0	-1.0	-1.0	-1.0	-1.0	0.0	marker	opened-hand	Open	11	0418
-66555.18	-52906.229999999996	-102526.92	-17853.84	0.0	0.0	0.0	0.0	0.0	0.0	0.0	0.0	0.0	0.0	0.0	0.0	0.0	0.0	146.27586206896555	0.0	0.033752355	-0.115783395	1.01232651	3.4945399999999998	0.10682	-1.1444999999999999	3191456.0	1776544772.676066	0.0	1.0	-1.0	-1.0	-1.0	-1.0	-1.0	-1.0	-1.0	-1.0	0.0	marker	opened-hand	Open	11	0418
-66592.215	-52905.284999999996	-102544.425	-17970.3	0.0	0.0	0.0	0.0	0.0	0.0	0.0	0.0	0.0	0.0	0.0	0.0	0.0	0.0	146.27586206896555	0.0	0.033752355	-0.115783395	1.01232651	3.4945399999999998	0.10682	-1.1444999999999999	3191457.0	1776544772.676083	0.0	1.0	-1.0	-1.0	-1.0	-1.0	-1.0	-1.0	-1.0	-1.0	0.0	marker	opened-hand	Open	11	0418
-66572.91	-52899.119999999995	-102487.455	-17968.815	0.0	0.0	0.0	0.0	0.0	0.0	0.0	0.0	0.0	0.0	0.0	0.0	0.0	0.0	146.27586206896555	0.0	0.033752355	-0.115783395	1.01232651	3.4945399999999998	0.10682	-1.1444999999999999	3191458.0	1776544772.677135	0.0	1.0	-1.0	-1.0	-1.0	-1.0	-1.0	-1.0	-1.0	-1.0	0.0	marker	opened-hand	Open	11	0418
-66613.815	-52901.865	-102512.295	-17925.93	0.0	0.0	0.0	0.0	0.0	0.0	0.0	0.0	0.0	0.0	0.0	0.0	0.0	0.0	146.27586206896555	0.0	0.033752355	-0.115783395	1.01232651	3.4945399999999998	0.10682	-1.1444999999999999	3191459.0	1776544772.677153	0.0	1.0	-1.0	-1.0	-1.0	-1.0	-1.0	-1.0	-1.0	-1.0	0.0	marker	opened-hand	Open	11	0418
-66602.52	-52916.715	-102540.23999999999	-17900.774999999998	0.0	0.0	0.0	0.0	0.0	0.0	0.0	0.0	0.0	0.0	0.0	0.0	0.0	0.0	146.27586206896555	0.0	0.033752355	-0.115783395	1.01232651	3.4945399999999998	0.10682	-1.1444999999999999	3191460.0	1776544772.68108	0.0	1.0	-1.0	-1.0	-1.0	-1.0	-1.0	-1.0	-1.0	-1.0	0.0	marker	opened-hand	Open	11	0418
-66535.155	-52923.509999999995	-102455.19	-17799.434999999998	0.0	0.0	0.0	0.0	0.0	0.0	0.0	0.0	0.0	0.0	0.0	0.0	0.0	0.0	146.27586206896555	0.0	0.033752355	-0.115783395	1.01232651	3.4945399999999998	0.10682	-1.1444999999999999	3191461.0	1776544772.681098	0.0	1.0	-1.0	-1.0	-1.0	-1.0	-1.0	-1.0	-1.0	-1.0	0.0	marker	opened-hand	Open	11	0418
-66565.755	-52922.475	-102392.595	-17727.84	0.0	0.0	0.0	0.0	0.0	0.0	0.0	0.0	0.0	0.0	0.0	0.0	0.0	0.0	146.27586206896555	0.0	0.033752355	-0.115783395	1.01232651	3.4945399999999998	0.10682	-1.1444999999999999	3191462.0	1776544772.68504	0.0	1.0	-1.0	-1.0	-1.0	-1.0	-1.0	-1.0	-1.0	-1.0	0.0	marker	opened-hand	Open	11	0418
-66611.25	-52931.88	-102488.12999999999	-17897.13	0.0	0.0	0.0	0.0	0.0	0.0	0.0	0.0	0.0	0.0	0.0	0.0	0.0	0.0	146.27586206896555	0.0	0.033752355	-0.115783395	1.01232651	3.4945399999999998	0.10682	-1.1444999999999999	3191463.0	1776544772.68506	0.0	1.0	-1.0	-1.0	-1.0	-1.0	-1.0	-1.0	-1.0	-1.0	0.0	marker	opened-hand	Open	11	0418
-66518.415	-52930.89	-102497.76	-17925.614999999998	0.0	0.0	0.0	0.0	0.0	0.0	0.0	0.0	0.0	0.0	0.0	0.0	0.0	0.0	146.27586206896555	0.0	0.02636712	-0.116393745	1.018735185	3.70818	-0.56462	-1.6175599999999999	3191464.0	1776544772.689229	0.0	1.0	-1.0	-1.0	-1.0	-1.0	-1.0	-1.0	-1.0	-1.0	0.0	marker	opened-hand	Open	11	0418
-66502.305	-52922.97	-102423.015	-17834.489999999998	0.0	0.0	0.0	0.0	0.0	0.0	0.0	0.0	0.0	0.0	0.0	0.0	0.0	0.0	146.27586206896555	0.0	0.02636712	-0.116393745	1.018735185	3.70818	-0.56462	-1.6175599999999999	3191465.0	1776544772.689242	0.0	1.0	-1.0	-1.0	-1.0	-1.0	-1.0	-1.0	-1.0	-1.0	0.0	marker	opened-hand	Open	11	0418
-66599.64	-52925.805	-102447.855	-17882.1	0.0	0.0	0.0	0.0	0.0	0.0	0.0	0.0	0.0	0.0	0.0	0.0	0.0	0.0	146.27586206896555	0.0	0.02636712	-0.116393745	1.018735185	3.70818	-0.56462	-1.6175599999999999	3191466.0	1776544772.693145	0.0	1.0	-1.0	-1.0	-1.0	-1.0	-1.0	-1.0	-1.0	-1.0	0.0	marker	opened-hand	Open	11	0418
-66390.61499999999	-52913.384999999995	-102255.84	-17695.62	0.0	0.0	0.0	0.0	0.0	0.0	0.0	0.0	0.0	0.0	0.0	0.0	0.0	0.0	146.27586206896555	0.0	0.02636712	-0.116393745	1.018735185	3.70818	-0.56462	-1.6175599999999999	3191467.0	1776544772.69316	0.0	1.0	-1.0	-1.0	-1.0	-1.0	-1.0	-1.0	-1.0	-1.0	0.0	marker	opened-hand	Open	11	0418
-66265.29	-52910.82	-102163.05	-17590.23	0.0	0.0	0.0	0.0	0.0	0.0	0.0	0.0	0.0	0.0	0.0	0.0	0.0	0.0	146.27586206896555	0.0	0.02636712	-0.116393745	1.018735185	3.70818	-0.56462	-1.6175599999999999	3191468.0	1776544772.697237	0.0	1.0	-1.0	-1.0	-1.0	-1.0	-1.0	-1.0	-1.0	-1.0	0.0	marker	opened-hand	Open	11	0418
-66535.785	-52932.689999999995	-102384.94499999999	-17773.065	0.0	0.0	0.0	0.0	0.0	0.0	0.0	0.0	0.0	0.0	0.0	0.0	0.0	0.0	146.27586206896555	0.0	0.02636712	-0.116393745	1.018735185	3.70818	-0.56462	-1.6175599999999999	3191469.0	1776544772.697247	0.0	1.0	-1.0	-1.0	-1.0	-1.0	-1.0	-1.0	-1.0	-1.0	0.0	marker	opened-hand	Open	11	0418
-66606.56999999999	-52944.93	-102436.155	-17821.125	0.0	0.0	0.0	0.0	0.0	0.0	0.0	0.0	0.0	0.0	0.0	0.0	0.0	0.0	146.27586206896555	0.0	0.02636712	-0.116393745	1.018735185	3.70818	-0.56462	-1.6175599999999999	3191470.0	1776544772.701245	0.0	1.0	-1.0	-1.0	-1.0	-1.0	-1.0	-1.0	-1.0	-1.0	0.0	marker	opened-hand	Open	11	0418
-66420.94499999999	-52938.18	-102315.78	-17727.434999999998	0.0	0.0	0.0	0.0	0.0	0.0	0.0	0.0	0.0	0.0	0.0	0.0	0.0	0.0	146.27586206896555	0.0	0.02636712	-0.116393745	1.018735185	3.70818	-0.56462	-1.6175599999999999	3191471.0	1776544772.701254	0.0	1.0	-1.0	-1.0	-1.0	-1.0	-1.0	-1.0	-1.0	-1.0	0.0	marker	opened-hand	Open	11	0418
-66454.69499999999	-52946.729999999996	-102381.39	-17799.39	0.0	0.0	0.0	0.0	0.0	0.0	0.0	0.0	0.0	0.0	0.0	0.0	0.0	0.0	146.27586206896555	0.0	0.02636712	-0.116393745	1.018735185	3.70818	-0.56462	-1.6175599999999999	3191472.0	1776544772.706374	0.0	1.0	-1.0	-1.0	-1.0	-1.0	-1.0	-1.0	-1.0	-1.0	0.0	marker	opened-hand	Open	11	0418
-66659.355	-52959.195	-102532.905	-17941.68	0.0	0.0	0.0	0.0	0.0	0.0	0.0	0.0	0.0	0.0	0.0	0.0	0.0	0.0	146.27586206896555	0.0	0.02636712	-0.116393745	1.018735185	3.70818	-0.56462	-1.6175599999999999	3191473.0	1776544772.706398	0.0	1.0	-1.0	-1.0	-1.0	-1.0	-1.0	-1.0	-1.0	-1.0	0.0	marker	opened-hand	Open	11	0418
-66525.12	-52944.255	-102407.94	-17860.5	0.0	0.0	0.0	0.0	0.0	0.0	0.0	0.0	0.0	0.0	0.0	0.0	0.0	0.0	146.27586206896555	0.0	0.024597105	-0.10803195	1.01965071	3.54032	-0.65618	-1.69386	3191474.0	1776544772.709301	0.0	1.0	-1.0	-1.0	-1.0	-1.0	-1.0	-1.0	-1.0	-1.0	0.0	marker	opened-hand	Open	11	0418
-66510.315	-52942.365	-102431.745	-17831.565	0.0	0.0	0.0	0.0	0.0	0.0	0.0	0.0	0.0	0.0	0.0	0.0	0.0	0.0	146.27586206896555	0.0	0.024597105	-0.10803195	1.01965071	3.54032	-0.65618	-1.69386	3191475.0	1776544772.70932	0.0	1.0	-1.0	-1.0	-1.0	-1.0	-1.0	-1.0	-1.0	-1.0	0.0	marker	opened-hand	Open	11	0418
-66648.19499999999	-52959.284999999996	-102598.065	-17957.114999999998	0.0	0.0	0.0	0.0	0.0	0.0	0.0	0.0	0.0	0.0	0.0	0.0	0.0	0.0	146.27586206896555	0.0	0.024597105	-0.10803195	1.01965071	3.54032	-0.65618	-1.69386	3191476.0	1776544772.713158	0.0	1.0	-1.0	-1.0	-1.0	-1.0	-1.0	-1.0	-1.0	-1.0	0.0	marker	opened-hand	Open	11	0418
-66512.61	-52965.0	-102424.545	-17821.26	0.0	0.0	0.0	0.0	0.0	0.0	0.0	0.0	0.0	0.0	0.0	0.0	0.0	0.0	146.27586206896555	0.0	0.024597105	-0.10803195	1.01965071	3.54032	-0.65618	-1.69386	3191477.0	1776544772.71318	0.0	1.0	-1.0	-1.0	-1.0	-1.0	-1.0	-1.0	-1.0	-1.0	0.0	marker	opened-hand	Open	11	0418
-66546.045	-52974.765	-102463.425	-17867.655	0.0	0.0	0.0	0.0	0.0	0.0	0.0	0.0	0.0	0.0	0.0	0.0	0.0	0.0	146.27586206896555	0.0	0.024597105	-0.10803195	1.01965071	3.54032	-0.65618	-1.69386	3191478.0	1776544772.717246	0.0	1.0	-1.0	-1.0	-1.0	-1.0	-1.0	-1.0	-1.0	-1.0	0.0	marker	opened-hand	Open	11	0418
-66447.63	-52963.829999999994	-102315.105	-17727.66	0.0	0.0	0.0	0.0	0.0	0.0	0.0	0.0	0.0	0.0	0.0	0.0	0.0	0.0	146.27586206896555	0.0	0.024597105	-0.10803195	1.01965071	3.54032	-0.65618	-1.69386	3191479.0	1776544772.717265	0.0	1.0	-1.0	-1.0	-1.0	-1.0	-1.0	-1.0	-1.0	-1.0	0.0	marker	opened-hand	Open	11	0418
-66443.44499999999	-52952.445	-102314.205	-17703.18	0.0	0.0	0.0	0.0	0.0	0.0	0.0	0.0	0.0	0.0	0.0	0.0	0.0	0.0	146.27586206896555	0.0	0.024597105	-0.10803195	1.01965071	3.54032	-0.65618	-1.69386	3191480.0	1776544772.721203	0.0	1.0	-1.0	-1.0	-1.0	-1.0	-1.0	-1.0	-1.0	-1.0	0.0	marker	opened-hand	Open	11	0418
-66704.715	-52966.665	-102605.67	-17988.21	0.0	0.0	0.0	0.0	0.0	0.0	0.0	0.0	0.0	0.0	0.0	0.0	0.0	0.0	146.27586206896555	0.0	0.024597105	-0.10803195	1.01965071	3.54032	-0.65618	-1.69386	3191481.0	1776544772.721219	0.0	1.0	-1.0	-1.0	-1.0	-1.0	-1.0	-1.0	-1.0	-1.0	0.0	marker	opened-hand	Open	11	0418
-66759.84	-52972.65	-102657.33	-18049.364999999998	0.0	0.0	0.0	0.0	0.0	0.0	0.0	0.0	0.0	0.0	0.0	0.0	0.0	0.0	146.27586206896555	0.0	0.024597105	-0.10803195	1.01965071	3.54032	-0.65618	-1.69386	3191482.0	1776544772.725213	0.0	1.0	-1.0	-1.0	-1.0	-1.0	-1.0	-1.0	-1.0	-1.0	0.0	marker	opened-hand	Open	11	0418
-66585.95999999999	-52970.085	-102470.58	-17866.44	0.0	0.0	0.0	0.0	0.0	0.0	0.0	0.0	0.0	0.0	0.0	0.0	0.0	0.0	146.27586206896555	0.0	0.024597105	-0.10803195	1.01965071	3.54032	-0.65618	-1.69386	3191483.0	1776544772.725229	0.0	1.0	-1.0	-1.0	-1.0	-1.0	-1.0	-1.0	-1.0	-1.0	0.0	marker	opened-hand	Open	11	0418
-66479.31	-52963.47	-102354.93	-17754.12	0.0	0.0	0.0	0.0	0.0	0.0	0.0	0.0	0.0	0.0	0.0	0.0	0.0	0.0	146.27586206896555	0.0	0.03564444	-0.10571262000000001	1.011166845	2.3042599999999998	-0.41202	-1.78542	3191484.0	1776544772.72924	0.0	1.0	-1.0	-1.0	-1.0	-1.0	-1.0	-1.0	-1.0	-1.0	0.0	marker	opened-hand	Open	11	0418
-66462.75	-52969.77	-102311.86499999999	-17716.59	0.0	0.0	0.0	0.0	0.0	0.0	0.0	0.0	0.0	0.0	0.0	0.0	0.0	0.0	146.27586206896555	0.0	0.03564444	-0.10571262000000001	1.011166845	2.3042599999999998	-0.41202	-1.78542	3191485.0	1776544772.729256	0.0	1.0	-1.0	-1.0	-1.0	-1.0	-1.0	-1.0	-1.0	-1.0	0.0	marker	opened-hand	Open	11	0418
-66645.18	-52984.665	-102483.045	-17874.27	0.0	0.0	0.0	0.0	0.0	0.0	0.0	0.0	0.0	0.0	0.0	0.0	0.0	0.0	146.27586206896555	0.0	0.03564444	-0.10571262000000001	1.011166845	2.3042599999999998	-0.41202	-1.78542	3191486.0	1776544772.733249	0.0	1.0	-1.0	-1.0	-1.0	-1.0	-1.0	-1.0	-1.0	-1.0	0.0	marker	opened-hand	Open	11	0418
-66467.25	-52978.14	-102404.565	-17783.774999999998	0.0	0.0	0.0	0.0	0.0	0.0	0.0	0.0	0.0	0.0	0.0	0.0	0.0	0.0	146.27586206896555	0.0	0.03564444	-0.10571262000000001	1.011166845	2.3042599999999998	-0.41202	-1.78542	3191487.0	1776544772.733264	0.0	1.0	-1.0	-1.0	-1.0	-1.0	-1.0	-1.0	-1.0	-1.0	0.0	marker	opened-hand	Open	11	0418
-66431.52	-52972.74	-102313.215	-17683.245	0.0	0.0	0.0	0.0	0.0	0.0	0.0	0.0	0.0	0.0	0.0	0.0	0.0	0.0	146.27586206896555	0.0	0.03564444	-0.10571262000000001	1.011166845	2.3042599999999998	-0.41202	-1.78542	3191488.0	1776544772.739156	0.0	1.0	-1.0	-1.0	-1.0	-1.0	-1.0	-1.0	-1.0	-1.0	0.0	marker	opened-hand	Open	11	0418
-66511.62	-52958.924999999996	-102333.64499999999	-17712.18	0.0	0.0	0.0	0.0	0.0	0.0	0.0	0.0	0.0	0.0	0.0	0.0	0.0	0.0	146.27586206896555	0.0	0.03564444	-0.10571262000000001	1.011166845	2.3042599999999998	-0.41202	-1.78542	3191489.0	1776544772.739183	0.0	1.0	-1.0	-1.0	-1.0	-1.0	-1.0	-1.0	-1.0	-1.0	0.0	marker	opened-hand	Open	11	0418
-66462.39	-52886.61	-102403.485	-17815.32	0.0	0.0	0.0	0.0	0.0	0.0	0.0	0.0	0.0	0.0	0.0	0.0	0.0	0.0	146.27586206896555	0.0	0.03564444	-0.10571262000000001	1.011166845	2.3042599999999998	-0.41202	-1.78542	3191490.0	1776544772.742103	0.0	1.0	-1.0	-1.0	-1.0	-1.0	-1.0	-1.0	-1.0	-1.0	0.0	marker	opened-hand	Open	11	0418
-66574.98	-52801.29	-102492.94499999999	-17893.17	0.0	0.0	0.0	0.0	0.0	0.0	0.0	0.0	0.0	0.0	0.0	0.0	0.0	0.0	146.27586206896555	0.0	0.03564444	-0.10571262000000001	1.011166845	2.3042599999999998	-0.41202	-1.78542	3191491.0	1776544772.742115	0.0	1.0	-1.0	-1.0	-1.0	-1.0	-1.0	-1.0	-1.0	-1.0	0.0	marker	opened-hand	Open	11	0418
-66691.62	-52809.165	-102585.28499999999	-17984.16	0.0	0.0	0.0	0.0	0.0	0.0	0.0	0.0	0.0	0.0	0.0	0.0	0.0	0.0	146.27586206896555	0.0	0.03564444	-0.10571262000000001	1.011166845	2.3042599999999998	-0.41202	-1.78542	3191492.0	1776544772.745308	0.0	1.0	-1.0	-1.0	-1.0	-1.0	-1.0	-1.0	-1.0	-1.0	0.0	marker	opened-hand	Open	11	0418
-66686.04	-52815.015	-102566.11499999999	-17968.635	0.0	0.0	0.0	0.0	0.0	0.0	0.0	0.0	0.0	0.0	0.0	0.0	0.0	0.0	146.27586206896555	0.0	0.03564444	-0.10571262000000001	1.011166845	2.3042599999999998	-0.41202	-1.78542	3191493.0	1776544772.745323	0.0	1.0	-1.0	-1.0	-1.0	-1.0	-1.0	-1.0	-1.0	-1.0	0.0	marker	opened-hand	Open	11	0418
-66679.83	-52814.97	-102524.31	-17903.25	0.0	0.0	0.0	0.0	0.0	0.0	0.0	0.0	0.0	0.0	0.0	0.0	0.0	0.0	146.27586206896555	0.0	0.040222065	-0.10705539	1.00304919	2.92992	1.31236	-1.89224	3191494.0	1776544772.749283	0.0	1.0	-1.0	-1.0	-1.0	-1.0	-1.0	-1.0	-1.0	-1.0	0.0	marker	opened-hand	Open	11	0418
-66623.04	-52825.454999999994	-102504.465	-17896.094999999998	0.0	0.0	0.0	0.0	0.0	0.0	0.0	0.0	0.0	0.0	0.0	0.0	0.0	0.0	146.27586206896555	0.0	0.040222065	-0.10705539	1.00304919	2.92992	1.31236	-1.89224	3191495.0	1776544772.749315	0.0	1.0	-1.0	-1.0	-1.0	-1.0	-1.0	-1.0	-1.0	-1.0	0.0	marker	opened-hand	Open	11	0418
-66638.205	-52845.119999999995	-102534.795	-17907.93	0.0	0.0	0.0	0.0	0.0	0.0	0.0	0.0	0.0	0.0	0.0	0.0	0.0	0.0	146.27586206896555	0.0	0.040222065	-0.10705539	1.00304919	2.92992	1.31236	-1.89224	3191496.0	1776544772.75323	0.0	1.0	-1.0	-1.0	-1.0	-1.0	-1.0	-1.0	-1.0	-1.0	0.0	marker	opened-hand	Open	11	0418
-66574.44	-52842.555	-102494.565	-17873.19	0.0	0.0	0.0	0.0	0.0	0.0	0.0	0.0	0.0	0.0	0.0	0.0	0.0	0.0	146.27586206896555	0.0	0.040222065	-0.10705539	1.00304919	2.92992	1.31236	-1.89224	3191497.0	1776544772.753239	0.0	1.0	-1.0	-1.0	-1.0	-1.0	-1.0	-1.0	-1.0	-1.0	0.0	marker	opened-hand	Open	11	0418
-66329.055	-52815.915	-102263.48999999999	-17643.645	0.0	0.0	0.0	0.0	0.0	0.0	0.0	0.0	0.0	0.0	0.0	0.0	0.0	0.0	146.27586206896555	0.0	0.040222065	-0.10705539	1.00304919	2.92992	1.31236	-1.89224	3191498.0	1776544772.757318	0.0	1.0	-1.0	-1.0	-1.0	-1.0	-1.0	-1.0	-1.0	-1.0	0.0	marker	opened-hand	Open	11	0418
-66495.78	-52817.13	-102400.47	-17775.495	0.0	0.0	0.0	0.0	0.0	0.0	0.0	0.0	0.0	0.0	0.0	0.0	0.0	0.0	146.27586206896555	0.0	0.040222065	-0.10705539	1.00304919	2.92992	1.31236	-1.89224	3191499.0	1776544772.757337	0.0	1.0	-1.0	-1.0	-1.0	-1.0	-1.0	-1.0	-1.0	-1.0	0.0	marker	opened-hand	Open	11	0418
-66758.715	-52832.204999999994	-102658.23	-18042.255	0.0	0.0	0.0	0.0	0.0	0.0	0.0	0.0	0.0	0.0	0.0	0.0	0.0	0.0	146.27586206896555	0.0	0.040222065	-0.10705539	1.00304919	2.92992	1.31236	-1.89224	3191500.0	1776544772.761338	0.0	1.0	-1.0	-1.0	-1.0	-1.0	-1.0	-1.0	-1.0	-1.0	0.0	marker	opened-hand	Open	11	0418
-66640.86	-52817.939999999995	-102539.745	-17926.02	0.0	0.0	0.0	0.0	0.0	0.0	0.0	0.0	0.0	0.0	0.0	0.0	0.0	0.0	146.27586206896555	0.0	0.040222065	-0.10705539	1.00304919	2.92992	1.31236	-1.89224	3191501.0	1776544772.761356	0.0	1.0	-1.0	-1.0	-1.0	-1.0	-1.0	-1.0	-1.0	-1.0	0.0	marker	opened-hand	Open	11	0418
-66486.95999999999	-52811.549999999996	-102379.31999999999	-17770.77	0.0	0.0	0.0	0.0	0.0	0.0	0.0	0.0	0.0	0.0	0.0	0.0	0.0	0.0	146.27586206896555	0.0	0.040222065	-0.10705539	1.00304919	2.92992	1.31236	-1.89224	3191502.0	1776544772.765335	0.0	1.0	-1.0	-1.0	-1.0	-1.0	-1.0	-1.0	-1.0	-1.0	0.0	marker	opened-hand	Open	11	0418
-66497.265	-52826.265	-102329.595	-17708.265	0.0	0.0	0.0	0.0	0.0	0.0	0.0	0.0	0.0	0.0	0.0	0.0	0.0	0.0	146.27586206896555	0.0	0.040222065	-0.10705539	1.00304919	2.92992	1.31236	-1.89224	3191503.0	1776544772.765354	0.0	1.0	-1.0	-1.0	-1.0	-1.0	-1.0	-1.0	-1.0	-1.0	0.0	marker	opened-hand	Open	11	0418
-66546.045	-52838.325	-102399.435	-17810.415	0.0	0.0	0.0	0.0	0.0	0.0	0.0	0.0	0.0	0.0	0.0	0.0	0.0	0.0	146.27586206896555	0.0	0.038879295	-0.10931368500000001	1.002621945	0.97664	1.69386	-1.9838	3191504.0	1776544772.7693	0.0	1.0	-1.0	-1.0	-1.0	-1.0	-1.0	-1.0	-1.0	-1.0	0.0	marker	opened-hand	Open	11	0418
-66512.16	-52837.92	-102395.47499999999	-17826.165	0.0	0.0	0.0	0.0	0.0	0.0	0.0	0.0	0.0	0.0	0.0	0.0	0.0	0.0	146.27586206896555	0.0	0.038879295	-0.10931368500000001	1.002621945	0.97664	1.69386	-1.9838	3191505.0	1776544772.769312	0.0	1.0	-1.0	-1.0	-1.0	-1.0	-1.0	-1.0	-1.0	-1.0	0.0	marker	opened-hand	Open	11	0418
-66406.995	-52824.915	-102297.465	-17690.399999999998	0.0	0.0	0.0	0.0	0.0	0.0	0.0	0.0	0.0	0.0	0.0	0.0	0.0	0.0	146.27586206896555	0.0	0.038879295	-0.10931368500000001	1.002621945	0.97664	1.69386	-1.9838	3191506.0	1776544772.773455	0.0	1.0	-1.0	-1.0	-1.0	-1.0	-1.0	-1.0	-1.0	-1.0	0.0	marker	opened-hand	Open	11	0418
-66397.185	-52816.994999999995	-102247.965	-17627.715	0.0	0.0	0.0	0.0	0.0	0.0	0.0	0.0	0.0	0.0	0.0	0.0	0.0	0.0	146.27586206896555	0.0	0.038879295	-0.10931368500000001	1.002621945	0.97664	1.69386	-1.9838	3191507.0	1776544772.773473	0.0	1.0	-1.0	-1.0	-1.0	-1.0	-1.0	-1.0	-1.0	-1.0	0.0	marker	opened-hand	Open	11	0418
-66580.33499999999	-52829.415	-102417.93	-17773.469999999998	0.0	0.0	0.0	0.0	0.0	0.0	0.0	0.0	0.0	0.0	0.0	0.0	0.0	0.0	146.27586206896555	0.0	0.038879295	-0.10931368500000001	1.002621945	0.97664	1.69386	-1.9838	3191508.0	1776544772.777325	0.0	1.0	-1.0	-1.0	-1.0	-1.0	-1.0	-1.0	-1.0	-1.0	0.0	marker	opened-hand	Open	11	0418
-66727.035	-52833.555	-102593.295	-17943.255	0.0	0.0	0.0	0.0	0.0	0.0	0.0	0.0	0.0	0.0	0.0	0.0	0.0	0.0	146.27586206896555	0.0	0.038879295	-0.10931368500000001	1.002621945	0.97664	1.69386	-1.9838	3191509.0	1776544772.777343	0.0	1.0	-1.0	-1.0	-1.0	-1.0	-1.0	-1.0	-1.0	-1.0	0.0	marker	opened-hand	Open	11	0418
-66618.09	-52829.189999999995	-102509.14499999999	-17893.215	0.0	0.0	0.0	0.0	0.0	0.0	0.0	0.0	0.0	0.0	0.0	0.0	0.0	0.0	146.27586206896555	0.0	0.038879295	-0.10931368500000001	1.002621945	0.97664	1.69386	-1.9838	3191510.0	1776544772.781435	0.0	1.0	-1.0	-1.0	-1.0	-1.0	-1.0	-1.0	-1.0	-1.0	0.0	marker	opened-hand	Open	11	0418
-66596.48999999999	-52834.005	-102464.09999999999	-17875.755	0.0	0.0	0.0	0.0	0.0	0.0	0.0	0.0	0.0	0.0	0.0	0.0	0.0	0.0	146.27586206896555	0.0	0.038879295	-0.10931368500000001	1.002621945	0.97664	1.69386	-1.9838	3191511.0	1776544772.781483	0.0	1.0	-1.0	-1.0	-1.0	-1.0	-1.0	-1.0	-1.0	-1.0	0.0	marker	opened-hand	Open	11	0418
-66475.53	-52837.424999999996	-102412.89	-17869.815	0.0	0.0	0.0	0.0	0.0	0.0	0.0	0.0	0.0	0.0	0.0	0.0	0.0	0.0	146.27586206896555	0.0	0.038879295	-0.10931368500000001	1.002621945	0.97664	1.69386	-1.9838	3191512.0	1776544772.785372	0.0	1.0	-1.0	-1.0	-1.0	-1.0	-1.0	-1.0	-1.0	-1.0	0.0	marker	opened-hand	Open	11	0418
-66405.105	-52826.895	-102273.84	-17683.47	0.0	0.0	0.0	0.0	0.0	0.0	0.0	0.0	0.0	0.0	0.0	0.0	0.0	0.0	146.27586206896555	0.0	0.038879295	-0.10931368500000001	1.002621945	0.97664	1.69386	-1.9838	3191513.0	1776544772.785391	0.0	1.0	-1.0	-1.0	-1.0	-1.0	-1.0	-1.0	-1.0	-1.0	0.0	marker	opened-hand	Open	11	0418
-66418.65	-52815.465	-102252.015	-17542.71	0.0	0.0	0.0	0.0	0.0	0.0	0.0	0.0	0.0	0.0	0.0	0.0	0.0	0.0	146.27586206896555	0.0	0.036559965	-0.10766574	1.004819205	0.3815	1.69386	-2.27374	3191514.0	1776544772.789425	0.0	1.0	-1.0	-1.0	-1.0	-1.0	-1.0	-1.0	-1.0	-1.0	0.0	marker	opened-hand	Open	11	0418
-66595.41	-52819.784999999996	-102419.37	-17701.02	0.0	0.0	0.0	0.0	0.0	0.0	0.0	0.0	0.0	0.0	0.0	0.0	0.0	0.0	146.27586206896555	0.0	0.036559965	-0.10766574	1.004819205	0.3815	1.69386	-2.27374	3191515.0	1776544772.789443	0.0	1.0	-1.0	-1.0	-1.0	-1.0	-1.0	-1.0	-1.0	-1.0	0.0	marker	opened-hand	Open	11	0418
-66634.73999999999	-52832.564999999995	-102514.00499999999	-17870.355	0.0	0.0	0.0	0.0	0.0	0.0	0.0	0.0	0.0	0.0	0.0	0.0	0.0	0.0	146.27586206896555	0.0	0.036559965	-0.10766574	1.004819205	0.3815	1.69386	-2.27374	3191516.0	1776544772.793431	0.0	1.0	-1.0	-1.0	-1.0	-1.0	-1.0	-1.0	-1.0	-1.0	0.0	marker	opened-hand	Open	11	0418
-66708.94499999999	-52851.869999999995	-102615.165	-18040.41	0.0	0.0	0.0	0.0	0.0	0.0	0.0	0.0	0.0	0.0	0.0	0.0	0.0	0.0	146.27586206896555	0.0	0.036559965	-0.10766574	1.004819205	0.3815	1.69386	-2.27374	3191517.0	1776544772.793451	0.0	1.0	-1.0	-1.0	-1.0	-1.0	-1.0	-1.0	-1.0	-1.0	0.0	marker	opened-hand	Open	11	0418
-66698.64	-52866.945	-102507.56999999999	-17914.364999999998	0.0	0.0	0.0	0.0	0.0	0.0	0.0	0.0	0.0	0.0	0.0	0.0	0.0	0.0	146.27586206896555	0.0	0.036559965	-0.10766574	1.004819205	0.3815	1.69386	-2.27374	3191518.0	1776544772.797525	0.0	1.0	-1.0	-1.0	-1.0	-1.0	-1.0	-1.0	-1.0	-1.0	0.0	marker	opened-hand	Open	11	0418
-66681.72	-52886.204999999994	-102556.08	-17903.52	0.0	0.0	0.0	0.0	0.0	0.0	0.0	0.0	0.0	0.0	0.0	0.0	0.0	0.0	146.27586206896555	0.0	0.036559965	-0.10766574	1.004819205	0.3815	1.69386	-2.27374	3191519.0	1776544772.797543	0.0	1.0	-1.0	-1.0	-1.0	-1.0	-1.0	-1.0	-1.0	-1.0	0.0	marker	opened-hand	Open	11	0418
-66660.345	-52908.93	-102603.19499999999	-17957.34	0.0	0.0	0.0	0.0	0.0	0.0	0.0	0.0	0.0	0.0	0.0	0.0	0.0	0.0	146.27586206896555	0.0	0.036559965	-0.10766574	1.004819205	0.3815	1.69386	-2.27374	3191520.0	1776544772.802147	0.0	1.0	-1.0	-1.0	-1.0	-1.0	-1.0	-1.0	-1.0	-1.0	0.0	marker	opened-hand	Open	11	0418
-66563.73	-52915.365	-102469.23	-17897.085	0.0	0.0	0.0	0.0	0.0	0.0	0.0	0.0	0.0	0.0	0.0	0.0	0.0	0.0	146.27586206896555	0.0	0.036559965	-0.10766574	1.004819205	0.3815	1.69386	-2.27374	3191521.0	1776544772.802166	0.0	1.0	-1.0	-1.0	-1.0	-1.0	-1.0	-1.0	-1.0	-1.0	0.0	marker	opened-hand	Open	11	0418
-66511.305	-52908.615	-102448.26	-17874.09	0.0	0.0	0.0	0.0	0.0	0.0	0.0	0.0	0.0	0.0	0.0	0.0	0.0	0.0	146.27586206896555	0.0	0.036559965	-0.10766574	1.004819205	0.3815	1.69386	-2.27374	3191522.0	1776544772.808358	0.0	1.0	-1.0	-1.0	-1.0	-1.0	-1.0	-1.0	-1.0	-1.0	0.0	marker	opened-hand	Open	11	0418
-66527.595	-52899.165	-102477.015	-17852.355	0.0	0.0	0.0	0.0	0.0	0.0	0.0	0.0	0.0	0.0	0.0	0.0	0.0	0.0	146.27586206896555	0.0	0.036559965	-0.10766574	1.004819205	0.3815	1.69386	-2.27374	3191523.0	1776544772.808379	0.0	1.0	-1.0	-1.0	-1.0	-1.0	-1.0	-1.0	-1.0	-1.0	0.0	marker	opened-hand	Open	11	0418
-66336.795	-52873.38	-102209.48999999999	-17578.53	0.0	0.0	0.0	0.0	0.0	0.0	0.0	0.0	0.0	0.0	0.0	0.0	0.0	0.0	146.27586206896555	0.0	0.037780665	-0.115417185	1.013852385	1.2055399999999998	0.82404	-2.5179	3191524.0	1776544772.812175	0.0	1.0	-1.0	-1.0	-1.0	-1.0	-1.0	-1.0	-1.0	-1.0	0.0	marker	opened-hand	Open	11	0418
-66330.765	-52857.81	-102134.025	-17495.37	0.0	0.0	0.0	0.0	0.0	0.0	0.0	0.0	0.0	0.0	0.0	0.0	0.0	0.0	146.27586206896555	0.0	0.037780665	-0.115417185	1.013852385	1.2055399999999998	0.82404	-2.5179	3191525.0	1776544772.812193	0.0	1.0	-1.0	-1.0	-1.0	-1.0	-1.0	-1.0	-1.0	-1.0	0.0	marker	opened-hand	Open	11	0418
-66678.255	-52885.979999999996	-102616.37999999999	-18000.09	0.0	0.0	0.0	0.0	0.0	0.0	0.0	0.0	0.0	0.0	0.0	0.0	0.0	0.0	146.27586206896555	0.0	0.037780665	-0.115417185	1.013852385	1.2055399999999998	0.82404	-2.5179	3191526.0	1776544772.813475	0.0	1.0	-1.0	-1.0	-1.0	-1.0	-1.0	-1.0	-1.0	-1.0	0.0	marker	opened-hand	Open	11	0418
-66589.65	-52886.79	-102580.01999999999	-17962.829999999998	0.0	0.0	0.0	0.0	0.0	0.0	0.0	0.0	0.0	0.0	0.0	0.0	0.0	0.0	146.27586206896555	0.0	0.037780665	-0.115417185	1.013852385	1.2055399999999998	0.82404	-2.5179	3191527.0	1776544772.813493	0.0	1.0	-1.0	-1.0	-1.0	-1.0	-1.0	-1.0	-1.0	-1.0	0.0	marker	opened-hand	Open	11	0418
-66472.38	-52874.865	-102350.06999999999	-17744.715	0.0	0.0	0.0	0.0	0.0	0.0	0.0	0.0	0.0	0.0	0.0	0.0	0.0	0.0	146.27586206896555	0.0	0.037780665	-0.115417185	1.013852385	1.2055399999999998	0.82404	-2.5179	3191528.0	1776544772.82442	0.0	1.0	-1.0	-1.0	-1.0	-1.0	-1.0	-1.0	-1.0	-1.0	0.0	marker	opened-hand	Open	11	0418
-66501.765	-52868.88	-102347.28	-17788.68	0.0	0.0	0.0	0.0	0.0	0.0	0.0	0.0	0.0	0.0	0.0	0.0	0.0	0.0	146.27586206896555	0.0	0.037780665	-0.115417185	1.013852385	1.2055399999999998	0.82404	-2.5179	3191529.0	1776544772.824432	0.0	1.0	-1.0	-1.0	-1.0	-1.0	-1.0	-1.0	-1.0	-1.0	0.0	marker	opened-hand	Open	11	0418
-66597.795	-52868.25	-102469.545	-17931.329999999998	0.0	0.0	0.0	0.0	0.0	0.0	0.0	0.0	0.0	0.0	0.0	0.0	0.0	0.0	146.27586206896555	0.0	0.037780665	-0.115417185	1.013852385	1.2055399999999998	0.82404	-2.5179	3191530.0	1776544772.826456	0.0	1.0	-1.0	-1.0	-1.0	-1.0	-1.0	-1.0	-1.0	-1.0	0.0	marker	opened-hand	Open	11	0418
-66583.17	-52856.28	-102433.23	-17883.899999999998	0.0	0.0	0.0	0.0	0.0	0.0	0.0	0.0	0.0	0.0	0.0	0.0	0.0	0.0	146.27586206896555	0.0	0.037780665	-0.115417185	1.013852385	1.2055399999999998	0.82404	-2.5179	3191531.0	1776544772.826468	0.0	1.0	-1.0	-1.0	-1.0	-1.0	-1.0	-1.0	-1.0	-1.0	0.0	marker	opened-hand	Open	11	0418
-66561.525	-52840.079999999994	-102467.7	-17880.344999999998	0.0	0.0	0.0	0.0	0.0	0.0	0.0	0.0	0.0	0.0	0.0	0.0	0.0	0.0	146.27586206896555	0.0	0.037780665	-0.115417185	1.013852385	1.2055399999999998	0.82404	-2.5179	3191532.0	1776544772.826483	0.0	1.0	-1.0	-1.0	-1.0	-1.0	-1.0	-1.0	-1.0	-1.0	0.0	marker	opened-hand	Open	11	0418
-66636.045	-52832.924999999996	-102554.325	-17917.245	0.0	0.0	0.0	0.0	0.0	0.0	0.0	0.0	0.0	0.0	0.0	0.0	0.0	0.0	146.27586206896555	0.0	0.037780665	-0.115417185	1.013852385	1.2055399999999998	0.82404	-2.5179	3191533.0	1776544772.826492	0.0	1.0	-1.0	-1.0	-1.0	-1.0	-1.0	-1.0	-1.0	-1.0	0.0	marker	opened-hand	Open	11	0418
-66644.145	-52823.25	-102551.625	-17920.485	0.0	0.0	0.0	0.0	0.0	0.0	0.0	0.0	0.0	0.0	0.0	0.0	0.0	0.0	146.27586206896555	0.0	0.025756770000000002	-0.113464065	1.0229466	3.18934	0.33571999999999996	-2.86888	3191534.0	1776544772.835393	0.0	1.0	-1.0	-1.0	-1.0	-1.0	-1.0	-1.0	-1.0	-1.0	0.0	marker	opened-hand	Open	11	0418
-66523.41	-52817.04	-102466.70999999999	-17832.6	0.0	0.0	0.0	0.0	0.0	0.0	0.0	0.0	0.0	0.0	0.0	0.0	0.0	0.0	146.27586206896555	0.0	0.025756770000000002	-0.113464065	1.0229466	3.18934	0.33571999999999996	-2.86888	3191535.0	1776544772.835404	0.0	1.0	-1.0	-1.0	-1.0	-1.0	-1.0	-1.0	-1.0	-1.0	0.0	marker	opened-hand	Open	11	0418
-66524.625	-52819.829999999994	-102442.76999999999	-17797.545	0.0	0.0	0.0	0.0	0.0	0.0	0.0	0.0	0.0	0.0	0.0	0.0	0.0	0.0	146.27586206896555	0.0	0.025756770000000002	-0.113464065	1.0229466	3.18934	0.33571999999999996	-2.86888	3191536.0	1776544772.853289	0.0	1.0	-1.0	-1.0	-1.0	-1.0	-1.0	-1.0	-1.0	-1.0	0.0	marker	opened-hand	Open	11	0418
-66599.64	-52853.579999999994	-102515.4	-17890.335	0.0	0.0	0.0	0.0	0.0	0.0	0.0	0.0	0.0	0.0	0.0	0.0	0.0	0.0	146.27586206896555	0.0	0.025756770000000002	-0.113464065	1.0229466	3.18934	0.33571999999999996	-2.86888	3191537.0	1776544772.853304	0.0	1.0	-1.0	-1.0	-1.0	-1.0	-1.0	-1.0	-1.0	-1.0	0.0	marker	opened-hand	Open	11	0418
-66587.58	-52864.515	-102497.84999999999	-17849.969999999998	0.0	0.0	0.0	0.0	0.0	0.0	0.0	0.0	0.0	0.0	0.0	0.0	0.0	0.0	146.27586206896555	0.0	0.025756770000000002	-0.113464065	1.0229466	3.18934	0.33571999999999996	-2.86888	3191538.0	1776544772.853313	0.0	1.0	-1.0	-1.0	-1.0	-1.0	-1.0	-1.0	-1.0	-1.0	0.0	marker	opened-hand	Open	11	0418
-66588.20999999999	-52843.229999999996	-102495.23999999999	-17870.625	0.0	0.0	0.0	0.0	0.0	0.0	0.0	0.0	0.0	0.0	0.0	0.0	0.0	0.0	146.27586206896555	0.0	0.025756770000000002	-0.113464065	1.0229466	3.18934	0.33571999999999996	-2.86888	3191539.0	1776544772.853319	0.0	1.0	-1.0	-1.0	-1.0	-1.0	-1.0	-1.0	-1.0	-1.0	0.0	marker	opened-hand	Open	11	0418
-66638.295	-52832.475	-102546.675	-17929.53	0.0	0.0	0.0	0.0	0.0	0.0	0.0	0.0	0.0	0.0	0.0	0.0	0.0	0.0	146.27586206896555	0.0	0.025756770000000002	-0.113464065	1.0229466	3.18934	0.33571999999999996	-2.86888	3191540.0	1776544772.853327	0.0	1.0	-1.0	-1.0	-1.0	-1.0	-1.0	-1.0	-1.0	-1.0	0.0	marker	opened-hand	Open	11	0418
-66575.205	-52839.134999999995	-102509.595	-17887.5	0.0	0.0	0.0	0.0	0.0	0.0	0.0	0.0	0.0	0.0	0.0	0.0	0.0	0.0	146.27586206896555	0.0	0.025756770000000002	-0.113464065	1.0229466	3.18934	0.33571999999999996	-2.86888	3191541.0	1776544772.853333	0.0	1.0	-1.0	-1.0	-1.0	-1.0	-1.0	-1.0	-1.0	-1.0	0.0	marker	opened-hand	Open	11	0418
-66512.925	-52836.75	-102404.745	-17765.82	0.0	0.0	0.0	0.0	0.0	0.0	0.0	0.0	0.0	0.0	0.0	0.0	0.0	0.0	146.27586206896555	0.0	0.025756770000000002	-0.113464065	1.0229466	3.18934	0.33571999999999996	-2.86888	3191542.0	1776544772.853341	0.0	1.0	-1.0	-1.0	-1.0	-1.0	-1.0	-1.0	-1.0	-1.0	0.0	marker	opened-hand	Open	11	0418
-66591.54	-52850.97	-102461.805	-17820.18	0.0	0.0	0.0	0.0	0.0	0.0	0.0	0.0	0.0	0.0	0.0	0.0	0.0	0.0	146.27586206896555	0.0	0.025756770000000002	-0.113464065	1.0229466	3.18934	0.33571999999999996	-2.86888	3191543.0	1776544772.853347	0.0	1.0	-1.0	-1.0	-1.0	-1.0	-1.0	-1.0	-1.0	-1.0	0.0	marker	opened-hand	Open	11	0418
-66573.045	-52859.34	-102430.485	-17806.815	0.0	0.0	0.0	0.0	0.0	0.0	0.0	0.0	0.0	0.0	0.0	0.0	0.0	0.0	146.27586206896555	0.0	0.02697747	-0.109863	1.02209211	4.70008	-0.30519999999999997	-1.9075	3191544.0	1776544772.853355	0.0	1.0	-1.0	-1.0	-1.0	-1.0	-1.0	-1.0	-1.0	-1.0	0.0	marker	opened-hand	Open	11	0418
-66573.63	-52868.97	-102443.12999999999	-17837.594999999998	0.0	0.0	0.0	0.0	0.0	0.0	0.0	0.0	0.0	0.0	0.0	0.0	0.0	0.0	146.27586206896555	0.0	0.02697747	-0.109863	1.02209211	4.70008	-0.30519999999999997	-1.9075	3191545.0	1776544772.85337	0.0	1.0	-1.0	-1.0	-1.0	-1.0	-1.0	-1.0	-1.0	-1.0	0.0	marker	opened-hand	Open	11	0418
-66642.705	-52871.895	-102432.95999999999	-17788.23	0.0	0.0	0.0	0.0	0.0	0.0	0.0	0.0	0.0	0.0	0.0	0.0	0.0	0.0	146.27586206896555	0.0	0.02697747	-0.109863	1.02209211	4.70008	-0.30519999999999997	-1.9075	3191546.0	1776544772.855312	0.0	1.0	-1.0	-1.0	-1.0	-1.0	-1.0	-1.0	-1.0	-1.0	0.0	marker	opened-hand	Open	11	0418
-66606.165	-52867.079999999994	-102463.11	-17836.245	0.0	0.0	0.0	0.0	0.0	0.0	0.0	0.0	0.0	0.0	0.0	0.0	0.0	0.0	146.27586206896555	0.0	0.02697747	-0.109863	1.02209211	4.70008	-0.30519999999999997	-1.9075	3191547.0	1776544772.855321	0.0	1.0	-1.0	-1.0	-1.0	-1.0	-1.0	-1.0	-1.0	-1.0	0.0	marker	opened-hand	Open	11	0418
-66486.645	-52848.945	-102410.19	-17784.405	0.0	0.0	0.0	0.0	0.0	0.0	0.0	0.0	0.0	0.0	0.0	0.0	0.0	0.0	146.27586206896555	0.0	0.02697747	-0.109863	1.02209211	4.70008	-0.30519999999999997	-1.9075	3191548.0	1776544772.858398	0.0	1.0	-1.0	-1.0	-1.0	-1.0	-1.0	-1.0	-1.0	-1.0	0.0	marker	opened-hand	Open	11	0418
-66483.18	-52835.49	-102402.315	-17758.485	0.0	0.0	0.0	0.0	0.0	0.0	0.0	0.0	0.0	0.0	0.0	0.0	0.0	0.0	146.27586206896555	0.0	0.02697747	-0.109863	1.02209211	4.70008	-0.30519999999999997	-1.9075	3191549.0	1776544772.858405	0.0	1.0	-1.0	-1.0	-1.0	-1.0	-1.0	-1.0	-1.0	-1.0	0.0	marker	opened-hand	Open	11	0418
-66541.635	-52842.509999999995	-102389.44499999999	-17746.965	0.0	0.0	0.0	0.0	0.0	0.0	0.0	0.0	0.0	0.0	0.0	0.0	0.0	0.0	146.27586206896555	0.0	0.02697747	-0.109863	1.02209211	4.70008	-0.30519999999999997	-1.9075	3191550.0	1776544772.861696	0.0	1.0	-1.0	-1.0	-1.0	-1.0	-1.0	-1.0	-1.0	-1.0	0.0	marker	opened-hand	Open	11	0418
-66478.59	-52854.435	-102358.215	-17697.645	0.0	0.0	0.0	0.0	0.0	0.0	0.0	0.0	0.0	0.0	0.0	0.0	0.0	0.0	146.27586206896555	0.0	0.02697747	-0.109863	1.02209211	4.70008	-0.30519999999999997	-1.9075	3191551.0	1776544772.861712	0.0	1.0	-1.0	-1.0	-1.0	-1.0	-1.0	-1.0	-1.0	-1.0	0.0	marker	opened-hand	Open	11	0418
-66345.61499999999	-52860.15	-102273.61499999999	-17663.265	0.0	0.0	0.0	0.0	0.0	0.0	0.0	0.0	0.0	0.0	0.0	0.0	0.0	0.0	146.27586206896555	0.0	0.02697747	-0.109863	1.02209211	4.70008	-0.30519999999999997	-1.9075	3191552.0	1776544772.865663	0.0	1.0	-1.0	-1.0	-1.0	-1.0	-1.0	-1.0	-1.0	-1.0	0.0	marker	opened-hand	Open	11	0418
-66381.66	-52866.045	-102280.185	-17671.995	0.0	0.0	0.0	0.0	0.0	0.0	0.0	0.0	0.0	0.0	0.0	0.0	0.0	0.0	146.27586206896555	0.0	0.02697747	-0.109863	1.02209211	4.70008	-0.30519999999999997	-1.9075	3191553.0	1776544772.865679	0.0	1.0	-1.0	-1.0	-1.0	-1.0	-1.0	-1.0	-1.0	-1.0	0.0	marker	opened-hand	Open	11	0418
-66470.265	-52865.009999999995	-102368.61	-17716.364999999998	0.0	0.0	0.0	0.0	0.0	0.0	0.0	0.0	0.0	0.0	0.0	0.0	0.0	0.0	146.27586206896555	0.0	0.033142005	-0.10900851	1.01977278	4.51696	-0.7019599999999999	-0.97664	3191554.0	1776544772.874765	0.0	1.0	-1.0	-1.0	-1.0	-1.0	-1.0	-1.0	-1.0	-1.0	0.0	marker	opened-hand	Open	11	0418
-66551.895	-52867.799999999996	-102447.62999999999	-17800.335	0.0	0.0	0.0	0.0	0.0	0.0	0.0	0.0	0.0	0.0	0.0	0.0	0.0	0.0	146.27586206896555	0.0	0.033142005	-0.10900851	1.01977278	4.51696	-0.7019599999999999	-0.97664	3191555.0	1776544772.874771	0.0	1.0	-1.0	-1.0	-1.0	-1.0	-1.0	-1.0	-1.0	-1.0	0.0	marker	opened-hand	Open	11	0418
-66633.075	-52868.475	-102539.87999999999	-17892.855	0.0	0.0	0.0	0.0	0.0	0.0	0.0	0.0	0.0	0.0	0.0	0.0	0.0	0.0	146.27586206896555	0.0	0.033142005	-0.10900851	1.01977278	4.51696	-0.7019599999999999	-0.97664	3191556.0	1776544772.876722	0.0	1.0	-1.0	-1.0	-1.0	-1.0	-1.0	-1.0	-1.0	-1.0	0.0	marker	opened-hand	Open	11	0418
-66625.245	-52860.825	-102527.50499999999	-17917.29	0.0	0.0	0.0	0.0	0.0	0.0	0.0	0.0	0.0	0.0	0.0	0.0	0.0	0.0	146.27586206896555	0.0	0.033142005	-0.10900851	1.01977278	4.51696	-0.7019599999999999	-0.97664	3191557.0	1776544772.876728	0.0	1.0	-1.0	-1.0	-1.0	-1.0	-1.0	-1.0	-1.0	-1.0	0.0	marker	opened-hand	Open	11	0418
-66571.73999999999	-52851.509999999995	-102494.87999999999	-17926.065	0.0	0.0	0.0	0.0	0.0	0.0	0.0	0.0	0.0	0.0	0.0	0.0	0.0	0.0	146.27586206896555	0.0	0.033142005	-0.10900851	1.01977278	4.51696	-0.7019599999999999	-0.97664	3191558.0	1776544772.88079	0.0	1.0	-1.0	-1.0	-1.0	-1.0	-1.0	-1.0	-1.0	-1.0	0.0	marker	opened-hand	Open	11	0418
-66629.16	-52851.555	-102545.50499999999	-17941.32	0.0	0.0	0.0	0.0	0.0	0.0	0.0	0.0	0.0	0.0	0.0	0.0	0.0	0.0	146.27586206896555	0.0	0.033142005	-0.10900851	1.01977278	4.51696	-0.7019599999999999	-0.97664	3191559.0	1776544772.880796	0.0	1.0	-1.0	-1.0	-1.0	-1.0	-1.0	-1.0	-1.0	-1.0	0.0	marker	opened-hand	Open	11	0418
-66642.12	-52852.005	-102533.715	-17920.71	0.0	0.0	0.0	0.0	0.0	0.0	0.0	0.0	0.0	0.0	0.0	0.0	0.0	0.0	146.27586206896555	0.0	0.033142005	-0.10900851	1.01977278	4.51696	-0.7019599999999999	-0.97664	3191560.0	1776544772.881803	0.0	1.0	-1.0	-1.0	-1.0	-1.0	-1.0	-1.0	-1.0	-1.0	0.0	marker	opened-hand	Open	11	0418
-66663.09	-52857.36	-102556.17	-17934.03	0.0	0.0	0.0	0.0	0.0	0.0	0.0	0.0	0.0	0.0	0.0	0.0	0.0	0.0	146.27586206896555	0.0	0.033142005	-0.10900851	1.01977278	4.51696	-0.7019599999999999	-0.97664	3191561.0	1776544772.881809	0.0	1.0	-1.0	-1.0	-1.0	-1.0	-1.0	-1.0	-1.0	-1.0	0.0	marker	opened-hand	Open	11	0418
-66661.02	-52859.07	-102577.23	-17927.19	0.0	0.0	0.0	0.0	0.0	0.0	0.0	0.0	0.0	0.0	0.0	0.0	0.0	0.0	146.27586206896555	0.0	0.033142005	-0.10900851	1.01977278	4.51696	-0.7019599999999999	-0.97664	3191562.0	1776544772.885781	0.0	1.0	-1.0	-1.0	-1.0	-1.0	-1.0	-1.0	-1.0	-1.0	0.0	marker	opened-hand	Open	11	0418
-66610.62	-52862.49	-102529.17	-17899.605	0.0	0.0	0.0	0.0	0.0	0.0	0.0	0.0	0.0	0.0	0.0	0.0	0.0	0.0	146.27586206896555	0.0	0.033142005	-0.10900851	1.01977278	4.51696	-0.7019599999999999	-0.97664	3191563.0	1776544772.885787	0.0	1.0	-1.0	-1.0	-1.0	-1.0	-1.0	-1.0	-1.0	-1.0	0.0	marker	opened-hand	Open	11	0418
-66468.23999999999	-52865.369999999995	-102410.50499999999	-17808.12	0.0	0.0	0.0	0.0	0.0	0.0	0.0	0.0	0.0	0.0	0.0	0.0	0.0	0.0	146.27586206896555	0.0	0.03308097	-0.11450166	1.0152561900000001	5.69198	-0.42728	-2.1364	3191564.0	1776544772.889752	0.0	1.0	-1.0	-1.0	-1.0	-1.0	-1.0	-1.0	-1.0	-1.0	0.0	marker	opened-hand	Open	11	0418
-66377.97	-52851.78	-102319.245	-17701.829999999998	0.0	0.0	0.0	0.0	0.0	0.0	0.0	0.0	0.0	0.0	0.0	0.0	0.0	0.0	146.27586206896555	0.0	0.03308097	-0.11450166	1.0152561900000001	5.69198	-0.42728	-2.1364	3191565.0	1776544772.889757	0.0	1.0	-1.0	-1.0	-1.0	-1.0	-1.0	-1.0	-1.0	-1.0	0.0	marker	opened-hand	Open	11	0418
-66405.015	-52838.549999999996	-102315.51	-17678.114999999998	0.0	0.0	0.0	0.0	0.0	0.0	0.0	0.0	0.0	0.0	0.0	0.0	0.0	0.0	146.27586206896555	0.0	0.03308097	-0.11450166	1.0152561900000001	5.69198	-0.42728	-2.1364	3191566.0	1776544772.893793	0.0	1.0	-1.0	-1.0	-1.0	-1.0	-1.0	-1.0	-1.0	-1.0	0.0	marker	opened-hand	Open	11	0418
-66562.83	-52847.055	-102431.565	-17772.21	0.0	0.0	0.0	0.0	0.0	0.0	0.0	0.0	0.0	0.0	0.0	0.0	0.0	0.0	146.27586206896555	0.0	0.03308097	-0.11450166	1.0152561900000001	5.69198	-0.42728	-2.1364	3191567.0	1776544772.893798	0.0	1.0	-1.0	-1.0	-1.0	-1.0	-1.0	-1.0	-1.0	-1.0	0.0	marker	opened-hand	Open	11	0418
-66601.17	-52858.665	-102438.54	-17736.84	0.0	0.0	0.0	0.0	0.0	0.0	0.0	0.0	0.0	0.0	0.0	0.0	0.0	0.0	146.27586206896555	0.0	0.03308097	-0.11450166	1.0152561900000001	5.69198	-0.42728	-2.1364	3191568.0	1776544772.89807	0.0	1.0	-1.0	-1.0	-1.0	-1.0	-1.0	-1.0	-1.0	-1.0	0.0	marker	opened-hand	Open	11	0418
-66484.98	-52870.77	-102378.59999999999	-17724.329999999998	0.0	0.0	0.0	0.0	0.0	0.0	0.0	0.0	0.0	0.0	0.0	0.0	0.0	0.0	146.27586206896555	0.0	0.03308097	-0.11450166	1.0152561900000001	5.69198	-0.42728	-2.1364	3191569.0	1776544772.898074	0.0	1.0	-1.0	-1.0	-1.0	-1.0	-1.0	-1.0	-1.0	-1.0	0.0	marker	opened-hand	Open	11	0418
-66433.275	-52877.97	-102339.9	-17768.204999999998	0.0	0.0	0.0	0.0	0.0	0.0	0.0	0.0	0.0	0.0	0.0	0.0	0.0	0.0	146.27586206896555	0.0	0.03308097	-0.11450166	1.0152561900000001	5.69198	-0.42728	-2.1364	3191570.0	1776544772.901931	0.0	1.0	-1.0	-1.0	-1.0	-1.0	-1.0	-1.0	-1.0	-1.0	0.0	marker	opened-hand	Open	11	0418
-66452.355	-52873.47	-102304.39499999999	-17796.059999999998	0.0	0.0	0.0	0.0	0.0	0.0	0.0	0.0	0.0	0.0	0.0	0.0	0.0	0.0	146.27586206896555	0.0	0.03308097	-0.11450166	1.0152561900000001	5.69198	-0.42728	-2.1364	3191571.0	1776544772.901937	0.0	1.0	-1.0	-1.0	-1.0	-1.0	-1.0	-1.0	-1.0	-1.0	0.0	marker	opened-hand	Open	11	0418
-66639.06	-52880.534999999996	-102468.015	-17853.344999999998	0.0	0.0	0.0	0.0	0.0	0.0	0.0	0.0	0.0	0.0	0.0	0.0	0.0	0.0	146.27586206896555	0.0	0.03308097	-0.11450166	1.0152561900000001	5.69198	-0.42728	-2.1364	3191572.0	1776544772.905829	0.0	1.0	-1.0	-1.0	-1.0	-1.0	-1.0	-1.0	-1.0	-1.0	0.0	marker	opened-hand	Open	11	0418
-66631.05	-52874.595	-102476.79	-17836.515	0.0	0.0	0.0	0.0	0.0	0.0	0.0	0.0	0.0	0.0	0.0	0.0	0.0	0.0	146.27586206896555	0.0	0.03308097	-0.11450166	1.0152561900000001	5.69198	-0.42728	-2.1364	3191573.0	1776544772.905834	0.0	1.0	-1.0	-1.0	-1.0	-1.0	-1.0	-1.0	-1.0	-1.0	0.0	marker	opened-hand	Open	11	0418
-66439.44	-52860.015	-102349.98	-17718.975	0.0	0.0	0.0	0.0	0.0	0.0	0.0	0.0	0.0	0.0	0.0	0.0	0.0	0.0	146.27586206896555	0.0	0.031799235	-0.111510945	1.013730315	6.302379999999999	-0.57988	-1.3428799999999999	3191574.0	1776544772.909785	0.0	1.0	-1.0	-1.0	-1.0	-1.0	-1.0	-1.0	-1.0	-1.0	0.0	marker	opened-hand	Open	11	0418
-66389.58	-52856.189999999995	-102257.685	-17641.53	0.0	0.0	0.0	0.0	0.0	0.0	0.0	0.0	0.0	0.0	0.0	0.0	0.0	0.0	146.27586206896555	0.0	0.031799235	-0.111510945	1.013730315	6.302379999999999	-0.57988	-1.3428799999999999	3191575.0	1776544772.90979	0.0	1.0	-1.0	-1.0	-1.0	-1.0	-1.0	-1.0	-1.0	-1.0	0.0	marker	opened-hand	Open	11	0418
-66413.205	-52870.905	-102296.745	-17693.235	0.0	0.0	0.0	0.0	0.0	0.0	0.0	0.0	0.0	0.0	0.0	0.0	0.0	0.0	146.27586206896555	0.0	0.031799235	-0.111510945	1.013730315	6.302379999999999	-0.57988	-1.3428799999999999	3191576.0	1776544772.914131	0.0	1.0	-1.0	-1.0	-1.0	-1.0	-1.0	-1.0	-1.0	-1.0	0.0	marker	opened-hand	Open	11	0418
-66603.915	-52896.24	-102466.89	-17876.024999999998	0.0	0.0	0.0	0.0	0.0	0.0	0.0	0.0	0.0	0.0	0.0	0.0	0.0	0.0	146.27586206896555	0.0	0.031799235	-0.111510945	1.013730315	6.302379999999999	-0.57988	-1.3428799999999999	3191577.0	1776544772.914136	0.0	1.0	-1.0	-1.0	-1.0	-1.0	-1.0	-1.0	-1.0	-1.0	0.0	marker	opened-hand	Open	11	0418
-66648.87	-52914.555	-102604.36499999999	-17996.85	0.0	0.0	0.0	0.0	0.0	0.0	0.0	0.0	0.0	0.0	0.0	0.0	0.0	0.0	146.27586206896555	0.0	0.031799235	-0.111510945	1.013730315	6.302379999999999	-0.57988	-1.3428799999999999	3191578.0	1776544772.918173	0.0	1.0	-1.0	-1.0	-1.0	-1.0	-1.0	-1.0	-1.0	-1.0	0.0	marker	opened-hand	Open	11	0418
-66678.345	-52933.68	-102665.385	-18019.395	0.0	0.0	0.0	0.0	0.0	0.0	0.0	0.0	0.0	0.0	0.0	0.0	0.0	0.0	146.27586206896555	0.0	0.031799235	-0.111510945	1.013730315	6.302379999999999	-0.57988	-1.3428799999999999	3191579.0	1776544772.918186	0.0	1.0	-1.0	-1.0	-1.0	-1.0	-1.0	-1.0	-1.0	-1.0	0.0	marker	opened-hand	Open	11	0418
-66703.31999999999	-52934.85	-102667.815	-18013.815	0.0	0.0	0.0	0.0	0.0	0.0	0.0	0.0	0.0	0.0	0.0	0.0	0.0	0.0	146.27586206896555	0.0	0.031799235	-0.111510945	1.013730315	6.302379999999999	-0.57988	-1.3428799999999999	3191580.0	1776544772.922007	0.0	1.0	-1.0	-1.0	-1.0	-1.0	-1.0	-1.0	-1.0	-1.0	0.0	marker	opened-hand	Open	11	0418
-66600.765	-52914.42	-102555.315	-17896.005	0.0	0.0	0.0	0.0	0.0	0.0	0.0	0.0	0.0	0.0	0.0	0.0	0.0	0.0	146.27586206896555	0.0	0.031799235	-0.111510945	1.013730315	6.302379999999999	-0.57988	-1.3428799999999999	3191581.0	1776544772.922011	0.0	1.0	-1.0	-1.0	-1.0	-1.0	-1.0	-1.0	-1.0	-1.0	0.0	marker	opened-hand	Open	11	0418
-66575.655	-52906.545	-102443.84999999999	-17860.635	0.0	0.0	0.0	0.0	0.0	0.0	0.0	0.0	0.0	0.0	0.0	0.0	0.0	0.0	146.27586206896555	0.0	0.031799235	-0.111510945	1.013730315	6.302379999999999	-0.57988	-1.3428799999999999	3191582.0	1776544772.925994	0.0	1.0	-1.0	-1.0	-1.0	-1.0	-1.0	-1.0	-1.0	-1.0	0.0	marker	opened-hand	Open	11	0418
-66498.705	-52942.5	-102356.19	-17801.28	0.0	0.0	0.0	0.0	0.0	0.0	0.0	0.0	0.0	0.0	0.0	0.0	0.0	0.0	146.27586206896555	0.0	0.031799235	-0.111510945	1.013730315	6.302379999999999	-0.57988	-1.3428799999999999	3191583.0	1776544772.925999	0.0	1.0	-1.0	-1.0	-1.0	-1.0	-1.0	-1.0	-1.0	-1.0	0.0	marker	opened-hand	Open	11	0418
-66333.19499999999	-52964.415	-102311.64	-17666.595	0.0	0.0	0.0	0.0	0.0	0.0	0.0	0.0	0.0	0.0	0.0	0.0	0.0	0.0	146.27586206896555	0.0	0.03210441	-0.09771703500000001	1.01134995	3.95234	-0.04578	0.21364	3191584.0	1776544772.930772	0.0	1.0	-1.0	-1.0	-1.0	-1.0	-1.0	-1.0	-1.0	-1.0	0.0	marker	opened-hand	Open	11	0418
-66557.205	-52981.244999999995	-102555.0	-17893.125	0.0	0.0	0.0	0.0	0.0	0.0	0.0	0.0	0.0	0.0	0.0	0.0	0.0	0.0	146.27586206896555	0.0	0.03210441	-0.09771703500000001	1.01134995	3.95234	-0.04578	0.21364	3191585.0	1776544772.93078	0.0	1.0	-1.0	-1.0	-1.0	-1.0	-1.0	-1.0	-1.0	-1.0	0.0	marker	opened-hand	Open	11	0418
-66657.015	-52986.24	-102556.53	-17976.375	0.0	0.0	0.0	0.0	0.0	0.0	0.0	0.0	0.0	0.0	0.0	0.0	0.0	0.0	146.27586206896555	0.0	0.03210441	-0.09771703500000001	1.01134995	3.95234	-0.04578	0.21364	3191586.0	1776544772.933871	0.0	1.0	-1.0	-1.0	-1.0	-1.0	-1.0	-1.0	-1.0	-1.0	0.0	marker	opened-hand	Open	11	0418
-66595.95	-52976.52	-102424.00499999999	-17800.515	0.0	0.0	0.0	0.0	0.0	0.0	0.0	0.0	0.0	0.0	0.0	0.0	0.0	0.0	146.27586206896555	0.0	0.03210441	-0.09771703500000001	1.01134995	3.95234	-0.04578	0.21364	3191587.0	1776544772.93388	0.0	1.0	-1.0	-1.0	-1.0	-1.0	-1.0	-1.0	-1.0	-1.0	0.0	marker	opened-hand	Open	11	0418
-66583.305	-52966.395	-102401.50499999999	-17716.905	0.0	0.0	0.0	0.0	0.0	0.0	0.0	0.0	0.0	0.0	0.0	0.0	0.0	0.0	146.27586206896555	0.0	0.03210441	-0.09771703500000001	1.01134995	3.95234	-0.04578	0.21364	3191588.0	1776544772.937905	0.0	1.0	-1.0	-1.0	-1.0	-1.0	-1.0	-1.0	-1.0	-1.0	0.0	marker	opened-hand	Open	11	0418
-66580.155	-52962.39	-102447.675	-17741.61	0.0	0.0	0.0	0.0	0.0	0.0	0.0	0.0	0.0	0.0	0.0	0.0	0.0	0.0	146.27586206896555	0.0	0.03210441	-0.09771703500000001	1.01134995	3.95234	-0.04578	0.21364	3191589.0	1776544772.937909	0.0	1.0	-1.0	-1.0	-1.0	-1.0	-1.0	-1.0	-1.0	-1.0	0.0	marker	opened-hand	Open	11	0418
-66412.395	-52948.215	-102380.04	-17706.825	0.0	0.0	0.0	0.0	0.0	0.0	0.0	0.0	0.0	0.0	0.0	0.0	0.0	0.0	146.27586206896555	0.0	0.03210441	-0.09771703500000001	1.01134995	3.95234	-0.04578	0.21364	3191590.0	1776544772.944203	0.0	1.0	-1.0	-1.0	-1.0	-1.0	-1.0	-1.0	-1.0	-1.0	0.0	marker	opened-hand	Open	11	0418
-66455.91	-52941.689999999995	-102331.305	-17698.86	0.0	0.0	0.0	0.0	0.0	0.0	0.0	0.0	0.0	0.0	0.0	0.0	0.0	0.0	146.27586206896555	0.0	0.03210441	-0.09771703500000001	1.01134995	3.95234	-0.04578	0.21364	3191591.0	1776544772.944221	0.0	1.0	-1.0	-1.0	-1.0	-1.0	-1.0	-1.0	-1.0	-1.0	0.0	marker	opened-hand	Open	11	0418
-66580.425	-52942.14	-102377.295	-17786.204999999998	0.0	0.0	0.0	0.0	0.0	0.0	0.0	0.0	0.0	0.0	0.0	0.0	0.0	0.0	146.27586206896555	0.0	0.03210441	-0.09771703500000001	1.01134995	3.95234	-0.04578	0.21364	3191592.0	1776544772.947161	0.0	1.0	-1.0	-1.0	-1.0	-1.0	-1.0	-1.0	-1.0	-1.0	0.0	marker	opened-hand	Open	11	0418
-66446.19	-52928.775	-102301.73999999999	-17690.355	0.0	0.0	0.0	0.0	0.0	0.0	0.0	0.0	0.0	0.0	0.0	0.0	0.0	0.0	146.27586206896555	0.0	0.03210441	-0.09771703500000001	1.01134995	3.95234	-0.04578	0.21364	3191593.0	1776544772.947166	0.0	1.0	-1.0	-1.0	-1.0	-1.0	-1.0	-1.0	-1.0	-1.0	0.0	marker	opened-hand	Open	11	0418
-66403.08	-52927.335	-102324.95999999999	-17658.585	0.0	0.0	0.0	0.0	0.0	0.0	0.0	0.0	0.0	0.0	0.0	0.0	0.0	0.0	146.27586206896555	0.0	0.03564444	-0.089050065	1.01012925	1.95328	-0.12208	0.30519999999999997	3191594.0	1776544772.950268	0.0	1.0	-1.0	-1.0	-1.0	-1.0	-1.0	-1.0	-1.0	-1.0	0.0	marker	opened-hand	Open	11	0418
-66651.66	-52951.59	-102588.25499999999	-17962.695	0.0	0.0	0.0	0.0	0.0	0.0	0.0	0.0	0.0	0.0	0.0	0.0	0.0	0.0	146.27586206896555	0.0	0.03564444	-0.089050065	1.01012925	1.95328	-0.12208	0.30519999999999997	3191595.0	1776544772.950284	0.0	1.0	-1.0	-1.0	-1.0	-1.0	-1.0	-1.0	-1.0	-1.0	0.0	marker	opened-hand	Open	11	0418
-66741.39	-52962.119999999995	-102696.84	-18049.094999999998	0.0	0.0	0.0	0.0	0.0	0.0	0.0	0.0	0.0	0.0	0.0	0.0	0.0	0.0	146.27586206896555	0.0	0.03564444	-0.089050065	1.01012925	1.95328	-0.12208	0.30519999999999997	3191596.0	1776544772.953945	0.0	1.0	-1.0	-1.0	-1.0	-1.0	-1.0	-1.0	-1.0	-1.0	0.0	marker	opened-hand	Open	11	0418
-66560.08499999999	-52940.295	-102509.73	-17867.25	0.0	0.0	0.0	0.0	0.0	0.0	0.0	0.0	0.0	0.0	0.0	0.0	0.0	0.0	146.27586206896555	0.0	0.03564444	-0.089050065	1.01012925	1.95328	-0.12208	0.30519999999999997	3191597.0	1776544772.953949	0.0	1.0	-1.0	-1.0	-1.0	-1.0	-1.0	-1.0	-1.0	-1.0	0.0	marker	opened-hand	Open	11	0418
-66551.67	-52926.795	-102481.2	-17817.93	0.0	0.0	0.0	0.0	0.0	0.0	0.0	0.0	0.0	0.0	0.0	0.0	0.0	0.0	146.27586206896555	0.0	0.03564444	-0.089050065	1.01012925	1.95328	-0.12208	0.30519999999999997	3191598.0	1776544772.958035	0.0	1.0	-1.0	-1.0	-1.0	-1.0	-1.0	-1.0	-1.0	-1.0	0.0	marker	opened-hand	Open	11	0418
-66416.04	-52914.645	-102300.48	-17649.54	0.0	0.0	0.0	0.0	0.0	0.0	0.0	0.0	0.0	0.0	0.0	0.0	0.0	0.0	146.27586206896555	0.0	0.03564444	-0.089050065	1.01012925	1.95328	-0.12208	0.30519999999999997	3191599.0	1776544772.958042	0.0	1.0	-1.0	-1.0	-1.0	-1.0	-1.0	-1.0	-1.0	-1.0	0.0	marker	opened-hand	Open	11	0418
-66483.18	-52921.215	-102384.495	-17757.855	0.0	0.0	0.0	0.0	0.0	0.0	0.0	0.0	0.0	0.0	0.0	0.0	0.0	0.0	146.27586206896555	0.0	0.03564444	-0.089050065	1.01012925	1.95328	-0.12208	0.30519999999999997	3191600.0	1776544772.961999	0.0	1.0	-1.0	-1.0	-1.0	-1.0	-1.0	-1.0	-1.0	-1.0	0.0	marker	opened-hand	Open	11	0418
-66556.215	-52948.53	-102541.905	-17937.045	0.0	0.0	0.0	0.0	0.0	0.0	0.0	0.0	0.0	0.0	0.0	0.0	0.0	0.0	146.27586206896555	0.0	0.03564444	-0.089050065	1.01012925	1.95328	-0.12208	0.30519999999999997	3191601.0	1776544772.962007	0.0	1.0	-1.0	-1.0	-1.0	-1.0	-1.0	-1.0	-1.0	-1.0	0.0	marker	opened-hand	Open	11	0418
-66673.44	-52978.59	-102587.67	-18006.48	0.0	0.0	0.0	0.0	0.0	0.0	0.0	0.0	0.0	0.0	0.0	0.0	0.0	0.0	146.27586206896555	0.0	0.03564444	-0.089050065	1.01012925	1.95328	-0.12208	0.30519999999999997	3191602.0	1776544772.966171	0.0	1.0	-1.0	-1.0	-1.0	-1.0	-1.0	-1.0	-1.0	-1.0	0.0	marker	opened-hand	Open	11	0418
-66677.13	-52993.305	-102540.735	-17940.375	0.0	0.0	0.0	0.0	0.0	0.0	0.0	0.0	0.0	0.0	0.0	0.0	0.0	0.0	146.27586206896555	0.0	0.03564444	-0.089050065	1.01012925	1.95328	-0.12208	0.30519999999999997	3191603.0	1776544772.966178	0.0	1.0	-1.0	-1.0	-1.0	-1.0	-1.0	-1.0	-1.0	-1.0	0.0	marker	opened-hand	Open	11	0418
-66610.44	-52986.915	-102513.915	-17882.73	0.0	0.0	0.0	0.0	0.0	0.0	0.0	0.0	0.0	0.0	0.0	0.0	0.0	0.0	146.27586206896555	0.0	0.040099995	-0.0939939	1.0073826750000001	1.6785999999999999	0.56462	1.2055399999999998	3191604.0	1776544772.970101	0.0	1.0	-1.0	-1.0	-1.0	-1.0	-1.0	-1.0	-1.0	-1.0	0.0	marker	opened-hand	Open	11	0418
-66581.28	-52980.57	-102515.44499999999	-17884.71	0.0	0.0	0.0	0.0	0.0	0.0	0.0	0.0	0.0	0.0	0.0	0.0	0.0	0.0	146.27586206896555	0.0	0.040099995	-0.0939939	1.0073826750000001	1.6785999999999999	0.56462	1.2055399999999998	3191605.0	1776544772.970109	0.0	1.0	-1.0	-1.0	-1.0	-1.0	-1.0	-1.0	-1.0	-1.0	0.0	marker	opened-hand	Open	11	0418
-66555.45	-52973.325	-102509.55	-17890.605	0.0	0.0	0.0	0.0	0.0	0.0	0.0	0.0	0.0	0.0	0.0	0.0	0.0	0.0	146.27586206896555	0.0	0.040099995	-0.0939939	1.0073826750000001	1.6785999999999999	0.56462	1.2055399999999998	3191606.0	1776544772.975147	0.0	1.0	-1.0	-1.0	-1.0	-1.0	-1.0	-1.0	-1.0	-1.0	0.0	marker	opened-hand	Open	11	0418
-66582.315	-52953.119999999995	-102506.12999999999	-17856.719999999998	0.0	0.0	0.0	0.0	0.0	0.0	0.0	0.0	0.0	0.0	0.0	0.0	0.0	0.0	146.27586206896555	0.0	0.040099995	-0.0939939	1.0073826750000001	1.6785999999999999	0.56462	1.2055399999999998	3191607.0	1776544772.975162	0.0	1.0	-1.0	-1.0	-1.0	-1.0	-1.0	-1.0	-1.0	-1.0	0.0	marker	opened-hand	Open	11	0418
-66621.51	-52944.615	-102487.545	-17830.934999999998	0.0	0.0	0.0	0.0	0.0	0.0	0.0	0.0	0.0	0.0	0.0	0.0	0.0	0.0	146.27586206896555	0.0	0.040099995	-0.0939939	1.0073826750000001	1.6785999999999999	0.56462	1.2055399999999998	3191608.0	1776544772.978077	0.0	1.0	-1.0	-1.0	-1.0	-1.0	-1.0	-1.0	-1.0	-1.0	0.0	marker	opened-hand	Open	11	0418
-66504.23999999999	-52942.095	-102418.515	-17796.555	0.0	0.0	0.0	0.0	0.0	0.0	0.0	0.0	0.0	0.0	0.0	0.0	0.0	0.0	146.27586206896555	0.0	0.040099995	-0.0939939	1.0073826750000001	1.6785999999999999	0.56462	1.2055399999999998	3191609.0	1776544772.978092	0.0	1.0	-1.0	-1.0	-1.0	-1.0	-1.0	-1.0	-1.0	-1.0	0.0	marker	opened-hand	Open	11	0418
-66455.37	-52952.265	-102342.19499999999	-17763.255	0.0	0.0	0.0	0.0	0.0	0.0	0.0	0.0	0.0	0.0	0.0	0.0	0.0	0.0	146.27586206896555	0.0	0.040099995	-0.0939939	1.0073826750000001	1.6785999999999999	0.56462	1.2055399999999998	3191610.0	1776544772.982083	0.0	1.0	-1.0	-1.0	-1.0	-1.0	-1.0	-1.0	-1.0	-1.0	0.0	marker	opened-hand	Open	11	0418
-66375.63	-52960.365	-102246.885	-17670.105	0.0	0.0	0.0	0.0	0.0	0.0	0.0	0.0	0.0	0.0	0.0	0.0	0.0	0.0	146.27586206896555	0.0	0.040099995	-0.0939939	1.0073826750000001	1.6785999999999999	0.56462	1.2055399999999998	3191611.0	1776544772.982087	0.0	1.0	-1.0	-1.0	-1.0	-1.0	-1.0	-1.0	-1.0	-1.0	0.0	marker	opened-hand	Open	11	0418
-66419.685	-52972.064999999995	-102357.98999999999	-17707.77	0.0	0.0	0.0	0.0	0.0	0.0	0.0	0.0	0.0	0.0	0.0	0.0	0.0	0.0	146.27586206896555	0.0	0.040099995	-0.0939939	1.0073826750000001	1.6785999999999999	0.56462	1.2055399999999998	3191612.0	1776544772.986173	0.0	1.0	-1.0	-1.0	-1.0	-1.0	-1.0	-1.0	-1.0	-1.0	0.0	marker	opened-hand	Open	11	0418
-66463.33499999999	-52967.79	-102360.95999999999	-17734.635	0.0	0.0	0.0	0.0	0.0	0.0	0.0	0.0	0.0	0.0	0.0	0.0	0.0	0.0	146.27586206896555	0.0	0.040099995	-0.0939939	1.0073826750000001	1.6785999999999999	0.56462	1.2055399999999998	3191613.0	1776544772.986187	0.0	1.0	-1.0	-1.0	-1.0	-1.0	-1.0	-1.0	-1.0	-1.0	0.0	marker	opened-hand	Open	11	0418
-66467.43	-52946.909999999996	-102312.58499999999	-17656.965	0.0	0.0	0.0	0.0	0.0	0.0	0.0	0.0	0.0	0.0	0.0	0.0	0.0	0.0	146.27586206896555	0.0	0.042175185000000004	-0.10400364000000001	1.007138535	2.5179	1.0682	1.0834599999999999	3191614.0	1776544772.990239	0.0	1.0	-1.0	-1.0	-1.0	-1.0	-1.0	-1.0	-1.0	-1.0	0.0	marker	opened-hand	Open	11	0418
-66611.205	-52949.88	-102441.06	-17765.415	0.0	0.0	0.0	0.0	0.0	0.0	0.0	0.0	0.0	0.0	0.0	0.0	0.0	0.0	146.27586206896555	0.0	0.042175185000000004	-0.10400364000000001	1.007138535	2.5179	1.0682	1.0834599999999999	3191615.0	1776544772.990253	0.0	1.0	-1.0	-1.0	-1.0	-1.0	-1.0	-1.0	-1.0	-1.0	0.0	marker	opened-hand	Open	11	0418
-66664.8	-52963.155	-102571.065	-17925.255	0.0	0.0	0.0	0.0	0.0	0.0	0.0	0.0	0.0	0.0	0.0	0.0	0.0	0.0	146.27586206896555	0.0	0.042175185000000004	-0.10400364000000001	1.007138535	2.5179	1.0682	1.0834599999999999	3191616.0	1776544772.994363	0.0	1.0	-1.0	-1.0	-1.0	-1.0	-1.0	-1.0	-1.0	-1.0	0.0	marker	opened-hand	Open	11	0418
-66573.045	-52964.954999999994	-102485.51999999999	-17814.329999999998	0.0	0.0	0.0	0.0	0.0	0.0	0.0	0.0	0.0	0.0	0.0	0.0	0.0	0.0	146.27586206896555	0.0	0.042175185000000004	-0.10400364000000001	1.007138535	2.5179	1.0682	1.0834599999999999	3191617.0	1776544772.994378	0.0	1.0	-1.0	-1.0	-1.0	-1.0	-1.0	-1.0	-1.0	-1.0	0.0	marker	opened-hand	Open	11	0418
-66460.41	-52969.185	-102375.315	-17753.579999999998	0.0	0.0	0.0	0.0	0.0	0.0	0.0	0.0	0.0	0.0	0.0	0.0	0.0	0.0	146.27586206896555	0.0	0.042175185000000004	-0.10400364000000001	1.007138535	2.5179	1.0682	1.0834599999999999	3191618.0	1776544772.998224	0.0	1.0	-1.0	-1.0	-1.0	-1.0	-1.0	-1.0	-1.0	-1.0	0.0	marker	opened-hand	Open	11	0418
-66402.495	-52982.28	-102367.575	-17770.14	0.0	0.0	0.0	0.0	0.0	0.0	0.0	0.0	0.0	0.0	0.0	0.0	0.0	0.0	146.27586206896555	0.0	0.042175185000000004	-0.10400364000000001	1.007138535	2.5179	1.0682	1.0834599999999999	3191619.0	1776544772.998239	0.0	1.0	-1.0	-1.0	-1.0	-1.0	-1.0	-1.0	-1.0	-1.0	0.0	marker	opened-hand	Open	11	0418
-66619.575	-53023.725	-102576.555	-17917.155	0.0	0.0	0.0	0.0	0.0	0.0	0.0	0.0	0.0	0.0	0.0	0.0	0.0	0.0	146.27586206896555	0.0	0.042175185000000004	-0.10400364000000001	1.007138535	2.5179	1.0682	1.0834599999999999	3191620.0	1776544773.002193	0.0	1.0	-1.0	-1.0	-1.0	-1.0	-1.0	-1.0	-1.0	-1.0	0.0	marker	opened-hand	Open	11	0418
-66670.11	-53035.74	-102625.56	-17973.855	0.0	0.0	0.0	0.0	0.0	0.0	0.0	0.0	0.0	0.0	0.0	0.0	0.0	0.0	146.27586206896555	0.0	0.042175185000000004	-0.10400364000000001	1.007138535	2.5179	1.0682	1.0834599999999999	3191621.0	1776544773.002208	0.0	1.0	-1.0	-1.0	-1.0	-1.0	-1.0	-1.0	-1.0	-1.0	0.0	marker	opened-hand	Open	11	0418
-66488.355	-53012.025	-102445.245	-17807.219999999998	0.0	0.0	0.0	0.0	0.0	0.0	0.0	0.0	0.0	0.0	0.0	0.0	0.0	0.0	146.27586206896555	0.0	0.042175185000000004	-0.10400364000000001	1.007138535	2.5179	1.0682	1.0834599999999999	3191622.0	1776544773.006251	0.0	1.0	-1.0	-1.0	-1.0	-1.0	-1.0	-1.0	-1.0	-1.0	0.0	marker	opened-hand	Open	11	0418
-66551.715	-52999.74	-102468.465	-17806.86	0.0	0.0	0.0	0.0	0.0	0.0	0.0	0.0	0.0	0.0	0.0	0.0	0.0	0.0	146.27586206896555	0.0	0.042175185000000004	-0.10400364000000001	1.007138535	2.5179	1.0682	1.0834599999999999	3191623.0	1776544773.006256	0.0	1.0	-1.0	-1.0	-1.0	-1.0	-1.0	-1.0	-1.0	-1.0	0.0	marker	opened-hand	Open	11	0418
-66604.14	-52996.814999999995	-102485.025	-17829.495	0.0	0.0	0.0	0.0	0.0	0.0	0.0	0.0	0.0	0.0	0.0	0.0	0.0	0.0	146.27586206896555	0.0	0.03674307	-0.10766574	1.009702005	3.18934	1.4497	0.8698199999999999	3191624.0	1776544773.01016	0.0	1.0	-1.0	-1.0	-1.0	-1.0	-1.0	-1.0	-1.0	-1.0	0.0	marker	opened-hand	Open	11	0418
-66563.28	-52997.265	-102482.64	-17843.579999999998	0.0	0.0	0.0	0.0	0.0	0.0	0.0	0.0	0.0	0.0	0.0	0.0	0.0	0.0	146.27586206896555	0.0	0.03674307	-0.10766574	1.009702005	3.18934	1.4497	0.8698199999999999	3191625.0	1776544773.010165	0.0	1.0	-1.0	-1.0	-1.0	-1.0	-1.0	-1.0	-1.0	-1.0	0.0	marker	opened-hand	Open	11	0418
-66541.36499999999	-52999.29	-102500.055	-17918.864999999998	0.0	0.0	0.0	0.0	0.0	0.0	0.0	0.0	0.0	0.0	0.0	0.0	0.0	0.0	146.27586206896555	0.0	0.03674307	-0.10766574	1.009702005	3.18934	1.4497	0.8698199999999999	3191626.0	1776544773.014246	0.0	1.0	-1.0	-1.0	-1.0	-1.0	-1.0	-1.0	-1.0	-1.0	0.0	marker	opened-hand	Open	11	0418
-66503.83499999999	-52997.625	-102455.055	-17842.32	0.0	0.0	0.0	0.0	0.0	0.0	0.0	0.0	0.0	0.0	0.0	0.0	0.0	0.0	146.27586206896555	0.0	0.03674307	-0.10766574	1.009702005	3.18934	1.4497	0.8698199999999999	3191627.0	1776544773.01426	0.0	1.0	-1.0	-1.0	-1.0	-1.0	-1.0	-1.0	-1.0	-1.0	0.0	marker	opened-hand	Open	11	0418
-66553.56	-53011.439999999995	-102498.165	-17826.795	0.0	0.0	0.0	0.0	0.0	0.0	0.0	0.0	0.0	0.0	0.0	0.0	0.0	0.0	146.27586206896555	0.0	0.03674307	-0.10766574	1.009702005	3.18934	1.4497	0.8698199999999999	3191628.0	1776544773.018177	0.0	1.0	-1.0	-1.0	-1.0	-1.0	-1.0	-1.0	-1.0	-1.0	0.0	marker	opened-hand	Open	11	0418
-66653.055	-53021.159999999996	-102548.7	-17872.38	0.0	0.0	0.0	0.0	0.0	0.0	0.0	0.0	0.0	0.0	0.0	0.0	0.0	0.0	146.27586206896555	0.0	0.03674307	-0.10766574	1.009702005	3.18934	1.4497	0.8698199999999999	3191629.0	1776544773.018193	0.0	1.0	-1.0	-1.0	-1.0	-1.0	-1.0	-1.0	-1.0	-1.0	0.0	marker	opened-hand	Open	11	0418
-66464.64	-52996.32	-102364.37999999999	-17717.04	0.0	0.0	0.0	0.0	0.0	0.0	0.0	0.0	0.0	0.0	0.0	0.0	0.0	0.0	146.27586206896555	0.0	0.03674307	-0.10766574	1.009702005	3.18934	1.4497	0.8698199999999999	3191630.0	1776544773.022214	0.0	1.0	-1.0	-1.0	-1.0	-1.0	-1.0	-1.0	-1.0	-1.0	0.0	marker	opened-hand	Open	11	0418
-66437.145	-52983.494999999995	-102303.45	-17646.21	0.0	0.0	0.0	0.0	0.0	0.0	0.0	0.0	0.0	0.0	0.0	0.0	0.0	0.0	146.27586206896555	0.0	0.03674307	-0.10766574	1.009702005	3.18934	1.4497	0.8698199999999999	3191631.0	1776544773.022229	0.0	1.0	-1.0	-1.0	-1.0	-1.0	-1.0	-1.0	-1.0	-1.0	0.0	marker	opened-hand	Open	11	0418
-66657.51	-52995.329999999994	-102529.70999999999	-17894.43	0.0	0.0	0.0	0.0	0.0	0.0	0.0	0.0	0.0	0.0	0.0	0.0	0.0	0.0	146.27586206896555	0.0	0.03674307	-0.10766574	1.009702005	3.18934	1.4497	0.8698199999999999	3191632.0	1776544773.026218	0.0	1.0	-1.0	-1.0	-1.0	-1.0	-1.0	-1.0	-1.0	-1.0	0.0	marker	opened-hand	Open	11	0418
-66617.73	-52997.895	-102554.14499999999	-17922.645	0.0	0.0	0.0	0.0	0.0	0.0	0.0	0.0	0.0	0.0	0.0	0.0	0.0	0.0	146.27586206896555	0.0	0.03674307	-0.10766574	1.009702005	3.18934	1.4497	0.8698199999999999	3191633.0	1776544773.026233	0.0	1.0	-1.0	-1.0	-1.0	-1.0	-1.0	-1.0	-1.0	-1.0	0.0	marker	opened-hand	Open	11	0418
-66594.915	-53011.17	-102461.175	-17778.555	0.0	0.0	0.0	0.0	0.0	0.0	0.0	0.0	0.0	0.0	0.0	0.0	0.0	0.0	146.27586206896555	0.0	0.034118565000000003	-0.10839816000000001	1.0119603	3.8455199999999996	0.82404	0.7019599999999999	3191634.0	1776544773.030267	0.0	1.0	-1.0	-1.0	-1.0	-1.0	-1.0	-1.0	-1.0	-1.0	0.0	marker	opened-hand	Open	11	0418
-66483.18	-53015.4	-102401.685	-17676.855	0.0	0.0	0.0	0.0	0.0	0.0	0.0	0.0	0.0	0.0	0.0	0.0	0.0	0.0	146.27586206896555	0.0	0.034118565000000003	-0.10839816000000001	1.0119603	3.8455199999999996	0.82404	0.7019599999999999	3191635.0	1776544773.030283	0.0	1.0	-1.0	-1.0	-1.0	-1.0	-1.0	-1.0	-1.0	-1.0	0.0	marker	opened-hand	Open	11	0418
-66296.925	-53000.595	-102263.48999999999	-17630.64	0.0	0.0	0.0	0.0	0.0	0.0	0.0	0.0	0.0	0.0	0.0	0.0	0.0	0.0	146.27586206896555	0.0	0.034118565000000003	-0.10839816000000001	1.0119603	3.8455199999999996	0.82404	0.7019599999999999	3191636.0	1776544773.034837	0.0	1.0	-1.0	-1.0	-1.0	-1.0	-1.0	-1.0	-1.0	-1.0	0.0	marker	opened-hand	Open	11	0418
-66516.255	-53021.34	-102331.62	-17703.63	0.0	0.0	0.0	0.0	0.0	0.0	0.0	0.0	0.0	0.0	0.0	0.0	0.0	0.0	146.27586206896555	0.0	0.034118565000000003	-0.10839816000000001	1.0119603	3.8455199999999996	0.82404	0.7019599999999999	3191637.0	1776544773.034851	0.0	1.0	-1.0	-1.0	-1.0	-1.0	-1.0	-1.0	-1.0	-1.0	0.0	marker	opened-hand	Open	11	0418
-66693.465	-53005.725	-102594.465	-17980.065	0.0	0.0	0.0	0.0	0.0	0.0	0.0	0.0	0.0	0.0	0.0	0.0	0.0	0.0	146.27586206896555	0.0	0.034118565000000003	-0.10839816000000001	1.0119603	3.8455199999999996	0.82404	0.7019599999999999	3191638.0	1776544773.038248	0.0	1.0	-1.0	-1.0	-1.0	-1.0	-1.0	-1.0	-1.0	-1.0	0.0	marker	opened-hand	Open	11	0418
-66706.065	-52948.845	-102704.76	-18095.04	0.0	0.0	0.0	0.0	0.0	0.0	0.0	0.0	0.0	0.0	0.0	0.0	0.0	0.0	146.27586206896555	0.0	0.034118565000000003	-0.10839816000000001	1.0119603	3.8455199999999996	0.82404	0.7019599999999999	3191639.0	1776544773.038262	0.0	1.0	-1.0	-1.0	-1.0	-1.0	-1.0	-1.0	-1.0	-1.0	0.0	marker	opened-hand	Open	11	0418
-66659.805	-52929.945	-102632.04	-18020.88	0.0	0.0	0.0	0.0	0.0	0.0	0.0	0.0	0.0	0.0	0.0	0.0	0.0	0.0	146.27586206896555	0.0	0.034118565000000003	-0.10839816000000001	1.0119603	3.8455199999999996	0.82404	0.7019599999999999	3191640.0	1776544773.043314	0.0	1.0	-1.0	-1.0	-1.0	-1.0	-1.0	-1.0	-1.0	-1.0	0.0	marker	opened-hand	Open	11	0418
-66629.97	-52929.54	-102567.64499999999	-17949.825	0.0	0.0	0.0	0.0	0.0	0.0	0.0	0.0	0.0	0.0	0.0	0.0	0.0	0.0	146.27586206896555	0.0	0.034118565000000003	-0.10839816000000001	1.0119603	3.8455199999999996	0.82404	0.7019599999999999	3191641.0	1776544773.043328	0.0	1.0	-1.0	-1.0	-1.0	-1.0	-1.0	-1.0	-1.0	-1.0	0.0	marker	opened-hand	Open	11	0418
-66601.575	-52936.695	-102531.23999999999	-17885.565	0.0	0.0	0.0	0.0	0.0	0.0	0.0	0.0	0.0	0.0	0.0	0.0	0.0	0.0	146.27586206896555	0.0	0.034118565000000003	-0.10839816000000001	1.0119603	3.8455199999999996	0.82404	0.7019599999999999	3191642.0	1776544773.046349	0.0	1.0	-1.0	-1.0	-1.0	-1.0	-1.0	-1.0	-1.0	-1.0	0.0	marker	opened-hand	Open	11	0418
-66545.37	-52941.915	-102454.965	-17807.04	0.0	0.0	0.0	0.0	0.0	0.0	0.0	0.0	0.0	0.0	0.0	0.0	0.0	0.0	146.27586206896555	0.0	0.034118565000000003	-0.10839816000000001	1.0119603	3.8455199999999996	0.82404	0.7019599999999999	3191643.0	1776544773.046355	0.0	1.0	-1.0	-1.0	-1.0	-1.0	-1.0	-1.0	-1.0	-1.0	0.0	marker	opened-hand	Open	11	0418
-66560.04	-52957.395	-102489.48	-17842.86	0.0	0.0	0.0	0.0	0.0	0.0	0.0	0.0	0.0	0.0	0.0	0.0	0.0	0.0	146.27586206896555	0.0	0.032043375	-0.110656455	1.01659896	2.99096	0.25942	-0.35097999999999996	3191644.0	1776544773.052383	0.0	1.0	-1.0	-1.0	-1.0	-1.0	-1.0	-1.0	-1.0	-1.0	0.0	marker	opened-hand	Open	11	0418
-66574.26	-52968.96	-102492.315	-17854.829999999998	0.0	0.0	0.0	0.0	0.0	0.0	0.0	0.0	0.0	0.0	0.0	0.0	0.0	0.0	146.27586206896555	0.0	0.032043375	-0.110656455	1.01659896	2.99096	0.25942	-0.35097999999999996	3191645.0	1776544773.052398	0.0	1.0	-1.0	-1.0	-1.0	-1.0	-1.0	-1.0	-1.0	-1.0	0.0	marker	opened-hand	Open	11	0418
-66522.19499999999	-52959.555	-102429.26999999999	-17805.015	0.0	0.0	0.0	0.0	0.0	0.0	0.0	0.0	0.0	0.0	0.0	0.0	0.0	0.0	146.27586206896555	0.0	0.032043375	-0.110656455	1.01659896	2.99096	0.25942	-0.35097999999999996	3191646.0	1776544773.055347	0.0	1.0	-1.0	-1.0	-1.0	-1.0	-1.0	-1.0	-1.0	-1.0	0.0	marker	opened-hand	Open	11	0418
-66502.08	-52949.25	-102393.94499999999	-17765.55	0.0	0.0	0.0	0.0	0.0	0.0	0.0	0.0	0.0	0.0	0.0	0.0	0.0	0.0	146.27586206896555	0.0	0.032043375	-0.110656455	1.01659896	2.99096	0.25942	-0.35097999999999996	3191647.0	1776544773.055362	0.0	1.0	-1.0	-1.0	-1.0	-1.0	-1.0	-1.0	-1.0	-1.0	0.0	marker	opened-hand	Open	11	0418
-66485.565	-52945.92	-102365.81999999999	-17718.03	0.0	0.0	0.0	0.0	0.0	0.0	0.0	0.0	0.0	0.0	0.0	0.0	0.0	0.0	146.27586206896555	0.0	0.032043375	-0.110656455	1.01659896	2.99096	0.25942	-0.35097999999999996	3191648.0	1776544773.058428	0.0	1.0	-1.0	-1.0	-1.0	-1.0	-1.0	-1.0	-1.0	-1.0	0.0	marker	opened-hand	Open	11	0418
-66443.31	-52949.79	-102332.61	-17680.77	0.0	0.0	0.0	0.0	0.0	0.0	0.0	0.0	0.0	0.0	0.0	0.0	0.0	0.0	146.27586206896555	0.0	0.032043375	-0.110656455	1.01659896	2.99096	0.25942	-0.35097999999999996	3191649.0	1776544773.058443	0.0	1.0	-1.0	-1.0	-1.0	-1.0	-1.0	-1.0	-1.0	-1.0	0.0	marker	opened-hand	Open	11	0418
-66518.55	-52959.104999999996	-102351.15	-17724.645	0.0	0.0	0.0	0.0	0.0	0.0	0.0	0.0	0.0	0.0	0.0	0.0	0.0	0.0	146.27586206896555	0.0	0.032043375	-0.110656455	1.01659896	2.99096	0.25942	-0.35097999999999996	3191650.0	1776544773.064767	0.0	1.0	-1.0	-1.0	-1.0	-1.0	-1.0	-1.0	-1.0	-1.0	0.0	marker	opened-hand	Open	11	0418
-66575.06999999999	-52973.189999999995	-102510.81	-17900.594999999998	0.0	0.0	0.0	0.0	0.0	0.0	0.0	0.0	0.0	0.0	0.0	0.0	0.0	0.0	146.27586206896555	0.0	0.032043375	-0.110656455	1.01659896	2.99096	0.25942	-0.35097999999999996	3191651.0	1776544773.064782	0.0	1.0	-1.0	-1.0	-1.0	-1.0	-1.0	-1.0	-1.0	-1.0	0.0	marker	opened-hand	Open	11	0418
-66627.45	-52974.72	-102613.76999999999	-17945.01	0.0	0.0	0.0	0.0	0.0	0.0	0.0	0.0	0.0	0.0	0.0	0.0	0.0	0.0	146.27586206896555	0.0	0.032043375	-0.110656455	1.01659896	2.99096	0.25942	-0.35097999999999996	3191652.0	1776544773.066381	0.0	1.0	-1.0	-1.0	-1.0	-1.0	-1.0	-1.0	-1.0	-1.0	0.0	marker	opened-hand	Open	11	0418
-66490.155	-52957.755	-102474.765	-17818.515	0.0	0.0	0.0	0.0	0.0	0.0	0.0	0.0	0.0	0.0	0.0	0.0	0.0	0.0	146.27586206896555	0.0	0.032043375	-0.110656455	1.01659896	2.99096	0.25942	-0.35097999999999996	3191653.0	1776544773.066396	0.0	1.0	-1.0	-1.0	-1.0	-1.0	-1.0	-1.0	-1.0	-1.0	0.0	marker	opened-hand	Open	11	0418
-66546.94499999999	-52946.64	-102430.485	-17781.255	0.0	0.0	0.0	0.0	0.0	0.0	0.0	0.0	0.0	0.0	0.0	0.0	0.0	0.0	146.27586206896555	0.0	0.02832024	-0.108092985	1.015927575	3.11304	0.41202	-0.28994	3191654.0	1776544773.070468	0.0	1.0	-1.0	-1.0	-1.0	-1.0	-1.0	-1.0	-1.0	-1.0	0.0	marker	opened-hand	Open	11	0418
-66636.63	-52944.479999999996	-102483.94499999999	-17841.6	0.0	0.0	0.0	0.0	0.0	0.0	0.0	0.0	0.0	0.0	0.0	0.0	0.0	0.0	146.27586206896555	0.0	0.02832024	-0.108092985	1.015927575	3.11304	0.41202	-0.28994	3191655.0	1776544773.070483	0.0	1.0	-1.0	-1.0	-1.0	-1.0	-1.0	-1.0	-1.0	-1.0	0.0	marker	opened-hand	Open	11	0418
-66516.97499999999	-52937.64	-102391.33499999999	-17765.19	0.0	0.0	0.0	0.0	0.0	0.0	0.0	0.0	0.0	0.0	0.0	0.0	0.0	0.0	146.27586206896555	0.0	0.02832024	-0.108092985	1.015927575	3.11304	0.41202	-0.28994	3191656.0	1776544773.074451	0.0	1.0	-1.0	-1.0	-1.0	-1.0	-1.0	-1.0	-1.0	-1.0	0.0	marker	opened-hand	Open	11	0418
-66407.94	-52926.975	-102227.22	-17609.399999999998	0.0	0.0	0.0	0.0	0.0	0.0	0.0	0.0	0.0	0.0	0.0	0.0	0.0	0.0	146.27586206896555	0.0	0.02832024	-0.108092985	1.015927575	3.11304	0.41202	-0.28994	3191657.0	1776544773.074458	0.0	1.0	-1.0	-1.0	-1.0	-1.0	-1.0	-1.0	-1.0	-1.0	0.0	marker	opened-hand	Open	11	0418
-66304.305	-52923.78	-102117.64499999999	-17480.43	0.0	0.0	0.0	0.0	0.0	0.0	0.0	0.0	0.0	0.0	0.0	0.0	0.0	0.0	146.27586206896555	0.0	0.02832024	-0.108092985	1.015927575	3.11304	0.41202	-0.28994	3191658.0	1776544773.082076	0.0	1.0	-1.0	-1.0	-1.0	-1.0	-1.0	-1.0	-1.0	-1.0	0.0	marker	opened-hand	Open	11	0418
-66492.675	-52952.265	-102441.59999999999	-17772.255	0.0	0.0	0.0	0.0	0.0	0.0	0.0	0.0	0.0	0.0	0.0	0.0	0.0	0.0	146.27586206896555	0.0	0.02832024	-0.108092985	1.015927575	3.11304	0.41202	-0.28994	3191659.0	1776544773.082085	0.0	1.0	-1.0	-1.0	-1.0	-1.0	-1.0	-1.0	-1.0	-1.0	0.0	marker	opened-hand	Open	11	0418
-66675.42	-52974.63	-102683.745	-18020.565	0.0	0.0	0.0	0.0	0.0	0.0	0.0	0.0	0.0	0.0	0.0	0.0	0.0	0.0	146.27586206896555	0.0	0.02832024	-0.108092985	1.015927575	3.11304	0.41202	-0.28994	3191660.0	1776544773.0821	0.0	1.0	-1.0	-1.0	-1.0	-1.0	-1.0	-1.0	-1.0	-1.0	0.0	marker	opened-hand	Open	11	0418
-66574.34999999999	-52976.52	-102539.79	-17911.71	0.0	0.0	0.0	0.0	0.0	0.0	0.0	0.0	0.0	0.0	0.0	0.0	0.0	0.0	146.27586206896555	0.0	0.02832024	-0.108092985	1.015927575	3.11304	0.41202	-0.28994	3191661.0	1776544773.082108	0.0	1.0	-1.0	-1.0	-1.0	-1.0	-1.0	-1.0	-1.0	-1.0	0.0	marker	opened-hand	Open	11	0418
-66547.755	-52977.465	-102480.97499999999	-17863.245	0.0	0.0	0.0	0.0	0.0	0.0	0.0	0.0	0.0	0.0	0.0	0.0	0.0	0.0	146.27586206896555	0.0	0.02832024	-0.108092985	1.015927575	3.11304	0.41202	-0.28994	3191662.0	1776544773.086434	0.0	1.0	-1.0	-1.0	-1.0	-1.0	-1.0	-1.0	-1.0	-1.0	0.0	marker	opened-hand	Open	11	0418
-66546.765	-52971.21	-102466.89	-17824.545	0.0	0.0	0.0	0.0	0.0	0.0	0.0	0.0	0.0	0.0	0.0	0.0	0.0	0.0	146.27586206896555	0.0	0.02832024	-0.108092985	1.015927575	3.11304	0.41202	-0.28994	3191663.0	1776544773.086443	0.0	1.0	-1.0	-1.0	-1.0	-1.0	-1.0	-1.0	-1.0	-1.0	0.0	marker	opened-hand	Open	11	0418
-66616.29	-52963.829999999994	-102531.555	-17814.69	0.0	0.0	0.0	0.0	0.0	0.0	0.0	0.0	0.0	0.0	0.0	0.0	0.0	0.0	145.6551724137931	0.0	0.032165445	-0.11157198	1.014462735	3.93708	0.19838	-1.23606	3191664.0	1776544773.09047	0.0	1.0	-1.0	-1.0	-1.0	-1.0	-1.0	-1.0	-1.0	-1.0	0.0	marker	opened-hand	Open	11	0418
-66607.69499999999	-52955.954999999994	-102578.625	-17888.309999999998	0.0	0.0	0.0	0.0	0.0	0.0	0.0	0.0	0.0	0.0	0.0	0.0	0.0	0.0	145.6551724137931	0.0	0.032165445	-0.11157198	1.014462735	3.93708	0.19838	-1.23606	3191665.0	1776544773.090498	0.0	1.0	-1.0	-1.0	-1.0	-1.0	-1.0	-1.0	-1.0	-1.0	0.0	marker	opened-hand	Open	11	0418
-66566.34	-52946.415	-102509.55	-17835.93	0.0	0.0	0.0	0.0	0.0	0.0	0.0	0.0	0.0	0.0	0.0	0.0	0.0	0.0	145.6551724137931	0.0	0.032165445	-0.11157198	1.014462735	3.93708	0.19838	-1.23606	3191666.0	1776544773.094494	0.0	1.0	-1.0	-1.0	-1.0	-1.0	-1.0	-1.0	-1.0	-1.0	0.0	marker	opened-hand	Open	11	0418
-66601.575	-52944.704999999994	-102467.295	-17767.934999999998	0.0	0.0	0.0	0.0	0.0	0.0	0.0	0.0	0.0	0.0	0.0	0.0	0.0	0.0	145.6551724137931	0.0	0.032165445	-0.11157198	1.014462735	3.93708	0.19838	-1.23606	3191667.0	1776544773.094527	0.0	1.0	-1.0	-1.0	-1.0	-1.0	-1.0	-1.0	-1.0	-1.0	0.0	marker	opened-hand	Open	11	0418
-66627.58499999999	-52949.115	-102517.69499999999	-17811.045	0.0	0.0	0.0	0.0	0.0	0.0	0.0	0.0	0.0	0.0	0.0	0.0	0.0	0.0	145.6551724137931	0.0	0.032165445	-0.11157198	1.014462735	3.93708	0.19838	-1.23606	3191668.0	1776544773.098565	0.0	1.0	-1.0	-1.0	-1.0	-1.0	-1.0	-1.0	-1.0	-1.0	0.0	marker	opened-hand	Open	11	0418
-66573.405	-52958.159999999996	-102509.595	-17923.545	0.0	0.0	0.0	0.0	0.0	0.0	0.0	0.0	0.0	0.0	0.0	0.0	0.0	0.0	145.6551724137931	0.0	0.032165445	-0.11157198	1.014462735	3.93708	0.19838	-1.23606	3191669.0	1776544773.098593	0.0	1.0	-1.0	-1.0	-1.0	-1.0	-1.0	-1.0	-1.0	-1.0	0.0	marker	opened-hand	Open	11	0418
-66606.345	-52964.685	-102471.435	-17859.96	0.0	0.0	0.0	0.0	0.0	0.0	0.0	0.0	0.0	0.0	0.0	0.0	0.0	0.0	145.6551724137931	0.0	0.032165445	-0.11157198	1.014462735	3.93708	0.19838	-1.23606	3191670.0	1776544773.102529	0.0	1.0	-1.0	-1.0	-1.0	-1.0	-1.0	-1.0	-1.0	-1.0	0.0	marker	opened-hand	Open	11	0418
-66632.08499999999	-52974.765	-102530.34	-17876.16	0.0	0.0	0.0	0.0	0.0	0.0	0.0	0.0	0.0	0.0	0.0	0.0	0.0	0.0	145.6551724137931	0.0	0.032165445	-0.11157198	1.014462735	3.93708	0.19838	-1.23606	3191671.0	1776544773.102553	0.0	1.0	-1.0	-1.0	-1.0	-1.0	-1.0	-1.0	-1.0	-1.0	0.0	marker	opened-hand	Open	11	0418
-66477.555	-52974.63	-102451.905	-17789.13	0.0	0.0	0.0	0.0	0.0	0.0	0.0	0.0	0.0	0.0	0.0	0.0	0.0	0.0	145.6551724137931	0.0	0.032165445	-0.11157198	1.014462735	3.93708	0.19838	-1.23606	3191672.0	1776544773.106471	0.0	1.0	-1.0	-1.0	-1.0	-1.0	-1.0	-1.0	-1.0	-1.0	0.0	marker	opened-hand	Open	11	0418
-66443.805	-52969.95	-102390.20999999999	-17791.335	0.0	0.0	0.0	0.0	0.0	0.0	0.0	0.0	0.0	0.0	0.0	0.0	0.0	0.0	145.6551724137931	0.0	0.032165445	-0.11157198	1.014462735	3.93708	0.19838	-1.23606	3191673.0	1776544773.106492	0.0	1.0	-1.0	-1.0	-1.0	-1.0	-1.0	-1.0	-1.0	-1.0	0.0	marker	opened-hand	Open	11	0418
-66575.88	-52963.2	-102457.305	-17846.28	0.0	0.0	0.0	0.0	0.0	0.0	0.0	0.0	0.0	0.0	0.0	0.0	0.0	0.0	145.6551724137931	0.0	0.031433025	-0.11328096	1.0180638	5.55464	-0.25942	-1.69386	3191674.0	1776544773.11285	0.0	1.0	-1.0	-1.0	-1.0	-1.0	-1.0	-1.0	-1.0	-1.0	0.0	marker	opened-hand	Open	11	0418
-66516.795	-52951.68	-102440.87999999999	-17822.565	0.0	0.0	0.0	0.0	0.0	0.0	0.0	0.0	0.0	0.0	0.0	0.0	0.0	0.0	145.6551724137931	0.0	0.031433025	-0.11328096	1.0180638	5.55464	-0.25942	-1.69386	3191675.0	1776544773.112871	0.0	1.0	-1.0	-1.0	-1.0	-1.0	-1.0	-1.0	-1.0	-1.0	0.0	marker	opened-hand	Open	11	0418
-66465.0	-52956.945	-102416.58	-17805.69	0.0	0.0	0.0	0.0	0.0	0.0	0.0	0.0	0.0	0.0	0.0	0.0	0.0	0.0	145.6551724137931	0.0	0.031433025	-0.11328096	1.0180638	5.55464	-0.25942	-1.69386	3191676.0	1776544773.114552	0.0	1.0	-1.0	-1.0	-1.0	-1.0	-1.0	-1.0	-1.0	-1.0	0.0	marker	opened-hand	Open	11	0418
-66490.56	-52970.49	-102451.815	-17856.855	0.0	0.0	0.0	0.0	0.0	0.0	0.0	0.0	0.0	0.0	0.0	0.0	0.0	0.0	145.6551724137931	0.0	0.031433025	-0.11328096	1.0180638	5.55464	-0.25942	-1.69386	3191677.0	1776544773.114563	0.0	1.0	-1.0	-1.0	-1.0	-1.0	-1.0	-1.0	-1.0	-1.0	0.0	marker	opened-hand	Open	11	0418
-66537.22499999999	-52981.74	-102413.34	-17788.77	0.0	0.0	0.0	0.0	0.0	0.0	0.0	0.0	0.0	0.0	0.0	0.0	0.0	0.0	145.6551724137931	0.0	0.031433025	-0.11328096	1.0180638	5.55464	-0.25942	-1.69386	3191678.0	1776544773.118616	0.0	1.0	-1.0	-1.0	-1.0	-1.0	-1.0	-1.0	-1.0	-1.0	0.0	marker	opened-hand	Open	11	0418
-66510.855	-52980.795	-102378.87	-17719.29	0.0	0.0	0.0	0.0	0.0	0.0	0.0	0.0	0.0	0.0	0.0	0.0	0.0	0.0	145.6551724137931	0.0	0.031433025	-0.11328096	1.0180638	5.55464	-0.25942	-1.69386	3191679.0	1776544773.118637	0.0	1.0	-1.0	-1.0	-1.0	-1.0	-1.0	-1.0	-1.0	-1.0	0.0	marker	opened-hand	Open	11	0418
-66424.995	-52973.954999999994	-102344.625	-17694.945	0.0	0.0	0.0	0.0	0.0	0.0	0.0	0.0	0.0	0.0	0.0	0.0	0.0	0.0	145.6551724137931	0.0	0.031433025	-0.11328096	1.0180638	5.55464	-0.25942	-1.69386	3191680.0	1776544773.125423	0.0	1.0	-1.0	-1.0	-1.0	-1.0	-1.0	-1.0	-1.0	-1.0	0.0	marker	opened-hand	Open	11	0418
-66368.205	-52964.505	-102276.045	-17632.98	0.0	0.0	0.0	0.0	0.0	0.0	0.0	0.0	0.0	0.0	0.0	0.0	0.0	0.0	145.6551724137931	0.0	0.031433025	-0.11328096	1.0180638	5.55464	-0.25942	-1.69386	3191681.0	1776544773.125446	0.0	1.0	-1.0	-1.0	-1.0	-1.0	-1.0	-1.0	-1.0	-1.0	0.0	marker	opened-hand	Open	11	0418
-66481.155	-52967.52	-102465.45	-17761.094999999998	0.0	0.0	0.0	0.0	0.0	0.0	0.0	0.0	0.0	0.0	0.0	0.0	0.0	0.0	145.6551724137931	0.0	0.031433025	-0.11328096	1.0180638	5.55464	-0.25942	-1.69386	3191682.0	1776544773.131121	0.0	1.0	-1.0	-1.0	-1.0	-1.0	-1.0	-1.0	-1.0	-1.0	0.0	marker	opened-hand	Open	11	0418
-66649.995	-52969.409999999996	-102625.92	-17984.16	0.0	0.0	0.0	0.0	0.0	0.0	0.0	0.0	0.0	0.0	0.0	0.0	0.0	0.0	145.6551724137931	0.0	0.031433025	-0.11328096	1.0180638	5.55464	-0.25942	-1.69386	3191683.0	1776544773.131145	0.0	1.0	-1.0	-1.0	-1.0	-1.0	-1.0	-1.0	-1.0	-1.0	0.0	marker	opened-hand	Open	11	0418
-66687.84	-52970.22	-102580.92	-18003.149999999998	0.0	0.0	0.0	0.0	0.0	0.0	0.0	0.0	0.0	0.0	0.0	0.0	0.0	0.0	145.6551724137931	0.0	0.029846115	-0.10217259000000001	1.017758625	4.07442	-0.9308599999999999	-0.42728	3191684.0	1776544773.131164	0.0	1.0	-1.0	-1.0	-1.0	-1.0	-1.0	-1.0	-1.0	-1.0	0.0	marker	opened-hand	Open	11	0418
-66621.375	-52975.799999999996	-102539.61	-17957.565	0.0	0.0	0.0	0.0	0.0	0.0	0.0	0.0	0.0	0.0	0.0	0.0	0.0	0.0	145.6551724137931	0.0	0.029846115	-0.10217259000000001	1.017758625	4.07442	-0.9308599999999999	-0.42728	3191685.0	1776544773.131176	0.0	1.0	-1.0	-1.0	-1.0	-1.0	-1.0	-1.0	-1.0	-1.0	0.0	marker	opened-hand	Open	11	0418
-66572.37	-52975.395	-102493.935	-17850.42	0.0	0.0	0.0	0.0	0.0	0.0	0.0	0.0	0.0	0.0	0.0	0.0	0.0	0.0	145.6551724137931	0.0	0.029846115	-0.10217259000000001	1.017758625	4.07442	-0.9308599999999999	-0.42728	3191686.0	1776544773.134832	0.0	1.0	-1.0	-1.0	-1.0	-1.0	-1.0	-1.0	-1.0	-1.0	0.0	marker	opened-hand	Open	11	0418
-66558.06	-52971.255	-102490.605	-17820.045	0.0	0.0	0.0	0.0	0.0	0.0	0.0	0.0	0.0	0.0	0.0	0.0	0.0	0.0	145.6551724137931	0.0	0.029846115	-0.10217259000000001	1.017758625	4.07442	-0.9308599999999999	-0.42728	3191687.0	1776544773.134853	0.0	1.0	-1.0	-1.0	-1.0	-1.0	-1.0	-1.0	-1.0	-1.0	0.0	marker	opened-hand	Open	11	0418
-66510.855	-52966.215	-102465.495	-17749.26	0.0	0.0	0.0	0.0	0.0	0.0	0.0	0.0	0.0	0.0	0.0	0.0	0.0	0.0	145.6551724137931	0.0	0.029846115	-0.10217259000000001	1.017758625	4.07442	-0.9308599999999999	-0.42728	3191688.0	1776544773.145776	0.0	1.0	-1.0	-1.0	-1.0	-1.0	-1.0	-1.0	-1.0	-1.0	0.0	marker	opened-hand	Open	11	0418
-66509.505	-52963.155	-102413.565	-17700.12	0.0	0.0	0.0	0.0	0.0	0.0	0.0	0.0	0.0	0.0	0.0	0.0	0.0	0.0	145.6551724137931	0.0	0.029846115	-0.10217259000000001	1.017758625	4.07442	-0.9308599999999999	-0.42728	3191689.0	1776544773.145806	0.0	1.0	-1.0	-1.0	-1.0	-1.0	-1.0	-1.0	-1.0	-1.0	0.0	marker	opened-hand	Open	11	0418
-66550.14	-52974.494999999995	-102488.58	-17840.565	0.0	0.0	0.0	0.0	0.0	0.0	0.0	0.0	0.0	0.0	0.0	0.0	0.0	0.0	145.6551724137931	0.0	0.029846115	-0.10217259000000001	1.017758625	4.07442	-0.9308599999999999	-0.42728	3191690.0	1776544773.145837	0.0	1.0	-1.0	-1.0	-1.0	-1.0	-1.0	-1.0	-1.0	-1.0	0.0	marker	opened-hand	Open	11	0418
-66472.02	-52968.24	-102456.62999999999	-17812.395	0.0	0.0	0.0	0.0	0.0	0.0	0.0	0.0	0.0	0.0	0.0	0.0	0.0	0.0	145.6551724137931	0.0	0.029846115	-0.10217259000000001	1.017758625	4.07442	-0.9308599999999999	-0.42728	3191691.0	1776544773.145854	0.0	1.0	-1.0	-1.0	-1.0	-1.0	-1.0	-1.0	-1.0	-1.0	0.0	marker	opened-hand	Open	11	0418
-66507.795	-52972.2	-102455.28	-17783.73	0.0	0.0	0.0	0.0	0.0	0.0	0.0	0.0	0.0	0.0	0.0	0.0	0.0	0.0	145.6551724137931	0.0	0.029846115	-0.10217259000000001	1.017758625	4.07442	-0.9308599999999999	-0.42728	3191692.0	1776544773.148605	0.0	1.0	-1.0	-1.0	-1.0	-1.0	-1.0	-1.0	-1.0	-1.0	0.0	marker	opened-hand	Open	11	0418
-66610.98	-52981.244999999995	-102523.5	-17860.5	0.0	0.0	0.0	0.0	0.0	0.0	0.0	0.0	0.0	0.0	0.0	0.0	0.0	0.0	145.6551724137931	0.0	0.029846115	-0.10217259000000001	1.017758625	4.07442	-0.9308599999999999	-0.42728	3191693.0	1776544773.148628	0.0	1.0	-1.0	-1.0	-1.0	-1.0	-1.0	-1.0	-1.0	-1.0	0.0	marker	opened-hand	Open	11	0418
-66494.52	-52980.39	-102337.47	-17708.579999999998	0.0	0.0	0.0	0.0	0.0	0.0	0.0	0.0	0.0	0.0	0.0	0.0	0.0	0.0	145.6551724137931	0.0	0.03710928	-0.092712165	1.01012925	1.6785999999999999	-0.12208	1.0682	3191694.0	1776544773.151841	0.0	1.0	-1.0	-1.0	-1.0	-1.0	-1.0	-1.0	-1.0	-1.0	0.0	marker	opened-hand	Open	11	0418
-66464.86499999999	-52974.81	-102311.50499999999	-17697.329999999998	0.0	0.0	0.0	0.0	0.0	0.0	0.0	0.0	0.0	0.0	0.0	0.0	0.0	0.0	145.6551724137931	0.0	0.03710928	-0.092712165	1.01012925	1.6785999999999999	-0.12208	1.0682	3191695.0	1776544773.15186	0.0	1.0	-1.0	-1.0	-1.0	-1.0	-1.0	-1.0	-1.0	-1.0	0.0	marker	opened-hand	Open	11	0418
-66583.935	-52980.119999999995	-102541.905	-17892.54	0.0	0.0	0.0	0.0	0.0	0.0	0.0	0.0	0.0	0.0	0.0	0.0	0.0	0.0	145.6551724137931	0.0	0.03710928	-0.092712165	1.01012925	1.6785999999999999	-0.12208	1.0682	3191696.0	1776544773.154844	0.0	1.0	-1.0	-1.0	-1.0	-1.0	-1.0	-1.0	-1.0	-1.0	0.0	marker	opened-hand	Open	11	0418
-66612.59999999999	-52970.22	-102602.97	-17948.61	0.0	0.0	0.0	0.0	0.0	0.0	0.0	0.0	0.0	0.0	0.0	0.0	0.0	0.0	145.6551724137931	0.0	0.03710928	-0.092712165	1.01012925	1.6785999999999999	-0.12208	1.0682	3191697.0	1776544773.154866	0.0	1.0	-1.0	-1.0	-1.0	-1.0	-1.0	-1.0	-1.0	-1.0	0.0	marker	opened-hand	Open	11	0418
-66491.325	-52949.34	-102443.805	-17804.16	0.0	0.0	0.0	0.0	0.0	0.0	0.0	0.0	0.0	0.0	0.0	0.0	0.0	0.0	145.6551724137931	0.0	0.03710928	-0.092712165	1.01012925	1.6785999999999999	-0.12208	1.0682	3191698.0	1776544773.159538	0.0	1.0	-1.0	-1.0	-1.0	-1.0	-1.0	-1.0	-1.0	-1.0	0.0	marker	opened-hand	Open	11	0418
-66460.095	-52942.229999999996	-102387.23999999999	-17737.155	0.0	0.0	0.0	0.0	0.0	0.0	0.0	0.0	0.0	0.0	0.0	0.0	0.0	0.0	145.6551724137931	0.0	0.03710928	-0.092712165	1.01012925	1.6785999999999999	-0.12208	1.0682	3191699.0	1776544773.159559	0.0	1.0	-1.0	-1.0	-1.0	-1.0	-1.0	-1.0	-1.0	-1.0	0.0	marker	opened-hand	Open	11	0418
-66518.86499999999	-52955.729999999996	-102446.775	-17780.085	0.0	0.0	0.0	0.0	0.0	0.0	0.0	0.0	0.0	0.0	0.0	0.0	0.0	0.0	145.6551724137931	0.0	0.03710928	-0.092712165	1.01012925	1.6785999999999999	-0.12208	1.0682	3191700.0	1776544773.162805	0.0	1.0	-1.0	-1.0	-1.0	-1.0	-1.0	-1.0	-1.0	-1.0	0.0	marker	opened-hand	Open	11	0418
-66760.245	-52985.159999999996	-102658.68	-18010.395	0.0	0.0	0.0	0.0	0.0	0.0	0.0	0.0	0.0	0.0	0.0	0.0	0.0	0.0	145.6551724137931	0.0	0.03710928	-0.092712165	1.01012925	1.6785999999999999	-0.12208	1.0682	3191701.0	1776544773.162826	0.0	1.0	-1.0	-1.0	-1.0	-1.0	-1.0	-1.0	-1.0	-1.0	0.0	marker	opened-hand	Open	11	0418
-66705.66	-52991.729999999996	-102607.83	-17966.969999999998	0.0	0.0	0.0	0.0	0.0	0.0	0.0	0.0	0.0	0.0	0.0	0.0	0.0	0.0	145.6551724137931	0.0	0.03710928	-0.092712165	1.01012925	1.6785999999999999	-0.12208	1.0682	3191702.0	1776544773.166729	0.0	1.0	-1.0	-1.0	-1.0	-1.0	-1.0	-1.0	-1.0	-1.0	0.0	marker	opened-hand	Open	11	0418
-66538.53	-52991.595	-102487.59	-17854.29	0.0	0.0	0.0	0.0	0.0	0.0	0.0	0.0	0.0	0.0	0.0	0.0	0.0	0.0	145.6551724137931	0.0	0.03710928	-0.092712165	1.01012925	1.6785999999999999	-0.12208	1.0682	3191703.0	1776544773.166748	0.0	1.0	-1.0	-1.0	-1.0	-1.0	-1.0	-1.0	-1.0	-1.0	0.0	marker	opened-hand	Open	11	0418
-66395.34	-52984.665	-102390.97499999999	-17746.2	0.0	0.0	0.0	0.0	0.0	0.0	0.0	0.0	0.0	0.0	0.0	0.0	0.0	0.0	145.6551724137931	0.0	0.04248036	-0.09716772	1.00402575	2.22796	0.9919	0.32045999999999997	3191704.0	1776544773.170706	0.0	1.0	-1.0	-1.0	-1.0	-1.0	-1.0	-1.0	-1.0	-1.0	0.0	marker	opened-hand	Open	11	0418
-66512.83499999999	-52984.935	-102457.575	-17782.155	0.0	0.0	0.0	0.0	0.0	0.0	0.0	0.0	0.0	0.0	0.0	0.0	0.0	0.0	145.6551724137931	0.0	0.04248036	-0.09716772	1.00402575	2.22796	0.9919	0.32045999999999997	3191705.0	1776544773.170725	0.0	1.0	-1.0	-1.0	-1.0	-1.0	-1.0	-1.0	-1.0	-1.0	0.0	marker	opened-hand	Open	11	0418
-66656.88	-52986.645	-102539.83499999999	-17854.605	0.0	0.0	0.0	0.0	0.0	0.0	0.0	0.0	0.0	0.0	0.0	0.0	0.0	0.0	145.6551724137931	0.0	0.04248036	-0.09716772	1.00402575	2.22796	0.9919	0.32045999999999997	3191706.0	1776544773.174869	0.0	1.0	-1.0	-1.0	-1.0	-1.0	-1.0	-1.0	-1.0	-1.0	0.0	marker	opened-hand	Open	11	0418
-66547.70999999999	-52975.215	-102422.295	-17771.579999999998	0.0	0.0	0.0	0.0	0.0	0.0	0.0	0.0	0.0	0.0	0.0	0.0	0.0	0.0	145.6551724137931	0.0	0.04248036	-0.09716772	1.00402575	2.22796	0.9919	0.32045999999999997	3191707.0	1776544773.174896	0.0	1.0	-1.0	-1.0	-1.0	-1.0	-1.0	-1.0	-1.0	-1.0	0.0	marker	opened-hand	Open	11	0418
-66473.505	-52974.63	-102385.39499999999	-17708.04	0.0	0.0	0.0	0.0	0.0	0.0	0.0	0.0	0.0	0.0	0.0	0.0	0.0	0.0	145.6551724137931	0.0	0.04248036	-0.09716772	1.00402575	2.22796	0.9919	0.32045999999999997	3191708.0	1776544773.178783	0.0	1.0	-1.0	-1.0	-1.0	-1.0	-1.0	-1.0	-1.0	-1.0	0.0	marker	opened-hand	Open	11	0418
-66509.325	-52986.78	-102447.315	-17741.25	0.0	0.0	0.0	0.0	0.0	0.0	0.0	0.0	0.0	0.0	0.0	0.0	0.0	0.0	145.6551724137931	0.0	0.04248036	-0.09716772	1.00402575	2.22796	0.9919	0.32045999999999997	3191709.0	1776544773.178803	0.0	1.0	-1.0	-1.0	-1.0	-1.0	-1.0	-1.0	-1.0	-1.0	0.0	marker	opened-hand	Open	11	0418
-66573.54	-53007.345	-102516.65999999999	-17862.12	0.0	0.0	0.0	0.0	0.0	0.0	0.0	0.0	0.0	0.0	0.0	0.0	0.0	0.0	145.6551724137931	0.0	0.04248036	-0.09716772	1.00402575	2.22796	0.9919	0.32045999999999997	3191710.0	1776544773.182834	0.0	1.0	-1.0	-1.0	-1.0	-1.0	-1.0	-1.0	-1.0	-1.0	0.0	marker	opened-hand	Open	11	0418
-66551.08499999999	-53011.799999999996	-102492.72	-17840.114999999998	0.0	0.0	0.0	0.0	0.0	0.0	0.0	0.0	0.0	0.0	0.0	0.0	0.0	0.0	145.6551724137931	0.0	0.04248036	-0.09716772	1.00402575	2.22796	0.9919	0.32045999999999997	3191711.0	1776544773.182852	0.0	1.0	-1.0	-1.0	-1.0	-1.0	-1.0	-1.0	-1.0	-1.0	0.0	marker	opened-hand	Open	11	0418
-66522.69	-53051.445	-102464.14499999999	-17814.51	0.0	0.0	0.0	0.0	0.0	0.0	0.0	0.0	0.0	0.0	0.0	0.0	0.0	0.0	145.6551724137931	0.0	0.04248036	-0.09716772	1.00402575	2.22796	0.9919	0.32045999999999997	3191712.0	1776544773.186774	0.0	1.0	-1.0	-1.0	-1.0	-1.0	-1.0	-1.0	-1.0	-1.0	0.0	marker	opened-hand	Open	11	0418
-66620.295	-53081.505	-102532.95	-17866.26	0.0	0.0	0.0	0.0	0.0	0.0	0.0	0.0	0.0	0.0	0.0	0.0	0.0	0.0	145.6551724137931	0.0	0.04248036	-0.09716772	1.00402575	2.22796	0.9919	0.32045999999999997	3191713.0	1776544773.186796	0.0	1.0	-1.0	-1.0	-1.0	-1.0	-1.0	-1.0	-1.0	-1.0	0.0	marker	opened-hand	Open	11	0418
-66576.645	-53067.329999999994	-102538.75499999999	-17884.305	0.0	0.0	0.0	0.0	0.0	0.0	0.0	0.0	0.0	0.0	0.0	0.0	0.0	0.0	145.6551724137931	0.0	0.03894033	-0.106017795	1.008115095	3.00622	1.12924	-0.07629999999999999	3191714.0	1776544773.190958	0.0	1.0	-1.0	-1.0	-1.0	-1.0	-1.0	-1.0	-1.0	-1.0	0.0	marker	opened-hand	Open	11	0418
-66496.635	-53044.064999999995	-102416.58	-17753.895	0.0	0.0	0.0	0.0	0.0	0.0	0.0	0.0	0.0	0.0	0.0	0.0	0.0	0.0	145.6551724137931	0.0	0.03894033	-0.106017795	1.008115095	3.00622	1.12924	-0.07629999999999999	3191715.0	1776544773.190976	0.0	1.0	-1.0	-1.0	-1.0	-1.0	-1.0	-1.0	-1.0	-1.0	0.0	marker	opened-hand	Open	11	0418
-66501.72	-53036.009999999995	-102364.515	-17700.48	0.0	0.0	0.0	0.0	0.0	0.0	0.0	0.0	0.0	0.0	0.0	0.0	0.0	0.0	145.6551724137931	0.0	0.03894033	-0.106017795	1.008115095	3.00622	1.12924	-0.07629999999999999	3191716.0	1776544773.194795	0.0	1.0	-1.0	-1.0	-1.0	-1.0	-1.0	-1.0	-1.0	-1.0	0.0	marker	opened-hand	Open	11	0418
-66543.12	-53052.93	-102442.31999999999	-17863.605	0.0	0.0	0.0	0.0	0.0	0.0	0.0	0.0	0.0	0.0	0.0	0.0	0.0	0.0	145.6551724137931	0.0	0.03894033	-0.106017795	1.008115095	3.00622	1.12924	-0.07629999999999999	3191717.0	1776544773.194815	0.0	1.0	-1.0	-1.0	-1.0	-1.0	-1.0	-1.0	-1.0	-1.0	0.0	marker	opened-hand	Open	11	0418
-66600.9	-53069.085	-102489.165	-17889.12	0.0	0.0	0.0	0.0	0.0	0.0	0.0	0.0	0.0	0.0	0.0	0.0	0.0	0.0	145.6551724137931	0.0	0.03894033	-0.106017795	1.008115095	3.00622	1.12924	-0.07629999999999999	3191718.0	1776544773.198767	0.0	1.0	-1.0	-1.0	-1.0	-1.0	-1.0	-1.0	-1.0	-1.0	0.0	marker	opened-hand	Open	11	0418
-66579.20999999999	-53070.165	-102510.855	-17873.37	0.0	0.0	0.0	0.0	0.0	0.0	0.0	0.0	0.0	0.0	0.0	0.0	0.0	0.0	145.6551724137931	0.0	0.03894033	-0.106017795	1.008115095	3.00622	1.12924	-0.07629999999999999	3191719.0	1776544773.198785	0.0	1.0	-1.0	-1.0	-1.0	-1.0	-1.0	-1.0	-1.0	-1.0	0.0	marker	opened-hand	Open	11	0418
-66388.455	-53057.564999999995	-102315.42	-17670.285	0.0	0.0	0.0	0.0	0.0	0.0	0.0	0.0	0.0	0.0	0.0	0.0	0.0	0.0	145.6551724137931	0.0	0.03894033	-0.106017795	1.008115095	3.00622	1.12924	-0.07629999999999999	3191720.0	1776544773.202835	0.0	1.0	-1.0	-1.0	-1.0	-1.0	-1.0	-1.0	-1.0	-1.0	0.0	marker	opened-hand	Open	11	0418
-66409.965	-53059.454999999994	-102292.245	-17625.239999999998	0.0	0.0	0.0	0.0	0.0	0.0	0.0	0.0	0.0	0.0	0.0	0.0	0.0	0.0	145.6551724137931	0.0	0.03894033	-0.106017795	1.008115095	3.00622	1.12924	-0.07629999999999999	3191721.0	1776544773.202853	0.0	1.0	-1.0	-1.0	-1.0	-1.0	-1.0	-1.0	-1.0	-1.0	0.0	marker	opened-hand	Open	11	0418
-66606.48	-53068.59	-102519.045	-17852.805	0.0	0.0	0.0	0.0	0.0	0.0	0.0	0.0	0.0	0.0	0.0	0.0	0.0	0.0	145.6551724137931	0.0	0.03894033	-0.106017795	1.008115095	3.00622	1.12924	-0.07629999999999999	3191722.0	1776544773.206773	0.0	1.0	-1.0	-1.0	-1.0	-1.0	-1.0	-1.0	-1.0	-1.0	0.0	marker	opened-hand	Open	11	0418
-66610.305	-53056.395	-102494.745	-17822.969999999998	0.0	0.0	0.0	0.0	0.0	0.0	0.0	0.0	0.0	0.0	0.0	0.0	0.0	0.0	145.6551724137931	0.0	0.03894033	-0.106017795	1.008115095	3.00622	1.12924	-0.07629999999999999	3191723.0	1776544773.20679	0.0	1.0	-1.0	-1.0	-1.0	-1.0	-1.0	-1.0	-1.0	-1.0	0.0	marker	opened-hand	Open	11	0418
-66517.605	-53058.375	-102395.205	-17774.055	0.0	0.0	0.0	0.0	0.0	0.0	0.0	0.0	0.0	0.0	0.0	0.0	0.0	0.0	145.6551724137931	0.0	0.03088371	-0.10900851	1.0119603	4.39488	1.3734	0.16785999999999998	3191724.0	1776544773.210846	0.0	1.0	-1.0	-1.0	-1.0	-1.0	-1.0	-1.0	-1.0	-1.0	0.0	marker	opened-hand	Open	11	0418
-66503.79	-53070.21	-102425.805	-17849.79	0.0	0.0	0.0	0.0	0.0	0.0	0.0	0.0	0.0	0.0	0.0	0.0	0.0	0.0	145.6551724137931	0.0	0.03088371	-0.10900851	1.0119603	4.39488	1.3734	0.16785999999999998	3191725.0	1776544773.210864	0.0	1.0	-1.0	-1.0	-1.0	-1.0	-1.0	-1.0	-1.0	-1.0	0.0	marker	opened-hand	Open	11	0418
-66634.605	-53084.07	-102643.155	-17994.195	0.0	0.0	0.0	0.0	0.0	0.0	0.0	0.0	0.0	0.0	0.0	0.0	0.0	0.0	145.6551724137931	0.0	0.03088371	-0.10900851	1.0119603	4.39488	1.3734	0.16785999999999998	3191726.0	1776544773.214881	0.0	1.0	-1.0	-1.0	-1.0	-1.0	-1.0	-1.0	-1.0	-1.0	0.0	marker	opened-hand	Open	11	0418
-66587.04	-53085.645	-102643.425	-17933.355	0.0	0.0	0.0	0.0	0.0	0.0	0.0	0.0	0.0	0.0	0.0	0.0	0.0	0.0	145.6551724137931	0.0	0.03088371	-0.10900851	1.0119603	4.39488	1.3734	0.16785999999999998	3191727.0	1776544773.2149	0.0	1.0	-1.0	-1.0	-1.0	-1.0	-1.0	-1.0	-1.0	-1.0	0.0	marker	opened-hand	Open	11	0418
-66552.345	-53079.975	-102562.01999999999	-17887.77	0.0	0.0	0.0	0.0	0.0	0.0	0.0	0.0	0.0	0.0	0.0	0.0	0.0	0.0	145.6551724137931	0.0	0.03088371	-0.10900851	1.0119603	4.39488	1.3734	0.16785999999999998	3191728.0	1776544773.218911	0.0	1.0	-1.0	-1.0	-1.0	-1.0	-1.0	-1.0	-1.0	-1.0	0.0	marker	opened-hand	Open	11	0418
-66554.685	-53079.975	-102515.265	-17859.015	0.0	0.0	0.0	0.0	0.0	0.0	0.0	0.0	0.0	0.0	0.0	0.0	0.0	0.0	145.6551724137931	0.0	0.03088371	-0.10900851	1.0119603	4.39488	1.3734	0.16785999999999998	3191729.0	1776544773.218955	0.0	1.0	-1.0	-1.0	-1.0	-1.0	-1.0	-1.0	-1.0	-1.0	0.0	marker	opened-hand	Open	11	0418
-66530.7	-53090.145	-102469.76999999999	-17814.239999999998	0.0	0.0	0.0	0.0	0.0	0.0	0.0	0.0	0.0	0.0	0.0	0.0	0.0	0.0	145.6551724137931	0.0	0.03088371	-0.10900851	1.0119603	4.39488	1.3734	0.16785999999999998	3191730.0	1776544773.222852	0.0	1.0	-1.0	-1.0	-1.0	-1.0	-1.0	-1.0	-1.0	-1.0	0.0	marker	opened-hand	Open	11	0418
-66601.395	-53097.795	-102529.89	-17861.445	0.0	0.0	0.0	0.0	0.0	0.0	0.0	0.0	0.0	0.0	0.0	0.0	0.0	0.0	145.6551724137931	0.0	0.03088371	-0.10900851	1.0119603	4.39488	1.3734	0.16785999999999998	3191731.0	1776544773.22287	0.0	1.0	-1.0	-1.0	-1.0	-1.0	-1.0	-1.0	-1.0	-1.0	0.0	marker	opened-hand	Open	11	0418
-66616.02	-53092.17	-102474.765	-17809.469999999998	0.0	0.0	0.0	0.0	0.0	0.0	0.0	0.0	0.0	0.0	0.0	0.0	0.0	0.0	145.6551724137931	0.0	0.03088371	-0.10900851	1.0119603	4.39488	1.3734	0.16785999999999998	3191732.0	1776544773.226882	0.0	1.0	-1.0	-1.0	-1.0	-1.0	-1.0	-1.0	-1.0	-1.0	0.0	marker	opened-hand	Open	11	0418
-66512.52	-53077.454999999994	-102354.3	-17706.42	0.0	0.0	0.0	0.0	0.0	0.0	0.0	0.0	0.0	0.0	0.0	0.0	0.0	0.0	145.6551724137931	0.0	0.03088371	-0.10900851	1.0119603	4.39488	1.3734	0.16785999999999998	3191733.0	1776544773.226901	0.0	1.0	-1.0	-1.0	-1.0	-1.0	-1.0	-1.0	-1.0	-1.0	0.0	marker	opened-hand	Open	11	0418
-66340.035	-53073.18	-102263.175	-17608.364999999998	0.0	0.0	0.0	0.0	0.0	0.0	0.0	0.0	0.0	0.0	0.0	0.0	0.0	0.0	145.6551724137931	0.0	0.03149406	-0.10436985	1.01134995	1.95328	0.6867	-0.4578	3191734.0	1776544773.23091	0.0	1.0	-1.0	-1.0	-1.0	-1.0	-1.0	-1.0	-1.0	-1.0	0.0	marker	opened-hand	Open	11	0418
-66373.69499999999	-53089.29	-102337.11	-17660.16	0.0	0.0	0.0	0.0	0.0	0.0	0.0	0.0	0.0	0.0	0.0	0.0	0.0	0.0	145.6551724137931	0.0	0.03149406	-0.10436985	1.01134995	1.95328	0.6867	-0.4578	3191735.0	1776544773.230929	0.0	1.0	-1.0	-1.0	-1.0	-1.0	-1.0	-1.0	-1.0	-1.0	0.0	marker	opened-hand	Open	11	0418
-66473.685	-53095.77	-102457.845	-17809.29	0.0	0.0	0.0	0.0	0.0	0.0	0.0	0.0	0.0	0.0	0.0	0.0	0.0	0.0	145.6551724137931	0.0	0.03149406	-0.10436985	1.01134995	1.95328	0.6867	-0.4578	3191736.0	1776544773.238854	0.0	1.0	-1.0	-1.0	-1.0	-1.0	-1.0	-1.0	-1.0	-1.0	0.0	marker	opened-hand	Open	11	0418
-66650.58	-53100.494999999995	-102596.89499999999	-17961.75	0.0	0.0	0.0	0.0	0.0	0.0	0.0	0.0	0.0	0.0	0.0	0.0	0.0	0.0	145.6551724137931	0.0	0.03149406	-0.10436985	1.01134995	1.95328	0.6867	-0.4578	3191737.0	1776544773.238873	0.0	1.0	-1.0	-1.0	-1.0	-1.0	-1.0	-1.0	-1.0	-1.0	0.0	marker	opened-hand	Open	11	0418
-66564.09	-53096.445	-102489.65999999999	-17840.295	0.0	0.0	0.0	0.0	0.0	0.0	0.0	0.0	0.0	0.0	0.0	0.0	0.0	0.0	145.6551724137931	0.0	0.03149406	-0.10436985	1.01134995	1.95328	0.6867	-0.4578	3191738.0	1776544773.241212	0.0	1.0	-1.0	-1.0	-1.0	-1.0	-1.0	-1.0	-1.0	-1.0	0.0	marker	opened-hand	Open	11	0418
-66554.37	-53092.935	-102485.97	-17815.05	0.0	0.0	0.0	0.0	0.0	0.0	0.0	0.0	0.0	0.0	0.0	0.0	0.0	0.0	145.6551724137931	0.0	0.03149406	-0.10436985	1.01134995	1.95328	0.6867	-0.4578	3191739.0	1776544773.241236	0.0	1.0	-1.0	-1.0	-1.0	-1.0	-1.0	-1.0	-1.0	-1.0	0.0	marker	opened-hand	Open	11	0418
-66602.565	-53087.445	-102520.845	-17860.95	0.0	0.0	0.0	0.0	0.0	0.0	0.0	0.0	0.0	0.0	0.0	0.0	0.0	0.0	145.6551724137931	0.0	0.03149406	-0.10436985	1.01134995	1.95328	0.6867	-0.4578	3191740.0	1776544773.254163	0.0	1.0	-1.0	-1.0	-1.0	-1.0	-1.0	-1.0	-1.0	-1.0	0.0	marker	opened-hand	Open	11	0418
-66526.965	-53070.03	-102441.015	-17791.829999999998	0.0	0.0	0.0	0.0	0.0	0.0	0.0	0.0	0.0	0.0	0.0	0.0	0.0	0.0	145.6551724137931	0.0	0.03149406	-0.10436985	1.01134995	1.95328	0.6867	-0.4578	3191741.0	1776544773.254179	0.0	1.0	-1.0	-1.0	-1.0	-1.0	-1.0	-1.0	-1.0	-1.0	0.0	marker	opened-hand	Open	11	0418
-66428.775	-53053.875	-102388.905	-17756.1	0.0	0.0	0.0	0.0	0.0	0.0	0.0	0.0	0.0	0.0	0.0	0.0	0.0	0.0	145.6551724137931	0.0	0.03149406	-0.10436985	1.01134995	1.95328	0.6867	-0.4578	3191742.0	1776544773.2601	0.0	1.0	-1.0	-1.0	-1.0	-1.0	-1.0	-1.0	-1.0	-1.0	0.0	marker	opened-hand	Open	11	0418
-66568.995	-53076.284999999996	-102502.215	-17856.855	0.0	0.0	0.0	0.0	0.0	0.0	0.0	0.0	0.0	0.0	0.0	0.0	0.0	0.0	145.6551724137931	0.0	0.03149406	-0.10436985	1.01134995	1.95328	0.6867	-0.4578	3191743.0	1776544773.260121	0.0	1.0	-1.0	-1.0	-1.0	-1.0	-1.0	-1.0	-1.0	-1.0	0.0	marker	opened-hand	Open	11	0418
-66678.795	-53098.064999999995	-102599.955	-17939.79	0.0	0.0	0.0	0.0	0.0	0.0	0.0	0.0	0.0	0.0	0.0	0.0	0.0	0.0	145.6551724137931	0.0	0.031066815	-0.100890855	1.015683435	1.6022999999999998	0.41202	-0.13734	3191744.0	1776544773.260147	0.0	1.0	-1.0	-1.0	-1.0	-1.0	-1.0	-1.0	-1.0	-1.0	0.0	marker	opened-hand	Open	11	0418
-66608.09999999999	-53089.604999999996	-102531.78	-17864.145	0.0	0.0	0.0	0.0	0.0	0.0	0.0	0.0	0.0	0.0	0.0	0.0	0.0	0.0	145.6551724137931	0.0	0.031066815	-0.100890855	1.015683435	1.6022999999999998	0.41202	-0.13734	3191745.0	1776544773.260164	0.0	1.0	-1.0	-1.0	-1.0	-1.0	-1.0	-1.0	-1.0	-1.0	0.0	marker	opened-hand	Open	11	0418
-66557.06999999999	-53081.909999999996	-102502.89	-17837.73	0.0	0.0	0.0	0.0	0.0	0.0	0.0	0.0	0.0	0.0	0.0	0.0	0.0	0.0	145.6551724137931	0.0	0.031066815	-0.100890855	1.015683435	1.6022999999999998	0.41202	-0.13734	3191746.0	1776544773.263102	0.0	1.0	-1.0	-1.0	-1.0	-1.0	-1.0	-1.0	-1.0	-1.0	0.0	marker	opened-hand	Open	11	0418
-66475.89	-53074.665	-102440.34	-17751.195	0.0	0.0	0.0	0.0	0.0	0.0	0.0	0.0	0.0	0.0	0.0	0.0	0.0	0.0	145.6551724137931	0.0	0.031066815	-0.100890855	1.015683435	1.6022999999999998	0.41202	-0.13734	3191747.0	1776544773.263123	0.0	1.0	-1.0	-1.0	-1.0	-1.0	-1.0	-1.0	-1.0	-1.0	0.0	marker	opened-hand	Open	11	0418
-66434.355	-53062.155	-102394.44	-17712.135	0.0	0.0	0.0	0.0	0.0	0.0	0.0	0.0	0.0	0.0	0.0	0.0	0.0	0.0	145.6551724137931	0.0	0.031066815	-0.100890855	1.015683435	1.6022999999999998	0.41202	-0.13734	3191748.0	1776544773.263147	0.0	1.0	-1.0	-1.0	-1.0	-1.0	-1.0	-1.0	-1.0	-1.0	0.0	marker	opened-hand	Open	11	0418
-66530.295	-53060.805	-102431.11499999999	-17800.829999999998	0.0	0.0	0.0	0.0	0.0	0.0	0.0	0.0	0.0	0.0	0.0	0.0	0.0	0.0	145.6551724137931	0.0	0.031066815	-0.100890855	1.015683435	1.6022999999999998	0.41202	-0.13734	3191749.0	1776544773.263171	0.0	1.0	-1.0	-1.0	-1.0	-1.0	-1.0	-1.0	-1.0	-1.0	0.0	marker	opened-hand	Open	11	0418
-66590.19	-53069.805	-102473.37	-17850.78	0.0	0.0	0.0	0.0	0.0	0.0	0.0	0.0	0.0	0.0	0.0	0.0	0.0	0.0	145.6551724137931	0.0	0.031066815	-0.100890855	1.015683435	1.6022999999999998	0.41202	-0.13734	3191750.0	1776544773.263193	0.0	1.0	-1.0	-1.0	-1.0	-1.0	-1.0	-1.0	-1.0	-1.0	0.0	marker	opened-hand	Open	11	0418
-66475.665	-53069.22	-102368.205	-17745.614999999998	0.0	0.0	0.0	0.0	0.0	0.0	0.0	0.0	0.0	0.0	0.0	0.0	0.0	0.0	145.6551724137931	0.0	0.031066815	-0.100890855	1.015683435	1.6022999999999998	0.41202	-0.13734	3191751.0	1776544773.263211	0.0	1.0	-1.0	-1.0	-1.0	-1.0	-1.0	-1.0	-1.0	-1.0	0.0	marker	opened-hand	Open	11	0418
-66508.83	-53088.479999999996	-102426.75	-17772.255	0.0	0.0	0.0	0.0	0.0	0.0	0.0	0.0	0.0	0.0	0.0	0.0	0.0	0.0	145.6551724137931	0.0	0.031066815	-0.100890855	1.015683435	1.6022999999999998	0.41202	-0.13734	3191752.0	1776544773.267124	0.0	1.0	-1.0	-1.0	-1.0	-1.0	-1.0	-1.0	-1.0	-1.0	0.0	marker	opened-hand	Open	11	0418
-66534.61499999999	-53095.814999999995	-102468.78	-17778.915	0.0	0.0	0.0	0.0	0.0	0.0	0.0	0.0	0.0	0.0	0.0	0.0	0.0	0.0	145.6551724137931	0.0	0.031066815	-0.100890855	1.015683435	1.6022999999999998	0.41202	-0.13734	3191753.0	1776544773.267144	0.0	1.0	-1.0	-1.0	-1.0	-1.0	-1.0	-1.0	-1.0	-1.0	0.0	marker	opened-hand	Open	11	0418
-66560.44499999999	-53096.895	-102498.165	-17809.245	0.0	0.0	0.0	0.0	0.0	0.0	0.0	0.0	0.0	0.0	0.0	0.0	0.0	0.0	145.6551724137931	0.0	0.03124992	-0.104064675	1.014584805	2.9604399999999997	0.04578	-0.2289	3191754.0	1776544773.271042	0.0	1.0	-1.0	-1.0	-1.0	-1.0	-1.0	-1.0	-1.0	-1.0	0.0	marker	opened-hand	Open	11	0418
-66505.455	-53088.479999999996	-102425.4	-17743.725	0.0	0.0	0.0	0.0	0.0	0.0	0.0	0.0	0.0	0.0	0.0	0.0	0.0	0.0	145.6551724137931	0.0	0.03124992	-0.104064675	1.014584805	2.9604399999999997	0.04578	-0.2289	3191755.0	1776544773.27106	0.0	1.0	-1.0	-1.0	-1.0	-1.0	-1.0	-1.0	-1.0	-1.0	0.0	marker	opened-hand	Open	11	0418
-66458.43	-53080.515	-102343.995	-17661.645	0.0	0.0	0.0	0.0	0.0	0.0	0.0	0.0	0.0	0.0	0.0	0.0	0.0	0.0	145.6551724137931	0.0	0.03124992	-0.104064675	1.014584805	2.9604399999999997	0.04578	-0.2289	3191756.0	1776544773.275109	0.0	1.0	-1.0	-1.0	-1.0	-1.0	-1.0	-1.0	-1.0	-1.0	0.0	marker	opened-hand	Open	11	0418
-66582.405	-53079.525	-102480.97499999999	-17854.515	0.0	0.0	0.0	0.0	0.0	0.0	0.0	0.0	0.0	0.0	0.0	0.0	0.0	0.0	145.6551724137931	0.0	0.03124992	-0.104064675	1.014584805	2.9604399999999997	0.04578	-0.2289	3191757.0	1776544773.275128	0.0	1.0	-1.0	-1.0	-1.0	-1.0	-1.0	-1.0	-1.0	-1.0	0.0	marker	opened-hand	Open	11	0418
-66629.745	-53090.46	-102512.295	-17914.14	0.0	0.0	0.0	0.0	0.0	0.0	0.0	0.0	0.0	0.0	0.0	0.0	0.0	0.0	145.6551724137931	0.0	0.03124992	-0.104064675	1.014584805	2.9604399999999997	0.04578	-0.2289	3191758.0	1776544773.279152	0.0	1.0	-1.0	-1.0	-1.0	-1.0	-1.0	-1.0	-1.0	-1.0	0.0	marker	opened-hand	Open	11	0418
-66612.645	-53103.465	-102564.9	-17908.245	0.0	0.0	0.0	0.0	0.0	0.0	0.0	0.0	0.0	0.0	0.0	0.0	0.0	0.0	145.6551724137931	0.0	0.03124992	-0.104064675	1.014584805	2.9604399999999997	0.04578	-0.2289	3191759.0	1776544773.279171	0.0	1.0	-1.0	-1.0	-1.0	-1.0	-1.0	-1.0	-1.0	-1.0	0.0	marker	opened-hand	Open	11	0418
-66586.005	-53119.979999999996	-102585.465	-17885.25	0.0	0.0	0.0	0.0	0.0	0.0	0.0	0.0	0.0	0.0	0.0	0.0	0.0	0.0	145.6551724137931	0.0	0.03124992	-0.104064675	1.014584805	2.9604399999999997	0.04578	-0.2289	3191760.0	1776544773.283134	0.0	1.0	-1.0	-1.0	-1.0	-1.0	-1.0	-1.0	-1.0	-1.0	0.0	marker	opened-hand	Open	11	0418
-66555.675	-53123.895	-102503.06999999999	-17824.5	0.0	0.0	0.0	0.0	0.0	0.0	0.0	0.0	0.0	0.0	0.0	0.0	0.0	0.0	145.6551724137931	0.0	0.03124992	-0.104064675	1.014584805	2.9604399999999997	0.04578	-0.2289	3191761.0	1776544773.283155	0.0	1.0	-1.0	-1.0	-1.0	-1.0	-1.0	-1.0	-1.0	-1.0	0.0	marker	opened-hand	Open	11	0418
-66495.59999999999	-53115.119999999995	-102450.015	-17771.175	0.0	0.0	0.0	0.0	0.0	0.0	0.0	0.0	0.0	0.0	0.0	0.0	0.0	0.0	145.6551724137931	0.0	0.03124992	-0.104064675	1.014584805	2.9604399999999997	0.04578	-0.2289	3191762.0	1776544773.287735	0.0	1.0	-1.0	-1.0	-1.0	-1.0	-1.0	-1.0	-1.0	-1.0	0.0	marker	opened-hand	Open	11	0418
-66475.53	-53108.505	-102393.315	-17710.92	0.0	0.0	0.0	0.0	0.0	0.0	0.0	0.0	0.0	0.0	0.0	0.0	0.0	0.0	145.6551724137931	0.0	0.03124992	-0.104064675	1.014584805	2.9604399999999997	0.04578	-0.2289	3191763.0	1776544773.287754	0.0	1.0	-1.0	-1.0	-1.0	-1.0	-1.0	-1.0	-1.0	-1.0	0.0	marker	opened-hand	Open	11	0418
-66483.09	-53092.485	-102375.62999999999	-17690.085	0.0	0.0	0.0	0.0	0.0	0.0	0.0	0.0	0.0	0.0	0.0	0.0	0.0	0.0	145.6551724137931	0.0	0.036682035	-0.10656711	1.01293686	2.4415999999999998	0.47306	0.03052	3191764.0	1776544773.291257	0.0	1.0	-1.0	-1.0	-1.0	-1.0	-1.0	-1.0	-1.0	-1.0	0.0	marker	opened-hand	Open	11	0418
-66427.29	-53071.875	-102351.69	-17666.505	0.0	0.0	0.0	0.0	0.0	0.0	0.0	0.0	0.0	0.0	0.0	0.0	0.0	0.0	145.6551724137931	0.0	0.036682035	-0.10656711	1.01293686	2.4415999999999998	0.47306	0.03052	3191765.0	1776544773.291277	0.0	1.0	-1.0	-1.0	-1.0	-1.0	-1.0	-1.0	-1.0	-1.0	0.0	marker	opened-hand	Open	11	0418
-66398.4	-53068.229999999996	-102308.44499999999	-17624.88	0.0	0.0	0.0	0.0	0.0	0.0	0.0	0.0	0.0	0.0	0.0	0.0	0.0	0.0	145.6551724137931	0.0	0.036682035	-0.10656711	1.01293686	2.4415999999999998	0.47306	0.03052	3191766.0	1776544773.295249	0.0	1.0	-1.0	-1.0	-1.0	-1.0	-1.0	-1.0	-1.0	-1.0	0.0	marker	opened-hand	Open	11	0418
-66321.495	-53060.354999999996	-102267.0	-17585.684999999998	0.0	0.0	0.0	0.0	0.0	0.0	0.0	0.0	0.0	0.0	0.0	0.0	0.0	0.0	145.6551724137931	0.0	0.036682035	-0.10656711	1.01293686	2.4415999999999998	0.47306	0.03052	3191767.0	1776544773.295267	0.0	1.0	-1.0	-1.0	-1.0	-1.0	-1.0	-1.0	-1.0	-1.0	0.0	marker	opened-hand	Open	11	0418
-66373.425	-53070.39	-102344.12999999999	-17707.454999999998	0.0	0.0	0.0	0.0	0.0	0.0	0.0	0.0	0.0	0.0	0.0	0.0	0.0	0.0	145.6551724137931	0.0	0.036682035	-0.10656711	1.01293686	2.4415999999999998	0.47306	0.03052	3191768.0	1776544773.299198	0.0	1.0	-1.0	-1.0	-1.0	-1.0	-1.0	-1.0	-1.0	-1.0	0.0	marker	opened-hand	Open	11	0418
-66501.94499999999	-53083.979999999996	-102443.94	-17813.475	0.0	0.0	0.0	0.0	0.0	0.0	0.0	0.0	0.0	0.0	0.0	0.0	0.0	0.0	145.6551724137931	0.0	0.036682035	-0.10656711	1.01293686	2.4415999999999998	0.47306	0.03052	3191769.0	1776544773.299217	0.0	1.0	-1.0	-1.0	-1.0	-1.0	-1.0	-1.0	-1.0	-1.0	0.0	marker	opened-hand	Open	11	0418
-66641.22	-53097.659999999996	-102524.89499999999	-17897.04	0.0	0.0	0.0	0.0	0.0	0.0	0.0	0.0	0.0	0.0	0.0	0.0	0.0	0.0	145.6551724137931	0.0	0.036682035	-0.10656711	1.01293686	2.4415999999999998	0.47306	0.03052	3191770.0	1776544773.303227	0.0	1.0	-1.0	-1.0	-1.0	-1.0	-1.0	-1.0	-1.0	-1.0	0.0	marker	opened-hand	Open	11	0418
-66673.89	-53106.795	-102616.245	-17962.245	0.0	0.0	0.0	0.0	0.0	0.0	0.0	0.0	0.0	0.0	0.0	0.0	0.0	0.0	145.6551724137931	0.0	0.036682035	-0.10656711	1.01293686	2.4415999999999998	0.47306	0.03052	3191771.0	1776544773.303245	0.0	1.0	-1.0	-1.0	-1.0	-1.0	-1.0	-1.0	-1.0	-1.0	0.0	marker	opened-hand	Open	11	0418
-66668.805	-53104.545	-102665.745	-18041.219999999998	0.0	0.0	0.0	0.0	0.0	0.0	0.0	0.0	0.0	0.0	0.0	0.0	0.0	0.0	145.6551724137931	0.0	0.036682035	-0.10656711	1.01293686	2.4415999999999998	0.47306	0.03052	3191772.0	1776544773.307235	0.0	1.0	-1.0	-1.0	-1.0	-1.0	-1.0	-1.0	-1.0	-1.0	0.0	marker	opened-hand	Open	11	0418
-66538.89	-53087.805	-102499.37999999999	-17862.795	0.0	0.0	0.0	0.0	0.0	0.0	0.0	0.0	0.0	0.0	0.0	0.0	0.0	0.0	145.6551724137931	0.0	0.036682035	-0.10656711	1.01293686	2.4415999999999998	0.47306	0.03052	3191773.0	1776544773.307255	0.0	1.0	-1.0	-1.0	-1.0	-1.0	-1.0	-1.0	-1.0	-1.0	0.0	marker	opened-hand	Open	11	0418
-66571.33499999999	-53091.854999999996	-102529.62	-17865.225	0.0	0.0	0.0	0.0	0.0	0.0	0.0	0.0	0.0	0.0	0.0	0.0	0.0	0.0	145.6551724137931	0.0	0.03161613	-0.10729953	1.01391342	2.85362	0.71722	-0.6867	3191774.0	1776544773.311167	0.0	1.0	-1.0	-1.0	-1.0	-1.0	-1.0	-1.0	-1.0	-1.0	0.0	marker	opened-hand	Open	11	0418
-66620.295	-53103.96	-102561.65999999999	-17897.085	0.0	0.0	0.0	0.0	0.0	0.0	0.0	0.0	0.0	0.0	0.0	0.0	0.0	0.0	145.6551724137931	0.0	0.03161613	-0.10729953	1.01391342	2.85362	0.71722	-0.6867	3191775.0	1776544773.311184	0.0	1.0	-1.0	-1.0	-1.0	-1.0	-1.0	-1.0	-1.0	-1.0	0.0	marker	opened-hand	Open	11	0418
-66546.09	-53111.43	-102519.9	-17879.579999999998	0.0	0.0	0.0	0.0	0.0	0.0	0.0	0.0	0.0	0.0	0.0	0.0	0.0	0.0	145.6551724137931	0.0	0.03161613	-0.10729953	1.01391342	2.85362	0.71722	-0.6867	3191776.0	1776544773.31527	0.0	1.0	-1.0	-1.0	-1.0	-1.0	-1.0	-1.0	-1.0	-1.0	0.0	marker	opened-hand	Open	11	0418
-66571.245	-53120.97	-102532.275	-17875.844999999998	0.0	0.0	0.0	0.0	0.0	0.0	0.0	0.0	0.0	0.0	0.0	0.0	0.0	0.0	145.6551724137931	0.0	0.03161613	-0.10729953	1.01391342	2.85362	0.71722	-0.6867	3191777.0	1776544773.315289	0.0	1.0	-1.0	-1.0	-1.0	-1.0	-1.0	-1.0	-1.0	-1.0	0.0	marker	opened-hand	Open	11	0418
-66582.135	-53124.075	-102493.665	-17826.614999999998	0.0	0.0	0.0	0.0	0.0	0.0	0.0	0.0	0.0	0.0	0.0	0.0	0.0	0.0	145.6551724137931	0.0	0.03161613	-0.10729953	1.01391342	2.85362	0.71722	-0.6867	3191778.0	1776544773.320676	0.0	1.0	-1.0	-1.0	-1.0	-1.0	-1.0	-1.0	-1.0	-1.0	0.0	marker	opened-hand	Open	11	0418
-66543.56999999999	-53111.295	-102481.69499999999	-17803.755	0.0	0.0	0.0	0.0	0.0	0.0	0.0	0.0	0.0	0.0	0.0	0.0	0.0	0.0	145.6551724137931	0.0	0.03161613	-0.10729953	1.01391342	2.85362	0.71722	-0.6867	3191779.0	1776544773.320704	0.0	1.0	-1.0	-1.0	-1.0	-1.0	-1.0	-1.0	-1.0	-1.0	0.0	marker	opened-hand	Open	11	0418
-66529.755	-53098.604999999996	-102445.965	-17771.715	0.0	0.0	0.0	0.0	0.0	0.0	0.0	0.0	0.0	0.0	0.0	0.0	0.0	0.0	145.6551724137931	0.0	0.03161613	-0.10729953	1.01391342	2.85362	0.71722	-0.6867	3191780.0	1776544773.325101	0.0	1.0	-1.0	-1.0	-1.0	-1.0	-1.0	-1.0	-1.0	-1.0	0.0	marker	opened-hand	Open	11	0418
-66502.845	-53084.384999999995	-102401.09999999999	-17728.695	0.0	0.0	0.0	0.0	0.0	0.0	0.0	0.0	0.0	0.0	0.0	0.0	0.0	0.0	145.6551724137931	0.0	0.03161613	-0.10729953	1.01391342	2.85362	0.71722	-0.6867	3191781.0	1776544773.32512	0.0	1.0	-1.0	-1.0	-1.0	-1.0	-1.0	-1.0	-1.0	-1.0	0.0	marker	opened-hand	Open	11	0418
-66572.86499999999	-53080.875	-102489.93	-17800.875	0.0	0.0	0.0	0.0	0.0	0.0	0.0	0.0	0.0	0.0	0.0	0.0	0.0	0.0	145.6551724137931	0.0	0.03161613	-0.10729953	1.01391342	2.85362	0.71722	-0.6867	3191782.0	1776544773.327965	0.0	1.0	-1.0	-1.0	-1.0	-1.0	-1.0	-1.0	-1.0	-1.0	0.0	marker	opened-hand	Open	11	0418
-66560.08499999999	-53077.14	-102460.59	-17787.195	0.0	0.0	0.0	0.0	0.0	0.0	0.0	0.0	0.0	0.0	0.0	0.0	0.0	0.0	145.6551724137931	0.0	0.03161613	-0.10729953	1.01391342	2.85362	0.71722	-0.6867	3191783.0	1776544773.327983	0.0	1.0	-1.0	-1.0	-1.0	-1.0	-1.0	-1.0	-1.0	-1.0	0.0	marker	opened-hand	Open	11	0418
-66482.86499999999	-53074.485	-102387.105	-17716.725	0.0	0.0	0.0	0.0	0.0	0.0	0.0	0.0	0.0	0.0	0.0	0.0	0.0	0.0	145.6551724137931	0.0	0.030822675	-0.107848845	1.015927575	2.99096	0.21364	-0.62566	3191784.0	1776544773.333693	0.0	1.0	-1.0	-1.0	-1.0	-1.0	-1.0	-1.0	-1.0	-1.0	0.0	marker	opened-hand	Open	11	0418
-66451.23	-53066.88	-102376.89	-17710.245	0.0	0.0	0.0	0.0	0.0	0.0	0.0	0.0	0.0	0.0	0.0	0.0	0.0	0.0	145.6551724137931	0.0	0.030822675	-0.107848845	1.015927575	2.99096	0.21364	-0.62566	3191785.0	1776544773.333711	0.0	1.0	-1.0	-1.0	-1.0	-1.0	-1.0	-1.0	-1.0	-1.0	0.0	marker	opened-hand	Open	11	0418
-66588.39	-53072.28	-102443.265	-17793.945	0.0	0.0	0.0	0.0	0.0	0.0	0.0	0.0	0.0	0.0	0.0	0.0	0.0	0.0	145.6551724137931	0.0	0.030822675	-0.107848845	1.015927575	2.99096	0.21364	-0.62566	3191786.0	1776544773.335215	0.0	1.0	-1.0	-1.0	-1.0	-1.0	-1.0	-1.0	-1.0	-1.0	0.0	marker	opened-hand	Open	11	0418
-66635.055	-53082.36	-102581.64	-17962.425	0.0	0.0	0.0	0.0	0.0	0.0	0.0	0.0	0.0	0.0	0.0	0.0	0.0	0.0	145.6551724137931	0.0	0.030822675	-0.107848845	1.015927575	2.99096	0.21364	-0.62566	3191787.0	1776544773.335232	0.0	1.0	-1.0	-1.0	-1.0	-1.0	-1.0	-1.0	-1.0	-1.0	0.0	marker	opened-hand	Open	11	0418
-66532.995	-53069.895	-102561.25499999999	-17924.805	0.0	0.0	0.0	0.0	0.0	0.0	0.0	0.0	0.0	0.0	0.0	0.0	0.0	0.0	145.6551724137931	0.0	0.030822675	-0.107848845	1.015927575	2.99096	0.21364	-0.62566	3191788.0	1776544773.339125	0.0	1.0	-1.0	-1.0	-1.0	-1.0	-1.0	-1.0	-1.0	-1.0	0.0	marker	opened-hand	Open	11	0418
-66530.34	-53058.465	-102494.655	-17870.445	0.0	0.0	0.0	0.0	0.0	0.0	0.0	0.0	0.0	0.0	0.0	0.0	0.0	0.0	145.6551724137931	0.0	0.030822675	-0.107848845	1.015927575	2.99096	0.21364	-0.62566	3191789.0	1776544773.339142	0.0	1.0	-1.0	-1.0	-1.0	-1.0	-1.0	-1.0	-1.0	-1.0	0.0	marker	opened-hand	Open	11	0418
-66468.915	-53063.954999999994	-102386.51999999999	-17760.195	0.0	0.0	0.0	0.0	0.0	0.0	0.0	0.0	0.0	0.0	0.0	0.0	0.0	0.0	145.6551724137931	0.0	0.030822675	-0.107848845	1.015927575	2.99096	0.21364	-0.62566	3191790.0	1776544773.343331	0.0	1.0	-1.0	-1.0	-1.0	-1.0	-1.0	-1.0	-1.0	-1.0	0.0	marker	opened-hand	Open	11	0418
-66485.47499999999	-53068.95	-102426.48	-17764.38	0.0	0.0	0.0	0.0	0.0	0.0	0.0	0.0	0.0	0.0	0.0	0.0	0.0	0.0	145.6551724137931	0.0	0.030822675	-0.107848845	1.015927575	2.99096	0.21364	-0.62566	3191791.0	1776544773.343351	0.0	1.0	-1.0	-1.0	-1.0	-1.0	-1.0	-1.0	-1.0	-1.0	0.0	marker	opened-hand	Open	11	0418
-66534.165	-53068.814999999995	-102508.37999999999	-17857.755	0.0	0.0	0.0	0.0	0.0	0.0	0.0	0.0	0.0	0.0	0.0	0.0	0.0	0.0	145.6551724137931	0.0	0.030822675	-0.107848845	1.015927575	2.99096	0.21364	-0.62566	3191792.0	1776544773.347369	0.0	1.0	-1.0	-1.0	-1.0	-1.0	-1.0	-1.0	-1.0	-1.0	0.0	marker	opened-hand	Open	11	0418
-66485.97	-53073.405	-102415.59	-17784.719999999998	0.0	0.0	0.0	0.0	0.0	0.0	0.0	0.0	0.0	0.0	0.0	0.0	0.0	0.0	145.6551724137931	0.0	0.030822675	-0.107848845	1.015927575	2.99096	0.21364	-0.62566	3191793.0	1776544773.347389	0.0	1.0	-1.0	-1.0	-1.0	-1.0	-1.0	-1.0	-1.0	-1.0	0.0	marker	opened-hand	Open	11	0418
-66398.48999999999	-53068.905	-102266.235	-17585.055	0.0	0.0	0.0	0.0	0.0	0.0	0.0	0.0	0.0	0.0	0.0	0.0	0.0	0.0	145.6551724137931	0.0	0.028625415	-0.101989485	1.017270345	2.6704999999999997	-0.18312	-0.27468	3191794.0	1776544773.353377	0.0	1.0	-1.0	-1.0	-1.0	-1.0	-1.0	-1.0	-1.0	-1.0	0.0	marker	opened-hand	Open	11	0418
-66555.81	-53073.99	-102455.595	-17730.585	0.0	0.0	0.0	0.0	0.0	0.0	0.0	0.0	0.0	0.0	0.0	0.0	0.0	0.0	145.6551724137931	0.0	0.028625415	-0.101989485	1.017270345	2.6704999999999997	-0.18312	-0.27468	3191795.0	1776544773.353398	0.0	1.0	-1.0	-1.0	-1.0	-1.0	-1.0	-1.0	-1.0	-1.0	0.0	marker	opened-hand	Open	11	0418
-66468.78	-53065.799999999996	-102442.59	-17749.35	0.0	0.0	0.0	0.0	0.0	0.0	0.0	0.0	0.0	0.0	0.0	0.0	0.0	0.0	145.6551724137931	0.0	0.028625415	-0.101989485	1.017270345	2.6704999999999997	-0.18312	-0.27468	3191796.0	1776544773.356504	0.0	1.0	-1.0	-1.0	-1.0	-1.0	-1.0	-1.0	-1.0	-1.0	0.0	marker	opened-hand	Open	11	0418
-66530.34	-53060.939999999995	-102512.655	-17838.0	0.0	0.0	0.0	0.0	0.0	0.0	0.0	0.0	0.0	0.0	0.0	0.0	0.0	0.0	145.6551724137931	0.0	0.028625415	-0.101989485	1.017270345	2.6704999999999997	-0.18312	-0.27468	3191797.0	1776544773.356523	0.0	1.0	-1.0	-1.0	-1.0	-1.0	-1.0	-1.0	-1.0	-1.0	0.0	marker	opened-hand	Open	11	0418
-66631.14	-53057.295	-102571.245	-17910.765	0.0	0.0	0.0	0.0	0.0	0.0	0.0	0.0	0.0	0.0	0.0	0.0	0.0	0.0	145.6551724137931	0.0	0.028625415	-0.101989485	1.017270345	2.6704999999999997	-0.18312	-0.27468	3191798.0	1776544773.359435	0.0	1.0	-1.0	-1.0	-1.0	-1.0	-1.0	-1.0	-1.0	-1.0	0.0	marker	opened-hand	Open	11	0418
-66665.11499999999	-53057.88	-102558.23999999999	-17926.02	0.0	0.0	0.0	0.0	0.0	0.0	0.0	0.0	0.0	0.0	0.0	0.0	0.0	0.0	145.6551724137931	0.0	0.028625415	-0.101989485	1.017270345	2.6704999999999997	-0.18312	-0.27468	3191799.0	1776544773.359453	0.0	1.0	-1.0	-1.0	-1.0	-1.0	-1.0	-1.0	-1.0	-1.0	0.0	marker	opened-hand	Open	11	0418
-66605.265	-53057.52	-102546.315	-17902.215	0.0	0.0	0.0	0.0	0.0	0.0	0.0	0.0	0.0	0.0	0.0	0.0	0.0	0.0	145.6551724137931	0.0	0.028625415	-0.101989485	1.017270345	2.6704999999999997	-0.18312	-0.27468	3191800.0	1776544773.365615	0.0	1.0	-1.0	-1.0	-1.0	-1.0	-1.0	-1.0	-1.0	-1.0	0.0	marker	opened-hand	Open	11	0418
-66550.23	-53070.795	-102559.86	-17824.005	0.0	0.0	0.0	0.0	0.0	0.0	0.0	0.0	0.0	0.0	0.0	0.0	0.0	0.0	145.6551724137931	0.0	0.028625415	-0.101989485	1.017270345	2.6704999999999997	-0.18312	-0.27468	3191801.0	1776544773.365634	0.0	1.0	-1.0	-1.0	-1.0	-1.0	-1.0	-1.0	-1.0	-1.0	0.0	marker	opened-hand	Open	11	0418
-66574.305	-53080.38	-102500.685	-17777.565	0.0	0.0	0.0	0.0	0.0	0.0	0.0	0.0	0.0	0.0	0.0	0.0	0.0	0.0	145.6551724137931	0.0	0.028625415	-0.101989485	1.017270345	2.6704999999999997	-0.18312	-0.27468	3191802.0	1776544773.370529	0.0	1.0	-1.0	-1.0	-1.0	-1.0	-1.0	-1.0	-1.0	-1.0	0.0	marker	opened-hand	Open	11	0418
-66576.105	-53081.189999999995	-102493.305	-17812.575	0.0	0.0	0.0	0.0	0.0	0.0	0.0	0.0	0.0	0.0	0.0	0.0	0.0	0.0	145.6551724137931	0.0	0.028625415	-0.101989485	1.017270345	2.6704999999999997	-0.18312	-0.27468	3191803.0	1776544773.370547	0.0	1.0	-1.0	-1.0	-1.0	-1.0	-1.0	-1.0	-1.0	-1.0	0.0	marker	opened-hand	Open	11	0418
-66564.315	-53091.225	-102487.72499999999	-17814.195	0.0	0.0	0.0	0.0	0.0	0.0	0.0	0.0	0.0	0.0	0.0	0.0	0.0	0.0	145.6551724137931	0.0	0.034118565000000003	-0.10070775	1.01354721	3.4945399999999998	0.19838	0.0	3191804.0	1776544773.371399	0.0	1.0	-1.0	-1.0	-1.0	-1.0	-1.0	-1.0	-1.0	-1.0	0.0	marker	opened-hand	Open	11	0418
-66510.27	-53087.67	-102469.72499999999	-17813.114999999998	0.0	0.0	0.0	0.0	0.0	0.0	0.0	0.0	0.0	0.0	0.0	0.0	0.0	0.0	145.6551724137931	0.0	0.034118565000000003	-0.10070775	1.01354721	3.4945399999999998	0.19838	0.0	3191805.0	1776544773.371416	0.0	1.0	-1.0	-1.0	-1.0	-1.0	-1.0	-1.0	-1.0	-1.0	0.0	marker	opened-hand	Open	11	0418
-66456.765	-53079.345	-102441.015	-17812.215	0.0	0.0	0.0	0.0	0.0	0.0	0.0	0.0	0.0	0.0	0.0	0.0	0.0	0.0	145.6551724137931	0.0	0.034118565000000003	-0.10070775	1.01354721	3.4945399999999998	0.19838	0.0	3191806.0	1776544773.380481	0.0	1.0	-1.0	-1.0	-1.0	-1.0	-1.0	-1.0	-1.0	-1.0	0.0	marker	opened-hand	Open	11	0418
-66446.685	-53084.88	-102416.22	-17776.755	0.0	0.0	0.0	0.0	0.0	0.0	0.0	0.0	0.0	0.0	0.0	0.0	0.0	0.0	145.6551724137931	0.0	0.034118565000000003	-0.10070775	1.01354721	3.4945399999999998	0.19838	0.0	3191807.0	1776544773.380499	0.0	1.0	-1.0	-1.0	-1.0	-1.0	-1.0	-1.0	-1.0	-1.0	0.0	marker	opened-hand	Open	11	0418
-66463.47	-53096.445	-102430.125	-17792.505	0.0	0.0	0.0	0.0	0.0	0.0	0.0	0.0	0.0	0.0	0.0	0.0	0.0	0.0	145.6551724137931	0.0	0.034118565000000003	-0.10070775	1.01354721	3.4945399999999998	0.19838	0.0	3191808.0	1776544773.384569	0.0	1.0	-1.0	-1.0	-1.0	-1.0	-1.0	-1.0	-1.0	-1.0	0.0	marker	opened-hand	Open	11	0418
-66438.09	-53091.585	-102426.75	-17792.19	0.0	0.0	0.0	0.0	0.0	0.0	0.0	0.0	0.0	0.0	0.0	0.0	0.0	0.0	145.6551724137931	0.0	0.034118565000000003	-0.10070775	1.01354721	3.4945399999999998	0.19838	0.0	3191809.0	1776544773.384587	0.0	1.0	-1.0	-1.0	-1.0	-1.0	-1.0	-1.0	-1.0	-1.0	0.0	marker	opened-hand	Open	11	0418
-66499.965	-53097.39	-102438.675	-17769.87	0.0	0.0	0.0	0.0	0.0	0.0	0.0	0.0	0.0	0.0	0.0	0.0	0.0	0.0	145.6551724137931	0.0	0.034118565000000003	-0.10070775	1.01354721	3.4945399999999998	0.19838	0.0	3191810.0	1776544773.386648	0.0	1.0	-1.0	-1.0	-1.0	-1.0	-1.0	-1.0	-1.0	-1.0	0.0	marker	opened-hand	Open	11	0418
-66519.675	-53098.155	-102418.11	-17739.135	0.0	0.0	0.0	0.0	0.0	0.0	0.0	0.0	0.0	0.0	0.0	0.0	0.0	0.0	145.6551724137931	0.0	0.034118565000000003	-0.10070775	1.01354721	3.4945399999999998	0.19838	0.0	3191811.0	1776544773.386667	0.0	1.0	-1.0	-1.0	-1.0	-1.0	-1.0	-1.0	-1.0	-1.0	0.0	marker	opened-hand	Open	11	0418
-66434.355	-53087.22	-102318.61499999999	-17680.23	0.0	0.0	0.0	0.0	0.0	0.0	0.0	0.0	0.0	0.0	0.0	0.0	0.0	0.0	145.6551724137931	0.0	0.034118565000000003	-0.10070775	1.01354721	3.4945399999999998	0.19838	0.0	3191812.0	1776544773.396334	0.0	1.0	-1.0	-1.0	-1.0	-1.0	-1.0	-1.0	-1.0	-1.0	0.0	marker	opened-hand	Open	11	0418
-66527.01	-53077.994999999995	-102340.26	-17666.01	0.0	0.0	0.0	0.0	0.0	0.0	0.0	0.0	0.0	0.0	0.0	0.0	0.0	0.0	145.6551724137931	0.0	0.034118565000000003	-0.10070775	1.01354721	3.4945399999999998	0.19838	0.0	3191813.0	1776544773.396355	0.0	1.0	-1.0	-1.0	-1.0	-1.0	-1.0	-1.0	-1.0	-1.0	0.0	marker	opened-hand	Open	11	0418
-66639.78	-53081.415	-102560.44499999999	-17875.89	0.0	0.0	0.0	0.0	0.0	0.0	0.0	0.0	0.0	0.0	0.0	0.0	0.0	0.0	145.6551724137931	0.0	0.035705475	-0.10314915	1.01049546	3.6318799999999998	0.36624	0.07629999999999999	3191814.0	1776544773.396381	0.0	1.0	-1.0	-1.0	-1.0	-1.0	-1.0	-1.0	-1.0	-1.0	0.0	marker	opened-hand	Open	11	0418
-66656.43	-53077.86	-102669.885	-18002.34	0.0	0.0	0.0	0.0	0.0	0.0	0.0	0.0	0.0	0.0	0.0	0.0	0.0	0.0	145.6551724137931	0.0	0.035705475	-0.10314915	1.01049546	3.6318799999999998	0.36624	0.07629999999999999	3191815.0	1776544773.396406	0.0	1.0	-1.0	-1.0	-1.0	-1.0	-1.0	-1.0	-1.0	-1.0	0.0	marker	opened-hand	Open	11	0418
-66486.33	-53057.655	-102480.12	-17843.13	0.0	0.0	0.0	0.0	0.0	0.0	0.0	0.0	0.0	0.0	0.0	0.0	0.0	0.0	145.6551724137931	0.0	0.035705475	-0.10314915	1.01049546	3.6318799999999998	0.36624	0.07629999999999999	3191816.0	1776544773.39643	0.0	1.0	-1.0	-1.0	-1.0	-1.0	-1.0	-1.0	-1.0	-1.0	0.0	marker	opened-hand	Open	11	0418
-66300.93	-53039.79	-102227.265	-17581.59	0.0	0.0	0.0	0.0	0.0	0.0	0.0	0.0	0.0	0.0	0.0	0.0	0.0	0.0	145.6551724137931	0.0	0.035705475	-0.10314915	1.01049546	3.6318799999999998	0.36624	0.07629999999999999	3191817.0	1776544773.396446	0.0	1.0	-1.0	-1.0	-1.0	-1.0	-1.0	-1.0	-1.0	-1.0	0.0	marker	opened-hand	Open	11	0418
-66585.645	-53064.945	-102404.655	-17735.265	0.0	0.0	0.0	0.0	0.0	0.0	0.0	0.0	0.0	0.0	0.0	0.0	0.0	0.0	145.6551724137931	0.0	0.035705475	-0.10314915	1.01049546	3.6318799999999998	0.36624	0.07629999999999999	3191818.0	1776544773.399435	0.0	1.0	-1.0	-1.0	-1.0	-1.0	-1.0	-1.0	-1.0	-1.0	0.0	marker	opened-hand	Open	11	0418
-66608.685	-53092.034999999996	-102542.715	-17907.614999999998	0.0	0.0	0.0	0.0	0.0	0.0	0.0	0.0	0.0	0.0	0.0	0.0	0.0	0.0	145.6551724137931	0.0	0.035705475	-0.10314915	1.01049546	3.6318799999999998	0.36624	0.07629999999999999	3191819.0	1776544773.399454	0.0	1.0	-1.0	-1.0	-1.0	-1.0	-1.0	-1.0	-1.0	-1.0	0.0	marker	opened-hand	Open	11	0418
-66536.595	-53089.11	-102519.315	-17866.44	0.0	0.0	0.0	0.0	0.0	0.0	0.0	0.0	0.0	0.0	0.0	0.0	0.0	0.0	145.6551724137931	0.0	0.035705475	-0.10314915	1.01049546	3.6318799999999998	0.36624	0.07629999999999999	3191820.0	1776544773.403577	0.0	1.0	-1.0	-1.0	-1.0	-1.0	-1.0	-1.0	-1.0	-1.0	0.0	marker	opened-hand	Open	11	0418
-66642.48	-53084.34	-102620.51999999999	-17933.355	0.0	0.0	0.0	0.0	0.0	0.0	0.0	0.0	0.0	0.0	0.0	0.0	0.0	0.0	145.6551724137931	0.0	0.035705475	-0.10314915	1.01049546	3.6318799999999998	0.36624	0.07629999999999999	3191821.0	1776544773.403602	0.0	1.0	-1.0	-1.0	-1.0	-1.0	-1.0	-1.0	-1.0	-1.0	0.0	marker	opened-hand	Open	11	0418
-66641.4	-53072.055	-102658.455	-17985.915	0.0	0.0	0.0	0.0	0.0	0.0	0.0	0.0	0.0	0.0	0.0	0.0	0.0	0.0	145.6551724137931	0.0	0.035705475	-0.10314915	1.01049546	3.6318799999999998	0.36624	0.07629999999999999	3191822.0	1776544773.407511	0.0	1.0	-1.0	-1.0	-1.0	-1.0	-1.0	-1.0	-1.0	-1.0	0.0	marker	opened-hand	Open	11	0418
-66567.59999999999	-53061.165	-102559.455	-17895.285	0.0	0.0	0.0	0.0	0.0	0.0	0.0	0.0	0.0	0.0	0.0	0.0	0.0	0.0	145.6551724137931	0.0	0.035705475	-0.10314915	1.01049546	3.6318799999999998	0.36624	0.07629999999999999	3191823.0	1776544773.407529	0.0	1.0	-1.0	-1.0	-1.0	-1.0	-1.0	-1.0	-1.0	-1.0	0.0	marker	opened-hand	Open	11	0418
-66566.11499999999	-53053.74	-102501.855	-17871.614999999998	0.0	0.0	0.0	0.0	0.0	0.0	0.0	0.0	0.0	0.0	0.0	0.0	0.0	0.0	145.6551724137931	0.0	0.03344718	-0.108337125	1.00756578	4.3338399999999995	0.9003399999999999	-1.0834599999999999	3191824.0	1776544773.411678	0.0	1.0	-1.0	-1.0	-1.0	-1.0	-1.0	-1.0	-1.0	-1.0	0.0	marker	opened-hand	Open	11	0418
-66574.395	-53060.13	-102517.92	-17857.305	0.0	0.0	0.0	0.0	0.0	0.0	0.0	0.0	0.0	0.0	0.0	0.0	0.0	0.0	145.6551724137931	0.0	0.03344718	-0.108337125	1.00756578	4.3338399999999995	0.9003399999999999	-1.0834599999999999	3191825.0	1776544773.411695	0.0	1.0	-1.0	-1.0	-1.0	-1.0	-1.0	-1.0	-1.0	-1.0	0.0	marker	opened-hand	Open	11	0418
-66565.62	-53070.479999999996	-102534.705	-17848.079999999998	0.0	0.0	0.0	0.0	0.0	0.0	0.0	0.0	0.0	0.0	0.0	0.0	0.0	0.0	145.6551724137931	0.0	0.03344718	-0.108337125	1.00756578	4.3338399999999995	0.9003399999999999	-1.0834599999999999	3191826.0	1776544773.415967	0.0	1.0	-1.0	-1.0	-1.0	-1.0	-1.0	-1.0	-1.0	-1.0	0.0	marker	opened-hand	Open	11	0418
-66547.665	-53068.5	-102492.18	-17821.62	0.0	0.0	0.0	0.0	0.0	0.0	0.0	0.0	0.0	0.0	0.0	0.0	0.0	0.0	145.6551724137931	0.0	0.03344718	-0.108337125	1.00756578	4.3338399999999995	0.9003399999999999	-1.0834599999999999	3191827.0	1776544773.415986	0.0	1.0	-1.0	-1.0	-1.0	-1.0	-1.0	-1.0	-1.0	-1.0	0.0	marker	opened-hand	Open	11	0418
-66576.645	-53064.18	-102527.86499999999	-17863.065	0.0	0.0	0.0	0.0	0.0	0.0	0.0	0.0	0.0	0.0	0.0	0.0	0.0	0.0	145.6551724137931	0.0	0.03344718	-0.108337125	1.00756578	4.3338399999999995	0.9003399999999999	-1.0834599999999999	3191828.0	1776544773.419605	0.0	1.0	-1.0	-1.0	-1.0	-1.0	-1.0	-1.0	-1.0	-1.0	0.0	marker	opened-hand	Open	11	0418
-66505.95	-53056.89	-102470.94	-17820.945	0.0	0.0	0.0	0.0	0.0	0.0	0.0	0.0	0.0	0.0	0.0	0.0	0.0	0.0	145.6551724137931	0.0	0.03344718	-0.108337125	1.00756578	4.3338399999999995	0.9003399999999999	-1.0834599999999999	3191829.0	1776544773.419624	0.0	1.0	-1.0	-1.0	-1.0	-1.0	-1.0	-1.0	-1.0	-1.0	0.0	marker	opened-hand	Open	11	0418
-66453.885	-53047.619999999995	-102420.495	-17758.755	0.0	0.0	0.0	0.0	0.0	0.0	0.0	0.0	0.0	0.0	0.0	0.0	0.0	0.0	145.6551724137931	0.0	0.03344718	-0.108337125	1.00756578	4.3338399999999995	0.9003399999999999	-1.0834599999999999	3191830.0	1776544773.423757	0.0	1.0	-1.0	-1.0	-1.0	-1.0	-1.0	-1.0	-1.0	-1.0	0.0	marker	opened-hand	Open	11	0418
-66503.16	-53049.96	-102407.355	-17743.815	0.0	0.0	0.0	0.0	0.0	0.0	0.0	0.0	0.0	0.0	0.0	0.0	0.0	0.0	145.6551724137931	0.0	0.03344718	-0.108337125	1.00756578	4.3338399999999995	0.9003399999999999	-1.0834599999999999	3191831.0	1776544773.423776	0.0	1.0	-1.0	-1.0	-1.0	-1.0	-1.0	-1.0	-1.0	-1.0	0.0	marker	opened-hand	Open	11	0418
-66555.27	-53064.674999999996	-102488.625	-17857.89	0.0	0.0	0.0	0.0	0.0	0.0	0.0	0.0	0.0	0.0	0.0	0.0	0.0	0.0	145.6551724137931	0.0	0.03344718	-0.108337125	1.00756578	4.3338399999999995	0.9003399999999999	-1.0834599999999999	3191832.0	1776544773.427706	0.0	1.0	-1.0	-1.0	-1.0	-1.0	-1.0	-1.0	-1.0	-1.0	0.0	marker	opened-hand	Open	11	0418
-66461.535	-53063.729999999996	-102375.315	-17715.239999999998	0.0	0.0	0.0	0.0	0.0	0.0	0.0	0.0	0.0	0.0	0.0	0.0	0.0	0.0	145.6551724137931	0.0	0.03344718	-0.108337125	1.00756578	4.3338399999999995	0.9003399999999999	-1.0834599999999999	3191833.0	1776544773.427725	0.0	1.0	-1.0	-1.0	-1.0	-1.0	-1.0	-1.0	-1.0	-1.0	0.0	marker	opened-hand	Open	11	0418
-66401.64	-53066.025	-102305.97	-17610.48	0.0	0.0	0.0	0.0	0.0	0.0	0.0	0.0	0.0	0.0	0.0	0.0	0.0	0.0	145.6551724137931	0.0	0.03259269	-0.10607883	1.01220444	3.052	0.42728	-0.41202	3191834.0	1776544773.43156	0.0	1.0	-1.0	-1.0	-1.0	-1.0	-1.0	-1.0	-1.0	-1.0	0.0	marker	opened-hand	Open	11	0418
-66474.09	-53082.63	-102375.94499999999	-17693.64	0.0	0.0	0.0	0.0	0.0	0.0	0.0	0.0	0.0	0.0	0.0	0.0	0.0	0.0	145.6551724137931	0.0	0.03259269	-0.10607883	1.01220444	3.052	0.42728	-0.41202	3191835.0	1776544773.43158	0.0	1.0	-1.0	-1.0	-1.0	-1.0	-1.0	-1.0	-1.0	-1.0	0.0	marker	opened-hand	Open	11	0418
-66489.705	-53097.795	-102358.34999999999	-17694.945	0.0	0.0	0.0	0.0	0.0	0.0	0.0	0.0	0.0	0.0	0.0	0.0	0.0	0.0	145.6551724137931	0.0	0.03259269	-0.10607883	1.01220444	3.052	0.42728	-0.41202	3191836.0	1776544773.435579	0.0	1.0	-1.0	-1.0	-1.0	-1.0	-1.0	-1.0	-1.0	-1.0	0.0	marker	opened-hand	Open	11	0418
-66581.595	-53112.42	-102512.97	-17836.38	0.0	0.0	0.0	0.0	0.0	0.0	0.0	0.0	0.0	0.0	0.0	0.0	0.0	0.0	145.6551724137931	0.0	0.03259269	-0.10607883	1.01220444	3.052	0.42728	-0.41202	3191837.0	1776544773.435597	0.0	1.0	-1.0	-1.0	-1.0	-1.0	-1.0	-1.0	-1.0	-1.0	0.0	marker	opened-hand	Open	11	0418
-66593.88	-53110.755	-102607.425	-17953.02	0.0	0.0	0.0	0.0	0.0	0.0	0.0	0.0	0.0	0.0	0.0	0.0	0.0	0.0	145.6551724137931	0.0	0.03259269	-0.10607883	1.01220444	3.052	0.42728	-0.41202	3191838.0	1776544773.439658	0.0	1.0	-1.0	-1.0	-1.0	-1.0	-1.0	-1.0	-1.0	-1.0	0.0	marker	opened-hand	Open	11	0418
-66454.965	-53100.405	-102434.44499999999	-17778.465	0.0	0.0	0.0	0.0	0.0	0.0	0.0	0.0	0.0	0.0	0.0	0.0	0.0	0.0	145.6551724137931	0.0	0.03259269	-0.10607883	1.01220444	3.052	0.42728	-0.41202	3191839.0	1776544773.439676	0.0	1.0	-1.0	-1.0	-1.0	-1.0	-1.0	-1.0	-1.0	-1.0	0.0	marker	opened-hand	Open	11	0418
-66441.33	-53110.305	-102359.47499999999	-17739.809999999998	0.0	0.0	0.0	0.0	0.0	0.0	0.0	0.0	0.0	0.0	0.0	0.0	0.0	0.0	145.6551724137931	0.0	0.03259269	-0.10607883	1.01220444	3.052	0.42728	-0.41202	3191840.0	1776544773.443562	0.0	1.0	-1.0	-1.0	-1.0	-1.0	-1.0	-1.0	-1.0	-1.0	0.0	marker	opened-hand	Open	11	0418
-66624.61499999999	-53121.825	-102536.685	-17912.295	0.0	0.0	0.0	0.0	0.0	0.0	0.0	0.0	0.0	0.0	0.0	0.0	0.0	0.0	145.6551724137931	0.0	0.03259269	-0.10607883	1.01220444	3.052	0.42728	-0.41202	3191841.0	1776544773.44358	0.0	1.0	-1.0	-1.0	-1.0	-1.0	-1.0	-1.0	-1.0	-1.0	0.0	marker	opened-hand	Open	11	0418
-66609.765	-53126.415	-102596.265	-17896.545	0.0	0.0	0.0	0.0	0.0	0.0	0.0	0.0	0.0	0.0	0.0	0.0	0.0	0.0	145.6551724137931	0.0	0.03259269	-0.10607883	1.01220444	3.052	0.42728	-0.41202	3191842.0	1776544773.447627	0.0	1.0	-1.0	-1.0	-1.0	-1.0	-1.0	-1.0	-1.0	-1.0	0.0	marker	opened-hand	Open	11	0418
-66544.92	-53143.829999999994	-102531.915	-17836.92	0.0	0.0	0.0	0.0	0.0	0.0	0.0	0.0	0.0	0.0	0.0	0.0	0.0	0.0	145.6551724137931	0.0	0.03259269	-0.10607883	1.01220444	3.052	0.42728	-0.41202	3191843.0	1776544773.447647	0.0	1.0	-1.0	-1.0	-1.0	-1.0	-1.0	-1.0	-1.0	-1.0	0.0	marker	opened-hand	Open	11	0418
-66482.81999999999	-53140.994999999995	-102434.985	-17761.725	0.0	0.0	0.0	0.0	0.0	0.0	0.0	0.0	0.0	0.0	0.0	0.0	0.0	0.0	145.6551724137931	0.0	0.028747485	-0.105041235	1.015683435	3.29616	0.09156	-0.54936	3191844.0	1776544773.452867	0.0	1.0	-1.0	-1.0	-1.0	-1.0	-1.0	-1.0	-1.0	-1.0	0.0	marker	opened-hand	Open	11	0418
-66540.375	-53133.21	-102479.805	-17807.579999999998	0.0	0.0	0.0	0.0	0.0	0.0	0.0	0.0	0.0	0.0	0.0	0.0	0.0	0.0	145.6551724137931	0.0	0.028747485	-0.105041235	1.015683435	3.29616	0.09156	-0.54936	3191845.0	1776544773.45288	0.0	1.0	-1.0	-1.0	-1.0	-1.0	-1.0	-1.0	-1.0	-1.0	0.0	marker	opened-hand	Open	11	0418
-66621.375	-53129.34	-102551.12999999999	-17872.875	0.0	0.0	0.0	0.0	0.0	0.0	0.0	0.0	0.0	0.0	0.0	0.0	0.0	0.0	145.6551724137931	0.0	0.028747485	-0.105041235	1.015683435	3.29616	0.09156	-0.54936	3191846.0	1776544773.45607	0.0	1.0	-1.0	-1.0	-1.0	-1.0	-1.0	-1.0	-1.0	-1.0	0.0	marker	opened-hand	Open	11	0418
-66604.815	-53107.02	-102513.105	-17833.815	0.0	0.0	0.0	0.0	0.0	0.0	0.0	0.0	0.0	0.0	0.0	0.0	0.0	0.0	145.6551724137931	0.0	0.028747485	-0.105041235	1.015683435	3.29616	0.09156	-0.54936	3191847.0	1776544773.456081	0.0	1.0	-1.0	-1.0	-1.0	-1.0	-1.0	-1.0	-1.0	-1.0	0.0	marker	opened-hand	Open	11	0418
-66562.38	-53092.799999999996	-102465.98999999999	-17801.19	0.0	0.0	0.0	0.0	0.0	0.0	0.0	0.0	0.0	0.0	0.0	0.0	0.0	0.0	145.6551724137931	0.0	0.028747485	-0.105041235	1.015683435	3.29616	0.09156	-0.54936	3191848.0	1776544773.459634	0.0	1.0	-1.0	-1.0	-1.0	-1.0	-1.0	-1.0	-1.0	-1.0	0.0	marker	opened-hand	Open	11	0418
-66529.89	-53083.935	-102421.08	-17761.05	0.0	0.0	0.0	0.0	0.0	0.0	0.0	0.0	0.0	0.0	0.0	0.0	0.0	0.0	145.6551724137931	0.0	0.028747485	-0.105041235	1.015683435	3.29616	0.09156	-0.54936	3191849.0	1776544773.459645	0.0	1.0	-1.0	-1.0	-1.0	-1.0	-1.0	-1.0	-1.0	-1.0	0.0	marker	opened-hand	Open	11	0418
-66611.88	-53092.395	-102485.745	-17781.434999999998	0.0	0.0	0.0	0.0	0.0	0.0	0.0	0.0	0.0	0.0	0.0	0.0	0.0	0.0	145.6551724137931	0.0	0.028747485	-0.105041235	1.015683435	3.29616	0.09156	-0.54936	3191850.0	1776544773.465322	0.0	1.0	-1.0	-1.0	-1.0	-1.0	-1.0	-1.0	-1.0	-1.0	0.0	marker	opened-hand	Open	11	0418
-66624.03	-53106.165	-102538.665	-17860.094999999998	0.0	0.0	0.0	0.0	0.0	0.0	0.0	0.0	0.0	0.0	0.0	0.0	0.0	0.0	145.6551724137931	0.0	0.028747485	-0.105041235	1.015683435	3.29616	0.09156	-0.54936	3191851.0	1776544773.465344	0.0	1.0	-1.0	-1.0	-1.0	-1.0	-1.0	-1.0	-1.0	-1.0	0.0	marker	opened-hand	Open	11	0418
-66575.655	-53111.475	-102554.28	-17884.305	0.0	0.0	0.0	0.0	0.0	0.0	0.0	0.0	0.0	0.0	0.0	0.0	0.0	0.0	145.6551724137931	0.0	0.028747485	-0.105041235	1.015683435	3.29616	0.09156	-0.54936	3191852.0	1776544773.467691	0.0	1.0	-1.0	-1.0	-1.0	-1.0	-1.0	-1.0	-1.0	-1.0	0.0	marker	opened-hand	Open	11	0418
-66541.41	-53105.04	-102510.405	-17853.39	0.0	0.0	0.0	0.0	0.0	0.0	0.0	0.0	0.0	0.0	0.0	0.0	0.0	0.0	145.6551724137931	0.0	0.028747485	-0.105041235	1.015683435	3.29616	0.09156	-0.54936	3191853.0	1776544773.46771	0.0	1.0	-1.0	-1.0	-1.0	-1.0	-1.0	-1.0	-1.0	-1.0	0.0	marker	opened-hand	Open	11	0418
-66518.955	-53089.784999999996	-102451.14	-17777.114999999998	0.0	0.0	0.0	0.0	0.0	0.0	0.0	0.0	0.0	0.0	0.0	0.0	0.0	0.0	145.6551724137931	0.0	0.035583405	-0.10058568	1.014951015	2.63998	0.21364	0.13734	3191854.0	1776544773.471761	0.0	1.0	-1.0	-1.0	-1.0	-1.0	-1.0	-1.0	-1.0	-1.0	0.0	marker	opened-hand	Open	11	0418
-66473.235	-53078.895	-102452.44499999999	-17763.03	0.0	0.0	0.0	0.0	0.0	0.0	0.0	0.0	0.0	0.0	0.0	0.0	0.0	0.0	145.6551724137931	0.0	0.035583405	-0.10058568	1.014951015	2.63998	0.21364	0.13734	3191855.0	1776544773.471779	0.0	1.0	-1.0	-1.0	-1.0	-1.0	-1.0	-1.0	-1.0	-1.0	0.0	marker	opened-hand	Open	11	0418
-66364.56	-53073.0	-102398.265	-17732.52	0.0	0.0	0.0	0.0	0.0	0.0	0.0	0.0	0.0	0.0	0.0	0.0	0.0	0.0	145.6551724137931	0.0	0.035583405	-0.10058568	1.014951015	2.63998	0.21364	0.13734	3191856.0	1776544773.475895	0.0	1.0	-1.0	-1.0	-1.0	-1.0	-1.0	-1.0	-1.0	-1.0	0.0	marker	opened-hand	Open	11	0418
-66392.055	-53071.515	-102354.525	-17660.79	0.0	0.0	0.0	0.0	0.0	0.0	0.0	0.0	0.0	0.0	0.0	0.0	0.0	0.0	145.6551724137931	0.0	0.035583405	-0.10058568	1.014951015	2.63998	0.21364	0.13734	3191857.0	1776544773.475928	0.0	1.0	-1.0	-1.0	-1.0	-1.0	-1.0	-1.0	-1.0	-1.0	0.0	marker	opened-hand	Open	11	0418
-66543.3	-53080.604999999996	-102456.135	-17748.09	0.0	0.0	0.0	0.0	0.0	0.0	0.0	0.0	0.0	0.0	0.0	0.0	0.0	0.0	145.6551724137931	0.0	0.035583405	-0.10058568	1.014951015	2.63998	0.21364	0.13734	3191858.0	1776544773.480552	0.0	1.0	-1.0	-1.0	-1.0	-1.0	-1.0	-1.0	-1.0	-1.0	0.0	marker	opened-hand	Open	11	0418
-66536.685	-53087.805	-102481.01999999999	-17800.649999999998	0.0	0.0	0.0	0.0	0.0	0.0	0.0	0.0	0.0	0.0	0.0	0.0	0.0	0.0	145.6551724137931	0.0	0.035583405	-0.10058568	1.014951015	2.63998	0.21364	0.13734	3191859.0	1776544773.480571	0.0	1.0	-1.0	-1.0	-1.0	-1.0	-1.0	-1.0	-1.0	-1.0	0.0	marker	opened-hand	Open	11	0418
-66486.735	-53095.14	-102436.29	-17735.805	0.0	0.0	0.0	0.0	0.0	0.0	0.0	0.0	0.0	0.0	0.0	0.0	0.0	0.0	145.6551724137931	0.0	0.035583405	-0.10058568	1.014951015	2.63998	0.21364	0.13734	3191860.0	1776544773.483819	0.0	1.0	-1.0	-1.0	-1.0	-1.0	-1.0	-1.0	-1.0	-1.0	0.0	marker	opened-hand	Open	11	0418
-66471.255	-53095.59	-102409.515	-17726.13	0.0	0.0	0.0	0.0	0.0	0.0	0.0	0.0	0.0	0.0	0.0	0.0	0.0	0.0	145.6551724137931	0.0	0.035583405	-0.10058568	1.014951015	2.63998	0.21364	0.13734	3191861.0	1776544773.483837	0.0	1.0	-1.0	-1.0	-1.0	-1.0	-1.0	-1.0	-1.0	-1.0	0.0	marker	opened-hand	Open	11	0418
-66472.92	-53091.674999999996	-102438.72	-17824.77	0.0	0.0	0.0	0.0	0.0	0.0	0.0	0.0	0.0	0.0	0.0	0.0	0.0	0.0	145.6551724137931	0.0	0.035583405	-0.10058568	1.014951015	2.63998	0.21364	0.13734	3191862.0	1776544773.487857	0.0	1.0	-1.0	-1.0	-1.0	-1.0	-1.0	-1.0	-1.0	-1.0	0.0	marker	opened-hand	Open	11	0418
-66598.29	-53081.189999999995	-102481.83	-17864.46	0.0	0.0	0.0	0.0	0.0	0.0	0.0	0.0	0.0	0.0	0.0	0.0	0.0	0.0	145.6551724137931	0.0	0.035583405	-0.10058568	1.014951015	2.63998	0.21364	0.13734	3191863.0	1776544773.487876	0.0	1.0	-1.0	-1.0	-1.0	-1.0	-1.0	-1.0	-1.0	-1.0	0.0	marker	opened-hand	Open	11	0418
-66542.48999999999	-53071.92	-102482.64	-17780.489999999998	0.0	0.0	0.0	0.0	0.0	0.0	0.0	0.0	0.0	0.0	0.0	0.0	0.0	0.0	145.6551724137931	0.0	0.035217195	-0.10229466	1.01342514	3.5098	-0.15259999999999999	0.2289	3191864.0	1776544773.491907	0.0	1.0	-1.0	-1.0	-1.0	-1.0	-1.0	-1.0	-1.0	-1.0	0.0	marker	opened-hand	Open	11	0418
-66478.86	-53073.09	-102445.01999999999	-17791.605	0.0	0.0	0.0	0.0	0.0	0.0	0.0	0.0	0.0	0.0	0.0	0.0	0.0	0.0	145.6551724137931	0.0	0.035217195	-0.10229466	1.01342514	3.5098	-0.15259999999999999	0.2289	3191865.0	1776544773.491921	0.0	1.0	-1.0	-1.0	-1.0	-1.0	-1.0	-1.0	-1.0	-1.0	0.0	marker	opened-hand	Open	11	0418
-66432.23999999999	-53078.13	-102328.2	-17701.065	0.0	0.0	0.0	0.0	0.0	0.0	0.0	0.0	0.0	0.0	0.0	0.0	0.0	0.0	145.6551724137931	0.0	0.035217195	-0.10229466	1.01342514	3.5098	-0.15259999999999999	0.2289	3191866.0	1776544773.497277	0.0	1.0	-1.0	-1.0	-1.0	-1.0	-1.0	-1.0	-1.0	-1.0	0.0	marker	opened-hand	Open	11	0418
-66491.28	-53086.005	-102374.50499999999	-17713.844999999998	0.0	0.0	0.0	0.0	0.0	0.0	0.0	0.0	0.0	0.0	0.0	0.0	0.0	0.0	145.6551724137931	0.0	0.035217195	-0.10229466	1.01342514	3.5098	-0.15259999999999999	0.2289	3191867.0	1776544773.49729	0.0	1.0	-1.0	-1.0	-1.0	-1.0	-1.0	-1.0	-1.0	-1.0	0.0	marker	opened-hand	Open	11	0418
-66554.685	-53099.28	-102570.525	-17900.505	0.0	0.0	0.0	0.0	0.0	0.0	0.0	0.0	0.0	0.0	0.0	0.0	0.0	0.0	145.6551724137931	0.0	0.035217195	-0.10229466	1.01342514	3.5098	-0.15259999999999999	0.2289	3191868.0	1776544773.499874	0.0	1.0	-1.0	-1.0	-1.0	-1.0	-1.0	-1.0	-1.0	-1.0	0.0	marker	opened-hand	Open	11	0418
-66703.23	-53117.64	-102726.58499999999	-18055.17	0.0	0.0	0.0	0.0	0.0	0.0	0.0	0.0	0.0	0.0	0.0	0.0	0.0	0.0	145.6551724137931	0.0	0.035217195	-0.10229466	1.01342514	3.5098	-0.15259999999999999	0.2289	3191869.0	1776544773.499885	0.0	1.0	-1.0	-1.0	-1.0	-1.0	-1.0	-1.0	-1.0	-1.0	0.0	marker	opened-hand	Open	11	0418
-66605.175	-53103.869999999995	-102615.97499999999	-17945.415	0.0	0.0	0.0	0.0	0.0	0.0	0.0	0.0	0.0	0.0	0.0	0.0	0.0	0.0	145.6551724137931	0.0	0.035217195	-0.10229466	1.01342514	3.5098	-0.15259999999999999	0.2289	3191870.0	1776544773.503866	0.0	1.0	-1.0	-1.0	-1.0	-1.0	-1.0	-1.0	-1.0	-1.0	0.0	marker	opened-hand	Open	11	0418
-66561.3	-53095.545	-102570.84	-17924.355	0.0	0.0	0.0	0.0	0.0	0.0	0.0	0.0	0.0	0.0	0.0	0.0	0.0	0.0	145.6551724137931	0.0	0.035217195	-0.10229466	1.01342514	3.5098	-0.15259999999999999	0.2289	3191871.0	1776544773.503881	0.0	1.0	-1.0	-1.0	-1.0	-1.0	-1.0	-1.0	-1.0	-1.0	0.0	marker	opened-hand	Open	11	0418
-66646.17	-53088.39	-102594.19499999999	-17922.465	0.0	0.0	0.0	0.0	0.0	0.0	0.0	0.0	0.0	0.0	0.0	0.0	0.0	0.0	145.6551724137931	0.0	0.035217195	-0.10229466	1.01342514	3.5098	-0.15259999999999999	0.2289	3191872.0	1776544773.507892	0.0	1.0	-1.0	-1.0	-1.0	-1.0	-1.0	-1.0	-1.0	-1.0	0.0	marker	opened-hand	Open	11	0418
-66623.625	-53088.255	-102559.95	-17893.26	0.0	0.0	0.0	0.0	0.0	0.0	0.0	0.0	0.0	0.0	0.0	0.0	0.0	0.0	145.6551724137931	0.0	0.035217195	-0.10229466	1.01342514	3.5098	-0.15259999999999999	0.2289	3191873.0	1776544773.507912	0.0	1.0	-1.0	-1.0	-1.0	-1.0	-1.0	-1.0	-1.0	-1.0	0.0	marker	opened-hand	Open	11	0418
-66568.905	-53086.86	-102515.355	-17846.235	0.0	0.0	0.0	0.0	0.0	0.0	0.0	0.0	0.0	0.0	0.0	0.0	0.0	0.0	145.6551724137931	0.0	0.033508215	-0.108215055	1.011166845	4.16598	0.25942	-0.9308599999999999	3191874.0	1776544773.511957	0.0	1.0	-1.0	-1.0	-1.0	-1.0	-1.0	-1.0	-1.0	-1.0	0.0	marker	opened-hand	Open	11	0418
-66469.995	-53087.354999999996	-102417.345	-17750.61	0.0	0.0	0.0	0.0	0.0	0.0	0.0	0.0	0.0	0.0	0.0	0.0	0.0	0.0	145.6551724137931	0.0	0.033508215	-0.108215055	1.011166845	4.16598	0.25942	-0.9308599999999999	3191875.0	1776544773.511978	0.0	1.0	-1.0	-1.0	-1.0	-1.0	-1.0	-1.0	-1.0	-1.0	0.0	marker	opened-hand	Open	11	0418
-66413.43	-53095.275	-102351.64499999999	-17678.565	0.0	0.0	0.0	0.0	0.0	0.0	0.0	0.0	0.0	0.0	0.0	0.0	0.0	0.0	145.6551724137931	0.0	0.033508215	-0.108215055	1.011166845	4.16598	0.25942	-0.9308599999999999	3191876.0	1776544773.515966	0.0	1.0	-1.0	-1.0	-1.0	-1.0	-1.0	-1.0	-1.0	-1.0	0.0	marker	opened-hand	Open	11	0418
-66518.28	-53104.005	-102447.72	-17762.04	0.0	0.0	0.0	0.0	0.0	0.0	0.0	0.0	0.0	0.0	0.0	0.0	0.0	0.0	145.6551724137931	0.0	0.033508215	-0.108215055	1.011166845	4.16598	0.25942	-0.9308599999999999	3191877.0	1776544773.515979	0.0	1.0	-1.0	-1.0	-1.0	-1.0	-1.0	-1.0	-1.0	-1.0	0.0	marker	opened-hand	Open	11	0418
-66611.295	-53136.134999999995	-102556.75499999999	-17890.29	0.0	0.0	0.0	0.0	0.0	0.0	0.0	0.0	0.0	0.0	0.0	0.0	0.0	0.0	145.6551724137931	0.0	0.033508215	-0.108215055	1.011166845	4.16598	0.25942	-0.9308599999999999	3191878.0	1776544773.519959	0.0	1.0	-1.0	-1.0	-1.0	-1.0	-1.0	-1.0	-1.0	-1.0	0.0	marker	opened-hand	Open	11	0418
-66580.69499999999	-53145.314999999995	-102524.84999999999	-17866.17	0.0	0.0	0.0	0.0	0.0	0.0	0.0	0.0	0.0	0.0	0.0	0.0	0.0	0.0	145.6551724137931	0.0	0.033508215	-0.108215055	1.011166845	4.16598	0.25942	-0.9308599999999999	3191879.0	1776544773.519979	0.0	1.0	-1.0	-1.0	-1.0	-1.0	-1.0	-1.0	-1.0	-1.0	0.0	marker	opened-hand	Open	11	0418
-66496.14	-53141.085	-102450.28499999999	-17783.73	0.0	0.0	0.0	0.0	0.0	0.0	0.0	0.0	0.0	0.0	0.0	0.0	0.0	0.0	145.6551724137931	0.0	0.033508215	-0.108215055	1.011166845	4.16598	0.25942	-0.9308599999999999	3191880.0	1776544773.523662	0.0	1.0	-1.0	-1.0	-1.0	-1.0	-1.0	-1.0	-1.0	-1.0	0.0	marker	opened-hand	Open	11	0418
-66480.705	-53141.04	-102437.955	-17762.489999999998	0.0	0.0	0.0	0.0	0.0	0.0	0.0	0.0	0.0	0.0	0.0	0.0	0.0	0.0	145.6551724137931	0.0	0.033508215	-0.108215055	1.011166845	4.16598	0.25942	-0.9308599999999999	3191881.0	1776544773.52368	0.0	1.0	-1.0	-1.0	-1.0	-1.0	-1.0	-1.0	-1.0	-1.0	0.0	marker	opened-hand	Open	11	0418
-66552.03	-53139.195	-102476.7	-17798.94	0.0	0.0	0.0	0.0	0.0	0.0	0.0	0.0	0.0	0.0	0.0	0.0	0.0	0.0	145.6551724137931	0.0	0.033508215	-0.108215055	1.011166845	4.16598	0.25942	-0.9308599999999999	3191882.0	1776544773.528935	0.0	1.0	-1.0	-1.0	-1.0	-1.0	-1.0	-1.0	-1.0	-1.0	0.0	marker	opened-hand	Open	11	0418
-66535.065	-53133.795	-102418.515	-17757.945	0.0	0.0	0.0	0.0	0.0	0.0	0.0	0.0	0.0	0.0	0.0	0.0	0.0	0.0	145.6551724137931	0.0	0.033508215	-0.108215055	1.011166845	4.16598	0.25942	-0.9308599999999999	3191883.0	1776544773.528944	0.0	1.0	-1.0	-1.0	-1.0	-1.0	-1.0	-1.0	-1.0	-1.0	0.0	marker	opened-hand	Open	11	0418
-66496.95	-53145.585	-102412.34999999999	-17761.68	0.0	0.0	0.0	0.0	0.0	0.0	0.0	0.0	0.0	0.0	0.0	0.0	0.0	0.0	145.6551724137931	0.0	0.031127850000000002	-0.106994355	1.011777195	3.6166199999999997	0.28994	-0.6103999999999999	3191884.0	1776544773.532082	0.0	1.0	-1.0	-1.0	-1.0	-1.0	-1.0	-1.0	-1.0	-1.0	0.0	marker	opened-hand	Open	11	0418
-66407.355	-53161.74	-102390.03	-17730.855	0.0	0.0	0.0	0.0	0.0	0.0	0.0	0.0	0.0	0.0	0.0	0.0	0.0	0.0	145.6551724137931	0.0	0.031127850000000002	-0.106994355	1.011777195	3.6166199999999997	0.28994	-0.6103999999999999	3191885.0	1776544773.532105	0.0	1.0	-1.0	-1.0	-1.0	-1.0	-1.0	-1.0	-1.0	-1.0	0.0	marker	opened-hand	Open	11	0418
-66501.495	-53173.034999999996	-102472.37999999999	-17833.95	0.0	0.0	0.0	0.0	0.0	0.0	0.0	0.0	0.0	0.0	0.0	0.0	0.0	0.0	145.6551724137931	0.0	0.031127850000000002	-0.106994355	1.011777195	3.6166199999999997	0.28994	-0.6103999999999999	3191886.0	1776544773.535903	0.0	1.0	-1.0	-1.0	-1.0	-1.0	-1.0	-1.0	-1.0	-1.0	0.0	marker	opened-hand	Open	11	0418
-66488.84999999999	-53164.439999999995	-102420.72	-17727.165	0.0	0.0	0.0	0.0	0.0	0.0	0.0	0.0	0.0	0.0	0.0	0.0	0.0	0.0	145.6551724137931	0.0	0.031127850000000002	-0.106994355	1.011777195	3.6166199999999997	0.28994	-0.6103999999999999	3191887.0	1776544773.535925	0.0	1.0	-1.0	-1.0	-1.0	-1.0	-1.0	-1.0	-1.0	-1.0	0.0	marker	opened-hand	Open	11	0418
-66424.815	-53145.225	-102342.87	-17642.565	0.0	0.0	0.0	0.0	0.0	0.0	0.0	0.0	0.0	0.0	0.0	0.0	0.0	0.0	145.6551724137931	0.0	0.031127850000000002	-0.106994355	1.011777195	3.6166199999999997	0.28994	-0.6103999999999999	3191888.0	1776544773.539972	0.0	1.0	-1.0	-1.0	-1.0	-1.0	-1.0	-1.0	-1.0	-1.0	0.0	marker	opened-hand	Open	11	0418
-66563.73	-53138.43	-102520.305	-17846.82	0.0	0.0	0.0	0.0	0.0	0.0	0.0	0.0	0.0	0.0	0.0	0.0	0.0	0.0	145.6551724137931	0.0	0.031127850000000002	-0.106994355	1.011777195	3.6166199999999997	0.28994	-0.6103999999999999	3191889.0	1776544773.539981	0.0	1.0	-1.0	-1.0	-1.0	-1.0	-1.0	-1.0	-1.0	-1.0	0.0	marker	opened-hand	Open	11	0418
-66646.395	-53137.395	-102631.40999999999	-17949.195	0.0	0.0	0.0	0.0	0.0	0.0	0.0	0.0	0.0	0.0	0.0	0.0	0.0	0.0	145.6551724137931	0.0	0.031127850000000002	-0.106994355	1.011777195	3.6166199999999997	0.28994	-0.6103999999999999	3191890.0	1776544773.545511	0.0	1.0	-1.0	-1.0	-1.0	-1.0	-1.0	-1.0	-1.0	-1.0	0.0	marker	opened-hand	Open	11	0418
-66610.8	-53149.365	-102563.055	-17867.745	0.0	0.0	0.0	0.0	0.0	0.0	0.0	0.0	0.0	0.0	0.0	0.0	0.0	0.0	145.6551724137931	0.0	0.031127850000000002	-0.106994355	1.011777195	3.6166199999999997	0.28994	-0.6103999999999999	3191891.0	1776544773.545532	0.0	1.0	-1.0	-1.0	-1.0	-1.0	-1.0	-1.0	-1.0	-1.0	0.0	marker	opened-hand	Open	11	0418
-66576.42	-53153.954999999994	-102514.95	-17843.715	0.0	0.0	0.0	0.0	0.0	0.0	0.0	0.0	0.0	0.0	0.0	0.0	0.0	0.0	145.6551724137931	0.0	0.031127850000000002	-0.106994355	1.011777195	3.6166199999999997	0.28994	-0.6103999999999999	3191892.0	1776544773.549346	0.0	1.0	-1.0	-1.0	-1.0	-1.0	-1.0	-1.0	-1.0	-1.0	0.0	marker	opened-hand	Open	11	0418
-66582.72	-53153.775	-102540.915	-17892.495	0.0	0.0	0.0	0.0	0.0	0.0	0.0	0.0	0.0	0.0	0.0	0.0	0.0	0.0	145.6551724137931	0.0	0.031127850000000002	-0.106994355	1.011777195	3.6166199999999997	0.28994	-0.6103999999999999	3191893.0	1776544773.549365	0.0	1.0	-1.0	-1.0	-1.0	-1.0	-1.0	-1.0	-1.0	-1.0	0.0	marker	opened-hand	Open	11	0418
-66584.11499999999	-53154.99	-102494.15999999999	-17845.02	0.0	0.0	0.0	0.0	0.0	0.0	0.0	0.0	0.0	0.0	0.0	0.0	0.0	0.0	145.6551724137931	0.0	0.028869555	-0.103454325	1.015317225	3.14356	0.10682	-0.73248	3191894.0	1776544773.569019	0.0	1.0	-1.0	-1.0	-1.0	-1.0	-1.0	-1.0	-1.0	-1.0	0.0	marker	opened-hand	Open	11	0418
-66576.915	-53148.78	-102474.135	-17804.43	0.0	0.0	0.0	0.0	0.0	0.0	0.0	0.0	0.0	0.0	0.0	0.0	0.0	0.0	145.6551724137931	0.0	0.028869555	-0.103454325	1.015317225	3.14356	0.10682	-0.73248	3191895.0	1776544773.569045	0.0	1.0	-1.0	-1.0	-1.0	-1.0	-1.0	-1.0	-1.0	-1.0	0.0	marker	opened-hand	Open	11	0418
-66548.565	-53145.494999999995	-102478.815	-17792.82	0.0	0.0	0.0	0.0	0.0	0.0	0.0	0.0	0.0	0.0	0.0	0.0	0.0	0.0	145.6551724137931	0.0	0.028869555	-0.103454325	1.015317225	3.14356	0.10682	-0.73248	3191896.0	1776544773.575041	0.0	1.0	-1.0	-1.0	-1.0	-1.0	-1.0	-1.0	-1.0	-1.0	0.0	marker	opened-hand	Open	11	0418
-66478.185	-53134.74	-102436.155	-17762.355	0.0	0.0	0.0	0.0	0.0	0.0	0.0	0.0	0.0	0.0	0.0	0.0	0.0	0.0	145.6551724137931	0.0	0.028869555	-0.103454325	1.015317225	3.14356	0.10682	-0.73248	3191897.0	1776544773.575061	0.0	1.0	-1.0	-1.0	-1.0	-1.0	-1.0	-1.0	-1.0	-1.0	0.0	marker	opened-hand	Open	11	0418
-66463.605	-53124.93	-102409.73999999999	-17731.71	0.0	0.0	0.0	0.0	0.0	0.0	0.0	0.0	0.0	0.0	0.0	0.0	0.0	0.0	145.6551724137931	0.0	0.028869555	-0.103454325	1.015317225	3.14356	0.10682	-0.73248	3191898.0	1776544773.575086	0.0	1.0	-1.0	-1.0	-1.0	-1.0	-1.0	-1.0	-1.0	-1.0	0.0	marker	opened-hand	Open	11	0418
-66499.83	-53118.314999999995	-102466.845	-17758.844999999998	0.0	0.0	0.0	0.0	0.0	0.0	0.0	0.0	0.0	0.0	0.0	0.0	0.0	0.0	145.6551724137931	0.0	0.028869555	-0.103454325	1.015317225	3.14356	0.10682	-0.73248	3191899.0	1776544773.575103	0.0	1.0	-1.0	-1.0	-1.0	-1.0	-1.0	-1.0	-1.0	-1.0	0.0	marker	opened-hand	Open	11	0418
-66530.79	-53109.854999999996	-102482.14499999999	-17777.16	0.0	0.0	0.0	0.0	0.0	0.0	0.0	0.0	0.0	0.0	0.0	0.0	0.0	0.0	145.6551724137931	0.0	0.028869555	-0.103454325	1.015317225	3.14356	0.10682	-0.73248	3191900.0	1776544773.575124	0.0	1.0	-1.0	-1.0	-1.0	-1.0	-1.0	-1.0	-1.0	-1.0	0.0	marker	opened-hand	Open	11	0418
-66565.26	-53109.27	-102485.87999999999	-17787.42	0.0	0.0	0.0	0.0	0.0	0.0	0.0	0.0	0.0	0.0	0.0	0.0	0.0	0.0	145.6551724137931	0.0	0.028869555	-0.103454325	1.015317225	3.14356	0.10682	-0.73248	3191901.0	1776544773.57514	0.0	1.0	-1.0	-1.0	-1.0	-1.0	-1.0	-1.0	-1.0	-1.0	0.0	marker	opened-hand	Open	11	0418
-66519.36	-53107.29	-102439.89	-17745.3	0.0	0.0	0.0	0.0	0.0	0.0	0.0	0.0	0.0	0.0	0.0	0.0	0.0	0.0	145.6551724137931	0.0	0.028869555	-0.103454325	1.015317225	3.14356	0.10682	-0.73248	3191902.0	1776544773.575162	0.0	1.0	-1.0	-1.0	-1.0	-1.0	-1.0	-1.0	-1.0	-1.0	0.0	marker	opened-hand	Open	11	0418
-66377.52	-53104.77	-102337.92	-17676.405	0.0	0.0	0.0	0.0	0.0	0.0	0.0	0.0	0.0	0.0	0.0	0.0	0.0	0.0	145.6551724137931	0.0	0.028869555	-0.103454325	1.015317225	3.14356	0.10682	-0.73248	3191903.0	1776544773.575179	0.0	1.0	-1.0	-1.0	-1.0	-1.0	-1.0	-1.0	-1.0	-1.0	0.0	marker	opened-hand	Open	11	0418
-66246.075	-53084.655	-102202.245	-17565.12	0.0	0.0	0.0	0.0	0.0	0.0	0.0	0.0	0.0	0.0	0.0	0.0	0.0	0.0	145.6551724137931	0.0	0.031921305	-0.10070775	1.017026205	3.67766	-0.30519999999999997	-0.41202	3191904.0	1776544773.575666	0.0	1.0	-1.0	-1.0	-1.0	-1.0	-1.0	-1.0	-1.0	-1.0	0.0	marker	opened-hand	Open	11	0418
-66576.23999999999	-53055.72	-102525.795	-17821.62	0.0	0.0	0.0	0.0	0.0	0.0	0.0	0.0	0.0	0.0	0.0	0.0	0.0	0.0	145.6551724137931	0.0	0.031921305	-0.10070775	1.017026205	3.67766	-0.30519999999999997	-0.41202	3191905.0	1776544773.575684	0.0	1.0	-1.0	-1.0	-1.0	-1.0	-1.0	-1.0	-1.0	-1.0	0.0	marker	opened-hand	Open	11	0418
-66646.665	-52971.39	-102627.765	-17923.05	0.0	0.0	0.0	0.0	0.0	0.0	0.0	0.0	0.0	0.0	0.0	0.0	0.0	0.0	145.6551724137931	0.0	0.031921305	-0.10070775	1.017026205	3.67766	-0.30519999999999997	-0.41202	3191906.0	1776544773.576157	0.0	1.0	-1.0	-1.0	-1.0	-1.0	-1.0	-1.0	-1.0	-1.0	0.0	marker	opened-hand	Open	11	0418
-66491.91	-52952.805	-102502.08	-17794.26	0.0	0.0	0.0	0.0	0.0	0.0	0.0	0.0	0.0	0.0	0.0	0.0	0.0	0.0	145.6551724137931	0.0	0.031921305	-0.10070775	1.017026205	3.67766	-0.30519999999999997	-0.41202	3191907.0	1776544773.576174	0.0	1.0	-1.0	-1.0	-1.0	-1.0	-1.0	-1.0	-1.0	-1.0	0.0	marker	opened-hand	Open	11	0418
-66516.795	-52959.869999999995	-102434.44499999999	-17786.43	0.0	0.0	0.0	0.0	0.0	0.0	0.0	0.0	0.0	0.0	0.0	0.0	0.0	0.0	145.6551724137931	0.0	0.031921305	-0.10070775	1.017026205	3.67766	-0.30519999999999997	-0.41202	3191908.0	1776544773.580128	0.0	1.0	-1.0	-1.0	-1.0	-1.0	-1.0	-1.0	-1.0	-1.0	0.0	marker	opened-hand	Open	11	0418
-66653.55	-52967.115	-102469.095	-17868.465	0.0	0.0	0.0	0.0	0.0	0.0	0.0	0.0	0.0	0.0	0.0	0.0	0.0	0.0	145.6551724137931	0.0	0.031921305	-0.10070775	1.017026205	3.67766	-0.30519999999999997	-0.41202	3191909.0	1776544773.580146	0.0	1.0	-1.0	-1.0	-1.0	-1.0	-1.0	-1.0	-1.0	-1.0	0.0	marker	opened-hand	Open	11	0418
-66656.06999999999	-52980.57	-102606.795	-18014.805	0.0	0.0	0.0	0.0	0.0	0.0	0.0	0.0	0.0	0.0	0.0	0.0	0.0	0.0	145.6551724137931	0.0	0.031921305	-0.10070775	1.017026205	3.67766	-0.30519999999999997	-0.41202	3191910.0	1776544773.584132	0.0	1.0	-1.0	-1.0	-1.0	-1.0	-1.0	-1.0	-1.0	-1.0	0.0	marker	opened-hand	Open	11	0418
-66583.125	-52986.555	-102604.095	-17931.239999999998	0.0	0.0	0.0	0.0	0.0	0.0	0.0	0.0	0.0	0.0	0.0	0.0	0.0	0.0	145.6551724137931	0.0	0.031921305	-0.10070775	1.017026205	3.67766	-0.30519999999999997	-0.41202	3191911.0	1776544773.58415	0.0	1.0	-1.0	-1.0	-1.0	-1.0	-1.0	-1.0	-1.0	-1.0	0.0	marker	opened-hand	Open	11	0418
-66602.295	-52987.994999999995	-102512.295	-17844.48	0.0	0.0	0.0	0.0	0.0	0.0	0.0	0.0	0.0	0.0	0.0	0.0	0.0	0.0	145.6551724137931	0.0	0.031921305	-0.10070775	1.017026205	3.67766	-0.30519999999999997	-0.41202	3191912.0	1776544773.588164	0.0	1.0	-1.0	-1.0	-1.0	-1.0	-1.0	-1.0	-1.0	-1.0	0.0	marker	opened-hand	Open	11	0418
-66578.48999999999	-52990.244999999995	-102507.345	-17827.739999999998	0.0	0.0	0.0	0.0	0.0	0.0	0.0	0.0	0.0	0.0	0.0	0.0	0.0	0.0	145.6551724137931	0.0	0.031921305	-0.10070775	1.017026205	3.67766	-0.30519999999999997	-0.41202	3191913.0	1776544773.588182	0.0	1.0	-1.0	-1.0	-1.0	-1.0	-1.0	-1.0	-1.0	-1.0	0.0	marker	opened-hand	Open	11	0418
-66557.025	-52996.049999999996	-102577.185	-17887.364999999998	0.0	0.0	0.0	0.0	0.0	0.0	0.0	0.0	0.0	0.0	0.0	0.0	0.0	0.0	145.6551724137931	0.0	0.034606845	-0.09680151000000001	1.0141575600000001	2.5942	-0.15259999999999999	0.27468	3191914.0	1776544773.592138	0.0	1.0	-1.0	-1.0	-1.0	-1.0	-1.0	-1.0	-1.0	-1.0	0.0	marker	opened-hand	Open	11	0418
-66546.315	-52991.595	-102506.22	-17815.454999999998	0.0	0.0	0.0	0.0	0.0	0.0	0.0	0.0	0.0	0.0	0.0	0.0	0.0	0.0	145.6551724137931	0.0	0.034606845	-0.09680151000000001	1.0141575600000001	2.5942	-0.15259999999999999	0.27468	3191915.0	1776544773.592157	0.0	1.0	-1.0	-1.0	-1.0	-1.0	-1.0	-1.0	-1.0	-1.0	0.0	marker	opened-hand	Open	11	0418
-66569.67	-52989.75	-102490.73999999999	-17828.145	0.0	0.0	0.0	0.0	0.0	0.0	0.0	0.0	0.0	0.0	0.0	0.0	0.0	0.0	145.6551724137931	0.0	0.034606845	-0.09680151000000001	1.0141575600000001	2.5942	-0.15259999999999999	0.27468	3191916.0	1776544773.596896	0.0	1.0	-1.0	-1.0	-1.0	-1.0	-1.0	-1.0	-1.0	-1.0	0.0	marker	opened-hand	Open	11	0418
-66516.84	-52992.63	-102471.20999999999	-17812.755	0.0	0.0	0.0	0.0	0.0	0.0	0.0	0.0	0.0	0.0	0.0	0.0	0.0	0.0	145.6551724137931	0.0	0.034606845	-0.09680151000000001	1.0141575600000001	2.5942	-0.15259999999999999	0.27468	3191917.0	1776544773.596943	0.0	1.0	-1.0	-1.0	-1.0	-1.0	-1.0	-1.0	-1.0	-1.0	0.0	marker	opened-hand	Open	11	0418
-66477.465	-53000.415	-102401.09999999999	-17748.989999999998	0.0	0.0	0.0	0.0	0.0	0.0	0.0	0.0	0.0	0.0	0.0	0.0	0.0	0.0	145.6551724137931	0.0	0.034606845	-0.09680151000000001	1.0141575600000001	2.5942	-0.15259999999999999	0.27468	3191918.0	1776544773.600218	0.0	1.0	-1.0	-1.0	-1.0	-1.0	-1.0	-1.0	-1.0	-1.0	0.0	marker	opened-hand	Open	11	0418
-66473.055	-53007.345	-102390.65999999999	-17731.844999999998	0.0	0.0	0.0	0.0	0.0	0.0	0.0	0.0	0.0	0.0	0.0	0.0	0.0	0.0	145.51724137931038	0.0	0.034606845	-0.09680151000000001	1.0141575600000001	2.5942	-0.15259999999999999	0.27468	3191919.0	1776544773.600235	0.0	1.0	-1.0	-1.0	-1.0	-1.0	-1.0	-1.0	-1.0	-1.0	0.0	marker	opened-hand	Open	11	0418
-66496.275	-53011.979999999996	-102470.89499999999	-17790.434999999998	0.0	0.0	0.0	0.0	0.0	0.0	0.0	0.0	0.0	0.0	0.0	0.0	0.0	0.0	145.51724137931038	0.0	0.034606845	-0.09680151000000001	1.0141575600000001	2.5942	-0.15259999999999999	0.27468	3191920.0	1776544773.604145	0.0	1.0	-1.0	-1.0	-1.0	-1.0	-1.0	-1.0	-1.0	-1.0	0.0	marker	opened-hand	Open	11	0418
-66582.98999999999	-53010.494999999995	-102590.28	-17919.719999999998	0.0	0.0	0.0	0.0	0.0	0.0	0.0	0.0	0.0	0.0	0.0	0.0	0.0	0.0	145.51724137931038	0.0	0.034606845	-0.09680151000000001	1.0141575600000001	2.5942	-0.15259999999999999	0.27468	3191921.0	1776544773.604158	0.0	1.0	-1.0	-1.0	-1.0	-1.0	-1.0	-1.0	-1.0	-1.0	0.0	marker	opened-hand	Open	11	0418
-66531.87	-52998.659999999996	-102515.58	-17852.579999999998	0.0	0.0	0.0	0.0	0.0	0.0	0.0	0.0	0.0	0.0	0.0	0.0	0.0	0.0	145.51724137931038	0.0	0.034606845	-0.09680151000000001	1.0141575600000001	2.5942	-0.15259999999999999	0.27468	3191922.0	1776544773.608219	0.0	1.0	-1.0	-1.0	-1.0	-1.0	-1.0	-1.0	-1.0	-1.0	0.0	marker	opened-hand	Open	11	0418
-66467.52	-52986.284999999996	-102408.795	-17731.53	0.0	0.0	0.0	0.0	0.0	0.0	0.0	0.0	0.0	0.0	0.0	0.0	0.0	0.0	145.51724137931038	0.0	0.034606845	-0.09680151000000001	1.0141575600000001	2.5942	-0.15259999999999999	0.27468	3191923.0	1776544773.60824	0.0	1.0	-1.0	-1.0	-1.0	-1.0	-1.0	-1.0	-1.0	-1.0	0.0	marker	opened-hand	Open	11	0418
-66440.565	-52981.155	-102379.36499999999	-17709.165	0.0	0.0	0.0	0.0	0.0	0.0	0.0	0.0	0.0	0.0	0.0	0.0	0.0	0.0	145.51724137931038	0.0	0.037536525	-0.100036365	1.013608245	2.7010199999999998	0.01526	-0.35097999999999996	3191924.0	1776544773.612287	0.0	1.0	-1.0	-1.0	-1.0	-1.0	-1.0	-1.0	-1.0	-1.0	0.0	marker	opened-hand	Open	11	0418
-66466.08	-52993.17	-102377.79	-17698.05	0.0	0.0	0.0	0.0	0.0	0.0	0.0	0.0	0.0	0.0	0.0	0.0	0.0	0.0	145.51724137931038	0.0	0.037536525	-0.100036365	1.013608245	2.7010199999999998	0.01526	-0.35097999999999996	3191925.0	1776544773.612307	0.0	1.0	-1.0	-1.0	-1.0	-1.0	-1.0	-1.0	-1.0	-1.0	0.0	marker	opened-hand	Open	11	0418
-66585.105	-53011.845	-102533.94	-17859.375	0.0	0.0	0.0	0.0	0.0	0.0	0.0	0.0	0.0	0.0	0.0	0.0	0.0	0.0	145.51724137931038	0.0	0.037536525	-0.100036365	1.013608245	2.7010199999999998	0.01526	-0.35097999999999996	3191926.0	1776544773.619649	0.0	1.0	-1.0	-1.0	-1.0	-1.0	-1.0	-1.0	-1.0	-1.0	0.0	marker	opened-hand	Open	11	0418
-66672.045	-53014.14	-102607.47	-17935.829999999998	0.0	0.0	0.0	0.0	0.0	0.0	0.0	0.0	0.0	0.0	0.0	0.0	0.0	0.0	145.51724137931038	0.0	0.037536525	-0.100036365	1.013608245	2.7010199999999998	0.01526	-0.35097999999999996	3191927.0	1776544773.619668	0.0	1.0	-1.0	-1.0	-1.0	-1.0	-1.0	-1.0	-1.0	-1.0	0.0	marker	opened-hand	Open	11	0418
-66620.655	-53007.39	-102574.39499999999	-17898.704999999998	0.0	0.0	0.0	0.0	0.0	0.0	0.0	0.0	0.0	0.0	0.0	0.0	0.0	0.0	145.51724137931038	0.0	0.037536525	-0.100036365	1.013608245	2.7010199999999998	0.01526	-0.35097999999999996	3191928.0	1776544773.620207	0.0	1.0	-1.0	-1.0	-1.0	-1.0	-1.0	-1.0	-1.0	-1.0	0.0	marker	opened-hand	Open	11	0418
-66530.61	-53000.82	-102507.84	-17821.35	0.0	0.0	0.0	0.0	0.0	0.0	0.0	0.0	0.0	0.0	0.0	0.0	0.0	0.0	145.51724137931038	0.0	0.037536525	-0.100036365	1.013608245	2.7010199999999998	0.01526	-0.35097999999999996	3191929.0	1776544773.620225	0.0	1.0	-1.0	-1.0	-1.0	-1.0	-1.0	-1.0	-1.0	-1.0	0.0	marker	opened-hand	Open	11	0418
-66462.525	-52991.415	-102424.815	-17741.114999999998	0.0	0.0	0.0	0.0	0.0	0.0	0.0	0.0	0.0	0.0	0.0	0.0	0.0	0.0	145.51724137931038	0.0	0.037536525	-0.100036365	1.013608245	2.7010199999999998	0.01526	-0.35097999999999996	3191930.0	1776544773.624288	0.0	1.0	-1.0	-1.0	-1.0	-1.0	-1.0	-1.0	-1.0	-1.0	0.0	marker	opened-hand	Open	11	0418
-66564.495	-52988.579999999994	-102500.325	-17829.315	0.0	0.0	0.0	0.0	0.0	0.0	0.0	0.0	0.0	0.0	0.0	0.0	0.0	0.0	145.51724137931038	0.0	0.037536525	-0.100036365	1.013608245	2.7010199999999998	0.01526	-0.35097999999999996	3191931.0	1776544773.624308	0.0	1.0	-1.0	-1.0	-1.0	-1.0	-1.0	-1.0	-1.0	-1.0	0.0	marker	opened-hand	Open	11	0418
-66580.605	-52997.715	-102506.44499999999	-17820.27	0.0	0.0	0.0	0.0	0.0	0.0	0.0	0.0	0.0	0.0	0.0	0.0	0.0	0.0	145.51724137931038	0.0	0.037536525	-0.100036365	1.013608245	2.7010199999999998	0.01526	-0.35097999999999996	3191932.0	1776544773.628239	0.0	1.0	-1.0	-1.0	-1.0	-1.0	-1.0	-1.0	-1.0	-1.0	0.0	marker	opened-hand	Open	11	0418
-66564.855	-53032.68	-102523.545	-17819.864999999998	0.0	0.0	0.0	0.0	0.0	0.0	0.0	0.0	0.0	0.0	0.0	0.0	0.0	0.0	145.51724137931038	0.0	0.037536525	-0.100036365	1.013608245	2.7010199999999998	0.01526	-0.35097999999999996	3191933.0	1776544773.628257	0.0	1.0	-1.0	-1.0	-1.0	-1.0	-1.0	-1.0	-1.0	-1.0	0.0	marker	opened-hand	Open	11	0418
-66581.73	-53054.595	-102546.045	-17869.274999999998	0.0	0.0	0.0	0.0	0.0	0.0	0.0	0.0	0.0	0.0	0.0	0.0	0.0	0.0	145.51724137931038	0.0	0.034728915	-0.10607883	1.009702005	3.6624	0.07629999999999999	-0.9156	3191934.0	1776544773.63242	0.0	1.0	-1.0	-1.0	-1.0	-1.0	-1.0	-1.0	-1.0	-1.0	0.0	marker	opened-hand	Open	11	0418
-66554.505	-53055.27	-102484.53	-17817.57	0.0	0.0	0.0	0.0	0.0	0.0	0.0	0.0	0.0	0.0	0.0	0.0	0.0	0.0	145.51724137931038	0.0	0.034728915	-0.10607883	1.009702005	3.6624	0.07629999999999999	-0.9156	3191935.0	1776544773.632438	0.0	1.0	-1.0	-1.0	-1.0	-1.0	-1.0	-1.0	-1.0	-1.0	0.0	marker	opened-hand	Open	11	0418
-66427.155	-53045.055	-102381.65999999999	-17718.795	0.0	0.0	0.0	0.0	0.0	0.0	0.0	0.0	0.0	0.0	0.0	0.0	0.0	0.0	145.51724137931038	0.0	0.034728915	-0.10607883	1.009702005	3.6624	0.07629999999999999	-0.9156	3191936.0	1776544773.636278	0.0	1.0	-1.0	-1.0	-1.0	-1.0	-1.0	-1.0	-1.0	-1.0	0.0	marker	opened-hand	Open	11	0418
-66470.31	-53045.64	-102427.01999999999	-17748.315	0.0	0.0	0.0	0.0	0.0	0.0	0.0	0.0	0.0	0.0	0.0	0.0	0.0	0.0	145.51724137931038	0.0	0.034728915	-0.10607883	1.009702005	3.6624	0.07629999999999999	-0.9156	3191937.0	1776544773.636296	0.0	1.0	-1.0	-1.0	-1.0	-1.0	-1.0	-1.0	-1.0	-1.0	0.0	marker	opened-hand	Open	11	0418
-66572.37	-53040.869999999995	-102511.845	-17823.87	0.0	0.0	0.0	0.0	0.0	0.0	0.0	0.0	0.0	0.0	0.0	0.0	0.0	0.0	145.51724137931038	0.0	0.034728915	-0.10607883	1.009702005	3.6624	0.07629999999999999	-0.9156	3191938.0	1776544773.6403	0.0	1.0	-1.0	-1.0	-1.0	-1.0	-1.0	-1.0	-1.0	-1.0	0.0	marker	opened-hand	Open	11	0418
-66522.015	-53024.13	-102486.78	-17820.27	0.0	0.0	0.0	0.0	0.0	0.0	0.0	0.0	0.0	0.0	0.0	0.0	0.0	0.0	145.51724137931038	0.0	0.034728915	-0.10607883	1.009702005	3.6624	0.07629999999999999	-0.9156	3191939.0	1776544773.640321	0.0	1.0	-1.0	-1.0	-1.0	-1.0	-1.0	-1.0	-1.0	-1.0	0.0	marker	opened-hand	Open	11	0418
-66553.92	-53028.54	-102480.75	-17824.815	0.0	0.0	0.0	0.0	0.0	0.0	0.0	0.0	0.0	0.0	0.0	0.0	0.0	0.0	145.51724137931038	0.0	0.034728915	-0.10607883	1.009702005	3.6624	0.07629999999999999	-0.9156	3191940.0	1776544773.644301	0.0	1.0	-1.0	-1.0	-1.0	-1.0	-1.0	-1.0	-1.0	-1.0	0.0	marker	opened-hand	Open	11	0418
-66581.73	-53032.95	-102465.26999999999	-17812.934999999998	0.0	0.0	0.0	0.0	0.0	0.0	0.0	0.0	0.0	0.0	0.0	0.0	0.0	0.0	145.51724137931038	0.0	0.034728915	-0.10607883	1.009702005	3.6624	0.07629999999999999	-0.9156	3191941.0	1776544773.644318	0.0	1.0	-1.0	-1.0	-1.0	-1.0	-1.0	-1.0	-1.0	-1.0	0.0	marker	opened-hand	Open	11	0418
-66527.325	-53050.14	-102437.86499999999	-17771.579999999998	0.0	0.0	0.0	0.0	0.0	0.0	0.0	0.0	0.0	0.0	0.0	0.0	0.0	0.0	145.51724137931038	0.0	0.034728915	-0.10607883	1.009702005	3.6624	0.07629999999999999	-0.9156	3191942.0	1776544773.648381	0.0	1.0	-1.0	-1.0	-1.0	-1.0	-1.0	-1.0	-1.0	-1.0	0.0	marker	opened-hand	Open	11	0418
-66504.51	-53057.159999999996	-102454.965	-17781.344999999998	0.0	0.0	0.0	0.0	0.0	0.0	0.0	0.0	0.0	0.0	0.0	0.0	0.0	0.0	145.51724137931038	0.0	0.034728915	-0.10607883	1.009702005	3.6624	0.07629999999999999	-0.9156	3191943.0	1776544773.648399	0.0	1.0	-1.0	-1.0	-1.0	-1.0	-1.0	-1.0	-1.0	-1.0	0.0	marker	opened-hand	Open	11	0418
-66521.655	-53056.979999999996	-102502.03499999999	-17824.77	0.0	0.0	0.0	0.0	0.0	0.0	0.0	0.0	0.0	0.0	0.0	0.0	0.0	0.0	145.51724137931038	0.0	0.033752355	-0.103698465	1.012021335	2.92992	0.51884	-0.74774	3191944.0	1776544773.65234	0.0	1.0	-1.0	-1.0	-1.0	-1.0	-1.0	-1.0	-1.0	-1.0	0.0	marker	opened-hand	Open	11	0418
-66501.18	-53041.994999999995	-102514.00499999999	-17830.8	0.0	0.0	0.0	0.0	0.0	0.0	0.0	0.0	0.0	0.0	0.0	0.0	0.0	0.0	145.51724137931038	0.0	0.033752355	-0.103698465	1.012021335	2.92992	0.51884	-0.74774	3191945.0	1776544773.652357	0.0	1.0	-1.0	-1.0	-1.0	-1.0	-1.0	-1.0	-1.0	-1.0	0.0	marker	opened-hand	Open	11	0418
-66594.825	-53028.945	-102527.14499999999	-17838.18	0.0	0.0	0.0	0.0	0.0	0.0	0.0	0.0	0.0	0.0	0.0	0.0	0.0	0.0	145.51724137931038	0.0	0.033752355	-0.103698465	1.012021335	2.92992	0.51884	-0.74774	3191946.0	1776544773.657767	0.0	1.0	-1.0	-1.0	-1.0	-1.0	-1.0	-1.0	-1.0	-1.0	0.0	marker	opened-hand	Open	11	0418
-66578.67	-53016.03	-102482.45999999999	-17814.78	0.0	0.0	0.0	0.0	0.0	0.0	0.0	0.0	0.0	0.0	0.0	0.0	0.0	0.0	145.51724137931038	0.0	0.033752355	-0.103698465	1.012021335	2.92992	0.51884	-0.74774	3191947.0	1776544773.657787	0.0	1.0	-1.0	-1.0	-1.0	-1.0	-1.0	-1.0	-1.0	-1.0	0.0	marker	opened-hand	Open	11	0418
-66513.23999999999	-52996.229999999996	-102472.01999999999	-17820.0	0.0	0.0	0.0	0.0	0.0	0.0	0.0	0.0	0.0	0.0	0.0	0.0	0.0	0.0	145.51724137931038	0.0	0.033752355	-0.103698465	1.012021335	2.92992	0.51884	-0.74774	3191948.0	1776544773.660487	0.0	1.0	-1.0	-1.0	-1.0	-1.0	-1.0	-1.0	-1.0	-1.0	0.0	marker	opened-hand	Open	11	0418
-66501.22499999999	-52979.805	-102461.08499999999	-17803.395	0.0	0.0	0.0	0.0	0.0	0.0	0.0	0.0	0.0	0.0	0.0	0.0	0.0	0.0	145.51724137931038	0.0	0.033752355	-0.103698465	1.012021335	2.92992	0.51884	-0.74774	3191949.0	1776544773.660495	0.0	1.0	-1.0	-1.0	-1.0	-1.0	-1.0	-1.0	-1.0	-1.0	0.0	marker	opened-hand	Open	11	0418
-66539.47499999999	-52976.52	-102455.775	-17765.01	0.0	0.0	0.0	0.0	0.0	0.0	0.0	0.0	0.0	0.0	0.0	0.0	0.0	0.0	145.51724137931038	0.0	0.033752355	-0.103698465	1.012021335	2.92992	0.51884	-0.74774	3191950.0	1776544773.666774	0.0	1.0	-1.0	-1.0	-1.0	-1.0	-1.0	-1.0	-1.0	-1.0	0.0	marker	opened-hand	Open	11	0418
-66531.465	-52986.104999999996	-102473.64	-17771.355	0.0	0.0	0.0	0.0	0.0	0.0	0.0	0.0	0.0	0.0	0.0	0.0	0.0	0.0	145.51724137931038	0.0	0.033752355	-0.103698465	1.012021335	2.92992	0.51884	-0.74774	3191951.0	1776544773.666794	0.0	1.0	-1.0	-1.0	-1.0	-1.0	-1.0	-1.0	-1.0	-1.0	0.0	marker	opened-hand	Open	11	0418
-66490.965	-52990.29	-102465.675	-17780.13	0.0	0.0	0.0	0.0	0.0	0.0	0.0	0.0	0.0	0.0	0.0	0.0	0.0	0.0	145.51724137931038	0.0	0.033752355	-0.103698465	1.012021335	2.92992	0.51884	-0.74774	3191952.0	1776544773.66945	0.0	1.0	-1.0	-1.0	-1.0	-1.0	-1.0	-1.0	-1.0	-1.0	0.0	marker	opened-hand	Open	11	0418
-66422.925	-52989.255	-102406.05	-17765.28	0.0	0.0	0.0	0.0	0.0	0.0	0.0	0.0	0.0	0.0	0.0	0.0	0.0	0.0	145.51724137931038	0.0	0.033752355	-0.103698465	1.012021335	2.92992	0.51884	-0.74774	3191953.0	1776544773.669469	0.0	1.0	-1.0	-1.0	-1.0	-1.0	-1.0	-1.0	-1.0	-1.0	0.0	marker	opened-hand	Open	11	0418
-66477.465	-52984.485	-102402.09	-17697.015	0.0	0.0	0.0	0.0	0.0	0.0	0.0	0.0	0.0	0.0	0.0	0.0	0.0	0.0	145.51724137931038	0.0	0.031066815	-0.099059805	1.013486175	2.3653	0.32045999999999997	-0.41202	3191954.0	1776544773.672433	0.0	1.0	-1.0	-1.0	-1.0	-1.0	-1.0	-1.0	-1.0	-1.0	0.0	marker	opened-hand	Open	11	0418
-66508.515	-52972.965	-102488.175	-17771.94	0.0	0.0	0.0	0.0	0.0	0.0	0.0	0.0	0.0	0.0	0.0	0.0	0.0	0.0	145.51724137931038	0.0	0.031066815	-0.099059805	1.013486175	2.3653	0.32045999999999997	-0.41202	3191955.0	1776544773.672452	0.0	1.0	-1.0	-1.0	-1.0	-1.0	-1.0	-1.0	-1.0	-1.0	0.0	marker	opened-hand	Open	11	0418
-66405.59999999999	-52954.829999999994	-102378.15	-17674.11	0.0	0.0	0.0	0.0	0.0	0.0	0.0	0.0	0.0	0.0	0.0	0.0	0.0	0.0	145.51724137931038	0.0	0.031066815	-0.099059805	1.013486175	2.3653	0.32045999999999997	-0.41202	3191956.0	1776544773.676422	0.0	1.0	-1.0	-1.0	-1.0	-1.0	-1.0	-1.0	-1.0	-1.0	0.0	marker	opened-hand	Open	11	0418
-66461.895	-52951.095	-102339.135	-17639.864999999998	0.0	0.0	0.0	0.0	0.0	0.0	0.0	0.0	0.0	0.0	0.0	0.0	0.0	0.0	145.51724137931038	0.0	0.031066815	-0.099059805	1.013486175	2.3653	0.32045999999999997	-0.41202	3191957.0	1776544773.67644	0.0	1.0	-1.0	-1.0	-1.0	-1.0	-1.0	-1.0	-1.0	-1.0	0.0	marker	opened-hand	Open	11	0418
-66637.17	-52968.645	-102516.25499999999	-17851.59	0.0	0.0	0.0	0.0	0.0	0.0	0.0	0.0	0.0	0.0	0.0	0.0	0.0	0.0	145.51724137931038	0.0	0.031066815	-0.099059805	1.013486175	2.3653	0.32045999999999997	-0.41202	3191958.0	1776544773.680515	0.0	1.0	-1.0	-1.0	-1.0	-1.0	-1.0	-1.0	-1.0	-1.0	0.0	marker	opened-hand	Open	11	0418
-66611.06999999999	-52987.905	-102535.01999999999	-17878.005	0.0	0.0	0.0	0.0	0.0	0.0	0.0	0.0	0.0	0.0	0.0	0.0	0.0	0.0	145.51724137931038	0.0	0.031066815	-0.099059805	1.013486175	2.3653	0.32045999999999997	-0.41202	3191959.0	1776544773.680534	0.0	1.0	-1.0	-1.0	-1.0	-1.0	-1.0	-1.0	-1.0	-1.0	0.0	marker	opened-hand	Open	11	0418
-66601.485	-53011.89	-102537.94499999999	-17875.53	0.0	0.0	0.0	0.0	0.0	0.0	0.0	0.0	0.0	0.0	0.0	0.0	0.0	0.0	145.51724137931038	0.0	0.031066815	-0.099059805	1.013486175	2.3653	0.32045999999999997	-0.41202	3191960.0	1776544773.684482	0.0	1.0	-1.0	-1.0	-1.0	-1.0	-1.0	-1.0	-1.0	-1.0	0.0	marker	opened-hand	Open	11	0418
-66554.73	-53029.305	-102502.89	-17843.579999999998	0.0	0.0	0.0	0.0	0.0	0.0	0.0	0.0	0.0	0.0	0.0	0.0	0.0	0.0	145.51724137931038	0.0	0.031066815	-0.099059805	1.013486175	2.3653	0.32045999999999997	-0.41202	3191961.0	1776544773.684529	0.0	1.0	-1.0	-1.0	-1.0	-1.0	-1.0	-1.0	-1.0	-1.0	0.0	marker	opened-hand	Open	11	0418
-66554.37	-53031.06	-102533.31	-17827.875	0.0	0.0	0.0	0.0	0.0	0.0	0.0	0.0	0.0	0.0	0.0	0.0	0.0	0.0	145.51724137931038	0.0	0.031066815	-0.099059805	1.013486175	2.3653	0.32045999999999997	-0.41202	3191962.0	1776544773.688467	0.0	1.0	-1.0	-1.0	-1.0	-1.0	-1.0	-1.0	-1.0	-1.0	0.0	marker	opened-hand	Open	11	0418
-66555.63	-53026.604999999996	-102528.045	-17807.445	0.0	0.0	0.0	0.0	0.0	0.0	0.0	0.0	0.0	0.0	0.0	0.0	0.0	0.0	145.51724137931038	0.0	0.031066815	-0.099059805	1.013486175	2.3653	0.32045999999999997	-0.41202	3191963.0	1776544773.688486	0.0	1.0	-1.0	-1.0	-1.0	-1.0	-1.0	-1.0	-1.0	-1.0	0.0	marker	opened-hand	Open	11	0418
-66603.19499999999	-53017.604999999996	-102556.62	-17825.625	0.0	0.0	0.0	0.0	0.0	0.0	0.0	0.0	0.0	0.0	0.0	0.0	0.0	0.0	145.51724137931038	0.0	0.03405753	-0.10107396	1.014584805	2.9757	0.47306	-0.50358	3191964.0	1776544773.692535	0.0	1.0	-1.0	-1.0	-1.0	-1.0	-1.0	-1.0	-1.0	-1.0	0.0	marker	opened-hand	Open	11	0418
-66609.72	-53010.99	-102562.065	-17899.245	0.0	0.0	0.0	0.0	0.0	0.0	0.0	0.0	0.0	0.0	0.0	0.0	0.0	0.0	145.51724137931038	0.0	0.03405753	-0.10107396	1.014584805	2.9757	0.47306	-0.50358	3191965.0	1776544773.692554	0.0	1.0	-1.0	-1.0	-1.0	-1.0	-1.0	-1.0	-1.0	-1.0	0.0	marker	opened-hand	Open	11	0418
-66475.395	-53007.884999999995	-102436.155	-17783.055	0.0	0.0	0.0	0.0	0.0	0.0	0.0	0.0	0.0	0.0	0.0	0.0	0.0	0.0	145.51724137931038	0.0	0.03405753	-0.10107396	1.014584805	2.9757	0.47306	-0.50358	3191966.0	1776544773.696465	0.0	1.0	-1.0	-1.0	-1.0	-1.0	-1.0	-1.0	-1.0	-1.0	0.0	marker	opened-hand	Open	11	0418
-66386.205	-53008.424999999996	-102302.86499999999	-17665.785	0.0	0.0	0.0	0.0	0.0	0.0	0.0	0.0	0.0	0.0	0.0	0.0	0.0	0.0	145.51724137931038	0.0	0.03405753	-0.10107396	1.014584805	2.9757	0.47306	-0.50358	3191967.0	1776544773.696483	0.0	1.0	-1.0	-1.0	-1.0	-1.0	-1.0	-1.0	-1.0	-1.0	0.0	marker	opened-hand	Open	11	0418
-66482.955	-53025.84	-102374.09999999999	-17729.954999999998	0.0	0.0	0.0	0.0	0.0	0.0	0.0	0.0	0.0	0.0	0.0	0.0	0.0	0.0	145.51724137931038	0.0	0.03405753	-0.10107396	1.014584805	2.9757	0.47306	-0.50358	3191968.0	1776544773.700533	0.0	1.0	-1.0	-1.0	-1.0	-1.0	-1.0	-1.0	-1.0	-1.0	0.0	marker	opened-hand	Open	11	0418
-66523.995	-53030.744999999995	-102481.29	-17781.3	0.0	0.0	0.0	0.0	0.0	0.0	0.0	0.0	0.0	0.0	0.0	0.0	0.0	0.0	145.51724137931038	0.0	0.03405753	-0.10107396	1.014584805	2.9757	0.47306	-0.50358	3191969.0	1776544773.700551	0.0	1.0	-1.0	-1.0	-1.0	-1.0	-1.0	-1.0	-1.0	-1.0	0.0	marker	opened-hand	Open	11	0418
-66531.015	-53030.655	-102496.545	-17777.43	0.0	0.0	0.0	0.0	0.0	0.0	0.0	0.0	0.0	0.0	0.0	0.0	0.0	0.0	145.51724137931038	0.0	0.03405753	-0.10107396	1.014584805	2.9757	0.47306	-0.50358	3191970.0	1776544773.70446	0.0	1.0	-1.0	-1.0	-1.0	-1.0	-1.0	-1.0	-1.0	-1.0	0.0	marker	opened-hand	Open	11	0418
-66533.44499999999	-53034.299999999996	-102511.53	-17789.579999999998	0.0	0.0	0.0	0.0	0.0	0.0	0.0	0.0	0.0	0.0	0.0	0.0	0.0	0.0	145.51724137931038	0.0	0.03405753	-0.10107396	1.014584805	2.9757	0.47306	-0.50358	3191971.0	1776544773.704479	0.0	1.0	-1.0	-1.0	-1.0	-1.0	-1.0	-1.0	-1.0	-1.0	0.0	marker	opened-hand	Open	11	0418
-66557.25	-53028.18	-102555.54	-17876.204999999998	0.0	0.0	0.0	0.0	0.0	0.0	0.0	0.0	0.0	0.0	0.0	0.0	0.0	0.0	145.51724137931038	0.0	0.03405753	-0.10107396	1.014584805	2.9757	0.47306	-0.50358	3191972.0	1776544773.708605	0.0	1.0	-1.0	-1.0	-1.0	-1.0	-1.0	-1.0	-1.0	-1.0	0.0	marker	opened-hand	Open	11	0418
-66564.54	-53018.954999999994	-102571.47	-17914.545	0.0	0.0	0.0	0.0	0.0	0.0	0.0	0.0	0.0	0.0	0.0	0.0	0.0	0.0	145.51724137931038	0.0	0.03405753	-0.10107396	1.014584805	2.9757	0.47306	-0.50358	3191973.0	1776544773.708623	0.0	1.0	-1.0	-1.0	-1.0	-1.0	-1.0	-1.0	-1.0	-1.0	0.0	marker	opened-hand	Open	11	0418
-66520.53	-53013.96	-102497.805	-17851.364999999998	0.0	0.0	0.0	0.0	0.0	0.0	0.0	0.0	0.0	0.0	0.0	0.0	0.0	0.0	145.51724137931038	0.0	0.033874425	-0.103454325	1.0152561900000001	3.41824	0.4578	-0.71722	3191974.0	1776544773.7126	0.0	1.0	-1.0	-1.0	-1.0	-1.0	-1.0	-1.0	-1.0	-1.0	0.0	marker	opened-hand	Open	11	0418
-66541.86	-53018.82	-102490.92	-17849.7	0.0	0.0	0.0	0.0	0.0	0.0	0.0	0.0	0.0	0.0	0.0	0.0	0.0	0.0	145.51724137931038	0.0	0.033874425	-0.103454325	1.0152561900000001	3.41824	0.4578	-0.71722	3191975.0	1776544773.712618	0.0	1.0	-1.0	-1.0	-1.0	-1.0	-1.0	-1.0	-1.0	-1.0	0.0	marker	opened-hand	Open	11	0418
-66525.66	-53027.415	-102428.415	-17768.655	0.0	0.0	0.0	0.0	0.0	0.0	0.0	0.0	0.0	0.0	0.0	0.0	0.0	0.0	145.51724137931038	0.0	0.033874425	-0.103454325	1.0152561900000001	3.41824	0.4578	-0.71722	3191976.0	1776544773.717779	0.0	1.0	-1.0	-1.0	-1.0	-1.0	-1.0	-1.0	-1.0	-1.0	0.0	marker	opened-hand	Open	11	0418
-66499.92	-53032.814999999995	-102423.465	-17740.89	0.0	0.0	0.0	0.0	0.0	0.0	0.0	0.0	0.0	0.0	0.0	0.0	0.0	0.0	145.51724137931038	0.0	0.033874425	-0.103454325	1.0152561900000001	3.41824	0.4578	-0.71722	3191977.0	1776544773.7178	0.0	1.0	-1.0	-1.0	-1.0	-1.0	-1.0	-1.0	-1.0	-1.0	0.0	marker	opened-hand	Open	11	0418
-66445.155	-53033.354999999996	-102454.33499999999	-17782.739999999998	0.0	0.0	0.0	0.0	0.0	0.0	0.0	0.0	0.0	0.0	0.0	0.0	0.0	0.0	145.51724137931038	0.0	0.033874425	-0.103454325	1.0152561900000001	3.41824	0.4578	-0.71722	3191978.0	1776544773.72065	0.0	1.0	-1.0	-1.0	-1.0	-1.0	-1.0	-1.0	-1.0	-1.0	0.0	marker	opened-hand	Open	11	0418
-66506.265	-53041.77	-102561.705	-17891.594999999998	0.0	0.0	0.0	0.0	0.0	0.0	0.0	0.0	0.0	0.0	0.0	0.0	0.0	0.0	145.51724137931038	0.0	0.033874425	-0.103454325	1.0152561900000001	3.41824	0.4578	-0.71722	3191979.0	1776544773.720669	0.0	1.0	-1.0	-1.0	-1.0	-1.0	-1.0	-1.0	-1.0	-1.0	0.0	marker	opened-hand	Open	11	0418
-66582.09	-53031.689999999995	-102556.215	-17861.579999999998	0.0	0.0	0.0	0.0	0.0	0.0	0.0	0.0	0.0	0.0	0.0	0.0	0.0	0.0	145.51724137931038	0.0	0.033874425	-0.103454325	1.0152561900000001	3.41824	0.4578	-0.71722	3191980.0	1776544773.724531	0.0	1.0	-1.0	-1.0	-1.0	-1.0	-1.0	-1.0	-1.0	-1.0	0.0	marker	opened-hand	Open	11	0418
-66592.305	-53022.735	-102550.68	-17874.855	0.0	0.0	0.0	0.0	0.0	0.0	0.0	0.0	0.0	0.0	0.0	0.0	0.0	0.0	145.51724137931038	0.0	0.033874425	-0.103454325	1.0152561900000001	3.41824	0.4578	-0.71722	3191981.0	1776544773.724549	0.0	1.0	-1.0	-1.0	-1.0	-1.0	-1.0	-1.0	-1.0	-1.0	0.0	marker	opened-hand	Open	11	0418
-66620.295	-53032.14	-102583.8	-17900.415	0.0	0.0	0.0	0.0	0.0	0.0	0.0	0.0	0.0	0.0	0.0	0.0	0.0	0.0	145.51724137931038	0.0	0.033874425	-0.103454325	1.0152561900000001	3.41824	0.4578	-0.71722	3191982.0	1776544773.728652	0.0	1.0	-1.0	-1.0	-1.0	-1.0	-1.0	-1.0	-1.0	-1.0	0.0	marker	opened-hand	Open	11	0418
-66572.37	-53045.505	-102534.48	-17841.465	0.0	0.0	0.0	0.0	0.0	0.0	0.0	0.0	0.0	0.0	0.0	0.0	0.0	0.0	145.51724137931038	0.0	0.033874425	-0.103454325	1.0152561900000001	3.41824	0.4578	-0.71722	3191983.0	1776544773.728671	0.0	1.0	-1.0	-1.0	-1.0	-1.0	-1.0	-1.0	-1.0	-1.0	0.0	marker	opened-hand	Open	11	0418
-66556.53	-53063.685	-102518.64	-17834.489999999998	0.0	0.0	0.0	0.0	0.0	0.0	0.0	0.0	0.0	0.0	0.0	0.0	0.0	0.0	145.51724137931038	0.0	0.03393546	-0.10583469	1.013242035	3.8760399999999997	0.32045999999999997	-1.17502	3191984.0	1776544773.733315	0.0	1.0	-1.0	-1.0	-1.0	-1.0	-1.0	-1.0	-1.0	-1.0	0.0	marker	opened-hand	Open	11	0418
-66538.935	-53073.54	-102458.11499999999	-17776.53	0.0	0.0	0.0	0.0	0.0	0.0	0.0	0.0	0.0	0.0	0.0	0.0	0.0	0.0	145.51724137931038	0.0	0.03393546	-0.10583469	1.013242035	3.8760399999999997	0.32045999999999997	-1.17502	3191985.0	1776544773.733335	0.0	1.0	-1.0	-1.0	-1.0	-1.0	-1.0	-1.0	-1.0	-1.0	0.0	marker	opened-hand	Open	11	0418
-66487.23	-53073.494999999995	-102402.94499999999	-17717.805	0.0	0.0	0.0	0.0	0.0	0.0	0.0	0.0	0.0	0.0	0.0	0.0	0.0	0.0	145.51724137931038	0.0	0.03393546	-0.10583469	1.013242035	3.8760399999999997	0.32045999999999997	-1.17502	3191986.0	1776544773.736683	0.0	1.0	-1.0	-1.0	-1.0	-1.0	-1.0	-1.0	-1.0	-1.0	0.0	marker	opened-hand	Open	11	0418
-66597.795	-53082.945	-102530.51999999999	-17828.73	0.0	0.0	0.0	0.0	0.0	0.0	0.0	0.0	0.0	0.0	0.0	0.0	0.0	0.0	145.51724137931038	0.0	0.03393546	-0.10583469	1.013242035	3.8760399999999997	0.32045999999999997	-1.17502	3191987.0	1776544773.736702	0.0	1.0	-1.0	-1.0	-1.0	-1.0	-1.0	-1.0	-1.0	-1.0	0.0	marker	opened-hand	Open	11	0418
-66588.56999999999	-53085.06	-102554.37	-17863.92	0.0	0.0	0.0	0.0	0.0	0.0	0.0	0.0	0.0	0.0	0.0	0.0	0.0	0.0	145.51724137931038	0.0	0.03393546	-0.10583469	1.013242035	3.8760399999999997	0.32045999999999997	-1.17502	3191988.0	1776544773.740718	0.0	1.0	-1.0	-1.0	-1.0	-1.0	-1.0	-1.0	-1.0	-1.0	0.0	marker	opened-hand	Open	11	0418
-66532.77	-53077.365	-102499.83	-17815.5	0.0	0.0	0.0	0.0	0.0	0.0	0.0	0.0	0.0	0.0	0.0	0.0	0.0	0.0	145.51724137931038	0.0	0.03393546	-0.10583469	1.013242035	3.8760399999999997	0.32045999999999997	-1.17502	3191989.0	1776544773.740737	0.0	1.0	-1.0	-1.0	-1.0	-1.0	-1.0	-1.0	-1.0	-1.0	0.0	marker	opened-hand	Open	11	0418
-66522.42	-53078.13	-102489.3	-17805.375	0.0	0.0	0.0	0.0	0.0	0.0	0.0	0.0	0.0	0.0	0.0	0.0	0.0	0.0	145.51724137931038	0.0	0.03393546	-0.10583469	1.013242035	3.8760399999999997	0.32045999999999997	-1.17502	3191990.0	1776544773.74472	0.0	1.0	-1.0	-1.0	-1.0	-1.0	-1.0	-1.0	-1.0	-1.0	0.0	marker	opened-hand	Open	11	0418
-66497.175	-53075.88	-102444.61499999999	-17764.695	0.0	0.0	0.0	0.0	0.0	0.0	0.0	0.0	0.0	0.0	0.0	0.0	0.0	0.0	145.51724137931038	0.0	0.03393546	-0.10583469	1.013242035	3.8760399999999997	0.32045999999999997	-1.17502	3191991.0	1776544773.744737	0.0	1.0	-1.0	-1.0	-1.0	-1.0	-1.0	-1.0	-1.0	-1.0	0.0	marker	opened-hand	Open	11	0418
-66499.47	-53076.375	-102454.965	-17757.135	0.0	0.0	0.0	0.0	0.0	0.0	0.0	0.0	0.0	0.0	0.0	0.0	0.0	0.0	145.51724137931038	0.0	0.03393546	-0.10583469	1.013242035	3.8760399999999997	0.32045999999999997	-1.17502	3191992.0	1776544773.748813	0.0	1.0	-1.0	-1.0	-1.0	-1.0	-1.0	-1.0	-1.0	-1.0	0.0	marker	opened-hand	Open	11	0418
-66477.015	-53081.865	-102395.79	-17698.545	0.0	0.0	0.0	0.0	0.0	0.0	0.0	0.0	0.0	0.0	0.0	0.0	0.0	0.0	145.51724137931038	0.0	0.03393546	-0.10583469	1.013242035	3.8760399999999997	0.32045999999999997	-1.17502	3191993.0	1776544773.748841	0.0	1.0	-1.0	-1.0	-1.0	-1.0	-1.0	-1.0	-1.0	-1.0	0.0	marker	opened-hand	Open	11	0418
-66493.98	-53090.64	-102373.78499999999	-17715.239999999998	0.0	0.0	0.0	0.0	0.0	0.0	0.0	0.0	0.0	0.0	0.0	0.0	0.0	0.0	145.51724137931038	0.0	0.03271476	-0.10668918000000001	1.01574447	4.6085199999999995	-0.07629999999999999	-1.4497	3191994.0	1776544773.75275	0.0	1.0	-1.0	-1.0	-1.0	-1.0	-1.0	-1.0	-1.0	-1.0	0.0	marker	opened-hand	Open	11	0418
-66571.65	-53093.43	-102466.44	-17849.204999999998	0.0	0.0	0.0	0.0	0.0	0.0	0.0	0.0	0.0	0.0	0.0	0.0	0.0	0.0	145.51724137931038	0.0	0.03271476	-0.10668918000000001	1.01574447	4.6085199999999995	-0.07629999999999999	-1.4497	3191995.0	1776544773.752765	0.0	1.0	-1.0	-1.0	-1.0	-1.0	-1.0	-1.0	-1.0	-1.0	0.0	marker	opened-hand	Open	11	0418
-66507.03	-53075.115	-102503.11499999999	-17850.105	0.0	0.0	0.0	0.0	0.0	0.0	0.0	0.0	0.0	0.0	0.0	0.0	0.0	0.0	145.51724137931038	0.0	0.03271476	-0.10668918000000001	1.01574447	4.6085199999999995	-0.07629999999999999	-1.4497	3191996.0	1776544773.756781	0.0	1.0	-1.0	-1.0	-1.0	-1.0	-1.0	-1.0	-1.0	-1.0	0.0	marker	opened-hand	Open	11	0418
-66463.245	-53072.145	-102486.915	-17789.805	0.0	0.0	0.0	0.0	0.0	0.0	0.0	0.0	0.0	0.0	0.0	0.0	0.0	0.0	145.51724137931038	0.0	0.03271476	-0.10668918000000001	1.01574447	4.6085199999999995	-0.07629999999999999	-1.4497	3191997.0	1776544773.7568	0.0	1.0	-1.0	-1.0	-1.0	-1.0	-1.0	-1.0	-1.0	-1.0	0.0	marker	opened-hand	Open	11	0418
-66518.595	-53067.465	-102432.42	-17751.015	0.0	0.0	0.0	0.0	0.0	0.0	0.0	0.0	0.0	0.0	0.0	0.0	0.0	0.0	145.51724137931038	0.0	0.03271476	-0.10668918000000001	1.01574447	4.6085199999999995	-0.07629999999999999	-1.4497	3191998.0	1776544773.763027	0.0	1.0	-1.0	-1.0	-1.0	-1.0	-1.0	-1.0	-1.0	-1.0	0.0	marker	opened-hand	Open	11	0418
-66545.145	-53064.54	-102425.22	-17716.364999999998	0.0	0.0	0.0	0.0	0.0	0.0	0.0	0.0	0.0	0.0	0.0	0.0	0.0	0.0	145.51724137931038	0.0	0.03271476	-0.10668918000000001	1.01574447	4.6085199999999995	-0.07629999999999999	-1.4497	3191999.0	1776544773.763048	0.0	1.0	-1.0	-1.0	-1.0	-1.0	-1.0	-1.0	-1.0	-1.0	0.0	marker	opened-hand	Open	11	0418
-66539.34	-53073.99	-102504.64499999999	-17793.809999999998	0.0	0.0	0.0	0.0	0.0	0.0	0.0	0.0	0.0	0.0	0.0	0.0	0.0	0.0	145.51724137931038	0.0	0.03271476	-0.10668918000000001	1.01574447	4.6085199999999995	-0.07629999999999999	-1.4497	3192000.0	1776544773.76607	0.0	1.0	-1.0	-1.0	-1.0	-1.0	-1.0	-1.0	-1.0	-1.0	0.0	marker	opened-hand	Open	11	0418
-66540.555	-53082.945	-102483.36	-17810.055	0.0	0.0	0.0	0.0	0.0	0.0	0.0	0.0	0.0	0.0	0.0	0.0	0.0	0.0	145.51724137931038	0.0	0.03271476	-0.10668918000000001	1.01574447	4.6085199999999995	-0.07629999999999999	-1.4497	3192001.0	1776544773.766097	0.0	1.0	-1.0	-1.0	-1.0	-1.0	-1.0	-1.0	-1.0	-1.0	0.0	marker	opened-hand	Open	11	0418
-66567.105	-53095.454999999994	-102432.19499999999	-17804.34	0.0	0.0	0.0	0.0	0.0	0.0	0.0	0.0	0.0	0.0	0.0	0.0	0.0	0.0	145.51724137931038	0.0	0.03271476	-0.10668918000000001	1.01574447	4.6085199999999995	-0.07629999999999999	-1.4497	3192002.0	1776544773.772018	0.0	1.0	-1.0	-1.0	-1.0	-1.0	-1.0	-1.0	-1.0	-1.0	0.0	marker	opened-hand	Open	11	0418
-66479.535	-53092.17	-102390.84	-17748.719999999998	0.0	0.0	0.0	0.0	0.0	0.0	0.0	0.0	0.0	0.0	0.0	0.0	0.0	0.0	145.51724137931038	0.0	0.03271476	-0.10668918000000001	1.01574447	4.6085199999999995	-0.07629999999999999	-1.4497	3192003.0	1776544773.772041	0.0	1.0	-1.0	-1.0	-1.0	-1.0	-1.0	-1.0	-1.0	-1.0	0.0	marker	opened-hand	Open	11	0418
-66394.70999999999	-53081.505	-102399.705	-17697.915	0.0	0.0	0.0	0.0	0.0	0.0	0.0	0.0	0.0	0.0	0.0	0.0	0.0	0.0	145.51724137931038	0.0	0.031127850000000002	-0.100890855	1.017148275	4.2270199999999996	0.09156	-0.41202	3192004.0	1776544773.77279	0.0	1.0	-1.0	-1.0	-1.0	-1.0	-1.0	-1.0	-1.0	-1.0	0.0	marker	opened-hand	Open	11	0418
-66332.88	-53061.119999999995	-102341.61	-17640.09	0.0	0.0	0.0	0.0	0.0	0.0	0.0	0.0	0.0	0.0	0.0	0.0	0.0	0.0	145.51724137931038	0.0	0.031127850000000002	-0.100890855	1.017148275	4.2270199999999996	0.09156	-0.41202	3192005.0	1776544773.772809	0.0	1.0	-1.0	-1.0	-1.0	-1.0	-1.0	-1.0	-1.0	-1.0	0.0	marker	opened-hand	Open	11	0418
-66513.95999999999	-53054.28	-102401.81999999999	-17761.95	0.0	0.0	0.0	0.0	0.0	0.0	0.0	0.0	0.0	0.0	0.0	0.0	0.0	0.0	145.51724137931038	0.0	0.031127850000000002	-0.100890855	1.017148275	4.2270199999999996	0.09156	-0.41202	3192006.0	1776544773.776785	0.0	1.0	-1.0	-1.0	-1.0	-1.0	-1.0	-1.0	-1.0	-1.0	0.0	marker	opened-hand	Open	11	0418
-66659.48999999999	-53064.63	-102629.34	-17963.64	0.0	0.0	0.0	0.0	0.0	0.0	0.0	0.0	0.0	0.0	0.0	0.0	0.0	0.0	145.51724137931038	0.0	0.031127850000000002	-0.100890855	1.017148275	4.2270199999999996	0.09156	-0.41202	3192007.0	1776544773.776804	0.0	1.0	-1.0	-1.0	-1.0	-1.0	-1.0	-1.0	-1.0	-1.0	0.0	marker	opened-hand	Open	11	0418
-66619.215	-53075.79	-102623.84999999999	-17919.495	0.0	0.0	0.0	0.0	0.0	0.0	0.0	0.0	0.0	0.0	0.0	0.0	0.0	0.0	145.51724137931038	0.0	0.031127850000000002	-0.100890855	1.017148275	4.2270199999999996	0.09156	-0.41202	3192008.0	1776544773.780857	0.0	1.0	-1.0	-1.0	-1.0	-1.0	-1.0	-1.0	-1.0	-1.0	0.0	marker	opened-hand	Open	11	0418
-66537.045	-53069.354999999996	-102467.7	-17763.93	0.0	0.0	0.0	0.0	0.0	0.0	0.0	0.0	0.0	0.0	0.0	0.0	0.0	0.0	145.51724137931038	0.0	0.031127850000000002	-0.100890855	1.017148275	4.2270199999999996	0.09156	-0.41202	3192009.0	1776544773.780875	0.0	1.0	-1.0	-1.0	-1.0	-1.0	-1.0	-1.0	-1.0	-1.0	0.0	marker	opened-hand	Open	11	0418
-66372.435	-53059.454999999994	-102364.73999999999	-17662.905	0.0	0.0	0.0	0.0	0.0	0.0	0.0	0.0	0.0	0.0	0.0	0.0	0.0	0.0	145.51724137931038	0.0	0.031127850000000002	-0.100890855	1.017148275	4.2270199999999996	0.09156	-0.41202	3192010.0	1776544773.784735	0.0	1.0	-1.0	-1.0	-1.0	-1.0	-1.0	-1.0	-1.0	-1.0	0.0	marker	opened-hand	Open	11	0418
-66497.44499999999	-53059.454999999994	-102515.53499999999	-17784.45	0.0	0.0	0.0	0.0	0.0	0.0	0.0	0.0	0.0	0.0	0.0	0.0	0.0	0.0	145.51724137931038	0.0	0.031127850000000002	-0.100890855	1.017148275	4.2270199999999996	0.09156	-0.41202	3192011.0	1776544773.784753	0.0	1.0	-1.0	-1.0	-1.0	-1.0	-1.0	-1.0	-1.0	-1.0	0.0	marker	opened-hand	Open	11	0418
-66698.45999999999	-53070.84	-102680.28	-17949.329999999998	0.0	0.0	0.0	0.0	0.0	0.0	0.0	0.0	0.0	0.0	0.0	0.0	0.0	0.0	145.51724137931038	0.0	0.031127850000000002	-0.100890855	1.017148275	4.2270199999999996	0.09156	-0.41202	3192012.0	1776544773.790675	0.0	1.0	-1.0	-1.0	-1.0	-1.0	-1.0	-1.0	-1.0	-1.0	0.0	marker	opened-hand	Open	11	0418
-66554.955	-53063.595	-102501.09	-17809.695	0.0	0.0	0.0	0.0	0.0	0.0	0.0	0.0	0.0	0.0	0.0	0.0	0.0	0.0	145.51724137931038	0.0	0.031127850000000002	-0.100890855	1.017148275	4.2270199999999996	0.09156	-0.41202	3192013.0	1776544773.790694	0.0	1.0	-1.0	-1.0	-1.0	-1.0	-1.0	-1.0	-1.0	-1.0	0.0	marker	opened-hand	Open	11	0418
-66400.29	-53053.604999999996	-102315.915	-17655.255	0.0	0.0	0.0	0.0	0.0	0.0	0.0	0.0	0.0	0.0	0.0	0.0	0.0	0.0	145.51724137931038	0.0	0.033508215	-0.096984615	1.01574447	4.4254	0.03052	-0.51884	3192014.0	1776544773.79291	0.0	1.0	-1.0	-1.0	-1.0	-1.0	-1.0	-1.0	-1.0	-1.0	0.0	marker	opened-hand	Open	11	0418
-66532.72499999999	-53066.475	-102487.68	-17806.68	0.0	0.0	0.0	0.0	0.0	0.0	0.0	0.0	0.0	0.0	0.0	0.0	0.0	0.0	145.51724137931038	0.0	0.033508215	-0.096984615	1.01574447	4.4254	0.03052	-0.51884	3192015.0	1776544773.792931	0.0	1.0	-1.0	-1.0	-1.0	-1.0	-1.0	-1.0	-1.0	-1.0	0.0	marker	opened-hand	Open	11	0418
-66678.39	-53083.845	-102571.33499999999	-17848.98	0.0	0.0	0.0	0.0	0.0	0.0	0.0	0.0	0.0	0.0	0.0	0.0	0.0	0.0	145.51724137931038	0.0	0.033508215	-0.096984615	1.01574447	4.4254	0.03052	-0.51884	3192016.0	1776544773.7968	0.0	1.0	-1.0	-1.0	-1.0	-1.0	-1.0	-1.0	-1.0	-1.0	0.0	marker	opened-hand	Open	11	0418
-66659.08499999999	-53101.619999999995	-102606.56999999999	-17926.739999999998	0.0	0.0	0.0	0.0	0.0	0.0	0.0	0.0	0.0	0.0	0.0	0.0	0.0	0.0	145.51724137931038	0.0	0.033508215	-0.096984615	1.01574447	4.4254	0.03052	-0.51884	3192017.0	1776544773.796819	0.0	1.0	-1.0	-1.0	-1.0	-1.0	-1.0	-1.0	-1.0	-1.0	0.0	marker	opened-hand	Open	11	0418
-66459.465	-53102.07	-102499.83	-17836.92	0.0	0.0	0.0	0.0	0.0	0.0	0.0	0.0	0.0	0.0	0.0	0.0	0.0	0.0	145.51724137931038	0.0	0.033508215	-0.096984615	1.01574447	4.4254	0.03052	-0.51884	3192018.0	1776544773.800917	0.0	1.0	-1.0	-1.0	-1.0	-1.0	-1.0	-1.0	-1.0	-1.0	0.0	marker	opened-hand	Open	11	0418
-66448.44	-53107.155	-102457.89	-17771.67	0.0	0.0	0.0	0.0	0.0	0.0	0.0	0.0	0.0	0.0	0.0	0.0	0.0	0.0	145.51724137931038	0.0	0.033508215	-0.096984615	1.01574447	4.4254	0.03052	-0.51884	3192019.0	1776544773.800935	0.0	1.0	-1.0	-1.0	-1.0	-1.0	-1.0	-1.0	-1.0	-1.0	0.0	marker	opened-hand	Open	11	0418
-66489.795	-53109.045	-102477.915	-17756.325	0.0	0.0	0.0	0.0	0.0	0.0	0.0	0.0	0.0	0.0	0.0	0.0	0.0	0.0	145.51724137931038	0.0	0.033508215	-0.096984615	1.01574447	4.4254	0.03052	-0.51884	3192020.0	1776544773.804834	0.0	1.0	-1.0	-1.0	-1.0	-1.0	-1.0	-1.0	-1.0	-1.0	0.0	marker	opened-hand	Open	11	0418
-66390.20999999999	-53095.814999999995	-102475.89	-17764.515	0.0	0.0	0.0	0.0	0.0	0.0	0.0	0.0	0.0	0.0	0.0	0.0	0.0	0.0	145.51724137931038	0.0	0.033508215	-0.096984615	1.01574447	4.4254	0.03052	-0.51884	3192021.0	1776544773.804853	0.0	1.0	-1.0	-1.0	-1.0	-1.0	-1.0	-1.0	-1.0	-1.0	0.0	marker	opened-hand	Open	11	0418
-66590.64	-53097.84	-102648.23999999999	-17957.295	0.0	0.0	0.0	0.0	0.0	0.0	0.0	0.0	0.0	0.0	0.0	0.0	0.0	0.0	145.51724137931038	0.0	0.033508215	-0.096984615	1.01574447	4.4254	0.03052	-0.51884	3192022.0	1776544773.809077	0.0	1.0	-1.0	-1.0	-1.0	-1.0	-1.0	-1.0	-1.0	-1.0	0.0	marker	opened-hand	Open	11	0418
-66727.53	-53102.34	-102699.09	-17996.715	0.0	0.0	0.0	0.0	0.0	0.0	0.0	0.0	0.0	0.0	0.0	0.0	0.0	0.0	145.51724137931038	0.0	0.033508215	-0.096984615	1.01574447	4.4254	0.03052	-0.51884	3192023.0	1776544773.809096	0.0	1.0	-1.0	-1.0	-1.0	-1.0	-1.0	-1.0	-1.0	-1.0	0.0	marker	opened-hand	Open	11	0418
-66582.63	-53098.2	-102468.23999999999	-17736.704999999998	0.0	0.0	0.0	0.0	0.0	0.0	0.0	0.0	0.0	0.0	0.0	0.0	0.0	0.0	145.51724137931038	0.0	0.03576651	-0.100036365	1.012143405	5.1273599999999995	0.25942	-1.15976	3192024.0	1776544773.812843	0.0	1.0	-1.0	-1.0	-1.0	-1.0	-1.0	-1.0	-1.0	-1.0	0.0	marker	opened-hand	Open	11	0418
-66582.18	-53112.104999999996	-102528.09	-17802.945	0.0	0.0	0.0	0.0	0.0	0.0	0.0	0.0	0.0	0.0	0.0	0.0	0.0	0.0	145.51724137931038	0.0	0.03576651	-0.100036365	1.012143405	5.1273599999999995	0.25942	-1.15976	3192025.0	1776544773.812864	0.0	1.0	-1.0	-1.0	-1.0	-1.0	-1.0	-1.0	-1.0	-1.0	0.0	marker	opened-hand	Open	11	0418
-66532.31999999999	-53108.235	-102505.995	-17818.605	0.0	0.0	0.0	0.0	0.0	0.0	0.0	0.0	0.0	0.0	0.0	0.0	0.0	0.0	145.51724137931038	0.0	0.03576651	-0.100036365	1.012143405	5.1273599999999995	0.25942	-1.15976	3192026.0	1776544773.816974	0.0	1.0	-1.0	-1.0	-1.0	-1.0	-1.0	-1.0	-1.0	-1.0	0.0	marker	opened-hand	Open	11	0418
-66500.55	-53094.645	-102416.265	-17793.315	0.0	0.0	0.0	0.0	0.0	0.0	0.0	0.0	0.0	0.0	0.0	0.0	0.0	0.0	145.51724137931038	0.0	0.03576651	-0.100036365	1.012143405	5.1273599999999995	0.25942	-1.15976	3192027.0	1776544773.816999	0.0	1.0	-1.0	-1.0	-1.0	-1.0	-1.0	-1.0	-1.0	-1.0	0.0	marker	opened-hand	Open	11	0418
-66499.47	-53091.09	-102391.515	-17801.19	0.0	0.0	0.0	0.0	0.0	0.0	0.0	0.0	0.0	0.0	0.0	0.0	0.0	0.0	145.51724137931038	0.0	0.03576651	-0.100036365	1.012143405	5.1273599999999995	0.25942	-1.15976	3192028.0	1776544773.820906	0.0	1.0	-1.0	-1.0	-1.0	-1.0	-1.0	-1.0	-1.0	-1.0	0.0	marker	opened-hand	Open	11	0418
-66586.5	-53096.04	-102564.495	-17877.78	0.0	0.0	0.0	0.0	0.0	0.0	0.0	0.0	0.0	0.0	0.0	0.0	0.0	0.0	145.51724137931038	0.0	0.03576651	-0.100036365	1.012143405	5.1273599999999995	0.25942	-1.15976	3192029.0	1776544773.820924	0.0	1.0	-1.0	-1.0	-1.0	-1.0	-1.0	-1.0	-1.0	-1.0	0.0	marker	opened-hand	Open	11	0418
-66551.895	-53090.369999999995	-102560.12999999999	-17820.899999999998	0.0	0.0	0.0	0.0	0.0	0.0	0.0	0.0	0.0	0.0	0.0	0.0	0.0	0.0	145.51724137931038	0.0	0.03576651	-0.100036365	1.012143405	5.1273599999999995	0.25942	-1.15976	3192030.0	1776544773.824964	0.0	1.0	-1.0	-1.0	-1.0	-1.0	-1.0	-1.0	-1.0	-1.0	0.0	marker	opened-hand	Open	11	0418
-66414.78	-53089.244999999995	-102437.90999999999	-17740.53	0.0	0.0	0.0	0.0	0.0	0.0	0.0	0.0	0.0	0.0	0.0	0.0	0.0	0.0	145.51724137931038	0.0	0.03576651	-0.100036365	1.012143405	5.1273599999999995	0.25942	-1.15976	3192031.0	1776544773.824983	0.0	1.0	-1.0	-1.0	-1.0	-1.0	-1.0	-1.0	-1.0	-1.0	0.0	marker	opened-hand	Open	11	0418
-66423.87	-53090.82	-102426.12	-17741.34	0.0	0.0	0.0	0.0	0.0	0.0	0.0	0.0	0.0	0.0	0.0	0.0	0.0	0.0	145.51724137931038	0.0	0.03576651	-0.100036365	1.012143405	5.1273599999999995	0.25942	-1.15976	3192032.0	1776544773.828971	0.0	1.0	-1.0	-1.0	-1.0	-1.0	-1.0	-1.0	-1.0	-1.0	0.0	marker	opened-hand	Open	11	0418
-66500.73	-53097.345	-102446.14499999999	-17738.37	0.0	0.0	0.0	0.0	0.0	0.0	0.0	0.0	0.0	0.0	0.0	0.0	0.0	0.0	145.51724137931038	0.0	0.03576651	-0.100036365	1.012143405	5.1273599999999995	0.25942	-1.15976	3192033.0	1776544773.828993	0.0	1.0	-1.0	-1.0	-1.0	-1.0	-1.0	-1.0	-1.0	-1.0	0.0	marker	opened-hand	Open	11	0418
-66642.39	-53140.814999999995	-102591.315	-17865.945	0.0	0.0	0.0	0.0	0.0	0.0	0.0	0.0	0.0	0.0	0.0	0.0	0.0	0.0	145.51724137931038	0.0	0.036071685	-0.102843975	1.010678565	4.92898	0.48832	-0.07629999999999999	3192034.0	1776544773.832971	0.0	1.0	-1.0	-1.0	-1.0	-1.0	-1.0	-1.0	-1.0	-1.0	0.0	marker	opened-hand	Open	11	0418
-66576.735	-53161.829999999994	-102539.25	-17833.815	0.0	0.0	0.0	0.0	0.0	0.0	0.0	0.0	0.0	0.0	0.0	0.0	0.0	0.0	145.51724137931038	0.0	0.036071685	-0.102843975	1.010678565	4.92898	0.48832	-0.07629999999999999	3192035.0	1776544773.832983	0.0	1.0	-1.0	-1.0	-1.0	-1.0	-1.0	-1.0	-1.0	-1.0	0.0	marker	opened-hand	Open	11	0418
-66574.665	-53168.265	-102550.00499999999	-17845.829999999998	0.0	0.0	0.0	0.0	0.0	0.0	0.0	0.0	0.0	0.0	0.0	0.0	0.0	0.0	145.51724137931038	0.0	0.036071685	-0.102843975	1.010678565	4.92898	0.48832	-0.07629999999999999	3192036.0	1776544773.837065	0.0	1.0	-1.0	-1.0	-1.0	-1.0	-1.0	-1.0	-1.0	-1.0	0.0	marker	opened-hand	Open	11	0418
-66567.465	-53160.03	-102551.12999999999	-17896.14	0.0	0.0	0.0	0.0	0.0	0.0	0.0	0.0	0.0	0.0	0.0	0.0	0.0	0.0	145.51724137931038	0.0	0.036071685	-0.102843975	1.010678565	4.92898	0.48832	-0.07629999999999999	3192037.0	1776544773.837078	0.0	1.0	-1.0	-1.0	-1.0	-1.0	-1.0	-1.0	-1.0	-1.0	0.0	marker	opened-hand	Open	11	0418
-66568.68	-53148.645	-102478.095	-17840.565	0.0	0.0	0.0	0.0	0.0	0.0	0.0	0.0	0.0	0.0	0.0	0.0	0.0	0.0	145.51724137931038	0.0	0.036071685	-0.102843975	1.010678565	4.92898	0.48832	-0.07629999999999999	3192038.0	1776544773.841076	0.0	1.0	-1.0	-1.0	-1.0	-1.0	-1.0	-1.0	-1.0	-1.0	0.0	marker	opened-hand	Open	11	0418
-66542.67	-53146.485	-102504.15	-17846.73	0.0	0.0	0.0	0.0	0.0	0.0	0.0	0.0	0.0	0.0	0.0	0.0	0.0	0.0	145.51724137931038	0.0	0.036071685	-0.102843975	1.010678565	4.92898	0.48832	-0.07629999999999999	3192039.0	1776544773.841093	0.0	1.0	-1.0	-1.0	-1.0	-1.0	-1.0	-1.0	-1.0	-1.0	0.0	marker	opened-hand	Open	11	0418
-66517.065	-53146.665	-102509.37	-17811.765	0.0	0.0	0.0	0.0	0.0	0.0	0.0	0.0	0.0	0.0	0.0	0.0	0.0	0.0	145.51724137931038	0.0	0.036071685	-0.102843975	1.010678565	4.92898	0.48832	-0.07629999999999999	3192040.0	1776544773.845065	0.0	1.0	-1.0	-1.0	-1.0	-1.0	-1.0	-1.0	-1.0	-1.0	0.0	marker	opened-hand	Open	11	0418
-66513.23999999999	-53146.259999999995	-102478.68	-17752.454999999998	0.0	0.0	0.0	0.0	0.0	0.0	0.0	0.0	0.0	0.0	0.0	0.0	0.0	0.0	145.51724137931038	0.0	0.036071685	-0.102843975	1.010678565	4.92898	0.48832	-0.07629999999999999	3192041.0	1776544773.845075	0.0	1.0	-1.0	-1.0	-1.0	-1.0	-1.0	-1.0	-1.0	-1.0	0.0	marker	opened-hand	Open	11	0418
-66478.23	-53149.95	-102449.34	-17748.899999999998	0.0	0.0	0.0	0.0	0.0	0.0	0.0	0.0	0.0	0.0	0.0	0.0	0.0	0.0	145.51724137931038	0.0	0.036071685	-0.102843975	1.010678565	4.92898	0.48832	-0.07629999999999999	3192042.0	1776544773.849058	0.0	1.0	-1.0	-1.0	-1.0	-1.0	-1.0	-1.0	-1.0	-1.0	0.0	marker	opened-hand	Open	11	0418
-66476.47499999999	-53154.045	-102420.405	-17739.405	0.0	0.0	0.0	0.0	0.0	0.0	0.0	0.0	0.0	0.0	0.0	0.0	0.0	0.0	145.51724137931038	0.0	0.036071685	-0.102843975	1.010678565	4.92898	0.48832	-0.07629999999999999	3192043.0	1776544773.849081	0.0	1.0	-1.0	-1.0	-1.0	-1.0	-1.0	-1.0	-1.0	-1.0	0.0	marker	opened-hand	Open	11	0418
-66520.44	-53156.025	-102411.62999999999	-17748.18	0.0	0.0	0.0	0.0	0.0	0.0	0.0	0.0	0.0	0.0	0.0	0.0	0.0	0.0	145.51724137931038	0.0	0.0329589	-0.10125706500000001	1.01342514	4.02864	0.36624	-1.12924	3192044.0	1776544773.857749	0.0	1.0	-1.0	-1.0	-1.0	-1.0	-1.0	-1.0	-1.0	-1.0	0.0	marker	opened-hand	Open	11	0418
-66490.155	-53146.619999999995	-102315.375	-17660.07	0.0	0.0	0.0	0.0	0.0	0.0	0.0	0.0	0.0	0.0	0.0	0.0	0.0	0.0	145.51724137931038	0.0	0.0329589	-0.10125706500000001	1.01342514	4.02864	0.36624	-1.12924	3192045.0	1776544773.85777	0.0	1.0	-1.0	-1.0	-1.0	-1.0	-1.0	-1.0	-1.0	-1.0	0.0	marker	opened-hand	Open	11	0418
-66376.395	-53132.354999999996	-102268.305	-17579.295	0.0	0.0	0.0	0.0	0.0	0.0	0.0	0.0	0.0	0.0	0.0	0.0	0.0	0.0	145.51724137931038	0.0	0.0329589	-0.10125706500000001	1.01342514	4.02864	0.36624	-1.12924	3192046.0	1776544773.87173	0.0	1.0	-1.0	-1.0	-1.0	-1.0	-1.0	-1.0	-1.0	-1.0	0.0	marker	opened-hand	Open	11	0418
-66480.345	-53140.229999999996	-102460.545	-17738.145	0.0	0.0	0.0	0.0	0.0	0.0	0.0	0.0	0.0	0.0	0.0	0.0	0.0	0.0	145.51724137931038	0.0	0.0329589	-0.10125706500000001	1.01342514	4.02864	0.36624	-1.12924	3192047.0	1776544773.871745	0.0	1.0	-1.0	-1.0	-1.0	-1.0	-1.0	-1.0	-1.0	-1.0	0.0	marker	opened-hand	Open	11	0418
-66562.065	-53149.365	-102563.64	-17815.14	0.0	0.0	0.0	0.0	0.0	0.0	0.0	0.0	0.0	0.0	0.0	0.0	0.0	0.0	145.51724137931038	0.0	0.0329589	-0.10125706500000001	1.01342514	4.02864	0.36624	-1.12924	3192048.0	1776544773.871756	0.0	1.0	-1.0	-1.0	-1.0	-1.0	-1.0	-1.0	-1.0	-1.0	0.0	marker	opened-hand	Open	11	0418
-66657.555	-53158.545	-102674.06999999999	-17981.954999999998	0.0	0.0	0.0	0.0	0.0	0.0	0.0	0.0	0.0	0.0	0.0	0.0	0.0	0.0	145.51724137931038	0.0	0.0329589	-0.10125706500000001	1.01342514	4.02864	0.36624	-1.12924	3192049.0	1776544773.871761	0.0	1.0	-1.0	-1.0	-1.0	-1.0	-1.0	-1.0	-1.0	-1.0	0.0	marker	opened-hand	Open	11	0418
-66520.665	-53149.005	-102528.045	-17852.219999999998	0.0	0.0	0.0	0.0	0.0	0.0	0.0	0.0	0.0	0.0	0.0	0.0	0.0	0.0	145.51724137931038	0.0	0.0329589	-0.10125706500000001	1.01342514	4.02864	0.36624	-1.12924	3192050.0	1776544773.871769	0.0	1.0	-1.0	-1.0	-1.0	-1.0	-1.0	-1.0	-1.0	-1.0	0.0	marker	opened-hand	Open	11	0418
-66365.775	-53139.869999999995	-102392.055	-17724.78	0.0	0.0	0.0	0.0	0.0	0.0	0.0	0.0	0.0	0.0	0.0	0.0	0.0	0.0	145.51724137931038	0.0	0.0329589	-0.10125706500000001	1.01342514	4.02864	0.36624	-1.12924	3192051.0	1776544773.871775	0.0	1.0	-1.0	-1.0	-1.0	-1.0	-1.0	-1.0	-1.0	-1.0	0.0	marker	opened-hand	Open	11	0418
-66371.175	-53143.38	-102314.79	-17670.78	0.0	0.0	0.0	0.0	0.0	0.0	0.0	0.0	0.0	0.0	0.0	0.0	0.0	0.0	145.51724137931038	0.0	0.0329589	-0.10125706500000001	1.01342514	4.02864	0.36624	-1.12924	3192052.0	1776544773.874715	0.0	1.0	-1.0	-1.0	-1.0	-1.0	-1.0	-1.0	-1.0	-1.0	0.0	marker	opened-hand	Open	11	0418
-66568.72499999999	-53147.159999999996	-102439.215	-17809.065	0.0	0.0	0.0	0.0	0.0	0.0	0.0	0.0	0.0	0.0	0.0	0.0	0.0	0.0	145.51724137931038	0.0	0.0329589	-0.10125706500000001	1.01342514	4.02864	0.36624	-1.12924	3192053.0	1776544773.874724	0.0	1.0	-1.0	-1.0	-1.0	-1.0	-1.0	-1.0	-1.0	-1.0	0.0	marker	opened-hand	Open	11	0418
-66662.37	-53151.345	-102616.73999999999	-17957.969999999998	0.0	0.0	0.0	0.0	0.0	0.0	0.0	0.0	0.0	0.0	0.0	0.0	0.0	0.0	145.51724137931038	0.0	0.033386145	-0.09240699000000001	1.01342514	3.40298	0.28994	0.0	3192054.0	1776544773.877596	0.0	1.0	-1.0	-1.0	-1.0	-1.0	-1.0	-1.0	-1.0	-1.0	0.0	marker	opened-hand	Open	11	0418
-66655.98	-53159.49	-102718.8	-17979.57	0.0	0.0	0.0	0.0	0.0	0.0	0.0	0.0	0.0	0.0	0.0	0.0	0.0	0.0	145.51724137931038	0.0	0.033386145	-0.09240699000000001	1.01342514	3.40298	0.28994	0.0	3192055.0	1776544773.877604	0.0	1.0	-1.0	-1.0	-1.0	-1.0	-1.0	-1.0	-1.0	-1.0	0.0	marker	opened-hand	Open	11	0418
-66615.39	-53150.04	-102676.095	-17911.89	0.0	0.0	0.0	0.0	0.0	0.0	0.0	0.0	0.0	0.0	0.0	0.0	0.0	0.0	145.51724137931038	0.0	0.033386145	-0.09240699000000001	1.01342514	3.40298	0.28994	0.0	3192056.0	1776544773.877613	0.0	1.0	-1.0	-1.0	-1.0	-1.0	-1.0	-1.0	-1.0	-1.0	0.0	marker	opened-hand	Open	11	0418
-66614.48999999999	-53131.229999999996	-102611.565	-17893.844999999998	0.0	0.0	0.0	0.0	0.0	0.0	0.0	0.0	0.0	0.0	0.0	0.0	0.0	0.0	145.51724137931038	0.0	0.033386145	-0.09240699000000001	1.01342514	3.40298	0.28994	0.0	3192057.0	1776544773.877619	0.0	1.0	-1.0	-1.0	-1.0	-1.0	-1.0	-1.0	-1.0	-1.0	0.0	marker	opened-hand	Open	11	0418
-66560.895	-53118.405	-102511.26	-17798.13	0.0	0.0	0.0	0.0	0.0	0.0	0.0	0.0	0.0	0.0	0.0	0.0	0.0	0.0	145.51724137931038	0.0	0.033386145	-0.09240699000000001	1.01342514	3.40298	0.28994	0.0	3192058.0	1776544773.884575	0.0	1.0	-1.0	-1.0	-1.0	-1.0	-1.0	-1.0	-1.0	-1.0	0.0	marker	opened-hand	Open	11	0418
-66549.645	-53124.795	-102501.22499999999	-17793.675	0.0	0.0	0.0	0.0	0.0	0.0	0.0	0.0	0.0	0.0	0.0	0.0	0.0	0.0	145.51724137931038	0.0	0.033386145	-0.09240699000000001	1.01342514	3.40298	0.28994	0.0	3192059.0	1776544773.884585	0.0	1.0	-1.0	-1.0	-1.0	-1.0	-1.0	-1.0	-1.0	-1.0	0.0	marker	opened-hand	Open	11	0418
-66518.86499999999	-53129.564999999995	-102523.72499999999	-17825.445	0.0	0.0	0.0	0.0	0.0	0.0	0.0	0.0	0.0	0.0	0.0	0.0	0.0	0.0	145.51724137931038	0.0	0.033386145	-0.09240699000000001	1.01342514	3.40298	0.28994	0.0	3192060.0	1776544773.885225	0.0	1.0	-1.0	-1.0	-1.0	-1.0	-1.0	-1.0	-1.0	-1.0	0.0	marker	opened-hand	Open	11	0418
-66470.58	-53118.225	-102438.045	-17751.465	0.0	0.0	0.0	0.0	0.0	0.0	0.0	0.0	0.0	0.0	0.0	0.0	0.0	0.0	145.51724137931038	0.0	0.033386145	-0.09240699000000001	1.01342514	3.40298	0.28994	0.0	3192061.0	1776544773.885244	0.0	1.0	-1.0	-1.0	-1.0	-1.0	-1.0	-1.0	-1.0	-1.0	0.0	marker	opened-hand	Open	11	0418
-66535.02	-53117.009999999995	-102459.87	-17767.305	0.0	0.0	0.0	0.0	0.0	0.0	0.0	0.0	0.0	0.0	0.0	0.0	0.0	0.0	145.51724137931038	0.0	0.033386145	-0.09240699000000001	1.01342514	3.40298	0.28994	0.0	3192062.0	1776544773.889209	0.0	1.0	-1.0	-1.0	-1.0	-1.0	-1.0	-1.0	-1.0	-1.0	0.0	marker	opened-hand	Open	11	0418
-66583.575	-53114.895	-102529.62	-17826.255	0.0	0.0	0.0	0.0	0.0	0.0	0.0	0.0	0.0	0.0	0.0	0.0	0.0	0.0	145.51724137931038	0.0	0.033386145	-0.09240699000000001	1.01342514	3.40298	0.28994	0.0	3192063.0	1776544773.88922	0.0	1.0	-1.0	-1.0	-1.0	-1.0	-1.0	-1.0	-1.0	-1.0	0.0	marker	opened-hand	Open	11	0418
-66554.28	-53104.86	-102534.885	-17843.085	0.0	0.0	0.0	0.0	0.0	0.0	0.0	0.0	0.0	0.0	0.0	0.0	0.0	0.0	145.51724137931038	0.0	0.036193755	-0.08874489	1.01037339	2.4263399999999997	1.11398	0.8087799999999999	3192064.0	1776544773.893277	0.0	1.0	-1.0	-1.0	-1.0	-1.0	-1.0	-1.0	-1.0	-1.0	0.0	marker	opened-hand	Open	11	0418
-66496.23	-53086.994999999995	-102496.00499999999	-17810.864999999998	0.0	0.0	0.0	0.0	0.0	0.0	0.0	0.0	0.0	0.0	0.0	0.0	0.0	0.0	145.51724137931038	0.0	0.036193755	-0.08874489	1.01037339	2.4263399999999997	1.11398	0.8087799999999999	3192065.0	1776544773.89329	0.0	1.0	-1.0	-1.0	-1.0	-1.0	-1.0	-1.0	-1.0	-1.0	0.0	marker	opened-hand	Open	11	0418
-66492.63	-53081.729999999996	-102483.58499999999	-17779.23	0.0	0.0	0.0	0.0	0.0	0.0	0.0	0.0	0.0	0.0	0.0	0.0	0.0	0.0	145.51724137931038	0.0	0.036193755	-0.08874489	1.01037339	2.4263399999999997	1.11398	0.8087799999999999	3192066.0	1776544773.897389	0.0	1.0	-1.0	-1.0	-1.0	-1.0	-1.0	-1.0	-1.0	-1.0	0.0	marker	opened-hand	Open	11	0418
-66524.67	-53090.189999999995	-102493.98	-17789.625	0.0	0.0	0.0	0.0	0.0	0.0	0.0	0.0	0.0	0.0	0.0	0.0	0.0	0.0	145.51724137931038	0.0	0.036193755	-0.08874489	1.01037339	2.4263399999999997	1.11398	0.8087799999999999	3192067.0	1776544773.897396	0.0	1.0	-1.0	-1.0	-1.0	-1.0	-1.0	-1.0	-1.0	-1.0	0.0	marker	opened-hand	Open	11	0418
-66544.515	-53099.369999999995	-102496.59	-17802.63	0.0	0.0	0.0	0.0	0.0	0.0	0.0	0.0	0.0	0.0	0.0	0.0	0.0	0.0	145.51724137931038	0.0	0.036193755	-0.08874489	1.01037339	2.4263399999999997	1.11398	0.8087799999999999	3192068.0	1776544773.901383	0.0	1.0	-1.0	-1.0	-1.0	-1.0	-1.0	-1.0	-1.0	-1.0	0.0	marker	opened-hand	Open	11	0418
-66592.34999999999	-53117.729999999996	-102551.265	-17852.85	0.0	0.0	0.0	0.0	0.0	0.0	0.0	0.0	0.0	0.0	0.0	0.0	0.0	0.0	145.51724137931038	0.0	0.036193755	-0.08874489	1.01037339	2.4263399999999997	1.11398	0.8087799999999999	3192069.0	1776544773.901398	0.0	1.0	-1.0	-1.0	-1.0	-1.0	-1.0	-1.0	-1.0	-1.0	0.0	marker	opened-hand	Open	11	0418
-66498.61499999999	-53131.68	-102476.25	-17793.405	0.0	0.0	0.0	0.0	0.0	0.0	0.0	0.0	0.0	0.0	0.0	0.0	0.0	0.0	145.51724137931038	0.0	0.036193755	-0.08874489	1.01037339	2.4263399999999997	1.11398	0.8087799999999999	3192070.0	1776544773.907022	0.0	1.0	-1.0	-1.0	-1.0	-1.0	-1.0	-1.0	-1.0	-1.0	0.0	marker	opened-hand	Open	11	0418
-66479.22	-53126.009999999995	-102432.87	-17745.704999999998	0.0	0.0	0.0	0.0	0.0	0.0	0.0	0.0	0.0	0.0	0.0	0.0	0.0	0.0	145.51724137931038	0.0	0.036193755	-0.08874489	1.01037339	2.4263399999999997	1.11398	0.8087799999999999	3192071.0	1776544773.907027	0.0	1.0	-1.0	-1.0	-1.0	-1.0	-1.0	-1.0	-1.0	-1.0	0.0	marker	opened-hand	Open	11	0418
-66472.02	-53122.454999999994	-102441.465	-17740.44	0.0	0.0	0.0	0.0	0.0	0.0	0.0	0.0	0.0	0.0	0.0	0.0	0.0	0.0	145.51724137931038	0.0	0.036193755	-0.08874489	1.01037339	2.4263399999999997	1.11398	0.8087799999999999	3192072.0	1776544773.909194	0.0	1.0	-1.0	-1.0	-1.0	-1.0	-1.0	-1.0	-1.0	-1.0	0.0	marker	opened-hand	Open	11	0418
-66314.11499999999	-53112.915	-102298.455	-17591.175	0.0	0.0	0.0	0.0	0.0	0.0	0.0	0.0	0.0	0.0	0.0	0.0	0.0	0.0	145.51724137931038	0.0	0.036193755	-0.08874489	1.01037339	2.4263399999999997	1.11398	0.8087799999999999	3192073.0	1776544773.909199	0.0	1.0	-1.0	-1.0	-1.0	-1.0	-1.0	-1.0	-1.0	-1.0	0.0	marker	opened-hand	Open	11	0418
-66373.69499999999	-53118.765	-102331.89	-17631.135	0.0	0.0	0.0	0.0	0.0	0.0	0.0	0.0	0.0	0.0	0.0	0.0	0.0	0.0	145.51724137931038	0.0	0.03564444	-0.092834235	1.01232651	1.38866	0.9156	0.7019599999999999	3192074.0	1776544773.913396	0.0	1.0	-1.0	-1.0	-1.0	-1.0	-1.0	-1.0	-1.0	-1.0	0.0	marker	opened-hand	Open	11	0418
-66544.29	-53137.575	-102474.495	-17788.815	0.0	0.0	0.0	0.0	0.0	0.0	0.0	0.0	0.0	0.0	0.0	0.0	0.0	0.0	145.51724137931038	0.0	0.03564444	-0.092834235	1.01232651	1.38866	0.9156	0.7019599999999999	3192075.0	1776544773.913401	0.0	1.0	-1.0	-1.0	-1.0	-1.0	-1.0	-1.0	-1.0	-1.0	0.0	marker	opened-hand	Open	11	0418
-66530.565	-53148.645	-102445.965	-17783.684999999998	0.0	0.0	0.0	0.0	0.0	0.0	0.0	0.0	0.0	0.0	0.0	0.0	0.0	0.0	145.51724137931038	0.0	0.03564444	-0.092834235	1.01232651	1.38866	0.9156	0.7019599999999999	3192076.0	1776544773.917169	0.0	1.0	-1.0	-1.0	-1.0	-1.0	-1.0	-1.0	-1.0	-1.0	0.0	marker	opened-hand	Open	11	0418
-66564.72	-53156.88	-102469.76999999999	-17813.43	0.0	0.0	0.0	0.0	0.0	0.0	0.0	0.0	0.0	0.0	0.0	0.0	0.0	0.0	145.51724137931038	0.0	0.03564444	-0.092834235	1.01232651	1.38866	0.9156	0.7019599999999999	3192077.0	1776544773.917174	0.0	1.0	-1.0	-1.0	-1.0	-1.0	-1.0	-1.0	-1.0	-1.0	0.0	marker	opened-hand	Open	11	0418
-66618.9	-53160.345	-102576.42	-17905.14	0.0	0.0	0.0	0.0	0.0	0.0	0.0	0.0	0.0	0.0	0.0	0.0	0.0	0.0	145.51724137931038	0.0	0.03564444	-0.092834235	1.01232651	1.38866	0.9156	0.7019599999999999	3192078.0	1776544773.921227	0.0	1.0	-1.0	-1.0	-1.0	-1.0	-1.0	-1.0	-1.0	-1.0	0.0	marker	opened-hand	Open	11	0418
-66579.795	-53158.68	-102569.12999999999	-17869.14	0.0	0.0	0.0	0.0	0.0	0.0	0.0	0.0	0.0	0.0	0.0	0.0	0.0	0.0	145.51724137931038	0.0	0.03564444	-0.092834235	1.01232651	1.38866	0.9156	0.7019599999999999	3192079.0	1776544773.921232	0.0	1.0	-1.0	-1.0	-1.0	-1.0	-1.0	-1.0	-1.0	-1.0	0.0	marker	opened-hand	Open	11	0418
-66581.81999999999	-53163.854999999996	-102583.44	-17865.27	0.0	0.0	0.0	0.0	0.0	0.0	0.0	0.0	0.0	0.0	0.0	0.0	0.0	0.0	145.51724137931038	0.0	0.03564444	-0.092834235	1.01232651	1.38866	0.9156	0.7019599999999999	3192080.0	1776544773.925207	0.0	1.0	-1.0	-1.0	-1.0	-1.0	-1.0	-1.0	-1.0	-1.0	0.0	marker	opened-hand	Open	11	0418
-66580.245	-53165.79	-102591.18	-17893.934999999998	0.0	0.0	0.0	0.0	0.0	0.0	0.0	0.0	0.0	0.0	0.0	0.0	0.0	0.0	145.51724137931038	0.0	0.03564444	-0.092834235	1.01232651	1.38866	0.9156	0.7019599999999999	3192081.0	1776544773.925211	0.0	1.0	-1.0	-1.0	-1.0	-1.0	-1.0	-1.0	-1.0	-1.0	0.0	marker	opened-hand	Open	11	0418
-66591.045	-53169.704999999994	-102581.14499999999	-17878.23	0.0	0.0	0.0	0.0	0.0	0.0	0.0	0.0	0.0	0.0	0.0	0.0	0.0	0.0	145.51724137931038	0.0	0.03564444	-0.092834235	1.01232651	1.38866	0.9156	0.7019599999999999	3192082.0	1776544773.931004	0.0	1.0	-1.0	-1.0	-1.0	-1.0	-1.0	-1.0	-1.0	-1.0	0.0	marker	opened-hand	Open	11	0418
-66539.79	-53171.64	-102507.345	-17810.46	0.0	0.0	0.0	0.0	0.0	0.0	0.0	0.0	0.0	0.0	0.0	0.0	0.0	0.0	145.51724137931038	0.0	0.03564444	-0.092834235	1.01232651	1.38866	0.9156	0.7019599999999999	3192083.0	1776544773.931011	0.0	1.0	-1.0	-1.0	-1.0	-1.0	-1.0	-1.0	-1.0	-1.0	0.0	marker	opened-hand	Open	11	0418
-66496.545	-53188.11	-102455.415	-17743.59	0.0	0.0	0.0	0.0	0.0	0.0	0.0	0.0	0.0	0.0	0.0	0.0	0.0	0.0	145.51724137931038	0.0	0.03161613	-0.09716772	1.01183823	2.88414	0.7019599999999999	0.35097999999999996	3192084.0	1776544773.933346	0.0	1.0	-1.0	-1.0	-1.0	-1.0	-1.0	-1.0	-1.0	-1.0	0.0	marker	opened-hand	Open	11	0418
-66590.28	-53201.79	-102562.11	-17861.535	0.0	0.0	0.0	0.0	0.0	0.0	0.0	0.0	0.0	0.0	0.0	0.0	0.0	0.0	145.51724137931038	0.0	0.03161613	-0.09716772	1.01183823	2.88414	0.7019599999999999	0.35097999999999996	3192085.0	1776544773.933351	0.0	1.0	-1.0	-1.0	-1.0	-1.0	-1.0	-1.0	-1.0	-1.0	0.0	marker	opened-hand	Open	11	0418
-66576.915	-53194.275	-102531.42	-17843.715	0.0	0.0	0.0	0.0	0.0	0.0	0.0	0.0	0.0	0.0	0.0	0.0	0.0	0.0	145.51724137931038	0.0	0.03161613	-0.09716772	1.01183823	2.88414	0.7019599999999999	0.35097999999999996	3192086.0	1776544773.937283	0.0	1.0	-1.0	-1.0	-1.0	-1.0	-1.0	-1.0	-1.0	-1.0	0.0	marker	opened-hand	Open	11	0418
-66458.52	-53174.835	-102479.94	-17798.805	0.0	0.0	0.0	0.0	0.0	0.0	0.0	0.0	0.0	0.0	0.0	0.0	0.0	0.0	145.51724137931038	0.0	0.03161613	-0.09716772	1.01183823	2.88414	0.7019599999999999	0.35097999999999996	3192087.0	1776544773.937287	0.0	1.0	-1.0	-1.0	-1.0	-1.0	-1.0	-1.0	-1.0	-1.0	0.0	marker	opened-hand	Open	11	0418
-66488.13	-53164.439999999995	-102481.245	-17786.475	0.0	0.0	0.0	0.0	0.0	0.0	0.0	0.0	0.0	0.0	0.0	0.0	0.0	0.0	145.51724137931038	0.0	0.03161613	-0.09716772	1.01183823	2.88414	0.7019599999999999	0.35097999999999996	3192088.0	1776544773.941352	0.0	1.0	-1.0	-1.0	-1.0	-1.0	-1.0	-1.0	-1.0	-1.0	0.0	marker	opened-hand	Open	11	0418
-66573.09	-53163.765	-102485.83499999999	-17788.364999999998	0.0	0.0	0.0	0.0	0.0	0.0	0.0	0.0	0.0	0.0	0.0	0.0	0.0	0.0	145.51724137931038	0.0	0.03161613	-0.09716772	1.01183823	2.88414	0.7019599999999999	0.35097999999999996	3192089.0	1776544773.941356	0.0	1.0	-1.0	-1.0	-1.0	-1.0	-1.0	-1.0	-1.0	-1.0	0.0	marker	opened-hand	Open	11	0418
-66539.34	-53158.275	-102486.95999999999	-17772.93	0.0	0.0	0.0	0.0	0.0	0.0	0.0	0.0	0.0	0.0	0.0	0.0	0.0	0.0	145.51724137931038	0.0	0.03161613	-0.09716772	1.01183823	2.88414	0.7019599999999999	0.35097999999999996	3192090.0	1776544773.945422	0.0	1.0	-1.0	-1.0	-1.0	-1.0	-1.0	-1.0	-1.0	-1.0	0.0	marker	opened-hand	Open	11	0418
-66411.495	-53155.755	-102394.17	-17713.125	0.0	0.0	0.0	0.0	0.0	0.0	0.0	0.0	0.0	0.0	0.0	0.0	0.0	0.0	145.51724137931038	0.0	0.03161613	-0.09716772	1.01183823	2.88414	0.7019599999999999	0.35097999999999996	3192091.0	1776544773.945426	0.0	1.0	-1.0	-1.0	-1.0	-1.0	-1.0	-1.0	-1.0	-1.0	0.0	marker	opened-hand	Open	11	0418
-66307.545	-53160.615	-102311.64	-17615.79	0.0	0.0	0.0	0.0	0.0	0.0	0.0	0.0	0.0	0.0	0.0	0.0	0.0	0.0	145.51724137931038	0.0	0.03161613	-0.09716772	1.01183823	2.88414	0.7019599999999999	0.35097999999999996	3192092.0	1776544773.949389	0.0	1.0	-1.0	-1.0	-1.0	-1.0	-1.0	-1.0	-1.0	-1.0	0.0	marker	opened-hand	Open	11	0418
-66477.78	-53172.0	-102401.28	-17759.295	0.0	0.0	0.0	0.0	0.0	0.0	0.0	0.0	0.0	0.0	0.0	0.0	0.0	0.0	145.51724137931038	0.0	0.03161613	-0.09716772	1.01183823	2.88414	0.7019599999999999	0.35097999999999996	3192093.0	1776544773.949405	0.0	1.0	-1.0	-1.0	-1.0	-1.0	-1.0	-1.0	-1.0	-1.0	0.0	marker	opened-hand	Open	11	0418
-66474.72	-53182.17	-102392.415	-17740.89	0.0	0.0	0.0	0.0	0.0	0.0	0.0	0.0	0.0	0.0	0.0	0.0	0.0	0.0	145.51724137931038	0.0	0.033752355	-0.099303945	1.015317225	2.86888	0.24416	0.25942	3192094.0	1776544773.953362	0.0	1.0	-1.0	-1.0	-1.0	-1.0	-1.0	-1.0	-1.0	-1.0	0.0	marker	opened-hand	Open	11	0418
-66482.415	-53182.575	-102462.25499999999	-17724.195	0.0	0.0	0.0	0.0	0.0	0.0	0.0	0.0	0.0	0.0	0.0	0.0	0.0	0.0	145.51724137931038	0.0	0.033752355	-0.099303945	1.015317225	2.86888	0.24416	0.25942	3192095.0	1776544773.953366	0.0	1.0	-1.0	-1.0	-1.0	-1.0	-1.0	-1.0	-1.0	-1.0	0.0	marker	opened-hand	Open	11	0418
-66555.72	-53176.5	-102519.495	-17780.175	0.0	0.0	0.0	0.0	0.0	0.0	0.0	0.0	0.0	0.0	0.0	0.0	0.0	0.0	145.51724137931038	0.0	0.033752355	-0.099303945	1.015317225	2.86888	0.24416	0.25942	3192096.0	1776544773.957386	0.0	1.0	-1.0	-1.0	-1.0	-1.0	-1.0	-1.0	-1.0	-1.0	0.0	marker	opened-hand	Open	11	0418
-66640.095	-53171.64	-102600.405	-17907.975	0.0	0.0	0.0	0.0	0.0	0.0	0.0	0.0	0.0	0.0	0.0	0.0	0.0	0.0	145.51724137931038	0.0	0.033752355	-0.099303945	1.015317225	2.86888	0.24416	0.25942	3192097.0	1776544773.957392	0.0	1.0	-1.0	-1.0	-1.0	-1.0	-1.0	-1.0	-1.0	-1.0	0.0	marker	opened-hand	Open	11	0418
-66540.87	-53163.674999999996	-102551.58	-17873.235	0.0	0.0	0.0	0.0	0.0	0.0	0.0	0.0	0.0	0.0	0.0	0.0	0.0	0.0	145.51724137931038	0.0	0.033752355	-0.099303945	1.015317225	2.86888	0.24416	0.25942	3192098.0	1776544773.961354	0.0	1.0	-1.0	-1.0	-1.0	-1.0	-1.0	-1.0	-1.0	-1.0	0.0	marker	opened-hand	Open	11	0418
-66480.48	-53147.07	-102439.125	-17742.555	0.0	0.0	0.0	0.0	0.0	0.0	0.0	0.0	0.0	0.0	0.0	0.0	0.0	0.0	145.51724137931038	0.0	0.033752355	-0.099303945	1.015317225	2.86888	0.24416	0.25942	3192099.0	1776544773.961363	0.0	1.0	-1.0	-1.0	-1.0	-1.0	-1.0	-1.0	-1.0	-1.0	0.0	marker	opened-hand	Open	11	0418
-66529.08	-53146.575	-102404.06999999999	-17710.785	0.0	0.0	0.0	0.0	0.0	0.0	0.0	0.0	0.0	0.0	0.0	0.0	0.0	0.0	145.51724137931038	0.0	0.033752355	-0.099303945	1.015317225	2.86888	0.24416	0.25942	3192100.0	1776544773.967638	0.0	1.0	-1.0	-1.0	-1.0	-1.0	-1.0	-1.0	-1.0	-1.0	0.0	marker	opened-hand	Open	11	0418
-66511.575	-53151.525	-102415.14	-17757.0	0.0	0.0	0.0	0.0	0.0	0.0	0.0	0.0	0.0	0.0	0.0	0.0	0.0	0.0	145.51724137931038	0.0	0.033752355	-0.099303945	1.015317225	2.86888	0.24416	0.25942	3192101.0	1776544773.967648	0.0	1.0	-1.0	-1.0	-1.0	-1.0	-1.0	-1.0	-1.0	-1.0	0.0	marker	opened-hand	Open	11	0418
-66479.805	-53156.97	-102411.09	-17789.579999999998	0.0	0.0	0.0	0.0	0.0	0.0	0.0	0.0	0.0	0.0	0.0	0.0	0.0	0.0	145.51724137931038	0.0	0.033752355	-0.099303945	1.015317225	2.86888	0.24416	0.25942	3192102.0	1776544773.970772	0.0	1.0	-1.0	-1.0	-1.0	-1.0	-1.0	-1.0	-1.0	-1.0	0.0	marker	opened-hand	Open	11	0418
-66451.995	-53149.275	-102422.47499999999	-17756.954999999998	0.0	0.0	0.0	0.0	0.0	0.0	0.0	0.0	0.0	0.0	0.0	0.0	0.0	0.0	145.51724137931038	0.0	0.033752355	-0.099303945	1.015317225	2.86888	0.24416	0.25942	3192103.0	1776544773.970787	0.0	1.0	-1.0	-1.0	-1.0	-1.0	-1.0	-1.0	-1.0	-1.0	0.0	marker	opened-hand	Open	11	0418
-66484.17	-53143.244999999995	-102515.4	-17791.695	0.0	0.0	0.0	0.0	0.0	0.0	0.0	0.0	0.0	0.0	0.0	0.0	0.0	0.0	145.51724137931038	0.0	0.03124992	-0.10229466	1.01611068	3.8607799999999997	0.35097999999999996	-0.54936	3192104.0	1776544773.973772	0.0	1.0	-1.0	-1.0	-1.0	-1.0	-1.0	-1.0	-1.0	-1.0	0.0	marker	opened-hand	Open	11	0418
-66594.105	-53147.159999999996	-102598.245	-17876.969999999998	0.0	0.0	0.0	0.0	0.0	0.0	0.0	0.0	0.0	0.0	0.0	0.0	0.0	0.0	145.51724137931038	0.0	0.03124992	-0.10229466	1.01611068	3.8607799999999997	0.35097999999999996	-0.54936	3192105.0	1776544773.97378	0.0	1.0	-1.0	-1.0	-1.0	-1.0	-1.0	-1.0	-1.0	-1.0	0.0	marker	opened-hand	Open	11	0418
-66654.98999999999	-53152.38	-102702.33	-17980.155	0.0	0.0	0.0	0.0	0.0	0.0	0.0	0.0	0.0	0.0	0.0	0.0	0.0	0.0	145.51724137931038	0.0	0.03124992	-0.10229466	1.01611068	3.8607799999999997	0.35097999999999996	-0.54936	3192106.0	1776544773.980605	0.0	1.0	-1.0	-1.0	-1.0	-1.0	-1.0	-1.0	-1.0	-1.0	0.0	marker	opened-hand	Open	11	0418
-66631.77	-53150.22	-102670.11	-17949.465	0.0	0.0	0.0	0.0	0.0	0.0	0.0	0.0	0.0	0.0	0.0	0.0	0.0	0.0	145.51724137931038	0.0	0.03124992	-0.10229466	1.01611068	3.8607799999999997	0.35097999999999996	-0.54936	3192107.0	1776544773.980621	0.0	1.0	-1.0	-1.0	-1.0	-1.0	-1.0	-1.0	-1.0	-1.0	0.0	marker	opened-hand	Open	11	0418
-66534.39	-53138.25	-102510.9	-17807.04	0.0	0.0	0.0	0.0	0.0	0.0	0.0	0.0	0.0	0.0	0.0	0.0	0.0	0.0	145.51724137931038	0.0	0.03124992	-0.10229466	1.01611068	3.8607799999999997	0.35097999999999996	-0.54936	3192108.0	1776544773.981881	0.0	1.0	-1.0	-1.0	-1.0	-1.0	-1.0	-1.0	-1.0	-1.0	0.0	marker	opened-hand	Open	11	0418
-66504.78	-53134.515	-102470.44499999999	-17788.59	0.0	0.0	0.0	0.0	0.0	0.0	0.0	0.0	0.0	0.0	0.0	0.0	0.0	0.0	145.51724137931038	0.0	0.03124992	-0.10229466	1.01611068	3.8607799999999997	0.35097999999999996	-0.54936	3192109.0	1776544773.981896	0.0	1.0	-1.0	-1.0	-1.0	-1.0	-1.0	-1.0	-1.0	-1.0	0.0	marker	opened-hand	Open	11	0418
-66502.98	-53136.225	-102468.465	-17773.38	0.0	0.0	0.0	0.0	0.0	0.0	0.0	0.0	0.0	0.0	0.0	0.0	0.0	0.0	145.51724137931038	0.0	0.03124992	-0.10229466	1.01611068	3.8607799999999997	0.35097999999999996	-0.54936	3192110.0	1776544773.985572	0.0	1.0	-1.0	-1.0	-1.0	-1.0	-1.0	-1.0	-1.0	-1.0	0.0	marker	opened-hand	Open	11	0418
-66616.02	-53149.365	-102613.59	-17903.07	0.0	0.0	0.0	0.0	0.0	0.0	0.0	0.0	0.0	0.0	0.0	0.0	0.0	0.0	145.51724137931038	0.0	0.03124992	-0.10229466	1.01611068	3.8607799999999997	0.35097999999999996	-0.54936	3192111.0	1776544773.985587	0.0	1.0	-1.0	-1.0	-1.0	-1.0	-1.0	-1.0	-1.0	-1.0	0.0	marker	opened-hand	Open	11	0418
-66587.44499999999	-53146.53	-102585.19499999999	-17872.2	0.0	0.0	0.0	0.0	0.0	0.0	0.0	0.0	0.0	0.0	0.0	0.0	0.0	0.0	145.51724137931038	0.0	0.03124992	-0.10229466	1.01611068	3.8607799999999997	0.35097999999999996	-0.54936	3192112.0	1776544773.991223	0.0	1.0	-1.0	-1.0	-1.0	-1.0	-1.0	-1.0	-1.0	-1.0	0.0	marker	opened-hand	Open	11	0418
-66441.33	-53130.104999999996	-102420.72	-17716.184999999998	0.0	0.0	0.0	0.0	0.0	0.0	0.0	0.0	0.0	0.0	0.0	0.0	0.0	0.0	145.51724137931038	0.0	0.03124992	-0.10229466	1.01611068	3.8607799999999997	0.35097999999999996	-0.54936	3192113.0	1776544773.991238	0.0	1.0	-1.0	-1.0	-1.0	-1.0	-1.0	-1.0	-1.0	-1.0	0.0	marker	opened-hand	Open	11	0418
-66510.27	-53127.27	-102452.04	-17782.695	0.0	0.0	0.0	0.0	0.0	0.0	0.0	0.0	0.0	0.0	0.0	0.0	0.0	0.0	145.51724137931038	0.0	0.03161613	-0.10577365500000001	1.016415855	4.28806	0.07629999999999999	-1.03768	3192114.0	1776544773.995083	0.0	1.0	-1.0	-1.0	-1.0	-1.0	-1.0	-1.0	-1.0	-1.0	0.0	marker	opened-hand	Open	11	0418
-66568.455	-53134.875	-102512.295	-17854.515	0.0	0.0	0.0	0.0	0.0	0.0	0.0	0.0	0.0	0.0	0.0	0.0	0.0	0.0	145.51724137931038	0.0	0.03161613	-0.10577365500000001	1.016415855	4.28806	0.07629999999999999	-1.03768	3192115.0	1776544773.995098	0.0	1.0	-1.0	-1.0	-1.0	-1.0	-1.0	-1.0	-1.0	-1.0	0.0	marker	opened-hand	Open	11	0418
-66498.39	-53128.799999999996	-102486.105	-17792.19	0.0	0.0	0.0	0.0	0.0	0.0	0.0	0.0	0.0	0.0	0.0	0.0	0.0	0.0	145.51724137931038	0.0	0.03161613	-0.10577365500000001	1.016415855	4.28806	0.07629999999999999	-1.03768	3192116.0	1776544773.99759	0.0	1.0	-1.0	-1.0	-1.0	-1.0	-1.0	-1.0	-1.0	-1.0	0.0	marker	opened-hand	Open	11	0418
-66533.76	-53127.945	-102474.62999999999	-17765.64	0.0	0.0	0.0	0.0	0.0	0.0	0.0	0.0	0.0	0.0	0.0	0.0	0.0	0.0	145.51724137931038	0.0	0.03161613	-0.10577365500000001	1.016415855	4.28806	0.07629999999999999	-1.03768	3192117.0	1776544773.997605	0.0	1.0	-1.0	-1.0	-1.0	-1.0	-1.0	-1.0	-1.0	-1.0	0.0	marker	opened-hand	Open	11	0418
-66535.2	-53130.869999999995	-102473.37	-17774.505	0.0	0.0	0.0	0.0	0.0	0.0	0.0	0.0	0.0	0.0	0.0	0.0	0.0	0.0	145.51724137931038	0.0	0.03161613	-0.10577365500000001	1.016415855	4.28806	0.07629999999999999	-1.03768	3192118.0	1776544774.002089	0.0	1.0	-1.0	-1.0	-1.0	-1.0	-1.0	-1.0	-1.0	-1.0	0.0	marker	opened-hand	Open	11	0418
-66558.95999999999	-53132.4	-102514.40999999999	-17823.42	0.0	0.0	0.0	0.0	0.0	0.0	0.0	0.0	0.0	0.0	0.0	0.0	0.0	0.0	145.51724137931038	0.0	0.03161613	-0.10577365500000001	1.016415855	4.28806	0.07629999999999999	-1.03768	3192119.0	1776544774.002104	0.0	1.0	-1.0	-1.0	-1.0	-1.0	-1.0	-1.0	-1.0	-1.0	0.0	marker	opened-hand	Open	11	0418
-66500.775	-53113.77	-102423.23999999999	-17748.855	0.0	0.0	0.0	0.0	0.0	0.0	0.0	0.0	0.0	0.0	0.0	0.0	0.0	0.0	145.51724137931038	0.0	0.03161613	-0.10577365500000001	1.016415855	4.28806	0.07629999999999999	-1.03768	3192120.0	1776544774.012268	0.0	1.0	-1.0	-1.0	-1.0	-1.0	-1.0	-1.0	-1.0	-1.0	0.0	marker	opened-hand	Open	11	0418
-66460.005	-53098.92	-102339.98999999999	-17714.34	0.0	0.0	0.0	0.0	0.0	0.0	0.0	0.0	0.0	0.0	0.0	0.0	0.0	0.0	145.51724137931038	0.0	0.03161613	-0.10577365500000001	1.016415855	4.28806	0.07629999999999999	-1.03768	3192121.0	1776544774.012273	0.0	1.0	-1.0	-1.0	-1.0	-1.0	-1.0	-1.0	-1.0	-1.0	0.0	marker	opened-hand	Open	11	0418
-66527.955	-53109.225	-102432.735	-17778.329999999998	0.0	0.0	0.0	0.0	0.0	0.0	0.0	0.0	0.0	0.0	0.0	0.0	0.0	0.0	145.51724137931038	0.0	0.03161613	-0.10577365500000001	1.016415855	4.28806	0.07629999999999999	-1.03768	3192122.0	1776544774.012279	0.0	1.0	-1.0	-1.0	-1.0	-1.0	-1.0	-1.0	-1.0	-1.0	0.0	marker	opened-hand	Open	11	0418
-66499.605	-53119.215	-102490.155	-17755.739999999998	0.0	0.0	0.0	0.0	0.0	0.0	0.0	0.0	0.0	0.0	0.0	0.0	0.0	0.0	145.51724137931038	0.0	0.03161613	-0.10577365500000001	1.016415855	4.28806	0.07629999999999999	-1.03768	3192123.0	1776544774.012283	0.0	1.0	-1.0	-1.0	-1.0	-1.0	-1.0	-1.0	-1.0	-1.0	0.0	marker	opened-hand	Open	11	0418
-66535.65	-53141.31	-102583.17	-17836.335	0.0	0.0	0.0	0.0	0.0	0.0	0.0	0.0	0.0	0.0	0.0	0.0	0.0	0.0	145.51724137931038	0.0	0.028869555	-0.10546848	1.015195155	4.66956	0.0	-1.46496	3192124.0	1776544774.109177	0.0	1.0	-1.0	-1.0	-1.0	-1.0	-1.0	-1.0	-1.0	-1.0	0.0	marker	opened-hand	Open	11	0418
-66548.83499999999	-53157.689999999995	-102579.48	-17872.739999999998	0.0	0.0	0.0	0.0	0.0	0.0	0.0	0.0	0.0	0.0	0.0	0.0	0.0	0.0	145.51724137931038	0.0	0.028869555	-0.10546848	1.015195155	4.66956	0.0	-1.46496	3192125.0	1776544774.109212	0.0	1.0	-1.0	-1.0	-1.0	-1.0	-1.0	-1.0	-1.0	-1.0	0.0	marker	opened-hand	Open	11	0418
-66506.44499999999	-53161.47	-102501.09	-17801.01	0.0	0.0	0.0	0.0	0.0	0.0	0.0	0.0	0.0	0.0	0.0	0.0	0.0	0.0	145.51724137931038	0.0	0.028869555	-0.10546848	1.015195155	4.66956	0.0	-1.46496	3192126.0	1776544774.109243	0.0	1.0	-1.0	-1.0	-1.0	-1.0	-1.0	-1.0	-1.0	-1.0	0.0	marker	opened-hand	Open	11	0418
-66461.08499999999	-53161.74	-102463.065	-17746.605	0.0	0.0	0.0	0.0	0.0	0.0	0.0	0.0	0.0	0.0	0.0	0.0	0.0	0.0	145.51724137931038	0.0	0.028869555	-0.10546848	1.015195155	4.66956	0.0	-1.46496	3192127.0	1776544774.109253	0.0	1.0	-1.0	-1.0	-1.0	-1.0	-1.0	-1.0	-1.0	-1.0	0.0	marker	opened-hand	Open	11	0418
-66518.415	-53166.869999999995	-102511.98	-17809.29	0.0	0.0	0.0	0.0	0.0	0.0	0.0	0.0	0.0	0.0	0.0	0.0	0.0	0.0	145.51724137931038	0.0	0.028869555	-0.10546848	1.015195155	4.66956	0.0	-1.46496	3192128.0	1776544774.11147	0.0	1.0	-1.0	-1.0	-1.0	-1.0	-1.0	-1.0	-1.0	-1.0	0.0	marker	opened-hand	Open	11	0418
-66601.215	-53163.45	-102573.18	-17897.04	0.0	0.0	0.0	0.0	0.0	0.0	0.0	0.0	0.0	0.0	0.0	0.0	0.0	0.0	145.51724137931038	0.0	0.028869555	-0.10546848	1.015195155	4.66956	0.0	-1.46496	3192129.0	1776544774.111488	0.0	1.0	-1.0	-1.0	-1.0	-1.0	-1.0	-1.0	-1.0	-1.0	0.0	marker	opened-hand	Open	11	0418
-66601.34999999999	-53151.255	-102584.205	-17902.665	0.0	0.0	0.0	0.0	0.0	0.0	0.0	0.0	0.0	0.0	0.0	0.0	0.0	0.0	145.51724137931038	0.0	0.028869555	-0.10546848	1.015195155	4.66956	0.0	-1.46496	3192130.0	1776544774.111606	0.0	1.0	-1.0	-1.0	-1.0	-1.0	-1.0	-1.0	-1.0	-1.0	0.0	marker	opened-hand	Open	11	0418
-66571.33499999999	-53145.09	-102556.75499999999	-17850.825	0.0	0.0	0.0	0.0	0.0	0.0	0.0	0.0	0.0	0.0	0.0	0.0	0.0	0.0	145.51724137931038	0.0	0.028869555	-0.10546848	1.015195155	4.66956	0.0	-1.46496	3192131.0	1776544774.111616	0.0	1.0	-1.0	-1.0	-1.0	-1.0	-1.0	-1.0	-1.0	-1.0	0.0	marker	opened-hand	Open	11	0418
-66587.44499999999	-53152.244999999995	-102524.89499999999	-17812.215	0.0	0.0	0.0	0.0	0.0	0.0	0.0	0.0	0.0	0.0	0.0	0.0	0.0	0.0	145.51724137931038	0.0	0.028869555	-0.10546848	1.015195155	4.66956	0.0	-1.46496	3192132.0	1776544774.11163	0.0	1.0	-1.0	-1.0	-1.0	-1.0	-1.0	-1.0	-1.0	-1.0	0.0	marker	opened-hand	Open	11	0418
-66517.11	-53163.945	-102502.665	-17797.41	0.0	0.0	0.0	0.0	0.0	0.0	0.0	0.0	0.0	0.0	0.0	0.0	0.0	0.0	145.51724137931038	0.0	0.028869555	-0.10546848	1.015195155	4.66956	0.0	-1.46496	3192133.0	1776544774.111639	0.0	1.0	-1.0	-1.0	-1.0	-1.0	-1.0	-1.0	-1.0	-1.0	0.0	marker	opened-hand	Open	11	0418
-66518.55	-53174.295	-102519.26999999999	-17807.085	0.0	0.0	0.0	0.0	0.0	0.0	0.0	0.0	0.0	0.0	0.0	0.0	0.0	0.0	145.51724137931038	0.0	0.032775795	-0.09814428	1.013181	3.02148	0.06104	-1.15976	3192134.0	1776544774.11165	0.0	1.0	-1.0	-1.0	-1.0	-1.0	-1.0	-1.0	-1.0	-1.0	0.0	marker	opened-hand	Open	11	0418
-66579.03	-53169.075	-102537.9	-17829.63	0.0	0.0	0.0	0.0	0.0	0.0	0.0	0.0	0.0	0.0	0.0	0.0	0.0	0.0	145.51724137931038	0.0	0.032775795	-0.09814428	1.013181	3.02148	0.06104	-1.15976	3192135.0	1776544774.111659	0.0	1.0	-1.0	-1.0	-1.0	-1.0	-1.0	-1.0	-1.0	-1.0	0.0	marker	opened-hand	Open	11	0418
-66515.805	-53151.884999999995	-102471.97499999999	-17782.02	0.0	0.0	0.0	0.0	0.0	0.0	0.0	0.0	0.0	0.0	0.0	0.0	0.0	0.0	145.51724137931038	0.0	0.032775795	-0.09814428	1.013181	3.02148	0.06104	-1.15976	3192136.0	1776544774.111671	0.0	1.0	-1.0	-1.0	-1.0	-1.0	-1.0	-1.0	-1.0	-1.0	0.0	marker	opened-hand	Open	11	0418
-66420.0	-53140.365	-102351.735	-17668.62	0.0	0.0	0.0	0.0	0.0	0.0	0.0	0.0	0.0	0.0	0.0	0.0	0.0	0.0	145.51724137931038	0.0	0.032775795	-0.09814428	1.013181	3.02148	0.06104	-1.15976	3192137.0	1776544774.111679	0.0	1.0	-1.0	-1.0	-1.0	-1.0	-1.0	-1.0	-1.0	-1.0	0.0	marker	opened-hand	Open	11	0418
-66382.785	-53137.619999999995	-102267.765	-17604.945	0.0	0.0	0.0	0.0	0.0	0.0	0.0	0.0	0.0	0.0	0.0	0.0	0.0	0.0	145.51724137931038	0.0	0.032775795	-0.09814428	1.013181	3.02148	0.06104	-1.15976	3192138.0	1776544774.11169	0.0	1.0	-1.0	-1.0	-1.0	-1.0	-1.0	-1.0	-1.0	-1.0	0.0	marker	opened-hand	Open	11	0418
-66407.805	-53141.805	-102268.8	-17623.44	0.0	0.0	0.0	0.0	0.0	0.0	0.0	0.0	0.0	0.0	0.0	0.0	0.0	0.0	145.51724137931038	0.0	0.032775795	-0.09814428	1.013181	3.02148	0.06104	-1.15976	3192139.0	1776544774.111699	0.0	1.0	-1.0	-1.0	-1.0	-1.0	-1.0	-1.0	-1.0	-1.0	0.0	marker	opened-hand	Open	11	0418
-66514.77	-53155.53	-102423.59999999999	-17739.36	0.0	0.0	0.0	0.0	0.0	0.0	0.0	0.0	0.0	0.0	0.0	0.0	0.0	0.0	145.51724137931038	0.0	0.032775795	-0.09814428	1.013181	3.02148	0.06104	-1.15976	3192140.0	1776544774.111709	0.0	1.0	-1.0	-1.0	-1.0	-1.0	-1.0	-1.0	-1.0	-1.0	0.0	marker	opened-hand	Open	11	0418
-66680.81999999999	-53176.634999999995	-102706.965	-18011.969999999998	0.0	0.0	0.0	0.0	0.0	0.0	0.0	0.0	0.0	0.0	0.0	0.0	0.0	0.0	145.51724137931038	0.0	0.032775795	-0.09814428	1.013181	3.02148	0.06104	-1.15976	3192141.0	1776544774.111718	0.0	1.0	-1.0	-1.0	-1.0	-1.0	-1.0	-1.0	-1.0	-1.0	0.0	marker	opened-hand	Open	11	0418
-66559.31999999999	-53174.79	-102600.58499999999	-17894.204999999998	0.0	0.0	0.0	0.0	0.0	0.0	0.0	0.0	0.0	0.0	0.0	0.0	0.0	0.0	145.51724137931038	0.0	0.032775795	-0.09814428	1.013181	3.02148	0.06104	-1.15976	3192142.0	1776544774.111728	0.0	1.0	-1.0	-1.0	-1.0	-1.0	-1.0	-1.0	-1.0	-1.0	0.0	marker	opened-hand	Open	11	0418
-66243.915	-53160.84	-102262.59	-17595.63	0.0	0.0	0.0	0.0	0.0	0.0	0.0	0.0	0.0	0.0	0.0	0.0	0.0	0.0	145.51724137931038	0.0	0.032775795	-0.09814428	1.013181	3.02148	0.06104	-1.15976	3192143.0	1776544774.111737	0.0	1.0	-1.0	-1.0	-1.0	-1.0	-1.0	-1.0	-1.0	-1.0	0.0	marker	opened-hand	Open	11	0418
-66390.345	-53100.134999999995	-102362.355	-17668.89	0.0	0.0	0.0	0.0	0.0	0.0	0.0	0.0	0.0	0.0	0.0	0.0	0.0	0.0	145.51724137931038	0.0	0.035339265	-0.09252906	1.01257065	2.6857599999999997	0.59514	-0.57988	3192144.0	1776544774.111747	0.0	1.0	-1.0	-1.0	-1.0	-1.0	-1.0	-1.0	-1.0	-1.0	0.0	marker	opened-hand	Open	11	0418
-66668.895	-53057.43	-102627.045	-17904.6	0.0	0.0	0.0	0.0	0.0	0.0	0.0	0.0	0.0	0.0	0.0	0.0	0.0	0.0	145.51724137931038	0.0	0.035339265	-0.09252906	1.01257065	2.6857599999999997	0.59514	-0.57988	3192145.0	1776544774.111756	0.0	1.0	-1.0	-1.0	-1.0	-1.0	-1.0	-1.0	-1.0	-1.0	0.0	marker	opened-hand	Open	11	0418
-66592.44	-53049.195	-102596.44499999999	-17886.329999999998	0.0	0.0	0.0	0.0	0.0	0.0	0.0	0.0	0.0	0.0	0.0	0.0	0.0	0.0	145.51724137931038	0.0	0.035339265	-0.09252906	1.01257065	2.6857599999999997	0.59514	-0.57988	3192146.0	1776544774.111766	0.0	1.0	-1.0	-1.0	-1.0	-1.0	-1.0	-1.0	-1.0	-1.0	0.0	marker	opened-hand	Open	11	0418
-66582.18	-53045.189999999995	-102568.5	-17863.02	0.0	0.0	0.0	0.0	0.0	0.0	0.0	0.0	0.0	0.0	0.0	0.0	0.0	0.0	145.51724137931038	0.0	0.035339265	-0.09252906	1.01257065	2.6857599999999997	0.59514	-0.57988	3192147.0	1776544774.111775	0.0	1.0	-1.0	-1.0	-1.0	-1.0	-1.0	-1.0	-1.0	-1.0	0.0	marker	opened-hand	Open	11	0418
-66647.52	-53046.854999999996	-102591.405	-17873.954999999998	0.0	0.0	0.0	0.0	0.0	0.0	0.0	0.0	0.0	0.0	0.0	0.0	0.0	0.0	145.51724137931038	0.0	0.035339265	-0.09252906	1.01257065	2.6857599999999997	0.59514	-0.57988	3192148.0	1776544774.111785	0.0	1.0	-1.0	-1.0	-1.0	-1.0	-1.0	-1.0	-1.0	-1.0	0.0	marker	opened-hand	Open	11	0418
-66645.63	-53047.53	-102613.36499999999	-17891.82	0.0	0.0	0.0	0.0	0.0	0.0	0.0	0.0	0.0	0.0	0.0	0.0	0.0	0.0	145.51724137931038	0.0	0.035339265	-0.09252906	1.01257065	2.6857599999999997	0.59514	-0.57988	3192149.0	1776544774.111794	0.0	1.0	-1.0	-1.0	-1.0	-1.0	-1.0	-1.0	-1.0	-1.0	0.0	marker	opened-hand	Open	11	0418
-66593.295	-53052.57	-102584.83499999999	-17875.215	0.0	0.0	0.0	0.0	0.0	0.0	0.0	0.0	0.0	0.0	0.0	0.0	0.0	0.0	145.51724137931038	0.0	0.035339265	-0.09252906	1.01257065	2.6857599999999997	0.59514	-0.57988	3192150.0	1776544774.111805	0.0	1.0	-1.0	-1.0	-1.0	-1.0	-1.0	-1.0	-1.0	-1.0	0.0	marker	opened-hand	Open	11	0418
-66546.405	-53055.314999999995	-102561.705	-17862.57	0.0	0.0	0.0	0.0	0.0	0.0	0.0	0.0	0.0	0.0	0.0	0.0	0.0	0.0	145.51724137931038	0.0	0.035339265	-0.09252906	1.01257065	2.6857599999999997	0.59514	-0.57988	3192151.0	1776544774.111813	0.0	1.0	-1.0	-1.0	-1.0	-1.0	-1.0	-1.0	-1.0	-1.0	0.0	marker	opened-hand	Open	11	0418
-66518.37	-53044.064999999995	-102511.17	-17799.255	0.0	0.0	0.0	0.0	0.0	0.0	0.0	0.0	0.0	0.0	0.0	0.0	0.0	0.0	145.51724137931038	0.0	0.035339265	-0.09252906	1.01257065	2.6857599999999997	0.59514	-0.57988	3192152.0	1776544774.111825	0.0	1.0	-1.0	-1.0	-1.0	-1.0	-1.0	-1.0	-1.0	-1.0	0.0	marker	opened-hand	Open	11	0418
-66577.545	-53041.185	-102571.29	-17862.704999999998	0.0	0.0	0.0	0.0	0.0	0.0	0.0	0.0	0.0	0.0	0.0	0.0	0.0	0.0	145.51724137931038	0.0	0.035339265	-0.09252906	1.01257065	2.6857599999999997	0.59514	-0.57988	3192153.0	1776544774.111833	0.0	1.0	-1.0	-1.0	-1.0	-1.0	-1.0	-1.0	-1.0	-1.0	0.0	marker	opened-hand	Open	11	0418
-66581.55	-53039.115	-102565.34999999999	-17866.395	0.0	0.0	0.0	0.0	0.0	0.0	0.0	0.0	0.0	0.0	0.0	0.0	0.0	0.0	145.51724137931038	0.0	0.035949615	-0.096374265	1.01257065	3.52506	0.30519999999999997	-0.82404	3192154.0	1776544774.111843	0.0	1.0	-1.0	-1.0	-1.0	-1.0	-1.0	-1.0	-1.0	-1.0	0.0	marker	opened-hand	Open	11	0418
-66456.315	-53040.375	-102437.14499999999	-17767.215	0.0	0.0	0.0	0.0	0.0	0.0	0.0	0.0	0.0	0.0	0.0	0.0	0.0	0.0	145.51724137931038	0.0	0.035949615	-0.096374265	1.01257065	3.52506	0.30519999999999997	-0.82404	3192155.0	1776544774.111851	0.0	1.0	-1.0	-1.0	-1.0	-1.0	-1.0	-1.0	-1.0	-1.0	0.0	marker	opened-hand	Open	11	0418
-66343.14	-53041.454999999994	-102316.095	-17647.695	0.0	0.0	0.0	0.0	0.0	0.0	0.0	0.0	0.0	0.0	0.0	0.0	0.0	0.0	145.51724137931038	0.0	0.035949615	-0.096374265	1.01257065	3.52506	0.30519999999999997	-0.82404	3192156.0	1776544774.111863	0.0	1.0	-1.0	-1.0	-1.0	-1.0	-1.0	-1.0	-1.0	-1.0	0.0	marker	opened-hand	Open	11	0418
-66401.685	-53043.075	-102340.485	-17644.05	0.0	0.0	0.0	0.0	0.0	0.0	0.0	0.0	0.0	0.0	0.0	0.0	0.0	0.0	145.51724137931038	0.0	0.035949615	-0.096374265	1.01257065	3.52506	0.30519999999999997	-0.82404	3192157.0	1776544774.111872	0.0	1.0	-1.0	-1.0	-1.0	-1.0	-1.0	-1.0	-1.0	-1.0	0.0	marker	opened-hand	Open	11	0418
-66576.19499999999	-53055.585	-102477.69	-17782.065	0.0	0.0	0.0	0.0	0.0	0.0	0.0	0.0	0.0	0.0	0.0	0.0	0.0	0.0	145.51724137931038	0.0	0.035949615	-0.096374265	1.01257065	3.52506	0.30519999999999997	-0.82404	3192158.0	1776544774.111883	0.0	1.0	-1.0	-1.0	-1.0	-1.0	-1.0	-1.0	-1.0	-1.0	0.0	marker	opened-hand	Open	11	0418
-66424.14	-53046.54	-102370.905	-17685.765	0.0	0.0	0.0	0.0	0.0	0.0	0.0	0.0	0.0	0.0	0.0	0.0	0.0	0.0	145.51724137931038	0.0	0.035949615	-0.096374265	1.01257065	3.52506	0.30519999999999997	-0.82404	3192159.0	1776544774.111891	0.0	1.0	-1.0	-1.0	-1.0	-1.0	-1.0	-1.0	-1.0	-1.0	0.0	marker	opened-hand	Open	11	0418
-66375.315	-53034.795	-102350.43	-17646.165	0.0	0.0	0.0	0.0	0.0	0.0	0.0	0.0	0.0	0.0	0.0	0.0	0.0	0.0	145.51724137931038	0.0	0.035949615	-0.096374265	1.01257065	3.52506	0.30519999999999997	-0.82404	3192160.0	1776544774.111902	0.0	1.0	-1.0	-1.0	-1.0	-1.0	-1.0	-1.0	-1.0	-1.0	0.0	marker	opened-hand	Open	11	0418
-66555.855	-53031.6	-102548.34	-17801.774999999998	0.0	0.0	0.0	0.0	0.0	0.0	0.0	0.0	0.0	0.0	0.0	0.0	0.0	0.0	145.51724137931038	0.0	0.035949615	-0.096374265	1.01257065	3.52506	0.30519999999999997	-0.82404	3192161.0	1776544774.11191	0.0	1.0	-1.0	-1.0	-1.0	-1.0	-1.0	-1.0	-1.0	-1.0	0.0	marker	opened-hand	Open	11	0418
-66686.715	-53030.115	-102627.495	-17917.469999999998	0.0	0.0	0.0	0.0	0.0	0.0	0.0	0.0	0.0	0.0	0.0	0.0	0.0	0.0	145.51724137931038	0.0	0.035949615	-0.096374265	1.01257065	3.52506	0.30519999999999997	-0.82404	3192162.0	1776544774.111925	0.0	1.0	-1.0	-1.0	-1.0	-1.0	-1.0	-1.0	-1.0	-1.0	0.0	marker	opened-hand	Open	11	0418
-66623.08499999999	-53018.055	-102523.68	-17894.79	0.0	0.0	0.0	0.0	0.0	0.0	0.0	0.0	0.0	0.0	0.0	0.0	0.0	0.0	145.51724137931038	0.0	0.035949615	-0.096374265	1.01257065	3.52506	0.30519999999999997	-0.82404	3192163.0	1776544774.111933	0.0	1.0	-1.0	-1.0	-1.0	-1.0	-1.0	-1.0	-1.0	-1.0	0.0	marker	opened-hand	Open	11	0418
-66379.545	-53003.79	-102303.62999999999	-17660.97	0.0	0.0	0.0	0.0	0.0	0.0	0.0	0.0	0.0	0.0	0.0	0.0	0.0	0.0	145.51724137931038	0.0	0.0341796	-0.099426015	1.01183823	4.54748	0.59514	-1.0682	3192164.0	1776544774.111943	0.0	1.0	-1.0	-1.0	-1.0	-1.0	-1.0	-1.0	-1.0	-1.0	0.0	marker	opened-hand	Open	11	0418
-66343.23	-53003.564999999995	-102243.23999999999	-17602.605	0.0	0.0	0.0	0.0	0.0	0.0	0.0	0.0	0.0	0.0	0.0	0.0	0.0	0.0	145.51724137931038	0.0	0.0341796	-0.099426015	1.01183823	4.54748	0.59514	-1.0682	3192165.0	1776544774.111951	0.0	1.0	-1.0	-1.0	-1.0	-1.0	-1.0	-1.0	-1.0	-1.0	0.0	marker	opened-hand	Open	11	0418
-66641.355	-53032.814999999995	-102601.575	-17899.515	0.0	0.0	0.0	0.0	0.0	0.0	0.0	0.0	0.0	0.0	0.0	0.0	0.0	0.0	145.51724137931038	0.0	0.0341796	-0.099426015	1.01183823	4.54748	0.59514	-1.0682	3192166.0	1776544774.111965	0.0	1.0	-1.0	-1.0	-1.0	-1.0	-1.0	-1.0	-1.0	-1.0	0.0	marker	opened-hand	Open	11	0418
-66770.325	-53057.34	-102849.075	-18080.505	0.0	0.0	0.0	0.0	0.0	0.0	0.0	0.0	0.0	0.0	0.0	0.0	0.0	0.0	145.51724137931038	0.0	0.0341796	-0.099426015	1.01183823	4.54748	0.59514	-1.0682	3192167.0	1776544774.111973	0.0	1.0	-1.0	-1.0	-1.0	-1.0	-1.0	-1.0	-1.0	-1.0	0.0	marker	opened-hand	Open	11	0418
-66655.575	-53049.06	-102685.815	-17984.565	0.0	0.0	0.0	0.0	0.0	0.0	0.0	0.0	0.0	0.0	0.0	0.0	0.0	0.0	145.51724137931038	0.0	0.0341796	-0.099426015	1.01183823	4.54748	0.59514	-1.0682	3192168.0	1776544774.111984	0.0	1.0	-1.0	-1.0	-1.0	-1.0	-1.0	-1.0	-1.0	-1.0	0.0	marker	opened-hand	Open	11	0418
-66576.23999999999	-53028.54	-102528.72	-17876.16	0.0	0.0	0.0	0.0	0.0	0.0	0.0	0.0	0.0	0.0	0.0	0.0	0.0	0.0	145.51724137931038	0.0	0.0341796	-0.099426015	1.01183823	4.54748	0.59514	-1.0682	3192169.0	1776544774.111992	0.0	1.0	-1.0	-1.0	-1.0	-1.0	-1.0	-1.0	-1.0	-1.0	0.0	marker	opened-hand	Open	11	0418
-66529.215	-53010.45	-102490.245	-17817.03	0.0	0.0	0.0	0.0	0.0	0.0	0.0	0.0	0.0	0.0	0.0	0.0	0.0	0.0	145.51724137931038	0.0	0.0341796	-0.099426015	1.01183823	4.54748	0.59514	-1.0682	3192170.0	1776544774.112004	0.0	1.0	-1.0	-1.0	-1.0	-1.0	-1.0	-1.0	-1.0	-1.0	0.0	marker	opened-hand	Open	11	0418
-66533.4	-53000.055	-102549.87	-17807.265	0.0	0.0	0.0	0.0	0.0	0.0	0.0	0.0	0.0	0.0	0.0	0.0	0.0	0.0	145.51724137931038	0.0	0.0341796	-0.099426015	1.01183823	4.54748	0.59514	-1.0682	3192171.0	1776544774.112012	0.0	1.0	-1.0	-1.0	-1.0	-1.0	-1.0	-1.0	-1.0	-1.0	0.0	marker	opened-hand	Open	11	0418
-66594.645	-53045.145	-102581.19	-17855.864999999998	0.0	0.0	0.0	0.0	0.0	0.0	0.0	0.0	0.0	0.0	0.0	0.0	0.0	0.0	145.51724137931038	0.0	0.0341796	-0.099426015	1.01183823	4.54748	0.59514	-1.0682	3192172.0	1776544774.112023	0.0	1.0	-1.0	-1.0	-1.0	-1.0	-1.0	-1.0	-1.0	-1.0	0.0	marker	opened-hand	Open	11	0418
-66532.23	-53065.799999999996	-102527.955	-17812.305	0.0	0.0	0.0	0.0	0.0	0.0	0.0	0.0	0.0	0.0	0.0	0.0	0.0	0.0	145.51724137931038	0.0	0.0341796	-0.099426015	1.01183823	4.54748	0.59514	-1.0682	3192173.0	1776544774.112031	0.0	1.0	-1.0	-1.0	-1.0	-1.0	-1.0	-1.0	-1.0	-1.0	0.0	marker	opened-hand	Open	11	0418
-66385.305	-53051.354999999996	-102414.42	-17706.555	0.0	0.0	0.0	0.0	0.0	0.0	0.0	0.0	0.0	0.0	0.0	0.0	0.0	0.0	145.79310344827584	0.0	0.0329589	-0.096496335	1.01550033	3.29616	0.16785999999999998	-1.00716	3192174.0	1776544774.113988	0.0	1.0	-1.0	-1.0	-1.0	-1.0	-1.0	-1.0	-1.0	-1.0	0.0	marker	opened-hand	Open	11	0418
-66466.08	-53058.015	-102468.33	-17780.67	0.0	0.0	0.0	0.0	0.0	0.0	0.0	0.0	0.0	0.0	0.0	0.0	0.0	0.0	145.79310344827584	0.0	0.0329589	-0.096496335	1.01550033	3.29616	0.16785999999999998	-1.00716	3192175.0	1776544774.11403	0.0	1.0	-1.0	-1.0	-1.0	-1.0	-1.0	-1.0	-1.0	-1.0	0.0	marker	opened-hand	Open	11	0418
-66599.19	-53070.345	-102538.935	-17849.07	0.0	0.0	0.0	0.0	0.0	0.0	0.0	0.0	0.0	0.0	0.0	0.0	0.0	0.0	145.79310344827584	0.0	0.0329589	-0.096496335	1.01550033	3.29616	0.16785999999999998	-1.00716	3192176.0	1776544774.118913	0.0	1.0	-1.0	-1.0	-1.0	-1.0	-1.0	-1.0	-1.0	-1.0	0.0	marker	opened-hand	Open	11	0418
-66567.555	-53070.93	-102517.73999999999	-17819.415	0.0	0.0	0.0	0.0	0.0	0.0	0.0	0.0	0.0	0.0	0.0	0.0	0.0	0.0	145.79310344827584	0.0	0.0329589	-0.096496335	1.01550033	3.29616	0.16785999999999998	-1.00716	3192177.0	1776544774.118928	0.0	1.0	-1.0	-1.0	-1.0	-1.0	-1.0	-1.0	-1.0	-1.0	0.0	marker	opened-hand	Open	11	0418
-66549.015	-53065.575	-102501.495	-17808.48	0.0	0.0	0.0	0.0	0.0	0.0	0.0	0.0	0.0	0.0	0.0	0.0	0.0	0.0	145.79310344827584	0.0	0.0329589	-0.096496335	1.01550033	3.29616	0.16785999999999998	-1.00716	3192178.0	1776544774.12168	0.0	1.0	-1.0	-1.0	-1.0	-1.0	-1.0	-1.0	-1.0	-1.0	0.0	marker	opened-hand	Open	11	0418
-66508.83	-53043.03	-102509.50499999999	-17829.135	0.0	0.0	0.0	0.0	0.0	0.0	0.0	0.0	0.0	0.0	0.0	0.0	0.0	0.0	145.79310344827584	0.0	0.0329589	-0.096496335	1.01550033	3.29616	0.16785999999999998	-1.00716	3192179.0	1776544774.121704	0.0	1.0	-1.0	-1.0	-1.0	-1.0	-1.0	-1.0	-1.0	-1.0	0.0	marker	opened-hand	Open	11	0418
-66502.44	-53032.994999999995	-102506.265	-17830.485	0.0	0.0	0.0	0.0	0.0	0.0	0.0	0.0	0.0	0.0	0.0	0.0	0.0	0.0	145.79310344827584	0.0	0.0329589	-0.096496335	1.01550033	3.29616	0.16785999999999998	-1.00716	3192180.0	1776544774.125918	0.0	1.0	-1.0	-1.0	-1.0	-1.0	-1.0	-1.0	-1.0	-1.0	0.0	marker	opened-hand	Open	11	0418
-66466.395	-53019.765	-102389.84999999999	-17668.53	0.0	0.0	0.0	0.0	0.0	0.0	0.0	0.0	0.0	0.0	0.0	0.0	0.0	0.0	145.79310344827584	0.0	0.0329589	-0.096496335	1.01550033	3.29616	0.16785999999999998	-1.00716	3192181.0	1776544774.125951	0.0	1.0	-1.0	-1.0	-1.0	-1.0	-1.0	-1.0	-1.0	-1.0	0.0	marker	opened-hand	Open	11	0418
-66515.08499999999	-53022.24	-102447.09	-17720.37	0.0	0.0	0.0	0.0	0.0	0.0	0.0	0.0	0.0	0.0	0.0	0.0	0.0	0.0	145.79310344827584	0.0	0.0329589	-0.096496335	1.01550033	3.29616	0.16785999999999998	-1.00716	3192182.0	1776544774.130811	0.0	1.0	-1.0	-1.0	-1.0	-1.0	-1.0	-1.0	-1.0	-1.0	0.0	marker	opened-hand	Open	11	0418
-66557.79	-53038.53	-102597.03	-17893.125	0.0	0.0	0.0	0.0	0.0	0.0	0.0	0.0	0.0	0.0	0.0	0.0	0.0	0.0	145.79310344827584	0.0	0.0329589	-0.096496335	1.01550033	3.29616	0.16785999999999998	-1.00716	3192183.0	1776544774.130833	0.0	1.0	-1.0	-1.0	-1.0	-1.0	-1.0	-1.0	-1.0	-1.0	0.0	marker	opened-hand	Open	11	0418
-66458.88	-53032.77	-102477.465	-17775.63	0.0	0.0	0.0	0.0	0.0	0.0	0.0	0.0	0.0	0.0	0.0	0.0	0.0	0.0	145.79310344827584	0.0	0.0292968	-0.09826635	1.017148275	3.38772	-0.50358	-1.8617199999999998	3192184.0	1776544774.133787	0.0	1.0	-1.0	-1.0	-1.0	-1.0	-1.0	-1.0	-1.0	-1.0	0.0	marker	opened-hand	Open	11	0418
-66465.98999999999	-53018.685	-102419.50499999999	-17730.045	0.0	0.0	0.0	0.0	0.0	0.0	0.0	0.0	0.0	0.0	0.0	0.0	0.0	0.0	145.79310344827584	0.0	0.0292968	-0.09826635	1.017148275	3.38772	-0.50358	-1.8617199999999998	3192185.0	1776544774.133806	0.0	1.0	-1.0	-1.0	-1.0	-1.0	-1.0	-1.0	-1.0	-1.0	0.0	marker	opened-hand	Open	11	0418
-66529.44	-52999.604999999996	-102423.915	-17734.32	0.0	0.0	0.0	0.0	0.0	0.0	0.0	0.0	0.0	0.0	0.0	0.0	0.0	0.0	145.79310344827584	0.0	0.0292968	-0.09826635	1.017148275	3.38772	-0.50358	-1.8617199999999998	3192186.0	1776544774.138132	0.0	1.0	-1.0	-1.0	-1.0	-1.0	-1.0	-1.0	-1.0	-1.0	0.0	marker	opened-hand	Open	11	0418
-66409.605	-52978.005	-102340.75499999999	-17663.13	0.0	0.0	0.0	0.0	0.0	0.0	0.0	0.0	0.0	0.0	0.0	0.0	0.0	0.0	145.79310344827584	0.0	0.0292968	-0.09826635	1.017148275	3.38772	-0.50358	-1.8617199999999998	3192187.0	1776544774.138158	0.0	1.0	-1.0	-1.0	-1.0	-1.0	-1.0	-1.0	-1.0	-1.0	0.0	marker	opened-hand	Open	11	0418
-66483.765	-52973.64	-102465.45	-17792.46	0.0	0.0	0.0	0.0	0.0	0.0	0.0	0.0	0.0	0.0	0.0	0.0	0.0	0.0	145.79310344827584	0.0	0.0292968	-0.09826635	1.017148275	3.38772	-0.50358	-1.8617199999999998	3192188.0	1776544774.14402	0.0	1.0	-1.0	-1.0	-1.0	-1.0	-1.0	-1.0	-1.0	-1.0	0.0	marker	opened-hand	Open	11	0418
-66538.98	-52972.02	-102520.575	-17857.755	0.0	0.0	0.0	0.0	0.0	0.0	0.0	0.0	0.0	0.0	0.0	0.0	0.0	0.0	145.79310344827584	0.0	0.0292968	-0.09826635	1.017148275	3.38772	-0.50358	-1.8617199999999998	3192189.0	1776544774.144043	0.0	1.0	-1.0	-1.0	-1.0	-1.0	-1.0	-1.0	-1.0	-1.0	0.0	marker	opened-hand	Open	11	0418
-66551.76	-52975.034999999996	-102577.23	-17895.375	0.0	0.0	0.0	0.0	0.0	0.0	0.0	0.0	0.0	0.0	0.0	0.0	0.0	0.0	145.79310344827584	0.0	0.0292968	-0.09826635	1.017148275	3.38772	-0.50358	-1.8617199999999998	3192190.0	1776544774.146041	0.0	1.0	-1.0	-1.0	-1.0	-1.0	-1.0	-1.0	-1.0	-1.0	0.0	marker	opened-hand	Open	11	0418
-66593.97	-52971.21	-102623.48999999999	-17907.795	0.0	0.0	0.0	0.0	0.0	0.0	0.0	0.0	0.0	0.0	0.0	0.0	0.0	0.0	145.79310344827584	0.0	0.0292968	-0.09826635	1.017148275	3.38772	-0.50358	-1.8617199999999998	3192191.0	1776544774.146059	0.0	1.0	-1.0	-1.0	-1.0	-1.0	-1.0	-1.0	-1.0	-1.0	0.0	marker	opened-hand	Open	11	0418
-66523.5	-52959.915	-102516.525	-17797.545	0.0	0.0	0.0	0.0	0.0	0.0	0.0	0.0	0.0	0.0	0.0	0.0	0.0	0.0	145.79310344827584	0.0	0.0292968	-0.09826635	1.017148275	3.38772	-0.50358	-1.8617199999999998	3192192.0	1776544774.24578	0.0	1.0	-1.0	-1.0	-1.0	-1.0	-1.0	-1.0	-1.0	-1.0	0.0	marker	opened-hand	Open	11	0418
-66301.965	-52942.634999999995	-102204.81	-17485.92	0.0	0.0	0.0	0.0	0.0	0.0	0.0	0.0	0.0	0.0	0.0	0.0	0.0	0.0	145.79310344827584	0.0	0.0292968	-0.09826635	1.017148275	3.38772	-0.50358	-1.8617199999999998	3192193.0	1776544774.245812	0.0	1.0	-1.0	-1.0	-1.0	-1.0	-1.0	-1.0	-1.0	-1.0	0.0	marker	opened-hand	Open	11	0418
-66445.965	-52951.454999999994	-102292.155	-17580.915	0.0	0.0	0.0	0.0	0.0	0.0	0.0	0.0	0.0	0.0	0.0	0.0	0.0	0.0	145.79310344827584	0.0	0.036193755	-0.104797095	1.01305893	4.45592	0.03052	-2.6857599999999997	3192194.0	1776544774.247805	0.0	1.0	-1.0	-1.0	-1.0	-1.0	-1.0	-1.0	-1.0	-1.0	0.0	marker	opened-hand	Open	11	0418
-66689.37	-52968.015	-102618.54	-17942.355	0.0	0.0	0.0	0.0	0.0	0.0	0.0	0.0	0.0	0.0	0.0	0.0	0.0	0.0	145.79310344827584	0.0	0.036193755	-0.104797095	1.01305893	4.45592	0.03052	-2.6857599999999997	3192195.0	1776544774.247832	0.0	1.0	-1.0	-1.0	-1.0	-1.0	-1.0	-1.0	-1.0	-1.0	0.0	marker	opened-hand	Open	11	0418
-66580.065	-52954.515	-102658.275	-17974.62	0.0	0.0	0.0	0.0	0.0	0.0	0.0	0.0	0.0	0.0	0.0	0.0	0.0	0.0	145.79310344827584	0.0	0.036193755	-0.104797095	1.01305893	4.45592	0.03052	-2.6857599999999997	3192196.0	1776544774.247868	0.0	1.0	-1.0	-1.0	-1.0	-1.0	-1.0	-1.0	-1.0	-1.0	0.0	marker	opened-hand	Open	11	0418
-66525.84	-52950.24	-102627.405	-17911.665	0.0	0.0	0.0	0.0	0.0	0.0	0.0	0.0	0.0	0.0	0.0	0.0	0.0	0.0	145.79310344827584	0.0	0.036193755	-0.104797095	1.01305893	4.45592	0.03052	-2.6857599999999997	3192197.0	1776544774.247887	0.0	1.0	-1.0	-1.0	-1.0	-1.0	-1.0	-1.0	-1.0	-1.0	0.0	marker	opened-hand	Open	11	0418
-66474.18	-52942.59	-102508.245	-17775.09	0.0	0.0	0.0	0.0	0.0	0.0	0.0	0.0	0.0	0.0	0.0	0.0	0.0	0.0	145.79310344827584	0.0	0.036193755	-0.104797095	1.01305893	4.45592	0.03052	-2.6857599999999997	3192198.0	1776544774.24791	0.0	1.0	-1.0	-1.0	-1.0	-1.0	-1.0	-1.0	-1.0	-1.0	0.0	marker	opened-hand	Open	11	0418
-66571.29	-52954.2	-102548.25	-17853.03	0.0	0.0	0.0	0.0	0.0	0.0	0.0	0.0	0.0	0.0	0.0	0.0	0.0	0.0	145.79310344827584	0.0	0.036193755	-0.104797095	1.01305893	4.45592	0.03052	-2.6857599999999997	3192199.0	1776544774.247928	0.0	1.0	-1.0	-1.0	-1.0	-1.0	-1.0	-1.0	-1.0	-1.0	0.0	marker	opened-hand	Open	11	0418
-66490.515	-52954.65	-102362.265	-17732.745	0.0	0.0	0.0	0.0	0.0	0.0	0.0	0.0	0.0	0.0	0.0	0.0	0.0	0.0	145.79310344827584	0.0	0.036193755	-0.104797095	1.01305893	4.45592	0.03052	-2.6857599999999997	3192200.0	1776544774.24795	0.0	1.0	-1.0	-1.0	-1.0	-1.0	-1.0	-1.0	-1.0	-1.0	0.0	marker	opened-hand	Open	11	0418
-66509.81999999999	-52952.805	-102372.345	-17730.18	0.0	0.0	0.0	0.0	0.0	0.0	0.0	0.0	0.0	0.0	0.0	0.0	0.0	0.0	145.79310344827584	0.0	0.036193755	-0.104797095	1.01305893	4.45592	0.03052	-2.6857599999999997	3192201.0	1776544774.247967	0.0	1.0	-1.0	-1.0	-1.0	-1.0	-1.0	-1.0	-1.0	-1.0	0.0	marker	opened-hand	Open	11	0418
-66582.045	-52957.395	-102546.98999999999	-17828.415	0.0	0.0	0.0	0.0	0.0	0.0	0.0	0.0	0.0	0.0	0.0	0.0	0.0	0.0	145.79310344827584	0.0	0.036193755	-0.104797095	1.01305893	4.45592	0.03052	-2.6857599999999997	3192202.0	1776544774.247989	0.0	1.0	-1.0	-1.0	-1.0	-1.0	-1.0	-1.0	-1.0	-1.0	0.0	marker	opened-hand	Open	11	0418
-66537.98999999999	-52949.295	-102539.15999999999	-17805.195	0.0	0.0	0.0	0.0	0.0	0.0	0.0	0.0	0.0	0.0	0.0	0.0	0.0	0.0	145.79310344827584	0.0	0.036193755	-0.104797095	1.01305893	4.45592	0.03052	-2.6857599999999997	3192203.0	1776544774.248006	0.0	1.0	-1.0	-1.0	-1.0	-1.0	-1.0	-1.0	-1.0	-1.0	0.0	marker	opened-hand	Open	11	0418
-66536.86499999999	-52940.835	-102552.56999999999	-17839.17	0.0	0.0	0.0	0.0	0.0	0.0	0.0	0.0	0.0	0.0	0.0	0.0	0.0	0.0	145.79310344827584	0.0	0.03674307	-0.104675025	1.00927476	6.07348	1.2055399999999998	-1.7396399999999999	3192204.0	1776544774.248027	0.0	1.0	-1.0	-1.0	-1.0	-1.0	-1.0	-1.0	-1.0	-1.0	0.0	marker	opened-hand	Open	11	0418
-66563.64	-52939.89	-102563.09999999999	-17870.985	0.0	0.0	0.0	0.0	0.0	0.0	0.0	0.0	0.0	0.0	0.0	0.0	0.0	0.0	145.79310344827584	0.0	0.03674307	-0.104675025	1.00927476	6.07348	1.2055399999999998	-1.7396399999999999	3192205.0	1776544774.248045	0.0	1.0	-1.0	-1.0	-1.0	-1.0	-1.0	-1.0	-1.0	-1.0	0.0	marker	opened-hand	Open	11	0418
-66512.11499999999	-52943.265	-102506.48999999999	-17826.614999999998	0.0	0.0	0.0	0.0	0.0	0.0	0.0	0.0	0.0	0.0	0.0	0.0	0.0	0.0	145.79310344827584	0.0	0.03674307	-0.104675025	1.00927476	6.07348	1.2055399999999998	-1.7396399999999999	3192206.0	1776544774.248067	0.0	1.0	-1.0	-1.0	-1.0	-1.0	-1.0	-1.0	-1.0	-1.0	0.0	marker	opened-hand	Open	11	0418
-66491.775	-52952.939999999995	-102475.89	-17784.45	0.0	0.0	0.0	0.0	0.0	0.0	0.0	0.0	0.0	0.0	0.0	0.0	0.0	0.0	145.79310344827584	0.0	0.03674307	-0.104675025	1.00927476	6.07348	1.2055399999999998	-1.7396399999999999	3192207.0	1776544774.248085	0.0	1.0	-1.0	-1.0	-1.0	-1.0	-1.0	-1.0	-1.0	-1.0	0.0	marker	opened-hand	Open	11	0418
-66674.925	-52957.665	-102586.68	-17890.829999999998	0.0	0.0	0.0	0.0	0.0	0.0	0.0	0.0	0.0	0.0	0.0	0.0	0.0	0.0	145.79310344827584	0.0	0.03674307	-0.104675025	1.00927476	6.07348	1.2055399999999998	-1.7396399999999999	3192208.0	1776544774.248107	0.0	1.0	-1.0	-1.0	-1.0	-1.0	-1.0	-1.0	-1.0	-1.0	0.0	marker	opened-hand	Open	11	0418
-66726.09	-52953.615	-102649.36499999999	-17933.895	0.0	0.0	0.0	0.0	0.0	0.0	0.0	0.0	0.0	0.0	0.0	0.0	0.0	0.0	145.79310344827584	0.0	0.03674307	-0.104675025	1.00927476	6.07348	1.2055399999999998	-1.7396399999999999	3192209.0	1776544774.248124	0.0	1.0	-1.0	-1.0	-1.0	-1.0	-1.0	-1.0	-1.0	-1.0	0.0	marker	opened-hand	Open	11	0418
-66519.22499999999	-52930.71	-102553.605	-17856.855	0.0	0.0	0.0	0.0	0.0	0.0	0.0	0.0	0.0	0.0	0.0	0.0	0.0	0.0	145.79310344827584	0.0	0.03674307	-0.104675025	1.00927476	6.07348	1.2055399999999998	-1.7396399999999999	3192210.0	1776544774.248146	0.0	1.0	-1.0	-1.0	-1.0	-1.0	-1.0	-1.0	-1.0	-1.0	0.0	marker	opened-hand	Open	11	0418
-66513.87	-52918.829999999994	-102575.025	-17877.105	0.0	0.0	0.0	0.0	0.0	0.0	0.0	0.0	0.0	0.0	0.0	0.0	0.0	0.0	145.79310344827584	0.0	0.03674307	-0.104675025	1.00927476	6.07348	1.2055399999999998	-1.7396399999999999	3192211.0	1776544774.248163	0.0	1.0	-1.0	-1.0	-1.0	-1.0	-1.0	-1.0	-1.0	-1.0	0.0	marker	opened-hand	Open	11	0418
-66563.775	-52916.31	-102581.685	-17856.54	0.0	0.0	0.0	0.0	0.0	0.0	0.0	0.0	0.0	0.0	0.0	0.0	0.0	0.0	145.79310344827584	0.0	0.03674307	-0.104675025	1.00927476	6.07348	1.2055399999999998	-1.7396399999999999	3192212.0	1776544774.248184	0.0	1.0	-1.0	-1.0	-1.0	-1.0	-1.0	-1.0	-1.0	-1.0	0.0	marker	opened-hand	Open	11	0418
-66574.575	-52913.115	-102561.03	-17839.17	0.0	0.0	0.0	0.0	0.0	0.0	0.0	0.0	0.0	0.0	0.0	0.0	0.0	0.0	145.79310344827584	0.0	0.03674307	-0.104675025	1.00927476	6.07348	1.2055399999999998	-1.7396399999999999	3192213.0	1776544774.248202	0.0	1.0	-1.0	-1.0	-1.0	-1.0	-1.0	-1.0	-1.0	-1.0	0.0	marker	opened-hand	Open	11	0418
-66542.22	-52912.619999999995	-102529.575	-17814.239999999998	0.0	0.0	0.0	0.0	0.0	0.0	0.0	0.0	0.0	0.0	0.0	0.0	0.0	0.0	145.79310344827584	0.0	0.034606845	-0.09912084	1.011044775	5.20366	1.1444999999999999	-1.89224	3192214.0	1776544774.248222	0.0	1.0	-1.0	-1.0	-1.0	-1.0	-1.0	-1.0	-1.0	-1.0	0.0	marker	opened-hand	Open	11	0418
-66432.19499999999	-52902.314999999995	-102417.12	-17704.575	0.0	0.0	0.0	0.0	0.0	0.0	0.0	0.0	0.0	0.0	0.0	0.0	0.0	0.0	145.79310344827584	0.0	0.034606845	-0.09912084	1.011044775	5.20366	1.1444999999999999	-1.89224	3192215.0	1776544774.248239	0.0	1.0	-1.0	-1.0	-1.0	-1.0	-1.0	-1.0	-1.0	-1.0	0.0	marker	opened-hand	Open	11	0418
-66471.255	-52907.579999999994	-102445.83	-17738.954999999998	0.0	0.0	0.0	0.0	0.0	0.0	0.0	0.0	0.0	0.0	0.0	0.0	0.0	0.0	145.79310344827584	0.0	0.034606845	-0.09912084	1.011044775	5.20366	1.1444999999999999	-1.89224	3192216.0	1776544774.24826	0.0	1.0	-1.0	-1.0	-1.0	-1.0	-1.0	-1.0	-1.0	-1.0	0.0	marker	opened-hand	Open	11	0418
-66523.545	-52914.15	-102466.98	-17755.515	0.0	0.0	0.0	0.0	0.0	0.0	0.0	0.0	0.0	0.0	0.0	0.0	0.0	0.0	145.79310344827584	0.0	0.034606845	-0.09912084	1.011044775	5.20366	1.1444999999999999	-1.89224	3192217.0	1776544774.248277	0.0	1.0	-1.0	-1.0	-1.0	-1.0	-1.0	-1.0	-1.0	-1.0	0.0	marker	opened-hand	Open	11	0418
-66499.69499999999	-52913.97	-102441.105	-17733.96	0.0	0.0	0.0	0.0	0.0	0.0	0.0	0.0	0.0	0.0	0.0	0.0	0.0	0.0	145.79310344827584	0.0	0.034606845	-0.09912084	1.011044775	5.20366	1.1444999999999999	-1.89224	3192218.0	1776544774.248297	0.0	1.0	-1.0	-1.0	-1.0	-1.0	-1.0	-1.0	-1.0	-1.0	0.0	marker	opened-hand	Open	11	0418
-66542.44499999999	-52903.935	-102514.095	-17815.094999999998	0.0	0.0	0.0	0.0	0.0	0.0	0.0	0.0	0.0	0.0	0.0	0.0	0.0	0.0	145.79310344827584	0.0	0.034606845	-0.09912084	1.011044775	5.20366	1.1444999999999999	-1.89224	3192219.0	1776544774.248314	0.0	1.0	-1.0	-1.0	-1.0	-1.0	-1.0	-1.0	-1.0	-1.0	0.0	marker	opened-hand	Open	11	0418
-66483.09	-52879.14	-102432.015	-17741.114999999998	0.0	0.0	0.0	0.0	0.0	0.0	0.0	0.0	0.0	0.0	0.0	0.0	0.0	0.0	145.79310344827584	0.0	0.034606845	-0.09912084	1.011044775	5.20366	1.1444999999999999	-1.89224	3192220.0	1776544774.248335	0.0	1.0	-1.0	-1.0	-1.0	-1.0	-1.0	-1.0	-1.0	-1.0	0.0	marker	opened-hand	Open	11	0418
-66392.955	-52862.31	-102336.12	-17657.64	0.0	0.0	0.0	0.0	0.0	0.0	0.0	0.0	0.0	0.0	0.0	0.0	0.0	0.0	145.79310344827584	0.0	0.034606845	-0.09912084	1.011044775	5.20366	1.1444999999999999	-1.89224	3192221.0	1776544774.248352	0.0	1.0	-1.0	-1.0	-1.0	-1.0	-1.0	-1.0	-1.0	-1.0	0.0	marker	opened-hand	Open	11	0418
-66501.98999999999	-52863.119999999995	-102453.03	-17782.965	0.0	0.0	0.0	0.0	0.0	0.0	0.0	0.0	0.0	0.0	0.0	0.0	0.0	0.0	145.79310344827584	0.0	0.034606845	-0.09912084	1.011044775	5.20366	1.1444999999999999	-1.89224	3192222.0	1776544774.248373	0.0	1.0	-1.0	-1.0	-1.0	-1.0	-1.0	-1.0	-1.0	-1.0	0.0	marker	opened-hand	Open	11	0418
-66602.925	-52865.865	-102576.19499999999	-17898.48	0.0	0.0	0.0	0.0	0.0	0.0	0.0	0.0	0.0	0.0	0.0	0.0	0.0	0.0	145.79310344827584	0.0	0.034606845	-0.09912084	1.011044775	5.20366	1.1444999999999999	-1.89224	3192223.0	1776544774.24839	0.0	1.0	-1.0	-1.0	-1.0	-1.0	-1.0	-1.0	-1.0	-1.0	0.0	marker	opened-hand	Open	11	0418
-66640.31999999999	-52877.564999999995	-102637.03499999999	-17887.68	0.0	0.0	0.0	0.0	0.0	0.0	0.0	0.0	0.0	0.0	0.0	0.0	0.0	0.0	145.79310344827584	0.0	0.030090255	-0.089050065	1.01611068	4.303319999999999	1.0834599999999999	-0.9919	3192224.0	1776544774.248411	0.0	1.0	-1.0	-1.0	-1.0	-1.0	-1.0	-1.0	-1.0	-1.0	0.0	marker	opened-hand	Open	11	0418
-66573.495	-52882.29	-102568.86	-17829.495	0.0	0.0	0.0	0.0	0.0	0.0	0.0	0.0	0.0	0.0	0.0	0.0	0.0	0.0	145.79310344827584	0.0	0.030090255	-0.089050065	1.01611068	4.303319999999999	1.0834599999999999	-0.9919	3192225.0	1776544774.248428	0.0	1.0	-1.0	-1.0	-1.0	-1.0	-1.0	-1.0	-1.0	-1.0	0.0	marker	opened-hand	Open	11	0418
-66502.17	-52868.655	-102459.51	-17757.45	0.0	0.0	0.0	0.0	0.0	0.0	0.0	0.0	0.0	0.0	0.0	0.0	0.0	0.0	145.79310344827584	0.0	0.030090255	-0.089050065	1.01611068	4.303319999999999	1.0834599999999999	-0.9919	3192226.0	1776544774.248449	0.0	1.0	-1.0	-1.0	-1.0	-1.0	-1.0	-1.0	-1.0	-1.0	0.0	marker	opened-hand	Open	11	0418
-66467.61	-52862.265	-102467.025	-17767.215	0.0	0.0	0.0	0.0	0.0	0.0	0.0	0.0	0.0	0.0	0.0	0.0	0.0	0.0	145.79310344827584	0.0	0.030090255	-0.089050065	1.01611068	4.303319999999999	1.0834599999999999	-0.9919	3192227.0	1776544774.248466	0.0	1.0	-1.0	-1.0	-1.0	-1.0	-1.0	-1.0	-1.0	-1.0	0.0	marker	opened-hand	Open	11	0418
-66425.31	-52855.515	-102484.125	-17777.655	0.0	0.0	0.0	0.0	0.0	0.0	0.0	0.0	0.0	0.0	0.0	0.0	0.0	0.0	145.79310344827584	0.0	0.030090255	-0.089050065	1.01611068	4.303319999999999	1.0834599999999999	-0.9919	3192228.0	1776544774.248486	0.0	1.0	-1.0	-1.0	-1.0	-1.0	-1.0	-1.0	-1.0	-1.0	0.0	marker	opened-hand	Open	11	0418
-66481.515	-52846.829999999994	-102477.915	-17768.385	0.0	0.0	0.0	0.0	0.0	0.0	0.0	0.0	0.0	0.0	0.0	0.0	0.0	0.0	145.79310344827584	0.0	0.030090255	-0.089050065	1.01611068	4.303319999999999	1.0834599999999999	-0.9919	3192229.0	1776544774.248504	0.0	1.0	-1.0	-1.0	-1.0	-1.0	-1.0	-1.0	-1.0	-1.0	0.0	marker	opened-hand	Open	11	0418
-66633.345	-52849.619999999995	-102582.81	-17890.965	0.0	0.0	0.0	0.0	0.0	0.0	0.0	0.0	0.0	0.0	0.0	0.0	0.0	0.0	145.79310344827584	0.0	0.030090255	-0.089050065	1.01611068	4.303319999999999	1.0834599999999999	-0.9919	3192230.0	1776544774.248525	0.0	1.0	-1.0	-1.0	-1.0	-1.0	-1.0	-1.0	-1.0	-1.0	0.0	marker	opened-hand	Open	11	0418
-66593.34	-52849.53	-102601.8	-17887.094999999998	0.0	0.0	0.0	0.0	0.0	0.0	0.0	0.0	0.0	0.0	0.0	0.0	0.0	0.0	145.79310344827584	0.0	0.030090255	-0.089050065	1.01611068	4.303319999999999	1.0834599999999999	-0.9919	3192231.0	1776544774.248542	0.0	1.0	-1.0	-1.0	-1.0	-1.0	-1.0	-1.0	-1.0	-1.0	0.0	marker	opened-hand	Open	11	0418
-66590.45999999999	-52849.485	-102584.79	-17838.63	0.0	0.0	0.0	0.0	0.0	0.0	0.0	0.0	0.0	0.0	0.0	0.0	0.0	0.0	145.79310344827584	0.0	0.030090255	-0.089050065	1.01611068	4.303319999999999	1.0834599999999999	-0.9919	3192232.0	1776544774.248562	0.0	1.0	-1.0	-1.0	-1.0	-1.0	-1.0	-1.0	-1.0	-1.0	0.0	marker	opened-hand	Open	11	0418
-66574.98	-52864.604999999996	-102535.65	-17795.88	0.0	0.0	0.0	0.0	0.0	0.0	0.0	0.0	0.0	0.0	0.0	0.0	0.0	0.0	145.79310344827584	0.0	0.030090255	-0.089050065	1.01611068	4.303319999999999	1.0834599999999999	-0.9919	3192233.0	1776544774.248579	0.0	1.0	-1.0	-1.0	-1.0	-1.0	-1.0	-1.0	-1.0	-1.0	0.0	marker	opened-hand	Open	11	0418
-66511.935	-52871.174999999996	-102437.28	-17722.395	0.0	0.0	0.0	0.0	0.0	0.0	0.0	0.0	0.0	0.0	0.0	0.0	0.0	0.0	145.79310344827584	0.0	0.032165445	-0.08410623	1.0152561900000001	3.9981199999999997	0.79352	-0.44254	3192234.0	1776544774.248599	0.0	1.0	-1.0	-1.0	-1.0	-1.0	-1.0	-1.0	-1.0	-1.0	0.0	marker	opened-hand	Open	11	0418
-66529.98	-52868.924999999996	-102442.00499999999	-17737.065	0.0	0.0	0.0	0.0	0.0	0.0	0.0	0.0	0.0	0.0	0.0	0.0	0.0	0.0	145.79310344827584	0.0	0.032165445	-0.08410623	1.0152561900000001	3.9981199999999997	0.79352	-0.44254	3192235.0	1776544774.248616	0.0	1.0	-1.0	-1.0	-1.0	-1.0	-1.0	-1.0	-1.0	-1.0	0.0	marker	opened-hand	Open	11	0418
-66421.62	-52861.59	-102428.955	-17724.555	0.0	0.0	0.0	0.0	0.0	0.0	0.0	0.0	0.0	0.0	0.0	0.0	0.0	0.0	145.79310344827584	0.0	0.032165445	-0.08410623	1.0152561900000001	3.9981199999999997	0.79352	-0.44254	3192236.0	1776544774.248637	0.0	1.0	-1.0	-1.0	-1.0	-1.0	-1.0	-1.0	-1.0	-1.0	0.0	marker	opened-hand	Open	11	0418
-66498.20999999999	-52849.17	-102560.89499999999	-17874.585	0.0	0.0	0.0	0.0	0.0	0.0	0.0	0.0	0.0	0.0	0.0	0.0	0.0	0.0	145.79310344827584	0.0	0.032165445	-0.08410623	1.0152561900000001	3.9981199999999997	0.79352	-0.44254	3192237.0	1776544774.248654	0.0	1.0	-1.0	-1.0	-1.0	-1.0	-1.0	-1.0	-1.0	-1.0	0.0	marker	opened-hand	Open	11	0418
-66603.78	-52837.74	-102623.12999999999	-17924.085	0.0	0.0	0.0	0.0	0.0	0.0	0.0	0.0	0.0	0.0	0.0	0.0	0.0	0.0	145.79310344827584	0.0	0.032165445	-0.08410623	1.0152561900000001	3.9981199999999997	0.79352	-0.44254	3192238.0	1776544774.248675	0.0	1.0	-1.0	-1.0	-1.0	-1.0	-1.0	-1.0	-1.0	-1.0	0.0	marker	opened-hand	Open	11	0418
-66583.035	-52822.665	-102566.295	-17852.94	0.0	0.0	0.0	0.0	0.0	0.0	0.0	0.0	0.0	0.0	0.0	0.0	0.0	0.0	145.79310344827584	0.0	0.032165445	-0.08410623	1.0152561900000001	3.9981199999999997	0.79352	-0.44254	3192239.0	1776544774.248693	0.0	1.0	-1.0	-1.0	-1.0	-1.0	-1.0	-1.0	-1.0	-1.0	0.0	marker	opened-hand	Open	11	0418
-66548.88	-52822.53	-102542.265	-17827.515	0.0	0.0	0.0	0.0	0.0	0.0	0.0	0.0	0.0	0.0	0.0	0.0	0.0	0.0	145.79310344827584	0.0	0.032165445	-0.08410623	1.0152561900000001	3.9981199999999997	0.79352	-0.44254	3192240.0	1776544774.248714	0.0	1.0	-1.0	-1.0	-1.0	-1.0	-1.0	-1.0	-1.0	-1.0	0.0	marker	opened-hand	Open	11	0418
-66474.09	-52831.079999999994	-102452.715	-17737.605	0.0	0.0	0.0	0.0	0.0	0.0	0.0	0.0	0.0	0.0	0.0	0.0	0.0	0.0	145.79310344827584	0.0	0.032165445	-0.08410623	1.0152561900000001	3.9981199999999997	0.79352	-0.44254	3192241.0	1776544774.248731	0.0	1.0	-1.0	-1.0	-1.0	-1.0	-1.0	-1.0	-1.0	-1.0	0.0	marker	opened-hand	Open	11	0418
-66454.965	-52840.799999999996	-102438.58499999999	-17727.57	0.0	0.0	0.0	0.0	0.0	0.0	0.0	0.0	0.0	0.0	0.0	0.0	0.0	0.0	145.79310344827584	0.0	0.032165445	-0.08410623	1.0152561900000001	3.9981199999999997	0.79352	-0.44254	3192242.0	1776544774.252204	0.0	1.0	-1.0	-1.0	-1.0	-1.0	-1.0	-1.0	-1.0	-1.0	0.0	marker	opened-hand	Open	11	0418
-66468.87	-52854.345	-102442.815	-17747.64	0.0	0.0	0.0	0.0	0.0	0.0	0.0	0.0	0.0	0.0	0.0	0.0	0.0	0.0	145.79310344827584	0.0	0.032165445	-0.08410623	1.0152561900000001	3.9981199999999997	0.79352	-0.44254	3192243.0	1776544774.252226	0.0	1.0	-1.0	-1.0	-1.0	-1.0	-1.0	-1.0	-1.0	-1.0	0.0	marker	opened-hand	Open	11	0418
-66486.555	-52869.195	-102443.04	-17752.545	0.0	0.0	0.0	0.0	0.0	0.0	0.0	0.0	0.0	0.0	0.0	0.0	0.0	0.0	145.79310344827584	0.0	0.035583405	-0.08239725	1.0147068750000001	2.79258	0.13734	-0.54936	3192244.0	1776544774.254409	0.0	1.0	-1.0	-1.0	-1.0	-1.0	-1.0	-1.0	-1.0	-1.0	0.0	marker	opened-hand	Open	11	0418
-66471.84	-52874.775	-102411.045	-17721.405	0.0	0.0	0.0	0.0	0.0	0.0	0.0	0.0	0.0	0.0	0.0	0.0	0.0	0.0	145.79310344827584	0.0	0.035583405	-0.08239725	1.0147068750000001	2.79258	0.13734	-0.54936	3192245.0	1776544774.254429	0.0	1.0	-1.0	-1.0	-1.0	-1.0	-1.0	-1.0	-1.0	-1.0	0.0	marker	opened-hand	Open	11	0418
-66473.37	-52882.74	-102458.87999999999	-17774.19	0.0	0.0	0.0	0.0	0.0	0.0	0.0	0.0	0.0	0.0	0.0	0.0	0.0	0.0	145.79310344827584	0.0	0.035583405	-0.08239725	1.0147068750000001	2.79258	0.13734	-0.54936	3192246.0	1776544774.258439	0.0	1.0	-1.0	-1.0	-1.0	-1.0	-1.0	-1.0	-1.0	-1.0	0.0	marker	opened-hand	Open	11	0418
-66466.89	-52887.06	-102463.515	-17766.495	0.0	0.0	0.0	0.0	0.0	0.0	0.0	0.0	0.0	0.0	0.0	0.0	0.0	0.0	145.79310344827584	0.0	0.035583405	-0.08239725	1.0147068750000001	2.79258	0.13734	-0.54936	3192247.0	1776544774.258458	0.0	1.0	-1.0	-1.0	-1.0	-1.0	-1.0	-1.0	-1.0	-1.0	0.0	marker	opened-hand	Open	11	0418
-66543.56999999999	-52892.46	-102491.955	-17785.35	0.0	0.0	0.0	0.0	0.0	0.0	0.0	0.0	0.0	0.0	0.0	0.0	0.0	0.0	145.79310344827584	0.0	0.035583405	-0.08239725	1.0147068750000001	2.79258	0.13734	-0.54936	3192248.0	1776544774.262409	0.0	1.0	-1.0	-1.0	-1.0	-1.0	-1.0	-1.0	-1.0	-1.0	0.0	marker	opened-hand	Open	11	0418
-66526.02	-52895.115	-102471.56999999999	-17776.079999999998	0.0	0.0	0.0	0.0	0.0	0.0	0.0	0.0	0.0	0.0	0.0	0.0	0.0	0.0	145.79310344827584	0.0	0.035583405	-0.08239725	1.0147068750000001	2.79258	0.13734	-0.54936	3192249.0	1776544774.262424	0.0	1.0	-1.0	-1.0	-1.0	-1.0	-1.0	-1.0	-1.0	-1.0	0.0	marker	opened-hand	Open	11	0418
-66612.78	-52904.475	-102539.34	-17825.579999999998	0.0	0.0	0.0	0.0	0.0	0.0	0.0	0.0	0.0	0.0	0.0	0.0	0.0	0.0	145.79310344827584	0.0	0.035583405	-0.08239725	1.0147068750000001	2.79258	0.13734	-0.54936	3192250.0	1776544774.272176	0.0	1.0	-1.0	-1.0	-1.0	-1.0	-1.0	-1.0	-1.0	-1.0	0.0	marker	opened-hand	Open	11	0418
-66595.995	-52911.63	-102575.97	-17863.29	0.0	0.0	0.0	0.0	0.0	0.0	0.0	0.0	0.0	0.0	0.0	0.0	0.0	0.0	145.79310344827584	0.0	0.035583405	-0.08239725	1.0147068750000001	2.79258	0.13734	-0.54936	3192251.0	1776544774.272207	0.0	1.0	-1.0	-1.0	-1.0	-1.0	-1.0	-1.0	-1.0	-1.0	0.0	marker	opened-hand	Open	11	0418
-66477.015	-52907.49	-102524.08499999999	-17804.88	0.0	0.0	0.0	0.0	0.0	0.0	0.0	0.0	0.0	0.0	0.0	0.0	0.0	0.0	145.79310344827584	0.0	0.035583405	-0.08239725	1.0147068750000001	2.79258	0.13734	-0.54936	3192252.0	1776544774.272241	0.0	1.0	-1.0	-1.0	-1.0	-1.0	-1.0	-1.0	-1.0	-1.0	0.0	marker	opened-hand	Open	11	0418
-66353.715	-52888.14	-102376.17	-17642.745	0.0	0.0	0.0	0.0	0.0	0.0	0.0	0.0	0.0	0.0	0.0	0.0	0.0	0.0	145.79310344827584	0.0	0.035583405	-0.08239725	1.0147068750000001	2.79258	0.13734	-0.54936	3192253.0	1776544774.272258	0.0	1.0	-1.0	-1.0	-1.0	-1.0	-1.0	-1.0	-1.0	-1.0	0.0	marker	opened-hand	Open	11	0418
-66613.635	-52898.759999999995	-102618.58499999999	-17900.145	0.0	0.0	0.0	0.0	0.0	0.0	0.0	0.0	0.0	0.0	0.0	0.0	0.0	0.0	145.79310344827584	0.0	0.03613272	-0.080383095	1.010312355	1.526	1.1444999999999999	0.13734	3192254.0	1776544774.277132	0.0	1.0	-1.0	-1.0	-1.0	-1.0	-1.0	-1.0	-1.0	-1.0	0.0	marker	opened-hand	Open	11	0418
-66666.33	-52895.97	-102632.715	-17934.75	0.0	0.0	0.0	0.0	0.0	0.0	0.0	0.0	0.0	0.0	0.0	0.0	0.0	0.0	145.79310344827584	0.0	0.03613272	-0.080383095	1.010312355	1.526	1.1444999999999999	0.13734	3192255.0	1776544774.277151	0.0	1.0	-1.0	-1.0	-1.0	-1.0	-1.0	-1.0	-1.0	-1.0	0.0	marker	opened-hand	Open	11	0418
-66572.595	-52892.82	-102549.69	-17839.305	0.0	0.0	0.0	0.0	0.0	0.0	0.0	0.0	0.0	0.0	0.0	0.0	0.0	0.0	145.79310344827584	0.0	0.03613272	-0.080383095	1.010312355	1.526	1.1444999999999999	0.13734	3192256.0	1776544774.281352	0.0	1.0	-1.0	-1.0	-1.0	-1.0	-1.0	-1.0	-1.0	-1.0	0.0	marker	opened-hand	Open	11	0418
-66575.11499999999	-52901.505	-102572.19	-17888.04	0.0	0.0	0.0	0.0	0.0	0.0	0.0	0.0	0.0	0.0	0.0	0.0	0.0	0.0	145.79310344827584	0.0	0.03613272	-0.080383095	1.010312355	1.526	1.1444999999999999	0.13734	3192257.0	1776544774.281373	0.0	1.0	-1.0	-1.0	-1.0	-1.0	-1.0	-1.0	-1.0	-1.0	0.0	marker	opened-hand	Open	11	0418
-66488.895	-52898.04	-102486.28499999999	-17798.579999999998	0.0	0.0	0.0	0.0	0.0	0.0	0.0	0.0	0.0	0.0	0.0	0.0	0.0	0.0	145.79310344827584	0.0	0.03613272	-0.080383095	1.010312355	1.526	1.1444999999999999	0.13734	3192258.0	1776544774.37982	0.0	1.0	-1.0	-1.0	-1.0	-1.0	-1.0	-1.0	-1.0	-1.0	0.0	marker	opened-hand	Open	11	0418
-66542.22	-52889.49	-102529.17	-17834.13	0.0	0.0	0.0	0.0	0.0	0.0	0.0	0.0	0.0	0.0	0.0	0.0	0.0	0.0	145.79310344827584	0.0	0.03613272	-0.080383095	1.010312355	1.526	1.1444999999999999	0.13734	3192259.0	1776544774.379848	0.0	1.0	-1.0	-1.0	-1.0	-1.0	-1.0	-1.0	-1.0	-1.0	0.0	marker	opened-hand	Open	11	0418
-66610.08	-52887.869999999995	-102580.425	-17846.64	0.0	0.0	0.0	0.0	0.0	0.0	0.0	0.0	0.0	0.0	0.0	0.0	0.0	0.0	145.79310344827584	0.0	0.03613272	-0.080383095	1.010312355	1.526	1.1444999999999999	0.13734	3192260.0	1776544774.379889	0.0	1.0	-1.0	-1.0	-1.0	-1.0	-1.0	-1.0	-1.0	-1.0	0.0	marker	opened-hand	Open	11	0418
-66458.34	-52869.78	-102471.705	-17737.515	0.0	0.0	0.0	0.0	0.0	0.0	0.0	0.0	0.0	0.0	0.0	0.0	0.0	0.0	145.79310344827584	0.0	0.03613272	-0.080383095	1.010312355	1.526	1.1444999999999999	0.13734	3192261.0	1776544774.379906	0.0	1.0	-1.0	-1.0	-1.0	-1.0	-1.0	-1.0	-1.0	-1.0	0.0	marker	opened-hand	Open	11	0418
-66500.145	-52847.009999999995	-102474.98999999999	-17769.329999999998	0.0	0.0	0.0	0.0	0.0	0.0	0.0	0.0	0.0	0.0	0.0	0.0	0.0	0.0	145.79310344827584	0.0	0.03613272	-0.080383095	1.010312355	1.526	1.1444999999999999	0.13734	3192262.0	1776544774.379931	0.0	1.0	-1.0	-1.0	-1.0	-1.0	-1.0	-1.0	-1.0	-1.0	0.0	marker	opened-hand	Open	11	0418
-66572.37	-52842.015	-102527.50499999999	-17834.76	0.0	0.0	0.0	0.0	0.0	0.0	0.0	0.0	0.0	0.0	0.0	0.0	0.0	0.0	145.79310344827584	0.0	0.03613272	-0.080383095	1.010312355	1.526	1.1444999999999999	0.13734	3192263.0	1776544774.379948	0.0	1.0	-1.0	-1.0	-1.0	-1.0	-1.0	-1.0	-1.0	-1.0	0.0	marker	opened-hand	Open	11	0418
-66560.48999999999	-52853.4	-102516.885	-17829.899999999998	0.0	0.0	0.0	0.0	0.0	0.0	0.0	0.0	0.0	0.0	0.0	0.0	0.0	0.0	145.79310344827584	0.0	0.03515616	-0.085387965	1.01330307	1.9075	1.2055399999999998	0.6409199999999999	3192264.0	1776544774.379971	0.0	1.0	-1.0	-1.0	-1.0	-1.0	-1.0	-1.0	-1.0	-1.0	0.0	marker	opened-hand	Open	11	0418
-66532.41	-52861.095	-102499.33499999999	-17800.065	0.0	0.0	0.0	0.0	0.0	0.0	0.0	0.0	0.0	0.0	0.0	0.0	0.0	0.0	145.79310344827584	0.0	0.03515616	-0.085387965	1.01330307	1.9075	1.2055399999999998	0.6409199999999999	3192265.0	1776544774.379988	0.0	1.0	-1.0	-1.0	-1.0	-1.0	-1.0	-1.0	-1.0	-1.0	0.0	marker	opened-hand	Open	11	0418
-66459.78	-52862.579999999994	-102489.48	-17762.355	0.0	0.0	0.0	0.0	0.0	0.0	0.0	0.0	0.0	0.0	0.0	0.0	0.0	0.0	145.79310344827584	0.0	0.03515616	-0.085387965	1.01330307	1.9075	1.2055399999999998	0.6409199999999999	3192266.0	1776544774.38001	0.0	1.0	-1.0	-1.0	-1.0	-1.0	-1.0	-1.0	-1.0	-1.0	0.0	marker	opened-hand	Open	11	0418
-66491.91	-52873.829999999994	-102544.01999999999	-17811.045	0.0	0.0	0.0	0.0	0.0	0.0	0.0	0.0	0.0	0.0	0.0	0.0	0.0	0.0	145.79310344827584	0.0	0.03515616	-0.085387965	1.01330307	1.9075	1.2055399999999998	0.6409199999999999	3192267.0	1776544774.380027	0.0	1.0	-1.0	-1.0	-1.0	-1.0	-1.0	-1.0	-1.0	-1.0	0.0	marker	opened-hand	Open	11	0418
-66474.72	-52881.884999999995	-102495.15	-17779.14	0.0	0.0	0.0	0.0	0.0	0.0	0.0	0.0	0.0	0.0	0.0	0.0	0.0	0.0	145.79310344827584	0.0	0.03515616	-0.085387965	1.01330307	1.9075	1.2055399999999998	0.6409199999999999	3192268.0	1776544774.38005	0.0	1.0	-1.0	-1.0	-1.0	-1.0	-1.0	-1.0	-1.0	-1.0	0.0	marker	opened-hand	Open	11	0418
-66423.555	-52881.075	-102390.3	-17705.61	0.0	0.0	0.0	0.0	0.0	0.0	0.0	0.0	0.0	0.0	0.0	0.0	0.0	0.0	145.79310344827584	0.0	0.03515616	-0.085387965	1.01330307	1.9075	1.2055399999999998	0.6409199999999999	3192269.0	1776544774.380066	0.0	1.0	-1.0	-1.0	-1.0	-1.0	-1.0	-1.0	-1.0	-1.0	0.0	marker	opened-hand	Open	11	0418
-66530.06999999999	-52886.204999999994	-102500.595	-17799.66	0.0	0.0	0.0	0.0	0.0	0.0	0.0	0.0	0.0	0.0	0.0	0.0	0.0	0.0	145.79310344827584	0.0	0.03515616	-0.085387965	1.01330307	1.9075	1.2055399999999998	0.6409199999999999	3192270.0	1776544774.380091	0.0	1.0	-1.0	-1.0	-1.0	-1.0	-1.0	-1.0	-1.0	-1.0	0.0	marker	opened-hand	Open	11	0418
-66564.22499999999	-52892.28	-102601.8	-17852.219999999998	0.0	0.0	0.0	0.0	0.0	0.0	0.0	0.0	0.0	0.0	0.0	0.0	0.0	0.0	145.79310344827584	0.0	0.03515616	-0.085387965	1.01330307	1.9075	1.2055399999999998	0.6409199999999999	3192271.0	1776544774.380109	0.0	1.0	-1.0	-1.0	-1.0	-1.0	-1.0	-1.0	-1.0	-1.0	0.0	marker	opened-hand	Open	11	0418
-66609.09	-52903.215	-102625.37999999999	-17898.614999999998	0.0	0.0	0.0	0.0	0.0	0.0	0.0	0.0	0.0	0.0	0.0	0.0	0.0	0.0	145.79310344827584	0.0	0.03515616	-0.085387965	1.01330307	1.9075	1.2055399999999998	0.6409199999999999	3192272.0	1776544774.380132	0.0	1.0	-1.0	-1.0	-1.0	-1.0	-1.0	-1.0	-1.0	-1.0	0.0	marker	opened-hand	Open	11	0418
-66588.93	-52920.585	-102565.98	-17868.6	0.0	0.0	0.0	0.0	0.0	0.0	0.0	0.0	0.0	0.0	0.0	0.0	0.0	0.0	145.79310344827584	0.0	0.03515616	-0.085387965	1.01330307	1.9075	1.2055399999999998	0.6409199999999999	3192273.0	1776544774.380148	0.0	1.0	-1.0	-1.0	-1.0	-1.0	-1.0	-1.0	-1.0	-1.0	0.0	marker	opened-hand	Open	11	0418
-66538.34999999999	-52954.335	-102466.89	-17799.03	0.0	0.0	0.0	0.0	0.0	0.0	0.0	0.0	0.0	0.0	0.0	0.0	0.0	0.0	145.79310344827584	0.0	0.027038505	-0.09204078	1.018002765	4.2728	0.57988	0.07629999999999999	3192274.0	1776544774.380172	0.0	1.0	-1.0	-1.0	-1.0	-1.0	-1.0	-1.0	-1.0	-1.0	0.0	marker	opened-hand	Open	11	0418
-66533.31	-52959.915	-102466.53	-17782.469999999998	0.0	0.0	0.0	0.0	0.0	0.0	0.0	0.0	0.0	0.0	0.0	0.0	0.0	0.0	145.79310344827584	0.0	0.027038505	-0.09204078	1.018002765	4.2728	0.57988	0.07629999999999999	3192275.0	1776544774.380215	0.0	1.0	-1.0	-1.0	-1.0	-1.0	-1.0	-1.0	-1.0	-1.0	0.0	marker	opened-hand	Open	11	0418
-66528.45	-52959.195	-102512.205	-17786.114999999998	0.0	0.0	0.0	0.0	0.0	0.0	0.0	0.0	0.0	0.0	0.0	0.0	0.0	0.0	145.79310344827584	0.0	0.027038505	-0.09204078	1.018002765	4.2728	0.57988	0.07629999999999999	3192276.0	1776544774.38024	0.0	1.0	-1.0	-1.0	-1.0	-1.0	-1.0	-1.0	-1.0	-1.0	0.0	marker	opened-hand	Open	11	0418
-66542.44499999999	-52950.42	-102526.245	-17801.145	0.0	0.0	0.0	0.0	0.0	0.0	0.0	0.0	0.0	0.0	0.0	0.0	0.0	0.0	145.79310344827584	0.0	0.027038505	-0.09204078	1.018002765	4.2728	0.57988	0.07629999999999999	3192277.0	1776544774.380256	0.0	1.0	-1.0	-1.0	-1.0	-1.0	-1.0	-1.0	-1.0	-1.0	0.0	marker	opened-hand	Open	11	0418
-66538.44	-52942.68	-102525.165	-17807.219999999998	0.0	0.0	0.0	0.0	0.0	0.0	0.0	0.0	0.0	0.0	0.0	0.0	0.0	0.0	145.79310344827584	0.0	0.027038505	-0.09204078	1.018002765	4.2728	0.57988	0.07629999999999999	3192278.0	1776544774.38028	0.0	1.0	-1.0	-1.0	-1.0	-1.0	-1.0	-1.0	-1.0	-1.0	0.0	marker	opened-hand	Open	11	0418
-66531.87	-52939.53	-102538.75499999999	-17815.815	0.0	0.0	0.0	0.0	0.0	0.0	0.0	0.0	0.0	0.0	0.0	0.0	0.0	0.0	145.79310344827584	0.0	0.027038505	-0.09204078	1.018002765	4.2728	0.57988	0.07629999999999999	3192279.0	1776544774.380296	0.0	1.0	-1.0	-1.0	-1.0	-1.0	-1.0	-1.0	-1.0	-1.0	0.0	marker	opened-hand	Open	11	0418
-66507.56999999999	-52927.965	-102505.815	-17781.885	0.0	0.0	0.0	0.0	0.0	0.0	0.0	0.0	0.0	0.0	0.0	0.0	0.0	0.0	145.79310344827584	0.0	0.027038505	-0.09204078	1.018002765	4.2728	0.57988	0.07629999999999999	3192280.0	1776544774.380321	0.0	1.0	-1.0	-1.0	-1.0	-1.0	-1.0	-1.0	-1.0	-1.0	0.0	marker	opened-hand	Open	11	0418
-66540.915	-52919.595	-102539.655	-17818.155	0.0	0.0	0.0	0.0	0.0	0.0	0.0	0.0	0.0	0.0	0.0	0.0	0.0	0.0	145.79310344827584	0.0	0.027038505	-0.09204078	1.018002765	4.2728	0.57988	0.07629999999999999	3192281.0	1776544774.380338	0.0	1.0	-1.0	-1.0	-1.0	-1.0	-1.0	-1.0	-1.0	-1.0	0.0	marker	opened-hand	Open	11	0418
-66535.47	-52920.54	-102500.19	-17773.245	0.0	0.0	0.0	0.0	0.0	0.0	0.0	0.0	0.0	0.0	0.0	0.0	0.0	0.0	145.79310344827584	0.0	0.027038505	-0.09204078	1.018002765	4.2728	0.57988	0.07629999999999999	3192282.0	1776544774.380359	0.0	1.0	-1.0	-1.0	-1.0	-1.0	-1.0	-1.0	-1.0	-1.0	0.0	marker	opened-hand	Open	11	0418
-66445.83	-52925.265	-102345.165	-17621.37	0.0	0.0	0.0	0.0	0.0	0.0	0.0	0.0	0.0	0.0	0.0	0.0	0.0	0.0	145.79310344827584	0.0	0.027038505	-0.09204078	1.018002765	4.2728	0.57988	0.07629999999999999	3192283.0	1776544774.380376	0.0	1.0	-1.0	-1.0	-1.0	-1.0	-1.0	-1.0	-1.0	-1.0	0.0	marker	opened-hand	Open	11	0418
-66439.89	-52931.61	-102392.37	-17688.42	0.0	0.0	0.0	0.0	0.0	0.0	0.0	0.0	0.0	0.0	0.0	0.0	0.0	0.0	145.79310344827584	0.0	0.031799235	-0.08996559	1.0147068750000001	3.6013599999999997	0.30519999999999997	0.50358	3192284.0	1776544774.380397	0.0	1.0	-1.0	-1.0	-1.0	-1.0	-1.0	-1.0	-1.0	-1.0	0.0	marker	opened-hand	Open	11	0418
-66401.775	-52926.84	-102433.23	-17718.614999999998	0.0	0.0	0.0	0.0	0.0	0.0	0.0	0.0	0.0	0.0	0.0	0.0	0.0	0.0	145.79310344827584	0.0	0.031799235	-0.08996559	1.0147068750000001	3.6013599999999997	0.30519999999999997	0.50358	3192285.0	1776544774.380414	0.0	1.0	-1.0	-1.0	-1.0	-1.0	-1.0	-1.0	-1.0	-1.0	0.0	marker	opened-hand	Open	11	0418
-66445.02	-52924.32	-102478.815	-17791.785	0.0	0.0	0.0	0.0	0.0	0.0	0.0	0.0	0.0	0.0	0.0	0.0	0.0	0.0	145.79310344827584	0.0	0.031799235	-0.08996559	1.0147068750000001	3.6013599999999997	0.30519999999999997	0.50358	3192286.0	1776544774.380436	0.0	1.0	-1.0	-1.0	-1.0	-1.0	-1.0	-1.0	-1.0	-1.0	0.0	marker	opened-hand	Open	11	0418
-66653.415	-52927.155	-102588.165	-17907.93	0.0	0.0	0.0	0.0	0.0	0.0	0.0	0.0	0.0	0.0	0.0	0.0	0.0	0.0	145.79310344827584	0.0	0.031799235	-0.08996559	1.0147068750000001	3.6013599999999997	0.30519999999999997	0.50358	3192287.0	1776544774.380453	0.0	1.0	-1.0	-1.0	-1.0	-1.0	-1.0	-1.0	-1.0	-1.0	0.0	marker	opened-hand	Open	11	0418
-66586.23	-52906.725	-102495.64499999999	-17791.92	0.0	0.0	0.0	0.0	0.0	0.0	0.0	0.0	0.0	0.0	0.0	0.0	0.0	0.0	145.79310344827584	0.0	0.031799235	-0.08996559	1.0147068750000001	3.6013599999999997	0.30519999999999997	0.50358	3192288.0	1776544774.380477	0.0	1.0	-1.0	-1.0	-1.0	-1.0	-1.0	-1.0	-1.0	-1.0	0.0	marker	opened-hand	Open	11	0418
-66519.63	-52890.119999999995	-102534.795	-17797.094999999998	0.0	0.0	0.0	0.0	0.0	0.0	0.0	0.0	0.0	0.0	0.0	0.0	0.0	0.0	145.79310344827584	0.0	0.031799235	-0.08996559	1.0147068750000001	3.6013599999999997	0.30519999999999997	0.50358	3192289.0	1776544774.380494	0.0	1.0	-1.0	-1.0	-1.0	-1.0	-1.0	-1.0	-1.0	-1.0	0.0	marker	opened-hand	Open	11	0418
-66596.08499999999	-52894.53	-102593.34	-17853.255	0.0	0.0	0.0	0.0	0.0	0.0	0.0	0.0	0.0	0.0	0.0	0.0	0.0	0.0	145.79310344827584	0.0	0.031799235	-0.08996559	1.0147068750000001	3.6013599999999997	0.30519999999999997	0.50358	3192290.0	1776544774.38052	0.0	1.0	-1.0	-1.0	-1.0	-1.0	-1.0	-1.0	-1.0	-1.0	0.0	marker	opened-hand	Open	11	0418
-66536.73	-52894.935	-102550.40999999999	-17840.25	0.0	0.0	0.0	0.0	0.0	0.0	0.0	0.0	0.0	0.0	0.0	0.0	0.0	0.0	145.79310344827584	0.0	0.031799235	-0.08996559	1.0147068750000001	3.6013599999999997	0.30519999999999997	0.50358	3192291.0	1776544774.380536	0.0	1.0	-1.0	-1.0	-1.0	-1.0	-1.0	-1.0	-1.0	-1.0	0.0	marker	opened-hand	Open	11	0418
-66556.395	-52899.21	-102548.47499999999	-17841.195	0.0	0.0	0.0	0.0	0.0	0.0	0.0	0.0	0.0	0.0	0.0	0.0	0.0	0.0	145.79310344827584	0.0	0.031799235	-0.08996559	1.0147068750000001	3.6013599999999997	0.30519999999999997	0.50358	3192292.0	1776544774.380559	0.0	1.0	-1.0	-1.0	-1.0	-1.0	-1.0	-1.0	-1.0	-1.0	0.0	marker	opened-hand	Open	11	0418
-66605.355	-52892.505	-102561.93	-17879.67	0.0	0.0	0.0	0.0	0.0	0.0	0.0	0.0	0.0	0.0	0.0	0.0	0.0	0.0	145.79310344827584	0.0	0.031799235	-0.08996559	1.0147068750000001	3.6013599999999997	0.30519999999999997	0.50358	3192293.0	1776544774.380576	0.0	1.0	-1.0	-1.0	-1.0	-1.0	-1.0	-1.0	-1.0	-1.0	0.0	marker	opened-hand	Open	11	0418
-66568.59	-52889.759999999995	-102572.55	-17857.665	0.0	0.0	0.0	0.0	0.0	0.0	0.0	0.0	0.0	0.0	0.0	0.0	0.0	0.0	145.79310344827584	0.0	0.03625479	-0.087585225	1.01134995	2.2127	1.0682	0.8087799999999999	3192294.0	1776544774.380598	0.0	1.0	-1.0	-1.0	-1.0	-1.0	-1.0	-1.0	-1.0	-1.0	0.0	marker	opened-hand	Open	11	0418
-66497.44499999999	-52887.915	-102531.78	-17795.745	0.0	0.0	0.0	0.0	0.0	0.0	0.0	0.0	0.0	0.0	0.0	0.0	0.0	0.0	145.79310344827584	0.0	0.03625479	-0.087585225	1.01134995	2.2127	1.0682	0.8087799999999999	3192295.0	1776544774.380614	0.0	1.0	-1.0	-1.0	-1.0	-1.0	-1.0	-1.0	-1.0	-1.0	0.0	marker	opened-hand	Open	11	0418
-66449.925	-52884.99	-102406.23	-17673.524999999998	0.0	0.0	0.0	0.0	0.0	0.0	0.0	0.0	0.0	0.0	0.0	0.0	0.0	0.0	145.79310344827584	0.0	0.03625479	-0.087585225	1.01134995	2.2127	1.0682	0.8087799999999999	3192296.0	1776544774.380635	0.0	1.0	-1.0	-1.0	-1.0	-1.0	-1.0	-1.0	-1.0	-1.0	0.0	marker	opened-hand	Open	11	0418
-66528.9	-52890.03	-102497.08499999999	-17765.19	0.0	0.0	0.0	0.0	0.0	0.0	0.0	0.0	0.0	0.0	0.0	0.0	0.0	0.0	145.79310344827584	0.0	0.03625479	-0.087585225	1.01134995	2.2127	1.0682	0.8087799999999999	3192297.0	1776544774.380652	0.0	1.0	-1.0	-1.0	-1.0	-1.0	-1.0	-1.0	-1.0	-1.0	0.0	marker	opened-hand	Open	11	0418
-66600.405	-52895.52	-102614.22	-17895.105	0.0	0.0	0.0	0.0	0.0	0.0	0.0	0.0	0.0	0.0	0.0	0.0	0.0	0.0	145.79310344827584	0.0	0.03625479	-0.087585225	1.01134995	2.2127	1.0682	0.8087799999999999	3192298.0	1776544774.380679	0.0	1.0	-1.0	-1.0	-1.0	-1.0	-1.0	-1.0	-1.0	-1.0	0.0	marker	opened-hand	Open	11	0418
-66595.31999999999	-52904.025	-102618.62999999999	-17906.805	0.0	0.0	0.0	0.0	0.0	0.0	0.0	0.0	0.0	0.0	0.0	0.0	0.0	0.0	145.79310344827584	0.0	0.03625479	-0.087585225	1.01134995	2.2127	1.0682	0.8087799999999999	3192299.0	1776544774.380696	0.0	1.0	-1.0	-1.0	-1.0	-1.0	-1.0	-1.0	-1.0	-1.0	0.0	marker	opened-hand	Open	11	0418
-66545.145	-52919.189999999995	-102584.025	-17875.079999999998	0.0	0.0	0.0	0.0	0.0	0.0	0.0	0.0	0.0	0.0	0.0	0.0	0.0	0.0	145.79310344827584	0.0	0.03625479	-0.087585225	1.01134995	2.2127	1.0682	0.8087799999999999	3192300.0	1776544774.380716	0.0	1.0	-1.0	-1.0	-1.0	-1.0	-1.0	-1.0	-1.0	-1.0	0.0	marker	opened-hand	Open	11	0418
-66392.775	-52920.09	-102404.15999999999	-17713.934999999998	0.0	0.0	0.0	0.0	0.0	0.0	0.0	0.0	0.0	0.0	0.0	0.0	0.0	0.0	145.79310344827584	0.0	0.03625479	-0.087585225	1.01134995	2.2127	1.0682	0.8087799999999999	3192301.0	1776544774.380733	0.0	1.0	-1.0	-1.0	-1.0	-1.0	-1.0	-1.0	-1.0	-1.0	0.0	marker	opened-hand	Open	11	0418
-66276.81	-52917.255	-102263.67	-17569.215	0.0	0.0	0.0	0.0	0.0	0.0	0.0	0.0	0.0	0.0	0.0	0.0	0.0	0.0	145.79310344827584	0.0	0.03625479	-0.087585225	1.01134995	2.2127	1.0682	0.8087799999999999	3192302.0	1776544774.380755	0.0	1.0	-1.0	-1.0	-1.0	-1.0	-1.0	-1.0	-1.0	-1.0	0.0	marker	opened-hand	Open	11	0418
-66442.995	-52915.994999999995	-102395.15999999999	-17662.545	0.0	0.0	0.0	0.0	0.0	0.0	0.0	0.0	0.0	0.0	0.0	0.0	0.0	0.0	145.79310344827584	0.0	0.03625479	-0.087585225	1.01134995	2.2127	1.0682	0.8087799999999999	3192303.0	1776544774.380771	0.0	1.0	-1.0	-1.0	-1.0	-1.0	-1.0	-1.0	-1.0	-1.0	0.0	marker	opened-hand	Open	11	0418
-66704.58	-52919.189999999995	-102672.72	-17931.96	0.0	0.0	0.0	0.0	0.0	0.0	0.0	0.0	0.0	0.0	0.0	0.0	0.0	0.0	145.79310344827584	0.0	0.032653725	-0.09387183	1.01330307	2.33478	0.6867	0.04578	3192304.0	1776544774.380791	0.0	1.0	-1.0	-1.0	-1.0	-1.0	-1.0	-1.0	-1.0	-1.0	0.0	marker	opened-hand	Open	11	0418
-66633.56999999999	-52912.979999999996	-102653.055	-17927.235	0.0	0.0	0.0	0.0	0.0	0.0	0.0	0.0	0.0	0.0	0.0	0.0	0.0	0.0	145.79310344827584	0.0	0.032653725	-0.09387183	1.01330307	2.33478	0.6867	0.04578	3192305.0	1776544774.380808	0.0	1.0	-1.0	-1.0	-1.0	-1.0	-1.0	-1.0	-1.0	-1.0	0.0	marker	opened-hand	Open	11	0418
-66575.655	-52897.814999999995	-102560.22	-17867.475	0.0	0.0	0.0	0.0	0.0	0.0	0.0	0.0	0.0	0.0	0.0	0.0	0.0	0.0	145.79310344827584	0.0	0.032653725	-0.09387183	1.01330307	2.33478	0.6867	0.04578	3192306.0	1776544774.385717	0.0	1.0	-1.0	-1.0	-1.0	-1.0	-1.0	-1.0	-1.0	-1.0	0.0	marker	opened-hand	Open	11	0418
-66556.08	-52895.88	-102509.55	-17837.774999999998	0.0	0.0	0.0	0.0	0.0	0.0	0.0	0.0	0.0	0.0	0.0	0.0	0.0	0.0	145.79310344827584	0.0	0.032653725	-0.09387183	1.01330307	2.33478	0.6867	0.04578	3192307.0	1776544774.385746	0.0	1.0	-1.0	-1.0	-1.0	-1.0	-1.0	-1.0	-1.0	-1.0	0.0	marker	opened-hand	Open	11	0418
-66572.145	-52912.53	-102482.86499999999	-17825.985	0.0	0.0	0.0	0.0	0.0	0.0	0.0	0.0	0.0	0.0	0.0	0.0	0.0	0.0	145.79310344827584	0.0	0.032653725	-0.09387183	1.01330307	2.33478	0.6867	0.04578	3192308.0	1776544774.385787	0.0	1.0	-1.0	-1.0	-1.0	-1.0	-1.0	-1.0	-1.0	-1.0	0.0	marker	opened-hand	Open	11	0418
-66431.205	-52919.415	-102334.40999999999	-17675.73	0.0	0.0	0.0	0.0	0.0	0.0	0.0	0.0	0.0	0.0	0.0	0.0	0.0	0.0	145.79310344827584	0.0	0.032653725	-0.09387183	1.01330307	2.33478	0.6867	0.04578	3192309.0	1776544774.385807	0.0	1.0	-1.0	-1.0	-1.0	-1.0	-1.0	-1.0	-1.0	-1.0	0.0	marker	opened-hand	Open	11	0418
-66406.635	-52925.4	-102364.245	-17629.38	0.0	0.0	0.0	0.0	0.0	0.0	0.0	0.0	0.0	0.0	0.0	0.0	0.0	0.0	145.79310344827584	0.0	0.032653725	-0.09387183	1.01330307	2.33478	0.6867	0.04578	3192310.0	1776544774.38883	0.0	1.0	-1.0	-1.0	-1.0	-1.0	-1.0	-1.0	-1.0	-1.0	0.0	marker	opened-hand	Open	11	0418
-66539.79	-52940.43	-102580.155	-17823.42	0.0	0.0	0.0	0.0	0.0	0.0	0.0	0.0	0.0	0.0	0.0	0.0	0.0	0.0	145.79310344827584	0.0	0.032653725	-0.09387183	1.01330307	2.33478	0.6867	0.04578	3192311.0	1776544774.38886	0.0	1.0	-1.0	-1.0	-1.0	-1.0	-1.0	-1.0	-1.0	-1.0	0.0	marker	opened-hand	Open	11	0418
-66567.87	-52939.395	-102637.575	-17879.535	0.0	0.0	0.0	0.0	0.0	0.0	0.0	0.0	0.0	0.0	0.0	0.0	0.0	0.0	145.79310344827584	0.0	0.032653725	-0.09387183	1.01330307	2.33478	0.6867	0.04578	3192312.0	1776544774.390951	0.0	1.0	-1.0	-1.0	-1.0	-1.0	-1.0	-1.0	-1.0	-1.0	0.0	marker	opened-hand	Open	11	0418
-66549.87	-52931.655	-102609.18	-17859.96	0.0	0.0	0.0	0.0	0.0	0.0	0.0	0.0	0.0	0.0	0.0	0.0	0.0	0.0	145.79310344827584	0.0	0.032653725	-0.09387183	1.01330307	2.33478	0.6867	0.04578	3192313.0	1776544774.390962	0.0	1.0	-1.0	-1.0	-1.0	-1.0	-1.0	-1.0	-1.0	-1.0	0.0	marker	opened-hand	Open	11	0418
-66545.81999999999	-52923.329999999994	-102564.62999999999	-17829.675	0.0	0.0	0.0	0.0	0.0	0.0	0.0	0.0	0.0	0.0	0.0	0.0	0.0	0.0	145.79310344827584	0.0	0.034240635	-0.09606909	1.01342514	2.31952	0.79352	0.09156	3192314.0	1776544774.395926	0.0	1.0	-1.0	-1.0	-1.0	-1.0	-1.0	-1.0	-1.0	-1.0	0.0	marker	opened-hand	Open	11	0418
-66560.265	-52924.14	-102550.31999999999	-17821.575	0.0	0.0	0.0	0.0	0.0	0.0	0.0	0.0	0.0	0.0	0.0	0.0	0.0	0.0	145.79310344827584	0.0	0.034240635	-0.09606909	1.01342514	2.31952	0.79352	0.09156	3192315.0	1776544774.395947	0.0	1.0	-1.0	-1.0	-1.0	-1.0	-1.0	-1.0	-1.0	-1.0	0.0	marker	opened-hand	Open	11	0418
-66606.03	-52941.195	-102586.095	-17857.755	0.0	0.0	0.0	0.0	0.0	0.0	0.0	0.0	0.0	0.0	0.0	0.0	0.0	0.0	145.79310344827584	0.0	0.034240635	-0.09606909	1.01342514	2.31952	0.79352	0.09156	3192316.0	1776544774.401245	0.0	1.0	-1.0	-1.0	-1.0	-1.0	-1.0	-1.0	-1.0	-1.0	0.0	marker	opened-hand	Open	11	0418
-66582.63	-52947.045	-102565.665	-17836.29	0.0	0.0	0.0	0.0	0.0	0.0	0.0	0.0	0.0	0.0	0.0	0.0	0.0	0.0	145.79310344827584	0.0	0.034240635	-0.09606909	1.01342514	2.31952	0.79352	0.09156	3192317.0	1776544774.401266	0.0	1.0	-1.0	-1.0	-1.0	-1.0	-1.0	-1.0	-1.0	-1.0	0.0	marker	opened-hand	Open	11	0418
-66552.345	-52948.35	-102548.34	-17831.475	0.0	0.0	0.0	0.0	0.0	0.0	0.0	0.0	0.0	0.0	0.0	0.0	0.0	0.0	145.79310344827584	0.0	0.034240635	-0.09606909	1.01342514	2.31952	0.79352	0.09156	3192318.0	1776544774.403519	0.0	1.0	-1.0	-1.0	-1.0	-1.0	-1.0	-1.0	-1.0	-1.0	0.0	marker	opened-hand	Open	11	0418
-66541.635	-52947.045	-102539.7	-17818.649999999998	0.0	0.0	0.0	0.0	0.0	0.0	0.0	0.0	0.0	0.0	0.0	0.0	0.0	0.0	145.79310344827584	0.0	0.034240635	-0.09606909	1.01342514	2.31952	0.79352	0.09156	3192319.0	1776544774.403538	0.0	1.0	-1.0	-1.0	-1.0	-1.0	-1.0	-1.0	-1.0	-1.0	0.0	marker	opened-hand	Open	11	0418
-66500.91	-52949.655	-102457.70999999999	-17747.325	0.0	0.0	0.0	0.0	0.0	0.0	0.0	0.0	0.0	0.0	0.0	0.0	0.0	0.0	145.79310344827584	0.0	0.034240635	-0.09606909	1.01342514	2.31952	0.79352	0.09156	3192320.0	1776544774.406968	0.0	1.0	-1.0	-1.0	-1.0	-1.0	-1.0	-1.0	-1.0	-1.0	0.0	marker	opened-hand	Open	11	0418
-66537.675	-52937.415	-102511.34999999999	-17793.945	0.0	0.0	0.0	0.0	0.0	0.0	0.0	0.0	0.0	0.0	0.0	0.0	0.0	0.0	145.79310344827584	0.0	0.034240635	-0.09606909	1.01342514	2.31952	0.79352	0.09156	3192321.0	1776544774.406986	0.0	1.0	-1.0	-1.0	-1.0	-1.0	-1.0	-1.0	-1.0	-1.0	0.0	marker	opened-hand	Open	11	0418
-66492.045	-52927.515	-102512.87999999999	-17779.005	0.0	0.0	0.0	0.0	0.0	0.0	0.0	0.0	0.0	0.0	0.0	0.0	0.0	0.0	145.79310344827584	0.0	0.034240635	-0.09606909	1.01342514	2.31952	0.79352	0.09156	3192322.0	1776544774.411018	0.0	1.0	-1.0	-1.0	-1.0	-1.0	-1.0	-1.0	-1.0	-1.0	0.0	marker	opened-hand	Open	11	0418
-66453.165	-52925.759999999995	-102440.34	-17736.84	0.0	0.0	0.0	0.0	0.0	0.0	0.0	0.0	0.0	0.0	0.0	0.0	0.0	0.0	145.79310344827584	0.0	0.034240635	-0.09606909	1.01342514	2.31952	0.79352	0.09156	3192323.0	1776544774.411037	0.0	1.0	-1.0	-1.0	-1.0	-1.0	-1.0	-1.0	-1.0	-1.0	0.0	marker	opened-hand	Open	11	0418
-66516.705	-52935.884999999995	-102485.655	-17766.315	0.0	0.0	0.0	0.0	0.0	0.0	0.0	0.0	0.0	0.0	0.0	0.0	0.0	0.0	145.79310344827584	0.0	0.030090255	-0.09484839	1.01635482	2.9757	0.6714399999999999	-0.27468	3192324.0	1776544774.460888	0.0	1.0	-1.0	-1.0	-1.0	-1.0	-1.0	-1.0	-1.0	-1.0	0.0	marker	opened-hand	Open	11	0418
-66568.68	-52950.465	-102553.37999999999	-17827.92	0.0	0.0	0.0	0.0	0.0	0.0	0.0	0.0	0.0	0.0	0.0	0.0	0.0	0.0	145.79310344827584	0.0	0.030090255	-0.09484839	1.01635482	2.9757	0.6714399999999999	-0.27468	3192325.0	1776544774.460921	0.0	1.0	-1.0	-1.0	-1.0	-1.0	-1.0	-1.0	-1.0	-1.0	0.0	marker	opened-hand	Open	11	0418
-66601.305	-52959.915	-102584.87999999999	-17863.559999999998	0.0	0.0	0.0	0.0	0.0	0.0	0.0	0.0	0.0	0.0	0.0	0.0	0.0	0.0	145.79310344827584	0.0	0.030090255	-0.09484839	1.01635482	2.9757	0.6714399999999999	-0.27468	3192326.0	1776544774.460955	0.0	1.0	-1.0	-1.0	-1.0	-1.0	-1.0	-1.0	-1.0	-1.0	0.0	marker	opened-hand	Open	11	0418
-66558.59999999999	-52948.71	-102552.705	-17836.02	0.0	0.0	0.0	0.0	0.0	0.0	0.0	0.0	0.0	0.0	0.0	0.0	0.0	0.0	145.79310344827584	0.0	0.030090255	-0.09484839	1.01635482	2.9757	0.6714399999999999	-0.27468	3192327.0	1776544774.460974	0.0	1.0	-1.0	-1.0	-1.0	-1.0	-1.0	-1.0	-1.0	-1.0	0.0	marker	opened-hand	Open	11	0418
-66490.38	-52939.619999999995	-102481.425	-17765.864999999998	0.0	0.0	0.0	0.0	0.0	0.0	0.0	0.0	0.0	0.0	0.0	0.0	0.0	0.0	145.79310344827584	0.0	0.030090255	-0.09484839	1.01635482	2.9757	0.6714399999999999	-0.27468	3192328.0	1776544774.46101	0.0	1.0	-1.0	-1.0	-1.0	-1.0	-1.0	-1.0	-1.0	-1.0	0.0	marker	opened-hand	Open	11	0418
-66464.775	-52932.78	-102429.94499999999	-17713.755	0.0	0.0	0.0	0.0	0.0	0.0	0.0	0.0	0.0	0.0	0.0	0.0	0.0	0.0	145.79310344827584	0.0	0.030090255	-0.09484839	1.01635482	2.9757	0.6714399999999999	-0.27468	3192329.0	1776544774.461029	0.0	1.0	-1.0	-1.0	-1.0	-1.0	-1.0	-1.0	-1.0	-1.0	0.0	marker	opened-hand	Open	11	0418
-66495.51	-52924.86	-102426.56999999999	-17710.065	0.0	0.0	0.0	0.0	0.0	0.0	0.0	0.0	0.0	0.0	0.0	0.0	0.0	0.0	145.79310344827584	0.0	0.030090255	-0.09484839	1.01635482	2.9757	0.6714399999999999	-0.27468	3192330.0	1776544774.461054	0.0	1.0	-1.0	-1.0	-1.0	-1.0	-1.0	-1.0	-1.0	-1.0	0.0	marker	opened-hand	Open	11	0418
-66518.595	-52923.104999999996	-102448.08	-17757.719999999998	0.0	0.0	0.0	0.0	0.0	0.0	0.0	0.0	0.0	0.0	0.0	0.0	0.0	0.0	145.79310344827584	0.0	0.030090255	-0.09484839	1.01635482	2.9757	0.6714399999999999	-0.27468	3192331.0	1776544774.461073	0.0	1.0	-1.0	-1.0	-1.0	-1.0	-1.0	-1.0	-1.0	-1.0	0.0	marker	opened-hand	Open	11	0418
-66449.565	-52933.095	-102452.58	-17763.84	0.0	0.0	0.0	0.0	0.0	0.0	0.0	0.0	0.0	0.0	0.0	0.0	0.0	0.0	145.79310344827584	0.0	0.030090255	-0.09484839	1.01635482	2.9757	0.6714399999999999	-0.27468	3192332.0	1776544774.461095	0.0	1.0	-1.0	-1.0	-1.0	-1.0	-1.0	-1.0	-1.0	-1.0	0.0	marker	opened-hand	Open	11	0418
-66475.755	-52946.549999999996	-102486.015	-17775.18	0.0	0.0	0.0	0.0	0.0	0.0	0.0	0.0	0.0	0.0	0.0	0.0	0.0	0.0	145.79310344827584	0.0	0.030090255	-0.09484839	1.01635482	2.9757	0.6714399999999999	-0.27468	3192333.0	1776544774.461113	0.0	1.0	-1.0	-1.0	-1.0	-1.0	-1.0	-1.0	-1.0	-1.0	0.0	marker	opened-hand	Open	11	0418
-66558.915	-52958.115	-102532.635	-17821.305	0.0	0.0	0.0	0.0	0.0	0.0	0.0	0.0	0.0	0.0	0.0	0.0	0.0	0.0	145.79310344827584	0.0	0.024719175	-0.09423804	1.01855208	4.01338	-0.07629999999999999	-0.3815	3192334.0	1776544774.461135	0.0	1.0	-1.0	-1.0	-1.0	-1.0	-1.0	-1.0	-1.0	-1.0	0.0	marker	opened-hand	Open	11	0418
-66602.88	-52975.665	-102605.12999999999	-17885.385	0.0	0.0	0.0	0.0	0.0	0.0	0.0	0.0	0.0	0.0	0.0	0.0	0.0	0.0	145.79310344827584	0.0	0.024719175	-0.09423804	1.01855208	4.01338	-0.07629999999999999	-0.3815	3192335.0	1776544774.461152	0.0	1.0	-1.0	-1.0	-1.0	-1.0	-1.0	-1.0	-1.0	-1.0	0.0	marker	opened-hand	Open	11	0418
-66537.58499999999	-52983.585	-102581.90999999999	-17858.43	0.0	0.0	0.0	0.0	0.0	0.0	0.0	0.0	0.0	0.0	0.0	0.0	0.0	0.0	145.79310344827584	0.0	0.024719175	-0.09423804	1.01855208	4.01338	-0.07629999999999999	-0.3815	3192336.0	1776544774.461173	0.0	1.0	-1.0	-1.0	-1.0	-1.0	-1.0	-1.0	-1.0	-1.0	0.0	marker	opened-hand	Open	11	0418
-66512.52	-52979.715	-102535.155	-17806.815	0.0	0.0	0.0	0.0	0.0	0.0	0.0	0.0	0.0	0.0	0.0	0.0	0.0	0.0	145.79310344827584	0.0	0.024719175	-0.09423804	1.01855208	4.01338	-0.07629999999999999	-0.3815	3192337.0	1776544774.461191	0.0	1.0	-1.0	-1.0	-1.0	-1.0	-1.0	-1.0	-1.0	-1.0	0.0	marker	opened-hand	Open	11	0418
-66587.895	-52978.86	-102573.855	-17855.37	0.0	0.0	0.0	0.0	0.0	0.0	0.0	0.0	0.0	0.0	0.0	0.0	0.0	0.0	145.79310344827584	0.0	0.024719175	-0.09423804	1.01855208	4.01338	-0.07629999999999999	-0.3815	3192338.0	1776544774.461212	0.0	1.0	-1.0	-1.0	-1.0	-1.0	-1.0	-1.0	-1.0	-1.0	0.0	marker	opened-hand	Open	11	0418
-66603.42	-52982.865	-102585.15	-17872.245	0.0	0.0	0.0	0.0	0.0	0.0	0.0	0.0	0.0	0.0	0.0	0.0	0.0	0.0	145.79310344827584	0.0	0.024719175	-0.09423804	1.01855208	4.01338	-0.07629999999999999	-0.3815	3192339.0	1776544774.46123	0.0	1.0	-1.0	-1.0	-1.0	-1.0	-1.0	-1.0	-1.0	-1.0	0.0	marker	opened-hand	Open	11	0418
-66560.895	-52995.509999999995	-102555.405	-17841.42	0.0	0.0	0.0	0.0	0.0	0.0	0.0	0.0	0.0	0.0	0.0	0.0	0.0	0.0	145.79310344827584	0.0	0.024719175	-0.09423804	1.01855208	4.01338	-0.07629999999999999	-0.3815	3192340.0	1776544774.461251	0.0	1.0	-1.0	-1.0	-1.0	-1.0	-1.0	-1.0	-1.0	-1.0	0.0	marker	opened-hand	Open	11	0418
-66477.555	-52993.215	-102449.11499999999	-17756.055	0.0	0.0	0.0	0.0	0.0	0.0	0.0	0.0	0.0	0.0	0.0	0.0	0.0	0.0	145.79310344827584	0.0	0.024719175	-0.09423804	1.01855208	4.01338	-0.07629999999999999	-0.3815	3192341.0	1776544774.461268	0.0	1.0	-1.0	-1.0	-1.0	-1.0	-1.0	-1.0	-1.0	-1.0	0.0	marker	opened-hand	Open	11	0418
-66515.13	-52988.354999999996	-102479.22	-17786.34	0.0	0.0	0.0	0.0	0.0	0.0	0.0	0.0	0.0	0.0	0.0	0.0	0.0	0.0	145.79310344827584	0.0	0.024719175	-0.09423804	1.01855208	4.01338	-0.07629999999999999	-0.3815	3192342.0	1776544774.461289	0.0	1.0	-1.0	-1.0	-1.0	-1.0	-1.0	-1.0	-1.0	-1.0	0.0	marker	opened-hand	Open	11	0418
-66636.675	-52997.895	-102616.605	-17885.565	0.0	0.0	0.0	0.0	0.0	0.0	0.0	0.0	0.0	0.0	0.0	0.0	0.0	0.0	145.79310344827584	0.0	0.024719175	-0.09423804	1.01855208	4.01338	-0.07629999999999999	-0.3815	3192343.0	1776544774.461306	0.0	1.0	-1.0	-1.0	-1.0	-1.0	-1.0	-1.0	-1.0	-1.0	0.0	marker	opened-hand	Open	11	0418
-66579.93	-52996.905	-102579.03	-17844.48	0.0	0.0	0.0	0.0	0.0	0.0	0.0	0.0	0.0	0.0	0.0	0.0	0.0	0.0	145.79310344827584	0.0	0.0292968	-0.09484839	1.01745345	3.64714	0.25942	-0.47306	3192344.0	1776544774.461328	0.0	1.0	-1.0	-1.0	-1.0	-1.0	-1.0	-1.0	-1.0	-1.0	0.0	marker	opened-hand	Open	11	0418
-66556.44	-52986.329999999994	-102544.875	-17811.315	0.0	0.0	0.0	0.0	0.0	0.0	0.0	0.0	0.0	0.0	0.0	0.0	0.0	0.0	145.79310344827584	0.0	0.0292968	-0.09484839	1.01745345	3.64714	0.25942	-0.47306	3192345.0	1776544774.461345	0.0	1.0	-1.0	-1.0	-1.0	-1.0	-1.0	-1.0	-1.0	-1.0	0.0	marker	opened-hand	Open	11	0418
-66552.48	-52979.759999999995	-102534.25499999999	-17806.454999999998	0.0	0.0	0.0	0.0	0.0	0.0	0.0	0.0	0.0	0.0	0.0	0.0	0.0	0.0	145.79310344827584	0.0	0.0292968	-0.09484839	1.01745345	3.64714	0.25942	-0.47306	3192346.0	1776544774.461366	0.0	1.0	-1.0	-1.0	-1.0	-1.0	-1.0	-1.0	-1.0	-1.0	0.0	marker	opened-hand	Open	11	0418
-66564.22499999999	-52975.439999999995	-102540.375	-17816.895	0.0	0.0	0.0	0.0	0.0	0.0	0.0	0.0	0.0	0.0	0.0	0.0	0.0	0.0	145.79310344827584	0.0	0.0292968	-0.09484839	1.01745345	3.64714	0.25942	-0.47306	3192347.0	1776544774.461384	0.0	1.0	-1.0	-1.0	-1.0	-1.0	-1.0	-1.0	-1.0	-1.0	0.0	marker	opened-hand	Open	11	0418
-66484.575	-52973.415	-102458.97	-17737.11	0.0	0.0	0.0	0.0	0.0	0.0	0.0	0.0	0.0	0.0	0.0	0.0	0.0	0.0	145.79310344827584	0.0	0.0292968	-0.09484839	1.01745345	3.64714	0.25942	-0.47306	3192348.0	1776544774.596356	0.0	1.0	-1.0	-1.0	-1.0	-1.0	-1.0	-1.0	-1.0	-1.0	0.0	marker	opened-hand	Open	11	0418
-66404.565	-52969.32	-102399.345	-17673.57	0.0	0.0	0.0	0.0	0.0	0.0	0.0	0.0	0.0	0.0	0.0	0.0	0.0	0.0	145.79310344827584	0.0	0.0292968	-0.09484839	1.01745345	3.64714	0.25942	-0.47306	3192349.0	1776544774.5964	0.0	1.0	-1.0	-1.0	-1.0	-1.0	-1.0	-1.0	-1.0	-1.0	0.0	marker	opened-hand	Open	11	0418
-66443.48999999999	-52988.354999999996	-102431.205	-17725.005	0.0	0.0	0.0	0.0	0.0	0.0	0.0	0.0	0.0	0.0	0.0	0.0	0.0	0.0	145.79310344827584	0.0	0.0292968	-0.09484839	1.01745345	3.64714	0.25942	-0.47306	3192350.0	1776544774.596436	0.0	1.0	-1.0	-1.0	-1.0	-1.0	-1.0	-1.0	-1.0	-1.0	0.0	marker	opened-hand	Open	11	0418
-66421.89	-52993.665	-102356.55	-17660.745	0.0	0.0	0.0	0.0	0.0	0.0	0.0	0.0	0.0	0.0	0.0	0.0	0.0	0.0	145.79310344827584	0.0	0.0292968	-0.09484839	1.01745345	3.64714	0.25942	-0.47306	3192351.0	1776544774.596485	0.0	1.0	-1.0	-1.0	-1.0	-1.0	-1.0	-1.0	-1.0	-1.0	0.0	marker	opened-hand	Open	11	0418
-66463.29	-52990.515	-102368.97	-17687.655	0.0	0.0	0.0	0.0	0.0	0.0	0.0	0.0	0.0	0.0	0.0	0.0	0.0	0.0	145.79310344827584	0.0	0.0292968	-0.09484839	1.01745345	3.64714	0.25942	-0.47306	3192352.0	1776544774.596511	0.0	1.0	-1.0	-1.0	-1.0	-1.0	-1.0	-1.0	-1.0	-1.0	0.0	marker	opened-hand	Open	11	0418
-66489.61499999999	-52979.445	-102442.68	-17745.704999999998	0.0	0.0	0.0	0.0	0.0	0.0	0.0	0.0	0.0	0.0	0.0	0.0	0.0	0.0	145.79310344827584	0.0	0.0292968	-0.09484839	1.01745345	3.64714	0.25942	-0.47306	3192353.0	1776544774.596529	0.0	1.0	-1.0	-1.0	-1.0	-1.0	-1.0	-1.0	-1.0	-1.0	0.0	marker	opened-hand	Open	11	0418
-66571.56	-52968.284999999996	-102577.72499999999	-17869.005	0.0	0.0	0.0	0.0	0.0	0.0	0.0	0.0	0.0	0.0	0.0	0.0	0.0	0.0	145.79310344827584	0.0	0.03149406	-0.09582495	1.017148275	3.90656	0.06104	-0.9003399999999999	3192354.0	1776544774.596551	0.0	1.0	-1.0	-1.0	-1.0	-1.0	-1.0	-1.0	-1.0	-1.0	0.0	marker	opened-hand	Open	11	0418
-66544.065	-52963.47	-102554.955	-17914.725	0.0	0.0	0.0	0.0	0.0	0.0	0.0	0.0	0.0	0.0	0.0	0.0	0.0	0.0	145.79310344827584	0.0	0.03149406	-0.09582495	1.017148275	3.90656	0.06104	-0.9003399999999999	3192355.0	1776544774.596569	0.0	1.0	-1.0	-1.0	-1.0	-1.0	-1.0	-1.0	-1.0	-1.0	0.0	marker	opened-hand	Open	11	0418
-66501.94499999999	-52964.055	-102490.01999999999	-17804.295	0.0	0.0	0.0	0.0	0.0	0.0	0.0	0.0	0.0	0.0	0.0	0.0	0.0	0.0	145.79310344827584	0.0	0.03149406	-0.09582495	1.017148275	3.90656	0.06104	-0.9003399999999999	3192356.0	1776544774.598536	0.0	1.0	-1.0	-1.0	-1.0	-1.0	-1.0	-1.0	-1.0	-1.0	0.0	marker	opened-hand	Open	11	0418
-66438.045	-52968.329999999994	-102516.56999999999	-17743.094999999998	0.0	0.0	0.0	0.0	0.0	0.0	0.0	0.0	0.0	0.0	0.0	0.0	0.0	0.0	145.79310344827584	0.0	0.03149406	-0.09582495	1.017148275	3.90656	0.06104	-0.9003399999999999	3192357.0	1776544774.598568	0.0	1.0	-1.0	-1.0	-1.0	-1.0	-1.0	-1.0	-1.0	-1.0	0.0	marker	opened-hand	Open	11	0418
-66599.415	-52972.875	-102605.715	-17827.829999999998	0.0	0.0	0.0	0.0	0.0	0.0	0.0	0.0	0.0	0.0	0.0	0.0	0.0	0.0	145.79310344827584	0.0	0.03149406	-0.09582495	1.017148275	3.90656	0.06104	-0.9003399999999999	3192358.0	1776544774.598606	0.0	1.0	-1.0	-1.0	-1.0	-1.0	-1.0	-1.0	-1.0	-1.0	0.0	marker	opened-hand	Open	11	0418
-66681.54	-52975.395	-102684.735	-17946.765	0.0	0.0	0.0	0.0	0.0	0.0	0.0	0.0	0.0	0.0	0.0	0.0	0.0	0.0	145.79310344827584	0.0	0.03149406	-0.09582495	1.017148275	3.90656	0.06104	-0.9003399999999999	3192359.0	1776544774.598624	0.0	1.0	-1.0	-1.0	-1.0	-1.0	-1.0	-1.0	-1.0	-1.0	0.0	marker	opened-hand	Open	11	0418
-66583.98	-52965.405	-102603.915	-17877.105	0.0	0.0	0.0	0.0	0.0	0.0	0.0	0.0	0.0	0.0	0.0	0.0	0.0	0.0	145.79310344827584	0.0	0.03149406	-0.09582495	1.017148275	3.90656	0.06104	-0.9003399999999999	3192360.0	1776544774.598648	0.0	1.0	-1.0	-1.0	-1.0	-1.0	-1.0	-1.0	-1.0	-1.0	0.0	marker	opened-hand	Open	11	0418
-66457.62	-52949.115	-102492.26999999999	-17780.715	0.0	0.0	0.0	0.0	0.0	0.0	0.0	0.0	0.0	0.0	0.0	0.0	0.0	0.0	145.79310344827584	0.0	0.03149406	-0.09582495	1.017148275	3.90656	0.06104	-0.9003399999999999	3192361.0	1776544774.598665	0.0	1.0	-1.0	-1.0	-1.0	-1.0	-1.0	-1.0	-1.0	-1.0	0.0	marker	opened-hand	Open	11	0418
-66526.69499999999	-52940.564999999995	-102545.50499999999	-17832.69	0.0	0.0	0.0	0.0	0.0	0.0	0.0	0.0	0.0	0.0	0.0	0.0	0.0	0.0	145.79310344827584	0.0	0.03149406	-0.09582495	1.017148275	3.90656	0.06104	-0.9003399999999999	3192362.0	1776544774.598686	0.0	1.0	-1.0	-1.0	-1.0	-1.0	-1.0	-1.0	-1.0	-1.0	0.0	marker	opened-hand	Open	11	0418
-66643.155	-52942.365	-102607.47	-17880.12	0.0	0.0	0.0	0.0	0.0	0.0	0.0	0.0	0.0	0.0	0.0	0.0	0.0	0.0	145.79310344827584	0.0	0.03149406	-0.09582495	1.017148275	3.90656	0.06104	-0.9003399999999999	3192363.0	1776544774.598703	0.0	1.0	-1.0	-1.0	-1.0	-1.0	-1.0	-1.0	-1.0	-1.0	0.0	marker	opened-hand	Open	11	0418
-66558.06	-52939.034999999996	-102521.205	-17815.995	0.0	0.0	0.0	0.0	0.0	0.0	0.0	0.0	0.0	0.0	0.0	0.0	0.0	0.0	145.79310344827584	0.0	0.03027336	-0.09503149500000001	1.013181	4.77638	-0.16785999999999998	-1.3734	3192364.0	1776544774.598723	0.0	1.0	-1.0	-1.0	-1.0	-1.0	-1.0	-1.0	-1.0	-1.0	0.0	marker	opened-hand	Open	11	0418
-66510.27	-52937.28	-102444.435	-17754.12	0.0	0.0	0.0	0.0	0.0	0.0	0.0	0.0	0.0	0.0	0.0	0.0	0.0	0.0	145.79310344827584	0.0	0.03027336	-0.09503149500000001	1.013181	4.77638	-0.16785999999999998	-1.3734	3192365.0	1776544774.59874	0.0	1.0	-1.0	-1.0	-1.0	-1.0	-1.0	-1.0	-1.0	-1.0	0.0	marker	opened-hand	Open	11	0418
-66507.56999999999	-52942.905	-102435.705	-17742.96	0.0	0.0	0.0	0.0	0.0	0.0	0.0	0.0	0.0	0.0	0.0	0.0	0.0	0.0	145.79310344827584	0.0	0.03027336	-0.09503149500000001	1.013181	4.77638	-0.16785999999999998	-1.3734	3192366.0	1776544774.598762	0.0	1.0	-1.0	-1.0	-1.0	-1.0	-1.0	-1.0	-1.0	-1.0	0.0	marker	opened-hand	Open	11	0418
-66505.72499999999	-52949.43	-102510.94499999999	-17790.075	0.0	0.0	0.0	0.0	0.0	0.0	0.0	0.0	0.0	0.0	0.0	0.0	0.0	0.0	145.79310344827584	0.0	0.03027336	-0.09503149500000001	1.013181	4.77638	-0.16785999999999998	-1.3734	3192367.0	1776544774.598778	0.0	1.0	-1.0	-1.0	-1.0	-1.0	-1.0	-1.0	-1.0	-1.0	0.0	marker	opened-hand	Open	11	0418
-66487.995	-52955.369999999995	-102548.06999999999	-17817.975	0.0	0.0	0.0	0.0	0.0	0.0	0.0	0.0	0.0	0.0	0.0	0.0	0.0	0.0	145.79310344827584	0.0	0.03027336	-0.09503149500000001	1.013181	4.77638	-0.16785999999999998	-1.3734	3192368.0	1776544774.598799	0.0	1.0	-1.0	-1.0	-1.0	-1.0	-1.0	-1.0	-1.0	-1.0	0.0	marker	opened-hand	Open	11	0418
-66469.905	-52949.744999999995	-102471.165	-17752.68	0.0	0.0	0.0	0.0	0.0	0.0	0.0	0.0	0.0	0.0	0.0	0.0	0.0	0.0	145.79310344827584	0.0	0.03027336	-0.09503149500000001	1.013181	4.77638	-0.16785999999999998	-1.3734	3192369.0	1776544774.598816	0.0	1.0	-1.0	-1.0	-1.0	-1.0	-1.0	-1.0	-1.0	-1.0	0.0	marker	opened-hand	Open	11	0418
-66488.805	-52943.985	-102427.29	-17714.07	0.0	0.0	0.0	0.0	0.0	0.0	0.0	0.0	0.0	0.0	0.0	0.0	0.0	0.0	145.79310344827584	0.0	0.03027336	-0.09503149500000001	1.013181	4.77638	-0.16785999999999998	-1.3734	3192370.0	1776544774.598845	0.0	1.0	-1.0	-1.0	-1.0	-1.0	-1.0	-1.0	-1.0	-1.0	0.0	marker	opened-hand	Open	11	0418
-66548.295	-52953.39	-102479.84999999999	-17762.895	0.0	0.0	0.0	0.0	0.0	0.0	0.0	0.0	0.0	0.0	0.0	0.0	0.0	0.0	145.79310344827584	0.0	0.03027336	-0.09503149500000001	1.013181	4.77638	-0.16785999999999998	-1.3734	3192371.0	1776544774.598861	0.0	1.0	-1.0	-1.0	-1.0	-1.0	-1.0	-1.0	-1.0	-1.0	0.0	marker	opened-hand	Open	11	0418
-66556.62	-52958.97	-102545.81999999999	-17807.76	0.0	0.0	0.0	0.0	0.0	0.0	0.0	0.0	0.0	0.0	0.0	0.0	0.0	0.0	145.79310344827584	0.0	0.03027336	-0.09503149500000001	1.013181	4.77638	-0.16785999999999998	-1.3734	3192372.0	1776544774.598882	0.0	1.0	-1.0	-1.0	-1.0	-1.0	-1.0	-1.0	-1.0	-1.0	0.0	marker	opened-hand	Open	11	0418
-66519.495	-52960.185	-102548.34	-17815.094999999998	0.0	0.0	0.0	0.0	0.0	0.0	0.0	0.0	0.0	0.0	0.0	0.0	0.0	0.0	145.79310344827584	0.0	0.03027336	-0.09503149500000001	1.013181	4.77638	-0.16785999999999998	-1.3734	3192373.0	1776544774.598899	0.0	1.0	-1.0	-1.0	-1.0	-1.0	-1.0	-1.0	-1.0	-1.0	0.0	marker	opened-hand	Open	11	0418
-66507.84	-52955.865	-102518.955	-17800.829999999998	0.0	0.0	0.0	0.0	0.0	0.0	0.0	0.0	0.0	0.0	0.0	0.0	0.0	0.0	145.79310344827584	0.0	0.031677165	-0.086486595	1.01452377	3.11304	-0.15259999999999999	-0.6409199999999999	3192374.0	1776544774.59892	0.0	1.0	-1.0	-1.0	-1.0	-1.0	-1.0	-1.0	-1.0	-1.0	0.0	marker	opened-hand	Open	11	0418
-66554.37	-52955.82	-102516.075	-17808.84	0.0	0.0	0.0	0.0	0.0	0.0	0.0	0.0	0.0	0.0	0.0	0.0	0.0	0.0	145.79310344827584	0.0	0.031677165	-0.086486595	1.01452377	3.11304	-0.15259999999999999	-0.6409199999999999	3192375.0	1776544774.598937	0.0	1.0	-1.0	-1.0	-1.0	-1.0	-1.0	-1.0	-1.0	-1.0	0.0	marker	opened-hand	Open	11	0418
-66444.3	-52957.89	-102382.83	-17688.78	0.0	0.0	0.0	0.0	0.0	0.0	0.0	0.0	0.0	0.0	0.0	0.0	0.0	0.0	145.79310344827584	0.0	0.031677165	-0.086486595	1.01452377	3.11304	-0.15259999999999999	-0.6409199999999999	3192376.0	1776544774.598957	0.0	1.0	-1.0	-1.0	-1.0	-1.0	-1.0	-1.0	-1.0	-1.0	0.0	marker	opened-hand	Open	11	0418
-66469.995	-52945.56	-102433.905	-17713.35	0.0	0.0	0.0	0.0	0.0	0.0	0.0	0.0	0.0	0.0	0.0	0.0	0.0	0.0	145.79310344827584	0.0	0.031677165	-0.086486595	1.01452377	3.11304	-0.15259999999999999	-0.6409199999999999	3192377.0	1776544774.598974	0.0	1.0	-1.0	-1.0	-1.0	-1.0	-1.0	-1.0	-1.0	-1.0	0.0	marker	opened-hand	Open	11	0418
-66600.045	-52928.595	-102596.58	-17861.535	0.0	0.0	0.0	0.0	0.0	0.0	0.0	0.0	0.0	0.0	0.0	0.0	0.0	0.0	145.79310344827584	0.0	0.031677165	-0.086486595	1.01452377	3.11304	-0.15259999999999999	-0.6409199999999999	3192378.0	1776544774.598993	0.0	1.0	-1.0	-1.0	-1.0	-1.0	-1.0	-1.0	-1.0	-1.0	0.0	marker	opened-hand	Open	11	0418
-66625.56	-52926.704999999994	-102626.595	-17896.68	0.0	0.0	0.0	0.0	0.0	0.0	0.0	0.0	0.0	0.0	0.0	0.0	0.0	0.0	145.79310344827584	0.0	0.031677165	-0.086486595	1.01452377	3.11304	-0.15259999999999999	-0.6409199999999999	3192379.0	1776544774.59901	0.0	1.0	-1.0	-1.0	-1.0	-1.0	-1.0	-1.0	-1.0	-1.0	0.0	marker	opened-hand	Open	11	0418
-66569.48999999999	-52931.384999999995	-102608.37	-17889.704999999998	0.0	0.0	0.0	0.0	0.0	0.0	0.0	0.0	0.0	0.0	0.0	0.0	0.0	0.0	145.79310344827584	0.0	0.031677165	-0.086486595	1.01452377	3.11304	-0.15259999999999999	-0.6409199999999999	3192380.0	1776544774.59903	0.0	1.0	-1.0	-1.0	-1.0	-1.0	-1.0	-1.0	-1.0	-1.0	0.0	marker	opened-hand	Open	11	0418
-66556.26	-52940.61	-102578.89499999999	-17854.605	0.0	0.0	0.0	0.0	0.0	0.0	0.0	0.0	0.0	0.0	0.0	0.0	0.0	0.0	145.79310344827584	0.0	0.031677165	-0.086486595	1.01452377	3.11304	-0.15259999999999999	-0.6409199999999999	3192381.0	1776544774.599047	0.0	1.0	-1.0	-1.0	-1.0	-1.0	-1.0	-1.0	-1.0	-1.0	0.0	marker	opened-hand	Open	11	0418
-66552.255	-52959.284999999996	-102553.01999999999	-17832.825	0.0	0.0	0.0	0.0	0.0	0.0	0.0	0.0	0.0	0.0	0.0	0.0	0.0	0.0	145.79310344827584	0.0	0.031677165	-0.086486595	1.01452377	3.11304	-0.15259999999999999	-0.6409199999999999	3192382.0	1776544774.599067	0.0	1.0	-1.0	-1.0	-1.0	-1.0	-1.0	-1.0	-1.0	-1.0	0.0	marker	opened-hand	Open	11	0418
-66564.36	-52977.825	-102532.86	-17812.575	0.0	0.0	0.0	0.0	0.0	0.0	0.0	0.0	0.0	0.0	0.0	0.0	0.0	0.0	145.79310344827584	0.0	0.031677165	-0.086486595	1.01452377	3.11304	-0.15259999999999999	-0.6409199999999999	3192383.0	1776544774.599084	0.0	1.0	-1.0	-1.0	-1.0	-1.0	-1.0	-1.0	-1.0	-1.0	0.0	marker	opened-hand	Open	11	0418
-66556.395	-52987.95	-102515.89499999999	-17801.19	0.0	0.0	0.0	0.0	0.0	0.0	0.0	0.0	0.0	0.0	0.0	0.0	0.0	0.0	145.79310344827584	0.0	0.030334395	-0.09069801	1.016171715	3.11304	-0.36624	-1.09872	3192384.0	1776544774.599104	0.0	1.0	-1.0	-1.0	-1.0	-1.0	-1.0	-1.0	-1.0	-1.0	0.0	marker	opened-hand	Open	11	0418
-66554.235	-52980.57	-102516.12	-17794.53	0.0	0.0	0.0	0.0	0.0	0.0	0.0	0.0	0.0	0.0	0.0	0.0	0.0	0.0	145.79310344827584	0.0	0.030334395	-0.09069801	1.016171715	3.11304	-0.36624	-1.09872	3192385.0	1776544774.599121	0.0	1.0	-1.0	-1.0	-1.0	-1.0	-1.0	-1.0	-1.0	-1.0	0.0	marker	opened-hand	Open	11	0418
-66531.645	-52967.34	-102503.385	-17783.01	0.0	0.0	0.0	0.0	0.0	0.0	0.0	0.0	0.0	0.0	0.0	0.0	0.0	0.0	145.79310344827584	0.0	0.030334395	-0.09069801	1.016171715	3.11304	-0.36624	-1.09872	3192386.0	1776544774.599141	0.0	1.0	-1.0	-1.0	-1.0	-1.0	-1.0	-1.0	-1.0	-1.0	0.0	marker	opened-hand	Open	11	0418
-66464.55	-52947.63	-102438.54	-17718.524999999998	0.0	0.0	0.0	0.0	0.0	0.0	0.0	0.0	0.0	0.0	0.0	0.0	0.0	0.0	145.79310344827584	0.0	0.030334395	-0.09069801	1.016171715	3.11304	-0.36624	-1.09872	3192387.0	1776544774.599157	0.0	1.0	-1.0	-1.0	-1.0	-1.0	-1.0	-1.0	-1.0	-1.0	0.0	marker	opened-hand	Open	11	0418
-66484.98	-52938.99	-102494.655	-17784.585	0.0	0.0	0.0	0.0	0.0	0.0	0.0	0.0	0.0	0.0	0.0	0.0	0.0	0.0	145.79310344827584	0.0	0.030334395	-0.09069801	1.016171715	3.11304	-0.36624	-1.09872	3192388.0	1776544774.599178	0.0	1.0	-1.0	-1.0	-1.0	-1.0	-1.0	-1.0	-1.0	-1.0	0.0	marker	opened-hand	Open	11	0418
-66591.72	-52944.525	-102606.525	-17892.315	0.0	0.0	0.0	0.0	0.0	0.0	0.0	0.0	0.0	0.0	0.0	0.0	0.0	0.0	145.79310344827584	0.0	0.030334395	-0.09069801	1.016171715	3.11304	-0.36624	-1.09872	3192389.0	1776544774.599195	0.0	1.0	-1.0	-1.0	-1.0	-1.0	-1.0	-1.0	-1.0	-1.0	0.0	marker	opened-hand	Open	11	0418
-66572.19	-52947.9	-102545.50499999999	-17836.829999999998	0.0	0.0	0.0	0.0	0.0	0.0	0.0	0.0	0.0	0.0	0.0	0.0	0.0	0.0	145.79310344827584	0.0	0.030334395	-0.09069801	1.016171715	3.11304	-0.36624	-1.09872	3192390.0	1776544774.599215	0.0	1.0	-1.0	-1.0	-1.0	-1.0	-1.0	-1.0	-1.0	-1.0	0.0	marker	opened-hand	Open	11	0418
-66485.52	-52951.14	-102485.34	-17772.165	0.0	0.0	0.0	0.0	0.0	0.0	0.0	0.0	0.0	0.0	0.0	0.0	0.0	0.0	145.79310344827584	0.0	0.030334395	-0.09069801	1.016171715	3.11304	-0.36624	-1.09872	3192391.0	1776544774.599232	0.0	1.0	-1.0	-1.0	-1.0	-1.0	-1.0	-1.0	-1.0	-1.0	0.0	marker	opened-hand	Open	11	0418
-66474.045	-52945.56	-102506.355	-17777.79	0.0	0.0	0.0	0.0	0.0	0.0	0.0	0.0	0.0	0.0	0.0	0.0	0.0	0.0	145.79310344827584	0.0	0.030334395	-0.09069801	1.016171715	3.11304	-0.36624	-1.09872	3192392.0	1776544774.599247	0.0	1.0	-1.0	-1.0	-1.0	-1.0	-1.0	-1.0	-1.0	-1.0	0.0	marker	opened-hand	Open	11	0418
-66595.77	-52946.82	-102579.435	-17853.93	0.0	0.0	0.0	0.0	0.0	0.0	0.0	0.0	0.0	0.0	0.0	0.0	0.0	0.0	145.79310344827584	0.0	0.030334395	-0.09069801	1.016171715	3.11304	-0.36624	-1.09872	3192393.0	1776544774.599257	0.0	1.0	-1.0	-1.0	-1.0	-1.0	-1.0	-1.0	-1.0	-1.0	0.0	marker	opened-hand	Open	11	0418
-66579.705	-52945.965	-102556.44	-17844.975	0.0	0.0	0.0	0.0	0.0	0.0	0.0	0.0	0.0	0.0	0.0	0.0	0.0	0.0	145.79310344827584	0.0	0.034973055	-0.093688725	1.010922705	4.45592	0.28994	-1.05294	3192394.0	1776544774.599283	0.0	1.0	-1.0	-1.0	-1.0	-1.0	-1.0	-1.0	-1.0	-1.0	0.0	marker	opened-hand	Open	11	0418
-66533.355	-52936.335	-102491.595	-17802.989999999998	0.0	0.0	0.0	0.0	0.0	0.0	0.0	0.0	0.0	0.0	0.0	0.0	0.0	0.0	145.79310344827584	0.0	0.034973055	-0.093688725	1.010922705	4.45592	0.28994	-1.05294	3192395.0	1776544774.599303	0.0	1.0	-1.0	-1.0	-1.0	-1.0	-1.0	-1.0	-1.0	-1.0	0.0	marker	opened-hand	Open	11	0418
-66494.295	-52927.29	-102467.87999999999	-17774.055	0.0	0.0	0.0	0.0	0.0	0.0	0.0	0.0	0.0	0.0	0.0	0.0	0.0	0.0	145.79310344827584	0.0	0.034973055	-0.093688725	1.010922705	4.45592	0.28994	-1.05294	3192396.0	1776544774.599328	0.0	1.0	-1.0	-1.0	-1.0	-1.0	-1.0	-1.0	-1.0	-1.0	0.0	marker	opened-hand	Open	11	0418
-66411.09	-52913.025	-102380.08499999999	-17678.07	0.0	0.0	0.0	0.0	0.0	0.0	0.0	0.0	0.0	0.0	0.0	0.0	0.0	0.0	145.79310344827584	0.0	0.034973055	-0.093688725	1.010922705	4.45592	0.28994	-1.05294	3192397.0	1776544774.599339	0.0	1.0	-1.0	-1.0	-1.0	-1.0	-1.0	-1.0	-1.0	-1.0	0.0	marker	opened-hand	Open	11	0418
-66510.22499999999	-52919.82	-102477.87	-17744.625	0.0	0.0	0.0	0.0	0.0	0.0	0.0	0.0	0.0	0.0	0.0	0.0	0.0	0.0	145.79310344827584	0.0	0.034973055	-0.093688725	1.010922705	4.45592	0.28994	-1.05294	3192398.0	1776544774.599353	0.0	1.0	-1.0	-1.0	-1.0	-1.0	-1.0	-1.0	-1.0	-1.0	0.0	marker	opened-hand	Open	11	0418
-66611.205	-52943.579999999994	-102589.965	-17850.015	0.0	0.0	0.0	0.0	0.0	0.0	0.0	0.0	0.0	0.0	0.0	0.0	0.0	0.0	145.79310344827584	0.0	0.034973055	-0.093688725	1.010922705	4.45592	0.28994	-1.05294	3192399.0	1776544774.599363	0.0	1.0	-1.0	-1.0	-1.0	-1.0	-1.0	-1.0	-1.0	-1.0	0.0	marker	opened-hand	Open	11	0418
-66548.565	-52956.854999999996	-102565.665	-17821.89	0.0	0.0	0.0	0.0	0.0	0.0	0.0	0.0	0.0	0.0	0.0	0.0	0.0	0.0	145.79310344827584	0.0	0.034973055	-0.093688725	1.010922705	4.45592	0.28994	-1.05294	3192400.0	1776544774.599376	0.0	1.0	-1.0	-1.0	-1.0	-1.0	-1.0	-1.0	-1.0	-1.0	0.0	marker	opened-hand	Open	11	0418
-66582.405	-52962.704999999994	-102590.28	-17844.975	0.0	0.0	0.0	0.0	0.0	0.0	0.0	0.0	0.0	0.0	0.0	0.0	0.0	0.0	145.79310344827584	0.0	0.034973055	-0.093688725	1.010922705	4.45592	0.28994	-1.05294	3192401.0	1776544774.599386	0.0	1.0	-1.0	-1.0	-1.0	-1.0	-1.0	-1.0	-1.0	-1.0	0.0	marker	opened-hand	Open	11	0418
-66572.09999999999	-52959.329999999994	-102561.56999999999	-17817.255	0.0	0.0	0.0	0.0	0.0	0.0	0.0	0.0	0.0	0.0	0.0	0.0	0.0	0.0	145.79310344827584	0.0	0.034973055	-0.093688725	1.010922705	4.45592	0.28994	-1.05294	3192402.0	1776544774.599398	0.0	1.0	-1.0	-1.0	-1.0	-1.0	-1.0	-1.0	-1.0	-1.0	0.0	marker	opened-hand	Open	11	0418
-66571.11	-52958.564999999995	-102561.56999999999	-17815.5	0.0	0.0	0.0	0.0	0.0	0.0	0.0	0.0	0.0	0.0	0.0	0.0	0.0	0.0	145.79310344827584	0.0	0.034973055	-0.093688725	1.010922705	4.45592	0.28994	-1.05294	3192403.0	1776544774.599409	0.0	1.0	-1.0	-1.0	-1.0	-1.0	-1.0	-1.0	-1.0	-1.0	0.0	marker	opened-hand	Open	11	0418
-66548.52	-52958.204999999994	-102549.87	-17807.265	0.0	0.0	0.0	0.0	0.0	0.0	0.0	0.0	0.0	0.0	0.0	0.0	0.0	0.0	145.79310344827584	0.0	0.035583405	-0.08935524	1.0094578650000001	2.99096	0.28994	-0.59514	3192404.0	1776544774.599421	0.0	1.0	-1.0	-1.0	-1.0	-1.0	-1.0	-1.0	-1.0	-1.0	0.0	marker	opened-hand	Open	11	0418
-66493.34999999999	-52951.68	-102493.39499999999	-17766.855	0.0	0.0	0.0	0.0	0.0	0.0	0.0	0.0	0.0	0.0	0.0	0.0	0.0	0.0	145.79310344827584	0.0	0.035583405	-0.08935524	1.0094578650000001	2.99096	0.28994	-0.59514	3192405.0	1776544774.599431	0.0	1.0	-1.0	-1.0	-1.0	-1.0	-1.0	-1.0	-1.0	-1.0	0.0	marker	opened-hand	Open	11	0418
-66401.145	-52938.63	-102414.87	-17695.215	0.0	0.0	0.0	0.0	0.0	0.0	0.0	0.0	0.0	0.0	0.0	0.0	0.0	0.0	145.79310344827584	0.0	0.035583405	-0.08935524	1.0094578650000001	2.99096	0.28994	-0.59514	3192406.0	1776544774.599443	0.0	1.0	-1.0	-1.0	-1.0	-1.0	-1.0	-1.0	-1.0	-1.0	0.0	marker	opened-hand	Open	11	0418
-66428.55	-52943.22	-102437.235	-17710.38	0.0	0.0	0.0	0.0	0.0	0.0	0.0	0.0	0.0	0.0	0.0	0.0	0.0	0.0	145.79310344827584	0.0	0.035583405	-0.08935524	1.0094578650000001	2.99096	0.28994	-0.59514	3192407.0	1776544774.599453	0.0	1.0	-1.0	-1.0	-1.0	-1.0	-1.0	-1.0	-1.0	-1.0	0.0	marker	opened-hand	Open	11	0418
-66476.295	-52958.025	-102432.015	-17702.73	0.0	0.0	0.0	0.0	0.0	0.0	0.0	0.0	0.0	0.0	0.0	0.0	0.0	0.0	145.79310344827584	0.0	0.035583405	-0.08935524	1.0094578650000001	2.99096	0.28994	-0.59514	3192408.0	1776544774.599465	0.0	1.0	-1.0	-1.0	-1.0	-1.0	-1.0	-1.0	-1.0	-1.0	0.0	marker	opened-hand	Open	11	0418
-66349.215	-52955.189999999995	-102328.605	-17604.54	0.0	0.0	0.0	0.0	0.0	0.0	0.0	0.0	0.0	0.0	0.0	0.0	0.0	0.0	145.79310344827584	0.0	0.035583405	-0.08935524	1.0094578650000001	2.99096	0.28994	-0.59514	3192409.0	1776544774.599475	0.0	1.0	-1.0	-1.0	-1.0	-1.0	-1.0	-1.0	-1.0	-1.0	0.0	marker	opened-hand	Open	11	0418
-66481.515	-52959.78	-102449.655	-17750.34	0.0	0.0	0.0	0.0	0.0	0.0	0.0	0.0	0.0	0.0	0.0	0.0	0.0	0.0	145.79310344827584	0.0	0.035583405	-0.08935524	1.0094578650000001	2.99096	0.28994	-0.59514	3192410.0	1776544774.599487	0.0	1.0	-1.0	-1.0	-1.0	-1.0	-1.0	-1.0	-1.0	-1.0	0.0	marker	opened-hand	Open	11	0418
-66603.465	-52958.52	-102535.245	-17830.89	0.0	0.0	0.0	0.0	0.0	0.0	0.0	0.0	0.0	0.0	0.0	0.0	0.0	0.0	145.79310344827584	0.0	0.035583405	-0.08935524	1.0094578650000001	2.99096	0.28994	-0.59514	3192411.0	1776544774.599496	0.0	1.0	-1.0	-1.0	-1.0	-1.0	-1.0	-1.0	-1.0	-1.0	0.0	marker	opened-hand	Open	11	0418
-66603.465	-52958.52	-102535.245	-17830.89	0.0	0.0	0.0	0.0	0.0	0.0	0.0	0.0	0.0	0.0	0.0	0.0	0.0	0.0	145.79310344827584	0.0	0.035583405	-0.08935524	1.0094578650000001	2.99096	0.28994	-0.59514	3192412.0	1776544774.599508	0.0	1.0	-1.0	-1.0	-1.0	-1.0	-1.0	-1.0	-1.0	-1.0	0.0	marker	opened-hand	Open	11	0418
-66603.465	-52958.52	-102535.245	-17830.89	0.0	0.0	0.0	0.0	0.0	0.0	0.0	0.0	0.0	0.0	0.0	0.0	0.0	0.0	145.79310344827584	0.0	0.035583405	-0.08935524	1.0094578650000001	2.99096	0.28994	-0.59514	3192413.0	1776544774.599516	0.0	1.0	-1.0	-1.0	-1.0	-1.0	-1.0	-1.0	-1.0	-1.0	0.0	marker	opened-hand	Open	11	0418
-66603.465	-52958.52	-102535.245	-17830.89	0.0	0.0	0.0	0.0	0.0	0.0	0.0	0.0	0.0	0.0	0.0	0.0	0.0	0.0	145.79310344827584	0.0	0.035583405	-0.08935524	1.0094578650000001	2.99096	0.28994	-0.59514	3192414.0	1776544774.599524	0.0	1.0	-1.0	-1.0	-1.0	-1.0	-1.0	-1.0	-1.0	-1.0	0.0	marker	opened-hand	Open	11	0418
-66603.465	-52958.52	-102535.245	-17830.89	0.0	0.0	0.0	0.0	0.0	0.0	0.0	0.0	0.0	0.0	0.0	0.0	0.0	0.0	145.79310344827584	0.0	0.035583405	-0.08935524	1.0094578650000001	2.99096	0.28994	-0.59514	3192415.0	1776544774.599532	0.0	1.0	-1.0	-1.0	-1.0	-1.0	-1.0	-1.0	-1.0	-1.0	0.0	marker	opened-hand	Open	11	0418
-66522.375	-52984.665	-102519.09	-17789.355	0.0	0.0	0.0	0.0	0.0	0.0	0.0	0.0	0.0	0.0	0.0	0.0	0.0	0.0	145.79310344827584	0.0	0.02697747	-0.08520486000000001	1.0141575600000001	2.8230999999999997	0.06104	-0.25942	3192418.0	1776544774.603511	0.0	1.0	-1.0	-1.0	-1.0	-1.0	-1.0	-1.0	-1.0	-1.0	0.0	marker	opened-hand	Open	11	0418
-66483.98999999999	-52980.119999999995	-102469.185	-17749.395	0.0	0.0	0.0	0.0	0.0	0.0	0.0	0.0	0.0	0.0	0.0	0.0	0.0	0.0	145.79310344827584	0.0	0.02697747	-0.08520486000000001	1.0141575600000001	2.8230999999999997	0.06104	-0.25942	3192419.0	1776544774.603535	0.0	1.0	-1.0	-1.0	-1.0	-1.0	-1.0	-1.0	-1.0	-1.0	0.0	marker	opened-hand	Open	11	0418
-66456.0	-52976.97	-102465.26999999999	-17712.765	0.0	0.0	0.0	0.0	0.0	0.0	0.0	0.0	0.0	0.0	0.0	0.0	0.0	0.0	145.79310344827584	0.0	0.02697747	-0.08520486000000001	1.0141575600000001	2.8230999999999997	0.06104	-0.25942	3192420.0	1776544774.610183	0.0	1.0	-1.0	-1.0	-1.0	-1.0	-1.0	-1.0	-1.0	-1.0	0.0	marker	opened-hand	Open	11	0418
-66492.675	-52986.104999999996	-102536.86499999999	-17792.46	0.0	0.0	0.0	0.0	0.0	0.0	0.0	0.0	0.0	0.0	0.0	0.0	0.0	0.0	145.79310344827584	0.0	0.02697747	-0.08520486000000001	1.0141575600000001	2.8230999999999997	0.06104	-0.25942	3192421.0	1776544774.610206	0.0	1.0	-1.0	-1.0	-1.0	-1.0	-1.0	-1.0	-1.0	-1.0	0.0	marker	opened-hand	Open	11	0418
-66541.68	-52993.619999999995	-102559.68	-17832.105	0.0	0.0	0.0	0.0	0.0	0.0	0.0	0.0	0.0	0.0	0.0	0.0	0.0	0.0	145.79310344827584	0.0	0.02697747	-0.08520486000000001	1.0141575600000001	2.8230999999999997	0.06104	-0.25942	3192422.0	1776544774.61162	0.0	1.0	-1.0	-1.0	-1.0	-1.0	-1.0	-1.0	-1.0	-1.0	0.0	marker	opened-hand	Open	11	0418
-66556.26	-52984.845	-102543.25499999999	-17815.23	0.0	0.0	0.0	0.0	0.0	0.0	0.0	0.0	0.0	0.0	0.0	0.0	0.0	0.0	145.79310344827584	0.0	0.02697747	-0.08520486000000001	1.0141575600000001	2.8230999999999997	0.06104	-0.25942	3192423.0	1776544774.611634	0.0	1.0	-1.0	-1.0	-1.0	-1.0	-1.0	-1.0	-1.0	-1.0	0.0	marker	opened-hand	Open	11	0418
-66642.75	-52995.6	-102606.39	-17868.285	0.0	0.0	0.0	0.0	0.0	0.0	0.0	0.0	0.0	0.0	0.0	0.0	0.0	0.0	145.79310344827584	0.0	0.032897865	-0.0830076	1.01476791	2.48738	0.74774	0.33571999999999996	3192424.0	1776544774.616569	0.0	1.0	-1.0	-1.0	-1.0	-1.0	-1.0	-1.0	-1.0	-1.0	0.0	marker	opened-hand	Open	11	0418
-66601.53	-53002.979999999996	-102577.455	-17848.305	0.0	0.0	0.0	0.0	0.0	0.0	0.0	0.0	0.0	0.0	0.0	0.0	0.0	0.0	145.79310344827584	0.0	0.032897865	-0.0830076	1.01476791	2.48738	0.74774	0.33571999999999996	3192425.0	1776544774.616587	0.0	1.0	-1.0	-1.0	-1.0	-1.0	-1.0	-1.0	-1.0	-1.0	0.0	marker	opened-hand	Open	11	0418
-66444.84	-52994.97	-102452.355	-17730.36	0.0	0.0	0.0	0.0	0.0	0.0	0.0	0.0	0.0	0.0	0.0	0.0	0.0	0.0	145.79310344827584	0.0	0.032897865	-0.0830076	1.01476791	2.48738	0.74774	0.33571999999999996	3192426.0	1776544774.621004	0.0	1.0	-1.0	-1.0	-1.0	-1.0	-1.0	-1.0	-1.0	-1.0	0.0	marker	opened-hand	Open	11	0418
-66520.305	-52992.09	-102469.31999999999	-17754.075	0.0	0.0	0.0	0.0	0.0	0.0	0.0	0.0	0.0	0.0	0.0	0.0	0.0	0.0	145.79310344827584	0.0	0.032897865	-0.0830076	1.01476791	2.48738	0.74774	0.33571999999999996	3192427.0	1776544774.621021	0.0	1.0	-1.0	-1.0	-1.0	-1.0	-1.0	-1.0	-1.0	-1.0	0.0	marker	opened-hand	Open	11	0418
-66626.055	-52989.704999999994	-102549.735	-17833.454999999998	0.0	0.0	0.0	0.0	0.0	0.0	0.0	0.0	0.0	0.0	0.0	0.0	0.0	0.0	145.79310344827584	0.0	0.032897865	-0.0830076	1.01476791	2.48738	0.74774	0.33571999999999996	3192428.0	1776544774.656943	0.0	1.0	-1.0	-1.0	-1.0	-1.0	-1.0	-1.0	-1.0	-1.0	0.0	marker	opened-hand	Open	11	0418
-66557.655	-52978.365	-102549.42	-17814.915	0.0	0.0	0.0	0.0	0.0	0.0	0.0	0.0	0.0	0.0	0.0	0.0	0.0	0.0	146.13793103448276	0.0	0.032897865	-0.0830076	1.01476791	2.48738	0.74774	0.33571999999999996	3192429.0	1776544774.656965	0.0	1.0	-1.0	-1.0	-1.0	-1.0	-1.0	-1.0	-1.0	-1.0	0.0	marker	opened-hand	Open	11	0418
-66540.95999999999	-52976.204999999994	-102585.51	-17827.515	0.0	0.0	0.0	0.0	0.0	0.0	0.0	0.0	0.0	0.0	0.0	0.0	0.0	0.0	146.13793103448276	0.0	0.032897865	-0.0830076	1.01476791	2.48738	0.74774	0.33571999999999996	3192430.0	1776544774.656997	0.0	1.0	-1.0	-1.0	-1.0	-1.0	-1.0	-1.0	-1.0	-1.0	0.0	marker	opened-hand	Open	11	0418
-66545.775	-52978.32	-102556.70999999999	-17826.255	0.0	0.0	0.0	0.0	0.0	0.0	0.0	0.0	0.0	0.0	0.0	0.0	0.0	0.0	146.13793103448276	0.0	0.032897865	-0.0830076	1.01476791	2.48738	0.74774	0.33571999999999996	3192431.0	1776544774.657014	0.0	1.0	-1.0	-1.0	-1.0	-1.0	-1.0	-1.0	-1.0	-1.0	0.0	marker	opened-hand	Open	11	0418
-66530.16	-52982.28	-102518.28	-17804.43	0.0	0.0	0.0	0.0	0.0	0.0	0.0	0.0	0.0	0.0	0.0	0.0	0.0	0.0	146.13793103448276	0.0	0.032897865	-0.0830076	1.01476791	2.48738	0.74774	0.33571999999999996	3192432.0	1776544774.657036	0.0	1.0	-1.0	-1.0	-1.0	-1.0	-1.0	-1.0	-1.0	-1.0	0.0	marker	opened-hand	Open	11	0418
-66559.72499999999	-52996.409999999996	-102561.84	-17852.13	0.0	0.0	0.0	0.0	0.0	0.0	0.0	0.0	0.0	0.0	0.0	0.0	0.0	0.0	146.13793103448276	0.0	0.032897865	-0.0830076	1.01476791	2.48738	0.74774	0.33571999999999996	3192433.0	1776544774.657052	0.0	1.0	-1.0	-1.0	-1.0	-1.0	-1.0	-1.0	-1.0	-1.0	0.0	marker	opened-hand	Open	11	0418
-66541.31999999999	-53003.115	-102584.34	-17842.274999999998	0.0	0.0	0.0	0.0	0.0	0.0	0.0	0.0	0.0	0.0	0.0	0.0	0.0	0.0	146.13793103448276	0.0	0.03564444	-0.08276346	1.01501205	4.0439	0.36624	0.74774	3192434.0	1776544774.657076	0.0	1.0	-1.0	-1.0	-1.0	-1.0	-1.0	-1.0	-1.0	-1.0	0.0	marker	opened-hand	Open	11	0418
-66456.045	-53006.67	-102485.565	-17752.005	0.0	0.0	0.0	0.0	0.0	0.0	0.0	0.0	0.0	0.0	0.0	0.0	0.0	0.0	146.13793103448276	0.0	0.03564444	-0.08276346	1.01501205	4.0439	0.36624	0.74774	3192435.0	1776544774.657093	0.0	1.0	-1.0	-1.0	-1.0	-1.0	-1.0	-1.0	-1.0	-1.0	0.0	marker	opened-hand	Open	11	0418
-66473.64	-53010.72	-102471.12	-17762.265	0.0	0.0	0.0	0.0	0.0	0.0	0.0	0.0	0.0	0.0	0.0	0.0	0.0	0.0	146.13793103448276	0.0	0.03564444	-0.08276346	1.01501205	4.0439	0.36624	0.74774	3192436.0	1776544774.657118	0.0	1.0	-1.0	-1.0	-1.0	-1.0	-1.0	-1.0	-1.0	-1.0	0.0	marker	opened-hand	Open	11	0418
-66546.405	-53012.204999999994	-102501.58499999999	-17804.565	0.0	0.0	0.0	0.0	0.0	0.0	0.0	0.0	0.0	0.0	0.0	0.0	0.0	0.0	146.13793103448276	0.0	0.03564444	-0.08276346	1.01501205	4.0439	0.36624	0.74774	3192437.0	1776544774.657135	0.0	1.0	-1.0	-1.0	-1.0	-1.0	-1.0	-1.0	-1.0	-1.0	0.0	marker	opened-hand	Open	11	0418
-66444.61499999999	-52999.244999999995	-102402.405	-17706.149999999998	0.0	0.0	0.0	0.0	0.0	0.0	0.0	0.0	0.0	0.0	0.0	0.0	0.0	0.0	146.13793103448276	0.0	0.03564444	-0.08276346	1.01501205	4.0439	0.36624	0.74774	3192438.0	1776544774.657161	0.0	1.0	-1.0	-1.0	-1.0	-1.0	-1.0	-1.0	-1.0	-1.0	0.0	marker	opened-hand	Open	11	0418
-66501.63	-53002.35	-102487.68	-17783.864999999998	0.0	0.0	0.0	0.0	0.0	0.0	0.0	0.0	0.0	0.0	0.0	0.0	0.0	0.0	146.13793103448276	0.0	0.03564444	-0.08276346	1.01501205	4.0439	0.36624	0.74774	3192439.0	1776544774.657177	0.0	1.0	-1.0	-1.0	-1.0	-1.0	-1.0	-1.0	-1.0	-1.0	0.0	marker	opened-hand	Open	11	0418
-66573.22499999999	-53014.634999999995	-102582.18	-17840.204999999998	0.0	0.0	0.0	0.0	0.0	0.0	0.0	0.0	0.0	0.0	0.0	0.0	0.0	0.0	146.13793103448276	0.0	0.03564444	-0.08276346	1.01501205	4.0439	0.36624	0.74774	3192440.0	1776544774.657203	0.0	1.0	-1.0	-1.0	-1.0	-1.0	-1.0	-1.0	-1.0	-1.0	0.0	marker	opened-hand	Open	11	0418
-66572.325	-53025.795	-102588.165	-17818.38	0.0	0.0	0.0	0.0	0.0	0.0	0.0	0.0	0.0	0.0	0.0	0.0	0.0	0.0	146.13793103448276	0.0	0.03564444	-0.08276346	1.01501205	4.0439	0.36624	0.74774	3192441.0	1776544774.65722	0.0	1.0	-1.0	-1.0	-1.0	-1.0	-1.0	-1.0	-1.0	-1.0	0.0	marker	opened-hand	Open	11	0418
-66575.06999999999	-53025.479999999996	-102594.64499999999	-17839.079999999998	0.0	0.0	0.0	0.0	0.0	0.0	0.0	0.0	0.0	0.0	0.0	0.0	0.0	0.0	146.13793103448276	0.0	0.03564444	-0.08276346	1.01501205	4.0439	0.36624	0.74774	3192442.0	1776544774.784681	0.0	1.0	-1.0	-1.0	-1.0	-1.0	-1.0	-1.0	-1.0	-1.0	0.0	marker	opened-hand	Open	11	0418
-66554.19	-53019.09	-102558.42	-17828.594999999998	0.0	0.0	0.0	0.0	0.0	0.0	0.0	0.0	0.0	0.0	0.0	0.0	0.0	0.0	146.13793103448276	0.0	0.03564444	-0.08276346	1.01501205	4.0439	0.36624	0.74774	3192443.0	1776544774.78471	0.0	1.0	-1.0	-1.0	-1.0	-1.0	-1.0	-1.0	-1.0	-1.0	0.0	marker	opened-hand	Open	11	0418
-66534.345	-53017.02	-102514.95	-17794.305	0.0	0.0	0.0	0.0	0.0	0.0	0.0	0.0	0.0	0.0	0.0	0.0	0.0	0.0	146.13793103448276	0.0	0.032775795	-0.08966041500000001	1.01672103	2.86888	-0.21364	-0.25942	3192444.0	1776544774.787156	0.0	1.0	-1.0	-1.0	-1.0	-1.0	-1.0	-1.0	-1.0	-1.0	0.0	marker	opened-hand	Open	11	0418
-66521.745	-53010.854999999996	-102516.39	-17769.555	0.0	0.0	0.0	0.0	0.0	0.0	0.0	0.0	0.0	0.0	0.0	0.0	0.0	0.0	146.13793103448276	0.0	0.032775795	-0.08966041500000001	1.01672103	2.86888	-0.21364	-0.25942	3192445.0	1776544774.78717	0.0	1.0	-1.0	-1.0	-1.0	-1.0	-1.0	-1.0	-1.0	-1.0	0.0	marker	opened-hand	Open	11	0418
-66500.28	-53016.075	-102516.435	-17761.815	0.0	0.0	0.0	0.0	0.0	0.0	0.0	0.0	0.0	0.0	0.0	0.0	0.0	0.0	146.13793103448276	0.0	0.032775795	-0.08966041500000001	1.01672103	2.86888	-0.21364	-0.25942	3192446.0	1776544774.787268	0.0	1.0	-1.0	-1.0	-1.0	-1.0	-1.0	-1.0	-1.0	-1.0	0.0	marker	opened-hand	Open	11	0418
-66465.765	-53022.42	-102478.95	-17751.555	0.0	0.0	0.0	0.0	0.0	0.0	0.0	0.0	0.0	0.0	0.0	0.0	0.0	0.0	146.13793103448276	0.0	0.032775795	-0.08966041500000001	1.01672103	2.86888	-0.21364	-0.25942	3192447.0	1776544774.787276	0.0	1.0	-1.0	-1.0	-1.0	-1.0	-1.0	-1.0	-1.0	-1.0	0.0	marker	opened-hand	Open	11	0418
-66456.27	-53031.555	-102452.44499999999	-17738.415	0.0	0.0	0.0	0.0	0.0	0.0	0.0	0.0	0.0	0.0	0.0	0.0	0.0	0.0	146.13793103448276	0.0	0.032775795	-0.08966041500000001	1.01672103	2.86888	-0.21364	-0.25942	3192448.0	1776544774.787325	0.0	1.0	-1.0	-1.0	-1.0	-1.0	-1.0	-1.0	-1.0	-1.0	0.0	marker	opened-hand	Open	11	0418
-66428.415	-53044.784999999996	-102425.44499999999	-17717.219999999998	0.0	0.0	0.0	0.0	0.0	0.0	0.0	0.0	0.0	0.0	0.0	0.0	0.0	0.0	146.13793103448276	0.0	0.032775795	-0.08966041500000001	1.01672103	2.86888	-0.21364	-0.25942	3192449.0	1776544774.787333	0.0	1.0	-1.0	-1.0	-1.0	-1.0	-1.0	-1.0	-1.0	-1.0	0.0	marker	opened-hand	Open	11	0418
-66468.78	-53047.619999999995	-102446.50499999999	-17707.905	0.0	0.0	0.0	0.0	0.0	0.0	0.0	0.0	0.0	0.0	0.0	0.0	0.0	0.0	146.13793103448276	0.0	0.032775795	-0.08966041500000001	1.01672103	2.86888	-0.21364	-0.25942	3192450.0	1776544774.787409	0.0	1.0	-1.0	-1.0	-1.0	-1.0	-1.0	-1.0	-1.0	-1.0	0.0	marker	opened-hand	Open	11	0418
-66586.905	-53041.5	-102573.81	-17828.055	0.0	0.0	0.0	0.0	0.0	0.0	0.0	0.0	0.0	0.0	0.0	0.0	0.0	0.0	146.13793103448276	0.0	0.032775795	-0.08966041500000001	1.01672103	2.86888	-0.21364	-0.25942	3192451.0	1776544774.787422	0.0	1.0	-1.0	-1.0	-1.0	-1.0	-1.0	-1.0	-1.0	-1.0	0.0	marker	opened-hand	Open	11	0418
-66573.09	-53033.085	-102587.94	-17874.45	0.0	0.0	0.0	0.0	0.0	0.0	0.0	0.0	0.0	0.0	0.0	0.0	0.0	0.0	146.13793103448276	0.0	0.032775795	-0.08966041500000001	1.01672103	2.86888	-0.21364	-0.25942	3192452.0	1776544774.787436	0.0	1.0	-1.0	-1.0	-1.0	-1.0	-1.0	-1.0	-1.0	-1.0	0.0	marker	opened-hand	Open	11	0418
-66478.455	-53017.604999999996	-102467.025	-17741.7	0.0	0.0	0.0	0.0	0.0	0.0	0.0	0.0	0.0	0.0	0.0	0.0	0.0	0.0	146.13793103448276	0.0	0.032775795	-0.08966041500000001	1.01672103	2.86888	-0.21364	-0.25942	3192453.0	1776544774.787445	0.0	1.0	-1.0	-1.0	-1.0	-1.0	-1.0	-1.0	-1.0	-1.0	0.0	marker	opened-hand	Open	11	0418
-66471.03	-53006.13	-102471.705	-17737.785	0.0	0.0	0.0	0.0	0.0	0.0	0.0	0.0	0.0	0.0	0.0	0.0	0.0	0.0	146.13793103448276	0.0	0.02832024	-0.0964353	1.01647689	3.76922	-0.51884	-1.12924	3192454.0	1776544774.787455	0.0	1.0	-1.0	-1.0	-1.0	-1.0	-1.0	-1.0	-1.0	-1.0	0.0	marker	opened-hand	Open	11	0418
-66528.09	-53003.744999999995	-102535.2	-17793.315	0.0	0.0	0.0	0.0	0.0	0.0	0.0	0.0	0.0	0.0	0.0	0.0	0.0	0.0	146.13793103448276	0.0	0.02832024	-0.0964353	1.01647689	3.76922	-0.51884	-1.12924	3192455.0	1776544774.787463	0.0	1.0	-1.0	-1.0	-1.0	-1.0	-1.0	-1.0	-1.0	-1.0	0.0	marker	opened-hand	Open	11	0418
-66560.22	-53011.53	-102556.44	-17816.805	0.0	0.0	0.0	0.0	0.0	0.0	0.0	0.0	0.0	0.0	0.0	0.0	0.0	0.0	146.13793103448276	0.0	0.02832024	-0.0964353	1.01647689	3.76922	-0.51884	-1.12924	3192456.0	1776544774.787476	0.0	1.0	-1.0	-1.0	-1.0	-1.0	-1.0	-1.0	-1.0	-1.0	0.0	marker	opened-hand	Open	11	0418
-66590.775	-53030.43	-102570.97499999999	-17836.785	0.0	0.0	0.0	0.0	0.0	0.0	0.0	0.0	0.0	0.0	0.0	0.0	0.0	0.0	146.13793103448276	0.0	0.02832024	-0.0964353	1.01647689	3.76922	-0.51884	-1.12924	3192457.0	1776544774.787483	0.0	1.0	-1.0	-1.0	-1.0	-1.0	-1.0	-1.0	-1.0	-1.0	0.0	marker	opened-hand	Open	11	0418
-66598.11	-53039.384999999995	-102569.175	-17838.585	0.0	0.0	0.0	0.0	0.0	0.0	0.0	0.0	0.0	0.0	0.0	0.0	0.0	0.0	146.13793103448276	0.0	0.02832024	-0.0964353	1.01647689	3.76922	-0.51884	-1.12924	3192458.0	1776544774.787499	0.0	1.0	-1.0	-1.0	-1.0	-1.0	-1.0	-1.0	-1.0	-1.0	0.0	marker	opened-hand	Open	11	0418
-66574.53	-53069.805	-102544.29	-17812.89	0.0	0.0	0.0	0.0	0.0	0.0	0.0	0.0	0.0	0.0	0.0	0.0	0.0	0.0	146.13793103448276	0.0	0.02832024	-0.0964353	1.01647689	3.76922	-0.51884	-1.12924	3192459.0	1776544774.787506	0.0	1.0	-1.0	-1.0	-1.0	-1.0	-1.0	-1.0	-1.0	-1.0	0.0	marker	opened-hand	Open	11	0418
-66541.815	-53088.39	-102545.14499999999	-17812.035	0.0	0.0	0.0	0.0	0.0	0.0	0.0	0.0	0.0	0.0	0.0	0.0	0.0	0.0	146.13793103448276	0.0	0.02832024	-0.0964353	1.01647689	3.76922	-0.51884	-1.12924	3192460.0	1776544774.787519	0.0	1.0	-1.0	-1.0	-1.0	-1.0	-1.0	-1.0	-1.0	-1.0	0.0	marker	opened-hand	Open	11	0418
-66538.305	-53089.064999999995	-102556.26	-17823.329999999998	0.0	0.0	0.0	0.0	0.0	0.0	0.0	0.0	0.0	0.0	0.0	0.0	0.0	0.0	146.13793103448276	0.0	0.02832024	-0.0964353	1.01647689	3.76922	-0.51884	-1.12924	3192461.0	1776544774.787527	0.0	1.0	-1.0	-1.0	-1.0	-1.0	-1.0	-1.0	-1.0	-1.0	0.0	marker	opened-hand	Open	11	0418
-66548.83499999999	-53090.235	-102554.19	-17819.325	0.0	0.0	0.0	0.0	0.0	0.0	0.0	0.0	0.0	0.0	0.0	0.0	0.0	0.0	146.13793103448276	0.0	0.02832024	-0.0964353	1.01647689	3.76922	-0.51884	-1.12924	3192462.0	1776544774.787536	0.0	1.0	-1.0	-1.0	-1.0	-1.0	-1.0	-1.0	-1.0	-1.0	0.0	marker	opened-hand	Open	11	0418
-66554.81999999999	-53083.89	-102568.68	-17825.715	0.0	0.0	0.0	0.0	0.0	0.0	0.0	0.0	0.0	0.0	0.0	0.0	0.0	0.0	146.13793103448276	0.0	0.02832024	-0.0964353	1.01647689	3.76922	-0.51884	-1.12924	3192463.0	1776544774.787543	0.0	1.0	-1.0	-1.0	-1.0	-1.0	-1.0	-1.0	-1.0	-1.0	0.0	marker	opened-hand	Open	11	0418
-66534.75	-53079.345	-102516.03	-17764.875	0.0	0.0	0.0	0.0	0.0	0.0	0.0	0.0	0.0	0.0	0.0	0.0	0.0	0.0	146.13793103448276	0.0	0.029968185	-0.09924291	1.01293686	4.0439	-0.33571999999999996	-1.55652	3192464.0	1776544774.787553	0.0	1.0	-1.0	-1.0	-1.0	-1.0	-1.0	-1.0	-1.0	-1.0	0.0	marker	opened-hand	Open	11	0418
-66371.84999999999	-53081.415	-102359.34	-17630.19	0.0	0.0	0.0	0.0	0.0	0.0	0.0	0.0	0.0	0.0	0.0	0.0	0.0	0.0	146.13793103448276	0.0	0.029968185	-0.09924291	1.01293686	4.0439	-0.33571999999999996	-1.55652	3192465.0	1776544774.78756	0.0	1.0	-1.0	-1.0	-1.0	-1.0	-1.0	-1.0	-1.0	-1.0	0.0	marker	opened-hand	Open	11	0418
-66376.395	-53089.604999999996	-102365.01	-17645.355	0.0	0.0	0.0	0.0	0.0	0.0	0.0	0.0	0.0	0.0	0.0	0.0	0.0	0.0	146.13793103448276	0.0	0.029968185	-0.09924291	1.01293686	4.0439	-0.33571999999999996	-1.55652	3192466.0	1776544774.787574	0.0	1.0	-1.0	-1.0	-1.0	-1.0	-1.0	-1.0	-1.0	-1.0	0.0	marker	opened-hand	Open	11	0418
-66637.17	-53093.34	-102575.745	-17843.445	0.0	0.0	0.0	0.0	0.0	0.0	0.0	0.0	0.0	0.0	0.0	0.0	0.0	0.0	146.13793103448276	0.0	0.029968185	-0.09924291	1.01293686	4.0439	-0.33571999999999996	-1.55652	3192467.0	1776544774.787581	0.0	1.0	-1.0	-1.0	-1.0	-1.0	-1.0	-1.0	-1.0	-1.0	0.0	marker	opened-hand	Open	11	0418
-66552.84	-53086.005	-102546.045	-17815.68	0.0	0.0	0.0	0.0	0.0	0.0	0.0	0.0	0.0	0.0	0.0	0.0	0.0	0.0	146.13793103448276	0.0	0.029968185	-0.09924291	1.01293686	4.0439	-0.33571999999999996	-1.55652	3192468.0	1776544774.787594	0.0	1.0	-1.0	-1.0	-1.0	-1.0	-1.0	-1.0	-1.0	-1.0	0.0	marker	opened-hand	Open	11	0418
-66551.175	-53071.2	-102571.01999999999	-17850.239999999998	0.0	0.0	0.0	0.0	0.0	0.0	0.0	0.0	0.0	0.0	0.0	0.0	0.0	0.0	146.13793103448276	0.0	0.029968185	-0.09924291	1.01293686	4.0439	-0.33571999999999996	-1.55652	3192469.0	1776544774.787601	0.0	1.0	-1.0	-1.0	-1.0	-1.0	-1.0	-1.0	-1.0	-1.0	0.0	marker	opened-hand	Open	11	0418
-66613.14	-53064.314999999995	-102603.69	-17880.524999999998	0.0	0.0	0.0	0.0	0.0	0.0	0.0	0.0	0.0	0.0	0.0	0.0	0.0	0.0	146.13793103448276	0.0	0.029968185	-0.09924291	1.01293686	4.0439	-0.33571999999999996	-1.55652	3192470.0	1776544774.78761	0.0	1.0	-1.0	-1.0	-1.0	-1.0	-1.0	-1.0	-1.0	-1.0	0.0	marker	opened-hand	Open	11	0418
-66550.68	-53063.865	-102538.39499999999	-17821.755	0.0	0.0	0.0	0.0	0.0	0.0	0.0	0.0	0.0	0.0	0.0	0.0	0.0	0.0	146.13793103448276	0.0	0.029968185	-0.09924291	1.01293686	4.0439	-0.33571999999999996	-1.55652	3192471.0	1776544774.787618	0.0	1.0	-1.0	-1.0	-1.0	-1.0	-1.0	-1.0	-1.0	-1.0	0.0	marker	opened-hand	Open	11	0418
-66501.135	-53067.15	-102465.9	-17756.505	0.0	0.0	0.0	0.0	0.0	0.0	0.0	0.0	0.0	0.0	0.0	0.0	0.0	0.0	146.13793103448276	0.0	0.029968185	-0.09924291	1.01293686	4.0439	-0.33571999999999996	-1.55652	3192472.0	1776544774.787627	0.0	1.0	-1.0	-1.0	-1.0	-1.0	-1.0	-1.0	-1.0	-1.0	0.0	marker	opened-hand	Open	11	0418
-66485.83499999999	-53078.534999999996	-102464.14499999999	-17735.489999999998	0.0	0.0	0.0	0.0	0.0	0.0	0.0	0.0	0.0	0.0	0.0	0.0	0.0	0.0	146.13793103448276	0.0	0.029968185	-0.09924291	1.01293686	4.0439	-0.33571999999999996	-1.55652	3192473.0	1776544774.787635	0.0	1.0	-1.0	-1.0	-1.0	-1.0	-1.0	-1.0	-1.0	-1.0	0.0	marker	opened-hand	Open	11	0418
-66499.965	-53093.475	-102499.01999999999	-17743.905	0.0	0.0	0.0	0.0	0.0	0.0	0.0	0.0	0.0	0.0	0.0	0.0	0.0	0.0	146.13793103448276	0.0	0.029357835	-0.09265113	1.01269272	4.577999999999999	0.06104	-1.7396399999999999	3192474.0	1776544774.787644	0.0	1.0	-1.0	-1.0	-1.0	-1.0	-1.0	-1.0	-1.0	-1.0	0.0	marker	opened-hand	Open	11	0418
-66448.125	-53100.405	-102428.50499999999	-17698.77	0.0	0.0	0.0	0.0	0.0	0.0	0.0	0.0	0.0	0.0	0.0	0.0	0.0	0.0	146.13793103448276	0.0	0.029357835	-0.09265113	1.01269272	4.577999999999999	0.06104	-1.7396399999999999	3192475.0	1776544774.787652	0.0	1.0	-1.0	-1.0	-1.0	-1.0	-1.0	-1.0	-1.0	-1.0	0.0	marker	opened-hand	Open	11	0418
-66442.41	-53097.659999999996	-102398.44499999999	-17672.67	0.0	0.0	0.0	0.0	0.0	0.0	0.0	0.0	0.0	0.0	0.0	0.0	0.0	0.0	146.13793103448276	0.0	0.029357835	-0.09265113	1.01269272	4.577999999999999	0.06104	-1.7396399999999999	3192476.0	1776544774.78766	0.0	1.0	-1.0	-1.0	-1.0	-1.0	-1.0	-1.0	-1.0	-1.0	0.0	marker	opened-hand	Open	11	0418
-66566.47499999999	-53086.814999999995	-102518.595	-17776.125	0.0	0.0	0.0	0.0	0.0	0.0	0.0	0.0	0.0	0.0	0.0	0.0	0.0	0.0	146.13793103448276	0.0	0.029357835	-0.09265113	1.01269272	4.577999999999999	0.06104	-1.7396399999999999	3192477.0	1776544774.787668	0.0	1.0	-1.0	-1.0	-1.0	-1.0	-1.0	-1.0	-1.0	-1.0	0.0	marker	opened-hand	Open	11	0418
-66673.89	-53077.005	-102643.245	-17940.239999999998	0.0	0.0	0.0	0.0	0.0	0.0	0.0	0.0	0.0	0.0	0.0	0.0	0.0	0.0	146.13793103448276	0.0	0.029357835	-0.09265113	1.01269272	4.577999999999999	0.06104	-1.7396399999999999	3192478.0	1776544774.787677	0.0	1.0	-1.0	-1.0	-1.0	-1.0	-1.0	-1.0	-1.0	-1.0	0.0	marker	opened-hand	Open	11	0418
-66577.545	-53066.79	-102513.64499999999	-17843.445	0.0	0.0	0.0	0.0	0.0	0.0	0.0	0.0	0.0	0.0	0.0	0.0	0.0	0.0	146.13793103448276	0.0	0.029357835	-0.09265113	1.01269272	4.577999999999999	0.06104	-1.7396399999999999	3192479.0	1776544774.787708	0.0	1.0	-1.0	-1.0	-1.0	-1.0	-1.0	-1.0	-1.0	-1.0	0.0	marker	opened-hand	Open	11	0418
-66477.465	-53056.305	-102500.81999999999	-17767.079999999998	0.0	0.0	0.0	0.0	0.0	0.0	0.0	0.0	0.0	0.0	0.0	0.0	0.0	0.0	146.13793103448276	0.0	0.029357835	-0.09265113	1.01269272	4.577999999999999	0.06104	-1.7396399999999999	3192480.0	1776544774.787718	0.0	1.0	-1.0	-1.0	-1.0	-1.0	-1.0	-1.0	-1.0	-1.0	0.0	marker	opened-hand	Open	11	0418
-66391.425	-53043.479999999996	-102484.34999999999	-17698.23	0.0	0.0	0.0	0.0	0.0	0.0	0.0	0.0	0.0	0.0	0.0	0.0	0.0	0.0	146.13793103448276	0.0	0.029357835	-0.09265113	1.01269272	4.577999999999999	0.06104	-1.7396399999999999	3192481.0	1776544774.787725	0.0	1.0	-1.0	-1.0	-1.0	-1.0	-1.0	-1.0	-1.0	-1.0	0.0	marker	opened-hand	Open	11	0418
-66402.98999999999	-53035.02	-102445.155	-17692.155	0.0	0.0	0.0	0.0	0.0	0.0	0.0	0.0	0.0	0.0	0.0	0.0	0.0	0.0	146.13793103448276	0.0	0.029357835	-0.09265113	1.01269272	4.577999999999999	0.06104	-1.7396399999999999	3192482.0	1776544774.787736	0.0	1.0	-1.0	-1.0	-1.0	-1.0	-1.0	-1.0	-1.0	-1.0	0.0	marker	opened-hand	Open	11	0418
-66644.37	-53042.04	-102635.45999999999	-17907.975	0.0	0.0	0.0	0.0	0.0	0.0	0.0	0.0	0.0	0.0	0.0	0.0	0.0	0.0	146.13793103448276	0.0	0.029357835	-0.09265113	1.01269272	4.577999999999999	0.06104	-1.7396399999999999	3192483.0	1776544774.787743	0.0	1.0	-1.0	-1.0	-1.0	-1.0	-1.0	-1.0	-1.0	-1.0	0.0	marker	opened-hand	Open	11	0418
-66631.36499999999	-53045.909999999996	-102644.55	-17927.46	0.0	0.0	0.0	0.0	0.0	0.0	0.0	0.0	0.0	0.0	0.0	0.0	0.0	0.0	146.13793103448276	0.0	0.03381339	-0.08825661	1.01134995	4.62378	0.57988	-0.50358	3192484.0	1776544774.787756	0.0	1.0	-1.0	-1.0	-1.0	-1.0	-1.0	-1.0	-1.0	-1.0	0.0	marker	opened-hand	Open	11	0418
-66549.87	-53037.54	-102583.665	-17852.445	0.0	0.0	0.0	0.0	0.0	0.0	0.0	0.0	0.0	0.0	0.0	0.0	0.0	0.0	146.13793103448276	0.0	0.03381339	-0.08825661	1.01134995	4.62378	0.57988	-0.50358	3192485.0	1776544774.787763	0.0	1.0	-1.0	-1.0	-1.0	-1.0	-1.0	-1.0	-1.0	-1.0	0.0	marker	opened-hand	Open	11	0418
-66559.635	-53029.305	-102583.44	-17836.245	0.0	0.0	0.0	0.0	0.0	0.0	0.0	0.0	0.0	0.0	0.0	0.0	0.0	0.0	146.13793103448276	0.0	0.03381339	-0.08825661	1.01134995	4.62378	0.57988	-0.50358	3192486.0	1776544774.787771	0.0	1.0	-1.0	-1.0	-1.0	-1.0	-1.0	-1.0	-1.0	-1.0	0.0	marker	opened-hand	Open	11	0418
-66602.205	-53022.104999999996	-102595.76999999999	-17833.995	0.0	0.0	0.0	0.0	0.0	0.0	0.0	0.0	0.0	0.0	0.0	0.0	0.0	0.0	146.13793103448276	0.0	0.03381339	-0.08825661	1.01134995	4.62378	0.57988	-0.50358	3192487.0	1776544774.787778	0.0	1.0	-1.0	-1.0	-1.0	-1.0	-1.0	-1.0	-1.0	-1.0	0.0	marker	opened-hand	Open	11	0418
-66588.93	-53017.875	-102552.39	-17795.204999999998	0.0	0.0	0.0	0.0	0.0	0.0	0.0	0.0	0.0	0.0	0.0	0.0	0.0	0.0	146.13793103448276	0.0	0.03381339	-0.08825661	1.01134995	4.62378	0.57988	-0.50358	3192488.0	1776544774.787789	0.0	1.0	-1.0	-1.0	-1.0	-1.0	-1.0	-1.0	-1.0	-1.0	0.0	marker	opened-hand	Open	11	0418
-66552.93	-53021.88	-102514.545	-17775.0	0.0	0.0	0.0	0.0	0.0	0.0	0.0	0.0	0.0	0.0	0.0	0.0	0.0	0.0	146.13793103448276	0.0	0.03381339	-0.08825661	1.01134995	4.62378	0.57988	-0.50358	3192489.0	1776544774.787796	0.0	1.0	-1.0	-1.0	-1.0	-1.0	-1.0	-1.0	-1.0	-1.0	0.0	marker	opened-hand	Open	11	0418
-66524.04	-53018.865	-102542.84999999999	-17808.84	0.0	0.0	0.0	0.0	0.0	0.0	0.0	0.0	0.0	0.0	0.0	0.0	0.0	0.0	146.13793103448276	0.0	0.03381339	-0.08825661	1.01134995	4.62378	0.57988	-0.50358	3192490.0	1776544774.787809	0.0	1.0	-1.0	-1.0	-1.0	-1.0	-1.0	-1.0	-1.0	-1.0	0.0	marker	opened-hand	Open	11	0418
-66485.79	-53022.329999999994	-102532.905	-17799.795	0.0	0.0	0.0	0.0	0.0	0.0	0.0	0.0	0.0	0.0	0.0	0.0	0.0	0.0	146.13793103448276	0.0	0.03381339	-0.08825661	1.01134995	4.62378	0.57988	-0.50358	3192491.0	1776544774.787816	0.0	1.0	-1.0	-1.0	-1.0	-1.0	-1.0	-1.0	-1.0	-1.0	0.0	marker	opened-hand	Open	11	0418
-66520.08	-53030.204999999994	-102531.28499999999	-17789.13	0.0	0.0	0.0	0.0	0.0	0.0	0.0	0.0	0.0	0.0	0.0	0.0	0.0	0.0	146.13793103448276	0.0	0.03381339	-0.08825661	1.01134995	4.62378	0.57988	-0.50358	3192492.0	1776544774.787828	0.0	1.0	-1.0	-1.0	-1.0	-1.0	-1.0	-1.0	-1.0	-1.0	0.0	marker	opened-hand	Open	11	0418
-66463.69499999999	-53025.84	-102418.69499999999	-17668.035	0.0	0.0	0.0	0.0	0.0	0.0	0.0	0.0	0.0	0.0	0.0	0.0	0.0	0.0	146.13793103448276	0.0	0.03381339	-0.08825661	1.01134995	4.62378	0.57988	-0.50358	3192493.0	1776544774.787835	0.0	1.0	-1.0	-1.0	-1.0	-1.0	-1.0	-1.0	-1.0	-1.0	0.0	marker	opened-hand	Open	11	0418
-66477.23999999999	-53020.079999999994	-102392.86499999999	-17629.155	0.0	0.0	0.0	0.0	0.0	0.0	0.0	0.0	0.0	0.0	0.0	0.0	0.0	0.0	146.13793103448276	0.0	0.035339265	-0.086852805	1.01501205	4.1202	0.07629999999999999	-1.4802199999999999	3192494.0	1776544774.787845	0.0	1.0	-1.0	-1.0	-1.0	-1.0	-1.0	-1.0	-1.0	-1.0	0.0	marker	opened-hand	Open	11	0418
-66523.86	-53013.96	-102477.64499999999	-17778.555	0.0	0.0	0.0	0.0	0.0	0.0	0.0	0.0	0.0	0.0	0.0	0.0	0.0	0.0	146.13793103448276	0.0	0.035339265	-0.086852805	1.01501205	4.1202	0.07629999999999999	-1.4802199999999999	3192495.0	1776544774.787852	0.0	1.0	-1.0	-1.0	-1.0	-1.0	-1.0	-1.0	-1.0	-1.0	0.0	marker	opened-hand	Open	11	0418
-66555.54	-53021.204999999994	-102569.04	-17875.98	0.0	0.0	0.0	0.0	0.0	0.0	0.0	0.0	0.0	0.0	0.0	0.0	0.0	0.0	146.13793103448276	0.0	0.035339265	-0.086852805	1.01501205	4.1202	0.07629999999999999	-1.4802199999999999	3192496.0	1776544774.787862	0.0	1.0	-1.0	-1.0	-1.0	-1.0	-1.0	-1.0	-1.0	-1.0	0.0	marker	opened-hand	Open	11	0418
-66545.325	-53023.545	-102570.12	-17828.64	0.0	0.0	0.0	0.0	0.0	0.0	0.0	0.0	0.0	0.0	0.0	0.0	0.0	0.0	146.13793103448276	0.0	0.035339265	-0.086852805	1.01501205	4.1202	0.07629999999999999	-1.4802199999999999	3192497.0	1776544774.787869	0.0	1.0	-1.0	-1.0	-1.0	-1.0	-1.0	-1.0	-1.0	-1.0	0.0	marker	opened-hand	Open	11	0418
-66498.48	-53024.534999999996	-102525.61499999999	-17769.105	0.0	0.0	0.0	0.0	0.0	0.0	0.0	0.0	0.0	0.0	0.0	0.0	0.0	0.0	146.13793103448276	0.0	0.035339265	-0.086852805	1.01501205	4.1202	0.07629999999999999	-1.4802199999999999	3192498.0	1776544774.787878	0.0	1.0	-1.0	-1.0	-1.0	-1.0	-1.0	-1.0	-1.0	-1.0	0.0	marker	opened-hand	Open	11	0418
-66551.58	-53029.935	-102578.67	-17823.375	0.0	0.0	0.0	0.0	0.0	0.0	0.0	0.0	0.0	0.0	0.0	0.0	0.0	0.0	146.13793103448276	0.0	0.035339265	-0.086852805	1.01501205	4.1202	0.07629999999999999	-1.4802199999999999	3192499.0	1776544774.787885	0.0	1.0	-1.0	-1.0	-1.0	-1.0	-1.0	-1.0	-1.0	-1.0	0.0	marker	opened-hand	Open	11	0418
-66576.59999999999	-53033.939999999995	-102572.81999999999	-17824.77	0.0	0.0	0.0	0.0	0.0	0.0	0.0	0.0	0.0	0.0	0.0	0.0	0.0	0.0	146.13793103448276	0.0	0.035339265	-0.086852805	1.01501205	4.1202	0.07629999999999999	-1.4802199999999999	3192500.0	1776544774.787895	0.0	1.0	-1.0	-1.0	-1.0	-1.0	-1.0	-1.0	-1.0	-1.0	0.0	marker	opened-hand	Open	11	0418
-66540.015	-53030.115	-102546.495	-17807.489999999998	0.0	0.0	0.0	0.0	0.0	0.0	0.0	0.0	0.0	0.0	0.0	0.0	0.0	0.0	146.13793103448276	0.0	0.035339265	-0.086852805	1.01501205	4.1202	0.07629999999999999	-1.4802199999999999	3192501.0	1776544774.787902	0.0	1.0	-1.0	-1.0	-1.0	-1.0	-1.0	-1.0	-1.0	-1.0	0.0	marker	opened-hand	Open	11	0418
-66559.275	-53023.86	-102577.95	-17843.399999999998	0.0	0.0	0.0	0.0	0.0	0.0	0.0	0.0	0.0	0.0	0.0	0.0	0.0	0.0	146.13793103448276	0.0	0.035339265	-0.086852805	1.01501205	4.1202	0.07629999999999999	-1.4802199999999999	3192502.0	1776544774.787913	0.0	1.0	-1.0	-1.0	-1.0	-1.0	-1.0	-1.0	-1.0	-1.0	0.0	marker	opened-hand	Open	11	0418
-66556.665	-53015.04	-102567.23999999999	-17825.579999999998	0.0	0.0	0.0	0.0	0.0	0.0	0.0	0.0	0.0	0.0	0.0	0.0	0.0	0.0	146.13793103448276	0.0	0.035339265	-0.086852805	1.01501205	4.1202	0.07629999999999999	-1.4802199999999999	3192503.0	1776544774.787924	0.0	1.0	-1.0	-1.0	-1.0	-1.0	-1.0	-1.0	-1.0	-1.0	0.0	marker	opened-hand	Open	11	0418
-66521.79	-53009.64	-102530.11499999999	-17787.195	0.0	0.0	0.0	0.0	0.0	0.0	0.0	0.0	0.0	0.0	0.0	0.0	0.0	0.0	146.13793103448276	0.0	0.03222648	-0.085143825	1.01757552	4.7458599999999995	-0.3815	-0.8698199999999999	3192504.0	1776544774.787934	0.0	1.0	-1.0	-1.0	-1.0	-1.0	-1.0	-1.0	-1.0	-1.0	0.0	marker	opened-hand	Open	11	0418
-66426.97499999999	-53007.119999999995	-102457.845	-17714.969999999998	0.0	0.0	0.0	0.0	0.0	0.0	0.0	0.0	0.0	0.0	0.0	0.0	0.0	0.0	146.13793103448276	0.0	0.03222648	-0.085143825	1.01757552	4.7458599999999995	-0.3815	-0.8698199999999999	3192505.0	1776544774.787941	0.0	1.0	-1.0	-1.0	-1.0	-1.0	-1.0	-1.0	-1.0	-1.0	0.0	marker	opened-hand	Open	11	0418
-66426.97499999999	-53007.119999999995	-102457.845	-17714.969999999998	0.0	0.0	0.0	0.0	0.0	0.0	0.0	0.0	0.0	0.0	0.0	0.0	0.0	0.0	146.13793103448276	0.0	0.03222648	-0.085143825	1.01757552	4.7458599999999995	-0.3815	-0.8698199999999999	3192506.0	1776544774.787994	0.0	1.0	-1.0	-1.0	-1.0	-1.0	-1.0	-1.0	-1.0	-1.0	0.0	marker	opened-hand	Open	11	0418
-66426.97499999999	-53007.119999999995	-102457.845	-17714.969999999998	0.0	0.0	0.0	0.0	0.0	0.0	0.0	0.0	0.0	0.0	0.0	0.0	0.0	0.0	146.13793103448276	0.0	0.03222648	-0.085143825	1.01757552	4.7458599999999995	-0.3815	-0.8698199999999999	3192507.0	1776544774.788002	0.0	1.0	-1.0	-1.0	-1.0	-1.0	-1.0	-1.0	-1.0	-1.0	0.0	marker	opened-hand	Open	11	0418
-66426.97499999999	-53007.119999999995	-102457.845	-17714.969999999998	0.0	0.0	0.0	0.0	0.0	0.0	0.0	0.0	0.0	0.0	0.0	0.0	0.0	0.0	146.13793103448276	0.0	0.03222648	-0.085143825	1.01757552	4.7458599999999995	-0.3815	-0.8698199999999999	3192508.0	1776544774.788009	0.0	1.0	-1.0	-1.0	-1.0	-1.0	-1.0	-1.0	-1.0	-1.0	0.0	marker	opened-hand	Open	11	0418
-66426.97499999999	-53007.119999999995	-102457.845	-17714.969999999998	0.0	0.0	0.0	0.0	0.0	0.0	0.0	0.0	0.0	0.0	0.0	0.0	0.0	0.0	146.13793103448276	0.0	0.03222648	-0.085143825	1.01757552	4.7458599999999995	-0.3815	-0.8698199999999999	3192509.0	1776544774.788015	0.0	1.0	-1.0	-1.0	-1.0	-1.0	-1.0	-1.0	-1.0	-1.0	0.0	marker	opened-hand	Open	11	0418
-66620.43	-53053.92	-102566.655	-17813.295	0.0	0.0	0.0	0.0	0.0	0.0	0.0	0.0	0.0	0.0	0.0	0.0	0.0	0.0	146.13793103448276	0.0	0.03222648	-0.085143825	1.01757552	4.7458599999999995	-0.3815	-0.8698199999999999	3192512.0	1776544774.797301	0.0	1.0	-1.0	-1.0	-1.0	-1.0	-1.0	-1.0	-1.0	-1.0	0.0	marker	opened-hand	Open	11	0418
-66605.715	-53050.049999999996	-102567.42	-17838.315	0.0	0.0	0.0	0.0	0.0	0.0	0.0	0.0	0.0	0.0	0.0	0.0	0.0	0.0	146.13793103448276	0.0	0.03222648	-0.085143825	1.01757552	4.7458599999999995	-0.3815	-0.8698199999999999	3192513.0	1776544774.797335	0.0	1.0	-1.0	-1.0	-1.0	-1.0	-1.0	-1.0	-1.0	-1.0	0.0	marker	opened-hand	Open	11	0418
-66546.18	-53057.115	-102545.595	-17831.16	0.0	0.0	0.0	0.0	0.0	0.0	0.0	0.0	0.0	0.0	0.0	0.0	0.0	0.0	146.13793103448276	0.0	0.035705475	-0.08386209	1.013242035	3.95234	0.0	-1.2207999999999999	3192514.0	1776544774.797362	0.0	1.0	-1.0	-1.0	-1.0	-1.0	-1.0	-1.0	-1.0	-1.0	0.0	marker	opened-hand	Open	11	0418
-66505.095	-53075.295	-102482.73	-17794.62	0.0	0.0	0.0	0.0	0.0	0.0	0.0	0.0	0.0	0.0	0.0	0.0	0.0	0.0	146.13793103448276	0.0	0.035705475	-0.08386209	1.013242035	3.95234	0.0	-1.2207999999999999	3192515.0	1776544774.797372	0.0	1.0	-1.0	-1.0	-1.0	-1.0	-1.0	-1.0	-1.0	-1.0	0.0	marker	opened-hand	Open	11	0418
-66460.72499999999	-53069.31	-102444.03	-17746.739999999998	0.0	0.0	0.0	0.0	0.0	0.0	0.0	0.0	0.0	0.0	0.0	0.0	0.0	0.0	146.13793103448276	0.0	0.035705475	-0.08386209	1.013242035	3.95234	0.0	-1.2207999999999999	3192516.0	1776544774.799937	0.0	1.0	-1.0	-1.0	-1.0	-1.0	-1.0	-1.0	-1.0	-1.0	0.0	marker	opened-hand	Open	11	0418
-66485.25	-53059.32	-102505.68	-17736.524999999998	0.0	0.0	0.0	0.0	0.0	0.0	0.0	0.0	0.0	0.0	0.0	0.0	0.0	0.0	146.13793103448276	0.0	0.035705475	-0.08386209	1.013242035	3.95234	0.0	-1.2207999999999999	3192517.0	1776544774.799959	0.0	1.0	-1.0	-1.0	-1.0	-1.0	-1.0	-1.0	-1.0	-1.0	0.0	marker	opened-hand	Open	11	0418
-66530.97	-53051.85	-102570.12	-17773.065	0.0	0.0	0.0	0.0	0.0	0.0	0.0	0.0	0.0	0.0	0.0	0.0	0.0	0.0	146.13793103448276	0.0	0.035705475	-0.08386209	1.013242035	3.95234	0.0	-1.2207999999999999	3192518.0	1776544774.808006	0.0	1.0	-1.0	-1.0	-1.0	-1.0	-1.0	-1.0	-1.0	-1.0	0.0	marker	opened-hand	Open	11	0418
-66526.92	-53042.805	-102551.22	-17782.695	0.0	0.0	0.0	0.0	0.0	0.0	0.0	0.0	0.0	0.0	0.0	0.0	0.0	0.0	146.13793103448276	0.0	0.035705475	-0.08386209	1.013242035	3.95234	0.0	-1.2207999999999999	3192519.0	1776544774.808026	0.0	1.0	-1.0	-1.0	-1.0	-1.0	-1.0	-1.0	-1.0	-1.0	0.0	marker	opened-hand	Open	11	0418
-66558.105	-53040.465	-102580.47	-17825.489999999998	0.0	0.0	0.0	0.0	0.0	0.0	0.0	0.0	0.0	0.0	0.0	0.0	0.0	0.0	146.13793103448276	0.0	0.035705475	-0.08386209	1.013242035	3.95234	0.0	-1.2207999999999999	3192520.0	1776544774.811309	0.0	1.0	-1.0	-1.0	-1.0	-1.0	-1.0	-1.0	-1.0	-1.0	0.0	marker	opened-hand	Open	11	0418
-66482.81999999999	-53036.64	-102474.135	-17728.695	0.0	0.0	0.0	0.0	0.0	0.0	0.0	0.0	0.0	0.0	0.0	0.0	0.0	0.0	146.13793103448276	0.0	0.035705475	-0.08386209	1.013242035	3.95234	0.0	-1.2207999999999999	3192521.0	1776544774.811324	0.0	1.0	-1.0	-1.0	-1.0	-1.0	-1.0	-1.0	-1.0	-1.0	0.0	marker	opened-hand	Open	11	0418
-66478.23	-53033.895	-102459.87	-17712.765	0.0	0.0	0.0	0.0	0.0	0.0	0.0	0.0	0.0	0.0	0.0	0.0	0.0	0.0	146.13793103448276	0.0	0.035705475	-0.08386209	1.013242035	3.95234	0.0	-1.2207999999999999	3192522.0	1776544774.812307	0.0	1.0	-1.0	-1.0	-1.0	-1.0	-1.0	-1.0	-1.0	-1.0	0.0	marker	opened-hand	Open	11	0418
-66620.925	-53041.229999999996	-102586.76999999999	-17844.795	0.0	0.0	0.0	0.0	0.0	0.0	0.0	0.0	0.0	0.0	0.0	0.0	0.0	0.0	146.13793103448276	0.0	0.035705475	-0.08386209	1.013242035	3.95234	0.0	-1.2207999999999999	3192523.0	1776544774.812319	0.0	1.0	-1.0	-1.0	-1.0	-1.0	-1.0	-1.0	-1.0	-1.0	0.0	marker	opened-hand	Open	11	0418
-66675.69	-53056.755	-102628.03499999999	-17885.024999999998	0.0	0.0	0.0	0.0	0.0	0.0	0.0	0.0	0.0	0.0	0.0	0.0	0.0	0.0	146.13793103448276	0.0	0.038879295	-0.08697487500000001	1.01134995	2.65524	0.59514	-1.2207999999999999	3192524.0	1776544774.816255	0.0	1.0	-1.0	-1.0	-1.0	-1.0	-1.0	-1.0	-1.0	-1.0	0.0	marker	opened-hand	Open	11	0418
-66611.565	-53073.045	-102589.33499999999	-17842.454999999998	0.0	0.0	0.0	0.0	0.0	0.0	0.0	0.0	0.0	0.0	0.0	0.0	0.0	0.0	146.13793103448276	0.0	0.038879295	-0.08697487500000001	1.01134995	2.65524	0.59514	-1.2207999999999999	3192525.0	1776544774.816268	0.0	1.0	-1.0	-1.0	-1.0	-1.0	-1.0	-1.0	-1.0	-1.0	0.0	marker	opened-hand	Open	11	0418
-66532.995	-53077.454999999994	-102546.36	-17794.98	0.0	0.0	0.0	0.0	0.0	0.0	0.0	0.0	0.0	0.0	0.0	0.0	0.0	0.0	146.13793103448276	0.0	0.038879295	-0.08697487500000001	1.01134995	2.65524	0.59514	-1.2207999999999999	3192526.0	1776544774.820002	0.0	1.0	-1.0	-1.0	-1.0	-1.0	-1.0	-1.0	-1.0	-1.0	0.0	marker	opened-hand	Open	11	0418
-66504.645	-53074.079999999994	-102517.515	-17783.64	0.0	0.0	0.0	0.0	0.0	0.0	0.0	0.0	0.0	0.0	0.0	0.0	0.0	0.0	146.13793103448276	0.0	0.038879295	-0.08697487500000001	1.01134995	2.65524	0.59514	-1.2207999999999999	3192527.0	1776544774.820024	0.0	1.0	-1.0	-1.0	-1.0	-1.0	-1.0	-1.0	-1.0	-1.0	0.0	marker	opened-hand	Open	11	0418
-66471.66	-53066.97	-102442.23	-17729.594999999998	0.0	0.0	0.0	0.0	0.0	0.0	0.0	0.0	0.0	0.0	0.0	0.0	0.0	0.0	146.13793103448276	0.0	0.038879295	-0.08697487500000001	1.01134995	2.65524	0.59514	-1.2207999999999999	3192528.0	1776544774.823995	0.0	1.0	-1.0	-1.0	-1.0	-1.0	-1.0	-1.0	-1.0	-1.0	0.0	marker	opened-hand	Open	11	0418
-66476.295	-53072.189999999995	-102426.93	-17712.45	0.0	0.0	0.0	0.0	0.0	0.0	0.0	0.0	0.0	0.0	0.0	0.0	0.0	0.0	146.13793103448276	0.0	0.038879295	-0.08697487500000001	1.01134995	2.65524	0.59514	-1.2207999999999999	3192529.0	1776544774.824013	0.0	1.0	-1.0	-1.0	-1.0	-1.0	-1.0	-1.0	-1.0	-1.0	0.0	marker	opened-hand	Open	11	0418
-66437.235	-53079.119999999995	-102445.37999999999	-17701.695	0.0	0.0	0.0	0.0	0.0	0.0	0.0	0.0	0.0	0.0	0.0	0.0	0.0	0.0	146.13793103448276	0.0	0.038879295	-0.08697487500000001	1.01134995	2.65524	0.59514	-1.2207999999999999	3192530.0	1776544774.859276	0.0	1.0	-1.0	-1.0	-1.0	-1.0	-1.0	-1.0	-1.0	-1.0	0.0	marker	opened-hand	Open	11	0418
-66476.97	-53097.21	-102496.995	-17750.969999999998	0.0	0.0	0.0	0.0	0.0	0.0	0.0	0.0	0.0	0.0	0.0	0.0	0.0	0.0	146.13793103448276	0.0	0.038879295	-0.08697487500000001	1.01134995	2.65524	0.59514	-1.2207999999999999	3192531.0	1776544774.859307	0.0	1.0	-1.0	-1.0	-1.0	-1.0	-1.0	-1.0	-1.0	-1.0	0.0	marker	opened-hand	Open	11	0418
-66573.135	-53109.314999999995	-102562.065	-17816.579999999998	0.0	0.0	0.0	0.0	0.0	0.0	0.0	0.0	0.0	0.0	0.0	0.0	0.0	0.0	146.13793103448276	0.0	0.038879295	-0.08697487500000001	1.01134995	2.65524	0.59514	-1.2207999999999999	3192532.0	1776544774.859318	0.0	1.0	-1.0	-1.0	-1.0	-1.0	-1.0	-1.0	-1.0	-1.0	0.0	marker	opened-hand	Open	11	0418
-66619.215	-53112.555	-102609.855	-17856.135	0.0	0.0	0.0	0.0	0.0	0.0	0.0	0.0	0.0	0.0	0.0	0.0	0.0	0.0	146.13793103448276	0.0	0.038879295	-0.08697487500000001	1.01134995	2.65524	0.59514	-1.2207999999999999	3192533.0	1776544774.859324	0.0	1.0	-1.0	-1.0	-1.0	-1.0	-1.0	-1.0	-1.0	-1.0	0.0	marker	opened-hand	Open	11	0418
-66571.515	-53107.74	-102592.485	-17843.175	0.0	0.0	0.0	0.0	0.0	0.0	0.0	0.0	0.0	0.0	0.0	0.0	0.0	0.0	146.13793103448276	0.0	0.029235765	-0.08642556	1.01134995	4.63904	0.77826	-1.2055399999999998	3192534.0	1776544774.859333	0.0	1.0	-1.0	-1.0	-1.0	-1.0	-1.0	-1.0	-1.0	-1.0	0.0	marker	opened-hand	Open	11	0418
-66527.37	-53100.314999999995	-102553.965	-17813.79	0.0	0.0	0.0	0.0	0.0	0.0	0.0	0.0	0.0	0.0	0.0	0.0	0.0	0.0	146.13793103448276	0.0	0.029235765	-0.08642556	1.01134995	4.63904	0.77826	-1.2055399999999998	3192535.0	1776544774.859338	0.0	1.0	-1.0	-1.0	-1.0	-1.0	-1.0	-1.0	-1.0	-1.0	0.0	marker	opened-hand	Open	11	0418
-66505.5	-53089.604999999996	-102552.435	-17807.445	0.0	0.0	0.0	0.0	0.0	0.0	0.0	0.0	0.0	0.0	0.0	0.0	0.0	0.0	146.13793103448276	0.0	0.029235765	-0.08642556	1.01134995	4.63904	0.77826	-1.2055399999999998	3192536.0	1776544774.859347	0.0	1.0	-1.0	-1.0	-1.0	-1.0	-1.0	-1.0	-1.0	-1.0	0.0	marker	opened-hand	Open	11	0418
-66524.355	-53092.034999999996	-102556.75499999999	-17811.945	0.0	0.0	0.0	0.0	0.0	0.0	0.0	0.0	0.0	0.0	0.0	0.0	0.0	0.0	146.13793103448276	0.0	0.029235765	-0.08642556	1.01134995	4.63904	0.77826	-1.2055399999999998	3192537.0	1776544774.859353	0.0	1.0	-1.0	-1.0	-1.0	-1.0	-1.0	-1.0	-1.0	-1.0	0.0	marker	opened-hand	Open	11	0418
-66513.87	-53097.93	-102521.06999999999	-17793.855	0.0	0.0	0.0	0.0	0.0	0.0	0.0	0.0	0.0	0.0	0.0	0.0	0.0	0.0	146.13793103448276	0.0	0.029235765	-0.08642556	1.01134995	4.63904	0.77826	-1.2055399999999998	3192538.0	1776544774.859362	0.0	1.0	-1.0	-1.0	-1.0	-1.0	-1.0	-1.0	-1.0	-1.0	0.0	marker	opened-hand	Open	11	0418
-66472.92	-53089.695	-102468.23999999999	-17760.465	0.0	0.0	0.0	0.0	0.0	0.0	0.0	0.0	0.0	0.0	0.0	0.0	0.0	0.0	146.13793103448276	0.0	0.029235765	-0.08642556	1.01134995	4.63904	0.77826	-1.2055399999999998	3192539.0	1776544774.859368	0.0	1.0	-1.0	-1.0	-1.0	-1.0	-1.0	-1.0	-1.0	-1.0	0.0	marker	opened-hand	Open	11	0418
-66437.45999999999	-53089.875	-102447.315	-17719.29	0.0	0.0	0.0	0.0	0.0	0.0	0.0	0.0	0.0	0.0	0.0	0.0	0.0	0.0	146.13793103448276	0.0	0.029235765	-0.08642556	1.01134995	4.63904	0.77826	-1.2055399999999998	3192540.0	1776544774.859375	0.0	1.0	-1.0	-1.0	-1.0	-1.0	-1.0	-1.0	-1.0	-1.0	0.0	marker	opened-hand	Open	11	0418
-66413.34	-53092.439999999995	-102399.75	-17661.51	0.0	0.0	0.0	0.0	0.0	0.0	0.0	0.0	0.0	0.0	0.0	0.0	0.0	0.0	146.13793103448276	0.0	0.029235765	-0.08642556	1.01134995	4.63904	0.77826	-1.2055399999999998	3192541.0	1776544774.859381	0.0	1.0	-1.0	-1.0	-1.0	-1.0	-1.0	-1.0	-1.0	-1.0	0.0	marker	opened-hand	Open	11	0418
-66498.66	-53096.805	-102493.89	-17734.77	0.0	0.0	0.0	0.0	0.0	0.0	0.0	0.0	0.0	0.0	0.0	0.0	0.0	0.0	146.13793103448276	0.0	0.029235765	-0.08642556	1.01134995	4.63904	0.77826	-1.2055399999999998	3192542.0	1776544774.859389	0.0	1.0	-1.0	-1.0	-1.0	-1.0	-1.0	-1.0	-1.0	-1.0	0.0	marker	opened-hand	Open	11	0418
-66582.09	-53090.865	-102523.455	-17760.69	0.0	0.0	0.0	0.0	0.0	0.0	0.0	0.0	0.0	0.0	0.0	0.0	0.0	0.0	146.13793103448276	0.0	0.029235765	-0.08642556	1.01134995	4.63904	0.77826	-1.2055399999999998	3192543.0	1776544774.859395	0.0	1.0	-1.0	-1.0	-1.0	-1.0	-1.0	-1.0	-1.0	-1.0	0.0	marker	opened-hand	Open	11	0418
-66606.93	-53083.979999999996	-102504.465	-17765.82	0.0	0.0	0.0	0.0	0.0	0.0	0.0	0.0	0.0	0.0	0.0	0.0	0.0	0.0	146.13793103448276	0.0	0.030334395	-0.080871375	1.01476791	3.5098	0.42728	-0.39676	3192544.0	1776544774.859402	0.0	1.0	-1.0	-1.0	-1.0	-1.0	-1.0	-1.0	-1.0	-1.0	0.0	marker	opened-hand	Open	11	0418
-66610.395	-53079.704999999994	-102572.055	-17843.67	0.0	0.0	0.0	0.0	0.0	0.0	0.0	0.0	0.0	0.0	0.0	0.0	0.0	0.0	146.13793103448276	0.0	0.030334395	-0.080871375	1.01476791	3.5098	0.42728	-0.39676	3192545.0	1776544774.859408	0.0	1.0	-1.0	-1.0	-1.0	-1.0	-1.0	-1.0	-1.0	-1.0	0.0	marker	opened-hand	Open	11	0418
-66532.14	-53077.634999999995	-102527.055	-17801.01	0.0	0.0	0.0	0.0	0.0	0.0	0.0	0.0	0.0	0.0	0.0	0.0	0.0	0.0	146.13793103448276	0.0	0.030334395	-0.080871375	1.01476791	3.5098	0.42728	-0.39676	3192546.0	1776544774.860633	0.0	1.0	-1.0	-1.0	-1.0	-1.0	-1.0	-1.0	-1.0	-1.0	0.0	marker	opened-hand	Open	11	0418
-66567.915	-53085.6	-102574.62	-17847.855	0.0	0.0	0.0	0.0	0.0	0.0	0.0	0.0	0.0	0.0	0.0	0.0	0.0	0.0	146.13793103448276	0.0	0.030334395	-0.080871375	1.01476791	3.5098	0.42728	-0.39676	3192547.0	1776544774.860643	0.0	1.0	-1.0	-1.0	-1.0	-1.0	-1.0	-1.0	-1.0	-1.0	0.0	marker	opened-hand	Open	11	0418
-66579.705	-53095.5	-102603.375	-17873.91	0.0	0.0	0.0	0.0	0.0	0.0	0.0	0.0	0.0	0.0	0.0	0.0	0.0	0.0	146.13793103448276	0.0	0.030334395	-0.080871375	1.01476791	3.5098	0.42728	-0.39676	3192548.0	1776544774.86437	0.0	1.0	-1.0	-1.0	-1.0	-1.0	-1.0	-1.0	-1.0	-1.0	0.0	marker	opened-hand	Open	11	0418
-66553.47	-53101.439999999995	-102567.69	-17832.825	0.0	0.0	0.0	0.0	0.0	0.0	0.0	0.0	0.0	0.0	0.0	0.0	0.0	0.0	146.13793103448276	0.0	0.030334395	-0.080871375	1.01476791	3.5098	0.42728	-0.39676	3192549.0	1776544774.864379	0.0	1.0	-1.0	-1.0	-1.0	-1.0	-1.0	-1.0	-1.0	-1.0	0.0	marker	opened-hand	Open	11	0418
-66556.89	-53112.645	-102589.065	-17819.774999999998	0.0	0.0	0.0	0.0	0.0	0.0	0.0	0.0	0.0	0.0	0.0	0.0	0.0	0.0	146.13793103448276	0.0	0.030334395	-0.080871375	1.01476791	3.5098	0.42728	-0.39676	3192550.0	1776544774.869708	0.0	1.0	-1.0	-1.0	-1.0	-1.0	-1.0	-1.0	-1.0	-1.0	0.0	marker	opened-hand	Open	11	0418
-66552.61499999999	-53113.365	-102577.00499999999	-17820.495	0.0	0.0	0.0	0.0	0.0	0.0	0.0	0.0	0.0	0.0	0.0	0.0	0.0	0.0	146.13793103448276	0.0	0.030334395	-0.080871375	1.01476791	3.5098	0.42728	-0.39676	3192551.0	1776544774.869715	0.0	1.0	-1.0	-1.0	-1.0	-1.0	-1.0	-1.0	-1.0	-1.0	0.0	marker	opened-hand	Open	11	0418
-66491.325	-53109.585	-102497.94	-17751.105	0.0	0.0	0.0	0.0	0.0	0.0	0.0	0.0	0.0	0.0	0.0	0.0	0.0	0.0	146.13793103448276	0.0	0.030334395	-0.080871375	1.01476791	3.5098	0.42728	-0.39676	3192552.0	1776544774.872433	0.0	1.0	-1.0	-1.0	-1.0	-1.0	-1.0	-1.0	-1.0	-1.0	0.0	marker	opened-hand	Open	11	0418
-66483.81	-53102.52	-102478.31999999999	-17737.605	0.0	0.0	0.0	0.0	0.0	0.0	0.0	0.0	0.0	0.0	0.0	0.0	0.0	0.0	146.13793103448276	0.0	0.030334395	-0.080871375	1.01476791	3.5098	0.42728	-0.39676	3192553.0	1776544774.872438	0.0	1.0	-1.0	-1.0	-1.0	-1.0	-1.0	-1.0	-1.0	-1.0	0.0	marker	opened-hand	Open	11	0418
-66573.63	-53097.39	-102544.605	-17803.485	0.0	0.0	0.0	0.0	0.0	0.0	0.0	0.0	0.0	0.0	0.0	0.0	0.0	0.0	146.13793103448276	0.0	0.03308097	-0.079162395	1.018002765	2.53316	0.24416	-0.6714399999999999	3192554.0	1776544774.879891	0.0	1.0	-1.0	-1.0	-1.0	-1.0	-1.0	-1.0	-1.0	-1.0	0.0	marker	opened-hand	Open	11	0418
-66514.68	-53093.924999999996	-102506.625	-17756.954999999998	0.0	0.0	0.0	0.0	0.0	0.0	0.0	0.0	0.0	0.0	0.0	0.0	0.0	0.0	146.13793103448276	0.0	0.03308097	-0.079162395	1.018002765	2.53316	0.24416	-0.6714399999999999	3192555.0	1776544774.879905	0.0	1.0	-1.0	-1.0	-1.0	-1.0	-1.0	-1.0	-1.0	-1.0	0.0	marker	opened-hand	Open	11	0418
-66437.145	-53098.155	-102474.18	-17725.14	0.0	0.0	0.0	0.0	0.0	0.0	0.0	0.0	0.0	0.0	0.0	0.0	0.0	0.0	146.13793103448276	0.0	0.03308097	-0.079162395	1.018002765	2.53316	0.24416	-0.6714399999999999	3192556.0	1776544774.882046	0.0	1.0	-1.0	-1.0	-1.0	-1.0	-1.0	-1.0	-1.0	-1.0	0.0	marker	opened-hand	Open	11	0418
-66497.67	-53106.93	-102504.19499999999	-17766.09	0.0	0.0	0.0	0.0	0.0	0.0	0.0	0.0	0.0	0.0	0.0	0.0	0.0	0.0	146.13793103448276	0.0	0.03308097	-0.079162395	1.018002765	2.53316	0.24416	-0.6714399999999999	3192557.0	1776544774.882051	0.0	1.0	-1.0	-1.0	-1.0	-1.0	-1.0	-1.0	-1.0	-1.0	0.0	marker	opened-hand	Open	11	0418
-66465.675	-53108.145	-102460.185	-17730.63	0.0	0.0	0.0	0.0	0.0	0.0	0.0	0.0	0.0	0.0	0.0	0.0	0.0	0.0	146.13793103448276	0.0	0.03308097	-0.079162395	1.018002765	2.53316	0.24416	-0.6714399999999999	3192558.0	1776544774.886572	0.0	1.0	-1.0	-1.0	-1.0	-1.0	-1.0	-1.0	-1.0	-1.0	0.0	marker	opened-hand	Open	11	0418
-66447.18	-53110.395	-102440.205	-17712.719999999998	0.0	0.0	0.0	0.0	0.0	0.0	0.0	0.0	0.0	0.0	0.0	0.0	0.0	0.0	146.13793103448276	0.0	0.03308097	-0.079162395	1.018002765	2.53316	0.24416	-0.6714399999999999	3192559.0	1776544774.886589	0.0	1.0	-1.0	-1.0	-1.0	-1.0	-1.0	-1.0	-1.0	-1.0	0.0	marker	opened-hand	Open	11	0418
-66524.44499999999	-53123.265	-102515.355	-17776.395	0.0	0.0	0.0	0.0	0.0	0.0	0.0	0.0	0.0	0.0	0.0	0.0	0.0	0.0	146.13793103448276	0.0	0.03308097	-0.079162395	1.018002765	2.53316	0.24416	-0.6714399999999999	3192560.0	1776544774.889374	0.0	1.0	-1.0	-1.0	-1.0	-1.0	-1.0	-1.0	-1.0	-1.0	0.0	marker	opened-hand	Open	11	0418
-66613.41	-53133.57	-102619.62	-17861.219999999998	0.0	0.0	0.0	0.0	0.0	0.0	0.0	0.0	0.0	0.0	0.0	0.0	0.0	0.0	146.13793103448276	0.0	0.03308097	-0.079162395	1.018002765	2.53316	0.24416	-0.6714399999999999	3192561.0	1776544774.889385	0.0	1.0	-1.0	-1.0	-1.0	-1.0	-1.0	-1.0	-1.0	-1.0	0.0	marker	opened-hand	Open	11	0418
-66598.785	-53128.89	-102643.56	-17895.645	0.0	0.0	0.0	0.0	0.0	0.0	0.0	0.0	0.0	0.0	0.0	0.0	0.0	0.0	146.13793103448276	0.0	0.03308097	-0.079162395	1.018002765	2.53316	0.24416	-0.6714399999999999	3192562.0	1776544774.892562	0.0	1.0	-1.0	-1.0	-1.0	-1.0	-1.0	-1.0	-1.0	-1.0	0.0	marker	opened-hand	Open	11	0418
-66592.44	-53118.674999999996	-102632.04	-17897.309999999998	0.0	0.0	0.0	0.0	0.0	0.0	0.0	0.0	0.0	0.0	0.0	0.0	0.0	0.0	146.13793103448276	0.0	0.03308097	-0.079162395	1.018002765	2.53316	0.24416	-0.6714399999999999	3192563.0	1776544774.892567	0.0	1.0	-1.0	-1.0	-1.0	-1.0	-1.0	-1.0	-1.0	-1.0	0.0	marker	opened-hand	Open	11	0418
-66604.72499999999	-53116.515	-102598.11	-17871.255	0.0	0.0	0.0	0.0	0.0	0.0	0.0	0.0	0.0	0.0	0.0	0.0	0.0	0.0	146.13793103448276	0.0	0.03124992	-0.081603795	1.019101395	3.76922	-0.44254	-0.32045999999999997	3192564.0	1776544774.898509	0.0	1.0	-1.0	-1.0	-1.0	-1.0	-1.0	-1.0	-1.0	-1.0	0.0	marker	opened-hand	Open	11	0418
-66557.43	-53110.845	-102539.61	-17822.204999999998	0.0	0.0	0.0	0.0	0.0	0.0	0.0	0.0	0.0	0.0	0.0	0.0	0.0	0.0	146.13793103448276	0.0	0.03124992	-0.081603795	1.019101395	3.76922	-0.44254	-0.32045999999999997	3192565.0	1776544774.898514	0.0	1.0	-1.0	-1.0	-1.0	-1.0	-1.0	-1.0	-1.0	-1.0	0.0	marker	opened-hand	Open	11	0418
-66513.19499999999	-53108.595	-102515.625	-17780.175	0.0	0.0	0.0	0.0	0.0	0.0	0.0	0.0	0.0	0.0	0.0	0.0	0.0	0.0	146.13793103448276	0.0	0.03124992	-0.081603795	1.019101395	3.76922	-0.44254	-0.32045999999999997	3192566.0	1776544774.900483	0.0	1.0	-1.0	-1.0	-1.0	-1.0	-1.0	-1.0	-1.0	-1.0	0.0	marker	opened-hand	Open	11	0418
-66513.06	-53105.579999999994	-102525.705	-17769.149999999998	0.0	0.0	0.0	0.0	0.0	0.0	0.0	0.0	0.0	0.0	0.0	0.0	0.0	0.0	146.13793103448276	0.0	0.03124992	-0.081603795	1.019101395	3.76922	-0.44254	-0.32045999999999997	3192567.0	1776544774.900488	0.0	1.0	-1.0	-1.0	-1.0	-1.0	-1.0	-1.0	-1.0	-1.0	0.0	marker	opened-hand	Open	11	0418
-66561.165	-53109.81	-102551.67	-17799.03	0.0	0.0	0.0	0.0	0.0	0.0	0.0	0.0	0.0	0.0	0.0	0.0	0.0	0.0	146.13793103448276	0.0	0.03124992	-0.081603795	1.019101395	3.76922	-0.44254	-0.32045999999999997	3192568.0	1776544774.904607	0.0	1.0	-1.0	-1.0	-1.0	-1.0	-1.0	-1.0	-1.0	-1.0	0.0	marker	opened-hand	Open	11	0418
-66558.23999999999	-53108.369999999995	-102547.75499999999	-17804.655	0.0	0.0	0.0	0.0	0.0	0.0	0.0	0.0	0.0	0.0	0.0	0.0	0.0	0.0	146.13793103448276	0.0	0.03124992	-0.081603795	1.019101395	3.76922	-0.44254	-0.32045999999999997	3192569.0	1776544774.904612	0.0	1.0	-1.0	-1.0	-1.0	-1.0	-1.0	-1.0	-1.0	-1.0	0.0	marker	opened-hand	Open	11	0418
-66558.69	-53099.145	-102532.095	-17782.515	0.0	0.0	0.0	0.0	0.0	0.0	0.0	0.0	0.0	0.0	0.0	0.0	0.0	0.0	146.13793103448276	0.0	0.03124992	-0.081603795	1.019101395	3.76922	-0.44254	-0.32045999999999997	3192570.0	1776544774.908781	0.0	1.0	-1.0	-1.0	-1.0	-1.0	-1.0	-1.0	-1.0	-1.0	0.0	marker	opened-hand	Open	11	0418
-66556.89	-53091.27	-102528.98999999999	-17773.38	0.0	0.0	0.0	0.0	0.0	0.0	0.0	0.0	0.0	0.0	0.0	0.0	0.0	0.0	146.13793103448276	0.0	0.03124992	-0.081603795	1.019101395	3.76922	-0.44254	-0.32045999999999997	3192571.0	1776544774.908786	0.0	1.0	-1.0	-1.0	-1.0	-1.0	-1.0	-1.0	-1.0	-1.0	0.0	marker	opened-hand	Open	11	0418
-66476.565	-53080.424999999996	-102485.025	-17739.225	0.0	0.0	0.0	0.0	0.0	0.0	0.0	0.0	0.0	0.0	0.0	0.0	0.0	0.0	146.13793103448276	0.0	0.03124992	-0.081603795	1.019101395	3.76922	-0.44254	-0.32045999999999997	3192572.0	1776544774.912684	0.0	1.0	-1.0	-1.0	-1.0	-1.0	-1.0	-1.0	-1.0	-1.0	0.0	marker	opened-hand	Open	11	0418
-66412.53	-53077.454999999994	-102441.95999999999	-17708.265	0.0	0.0	0.0	0.0	0.0	0.0	0.0	0.0	0.0	0.0	0.0	0.0	0.0	0.0	146.13793103448276	0.0	0.03124992	-0.081603795	1.019101395	3.76922	-0.44254	-0.32045999999999997	3192573.0	1776544774.912689	0.0	1.0	-1.0	-1.0	-1.0	-1.0	-1.0	-1.0	-1.0	-1.0	0.0	marker	opened-hand	Open	11	0418
-66436.83	-53078.354999999996	-102451.59	-17716.545	0.0	0.0	0.0	0.0	0.0	0.0	0.0	0.0	0.0	0.0	0.0	0.0	0.0	0.0	146.13793103448276	0.0	0.03454581	-0.08526589500000001	1.02245832	3.02148	-0.8392999999999999	-0.97664	3192574.0	1776544774.916671	0.0	1.0	-1.0	-1.0	-1.0	-1.0	-1.0	-1.0	-1.0	-1.0	0.0	marker	opened-hand	Open	11	0418
-66442.31999999999	-53075.43	-102437.055	-17714.655	0.0	0.0	0.0	0.0	0.0	0.0	0.0	0.0	0.0	0.0	0.0	0.0	0.0	0.0	146.13793103448276	0.0	0.03454581	-0.08526589500000001	1.02245832	3.02148	-0.8392999999999999	-0.97664	3192575.0	1776544774.916676	0.0	1.0	-1.0	-1.0	-1.0	-1.0	-1.0	-1.0	-1.0	-1.0	0.0	marker	opened-hand	Open	11	0418
-66555.315	-53072.369999999995	-102481.37999999999	-17779.545	0.0	0.0	0.0	0.0	0.0	0.0	0.0	0.0	0.0	0.0	0.0	0.0	0.0	0.0	146.13793103448276	0.0	0.03454581	-0.08526589500000001	1.02245832	3.02148	-0.8392999999999999	-0.97664	3192576.0	1776544774.920678	0.0	1.0	-1.0	-1.0	-1.0	-1.0	-1.0	-1.0	-1.0	-1.0	0.0	marker	opened-hand	Open	11	0418
-66430.44	-53054.1	-102382.01999999999	-17682.165	0.0	0.0	0.0	0.0	0.0	0.0	0.0	0.0	0.0	0.0	0.0	0.0	0.0	0.0	146.13793103448276	0.0	0.03454581	-0.08526589500000001	1.02245832	3.02148	-0.8392999999999999	-0.97664	3192577.0	1776544774.920688	0.0	1.0	-1.0	-1.0	-1.0	-1.0	-1.0	-1.0	-1.0	-1.0	0.0	marker	opened-hand	Open	11	0418
-66448.98	-53046.494999999995	-102452.4	-17689.23	0.0	0.0	0.0	0.0	0.0	0.0	0.0	0.0	0.0	0.0	0.0	0.0	0.0	0.0	146.13793103448276	0.0	0.03454581	-0.08526589500000001	1.02245832	3.02148	-0.8392999999999999	-0.97664	3192578.0	1776544774.924681	0.0	1.0	-1.0	-1.0	-1.0	-1.0	-1.0	-1.0	-1.0	-1.0	0.0	marker	opened-hand	Open	11	0418
-66562.29	-53065.71	-102595.86	-17821.44	0.0	0.0	0.0	0.0	0.0	0.0	0.0	0.0	0.0	0.0	0.0	0.0	0.0	0.0	146.13793103448276	0.0	0.03454581	-0.08526589500000001	1.02245832	3.02148	-0.8392999999999999	-0.97664	3192579.0	1776544774.924685	0.0	1.0	-1.0	-1.0	-1.0	-1.0	-1.0	-1.0	-1.0	-1.0	0.0	marker	opened-hand	Open	11	0418
-66604.68	-53079.93	-102610.70999999999	-17881.739999999998	0.0	0.0	0.0	0.0	0.0	0.0	0.0	0.0	0.0	0.0	0.0	0.0	0.0	0.0	146.13793103448276	0.0	0.03454581	-0.08526589500000001	1.02245832	3.02148	-0.8392999999999999	-0.97664	3192580.0	1776544774.928761	0.0	1.0	-1.0	-1.0	-1.0	-1.0	-1.0	-1.0	-1.0	-1.0	0.0	marker	opened-hand	Open	11	0418
-66588.345	-53079.57	-102574.845	-17854.469999999998	0.0	0.0	0.0	0.0	0.0	0.0	0.0	0.0	0.0	0.0	0.0	0.0	0.0	0.0	146.13793103448276	0.0	0.03454581	-0.08526589500000001	1.02245832	3.02148	-0.8392999999999999	-0.97664	3192581.0	1776544774.928778	0.0	1.0	-1.0	-1.0	-1.0	-1.0	-1.0	-1.0	-1.0	-1.0	0.0	marker	opened-hand	Open	11	0418
-66587.48999999999	-53084.61	-102589.56	-17840.34	0.0	0.0	0.0	0.0	0.0	0.0	0.0	0.0	0.0	0.0	0.0	0.0	0.0	0.0	146.13793103448276	0.0	0.03454581	-0.08526589500000001	1.02245832	3.02148	-0.8392999999999999	-0.97664	3192582.0	1776544774.932688	0.0	1.0	-1.0	-1.0	-1.0	-1.0	-1.0	-1.0	-1.0	-1.0	0.0	marker	opened-hand	Open	11	0418
-66607.245	-53090.82	-102634.515	-17865.18	0.0	0.0	0.0	0.0	0.0	0.0	0.0	0.0	0.0	0.0	0.0	0.0	0.0	0.0	146.13793103448276	0.0	0.03454581	-0.08526589500000001	1.02245832	3.02148	-0.8392999999999999	-0.97664	3192583.0	1776544774.932692	0.0	1.0	-1.0	-1.0	-1.0	-1.0	-1.0	-1.0	-1.0	-1.0	0.0	marker	opened-hand	Open	11	0418
-66582.36	-53088.39	-102625.155	-17863.155	0.0	0.0	0.0	0.0	0.0	0.0	0.0	0.0	0.0	0.0	0.0	0.0	0.0	0.0	146.13793103448276	0.0	0.032287515	-0.08862282	1.01623275	4.0439	-1.00716	-1.8159399999999999	3192584.0	1776544774.936659	0.0	1.0	-1.0	-1.0	-1.0	-1.0	-1.0	-1.0	-1.0	-1.0	0.0	marker	opened-hand	Open	11	0418
-66533.94	-53075.52	-102553.155	-17800.829999999998	0.0	0.0	0.0	0.0	0.0	0.0	0.0	0.0	0.0	0.0	0.0	0.0	0.0	0.0	146.13793103448276	0.0	0.032287515	-0.08862282	1.01623275	4.0439	-1.00716	-1.8159399999999999	3192585.0	1776544774.936675	0.0	1.0	-1.0	-1.0	-1.0	-1.0	-1.0	-1.0	-1.0	-1.0	0.0	marker	opened-hand	Open	11	0418
-66545.28	-53066.07	-102552.56999999999	-17793.495	0.0	0.0	0.0	0.0	0.0	0.0	0.0	0.0	0.0	0.0	0.0	0.0	0.0	0.0	146.13793103448276	0.0	0.032287515	-0.08862282	1.01623275	4.0439	-1.00716	-1.8159399999999999	3192586.0	1776544774.94062	0.0	1.0	-1.0	-1.0	-1.0	-1.0	-1.0	-1.0	-1.0	-1.0	0.0	marker	opened-hand	Open	11	0418
-66576.69	-53065.71	-102590.86499999999	-17827.965	0.0	0.0	0.0	0.0	0.0	0.0	0.0	0.0	0.0	0.0	0.0	0.0	0.0	0.0	146.13793103448276	0.0	0.032287515	-0.08862282	1.01623275	4.0439	-1.00716	-1.8159399999999999	3192587.0	1776544774.940624	0.0	1.0	-1.0	-1.0	-1.0	-1.0	-1.0	-1.0	-1.0	-1.0	0.0	marker	opened-hand	Open	11	0418
-66519.855	-53066.655	-102548.87999999999	-17789.805	0.0	0.0	0.0	0.0	0.0	0.0	0.0	0.0	0.0	0.0	0.0	0.0	0.0	0.0	146.13793103448276	0.0	0.032287515	-0.08862282	1.01623275	4.0439	-1.00716	-1.8159399999999999	3192588.0	1776544774.944715	0.0	1.0	-1.0	-1.0	-1.0	-1.0	-1.0	-1.0	-1.0	-1.0	0.0	marker	opened-hand	Open	11	0418
-66521.43	-53070.075	-102527.14499999999	-17772.3	0.0	0.0	0.0	0.0	0.0	0.0	0.0	0.0	0.0	0.0	0.0	0.0	0.0	0.0	146.13793103448276	0.0	0.032287515	-0.08862282	1.01623275	4.0439	-1.00716	-1.8159399999999999	3192589.0	1776544774.944719	0.0	1.0	-1.0	-1.0	-1.0	-1.0	-1.0	-1.0	-1.0	-1.0	0.0	marker	opened-hand	Open	11	0418
-66565.845	-53071.515	-102527.73	-17800.785	0.0	0.0	0.0	0.0	0.0	0.0	0.0	0.0	0.0	0.0	0.0	0.0	0.0	0.0	146.13793103448276	0.0	0.032287515	-0.08862282	1.01623275	4.0439	-1.00716	-1.8159399999999999	3192590.0	1776544774.948669	0.0	1.0	-1.0	-1.0	-1.0	-1.0	-1.0	-1.0	-1.0	-1.0	0.0	marker	opened-hand	Open	11	0418
-66522.95999999999	-53058.915	-102514.31999999999	-17786.745	0.0	0.0	0.0	0.0	0.0	0.0	0.0	0.0	0.0	0.0	0.0	0.0	0.0	0.0	146.13793103448276	0.0	0.032287515	-0.08862282	1.01623275	4.0439	-1.00716	-1.8159399999999999	3192591.0	1776544774.948674	0.0	1.0	-1.0	-1.0	-1.0	-1.0	-1.0	-1.0	-1.0	-1.0	0.0	marker	opened-hand	Open	11	0418
-66501.495	-53052.21	-102515.355	-17770.77	0.0	0.0	0.0	0.0	0.0	0.0	0.0	0.0	0.0	0.0	0.0	0.0	0.0	0.0	146.13793103448276	0.0	0.032287515	-0.08862282	1.01623275	4.0439	-1.00716	-1.8159399999999999	3192592.0	1776544774.954255	0.0	1.0	-1.0	-1.0	-1.0	-1.0	-1.0	-1.0	-1.0	-1.0	0.0	marker	opened-hand	Open	11	0418
-66497.31	-53050.59	-102517.065	-17768.745	0.0	0.0	0.0	0.0	0.0	0.0	0.0	0.0	0.0	0.0	0.0	0.0	0.0	0.0	146.13793103448276	0.0	0.032287515	-0.08862282	1.01623275	4.0439	-1.00716	-1.8159399999999999	3192593.0	1776544774.954273	0.0	1.0	-1.0	-1.0	-1.0	-1.0	-1.0	-1.0	-1.0	-1.0	0.0	marker	opened-hand	Open	11	0418
-66546.98999999999	-53043.93	-102543.03	-17791.02	0.0	0.0	0.0	0.0	0.0	0.0	0.0	0.0	0.0	0.0	0.0	0.0	0.0	0.0	146.13793103448276	0.0	0.033691320000000004	-0.088317645	1.0126316850000001	4.37962	-0.39676	-1.1444999999999999	3192594.0	1776544774.956751	0.0	1.0	-1.0	-1.0	-1.0	-1.0	-1.0	-1.0	-1.0	-1.0	0.0	marker	opened-hand	Open	11	0418
-66613.14	-53040.329999999994	-102574.665	-17823.465	0.0	0.0	0.0	0.0	0.0	0.0	0.0	0.0	0.0	0.0	0.0	0.0	0.0	0.0	146.13793103448276	0.0	0.033691320000000004	-0.088317645	1.0126316850000001	4.37962	-0.39676	-1.1444999999999999	3192595.0	1776544774.956778	0.0	1.0	-1.0	-1.0	-1.0	-1.0	-1.0	-1.0	-1.0	-1.0	0.0	marker	opened-hand	Open	11	0418
-66498.12	-53036.145	-102478.455	-17742.42	0.0	0.0	0.0	0.0	0.0	0.0	0.0	0.0	0.0	0.0	0.0	0.0	0.0	0.0	146.13793103448276	0.0	0.033691320000000004	-0.088317645	1.0126316850000001	4.37962	-0.39676	-1.1444999999999999	3192596.0	1776544774.960736	0.0	1.0	-1.0	-1.0	-1.0	-1.0	-1.0	-1.0	-1.0	-1.0	0.0	marker	opened-hand	Open	11	0418
-66527.595	-53012.115	-102502.53	-17770.14	0.0	0.0	0.0	0.0	0.0	0.0	0.0	0.0	0.0	0.0	0.0	0.0	0.0	0.0	146.13793103448276	0.0	0.033691320000000004	-0.088317645	1.0126316850000001	4.37962	-0.39676	-1.1444999999999999	3192597.0	1776544774.96074	0.0	1.0	-1.0	-1.0	-1.0	-1.0	-1.0	-1.0	-1.0	-1.0	0.0	marker	opened-hand	Open	11	0418
-66582.18	-52930.17	-102564.315	-17829.18	0.0	0.0	0.0	0.0	0.0	0.0	0.0	0.0	0.0	0.0	0.0	0.0	0.0	0.0	146.13793103448276	0.0	0.033691320000000004	-0.088317645	1.0126316850000001	4.37962	-0.39676	-1.1444999999999999	3192598.0	1776544774.964802	0.0	1.0	-1.0	-1.0	-1.0	-1.0	-1.0	-1.0	-1.0	-1.0	0.0	marker	opened-hand	Open	11	0418
-66555.045	-52912.259999999995	-102581.595	-17842.005	0.0	0.0	0.0	0.0	0.0	0.0	0.0	0.0	0.0	0.0	0.0	0.0	0.0	0.0	146.13793103448276	0.0	0.033691320000000004	-0.088317645	1.0126316850000001	4.37962	-0.39676	-1.1444999999999999	3192599.0	1776544774.964806	0.0	1.0	-1.0	-1.0	-1.0	-1.0	-1.0	-1.0	-1.0	-1.0	0.0	marker	opened-hand	Open	11	0418
-66521.83499999999	-52908.795	-102558.95999999999	-17819.594999999998	0.0	0.0	0.0	0.0	0.0	0.0	0.0	0.0	0.0	0.0	0.0	0.0	0.0	0.0	146.13793103448276	0.0	0.033691320000000004	-0.088317645	1.0126316850000001	4.37962	-0.39676	-1.1444999999999999	3192600.0	1776544774.974319	0.0	1.0	-1.0	-1.0	-1.0	-1.0	-1.0	-1.0	-1.0	-1.0	0.0	marker	opened-hand	Open	11	0418
-66515.58	-52904.204999999994	-102551.22	-17812.35	0.0	0.0	0.0	0.0	0.0	0.0	0.0	0.0	0.0	0.0	0.0	0.0	0.0	0.0	146.13793103448276	0.0	0.033691320000000004	-0.088317645	1.0126316850000001	4.37962	-0.39676	-1.1444999999999999	3192601.0	1776544774.974344	0.0	1.0	-1.0	-1.0	-1.0	-1.0	-1.0	-1.0	-1.0	-1.0	0.0	marker	opened-hand	Open	11	0418
-66571.605	-52890.119999999995	-102560.44499999999	-17816.985	0.0	0.0	0.0	0.0	0.0	0.0	0.0	0.0	0.0	0.0	0.0	0.0	0.0	0.0	146.13793103448276	0.0	0.033691320000000004	-0.088317645	1.0126316850000001	4.37962	-0.39676	-1.1444999999999999	3192602.0	1776544774.974366	0.0	1.0	-1.0	-1.0	-1.0	-1.0	-1.0	-1.0	-1.0	-1.0	0.0	marker	opened-hand	Open	11	0418
-66584.97	-52871.67	-102558.87	-17811.27	0.0	0.0	0.0	0.0	0.0	0.0	0.0	0.0	0.0	0.0	0.0	0.0	0.0	0.0	146.13793103448276	0.0	0.033691320000000004	-0.088317645	1.0126316850000001	4.37962	-0.39676	-1.1444999999999999	3192603.0	1776544774.97437	0.0	1.0	-1.0	-1.0	-1.0	-1.0	-1.0	-1.0	-1.0	-1.0	0.0	marker	opened-hand	Open	11	0418
-66549.915	-52864.92	-102535.29	-17816.67	0.0	0.0	0.0	0.0	0.0	0.0	0.0	0.0	0.0	0.0	0.0	0.0	0.0	0.0	146.13793103448276	0.0	0.032287515	-0.08251932000000001	1.012021335	2.48738	0.27468	-0.6714399999999999	3192604.0	1776544774.978475	0.0	1.0	-1.0	-1.0	-1.0	-1.0	-1.0	-1.0	-1.0	-1.0	0.0	marker	opened-hand	Open	11	0418
-66527.055	-52867.799999999996	-102493.215	-17810.19	0.0	0.0	0.0	0.0	0.0	0.0	0.0	0.0	0.0	0.0	0.0	0.0	0.0	0.0	146.13793103448276	0.0	0.032287515	-0.08251932000000001	1.012021335	2.48738	0.27468	-0.6714399999999999	3192605.0	1776544774.978491	0.0	1.0	-1.0	-1.0	-1.0	-1.0	-1.0	-1.0	-1.0	-1.0	0.0	marker	opened-hand	Open	11	0418
-66527.055	-52867.799999999996	-102493.215	-17810.19	0.0	0.0	0.0	0.0	0.0	0.0	0.0	0.0	0.0	0.0	0.0	0.0	0.0	0.0	146.13793103448276	0.0	0.032287515	-0.08251932000000001	1.012021335	2.48738	0.27468	-0.6714399999999999	3192606.0	1776544774.981201	0.0	1.0	-1.0	-1.0	-1.0	-1.0	-1.0	-1.0	-1.0	-1.0	0.0	marker	opened-hand	Open	11	0418
-66527.055	-52867.799999999996	-102493.215	-17810.19	0.0	0.0	0.0	0.0	0.0	0.0	0.0	0.0	0.0	0.0	0.0	0.0	0.0	0.0	146.13793103448276	0.0	0.032287515	-0.08251932000000001	1.012021335	2.48738	0.27468	-0.6714399999999999	3192607.0	1776544774.981205	0.0	1.0	-1.0	-1.0	-1.0	-1.0	-1.0	-1.0	-1.0	-1.0	0.0	marker	opened-hand	Open	11	0418
-66527.055	-52867.799999999996	-102493.215	-17810.19	0.0	0.0	0.0	0.0	0.0	0.0	0.0	0.0	0.0	0.0	0.0	0.0	0.0	0.0	146.13793103448276	0.0	0.032287515	-0.08251932000000001	1.012021335	2.48738	0.27468	-0.6714399999999999	3192608.0	1776544774.981208	0.0	1.0	-1.0	-1.0	-1.0	-1.0	-1.0	-1.0	-1.0	-1.0	0.0	marker	opened-hand	Open	11	0418
-66552.345	-52887.15	-102558.735	-17773.425	0.0	0.0	0.0	0.0	0.0	0.0	0.0	0.0	0.0	0.0	0.0	0.0	0.0	0.0	146.13793103448276	0.0	0.032287515	-0.08251932000000001	1.012021335	2.48738	0.27468	-0.6714399999999999	3192610.0	1776544774.988921	0.0	1.0	-1.0	-1.0	-1.0	-1.0	-1.0	-1.0	-1.0	-1.0	0.0	marker	opened-hand	Open	11	0418
-66592.755	-52877.79	-102585.735	-17827.065	0.0	0.0	0.0	0.0	0.0	0.0	0.0	0.0	0.0	0.0	0.0	0.0	0.0	0.0	146.13793103448276	0.0	0.032287515	-0.08251932000000001	1.012021335	2.48738	0.27468	-0.6714399999999999	3192611.0	1776544774.988941	0.0	1.0	-1.0	-1.0	-1.0	-1.0	-1.0	-1.0	-1.0	-1.0	0.0	marker	opened-hand	Open	11	0418
-66496.31999999999	-52868.159999999996	-102484.845	-17734.815	0.0	0.0	0.0	0.0	0.0	0.0	0.0	0.0	0.0	0.0	0.0	0.0	0.0	0.0	146.13793103448276	0.0	0.032287515	-0.08251932000000001	1.012021335	2.48738	0.27468	-0.6714399999999999	3192612.0	1776544774.994871	0.0	1.0	-1.0	-1.0	-1.0	-1.0	-1.0	-1.0	-1.0	-1.0	0.0	marker	opened-hand	Open	11	0418
-66501.9	-52867.439999999995	-102527.45999999999	-17767.305	0.0	0.0	0.0	0.0	0.0	0.0	0.0	0.0	0.0	0.0	0.0	0.0	0.0	0.0	146.13793103448276	0.0	0.032287515	-0.08251932000000001	1.012021335	2.48738	0.27468	-0.6714399999999999	3192613.0	1776544774.994881	0.0	1.0	-1.0	-1.0	-1.0	-1.0	-1.0	-1.0	-1.0	-1.0	0.0	marker	opened-hand	Open	11	0418
-66586.36499999999	-52870.68	-102622.995	-17863.065	0.0	0.0	0.0	0.0	0.0	0.0	0.0	0.0	0.0	0.0	0.0	0.0	0.0	0.0	146.13793103448276	0.0	0.03356925	-0.080383095	1.011410985	3.4945399999999998	0.2289	-0.25942	3192614.0	1776544774.997882	0.0	1.0	-1.0	-1.0	-1.0	-1.0	-1.0	-1.0	-1.0	-1.0	0.0	marker	opened-hand	Open	11	0418
-66665.43	-52879.905	-102654.135	-17905.274999999998	0.0	0.0	0.0	0.0	0.0	0.0	0.0	0.0	0.0	0.0	0.0	0.0	0.0	0.0	146.13793103448276	0.0	0.03356925	-0.080383095	1.011410985	3.4945399999999998	0.2289	-0.25942	3192615.0	1776544774.9979	0.0	1.0	-1.0	-1.0	-1.0	-1.0	-1.0	-1.0	-1.0	-1.0	0.0	marker	opened-hand	Open	11	0418
-66634.515	-52817.579999999994	-102603.015	-17866.89	0.0	0.0	0.0	0.0	0.0	0.0	0.0	0.0	0.0	0.0	0.0	0.0	0.0	0.0	146.13793103448276	0.0	0.03356925	-0.080383095	1.011410985	3.4945399999999998	0.2289	-0.25942	3192616.0	1776544775.000936	0.0	1.0	-1.0	-1.0	-1.0	-1.0	-1.0	-1.0	-1.0	-1.0	0.0	marker	opened-hand	Open	11	0418
-66574.08	-52765.38	-102567.42	-17821.8	0.0	0.0	0.0	0.0	0.0	0.0	0.0	0.0	0.0	0.0	0.0	0.0	0.0	0.0	146.13793103448276	0.0	0.03356925	-0.080383095	1.011410985	3.4945399999999998	0.2289	-0.25942	3192617.0	1776544775.000944	0.0	1.0	-1.0	-1.0	-1.0	-1.0	-1.0	-1.0	-1.0	-1.0	0.0	marker	opened-hand	Open	11	0418
-66596.895	-52758.854999999996	-102630.105	-17857.98	0.0	0.0	0.0	0.0	0.0	0.0	0.0	0.0	0.0	0.0	0.0	0.0	0.0	0.0	146.13793103448276	0.0	0.03356925	-0.080383095	1.011410985	3.4945399999999998	0.2289	-0.25942	3192618.0	1776544775.004924	0.0	1.0	-1.0	-1.0	-1.0	-1.0	-1.0	-1.0	-1.0	-1.0	0.0	marker	opened-hand	Open	11	0418
-66528.045	-52758.314999999995	-102580.245	-17833.005	0.0	0.0	0.0	0.0	0.0	0.0	0.0	0.0	0.0	0.0	0.0	0.0	0.0	0.0	146.13793103448276	0.0	0.03356925	-0.080383095	1.011410985	3.4945399999999998	0.2289	-0.25942	3192619.0	1776544775.00494	0.0	1.0	-1.0	-1.0	-1.0	-1.0	-1.0	-1.0	-1.0	-1.0	0.0	marker	opened-hand	Open	11	0418
-66499.73999999999	-52765.29	-102510.18	-17768.204999999998	0.0	0.0	0.0	0.0	0.0	0.0	0.0	0.0	0.0	0.0	0.0	0.0	0.0	0.0	146.13793103448276	0.0	0.03356925	-0.080383095	1.011410985	3.4945399999999998	0.2289	-0.25942	3192620.0	1776544775.008929	0.0	1.0	-1.0	-1.0	-1.0	-1.0	-1.0	-1.0	-1.0	-1.0	0.0	marker	opened-hand	Open	11	0418
-66592.485	-52775.729999999996	-102527.19	-17796.825	0.0	0.0	0.0	0.0	0.0	0.0	0.0	0.0	0.0	0.0	0.0	0.0	0.0	0.0	146.13793103448276	0.0	0.03356925	-0.080383095	1.011410985	3.4945399999999998	0.2289	-0.25942	3192621.0	1776544775.008945	0.0	1.0	-1.0	-1.0	-1.0	-1.0	-1.0	-1.0	-1.0	-1.0	0.0	marker	opened-hand	Open	11	0418
-66568.455	-52774.29	-102493.845	-17786.745	0.0	0.0	0.0	0.0	0.0	0.0	0.0	0.0	0.0	0.0	0.0	0.0	0.0	0.0	146.13793103448276	0.0	0.03356925	-0.080383095	1.011410985	3.4945399999999998	0.2289	-0.25942	3192622.0	1776544775.012951	0.0	1.0	-1.0	-1.0	-1.0	-1.0	-1.0	-1.0	-1.0	-1.0	0.0	marker	opened-hand	Open	11	0418
-66582.45	-52778.97	-102560.355	-17802.405	0.0	0.0	0.0	0.0	0.0	0.0	0.0	0.0	0.0	0.0	0.0	0.0	0.0	0.0	146.13793103448276	0.0	0.03356925	-0.080383095	1.011410985	3.4945399999999998	0.2289	-0.25942	3192623.0	1776544775.01296	0.0	1.0	-1.0	-1.0	-1.0	-1.0	-1.0	-1.0	-1.0	-1.0	0.0	marker	opened-hand	Open	11	0418
-66516.435	-52785.134999999995	-102538.305	-17758.305	0.0	0.0	0.0	0.0	0.0	0.0	0.0	0.0	0.0	0.0	0.0	0.0	0.0	0.0	146.13793103448276	0.0	0.037048245	-0.07861308	1.01061753	2.99096	0.44254	0.0	3192624.0	1776544775.016994	0.0	1.0	-1.0	-1.0	-1.0	-1.0	-1.0	-1.0	-1.0	-1.0	0.0	marker	opened-hand	Open	11	0418
-66342.015	-52776.134999999995	-102376.17	-17627.489999999998	0.0	0.0	0.0	0.0	0.0	0.0	0.0	0.0	0.0	0.0	0.0	0.0	0.0	0.0	146.13793103448276	0.0	0.037048245	-0.07861308	1.01061753	2.99096	0.44254	0.0	3192625.0	1776544775.017011	0.0	1.0	-1.0	-1.0	-1.0	-1.0	-1.0	-1.0	-1.0	-1.0	0.0	marker	opened-hand	Open	11	0418
-66565.17	-52785.18	-102585.19499999999	-17834.355	0.0	0.0	0.0	0.0	0.0	0.0	0.0	0.0	0.0	0.0	0.0	0.0	0.0	0.0	146.13793103448276	0.0	0.037048245	-0.07861308	1.01061753	2.99096	0.44254	0.0	3192626.0	1776544775.020915	0.0	1.0	-1.0	-1.0	-1.0	-1.0	-1.0	-1.0	-1.0	-1.0	0.0	marker	opened-hand	Open	11	0418
-66634.83	-52782.075	-102642.12	-17891.37	0.0	0.0	0.0	0.0	0.0	0.0	0.0	0.0	0.0	0.0	0.0	0.0	0.0	0.0	146.13793103448276	0.0	0.037048245	-0.07861308	1.01061753	2.99096	0.44254	0.0	3192627.0	1776544775.02093	0.0	1.0	-1.0	-1.0	-1.0	-1.0	-1.0	-1.0	-1.0	-1.0	0.0	marker	opened-hand	Open	11	0418
-66525.84	-52768.079999999994	-102541.905	-17805.149999999998	0.0	0.0	0.0	0.0	0.0	0.0	0.0	0.0	0.0	0.0	0.0	0.0	0.0	0.0	146.13793103448276	0.0	0.037048245	-0.07861308	1.01061753	2.99096	0.44254	0.0	3192628.0	1776544775.024929	0.0	1.0	-1.0	-1.0	-1.0	-1.0	-1.0	-1.0	-1.0	-1.0	0.0	marker	opened-hand	Open	11	0418
-66510.855	-52759.665	-102524.67	-17778.915	0.0	0.0	0.0	0.0	0.0	0.0	0.0	0.0	0.0	0.0	0.0	0.0	0.0	0.0	146.13793103448276	0.0	0.037048245	-0.07861308	1.01061753	2.99096	0.44254	0.0	3192629.0	1776544775.024945	0.0	1.0	-1.0	-1.0	-1.0	-1.0	-1.0	-1.0	-1.0	-1.0	0.0	marker	opened-hand	Open	11	0418
-66506.4	-52763.625	-102508.73999999999	-17759.655	0.0	0.0	0.0	0.0	0.0	0.0	0.0	0.0	0.0	0.0	0.0	0.0	0.0	0.0	146.13793103448276	0.0	0.037048245	-0.07861308	1.01061753	2.99096	0.44254	0.0	3192630.0	1776544775.028937	0.0	1.0	-1.0	-1.0	-1.0	-1.0	-1.0	-1.0	-1.0	-1.0	0.0	marker	opened-hand	Open	11	0418
-66467.97	-52771.634999999995	-102451.76999999999	-17713.665	0.0	0.0	0.0	0.0	0.0	0.0	0.0	0.0	0.0	0.0	0.0	0.0	0.0	0.0	146.13793103448276	0.0	0.037048245	-0.07861308	1.01061753	2.99096	0.44254	0.0	3192631.0	1776544775.028953	0.0	1.0	-1.0	-1.0	-1.0	-1.0	-1.0	-1.0	-1.0	-1.0	0.0	marker	opened-hand	Open	11	0418
-66439.395	-52782.03	-102431.15999999999	-17677.98	0.0	0.0	0.0	0.0	0.0	0.0	0.0	0.0	0.0	0.0	0.0	0.0	0.0	0.0	146.13793103448276	0.0	0.037048245	-0.07861308	1.01061753	2.99096	0.44254	0.0	3192632.0	1776544775.032927	0.0	1.0	-1.0	-1.0	-1.0	-1.0	-1.0	-1.0	-1.0	-1.0	0.0	marker	opened-hand	Open	11	0418
-66477.78	-52789.32	-102509.19	-17759.79	0.0	0.0	0.0	0.0	0.0	0.0	0.0	0.0	0.0	0.0	0.0	0.0	0.0	0.0	146.13793103448276	0.0	0.037048245	-0.07861308	1.01061753	2.99096	0.44254	0.0	3192633.0	1776544775.032932	0.0	1.0	-1.0	-1.0	-1.0	-1.0	-1.0	-1.0	-1.0	-1.0	0.0	marker	opened-hand	Open	11	0418
-66465.0	-52803.63	-102479.805	-17733.285	0.0	0.0	0.0	0.0	0.0	0.0	0.0	0.0	0.0	0.0	0.0	0.0	0.0	0.0	146.13793103448276	0.0	0.037048245	-0.07702617	1.014218595	2.19744	0.4578	0.13734	3192634.0	1776544775.03696	0.0	1.0	-1.0	-1.0	-1.0	-1.0	-1.0	-1.0	-1.0	-1.0	0.0	marker	opened-hand	Open	11	0418
-66469.005	-52832.475	-102504.95999999999	-17750.745	0.0	0.0	0.0	0.0	0.0	0.0	0.0	0.0	0.0	0.0	0.0	0.0	0.0	0.0	146.13793103448276	0.0	0.037048245	-0.07702617	1.014218595	2.19744	0.4578	0.13734	3192635.0	1776544775.036966	0.0	1.0	-1.0	-1.0	-1.0	-1.0	-1.0	-1.0	-1.0	-1.0	0.0	marker	opened-hand	Open	11	0418
-66632.265	-52836.525	-102667.455	-17924.489999999998	0.0	0.0	0.0	0.0	0.0	0.0	0.0	0.0	0.0	0.0	0.0	0.0	0.0	0.0	146.13793103448276	0.0	0.037048245	-0.07702617	1.014218595	2.19744	0.4578	0.13734	3192636.0	1776544775.041013	0.0	1.0	-1.0	-1.0	-1.0	-1.0	-1.0	-1.0	-1.0	-1.0	0.0	marker	opened-hand	Open	11	0418
-66683.565	-52828.38	-102679.245	-17940.015	0.0	0.0	0.0	0.0	0.0	0.0	0.0	0.0	0.0	0.0	0.0	0.0	0.0	0.0	146.13793103448276	0.0	0.037048245	-0.07702617	1.014218595	2.19744	0.4578	0.13734	3192637.0	1776544775.04103	0.0	1.0	-1.0	-1.0	-1.0	-1.0	-1.0	-1.0	-1.0	-1.0	0.0	marker	opened-hand	Open	11	0418
-66618.63	-52816.32	-102628.70999999999	-17884.079999999998	0.0	0.0	0.0	0.0	0.0	0.0	0.0	0.0	0.0	0.0	0.0	0.0	0.0	0.0	146.13793103448276	0.0	0.037048245	-0.07702617	1.014218595	2.19744	0.4578	0.13734	3192638.0	1776544775.045083	0.0	1.0	-1.0	-1.0	-1.0	-1.0	-1.0	-1.0	-1.0	-1.0	0.0	marker	opened-hand	Open	11	0418
-66580.47	-52815.825	-102598.56	-17840.79	0.0	0.0	0.0	0.0	0.0	0.0	0.0	0.0	0.0	0.0	0.0	0.0	0.0	0.0	146.13793103448276	0.0	0.037048245	-0.07702617	1.014218595	2.19744	0.4578	0.13734	3192639.0	1776544775.045099	0.0	1.0	-1.0	-1.0	-1.0	-1.0	-1.0	-1.0	-1.0	-1.0	0.0	marker	opened-hand	Open	11	0418
-66567.375	-52827.615	-102559.185	-17800.335	0.0	0.0	0.0	0.0	0.0	0.0	0.0	0.0	0.0	0.0	0.0	0.0	0.0	0.0	146.13793103448276	0.0	0.037048245	-0.07702617	1.014218595	2.19744	0.4578	0.13734	3192640.0	1776544775.049067	0.0	1.0	-1.0	-1.0	-1.0	-1.0	-1.0	-1.0	-1.0	-1.0	0.0	marker	opened-hand	Open	11	0418
-66546.09	-52840.799999999996	-102521.06999999999	-17789.805	0.0	0.0	0.0	0.0	0.0	0.0	0.0	0.0	0.0	0.0	0.0	0.0	0.0	0.0	146.13793103448276	0.0	0.037048245	-0.07702617	1.014218595	2.19744	0.4578	0.13734	3192641.0	1776544775.049082	0.0	1.0	-1.0	-1.0	-1.0	-1.0	-1.0	-1.0	-1.0	-1.0	0.0	marker	opened-hand	Open	11	0418
-66516.345	-52840.439999999995	-102492.045	-17760.105	0.0	0.0	0.0	0.0	0.0	0.0	0.0	0.0	0.0	0.0	0.0	0.0	0.0	0.0	146.13793103448276	0.0	0.037048245	-0.07702617	1.014218595	2.19744	0.4578	0.13734	3192642.0	1776544775.053052	0.0	1.0	-1.0	-1.0	-1.0	-1.0	-1.0	-1.0	-1.0	-1.0	0.0	marker	opened-hand	Open	11	0418
-66503.83499999999	-52844.13	-102498.795	-17753.04	0.0	0.0	0.0	0.0	0.0	0.0	0.0	0.0	0.0	0.0	0.0	0.0	0.0	0.0	146.13793103448276	0.0	0.037048245	-0.07702617	1.014218595	2.19744	0.4578	0.13734	3192643.0	1776544775.053068	0.0	1.0	-1.0	-1.0	-1.0	-1.0	-1.0	-1.0	-1.0	-1.0	0.0	marker	opened-hand	Open	11	0418
-66522.465	-52835.31	-102541.185	-17768.385	0.0	0.0	0.0	0.0	0.0	0.0	0.0	0.0	0.0	0.0	0.0	0.0	0.0	0.0	146.13793103448276	0.0	0.036621	-0.08166483000000001	1.015561365	2.1364	0.25942	-0.01526	3192644.0	1776544775.057141	0.0	1.0	-1.0	-1.0	-1.0	-1.0	-1.0	-1.0	-1.0	-1.0	0.0	marker	opened-hand	Open	11	0418
-66574.98	-52829.775	-102594.51	-17823.149999999998	0.0	0.0	0.0	0.0	0.0	0.0	0.0	0.0	0.0	0.0	0.0	0.0	0.0	0.0	146.13793103448276	0.0	0.036621	-0.08166483000000001	1.015561365	2.1364	0.25942	-0.01526	3192645.0	1776544775.057157	0.0	1.0	-1.0	-1.0	-1.0	-1.0	-1.0	-1.0	-1.0	-1.0	0.0	marker	opened-hand	Open	11	0418
-66543.84	-52829.82	-102565.44	-17797.68	0.0	0.0	0.0	0.0	0.0	0.0	0.0	0.0	0.0	0.0	0.0	0.0	0.0	0.0	146.13793103448276	0.0	0.036621	-0.08166483000000001	1.015561365	2.1364	0.25942	-0.01526	3192646.0	1776544775.061095	0.0	1.0	-1.0	-1.0	-1.0	-1.0	-1.0	-1.0	-1.0	-1.0	0.0	marker	opened-hand	Open	11	0418
-66484.17	-52830.494999999995	-102492.98999999999	-17727.344999999998	0.0	0.0	0.0	0.0	0.0	0.0	0.0	0.0	0.0	0.0	0.0	0.0	0.0	0.0	146.13793103448276	0.0	0.036621	-0.08166483000000001	1.015561365	2.1364	0.25942	-0.01526	3192647.0	1776544775.061111	0.0	1.0	-1.0	-1.0	-1.0	-1.0	-1.0	-1.0	-1.0	-1.0	0.0	marker	opened-hand	Open	11	0418
-66523.77	-52845.975	-102519.94499999999	-17754.255	0.0	0.0	0.0	0.0	0.0	0.0	0.0	0.0	0.0	0.0	0.0	0.0	0.0	0.0	146.13793103448276	0.0	0.036621	-0.08166483000000001	1.015561365	2.1364	0.25942	-0.01526	3192648.0	1776544775.065756	0.0	1.0	-1.0	-1.0	-1.0	-1.0	-1.0	-1.0	-1.0	-1.0	0.0	marker	opened-hand	Open	11	0418
-66587.48999999999	-52864.56	-102598.65	-17840.745	0.0	0.0	0.0	0.0	0.0	0.0	0.0	0.0	0.0	0.0	0.0	0.0	0.0	0.0	146.13793103448276	0.0	0.036621	-0.08166483000000001	1.015561365	2.1364	0.25942	-0.01526	3192649.0	1776544775.065772	0.0	1.0	-1.0	-1.0	-1.0	-1.0	-1.0	-1.0	-1.0	-1.0	0.0	marker	opened-hand	Open	11	0418
-66553.065	-52867.575	-102549.51	-17792.954999999998	0.0	0.0	0.0	0.0	0.0	0.0	0.0	0.0	0.0	0.0	0.0	0.0	0.0	0.0	146.13793103448276	0.0	0.036621	-0.08166483000000001	1.015561365	2.1364	0.25942	-0.01526	3192650.0	1776544775.069293	0.0	1.0	-1.0	-1.0	-1.0	-1.0	-1.0	-1.0	-1.0	-1.0	0.0	marker	opened-hand	Open	11	0418
-66531.015	-52854.165	-102499.37999999999	-17743.005	0.0	0.0	0.0	0.0	0.0	0.0	0.0	0.0	0.0	0.0	0.0	0.0	0.0	0.0	146.13793103448276	0.0	0.036621	-0.08166483000000001	1.015561365	2.1364	0.25942	-0.01526	3192651.0	1776544775.069309	0.0	1.0	-1.0	-1.0	-1.0	-1.0	-1.0	-1.0	-1.0	-1.0	0.0	marker	opened-hand	Open	11	0418
-66450.95999999999	-52831.979999999996	-102419.415	-17666.64	0.0	0.0	0.0	0.0	0.0	0.0	0.0	0.0	0.0	0.0	0.0	0.0	0.0	0.0	146.13793103448276	0.0	0.036621	-0.08166483000000001	1.015561365	2.1364	0.25942	-0.01526	3192652.0	1776544775.075118	0.0	1.0	-1.0	-1.0	-1.0	-1.0	-1.0	-1.0	-1.0	-1.0	0.0	marker	opened-hand	Open	11	0418
-66356.37	-52813.53	-102338.86499999999	-17597.565	0.0	0.0	0.0	0.0	0.0	0.0	0.0	0.0	0.0	0.0	0.0	0.0	0.0	0.0	146.13793103448276	0.0	0.036621	-0.08166483000000001	1.015561365	2.1364	0.25942	-0.01526	3192653.0	1776544775.075133	0.0	1.0	-1.0	-1.0	-1.0	-1.0	-1.0	-1.0	-1.0	-1.0	0.0	marker	opened-hand	Open	11	0418
-66496.23	-52809.615	-102487.455	-17744.94	0.0	0.0	0.0	0.0	0.0	0.0	0.0	0.0	0.0	0.0	0.0	0.0	0.0	0.0	146.13793103448276	0.0	0.034973055	-0.083923125	1.015683435	3.052	0.03052	-0.25942	3192654.0	1776544775.079839	0.0	1.0	-1.0	-1.0	-1.0	-1.0	-1.0	-1.0	-1.0	-1.0	0.0	marker	opened-hand	Open	11	0418
-66605.94	-52816.725	-102650.89499999999	-17910.045	0.0	0.0	0.0	0.0	0.0	0.0	0.0	0.0	0.0	0.0	0.0	0.0	0.0	0.0	146.13793103448276	0.0	0.034973055	-0.083923125	1.015683435	3.052	0.03052	-0.25942	3192655.0	1776544775.079847	0.0	1.0	-1.0	-1.0	-1.0	-1.0	-1.0	-1.0	-1.0	-1.0	0.0	marker	opened-hand	Open	11	0418
-66560.22	-52826.805	-102619.75499999999	-17865.135	0.0	0.0	0.0	0.0	0.0	0.0	0.0	0.0	0.0	0.0	0.0	0.0	0.0	0.0	146.13793103448276	0.0	0.034973055	-0.083923125	1.015683435	3.052	0.03052	-0.25942	3192656.0	1776544775.081135	0.0	1.0	-1.0	-1.0	-1.0	-1.0	-1.0	-1.0	-1.0	-1.0	0.0	marker	opened-hand	Open	11	0418
-66544.2	-52834.454999999994	-102595.36499999999	-17842.635	0.0	0.0	0.0	0.0	0.0	0.0	0.0	0.0	0.0	0.0	0.0	0.0	0.0	0.0	146.13793103448276	0.0	0.034973055	-0.083923125	1.015683435	3.052	0.03052	-0.25942	3192657.0	1776544775.081151	0.0	1.0	-1.0	-1.0	-1.0	-1.0	-1.0	-1.0	-1.0	-1.0	0.0	marker	opened-hand	Open	11	0418
-66608.81999999999	-52837.604999999996	-102585.825	-17828.1	0.0	0.0	0.0	0.0	0.0	0.0	0.0	0.0	0.0	0.0	0.0	0.0	0.0	0.0	146.13793103448276	0.0	0.034973055	-0.083923125	1.015683435	3.052	0.03052	-0.25942	3192658.0	1776544775.089891	0.0	1.0	-1.0	-1.0	-1.0	-1.0	-1.0	-1.0	-1.0	-1.0	0.0	marker	opened-hand	Open	11	0418
-66575.47499999999	-52844.4	-102553.29	-17808.3	0.0	0.0	0.0	0.0	0.0	0.0	0.0	0.0	0.0	0.0	0.0	0.0	0.0	0.0	146.13793103448276	0.0	0.034973055	-0.083923125	1.015683435	3.052	0.03052	-0.25942	3192659.0	1776544775.0899	0.0	1.0	-1.0	-1.0	-1.0	-1.0	-1.0	-1.0	-1.0	-1.0	0.0	marker	opened-hand	Open	11	0418
-66531.465	-52848.63	-102522.915	-17788.68	0.0	0.0	0.0	0.0	0.0	0.0	0.0	0.0	0.0	0.0	0.0	0.0	0.0	0.0	146.13793103448276	0.0	0.034973055	-0.083923125	1.015683435	3.052	0.03052	-0.25942	3192660.0	1776544775.091414	0.0	1.0	-1.0	-1.0	-1.0	-1.0	-1.0	-1.0	-1.0	-1.0	0.0	marker	opened-hand	Open	11	0418
-66561.795	-52847.28	-102540.87	-17807.94	0.0	0.0	0.0	0.0	0.0	0.0	0.0	0.0	0.0	0.0	0.0	0.0	0.0	0.0	146.13793103448276	0.0	0.034973055	-0.083923125	1.015683435	3.052	0.03052	-0.25942	3192661.0	1776544775.09143	0.0	1.0	-1.0	-1.0	-1.0	-1.0	-1.0	-1.0	-1.0	-1.0	0.0	marker	opened-hand	Open	11	0418
-66585.78	-52843.409999999996	-102582.855	-17832.555	0.0	0.0	0.0	0.0	0.0	0.0	0.0	0.0	0.0	0.0	0.0	0.0	0.0	0.0	146.13793103448276	0.0	0.034973055	-0.083923125	1.015683435	3.052	0.03052	-0.25942	3192662.0	1776544775.094274	0.0	1.0	-1.0	-1.0	-1.0	-1.0	-1.0	-1.0	-1.0	-1.0	0.0	marker	opened-hand	Open	11	0418
-66595.36499999999	-52841.744999999995	-102621.78	-17838.945	0.0	0.0	0.0	0.0	0.0	0.0	0.0	0.0	0.0	0.0	0.0	0.0	0.0	0.0	146.13793103448276	0.0	0.034973055	-0.083923125	1.015683435	3.052	0.03052	-0.25942	3192663.0	1776544775.09429	0.0	1.0	-1.0	-1.0	-1.0	-1.0	-1.0	-1.0	-1.0	-1.0	0.0	marker	opened-hand	Open	11	0418
-66576.23999999999	-52833.915	-102596.76	-17812.844999999998	0.0	0.0	0.0	0.0	0.0	0.0	0.0	0.0	0.0	0.0	0.0	0.0	0.0	0.0	146.13793103448276	0.0	0.034484775	-0.084411405	1.012509615	3.90656	0.42728	-0.35097999999999996	3192664.0	1776544775.097322	0.0	1.0	-1.0	-1.0	-1.0	-1.0	-1.0	-1.0	-1.0	-1.0	0.0	marker	opened-hand	Open	11	0418
-66515.58	-52822.079999999994	-102528.62999999999	-17762.13	0.0	0.0	0.0	0.0	0.0	0.0	0.0	0.0	0.0	0.0	0.0	0.0	0.0	0.0	146.13793103448276	0.0	0.034484775	-0.084411405	1.012509615	3.90656	0.42728	-0.35097999999999996	3192665.0	1776544775.097338	0.0	1.0	-1.0	-1.0	-1.0	-1.0	-1.0	-1.0	-1.0	-1.0	0.0	marker	opened-hand	Open	11	0418
-66499.065	-52823.564999999995	-102516.03	-17754.84	0.0	0.0	0.0	0.0	0.0	0.0	0.0	0.0	0.0	0.0	0.0	0.0	0.0	0.0	146.13793103448276	0.0	0.034484775	-0.084411405	1.012509615	3.90656	0.42728	-0.35097999999999996	3192666.0	1776544775.103315	0.0	1.0	-1.0	-1.0	-1.0	-1.0	-1.0	-1.0	-1.0	-1.0	0.0	marker	opened-hand	Open	11	0418
-66503.295	-52823.43	-102513.87	-17753.625	0.0	0.0	0.0	0.0	0.0	0.0	0.0	0.0	0.0	0.0	0.0	0.0	0.0	0.0	146.13793103448276	0.0	0.034484775	-0.084411405	1.012509615	3.90656	0.42728	-0.35097999999999996	3192667.0	1776544775.103333	0.0	1.0	-1.0	-1.0	-1.0	-1.0	-1.0	-1.0	-1.0	-1.0	0.0	marker	opened-hand	Open	11	0418
-66573.54	-52818.975	-102576.78	-17817.704999999998	0.0	0.0	0.0	0.0	0.0	0.0	0.0	0.0	0.0	0.0	0.0	0.0	0.0	0.0	146.13793103448276	0.0	0.034484775	-0.084411405	1.012509615	3.90656	0.42728	-0.35097999999999996	3192668.0	1776544775.105279	0.0	1.0	-1.0	-1.0	-1.0	-1.0	-1.0	-1.0	-1.0	-1.0	0.0	marker	opened-hand	Open	11	0418
-66581.055	-52809.57	-102579.39	-17821.62	0.0	0.0	0.0	0.0	0.0	0.0	0.0	0.0	0.0	0.0	0.0	0.0	0.0	0.0	146.13793103448276	0.0	0.034484775	-0.084411405	1.012509615	3.90656	0.42728	-0.35097999999999996	3192669.0	1776544775.105309	0.0	1.0	-1.0	-1.0	-1.0	-1.0	-1.0	-1.0	-1.0	-1.0	0.0	marker	opened-hand	Open	11	0418
-66523.995	-52810.244999999995	-102538.845	-17779.14	0.0	0.0	0.0	0.0	0.0	0.0	0.0	0.0	0.0	0.0	0.0	0.0	0.0	0.0	146.13793103448276	0.0	0.034484775	-0.084411405	1.012509615	3.90656	0.42728	-0.35097999999999996	3192670.0	1776544775.109317	0.0	1.0	-1.0	-1.0	-1.0	-1.0	-1.0	-1.0	-1.0	-1.0	0.0	marker	opened-hand	Open	11	0418
-66521.34	-52764.39	-102507.25499999999	-17769.149999999998	0.0	0.0	0.0	0.0	0.0	0.0	0.0	0.0	0.0	0.0	0.0	0.0	0.0	0.0	146.13793103448276	0.0	0.034484775	-0.084411405	1.012509615	3.90656	0.42728	-0.35097999999999996	3192671.0	1776544775.10934	0.0	1.0	-1.0	-1.0	-1.0	-1.0	-1.0	-1.0	-1.0	-1.0	0.0	marker	opened-hand	Open	11	0418
-66528.135	-52695.765	-102506.53499999999	-17783.145	0.0	0.0	0.0	0.0	0.0	0.0	0.0	0.0	0.0	0.0	0.0	0.0	0.0	0.0	146.13793103448276	0.0	0.034484775	-0.084411405	1.012509615	3.90656	0.42728	-0.35097999999999996	3192672.0	1776544775.115287	0.0	1.0	-1.0	-1.0	-1.0	-1.0	-1.0	-1.0	-1.0	-1.0	0.0	marker	opened-hand	Open	11	0418
-66486.465	-52696.439999999995	-102510.0	-17768.07	0.0	0.0	0.0	0.0	0.0	0.0	0.0	0.0	0.0	0.0	0.0	0.0	0.0	0.0	146.13793103448276	0.0	0.034484775	-0.084411405	1.012509615	3.90656	0.42728	-0.35097999999999996	3192673.0	1776544775.11531	0.0	1.0	-1.0	-1.0	-1.0	-1.0	-1.0	-1.0	-1.0	-1.0	0.0	marker	opened-hand	Open	11	0418
-66509.73	-52700.49	-102532.23	-17763.614999999998	0.0	0.0	0.0	0.0	0.0	0.0	0.0	0.0	0.0	0.0	0.0	0.0	0.0	0.0	146.13793103448276	0.0	0.03430167	-0.08227518	1.015561365	2.25848	0.35097999999999996	0.03052	3192674.0	1776544775.11989	0.0	1.0	-1.0	-1.0	-1.0	-1.0	-1.0	-1.0	-1.0	-1.0	0.0	marker	opened-hand	Open	11	0418
-66483.855	-52697.43	-102497.22	-17738.37	0.0	0.0	0.0	0.0	0.0	0.0	0.0	0.0	0.0	0.0	0.0	0.0	0.0	0.0	146.13793103448276	0.0	0.03430167	-0.08227518	1.015561365	2.25848	0.35097999999999996	0.03052	3192675.0	1776544775.119909	0.0	1.0	-1.0	-1.0	-1.0	-1.0	-1.0	-1.0	-1.0	-1.0	0.0	marker	opened-hand	Open	11	0418
-66468.015	-52694.415	-102480.61499999999	-17734.005	0.0	0.0	0.0	0.0	0.0	0.0	0.0	0.0	0.0	0.0	0.0	0.0	0.0	0.0	146.13793103448276	0.0	0.03430167	-0.08227518	1.015561365	2.25848	0.35097999999999996	0.03052	3192676.0	1776544775.123285	0.0	1.0	-1.0	-1.0	-1.0	-1.0	-1.0	-1.0	-1.0	-1.0	0.0	marker	opened-hand	Open	11	0418
-66520.98	-52695.9	-102510.765	-17767.62	0.0	0.0	0.0	0.0	0.0	0.0	0.0	0.0	0.0	0.0	0.0	0.0	0.0	0.0	146.13793103448276	0.0	0.03430167	-0.08227518	1.015561365	2.25848	0.35097999999999996	0.03052	3192677.0	1776544775.123338	0.0	1.0	-1.0	-1.0	-1.0	-1.0	-1.0	-1.0	-1.0	-1.0	0.0	marker	opened-hand	Open	11	0418
-66546.855	-52697.61	-102512.83499999999	-17775.405	0.0	0.0	0.0	0.0	0.0	0.0	0.0	0.0	0.0	0.0	0.0	0.0	0.0	0.0	146.13793103448276	0.0	0.03430167	-0.08227518	1.015561365	2.25848	0.35097999999999996	0.03052	3192678.0	1776544775.125303	0.0	1.0	-1.0	-1.0	-1.0	-1.0	-1.0	-1.0	-1.0	-1.0	0.0	marker	opened-hand	Open	11	0418
-66568.86	-52707.104999999996	-102578.89499999999	-17811.989999999998	0.0	0.0	0.0	0.0	0.0	0.0	0.0	0.0	0.0	0.0	0.0	0.0	0.0	0.0	146.13793103448276	0.0	0.03430167	-0.08227518	1.015561365	2.25848	0.35097999999999996	0.03052	3192679.0	1776544775.125323	0.0	1.0	-1.0	-1.0	-1.0	-1.0	-1.0	-1.0	-1.0	-1.0	0.0	marker	opened-hand	Open	11	0418
-66539.16	-52704.72	-102553.965	-17798.985	0.0	0.0	0.0	0.0	0.0	0.0	0.0	0.0	0.0	0.0	0.0	0.0	0.0	0.0	146.13793103448276	0.0	0.03430167	-0.08227518	1.015561365	2.25848	0.35097999999999996	0.03052	3192680.0	1776544775.12936	0.0	1.0	-1.0	-1.0	-1.0	-1.0	-1.0	-1.0	-1.0	-1.0	0.0	marker	opened-hand	Open	11	0418
-66549.645	-52698.465	-102536.14499999999	-17808.48	0.0	0.0	0.0	0.0	0.0	0.0	0.0	0.0	0.0	0.0	0.0	0.0	0.0	0.0	146.13793103448276	0.0	0.03430167	-0.08227518	1.015561365	2.25848	0.35097999999999996	0.03052	3192681.0	1776544775.129379	0.0	1.0	-1.0	-1.0	-1.0	-1.0	-1.0	-1.0	-1.0	-1.0	0.0	marker	opened-hand	Open	11	0418
-66535.92	-52704.99	-102547.62	-17789.355	0.0	0.0	0.0	0.0	0.0	0.0	0.0	0.0	0.0	0.0	0.0	0.0	0.0	0.0	146.13793103448276	0.0	0.03430167	-0.08227518	1.015561365	2.25848	0.35097999999999996	0.03052	3192682.0	1776544775.134787	0.0	1.0	-1.0	-1.0	-1.0	-1.0	-1.0	-1.0	-1.0	-1.0	0.0	marker	opened-hand	Open	11	0418
-66549.87	-52713.81	-102577.72499999999	-17804.52	0.0	0.0	0.0	0.0	0.0	0.0	0.0	0.0	0.0	0.0	0.0	0.0	0.0	0.0	146.13793103448276	0.0	0.03430167	-0.08227518	1.015561365	2.25848	0.35097999999999996	0.03052	3192683.0	1776544775.134805	0.0	1.0	-1.0	-1.0	-1.0	-1.0	-1.0	-1.0	-1.0	-1.0	0.0	marker	opened-hand	Open	11	0418
-66592.08	-52722.945	-102623.94	-17853.075	0.0	0.0	0.0	0.0	0.0	0.0	0.0	0.0	0.0	0.0	0.0	0.0	0.0	0.0	146.0	0.0	0.031433025	-0.08325174	1.014828945	3.37246	0.28994	-0.25942	3192684.0	1776544775.138741	0.0	1.0	-1.0	-1.0	-1.0	-1.0	-1.0	-1.0	-1.0	-1.0	0.0	marker	opened-hand	Open	11	0418
-66588.61499999999	-52717.634999999995	-102624.345	-17839.89	0.0	0.0	0.0	0.0	0.0	0.0	0.0	0.0	0.0	0.0	0.0	0.0	0.0	0.0	146.0	0.0	0.031433025	-0.08325174	1.014828945	3.37246	0.28994	-0.25942	3192685.0	1776544775.138754	0.0	1.0	-1.0	-1.0	-1.0	-1.0	-1.0	-1.0	-1.0	-1.0	0.0	marker	opened-hand	Open	11	0418
-66520.395	-52703.369999999995	-102559.95	-17793.63	0.0	0.0	0.0	0.0	0.0	0.0	0.0	0.0	0.0	0.0	0.0	0.0	0.0	0.0	146.0	0.0	0.031433025	-0.08325174	1.014828945	3.37246	0.28994	-0.25942	3192686.0	1776544775.145937	0.0	1.0	-1.0	-1.0	-1.0	-1.0	-1.0	-1.0	-1.0	-1.0	0.0	marker	opened-hand	Open	11	0418
-66497.13	-52691.805	-102541.095	-17779.905	0.0	0.0	0.0	0.0	0.0	0.0	0.0	0.0	0.0	0.0	0.0	0.0	0.0	0.0	146.0	0.0	0.031433025	-0.08325174	1.014828945	3.37246	0.28994	-0.25942	3192687.0	1776544775.145957	0.0	1.0	-1.0	-1.0	-1.0	-1.0	-1.0	-1.0	-1.0	-1.0	0.0	marker	opened-hand	Open	11	0418
-66566.61	-52696.845	-102589.37999999999	-17818.469999999998	0.0	0.0	0.0	0.0	0.0	0.0	0.0	0.0	0.0	0.0	0.0	0.0	0.0	0.0	146.0	0.0	0.031433025	-0.08325174	1.014828945	3.37246	0.28994	-0.25942	3192688.0	1776544775.151909	0.0	1.0	-1.0	-1.0	-1.0	-1.0	-1.0	-1.0	-1.0	-1.0	0.0	marker	opened-hand	Open	11	0418
-66556.17	-52708.454999999994	-102565.53	-17803.395	0.0	0.0	0.0	0.0	0.0	0.0	0.0	0.0	0.0	0.0	0.0	0.0	0.0	0.0	146.0	0.0	0.031433025	-0.08325174	1.014828945	3.37246	0.28994	-0.25942	3192689.0	1776544775.15193	0.0	1.0	-1.0	-1.0	-1.0	-1.0	-1.0	-1.0	-1.0	-1.0	0.0	marker	opened-hand	Open	11	0418
-66531.33	-52709.13	-102530.51999999999	-17767.62	0.0	0.0	0.0	0.0	0.0	0.0	0.0	0.0	0.0	0.0	0.0	0.0	0.0	0.0	146.0	0.0	0.031433025	-0.08325174	1.014828945	3.37246	0.28994	-0.25942	3192690.0	1776544775.151968	0.0	1.0	-1.0	-1.0	-1.0	-1.0	-1.0	-1.0	-1.0	-1.0	0.0	marker	opened-hand	Open	11	0418
-66532.455	-52704.854999999996	-102529.08	-17762.579999999998	0.0	0.0	0.0	0.0	0.0	0.0	0.0	0.0	0.0	0.0	0.0	0.0	0.0	0.0	146.0	0.0	0.031433025	-0.08325174	1.014828945	3.37246	0.28994	-0.25942	3192691.0	1776544775.151986	0.0	1.0	-1.0	-1.0	-1.0	-1.0	-1.0	-1.0	-1.0	-1.0	0.0	marker	opened-hand	Open	11	0418
-66516.56999999999	-52698.689999999995	-102520.89	-17758.44	0.0	0.0	0.0	0.0	0.0	0.0	0.0	0.0	0.0	0.0	0.0	0.0	0.0	0.0	146.0	0.0	0.031433025	-0.08325174	1.014828945	3.37246	0.28994	-0.25942	3192692.0	1776544775.153544	0.0	1.0	-1.0	-1.0	-1.0	-1.0	-1.0	-1.0	-1.0	-1.0	0.0	marker	opened-hand	Open	11	0418
-66547.53	-52690.275	-102541.905	-17786.16	0.0	0.0	0.0	0.0	0.0	0.0	0.0	0.0	0.0	0.0	0.0	0.0	0.0	0.0	146.0	0.0	0.031433025	-0.08325174	1.014828945	3.37246	0.28994	-0.25942	3192693.0	1776544775.153564	0.0	1.0	-1.0	-1.0	-1.0	-1.0	-1.0	-1.0	-1.0	-1.0	0.0	marker	opened-hand	Open	11	0418
-66525.03	-52691.579999999994	-102520.89	-17775.719999999998	0.0	0.0	0.0	0.0	0.0	0.0	0.0	0.0	0.0	0.0	0.0	0.0	0.0	0.0	146.0	0.0	0.03515616	-0.085998315	1.0156224	3.29616	0.16785999999999998	-0.85456	3192694.0	1776544775.157616	0.0	1.0	-1.0	-1.0	-1.0	-1.0	-1.0	-1.0	-1.0	-1.0	0.0	marker	opened-hand	Open	11	0418
-66469.455	-52693.56	-102470.175	-17726.309999999998	0.0	0.0	0.0	0.0	0.0	0.0	0.0	0.0	0.0	0.0	0.0	0.0	0.0	0.0	146.0	0.0	0.03515616	-0.085998315	1.0156224	3.29616	0.16785999999999998	-0.85456	3192695.0	1776544775.157642	0.0	1.0	-1.0	-1.0	-1.0	-1.0	-1.0	-1.0	-1.0	-1.0	0.0	marker	opened-hand	Open	11	0418
-66551.94	-52709.939999999995	-102534.165	-17780.895	0.0	0.0	0.0	0.0	0.0	0.0	0.0	0.0	0.0	0.0	0.0	0.0	0.0	0.0	146.0	0.0	0.03515616	-0.085998315	1.0156224	3.29616	0.16785999999999998	-0.85456	3192696.0	1776544775.161444	0.0	1.0	-1.0	-1.0	-1.0	-1.0	-1.0	-1.0	-1.0	-1.0	0.0	marker	opened-hand	Open	11	0418
-66568.455	-52719.615	-102582.62999999999	-17815.094999999998	0.0	0.0	0.0	0.0	0.0	0.0	0.0	0.0	0.0	0.0	0.0	0.0	0.0	0.0	146.0	0.0	0.03515616	-0.085998315	1.0156224	3.29616	0.16785999999999998	-0.85456	3192697.0	1776544775.161456	0.0	1.0	-1.0	-1.0	-1.0	-1.0	-1.0	-1.0	-1.0	-1.0	0.0	marker	opened-hand	Open	11	0418
-66559.31999999999	-52730.82	-102602.925	-17844.975	0.0	0.0	0.0	0.0	0.0	0.0	0.0	0.0	0.0	0.0	0.0	0.0	0.0	0.0	146.0	0.0	0.03515616	-0.085998315	1.0156224	3.29616	0.16785999999999998	-0.85456	3192698.0	1776544775.165327	0.0	1.0	-1.0	-1.0	-1.0	-1.0	-1.0	-1.0	-1.0	-1.0	0.0	marker	opened-hand	Open	11	0418
-66562.65	-52745.939999999995	-102574.215	-17834.625	0.0	0.0	0.0	0.0	0.0	0.0	0.0	0.0	0.0	0.0	0.0	0.0	0.0	0.0	146.0	0.0	0.03515616	-0.085998315	1.0156224	3.29616	0.16785999999999998	-0.85456	3192699.0	1776544775.165337	0.0	1.0	-1.0	-1.0	-1.0	-1.0	-1.0	-1.0	-1.0	-1.0	0.0	marker	opened-hand	Open	11	0418
-66553.83	-52745.174999999996	-102530.205	-17812.98	0.0	0.0	0.0	0.0	0.0	0.0	0.0	0.0	0.0	0.0	0.0	0.0	0.0	0.0	146.0	0.0	0.03515616	-0.085998315	1.0156224	3.29616	0.16785999999999998	-0.85456	3192700.0	1776544775.169893	0.0	1.0	-1.0	-1.0	-1.0	-1.0	-1.0	-1.0	-1.0	-1.0	0.0	marker	opened-hand	Open	11	0418
-66557.11499999999	-52738.38	-102515.94	-17810.954999999998	0.0	0.0	0.0	0.0	0.0	0.0	0.0	0.0	0.0	0.0	0.0	0.0	0.0	0.0	146.0	0.0	0.03515616	-0.085998315	1.0156224	3.29616	0.16785999999999998	-0.85456	3192701.0	1776544775.169904	0.0	1.0	-1.0	-1.0	-1.0	-1.0	-1.0	-1.0	-1.0	-1.0	0.0	marker	opened-hand	Open	11	0418
-66502.125	-52727.895	-102506.715	-17756.774999999998	0.0	0.0	0.0	0.0	0.0	0.0	0.0	0.0	0.0	0.0	0.0	0.0	0.0	0.0	146.0	0.0	0.03515616	-0.085998315	1.0156224	3.29616	0.16785999999999998	-0.85456	3192702.0	1776544775.173499	0.0	1.0	-1.0	-1.0	-1.0	-1.0	-1.0	-1.0	-1.0	-1.0	0.0	marker	opened-hand	Open	11	0418
-66476.43	-52724.475	-102501.855	-17722.395	0.0	0.0	0.0	0.0	0.0	0.0	0.0	0.0	0.0	0.0	0.0	0.0	0.0	0.0	146.0	0.0	0.03515616	-0.085998315	1.0156224	3.29616	0.16785999999999998	-0.85456	3192703.0	1776544775.173508	0.0	1.0	-1.0	-1.0	-1.0	-1.0	-1.0	-1.0	-1.0	-1.0	0.0	marker	opened-hand	Open	11	0418
-66517.29	-52741.619999999995	-102566.15999999999	-17794.53	0.0	0.0	0.0	0.0	0.0	0.0	0.0	0.0	0.0	0.0	0.0	0.0	0.0	0.0	146.0	0.0	0.03405753	-0.085632105	1.01171616	2.92992	0.10682	-0.57988	3192704.0	1776544775.177658	0.0	1.0	-1.0	-1.0	-1.0	-1.0	-1.0	-1.0	-1.0	-1.0	0.0	marker	opened-hand	Open	11	0418
-66511.98	-52756.965	-102575.97	-17787.51	0.0	0.0	0.0	0.0	0.0	0.0	0.0	0.0	0.0	0.0	0.0	0.0	0.0	0.0	146.0	0.0	0.03405753	-0.085632105	1.01171616	2.92992	0.10682	-0.57988	3192705.0	1776544775.177674	0.0	1.0	-1.0	-1.0	-1.0	-1.0	-1.0	-1.0	-1.0	-1.0	0.0	marker	opened-hand	Open	11	0418
-66500.955	-52771.454999999994	-102515.265	-17754.21	0.0	0.0	0.0	0.0	0.0	0.0	0.0	0.0	0.0	0.0	0.0	0.0	0.0	0.0	146.0	0.0	0.03405753	-0.085632105	1.01171616	2.92992	0.10682	-0.57988	3192706.0	1776544775.182112	0.0	1.0	-1.0	-1.0	-1.0	-1.0	-1.0	-1.0	-1.0	-1.0	0.0	marker	opened-hand	Open	11	0418
-66585.42	-52786.89	-102549.555	-17795.565	0.0	0.0	0.0	0.0	0.0	0.0	0.0	0.0	0.0	0.0	0.0	0.0	0.0	0.0	146.0	0.0	0.03405753	-0.085632105	1.01171616	2.92992	0.10682	-0.57988	3192707.0	1776544775.18212	0.0	1.0	-1.0	-1.0	-1.0	-1.0	-1.0	-1.0	-1.0	-1.0	0.0	marker	opened-hand	Open	11	0418
-66557.61	-52789.545	-102538.215	-17779.95	0.0	0.0	0.0	0.0	0.0	0.0	0.0	0.0	0.0	0.0	0.0	0.0	0.0	0.0	146.0	0.0	0.03405753	-0.085632105	1.01171616	2.92992	0.10682	-0.57988	3192708.0	1776544775.186371	0.0	1.0	-1.0	-1.0	-1.0	-1.0	-1.0	-1.0	-1.0	-1.0	0.0	marker	opened-hand	Open	11	0418
-66536.01	-52782.93	-102537.855	-17766.495	0.0	0.0	0.0	0.0	0.0	0.0	0.0	0.0	0.0	0.0	0.0	0.0	0.0	0.0	146.0	0.0	0.03405753	-0.085632105	1.01171616	2.92992	0.10682	-0.57988	3192709.0	1776544775.186381	0.0	1.0	-1.0	-1.0	-1.0	-1.0	-1.0	-1.0	-1.0	-1.0	0.0	marker	opened-hand	Open	11	0418
-66622.59	-52773.975	-102574.305	-17814.555	0.0	0.0	0.0	0.0	0.0	0.0	0.0	0.0	0.0	0.0	0.0	0.0	0.0	0.0	146.0	0.0	0.03405753	-0.085632105	1.01171616	2.92992	0.10682	-0.57988	3192710.0	1776544775.18961	0.0	1.0	-1.0	-1.0	-1.0	-1.0	-1.0	-1.0	-1.0	-1.0	0.0	marker	opened-hand	Open	11	0418
-66583.125	-52758.765	-102546.36	-17784.765	0.0	0.0	0.0	0.0	0.0	0.0	0.0	0.0	0.0	0.0	0.0	0.0	0.0	0.0	146.0	0.0	0.03405753	-0.085632105	1.01171616	2.92992	0.10682	-0.57988	3192711.0	1776544775.189617	0.0	1.0	-1.0	-1.0	-1.0	-1.0	-1.0	-1.0	-1.0	-1.0	0.0	marker	opened-hand	Open	11	0418
-66511.665	-52743.015	-102547.98	-17774.73	0.0	0.0	0.0	0.0	0.0	0.0	0.0	0.0	0.0	0.0	0.0	0.0	0.0	0.0	146.0	0.0	0.03405753	-0.085632105	1.01171616	2.92992	0.10682	-0.57988	3192712.0	1776544775.196436	0.0	1.0	-1.0	-1.0	-1.0	-1.0	-1.0	-1.0	-1.0	-1.0	0.0	marker	opened-hand	Open	11	0418
-66414.465	-52731.54	-102452.355	-17684.774999999998	0.0	0.0	0.0	0.0	0.0	0.0	0.0	0.0	0.0	0.0	0.0	0.0	0.0	0.0	146.0	0.0	0.03405753	-0.085632105	1.01171616	2.92992	0.10682	-0.57988	3192713.0	1776544775.196442	0.0	1.0	-1.0	-1.0	-1.0	-1.0	-1.0	-1.0	-1.0	-1.0	0.0	marker	opened-hand	Open	11	0418
-66490.11	-52726.229999999996	-102486.51	-17724.645	0.0	0.0	0.0	0.0	0.0	0.0	0.0	0.0	0.0	0.0	0.0	0.0	0.0	0.0	146.0	0.0	0.03247062	-0.07922343	1.01330307	2.01432	0.44254	0.15259999999999999	3192714.0	1776544775.200804	0.0	1.0	-1.0	-1.0	-1.0	-1.0	-1.0	-1.0	-1.0	-1.0	0.0	marker	opened-hand	Open	11	0418
-66684.59999999999	-52745.67	-102669.39	-17909.055	0.0	0.0	0.0	0.0	0.0	0.0	0.0	0.0	0.0	0.0	0.0	0.0	0.0	0.0	146.0	0.0	0.03247062	-0.07922343	1.01330307	2.01432	0.44254	0.15259999999999999	3192715.0	1776544775.200812	0.0	1.0	-1.0	-1.0	-1.0	-1.0	-1.0	-1.0	-1.0	-1.0	0.0	marker	opened-hand	Open	11	0418
-66587.58	-52739.729999999996	-102597.75	-17839.665	0.0	0.0	0.0	0.0	0.0	0.0	0.0	0.0	0.0	0.0	0.0	0.0	0.0	0.0	146.0	0.0	0.03247062	-0.07922343	1.01330307	2.01432	0.44254	0.15259999999999999	3192716.0	1776544775.203311	0.0	1.0	-1.0	-1.0	-1.0	-1.0	-1.0	-1.0	-1.0	-1.0	0.0	marker	opened-hand	Open	11	0418
-66554.505	-52740.09	-102617.01	-17852.04	0.0	0.0	0.0	0.0	0.0	0.0	0.0	0.0	0.0	0.0	0.0	0.0	0.0	0.0	146.0	0.0	0.03247062	-0.07922343	1.01330307	2.01432	0.44254	0.15259999999999999	3192717.0	1776544775.203316	0.0	1.0	-1.0	-1.0	-1.0	-1.0	-1.0	-1.0	-1.0	-1.0	0.0	marker	opened-hand	Open	11	0418
-66533.265	-52739.595	-102580.515	-17820.989999999998	0.0	0.0	0.0	0.0	0.0	0.0	0.0	0.0	0.0	0.0	0.0	0.0	0.0	0.0	146.0	0.0	0.03247062	-0.07922343	1.01330307	2.01432	0.44254	0.15259999999999999	3192718.0	1776544775.205765	0.0	1.0	-1.0	-1.0	-1.0	-1.0	-1.0	-1.0	-1.0	-1.0	0.0	marker	opened-hand	Open	11	0418
-66543.97499999999	-52721.595	-102553.78499999999	-17805.059999999998	0.0	0.0	0.0	0.0	0.0	0.0	0.0	0.0	0.0	0.0	0.0	0.0	0.0	0.0	146.0	0.0	0.03247062	-0.07922343	1.01330307	2.01432	0.44254	0.15259999999999999	3192719.0	1776544775.20577	0.0	1.0	-1.0	-1.0	-1.0	-1.0	-1.0	-1.0	-1.0	-1.0	0.0	marker	opened-hand	Open	11	0418
-66560.67	-52709.22	-102556.62	-17803.215	0.0	0.0	0.0	0.0	0.0	0.0	0.0	0.0	0.0	0.0	0.0	0.0	0.0	0.0	146.0	0.0	0.03247062	-0.07922343	1.01330307	2.01432	0.44254	0.15259999999999999	3192720.0	1776544775.211662	0.0	1.0	-1.0	-1.0	-1.0	-1.0	-1.0	-1.0	-1.0	-1.0	0.0	marker	opened-hand	Open	11	0418
-66555.58499999999	-52712.954999999994	-102533.84999999999	-17768.52	0.0	0.0	0.0	0.0	0.0	0.0	0.0	0.0	0.0	0.0	0.0	0.0	0.0	0.0	146.0	0.0	0.03247062	-0.07922343	1.01330307	2.01432	0.44254	0.15259999999999999	3192721.0	1776544775.211666	0.0	1.0	-1.0	-1.0	-1.0	-1.0	-1.0	-1.0	-1.0	-1.0	0.0	marker	opened-hand	Open	11	0418
-66487.77	-52717.86	-102489.345	-17715.87	0.0	0.0	0.0	0.0	0.0	0.0	0.0	0.0	0.0	0.0	0.0	0.0	0.0	0.0	146.0	0.0	0.03247062	-0.07922343	1.01330307	2.01432	0.44254	0.15259999999999999	3192722.0	1776544775.219231	0.0	1.0	-1.0	-1.0	-1.0	-1.0	-1.0	-1.0	-1.0	-1.0	0.0	marker	opened-hand	Open	11	0418
-66495.375	-52721.1	-102488.44499999999	-17707.995	0.0	0.0	0.0	0.0	0.0	0.0	0.0	0.0	0.0	0.0	0.0	0.0	0.0	0.0	146.0	0.0	0.03247062	-0.07922343	1.01330307	2.01432	0.44254	0.15259999999999999	3192723.0	1776544775.219235	0.0	1.0	-1.0	-1.0	-1.0	-1.0	-1.0	-1.0	-1.0	-1.0	0.0	marker	opened-hand	Open	11	0418
-66607.515	-52724.475	-102596.265	-17821.98	0.0	0.0	0.0	0.0	0.0	0.0	0.0	0.0	0.0	0.0	0.0	0.0	0.0	0.0	146.0	0.0	0.03381339	-0.077331345	1.01232651	1.70912	0.9613799999999999	0.30519999999999997	3192724.0	1776544775.227076	0.0	1.0	-1.0	-1.0	-1.0	-1.0	-1.0	-1.0	-1.0	-1.0	0.0	marker	opened-hand	Open	11	0418
-66594.78	-52728.975	-102613.36499999999	-17851.725	0.0	0.0	0.0	0.0	0.0	0.0	0.0	0.0	0.0	0.0	0.0	0.0	0.0	0.0	146.0	0.0	0.03381339	-0.077331345	1.01232651	1.70912	0.9613799999999999	0.30519999999999997	3192725.0	1776544775.22708	0.0	1.0	-1.0	-1.0	-1.0	-1.0	-1.0	-1.0	-1.0	-1.0	0.0	marker	opened-hand	Open	11	0418
-66567.105	-52727.579999999994	-102596.94	-17834.715	0.0	0.0	0.0	0.0	0.0	0.0	0.0	0.0	0.0	0.0	0.0	0.0	0.0	0.0	146.0	0.0	0.03381339	-0.077331345	1.01232651	1.70912	0.9613799999999999	0.30519999999999997	3192726.0	1776544775.227086	0.0	1.0	-1.0	-1.0	-1.0	-1.0	-1.0	-1.0	-1.0	-1.0	0.0	marker	opened-hand	Open	11	0418
-66556.665	-52720.65	-102589.92	-17827.469999999998	0.0	0.0	0.0	0.0	0.0	0.0	0.0	0.0	0.0	0.0	0.0	0.0	0.0	0.0	146.0	0.0	0.03381339	-0.077331345	1.01232651	1.70912	0.9613799999999999	0.30519999999999997	3192727.0	1776544775.22709	0.0	1.0	-1.0	-1.0	-1.0	-1.0	-1.0	-1.0	-1.0	-1.0	0.0	marker	opened-hand	Open	11	0418
-66526.605	-52705.079999999994	-102560.985	-17799.39	0.0	0.0	0.0	0.0	0.0	0.0	0.0	0.0	0.0	0.0	0.0	0.0	0.0	0.0	146.0	0.0	0.03381339	-0.077331345	1.01232651	1.70912	0.9613799999999999	0.30519999999999997	3192728.0	1776544775.227096	0.0	1.0	-1.0	-1.0	-1.0	-1.0	-1.0	-1.0	-1.0	-1.0	0.0	marker	opened-hand	Open	11	0418
-66518.64	-52700.895	-102546.36	-17784.09	0.0	0.0	0.0	0.0	0.0	0.0	0.0	0.0	0.0	0.0	0.0	0.0	0.0	0.0	146.0	0.0	0.03381339	-0.077331345	1.01232651	1.70912	0.9613799999999999	0.30519999999999997	3192729.0	1776544775.2271	0.0	1.0	-1.0	-1.0	-1.0	-1.0	-1.0	-1.0	-1.0	-1.0	0.0	marker	opened-hand	Open	11	0418
-66519.855	-52703.82	-102545.14499999999	-17777.745	0.0	0.0	0.0	0.0	0.0	0.0	0.0	0.0	0.0	0.0	0.0	0.0	0.0	0.0	146.0	0.0	0.03381339	-0.077331345	1.01232651	1.70912	0.9613799999999999	0.30519999999999997	3192730.0	1776544775.229688	0.0	1.0	-1.0	-1.0	-1.0	-1.0	-1.0	-1.0	-1.0	-1.0	0.0	marker	opened-hand	Open	11	0418
-66498.48	-52699.005	-102510.495	-17750.34	0.0	0.0	0.0	0.0	0.0	0.0	0.0	0.0	0.0	0.0	0.0	0.0	0.0	0.0	146.0	0.0	0.03381339	-0.077331345	1.01232651	1.70912	0.9613799999999999	0.30519999999999997	3192731.0	1776544775.229692	0.0	1.0	-1.0	-1.0	-1.0	-1.0	-1.0	-1.0	-1.0	-1.0	0.0	marker	opened-hand	Open	11	0418
-66488.265	-52706.475	-102493.53	-17734.59	0.0	0.0	0.0	0.0	0.0	0.0	0.0	0.0	0.0	0.0	0.0	0.0	0.0	0.0	146.0	0.0	0.03381339	-0.077331345	1.01232651	1.70912	0.9613799999999999	0.30519999999999997	3192732.0	1776544775.233706	0.0	1.0	-1.0	-1.0	-1.0	-1.0	-1.0	-1.0	-1.0	-1.0	0.0	marker	opened-hand	Open	11	0418
-66515.76	-52711.064999999995	-102514.31999999999	-17760.69	0.0	0.0	0.0	0.0	0.0	0.0	0.0	0.0	0.0	0.0	0.0	0.0	0.0	0.0	146.0	0.0	0.03381339	-0.077331345	1.01232651	1.70912	0.9613799999999999	0.30519999999999997	3192733.0	1776544775.23371	0.0	1.0	-1.0	-1.0	-1.0	-1.0	-1.0	-1.0	-1.0	-1.0	0.0	marker	opened-hand	Open	11	0418
-66540.87	-52704.0	-102512.51999999999	-17789.445	0.0	0.0	0.0	0.0	0.0	0.0	0.0	0.0	0.0	0.0	0.0	0.0	0.0	0.0	146.0	0.0	0.03759756	-0.081725865	1.014828945	3.03674	0.51884	0.47306	3192734.0	1776544775.239882	0.0	1.0	-1.0	-1.0	-1.0	-1.0	-1.0	-1.0	-1.0	-1.0	0.0	marker	opened-hand	Open	11	0418
-66501.22499999999	-52702.11	-102473.19	-17755.469999999998	0.0	0.0	0.0	0.0	0.0	0.0	0.0	0.0	0.0	0.0	0.0	0.0	0.0	0.0	146.0	0.0	0.03759756	-0.081725865	1.014828945	3.03674	0.51884	0.47306	3192735.0	1776544775.239885	0.0	1.0	-1.0	-1.0	-1.0	-1.0	-1.0	-1.0	-1.0	-1.0	0.0	marker	opened-hand	Open	11	0418
-66557.43	-52715.34	-102566.87999999999	-17786.969999999998	0.0	0.0	0.0	0.0	0.0	0.0	0.0	0.0	0.0	0.0	0.0	0.0	0.0	0.0	146.0	0.0	0.03759756	-0.081725865	1.014828945	3.03674	0.51884	0.47306	3192736.0	1776544775.241685	0.0	1.0	-1.0	-1.0	-1.0	-1.0	-1.0	-1.0	-1.0	-1.0	0.0	marker	opened-hand	Open	11	0418
-66565.98	-52719.57	-102627.26999999999	-17829.989999999998	0.0	0.0	0.0	0.0	0.0	0.0	0.0	0.0	0.0	0.0	0.0	0.0	0.0	0.0	146.0	0.0	0.03759756	-0.081725865	1.014828945	3.03674	0.51884	0.47306	3192737.0	1776544775.241689	0.0	1.0	-1.0	-1.0	-1.0	-1.0	-1.0	-1.0	-1.0	-1.0	0.0	marker	opened-hand	Open	11	0418
-66573.18	-52720.515	-102606.12	-17817.434999999998	0.0	0.0	0.0	0.0	0.0	0.0	0.0	0.0	0.0	0.0	0.0	0.0	0.0	0.0	146.0	0.0	0.03759756	-0.081725865	1.014828945	3.03674	0.51884	0.47306	3192738.0	1776544775.245542	0.0	1.0	-1.0	-1.0	-1.0	-1.0	-1.0	-1.0	-1.0	-1.0	0.0	marker	opened-hand	Open	11	0418
-66553.92	-52716.015	-102565.17	-17793.855	0.0	0.0	0.0	0.0	0.0	0.0	0.0	0.0	0.0	0.0	0.0	0.0	0.0	0.0	146.0	0.0	0.03759756	-0.081725865	1.014828945	3.03674	0.51884	0.47306	3192739.0	1776544775.245545	0.0	1.0	-1.0	-1.0	-1.0	-1.0	-1.0	-1.0	-1.0	-1.0	0.0	marker	opened-hand	Open	11	0418
-66496.68	-52716.24	-102506.625	-17738.73	0.0	0.0	0.0	0.0	0.0	0.0	0.0	0.0	0.0	0.0	0.0	0.0	0.0	0.0	146.0	0.0	0.03759756	-0.081725865	1.014828945	3.03674	0.51884	0.47306	3192740.0	1776544775.249712	0.0	1.0	-1.0	-1.0	-1.0	-1.0	-1.0	-1.0	-1.0	-1.0	0.0	marker	opened-hand	Open	11	0418
-66451.905	-52724.97	-102477.23999999999	-17710.29	0.0	0.0	0.0	0.0	0.0	0.0	0.0	0.0	0.0	0.0	0.0	0.0	0.0	0.0	146.0	0.0	0.03759756	-0.081725865	1.014828945	3.03674	0.51884	0.47306	3192741.0	1776544775.249716	0.0	1.0	-1.0	-1.0	-1.0	-1.0	-1.0	-1.0	-1.0	-1.0	0.0	marker	opened-hand	Open	11	0418
-66506.22	-52727.354999999996	-102519.62999999999	-17750.475	0.0	0.0	0.0	0.0	0.0	0.0	0.0	0.0	0.0	0.0	0.0	0.0	0.0	0.0	146.0	0.0	0.03759756	-0.081725865	1.014828945	3.03674	0.51884	0.47306	3192742.0	1776544775.253788	0.0	1.0	-1.0	-1.0	-1.0	-1.0	-1.0	-1.0	-1.0	-1.0	0.0	marker	opened-hand	Open	11	0418
-66520.17	-52719.84	-102534.435	-17749.125	0.0	0.0	0.0	0.0	0.0	0.0	0.0	0.0	0.0	0.0	0.0	0.0	0.0	0.0	146.0	0.0	0.03759756	-0.081725865	1.014828945	3.03674	0.51884	0.47306	3192743.0	1776544775.253793	0.0	1.0	-1.0	-1.0	-1.0	-1.0	-1.0	-1.0	-1.0	-1.0	0.0	marker	opened-hand	Open	11	0418
-66619.17	-52733.384999999995	-102629.83499999999	-17842.95	0.0	0.0	0.0	0.0	0.0	0.0	0.0	0.0	0.0	0.0	0.0	0.0	0.0	0.0	146.0	0.0	0.03466788	-0.087341085	1.01635482	4.2270199999999996	0.0	-0.44254	3192744.0	1776544775.25771	0.0	1.0	-1.0	-1.0	-1.0	-1.0	-1.0	-1.0	-1.0	-1.0	0.0	marker	opened-hand	Open	11	0418
-66544.73999999999	-52762.5	-102529.70999999999	-17788.95	0.0	0.0	0.0	0.0	0.0	0.0	0.0	0.0	0.0	0.0	0.0	0.0	0.0	0.0	146.0	0.0	0.03466788	-0.087341085	1.01635482	4.2270199999999996	0.0	-0.44254	3192745.0	1776544775.257714	0.0	1.0	-1.0	-1.0	-1.0	-1.0	-1.0	-1.0	-1.0	-1.0	0.0	marker	opened-hand	Open	11	0418
-66500.955	-52788.96	-102467.205	-17729.415	0.0	0.0	0.0	0.0	0.0	0.0	0.0	0.0	0.0	0.0	0.0	0.0	0.0	0.0	146.0	0.0	0.03466788	-0.087341085	1.01635482	4.2270199999999996	0.0	-0.44254	3192746.0	1776544775.261821	0.0	1.0	-1.0	-1.0	-1.0	-1.0	-1.0	-1.0	-1.0	-1.0	0.0	marker	opened-hand	Open	11	0418
-66491.955	-52807.77	-102503.925	-17743.68	0.0	0.0	0.0	0.0	0.0	0.0	0.0	0.0	0.0	0.0	0.0	0.0	0.0	0.0	146.0	0.0	0.03466788	-0.087341085	1.01635482	4.2270199999999996	0.0	-0.44254	3192747.0	1776544775.261824	0.0	1.0	-1.0	-1.0	-1.0	-1.0	-1.0	-1.0	-1.0	-1.0	0.0	marker	opened-hand	Open	11	0418
-66525.12	-52823.34	-102555.62999999999	-17793.09	0.0	0.0	0.0	0.0	0.0	0.0	0.0	0.0	0.0	0.0	0.0	0.0	0.0	0.0	146.0	0.0	0.03466788	-0.087341085	1.01635482	4.2270199999999996	0.0	-0.44254	3192748.0	1776544775.2676	0.0	1.0	-1.0	-1.0	-1.0	-1.0	-1.0	-1.0	-1.0	-1.0	0.0	marker	opened-hand	Open	11	0418
-66610.215	-52832.835	-102640.905	-17863.38	0.0	0.0	0.0	0.0	0.0	0.0	0.0	0.0	0.0	0.0	0.0	0.0	0.0	0.0	146.0	0.0	0.03466788	-0.087341085	1.01635482	4.2270199999999996	0.0	-0.44254	3192749.0	1776544775.267604	0.0	1.0	-1.0	-1.0	-1.0	-1.0	-1.0	-1.0	-1.0	-1.0	0.0	marker	opened-hand	Open	11	0418
-66541.59	-52831.89	-102581.50499999999	-17802.855	0.0	0.0	0.0	0.0	0.0	0.0	0.0	0.0	0.0	0.0	0.0	0.0	0.0	0.0	146.0	0.0	0.03466788	-0.087341085	1.01635482	4.2270199999999996	0.0	-0.44254	3192750.0	1776544775.269898	0.0	1.0	-1.0	-1.0	-1.0	-1.0	-1.0	-1.0	-1.0	-1.0	0.0	marker	opened-hand	Open	11	0418
-66521.52	-52830.854999999996	-102538.53	-17779.59	0.0	0.0	0.0	0.0	0.0	0.0	0.0	0.0	0.0	0.0	0.0	0.0	0.0	0.0	146.0	0.0	0.03466788	-0.087341085	1.01635482	4.2270199999999996	0.0	-0.44254	3192751.0	1776544775.269901	0.0	1.0	-1.0	-1.0	-1.0	-1.0	-1.0	-1.0	-1.0	-1.0	0.0	marker	opened-hand	Open	11	0418
-66524.805	-52816.814999999995	-102528.135	-17779.05	0.0	0.0	0.0	0.0	0.0	0.0	0.0	0.0	0.0	0.0	0.0	0.0	0.0	0.0	146.0	0.0	0.03466788	-0.087341085	1.01635482	4.2270199999999996	0.0	-0.44254	3192752.0	1776544775.273765	0.0	1.0	-1.0	-1.0	-1.0	-1.0	-1.0	-1.0	-1.0	-1.0	0.0	marker	opened-hand	Open	11	0418
-66519.495	-52811.865	-102547.845	-17777.07	0.0	0.0	0.0	0.0	0.0	0.0	0.0	0.0	0.0	0.0	0.0	0.0	0.0	0.0	146.0	0.0	0.03466788	-0.087341085	1.01635482	4.2270199999999996	0.0	-0.44254	3192753.0	1776544775.273768	0.0	1.0	-1.0	-1.0	-1.0	-1.0	-1.0	-1.0	-1.0	-1.0	0.0	marker	opened-hand	Open	11	0418
-66525.20999999999	-52810.11	-102541.995	-17763.66	0.0	0.0	0.0	0.0	0.0	0.0	0.0	0.0	0.0	0.0	0.0	0.0	0.0	0.0	146.0	0.0	0.0341796	-0.085754175	1.016293785	3.9828599999999996	0.24416	-0.15259999999999999	3192754.0	1776544775.277946	0.0	1.0	-1.0	-1.0	-1.0	-1.0	-1.0	-1.0	-1.0	-1.0	0.0	marker	opened-hand	Open	11	0418
-66571.83	-52815.555	-102581.19	-17799.93	0.0	0.0	0.0	0.0	0.0	0.0	0.0	0.0	0.0	0.0	0.0	0.0	0.0	0.0	146.0	0.0	0.0341796	-0.085754175	1.016293785	3.9828599999999996	0.24416	-0.15259999999999999	3192755.0	1776544775.27795	0.0	1.0	-1.0	-1.0	-1.0	-1.0	-1.0	-1.0	-1.0	-1.0	0.0	marker	opened-hand	Open	11	0418
-66596.715	-52818.479999999996	-102615.39	-17849.43	0.0	0.0	0.0	0.0	0.0	0.0	0.0	0.0	0.0	0.0	0.0	0.0	0.0	0.0	146.0	0.0	0.0341796	-0.085754175	1.016293785	3.9828599999999996	0.24416	-0.15259999999999999	3192756.0	1776544775.281911	0.0	1.0	-1.0	-1.0	-1.0	-1.0	-1.0	-1.0	-1.0	-1.0	0.0	marker	opened-hand	Open	11	0418
-66588.93	-52832.07	-102615.3	-17849.745	0.0	0.0	0.0	0.0	0.0	0.0	0.0	0.0	0.0	0.0	0.0	0.0	0.0	0.0	146.0	0.0	0.0341796	-0.085754175	1.016293785	3.9828599999999996	0.24416	-0.15259999999999999	3192757.0	1776544775.281919	0.0	1.0	-1.0	-1.0	-1.0	-1.0	-1.0	-1.0	-1.0	-1.0	0.0	marker	opened-hand	Open	11	0418
-66569.04	-52835.22	-102586.76999999999	-17821.305	0.0	0.0	0.0	0.0	0.0	0.0	0.0	0.0	0.0	0.0	0.0	0.0	0.0	0.0	146.0	0.0	0.0341796	-0.085754175	1.016293785	3.9828599999999996	0.24416	-0.15259999999999999	3192758.0	1776544775.285809	0.0	1.0	-1.0	-1.0	-1.0	-1.0	-1.0	-1.0	-1.0	-1.0	0.0	marker	opened-hand	Open	11	0418
-66533.13	-52835.085	-102564.54	-17794.17	0.0	0.0	0.0	0.0	0.0	0.0	0.0	0.0	0.0	0.0	0.0	0.0	0.0	0.0	146.0	0.0	0.0341796	-0.085754175	1.016293785	3.9828599999999996	0.24416	-0.15259999999999999	3192759.0	1776544775.285813	0.0	1.0	-1.0	-1.0	-1.0	-1.0	-1.0	-1.0	-1.0	-1.0	0.0	marker	opened-hand	Open	11	0418
-66535.2	-52839.405	-102564.81	-17792.055	0.0	0.0	0.0	0.0	0.0	0.0	0.0	0.0	0.0	0.0	0.0	0.0	0.0	0.0	146.0	0.0	0.0341796	-0.085754175	1.016293785	3.9828599999999996	0.24416	-0.15259999999999999	3192760.0	1776544775.289886	0.0	1.0	-1.0	-1.0	-1.0	-1.0	-1.0	-1.0	-1.0	-1.0	0.0	marker	opened-hand	Open	11	0418
-66527.505	-52839.045	-102558.23999999999	-17790.344999999998	0.0	0.0	0.0	0.0	0.0	0.0	0.0	0.0	0.0	0.0	0.0	0.0	0.0	0.0	146.0	0.0	0.0341796	-0.085754175	1.016293785	3.9828599999999996	0.24416	-0.15259999999999999	3192761.0	1776544775.28989	0.0	1.0	-1.0	-1.0	-1.0	-1.0	-1.0	-1.0	-1.0	-1.0	0.0	marker	opened-hand	Open	11	0418
-66469.36499999999	-52836.165	-102496.76999999999	-17729.415	0.0	0.0	0.0	0.0	0.0	0.0	0.0	0.0	0.0	0.0	0.0	0.0	0.0	0.0	146.0	0.0	0.0341796	-0.085754175	1.016293785	3.9828599999999996	0.24416	-0.15259999999999999	3192762.0	1776544775.29604	0.0	1.0	-1.0	-1.0	-1.0	-1.0	-1.0	-1.0	-1.0	-1.0	0.0	marker	opened-hand	Open	11	0418
-66453.48	-52851.375	-102477.555	-17712.45	0.0	0.0	0.0	0.0	0.0	0.0	0.0	0.0	0.0	0.0	0.0	0.0	0.0	0.0	146.0	0.0	0.0341796	-0.085754175	1.016293785	3.9828599999999996	0.24416	-0.15259999999999999	3192763.0	1776544775.296044	0.0	1.0	-1.0	-1.0	-1.0	-1.0	-1.0	-1.0	-1.0	-1.0	0.0	marker	opened-hand	Open	11	0418
-66513.105	-52903.935	-102517.47	-17746.515	0.0	0.0	0.0	0.0	0.0	0.0	0.0	0.0	0.0	0.0	0.0	0.0	0.0	0.0	146.0	0.0	0.031555095	-0.083068635	1.0167820650000001	3.26564	-0.01526	-0.3815	3192764.0	1776544775.298937	0.0	1.0	-1.0	-1.0	-1.0	-1.0	-1.0	-1.0	-1.0	-1.0	0.0	marker	opened-hand	Open	11	0418
-66544.515	-52915.229999999996	-102517.29	-17754.344999999998	0.0	0.0	0.0	0.0	0.0	0.0	0.0	0.0	0.0	0.0	0.0	0.0	0.0	0.0	146.0	0.0	0.031555095	-0.083068635	1.0167820650000001	3.26564	-0.01526	-0.3815	3192765.0	1776544775.298941	0.0	1.0	-1.0	-1.0	-1.0	-1.0	-1.0	-1.0	-1.0	-1.0	0.0	marker	opened-hand	Open	11	0418
-66556.485	-52922.204999999994	-102532.00499999999	-17779.005	0.0	0.0	0.0	0.0	0.0	0.0	0.0	0.0	0.0	0.0	0.0	0.0	0.0	0.0	146.0	0.0	0.031555095	-0.083068635	1.0167820650000001	3.26564	-0.01526	-0.3815	3192766.0	1776544775.302016	0.0	1.0	-1.0	-1.0	-1.0	-1.0	-1.0	-1.0	-1.0	-1.0	0.0	marker	opened-hand	Open	11	0418
-66556.395	-52922.07	-102547.89	-17783.37	0.0	0.0	0.0	0.0	0.0	0.0	0.0	0.0	0.0	0.0	0.0	0.0	0.0	0.0	146.0	0.0	0.031555095	-0.083068635	1.0167820650000001	3.26564	-0.01526	-0.3815	3192767.0	1776544775.30202	0.0	1.0	-1.0	-1.0	-1.0	-1.0	-1.0	-1.0	-1.0	-1.0	0.0	marker	opened-hand	Open	11	0418
-66521.11499999999	-52915.95	-102525.93	-17753.579999999998	0.0	0.0	0.0	0.0	0.0	0.0	0.0	0.0	0.0	0.0	0.0	0.0	0.0	0.0	146.0	0.0	0.031555095	-0.083068635	1.0167820650000001	3.26564	-0.01526	-0.3815	3192768.0	1776544775.308153	0.0	1.0	-1.0	-1.0	-1.0	-1.0	-1.0	-1.0	-1.0	-1.0	0.0	marker	opened-hand	Open	11	0418
-66537.765	-52914.869999999995	-102559.905	-17782.155	0.0	0.0	0.0	0.0	0.0	0.0	0.0	0.0	0.0	0.0	0.0	0.0	0.0	0.0	146.0	0.0	0.031555095	-0.083068635	1.0167820650000001	3.26564	-0.01526	-0.3815	3192769.0	1776544775.308157	0.0	1.0	-1.0	-1.0	-1.0	-1.0	-1.0	-1.0	-1.0	-1.0	0.0	marker	opened-hand	Open	11	0418
-66554.37	-52905.509999999995	-102560.12999999999	-17781.614999999998	0.0	0.0	0.0	0.0	0.0	0.0	0.0	0.0	0.0	0.0	0.0	0.0	0.0	0.0	146.0	0.0	0.031555095	-0.083068635	1.0167820650000001	3.26564	-0.01526	-0.3815	3192770.0	1776544775.314332	0.0	1.0	-1.0	-1.0	-1.0	-1.0	-1.0	-1.0	-1.0	-1.0	0.0	marker	opened-hand	Open	11	0418
-66558.78	-52891.92	-102547.8	-17777.385	0.0	0.0	0.0	0.0	0.0	0.0	0.0	0.0	0.0	0.0	0.0	0.0	0.0	0.0	146.0	0.0	0.031555095	-0.083068635	1.0167820650000001	3.26564	-0.01526	-0.3815	3192771.0	1776544775.314336	0.0	1.0	-1.0	-1.0	-1.0	-1.0	-1.0	-1.0	-1.0	-1.0	0.0	marker	opened-hand	Open	11	0418
-66616.965	-52895.43	-102598.29	-17832.645	0.0	0.0	0.0	0.0	0.0	0.0	0.0	0.0	0.0	0.0	0.0	0.0	0.0	0.0	146.0	0.0	0.031555095	-0.083068635	1.0167820650000001	3.26564	-0.01526	-0.3815	3192772.0	1776544775.314342	0.0	1.0	-1.0	-1.0	-1.0	-1.0	-1.0	-1.0	-1.0	-1.0	0.0	marker	opened-hand	Open	11	0418
-66581.685	-52897.68	-102558.465	-17795.07	0.0	0.0	0.0	0.0	0.0	0.0	0.0	0.0	0.0	0.0	0.0	0.0	0.0	0.0	146.0	0.0	0.031555095	-0.083068635	1.0167820650000001	3.26564	-0.01526	-0.3815	3192773.0	1776544775.314346	0.0	1.0	-1.0	-1.0	-1.0	-1.0	-1.0	-1.0	-1.0	-1.0	0.0	marker	opened-hand	Open	11	0418
-66548.7	-52896.869999999995	-102540.42	-17788.05	0.0	0.0	0.0	0.0	0.0	0.0	0.0	0.0	0.0	0.0	0.0	0.0	0.0	0.0	146.0	0.0	0.03002922	-0.084411405	1.01452377	3.69292	-0.19838	-0.25942	3192774.0	1776544775.318037	0.0	1.0	-1.0	-1.0	-1.0	-1.0	-1.0	-1.0	-1.0	-1.0	0.0	marker	opened-hand	Open	11	0418
-66521.34	-52902.63	-102520.53	-17779.184999999998	0.0	0.0	0.0	0.0	0.0	0.0	0.0	0.0	0.0	0.0	0.0	0.0	0.0	0.0	146.0	0.0	0.03002922	-0.084411405	1.01452377	3.69292	-0.19838	-0.25942	3192775.0	1776544775.318041	0.0	1.0	-1.0	-1.0	-1.0	-1.0	-1.0	-1.0	-1.0	-1.0	0.0	marker	opened-hand	Open	11	0418
-66481.92	-52904.25	-102461.12999999999	-17707.454999999998	0.0	0.0	0.0	0.0	0.0	0.0	0.0	0.0	0.0	0.0	0.0	0.0	0.0	0.0	146.0	0.0	0.03002922	-0.084411405	1.01452377	3.69292	-0.19838	-0.25942	3192776.0	1776544775.321888	0.0	1.0	-1.0	-1.0	-1.0	-1.0	-1.0	-1.0	-1.0	-1.0	0.0	marker	opened-hand	Open	11	0418
-66459.33	-52894.079999999994	-102431.87999999999	-17682.795	0.0	0.0	0.0	0.0	0.0	0.0	0.0	0.0	0.0	0.0	0.0	0.0	0.0	0.0	146.0	0.0	0.03002922	-0.084411405	1.01452377	3.69292	-0.19838	-0.25942	3192777.0	1776544775.321892	0.0	1.0	-1.0	-1.0	-1.0	-1.0	-1.0	-1.0	-1.0	-1.0	0.0	marker	opened-hand	Open	11	0418
-66415.86	-52881.03	-102425.22	-17672.13	0.0	0.0	0.0	0.0	0.0	0.0	0.0	0.0	0.0	0.0	0.0	0.0	0.0	0.0	146.0	0.0	0.03002922	-0.084411405	1.01452377	3.69292	-0.19838	-0.25942	3192778.0	1776544775.327926	0.0	1.0	-1.0	-1.0	-1.0	-1.0	-1.0	-1.0	-1.0	-1.0	0.0	marker	opened-hand	Open	11	0418
-66534.255	-52887.78	-102611.61	-17808.795	0.0	0.0	0.0	0.0	0.0	0.0	0.0	0.0	0.0	0.0	0.0	0.0	0.0	0.0	146.0	0.0	0.03002922	-0.084411405	1.01452377	3.69292	-0.19838	-0.25942	3192779.0	1776544775.32793	0.0	1.0	-1.0	-1.0	-1.0	-1.0	-1.0	-1.0	-1.0	-1.0	0.0	marker	opened-hand	Open	11	0418
-66582.855	-52897.77	-102618.315	-17836.02	0.0	0.0	0.0	0.0	0.0	0.0	0.0	0.0	0.0	0.0	0.0	0.0	0.0	0.0	146.0	0.0	0.03002922	-0.084411405	1.01452377	3.69292	-0.19838	-0.25942	3192780.0	1776544775.33059	0.0	1.0	-1.0	-1.0	-1.0	-1.0	-1.0	-1.0	-1.0	-1.0	0.0	marker	opened-hand	Open	11	0418
-66537.675	-52898.715	-102472.605	-17737.965	0.0	0.0	0.0	0.0	0.0	0.0	0.0	0.0	0.0	0.0	0.0	0.0	0.0	0.0	146.0	0.0	0.03002922	-0.084411405	1.01452377	3.69292	-0.19838	-0.25942	3192781.0	1776544775.330594	0.0	1.0	-1.0	-1.0	-1.0	-1.0	-1.0	-1.0	-1.0	-1.0	0.0	marker	opened-hand	Open	11	0418
-66568.36499999999	-52901.369999999995	-102491.50499999999	-17743.815	0.0	0.0	0.0	0.0	0.0	0.0	0.0	0.0	0.0	0.0	0.0	0.0	0.0	0.0	146.0	0.0	0.03002922	-0.084411405	1.01452377	3.69292	-0.19838	-0.25942	3192782.0	1776544775.334009	0.0	1.0	-1.0	-1.0	-1.0	-1.0	-1.0	-1.0	-1.0	-1.0	0.0	marker	opened-hand	Open	11	0418
-66532.59	-52899.119999999995	-102547.845	-17771.445	0.0	0.0	0.0	0.0	0.0	0.0	0.0	0.0	0.0	0.0	0.0	0.0	0.0	0.0	146.0	0.0	0.03002922	-0.084411405	1.01452377	3.69292	-0.19838	-0.25942	3192783.0	1776544775.334013	0.0	1.0	-1.0	-1.0	-1.0	-1.0	-1.0	-1.0	-1.0	-1.0	0.0	marker	opened-hand	Open	11	0418
-66496.545	-52900.38	-102529.03499999999	-17774.415	0.0	0.0	0.0	0.0	0.0	0.0	0.0	0.0	0.0	0.0	0.0	0.0	0.0	0.0	146.0	0.0	0.033996495	-0.08520486000000001	1.014340665	4.28806	-0.10682	-0.9613799999999999	3192784.0	1776544775.339711	0.0	1.0	-1.0	-1.0	-1.0	-1.0	-1.0	-1.0	-1.0	-1.0	0.0	marker	opened-hand	Open	11	0418
-66515.22	-52891.38	-102595.905	-17799.75	0.0	0.0	0.0	0.0	0.0	0.0	0.0	0.0	0.0	0.0	0.0	0.0	0.0	0.0	146.0	0.0	0.033996495	-0.08520486000000001	1.014340665	4.28806	-0.10682	-0.9613799999999999	3192785.0	1776544775.339714	0.0	1.0	-1.0	-1.0	-1.0	-1.0	-1.0	-1.0	-1.0	-1.0	0.0	marker	opened-hand	Open	11	0418
-66646.34999999999	-52891.38	-102697.78499999999	-17866.8	0.0	0.0	0.0	0.0	0.0	0.0	0.0	0.0	0.0	0.0	0.0	0.0	0.0	0.0	146.0	0.0	0.033996495	-0.08520486000000001	1.014340665	4.28806	-0.10682	-0.9613799999999999	3192786.0	1776544775.342097	0.0	1.0	-1.0	-1.0	-1.0	-1.0	-1.0	-1.0	-1.0	-1.0	0.0	marker	opened-hand	Open	11	0418
-66682.125	-52902.585	-102672.495	-17863.605	0.0	0.0	0.0	0.0	0.0	0.0	0.0	0.0	0.0	0.0	0.0	0.0	0.0	0.0	146.0	0.0	0.033996495	-0.08520486000000001	1.014340665	4.28806	-0.10682	-0.9613799999999999	3192787.0	1776544775.342101	0.0	1.0	-1.0	-1.0	-1.0	-1.0	-1.0	-1.0	-1.0	-1.0	0.0	marker	opened-hand	Open	11	0418
-66580.245	-52907.85	-102590.73	-17803.125	0.0	0.0	0.0	0.0	0.0	0.0	0.0	0.0	0.0	0.0	0.0	0.0	0.0	0.0	146.0	0.0	0.033996495	-0.08520486000000001	1.014340665	4.28806	-0.10682	-0.9613799999999999	3192788.0	1776544775.345927	0.0	1.0	-1.0	-1.0	-1.0	-1.0	-1.0	-1.0	-1.0	-1.0	0.0	marker	opened-hand	Open	11	0418
-66595.23	-52922.384999999995	-102601.44	-17815.005	0.0	0.0	0.0	0.0	0.0	0.0	0.0	0.0	0.0	0.0	0.0	0.0	0.0	0.0	146.0	0.0	0.033996495	-0.08520486000000001	1.014340665	4.28806	-0.10682	-0.9613799999999999	3192789.0	1776544775.345931	0.0	1.0	-1.0	-1.0	-1.0	-1.0	-1.0	-1.0	-1.0	-1.0	0.0	marker	opened-hand	Open	11	0418
-66538.44	-52924.814999999995	-102587.22	-17814.51	0.0	0.0	0.0	0.0	0.0	0.0	0.0	0.0	0.0	0.0	0.0	0.0	0.0	0.0	146.0	0.0	0.033996495	-0.08520486000000001	1.014340665	4.28806	-0.10682	-0.9613799999999999	3192790.0	1776544775.350001	0.0	1.0	-1.0	-1.0	-1.0	-1.0	-1.0	-1.0	-1.0	-1.0	0.0	marker	opened-hand	Open	11	0418
-66466.17	-52921.71	-102543.97499999999	-17786.25	0.0	0.0	0.0	0.0	0.0	0.0	0.0	0.0	0.0	0.0	0.0	0.0	0.0	0.0	146.0	0.0	0.033996495	-0.08520486000000001	1.014340665	4.28806	-0.10682	-0.9613799999999999	3192791.0	1776544775.350006	0.0	1.0	-1.0	-1.0	-1.0	-1.0	-1.0	-1.0	-1.0	-1.0	0.0	marker	opened-hand	Open	11	0418
-66528.72	-52929.854999999996	-102568.05	-17791.155	0.0	0.0	0.0	0.0	0.0	0.0	0.0	0.0	0.0	0.0	0.0	0.0	0.0	0.0	146.0	0.0	0.033996495	-0.08520486000000001	1.014340665	4.28806	-0.10682	-0.9613799999999999	3192792.0	1776544775.354478	0.0	1.0	-1.0	-1.0	-1.0	-1.0	-1.0	-1.0	-1.0	-1.0	0.0	marker	opened-hand	Open	11	0418
-66531.87	-52920.72	-102546.495	-17774.415	0.0	0.0	0.0	0.0	0.0	0.0	0.0	0.0	0.0	0.0	0.0	0.0	0.0	0.0	146.0	0.0	0.033996495	-0.08520486000000001	1.014340665	4.28806	-0.10682	-0.9613799999999999	3192793.0	1776544775.354482	0.0	1.0	-1.0	-1.0	-1.0	-1.0	-1.0	-1.0	-1.0	-1.0	0.0	marker	opened-hand	Open	11	0418
-66459.78	-52905.869999999995	-102492.765	-17720.73	0.0	0.0	0.0	0.0	0.0	0.0	0.0	0.0	0.0	0.0	0.0	0.0	0.0	0.0	146.0	0.0	0.03344718	-0.08068827	1.012387545	4.6543	0.44254	-0.13734	3192794.0	1776544775.35812	0.0	1.0	-1.0	-1.0	-1.0	-1.0	-1.0	-1.0	-1.0	-1.0	0.0	marker	opened-hand	Open	11	0418
-66527.415	-52910.64	-102555.22499999999	-17783.73	0.0	0.0	0.0	0.0	0.0	0.0	0.0	0.0	0.0	0.0	0.0	0.0	0.0	0.0	146.0	0.0	0.03344718	-0.08068827	1.012387545	4.6543	0.44254	-0.13734	3192795.0	1776544775.358126	0.0	1.0	-1.0	-1.0	-1.0	-1.0	-1.0	-1.0	-1.0	-1.0	0.0	marker	opened-hand	Open	11	0418
-66535.965	-52917.704999999994	-102559.905	-17788.094999999998	0.0	0.0	0.0	0.0	0.0	0.0	0.0	0.0	0.0	0.0	0.0	0.0	0.0	0.0	146.0	0.0	0.03344718	-0.08068827	1.012387545	4.6543	0.44254	-0.13734	3192796.0	1776544775.362153	0.0	1.0	-1.0	-1.0	-1.0	-1.0	-1.0	-1.0	-1.0	-1.0	0.0	marker	opened-hand	Open	11	0418
-66520.215	-52917.03	-102528.54	-17757.809999999998	0.0	0.0	0.0	0.0	0.0	0.0	0.0	0.0	0.0	0.0	0.0	0.0	0.0	0.0	146.0	0.0	0.03344718	-0.08068827	1.012387545	4.6543	0.44254	-0.13734	3192797.0	1776544775.362173	0.0	1.0	-1.0	-1.0	-1.0	-1.0	-1.0	-1.0	-1.0	-1.0	0.0	marker	opened-hand	Open	11	0418
-66524.715	-52922.07	-102527.14499999999	-17751.059999999998	0.0	0.0	0.0	0.0	0.0	0.0	0.0	0.0	0.0	0.0	0.0	0.0	0.0	0.0	146.0	0.0	0.03344718	-0.08068827	1.012387545	4.6543	0.44254	-0.13734	3192798.0	1776544775.366127	0.0	1.0	-1.0	-1.0	-1.0	-1.0	-1.0	-1.0	-1.0	-1.0	0.0	marker	opened-hand	Open	11	0418
-66477.42	-52918.965	-102499.155	-17728.155	0.0	0.0	0.0	0.0	0.0	0.0	0.0	0.0	0.0	0.0	0.0	0.0	0.0	0.0	146.0	0.0	0.03344718	-0.08068827	1.012387545	4.6543	0.44254	-0.13734	3192799.0	1776544775.366132	0.0	1.0	-1.0	-1.0	-1.0	-1.0	-1.0	-1.0	-1.0	-1.0	0.0	marker	opened-hand	Open	11	0418
-66466.395	-52896.96	-102504.64499999999	-17731.305	0.0	0.0	0.0	0.0	0.0	0.0	0.0	0.0	0.0	0.0	0.0	0.0	0.0	0.0	146.0	0.0	0.03344718	-0.08068827	1.012387545	4.6543	0.44254	-0.13734	3192800.0	1776544775.37233	0.0	1.0	-1.0	-1.0	-1.0	-1.0	-1.0	-1.0	-1.0	-1.0	0.0	marker	opened-hand	Open	11	0418
-66571.965	-52898.085	-102623.53499999999	-17841.69	0.0	0.0	0.0	0.0	0.0	0.0	0.0	0.0	0.0	0.0	0.0	0.0	0.0	0.0	146.0	0.0	0.03344718	-0.08068827	1.012387545	4.6543	0.44254	-0.13734	3192801.0	1776544775.372335	0.0	1.0	-1.0	-1.0	-1.0	-1.0	-1.0	-1.0	-1.0	-1.0	0.0	marker	opened-hand	Open	11	0418
