ch_0	ch_1	ch_2	ch_3	ch_4	ch_5	ch_6	ch_7	ch_8	ch_9	ch_10	ch_11	ch_12	ch_13	ch_14	ch_15	ch_16	ch_17	ch_18	ch_19	ch_20	ch_21	ch_22	ch_23	ch_24	ch_25	ch_26	timestamp	marker	ch_29	ch_30	ch_31	ch_32	ch_33	ch_34	ch_35	ch_36	ch_37	ch_38	MarkerColumn	GestureLabel	CueLabel	SampleNumber	CollectionDate
-66944.565	-53750.88	-103077.58499999999	-18108.405	0.0	0.0	0.0	0.0	0.0	0.0	0.0	0.0	0.0	0.0	0.0	0.0	0.0	0.0	146.0	0.0	0.041259660000000004	-0.107238495	1.0107396	2.9757	0.57988	-0.6409199999999999	3210997.0	1776544811.892231	3.0	1.0	-1.0	-1.0	-1.0	-1.0	-1.0	-1.0	-1.0	-1.0	0.0	marker	opened-hand	Open	15	0418
-66830.67	-53743.14	-102972.69	-17948.79	0.0	0.0	0.0	0.0	0.0	0.0	0.0	0.0	0.0	0.0	0.0	0.0	0.0	0.0	146.0	0.0	0.041259660000000004	-0.107238495	1.0107396	2.9757	0.57988	-0.6409199999999999	3210998.0	1776544811.892249	0.0	1.0	-1.0	-1.0	-1.0	-1.0	-1.0	-1.0	-1.0	-1.0	0.0	marker	opened-hand	Open	15	0418
-66812.94	-53757.9	-103117.815	-17917.155	0.0	0.0	0.0	0.0	0.0	0.0	0.0	0.0	0.0	0.0	0.0	0.0	0.0	0.0	146.0	0.0	0.041259660000000004	-0.107238495	1.0107396	2.9757	0.57988	-0.6409199999999999	3210999.0	1776544811.895923	0.0	1.0	-1.0	-1.0	-1.0	-1.0	-1.0	-1.0	-1.0	-1.0	0.0	marker	opened-hand	Open	15	0418
-66870.27	-53764.65	-103181.58	-17985.96	0.0	0.0	0.0	0.0	0.0	0.0	0.0	0.0	0.0	0.0	0.0	0.0	0.0	0.0	146.0	0.0	0.041259660000000004	-0.107238495	1.0107396	2.9757	0.57988	-0.6409199999999999	3211000.0	1776544811.89594	0.0	1.0	-1.0	-1.0	-1.0	-1.0	-1.0	-1.0	-1.0	-1.0	0.0	marker	opened-hand	Open	15	0418
-66894.75	-53761.229999999996	-103166.055	-18040.5	0.0	0.0	0.0	0.0	0.0	0.0	0.0	0.0	0.0	0.0	0.0	0.0	0.0	0.0	146.0	0.0	0.041259660000000004	-0.107238495	1.0107396	2.9757	0.57988	-0.6409199999999999	3211001.0	1776544811.900273	0.0	1.0	-1.0	-1.0	-1.0	-1.0	-1.0	-1.0	-1.0	-1.0	0.0	marker	opened-hand	Open	15	0418
-66880.845	-53761.454999999994	-103108.455	-17998.38	0.0	0.0	0.0	0.0	0.0	0.0	0.0	0.0	0.0	0.0	0.0	0.0	0.0	0.0	146.0	0.0	0.041259660000000004	-0.107238495	1.0107396	2.9757	0.57988	-0.6409199999999999	3211002.0	1776544811.900289	0.0	1.0	-1.0	-1.0	-1.0	-1.0	-1.0	-1.0	-1.0	-1.0	0.0	marker	opened-hand	Open	15	0418
-66896.37	-53755.829999999994	-103061.79	-17925.255	0.0	0.0	0.0	0.0	0.0	0.0	0.0	0.0	0.0	0.0	0.0	0.0	0.0	0.0	146.0	0.0	0.041259660000000004	-0.107238495	1.0107396	2.9757	0.57988	-0.6409199999999999	3211003.0	1776544811.904211	0.0	1.0	-1.0	-1.0	-1.0	-1.0	-1.0	-1.0	-1.0	-1.0	0.0	marker	opened-hand	Open	15	0418
-66806.955	-53738.685	-102928.815	-17785.35	0.0	0.0	0.0	0.0	0.0	0.0	0.0	0.0	0.0	0.0	0.0	0.0	0.0	0.0	146.0	0.0	0.041259660000000004	-0.107238495	1.0107396	2.9757	0.57988	-0.6409199999999999	3211004.0	1776544811.904227	0.0	1.0	-1.0	-1.0	-1.0	-1.0	-1.0	-1.0	-1.0	-1.0	0.0	marker	opened-hand	Open	15	0418
-66839.94	-53738.909999999996	-102891.465	-17771.76	0.0	0.0	0.0	0.0	0.0	0.0	0.0	0.0	0.0	0.0	0.0	0.0	0.0	0.0	146.0	0.0	0.041259660000000004	-0.107238495	1.0107396	2.9757	0.57988	-0.6409199999999999	3211005.0	1776544811.90817	0.0	1.0	-1.0	-1.0	-1.0	-1.0	-1.0	-1.0	-1.0	-1.0	0.0	marker	opened-hand	Open	15	0418
-66903.93	-53754.615	-103048.01999999999	-17940.6	0.0	0.0	0.0	0.0	0.0	0.0	0.0	0.0	0.0	0.0	0.0	0.0	0.0	0.0	146.0	0.0	0.041259660000000004	-0.107238495	1.0107396	2.9757	0.57988	-0.6409199999999999	3211006.0	1776544811.908185	0.0	1.0	-1.0	-1.0	-1.0	-1.0	-1.0	-1.0	-1.0	-1.0	0.0	marker	opened-hand	Open	15	0418
-66770.01	-53756.28	-103160.51999999999	-18072.27	0.0	0.0	0.0	0.0	0.0	0.0	0.0	0.0	0.0	0.0	0.0	0.0	0.0	0.0	146.0	0.0	0.041808975	-0.11560029000000001	1.0173313800000001	3.9981199999999997	0.01526	-1.63282	3211007.0	1776544811.912441	0.0	1.0	-1.0	-1.0	-1.0	-1.0	-1.0	-1.0	-1.0	-1.0	0.0	marker	opened-hand	Open	15	0418
-66772.125	-53758.35	-103094.37	-18002.07	0.0	0.0	0.0	0.0	0.0	0.0	0.0	0.0	0.0	0.0	0.0	0.0	0.0	0.0	146.0	0.0	0.041808975	-0.11560029000000001	1.0173313800000001	3.9981199999999997	0.01526	-1.63282	3211008.0	1776544811.912456	0.0	1.0	-1.0	-1.0	-1.0	-1.0	-1.0	-1.0	-1.0	-1.0	0.0	marker	opened-hand	Open	15	0418
-66800.295	-53765.505	-103041.495	-17930.88	0.0	0.0	0.0	0.0	0.0	0.0	0.0	0.0	0.0	0.0	0.0	0.0	0.0	0.0	146.0	0.0	0.041808975	-0.11560029000000001	1.0173313800000001	3.9981199999999997	0.01526	-1.63282	3211009.0	1776544811.916171	0.0	1.0	-1.0	-1.0	-1.0	-1.0	-1.0	-1.0	-1.0	-1.0	0.0	marker	opened-hand	Open	15	0418
-66781.44	-53766.674999999996	-103015.125	-17886.195	0.0	0.0	0.0	0.0	0.0	0.0	0.0	0.0	0.0	0.0	0.0	0.0	0.0	0.0	146.0	0.0	0.041808975	-0.11560029000000001	1.0173313800000001	3.9981199999999997	0.01526	-1.63282	3211010.0	1776544811.916186	0.0	1.0	-1.0	-1.0	-1.0	-1.0	-1.0	-1.0	-1.0	-1.0	0.0	marker	opened-hand	Open	15	0418
-66692.745	-53762.939999999995	-102897.09	-17772.12	0.0	0.0	0.0	0.0	0.0	0.0	0.0	0.0	0.0	0.0	0.0	0.0	0.0	0.0	146.0	0.0	0.041808975	-0.11560029000000001	1.0173313800000001	3.9981199999999997	0.01526	-1.63282	3211011.0	1776544811.920312	0.0	1.0	-1.0	-1.0	-1.0	-1.0	-1.0	-1.0	-1.0	-1.0	0.0	marker	opened-hand	Open	15	0418
-66494.43	-53744.04	-102676.995	-17585.55	0.0	0.0	0.0	0.0	0.0	0.0	0.0	0.0	0.0	0.0	0.0	0.0	0.0	0.0	146.0	0.0	0.041808975	-0.11560029000000001	1.0173313800000001	3.9981199999999997	0.01526	-1.63282	3211012.0	1776544811.920327	0.0	1.0	-1.0	-1.0	-1.0	-1.0	-1.0	-1.0	-1.0	-1.0	0.0	marker	opened-hand	Open	15	0418
-66683.79	-53731.665	-102893.48999999999	-17796.96	0.0	0.0	0.0	0.0	0.0	0.0	0.0	0.0	0.0	0.0	0.0	0.0	0.0	0.0	146.0	0.0	0.041808975	-0.11560029000000001	1.0173313800000001	3.9981199999999997	0.01526	-1.63282	3211013.0	1776544811.924914	0.0	1.0	-1.0	-1.0	-1.0	-1.0	-1.0	-1.0	-1.0	-1.0	0.0	marker	opened-hand	Open	15	0418
-66821.58	-53713.575	-103105.935	-17974.844999999998	0.0	0.0	0.0	0.0	0.0	0.0	0.0	0.0	0.0	0.0	0.0	0.0	0.0	0.0	146.0	0.0	0.041808975	-0.11560029000000001	1.0173313800000001	3.9981199999999997	0.01526	-1.63282	3211014.0	1776544811.92493	0.0	1.0	-1.0	-1.0	-1.0	-1.0	-1.0	-1.0	-1.0	-1.0	0.0	marker	opened-hand	Open	15	0418
-66824.81999999999	-53687.655	-103051.39499999999	-17943.12	0.0	0.0	0.0	0.0	0.0	0.0	0.0	0.0	0.0	0.0	0.0	0.0	0.0	0.0	146.0	0.0	0.041808975	-0.11560029000000001	1.0173313800000001	3.9981199999999997	0.01526	-1.63282	3211015.0	1776544811.928219	0.0	1.0	-1.0	-1.0	-1.0	-1.0	-1.0	-1.0	-1.0	-1.0	0.0	marker	opened-hand	Open	15	0418
-67252.68	-53706.915	-103354.155	-18233.19	0.0	0.0	0.0	0.0	0.0	0.0	0.0	0.0	0.0	0.0	0.0	0.0	0.0	0.0	146.0	0.0	0.041808975	-0.11560029000000001	1.0173313800000001	3.9981199999999997	0.01526	-1.63282	3211016.0	1776544811.928234	0.0	1.0	-1.0	-1.0	-1.0	-1.0	-1.0	-1.0	-1.0	-1.0	0.0	marker	opened-hand	Open	15	0418
-67218.12	-53707.905	-103341.69	-18202.815	0.0	0.0	0.0	0.0	0.0	0.0	0.0	0.0	0.0	0.0	0.0	0.0	0.0	0.0	146.0	0.0	0.031555095	-0.11285371500000001	1.019345535	3.8760399999999997	-0.65618	-1.6175599999999999	3211017.0	1776544811.932323	0.0	1.0	-1.0	-1.0	-1.0	-1.0	-1.0	-1.0	-1.0	-1.0	0.0	marker	opened-hand	Open	15	0418
-66872.205	-53690.354999999996	-103165.155	-18062.19	0.0	0.0	0.0	0.0	0.0	0.0	0.0	0.0	0.0	0.0	0.0	0.0	0.0	0.0	146.0	0.0	0.031555095	-0.11285371500000001	1.019345535	3.8760399999999997	-0.65618	-1.6175599999999999	3211018.0	1776544811.932339	0.0	1.0	-1.0	-1.0	-1.0	-1.0	-1.0	-1.0	-1.0	-1.0	0.0	marker	opened-hand	Open	15	0418
-66937.59	-53686.079999999994	-103223.11499999999	-18081.495	0.0	0.0	0.0	0.0	0.0	0.0	0.0	0.0	0.0	0.0	0.0	0.0	0.0	0.0	146.0	0.0	0.031555095	-0.11285371500000001	1.019345535	3.8760399999999997	-0.65618	-1.6175599999999999	3211019.0	1776544811.936276	0.0	1.0	-1.0	-1.0	-1.0	-1.0	-1.0	-1.0	-1.0	-1.0	0.0	marker	opened-hand	Open	15	0418
-66817.485	-53677.079999999994	-103143.015	-17998.335	0.0	0.0	0.0	0.0	0.0	0.0	0.0	0.0	0.0	0.0	0.0	0.0	0.0	0.0	146.0	0.0	0.031555095	-0.11285371500000001	1.019345535	3.8760399999999997	-0.65618	-1.6175599999999999	3211020.0	1776544811.936291	0.0	1.0	-1.0	-1.0	-1.0	-1.0	-1.0	-1.0	-1.0	-1.0	0.0	marker	opened-hand	Open	15	0418
-66658.095	-53659.89	-102970.62	-17867.88	0.0	0.0	0.0	0.0	0.0	0.0	0.0	0.0	0.0	0.0	0.0	0.0	0.0	0.0	146.0	0.0	0.031555095	-0.11285371500000001	1.019345535	3.8760399999999997	-0.65618	-1.6175599999999999	3211021.0	1776544811.940252	0.0	1.0	-1.0	-1.0	-1.0	-1.0	-1.0	-1.0	-1.0	-1.0	0.0	marker	opened-hand	Open	15	0418
-66806.19	-53663.354999999996	-103005.62999999999	-17903.655	0.0	0.0	0.0	0.0	0.0	0.0	0.0	0.0	0.0	0.0	0.0	0.0	0.0	0.0	146.0	0.0	0.031555095	-0.11285371500000001	1.019345535	3.8760399999999997	-0.65618	-1.6175599999999999	3211022.0	1776544811.940268	0.0	1.0	-1.0	-1.0	-1.0	-1.0	-1.0	-1.0	-1.0	-1.0	0.0	marker	opened-hand	Open	15	0418
-66825.94499999999	-53662.905	-103010.175	-17895.195	0.0	0.0	0.0	0.0	0.0	0.0	0.0	0.0	0.0	0.0	0.0	0.0	0.0	0.0	146.0	0.0	0.031555095	-0.11285371500000001	1.019345535	3.8760399999999997	-0.65618	-1.6175599999999999	3211023.0	1776544811.944253	0.0	1.0	-1.0	-1.0	-1.0	-1.0	-1.0	-1.0	-1.0	-1.0	0.0	marker	opened-hand	Open	15	0418
-66789.63	-53661.15	-103034.745	-17898.344999999998	0.0	0.0	0.0	0.0	0.0	0.0	0.0	0.0	0.0	0.0	0.0	0.0	0.0	0.0	146.0	0.0	0.031555095	-0.11285371500000001	1.019345535	3.8760399999999997	-0.65618	-1.6175599999999999	3211024.0	1776544811.944269	0.0	1.0	-1.0	-1.0	-1.0	-1.0	-1.0	-1.0	-1.0	-1.0	0.0	marker	opened-hand	Open	15	0418
-66841.38	-53670.375	-103116.33	-17994.465	0.0	0.0	0.0	0.0	0.0	0.0	0.0	0.0	0.0	0.0	0.0	0.0	0.0	0.0	146.0	0.0	0.031555095	-0.11285371500000001	1.019345535	3.8760399999999997	-0.65618	-1.6175599999999999	3211025.0	1776544811.9484	0.0	1.0	-1.0	-1.0	-1.0	-1.0	-1.0	-1.0	-1.0	-1.0	0.0	marker	opened-hand	Open	15	0418
-66828.825	-53672.174999999996	-103090.05	-17984.745	0.0	0.0	0.0	0.0	0.0	0.0	0.0	0.0	0.0	0.0	0.0	0.0	0.0	0.0	146.0	0.0	0.031555095	-0.11285371500000001	1.019345535	3.8760399999999997	-0.65618	-1.6175599999999999	3211026.0	1776544811.948415	0.0	1.0	-1.0	-1.0	-1.0	-1.0	-1.0	-1.0	-1.0	-1.0	0.0	marker	opened-hand	Open	15	0418
-66853.665	-53675.055	-103057.01999999999	-17957.88	0.0	0.0	0.0	0.0	0.0	0.0	0.0	0.0	0.0	0.0	0.0	0.0	0.0	0.0	146.0	0.0	0.034850985	-0.105285375	1.018491045	2.85362	-1.12924	-0.5341	3211027.0	1776544811.952416	0.0	1.0	-1.0	-1.0	-1.0	-1.0	-1.0	-1.0	-1.0	-1.0	0.0	marker	opened-hand	Open	15	0418
-66868.02	-53673.795	-103005.0	-17916.614999999998	0.0	0.0	0.0	0.0	0.0	0.0	0.0	0.0	0.0	0.0	0.0	0.0	0.0	0.0	146.0	0.0	0.034850985	-0.105285375	1.018491045	2.85362	-1.12924	-0.5341	3211028.0	1776544811.952431	0.0	1.0	-1.0	-1.0	-1.0	-1.0	-1.0	-1.0	-1.0	-1.0	0.0	marker	opened-hand	Open	15	0418
-66816.94499999999	-53668.89	-102998.34	-17910.0	0.0	0.0	0.0	0.0	0.0	0.0	0.0	0.0	0.0	0.0	0.0	0.0	0.0	0.0	146.0	0.0	0.034850985	-0.105285375	1.018491045	2.85362	-1.12924	-0.5341	3211029.0	1776544811.95872	0.0	1.0	-1.0	-1.0	-1.0	-1.0	-1.0	-1.0	-1.0	-1.0	0.0	marker	opened-hand	Open	15	0418
-66726.81	-53654.265	-102908.745	-17818.605	0.0	0.0	0.0	0.0	0.0	0.0	0.0	0.0	0.0	0.0	0.0	0.0	0.0	0.0	146.0	0.0	0.034850985	-0.105285375	1.018491045	2.85362	-1.12924	-0.5341	3211030.0	1776544811.958735	0.0	1.0	-1.0	-1.0	-1.0	-1.0	-1.0	-1.0	-1.0	-1.0	0.0	marker	opened-hand	Open	15	0418
-66516.56999999999	-53637.615	-102660.84	-17595.18	0.0	0.0	0.0	0.0	0.0	0.0	0.0	0.0	0.0	0.0	0.0	0.0	0.0	0.0	146.0	0.0	0.034850985	-0.105285375	1.018491045	2.85362	-1.12924	-0.5341	3211031.0	1776544811.961745	0.0	1.0	-1.0	-1.0	-1.0	-1.0	-1.0	-1.0	-1.0	-1.0	0.0	marker	opened-hand	Open	15	0418
-66595.59	-53649.54	-102764.43	-17653.274999999998	0.0	0.0	0.0	0.0	0.0	0.0	0.0	0.0	0.0	0.0	0.0	0.0	0.0	0.0	146.0	0.0	0.034850985	-0.105285375	1.018491045	2.85362	-1.12924	-0.5341	3211032.0	1776544811.961769	0.0	1.0	-1.0	-1.0	-1.0	-1.0	-1.0	-1.0	-1.0	-1.0	0.0	marker	opened-hand	Open	15	0418
-66609.54	-53654.085	-102747.19499999999	-17612.91	0.0	0.0	0.0	0.0	0.0	0.0	0.0	0.0	0.0	0.0	0.0	0.0	0.0	0.0	146.0	0.0	0.034850985	-0.105285375	1.018491045	2.85362	-1.12924	-0.5341	3211033.0	1776544811.964807	0.0	1.0	-1.0	-1.0	-1.0	-1.0	-1.0	-1.0	-1.0	-1.0	0.0	marker	opened-hand	Open	15	0418
-66814.69499999999	-53663.895	-102960.09	-17807.309999999998	0.0	0.0	0.0	0.0	0.0	0.0	0.0	0.0	0.0	0.0	0.0	0.0	0.0	0.0	146.0	0.0	0.034850985	-0.105285375	1.018491045	2.85362	-1.12924	-0.5341	3211034.0	1776544811.964823	0.0	1.0	-1.0	-1.0	-1.0	-1.0	-1.0	-1.0	-1.0	-1.0	0.0	marker	opened-hand	Open	15	0418
-67280.4	-53699.715	-103447.34999999999	-18373.77	0.0	0.0	0.0	0.0	0.0	0.0	0.0	0.0	0.0	0.0	0.0	0.0	0.0	0.0	146.0	0.0	0.034850985	-0.105285375	1.018491045	2.85362	-1.12924	-0.5341	3211035.0	1776544811.968451	0.0	1.0	-1.0	-1.0	-1.0	-1.0	-1.0	-1.0	-1.0	-1.0	0.0	marker	opened-hand	Open	15	0418
-67085.37	-53693.64	-103283.28	-18237.105	0.0	0.0	0.0	0.0	0.0	0.0	0.0	0.0	0.0	0.0	0.0	0.0	0.0	0.0	146.0	0.0	0.034850985	-0.105285375	1.018491045	2.85362	-1.12924	-0.5341	3211036.0	1776544811.968456	0.0	1.0	-1.0	-1.0	-1.0	-1.0	-1.0	-1.0	-1.0	-1.0	0.0	marker	opened-hand	Open	15	0418
-66868.73999999999	-53682.03	-103191.3	-18079.739999999998	0.0	0.0	0.0	0.0	0.0	0.0	0.0	0.0	0.0	0.0	0.0	0.0	0.0	0.0	146.0	0.0	0.032043375	-0.102966045	1.020688305	2.9604399999999997	-1.95328	-0.24416	3211037.0	1776544811.972392	0.0	1.0	-1.0	-1.0	-1.0	-1.0	-1.0	-1.0	-1.0	-1.0	0.0	marker	opened-hand	Open	15	0418
-66902.48999999999	-53673.93	-103137.48	-18048.42	0.0	0.0	0.0	0.0	0.0	0.0	0.0	0.0	0.0	0.0	0.0	0.0	0.0	0.0	146.0	0.0	0.032043375	-0.102966045	1.020688305	2.9604399999999997	-1.95328	-0.24416	3211038.0	1776544811.972407	0.0	1.0	-1.0	-1.0	-1.0	-1.0	-1.0	-1.0	-1.0	-1.0	0.0	marker	opened-hand	Open	15	0418
-66821.715	-53662.229999999996	-103012.47	-17953.739999999998	0.0	0.0	0.0	0.0	0.0	0.0	0.0	0.0	0.0	0.0	0.0	0.0	0.0	0.0	146.0	0.0	0.032043375	-0.102966045	1.020688305	2.9604399999999997	-1.95328	-0.24416	3211039.0	1776544811.977066	0.0	1.0	-1.0	-1.0	-1.0	-1.0	-1.0	-1.0	-1.0	-1.0	0.0	marker	opened-hand	Open	15	0418
-66801.015	-53667.134999999995	-103007.745	-17856.945	0.0	0.0	0.0	0.0	0.0	0.0	0.0	0.0	0.0	0.0	0.0	0.0	0.0	0.0	146.0	0.0	0.032043375	-0.102966045	1.020688305	2.9604399999999997	-1.95328	-0.24416	3211040.0	1776544811.977081	0.0	1.0	-1.0	-1.0	-1.0	-1.0	-1.0	-1.0	-1.0	-1.0	0.0	marker	opened-hand	Open	15	0418
-66845.565	-53688.689999999995	-103105.17	-17928.09	0.0	0.0	0.0	0.0	0.0	0.0	0.0	0.0	0.0	0.0	0.0	0.0	0.0	0.0	146.0	0.0	0.032043375	-0.102966045	1.020688305	2.9604399999999997	-1.95328	-0.24416	3211041.0	1776544811.980391	0.0	1.0	-1.0	-1.0	-1.0	-1.0	-1.0	-1.0	-1.0	-1.0	0.0	marker	opened-hand	Open	15	0418
-66857.76	-53701.064999999995	-103151.51999999999	-18015.614999999998	0.0	0.0	0.0	0.0	0.0	0.0	0.0	0.0	0.0	0.0	0.0	0.0	0.0	0.0	146.0	0.0	0.032043375	-0.102966045	1.020688305	2.9604399999999997	-1.95328	-0.24416	3211042.0	1776544811.980406	0.0	1.0	-1.0	-1.0	-1.0	-1.0	-1.0	-1.0	-1.0	-1.0	0.0	marker	opened-hand	Open	15	0418
-66847.68	-53702.055	-103104.26999999999	-18011.34	0.0	0.0	0.0	0.0	0.0	0.0	0.0	0.0	0.0	0.0	0.0	0.0	0.0	0.0	146.0	0.0	0.032043375	-0.102966045	1.020688305	2.9604399999999997	-1.95328	-0.24416	3211043.0	1776544811.984512	0.0	1.0	-1.0	-1.0	-1.0	-1.0	-1.0	-1.0	-1.0	-1.0	0.0	marker	opened-hand	Open	15	0418
-66762.0	-53681.939999999995	-102972.555	-17892.63	0.0	0.0	0.0	0.0	0.0	0.0	0.0	0.0	0.0	0.0	0.0	0.0	0.0	0.0	146.0	0.0	0.032043375	-0.102966045	1.020688305	2.9604399999999997	-1.95328	-0.24416	3211044.0	1776544811.984527	0.0	1.0	-1.0	-1.0	-1.0	-1.0	-1.0	-1.0	-1.0	-1.0	0.0	marker	opened-hand	Open	15	0418
-66800.83499999999	-53676.63	-103029.885	-17893.485	0.0	0.0	0.0	0.0	0.0	0.0	0.0	0.0	0.0	0.0	0.0	0.0	0.0	0.0	146.0	0.0	0.032043375	-0.102966045	1.020688305	2.9604399999999997	-1.95328	-0.24416	3211045.0	1776544811.993431	0.0	1.0	-1.0	-1.0	-1.0	-1.0	-1.0	-1.0	-1.0	-1.0	0.0	marker	opened-hand	Open	15	0418
-66799.44	-53677.259999999995	-103080.87	-17930.25	0.0	0.0	0.0	0.0	0.0	0.0	0.0	0.0	0.0	0.0	0.0	0.0	0.0	0.0	146.0	0.0	0.032043375	-0.102966045	1.020688305	2.9604399999999997	-1.95328	-0.24416	3211046.0	1776544811.993446	0.0	1.0	-1.0	-1.0	-1.0	-1.0	-1.0	-1.0	-1.0	-1.0	0.0	marker	opened-hand	Open	15	0418
-66825.135	-53667.63	-103038.075	-17902.125	0.0	0.0	0.0	0.0	0.0	0.0	0.0	0.0	0.0	0.0	0.0	0.0	0.0	0.0	146.0	0.0	0.037170315	-0.10351536	1.0168431	2.7010199999999998	-1.8312	-0.18312	3211047.0	1776544811.993465	0.0	1.0	-1.0	-1.0	-1.0	-1.0	-1.0	-1.0	-1.0	-1.0	0.0	marker	opened-hand	Open	15	0418
-66856.59	-53665.064999999995	-103039.01999999999	-17930.925	0.0	0.0	0.0	0.0	0.0	0.0	0.0	0.0	0.0	0.0	0.0	0.0	0.0	0.0	146.0	0.0	0.037170315	-0.10351536	1.0168431	2.7010199999999998	-1.8312	-0.18312	3211048.0	1776544811.993473	0.0	1.0	-1.0	-1.0	-1.0	-1.0	-1.0	-1.0	-1.0	-1.0	0.0	marker	opened-hand	Open	15	0418
-66739.5	-53662.77	-102851.01	-17760.78	0.0	0.0	0.0	0.0	0.0	0.0	0.0	0.0	0.0	0.0	0.0	0.0	0.0	0.0	146.0	0.0	0.037170315	-0.10351536	1.0168431	2.7010199999999998	-1.8312	-0.18312	3211049.0	1776544811.998963	0.0	1.0	-1.0	-1.0	-1.0	-1.0	-1.0	-1.0	-1.0	-1.0	0.0	marker	opened-hand	Open	15	0418
-66877.92	-53673.479999999996	-103008.87	-17904.059999999998	0.0	0.0	0.0	0.0	0.0	0.0	0.0	0.0	0.0	0.0	0.0	0.0	0.0	0.0	146.0	0.0	0.037170315	-0.10351536	1.0168431	2.7010199999999998	-1.8312	-0.18312	3211050.0	1776544811.998978	0.0	1.0	-1.0	-1.0	-1.0	-1.0	-1.0	-1.0	-1.0	-1.0	0.0	marker	opened-hand	Open	15	0418
-66906.315	-53682.39	-103187.43	-18073.44	0.0	0.0	0.0	0.0	0.0	0.0	0.0	0.0	0.0	0.0	0.0	0.0	0.0	0.0	146.0	0.0	0.037170315	-0.10351536	1.0168431	2.7010199999999998	-1.8312	-0.18312	3211051.0	1776544812.007537	0.0	1.0	-1.0	-1.0	-1.0	-1.0	-1.0	-1.0	-1.0	-1.0	0.0	marker	opened-hand	Open	15	0418
-66824.055	-53667.134999999995	-103071.64499999999	-17956.71	0.0	0.0	0.0	0.0	0.0	0.0	0.0	0.0	0.0	0.0	0.0	0.0	0.0	0.0	146.0	0.0	0.037170315	-0.10351536	1.0168431	2.7010199999999998	-1.8312	-0.18312	3211052.0	1776544812.007553	0.0	1.0	-1.0	-1.0	-1.0	-1.0	-1.0	-1.0	-1.0	-1.0	0.0	marker	opened-hand	Open	15	0418
-66775.23	-53656.56	-102961.845	-17871.795	0.0	0.0	0.0	0.0	0.0	0.0	0.0	0.0	0.0	0.0	0.0	0.0	0.0	0.0	146.0	0.0	0.037170315	-0.10351536	1.0168431	2.7010199999999998	-1.8312	-0.18312	3211053.0	1776544812.007572	0.0	1.0	-1.0	-1.0	-1.0	-1.0	-1.0	-1.0	-1.0	-1.0	0.0	marker	opened-hand	Open	15	0418
-66864.015	-53658.18	-102997.03499999999	-17886.51	0.0	0.0	0.0	0.0	0.0	0.0	0.0	0.0	0.0	0.0	0.0	0.0	0.0	0.0	146.0	0.0	0.037170315	-0.10351536	1.0168431	2.7010199999999998	-1.8312	-0.18312	3211054.0	1776544812.007587	0.0	1.0	-1.0	-1.0	-1.0	-1.0	-1.0	-1.0	-1.0	-1.0	0.0	marker	opened-hand	Open	15	0418
-66844.44	-53658.45	-103098.375	-17960.67	0.0	0.0	0.0	0.0	0.0	0.0	0.0	0.0	0.0	0.0	0.0	0.0	0.0	0.0	146.0	0.0	0.037170315	-0.10351536	1.0168431	2.7010199999999998	-1.8312	-0.18312	3211055.0	1776544812.008568	0.0	1.0	-1.0	-1.0	-1.0	-1.0	-1.0	-1.0	-1.0	-1.0	0.0	marker	opened-hand	Open	15	0418
-66681.36	-53642.295	-102998.11499999999	-17863.965	0.0	0.0	0.0	0.0	0.0	0.0	0.0	0.0	0.0	0.0	0.0	0.0	0.0	0.0	146.0	0.0	0.037170315	-0.10351536	1.0168431	2.7010199999999998	-1.8312	-0.18312	3211056.0	1776544812.008583	0.0	1.0	-1.0	-1.0	-1.0	-1.0	-1.0	-1.0	-1.0	-1.0	0.0	marker	opened-hand	Open	15	0418
-66816.94499999999	-53651.07	-103035.64499999999	-17911.215	0.0	0.0	0.0	0.0	0.0	0.0	0.0	0.0	0.0	0.0	0.0	0.0	0.0	0.0	146.0	0.0	0.041320695	-0.103698465	1.01586654	2.7010199999999998	-1.8769799999999999	-0.01526	3211057.0	1776544812.012563	0.0	1.0	-1.0	-1.0	-1.0	-1.0	-1.0	-1.0	-1.0	-1.0	0.0	marker	opened-hand	Open	15	0418
-66819.69	-53669.07	-103061.655	-17964.18	0.0	0.0	0.0	0.0	0.0	0.0	0.0	0.0	0.0	0.0	0.0	0.0	0.0	0.0	146.0	0.0	0.041320695	-0.103698465	1.01586654	2.7010199999999998	-1.8769799999999999	-0.01526	3211058.0	1776544812.012579	0.0	1.0	-1.0	-1.0	-1.0	-1.0	-1.0	-1.0	-1.0	-1.0	0.0	marker	opened-hand	Open	15	0418
-66661.02	-53675.055	-102927.87	-17823.69	0.0	0.0	0.0	0.0	0.0	0.0	0.0	0.0	0.0	0.0	0.0	0.0	0.0	0.0	146.0	0.0	0.041320695	-0.103698465	1.01586654	2.7010199999999998	-1.8769799999999999	-0.01526	3211059.0	1776544812.016497	0.0	1.0	-1.0	-1.0	-1.0	-1.0	-1.0	-1.0	-1.0	-1.0	0.0	marker	opened-hand	Open	15	0418
-66757.995	-53676.765	-102919.995	-17829.315	0.0	0.0	0.0	0.0	0.0	0.0	0.0	0.0	0.0	0.0	0.0	0.0	0.0	0.0	146.0	0.0	0.041320695	-0.103698465	1.01586654	2.7010199999999998	-1.8769799999999999	-0.01526	3211060.0	1776544812.016504	0.0	1.0	-1.0	-1.0	-1.0	-1.0	-1.0	-1.0	-1.0	-1.0	0.0	marker	opened-hand	Open	15	0418
-66896.325	-53681.534999999996	-102981.375	-17917.92	0.0	0.0	0.0	0.0	0.0	0.0	0.0	0.0	0.0	0.0	0.0	0.0	0.0	0.0	146.0	0.0	0.041320695	-0.103698465	1.01586654	2.7010199999999998	-1.8769799999999999	-0.01526	3211061.0	1776544812.020646	0.0	1.0	-1.0	-1.0	-1.0	-1.0	-1.0	-1.0	-1.0	-1.0	0.0	marker	opened-hand	Open	15	0418
-66787.065	-53677.845	-102928.36499999999	-17870.265	0.0	0.0	0.0	0.0	0.0	0.0	0.0	0.0	0.0	0.0	0.0	0.0	0.0	0.0	146.0	0.0	0.041320695	-0.103698465	1.01586654	2.7010199999999998	-1.8769799999999999	-0.01526	3211062.0	1776544812.020653	0.0	1.0	-1.0	-1.0	-1.0	-1.0	-1.0	-1.0	-1.0	-1.0	0.0	marker	opened-hand	Open	15	0418
-66858.39	-53673.795	-103129.37999999999	-18006.57	0.0	0.0	0.0	0.0	0.0	0.0	0.0	0.0	0.0	0.0	0.0	0.0	0.0	0.0	146.0	0.0	0.041320695	-0.103698465	1.01586654	2.7010199999999998	-1.8769799999999999	-0.01526	3211063.0	1776544812.024529	0.0	1.0	-1.0	-1.0	-1.0	-1.0	-1.0	-1.0	-1.0	-1.0	0.0	marker	opened-hand	Open	15	0418
-66785.84999999999	-53666.009999999995	-103078.62	-18010.035	0.0	0.0	0.0	0.0	0.0	0.0	0.0	0.0	0.0	0.0	0.0	0.0	0.0	0.0	146.0	0.0	0.041320695	-0.103698465	1.01586654	2.7010199999999998	-1.8769799999999999	-0.01526	3211064.0	1776544812.024535	0.0	1.0	-1.0	-1.0	-1.0	-1.0	-1.0	-1.0	-1.0	-1.0	0.0	marker	opened-hand	Open	15	0418
-66828.015	-53671.185	-103057.01999999999	-17919.765	0.0	0.0	0.0	0.0	0.0	0.0	0.0	0.0	0.0	0.0	0.0	0.0	0.0	0.0	146.0	0.0	0.041320695	-0.103698465	1.01586654	2.7010199999999998	-1.8769799999999999	-0.01526	3211065.0	1776544812.028617	0.0	1.0	-1.0	-1.0	-1.0	-1.0	-1.0	-1.0	-1.0	-1.0	0.0	marker	opened-hand	Open	15	0418
-66916.035	-53678.159999999996	-103082.04	-17920.395	0.0	0.0	0.0	0.0	0.0	0.0	0.0	0.0	0.0	0.0	0.0	0.0	0.0	0.0	146.0	0.0	0.041320695	-0.103698465	1.01586654	2.7010199999999998	-1.8769799999999999	-0.01526	3211066.0	1776544812.028629	0.0	1.0	-1.0	-1.0	-1.0	-1.0	-1.0	-1.0	-1.0	-1.0	0.0	marker	opened-hand	Open	15	0418
-66800.565	-53682.345	-102946.5	-17883.855	0.0	0.0	0.0	0.0	0.0	0.0	0.0	0.0	0.0	0.0	0.0	0.0	0.0	0.0	146.0	0.0	0.04284657	-0.10485813000000001	1.0119603	4.2728	-1.526	-0.01526	3211067.0	1776544812.032487	0.0	1.0	-1.0	-1.0	-1.0	-1.0	-1.0	-1.0	-1.0	-1.0	0.0	marker	opened-hand	Open	15	0418
-66844.755	-53693.009999999995	-103057.69499999999	-17990.145	0.0	0.0	0.0	0.0	0.0	0.0	0.0	0.0	0.0	0.0	0.0	0.0	0.0	0.0	146.0	0.0	0.04284657	-0.10485813000000001	1.0119603	4.2728	-1.526	-0.01526	3211068.0	1776544812.032494	0.0	1.0	-1.0	-1.0	-1.0	-1.0	-1.0	-1.0	-1.0	-1.0	0.0	marker	opened-hand	Open	15	0418
-66950.415	-53698.994999999995	-103171.455	-18051.165	0.0	0.0	0.0	0.0	0.0	0.0	0.0	0.0	0.0	0.0	0.0	0.0	0.0	0.0	146.0	0.0	0.04284657	-0.10485813000000001	1.0119603	4.2728	-1.526	-0.01526	3211069.0	1776544812.036591	0.0	1.0	-1.0	-1.0	-1.0	-1.0	-1.0	-1.0	-1.0	-1.0	0.0	marker	opened-hand	Open	15	0418
-66933.54	-53689.634999999995	-103099.275	-17972.145	0.0	0.0	0.0	0.0	0.0	0.0	0.0	0.0	0.0	0.0	0.0	0.0	0.0	0.0	146.0	0.0	0.04284657	-0.10485813000000001	1.0119603	4.2728	-1.526	-0.01526	3211070.0	1776544812.036607	0.0	1.0	-1.0	-1.0	-1.0	-1.0	-1.0	-1.0	-1.0	-1.0	0.0	marker	opened-hand	Open	15	0418
-66864.69	-53685.494999999995	-103134.64499999999	-18029.295	0.0	0.0	0.0	0.0	0.0	0.0	0.0	0.0	0.0	0.0	0.0	0.0	0.0	0.0	146.0	0.0	0.04284657	-0.10485813000000001	1.0119603	4.2728	-1.526	-0.01526	3211071.0	1776544812.040605	0.0	1.0	-1.0	-1.0	-1.0	-1.0	-1.0	-1.0	-1.0	-1.0	0.0	marker	opened-hand	Open	15	0418
-66710.745	-53665.604999999996	-103030.01999999999	-17918.505	0.0	0.0	0.0	0.0	0.0	0.0	0.0	0.0	0.0	0.0	0.0	0.0	0.0	0.0	146.0	0.0	0.04284657	-0.10485813000000001	1.0119603	4.2728	-1.526	-0.01526	3211072.0	1776544812.04061	0.0	1.0	-1.0	-1.0	-1.0	-1.0	-1.0	-1.0	-1.0	-1.0	0.0	marker	opened-hand	Open	15	0418
-66715.56	-53658.9	-102996.26999999999	-17855.64	0.0	0.0	0.0	0.0	0.0	0.0	0.0	0.0	0.0	0.0	0.0	0.0	0.0	0.0	146.0	0.0	0.04284657	-0.10485813000000001	1.0119603	4.2728	-1.526	-0.01526	3211073.0	1776544812.044677	0.0	1.0	-1.0	-1.0	-1.0	-1.0	-1.0	-1.0	-1.0	-1.0	0.0	marker	opened-hand	Open	15	0418
-66877.73999999999	-53668.575	-103118.58	-17972.37	0.0	0.0	0.0	0.0	0.0	0.0	0.0	0.0	0.0	0.0	0.0	0.0	0.0	0.0	146.0	0.0	0.04284657	-0.10485813000000001	1.0119603	4.2728	-1.526	-0.01526	3211074.0	1776544812.044682	0.0	1.0	-1.0	-1.0	-1.0	-1.0	-1.0	-1.0	-1.0	-1.0	0.0	marker	opened-hand	Open	15	0418
-66749.805	-53659.079999999994	-102977.64	-17873.28	0.0	0.0	0.0	0.0	0.0	0.0	0.0	0.0	0.0	0.0	0.0	0.0	0.0	0.0	146.0	0.0	0.04284657	-0.10485813000000001	1.0119603	4.2728	-1.526	-0.01526	3211075.0	1776544812.048587	0.0	1.0	-1.0	-1.0	-1.0	-1.0	-1.0	-1.0	-1.0	-1.0	0.0	marker	opened-hand	Open	15	0418
-66704.895	-53649.72	-102886.37999999999	-17781.93	0.0	0.0	0.0	0.0	0.0	0.0	0.0	0.0	0.0	0.0	0.0	0.0	0.0	0.0	146.0	0.0	0.04284657	-0.10485813000000001	1.0119603	4.2728	-1.526	-0.01526	3211076.0	1776544812.048596	0.0	1.0	-1.0	-1.0	-1.0	-1.0	-1.0	-1.0	-1.0	-1.0	0.0	marker	opened-hand	Open	15	0418
-66634.92	-53646.345	-102762.54	-17671.905	0.0	0.0	0.0	0.0	0.0	0.0	0.0	0.0	0.0	0.0	0.0	0.0	0.0	0.0	146.0	0.0	0.04968249	-0.113219925	1.009946145	4.15072	-1.58704	-0.39676	3211077.0	1776544812.052583	0.0	1.0	-1.0	-1.0	-1.0	-1.0	-1.0	-1.0	-1.0	-1.0	0.0	marker	opened-hand	Open	15	0418
-66682.305	-53658.765	-102844.665	-17732.565	0.0	0.0	0.0	0.0	0.0	0.0	0.0	0.0	0.0	0.0	0.0	0.0	0.0	0.0	146.0	0.0	0.04968249	-0.113219925	1.009946145	4.15072	-1.58704	-0.39676	3211078.0	1776544812.052588	0.0	1.0	-1.0	-1.0	-1.0	-1.0	-1.0	-1.0	-1.0	-1.0	0.0	marker	opened-hand	Open	15	0418
-66912.84	-53679.465	-103177.215	-18082.305	0.0	0.0	0.0	0.0	0.0	0.0	0.0	0.0	0.0	0.0	0.0	0.0	0.0	0.0	146.0	0.0	0.04968249	-0.113219925	1.009946145	4.15072	-1.58704	-0.39676	3211079.0	1776544812.058276	0.0	1.0	-1.0	-1.0	-1.0	-1.0	-1.0	-1.0	-1.0	-1.0	0.0	marker	opened-hand	Open	15	0418
-66897.54	-53671.905	-103162.905	-18083.925	0.0	0.0	0.0	0.0	0.0	0.0	0.0	0.0	0.0	0.0	0.0	0.0	0.0	0.0	146.0	0.0	0.04968249	-0.113219925	1.009946145	4.15072	-1.58704	-0.39676	3211080.0	1776544812.058281	0.0	1.0	-1.0	-1.0	-1.0	-1.0	-1.0	-1.0	-1.0	-1.0	0.0	marker	opened-hand	Open	15	0418
-66688.65	-53655.119999999995	-102985.515	-17854.965	0.0	0.0	0.0	0.0	0.0	0.0	0.0	0.0	0.0	0.0	0.0	0.0	0.0	0.0	146.0	0.0	0.04968249	-0.113219925	1.009946145	4.15072	-1.58704	-0.39676	3211081.0	1776544812.064172	0.0	1.0	-1.0	-1.0	-1.0	-1.0	-1.0	-1.0	-1.0	-1.0	0.0	marker	opened-hand	Open	15	0418
-66752.81999999999	-53670.195	-102975.12	-17865.54	0.0	0.0	0.0	0.0	0.0	0.0	0.0	0.0	0.0	0.0	0.0	0.0	0.0	0.0	146.0	0.0	0.04968249	-0.113219925	1.009946145	4.15072	-1.58704	-0.39676	3211082.0	1776544812.064176	0.0	1.0	-1.0	-1.0	-1.0	-1.0	-1.0	-1.0	-1.0	-1.0	0.0	marker	opened-hand	Open	15	0418
-66898.89	-53716.095	-103066.73999999999	-17941.14	0.0	0.0	0.0	0.0	0.0	0.0	0.0	0.0	0.0	0.0	0.0	0.0	0.0	0.0	146.0	0.0	0.04968249	-0.113219925	1.009946145	4.15072	-1.58704	-0.39676	3211083.0	1776544812.067201	0.0	1.0	-1.0	-1.0	-1.0	-1.0	-1.0	-1.0	-1.0	-1.0	0.0	marker	opened-hand	Open	15	0418
-66966.255	-53732.88	-103099.5	-17971.335	0.0	0.0	0.0	0.0	0.0	0.0	0.0	0.0	0.0	0.0	0.0	0.0	0.0	0.0	146.0	0.0	0.04968249	-0.113219925	1.009946145	4.15072	-1.58704	-0.39676	3211084.0	1776544812.067205	0.0	1.0	-1.0	-1.0	-1.0	-1.0	-1.0	-1.0	-1.0	-1.0	0.0	marker	opened-hand	Open	15	0418
-66887.595	-53723.79	-103062.64499999999	-17973.765	0.0	0.0	0.0	0.0	0.0	0.0	0.0	0.0	0.0	0.0	0.0	0.0	0.0	0.0	146.0	0.0	0.04968249	-0.113219925	1.009946145	4.15072	-1.58704	-0.39676	3211085.0	1776544812.070139	0.0	1.0	-1.0	-1.0	-1.0	-1.0	-1.0	-1.0	-1.0	-1.0	0.0	marker	opened-hand	Open	15	0418
-66636.765	-53703.134999999995	-102930.56999999999	-17851.68	0.0	0.0	0.0	0.0	0.0	0.0	0.0	0.0	0.0	0.0	0.0	0.0	0.0	0.0	146.0	0.0	0.04968249	-0.113219925	1.009946145	4.15072	-1.58704	-0.39676	3211086.0	1776544812.070143	0.0	1.0	-1.0	-1.0	-1.0	-1.0	-1.0	-1.0	-1.0	-1.0	0.0	marker	opened-hand	Open	15	0418
-66679.83	-53699.085	-103071.825	-17986.68	0.0	0.0	0.0	0.0	0.0	0.0	0.0	0.0	0.0	0.0	0.0	0.0	0.0	0.0	146.0	0.0	0.045593145	-0.12499968	1.00536852	3.00622	-0.763	-2.5484199999999997	3211087.0	1776544812.072718	0.0	1.0	-1.0	-1.0	-1.0	-1.0	-1.0	-1.0	-1.0	-1.0	0.0	marker	opened-hand	Open	15	0418
-66889.98	-53700.84	-103159.08	-18004.184999999998	0.0	0.0	0.0	0.0	0.0	0.0	0.0	0.0	0.0	0.0	0.0	0.0	0.0	0.0	146.0	0.0	0.045593145	-0.12499968	1.00536852	3.00622	-0.763	-2.5484199999999997	3211088.0	1776544812.072721	0.0	1.0	-1.0	-1.0	-1.0	-1.0	-1.0	-1.0	-1.0	-1.0	0.0	marker	opened-hand	Open	15	0418
-66762.0	-53689.95	-102988.62	-17839.71	0.0	0.0	0.0	0.0	0.0	0.0	0.0	0.0	0.0	0.0	0.0	0.0	0.0	0.0	146.0	0.0	0.045593145	-0.12499968	1.00536852	3.00622	-0.763	-2.5484199999999997	3211089.0	1776544812.077461	0.0	1.0	-1.0	-1.0	-1.0	-1.0	-1.0	-1.0	-1.0	-1.0	0.0	marker	opened-hand	Open	15	0418
-66843.09	-53684.909999999996	-103051.89	-17913.69	0.0	0.0	0.0	0.0	0.0	0.0	0.0	0.0	0.0	0.0	0.0	0.0	0.0	0.0	146.0	0.0	0.045593145	-0.12499968	1.00536852	3.00622	-0.763	-2.5484199999999997	3211090.0	1776544812.077465	0.0	1.0	-1.0	-1.0	-1.0	-1.0	-1.0	-1.0	-1.0	-1.0	0.0	marker	opened-hand	Open	15	0418
-66942.63	-53696.07	-103230.045	-18099.18	0.0	0.0	0.0	0.0	0.0	0.0	0.0	0.0	0.0	0.0	0.0	0.0	0.0	0.0	146.0	0.0	0.045593145	-0.12499968	1.00536852	3.00622	-0.763	-2.5484199999999997	3211091.0	1776544812.080757	0.0	1.0	-1.0	-1.0	-1.0	-1.0	-1.0	-1.0	-1.0	-1.0	0.0	marker	opened-hand	Open	15	0418
-66944.88	-53699.4	-103162.815	-18042.795	0.0	0.0	0.0	0.0	0.0	0.0	0.0	0.0	0.0	0.0	0.0	0.0	0.0	0.0	146.0	0.0	0.045593145	-0.12499968	1.00536852	3.00622	-0.763	-2.5484199999999997	3211092.0	1776544812.080761	0.0	1.0	-1.0	-1.0	-1.0	-1.0	-1.0	-1.0	-1.0	-1.0	0.0	marker	opened-hand	Open	15	0418
-66951.98999999999	-53689.454999999994	-103024.305	-17925.614999999998	0.0	0.0	0.0	0.0	0.0	0.0	0.0	0.0	0.0	0.0	0.0	0.0	0.0	0.0	146.0	0.0	0.045593145	-0.12499968	1.00536852	3.00622	-0.763	-2.5484199999999997	3211093.0	1776544812.084746	0.0	1.0	-1.0	-1.0	-1.0	-1.0	-1.0	-1.0	-1.0	-1.0	0.0	marker	opened-hand	Open	15	0418
-66857.13	-53668.755	-103072.95	-18002.655	0.0	0.0	0.0	0.0	0.0	0.0	0.0	0.0	0.0	0.0	0.0	0.0	0.0	0.0	146.0	0.0	0.045593145	-0.12499968	1.00536852	3.00622	-0.763	-2.5484199999999997	3211094.0	1776544812.08475	0.0	1.0	-1.0	-1.0	-1.0	-1.0	-1.0	-1.0	-1.0	-1.0	0.0	marker	opened-hand	Open	15	0418
-66805.245	-53661.015	-103049.595	-17960.219999999998	0.0	0.0	0.0	0.0	0.0	0.0	0.0	0.0	0.0	0.0	0.0	0.0	0.0	0.0	146.0	0.0	0.045593145	-0.12499968	1.00536852	3.00622	-0.763	-2.5484199999999997	3211095.0	1776544812.088718	0.0	1.0	-1.0	-1.0	-1.0	-1.0	-1.0	-1.0	-1.0	-1.0	0.0	marker	opened-hand	Open	15	0418
-66705.20999999999	-53636.534999999996	-102851.595	-17782.605	0.0	0.0	0.0	0.0	0.0	0.0	0.0	0.0	0.0	0.0	0.0	0.0	0.0	0.0	146.0	0.0	0.045593145	-0.12499968	1.00536852	3.00622	-0.763	-2.5484199999999997	3211096.0	1776544812.088722	0.0	1.0	-1.0	-1.0	-1.0	-1.0	-1.0	-1.0	-1.0	-1.0	0.0	marker	opened-hand	Open	15	0418
-66670.29	-53624.43	-102856.23	-17774.82	0.0	0.0	0.0	0.0	0.0	0.0	0.0	0.0	0.0	0.0	0.0	0.0	0.0	0.0	146.0	0.0	0.04589832	-0.127380045	1.00549059	2.8230999999999997	-0.62566	-3.92182	3211097.0	1776544812.097721	0.0	1.0	-1.0	-1.0	-1.0	-1.0	-1.0	-1.0	-1.0	-1.0	0.0	marker	opened-hand	Open	15	0418
-66782.06999999999	-53629.695	-102986.415	-17912.34	0.0	0.0	0.0	0.0	0.0	0.0	0.0	0.0	0.0	0.0	0.0	0.0	0.0	0.0	146.0	0.0	0.04589832	-0.127380045	1.00549059	2.8230999999999997	-0.62566	-3.92182	3211098.0	1776544812.097725	0.0	1.0	-1.0	-1.0	-1.0	-1.0	-1.0	-1.0	-1.0	-1.0	0.0	marker	opened-hand	Open	15	0418
-66858.345	-53633.655	-103003.29	-17947.305	0.0	0.0	0.0	0.0	0.0	0.0	0.0	0.0	0.0	0.0	0.0	0.0	0.0	0.0	146.0	0.0	0.04589832	-0.127380045	1.00549059	2.8230999999999997	-0.62566	-3.92182	3211099.0	1776544812.097729	0.0	1.0	-1.0	-1.0	-1.0	-1.0	-1.0	-1.0	-1.0	-1.0	0.0	marker	opened-hand	Open	15	0418
-66907.17	-53644.365	-103063.185	-17956.89	0.0	0.0	0.0	0.0	0.0	0.0	0.0	0.0	0.0	0.0	0.0	0.0	0.0	0.0	146.0	0.0	0.04589832	-0.127380045	1.00549059	2.8230999999999997	-0.62566	-3.92182	3211100.0	1776544812.097733	0.0	1.0	-1.0	-1.0	-1.0	-1.0	-1.0	-1.0	-1.0	-1.0	0.0	marker	opened-hand	Open	15	0418
-66915.45	-53651.97	-103026.19499999999	-17901.63	0.0	0.0	0.0	0.0	0.0	0.0	0.0	0.0	0.0	0.0	0.0	0.0	0.0	0.0	146.0	0.0	0.04589832	-0.127380045	1.00549059	2.8230999999999997	-0.62566	-3.92182	3211101.0	1776544812.102367	0.0	1.0	-1.0	-1.0	-1.0	-1.0	-1.0	-1.0	-1.0	-1.0	0.0	marker	opened-hand	Open	15	0418
-66941.955	-53658.0	-103186.89	-18012.105	0.0	0.0	0.0	0.0	0.0	0.0	0.0	0.0	0.0	0.0	0.0	0.0	0.0	0.0	146.0	0.0	0.04589832	-0.127380045	1.00549059	2.8230999999999997	-0.62566	-3.92182	3211102.0	1776544812.102371	0.0	1.0	-1.0	-1.0	-1.0	-1.0	-1.0	-1.0	-1.0	-1.0	0.0	marker	opened-hand	Open	15	0418
-66923.595	-53658.045	-103261.275	-18098.73	0.0	0.0	0.0	0.0	0.0	0.0	0.0	0.0	0.0	0.0	0.0	0.0	0.0	0.0	146.0	0.0	0.04589832	-0.127380045	1.00549059	2.8230999999999997	-0.62566	-3.92182	3211103.0	1776544812.104954	0.0	1.0	-1.0	-1.0	-1.0	-1.0	-1.0	-1.0	-1.0	-1.0	0.0	marker	opened-hand	Open	15	0418
-66987.72	-53643.195	-103216.995	-18057.375	0.0	0.0	0.0	0.0	0.0	0.0	0.0	0.0	0.0	0.0	0.0	0.0	0.0	0.0	146.0	0.0	0.04589832	-0.127380045	1.00549059	2.8230999999999997	-0.62566	-3.92182	3211104.0	1776544812.104969	0.0	1.0	-1.0	-1.0	-1.0	-1.0	-1.0	-1.0	-1.0	-1.0	0.0	marker	opened-hand	Open	15	0418
-66807.81	-53622.27	-103119.345	-17998.515	0.0	0.0	0.0	0.0	0.0	0.0	0.0	0.0	0.0	0.0	0.0	0.0	0.0	0.0	146.0	0.0	0.04589832	-0.127380045	1.00549059	2.8230999999999997	-0.62566	-3.92182	3211105.0	1776544812.108781	0.0	1.0	-1.0	-1.0	-1.0	-1.0	-1.0	-1.0	-1.0	-1.0	0.0	marker	opened-hand	Open	15	0418
-66706.515	-53611.65	-103024.575	-17917.02	0.0	0.0	0.0	0.0	0.0	0.0	0.0	0.0	0.0	0.0	0.0	0.0	0.0	0.0	146.0	0.0	0.04589832	-0.127380045	1.00549059	2.8230999999999997	-0.62566	-3.92182	3211106.0	1776544812.108784	0.0	1.0	-1.0	-1.0	-1.0	-1.0	-1.0	-1.0	-1.0	-1.0	0.0	marker	opened-hand	Open	15	0418
-66765.105	-53609.04	-102987.72	-17869.635	0.0	0.0	0.0	0.0	0.0	0.0	0.0	0.0	0.0	0.0	0.0	0.0	0.0	0.0	146.0	0.0	0.040099995	-0.11144991	1.00573473	4.24228	0.62566	-0.94612	3211107.0	1776544812.112873	0.0	1.0	-1.0	-1.0	-1.0	-1.0	-1.0	-1.0	-1.0	-1.0	0.0	marker	opened-hand	Open	15	0418
-66741.56999999999	-53619.615	-102949.73999999999	-17847.855	0.0	0.0	0.0	0.0	0.0	0.0	0.0	0.0	0.0	0.0	0.0	0.0	0.0	0.0	146.0	0.0	0.040099995	-0.11144991	1.00573473	4.24228	0.62566	-0.94612	3211108.0	1776544812.112876	0.0	1.0	-1.0	-1.0	-1.0	-1.0	-1.0	-1.0	-1.0	-1.0	0.0	marker	opened-hand	Open	15	0418
-66573.405	-53621.505	-102693.915	-17597.43	0.0	0.0	0.0	0.0	0.0	0.0	0.0	0.0	0.0	0.0	0.0	0.0	0.0	0.0	146.0	0.0	0.040099995	-0.11144991	1.00573473	4.24228	0.62566	-0.94612	3211109.0	1776544812.12011	0.0	1.0	-1.0	-1.0	-1.0	-1.0	-1.0	-1.0	-1.0	-1.0	0.0	marker	opened-hand	Open	15	0418
-66747.015	-53588.295	-102873.87	-17750.565	0.0	0.0	0.0	0.0	0.0	0.0	0.0	0.0	0.0	0.0	0.0	0.0	0.0	0.0	146.0	0.0	0.040099995	-0.11144991	1.00573473	4.24228	0.62566	-0.94612	3211110.0	1776544812.120114	0.0	1.0	-1.0	-1.0	-1.0	-1.0	-1.0	-1.0	-1.0	-1.0	0.0	marker	opened-hand	Open	15	0418
-67008.33	-53581.365	-103261.23	-18143.46	0.0	0.0	0.0	0.0	0.0	0.0	0.0	0.0	0.0	0.0	0.0	0.0	0.0	0.0	146.0	0.0	0.040099995	-0.11144991	1.00573473	4.24228	0.62566	-0.94612	3211111.0	1776544812.120865	0.0	1.0	-1.0	-1.0	-1.0	-1.0	-1.0	-1.0	-1.0	-1.0	0.0	marker	opened-hand	Open	15	0418
-67004.81999999999	-53576.865	-103252.095	-18151.515	0.0	0.0	0.0	0.0	0.0	0.0	0.0	0.0	0.0	0.0	0.0	0.0	0.0	0.0	146.0	0.0	0.040099995	-0.11144991	1.00573473	4.24228	0.62566	-0.94612	3211112.0	1776544812.120879	0.0	1.0	-1.0	-1.0	-1.0	-1.0	-1.0	-1.0	-1.0	-1.0	0.0	marker	opened-hand	Open	15	0418
-66891.19499999999	-53571.104999999996	-103161.64499999999	-18061.605	0.0	0.0	0.0	0.0	0.0	0.0	0.0	0.0	0.0	0.0	0.0	0.0	0.0	0.0	146.0	0.0	0.040099995	-0.11144991	1.00573473	4.24228	0.62566	-0.94612	3211113.0	1776544812.124985	0.0	1.0	-1.0	-1.0	-1.0	-1.0	-1.0	-1.0	-1.0	-1.0	0.0	marker	opened-hand	Open	15	0418
-66802.815	-53562.869999999995	-103098.105	-17995.094999999998	0.0	0.0	0.0	0.0	0.0	0.0	0.0	0.0	0.0	0.0	0.0	0.0	0.0	0.0	146.0	0.0	0.040099995	-0.11144991	1.00573473	4.24228	0.62566	-0.94612	3211114.0	1776544812.125	0.0	1.0	-1.0	-1.0	-1.0	-1.0	-1.0	-1.0	-1.0	-1.0	0.0	marker	opened-hand	Open	15	0418
-66805.245	-53563.005	-103092.97499999999	-17985.239999999998	0.0	0.0	0.0	0.0	0.0	0.0	0.0	0.0	0.0	0.0	0.0	0.0	0.0	0.0	146.0	0.0	0.040099995	-0.11144991	1.00573473	4.24228	0.62566	-0.94612	3211115.0	1776544812.129219	0.0	1.0	-1.0	-1.0	-1.0	-1.0	-1.0	-1.0	-1.0	-1.0	0.0	marker	opened-hand	Open	15	0418
-66846.33	-53572.68	-103096.485	-17984.88	0.0	0.0	0.0	0.0	0.0	0.0	0.0	0.0	0.0	0.0	0.0	0.0	0.0	0.0	146.0	0.0	0.040099995	-0.11144991	1.00573473	4.24228	0.62566	-0.94612	3211116.0	1776544812.129234	0.0	1.0	-1.0	-1.0	-1.0	-1.0	-1.0	-1.0	-1.0	-1.0	0.0	marker	opened-hand	Open	15	0418
-66908.745	-53585.415	-103084.73999999999	-17979.66	0.0	0.0	0.0	0.0	0.0	0.0	0.0	0.0	0.0	0.0	0.0	0.0	0.0	0.0	146.0	0.0	0.046935915	-0.10095189	1.005673695	3.8607799999999997	1.0682	-1.8006799999999998	3211117.0	1776544812.132994	0.0	1.0	-1.0	-1.0	-1.0	-1.0	-1.0	-1.0	-1.0	-1.0	0.0	marker	opened-hand	Open	15	0418
-66923.19	-53586.945	-103069.305	-17967.735	0.0	0.0	0.0	0.0	0.0	0.0	0.0	0.0	0.0	0.0	0.0	0.0	0.0	0.0	146.0	0.0	0.046935915	-0.10095189	1.005673695	3.8607799999999997	1.0682	-1.8006799999999998	3211118.0	1776544812.133008	0.0	1.0	-1.0	-1.0	-1.0	-1.0	-1.0	-1.0	-1.0	-1.0	0.0	marker	opened-hand	Open	15	0418
-66904.065	-53580.329999999994	-103043.11499999999	-17952.255	0.0	0.0	0.0	0.0	0.0	0.0	0.0	0.0	0.0	0.0	0.0	0.0	0.0	0.0	146.0	0.0	0.046935915	-0.10095189	1.005673695	3.8607799999999997	1.0682	-1.8006799999999998	3211119.0	1776544812.137061	0.0	1.0	-1.0	-1.0	-1.0	-1.0	-1.0	-1.0	-1.0	-1.0	0.0	marker	opened-hand	Open	15	0418
-66856.77	-53575.424999999996	-103075.11	-17956.215	0.0	0.0	0.0	0.0	0.0	0.0	0.0	0.0	0.0	0.0	0.0	0.0	0.0	0.0	146.0	0.0	0.046935915	-0.10095189	1.005673695	3.8607799999999997	1.0682	-1.8006799999999998	3211120.0	1776544812.137075	0.0	1.0	-1.0	-1.0	-1.0	-1.0	-1.0	-1.0	-1.0	-1.0	0.0	marker	opened-hand	Open	15	0418
-66711.78	-53566.92	-103062.64499999999	-17922.78	0.0	0.0	0.0	0.0	0.0	0.0	0.0	0.0	0.0	0.0	0.0	0.0	0.0	0.0	146.0	0.0	0.046935915	-0.10095189	1.005673695	3.8607799999999997	1.0682	-1.8006799999999998	3211121.0	1776544812.141009	0.0	1.0	-1.0	-1.0	-1.0	-1.0	-1.0	-1.0	-1.0	-1.0	0.0	marker	opened-hand	Open	15	0418
-66707.45999999999	-53567.009999999995	-103057.29	-17912.52	0.0	0.0	0.0	0.0	0.0	0.0	0.0	0.0	0.0	0.0	0.0	0.0	0.0	0.0	146.0	0.0	0.046935915	-0.10095189	1.005673695	3.8607799999999997	1.0682	-1.8006799999999998	3211122.0	1776544812.141024	0.0	1.0	-1.0	-1.0	-1.0	-1.0	-1.0	-1.0	-1.0	-1.0	0.0	marker	opened-hand	Open	15	0418
-66667.455	-53563.95	-102974.67	-17850.78	0.0	0.0	0.0	0.0	0.0	0.0	0.0	0.0	0.0	0.0	0.0	0.0	0.0	0.0	146.0	0.0	0.046935915	-0.10095189	1.005673695	3.8607799999999997	1.0682	-1.8006799999999998	3211123.0	1776544812.145065	0.0	1.0	-1.0	-1.0	-1.0	-1.0	-1.0	-1.0	-1.0	-1.0	0.0	marker	opened-hand	Open	15	0418
-66734.55	-53565.75	-102917.34	-17812.17	0.0	0.0	0.0	0.0	0.0	0.0	0.0	0.0	0.0	0.0	0.0	0.0	0.0	0.0	146.0	0.0	0.046935915	-0.10095189	1.005673695	3.8607799999999997	1.0682	-1.8006799999999998	3211124.0	1776544812.145079	0.0	1.0	-1.0	-1.0	-1.0	-1.0	-1.0	-1.0	-1.0	-1.0	0.0	marker	opened-hand	Open	15	0418
-66743.64	-53572.049999999996	-102876.03	-17790.48	0.0	0.0	0.0	0.0	0.0	0.0	0.0	0.0	0.0	0.0	0.0	0.0	0.0	0.0	146.0	0.0	0.046935915	-0.10095189	1.005673695	3.8607799999999997	1.0682	-1.8006799999999998	3211125.0	1776544812.148971	0.0	1.0	-1.0	-1.0	-1.0	-1.0	-1.0	-1.0	-1.0	-1.0	0.0	marker	opened-hand	Open	15	0418
-66819.06	-53574.615	-102955.635	-17882.19	0.0	0.0	0.0	0.0	0.0	0.0	0.0	0.0	0.0	0.0	0.0	0.0	0.0	0.0	146.0	0.0	0.046935915	-0.10095189	1.005673695	3.8607799999999997	1.0682	-1.8006799999999998	3211126.0	1776544812.148982	0.0	1.0	-1.0	-1.0	-1.0	-1.0	-1.0	-1.0	-1.0	-1.0	0.0	marker	opened-hand	Open	15	0418
-66895.65	-53575.335	-103121.50499999999	-18033.03	0.0	0.0	0.0	0.0	0.0	0.0	0.0	0.0	0.0	0.0	0.0	0.0	0.0	0.0	146.0	0.0	0.050720085	-0.098449455	1.008115095	2.73154	1.3428799999999999	-1.4039199999999998	3211127.0	1776544812.153019	0.0	1.0	-1.0	-1.0	-1.0	-1.0	-1.0	-1.0	-1.0	-1.0	0.0	marker	opened-hand	Open	15	0418
-66841.605	-53566.695	-103066.425	-17961.165	0.0	0.0	0.0	0.0	0.0	0.0	0.0	0.0	0.0	0.0	0.0	0.0	0.0	0.0	146.0	0.0	0.050720085	-0.098449455	1.008115095	2.73154	1.3428799999999999	-1.4039199999999998	3211128.0	1776544812.153033	0.0	1.0	-1.0	-1.0	-1.0	-1.0	-1.0	-1.0	-1.0	-1.0	0.0	marker	opened-hand	Open	15	0418
-66750.75	-53538.795	-102857.805	-17782.965	0.0	0.0	0.0	0.0	0.0	0.0	0.0	0.0	0.0	0.0	0.0	0.0	0.0	0.0	146.0	0.0	0.050720085	-0.098449455	1.008115095	2.73154	1.3428799999999999	-1.4039199999999998	3211129.0	1776544812.157047	0.0	1.0	-1.0	-1.0	-1.0	-1.0	-1.0	-1.0	-1.0	-1.0	0.0	marker	opened-hand	Open	15	0418
-66759.97499999999	-53522.369999999995	-102873.33	-17812.98	0.0	0.0	0.0	0.0	0.0	0.0	0.0	0.0	0.0	0.0	0.0	0.0	0.0	0.0	146.0	0.0	0.050720085	-0.098449455	1.008115095	2.73154	1.3428799999999999	-1.4039199999999998	3211130.0	1776544812.157051	0.0	1.0	-1.0	-1.0	-1.0	-1.0	-1.0	-1.0	-1.0	-1.0	0.0	marker	opened-hand	Open	15	0418
-66781.665	-53518.275	-102991.31999999999	-17836.02	0.0	0.0	0.0	0.0	0.0	0.0	0.0	0.0	0.0	0.0	0.0	0.0	0.0	0.0	146.0	0.0	0.050720085	-0.098449455	1.008115095	2.73154	1.3428799999999999	-1.4039199999999998	3211131.0	1776544812.163446	0.0	1.0	-1.0	-1.0	-1.0	-1.0	-1.0	-1.0	-1.0	-1.0	0.0	marker	opened-hand	Open	15	0418
-66955.545	-53534.61	-103175.415	-18002.52	0.0	0.0	0.0	0.0	0.0	0.0	0.0	0.0	0.0	0.0	0.0	0.0	0.0	0.0	146.0	0.0	0.050720085	-0.098449455	1.008115095	2.73154	1.3428799999999999	-1.4039199999999998	3211132.0	1776544812.16346	0.0	1.0	-1.0	-1.0	-1.0	-1.0	-1.0	-1.0	-1.0	-1.0	0.0	marker	opened-hand	Open	15	0418
-67003.065	-53551.53	-103204.17	-18080.28	0.0	0.0	0.0	0.0	0.0	0.0	0.0	0.0	0.0	0.0	0.0	0.0	0.0	0.0	146.0	0.0	0.050720085	-0.098449455	1.008115095	2.73154	1.3428799999999999	-1.4039199999999998	3211133.0	1776544812.166695	0.0	1.0	-1.0	-1.0	-1.0	-1.0	-1.0	-1.0	-1.0	-1.0	0.0	marker	opened-hand	Open	15	0418
-66823.69499999999	-53553.825	-103101.48	-17976.87	0.0	0.0	0.0	0.0	0.0	0.0	0.0	0.0	0.0	0.0	0.0	0.0	0.0	0.0	146.0	0.0	0.050720085	-0.098449455	1.008115095	2.73154	1.3428799999999999	-1.4039199999999998	3211134.0	1776544812.16671	0.0	1.0	-1.0	-1.0	-1.0	-1.0	-1.0	-1.0	-1.0	-1.0	0.0	marker	opened-hand	Open	15	0418
-66797.415	-53561.564999999995	-103065.56999999999	-17961.48	0.0	0.0	0.0	0.0	0.0	0.0	0.0	0.0	0.0	0.0	0.0	0.0	0.0	0.0	146.0	0.0	0.050720085	-0.098449455	1.008115095	2.73154	1.3428799999999999	-1.4039199999999998	3211135.0	1776544812.169636	0.0	1.0	-1.0	-1.0	-1.0	-1.0	-1.0	-1.0	-1.0	-1.0	0.0	marker	opened-hand	Open	15	0418
-66798.22499999999	-53558.055	-102986.50499999999	-17906.265	0.0	0.0	0.0	0.0	0.0	0.0	0.0	0.0	0.0	0.0	0.0	0.0	0.0	0.0	146.0	0.0	0.050720085	-0.098449455	1.008115095	2.73154	1.3428799999999999	-1.4039199999999998	3211136.0	1776544812.16965	0.0	1.0	-1.0	-1.0	-1.0	-1.0	-1.0	-1.0	-1.0	-1.0	0.0	marker	opened-hand	Open	15	0418
-66823.47	-53539.965	-102989.7	-17891.954999999998	0.0	0.0	0.0	0.0	0.0	0.0	0.0	0.0	0.0	0.0	0.0	0.0	0.0	0.0	146.0	0.0	0.049621455	-0.10845919500000001	1.0046361	2.2889999999999997	1.46496	-2.63998	3211137.0	1776544812.173132	0.0	1.0	-1.0	-1.0	-1.0	-1.0	-1.0	-1.0	-1.0	-1.0	0.0	marker	opened-hand	Open	15	0418
-66781.26	-53518.994999999995	-102999.465	-17833.68	0.0	0.0	0.0	0.0	0.0	0.0	0.0	0.0	0.0	0.0	0.0	0.0	0.0	0.0	146.0	0.0	0.049621455	-0.10845919500000001	1.0046361	2.2889999999999997	1.46496	-2.63998	3211138.0	1776544812.173147	0.0	1.0	-1.0	-1.0	-1.0	-1.0	-1.0	-1.0	-1.0	-1.0	0.0	marker	opened-hand	Open	15	0418
-66736.755	-53512.695	-102990.64499999999	-17888.94	0.0	0.0	0.0	0.0	0.0	0.0	0.0	0.0	0.0	0.0	0.0	0.0	0.0	0.0	146.0	0.0	0.049621455	-0.10845919500000001	1.0046361	2.2889999999999997	1.46496	-2.63998	3211139.0	1776544812.177117	0.0	1.0	-1.0	-1.0	-1.0	-1.0	-1.0	-1.0	-1.0	-1.0	0.0	marker	opened-hand	Open	15	0418
-66821.265	-53515.619999999995	-103038.84	-17926.2	0.0	0.0	0.0	0.0	0.0	0.0	0.0	0.0	0.0	0.0	0.0	0.0	0.0	0.0	146.0	0.0	0.049621455	-0.10845919500000001	1.0046361	2.2889999999999997	1.46496	-2.63998	3211140.0	1776544812.177131	0.0	1.0	-1.0	-1.0	-1.0	-1.0	-1.0	-1.0	-1.0	-1.0	0.0	marker	opened-hand	Open	15	0418
-66917.7	-53525.204999999994	-103166.50499999999	-18042.975	0.0	0.0	0.0	0.0	0.0	0.0	0.0	0.0	0.0	0.0	0.0	0.0	0.0	0.0	146.0	0.0	0.049621455	-0.10845919500000001	1.0046361	2.2889999999999997	1.46496	-2.63998	3211141.0	1776544812.18107	0.0	1.0	-1.0	-1.0	-1.0	-1.0	-1.0	-1.0	-1.0	-1.0	0.0	marker	opened-hand	Open	15	0418
-66849.345	-53528.085	-103088.51999999999	-18009.27	0.0	0.0	0.0	0.0	0.0	0.0	0.0	0.0	0.0	0.0	0.0	0.0	0.0	0.0	146.0	0.0	0.049621455	-0.10845919500000001	1.0046361	2.2889999999999997	1.46496	-2.63998	3211142.0	1776544812.181085	0.0	1.0	-1.0	-1.0	-1.0	-1.0	-1.0	-1.0	-1.0	-1.0	0.0	marker	opened-hand	Open	15	0418
-66724.92	-53533.034999999996	-102909.69	-17831.385	0.0	0.0	0.0	0.0	0.0	0.0	0.0	0.0	0.0	0.0	0.0	0.0	0.0	0.0	146.0	0.0	0.049621455	-0.10845919500000001	1.0046361	2.2889999999999997	1.46496	-2.63998	3211143.0	1776544812.185248	0.0	1.0	-1.0	-1.0	-1.0	-1.0	-1.0	-1.0	-1.0	-1.0	0.0	marker	opened-hand	Open	15	0418
-66686.175	-53531.28	-102936.95999999999	-17833.59	0.0	0.0	0.0	0.0	0.0	0.0	0.0	0.0	0.0	0.0	0.0	0.0	0.0	0.0	146.0	0.0	0.049621455	-0.10845919500000001	1.0046361	2.2889999999999997	1.46496	-2.63998	3211144.0	1776544812.185263	0.0	1.0	-1.0	-1.0	-1.0	-1.0	-1.0	-1.0	-1.0	-1.0	0.0	marker	opened-hand	Open	15	0418
-66640.59	-53515.53	-102789.315	-17651.88	0.0	0.0	0.0	0.0	0.0	0.0	0.0	0.0	0.0	0.0	0.0	0.0	0.0	0.0	146.0	0.0	0.049621455	-0.10845919500000001	1.0046361	2.2889999999999997	1.46496	-2.63998	3211145.0	1776544812.189074	0.0	1.0	-1.0	-1.0	-1.0	-1.0	-1.0	-1.0	-1.0	-1.0	0.0	marker	opened-hand	Open	15	0418
-66604.31999999999	-53511.659999999996	-102809.43	-17696.969999999998	0.0	0.0	0.0	0.0	0.0	0.0	0.0	0.0	0.0	0.0	0.0	0.0	0.0	0.0	146.0	0.0	0.049621455	-0.10845919500000001	1.0046361	2.2889999999999997	1.46496	-2.63998	3211146.0	1776544812.189088	0.0	1.0	-1.0	-1.0	-1.0	-1.0	-1.0	-1.0	-1.0	-1.0	0.0	marker	opened-hand	Open	15	0418
-66909.735	-53540.729999999996	-103254.795	-18145.755	0.0	0.0	0.0	0.0	0.0	0.0	0.0	0.0	0.0	0.0	0.0	0.0	0.0	0.0	146.0	0.0	0.049133175	-0.11383027500000001	1.006039905	3.8607799999999997	1.70912	-2.57894	3211147.0	1776544812.19321	0.0	1.0	-1.0	-1.0	-1.0	-1.0	-1.0	-1.0	-1.0	-1.0	0.0	marker	opened-hand	Open	15	0418
-67004.19	-53541.945	-103357.75499999999	-18252.899999999998	0.0	0.0	0.0	0.0	0.0	0.0	0.0	0.0	0.0	0.0	0.0	0.0	0.0	0.0	146.0	0.0	0.049133175	-0.11383027500000001	1.006039905	3.8607799999999997	1.70912	-2.57894	3211148.0	1776544812.193224	0.0	1.0	-1.0	-1.0	-1.0	-1.0	-1.0	-1.0	-1.0	-1.0	0.0	marker	opened-hand	Open	15	0418
-66914.955	-53536.185	-103141.665	-18050.535	0.0	0.0	0.0	0.0	0.0	0.0	0.0	0.0	0.0	0.0	0.0	0.0	0.0	0.0	146.0	0.0	0.049133175	-0.11383027500000001	1.006039905	3.8607799999999997	1.70912	-2.57894	3211149.0	1776544812.197236	0.0	1.0	-1.0	-1.0	-1.0	-1.0	-1.0	-1.0	-1.0	-1.0	0.0	marker	opened-hand	Open	15	0418
-66707.28	-53534.295	-102841.11	-17762.175	0.0	0.0	0.0	0.0	0.0	0.0	0.0	0.0	0.0	0.0	0.0	0.0	0.0	0.0	146.0	0.0	0.049133175	-0.11383027500000001	1.006039905	3.8607799999999997	1.70912	-2.57894	3211150.0	1776544812.19725	0.0	1.0	-1.0	-1.0	-1.0	-1.0	-1.0	-1.0	-1.0	-1.0	0.0	marker	opened-hand	Open	15	0418
-66685.72499999999	-53534.52	-102722.12999999999	-17638.515	0.0	0.0	0.0	0.0	0.0	0.0	0.0	0.0	0.0	0.0	0.0	0.0	0.0	0.0	146.0	0.0	0.049133175	-0.11383027500000001	1.006039905	3.8607799999999997	1.70912	-2.57894	3211151.0	1776544812.201141	0.0	1.0	-1.0	-1.0	-1.0	-1.0	-1.0	-1.0	-1.0	-1.0	0.0	marker	opened-hand	Open	15	0418
-66929.355	-53556.119999999995	-102977.37	-17864.055	0.0	0.0	0.0	0.0	0.0	0.0	0.0	0.0	0.0	0.0	0.0	0.0	0.0	0.0	146.0	0.0	0.049133175	-0.11383027500000001	1.006039905	3.8607799999999997	1.70912	-2.57894	3211152.0	1776544812.201146	0.0	1.0	-1.0	-1.0	-1.0	-1.0	-1.0	-1.0	-1.0	-1.0	0.0	marker	opened-hand	Open	15	0418
-67088.11499999999	-53571.689999999995	-103311.94499999999	-18198.54	0.0	0.0	0.0	0.0	0.0	0.0	0.0	0.0	0.0	0.0	0.0	0.0	0.0	0.0	146.0	0.0	0.049133175	-0.11383027500000001	1.006039905	3.8607799999999997	1.70912	-2.57894	3211153.0	1776544812.205106	0.0	1.0	-1.0	-1.0	-1.0	-1.0	-1.0	-1.0	-1.0	-1.0	0.0	marker	opened-hand	Open	15	0418
-67096.395	-53566.515	-103375.665	-18223.785	0.0	0.0	0.0	0.0	0.0	0.0	0.0	0.0	0.0	0.0	0.0	0.0	0.0	0.0	146.0	0.0	0.049133175	-0.11383027500000001	1.006039905	3.8607799999999997	1.70912	-2.57894	3211154.0	1776544812.20512	0.0	1.0	-1.0	-1.0	-1.0	-1.0	-1.0	-1.0	-1.0	-1.0	0.0	marker	opened-hand	Open	15	0418
-66762.63	-53549.28	-103105.8	-17984.745	0.0	0.0	0.0	0.0	0.0	0.0	0.0	0.0	0.0	0.0	0.0	0.0	0.0	0.0	146.0	0.0	0.049133175	-0.11383027500000001	1.006039905	3.8607799999999997	1.70912	-2.57894	3211155.0	1776544812.218367	0.0	1.0	-1.0	-1.0	-1.0	-1.0	-1.0	-1.0	-1.0	-1.0	0.0	marker	opened-hand	Open	15	0418
-66644.325	-53536.454999999994	-102983.67	-17920.215	0.0	0.0	0.0	0.0	0.0	0.0	0.0	0.0	0.0	0.0	0.0	0.0	0.0	0.0	146.0	0.0	0.049133175	-0.11383027500000001	1.006039905	3.8607799999999997	1.70912	-2.57894	3211156.0	1776544812.218376	0.0	1.0	-1.0	-1.0	-1.0	-1.0	-1.0	-1.0	-1.0	-1.0	0.0	marker	opened-hand	Open	15	0418
-66893.715	-53548.695	-103052.34	-17948.114999999998	0.0	0.0	0.0	0.0	0.0	0.0	0.0	0.0	0.0	0.0	0.0	0.0	0.0	0.0	146.0	0.0	0.03820791	-0.111388875	1.008115095	2.48738	2.22796	-2.9757	3211157.0	1776544812.218386	0.0	1.0	-1.0	-1.0	-1.0	-1.0	-1.0	-1.0	-1.0	-1.0	0.0	marker	opened-hand	Open	15	0418
-66881.11499999999	-53553.06	-103112.19	-17976.239999999998	0.0	0.0	0.0	0.0	0.0	0.0	0.0	0.0	0.0	0.0	0.0	0.0	0.0	0.0	146.0	0.0	0.03820791	-0.111388875	1.008115095	2.48738	2.22796	-2.9757	3211158.0	1776544812.218391	0.0	1.0	-1.0	-1.0	-1.0	-1.0	-1.0	-1.0	-1.0	-1.0	0.0	marker	opened-hand	Open	15	0418
-66682.125	-53547.93	-102970.17	-17862.84	0.0	0.0	0.0	0.0	0.0	0.0	0.0	0.0	0.0	0.0	0.0	0.0	0.0	0.0	146.0	0.0	0.03820791	-0.111388875	1.008115095	2.48738	2.22796	-2.9757	3211159.0	1776544812.218398	0.0	1.0	-1.0	-1.0	-1.0	-1.0	-1.0	-1.0	-1.0	-1.0	0.0	marker	opened-hand	Open	15	0418
-66634.2	-53550.72	-102864.465	-17790.344999999998	0.0	0.0	0.0	0.0	0.0	0.0	0.0	0.0	0.0	0.0	0.0	0.0	0.0	0.0	146.0	0.0	0.03820791	-0.111388875	1.008115095	2.48738	2.22796	-2.9757	3211160.0	1776544812.218404	0.0	1.0	-1.0	-1.0	-1.0	-1.0	-1.0	-1.0	-1.0	-1.0	0.0	marker	opened-hand	Open	15	0418
-66925.08	-53564.67	-102967.515	-17883.63	0.0	0.0	0.0	0.0	0.0	0.0	0.0	0.0	0.0	0.0	0.0	0.0	0.0	0.0	146.0	0.0	0.03820791	-0.111388875	1.008115095	2.48738	2.22796	-2.9757	3211161.0	1776544812.221165	0.0	1.0	-1.0	-1.0	-1.0	-1.0	-1.0	-1.0	-1.0	-1.0	0.0	marker	opened-hand	Open	15	0418
-67075.245	-53564.67	-103153.86	-18025.469999999998	0.0	0.0	0.0	0.0	0.0	0.0	0.0	0.0	0.0	0.0	0.0	0.0	0.0	0.0	146.0	0.0	0.03820791	-0.111388875	1.008115095	2.48738	2.22796	-2.9757	3211162.0	1776544812.221174	0.0	1.0	-1.0	-1.0	-1.0	-1.0	-1.0	-1.0	-1.0	-1.0	0.0	marker	opened-hand	Open	15	0418
-66885.255	-53540.865	-103149.54	-18023.625	0.0	0.0	0.0	0.0	0.0	0.0	0.0	0.0	0.0	0.0	0.0	0.0	0.0	0.0	146.0	0.0	0.03820791	-0.111388875	1.008115095	2.48738	2.22796	-2.9757	3211163.0	1776544812.225237	0.0	1.0	-1.0	-1.0	-1.0	-1.0	-1.0	-1.0	-1.0	-1.0	0.0	marker	opened-hand	Open	15	0418
-66747.465	-53523.0	-103095.45	-17980.065	0.0	0.0	0.0	0.0	0.0	0.0	0.0	0.0	0.0	0.0	0.0	0.0	0.0	0.0	146.0	0.0	0.03820791	-0.111388875	1.008115095	2.48738	2.22796	-2.9757	3211164.0	1776544812.225245	0.0	1.0	-1.0	-1.0	-1.0	-1.0	-1.0	-1.0	-1.0	-1.0	0.0	marker	opened-hand	Open	15	0418
-66810.465	-53524.619999999995	-103006.53	-17874.945	0.0	0.0	0.0	0.0	0.0	0.0	0.0	0.0	0.0	0.0	0.0	0.0	0.0	0.0	146.0	0.0	0.03820791	-0.111388875	1.008115095	2.48738	2.22796	-2.9757	3211165.0	1776544812.229209	0.0	1.0	-1.0	-1.0	-1.0	-1.0	-1.0	-1.0	-1.0	-1.0	0.0	marker	opened-hand	Open	15	0418
-66772.305	-53529.93	-102878.09999999999	-17763.93	0.0	0.0	0.0	0.0	0.0	0.0	0.0	0.0	0.0	0.0	0.0	0.0	0.0	0.0	146.0	0.0	0.03820791	-0.111388875	1.008115095	2.48738	2.22796	-2.9757	3211166.0	1776544812.229224	0.0	1.0	-1.0	-1.0	-1.0	-1.0	-1.0	-1.0	-1.0	-1.0	0.0	marker	opened-hand	Open	15	0418
-66774.23999999999	-53536.229999999996	-102944.83499999999	-17848.305	0.0	0.0	0.0	0.0	0.0	0.0	0.0	0.0	0.0	0.0	0.0	0.0	0.0	0.0	146.0	0.0	0.03869619	-0.1037595	1.01513412	2.1516599999999997	1.2971	-1.8617199999999998	3211167.0	1776544812.233223	0.0	1.0	-1.0	-1.0	-1.0	-1.0	-1.0	-1.0	-1.0	-1.0	0.0	marker	opened-hand	Open	15	0418
-66715.29	-53540.595	-102955.40999999999	-17876.79	0.0	0.0	0.0	0.0	0.0	0.0	0.0	0.0	0.0	0.0	0.0	0.0	0.0	0.0	146.0	0.0	0.03869619	-0.1037595	1.01513412	2.1516599999999997	1.2971	-1.8617199999999998	3211168.0	1776544812.233237	0.0	1.0	-1.0	-1.0	-1.0	-1.0	-1.0	-1.0	-1.0	-1.0	0.0	marker	opened-hand	Open	15	0418
-66726.765	-53542.755	-102857.12999999999	-17743.23	0.0	0.0	0.0	0.0	0.0	0.0	0.0	0.0	0.0	0.0	0.0	0.0	0.0	0.0	146.0	0.0	0.03869619	-0.1037595	1.01513412	2.1516599999999997	1.2971	-1.8617199999999998	3211169.0	1776544812.237412	0.0	1.0	-1.0	-1.0	-1.0	-1.0	-1.0	-1.0	-1.0	-1.0	0.0	marker	opened-hand	Open	15	0418
-66837.915	-53542.575	-102958.965	-17856.495	0.0	0.0	0.0	0.0	0.0	0.0	0.0	0.0	0.0	0.0	0.0	0.0	0.0	0.0	146.0	0.0	0.03869619	-0.1037595	1.01513412	2.1516599999999997	1.2971	-1.8617199999999998	3211170.0	1776544812.237426	0.0	1.0	-1.0	-1.0	-1.0	-1.0	-1.0	-1.0	-1.0	-1.0	0.0	marker	opened-hand	Open	15	0418
-66783.19499999999	-53546.22	-103049.14499999999	-17966.79	0.0	0.0	0.0	0.0	0.0	0.0	0.0	0.0	0.0	0.0	0.0	0.0	0.0	0.0	146.0	0.0	0.03869619	-0.1037595	1.01513412	2.1516599999999997	1.2971	-1.8617199999999998	3211171.0	1776544812.241278	0.0	1.0	-1.0	-1.0	-1.0	-1.0	-1.0	-1.0	-1.0	-1.0	0.0	marker	opened-hand	Open	15	0418
-66803.535	-53546.805	-103124.385	-17974.89	0.0	0.0	0.0	0.0	0.0	0.0	0.0	0.0	0.0	0.0	0.0	0.0	0.0	0.0	146.0	0.0	0.03869619	-0.1037595	1.01513412	2.1516599999999997	1.2971	-1.8617199999999998	3211172.0	1776544812.241286	0.0	1.0	-1.0	-1.0	-1.0	-1.0	-1.0	-1.0	-1.0	-1.0	0.0	marker	opened-hand	Open	15	0418
-66955.185	-53562.24	-103244.76	-18106.065	0.0	0.0	0.0	0.0	0.0	0.0	0.0	0.0	0.0	0.0	0.0	0.0	0.0	0.0	146.0	0.0	0.03869619	-0.1037595	1.01513412	2.1516599999999997	1.2971	-1.8617199999999998	3211173.0	1776544812.246875	0.0	1.0	-1.0	-1.0	-1.0	-1.0	-1.0	-1.0	-1.0	-1.0	0.0	marker	opened-hand	Open	15	0418
-66836.06999999999	-53556.975	-103118.94	-18049.274999999998	0.0	0.0	0.0	0.0	0.0	0.0	0.0	0.0	0.0	0.0	0.0	0.0	0.0	0.0	146.0	0.0	0.03869619	-0.1037595	1.01513412	2.1516599999999997	1.2971	-1.8617199999999998	3211174.0	1776544812.246891	0.0	1.0	-1.0	-1.0	-1.0	-1.0	-1.0	-1.0	-1.0	-1.0	0.0	marker	opened-hand	Open	15	0418
-66464.145	-53532.045	-102724.83	-17658.675	0.0	0.0	0.0	0.0	0.0	0.0	0.0	0.0	0.0	0.0	0.0	0.0	0.0	0.0	146.0	0.0	0.03869619	-0.1037595	1.01513412	2.1516599999999997	1.2971	-1.8617199999999998	3211175.0	1776544812.249323	0.0	1.0	-1.0	-1.0	-1.0	-1.0	-1.0	-1.0	-1.0	-1.0	0.0	marker	opened-hand	Open	15	0418
-66571.155	-53542.125	-102829.23	-17704.215	0.0	0.0	0.0	0.0	0.0	0.0	0.0	0.0	0.0	0.0	0.0	0.0	0.0	0.0	146.0	0.0	0.03869619	-0.1037595	1.01513412	2.1516599999999997	1.2971	-1.8617199999999998	3211176.0	1776544812.24933	0.0	1.0	-1.0	-1.0	-1.0	-1.0	-1.0	-1.0	-1.0	-1.0	0.0	marker	opened-hand	Open	15	0418
-67004.28	-53575.92	-103218.435	-18088.469999999998	0.0	0.0	0.0	0.0	0.0	0.0	0.0	0.0	0.0	0.0	0.0	0.0	0.0	0.0	146.0	0.0	0.039367575	-0.10229466	1.016537925	3.83026	1.55652	-0.50358	3211177.0	1776544812.25454	0.0	1.0	-1.0	-1.0	-1.0	-1.0	-1.0	-1.0	-1.0	-1.0	0.0	marker	opened-hand	Open	15	0418
-66960.27	-53575.604999999996	-103160.295	-18045.405	0.0	0.0	0.0	0.0	0.0	0.0	0.0	0.0	0.0	0.0	0.0	0.0	0.0	0.0	146.0	0.0	0.039367575	-0.10229466	1.016537925	3.83026	1.55652	-0.50358	3211178.0	1776544812.254554	0.0	1.0	-1.0	-1.0	-1.0	-1.0	-1.0	-1.0	-1.0	-1.0	0.0	marker	opened-hand	Open	15	0418
-66971.205	-53571.329999999994	-103111.01999999999	-18010.89	0.0	0.0	0.0	0.0	0.0	0.0	0.0	0.0	0.0	0.0	0.0	0.0	0.0	0.0	146.0	0.0	0.039367575	-0.10229466	1.016537925	3.83026	1.55652	-0.50358	3211179.0	1776544812.257422	0.0	1.0	-1.0	-1.0	-1.0	-1.0	-1.0	-1.0	-1.0	-1.0	0.0	marker	opened-hand	Open	15	0418
-66938.94	-53574.39	-103197.105	-18085.95	0.0	0.0	0.0	0.0	0.0	0.0	0.0	0.0	0.0	0.0	0.0	0.0	0.0	0.0	146.0	0.0	0.039367575	-0.10229466	1.016537925	3.83026	1.55652	-0.50358	3211180.0	1776544812.257431	0.0	1.0	-1.0	-1.0	-1.0	-1.0	-1.0	-1.0	-1.0	-1.0	0.0	marker	opened-hand	Open	15	0418
-66963.285	-53571.689999999995	-103235.4	-18108.855	0.0	0.0	0.0	0.0	0.0	0.0	0.0	0.0	0.0	0.0	0.0	0.0	0.0	0.0	146.0	0.0	0.039367575	-0.10229466	1.016537925	3.83026	1.55652	-0.50358	3211181.0	1776544812.262911	0.0	1.0	-1.0	-1.0	-1.0	-1.0	-1.0	-1.0	-1.0	-1.0	0.0	marker	opened-hand	Open	15	0418
-66890.47499999999	-53568.134999999995	-103190.58	-18067.905	0.0	0.0	0.0	0.0	0.0	0.0	0.0	0.0	0.0	0.0	0.0	0.0	0.0	0.0	146.0	0.0	0.039367575	-0.10229466	1.016537925	3.83026	1.55652	-0.50358	3211182.0	1776544812.262926	0.0	1.0	-1.0	-1.0	-1.0	-1.0	-1.0	-1.0	-1.0	-1.0	0.0	marker	opened-hand	Open	15	0418
-66797.37	-53566.695	-103067.73	-17962.515	0.0	0.0	0.0	0.0	0.0	0.0	0.0	0.0	0.0	0.0	0.0	0.0	0.0	0.0	146.0	0.0	0.039367575	-0.10229466	1.016537925	3.83026	1.55652	-0.50358	3211183.0	1776544812.265838	0.0	1.0	-1.0	-1.0	-1.0	-1.0	-1.0	-1.0	-1.0	-1.0	0.0	marker	opened-hand	Open	15	0418
-66771.54	-53574.93	-102971.385	-17868.015	0.0	0.0	0.0	0.0	0.0	0.0	0.0	0.0	0.0	0.0	0.0	0.0	0.0	0.0	146.0	0.0	0.039367575	-0.10229466	1.016537925	3.83026	1.55652	-0.50358	3211184.0	1776544812.265852	0.0	1.0	-1.0	-1.0	-1.0	-1.0	-1.0	-1.0	-1.0	-1.0	0.0	marker	opened-hand	Open	15	0418
-66759.75	-53581.59	-102933.62999999999	-17811.495	0.0	0.0	0.0	0.0	0.0	0.0	0.0	0.0	0.0	0.0	0.0	0.0	0.0	0.0	146.0	0.0	0.039367575	-0.10229466	1.016537925	3.83026	1.55652	-0.50358	3211185.0	1776544812.27201	0.0	1.0	-1.0	-1.0	-1.0	-1.0	-1.0	-1.0	-1.0	-1.0	0.0	marker	opened-hand	Open	15	0418
-66878.81999999999	-53595.314999999995	-103053.915	-17917.02	0.0	0.0	0.0	0.0	0.0	0.0	0.0	0.0	0.0	0.0	0.0	0.0	0.0	0.0	146.0	0.0	0.039367575	-0.10229466	1.016537925	3.83026	1.55652	-0.50358	3211186.0	1776544812.272042	0.0	1.0	-1.0	-1.0	-1.0	-1.0	-1.0	-1.0	-1.0	-1.0	0.0	marker	opened-hand	Open	15	0418
-66844.53	-53580.96	-103019.12999999999	-17880.84	0.0	0.0	0.0	0.0	0.0	0.0	0.0	0.0	0.0	0.0	0.0	0.0	0.0	0.0	146.0	0.0	0.04431141	-0.105285375	1.02013899	4.2270199999999996	-0.06104	-1.72438	3211187.0	1776544812.275079	0.0	1.0	-1.0	-1.0	-1.0	-1.0	-1.0	-1.0	-1.0	-1.0	0.0	marker	opened-hand	Open	15	0418
-66725.37	-53561.52	-102909.555	-17790.885	0.0	0.0	0.0	0.0	0.0	0.0	0.0	0.0	0.0	0.0	0.0	0.0	0.0	0.0	146.0	0.0	0.04431141	-0.105285375	1.02013899	4.2270199999999996	-0.06104	-1.72438	3211188.0	1776544812.275109	0.0	1.0	-1.0	-1.0	-1.0	-1.0	-1.0	-1.0	-1.0	-1.0	0.0	marker	opened-hand	Open	15	0418
-66649.905	-53549.325	-102813.65999999999	-17700.165	0.0	0.0	0.0	0.0	0.0	0.0	0.0	0.0	0.0	0.0	0.0	0.0	0.0	0.0	146.0	0.0	0.04431141	-0.105285375	1.02013899	4.2270199999999996	-0.06104	-1.72438	3211189.0	1776544812.279759	0.0	1.0	-1.0	-1.0	-1.0	-1.0	-1.0	-1.0	-1.0	-1.0	0.0	marker	opened-hand	Open	15	0418
-66637.305	-53542.845	-102862.98	-17778.645	0.0	0.0	0.0	0.0	0.0	0.0	0.0	0.0	0.0	0.0	0.0	0.0	0.0	0.0	146.0	0.0	0.04431141	-0.105285375	1.02013899	4.2270199999999996	-0.06104	-1.72438	3211190.0	1776544812.279783	0.0	1.0	-1.0	-1.0	-1.0	-1.0	-1.0	-1.0	-1.0	-1.0	0.0	marker	opened-hand	Open	15	0418
-66739.59	-53538.345	-103010.805	-17960.489999999998	0.0	0.0	0.0	0.0	0.0	0.0	0.0	0.0	0.0	0.0	0.0	0.0	0.0	0.0	146.0	0.0	0.04431141	-0.105285375	1.02013899	4.2270199999999996	-0.06104	-1.72438	3211191.0	1776544812.281396	0.0	1.0	-1.0	-1.0	-1.0	-1.0	-1.0	-1.0	-1.0	-1.0	0.0	marker	opened-hand	Open	15	0418
-66713.265	-53544.735	-102974.04	-17883.54	0.0	0.0	0.0	0.0	0.0	0.0	0.0	0.0	0.0	0.0	0.0	0.0	0.0	0.0	146.0	0.0	0.04431141	-0.105285375	1.02013899	4.2270199999999996	-0.06104	-1.72438	3211192.0	1776544812.281416	0.0	1.0	-1.0	-1.0	-1.0	-1.0	-1.0	-1.0	-1.0	-1.0	0.0	marker	opened-hand	Open	15	0418
-66814.92	-53584.695	-102995.50499999999	-17882.91	0.0	0.0	0.0	0.0	0.0	0.0	0.0	0.0	0.0	0.0	0.0	0.0	0.0	0.0	146.0	0.0	0.04431141	-0.105285375	1.02013899	4.2270199999999996	-0.06104	-1.72438	3211193.0	1776544812.285688	0.0	1.0	-1.0	-1.0	-1.0	-1.0	-1.0	-1.0	-1.0	-1.0	0.0	marker	opened-hand	Open	15	0418
-66908.295	-53590.905	-103112.595	-18023.355	0.0	0.0	0.0	0.0	0.0	0.0	0.0	0.0	0.0	0.0	0.0	0.0	0.0	0.0	146.0	0.0	0.04431141	-0.105285375	1.02013899	4.2270199999999996	-0.06104	-1.72438	3211194.0	1776544812.285716	0.0	1.0	-1.0	-1.0	-1.0	-1.0	-1.0	-1.0	-1.0	-1.0	0.0	marker	opened-hand	Open	15	0418
-66825.315	-53573.265	-103004.86499999999	-17887.094999999998	0.0	0.0	0.0	0.0	0.0	0.0	0.0	0.0	0.0	0.0	0.0	0.0	0.0	0.0	146.0	0.0	0.04431141	-0.105285375	1.02013899	4.2270199999999996	-0.06104	-1.72438	3211195.0	1776544812.289494	0.0	1.0	-1.0	-1.0	-1.0	-1.0	-1.0	-1.0	-1.0	-1.0	0.0	marker	opened-hand	Open	15	0418
-66855.33	-53559.314999999995	-102941.955	-17823.195	0.0	0.0	0.0	0.0	0.0	0.0	0.0	0.0	0.0	0.0	0.0	0.0	0.0	0.0	146.0	0.0	0.04431141	-0.105285375	1.02013899	4.2270199999999996	-0.06104	-1.72438	3211196.0	1776544812.289513	0.0	1.0	-1.0	-1.0	-1.0	-1.0	-1.0	-1.0	-1.0	-1.0	0.0	marker	opened-hand	Open	15	0418
-66644.415	-53545.14	-102873.42	-17760.555	0.0	0.0	0.0	0.0	0.0	0.0	0.0	0.0	0.0	0.0	0.0	0.0	0.0	0.0	146.0	0.0	0.03710928	-0.100524645	1.023740055	2.47212	-0.8392999999999999	-1.4039199999999998	3211197.0	1776544812.293519	0.0	1.0	-1.0	-1.0	-1.0	-1.0	-1.0	-1.0	-1.0	-1.0	0.0	marker	opened-hand	Open	15	0418
-66431.205	-53537.895	-102681.54	-17575.29	0.0	0.0	0.0	0.0	0.0	0.0	0.0	0.0	0.0	0.0	0.0	0.0	0.0	0.0	146.0	0.0	0.03710928	-0.100524645	1.023740055	2.47212	-0.8392999999999999	-1.4039199999999998	3211198.0	1776544812.293546	0.0	1.0	-1.0	-1.0	-1.0	-1.0	-1.0	-1.0	-1.0	-1.0	0.0	marker	opened-hand	Open	15	0418
-66815.595	-53570.7	-103011.705	-17864.37	0.0	0.0	0.0	0.0	0.0	0.0	0.0	0.0	0.0	0.0	0.0	0.0	0.0	0.0	146.0	0.0	0.03710928	-0.100524645	1.023740055	2.47212	-0.8392999999999999	-1.4039199999999998	3211199.0	1776544812.297596	0.0	1.0	-1.0	-1.0	-1.0	-1.0	-1.0	-1.0	-1.0	-1.0	0.0	marker	opened-hand	Open	15	0418
-67036.41	-53594.775	-103298.355	-18193.094999999998	0.0	0.0	0.0	0.0	0.0	0.0	0.0	0.0	0.0	0.0	0.0	0.0	0.0	0.0	146.0	0.0	0.03710928	-0.100524645	1.023740055	2.47212	-0.8392999999999999	-1.4039199999999998	3211200.0	1776544812.297627	0.0	1.0	-1.0	-1.0	-1.0	-1.0	-1.0	-1.0	-1.0	-1.0	0.0	marker	opened-hand	Open	15	0418
-66943.485	-53589.689999999995	-103156.56	-18048.735	0.0	0.0	0.0	0.0	0.0	0.0	0.0	0.0	0.0	0.0	0.0	0.0	0.0	0.0	146.0	0.0	0.03710928	-0.100524645	1.023740055	2.47212	-0.8392999999999999	-1.4039199999999998	3211201.0	1776544812.301529	0.0	1.0	-1.0	-1.0	-1.0	-1.0	-1.0	-1.0	-1.0	-1.0	0.0	marker	opened-hand	Open	15	0418
-66723.165	-53567.82	-102874.31999999999	-17749.62	0.0	0.0	0.0	0.0	0.0	0.0	0.0	0.0	0.0	0.0	0.0	0.0	0.0	0.0	146.0	0.0	0.03710928	-0.100524645	1.023740055	2.47212	-0.8392999999999999	-1.4039199999999998	3211202.0	1776544812.301546	0.0	1.0	-1.0	-1.0	-1.0	-1.0	-1.0	-1.0	-1.0	-1.0	0.0	marker	opened-hand	Open	15	0418
-66600.495	-53541.945	-102674.51999999999	-17550.405	0.0	0.0	0.0	0.0	0.0	0.0	0.0	0.0	0.0	0.0	0.0	0.0	0.0	0.0	146.0	0.0	0.03710928	-0.100524645	1.023740055	2.47212	-0.8392999999999999	-1.4039199999999998	3211203.0	1776544812.305499	0.0	1.0	-1.0	-1.0	-1.0	-1.0	-1.0	-1.0	-1.0	-1.0	0.0	marker	opened-hand	Open	15	0418
-66784.41	-53546.265	-103012.83	-17872.515	0.0	0.0	0.0	0.0	0.0	0.0	0.0	0.0	0.0	0.0	0.0	0.0	0.0	0.0	146.0	0.0	0.03710928	-0.100524645	1.023740055	2.47212	-0.8392999999999999	-1.4039199999999998	3211204.0	1776544812.305511	0.0	1.0	-1.0	-1.0	-1.0	-1.0	-1.0	-1.0	-1.0	-1.0	0.0	marker	opened-hand	Open	15	0418
-67049.37	-53561.744999999995	-103206.64499999999	-18062.145	0.0	0.0	0.0	0.0	0.0	0.0	0.0	0.0	0.0	0.0	0.0	0.0	0.0	0.0	146.0	0.0	0.03710928	-0.100524645	1.023740055	2.47212	-0.8392999999999999	-1.4039199999999998	3211205.0	1776544812.31346	0.0	1.0	-1.0	-1.0	-1.0	-1.0	-1.0	-1.0	-1.0	-1.0	0.0	marker	opened-hand	Open	15	0418
-66930.12	-53561.79	-103095.405	-17919.45	0.0	0.0	0.0	0.0	0.0	0.0	0.0	0.0	0.0	0.0	0.0	0.0	0.0	0.0	146.0	0.0	0.03710928	-0.100524645	1.023740055	2.47212	-0.8392999999999999	-1.4039199999999998	3211206.0	1776544812.313488	0.0	1.0	-1.0	-1.0	-1.0	-1.0	-1.0	-1.0	-1.0	-1.0	0.0	marker	opened-hand	Open	15	0418
-66545.955	-53558.505	-102911.12999999999	-17776.665	0.0	0.0	0.0	0.0	0.0	0.0	0.0	0.0	0.0	0.0	0.0	0.0	0.0	0.0	146.0	0.0	0.035461335000000004	-0.097350825	1.02319074	0.85456	-1.2971	-0.18312	3211207.0	1776544812.313525	0.0	1.0	-1.0	-1.0	-1.0	-1.0	-1.0	-1.0	-1.0	-1.0	0.0	marker	opened-hand	Open	15	0418
-66642.03	-53578.845	-102949.01999999999	-17830.17	0.0	0.0	0.0	0.0	0.0	0.0	0.0	0.0	0.0	0.0	0.0	0.0	0.0	0.0	146.0	0.0	0.035461335000000004	-0.097350825	1.02319074	0.85456	-1.2971	-0.18312	3211208.0	1776544812.313544	0.0	1.0	-1.0	-1.0	-1.0	-1.0	-1.0	-1.0	-1.0	-1.0	0.0	marker	opened-hand	Open	15	0418
-66867.48	-53594.189999999995	-102995.595	-17831.61	0.0	0.0	0.0	0.0	0.0	0.0	0.0	0.0	0.0	0.0	0.0	0.0	0.0	0.0	146.0	0.0	0.035461335000000004	-0.097350825	1.02319074	0.85456	-1.2971	-0.18312	3211209.0	1776544812.317681	0.0	1.0	-1.0	-1.0	-1.0	-1.0	-1.0	-1.0	-1.0	-1.0	0.0	marker	opened-hand	Open	15	0418
-66919.635	-53597.88	-103112.19	-17953.469999999998	0.0	0.0	0.0	0.0	0.0	0.0	0.0	0.0	0.0	0.0	0.0	0.0	0.0	0.0	146.0	0.0	0.035461335000000004	-0.097350825	1.02319074	0.85456	-1.2971	-0.18312	3211210.0	1776544812.317704	0.0	1.0	-1.0	-1.0	-1.0	-1.0	-1.0	-1.0	-1.0	-1.0	0.0	marker	opened-hand	Open	15	0418
-66860.055	-53595.09	-103139.50499999999	-18030.645	0.0	0.0	0.0	0.0	0.0	0.0	0.0	0.0	0.0	0.0	0.0	0.0	0.0	0.0	146.0	0.0	0.035461335000000004	-0.097350825	1.02319074	0.85456	-1.2971	-0.18312	3211211.0	1776544812.324125	0.0	1.0	-1.0	-1.0	-1.0	-1.0	-1.0	-1.0	-1.0	-1.0	0.0	marker	opened-hand	Open	15	0418
-66777.56999999999	-53580.509999999995	-102931.245	-17818.965	0.0	0.0	0.0	0.0	0.0	0.0	0.0	0.0	0.0	0.0	0.0	0.0	0.0	0.0	146.0	0.0	0.035461335000000004	-0.097350825	1.02319074	0.85456	-1.2971	-0.18312	3211212.0	1776544812.324155	0.0	1.0	-1.0	-1.0	-1.0	-1.0	-1.0	-1.0	-1.0	-1.0	0.0	marker	opened-hand	Open	15	0418
-66804.56999999999	-53571.015	-102920.04	-17830.485	0.0	0.0	0.0	0.0	0.0	0.0	0.0	0.0	0.0	0.0	0.0	0.0	0.0	0.0	146.0	0.0	0.035461335000000004	-0.097350825	1.02319074	0.85456	-1.2971	-0.18312	3211213.0	1776544812.325558	0.0	1.0	-1.0	-1.0	-1.0	-1.0	-1.0	-1.0	-1.0	-1.0	0.0	marker	opened-hand	Open	15	0418
-66883.185	-53569.215	-103089.42	-17951.805	0.0	0.0	0.0	0.0	0.0	0.0	0.0	0.0	0.0	0.0	0.0	0.0	0.0	0.0	146.0	0.0	0.035461335000000004	-0.097350825	1.02319074	0.85456	-1.2971	-0.18312	3211214.0	1776544812.325581	0.0	1.0	-1.0	-1.0	-1.0	-1.0	-1.0	-1.0	-1.0	-1.0	0.0	marker	opened-hand	Open	15	0418
-66843.72	-53566.829999999994	-102992.175	-17880.84	0.0	0.0	0.0	0.0	0.0	0.0	0.0	0.0	0.0	0.0	0.0	0.0	0.0	0.0	146.0	0.0	0.035461335000000004	-0.097350825	1.02319074	0.85456	-1.2971	-0.18312	3211215.0	1776544812.329562	0.0	1.0	-1.0	-1.0	-1.0	-1.0	-1.0	-1.0	-1.0	-1.0	0.0	marker	opened-hand	Open	15	0418
-66964.5	-53569.935	-103015.305	-17905.454999999998	0.0	0.0	0.0	0.0	0.0	0.0	0.0	0.0	0.0	0.0	0.0	0.0	0.0	0.0	146.0	0.0	0.035461335000000004	-0.097350825	1.02319074	0.85456	-1.2971	-0.18312	3211216.0	1776544812.329582	0.0	1.0	-1.0	-1.0	-1.0	-1.0	-1.0	-1.0	-1.0	-1.0	0.0	marker	opened-hand	Open	15	0418
-66947.22	-53572.68	-103252.185	-18151.469999999998	0.0	0.0	0.0	0.0	0.0	0.0	0.0	0.0	0.0	0.0	0.0	0.0	0.0	0.0	146.0	0.0	0.037292385	-0.105651585	1.026059385	2.5942	-1.9990599999999998	0.09156	3211217.0	1776544812.333729	0.0	1.0	-1.0	-1.0	-1.0	-1.0	-1.0	-1.0	-1.0	-1.0	0.0	marker	opened-hand	Open	15	0418
-66874.68	-53570.655	-103263.075	-18202.815	0.0	0.0	0.0	0.0	0.0	0.0	0.0	0.0	0.0	0.0	0.0	0.0	0.0	0.0	146.0	0.0	0.037292385	-0.105651585	1.026059385	2.5942	-1.9990599999999998	0.09156	3211218.0	1776544812.333765	0.0	1.0	-1.0	-1.0	-1.0	-1.0	-1.0	-1.0	-1.0	-1.0	0.0	marker	opened-hand	Open	15	0418
-67021.33499999999	-53571.015	-103276.62	-18170.055	0.0	0.0	0.0	0.0	0.0	0.0	0.0	0.0	0.0	0.0	0.0	0.0	0.0	0.0	146.0	0.0	0.037292385	-0.105651585	1.026059385	2.5942	-1.9990599999999998	0.09156	3211219.0	1776544812.337731	0.0	1.0	-1.0	-1.0	-1.0	-1.0	-1.0	-1.0	-1.0	-1.0	0.0	marker	opened-hand	Open	15	0418
-66942.81	-53588.97	-103170.59999999999	-18050.265	0.0	0.0	0.0	0.0	0.0	0.0	0.0	0.0	0.0	0.0	0.0	0.0	0.0	0.0	146.0	0.0	0.037292385	-0.105651585	1.026059385	2.5942	-1.9990599999999998	0.09156	3211220.0	1776544812.337753	0.0	1.0	-1.0	-1.0	-1.0	-1.0	-1.0	-1.0	-1.0	-1.0	0.0	marker	opened-hand	Open	15	0418
-66786.705	-53599.95	-103078.485	-17986.454999999998	0.0	0.0	0.0	0.0	0.0	0.0	0.0	0.0	0.0	0.0	0.0	0.0	0.0	0.0	146.0	0.0	0.037292385	-0.105651585	1.026059385	2.5942	-1.9990599999999998	0.09156	3211221.0	1776544812.341796	0.0	1.0	-1.0	-1.0	-1.0	-1.0	-1.0	-1.0	-1.0	-1.0	0.0	marker	opened-hand	Open	15	0418
-66830.44499999999	-53606.924999999996	-103121.28	-18032.445	0.0	0.0	0.0	0.0	0.0	0.0	0.0	0.0	0.0	0.0	0.0	0.0	0.0	0.0	146.0	0.0	0.037292385	-0.105651585	1.026059385	2.5942	-1.9990599999999998	0.09156	3211222.0	1776544812.341816	0.0	1.0	-1.0	-1.0	-1.0	-1.0	-1.0	-1.0	-1.0	-1.0	0.0	marker	opened-hand	Open	15	0418
-66791.295	-53602.604999999996	-103050.045	-17970.344999999998	0.0	0.0	0.0	0.0	0.0	0.0	0.0	0.0	0.0	0.0	0.0	0.0	0.0	0.0	146.0	0.0	0.037292385	-0.105651585	1.026059385	2.5942	-1.9990599999999998	0.09156	3211223.0	1776544812.345664	0.0	1.0	-1.0	-1.0	-1.0	-1.0	-1.0	-1.0	-1.0	-1.0	0.0	marker	opened-hand	Open	15	0418
-66752.19	-53612.775	-103020.56999999999	-17913.149999999998	0.0	0.0	0.0	0.0	0.0	0.0	0.0	0.0	0.0	0.0	0.0	0.0	0.0	0.0	146.0	0.0	0.037292385	-0.105651585	1.026059385	2.5942	-1.9990599999999998	0.09156	3211224.0	1776544812.34568	0.0	1.0	-1.0	-1.0	-1.0	-1.0	-1.0	-1.0	-1.0	-1.0	0.0	marker	opened-hand	Open	15	0418
-66756.375	-53627.67	-102998.295	-17879.805	0.0	0.0	0.0	0.0	0.0	0.0	0.0	0.0	0.0	0.0	0.0	0.0	0.0	0.0	146.0	0.0	0.037292385	-0.105651585	1.026059385	2.5942	-1.9990599999999998	0.09156	3211225.0	1776544812.349774	0.0	1.0	-1.0	-1.0	-1.0	-1.0	-1.0	-1.0	-1.0	-1.0	0.0	marker	opened-hand	Open	15	0418
-66833.415	-53634.6	-103006.89	-17901.719999999998	0.0	0.0	0.0	0.0	0.0	0.0	0.0	0.0	0.0	0.0	0.0	0.0	0.0	0.0	146.0	0.0	0.037292385	-0.105651585	1.026059385	2.5942	-1.9990599999999998	0.09156	3211226.0	1776544812.349808	0.0	1.0	-1.0	-1.0	-1.0	-1.0	-1.0	-1.0	-1.0	-1.0	0.0	marker	opened-hand	Open	15	0418
-66837.42	-53638.29	-103019.31	-17901.719999999998	0.0	0.0	0.0	0.0	0.0	0.0	0.0	0.0	0.0	0.0	0.0	0.0	0.0	0.0	146.0	0.0	0.03881826	-0.105651585	1.02306867	2.7010199999999998	-2.77732	1.2055399999999998	3211227.0	1776544812.35379	0.0	1.0	-1.0	-1.0	-1.0	-1.0	-1.0	-1.0	-1.0	-1.0	0.0	marker	opened-hand	Open	15	0418
-66614.58	-53612.1	-102752.14499999999	-17671.5	0.0	0.0	0.0	0.0	0.0	0.0	0.0	0.0	0.0	0.0	0.0	0.0	0.0	0.0	146.0	0.0	0.03881826	-0.105651585	1.02306867	2.7010199999999998	-2.77732	1.2055399999999998	3211228.0	1776544812.353814	0.0	1.0	-1.0	-1.0	-1.0	-1.0	-1.0	-1.0	-1.0	-1.0	0.0	marker	opened-hand	Open	15	0418
-66336.48	-53586.765	-102543.39	-17491.815	0.0	0.0	0.0	0.0	0.0	0.0	0.0	0.0	0.0	0.0	0.0	0.0	0.0	0.0	146.0	0.0	0.03881826	-0.105651585	1.02306867	2.7010199999999998	-2.77732	1.2055399999999998	3211229.0	1776544812.357611	0.0	1.0	-1.0	-1.0	-1.0	-1.0	-1.0	-1.0	-1.0	-1.0	0.0	marker	opened-hand	Open	15	0418
-66654.855	-53608.005	-102880.44	-17794.305	0.0	0.0	0.0	0.0	0.0	0.0	0.0	0.0	0.0	0.0	0.0	0.0	0.0	0.0	146.0	0.0	0.03881826	-0.105651585	1.02306867	2.7010199999999998	-2.77732	1.2055399999999998	3211230.0	1776544812.357627	0.0	1.0	-1.0	-1.0	-1.0	-1.0	-1.0	-1.0	-1.0	-1.0	0.0	marker	opened-hand	Open	15	0418
-67010.13	-53644.005	-103293.315	-18183.69	0.0	0.0	0.0	0.0	0.0	0.0	0.0	0.0	0.0	0.0	0.0	0.0	0.0	0.0	146.0	0.0	0.03881826	-0.105651585	1.02306867	2.7010199999999998	-2.77732	1.2055399999999998	3211231.0	1776544812.361801	0.0	1.0	-1.0	-1.0	-1.0	-1.0	-1.0	-1.0	-1.0	-1.0	0.0	marker	opened-hand	Open	15	0418
-66992.94	-53647.875	-103264.01999999999	-18136.35	0.0	0.0	0.0	0.0	0.0	0.0	0.0	0.0	0.0	0.0	0.0	0.0	0.0	0.0	146.0	0.0	0.03881826	-0.105651585	1.02306867	2.7010199999999998	-2.77732	1.2055399999999998	3211232.0	1776544812.361818	0.0	1.0	-1.0	-1.0	-1.0	-1.0	-1.0	-1.0	-1.0	-1.0	0.0	marker	opened-hand	Open	15	0418
-66944.52	-53647.829999999994	-103151.97	-18033.21	0.0	0.0	0.0	0.0	0.0	0.0	0.0	0.0	0.0	0.0	0.0	0.0	0.0	0.0	146.0	0.0	0.03881826	-0.105651585	1.02306867	2.7010199999999998	-2.77732	1.2055399999999998	3211233.0	1776544812.368351	0.0	1.0	-1.0	-1.0	-1.0	-1.0	-1.0	-1.0	-1.0	-1.0	0.0	marker	opened-hand	Open	15	0418
-66837.33	-53643.689999999995	-103022.45999999999	-17925.614999999998	0.0	0.0	0.0	0.0	0.0	0.0	0.0	0.0	0.0	0.0	0.0	0.0	0.0	0.0	146.0	0.0	0.03881826	-0.105651585	1.02306867	2.7010199999999998	-2.77732	1.2055399999999998	3211234.0	1776544812.368402	0.0	1.0	-1.0	-1.0	-1.0	-1.0	-1.0	-1.0	-1.0	-1.0	0.0	marker	opened-hand	Open	15	0418
-66745.665	-53637.975	-102910.68	-17801.28	0.0	0.0	0.0	0.0	0.0	0.0	0.0	0.0	0.0	0.0	0.0	0.0	0.0	0.0	146.0	0.0	0.03881826	-0.105651585	1.02306867	2.7010199999999998	-2.77732	1.2055399999999998	3211235.0	1776544812.377434	0.0	1.0	-1.0	-1.0	-1.0	-1.0	-1.0	-1.0	-1.0	-1.0	0.0	marker	opened-hand	Open	15	0418
-66740.94	-53646.03	-102994.83	-17862.39	0.0	0.0	0.0	0.0	0.0	0.0	0.0	0.0	0.0	0.0	0.0	0.0	0.0	0.0	146.0	0.0	0.03881826	-0.105651585	1.02306867	2.7010199999999998	-2.77732	1.2055399999999998	3211236.0	1776544812.377457	0.0	1.0	-1.0	-1.0	-1.0	-1.0	-1.0	-1.0	-1.0	-1.0	0.0	marker	opened-hand	Open	15	0418
-66767.44499999999	-53643.24	-103069.17	-17941.545	0.0	0.0	0.0	0.0	0.0	0.0	0.0	0.0	0.0	0.0	0.0	0.0	0.0	0.0	146.0	0.0	0.045593145	-0.09814428	1.01391342	1.9075	-2.38056	0.51884	3211237.0	1776544812.377489	0.0	1.0	-1.0	-1.0	-1.0	-1.0	-1.0	-1.0	-1.0	-1.0	0.0	marker	opened-hand	Open	15	0418
-66751.065	-53622.045	-102973.185	-17826.21	0.0	0.0	0.0	0.0	0.0	0.0	0.0	0.0	0.0	0.0	0.0	0.0	0.0	0.0	146.0	0.0	0.045593145	-0.09814428	1.01391342	1.9075	-2.38056	0.51884	3211238.0	1776544812.377513	0.0	1.0	-1.0	-1.0	-1.0	-1.0	-1.0	-1.0	-1.0	-1.0	0.0	marker	opened-hand	Open	15	0418
-66753.72	-53605.799999999996	-102967.56	-17811.405	0.0	0.0	0.0	0.0	0.0	0.0	0.0	0.0	0.0	0.0	0.0	0.0	0.0	0.0	146.0	0.0	0.045593145	-0.09814428	1.01391342	1.9075	-2.38056	0.51884	3211239.0	1776544812.377539	0.0	1.0	-1.0	-1.0	-1.0	-1.0	-1.0	-1.0	-1.0	-1.0	0.0	marker	opened-hand	Open	15	0418
-66772.98	-53598.78	-102987.855	-17856.495	0.0	0.0	0.0	0.0	0.0	0.0	0.0	0.0	0.0	0.0	0.0	0.0	0.0	0.0	146.0	0.0	0.045593145	-0.09814428	1.01391342	1.9075	-2.38056	0.51884	3211240.0	1776544812.377556	0.0	1.0	-1.0	-1.0	-1.0	-1.0	-1.0	-1.0	-1.0	-1.0	0.0	marker	opened-hand	Open	15	0418
-66749.4	-53605.935	-102991.14	-17911.53	0.0	0.0	0.0	0.0	0.0	0.0	0.0	0.0	0.0	0.0	0.0	0.0	0.0	0.0	146.0	0.0	0.045593145	-0.09814428	1.01391342	1.9075	-2.38056	0.51884	3211241.0	1776544812.381765	0.0	1.0	-1.0	-1.0	-1.0	-1.0	-1.0	-1.0	-1.0	-1.0	0.0	marker	opened-hand	Open	15	0418
-66768.075	-53618.4	-103017.15	-17941.95	0.0	0.0	0.0	0.0	0.0	0.0	0.0	0.0	0.0	0.0	0.0	0.0	0.0	0.0	146.0	0.0	0.045593145	-0.09814428	1.01391342	1.9075	-2.38056	0.51884	3211242.0	1776544812.381787	0.0	1.0	-1.0	-1.0	-1.0	-1.0	-1.0	-1.0	-1.0	-1.0	0.0	marker	opened-hand	Open	15	0418
-66777.705	-53624.07	-103030.83	-17926.38	0.0	0.0	0.0	0.0	0.0	0.0	0.0	0.0	0.0	0.0	0.0	0.0	0.0	0.0	146.0	0.0	0.045593145	-0.09814428	1.01391342	1.9075	-2.38056	0.51884	3211243.0	1776544812.385849	0.0	1.0	-1.0	-1.0	-1.0	-1.0	-1.0	-1.0	-1.0	-1.0	0.0	marker	opened-hand	Open	15	0418
-66781.26	-53620.965	-102994.69499999999	-17864.954999999998	0.0	0.0	0.0	0.0	0.0	0.0	0.0	0.0	0.0	0.0	0.0	0.0	0.0	0.0	146.0	0.0	0.045593145	-0.09814428	1.01391342	1.9075	-2.38056	0.51884	3211244.0	1776544812.385872	0.0	1.0	-1.0	-1.0	-1.0	-1.0	-1.0	-1.0	-1.0	-1.0	0.0	marker	opened-hand	Open	15	0418
-66761.64	-53623.619999999995	-102976.605	-17841.059999999998	0.0	0.0	0.0	0.0	0.0	0.0	0.0	0.0	0.0	0.0	0.0	0.0	0.0	0.0	146.0	0.0	0.045593145	-0.09814428	1.01391342	1.9075	-2.38056	0.51884	3211245.0	1776544812.389758	0.0	1.0	-1.0	-1.0	-1.0	-1.0	-1.0	-1.0	-1.0	-1.0	0.0	marker	opened-hand	Open	15	0418
-66949.65	-53633.7	-103225.36499999999	-18097.425	0.0	0.0	0.0	0.0	0.0	0.0	0.0	0.0	0.0	0.0	0.0	0.0	0.0	0.0	146.0	0.0	0.045593145	-0.09814428	1.01391342	1.9075	-2.38056	0.51884	3211246.0	1776544812.389781	0.0	1.0	-1.0	-1.0	-1.0	-1.0	-1.0	-1.0	-1.0	-1.0	0.0	marker	opened-hand	Open	15	0418
-66975.39	-53616.104999999996	-103224.87	-18148.545	0.0	0.0	0.0	0.0	0.0	0.0	0.0	0.0	0.0	0.0	0.0	0.0	0.0	0.0	146.0	0.0	0.053771835000000004	-0.098937735	0.999448125	2.24322	-0.7019599999999999	1.89224	3211247.0	1776544812.393836	0.0	1.0	-1.0	-1.0	-1.0	-1.0	-1.0	-1.0	-1.0	-1.0	0.0	marker	opened-hand	Open	15	0418
-66812.04	-53582.13	-103041.0	-17992.215	0.0	0.0	0.0	0.0	0.0	0.0	0.0	0.0	0.0	0.0	0.0	0.0	0.0	0.0	146.0	0.0	0.053771835000000004	-0.098937735	0.999448125	2.24322	-0.7019599999999999	1.89224	3211248.0	1776544812.393853	0.0	1.0	-1.0	-1.0	-1.0	-1.0	-1.0	-1.0	-1.0	-1.0	0.0	marker	opened-hand	Open	15	0418
-66745.665	-53566.335	-103006.305	-17915.895	0.0	0.0	0.0	0.0	0.0	0.0	0.0	0.0	0.0	0.0	0.0	0.0	0.0	0.0	146.0	0.0	0.053771835000000004	-0.098937735	0.999448125	2.24322	-0.7019599999999999	1.89224	3211249.0	1776544812.397791	0.0	1.0	-1.0	-1.0	-1.0	-1.0	-1.0	-1.0	-1.0	-1.0	0.0	marker	opened-hand	Open	15	0418
-66683.295	-53549.28	-102882.105	-17748.54	0.0	0.0	0.0	0.0	0.0	0.0	0.0	0.0	0.0	0.0	0.0	0.0	0.0	0.0	146.0	0.0	0.053771835000000004	-0.098937735	0.999448125	2.24322	-0.7019599999999999	1.89224	3211250.0	1776544812.397807	0.0	1.0	-1.0	-1.0	-1.0	-1.0	-1.0	-1.0	-1.0	-1.0	0.0	marker	opened-hand	Open	15	0418
-66660.20999999999	-53541.494999999995	-102761.955	-17636.579999999998	0.0	0.0	0.0	0.0	0.0	0.0	0.0	0.0	0.0	0.0	0.0	0.0	0.0	0.0	146.0	0.0	0.053771835000000004	-0.098937735	0.999448125	2.24322	-0.7019599999999999	1.89224	3211251.0	1776544812.40164	0.0	1.0	-1.0	-1.0	-1.0	-1.0	-1.0	-1.0	-1.0	-1.0	0.0	marker	opened-hand	Open	15	0418
-66814.155	-53551.53	-102980.385	-17869.094999999998	0.0	0.0	0.0	0.0	0.0	0.0	0.0	0.0	0.0	0.0	0.0	0.0	0.0	0.0	146.0	0.0	0.053771835000000004	-0.098937735	0.999448125	2.24322	-0.7019599999999999	1.89224	3211252.0	1776544812.401661	0.0	1.0	-1.0	-1.0	-1.0	-1.0	-1.0	-1.0	-1.0	-1.0	0.0	marker	opened-hand	Open	15	0418
-66854.25	-53552.88	-103071.19499999999	-17974.844999999998	0.0	0.0	0.0	0.0	0.0	0.0	0.0	0.0	0.0	0.0	0.0	0.0	0.0	0.0	146.0	0.0	0.053771835000000004	-0.098937735	0.999448125	2.24322	-0.7019599999999999	1.89224	3211253.0	1776544812.407731	0.0	1.0	-1.0	-1.0	-1.0	-1.0	-1.0	-1.0	-1.0	-1.0	0.0	marker	opened-hand	Open	15	0418
-66968.28	-53554.545	-103134.95999999999	-18037.26	0.0	0.0	0.0	0.0	0.0	0.0	0.0	0.0	0.0	0.0	0.0	0.0	0.0	0.0	146.0	0.0	0.053771835000000004	-0.098937735	0.999448125	2.24322	-0.7019599999999999	1.89224	3211254.0	1776544812.407755	0.0	1.0	-1.0	-1.0	-1.0	-1.0	-1.0	-1.0	-1.0	-1.0	0.0	marker	opened-hand	Open	15	0418
-66942.18	-53558.954999999994	-103101.56999999999	-17980.649999999998	0.0	0.0	0.0	0.0	0.0	0.0	0.0	0.0	0.0	0.0	0.0	0.0	0.0	0.0	146.0	0.0	0.053771835000000004	-0.098937735	0.999448125	2.24322	-0.7019599999999999	1.89224	3211255.0	1776544812.409907	0.0	1.0	-1.0	-1.0	-1.0	-1.0	-1.0	-1.0	-1.0	-1.0	0.0	marker	opened-hand	Open	15	0418
-66827.16	-53560.125	-103014.855	-17861.265	0.0	0.0	0.0	0.0	0.0	0.0	0.0	0.0	0.0	0.0	0.0	0.0	0.0	0.0	146.0	0.0	0.053771835000000004	-0.098937735	0.999448125	2.24322	-0.7019599999999999	1.89224	3211256.0	1776544812.409923	0.0	1.0	-1.0	-1.0	-1.0	-1.0	-1.0	-1.0	-1.0	-1.0	0.0	marker	opened-hand	Open	15	0418
-66825.09	-53571.06	-103076.415	-17927.01	0.0	0.0	0.0	0.0	0.0	0.0	0.0	0.0	0.0	0.0	0.0	0.0	0.0	0.0	146.0	0.0	0.055114605000000004	-0.114074415	0.9976781100000001	2.86888	0.32045999999999997	-0.09156	3211257.0	1776544812.414066	0.0	1.0	-1.0	-1.0	-1.0	-1.0	-1.0	-1.0	-1.0	-1.0	0.0	marker	opened-hand	Open	15	0418
-66730.905	-53568.18	-103002.61499999999	-17871.03	0.0	0.0	0.0	0.0	0.0	0.0	0.0	0.0	0.0	0.0	0.0	0.0	0.0	0.0	146.0	0.0	0.055114605000000004	-0.114074415	0.9976781100000001	2.86888	0.32045999999999997	-0.09156	3211258.0	1776544812.414093	0.0	1.0	-1.0	-1.0	-1.0	-1.0	-1.0	-1.0	-1.0	-1.0	0.0	marker	opened-hand	Open	15	0418
-66733.155	-53571.555	-102974.04	-17880.704999999998	0.0	0.0	0.0	0.0	0.0	0.0	0.0	0.0	0.0	0.0	0.0	0.0	0.0	0.0	146.0	0.0	0.055114605000000004	-0.114074415	0.9976781100000001	2.86888	0.32045999999999997	-0.09156	3211259.0	1776544812.417926	0.0	1.0	-1.0	-1.0	-1.0	-1.0	-1.0	-1.0	-1.0	-1.0	0.0	marker	opened-hand	Open	15	0418
-66743.28	-53563.994999999995	-102940.92	-17844.795	0.0	0.0	0.0	0.0	0.0	0.0	0.0	0.0	0.0	0.0	0.0	0.0	0.0	0.0	146.0	0.0	0.055114605000000004	-0.114074415	0.9976781100000001	2.86888	0.32045999999999997	-0.09156	3211260.0	1776544812.417949	0.0	1.0	-1.0	-1.0	-1.0	-1.0	-1.0	-1.0	-1.0	-1.0	0.0	marker	opened-hand	Open	15	0418
-66720.465	-53543.88	-102890.15999999999	-17775.36	0.0	0.0	0.0	0.0	0.0	0.0	0.0	0.0	0.0	0.0	0.0	0.0	0.0	0.0	146.0	0.0	0.055114605000000004	-0.114074415	0.9976781100000001	2.86888	0.32045999999999997	-0.09156	3211261.0	1776544812.421961	0.0	1.0	-1.0	-1.0	-1.0	-1.0	-1.0	-1.0	-1.0	-1.0	0.0	marker	opened-hand	Open	15	0418
-66688.425	-53535.06	-102956.265	-17854.695	0.0	0.0	0.0	0.0	0.0	0.0	0.0	0.0	0.0	0.0	0.0	0.0	0.0	0.0	146.0	0.0	0.055114605000000004	-0.114074415	0.9976781100000001	2.86888	0.32045999999999997	-0.09156	3211262.0	1776544812.421988	0.0	1.0	-1.0	-1.0	-1.0	-1.0	-1.0	-1.0	-1.0	-1.0	0.0	marker	opened-hand	Open	15	0418
-66899.83499999999	-53544.42	-103189.14	-18063.989999999998	0.0	0.0	0.0	0.0	0.0	0.0	0.0	0.0	0.0	0.0	0.0	0.0	0.0	0.0	146.0	0.0	0.055114605000000004	-0.114074415	0.9976781100000001	2.86888	0.32045999999999997	-0.09156	3211263.0	1776544812.427454	0.0	1.0	-1.0	-1.0	-1.0	-1.0	-1.0	-1.0	-1.0	-1.0	0.0	marker	opened-hand	Open	15	0418
-66914.86499999999	-53547.165	-103205.745	-18112.905	0.0	0.0	0.0	0.0	0.0	0.0	0.0	0.0	0.0	0.0	0.0	0.0	0.0	0.0	146.0	0.0	0.055114605000000004	-0.114074415	0.9976781100000001	2.86888	0.32045999999999997	-0.09156	3211264.0	1776544812.427471	0.0	1.0	-1.0	-1.0	-1.0	-1.0	-1.0	-1.0	-1.0	-1.0	0.0	marker	opened-hand	Open	15	0418
-66758.13	-53532.72	-102976.37999999999	-17869.68	0.0	0.0	0.0	0.0	0.0	0.0	0.0	0.0	0.0	0.0	0.0	0.0	0.0	0.0	146.0	0.0	0.055114605000000004	-0.114074415	0.9976781100000001	2.86888	0.32045999999999997	-0.09156	3211265.0	1776544812.429896	0.0	1.0	-1.0	-1.0	-1.0	-1.0	-1.0	-1.0	-1.0	-1.0	0.0	marker	opened-hand	Open	15	0418
-66723.885	-53530.02	-102998.61	-17847.855	0.0	0.0	0.0	0.0	0.0	0.0	0.0	0.0	0.0	0.0	0.0	0.0	0.0	0.0	146.0	0.0	0.055114605000000004	-0.114074415	0.9976781100000001	2.86888	0.32045999999999997	-0.09156	3211266.0	1776544812.429911	0.0	1.0	-1.0	-1.0	-1.0	-1.0	-1.0	-1.0	-1.0	-1.0	0.0	marker	opened-hand	Open	15	0418
-66854.565	-53538.299999999996	-103094.37	-17951.805	0.0	0.0	0.0	0.0	0.0	0.0	0.0	0.0	0.0	0.0	0.0	0.0	0.0	0.0	146.0	0.0	0.04626453	-0.116027535	1.00243884	2.4263399999999997	0.6409199999999999	-0.62566	3211267.0	1776544812.433975	0.0	1.0	-1.0	-1.0	-1.0	-1.0	-1.0	-1.0	-1.0	-1.0	0.0	marker	opened-hand	Open	15	0418
-66914.81999999999	-53543.97	-103054.905	-17936.64	0.0	0.0	0.0	0.0	0.0	0.0	0.0	0.0	0.0	0.0	0.0	0.0	0.0	0.0	146.0	0.0	0.04626453	-0.116027535	1.00243884	2.4263399999999997	0.6409199999999999	-0.62566	3211268.0	1776544812.433995	0.0	1.0	-1.0	-1.0	-1.0	-1.0	-1.0	-1.0	-1.0	-1.0	0.0	marker	opened-hand	Open	15	0418
-66872.79	-53539.515	-103037.355	-17930.655	0.0	0.0	0.0	0.0	0.0	0.0	0.0	0.0	0.0	0.0	0.0	0.0	0.0	0.0	146.0	0.0	0.04626453	-0.116027535	1.00243884	2.4263399999999997	0.6409199999999999	-0.62566	3211269.0	1776544812.438684	0.0	1.0	-1.0	-1.0	-1.0	-1.0	-1.0	-1.0	-1.0	-1.0	0.0	marker	opened-hand	Open	15	0418
-66776.175	-53532.36	-103030.155	-17936.415	0.0	0.0	0.0	0.0	0.0	0.0	0.0	0.0	0.0	0.0	0.0	0.0	0.0	0.0	146.0	0.0	0.04626453	-0.116027535	1.00243884	2.4263399999999997	0.6409199999999999	-0.62566	3211270.0	1776544812.438711	0.0	1.0	-1.0	-1.0	-1.0	-1.0	-1.0	-1.0	-1.0	-1.0	0.0	marker	opened-hand	Open	15	0418
-66801.285	-53538.39	-103049.325	-17944.92	0.0	0.0	0.0	0.0	0.0	0.0	0.0	0.0	0.0	0.0	0.0	0.0	0.0	0.0	146.0	0.0	0.04626453	-0.116027535	1.00243884	2.4263399999999997	0.6409199999999999	-0.62566	3211271.0	1776544812.442029	0.0	1.0	-1.0	-1.0	-1.0	-1.0	-1.0	-1.0	-1.0	-1.0	0.0	marker	opened-hand	Open	15	0418
-66764.925	-53540.46	-103064.67	-17954.954999999998	0.0	0.0	0.0	0.0	0.0	0.0	0.0	0.0	0.0	0.0	0.0	0.0	0.0	0.0	146.0	0.0	0.04626453	-0.116027535	1.00243884	2.4263399999999997	0.6409199999999999	-0.62566	3211272.0	1776544812.442047	0.0	1.0	-1.0	-1.0	-1.0	-1.0	-1.0	-1.0	-1.0	-1.0	0.0	marker	opened-hand	Open	15	0418
-66786.03	-53535.915	-103016.06999999999	-17903.204999999998	0.0	0.0	0.0	0.0	0.0	0.0	0.0	0.0	0.0	0.0	0.0	0.0	0.0	0.0	146.0	0.0	0.04626453	-0.116027535	1.00243884	2.4263399999999997	0.6409199999999999	-0.62566	3211273.0	1776544812.448431	0.0	1.0	-1.0	-1.0	-1.0	-1.0	-1.0	-1.0	-1.0	-1.0	0.0	marker	opened-hand	Open	15	0418
-66841.83	-53545.77	-103021.515	-17905.05	0.0	0.0	0.0	0.0	0.0	0.0	0.0	0.0	0.0	0.0	0.0	0.0	0.0	0.0	146.0	0.0	0.04626453	-0.116027535	1.00243884	2.4263399999999997	0.6409199999999999	-0.62566	3211274.0	1776544812.448457	0.0	1.0	-1.0	-1.0	-1.0	-1.0	-1.0	-1.0	-1.0	-1.0	0.0	marker	opened-hand	Open	15	0418
-66831.66	-53562.915	-103043.83499999999	-17951.445	0.0	0.0	0.0	0.0	0.0	0.0	0.0	0.0	0.0	0.0	0.0	0.0	0.0	0.0	146.0	0.0	0.04626453	-0.116027535	1.00243884	2.4263399999999997	0.6409199999999999	-0.62566	3211275.0	1776544812.449997	0.0	1.0	-1.0	-1.0	-1.0	-1.0	-1.0	-1.0	-1.0	-1.0	0.0	marker	opened-hand	Open	15	0418
-66810.78	-53568.27	-103008.105	-17912.79	0.0	0.0	0.0	0.0	0.0	0.0	0.0	0.0	0.0	0.0	0.0	0.0	0.0	0.0	146.0	0.0	0.04626453	-0.116027535	1.00243884	2.4263399999999997	0.6409199999999999	-0.62566	3211276.0	1776544812.450018	0.0	1.0	-1.0	-1.0	-1.0	-1.0	-1.0	-1.0	-1.0	-1.0	0.0	marker	opened-hand	Open	15	0418
-66864.15	-53575.875	-103062.78	-17958.059999999998	0.0	0.0	0.0	0.0	0.0	0.0	0.0	0.0	0.0	0.0	0.0	0.0	0.0	0.0	146.0	0.0	0.04077138	-0.10607883	1.01025132	2.62472	-0.12208	0.35097999999999996	3211277.0	1776544812.454047	0.0	1.0	-1.0	-1.0	-1.0	-1.0	-1.0	-1.0	-1.0	-1.0	0.0	marker	opened-hand	Open	15	0418
-66860.19	-53581.14	-103121.595	-18007.649999999998	0.0	0.0	0.0	0.0	0.0	0.0	0.0	0.0	0.0	0.0	0.0	0.0	0.0	0.0	146.0	0.0	0.04077138	-0.10607883	1.01025132	2.62472	-0.12208	0.35097999999999996	3211278.0	1776544812.454072	0.0	1.0	-1.0	-1.0	-1.0	-1.0	-1.0	-1.0	-1.0	-1.0	0.0	marker	opened-hand	Open	15	0418
-66829.36499999999	-53569.71	-103030.37999999999	-17927.774999999998	0.0	0.0	0.0	0.0	0.0	0.0	0.0	0.0	0.0	0.0	0.0	0.0	0.0	0.0	146.0	0.0	0.04077138	-0.10607883	1.01025132	2.62472	-0.12208	0.35097999999999996	3211279.0	1776544812.457997	0.0	1.0	-1.0	-1.0	-1.0	-1.0	-1.0	-1.0	-1.0	-1.0	0.0	marker	opened-hand	Open	15	0418
-66911.535	-53560.305	-102994.065	-17894.07	0.0	0.0	0.0	0.0	0.0	0.0	0.0	0.0	0.0	0.0	0.0	0.0	0.0	0.0	146.0	0.0	0.04077138	-0.10607883	1.01025132	2.62472	-0.12208	0.35097999999999996	3211280.0	1776544812.458015	0.0	1.0	-1.0	-1.0	-1.0	-1.0	-1.0	-1.0	-1.0	-1.0	0.0	marker	opened-hand	Open	15	0418
-66852.675	-53569.665	-103068.09	-17961.344999999998	0.0	0.0	0.0	0.0	0.0	0.0	0.0	0.0	0.0	0.0	0.0	0.0	0.0	0.0	146.0	0.0	0.04077138	-0.10607883	1.01025132	2.62472	-0.12208	0.35097999999999996	3211281.0	1776544812.462079	0.0	1.0	-1.0	-1.0	-1.0	-1.0	-1.0	-1.0	-1.0	-1.0	0.0	marker	opened-hand	Open	15	0418
-66819.375	-53582.715	-103067.50499999999	-17948.475	0.0	0.0	0.0	0.0	0.0	0.0	0.0	0.0	0.0	0.0	0.0	0.0	0.0	0.0	146.0	0.0	0.04077138	-0.10607883	1.01025132	2.62472	-0.12208	0.35097999999999996	3211282.0	1776544812.462098	0.0	1.0	-1.0	-1.0	-1.0	-1.0	-1.0	-1.0	-1.0	-1.0	0.0	marker	opened-hand	Open	15	0418
-66826.26	-53586.405	-103037.31	-17907.84	0.0	0.0	0.0	0.0	0.0	0.0	0.0	0.0	0.0	0.0	0.0	0.0	0.0	0.0	146.0	0.0	0.04077138	-0.10607883	1.01025132	2.62472	-0.12208	0.35097999999999996	3211283.0	1776544812.467981	0.0	1.0	-1.0	-1.0	-1.0	-1.0	-1.0	-1.0	-1.0	-1.0	0.0	marker	opened-hand	Open	15	0418
-66618.72	-53582.445	-102824.86499999999	-17728.695	0.0	0.0	0.0	0.0	0.0	0.0	0.0	0.0	0.0	0.0	0.0	0.0	0.0	0.0	146.0	0.0	0.04077138	-0.10607883	1.01025132	2.62472	-0.12208	0.35097999999999996	3211284.0	1776544812.468007	0.0	1.0	-1.0	-1.0	-1.0	-1.0	-1.0	-1.0	-1.0	-1.0	0.0	marker	opened-hand	Open	15	0418
-66491.28	-53584.02	-102696.705	-17583.93	0.0	0.0	0.0	0.0	0.0	0.0	0.0	0.0	0.0	0.0	0.0	0.0	0.0	0.0	146.0	0.0	0.04077138	-0.10607883	1.01025132	2.62472	-0.12208	0.35097999999999996	3211285.0	1776544812.470797	0.0	1.0	-1.0	-1.0	-1.0	-1.0	-1.0	-1.0	-1.0	-1.0	0.0	marker	opened-hand	Open	15	0418
-66669.39	-53605.034999999996	-102923.64	-17819.055	0.0	0.0	0.0	0.0	0.0	0.0	0.0	0.0	0.0	0.0	0.0	0.0	0.0	0.0	146.0	0.0	0.04077138	-0.10607883	1.01025132	2.62472	-0.12208	0.35097999999999996	3211286.0	1776544812.470826	0.0	1.0	-1.0	-1.0	-1.0	-1.0	-1.0	-1.0	-1.0	-1.0	0.0	marker	opened-hand	Open	15	0418
-66860.505	-53622.854999999996	-103112.14499999999	-18031.95	0.0	0.0	0.0	0.0	0.0	0.0	0.0	0.0	0.0	0.0	0.0	0.0	0.0	0.0	146.0	0.0	0.044494515	-0.100524645	1.0173313800000001	1.19028	-0.9613799999999999	0.9919	3211287.0	1776544812.474113	0.0	1.0	-1.0	-1.0	-1.0	-1.0	-1.0	-1.0	-1.0	-1.0	0.0	marker	opened-hand	Open	15	0418
-66904.2	-53625.104999999996	-103103.86499999999	-17974.35	0.0	0.0	0.0	0.0	0.0	0.0	0.0	0.0	0.0	0.0	0.0	0.0	0.0	0.0	146.0	0.0	0.044494515	-0.100524645	1.0173313800000001	1.19028	-0.9613799999999999	0.9919	3211288.0	1776544812.474132	0.0	1.0	-1.0	-1.0	-1.0	-1.0	-1.0	-1.0	-1.0	-1.0	0.0	marker	opened-hand	Open	15	0418
-66916.44	-53636.31	-103134.105	-18008.28	0.0	0.0	0.0	0.0	0.0	0.0	0.0	0.0	0.0	0.0	0.0	0.0	0.0	0.0	146.0	0.0	0.044494515	-0.100524645	1.0173313800000001	1.19028	-0.9613799999999999	0.9919	3211289.0	1776544812.480097	0.0	1.0	-1.0	-1.0	-1.0	-1.0	-1.0	-1.0	-1.0	-1.0	0.0	marker	opened-hand	Open	15	0418
-66858.705	-53649.765	-103092.48	-18005.805	0.0	0.0	0.0	0.0	0.0	0.0	0.0	0.0	0.0	0.0	0.0	0.0	0.0	0.0	146.0	0.0	0.044494515	-0.100524645	1.0173313800000001	1.19028	-0.9613799999999999	0.9919	3211290.0	1776544812.480114	0.0	1.0	-1.0	-1.0	-1.0	-1.0	-1.0	-1.0	-1.0	-1.0	0.0	marker	opened-hand	Open	15	0418
-66780.81	-53667.314999999995	-103029.705	-17929.665	0.0	0.0	0.0	0.0	0.0	0.0	0.0	0.0	0.0	0.0	0.0	0.0	0.0	0.0	146.0	0.0	0.044494515	-0.100524645	1.0173313800000001	1.19028	-0.9613799999999999	0.9919	3211291.0	1776544812.48204	0.0	1.0	-1.0	-1.0	-1.0	-1.0	-1.0	-1.0	-1.0	-1.0	0.0	marker	opened-hand	Open	15	0418
-66786.705	-53680.905	-103031.73	-17891.28	0.0	0.0	0.0	0.0	0.0	0.0	0.0	0.0	0.0	0.0	0.0	0.0	0.0	0.0	146.0	0.0	0.044494515	-0.100524645	1.0173313800000001	1.19028	-0.9613799999999999	0.9919	3211292.0	1776544812.48206	0.0	1.0	-1.0	-1.0	-1.0	-1.0	-1.0	-1.0	-1.0	-1.0	0.0	marker	opened-hand	Open	15	0418
-66784.31999999999	-53686.755	-103043.205	-17918.505	0.0	0.0	0.0	0.0	0.0	0.0	0.0	0.0	0.0	0.0	0.0	0.0	0.0	0.0	146.0	0.0	0.044494515	-0.100524645	1.0173313800000001	1.19028	-0.9613799999999999	0.9919	3211293.0	1776544812.4888	0.0	1.0	-1.0	-1.0	-1.0	-1.0	-1.0	-1.0	-1.0	-1.0	0.0	marker	opened-hand	Open	15	0418
-66766.995	-53679.825	-102995.19	-17864.684999999998	0.0	0.0	0.0	0.0	0.0	0.0	0.0	0.0	0.0	0.0	0.0	0.0	0.0	0.0	146.0	0.0	0.044494515	-0.100524645	1.0173313800000001	1.19028	-0.9613799999999999	0.9919	3211294.0	1776544812.488824	0.0	1.0	-1.0	-1.0	-1.0	-1.0	-1.0	-1.0	-1.0	-1.0	0.0	marker	opened-hand	Open	15	0418
-66731.04	-53667.854999999996	-102958.965	-17839.89	0.0	0.0	0.0	0.0	0.0	0.0	0.0	0.0	0.0	0.0	0.0	0.0	0.0	0.0	146.0	0.0	0.044494515	-0.100524645	1.0173313800000001	1.19028	-0.9613799999999999	0.9919	3211295.0	1776544812.49005	0.0	1.0	-1.0	-1.0	-1.0	-1.0	-1.0	-1.0	-1.0	-1.0	0.0	marker	opened-hand	Open	15	0418
-66773.025	-53672.13	-103031.81999999999	-17929.35	0.0	0.0	0.0	0.0	0.0	0.0	0.0	0.0	0.0	0.0	0.0	0.0	0.0	0.0	146.0	0.0	0.044494515	-0.100524645	1.0173313800000001	1.19028	-0.9613799999999999	0.9919	3211296.0	1776544812.490068	0.0	1.0	-1.0	-1.0	-1.0	-1.0	-1.0	-1.0	-1.0	-1.0	0.0	marker	opened-hand	Open	15	0418
-66747.33	-53678.43	-103015.08	-17932.68	0.0	0.0	0.0	0.0	0.0	0.0	0.0	0.0	0.0	0.0	0.0	0.0	0.0	0.0	146.0	0.0	0.046325565	-0.103454325	1.025388	2.7010199999999998	-2.1669199999999997	0.9156	3211297.0	1776544812.494178	0.0	1.0	-1.0	-1.0	-1.0	-1.0	-1.0	-1.0	-1.0	-1.0	0.0	marker	opened-hand	Open	15	0418
-66723.165	-53670.104999999996	-102964.31999999999	-17861.445	0.0	0.0	0.0	0.0	0.0	0.0	0.0	0.0	0.0	0.0	0.0	0.0	0.0	0.0	146.0	0.0	0.046325565	-0.103454325	1.025388	2.7010199999999998	-2.1669199999999997	0.9156	3211298.0	1776544812.494196	0.0	1.0	-1.0	-1.0	-1.0	-1.0	-1.0	-1.0	-1.0	-1.0	0.0	marker	opened-hand	Open	15	0418
-66803.22	-53675.415	-102972.375	-17858.34	0.0	0.0	0.0	0.0	0.0	0.0	0.0	0.0	0.0	0.0	0.0	0.0	0.0	0.0	146.0	0.0	0.046325565	-0.103454325	1.025388	2.7010199999999998	-2.1669199999999997	0.9156	3211299.0	1776544812.498113	0.0	1.0	-1.0	-1.0	-1.0	-1.0	-1.0	-1.0	-1.0	-1.0	0.0	marker	opened-hand	Open	15	0418
-66806.595	-53675.415	-102953.655	-17846.28	0.0	0.0	0.0	0.0	0.0	0.0	0.0	0.0	0.0	0.0	0.0	0.0	0.0	0.0	146.0	0.0	0.046325565	-0.103454325	1.025388	2.7010199999999998	-2.1669199999999997	0.9156	3211300.0	1776544812.498135	0.0	1.0	-1.0	-1.0	-1.0	-1.0	-1.0	-1.0	-1.0	-1.0	0.0	marker	opened-hand	Open	15	0418
-66881.11499999999	-53679.15	-103102.605	-17990.954999999998	0.0	0.0	0.0	0.0	0.0	0.0	0.0	0.0	0.0	0.0	0.0	0.0	0.0	0.0	146.0	0.0	0.046325565	-0.103454325	1.025388	2.7010199999999998	-2.1669199999999997	0.9156	3211301.0	1776544812.505634	0.0	1.0	-1.0	-1.0	-1.0	-1.0	-1.0	-1.0	-1.0	-1.0	0.0	marker	opened-hand	Open	15	0418
-66885.48	-53676.81	-103174.01999999999	-18048.329999999998	0.0	0.0	0.0	0.0	0.0	0.0	0.0	0.0	0.0	0.0	0.0	0.0	0.0	0.0	146.0	0.0	0.046325565	-0.103454325	1.025388	2.7010199999999998	-2.1669199999999997	0.9156	3211302.0	1776544812.505666	0.0	1.0	-1.0	-1.0	-1.0	-1.0	-1.0	-1.0	-1.0	-1.0	0.0	marker	opened-hand	Open	15	0418
-66804.075	-53676.09	-103087.485	-17964.405	0.0	0.0	0.0	0.0	0.0	0.0	0.0	0.0	0.0	0.0	0.0	0.0	0.0	0.0	146.0	0.0	0.046325565	-0.103454325	1.025388	2.7010199999999998	-2.1669199999999997	0.9156	3211303.0	1776544812.506236	0.0	1.0	-1.0	-1.0	-1.0	-1.0	-1.0	-1.0	-1.0	-1.0	0.0	marker	opened-hand	Open	15	0418
-66734.91	-53675.775	-103028.805	-17913.105	0.0	0.0	0.0	0.0	0.0	0.0	0.0	0.0	0.0	0.0	0.0	0.0	0.0	0.0	146.0	0.0	0.046325565	-0.103454325	1.025388	2.7010199999999998	-2.1669199999999997	0.9156	3211304.0	1776544812.506256	0.0	1.0	-1.0	-1.0	-1.0	-1.0	-1.0	-1.0	-1.0	-1.0	0.0	marker	opened-hand	Open	15	0418
-66894.165	-53670.645	-103129.83	-17997.39	0.0	0.0	0.0	0.0	0.0	0.0	0.0	0.0	0.0	0.0	0.0	0.0	0.0	0.0	146.0	0.0	0.046325565	-0.103454325	1.025388	2.7010199999999998	-2.1669199999999997	0.9156	3211305.0	1776544812.510277	0.0	1.0	-1.0	-1.0	-1.0	-1.0	-1.0	-1.0	-1.0	-1.0	0.0	marker	opened-hand	Open	15	0418
-66860.145	-53657.505	-102991.95	-17880.075	0.0	0.0	0.0	0.0	0.0	0.0	0.0	0.0	0.0	0.0	0.0	0.0	0.0	0.0	146.0	0.0	0.046325565	-0.103454325	1.025388	2.7010199999999998	-2.1669199999999997	0.9156	3211306.0	1776544812.510294	0.0	1.0	-1.0	-1.0	-1.0	-1.0	-1.0	-1.0	-1.0	-1.0	0.0	marker	opened-hand	Open	15	0418
-66744.405	-53643.104999999996	-102904.245	-17788.364999999998	0.0	0.0	0.0	0.0	0.0	0.0	0.0	0.0	0.0	0.0	0.0	0.0	0.0	0.0	146.0	0.0	0.050720085	-0.108215055	1.019101395	4.24228	-1.8159399999999999	0.42728	3211307.0	1776544812.516707	0.0	1.0	-1.0	-1.0	-1.0	-1.0	-1.0	-1.0	-1.0	-1.0	0.0	marker	opened-hand	Open	15	0418
-66833.595	-53659.89	-103039.65	-17913.105	0.0	0.0	0.0	0.0	0.0	0.0	0.0	0.0	0.0	0.0	0.0	0.0	0.0	0.0	146.0	0.0	0.050720085	-0.108215055	1.019101395	4.24228	-1.8159399999999999	0.42728	3211308.0	1776544812.516734	0.0	1.0	-1.0	-1.0	-1.0	-1.0	-1.0	-1.0	-1.0	-1.0	0.0	marker	opened-hand	Open	15	0418
-66869.73	-53669.475	-103105.08	-17970.165	0.0	0.0	0.0	0.0	0.0	0.0	0.0	0.0	0.0	0.0	0.0	0.0	0.0	0.0	146.0	0.0	0.050720085	-0.108215055	1.019101395	4.24228	-1.8159399999999999	0.42728	3211309.0	1776544812.518282	0.0	1.0	-1.0	-1.0	-1.0	-1.0	-1.0	-1.0	-1.0	-1.0	0.0	marker	opened-hand	Open	15	0418
-66820.995	-53666.549999999996	-103000.31999999999	-17891.505	0.0	0.0	0.0	0.0	0.0	0.0	0.0	0.0	0.0	0.0	0.0	0.0	0.0	0.0	146.0	0.0	0.050720085	-0.108215055	1.019101395	4.24228	-1.8159399999999999	0.42728	3211310.0	1776544812.518303	0.0	1.0	-1.0	-1.0	-1.0	-1.0	-1.0	-1.0	-1.0	-1.0	0.0	marker	opened-hand	Open	15	0418
-66745.305	-53664.975	-102909.19499999999	-17796.735	0.0	0.0	0.0	0.0	0.0	0.0	0.0	0.0	0.0	0.0	0.0	0.0	0.0	0.0	146.0	0.0	0.050720085	-0.108215055	1.019101395	4.24228	-1.8159399999999999	0.42728	3211311.0	1776544812.522277	0.0	1.0	-1.0	-1.0	-1.0	-1.0	-1.0	-1.0	-1.0	-1.0	0.0	marker	opened-hand	Open	15	0418
-66713.625	-53683.02	-102957.56999999999	-17834.445	0.0	0.0	0.0	0.0	0.0	0.0	0.0	0.0	0.0	0.0	0.0	0.0	0.0	0.0	146.0	0.0	0.050720085	-0.108215055	1.019101395	4.24228	-1.8159399999999999	0.42728	3211312.0	1776544812.522295	0.0	1.0	-1.0	-1.0	-1.0	-1.0	-1.0	-1.0	-1.0	-1.0	0.0	marker	opened-hand	Open	15	0418
-66860.595	-53698.229999999996	-103058.28	-17985.105	0.0	0.0	0.0	0.0	0.0	0.0	0.0	0.0	0.0	0.0	0.0	0.0	0.0	0.0	146.0	0.0	0.050720085	-0.108215055	1.019101395	4.24228	-1.8159399999999999	0.42728	3211313.0	1776544812.529703	0.0	1.0	-1.0	-1.0	-1.0	-1.0	-1.0	-1.0	-1.0	-1.0	0.0	marker	opened-hand	Open	15	0418
-66931.33499999999	-53707.049999999996	-103066.01999999999	-17983.035	0.0	0.0	0.0	0.0	0.0	0.0	0.0	0.0	0.0	0.0	0.0	0.0	0.0	0.0	146.0	0.0	0.050720085	-0.108215055	1.019101395	4.24228	-1.8159399999999999	0.42728	3211314.0	1776544812.529743	0.0	1.0	-1.0	-1.0	-1.0	-1.0	-1.0	-1.0	-1.0	-1.0	0.0	marker	opened-hand	Open	15	0418
-66857.84999999999	-53719.965	-103078.98	-17942.985	0.0	0.0	0.0	0.0	0.0	0.0	0.0	0.0	0.0	0.0	0.0	0.0	0.0	0.0	146.0	0.0	0.050720085	-0.108215055	1.019101395	4.24228	-1.8159399999999999	0.42728	3211315.0	1776544812.530291	0.0	1.0	-1.0	-1.0	-1.0	-1.0	-1.0	-1.0	-1.0	-1.0	0.0	marker	opened-hand	Open	15	0418
-66725.19	-53720.46	-102974.715	-17874.27	0.0	0.0	0.0	0.0	0.0	0.0	0.0	0.0	0.0	0.0	0.0	0.0	0.0	0.0	146.0	0.0	0.050720085	-0.108215055	1.019101395	4.24228	-1.8159399999999999	0.42728	3211316.0	1776544812.530305	0.0	1.0	-1.0	-1.0	-1.0	-1.0	-1.0	-1.0	-1.0	-1.0	0.0	marker	opened-hand	Open	15	0418
-66587.44499999999	-53714.25	-102883.23	-17765.73	0.0	0.0	0.0	0.0	0.0	0.0	0.0	0.0	0.0	0.0	0.0	0.0	0.0	0.0	146.0	0.0	0.05541978	-0.10790988	1.01049546	3.54032	-1.2971	0.35097999999999996	3211317.0	1776544812.535366	0.0	1.0	-1.0	-1.0	-1.0	-1.0	-1.0	-1.0	-1.0	-1.0	0.0	marker	opened-hand	Open	15	0418
-66668.48999999999	-53722.259999999995	-102989.97	-17853.93	0.0	0.0	0.0	0.0	0.0	0.0	0.0	0.0	0.0	0.0	0.0	0.0	0.0	0.0	146.0	0.0	0.05541978	-0.10790988	1.01049546	3.54032	-1.2971	0.35097999999999996	3211318.0	1776544812.535392	0.0	1.0	-1.0	-1.0	-1.0	-1.0	-1.0	-1.0	-1.0	-1.0	0.0	marker	opened-hand	Open	15	0418
-66856.72499999999	-53736.57	-103063.455	-17948.204999999998	0.0	0.0	0.0	0.0	0.0	0.0	0.0	0.0	0.0	0.0	0.0	0.0	0.0	0.0	146.0	0.0	0.05541978	-0.10790988	1.01049546	3.54032	-1.2971	0.35097999999999996	3211319.0	1776544812.539702	0.0	1.0	-1.0	-1.0	-1.0	-1.0	-1.0	-1.0	-1.0	-1.0	0.0	marker	opened-hand	Open	15	0418
-66837.19499999999	-53729.865	-103040.955	-17949.239999999998	0.0	0.0	0.0	0.0	0.0	0.0	0.0	0.0	0.0	0.0	0.0	0.0	0.0	0.0	146.0	0.0	0.05541978	-0.10790988	1.01049546	3.54032	-1.2971	0.35097999999999996	3211320.0	1776544812.539726	0.0	1.0	-1.0	-1.0	-1.0	-1.0	-1.0	-1.0	-1.0	-1.0	0.0	marker	opened-hand	Open	15	0418
-66859.92	-53723.025	-103096.08	-17980.92	0.0	0.0	0.0	0.0	0.0	0.0	0.0	0.0	0.0	0.0	0.0	0.0	0.0	0.0	146.0	0.0	0.05541978	-0.10790988	1.01049546	3.54032	-1.2971	0.35097999999999996	3211321.0	1776544812.54339	0.0	1.0	-1.0	-1.0	-1.0	-1.0	-1.0	-1.0	-1.0	-1.0	0.0	marker	opened-hand	Open	15	0418
-66840.97499999999	-53720.549999999996	-103061.15999999999	-17946.18	0.0	0.0	0.0	0.0	0.0	0.0	0.0	0.0	0.0	0.0	0.0	0.0	0.0	0.0	146.0	0.0	0.05541978	-0.10790988	1.01049546	3.54032	-1.2971	0.35097999999999996	3211322.0	1776544812.543406	0.0	1.0	-1.0	-1.0	-1.0	-1.0	-1.0	-1.0	-1.0	-1.0	0.0	marker	opened-hand	Open	15	0418
-66819.285	-53718.615	-103012.965	-17923.454999999998	0.0	0.0	0.0	0.0	0.0	0.0	0.0	0.0	0.0	0.0	0.0	0.0	0.0	0.0	146.0	0.0	0.05541978	-0.10790988	1.01049546	3.54032	-1.2971	0.35097999999999996	3211323.0	1776544812.546386	0.0	1.0	-1.0	-1.0	-1.0	-1.0	-1.0	-1.0	-1.0	-1.0	0.0	marker	opened-hand	Open	15	0418
-66782.83499999999	-53711.28	-102956.67	-17865.855	0.0	0.0	0.0	0.0	0.0	0.0	0.0	0.0	0.0	0.0	0.0	0.0	0.0	0.0	146.0	0.0	0.05541978	-0.10790988	1.01049546	3.54032	-1.2971	0.35097999999999996	3211324.0	1776544812.5464	0.0	1.0	-1.0	-1.0	-1.0	-1.0	-1.0	-1.0	-1.0	-1.0	0.0	marker	opened-hand	Open	15	0418
-66794.535	-53708.445	-102980.25	-17852.309999999998	0.0	0.0	0.0	0.0	0.0	0.0	0.0	0.0	0.0	0.0	0.0	0.0	0.0	0.0	146.0	0.0	0.05541978	-0.10790988	1.01049546	3.54032	-1.2971	0.35097999999999996	3211325.0	1776544812.550455	0.0	1.0	-1.0	-1.0	-1.0	-1.0	-1.0	-1.0	-1.0	-1.0	0.0	marker	opened-hand	Open	15	0418
-66897.63	-53713.034999999996	-103088.7	-17959.995	0.0	0.0	0.0	0.0	0.0	0.0	0.0	0.0	0.0	0.0	0.0	0.0	0.0	0.0	146.0	0.0	0.05541978	-0.10790988	1.01049546	3.54032	-1.2971	0.35097999999999996	3211326.0	1776544812.550481	0.0	1.0	-1.0	-1.0	-1.0	-1.0	-1.0	-1.0	-1.0	-1.0	0.0	marker	opened-hand	Open	15	0418
-66827.565	-53703.18	-103048.29	-17947.89	0.0	0.0	0.0	0.0	0.0	0.0	0.0	0.0	0.0	0.0	0.0	0.0	0.0	0.0	146.0	0.0	0.047790405	-0.1037595	1.001767455	2.2127	0.0	0.6867	3211327.0	1776544812.554434	0.0	1.0	-1.0	-1.0	-1.0	-1.0	-1.0	-1.0	-1.0	-1.0	0.0	marker	opened-hand	Open	15	0418
-66769.875	-53696.295	-103010.355	-17903.204999999998	0.0	0.0	0.0	0.0	0.0	0.0	0.0	0.0	0.0	0.0	0.0	0.0	0.0	0.0	146.0	0.0	0.047790405	-0.1037595	1.001767455	2.2127	0.0	0.6867	3211328.0	1776544812.554468	0.0	1.0	-1.0	-1.0	-1.0	-1.0	-1.0	-1.0	-1.0	-1.0	0.0	marker	opened-hand	Open	15	0418
-66789.18	-53702.235	-103015.39499999999	-17894.43	0.0	0.0	0.0	0.0	0.0	0.0	0.0	0.0	0.0	0.0	0.0	0.0	0.0	0.0	146.0	0.0	0.047790405	-0.1037595	1.001767455	2.2127	0.0	0.6867	3211329.0	1776544812.558387	0.0	1.0	-1.0	-1.0	-1.0	-1.0	-1.0	-1.0	-1.0	-1.0	0.0	marker	opened-hand	Open	15	0418
-66777.165	-53702.685	-103047.885	-17931.69	0.0	0.0	0.0	0.0	0.0	0.0	0.0	0.0	0.0	0.0	0.0	0.0	0.0	0.0	146.0	0.0	0.047790405	-0.1037595	1.001767455	2.2127	0.0	0.6867	3211330.0	1776544812.558404	0.0	1.0	-1.0	-1.0	-1.0	-1.0	-1.0	-1.0	-1.0	-1.0	0.0	marker	opened-hand	Open	15	0418
-66674.47499999999	-53692.92	-102935.385	-17832.645	0.0	0.0	0.0	0.0	0.0	0.0	0.0	0.0	0.0	0.0	0.0	0.0	0.0	0.0	146.0	0.0	0.047790405	-0.1037595	1.001767455	2.2127	0.0	0.6867	3211331.0	1776544812.562396	0.0	1.0	-1.0	-1.0	-1.0	-1.0	-1.0	-1.0	-1.0	-1.0	0.0	marker	opened-hand	Open	15	0418
-66605.31	-53678.43	-102839.44499999999	-17735.715	0.0	0.0	0.0	0.0	0.0	0.0	0.0	0.0	0.0	0.0	0.0	0.0	0.0	0.0	146.0	0.0	0.047790405	-0.1037595	1.001767455	2.2127	0.0	0.6867	3211332.0	1776544812.562411	0.0	1.0	-1.0	-1.0	-1.0	-1.0	-1.0	-1.0	-1.0	-1.0	0.0	marker	opened-hand	Open	15	0418
-66768.795	-53689.229999999996	-102963.64499999999	-17838.27	0.0	0.0	0.0	0.0	0.0	0.0	0.0	0.0	0.0	0.0	0.0	0.0	0.0	0.0	146.0	0.0	0.047790405	-0.1037595	1.001767455	2.2127	0.0	0.6867	3211333.0	1776544812.566594	0.0	1.0	-1.0	-1.0	-1.0	-1.0	-1.0	-1.0	-1.0	-1.0	0.0	marker	opened-hand	Open	15	0418
-66879.765	-53696.34	-103049.415	-17931.195	0.0	0.0	0.0	0.0	0.0	0.0	0.0	0.0	0.0	0.0	0.0	0.0	0.0	0.0	146.0	0.0	0.047790405	-0.1037595	1.001767455	2.2127	0.0	0.6867	3211334.0	1776544812.566614	0.0	1.0	-1.0	-1.0	-1.0	-1.0	-1.0	-1.0	-1.0	-1.0	0.0	marker	opened-hand	Open	15	0418
-66869.81999999999	-53703.765	-103067.50499999999	-17947.53	0.0	0.0	0.0	0.0	0.0	0.0	0.0	0.0	0.0	0.0	0.0	0.0	0.0	0.0	146.0	0.0	0.047790405	-0.1037595	1.001767455	2.2127	0.0	0.6867	3211335.0	1776544812.570424	0.0	1.0	-1.0	-1.0	-1.0	-1.0	-1.0	-1.0	-1.0	-1.0	0.0	marker	opened-hand	Open	15	0418
-66876.56999999999	-53708.04	-103079.47499999999	-17948.7	0.0	0.0	0.0	0.0	0.0	0.0	0.0	0.0	0.0	0.0	0.0	0.0	0.0	0.0	146.0	0.0	0.047790405	-0.1037595	1.001767455	2.2127	0.0	0.6867	3211336.0	1776544812.570454	0.0	1.0	-1.0	-1.0	-1.0	-1.0	-1.0	-1.0	-1.0	-1.0	0.0	marker	opened-hand	Open	15	0418
-66912.795	-53719.829999999994	-103128.03	-18012.329999999998	0.0	0.0	0.0	0.0	0.0	0.0	0.0	0.0	0.0	0.0	0.0	0.0	0.0	0.0	146.0	0.0	0.047912475	-0.10217259000000001	0.999081915	1.4191799999999999	1.00716	1.46496	3211337.0	1776544812.576478	0.0	1.0	-1.0	-1.0	-1.0	-1.0	-1.0	-1.0	-1.0	-1.0	0.0	marker	opened-hand	Open	15	0418
-66789.405	-53707.725	-102985.78499999999	-17880.39	0.0	0.0	0.0	0.0	0.0	0.0	0.0	0.0	0.0	0.0	0.0	0.0	0.0	0.0	146.0	0.0	0.047912475	-0.10217259000000001	0.999081915	1.4191799999999999	1.00716	1.46496	3211338.0	1776544812.576494	0.0	1.0	-1.0	-1.0	-1.0	-1.0	-1.0	-1.0	-1.0	-1.0	0.0	marker	opened-hand	Open	15	0418
-66743.685	-53624.655	-102899.25	-17800.11	0.0	0.0	0.0	0.0	0.0	0.0	0.0	0.0	0.0	0.0	0.0	0.0	0.0	0.0	146.0	0.0	0.047912475	-0.10217259000000001	0.999081915	1.4191799999999999	1.00716	1.46496	3211339.0	1776544812.579609	0.0	1.0	-1.0	-1.0	-1.0	-1.0	-1.0	-1.0	-1.0	-1.0	0.0	marker	opened-hand	Open	15	0418
-66761.325	-53565.795	-103006.575	-17902.305	0.0	0.0	0.0	0.0	0.0	0.0	0.0	0.0	0.0	0.0	0.0	0.0	0.0	0.0	146.0	0.0	0.047912475	-0.10217259000000001	0.999081915	1.4191799999999999	1.00716	1.46496	3211340.0	1776544812.579622	0.0	1.0	-1.0	-1.0	-1.0	-1.0	-1.0	-1.0	-1.0	-1.0	0.0	marker	opened-hand	Open	15	0418
-66820.095	-53576.595	-103095.81	-17980.02	0.0	0.0	0.0	0.0	0.0	0.0	0.0	0.0	0.0	0.0	0.0	0.0	0.0	0.0	146.0	0.0	0.047912475	-0.10217259000000001	0.999081915	1.4191799999999999	1.00716	1.46496	3211341.0	1776544812.582745	0.0	1.0	-1.0	-1.0	-1.0	-1.0	-1.0	-1.0	-1.0	-1.0	0.0	marker	opened-hand	Open	15	0418
-66900.95999999999	-53589.15	-103107.915	-17980.065	0.0	0.0	0.0	0.0	0.0	0.0	0.0	0.0	0.0	0.0	0.0	0.0	0.0	0.0	146.0	0.0	0.047912475	-0.10217259000000001	0.999081915	1.4191799999999999	1.00716	1.46496	3211342.0	1776544812.582764	0.0	1.0	-1.0	-1.0	-1.0	-1.0	-1.0	-1.0	-1.0	-1.0	0.0	marker	opened-hand	Open	15	0418
-66927.69	-53585.189999999995	-103115.51999999999	-17979.524999999998	0.0	0.0	0.0	0.0	0.0	0.0	0.0	0.0	0.0	0.0	0.0	0.0	0.0	0.0	146.0	0.0	0.047912475	-0.10217259000000001	0.999081915	1.4191799999999999	1.00716	1.46496	3211343.0	1776544812.586484	0.0	1.0	-1.0	-1.0	-1.0	-1.0	-1.0	-1.0	-1.0	-1.0	0.0	marker	opened-hand	Open	15	0418
-66860.19	-53571.15	-103081.05	-17968.59	0.0	0.0	0.0	0.0	0.0	0.0	0.0	0.0	0.0	0.0	0.0	0.0	0.0	0.0	146.0	0.0	0.047912475	-0.10217259000000001	0.999081915	1.4191799999999999	1.00716	1.46496	3211344.0	1776544812.586504	0.0	1.0	-1.0	-1.0	-1.0	-1.0	-1.0	-1.0	-1.0	-1.0	0.0	marker	opened-hand	Open	15	0418
-66798.18	-53562.735	-103078.89	-17994.735	0.0	0.0	0.0	0.0	0.0	0.0	0.0	0.0	0.0	0.0	0.0	0.0	0.0	0.0	146.0	0.0	0.047912475	-0.10217259000000001	0.999081915	1.4191799999999999	1.00716	1.46496	3211345.0	1776544812.590458	0.0	1.0	-1.0	-1.0	-1.0	-1.0	-1.0	-1.0	-1.0	-1.0	0.0	marker	opened-hand	Open	15	0418
-66680.955	-53544.42	-102983.625	-17893.44	0.0	0.0	0.0	0.0	0.0	0.0	0.0	0.0	0.0	0.0	0.0	0.0	0.0	0.0	146.0	0.0	0.047912475	-0.10217259000000001	0.999081915	1.4191799999999999	1.00716	1.46496	3211346.0	1776544812.590478	0.0	1.0	-1.0	-1.0	-1.0	-1.0	-1.0	-1.0	-1.0	-1.0	0.0	marker	opened-hand	Open	15	0418
-66654.0	-53521.965	-102944.25	-17814.105	0.0	0.0	0.0	0.0	0.0	0.0	0.0	0.0	0.0	0.0	0.0	0.0	0.0	0.0	146.0	0.0	0.048400755000000004	-0.108825405	1.00243884	0.36624	1.32762	0.5341	3211347.0	1776544812.594469	0.0	1.0	-1.0	-1.0	-1.0	-1.0	-1.0	-1.0	-1.0	-1.0	0.0	marker	opened-hand	Open	15	0418
-66847.635	-53517.96	-103018.36499999999	-17893.844999999998	0.0	0.0	0.0	0.0	0.0	0.0	0.0	0.0	0.0	0.0	0.0	0.0	0.0	0.0	146.0	0.0	0.048400755000000004	-0.108825405	1.00243884	0.36624	1.32762	0.5341	3211348.0	1776544812.594492	0.0	1.0	-1.0	-1.0	-1.0	-1.0	-1.0	-1.0	-1.0	-1.0	0.0	marker	opened-hand	Open	15	0418
-66872.97	-53528.67	-103043.83499999999	-17980.965	0.0	0.0	0.0	0.0	0.0	0.0	0.0	0.0	0.0	0.0	0.0	0.0	0.0	0.0	146.0	0.0	0.048400755000000004	-0.108825405	1.00243884	0.36624	1.32762	0.5341	3211349.0	1776544812.598762	0.0	1.0	-1.0	-1.0	-1.0	-1.0	-1.0	-1.0	-1.0	-1.0	0.0	marker	opened-hand	Open	15	0418
-66783.105	-53526.6	-102937.635	-17884.71	0.0	0.0	0.0	0.0	0.0	0.0	0.0	0.0	0.0	0.0	0.0	0.0	0.0	0.0	146.0	0.0	0.048400755000000004	-0.108825405	1.00243884	0.36624	1.32762	0.5341	3211350.0	1776544812.598788	0.0	1.0	-1.0	-1.0	-1.0	-1.0	-1.0	-1.0	-1.0	-1.0	0.0	marker	opened-hand	Open	15	0418
-66701.745	-53520.255	-102820.455	-17729.594999999998	0.0	0.0	0.0	0.0	0.0	0.0	0.0	0.0	0.0	0.0	0.0	0.0	0.0	0.0	146.0	0.0	0.048400755000000004	-0.108825405	1.00243884	0.36624	1.32762	0.5341	3211351.0	1776544812.602537	0.0	1.0	-1.0	-1.0	-1.0	-1.0	-1.0	-1.0	-1.0	-1.0	0.0	marker	opened-hand	Open	15	0418
-66840.255	-53531.729999999996	-103056.61499999999	-17925.3	0.0	0.0	0.0	0.0	0.0	0.0	0.0	0.0	0.0	0.0	0.0	0.0	0.0	0.0	146.0	0.0	0.048400755000000004	-0.108825405	1.00243884	0.36624	1.32762	0.5341	3211352.0	1776544812.602557	0.0	1.0	-1.0	-1.0	-1.0	-1.0	-1.0	-1.0	-1.0	-1.0	0.0	marker	opened-hand	Open	15	0418
-66825.135	-53527.545	-103086.22499999999	-17960.219999999998	0.0	0.0	0.0	0.0	0.0	0.0	0.0	0.0	0.0	0.0	0.0	0.0	0.0	0.0	146.0	0.0	0.048400755000000004	-0.108825405	1.00243884	0.36624	1.32762	0.5341	3211353.0	1776544812.608421	0.0	1.0	-1.0	-1.0	-1.0	-1.0	-1.0	-1.0	-1.0	-1.0	0.0	marker	opened-hand	Open	15	0418
-66738.78	-53511.84	-102982.635	-17832.329999999998	0.0	0.0	0.0	0.0	0.0	0.0	0.0	0.0	0.0	0.0	0.0	0.0	0.0	0.0	146.0	0.0	0.048400755000000004	-0.108825405	1.00243884	0.36624	1.32762	0.5341	3211354.0	1776544812.60844	0.0	1.0	-1.0	-1.0	-1.0	-1.0	-1.0	-1.0	-1.0	-1.0	0.0	marker	opened-hand	Open	15	0418
-66744.315	-53515.619999999995	-102973.5	-17837.594999999998	0.0	0.0	0.0	0.0	0.0	0.0	0.0	0.0	0.0	0.0	0.0	0.0	0.0	0.0	146.0	0.0	0.048400755000000004	-0.108825405	1.00243884	0.36624	1.32762	0.5341	3211355.0	1776544812.610523	0.0	1.0	-1.0	-1.0	-1.0	-1.0	-1.0	-1.0	-1.0	-1.0	0.0	marker	opened-hand	Open	15	0418
-66757.77	-53514.09	-102913.37999999999	-17813.88	0.0	0.0	0.0	0.0	0.0	0.0	0.0	0.0	0.0	0.0	0.0	0.0	0.0	0.0	146.0	0.0	0.048400755000000004	-0.108825405	1.00243884	0.36624	1.32762	0.5341	3211356.0	1776544812.61054	0.0	1.0	-1.0	-1.0	-1.0	-1.0	-1.0	-1.0	-1.0	-1.0	0.0	marker	opened-hand	Open	15	0418
-66751.875	-53531.46	-102876.25499999999	-17760.96	0.0	0.0	0.0	0.0	0.0	0.0	0.0	0.0	0.0	0.0	0.0	0.0	0.0	0.0	146.0	0.0	0.045959355	-0.11291475000000001	1.013119965	0.57988	0.56462	0.16785999999999998	3211357.0	1776544812.614656	0.0	1.0	-1.0	-1.0	-1.0	-1.0	-1.0	-1.0	-1.0	-1.0	0.0	marker	opened-hand	Open	15	0418
-66782.43	-53576.64	-102986.50499999999	-17883.18	0.0	0.0	0.0	0.0	0.0	0.0	0.0	0.0	0.0	0.0	0.0	0.0	0.0	0.0	146.0	0.0	0.045959355	-0.11291475000000001	1.013119965	0.57988	0.56462	0.16785999999999998	3211358.0	1776544812.614707	0.0	1.0	-1.0	-1.0	-1.0	-1.0	-1.0	-1.0	-1.0	-1.0	0.0	marker	opened-hand	Open	15	0418
-66785.48999999999	-53587.619999999995	-102980.11499999999	-17874.719999999998	0.0	0.0	0.0	0.0	0.0	0.0	0.0	0.0	0.0	0.0	0.0	0.0	0.0	0.0	146.0	0.0	0.045959355	-0.11291475000000001	1.013119965	0.57988	0.56462	0.16785999999999998	3211359.0	1776544812.618565	0.0	1.0	-1.0	-1.0	-1.0	-1.0	-1.0	-1.0	-1.0	-1.0	0.0	marker	opened-hand	Open	15	0418
-66792.645	-53595.81	-103023.045	-17916.344999999998	0.0	0.0	0.0	0.0	0.0	0.0	0.0	0.0	0.0	0.0	0.0	0.0	0.0	0.0	146.0	0.0	0.045959355	-0.11291475000000001	1.013119965	0.57988	0.56462	0.16785999999999998	3211360.0	1776544812.618581	0.0	1.0	-1.0	-1.0	-1.0	-1.0	-1.0	-1.0	-1.0	-1.0	0.0	marker	opened-hand	Open	15	0418
-66857.67	-53590.365	-103135.905	-18011.969999999998	0.0	0.0	0.0	0.0	0.0	0.0	0.0	0.0	0.0	0.0	0.0	0.0	0.0	0.0	146.0	0.0	0.045959355	-0.11291475000000001	1.013119965	0.57988	0.56462	0.16785999999999998	3211361.0	1776544812.622544	0.0	1.0	-1.0	-1.0	-1.0	-1.0	-1.0	-1.0	-1.0	-1.0	0.0	marker	opened-hand	Open	15	0418
-66948.48	-53582.13	-103226.12999999999	-18072.135	0.0	0.0	0.0	0.0	0.0	0.0	0.0	0.0	0.0	0.0	0.0	0.0	0.0	0.0	146.0	0.0	0.045959355	-0.11291475000000001	1.013119965	0.57988	0.56462	0.16785999999999998	3211362.0	1776544812.622566	0.0	1.0	-1.0	-1.0	-1.0	-1.0	-1.0	-1.0	-1.0	-1.0	0.0	marker	opened-hand	Open	15	0418
-66894.84	-53565.57	-103166.90999999999	-17996.985	0.0	0.0	0.0	0.0	0.0	0.0	0.0	0.0	0.0	0.0	0.0	0.0	0.0	0.0	146.0	0.0	0.045959355	-0.11291475000000001	1.013119965	0.57988	0.56462	0.16785999999999998	3211363.0	1776544812.626581	0.0	1.0	-1.0	-1.0	-1.0	-1.0	-1.0	-1.0	-1.0	-1.0	0.0	marker	opened-hand	Open	15	0418
-66854.34	-53554.185	-103042.8	-17900.46	0.0	0.0	0.0	0.0	0.0	0.0	0.0	0.0	0.0	0.0	0.0	0.0	0.0	0.0	146.0	0.0	0.045959355	-0.11291475000000001	1.013119965	0.57988	0.56462	0.16785999999999998	3211364.0	1776544812.626621	0.0	1.0	-1.0	-1.0	-1.0	-1.0	-1.0	-1.0	-1.0	-1.0	0.0	marker	opened-hand	Open	15	0418
-66739.05	-53554.68	-102917.205	-17815.005	0.0	0.0	0.0	0.0	0.0	0.0	0.0	0.0	0.0	0.0	0.0	0.0	0.0	0.0	146.0	0.0	0.045959355	-0.11291475000000001	1.013119965	0.57988	0.56462	0.16785999999999998	3211365.0	1776544812.630672	0.0	1.0	-1.0	-1.0	-1.0	-1.0	-1.0	-1.0	-1.0	-1.0	0.0	marker	opened-hand	Open	15	0418
-66740.13	-53562.375	-102961.62	-17904.42	0.0	0.0	0.0	0.0	0.0	0.0	0.0	0.0	0.0	0.0	0.0	0.0	0.0	0.0	146.0	0.0	0.045959355	-0.11291475000000001	1.013119965	0.57988	0.56462	0.16785999999999998	3211366.0	1776544812.630694	0.0	1.0	-1.0	-1.0	-1.0	-1.0	-1.0	-1.0	-1.0	-1.0	0.0	marker	opened-hand	Open	15	0418
-66757.095	-53568.18	-102960.135	-17878.68	0.0	0.0	0.0	0.0	0.0	0.0	0.0	0.0	0.0	0.0	0.0	0.0	0.0	0.0	146.0	0.0	0.045349005	-0.11669892	1.01879622	3.15882	-0.32045999999999997	-0.19838	3211367.0	1776544812.637306	0.0	1.0	-1.0	-1.0	-1.0	-1.0	-1.0	-1.0	-1.0	-1.0	0.0	marker	opened-hand	Open	15	0418
-66834.94499999999	-53569.799999999996	-103013.64	-17902.98	0.0	0.0	0.0	0.0	0.0	0.0	0.0	0.0	0.0	0.0	0.0	0.0	0.0	0.0	146.0	0.0	0.045349005	-0.11669892	1.01879622	3.15882	-0.32045999999999997	-0.19838	3211368.0	1776544812.637335	0.0	1.0	-1.0	-1.0	-1.0	-1.0	-1.0	-1.0	-1.0	-1.0	0.0	marker	opened-hand	Open	15	0418
-66903.345	-53564.49	-103106.655	-17990.91	0.0	0.0	0.0	0.0	0.0	0.0	0.0	0.0	0.0	0.0	0.0	0.0	0.0	0.0	146.0	0.0	0.045349005	-0.11669892	1.01879622	3.15882	-0.32045999999999997	-0.19838	3211369.0	1776544812.638623	0.0	1.0	-1.0	-1.0	-1.0	-1.0	-1.0	-1.0	-1.0	-1.0	0.0	marker	opened-hand	Open	15	0418
-66790.17	-53551.755	-103066.2	-17953.2	0.0	0.0	0.0	0.0	0.0	0.0	0.0	0.0	0.0	0.0	0.0	0.0	0.0	0.0	146.0	0.0	0.045349005	-0.11669892	1.01879622	3.15882	-0.32045999999999997	-0.19838	3211370.0	1776544812.638645	0.0	1.0	-1.0	-1.0	-1.0	-1.0	-1.0	-1.0	-1.0	-1.0	0.0	marker	opened-hand	Open	15	0418
-66794.13	-53542.079999999994	-103028.4	-17923.274999999998	0.0	0.0	0.0	0.0	0.0	0.0	0.0	0.0	0.0	0.0	0.0	0.0	0.0	0.0	146.0	0.0	0.045349005	-0.11669892	1.01879622	3.15882	-0.32045999999999997	-0.19838	3211371.0	1776544812.642644	0.0	1.0	-1.0	-1.0	-1.0	-1.0	-1.0	-1.0	-1.0	-1.0	0.0	marker	opened-hand	Open	15	0418
-66808.755	-53533.079999999994	-102926.79	-17823.105	0.0	0.0	0.0	0.0	0.0	0.0	0.0	0.0	0.0	0.0	0.0	0.0	0.0	0.0	146.0	0.0	0.045349005	-0.11669892	1.01879622	3.15882	-0.32045999999999997	-0.19838	3211372.0	1776544812.642662	0.0	1.0	-1.0	-1.0	-1.0	-1.0	-1.0	-1.0	-1.0	-1.0	0.0	marker	opened-hand	Open	15	0418
-66769.38	-53528.354999999996	-102957.39	-17861.445	0.0	0.0	0.0	0.0	0.0	0.0	0.0	0.0	0.0	0.0	0.0	0.0	0.0	0.0	146.0	0.0	0.045349005	-0.11669892	1.01879622	3.15882	-0.32045999999999997	-0.19838	3211373.0	1776544812.647094	0.0	1.0	-1.0	-1.0	-1.0	-1.0	-1.0	-1.0	-1.0	-1.0	0.0	marker	opened-hand	Open	15	0418
-66869.86499999999	-53544.869999999995	-103102.37999999999	-17981.64	0.0	0.0	0.0	0.0	0.0	0.0	0.0	0.0	0.0	0.0	0.0	0.0	0.0	0.0	146.0	0.0	0.045349005	-0.11669892	1.01879622	3.15882	-0.32045999999999997	-0.19838	3211374.0	1776544812.647109	0.0	1.0	-1.0	-1.0	-1.0	-1.0	-1.0	-1.0	-1.0	-1.0	0.0	marker	opened-hand	Open	15	0418
-66903.56999999999	-53549.46	-103104.81	-17963.594999999998	0.0	0.0	0.0	0.0	0.0	0.0	0.0	0.0	0.0	0.0	0.0	0.0	0.0	0.0	146.0	0.0	0.045349005	-0.11669892	1.01879622	3.15882	-0.32045999999999997	-0.19838	3211375.0	1776544812.650707	0.0	1.0	-1.0	-1.0	-1.0	-1.0	-1.0	-1.0	-1.0	-1.0	0.0	marker	opened-hand	Open	15	0418
-66905.955	-53539.604999999996	-103094.09999999999	-17968.454999999998	0.0	0.0	0.0	0.0	0.0	0.0	0.0	0.0	0.0	0.0	0.0	0.0	0.0	0.0	146.0	0.0	0.045349005	-0.11669892	1.01879622	3.15882	-0.32045999999999997	-0.19838	3211376.0	1776544812.650731	0.0	1.0	-1.0	-1.0	-1.0	-1.0	-1.0	-1.0	-1.0	-1.0	0.0	marker	opened-hand	Open	15	0418
-66832.38	-53532.405	-103047.93	-17935.29	0.0	0.0	0.0	0.0	0.0	0.0	0.0	0.0	0.0	0.0	0.0	0.0	0.0	0.0	146.0	0.0	0.05029284	-0.116637885	1.019467605	4.25754	-0.8698199999999999	-0.30519999999999997	3211377.0	1776544812.654639	0.0	1.0	-1.0	-1.0	-1.0	-1.0	-1.0	-1.0	-1.0	-1.0	0.0	marker	opened-hand	Open	15	0418
-66849.435	-53537.4	-103073.625	-17960.67	0.0	0.0	0.0	0.0	0.0	0.0	0.0	0.0	0.0	0.0	0.0	0.0	0.0	0.0	146.0	0.0	0.05029284	-0.116637885	1.019467605	4.25754	-0.8698199999999999	-0.30519999999999997	3211378.0	1776544812.65467	0.0	1.0	-1.0	-1.0	-1.0	-1.0	-1.0	-1.0	-1.0	-1.0	0.0	marker	opened-hand	Open	15	0418
-66830.265	-53530.604999999996	-103036.23	-17931.6	0.0	0.0	0.0	0.0	0.0	0.0	0.0	0.0	0.0	0.0	0.0	0.0	0.0	0.0	146.0	0.0	0.05029284	-0.116637885	1.019467605	4.25754	-0.8698199999999999	-0.30519999999999997	3211379.0	1776544812.658732	0.0	1.0	-1.0	-1.0	-1.0	-1.0	-1.0	-1.0	-1.0	-1.0	0.0	marker	opened-hand	Open	15	0418
-66831.84	-53528.579999999994	-103024.44	-17929.844999999998	0.0	0.0	0.0	0.0	0.0	0.0	0.0	0.0	0.0	0.0	0.0	0.0	0.0	0.0	146.0	0.0	0.05029284	-0.116637885	1.019467605	4.25754	-0.8698199999999999	-0.30519999999999997	3211380.0	1776544812.658753	0.0	1.0	-1.0	-1.0	-1.0	-1.0	-1.0	-1.0	-1.0	-1.0	0.0	marker	opened-hand	Open	15	0418
-66801.645	-53543.835	-103029.75	-17930.43	0.0	0.0	0.0	0.0	0.0	0.0	0.0	0.0	0.0	0.0	0.0	0.0	0.0	0.0	146.0	0.0	0.05029284	-0.116637885	1.019467605	4.25754	-0.8698199999999999	-0.30519999999999997	3211381.0	1776544812.663883	0.0	1.0	-1.0	-1.0	-1.0	-1.0	-1.0	-1.0	-1.0	-1.0	0.0	marker	opened-hand	Open	15	0418
-66767.4	-53557.335	-103072.995	-17945.235	0.0	0.0	0.0	0.0	0.0	0.0	0.0	0.0	0.0	0.0	0.0	0.0	0.0	0.0	146.0	0.0	0.05029284	-0.116637885	1.019467605	4.25754	-0.8698199999999999	-0.30519999999999997	3211382.0	1776544812.663902	0.0	1.0	-1.0	-1.0	-1.0	-1.0	-1.0	-1.0	-1.0	-1.0	0.0	marker	opened-hand	Open	15	0418
-66670.47	-53557.38	-102989.025	-17852.67	0.0	0.0	0.0	0.0	0.0	0.0	0.0	0.0	0.0	0.0	0.0	0.0	0.0	0.0	146.0	0.0	0.05029284	-0.116637885	1.019467605	4.25754	-0.8698199999999999	-0.30519999999999997	3211383.0	1776544812.666697	0.0	1.0	-1.0	-1.0	-1.0	-1.0	-1.0	-1.0	-1.0	-1.0	0.0	marker	opened-hand	Open	15	0418
-66681.765	-53555.579999999994	-102908.745	-17810.01	0.0	0.0	0.0	0.0	0.0	0.0	0.0	0.0	0.0	0.0	0.0	0.0	0.0	0.0	146.0	0.0	0.05029284	-0.116637885	1.019467605	4.25754	-0.8698199999999999	-0.30519999999999997	3211384.0	1776544812.666722	0.0	1.0	-1.0	-1.0	-1.0	-1.0	-1.0	-1.0	-1.0	-1.0	0.0	marker	opened-hand	Open	15	0418
-66883.185	-53502.975	-103020.705	-17914.59	0.0	0.0	0.0	0.0	0.0	0.0	0.0	0.0	0.0	0.0	0.0	0.0	0.0	0.0	146.0	0.0	0.05029284	-0.116637885	1.019467605	4.25754	-0.8698199999999999	-0.30519999999999997	3211385.0	1776544812.672603	0.0	1.0	-1.0	-1.0	-1.0	-1.0	-1.0	-1.0	-1.0	-1.0	0.0	marker	opened-hand	Open	15	0418
-66877.965	-53463.6	-103044.06	-17954.19	0.0	0.0	0.0	0.0	0.0	0.0	0.0	0.0	0.0	0.0	0.0	0.0	0.0	0.0	146.0	0.0	0.05029284	-0.116637885	1.019467605	4.25754	-0.8698199999999999	-0.30519999999999997	3211386.0	1776544812.67263	0.0	1.0	-1.0	-1.0	-1.0	-1.0	-1.0	-1.0	-1.0	-1.0	0.0	marker	opened-hand	Open	15	0418
-66749.895	-53462.88	-102956.12999999999	-17892.315	0.0	0.0	0.0	0.0	0.0	0.0	0.0	0.0	0.0	0.0	0.0	0.0	0.0	0.0	146.0	0.0	0.049316280000000004	-0.11120577	1.018857255	2.45686	-1.32762	-0.7019599999999999	3211387.0	1776544812.675591	0.0	1.0	-1.0	-1.0	-1.0	-1.0	-1.0	-1.0	-1.0	-1.0	0.0	marker	opened-hand	Open	15	0418
-66625.83	-53455.229999999996	-102854.51999999999	-17755.515	0.0	0.0	0.0	0.0	0.0	0.0	0.0	0.0	0.0	0.0	0.0	0.0	0.0	0.0	146.0	0.0	0.049316280000000004	-0.11120577	1.018857255	2.45686	-1.32762	-0.7019599999999999	3211388.0	1776544812.675607	0.0	1.0	-1.0	-1.0	-1.0	-1.0	-1.0	-1.0	-1.0	-1.0	0.0	marker	opened-hand	Open	15	0418
-66676.59	-53451.045	-102928.76999999999	-17779.184999999998	0.0	0.0	0.0	0.0	0.0	0.0	0.0	0.0	0.0	0.0	0.0	0.0	0.0	0.0	146.0	0.0	0.049316280000000004	-0.11120577	1.018857255	2.45686	-1.32762	-0.7019599999999999	3211389.0	1776544812.678758	0.0	1.0	-1.0	-1.0	-1.0	-1.0	-1.0	-1.0	-1.0	-1.0	0.0	marker	opened-hand	Open	15	0418
-66730.14	-53450.235	-102940.37999999999	-17819.28	0.0	0.0	0.0	0.0	0.0	0.0	0.0	0.0	0.0	0.0	0.0	0.0	0.0	0.0	146.0	0.0	0.049316280000000004	-0.11120577	1.018857255	2.45686	-1.32762	-0.7019599999999999	3211390.0	1776544812.67877	0.0	1.0	-1.0	-1.0	-1.0	-1.0	-1.0	-1.0	-1.0	-1.0	0.0	marker	opened-hand	Open	15	0418
-66814.425	-53461.755	-102969.405	-17849.024999999998	0.0	0.0	0.0	0.0	0.0	0.0	0.0	0.0	0.0	0.0	0.0	0.0	0.0	0.0	146.0	0.0	0.049316280000000004	-0.11120577	1.018857255	2.45686	-1.32762	-0.7019599999999999	3211391.0	1776544812.684778	0.0	1.0	-1.0	-1.0	-1.0	-1.0	-1.0	-1.0	-1.0	-1.0	0.0	marker	opened-hand	Open	15	0418
-66937.995	-53474.85	-103102.69499999999	-17970.255	0.0	0.0	0.0	0.0	0.0	0.0	0.0	0.0	0.0	0.0	0.0	0.0	0.0	0.0	146.0	0.0	0.049316280000000004	-0.11120577	1.018857255	2.45686	-1.32762	-0.7019599999999999	3211392.0	1776544812.684805	0.0	1.0	-1.0	-1.0	-1.0	-1.0	-1.0	-1.0	-1.0	-1.0	0.0	marker	opened-hand	Open	15	0418
-66990.33	-53484.93	-103187.745	-18114.795	0.0	0.0	0.0	0.0	0.0	0.0	0.0	0.0	0.0	0.0	0.0	0.0	0.0	0.0	146.0	0.0	0.049316280000000004	-0.11120577	1.018857255	2.45686	-1.32762	-0.7019599999999999	3211393.0	1776544812.686846	0.0	1.0	-1.0	-1.0	-1.0	-1.0	-1.0	-1.0	-1.0	-1.0	0.0	marker	opened-hand	Open	15	0418
-66893.48999999999	-53474.49	-103095.94499999999	-18035.82	0.0	0.0	0.0	0.0	0.0	0.0	0.0	0.0	0.0	0.0	0.0	0.0	0.0	0.0	146.0	0.0	0.049316280000000004	-0.11120577	1.018857255	2.45686	-1.32762	-0.7019599999999999	3211394.0	1776544812.686869	0.0	1.0	-1.0	-1.0	-1.0	-1.0	-1.0	-1.0	-1.0	-1.0	0.0	marker	opened-hand	Open	15	0418
-66833.09999999999	-53465.715	-103090.00499999999	-17935.469999999998	0.0	0.0	0.0	0.0	0.0	0.0	0.0	0.0	0.0	0.0	0.0	0.0	0.0	0.0	146.0	0.0	0.049316280000000004	-0.11120577	1.018857255	2.45686	-1.32762	-0.7019599999999999	3211395.0	1776544812.690783	0.0	1.0	-1.0	-1.0	-1.0	-1.0	-1.0	-1.0	-1.0	-1.0	0.0	marker	opened-hand	Open	15	0418
-66821.76	-53462.835	-103031.28	-17869.995	0.0	0.0	0.0	0.0	0.0	0.0	0.0	0.0	0.0	0.0	0.0	0.0	0.0	0.0	146.0	0.0	0.049316280000000004	-0.11120577	1.018857255	2.45686	-1.32762	-0.7019599999999999	3211396.0	1776544812.690798	0.0	1.0	-1.0	-1.0	-1.0	-1.0	-1.0	-1.0	-1.0	-1.0	0.0	marker	opened-hand	Open	15	0418
-66800.52	-53470.799999999996	-103007.745	-17890.649999999998	0.0	0.0	0.0	0.0	0.0	0.0	0.0	0.0	0.0	0.0	0.0	0.0	0.0	0.0	146.0	0.0	0.04589832	-0.109069545	1.01488998	2.1669199999999997	-1.3734	-0.33571999999999996	3211397.0	1776544812.69478	0.0	1.0	-1.0	-1.0	-1.0	-1.0	-1.0	-1.0	-1.0	-1.0	0.0	marker	opened-hand	Open	15	0418
-66703.77	-53472.645	-102971.43	-17877.239999999998	0.0	0.0	0.0	0.0	0.0	0.0	0.0	0.0	0.0	0.0	0.0	0.0	0.0	0.0	146.0	0.0	0.04589832	-0.109069545	1.01488998	2.1669199999999997	-1.3734	-0.33571999999999996	3211398.0	1776544812.694794	0.0	1.0	-1.0	-1.0	-1.0	-1.0	-1.0	-1.0	-1.0	-1.0	0.0	marker	opened-hand	Open	15	0418
-66806.45999999999	-53484.525	-103031.81999999999	-17913.825	0.0	0.0	0.0	0.0	0.0	0.0	0.0	0.0	0.0	0.0	0.0	0.0	0.0	0.0	146.0	0.0	0.04589832	-0.109069545	1.01488998	2.1669199999999997	-1.3734	-0.33571999999999996	3211399.0	1776544812.698857	0.0	1.0	-1.0	-1.0	-1.0	-1.0	-1.0	-1.0	-1.0	-1.0	0.0	marker	opened-hand	Open	15	0418
-66898.575	-53496.9	-103103.73	-17958.465	0.0	0.0	0.0	0.0	0.0	0.0	0.0	0.0	0.0	0.0	0.0	0.0	0.0	0.0	146.0	0.0	0.04589832	-0.109069545	1.01488998	2.1669199999999997	-1.3734	-0.33571999999999996	3211400.0	1776544812.698894	0.0	1.0	-1.0	-1.0	-1.0	-1.0	-1.0	-1.0	-1.0	-1.0	0.0	marker	opened-hand	Open	15	0418
-66837.555	-53500.005	-103013.01	-17867.43	0.0	0.0	0.0	0.0	0.0	0.0	0.0	0.0	0.0	0.0	0.0	0.0	0.0	0.0	146.0	0.0	0.04589832	-0.109069545	1.01488998	2.1669199999999997	-1.3734	-0.33571999999999996	3211401.0	1776544812.707434	0.0	1.0	-1.0	-1.0	-1.0	-1.0	-1.0	-1.0	-1.0	-1.0	0.0	marker	opened-hand	Open	15	0418
-66894.61499999999	-53502.615	-103092.3	-17952.75	0.0	0.0	0.0	0.0	0.0	0.0	0.0	0.0	0.0	0.0	0.0	0.0	0.0	0.0	146.0	0.0	0.04589832	-0.109069545	1.01488998	2.1669199999999997	-1.3734	-0.33571999999999996	3211402.0	1776544812.707454	0.0	1.0	-1.0	-1.0	-1.0	-1.0	-1.0	-1.0	-1.0	-1.0	0.0	marker	opened-hand	Open	15	0418
-66746.655	-53484.479999999996	-103063.455	-17940.059999999998	0.0	0.0	0.0	0.0	0.0	0.0	0.0	0.0	0.0	0.0	0.0	0.0	0.0	0.0	146.0	0.0	0.04589832	-0.109069545	1.01488998	2.1669199999999997	-1.3734	-0.33571999999999996	3211403.0	1776544812.707483	0.0	1.0	-1.0	-1.0	-1.0	-1.0	-1.0	-1.0	-1.0	-1.0	0.0	marker	opened-hand	Open	15	0418
-66734.955	-53480.835	-103053.69	-17947.62	0.0	0.0	0.0	0.0	0.0	0.0	0.0	0.0	0.0	0.0	0.0	0.0	0.0	0.0	146.0	0.0	0.04589832	-0.109069545	1.01488998	2.1669199999999997	-1.3734	-0.33571999999999996	3211404.0	1776544812.707496	0.0	1.0	-1.0	-1.0	-1.0	-1.0	-1.0	-1.0	-1.0	-1.0	0.0	marker	opened-hand	Open	15	0418
-66798.045	-53471.61	-103022.595	-17912.655	0.0	0.0	0.0	0.0	0.0	0.0	0.0	0.0	0.0	0.0	0.0	0.0	0.0	0.0	146.0	0.0	0.04589832	-0.109069545	1.01488998	2.1669199999999997	-1.3734	-0.33571999999999996	3211405.0	1776544812.710849	0.0	1.0	-1.0	-1.0	-1.0	-1.0	-1.0	-1.0	-1.0	-1.0	0.0	marker	opened-hand	Open	15	0418
-66773.655	-53460.765	-102935.565	-17825.579999999998	0.0	0.0	0.0	0.0	0.0	0.0	0.0	0.0	0.0	0.0	0.0	0.0	0.0	0.0	146.0	0.0	0.04589832	-0.109069545	1.01488998	2.1669199999999997	-1.3734	-0.33571999999999996	3211406.0	1776544812.710863	0.0	1.0	-1.0	-1.0	-1.0	-1.0	-1.0	-1.0	-1.0	-1.0	0.0	marker	opened-hand	Open	15	0418
-66775.545	-53465.445	-102898.485	-17784.989999999998	0.0	0.0	0.0	0.0	0.0	0.0	0.0	0.0	0.0	0.0	0.0	0.0	0.0	0.0	146.0	0.0	0.047790405	-0.11376924000000001	1.013852385	3.3571999999999997	-1.6175599999999999	-0.42728	3211407.0	1776544812.716142	0.0	1.0	-1.0	-1.0	-1.0	-1.0	-1.0	-1.0	-1.0	-1.0	0.0	marker	opened-hand	Open	15	0418
-66920.04	-53486.28	-103037.265	-17912.34	0.0	0.0	0.0	0.0	0.0	0.0	0.0	0.0	0.0	0.0	0.0	0.0	0.0	0.0	146.0	0.0	0.047790405	-0.11376924000000001	1.013852385	3.3571999999999997	-1.6175599999999999	-0.42728	3211408.0	1776544812.716165	0.0	1.0	-1.0	-1.0	-1.0	-1.0	-1.0	-1.0	-1.0	-1.0	0.0	marker	opened-hand	Open	15	0418
-66867.165	-53486.549999999996	-103058.595	-17962.695	0.0	0.0	0.0	0.0	0.0	0.0	0.0	0.0	0.0	0.0	0.0	0.0	0.0	0.0	146.0	0.0	0.047790405	-0.11376924000000001	1.013852385	3.3571999999999997	-1.6175599999999999	-0.42728	3211409.0	1776544812.718867	0.0	1.0	-1.0	-1.0	-1.0	-1.0	-1.0	-1.0	-1.0	-1.0	0.0	marker	opened-hand	Open	15	0418
-66853.62	-53487.945	-102970.665	-17875.575	0.0	0.0	0.0	0.0	0.0	0.0	0.0	0.0	0.0	0.0	0.0	0.0	0.0	0.0	146.0	0.0	0.047790405	-0.11376924000000001	1.013852385	3.3571999999999997	-1.6175599999999999	-0.42728	3211410.0	1776544812.71888	0.0	1.0	-1.0	-1.0	-1.0	-1.0	-1.0	-1.0	-1.0	-1.0	0.0	marker	opened-hand	Open	15	0418
-66800.205	-53481.15	-102903.97499999999	-17789.67	0.0	0.0	0.0	0.0	0.0	0.0	0.0	0.0	0.0	0.0	0.0	0.0	0.0	0.0	146.0	0.0	0.047790405	-0.11376924000000001	1.013852385	3.3571999999999997	-1.6175599999999999	-0.42728	3211411.0	1776544812.722889	0.0	1.0	-1.0	-1.0	-1.0	-1.0	-1.0	-1.0	-1.0	-1.0	0.0	marker	opened-hand	Open	15	0418
-66557.655	-53493.39	-102840.48	-17733.195	0.0	0.0	0.0	0.0	0.0	0.0	0.0	0.0	0.0	0.0	0.0	0.0	0.0	0.0	146.0	0.0	0.047790405	-0.11376924000000001	1.013852385	3.3571999999999997	-1.6175599999999999	-0.42728	3211412.0	1776544812.722912	0.0	1.0	-1.0	-1.0	-1.0	-1.0	-1.0	-1.0	-1.0	-1.0	0.0	marker	opened-hand	Open	15	0418
-66822.39	-53548.38	-103085.055	-17964.765	0.0	0.0	0.0	0.0	0.0	0.0	0.0	0.0	0.0	0.0	0.0	0.0	0.0	0.0	146.0	0.0	0.047790405	-0.11376924000000001	1.013852385	3.3571999999999997	-1.6175599999999999	-0.42728	3211413.0	1776544812.726942	0.0	1.0	-1.0	-1.0	-1.0	-1.0	-1.0	-1.0	-1.0	-1.0	0.0	marker	opened-hand	Open	15	0418
-66962.43	-53550.99	-103158.315	-18039.915	0.0	0.0	0.0	0.0	0.0	0.0	0.0	0.0	0.0	0.0	0.0	0.0	0.0	0.0	146.0	0.0	0.047790405	-0.11376924000000001	1.013852385	3.3571999999999997	-1.6175599999999999	-0.42728	3211414.0	1776544812.726959	0.0	1.0	-1.0	-1.0	-1.0	-1.0	-1.0	-1.0	-1.0	-1.0	0.0	marker	opened-hand	Open	15	0418
-66759.39	-53543.835	-103010.355	-17889.165	0.0	0.0	0.0	0.0	0.0	0.0	0.0	0.0	0.0	0.0	0.0	0.0	0.0	0.0	146.0	0.0	0.047790405	-0.11376924000000001	1.013852385	3.3571999999999997	-1.6175599999999999	-0.42728	3211415.0	1776544812.730864	0.0	1.0	-1.0	-1.0	-1.0	-1.0	-1.0	-1.0	-1.0	-1.0	0.0	marker	opened-hand	Open	15	0418
-66651.255	-53553.96	-102927.33	-17798.535	0.0	0.0	0.0	0.0	0.0	0.0	0.0	0.0	0.0	0.0	0.0	0.0	0.0	0.0	146.0	0.0	0.047790405	-0.11376924000000001	1.013852385	3.3571999999999997	-1.6175599999999999	-0.42728	3211416.0	1776544812.730877	0.0	1.0	-1.0	-1.0	-1.0	-1.0	-1.0	-1.0	-1.0	-1.0	0.0	marker	opened-hand	Open	15	0418
-66822.795	-53568.18	-103050.315	-17901.045	0.0	0.0	0.0	0.0	0.0	0.0	0.0	0.0	0.0	0.0	0.0	0.0	0.0	0.0	146.0	0.0	0.04650867	-0.116393745	1.01427963	3.815	-1.72438	-1.4039199999999998	3211417.0	1776544812.734992	0.0	1.0	-1.0	-1.0	-1.0	-1.0	-1.0	-1.0	-1.0	-1.0	0.0	marker	opened-hand	Open	15	0418
-66866.08499999999	-53577.494999999995	-103045.14	-17943.165	0.0	0.0	0.0	0.0	0.0	0.0	0.0	0.0	0.0	0.0	0.0	0.0	0.0	0.0	146.0	0.0	0.04650867	-0.116393745	1.01427963	3.815	-1.72438	-1.4039199999999998	3211418.0	1776544812.735015	0.0	1.0	-1.0	-1.0	-1.0	-1.0	-1.0	-1.0	-1.0	-1.0	0.0	marker	opened-hand	Open	15	0418
-66820.05	-53580.689999999995	-102932.055	-17850.42	0.0	0.0	0.0	0.0	0.0	0.0	0.0	0.0	0.0	0.0	0.0	0.0	0.0	0.0	146.0	0.0	0.04650867	-0.116393745	1.01427963	3.815	-1.72438	-1.4039199999999998	3211419.0	1776544812.739015	0.0	1.0	-1.0	-1.0	-1.0	-1.0	-1.0	-1.0	-1.0	-1.0	0.0	marker	opened-hand	Open	15	0418
-66752.19	-53572.905	-102937.635	-17866.395	0.0	0.0	0.0	0.0	0.0	0.0	0.0	0.0	0.0	0.0	0.0	0.0	0.0	0.0	146.0	0.0	0.04650867	-0.116393745	1.01427963	3.815	-1.72438	-1.4039199999999998	3211420.0	1776544812.739038	0.0	1.0	-1.0	-1.0	-1.0	-1.0	-1.0	-1.0	-1.0	-1.0	0.0	marker	opened-hand	Open	15	0418
-66718.89	-53572.275	-103026.59999999999	-17922.645	0.0	0.0	0.0	0.0	0.0	0.0	0.0	0.0	0.0	0.0	0.0	0.0	0.0	0.0	146.0	0.0	0.04650867	-0.116393745	1.01427963	3.815	-1.72438	-1.4039199999999998	3211421.0	1776544812.742967	0.0	1.0	-1.0	-1.0	-1.0	-1.0	-1.0	-1.0	-1.0	-1.0	0.0	marker	opened-hand	Open	15	0418
-66875.4	-53588.025	-103160.79	-18043.785	0.0	0.0	0.0	0.0	0.0	0.0	0.0	0.0	0.0	0.0	0.0	0.0	0.0	0.0	146.0	0.0	0.04650867	-0.116393745	1.01427963	3.815	-1.72438	-1.4039199999999998	3211422.0	1776544812.74298	0.0	1.0	-1.0	-1.0	-1.0	-1.0	-1.0	-1.0	-1.0	-1.0	0.0	marker	opened-hand	Open	15	0418
-66862.935	-53593.515	-103087.08	-18013.094999999998	0.0	0.0	0.0	0.0	0.0	0.0	0.0	0.0	0.0	0.0	0.0	0.0	0.0	0.0	146.0	0.0	0.04650867	-0.116393745	1.01427963	3.815	-1.72438	-1.4039199999999998	3211423.0	1776544812.747016	0.0	1.0	-1.0	-1.0	-1.0	-1.0	-1.0	-1.0	-1.0	-1.0	0.0	marker	opened-hand	Open	15	0418
-66806.86499999999	-53589.284999999996	-103019.08499999999	-17944.38	0.0	0.0	0.0	0.0	0.0	0.0	0.0	0.0	0.0	0.0	0.0	0.0	0.0	0.0	146.0	0.0	0.04650867	-0.116393745	1.01427963	3.815	-1.72438	-1.4039199999999998	3211424.0	1776544812.747033	0.0	1.0	-1.0	-1.0	-1.0	-1.0	-1.0	-1.0	-1.0	-1.0	0.0	marker	opened-hand	Open	15	0418
-66725.01	-53578.485	-102858.12	-17759.34	0.0	0.0	0.0	0.0	0.0	0.0	0.0	0.0	0.0	0.0	0.0	0.0	0.0	0.0	146.0	0.0	0.04650867	-0.116393745	1.01427963	3.815	-1.72438	-1.4039199999999998	3211425.0	1776544812.751114	0.0	1.0	-1.0	-1.0	-1.0	-1.0	-1.0	-1.0	-1.0	-1.0	0.0	marker	opened-hand	Open	15	0418
-66714.84	-53567.549999999996	-102802.905	-17684.91	0.0	0.0	0.0	0.0	0.0	0.0	0.0	0.0	0.0	0.0	0.0	0.0	0.0	0.0	146.0	0.0	0.04650867	-0.116393745	1.01427963	3.815	-1.72438	-1.4039199999999998	3211426.0	1776544812.751134	0.0	1.0	-1.0	-1.0	-1.0	-1.0	-1.0	-1.0	-1.0	-1.0	0.0	marker	opened-hand	Open	15	0418
-66843.765	-53569.439999999995	-103035.95999999999	-17911.079999999998	0.0	0.0	0.0	0.0	0.0	0.0	0.0	0.0	0.0	0.0	0.0	0.0	0.0	0.0	146.0	0.0	0.049377315	-0.11560029000000001	1.013364105	2.8230999999999997	-1.6175599999999999	-1.89224	3211427.0	1776544812.75513	0.0	1.0	-1.0	-1.0	-1.0	-1.0	-1.0	-1.0	-1.0	-1.0	0.0	marker	opened-hand	Open	15	0418
-66798.27	-53562.015	-103059.675	-17960.489999999998	0.0	0.0	0.0	0.0	0.0	0.0	0.0	0.0	0.0	0.0	0.0	0.0	0.0	0.0	146.0	0.0	0.049377315	-0.11560029000000001	1.013364105	2.8230999999999997	-1.6175599999999999	-1.89224	3211428.0	1776544812.75515	0.0	1.0	-1.0	-1.0	-1.0	-1.0	-1.0	-1.0	-1.0	-1.0	0.0	marker	opened-hand	Open	15	0418
-66740.76	-53552.88	-102936.465	-17831.7	0.0	0.0	0.0	0.0	0.0	0.0	0.0	0.0	0.0	0.0	0.0	0.0	0.0	0.0	146.0	0.0	0.049377315	-0.11560029000000001	1.013364105	2.8230999999999997	-1.6175599999999999	-1.89224	3211429.0	1776544812.763308	0.0	1.0	-1.0	-1.0	-1.0	-1.0	-1.0	-1.0	-1.0	-1.0	0.0	marker	opened-hand	Open	15	0418
-66812.13	-53565.39	-102999.78	-17895.015	0.0	0.0	0.0	0.0	0.0	0.0	0.0	0.0	0.0	0.0	0.0	0.0	0.0	0.0	146.0	0.0	0.049377315	-0.11560029000000001	1.013364105	2.8230999999999997	-1.6175599999999999	-1.89224	3211430.0	1776544812.763337	0.0	1.0	-1.0	-1.0	-1.0	-1.0	-1.0	-1.0	-1.0	-1.0	0.0	marker	opened-hand	Open	15	0418
-66882.19499999999	-53587.53	-103103.775	-17978.219999999998	0.0	0.0	0.0	0.0	0.0	0.0	0.0	0.0	0.0	0.0	0.0	0.0	0.0	0.0	146.0	0.0	0.049377315	-0.11560029000000001	1.013364105	2.8230999999999997	-1.6175599999999999	-1.89224	3211431.0	1776544812.763518	0.0	1.0	-1.0	-1.0	-1.0	-1.0	-1.0	-1.0	-1.0	-1.0	0.0	marker	opened-hand	Open	15	0418
-66791.88	-53591.67	-102995.09999999999	-17861.579999999998	0.0	0.0	0.0	0.0	0.0	0.0	0.0	0.0	0.0	0.0	0.0	0.0	0.0	0.0	146.0	0.0	0.049377315	-0.11560029000000001	1.013364105	2.8230999999999997	-1.6175599999999999	-1.89224	3211432.0	1776544812.763538	0.0	1.0	-1.0	-1.0	-1.0	-1.0	-1.0	-1.0	-1.0	-1.0	0.0	marker	opened-hand	Open	15	0418
-66789.135	-53594.28	-102936.465	-17804.295	0.0	0.0	0.0	0.0	0.0	0.0	0.0	0.0	0.0	0.0	0.0	0.0	0.0	0.0	146.0	0.0	0.049377315	-0.11560029000000001	1.013364105	2.8230999999999997	-1.6175599999999999	-1.89224	3211433.0	1776544812.770211	0.0	1.0	-1.0	-1.0	-1.0	-1.0	-1.0	-1.0	-1.0	-1.0	0.0	marker	opened-hand	Open	15	0418
-66940.69499999999	-53618.625	-103187.97	-18069.165	0.0	0.0	0.0	0.0	0.0	0.0	0.0	0.0	0.0	0.0	0.0	0.0	0.0	0.0	146.0	0.0	0.049377315	-0.11560029000000001	1.013364105	2.8230999999999997	-1.6175599999999999	-1.89224	3211434.0	1776544812.770243	0.0	1.0	-1.0	-1.0	-1.0	-1.0	-1.0	-1.0	-1.0	-1.0	0.0	marker	opened-hand	Open	15	0418
-66778.33499999999	-53616.96	-103078.34999999999	-17964.045	0.0	0.0	0.0	0.0	0.0	0.0	0.0	0.0	0.0	0.0	0.0	0.0	0.0	0.0	146.0	0.0	0.049377315	-0.11560029000000001	1.013364105	2.8230999999999997	-1.6175599999999999	-1.89224	3211435.0	1776544812.771278	0.0	1.0	-1.0	-1.0	-1.0	-1.0	-1.0	-1.0	-1.0	-1.0	0.0	marker	opened-hand	Open	15	0418
-66778.92	-53622.36	-103011.20999999999	-17897.625	0.0	0.0	0.0	0.0	0.0	0.0	0.0	0.0	0.0	0.0	0.0	0.0	0.0	0.0	146.0	0.0	0.049377315	-0.11560029000000001	1.013364105	2.8230999999999997	-1.6175599999999999	-1.89224	3211436.0	1776544812.771307	0.0	1.0	-1.0	-1.0	-1.0	-1.0	-1.0	-1.0	-1.0	-1.0	0.0	marker	opened-hand	Open	15	0418
-66682.44	-53611.829999999994	-102898.98	-17789.67	0.0	0.0	0.0	0.0	0.0	0.0	0.0	0.0	0.0	0.0	0.0	0.0	0.0	0.0	146.0	0.0	0.05102526	-0.12011688	1.0119603	2.9451799999999997	-1.6785999999999999	-2.57894	3211437.0	1776544812.775159	0.0	1.0	-1.0	-1.0	-1.0	-1.0	-1.0	-1.0	-1.0	-1.0	0.0	marker	opened-hand	Open	15	0418
-66786.345	-53610.57	-102917.87999999999	-17810.64	0.0	0.0	0.0	0.0	0.0	0.0	0.0	0.0	0.0	0.0	0.0	0.0	0.0	0.0	146.0	0.0	0.05102526	-0.12011688	1.0119603	2.9451799999999997	-1.6785999999999999	-2.57894	3211438.0	1776544812.775181	0.0	1.0	-1.0	-1.0	-1.0	-1.0	-1.0	-1.0	-1.0	-1.0	0.0	marker	opened-hand	Open	15	0418
-66939.39	-53615.384999999995	-103109.67	-18045.945	0.0	0.0	0.0	0.0	0.0	0.0	0.0	0.0	0.0	0.0	0.0	0.0	0.0	0.0	146.0	0.0	0.05102526	-0.12011688	1.0119603	2.9451799999999997	-1.6785999999999999	-2.57894	3211439.0	1776544812.781188	0.0	1.0	-1.0	-1.0	-1.0	-1.0	-1.0	-1.0	-1.0	-1.0	0.0	marker	opened-hand	Open	15	0418
-66832.065	-53609.985	-103116.69	-18038.52	0.0	0.0	0.0	0.0	0.0	0.0	0.0	0.0	0.0	0.0	0.0	0.0	0.0	0.0	146.0	0.0	0.05102526	-0.12011688	1.0119603	2.9451799999999997	-1.6785999999999999	-2.57894	3211440.0	1776544812.781217	0.0	1.0	-1.0	-1.0	-1.0	-1.0	-1.0	-1.0	-1.0	-1.0	0.0	marker	opened-hand	Open	15	0418
-66867.705	-53612.64	-103092.795	-17993.024999999998	0.0	0.0	0.0	0.0	0.0	0.0	0.0	0.0	0.0	0.0	0.0	0.0	0.0	0.0	146.0	0.0	0.05102526	-0.12011688	1.0119603	2.9451799999999997	-1.6785999999999999	-2.57894	3211441.0	1776544812.784266	0.0	1.0	-1.0	-1.0	-1.0	-1.0	-1.0	-1.0	-1.0	-1.0	0.0	marker	opened-hand	Open	15	0418
-66863.34	-53612.46	-103144.14	-18026.1	0.0	0.0	0.0	0.0	0.0	0.0	0.0	0.0	0.0	0.0	0.0	0.0	0.0	0.0	146.0	0.0	0.05102526	-0.12011688	1.0119603	2.9451799999999997	-1.6785999999999999	-2.57894	3211442.0	1776544812.78429	0.0	1.0	-1.0	-1.0	-1.0	-1.0	-1.0	-1.0	-1.0	-1.0	0.0	marker	opened-hand	Open	15	0418
-66817.125	-53588.835	-103096.845	-17966.024999999998	0.0	0.0	0.0	0.0	0.0	0.0	0.0	0.0	0.0	0.0	0.0	0.0	0.0	0.0	146.0	0.0	0.05102526	-0.12011688	1.0119603	2.9451799999999997	-1.6785999999999999	-2.57894	3211443.0	1776544812.788663	0.0	1.0	-1.0	-1.0	-1.0	-1.0	-1.0	-1.0	-1.0	-1.0	0.0	marker	opened-hand	Open	15	0418
-66786.39	-53561.384999999995	-103003.47	-17876.07	0.0	0.0	0.0	0.0	0.0	0.0	0.0	0.0	0.0	0.0	0.0	0.0	0.0	0.0	146.0	0.0	0.05102526	-0.12011688	1.0119603	2.9451799999999997	-1.6785999999999999	-2.57894	3211444.0	1776544812.788689	0.0	1.0	-1.0	-1.0	-1.0	-1.0	-1.0	-1.0	-1.0	-1.0	0.0	marker	opened-hand	Open	15	0418
-66792.105	-53552.43	-102964.095	-17852.355	0.0	0.0	0.0	0.0	0.0	0.0	0.0	0.0	0.0	0.0	0.0	0.0	0.0	0.0	146.0	0.0	0.05102526	-0.12011688	1.0119603	2.9451799999999997	-1.6785999999999999	-2.57894	3211445.0	1776544812.794448	0.0	1.0	-1.0	-1.0	-1.0	-1.0	-1.0	-1.0	-1.0	-1.0	0.0	marker	opened-hand	Open	15	0418
-66819.19499999999	-53555.715	-102977.64	-17862.12	0.0	0.0	0.0	0.0	0.0	0.0	0.0	0.0	0.0	0.0	0.0	0.0	0.0	0.0	146.0	0.0	0.05102526	-0.12011688	1.0119603	2.9451799999999997	-1.6785999999999999	-2.57894	3211446.0	1776544812.794465	0.0	1.0	-1.0	-1.0	-1.0	-1.0	-1.0	-1.0	-1.0	-1.0	0.0	marker	opened-hand	Open	15	0418
-66815.955	-53567.865	-103020.795	-17896.995	0.0	0.0	0.0	0.0	0.0	0.0	0.0	0.0	0.0	0.0	0.0	0.0	0.0	0.0	146.0	0.0	0.04748523	-0.12646452	1.018979325	5.646199999999999	-2.18218	-1.72438	3211447.0	1776544812.795281	0.0	1.0	-1.0	-1.0	-1.0	-1.0	-1.0	-1.0	-1.0	-1.0	0.0	marker	opened-hand	Open	15	0418
-66777.84	-53582.85	-102974.94	-17880.614999999998	0.0	0.0	0.0	0.0	0.0	0.0	0.0	0.0	0.0	0.0	0.0	0.0	0.0	0.0	146.0	0.0	0.04748523	-0.12646452	1.018979325	5.646199999999999	-2.18218	-1.72438	3211448.0	1776544812.795292	0.0	1.0	-1.0	-1.0	-1.0	-1.0	-1.0	-1.0	-1.0	-1.0	0.0	marker	opened-hand	Open	15	0418
-66807.0	-53634.689999999995	-103022.055	-17910.495	0.0	0.0	0.0	0.0	0.0	0.0	0.0	0.0	0.0	0.0	0.0	0.0	0.0	0.0	146.0	0.0	0.04748523	-0.12646452	1.018979325	5.646199999999999	-2.18218	-1.72438	3211449.0	1776544812.799246	0.0	1.0	-1.0	-1.0	-1.0	-1.0	-1.0	-1.0	-1.0	-1.0	0.0	marker	opened-hand	Open	15	0418
-66726.765	-53643.645	-102985.83	-17863.425	0.0	0.0	0.0	0.0	0.0	0.0	0.0	0.0	0.0	0.0	0.0	0.0	0.0	0.0	146.0	0.0	0.04748523	-0.12646452	1.018979325	5.646199999999999	-2.18218	-1.72438	3211450.0	1776544812.799269	0.0	1.0	-1.0	-1.0	-1.0	-1.0	-1.0	-1.0	-1.0	-1.0	0.0	marker	opened-hand	Open	15	0418
-66800.385	-53646.93	-103016.25	-17892.54	0.0	0.0	0.0	0.0	0.0	0.0	0.0	0.0	0.0	0.0	0.0	0.0	0.0	0.0	146.0	0.0	0.04748523	-0.12646452	1.018979325	5.646199999999999	-2.18218	-1.72438	3211451.0	1776544812.803307	0.0	1.0	-1.0	-1.0	-1.0	-1.0	-1.0	-1.0	-1.0	-1.0	0.0	marker	opened-hand	Open	15	0418
-66738.15	-53645.534999999996	-102990.19499999999	-17875.665	0.0	0.0	0.0	0.0	0.0	0.0	0.0	0.0	0.0	0.0	0.0	0.0	0.0	0.0	146.0	0.0	0.04748523	-0.12646452	1.018979325	5.646199999999999	-2.18218	-1.72438	3211452.0	1776544812.803323	0.0	1.0	-1.0	-1.0	-1.0	-1.0	-1.0	-1.0	-1.0	-1.0	0.0	marker	opened-hand	Open	15	0418
-66627.135	-53634.195	-102850.2	-17736.66	0.0	0.0	0.0	0.0	0.0	0.0	0.0	0.0	0.0	0.0	0.0	0.0	0.0	0.0	146.0	0.0	0.04748523	-0.12646452	1.018979325	5.646199999999999	-2.18218	-1.72438	3211453.0	1776544812.807322	0.0	1.0	-1.0	-1.0	-1.0	-1.0	-1.0	-1.0	-1.0	-1.0	0.0	marker	opened-hand	Open	15	0418
-66771.9	-53627.939999999995	-102960.54	-17827.649999999998	0.0	0.0	0.0	0.0	0.0	0.0	0.0	0.0	0.0	0.0	0.0	0.0	0.0	0.0	146.0	0.0	0.04748523	-0.12646452	1.018979325	5.646199999999999	-2.18218	-1.72438	3211454.0	1776544812.80734	0.0	1.0	-1.0	-1.0	-1.0	-1.0	-1.0	-1.0	-1.0	-1.0	0.0	marker	opened-hand	Open	15	0418
-66866.355	-53621.729999999996	-103085.55	-17967.96	0.0	0.0	0.0	0.0	0.0	0.0	0.0	0.0	0.0	0.0	0.0	0.0	0.0	0.0	146.0	0.0	0.04748523	-0.12646452	1.018979325	5.646199999999999	-2.18218	-1.72438	3211455.0	1776544812.811225	0.0	1.0	-1.0	-1.0	-1.0	-1.0	-1.0	-1.0	-1.0	-1.0	0.0	marker	opened-hand	Open	15	0418
-66845.745	-53617.905	-103093.92	-17990.954999999998	0.0	0.0	0.0	0.0	0.0	0.0	0.0	0.0	0.0	0.0	0.0	0.0	0.0	0.0	146.0	0.0	0.04748523	-0.12646452	1.018979325	5.646199999999999	-2.18218	-1.72438	3211456.0	1776544812.811238	0.0	1.0	-1.0	-1.0	-1.0	-1.0	-1.0	-1.0	-1.0	-1.0	0.0	marker	opened-hand	Open	15	0418
-66746.7	-53616.555	-103004.775	-17898.03	0.0	0.0	0.0	0.0	0.0	0.0	0.0	0.0	0.0	0.0	0.0	0.0	0.0	0.0	146.0	0.0	0.044982795	-0.125915205	1.021054515	8.75924	-2.4415999999999998	-1.8617199999999998	3211457.0	1776544812.815381	0.0	1.0	-1.0	-1.0	-1.0	-1.0	-1.0	-1.0	-1.0	-1.0	0.0	marker	opened-hand	Open	15	0418
-66738.23999999999	-53611.604999999996	-102918.105	-17795.655	0.0	0.0	0.0	0.0	0.0	0.0	0.0	0.0	0.0	0.0	0.0	0.0	0.0	0.0	146.0	0.0	0.044982795	-0.125915205	1.021054515	8.75924	-2.4415999999999998	-1.8617199999999998	3211458.0	1776544812.815413	0.0	1.0	-1.0	-1.0	-1.0	-1.0	-1.0	-1.0	-1.0	-1.0	0.0	marker	opened-hand	Open	15	0418
-66989.06999999999	-53638.244999999995	-103081.815	-17922.735	0.0	0.0	0.0	0.0	0.0	0.0	0.0	0.0	0.0	0.0	0.0	0.0	0.0	0.0	146.0	0.0	0.044982795	-0.125915205	1.021054515	8.75924	-2.4415999999999998	-1.8617199999999998	3211459.0	1776544812.819232	0.0	1.0	-1.0	-1.0	-1.0	-1.0	-1.0	-1.0	-1.0	-1.0	0.0	marker	opened-hand	Open	15	0418
-66930.97499999999	-53654.805	-103125.465	-17968.77	0.0	0.0	0.0	0.0	0.0	0.0	0.0	0.0	0.0	0.0	0.0	0.0	0.0	0.0	146.0	0.0	0.044982795	-0.125915205	1.021054515	8.75924	-2.4415999999999998	-1.8617199999999998	3211460.0	1776544812.819249	0.0	1.0	-1.0	-1.0	-1.0	-1.0	-1.0	-1.0	-1.0	-1.0	0.0	marker	opened-hand	Open	15	0418
-66741.255	-53648.325	-102994.65	-17867.88	0.0	0.0	0.0	0.0	0.0	0.0	0.0	0.0	0.0	0.0	0.0	0.0	0.0	0.0	146.0	0.0	0.044982795	-0.125915205	1.021054515	8.75924	-2.4415999999999998	-1.8617199999999998	3211461.0	1776544812.824173	0.0	1.0	-1.0	-1.0	-1.0	-1.0	-1.0	-1.0	-1.0	-1.0	0.0	marker	opened-hand	Open	15	0418
-66525.75	-53628.075	-102813.65999999999	-17705.07	0.0	0.0	0.0	0.0	0.0	0.0	0.0	0.0	0.0	0.0	0.0	0.0	0.0	0.0	146.0	0.0	0.044982795	-0.125915205	1.021054515	8.75924	-2.4415999999999998	-1.8617199999999998	3211462.0	1776544812.824188	0.0	1.0	-1.0	-1.0	-1.0	-1.0	-1.0	-1.0	-1.0	-1.0	0.0	marker	opened-hand	Open	15	0418
-66659.355	-53626.275	-102905.685	-17802.495	0.0	0.0	0.0	0.0	0.0	0.0	0.0	0.0	0.0	0.0	0.0	0.0	0.0	0.0	146.0	0.0	0.044982795	-0.125915205	1.021054515	8.75924	-2.4415999999999998	-1.8617199999999998	3211463.0	1776544812.827306	0.0	1.0	-1.0	-1.0	-1.0	-1.0	-1.0	-1.0	-1.0	-1.0	0.0	marker	opened-hand	Open	15	0418
-66865.815	-53624.25	-103016.51999999999	-17919.765	0.0	0.0	0.0	0.0	0.0	0.0	0.0	0.0	0.0	0.0	0.0	0.0	0.0	0.0	146.0	0.0	0.044982795	-0.125915205	1.021054515	8.75924	-2.4415999999999998	-1.8617199999999998	3211464.0	1776544812.827319	0.0	1.0	-1.0	-1.0	-1.0	-1.0	-1.0	-1.0	-1.0	-1.0	0.0	marker	opened-hand	Open	15	0418
-66887.145	-53627.354999999996	-103041.855	-17920.89	0.0	0.0	0.0	0.0	0.0	0.0	0.0	0.0	0.0	0.0	0.0	0.0	0.0	0.0	146.0	0.0	0.044982795	-0.125915205	1.021054515	8.75924	-2.4415999999999998	-1.8617199999999998	3211465.0	1776544812.831351	0.0	1.0	-1.0	-1.0	-1.0	-1.0	-1.0	-1.0	-1.0	-1.0	0.0	marker	opened-hand	Open	15	0418
-66868.605	-53636.354999999996	-103092.165	-17975.25	0.0	0.0	0.0	0.0	0.0	0.0	0.0	0.0	0.0	0.0	0.0	0.0	0.0	0.0	146.0	0.0	0.044982795	-0.125915205	1.021054515	8.75924	-2.4415999999999998	-1.8617199999999998	3211466.0	1776544812.83138	0.0	1.0	-1.0	-1.0	-1.0	-1.0	-1.0	-1.0	-1.0	-1.0	0.0	marker	opened-hand	Open	15	0418
-66851.775	-53638.56	-103085.055	-17981.954999999998	0.0	0.0	0.0	0.0	0.0	0.0	0.0	0.0	0.0	0.0	0.0	0.0	0.0	0.0	146.0	0.0	0.05310045	-0.113341995	1.012509615	8.98814	-2.10588	-2.91466	3211467.0	1776544812.835395	0.0	1.0	-1.0	-1.0	-1.0	-1.0	-1.0	-1.0	-1.0	-1.0	0.0	marker	opened-hand	Open	15	0418
-66807.765	-53633.34	-103001.12999999999	-17900.864999999998	0.0	0.0	0.0	0.0	0.0	0.0	0.0	0.0	0.0	0.0	0.0	0.0	0.0	0.0	146.0	0.0	0.05310045	-0.113341995	1.012509615	8.98814	-2.10588	-2.91466	3211468.0	1776544812.83542	0.0	1.0	-1.0	-1.0	-1.0	-1.0	-1.0	-1.0	-1.0	-1.0	0.0	marker	opened-hand	Open	15	0418
-66808.26	-53618.805	-102935.47499999999	-17821.215	0.0	0.0	0.0	0.0	0.0	0.0	0.0	0.0	0.0	0.0	0.0	0.0	0.0	0.0	146.0	0.0	0.05310045	-0.113341995	1.012509615	8.98814	-2.10588	-2.91466	3211469.0	1776544812.839328	0.0	1.0	-1.0	-1.0	-1.0	-1.0	-1.0	-1.0	-1.0	-1.0	0.0	marker	opened-hand	Open	15	0418
-66905.55	-53617.14	-103035.78	-17918.28	0.0	0.0	0.0	0.0	0.0	0.0	0.0	0.0	0.0	0.0	0.0	0.0	0.0	0.0	146.0	0.0	0.05310045	-0.113341995	1.012509615	8.98814	-2.10588	-2.91466	3211470.0	1776544812.839349	0.0	1.0	-1.0	-1.0	-1.0	-1.0	-1.0	-1.0	-1.0	-1.0	0.0	marker	opened-hand	Open	15	0418
-66859.83	-53625.104999999996	-103070.43	-17975.88	0.0	0.0	0.0	0.0	0.0	0.0	0.0	0.0	0.0	0.0	0.0	0.0	0.0	0.0	146.0	0.0	0.05310045	-0.113341995	1.012509615	8.98814	-2.10588	-2.91466	3211471.0	1776544812.84362	0.0	1.0	-1.0	-1.0	-1.0	-1.0	-1.0	-1.0	-1.0	-1.0	0.0	marker	opened-hand	Open	15	0418
-66718.98	-53615.79	-102972.735	-17861.085	0.0	0.0	0.0	0.0	0.0	0.0	0.0	0.0	0.0	0.0	0.0	0.0	0.0	0.0	146.0	0.0	0.05310045	-0.113341995	1.012509615	8.98814	-2.10588	-2.91466	3211472.0	1776544812.843639	0.0	1.0	-1.0	-1.0	-1.0	-1.0	-1.0	-1.0	-1.0	-1.0	0.0	marker	opened-hand	Open	15	0418
-66716.415	-53615.52	-102980.25	-17866.305	0.0	0.0	0.0	0.0	0.0	0.0	0.0	0.0	0.0	0.0	0.0	0.0	0.0	0.0	146.0	0.0	0.05310045	-0.113341995	1.012509615	8.98814	-2.10588	-2.91466	3211473.0	1776544812.847286	0.0	1.0	-1.0	-1.0	-1.0	-1.0	-1.0	-1.0	-1.0	-1.0	0.0	marker	opened-hand	Open	15	0418
-66806.415	-53637.119999999995	-103104.405	-17966.565	0.0	0.0	0.0	0.0	0.0	0.0	0.0	0.0	0.0	0.0	0.0	0.0	0.0	0.0	146.0	0.0	0.05310045	-0.113341995	1.012509615	8.98814	-2.10588	-2.91466	3211474.0	1776544812.847325	0.0	1.0	-1.0	-1.0	-1.0	-1.0	-1.0	-1.0	-1.0	-1.0	0.0	marker	opened-hand	Open	15	0418
-66843.405	-53647.11	-103149.855	-18000.765	0.0	0.0	0.0	0.0	0.0	0.0	0.0	0.0	0.0	0.0	0.0	0.0	0.0	0.0	146.0	0.0	0.05310045	-0.113341995	1.012509615	8.98814	-2.10588	-2.91466	3211475.0	1776544812.851473	0.0	1.0	-1.0	-1.0	-1.0	-1.0	-1.0	-1.0	-1.0	-1.0	0.0	marker	opened-hand	Open	15	0418
-66808.62	-53642.924999999996	-103110.795	-17968.184999999998	0.0	0.0	0.0	0.0	0.0	0.0	0.0	0.0	0.0	0.0	0.0	0.0	0.0	0.0	146.0	0.0	0.05310045	-0.113341995	1.012509615	8.98814	-2.10588	-2.91466	3211476.0	1776544812.851494	0.0	1.0	-1.0	-1.0	-1.0	-1.0	-1.0	-1.0	-1.0	-1.0	0.0	marker	opened-hand	Open	15	0418
-66812.265	-53638.74	-103019.53499999999	-17896.995	0.0	0.0	0.0	0.0	0.0	0.0	0.0	0.0	0.0	0.0	0.0	0.0	0.0	0.0	146.0	0.0	0.059753265	-0.09771703500000001	1.0042088550000001	6.91278	-0.82404	-3.02148	3211477.0	1776544812.855458	0.0	1.0	-1.0	-1.0	-1.0	-1.0	-1.0	-1.0	-1.0	-1.0	0.0	marker	opened-hand	Open	15	0418
-66774.915	-53628.39	-102871.935	-17779.364999999998	0.0	0.0	0.0	0.0	0.0	0.0	0.0	0.0	0.0	0.0	0.0	0.0	0.0	0.0	146.0	0.0	0.059753265	-0.09771703500000001	1.0042088550000001	6.91278	-0.82404	-3.02148	3211478.0	1776544812.855487	0.0	1.0	-1.0	-1.0	-1.0	-1.0	-1.0	-1.0	-1.0	-1.0	0.0	marker	opened-hand	Open	15	0418
-66708.045	-53624.204999999994	-102864.105	-17774.954999999998	0.0	0.0	0.0	0.0	0.0	0.0	0.0	0.0	0.0	0.0	0.0	0.0	0.0	0.0	146.0	0.0	0.059753265	-0.09771703500000001	1.0042088550000001	6.91278	-0.82404	-3.02148	3211479.0	1776544812.859321	0.0	1.0	-1.0	-1.0	-1.0	-1.0	-1.0	-1.0	-1.0	-1.0	0.0	marker	opened-hand	Open	15	0418
-66703.635	-53627.534999999996	-102992.805	-17854.469999999998	0.0	0.0	0.0	0.0	0.0	0.0	0.0	0.0	0.0	0.0	0.0	0.0	0.0	0.0	146.0	0.0	0.059753265	-0.09771703500000001	1.0042088550000001	6.91278	-0.82404	-3.02148	3211480.0	1776544812.859336	0.0	1.0	-1.0	-1.0	-1.0	-1.0	-1.0	-1.0	-1.0	-1.0	0.0	marker	opened-hand	Open	15	0418
-66801.375	-53635.725	-103091.22	-17959.77	0.0	0.0	0.0	0.0	0.0	0.0	0.0	0.0	0.0	0.0	0.0	0.0	0.0	0.0	146.0	0.0	0.059753265	-0.09771703500000001	1.0042088550000001	6.91278	-0.82404	-3.02148	3211481.0	1776544812.8635	0.0	1.0	-1.0	-1.0	-1.0	-1.0	-1.0	-1.0	-1.0	-1.0	0.0	marker	opened-hand	Open	15	0418
-66843.18	-53639.729999999996	-103062.78	-17948.61	0.0	0.0	0.0	0.0	0.0	0.0	0.0	0.0	0.0	0.0	0.0	0.0	0.0	0.0	146.0	0.0	0.059753265	-0.09771703500000001	1.0042088550000001	6.91278	-0.82404	-3.02148	3211482.0	1776544812.863516	0.0	1.0	-1.0	-1.0	-1.0	-1.0	-1.0	-1.0	-1.0	-1.0	0.0	marker	opened-hand	Open	15	0418
-66852.315	-53634.465	-103020.93	-17911.079999999998	0.0	0.0	0.0	0.0	0.0	0.0	0.0	0.0	0.0	0.0	0.0	0.0	0.0	0.0	146.0	0.0	0.059753265	-0.09771703500000001	1.0042088550000001	6.91278	-0.82404	-3.02148	3211483.0	1776544812.867522	0.0	1.0	-1.0	-1.0	-1.0	-1.0	-1.0	-1.0	-1.0	-1.0	0.0	marker	opened-hand	Open	15	0418
-66806.64	-53626.905	-103000.815	-17893.485	0.0	0.0	0.0	0.0	0.0	0.0	0.0	0.0	0.0	0.0	0.0	0.0	0.0	0.0	146.0	0.0	0.059753265	-0.09771703500000001	1.0042088550000001	6.91278	-0.82404	-3.02148	3211484.0	1776544812.867544	0.0	1.0	-1.0	-1.0	-1.0	-1.0	-1.0	-1.0	-1.0	-1.0	0.0	marker	opened-hand	Open	15	0418
-66707.235	-53649.225	-102973.40999999999	-17878.05	0.0	0.0	0.0	0.0	0.0	0.0	0.0	0.0	0.0	0.0	0.0	0.0	0.0	0.0	146.0	0.0	0.059753265	-0.09771703500000001	1.0042088550000001	6.91278	-0.82404	-3.02148	3211485.0	1776544812.871498	0.0	1.0	-1.0	-1.0	-1.0	-1.0	-1.0	-1.0	-1.0	-1.0	0.0	marker	opened-hand	Open	15	0418
-66687.255	-53668.845	-102906.36	-17783.505	0.0	0.0	0.0	0.0	0.0	0.0	0.0	0.0	0.0	0.0	0.0	0.0	0.0	0.0	146.0	0.0	0.059753265	-0.09771703500000001	1.0042088550000001	6.91278	-0.82404	-3.02148	3211486.0	1776544812.871523	0.0	1.0	-1.0	-1.0	-1.0	-1.0	-1.0	-1.0	-1.0	-1.0	0.0	marker	opened-hand	Open	15	0418
-66857.67	-53665.47	-103021.92	-17877.69	0.0	0.0	0.0	0.0	0.0	0.0	0.0	0.0	0.0	0.0	0.0	0.0	0.0	0.0	146.0	0.0	0.059020845	-0.088073505	0.99780018	4.715339999999999	0.03052	-2.33478	3211487.0	1776544812.877443	0.0	1.0	-1.0	-1.0	-1.0	-1.0	-1.0	-1.0	-1.0	-1.0	0.0	marker	opened-hand	Open	15	0418
-66930.795	-53658.09	-103090.095	-17972.01	0.0	0.0	0.0	0.0	0.0	0.0	0.0	0.0	0.0	0.0	0.0	0.0	0.0	0.0	146.0	0.0	0.059020845	-0.088073505	0.99780018	4.715339999999999	0.03052	-2.33478	3211488.0	1776544812.877459	0.0	1.0	-1.0	-1.0	-1.0	-1.0	-1.0	-1.0	-1.0	-1.0	0.0	marker	opened-hand	Open	15	0418
-66630.59999999999	-53644.5	-102905.235	-17806.23	0.0	0.0	0.0	0.0	0.0	0.0	0.0	0.0	0.0	0.0	0.0	0.0	0.0	0.0	146.0	0.0	0.059020845	-0.088073505	0.99780018	4.715339999999999	0.03052	-2.33478	3211489.0	1776544812.880614	0.0	1.0	-1.0	-1.0	-1.0	-1.0	-1.0	-1.0	-1.0	-1.0	0.0	marker	opened-hand	Open	15	0418
-66647.295	-53641.89	-102930.165	-17809.829999999998	0.0	0.0	0.0	0.0	0.0	0.0	0.0	0.0	0.0	0.0	0.0	0.0	0.0	0.0	146.0	0.0	0.059020845	-0.088073505	0.99780018	4.715339999999999	0.03052	-2.33478	3211490.0	1776544812.880635	0.0	1.0	-1.0	-1.0	-1.0	-1.0	-1.0	-1.0	-1.0	-1.0	0.0	marker	opened-hand	Open	15	0418
-66865.815	-53656.65	-103099.76999999999	-17986.815	0.0	0.0	0.0	0.0	0.0	0.0	0.0	0.0	0.0	0.0	0.0	0.0	0.0	0.0	146.0	0.0	0.059020845	-0.088073505	0.99780018	4.715339999999999	0.03052	-2.33478	3211491.0	1776544812.883812	0.0	1.0	-1.0	-1.0	-1.0	-1.0	-1.0	-1.0	-1.0	-1.0	0.0	marker	opened-hand	Open	15	0418
-66861.405	-53649.72	-103047.03	-17921.52	0.0	0.0	0.0	0.0	0.0	0.0	0.0	0.0	0.0	0.0	0.0	0.0	0.0	0.0	146.0	0.0	0.059020845	-0.088073505	0.99780018	4.715339999999999	0.03052	-2.33478	3211492.0	1776544812.883837	0.0	1.0	-1.0	-1.0	-1.0	-1.0	-1.0	-1.0	-1.0	-1.0	0.0	marker	opened-hand	Open	15	0418
-66771.135	-53630.145	-102956.67	-17826.75	0.0	0.0	0.0	0.0	0.0	0.0	0.0	0.0	0.0	0.0	0.0	0.0	0.0	0.0	146.0	0.0	0.059020845	-0.088073505	0.99780018	4.715339999999999	0.03052	-2.33478	3211493.0	1776544812.890221	0.0	1.0	-1.0	-1.0	-1.0	-1.0	-1.0	-1.0	-1.0	-1.0	0.0	marker	opened-hand	Open	15	0418
-66780.18	-53619.93	-102955.86	-17839.125	0.0	0.0	0.0	0.0	0.0	0.0	0.0	0.0	0.0	0.0	0.0	0.0	0.0	0.0	146.0	0.0	0.059020845	-0.088073505	0.99780018	4.715339999999999	0.03052	-2.33478	3211494.0	1776544812.890248	0.0	1.0	-1.0	-1.0	-1.0	-1.0	-1.0	-1.0	-1.0	-1.0	0.0	marker	opened-hand	Open	15	0418
-66782.16	-53613.494999999995	-102998.025	-17877.555	0.0	0.0	0.0	0.0	0.0	0.0	0.0	0.0	0.0	0.0	0.0	0.0	0.0	0.0	146.0	0.0	0.059020845	-0.088073505	0.99780018	4.715339999999999	0.03052	-2.33478	3211495.0	1776544812.891474	0.0	1.0	-1.0	-1.0	-1.0	-1.0	-1.0	-1.0	-1.0	-1.0	0.0	marker	opened-hand	Open	15	0418
-66791.79	-53612.82	-103028.22	-17876.745	0.0	0.0	0.0	0.0	0.0	0.0	0.0	0.0	0.0	0.0	0.0	0.0	0.0	0.0	146.0	0.0	0.059020845	-0.088073505	0.99780018	4.715339999999999	0.03052	-2.33478	3211496.0	1776544812.89149	0.0	1.0	-1.0	-1.0	-1.0	-1.0	-1.0	-1.0	-1.0	-1.0	0.0	marker	opened-hand	Open	15	0418
-66811.455	-53607.645	-103099.59	-17976.735	0.0	0.0	0.0	0.0	0.0	0.0	0.0	0.0	0.0	0.0	0.0	0.0	0.0	0.0	146.0	0.0	0.068786445	-0.088439715	0.993710835	4.83742	1.6175599999999999	-1.4802199999999999	3211497.0	1776544812.895626	0.0	1.0	-1.0	-1.0	-1.0	-1.0	-1.0	-1.0	-1.0	-1.0	0.0	marker	opened-hand	Open	15	0418
-66753.63	-53607.78	-103048.65	-17952.255	0.0	0.0	0.0	0.0	0.0	0.0	0.0	0.0	0.0	0.0	0.0	0.0	0.0	0.0	146.0	0.0	0.068786445	-0.088439715	0.993710835	4.83742	1.6175599999999999	-1.4802199999999999	3211498.0	1776544812.89564	0.0	1.0	-1.0	-1.0	-1.0	-1.0	-1.0	-1.0	-1.0	-1.0	0.0	marker	opened-hand	Open	15	0418
-66697.69499999999	-53619.57	-102899.925	-17803.575	0.0	0.0	0.0	0.0	0.0	0.0	0.0	0.0	0.0	0.0	0.0	0.0	0.0	0.0	146.0	0.0	0.068786445	-0.088439715	0.993710835	4.83742	1.6175599999999999	-1.4802199999999999	3211499.0	1776544812.899511	0.0	1.0	-1.0	-1.0	-1.0	-1.0	-1.0	-1.0	-1.0	-1.0	0.0	marker	opened-hand	Open	15	0418
-66638.205	-53631.81	-102798.675	-17708.265	0.0	0.0	0.0	0.0	0.0	0.0	0.0	0.0	0.0	0.0	0.0	0.0	0.0	0.0	146.0	0.0	0.068786445	-0.088439715	0.993710835	4.83742	1.6175599999999999	-1.4802199999999999	3211500.0	1776544812.899523	0.0	1.0	-1.0	-1.0	-1.0	-1.0	-1.0	-1.0	-1.0	-1.0	0.0	marker	opened-hand	Open	15	0418
-66707.595	-53638.244999999995	-102860.45999999999	-17739.54	0.0	0.0	0.0	0.0	0.0	0.0	0.0	0.0	0.0	0.0	0.0	0.0	0.0	0.0	146.0	0.0	0.068786445	-0.088439715	0.993710835	4.83742	1.6175599999999999	-1.4802199999999999	3211501.0	1776544812.903579	0.0	1.0	-1.0	-1.0	-1.0	-1.0	-1.0	-1.0	-1.0	-1.0	0.0	marker	opened-hand	Open	15	0418
-66877.155	-53638.244999999995	-103084.065	-17988.48	0.0	0.0	0.0	0.0	0.0	0.0	0.0	0.0	0.0	0.0	0.0	0.0	0.0	0.0	146.0	0.0	0.068786445	-0.088439715	0.993710835	4.83742	1.6175599999999999	-1.4802199999999999	3211502.0	1776544812.903593	0.0	1.0	-1.0	-1.0	-1.0	-1.0	-1.0	-1.0	-1.0	-1.0	0.0	marker	opened-hand	Open	15	0418
-66789.9	-53620.29	-103012.245	-17940.329999999998	0.0	0.0	0.0	0.0	0.0	0.0	0.0	0.0	0.0	0.0	0.0	0.0	0.0	0.0	146.0	0.0	0.068786445	-0.088439715	0.993710835	4.83742	1.6175599999999999	-1.4802199999999999	3211503.0	1776544812.907518	0.0	1.0	-1.0	-1.0	-1.0	-1.0	-1.0	-1.0	-1.0	-1.0	0.0	marker	opened-hand	Open	15	0418
-66682.17	-53597.295	-102859.515	-17784.135	0.0	0.0	0.0	0.0	0.0	0.0	0.0	0.0	0.0	0.0	0.0	0.0	0.0	0.0	146.0	0.0	0.068786445	-0.088439715	0.993710835	4.83742	1.6175599999999999	-1.4802199999999999	3211504.0	1776544812.90753	0.0	1.0	-1.0	-1.0	-1.0	-1.0	-1.0	-1.0	-1.0	-1.0	0.0	marker	opened-hand	Open	15	0418
-66914.19	-53613.99	-103045.14	-17919.315	0.0	0.0	0.0	0.0	0.0	0.0	0.0	0.0	0.0	0.0	0.0	0.0	0.0	0.0	146.0	0.0	0.068786445	-0.088439715	0.993710835	4.83742	1.6175599999999999	-1.4802199999999999	3211505.0	1776544812.911714	0.0	1.0	-1.0	-1.0	-1.0	-1.0	-1.0	-1.0	-1.0	-1.0	0.0	marker	opened-hand	Open	15	0418
-66959.505	-53635.095	-103065.20999999999	-17964.675	0.0	0.0	0.0	0.0	0.0	0.0	0.0	0.0	0.0	0.0	0.0	0.0	0.0	0.0	146.0	0.0	0.068786445	-0.088439715	0.993710835	4.83742	1.6175599999999999	-1.4802199999999999	3211506.0	1776544812.911743	0.0	1.0	-1.0	-1.0	-1.0	-1.0	-1.0	-1.0	-1.0	-1.0	0.0	marker	opened-hand	Open	15	0418
-66818.06999999999	-53639.954999999994	-102962.11499999999	-17849.43	0.0	0.0	0.0	0.0	0.0	0.0	0.0	0.0	0.0	0.0	0.0	0.0	0.0	0.0	146.0	0.0	0.076843065	-0.09228492	0.9913915050000001	7.00434	3.70818	-1.05294	3211507.0	1776544812.919177	0.0	1.0	-1.0	-1.0	-1.0	-1.0	-1.0	-1.0	-1.0	-1.0	0.0	marker	opened-hand	Open	15	0418
-66826.125	-53645.985	-103144.095	-17969.94	0.0	0.0	0.0	0.0	0.0	0.0	0.0	0.0	0.0	0.0	0.0	0.0	0.0	0.0	146.0	0.0	0.076843065	-0.09228492	0.9913915050000001	7.00434	3.70818	-1.05294	3211508.0	1776544812.91919	0.0	1.0	-1.0	-1.0	-1.0	-1.0	-1.0	-1.0	-1.0	-1.0	0.0	marker	opened-hand	Open	15	0418
-66856.36499999999	-53641.935	-103185.765	-18049.454999999998	0.0	0.0	0.0	0.0	0.0	0.0	0.0	0.0	0.0	0.0	0.0	0.0	0.0	0.0	146.0	0.0	0.076843065	-0.09228492	0.9913915050000001	7.00434	3.70818	-1.05294	3211509.0	1776544812.919733	0.0	1.0	-1.0	-1.0	-1.0	-1.0	-1.0	-1.0	-1.0	-1.0	0.0	marker	opened-hand	Open	15	0418
-66825.765	-53631.72	-103076.45999999999	-17970.704999999998	0.0	0.0	0.0	0.0	0.0	0.0	0.0	0.0	0.0	0.0	0.0	0.0	0.0	0.0	146.0	0.0	0.076843065	-0.09228492	0.9913915050000001	7.00434	3.70818	-1.05294	3211510.0	1776544812.919752	0.0	1.0	-1.0	-1.0	-1.0	-1.0	-1.0	-1.0	-1.0	-1.0	0.0	marker	opened-hand	Open	15	0418
-66751.155	-53615.34	-103017.95999999999	-17915.805	0.0	0.0	0.0	0.0	0.0	0.0	0.0	0.0	0.0	0.0	0.0	0.0	0.0	0.0	146.0	0.0	0.076843065	-0.09228492	0.9913915050000001	7.00434	3.70818	-1.05294	3211511.0	1776544812.923607	0.0	1.0	-1.0	-1.0	-1.0	-1.0	-1.0	-1.0	-1.0	-1.0	0.0	marker	opened-hand	Open	15	0418
-66601.395	-53611.74	-102939.93	-17832.059999999998	0.0	0.0	0.0	0.0	0.0	0.0	0.0	0.0	0.0	0.0	0.0	0.0	0.0	0.0	146.0	0.0	0.076843065	-0.09228492	0.9913915050000001	7.00434	3.70818	-1.05294	3211512.0	1776544812.923629	0.0	1.0	-1.0	-1.0	-1.0	-1.0	-1.0	-1.0	-1.0	-1.0	0.0	marker	opened-hand	Open	15	0418
-66641.04	-53635.77	-102910.68	-17795.204999999998	0.0	0.0	0.0	0.0	0.0	0.0	0.0	0.0	0.0	0.0	0.0	0.0	0.0	0.0	146.0	0.0	0.076843065	-0.09228492	0.9913915050000001	7.00434	3.70818	-1.05294	3211513.0	1776544812.927668	0.0	1.0	-1.0	-1.0	-1.0	-1.0	-1.0	-1.0	-1.0	-1.0	0.0	marker	opened-hand	Open	15	0418
-66808.665	-53640.494999999995	-102957.39	-17816.085	0.0	0.0	0.0	0.0	0.0	0.0	0.0	0.0	0.0	0.0	0.0	0.0	0.0	0.0	146.0	0.0	0.076843065	-0.09228492	0.9913915050000001	7.00434	3.70818	-1.05294	3211514.0	1776544812.92768	0.0	1.0	-1.0	-1.0	-1.0	-1.0	-1.0	-1.0	-1.0	-1.0	0.0	marker	opened-hand	Open	15	0418
-66829.23	-53638.604999999996	-102947.58	-17806.815	0.0	0.0	0.0	0.0	0.0	0.0	0.0	0.0	0.0	0.0	0.0	0.0	0.0	0.0	146.0	0.0	0.076843065	-0.09228492	0.9913915050000001	7.00434	3.70818	-1.05294	3211515.0	1776544812.931707	0.0	1.0	-1.0	-1.0	-1.0	-1.0	-1.0	-1.0	-1.0	-1.0	0.0	marker	opened-hand	Open	15	0418
-66861.58499999999	-53643.689999999995	-102983.31	-17920.575	0.0	0.0	0.0	0.0	0.0	0.0	0.0	0.0	0.0	0.0	0.0	0.0	0.0	0.0	146.0	0.0	0.076843065	-0.09228492	0.9913915050000001	7.00434	3.70818	-1.05294	3211516.0	1776544812.931737	0.0	1.0	-1.0	-1.0	-1.0	-1.0	-1.0	-1.0	-1.0	-1.0	0.0	marker	opened-hand	Open	15	0418
-66852.045	-53651.295	-103034.205	-17964.63	0.0	0.0	0.0	0.0	0.0	0.0	0.0	0.0	0.0	0.0	0.0	0.0	0.0	0.0	146.0	0.0	0.072814755	-0.09179664	0.99328359	7.00434	4.7458599999999995	-0.8087799999999999	3211517.0	1776544812.935726	0.0	1.0	-1.0	-1.0	-1.0	-1.0	-1.0	-1.0	-1.0	-1.0	0.0	marker	opened-hand	Open	15	0418
-66821.22	-53639.909999999996	-103090.455	-17928.0	0.0	0.0	0.0	0.0	0.0	0.0	0.0	0.0	0.0	0.0	0.0	0.0	0.0	0.0	146.0	0.0	0.072814755	-0.09179664	0.99328359	7.00434	4.7458599999999995	-0.8087799999999999	3211518.0	1776544812.935746	0.0	1.0	-1.0	-1.0	-1.0	-1.0	-1.0	-1.0	-1.0	-1.0	0.0	marker	opened-hand	Open	15	0418
-66730.995	-53624.43	-103050.58499999999	-17913.78	0.0	0.0	0.0	0.0	0.0	0.0	0.0	0.0	0.0	0.0	0.0	0.0	0.0	0.0	146.0	0.0	0.072814755	-0.09179664	0.99328359	7.00434	4.7458599999999995	-0.8087799999999999	3211519.0	1776544812.939658	0.0	1.0	-1.0	-1.0	-1.0	-1.0	-1.0	-1.0	-1.0	-1.0	0.0	marker	opened-hand	Open	15	0418
-66830.94	-53629.38	-103071.95999999999	-17951.67	0.0	0.0	0.0	0.0	0.0	0.0	0.0	0.0	0.0	0.0	0.0	0.0	0.0	0.0	146.0	0.0	0.072814755	-0.09179664	0.99328359	7.00434	4.7458599999999995	-0.8087799999999999	3211520.0	1776544812.939674	0.0	1.0	-1.0	-1.0	-1.0	-1.0	-1.0	-1.0	-1.0	-1.0	0.0	marker	opened-hand	Open	15	0418
-66925.53	-53638.829999999994	-103127.53499999999	-18004.86	0.0	0.0	0.0	0.0	0.0	0.0	0.0	0.0	0.0	0.0	0.0	0.0	0.0	0.0	146.0	0.0	0.072814755	-0.09179664	0.99328359	7.00434	4.7458599999999995	-0.8087799999999999	3211521.0	1776544812.943596	0.0	1.0	-1.0	-1.0	-1.0	-1.0	-1.0	-1.0	-1.0	-1.0	0.0	marker	opened-hand	Open	15	0418
-66802.005	-53630.189999999995	-102997.215	-17871.39	0.0	0.0	0.0	0.0	0.0	0.0	0.0	0.0	0.0	0.0	0.0	0.0	0.0	0.0	146.0	0.0	0.072814755	-0.09179664	0.99328359	7.00434	4.7458599999999995	-0.8087799999999999	3211522.0	1776544812.943611	0.0	1.0	-1.0	-1.0	-1.0	-1.0	-1.0	-1.0	-1.0	-1.0	0.0	marker	opened-hand	Open	15	0418
-66765.23999999999	-53629.29	-103029.39	-17892.27	0.0	0.0	0.0	0.0	0.0	0.0	0.0	0.0	0.0	0.0	0.0	0.0	0.0	0.0	146.0	0.0	0.072814755	-0.09179664	0.99328359	7.00434	4.7458599999999995	-0.8087799999999999	3211523.0	1776544812.947716	0.0	1.0	-1.0	-1.0	-1.0	-1.0	-1.0	-1.0	-1.0	-1.0	0.0	marker	opened-hand	Open	15	0418
-66762.94499999999	-53632.799999999996	-103113.22499999999	-17981.505	0.0	0.0	0.0	0.0	0.0	0.0	0.0	0.0	0.0	0.0	0.0	0.0	0.0	0.0	146.0	0.0	0.072814755	-0.09179664	0.99328359	7.00434	4.7458599999999995	-0.8087799999999999	3211524.0	1776544812.947736	0.0	1.0	-1.0	-1.0	-1.0	-1.0	-1.0	-1.0	-1.0	-1.0	0.0	marker	opened-hand	Open	15	0418
-66833.685	-53646.299999999996	-103071.825	-17942.67	0.0	0.0	0.0	0.0	0.0	0.0	0.0	0.0	0.0	0.0	0.0	0.0	0.0	0.0	146.0	0.0	0.072814755	-0.09179664	0.99328359	7.00434	4.7458599999999995	-0.8087799999999999	3211525.0	1776544812.951656	0.0	1.0	-1.0	-1.0	-1.0	-1.0	-1.0	-1.0	-1.0	-1.0	0.0	marker	opened-hand	Open	15	0418
-66942.27	-53657.235	-103013.595	-17885.204999999998	0.0	0.0	0.0	0.0	0.0	0.0	0.0	0.0	0.0	0.0	0.0	0.0	0.0	0.0	146.0	0.0	0.072814755	-0.09179664	0.99328359	7.00434	4.7458599999999995	-0.8087799999999999	3211526.0	1776544812.951671	0.0	1.0	-1.0	-1.0	-1.0	-1.0	-1.0	-1.0	-1.0	-1.0	0.0	marker	opened-hand	Open	15	0418
-66864.69	-53652.284999999996	-102942.54	-17825.94	0.0	0.0	0.0	0.0	0.0	0.0	0.0	0.0	0.0	0.0	0.0	0.0	0.0	0.0	146.0	0.0	0.06140121	-0.087463155	1.00085193	3.8607799999999997	4.9900199999999995	-1.4802199999999999	3211527.0	1776544812.955755	0.0	1.0	-1.0	-1.0	-1.0	-1.0	-1.0	-1.0	-1.0	-1.0	0.0	marker	opened-hand	Open	15	0418
-66647.16	-53629.515	-102870.54	-17779.86	0.0	0.0	0.0	0.0	0.0	0.0	0.0	0.0	0.0	0.0	0.0	0.0	0.0	0.0	146.0	0.0	0.06140121	-0.087463155	1.00085193	3.8607799999999997	4.9900199999999995	-1.4802199999999999	3211528.0	1776544812.955777	0.0	1.0	-1.0	-1.0	-1.0	-1.0	-1.0	-1.0	-1.0	-1.0	0.0	marker	opened-hand	Open	15	0418
-66736.665	-53619.479999999996	-102946.185	-17835.93	0.0	0.0	0.0	0.0	0.0	0.0	0.0	0.0	0.0	0.0	0.0	0.0	0.0	0.0	146.0	0.0	0.06140121	-0.087463155	1.00085193	3.8607799999999997	4.9900199999999995	-1.4802199999999999	3211529.0	1776544812.959743	0.0	1.0	-1.0	-1.0	-1.0	-1.0	-1.0	-1.0	-1.0	-1.0	0.0	marker	opened-hand	Open	15	0418
-66903.435	-53624.97	-103100.44499999999	-17981.505	0.0	0.0	0.0	0.0	0.0	0.0	0.0	0.0	0.0	0.0	0.0	0.0	0.0	0.0	146.0	0.0	0.06140121	-0.087463155	1.00085193	3.8607799999999997	4.9900199999999995	-1.4802199999999999	3211530.0	1776544812.959762	0.0	1.0	-1.0	-1.0	-1.0	-1.0	-1.0	-1.0	-1.0	-1.0	0.0	marker	opened-hand	Open	15	0418
-66850.785	-53629.11	-103109.58	-18009.585	0.0	0.0	0.0	0.0	0.0	0.0	0.0	0.0	0.0	0.0	0.0	0.0	0.0	0.0	146.0	0.0	0.06140121	-0.087463155	1.00085193	3.8607799999999997	4.9900199999999995	-1.4802199999999999	3211531.0	1776544812.967983	0.0	1.0	-1.0	-1.0	-1.0	-1.0	-1.0	-1.0	-1.0	-1.0	0.0	marker	opened-hand	Open	15	0418
-66817.575	-53634.284999999996	-103061.15999999999	-17948.52	0.0	0.0	0.0	0.0	0.0	0.0	0.0	0.0	0.0	0.0	0.0	0.0	0.0	0.0	146.0	0.0	0.06140121	-0.087463155	1.00085193	3.8607799999999997	4.9900199999999995	-1.4802199999999999	3211532.0	1776544812.968004	0.0	1.0	-1.0	-1.0	-1.0	-1.0	-1.0	-1.0	-1.0	-1.0	0.0	marker	opened-hand	Open	15	0418
-66889.62	-53644.229999999996	-103065.795	-17939.25	0.0	0.0	0.0	0.0	0.0	0.0	0.0	0.0	0.0	0.0	0.0	0.0	0.0	0.0	146.0	0.0	0.06140121	-0.087463155	1.00085193	3.8607799999999997	4.9900199999999995	-1.4802199999999999	3211533.0	1776544812.968032	0.0	1.0	-1.0	-1.0	-1.0	-1.0	-1.0	-1.0	-1.0	-1.0	0.0	marker	opened-hand	Open	15	0418
-66832.605	-53655.39	-103015.305	-17912.385	0.0	0.0	0.0	0.0	0.0	0.0	0.0	0.0	0.0	0.0	0.0	0.0	0.0	0.0	146.0	0.0	0.06140121	-0.087463155	1.00085193	3.8607799999999997	4.9900199999999995	-1.4802199999999999	3211534.0	1776544812.968051	0.0	1.0	-1.0	-1.0	-1.0	-1.0	-1.0	-1.0	-1.0	-1.0	0.0	marker	opened-hand	Open	15	0418
-66820.095	-53654.22	-103025.025	-17913.87	0.0	0.0	0.0	0.0	0.0	0.0	0.0	0.0	0.0	0.0	0.0	0.0	0.0	0.0	146.0	0.0	0.06140121	-0.087463155	1.00085193	3.8607799999999997	4.9900199999999995	-1.4802199999999999	3211535.0	1776544812.972925	0.0	1.0	-1.0	-1.0	-1.0	-1.0	-1.0	-1.0	-1.0	-1.0	0.0	marker	opened-hand	Open	15	0418
-66799.215	-53642.88	-103031.55	-17919.675	0.0	0.0	0.0	0.0	0.0	0.0	0.0	0.0	0.0	0.0	0.0	0.0	0.0	0.0	146.0	0.0	0.06140121	-0.087463155	1.00085193	3.8607799999999997	4.9900199999999995	-1.4802199999999999	3211536.0	1776544812.972948	0.0	1.0	-1.0	-1.0	-1.0	-1.0	-1.0	-1.0	-1.0	-1.0	0.0	marker	opened-hand	Open	15	0418
-66653.145	-53619.119999999995	-102878.50499999999	-17780.309999999998	0.0	0.0	0.0	0.0	0.0	0.0	0.0	0.0	0.0	0.0	0.0	0.0	0.0	0.0	146.0	0.0	0.051818715	-0.08612038500000001	1.00903062	1.58704	4.8069	0.44254	3211537.0	1776544812.975732	0.0	1.0	-1.0	-1.0	-1.0	-1.0	-1.0	-1.0	-1.0	-1.0	0.0	marker	opened-hand	Open	15	0418
-66629.565	-53612.775	-102839.94	-17723.969999999998	0.0	0.0	0.0	0.0	0.0	0.0	0.0	0.0	0.0	0.0	0.0	0.0	0.0	0.0	146.0	0.0	0.051818715	-0.08612038500000001	1.00903062	1.58704	4.8069	0.44254	3211538.0	1776544812.975747	0.0	1.0	-1.0	-1.0	-1.0	-1.0	-1.0	-1.0	-1.0	-1.0	0.0	marker	opened-hand	Open	15	0418
-66712.005	-53620.65	-102860.37	-17713.17	0.0	0.0	0.0	0.0	0.0	0.0	0.0	0.0	0.0	0.0	0.0	0.0	0.0	0.0	146.0	0.0	0.051818715	-0.08612038500000001	1.00903062	1.58704	4.8069	0.44254	3211539.0	1776544812.979803	0.0	1.0	-1.0	-1.0	-1.0	-1.0	-1.0	-1.0	-1.0	-1.0	0.0	marker	opened-hand	Open	15	0418
-66699.98999999999	-53631.405	-102869.64	-17739.675	0.0	0.0	0.0	0.0	0.0	0.0	0.0	0.0	0.0	0.0	0.0	0.0	0.0	0.0	146.0	0.0	0.051818715	-0.08612038500000001	1.00903062	1.58704	4.8069	0.44254	3211540.0	1776544812.97982	0.0	1.0	-1.0	-1.0	-1.0	-1.0	-1.0	-1.0	-1.0	-1.0	0.0	marker	opened-hand	Open	15	0418
-66754.125	-53643.06	-103056.56999999999	-17945.91	0.0	0.0	0.0	0.0	0.0	0.0	0.0	0.0	0.0	0.0	0.0	0.0	0.0	0.0	146.0	0.0	0.051818715	-0.08612038500000001	1.00903062	1.58704	4.8069	0.44254	3211541.0	1776544812.985781	0.0	1.0	-1.0	-1.0	-1.0	-1.0	-1.0	-1.0	-1.0	-1.0	0.0	marker	opened-hand	Open	15	0418
-66836.295	-53641.665	-103073.31	-17961.704999999998	0.0	0.0	0.0	0.0	0.0	0.0	0.0	0.0	0.0	0.0	0.0	0.0	0.0	0.0	146.0	0.0	0.051818715	-0.08612038500000001	1.00903062	1.58704	4.8069	0.44254	3211542.0	1776544812.985801	0.0	1.0	-1.0	-1.0	-1.0	-1.0	-1.0	-1.0	-1.0	-1.0	0.0	marker	opened-hand	Open	15	0418
-66838.5	-53638.29	-102983.58	-17899.965	0.0	0.0	0.0	0.0	0.0	0.0	0.0	0.0	0.0	0.0	0.0	0.0	0.0	0.0	146.0	0.0	0.051818715	-0.08612038500000001	1.00903062	1.58704	4.8069	0.44254	3211543.0	1776544812.988874	0.0	1.0	-1.0	-1.0	-1.0	-1.0	-1.0	-1.0	-1.0	-1.0	0.0	marker	opened-hand	Open	15	0418
-66773.06999999999	-53632.619999999995	-102910.31999999999	-17848.53	0.0	0.0	0.0	0.0	0.0	0.0	0.0	0.0	0.0	0.0	0.0	0.0	0.0	0.0	146.0	0.0	0.051818715	-0.08612038500000001	1.00903062	1.58704	4.8069	0.44254	3211544.0	1776544812.988892	0.0	1.0	-1.0	-1.0	-1.0	-1.0	-1.0	-1.0	-1.0	-1.0	0.0	marker	opened-hand	Open	15	0418
-66650.04	-53617.229999999996	-102861.72	-17754.075	0.0	0.0	0.0	0.0	0.0	0.0	0.0	0.0	0.0	0.0	0.0	0.0	0.0	0.0	146.0	0.0	0.051818715	-0.08612038500000001	1.00903062	1.58704	4.8069	0.44254	3211545.0	1776544812.991877	0.0	1.0	-1.0	-1.0	-1.0	-1.0	-1.0	-1.0	-1.0	-1.0	0.0	marker	opened-hand	Open	15	0418
-66767.625	-53618.49	-102992.08499999999	-17865.045	0.0	0.0	0.0	0.0	0.0	0.0	0.0	0.0	0.0	0.0	0.0	0.0	0.0	0.0	146.0	0.0	0.051818715	-0.08612038500000001	1.00903062	1.58704	4.8069	0.44254	3211546.0	1776544812.991896	0.0	1.0	-1.0	-1.0	-1.0	-1.0	-1.0	-1.0	-1.0	-1.0	0.0	marker	opened-hand	Open	15	0418
-66839.985	-53613.99	-103056.705	-17964.855	0.0	0.0	0.0	0.0	0.0	0.0	0.0	0.0	0.0	0.0	0.0	0.0	0.0	0.0	146.0	0.0	0.04321278	-0.092468025	1.01818587	2.8994	4.07442	1.0682	3211547.0	1776544812.99587	0.0	1.0	-1.0	-1.0	-1.0	-1.0	-1.0	-1.0	-1.0	-1.0	0.0	marker	opened-hand	Open	15	0418
-66757.905	-53621.145	-102987.62999999999	-17892.719999999998	0.0	0.0	0.0	0.0	0.0	0.0	0.0	0.0	0.0	0.0	0.0	0.0	0.0	0.0	146.0	0.0	0.04321278	-0.092468025	1.01818587	2.8994	4.07442	1.0682	3211548.0	1776544812.995886	0.0	1.0	-1.0	-1.0	-1.0	-1.0	-1.0	-1.0	-1.0	-1.0	0.0	marker	opened-hand	Open	15	0418
-66842.28	-53646.615	-103073.04	-17983.844999999998	0.0	0.0	0.0	0.0	0.0	0.0	0.0	0.0	0.0	0.0	0.0	0.0	0.0	0.0	146.0	0.0	0.04321278	-0.092468025	1.01818587	2.8994	4.07442	1.0682	3211549.0	1776544812.999853	0.0	1.0	-1.0	-1.0	-1.0	-1.0	-1.0	-1.0	-1.0	-1.0	0.0	marker	opened-hand	Open	15	0418
-66812.715	-53647.02	-103069.98	-17956.395	0.0	0.0	0.0	0.0	0.0	0.0	0.0	0.0	0.0	0.0	0.0	0.0	0.0	0.0	146.0	0.0	0.04321278	-0.092468025	1.01818587	2.8994	4.07442	1.0682	3211550.0	1776544812.999872	0.0	1.0	-1.0	-1.0	-1.0	-1.0	-1.0	-1.0	-1.0	-1.0	0.0	marker	opened-hand	Open	15	0418
-66848.44499999999	-53642.34	-103151.925	-17975.969999999998	0.0	0.0	0.0	0.0	0.0	0.0	0.0	0.0	0.0	0.0	0.0	0.0	0.0	0.0	146.0	0.0	0.04321278	-0.092468025	1.01818587	2.8994	4.07442	1.0682	3211551.0	1776544813.003809	0.0	1.0	-1.0	-1.0	-1.0	-1.0	-1.0	-1.0	-1.0	-1.0	0.0	marker	opened-hand	Open	15	0418
-66880.53	-53628.975	-103093.965	-17939.79	0.0	0.0	0.0	0.0	0.0	0.0	0.0	0.0	0.0	0.0	0.0	0.0	0.0	0.0	146.0	0.0	0.04321278	-0.092468025	1.01818587	2.8994	4.07442	1.0682	3211552.0	1776544813.003828	0.0	1.0	-1.0	-1.0	-1.0	-1.0	-1.0	-1.0	-1.0	-1.0	0.0	marker	opened-hand	Open	15	0418
-66874.635	-53612.235	-103013.055	-17899.11	0.0	0.0	0.0	0.0	0.0	0.0	0.0	0.0	0.0	0.0	0.0	0.0	0.0	0.0	146.0	0.0	0.04321278	-0.092468025	1.01818587	2.8994	4.07442	1.0682	3211553.0	1776544813.007861	0.0	1.0	-1.0	-1.0	-1.0	-1.0	-1.0	-1.0	-1.0	-1.0	0.0	marker	opened-hand	Open	15	0418
-66748.77	-53600.715	-102980.06999999999	-17859.149999999998	0.0	0.0	0.0	0.0	0.0	0.0	0.0	0.0	0.0	0.0	0.0	0.0	0.0	0.0	146.0	0.0	0.04321278	-0.092468025	1.01818587	2.8994	4.07442	1.0682	3211554.0	1776544813.007884	0.0	1.0	-1.0	-1.0	-1.0	-1.0	-1.0	-1.0	-1.0	-1.0	0.0	marker	opened-hand	Open	15	0418
-66631.23	-53598.24	-102869.37	-17729.594999999998	0.0	0.0	0.0	0.0	0.0	0.0	0.0	0.0	0.0	0.0	0.0	0.0	0.0	0.0	146.0	0.0	0.04321278	-0.092468025	1.01818587	2.8994	4.07442	1.0682	3211555.0	1776544813.011946	0.0	1.0	-1.0	-1.0	-1.0	-1.0	-1.0	-1.0	-1.0	-1.0	0.0	marker	opened-hand	Open	15	0418
-66577.77	-53599.454999999994	-102761.14499999999	-17631.809999999998	0.0	0.0	0.0	0.0	0.0	0.0	0.0	0.0	0.0	0.0	0.0	0.0	0.0	0.0	146.0	0.0	0.04321278	-0.092468025	1.01818587	2.8994	4.07442	1.0682	3211556.0	1776544813.011967	0.0	1.0	-1.0	-1.0	-1.0	-1.0	-1.0	-1.0	-1.0	-1.0	0.0	marker	opened-hand	Open	15	0418
-66699.18	-53606.475	-102807.09	-17698.725	0.0	0.0	0.0	0.0	0.0	0.0	0.0	0.0	0.0	0.0	0.0	0.0	0.0	0.0	146.13793103448276	0.0	0.035949615	-0.095153565	1.025571105	4.66956	2.45686	0.10682	3211557.0	1776544813.015978	0.0	1.0	-1.0	-1.0	-1.0	-1.0	-1.0	-1.0	-1.0	-1.0	0.0	marker	opened-hand	Open	15	0418
-66800.83499999999	-53613.134999999995	-102873.69	-17716.545	0.0	0.0	0.0	0.0	0.0	0.0	0.0	0.0	0.0	0.0	0.0	0.0	0.0	0.0	146.13793103448276	0.0	0.035949615	-0.095153565	1.025571105	4.66956	2.45686	0.10682	3211558.0	1776544813.016008	0.0	1.0	-1.0	-1.0	-1.0	-1.0	-1.0	-1.0	-1.0	-1.0	0.0	marker	opened-hand	Open	15	0418
-66780.855	-53622.63	-103003.11	-17852.04	0.0	0.0	0.0	0.0	0.0	0.0	0.0	0.0	0.0	0.0	0.0	0.0	0.0	0.0	146.13793103448276	0.0	0.035949615	-0.095153565	1.025571105	4.66956	2.45686	0.10682	3211559.0	1776544813.020027	0.0	1.0	-1.0	-1.0	-1.0	-1.0	-1.0	-1.0	-1.0	-1.0	0.0	marker	opened-hand	Open	15	0418
-66834.0	-53631.36	-103105.08	-17990.1	0.0	0.0	0.0	0.0	0.0	0.0	0.0	0.0	0.0	0.0	0.0	0.0	0.0	0.0	146.13793103448276	0.0	0.035949615	-0.095153565	1.025571105	4.66956	2.45686	0.10682	3211560.0	1776544813.020044	0.0	1.0	-1.0	-1.0	-1.0	-1.0	-1.0	-1.0	-1.0	-1.0	0.0	marker	opened-hand	Open	15	0418
-66807.765	-53621.82	-103058.325	-17911.035	0.0	0.0	0.0	0.0	0.0	0.0	0.0	0.0	0.0	0.0	0.0	0.0	0.0	0.0	146.13793103448276	0.0	0.035949615	-0.095153565	1.025571105	4.66956	2.45686	0.10682	3211561.0	1776544813.023941	0.0	1.0	-1.0	-1.0	-1.0	-1.0	-1.0	-1.0	-1.0	-1.0	0.0	marker	opened-hand	Open	15	0418
-66824.55	-53618.805	-103033.39499999999	-17932.5	0.0	0.0	0.0	0.0	0.0	0.0	0.0	0.0	0.0	0.0	0.0	0.0	0.0	0.0	146.13793103448276	0.0	0.035949615	-0.095153565	1.025571105	4.66956	2.45686	0.10682	3211562.0	1776544813.02396	0.0	1.0	-1.0	-1.0	-1.0	-1.0	-1.0	-1.0	-1.0	-1.0	0.0	marker	opened-hand	Open	15	0418
-66924.94499999999	-53626.32	-103097.15999999999	-18002.43	0.0	0.0	0.0	0.0	0.0	0.0	0.0	0.0	0.0	0.0	0.0	0.0	0.0	0.0	146.13793103448276	0.0	0.035949615	-0.095153565	1.025571105	4.66956	2.45686	0.10682	3211563.0	1776544813.028016	0.0	1.0	-1.0	-1.0	-1.0	-1.0	-1.0	-1.0	-1.0	-1.0	0.0	marker	opened-hand	Open	15	0418
-66858.93	-53630.145	-103144.095	-18018.045	0.0	0.0	0.0	0.0	0.0	0.0	0.0	0.0	0.0	0.0	0.0	0.0	0.0	0.0	146.13793103448276	0.0	0.035949615	-0.095153565	1.025571105	4.66956	2.45686	0.10682	3211564.0	1776544813.02803	0.0	1.0	-1.0	-1.0	-1.0	-1.0	-1.0	-1.0	-1.0	-1.0	0.0	marker	opened-hand	Open	15	0418
-66917.83499999999	-53644.095	-103179.69	-18060.12	0.0	0.0	0.0	0.0	0.0	0.0	0.0	0.0	0.0	0.0	0.0	0.0	0.0	0.0	146.13793103448276	0.0	0.035949615	-0.095153565	1.025571105	4.66956	2.45686	0.10682	3211565.0	1776544813.03193	0.0	1.0	-1.0	-1.0	-1.0	-1.0	-1.0	-1.0	-1.0	-1.0	0.0	marker	opened-hand	Open	15	0418
-66838.995	-53642.88	-103048.37999999999	-17942.309999999998	0.0	0.0	0.0	0.0	0.0	0.0	0.0	0.0	0.0	0.0	0.0	0.0	0.0	0.0	146.13793103448276	0.0	0.035949615	-0.095153565	1.025571105	4.66956	2.45686	0.10682	3211566.0	1776544813.031949	0.0	1.0	-1.0	-1.0	-1.0	-1.0	-1.0	-1.0	-1.0	-1.0	0.0	marker	opened-hand	Open	15	0418
-66749.805	-53647.65	-103021.425	-17885.25	0.0	0.0	0.0	0.0	0.0	0.0	0.0	0.0	0.0	0.0	0.0	0.0	0.0	0.0	146.13793103448276	0.0	0.034973055	-0.08825661	1.03051494	1.15976	1.03768	0.39676	3211567.0	1776544813.037592	0.0	1.0	-1.0	-1.0	-1.0	-1.0	-1.0	-1.0	-1.0	-1.0	0.0	marker	opened-hand	Open	15	0418
-66468.465	-53626.32	-102775.59	-17642.79	0.0	0.0	0.0	0.0	0.0	0.0	0.0	0.0	0.0	0.0	0.0	0.0	0.0	0.0	146.13793103448276	0.0	0.034973055	-0.08825661	1.03051494	1.15976	1.03768	0.39676	3211568.0	1776544813.037617	0.0	1.0	-1.0	-1.0	-1.0	-1.0	-1.0	-1.0	-1.0	-1.0	0.0	marker	opened-hand	Open	15	0418
-66641.355	-53631.99	-102825.45	-17708.535	0.0	0.0	0.0	0.0	0.0	0.0	0.0	0.0	0.0	0.0	0.0	0.0	0.0	0.0	146.13793103448276	0.0	0.034973055	-0.08825661	1.03051494	1.15976	1.03768	0.39676	3211569.0	1776544813.039685	0.0	1.0	-1.0	-1.0	-1.0	-1.0	-1.0	-1.0	-1.0	-1.0	0.0	marker	opened-hand	Open	15	0418
-66968.145	-53649.18	-103095.18	-17994.329999999998	0.0	0.0	0.0	0.0	0.0	0.0	0.0	0.0	0.0	0.0	0.0	0.0	0.0	0.0	146.13793103448276	0.0	0.034973055	-0.08825661	1.03051494	1.15976	1.03768	0.39676	3211570.0	1776544813.039704	0.0	1.0	-1.0	-1.0	-1.0	-1.0	-1.0	-1.0	-1.0	-1.0	0.0	marker	opened-hand	Open	15	0418
-66859.2	-53639.415	-103007.79	-17964.54	0.0	0.0	0.0	0.0	0.0	0.0	0.0	0.0	0.0	0.0	0.0	0.0	0.0	0.0	146.13793103448276	0.0	0.034973055	-0.08825661	1.03051494	1.15976	1.03768	0.39676	3211571.0	1776544813.046105	0.0	1.0	-1.0	-1.0	-1.0	-1.0	-1.0	-1.0	-1.0	-1.0	0.0	marker	opened-hand	Open	15	0418
-66841.29	-53640.314999999995	-102905.19	-17892.315	0.0	0.0	0.0	0.0	0.0	0.0	0.0	0.0	0.0	0.0	0.0	0.0	0.0	0.0	146.13793103448276	0.0	0.034973055	-0.08825661	1.03051494	1.15976	1.03768	0.39676	3211572.0	1776544813.046134	0.0	1.0	-1.0	-1.0	-1.0	-1.0	-1.0	-1.0	-1.0	-1.0	0.0	marker	opened-hand	Open	15	0418
-66862.125	-53649.99	-103035.95999999999	-17946.54	0.0	0.0	0.0	0.0	0.0	0.0	0.0	0.0	0.0	0.0	0.0	0.0	0.0	0.0	146.13793103448276	0.0	0.034973055	-0.08825661	1.03051494	1.15976	1.03768	0.39676	3211573.0	1776544813.049299	0.0	1.0	-1.0	-1.0	-1.0	-1.0	-1.0	-1.0	-1.0	-1.0	0.0	marker	opened-hand	Open	15	0418
-66894.12	-53665.38	-103182.56999999999	-17989.92	0.0	0.0	0.0	0.0	0.0	0.0	0.0	0.0	0.0	0.0	0.0	0.0	0.0	0.0	146.13793103448276	0.0	0.034973055	-0.08825661	1.03051494	1.15976	1.03768	0.39676	3211574.0	1776544813.049307	0.0	1.0	-1.0	-1.0	-1.0	-1.0	-1.0	-1.0	-1.0	-1.0	0.0	marker	opened-hand	Open	15	0418
-66745.485	-53661.645	-103052.25	-17924.219999999998	0.0	0.0	0.0	0.0	0.0	0.0	0.0	0.0	0.0	0.0	0.0	0.0	0.0	0.0	146.13793103448276	0.0	0.034973055	-0.08825661	1.03051494	1.15976	1.03768	0.39676	3211575.0	1776544813.052204	0.0	1.0	-1.0	-1.0	-1.0	-1.0	-1.0	-1.0	-1.0	-1.0	0.0	marker	opened-hand	Open	15	0418
-66885.84	-53665.155	-103148.64	-18018.405	0.0	0.0	0.0	0.0	0.0	0.0	0.0	0.0	0.0	0.0	0.0	0.0	0.0	0.0	146.13793103448276	0.0	0.034973055	-0.08825661	1.03051494	1.15976	1.03768	0.39676	3211576.0	1776544813.052211	0.0	1.0	-1.0	-1.0	-1.0	-1.0	-1.0	-1.0	-1.0	-1.0	0.0	marker	opened-hand	Open	15	0418
-66884.08499999999	-53652.195	-103114.03499999999	-17979.3	0.0	0.0	0.0	0.0	0.0	0.0	0.0	0.0	0.0	0.0	0.0	0.0	0.0	0.0	146.13793103448276	0.0	0.040344135	-0.084167265	1.028256645	-1.25132	-0.07629999999999999	0.13734	3211577.0	1776544813.058287	0.0	1.0	-1.0	-1.0	-1.0	-1.0	-1.0	-1.0	-1.0	-1.0	0.0	marker	opened-hand	Open	15	0418
-66739.545	-53630.82	-102966.93	-17848.89	0.0	0.0	0.0	0.0	0.0	0.0	0.0	0.0	0.0	0.0	0.0	0.0	0.0	0.0	146.13793103448276	0.0	0.040344135	-0.084167265	1.028256645	-1.25132	-0.07629999999999999	0.13734	3211578.0	1776544813.0583	0.0	1.0	-1.0	-1.0	-1.0	-1.0	-1.0	-1.0	-1.0	-1.0	0.0	marker	opened-hand	Open	15	0418
-66654.98999999999	-53632.439999999995	-102916.44	-17804.204999999998	0.0	0.0	0.0	0.0	0.0	0.0	0.0	0.0	0.0	0.0	0.0	0.0	0.0	0.0	146.13793103448276	0.0	0.040344135	-0.084167265	1.028256645	-1.25132	-0.07629999999999999	0.13734	3211579.0	1776544813.060226	0.0	1.0	-1.0	-1.0	-1.0	-1.0	-1.0	-1.0	-1.0	-1.0	0.0	marker	opened-hand	Open	15	0418
-66716.64	-53633.43	-102986.90999999999	-17863.605	0.0	0.0	0.0	0.0	0.0	0.0	0.0	0.0	0.0	0.0	0.0	0.0	0.0	0.0	146.13793103448276	0.0	0.040344135	-0.084167265	1.028256645	-1.25132	-0.07629999999999999	0.13734	3211580.0	1776544813.06024	0.0	1.0	-1.0	-1.0	-1.0	-1.0	-1.0	-1.0	-1.0	-1.0	0.0	marker	opened-hand	Open	15	0418
-66650.805	-53625.42	-102885.93	-17767.62	0.0	0.0	0.0	0.0	0.0	0.0	0.0	0.0	0.0	0.0	0.0	0.0	0.0	0.0	146.13793103448276	0.0	0.040344135	-0.084167265	1.028256645	-1.25132	-0.07629999999999999	0.13734	3211581.0	1776544813.064131	0.0	1.0	-1.0	-1.0	-1.0	-1.0	-1.0	-1.0	-1.0	-1.0	0.0	marker	opened-hand	Open	15	0418
-66742.29	-53636.715	-102921.39	-17806.184999999998	0.0	0.0	0.0	0.0	0.0	0.0	0.0	0.0	0.0	0.0	0.0	0.0	0.0	0.0	146.13793103448276	0.0	0.040344135	-0.084167265	1.028256645	-1.25132	-0.07629999999999999	0.13734	3211582.0	1776544813.064137	0.0	1.0	-1.0	-1.0	-1.0	-1.0	-1.0	-1.0	-1.0	-1.0	0.0	marker	opened-hand	Open	15	0418
-66727.44	-53642.564999999995	-102882.69	-17755.605	0.0	0.0	0.0	0.0	0.0	0.0	0.0	0.0	0.0	0.0	0.0	0.0	0.0	0.0	146.13793103448276	0.0	0.040344135	-0.084167265	1.028256645	-1.25132	-0.07629999999999999	0.13734	3211583.0	1776544813.068067	0.0	1.0	-1.0	-1.0	-1.0	-1.0	-1.0	-1.0	-1.0	-1.0	0.0	marker	opened-hand	Open	15	0418
-66781.62	-53665.92	-102965.53499999999	-17843.265	0.0	0.0	0.0	0.0	0.0	0.0	0.0	0.0	0.0	0.0	0.0	0.0	0.0	0.0	146.13793103448276	0.0	0.040344135	-0.084167265	1.028256645	-1.25132	-0.07629999999999999	0.13734	3211584.0	1776544813.068072	0.0	1.0	-1.0	-1.0	-1.0	-1.0	-1.0	-1.0	-1.0	-1.0	0.0	marker	opened-hand	Open	15	0418
-66888.18	-53690.31	-103134.465	-18020.88	0.0	0.0	0.0	0.0	0.0	0.0	0.0	0.0	0.0	0.0	0.0	0.0	0.0	0.0	146.13793103448276	0.0	0.040344135	-0.084167265	1.028256645	-1.25132	-0.07629999999999999	0.13734	3211585.0	1776544813.072078	0.0	1.0	-1.0	-1.0	-1.0	-1.0	-1.0	-1.0	-1.0	-1.0	0.0	marker	opened-hand	Open	15	0418
-66768.56999999999	-53674.47	-102936.825	-17839.53	0.0	0.0	0.0	0.0	0.0	0.0	0.0	0.0	0.0	0.0	0.0	0.0	0.0	0.0	146.13793103448276	0.0	0.040344135	-0.084167265	1.028256645	-1.25132	-0.07629999999999999	0.13734	3211586.0	1776544813.072083	0.0	1.0	-1.0	-1.0	-1.0	-1.0	-1.0	-1.0	-1.0	-1.0	0.0	marker	opened-hand	Open	15	0418
-66705.705	-53667.72	-102901.14	-17800.38	0.0	0.0	0.0	0.0	0.0	0.0	0.0	0.0	0.0	0.0	0.0	0.0	0.0	0.0	146.13793103448276	0.0	0.050964225	-0.078307905	1.027158015	-2.71628	-0.97664	0.6714399999999999	3211587.0	1776544813.076167	0.0	1.0	-1.0	-1.0	-1.0	-1.0	-1.0	-1.0	-1.0	-1.0	0.0	marker	opened-hand	Open	15	0418
-66818.47499999999	-53675.954999999994	-102951.495	-17829.765	0.0	0.0	0.0	0.0	0.0	0.0	0.0	0.0	0.0	0.0	0.0	0.0	0.0	0.0	146.13793103448276	0.0	0.050964225	-0.078307905	1.027158015	-2.71628	-0.97664	0.6714399999999999	3211588.0	1776544813.076172	0.0	1.0	-1.0	-1.0	-1.0	-1.0	-1.0	-1.0	-1.0	-1.0	0.0	marker	opened-hand	Open	15	0418
-66787.065	-53681.939999999995	-102941.595	-17828.28	0.0	0.0	0.0	0.0	0.0	0.0	0.0	0.0	0.0	0.0	0.0	0.0	0.0	0.0	146.13793103448276	0.0	0.050964225	-0.078307905	1.027158015	-2.71628	-0.97664	0.6714399999999999	3211589.0	1776544813.082318	0.0	1.0	-1.0	-1.0	-1.0	-1.0	-1.0	-1.0	-1.0	-1.0	0.0	marker	opened-hand	Open	15	0418
-66890.43	-53700.03	-103136.355	-17999.37	0.0	0.0	0.0	0.0	0.0	0.0	0.0	0.0	0.0	0.0	0.0	0.0	0.0	0.0	146.13793103448276	0.0	0.050964225	-0.078307905	1.027158015	-2.71628	-0.97664	0.6714399999999999	3211590.0	1776544813.082323	0.0	1.0	-1.0	-1.0	-1.0	-1.0	-1.0	-1.0	-1.0	-1.0	0.0	marker	opened-hand	Open	15	0418
-66894.795	-53705.295	-103206.23999999999	-18090.63	0.0	0.0	0.0	0.0	0.0	0.0	0.0	0.0	0.0	0.0	0.0	0.0	0.0	0.0	146.13793103448276	0.0	0.050964225	-0.078307905	1.027158015	-2.71628	-0.97664	0.6714399999999999	3211591.0	1776544813.085205	0.0	1.0	-1.0	-1.0	-1.0	-1.0	-1.0	-1.0	-1.0	-1.0	0.0	marker	opened-hand	Open	15	0418
-66811.68	-53702.64	-103075.92	-17982.18	0.0	0.0	0.0	0.0	0.0	0.0	0.0	0.0	0.0	0.0	0.0	0.0	0.0	0.0	146.13793103448276	0.0	0.050964225	-0.078307905	1.027158015	-2.71628	-0.97664	0.6714399999999999	3211592.0	1776544813.08521	0.0	1.0	-1.0	-1.0	-1.0	-1.0	-1.0	-1.0	-1.0	-1.0	0.0	marker	opened-hand	Open	15	0418
-66785.355	-53693.595	-103011.25499999999	-17907.21	0.0	0.0	0.0	0.0	0.0	0.0	0.0	0.0	0.0	0.0	0.0	0.0	0.0	0.0	146.13793103448276	0.0	0.050964225	-0.078307905	1.027158015	-2.71628	-0.97664	0.6714399999999999	3211593.0	1776544813.08824	0.0	1.0	-1.0	-1.0	-1.0	-1.0	-1.0	-1.0	-1.0	-1.0	0.0	marker	opened-hand	Open	15	0418
-66796.83	-53675.595	-103033.485	-17936.954999999998	0.0	0.0	0.0	0.0	0.0	0.0	0.0	0.0	0.0	0.0	0.0	0.0	0.0	0.0	146.13793103448276	0.0	0.050964225	-0.078307905	1.027158015	-2.71628	-0.97664	0.6714399999999999	3211594.0	1776544813.088245	0.0	1.0	-1.0	-1.0	-1.0	-1.0	-1.0	-1.0	-1.0	-1.0	0.0	marker	opened-hand	Open	15	0418
-66846.33	-53676.045	-103050.22499999999	-17940.42	0.0	0.0	0.0	0.0	0.0	0.0	0.0	0.0	0.0	0.0	0.0	0.0	0.0	0.0	146.13793103448276	0.0	0.050964225	-0.078307905	1.027158015	-2.71628	-0.97664	0.6714399999999999	3211595.0	1776544813.094284	0.0	1.0	-1.0	-1.0	-1.0	-1.0	-1.0	-1.0	-1.0	-1.0	0.0	marker	opened-hand	Open	15	0418
-66818.025	-53669.655	-103005.72	-17863.559999999998	0.0	0.0	0.0	0.0	0.0	0.0	0.0	0.0	0.0	0.0	0.0	0.0	0.0	0.0	146.13793103448276	0.0	0.050964225	-0.078307905	1.027158015	-2.71628	-0.97664	0.6714399999999999	3211596.0	1776544813.094289	0.0	1.0	-1.0	-1.0	-1.0	-1.0	-1.0	-1.0	-1.0	-1.0	0.0	marker	opened-hand	Open	15	0418
-66828.51	-53669.88	-103021.29	-17898.12	0.0	0.0	0.0	0.0	0.0	0.0	0.0	0.0	0.0	0.0	0.0	0.0	0.0	0.0	146.13793103448276	0.0	0.050964225	-0.10766574	1.026669735	0.16785999999999998	-2.4415999999999998	0.82404	3211597.0	1776544813.096375	0.0	1.0	-1.0	-1.0	-1.0	-1.0	-1.0	-1.0	-1.0	-1.0	0.0	marker	opened-hand	Open	15	0418
-66806.955	-53675.46	-102960.495	-17899.829999999998	0.0	0.0	0.0	0.0	0.0	0.0	0.0	0.0	0.0	0.0	0.0	0.0	0.0	0.0	146.13793103448276	0.0	0.050964225	-0.10766574	1.026669735	0.16785999999999998	-2.4415999999999998	0.82404	3211598.0	1776544813.096379	0.0	1.0	-1.0	-1.0	-1.0	-1.0	-1.0	-1.0	-1.0	-1.0	0.0	marker	opened-hand	Open	15	0418
-66740.4	-53688.555	-102916.53	-17784.855	0.0	0.0	0.0	0.0	0.0	0.0	0.0	0.0	0.0	0.0	0.0	0.0	0.0	0.0	146.13793103448276	0.0	0.050964225	-0.10766574	1.026669735	0.16785999999999998	-2.4415999999999998	0.82404	3211599.0	1776544813.100687	0.0	1.0	-1.0	-1.0	-1.0	-1.0	-1.0	-1.0	-1.0	-1.0	0.0	marker	opened-hand	Open	15	0418
-66777.48	-53706.645	-103018.635	-17859.825	0.0	0.0	0.0	0.0	0.0	0.0	0.0	0.0	0.0	0.0	0.0	0.0	0.0	0.0	146.13793103448276	0.0	0.050964225	-0.10766574	1.026669735	0.16785999999999998	-2.4415999999999998	0.82404	3211600.0	1776544813.100691	0.0	1.0	-1.0	-1.0	-1.0	-1.0	-1.0	-1.0	-1.0	-1.0	0.0	marker	opened-hand	Open	15	0418
-66760.065	-53707.365	-102972.465	-17841.42	0.0	0.0	0.0	0.0	0.0	0.0	0.0	0.0	0.0	0.0	0.0	0.0	0.0	0.0	146.13793103448276	0.0	0.050964225	-0.10766574	1.026669735	0.16785999999999998	-2.4415999999999998	0.82404	3211601.0	1776544813.104147	0.0	1.0	-1.0	-1.0	-1.0	-1.0	-1.0	-1.0	-1.0	-1.0	0.0	marker	opened-hand	Open	15	0418
-66684.78	-53692.604999999996	-102925.70999999999	-17804.204999999998	0.0	0.0	0.0	0.0	0.0	0.0	0.0	0.0	0.0	0.0	0.0	0.0	0.0	0.0	146.13793103448276	0.0	0.050964225	-0.10766574	1.026669735	0.16785999999999998	-2.4415999999999998	0.82404	3211602.0	1776544813.104151	0.0	1.0	-1.0	-1.0	-1.0	-1.0	-1.0	-1.0	-1.0	-1.0	0.0	marker	opened-hand	Open	15	0418
-66647.565	-53689.68	-102913.155	-17748.765	0.0	0.0	0.0	0.0	0.0	0.0	0.0	0.0	0.0	0.0	0.0	0.0	0.0	0.0	146.13793103448276	0.0	0.050964225	-0.10766574	1.026669735	0.16785999999999998	-2.4415999999999998	0.82404	3211603.0	1776544813.108233	0.0	1.0	-1.0	-1.0	-1.0	-1.0	-1.0	-1.0	-1.0	-1.0	0.0	marker	opened-hand	Open	15	0418
-66687.75	-53714.52	-102972.555	-17841.825	0.0	0.0	0.0	0.0	0.0	0.0	0.0	0.0	0.0	0.0	0.0	0.0	0.0	0.0	146.13793103448276	0.0	0.050964225	-0.10766574	1.026669735	0.16785999999999998	-2.4415999999999998	0.82404	3211604.0	1776544813.108237	0.0	1.0	-1.0	-1.0	-1.0	-1.0	-1.0	-1.0	-1.0	-1.0	0.0	marker	opened-hand	Open	15	0418
-66843.135	-53722.17	-103111.33499999999	-18004.77	0.0	0.0	0.0	0.0	0.0	0.0	0.0	0.0	0.0	0.0	0.0	0.0	0.0	0.0	146.13793103448276	0.0	0.050964225	-0.10766574	1.026669735	0.16785999999999998	-2.4415999999999998	0.82404	3211605.0	1776544813.112206	0.0	1.0	-1.0	-1.0	-1.0	-1.0	-1.0	-1.0	-1.0	-1.0	0.0	marker	opened-hand	Open	15	0418
-66957.97499999999	-53728.424999999996	-103152.15	-18055.8	0.0	0.0	0.0	0.0	0.0	0.0	0.0	0.0	0.0	0.0	0.0	0.0	0.0	0.0	146.13793103448276	0.0	0.050964225	-0.10766574	1.026669735	0.16785999999999998	-2.4415999999999998	0.82404	3211606.0	1776544813.112216	0.0	1.0	-1.0	-1.0	-1.0	-1.0	-1.0	-1.0	-1.0	-1.0	0.0	marker	opened-hand	Open	15	0418
-66907.26	-53723.61	-103048.515	-17945.37	0.0	0.0	0.0	0.0	0.0	0.0	0.0	0.0	0.0	0.0	0.0	0.0	0.0	0.0	146.13793103448276	0.0	0.047973510000000004	-0.11999481000000001	1.0278294000000001	3.40298	-3.52506	0.2289	3211607.0	1776544813.116236	0.0	1.0	-1.0	-1.0	-1.0	-1.0	-1.0	-1.0	-1.0	-1.0	0.0	marker	opened-hand	Open	15	0418
-66814.02	-53712.045	-103002.12	-17898.704999999998	0.0	0.0	0.0	0.0	0.0	0.0	0.0	0.0	0.0	0.0	0.0	0.0	0.0	0.0	146.13793103448276	0.0	0.047973510000000004	-0.11999481000000001	1.0278294000000001	3.40298	-3.52506	0.2289	3211608.0	1776544813.116241	0.0	1.0	-1.0	-1.0	-1.0	-1.0	-1.0	-1.0	-1.0	-1.0	0.0	marker	opened-hand	Open	15	0418
-66806.145	-53704.979999999996	-102972.42	-17865.225	0.0	0.0	0.0	0.0	0.0	0.0	0.0	0.0	0.0	0.0	0.0	0.0	0.0	0.0	146.13793103448276	0.0	0.047973510000000004	-0.11999481000000001	1.0278294000000001	3.40298	-3.52506	0.2289	3211609.0	1776544813.120444	0.0	1.0	-1.0	-1.0	-1.0	-1.0	-1.0	-1.0	-1.0	-1.0	0.0	marker	opened-hand	Open	15	0418
-66764.565	-53699.445	-102950.01	-17831.79	0.0	0.0	0.0	0.0	0.0	0.0	0.0	0.0	0.0	0.0	0.0	0.0	0.0	0.0	146.13793103448276	0.0	0.047973510000000004	-0.11999481000000001	1.0278294000000001	3.40298	-3.52506	0.2289	3211610.0	1776544813.120454	0.0	1.0	-1.0	-1.0	-1.0	-1.0	-1.0	-1.0	-1.0	-1.0	0.0	marker	opened-hand	Open	15	0418
-66714.84	-53695.079999999994	-102923.64	-17816.489999999998	0.0	0.0	0.0	0.0	0.0	0.0	0.0	0.0	0.0	0.0	0.0	0.0	0.0	0.0	146.13793103448276	0.0	0.047973510000000004	-0.11999481000000001	1.0278294000000001	3.40298	-3.52506	0.2289	3211611.0	1776544813.124254	0.0	1.0	-1.0	-1.0	-1.0	-1.0	-1.0	-1.0	-1.0	-1.0	0.0	marker	opened-hand	Open	15	0418
-66782.06999999999	-53687.159999999996	-102890.79	-17766.18	0.0	0.0	0.0	0.0	0.0	0.0	0.0	0.0	0.0	0.0	0.0	0.0	0.0	0.0	146.13793103448276	0.0	0.047973510000000004	-0.11999481000000001	1.0278294000000001	3.40298	-3.52506	0.2289	3211612.0	1776544813.124259	0.0	1.0	-1.0	-1.0	-1.0	-1.0	-1.0	-1.0	-1.0	-1.0	0.0	marker	opened-hand	Open	15	0418
-66779.685	-53687.43	-102998.47499999999	-17870.445	0.0	0.0	0.0	0.0	0.0	0.0	0.0	0.0	0.0	0.0	0.0	0.0	0.0	0.0	146.13793103448276	0.0	0.047973510000000004	-0.11999481000000001	1.0278294000000001	3.40298	-3.52506	0.2289	3211613.0	1776544813.128814	0.0	1.0	-1.0	-1.0	-1.0	-1.0	-1.0	-1.0	-1.0	-1.0	0.0	marker	opened-hand	Open	15	0418
-66682.08	-53680.049999999996	-103000.72499999999	-17899.739999999998	0.0	0.0	0.0	0.0	0.0	0.0	0.0	0.0	0.0	0.0	0.0	0.0	0.0	0.0	146.13793103448276	0.0	0.047973510000000004	-0.11999481000000001	1.0278294000000001	3.40298	-3.52506	0.2289	3211614.0	1776544813.128819	0.0	1.0	-1.0	-1.0	-1.0	-1.0	-1.0	-1.0	-1.0	-1.0	0.0	marker	opened-hand	Open	15	0418
-66739.995	-53684.82	-103002.25499999999	-17895.239999999998	0.0	0.0	0.0	0.0	0.0	0.0	0.0	0.0	0.0	0.0	0.0	0.0	0.0	0.0	146.13793103448276	0.0	0.047973510000000004	-0.11999481000000001	1.0278294000000001	3.40298	-3.52506	0.2289	3211615.0	1776544813.132226	0.0	1.0	-1.0	-1.0	-1.0	-1.0	-1.0	-1.0	-1.0	-1.0	0.0	marker	opened-hand	Open	15	0418
-66825.855	-53699.67	-103051.08	-17930.52	0.0	0.0	0.0	0.0	0.0	0.0	0.0	0.0	0.0	0.0	0.0	0.0	0.0	0.0	146.13793103448276	0.0	0.047973510000000004	-0.11999481000000001	1.0278294000000001	3.40298	-3.52506	0.2289	3211616.0	1776544813.132231	0.0	1.0	-1.0	-1.0	-1.0	-1.0	-1.0	-1.0	-1.0	-1.0	0.0	marker	opened-hand	Open	15	0418
-66865.23	-53713.71	-103056.84	-17920.305	0.0	0.0	0.0	0.0	0.0	0.0	0.0	0.0	0.0	0.0	0.0	0.0	0.0	0.0	146.13793103448276	0.0	0.052184925	-0.11901825	1.021176585	4.3491	-2.9604399999999997	-1.38866	3211617.0	1776544813.136501	0.0	1.0	-1.0	-1.0	-1.0	-1.0	-1.0	-1.0	-1.0	-1.0	0.0	marker	opened-hand	Open	15	0418
-66875.58	-53716.545	-103100.265	-17973.495	0.0	0.0	0.0	0.0	0.0	0.0	0.0	0.0	0.0	0.0	0.0	0.0	0.0	0.0	146.13793103448276	0.0	0.052184925	-0.11901825	1.021176585	4.3491	-2.9604399999999997	-1.38866	3211618.0	1776544813.136517	0.0	1.0	-1.0	-1.0	-1.0	-1.0	-1.0	-1.0	-1.0	-1.0	0.0	marker	opened-hand	Open	15	0418
-66867.03	-53715.15	-103092.705	-17989.2	0.0	0.0	0.0	0.0	0.0	0.0	0.0	0.0	0.0	0.0	0.0	0.0	0.0	0.0	146.13793103448276	0.0	0.052184925	-0.11901825	1.021176585	4.3491	-2.9604399999999997	-1.38866	3211619.0	1776544813.140502	0.0	1.0	-1.0	-1.0	-1.0	-1.0	-1.0	-1.0	-1.0	-1.0	0.0	marker	opened-hand	Open	15	0418
-66811.455	-53711.369999999995	-103060.53	-17971.829999999998	0.0	0.0	0.0	0.0	0.0	0.0	0.0	0.0	0.0	0.0	0.0	0.0	0.0	0.0	146.13793103448276	0.0	0.052184925	-0.11901825	1.021176585	4.3491	-2.9604399999999997	-1.38866	3211620.0	1776544813.14052	0.0	1.0	-1.0	-1.0	-1.0	-1.0	-1.0	-1.0	-1.0	-1.0	0.0	marker	opened-hand	Open	15	0418
-66687.93	-53709.795	-102965.53499999999	-17843.13	0.0	0.0	0.0	0.0	0.0	0.0	0.0	0.0	0.0	0.0	0.0	0.0	0.0	0.0	146.13793103448276	0.0	0.052184925	-0.11901825	1.021176585	4.3491	-2.9604399999999997	-1.38866	3211621.0	1776544813.145808	0.0	1.0	-1.0	-1.0	-1.0	-1.0	-1.0	-1.0	-1.0	-1.0	0.0	marker	opened-hand	Open	15	0418
-66645.45	-53703.045	-102878.055	-17755.785	0.0	0.0	0.0	0.0	0.0	0.0	0.0	0.0	0.0	0.0	0.0	0.0	0.0	0.0	146.13793103448276	0.0	0.052184925	-0.11901825	1.021176585	4.3491	-2.9604399999999997	-1.38866	3211622.0	1776544813.145824	0.0	1.0	-1.0	-1.0	-1.0	-1.0	-1.0	-1.0	-1.0	-1.0	0.0	marker	opened-hand	Open	15	0418
-66783.015	-53712.99	-103010.22	-17874.45	0.0	0.0	0.0	0.0	0.0	0.0	0.0	0.0	0.0	0.0	0.0	0.0	0.0	0.0	146.13793103448276	0.0	0.052184925	-0.11901825	1.021176585	4.3491	-2.9604399999999997	-1.38866	3211623.0	1776544813.152255	0.0	1.0	-1.0	-1.0	-1.0	-1.0	-1.0	-1.0	-1.0	-1.0	0.0	marker	opened-hand	Open	15	0418
-66863.205	-53727.165	-103055.89499999999	-17939.835	0.0	0.0	0.0	0.0	0.0	0.0	0.0	0.0	0.0	0.0	0.0	0.0	0.0	0.0	146.13793103448276	0.0	0.052184925	-0.11901825	1.021176585	4.3491	-2.9604399999999997	-1.38866	3211624.0	1776544813.152261	0.0	1.0	-1.0	-1.0	-1.0	-1.0	-1.0	-1.0	-1.0	-1.0	0.0	marker	opened-hand	Open	15	0418
-66781.305	-53736.39	-102958.29	-17856.719999999998	0.0	0.0	0.0	0.0	0.0	0.0	0.0	0.0	0.0	0.0	0.0	0.0	0.0	0.0	146.13793103448276	0.0	0.052184925	-0.11901825	1.021176585	4.3491	-2.9604399999999997	-1.38866	3211625.0	1776544813.152267	0.0	1.0	-1.0	-1.0	-1.0	-1.0	-1.0	-1.0	-1.0	-1.0	0.0	marker	opened-hand	Open	15	0418
-66731.04	-53741.655	-102922.69499999999	-17827.38	0.0	0.0	0.0	0.0	0.0	0.0	0.0	0.0	0.0	0.0	0.0	0.0	0.0	0.0	146.13793103448276	0.0	0.052184925	-0.11901825	1.021176585	4.3491	-2.9604399999999997	-1.38866	3211626.0	1776544813.152276	0.0	1.0	-1.0	-1.0	-1.0	-1.0	-1.0	-1.0	-1.0	-1.0	0.0	marker	opened-hand	Open	15	0418
-66777.20999999999	-53733.869999999995	-102997.665	-17916.3	0.0	0.0	0.0	0.0	0.0	0.0	0.0	0.0	0.0	0.0	0.0	0.0	0.0	0.0	146.13793103448276	0.0	0.056823585	-0.11108370000000001	1.01257065	4.21176	-2.1364	-1.69386	3211627.0	1776544813.156416	0.0	1.0	-1.0	-1.0	-1.0	-1.0	-1.0	-1.0	-1.0	-1.0	0.0	marker	opened-hand	Open	15	0418
-66845.79	-53714.34	-103038.3	-17927.235	0.0	0.0	0.0	0.0	0.0	0.0	0.0	0.0	0.0	0.0	0.0	0.0	0.0	0.0	146.13793103448276	0.0	0.056823585	-0.11108370000000001	1.01257065	4.21176	-2.1364	-1.69386	3211628.0	1776544813.156433	0.0	1.0	-1.0	-1.0	-1.0	-1.0	-1.0	-1.0	-1.0	-1.0	0.0	marker	opened-hand	Open	15	0418
-66884.535	-53717.04	-103105.62	-17912.565	0.0	0.0	0.0	0.0	0.0	0.0	0.0	0.0	0.0	0.0	0.0	0.0	0.0	0.0	146.13793103448276	0.0	0.056823585	-0.11108370000000001	1.01257065	4.21176	-2.1364	-1.69386	3211629.0	1776544813.16047	0.0	1.0	-1.0	-1.0	-1.0	-1.0	-1.0	-1.0	-1.0	-1.0	0.0	marker	opened-hand	Open	15	0418
-66803.985	-53724.915	-103024.08	-17884.844999999998	0.0	0.0	0.0	0.0	0.0	0.0	0.0	0.0	0.0	0.0	0.0	0.0	0.0	0.0	146.13793103448276	0.0	0.056823585	-0.11108370000000001	1.01257065	4.21176	-2.1364	-1.69386	3211630.0	1776544813.160477	0.0	1.0	-1.0	-1.0	-1.0	-1.0	-1.0	-1.0	-1.0	-1.0	0.0	marker	opened-hand	Open	15	0418
-66678.795	-53734.59	-102872.06999999999	-17773.38	0.0	0.0	0.0	0.0	0.0	0.0	0.0	0.0	0.0	0.0	0.0	0.0	0.0	0.0	146.13793103448276	0.0	0.056823585	-0.11108370000000001	1.01257065	4.21176	-2.1364	-1.69386	3211631.0	1776544813.164371	0.0	1.0	-1.0	-1.0	-1.0	-1.0	-1.0	-1.0	-1.0	-1.0	0.0	marker	opened-hand	Open	15	0418
-66554.01	-53726.04	-102694.40999999999	-17627.94	0.0	0.0	0.0	0.0	0.0	0.0	0.0	0.0	0.0	0.0	0.0	0.0	0.0	0.0	146.13793103448276	0.0	0.056823585	-0.11108370000000001	1.01257065	4.21176	-2.1364	-1.69386	3211632.0	1776544813.164377	0.0	1.0	-1.0	-1.0	-1.0	-1.0	-1.0	-1.0	-1.0	-1.0	0.0	marker	opened-hand	Open	15	0418
-66705.255	-53736.03	-102871.08	-17758.71	0.0	0.0	0.0	0.0	0.0	0.0	0.0	0.0	0.0	0.0	0.0	0.0	0.0	0.0	146.13793103448276	0.0	0.056823585	-0.11108370000000001	1.01257065	4.21176	-2.1364	-1.69386	3211633.0	1776544813.168437	0.0	1.0	-1.0	-1.0	-1.0	-1.0	-1.0	-1.0	-1.0	-1.0	0.0	marker	opened-hand	Open	15	0418
-66840.795	-53746.064999999995	-103027.905	-17940.555	0.0	0.0	0.0	0.0	0.0	0.0	0.0	0.0	0.0	0.0	0.0	0.0	0.0	0.0	146.13793103448276	0.0	0.056823585	-0.11108370000000001	1.01257065	4.21176	-2.1364	-1.69386	3211634.0	1776544813.168448	0.0	1.0	-1.0	-1.0	-1.0	-1.0	-1.0	-1.0	-1.0	-1.0	0.0	marker	opened-hand	Open	15	0418
-66816.9	-53735.805	-102989.51999999999	-17943.84	0.0	0.0	0.0	0.0	0.0	0.0	0.0	0.0	0.0	0.0	0.0	0.0	0.0	0.0	146.13793103448276	0.0	0.056823585	-0.11108370000000001	1.01257065	4.21176	-2.1364	-1.69386	3211635.0	1776544813.172451	0.0	1.0	-1.0	-1.0	-1.0	-1.0	-1.0	-1.0	-1.0	-1.0	0.0	marker	opened-hand	Open	15	0418
-66897.045	-53726.354999999996	-103035.015	-17940.915	0.0	0.0	0.0	0.0	0.0	0.0	0.0	0.0	0.0	0.0	0.0	0.0	0.0	0.0	146.13793103448276	0.0	0.056823585	-0.11108370000000001	1.01257065	4.21176	-2.1364	-1.69386	3211636.0	1776544813.17246	0.0	1.0	-1.0	-1.0	-1.0	-1.0	-1.0	-1.0	-1.0	-1.0	0.0	marker	opened-hand	Open	15	0418
-66921.03	-53727.075	-103168.34999999999	-18010.395	0.0	0.0	0.0	0.0	0.0	0.0	0.0	0.0	0.0	0.0	0.0	0.0	0.0	0.0	146.13793103448276	0.0	0.04870593	-0.10436985	1.008603375	4.94424	-1.72438	-2.1516599999999997	3211637.0	1776544813.176435	0.0	1.0	-1.0	-1.0	-1.0	-1.0	-1.0	-1.0	-1.0	-1.0	0.0	marker	opened-hand	Open	15	0418
-66662.145	-53712.09	-102998.7	-17860.905	0.0	0.0	0.0	0.0	0.0	0.0	0.0	0.0	0.0	0.0	0.0	0.0	0.0	0.0	146.13793103448276	0.0	0.04870593	-0.10436985	1.008603375	4.94424	-1.72438	-2.1516599999999997	3211638.0	1776544813.176442	0.0	1.0	-1.0	-1.0	-1.0	-1.0	-1.0	-1.0	-1.0	-1.0	0.0	marker	opened-hand	Open	15	0418
-66728.47499999999	-53714.7	-103038.84	-17907.434999999998	0.0	0.0	0.0	0.0	0.0	0.0	0.0	0.0	0.0	0.0	0.0	0.0	0.0	0.0	146.13793103448276	0.0	0.04870593	-0.10436985	1.008603375	4.94424	-1.72438	-2.1516599999999997	3211639.0	1776544813.180473	0.0	1.0	-1.0	-1.0	-1.0	-1.0	-1.0	-1.0	-1.0	-1.0	0.0	marker	opened-hand	Open	15	0418
-66865.77	-53729.189999999995	-103090.40999999999	-17950.094999999998	0.0	0.0	0.0	0.0	0.0	0.0	0.0	0.0	0.0	0.0	0.0	0.0	0.0	0.0	146.13793103448276	0.0	0.04870593	-0.10436985	1.008603375	4.94424	-1.72438	-2.1516599999999997	3211640.0	1776544813.18048	0.0	1.0	-1.0	-1.0	-1.0	-1.0	-1.0	-1.0	-1.0	-1.0	0.0	marker	opened-hand	Open	15	0418
-66848.58	-53727.165	-103037.53499999999	-17918.505	0.0	0.0	0.0	0.0	0.0	0.0	0.0	0.0	0.0	0.0	0.0	0.0	0.0	0.0	146.13793103448276	0.0	0.04870593	-0.10436985	1.008603375	4.94424	-1.72438	-2.1516599999999997	3211641.0	1776544813.184567	0.0	1.0	-1.0	-1.0	-1.0	-1.0	-1.0	-1.0	-1.0	-1.0	0.0	marker	opened-hand	Open	15	0418
-66845.11499999999	-53727.795	-103031.86499999999	-17913.375	0.0	0.0	0.0	0.0	0.0	0.0	0.0	0.0	0.0	0.0	0.0	0.0	0.0	0.0	146.13793103448276	0.0	0.04870593	-0.10436985	1.008603375	4.94424	-1.72438	-2.1516599999999997	3211642.0	1776544813.184573	0.0	1.0	-1.0	-1.0	-1.0	-1.0	-1.0	-1.0	-1.0	-1.0	0.0	marker	opened-hand	Open	15	0418
-66743.45999999999	-53722.259999999995	-102930.93	-17827.245	0.0	0.0	0.0	0.0	0.0	0.0	0.0	0.0	0.0	0.0	0.0	0.0	0.0	0.0	146.13793103448276	0.0	0.04870593	-0.10436985	1.008603375	4.94424	-1.72438	-2.1516599999999997	3211643.0	1776544813.193965	0.0	1.0	-1.0	-1.0	-1.0	-1.0	-1.0	-1.0	-1.0	-1.0	0.0	marker	opened-hand	Open	15	0418
-66692.295	-53710.65	-102829.815	-17739.54	0.0	0.0	0.0	0.0	0.0	0.0	0.0	0.0	0.0	0.0	0.0	0.0	0.0	0.0	146.13793103448276	0.0	0.04870593	-0.10436985	1.008603375	4.94424	-1.72438	-2.1516599999999997	3211644.0	1776544813.193983	0.0	1.0	-1.0	-1.0	-1.0	-1.0	-1.0	-1.0	-1.0	-1.0	0.0	marker	opened-hand	Open	15	0418
-66870.22499999999	-53716.905	-102972.915	-17867.295	0.0	0.0	0.0	0.0	0.0	0.0	0.0	0.0	0.0	0.0	0.0	0.0	0.0	0.0	146.13793103448276	0.0	0.04870593	-0.10436985	1.008603375	4.94424	-1.72438	-2.1516599999999997	3211645.0	1776544813.197046	0.0	1.0	-1.0	-1.0	-1.0	-1.0	-1.0	-1.0	-1.0	-1.0	0.0	marker	opened-hand	Open	15	0418
-66808.665	-53714.52	-103004.28	-17923.184999999998	0.0	0.0	0.0	0.0	0.0	0.0	0.0	0.0	0.0	0.0	0.0	0.0	0.0	0.0	146.13793103448276	0.0	0.04870593	-0.10436985	1.008603375	4.94424	-1.72438	-2.1516599999999997	3211646.0	1776544813.197061	0.0	1.0	-1.0	-1.0	-1.0	-1.0	-1.0	-1.0	-1.0	-1.0	0.0	marker	opened-hand	Open	15	0418
-66808.665	-53721.674999999996	-103082.31	-17978.805	0.0	0.0	0.0	0.0	0.0	0.0	0.0	0.0	0.0	0.0	0.0	0.0	0.0	0.0	146.13793103448276	0.0	0.037536525	-0.101501205	1.0046361	3.38772	-1.00716	-1.51074	3211647.0	1776544813.197768	0.0	1.0	-1.0	-1.0	-1.0	-1.0	-1.0	-1.0	-1.0	-1.0	0.0	marker	opened-hand	Open	15	0418
-66898.8	-53740.845	-103136.58	-17985.645	0.0	0.0	0.0	0.0	0.0	0.0	0.0	0.0	0.0	0.0	0.0	0.0	0.0	0.0	146.13793103448276	0.0	0.037536525	-0.101501205	1.0046361	3.38772	-1.00716	-1.51074	3211648.0	1776544813.197782	0.0	1.0	-1.0	-1.0	-1.0	-1.0	-1.0	-1.0	-1.0	-1.0	0.0	marker	opened-hand	Open	15	0418
-66786.165	-53736.84	-103011.3	-17892.405	0.0	0.0	0.0	0.0	0.0	0.0	0.0	0.0	0.0	0.0	0.0	0.0	0.0	0.0	146.13793103448276	0.0	0.037536525	-0.101501205	1.0046361	3.38772	-1.00716	-1.51074	3211649.0	1776544813.200626	0.0	1.0	-1.0	-1.0	-1.0	-1.0	-1.0	-1.0	-1.0	-1.0	0.0	marker	opened-hand	Open	15	0418
-66753.27	-53730.09	-103010.985	-17889.795	0.0	0.0	0.0	0.0	0.0	0.0	0.0	0.0	0.0	0.0	0.0	0.0	0.0	0.0	146.13793103448276	0.0	0.037536525	-0.101501205	1.0046361	3.38772	-1.00716	-1.51074	3211650.0	1776544813.20064	0.0	1.0	-1.0	-1.0	-1.0	-1.0	-1.0	-1.0	-1.0	-1.0	0.0	marker	opened-hand	Open	15	0418
-66712.905	-53729.055	-102990.64499999999	-17862.795	0.0	0.0	0.0	0.0	0.0	0.0	0.0	0.0	0.0	0.0	0.0	0.0	0.0	0.0	146.13793103448276	0.0	0.037536525	-0.101501205	1.0046361	3.38772	-1.00716	-1.51074	3211651.0	1776544813.210925	0.0	1.0	-1.0	-1.0	-1.0	-1.0	-1.0	-1.0	-1.0	-1.0	0.0	marker	opened-hand	Open	15	0418
-66726.18	-53727.21	-102964.00499999999	-17818.739999999998	0.0	0.0	0.0	0.0	0.0	0.0	0.0	0.0	0.0	0.0	0.0	0.0	0.0	0.0	146.13793103448276	0.0	0.037536525	-0.101501205	1.0046361	3.38772	-1.00716	-1.51074	3211652.0	1776544813.21094	0.0	1.0	-1.0	-1.0	-1.0	-1.0	-1.0	-1.0	-1.0	-1.0	0.0	marker	opened-hand	Open	15	0418
-66774.19499999999	-53723.744999999995	-102999.23999999999	-17870.895	0.0	0.0	0.0	0.0	0.0	0.0	0.0	0.0	0.0	0.0	0.0	0.0	0.0	0.0	146.13793103448276	0.0	0.037536525	-0.101501205	1.0046361	3.38772	-1.00716	-1.51074	3211653.0	1776544813.210948	0.0	1.0	-1.0	-1.0	-1.0	-1.0	-1.0	-1.0	-1.0	-1.0	0.0	marker	opened-hand	Open	15	0418
-66779.28	-53723.07	-103061.655	-17950.274999999998	0.0	0.0	0.0	0.0	0.0	0.0	0.0	0.0	0.0	0.0	0.0	0.0	0.0	0.0	146.13793103448276	0.0	0.037536525	-0.101501205	1.0046361	3.38772	-1.00716	-1.51074	3211654.0	1776544813.210952	0.0	1.0	-1.0	-1.0	-1.0	-1.0	-1.0	-1.0	-1.0	-1.0	0.0	marker	opened-hand	Open	15	0418
-66819.19499999999	-53725.68	-103028.44499999999	-17915.625	0.0	0.0	0.0	0.0	0.0	0.0	0.0	0.0	0.0	0.0	0.0	0.0	0.0	0.0	146.13793103448276	0.0	0.037536525	-0.101501205	1.0046361	3.38772	-1.00716	-1.51074	3211655.0	1776544813.212517	0.0	1.0	-1.0	-1.0	-1.0	-1.0	-1.0	-1.0	-1.0	-1.0	0.0	marker	opened-hand	Open	15	0418
-66783.42	-53728.74	-102946.185	-17839.53	0.0	0.0	0.0	0.0	0.0	0.0	0.0	0.0	0.0	0.0	0.0	0.0	0.0	0.0	146.13793103448276	0.0	0.037536525	-0.101501205	1.0046361	3.38772	-1.00716	-1.51074	3211656.0	1776544813.212531	0.0	1.0	-1.0	-1.0	-1.0	-1.0	-1.0	-1.0	-1.0	-1.0	0.0	marker	opened-hand	Open	15	0418
-66607.69499999999	-53735.4	-102853.34999999999	-17758.215	0.0	0.0	0.0	0.0	0.0	0.0	0.0	0.0	0.0	0.0	0.0	0.0	0.0	0.0	146.13793103448276	0.0	0.03845205	-0.098205315	1.00304919	1.46496	-0.16785999999999998	-0.94612	3211657.0	1776544813.216822	0.0	1.0	-1.0	-1.0	-1.0	-1.0	-1.0	-1.0	-1.0	-1.0	0.0	marker	opened-hand	Open	15	0418
-66723.165	-53755.74	-102955.5	-17847.989999999998	0.0	0.0	0.0	0.0	0.0	0.0	0.0	0.0	0.0	0.0	0.0	0.0	0.0	0.0	146.13793103448276	0.0	0.03845205	-0.098205315	1.00304919	1.46496	-0.16785999999999998	-0.94612	3211658.0	1776544813.216836	0.0	1.0	-1.0	-1.0	-1.0	-1.0	-1.0	-1.0	-1.0	-1.0	0.0	marker	opened-hand	Open	15	0418
-66907.665	-53771.805	-103084.29	-17959.32	0.0	0.0	0.0	0.0	0.0	0.0	0.0	0.0	0.0	0.0	0.0	0.0	0.0	0.0	146.13793103448276	0.0	0.03845205	-0.098205315	1.00304919	1.46496	-0.16785999999999998	-0.94612	3211659.0	1776544813.22063	0.0	1.0	-1.0	-1.0	-1.0	-1.0	-1.0	-1.0	-1.0	-1.0	0.0	marker	opened-hand	Open	15	0418
-66877.155	-53770.005	-103089.375	-17961.75	0.0	0.0	0.0	0.0	0.0	0.0	0.0	0.0	0.0	0.0	0.0	0.0	0.0	0.0	146.13793103448276	0.0	0.03845205	-0.098205315	1.00304919	1.46496	-0.16785999999999998	-0.94612	3211660.0	1776544813.220645	0.0	1.0	-1.0	-1.0	-1.0	-1.0	-1.0	-1.0	-1.0	-1.0	0.0	marker	opened-hand	Open	15	0418
-66750.795	-53762.265	-103011.03	-17903.204999999998	0.0	0.0	0.0	0.0	0.0	0.0	0.0	0.0	0.0	0.0	0.0	0.0	0.0	0.0	146.13793103448276	0.0	0.03845205	-0.098205315	1.00304919	1.46496	-0.16785999999999998	-0.94612	3211661.0	1776544813.227527	0.0	1.0	-1.0	-1.0	-1.0	-1.0	-1.0	-1.0	-1.0	-1.0	0.0	marker	opened-hand	Open	15	0418
-66754.215	-53749.619999999995	-102927.33	-17862.03	0.0	0.0	0.0	0.0	0.0	0.0	0.0	0.0	0.0	0.0	0.0	0.0	0.0	0.0	146.13793103448276	0.0	0.03845205	-0.098205315	1.00304919	1.46496	-0.16785999999999998	-0.94612	3211662.0	1776544813.227541	0.0	1.0	-1.0	-1.0	-1.0	-1.0	-1.0	-1.0	-1.0	-1.0	0.0	marker	opened-hand	Open	15	0418
-66787.38	-53750.52	-102935.565	-17907.84	0.0	0.0	0.0	0.0	0.0	0.0	0.0	0.0	0.0	0.0	0.0	0.0	0.0	0.0	146.13793103448276	0.0	0.03845205	-0.098205315	1.00304919	1.46496	-0.16785999999999998	-0.94612	3211663.0	1776544813.228698	0.0	1.0	-1.0	-1.0	-1.0	-1.0	-1.0	-1.0	-1.0	-1.0	0.0	marker	opened-hand	Open	15	0418
-66848.265	-53760.15	-103049.45999999999	-17936.325	0.0	0.0	0.0	0.0	0.0	0.0	0.0	0.0	0.0	0.0	0.0	0.0	0.0	0.0	146.13793103448276	0.0	0.03845205	-0.098205315	1.00304919	1.46496	-0.16785999999999998	-0.94612	3211664.0	1776544813.228712	0.0	1.0	-1.0	-1.0	-1.0	-1.0	-1.0	-1.0	-1.0	-1.0	0.0	marker	opened-hand	Open	15	0418
-66803.715	-53762.579999999994	-103066.37999999999	-17887.545	0.0	0.0	0.0	0.0	0.0	0.0	0.0	0.0	0.0	0.0	0.0	0.0	0.0	0.0	146.13793103448276	0.0	0.03845205	-0.098205315	1.00304919	1.46496	-0.16785999999999998	-0.94612	3211665.0	1776544813.232675	0.0	1.0	-1.0	-1.0	-1.0	-1.0	-1.0	-1.0	-1.0	-1.0	0.0	marker	opened-hand	Open	15	0418
-66789.405	-53768.025	-103037.265	-17899.11	0.0	0.0	0.0	0.0	0.0	0.0	0.0	0.0	0.0	0.0	0.0	0.0	0.0	0.0	146.13793103448276	0.0	0.03845205	-0.098205315	1.00304919	1.46496	-0.16785999999999998	-0.94612	3211666.0	1776544813.232689	0.0	1.0	-1.0	-1.0	-1.0	-1.0	-1.0	-1.0	-1.0	-1.0	0.0	marker	opened-hand	Open	15	0418
-66741.03	-53758.305	-102961.485	-17859.239999999998	0.0	0.0	0.0	0.0	0.0	0.0	0.0	0.0	0.0	0.0	0.0	0.0	0.0	0.0	146.13793103448276	0.0	0.04919421	-0.097656	1.00036365	1.77016	1.0224199999999999	0.16785999999999998	3211667.0	1776544813.236668	0.0	1.0	-1.0	-1.0	-1.0	-1.0	-1.0	-1.0	-1.0	-1.0	0.0	marker	opened-hand	Open	15	0418
-66732.56999999999	-53750.88	-102922.47	-17816.13	0.0	0.0	0.0	0.0	0.0	0.0	0.0	0.0	0.0	0.0	0.0	0.0	0.0	0.0	146.13793103448276	0.0	0.04919421	-0.097656	1.00036365	1.77016	1.0224199999999999	0.16785999999999998	3211668.0	1776544813.236683	0.0	1.0	-1.0	-1.0	-1.0	-1.0	-1.0	-1.0	-1.0	-1.0	0.0	marker	opened-hand	Open	15	0418
-66816.72	-53753.625	-103017.78	-17892.27	0.0	0.0	0.0	0.0	0.0	0.0	0.0	0.0	0.0	0.0	0.0	0.0	0.0	0.0	146.13793103448276	0.0	0.04919421	-0.097656	1.00036365	1.77016	1.0224199999999999	0.16785999999999998	3211669.0	1776544813.240683	0.0	1.0	-1.0	-1.0	-1.0	-1.0	-1.0	-1.0	-1.0	-1.0	0.0	marker	opened-hand	Open	15	0418
-66766.005	-53748.99	-103002.48	-17870.625	0.0	0.0	0.0	0.0	0.0	0.0	0.0	0.0	0.0	0.0	0.0	0.0	0.0	0.0	146.13793103448276	0.0	0.04919421	-0.097656	1.00036365	1.77016	1.0224199999999999	0.16785999999999998	3211670.0	1776544813.240697	0.0	1.0	-1.0	-1.0	-1.0	-1.0	-1.0	-1.0	-1.0	-1.0	0.0	marker	opened-hand	Open	15	0418
-66641.265	-53744.445	-102890.25	-17778.195	0.0	0.0	0.0	0.0	0.0	0.0	0.0	0.0	0.0	0.0	0.0	0.0	0.0	0.0	146.13793103448276	0.0	0.04919421	-0.097656	1.00036365	1.77016	1.0224199999999999	0.16785999999999998	3211671.0	1776544813.244667	0.0	1.0	-1.0	-1.0	-1.0	-1.0	-1.0	-1.0	-1.0	-1.0	0.0	marker	opened-hand	Open	15	0418
-66695.48999999999	-53749.079999999994	-102882.555	-17784.855	0.0	0.0	0.0	0.0	0.0	0.0	0.0	0.0	0.0	0.0	0.0	0.0	0.0	0.0	146.13793103448276	0.0	0.04919421	-0.097656	1.00036365	1.77016	1.0224199999999999	0.16785999999999998	3211672.0	1776544813.244682	0.0	1.0	-1.0	-1.0	-1.0	-1.0	-1.0	-1.0	-1.0	-1.0	0.0	marker	opened-hand	Open	15	0418
-66822.705	-53767.215	-102973.72499999999	-17865.945	0.0	0.0	0.0	0.0	0.0	0.0	0.0	0.0	0.0	0.0	0.0	0.0	0.0	0.0	146.13793103448276	0.0	0.04919421	-0.097656	1.00036365	1.77016	1.0224199999999999	0.16785999999999998	3211673.0	1776544813.248647	0.0	1.0	-1.0	-1.0	-1.0	-1.0	-1.0	-1.0	-1.0	-1.0	0.0	marker	opened-hand	Open	15	0418
-66829.23	-53770.994999999995	-103049.055	-17923.815	0.0	0.0	0.0	0.0	0.0	0.0	0.0	0.0	0.0	0.0	0.0	0.0	0.0	0.0	146.13793103448276	0.0	0.04919421	-0.097656	1.00036365	1.77016	1.0224199999999999	0.16785999999999998	3211674.0	1776544813.248653	0.0	1.0	-1.0	-1.0	-1.0	-1.0	-1.0	-1.0	-1.0	-1.0	0.0	marker	opened-hand	Open	15	0418
-66808.665	-53764.244999999995	-103062.95999999999	-17918.28	0.0	0.0	0.0	0.0	0.0	0.0	0.0	0.0	0.0	0.0	0.0	0.0	0.0	0.0	146.13793103448276	0.0	0.04919421	-0.097656	1.00036365	1.77016	1.0224199999999999	0.16785999999999998	3211675.0	1776544813.252779	0.0	1.0	-1.0	-1.0	-1.0	-1.0	-1.0	-1.0	-1.0	-1.0	0.0	marker	opened-hand	Open	15	0418
-66817.215	-53763.704999999994	-103054.36499999999	-17908.2	0.0	0.0	0.0	0.0	0.0	0.0	0.0	0.0	0.0	0.0	0.0	0.0	0.0	0.0	146.13793103448276	0.0	0.04919421	-0.097656	1.00036365	1.77016	1.0224199999999999	0.16785999999999998	3211676.0	1776544813.252796	0.0	1.0	-1.0	-1.0	-1.0	-1.0	-1.0	-1.0	-1.0	-1.0	0.0	marker	opened-hand	Open	15	0418
-66822.255	-53755.29	-103018.5	-17878.77	0.0	0.0	0.0	0.0	0.0	0.0	0.0	0.0	0.0	0.0	0.0	0.0	0.0	0.0	146.13793103448276	0.0	0.056701515	-0.09533667	1.00256091	2.5636799999999997	1.6022999999999998	0.13734	3211677.0	1776544813.256676	0.0	1.0	-1.0	-1.0	-1.0	-1.0	-1.0	-1.0	-1.0	-1.0	0.0	marker	opened-hand	Open	15	0418
-66873.735	-53746.47	-103035.23999999999	-17913.915	0.0	0.0	0.0	0.0	0.0	0.0	0.0	0.0	0.0	0.0	0.0	0.0	0.0	0.0	146.13793103448276	0.0	0.056701515	-0.09533667	1.00256091	2.5636799999999997	1.6022999999999998	0.13734	3211678.0	1776544813.256685	0.0	1.0	-1.0	-1.0	-1.0	-1.0	-1.0	-1.0	-1.0	-1.0	0.0	marker	opened-hand	Open	15	0418
-66827.83499999999	-53734.454999999994	-102995.01	-17882.235	0.0	0.0	0.0	0.0	0.0	0.0	0.0	0.0	0.0	0.0	0.0	0.0	0.0	0.0	146.13793103448276	0.0	0.056701515	-0.09533667	1.00256091	2.5636799999999997	1.6022999999999998	0.13734	3211679.0	1776544813.260658	0.0	1.0	-1.0	-1.0	-1.0	-1.0	-1.0	-1.0	-1.0	-1.0	0.0	marker	opened-hand	Open	15	0418
-66712.72499999999	-53724.015	-102915.81	-17818.92	0.0	0.0	0.0	0.0	0.0	0.0	0.0	0.0	0.0	0.0	0.0	0.0	0.0	0.0	146.13793103448276	0.0	0.056701515	-0.09533667	1.00256091	2.5636799999999997	1.6022999999999998	0.13734	3211680.0	1776544813.260666	0.0	1.0	-1.0	-1.0	-1.0	-1.0	-1.0	-1.0	-1.0	-1.0	0.0	marker	opened-hand	Open	15	0418
-66672.27	-53729.369999999995	-102872.87999999999	-17771.219999999998	0.0	0.0	0.0	0.0	0.0	0.0	0.0	0.0	0.0	0.0	0.0	0.0	0.0	0.0	146.13793103448276	0.0	0.056701515	-0.09533667	1.00256091	2.5636799999999997	1.6022999999999998	0.13734	3211681.0	1776544813.266234	0.0	1.0	-1.0	-1.0	-1.0	-1.0	-1.0	-1.0	-1.0	-1.0	0.0	marker	opened-hand	Open	15	0418
-66752.81999999999	-53735.49	-102980.565	-17863.515	0.0	0.0	0.0	0.0	0.0	0.0	0.0	0.0	0.0	0.0	0.0	0.0	0.0	0.0	146.13793103448276	0.0	0.056701515	-0.09533667	1.00256091	2.5636799999999997	1.6022999999999998	0.13734	3211682.0	1776544813.266248	0.0	1.0	-1.0	-1.0	-1.0	-1.0	-1.0	-1.0	-1.0	-1.0	0.0	marker	opened-hand	Open	15	0418
-66775.995	-53728.47	-102960.855	-17854.92	0.0	0.0	0.0	0.0	0.0	0.0	0.0	0.0	0.0	0.0	0.0	0.0	0.0	0.0	146.13793103448276	0.0	0.056701515	-0.09533667	1.00256091	2.5636799999999997	1.6022999999999998	0.13734	3211683.0	1776544813.268763	0.0	1.0	-1.0	-1.0	-1.0	-1.0	-1.0	-1.0	-1.0	-1.0	0.0	marker	opened-hand	Open	15	0418
-66873.735	-53720.595	-102988.75499999999	-17882.1	0.0	0.0	0.0	0.0	0.0	0.0	0.0	0.0	0.0	0.0	0.0	0.0	0.0	0.0	146.13793103448276	0.0	0.056701515	-0.09533667	1.00256091	2.5636799999999997	1.6022999999999998	0.13734	3211684.0	1776544813.268769	0.0	1.0	-1.0	-1.0	-1.0	-1.0	-1.0	-1.0	-1.0	-1.0	0.0	marker	opened-hand	Open	15	0418
-66851.09999999999	-53711.145	-103129.875	-18031.545	0.0	0.0	0.0	0.0	0.0	0.0	0.0	0.0	0.0	0.0	0.0	0.0	0.0	0.0	146.13793103448276	0.0	0.056701515	-0.09533667	1.00256091	2.5636799999999997	1.6022999999999998	0.13734	3211685.0	1776544813.272739	0.0	1.0	-1.0	-1.0	-1.0	-1.0	-1.0	-1.0	-1.0	-1.0	0.0	marker	opened-hand	Open	15	0418
-66868.605	-53649.09	-103170.28499999999	-18062.864999999998	0.0	0.0	0.0	0.0	0.0	0.0	0.0	0.0	0.0	0.0	0.0	0.0	0.0	0.0	146.13793103448276	0.0	0.056701515	-0.09533667	1.00256091	2.5636799999999997	1.6022999999999998	0.13734	3211686.0	1776544813.272746	0.0	1.0	-1.0	-1.0	-1.0	-1.0	-1.0	-1.0	-1.0	-1.0	0.0	marker	opened-hand	Open	15	0418
-66848.805	-53613.18	-103081.275	-17963.1	0.0	0.0	0.0	0.0	0.0	0.0	0.0	0.0	0.0	0.0	0.0	0.0	0.0	0.0	146.13793103448276	0.0	0.054748395	-0.08764626	1.002988155	1.526	2.2889999999999997	1.49548	3211687.0	1776544813.283456	0.0	1.0	-1.0	-1.0	-1.0	-1.0	-1.0	-1.0	-1.0	-1.0	0.0	marker	opened-hand	Open	15	0418
-66825.405	-53615.924999999996	-103033.62	-17913.42	0.0	0.0	0.0	0.0	0.0	0.0	0.0	0.0	0.0	0.0	0.0	0.0	0.0	0.0	146.13793103448276	0.0	0.054748395	-0.08764626	1.002988155	1.526	2.2889999999999997	1.49548	3211688.0	1776544813.28347	0.0	1.0	-1.0	-1.0	-1.0	-1.0	-1.0	-1.0	-1.0	-1.0	0.0	marker	opened-hand	Open	15	0418
-66764.52	-53621.729999999996	-102990.51	-17874.495	0.0	0.0	0.0	0.0	0.0	0.0	0.0	0.0	0.0	0.0	0.0	0.0	0.0	0.0	146.13793103448276	0.0	0.054748395	-0.08764626	1.002988155	1.526	2.2889999999999997	1.49548	3211689.0	1776544813.283484	0.0	1.0	-1.0	-1.0	-1.0	-1.0	-1.0	-1.0	-1.0	-1.0	0.0	marker	opened-hand	Open	15	0418
-66709.53	-53627.085	-102941.235	-17828.594999999998	0.0	0.0	0.0	0.0	0.0	0.0	0.0	0.0	0.0	0.0	0.0	0.0	0.0	0.0	146.13793103448276	0.0	0.054748395	-0.08764626	1.002988155	1.526	2.2889999999999997	1.49548	3211690.0	1776544813.283491	0.0	1.0	-1.0	-1.0	-1.0	-1.0	-1.0	-1.0	-1.0	-1.0	0.0	marker	opened-hand	Open	15	0418
-66815.01	-53640.674999999996	-103016.295	-17895.42	0.0	0.0	0.0	0.0	0.0	0.0	0.0	0.0	0.0	0.0	0.0	0.0	0.0	0.0	146.13793103448276	0.0	0.054748395	-0.08764626	1.002988155	1.526	2.2889999999999997	1.49548	3211691.0	1776544813.286999	0.0	1.0	-1.0	-1.0	-1.0	-1.0	-1.0	-1.0	-1.0	-1.0	0.0	marker	opened-hand	Open	15	0418
-66825.22499999999	-53645.22	-103009.05	-17885.745	0.0	0.0	0.0	0.0	0.0	0.0	0.0	0.0	0.0	0.0	0.0	0.0	0.0	0.0	146.13793103448276	0.0	0.054748395	-0.08764626	1.002988155	1.526	2.2889999999999997	1.49548	3211692.0	1776544813.287014	0.0	1.0	-1.0	-1.0	-1.0	-1.0	-1.0	-1.0	-1.0	-1.0	0.0	marker	opened-hand	Open	15	0418
-66809.295	-53635.32	-102944.7	-17829.315	0.0	0.0	0.0	0.0	0.0	0.0	0.0	0.0	0.0	0.0	0.0	0.0	0.0	0.0	146.13793103448276	0.0	0.054748395	-0.08764626	1.002988155	1.526	2.2889999999999997	1.49548	3211693.0	1776544813.290005	0.0	1.0	-1.0	-1.0	-1.0	-1.0	-1.0	-1.0	-1.0	-1.0	0.0	marker	opened-hand	Open	15	0418
-66745.34999999999	-53617.725	-102936.735	-17839.079999999998	0.0	0.0	0.0	0.0	0.0	0.0	0.0	0.0	0.0	0.0	0.0	0.0	0.0	0.0	146.13793103448276	0.0	0.054748395	-0.08764626	1.002988155	1.526	2.2889999999999997	1.49548	3211694.0	1776544813.290019	0.0	1.0	-1.0	-1.0	-1.0	-1.0	-1.0	-1.0	-1.0	-1.0	0.0	marker	opened-hand	Open	15	0418
-66783.735	-53613.45	-103027.185	-17917.469999999998	0.0	0.0	0.0	0.0	0.0	0.0	0.0	0.0	0.0	0.0	0.0	0.0	0.0	0.0	146.13793103448276	0.0	0.054748395	-0.08764626	1.002988155	1.526	2.2889999999999997	1.49548	3211695.0	1776544813.293061	0.0	1.0	-1.0	-1.0	-1.0	-1.0	-1.0	-1.0	-1.0	-1.0	0.0	marker	opened-hand	Open	15	0418
-66838.005	-53618.22	-103059.675	-17923.005	0.0	0.0	0.0	0.0	0.0	0.0	0.0	0.0	0.0	0.0	0.0	0.0	0.0	0.0	146.13793103448276	0.0	0.054748395	-0.08764626	1.002988155	1.526	2.2889999999999997	1.49548	3211696.0	1776544813.293075	0.0	1.0	-1.0	-1.0	-1.0	-1.0	-1.0	-1.0	-1.0	-1.0	0.0	marker	opened-hand	Open	15	0418
-66762.405	-53614.755	-103005.135	-17904.69	0.0	0.0	0.0	0.0	0.0	0.0	0.0	0.0	0.0	0.0	0.0	0.0	0.0	0.0	146.13793103448276	0.0	0.05603013	-0.08605935	1.00768785	-0.50358	2.0295799999999997	2.8383599999999998	3211697.0	1776544813.299342	0.0	1.0	-1.0	-1.0	-1.0	-1.0	-1.0	-1.0	-1.0	-1.0	0.0	marker	opened-hand	Open	15	0418
-66734.45999999999	-53615.204999999994	-102961.34999999999	-17860.635	0.0	0.0	0.0	0.0	0.0	0.0	0.0	0.0	0.0	0.0	0.0	0.0	0.0	0.0	146.13793103448276	0.0	0.05603013	-0.08605935	1.00768785	-0.50358	2.0295799999999997	2.8383599999999998	3211698.0	1776544813.299368	0.0	1.0	-1.0	-1.0	-1.0	-1.0	-1.0	-1.0	-1.0	-1.0	0.0	marker	opened-hand	Open	15	0418
-66767.04	-53622.0	-103001.175	-17883.45	0.0	0.0	0.0	0.0	0.0	0.0	0.0	0.0	0.0	0.0	0.0	0.0	0.0	0.0	146.13793103448276	0.0	0.05603013	-0.08605935	1.00768785	-0.50358	2.0295799999999997	2.8383599999999998	3211699.0	1776544813.30456	0.0	1.0	-1.0	-1.0	-1.0	-1.0	-1.0	-1.0	-1.0	-1.0	0.0	marker	opened-hand	Open	15	0418
-66774.015	-53622.494999999995	-103043.205	-17915.67	0.0	0.0	0.0	0.0	0.0	0.0	0.0	0.0	0.0	0.0	0.0	0.0	0.0	0.0	146.13793103448276	0.0	0.05603013	-0.08605935	1.00768785	-0.50358	2.0295799999999997	2.8383599999999998	3211700.0	1776544813.304589	0.0	1.0	-1.0	-1.0	-1.0	-1.0	-1.0	-1.0	-1.0	-1.0	0.0	marker	opened-hand	Open	15	0418
-66763.305	-53613.494999999995	-103015.305	-17885.655	0.0	0.0	0.0	0.0	0.0	0.0	0.0	0.0	0.0	0.0	0.0	0.0	0.0	0.0	146.13793103448276	0.0	0.05603013	-0.08605935	1.00768785	-0.50358	2.0295799999999997	2.8383599999999998	3211701.0	1776544813.304943	0.0	1.0	-1.0	-1.0	-1.0	-1.0	-1.0	-1.0	-1.0	-1.0	0.0	marker	opened-hand	Open	15	0418
-66652.785	-53595.9	-102879.26999999999	-17762.355	0.0	0.0	0.0	0.0	0.0	0.0	0.0	0.0	0.0	0.0	0.0	0.0	0.0	0.0	146.13793103448276	0.0	0.05603013	-0.08605935	1.00768785	-0.50358	2.0295799999999997	2.8383599999999998	3211702.0	1776544813.304959	0.0	1.0	-1.0	-1.0	-1.0	-1.0	-1.0	-1.0	-1.0	-1.0	0.0	marker	opened-hand	Open	15	0418
-66571.875	-53583.57	-102806.28	-17710.469999999998	0.0	0.0	0.0	0.0	0.0	0.0	0.0	0.0	0.0	0.0	0.0	0.0	0.0	0.0	146.13793103448276	0.0	0.05603013	-0.08605935	1.00768785	-0.50358	2.0295799999999997	2.8383599999999998	3211703.0	1776544813.310541	0.0	1.0	-1.0	-1.0	-1.0	-1.0	-1.0	-1.0	-1.0	-1.0	0.0	marker	opened-hand	Open	15	0418
-66780.18	-53592.795	-102983.715	-17894.114999999998	0.0	0.0	0.0	0.0	0.0	0.0	0.0	0.0	0.0	0.0	0.0	0.0	0.0	0.0	146.13793103448276	0.0	0.05603013	-0.08605935	1.00768785	-0.50358	2.0295799999999997	2.8383599999999998	3211704.0	1776544813.310568	0.0	1.0	-1.0	-1.0	-1.0	-1.0	-1.0	-1.0	-1.0	-1.0	0.0	marker	opened-hand	Open	15	0418
-66961.26	-53605.17	-103105.305	-18011.745	0.0	0.0	0.0	0.0	0.0	0.0	0.0	0.0	0.0	0.0	0.0	0.0	0.0	0.0	146.13793103448276	0.0	0.05603013	-0.08605935	1.00768785	-0.50358	2.0295799999999997	2.8383599999999998	3211705.0	1776544813.313182	0.0	1.0	-1.0	-1.0	-1.0	-1.0	-1.0	-1.0	-1.0	-1.0	0.0	marker	opened-hand	Open	15	0418
-66880.755	-53599.545	-103052.61	-17930.565	0.0	0.0	0.0	0.0	0.0	0.0	0.0	0.0	0.0	0.0	0.0	0.0	0.0	0.0	146.13793103448276	0.0	0.05603013	-0.08605935	1.00768785	-0.50358	2.0295799999999997	2.8383599999999998	3211706.0	1776544813.313205	0.0	1.0	-1.0	-1.0	-1.0	-1.0	-1.0	-1.0	-1.0	-1.0	0.0	marker	opened-hand	Open	15	0418
-66830.94	-53595.045	-103031.73	-17902.17	0.0	0.0	0.0	0.0	0.0	0.0	0.0	0.0	0.0	0.0	0.0	0.0	0.0	0.0	146.13793103448276	0.0	0.053344590000000004	-0.094787355	1.013730315	-0.19838	1.58704	1.2055399999999998	3211707.0	1776544813.320278	0.0	1.0	-1.0	-1.0	-1.0	-1.0	-1.0	-1.0	-1.0	-1.0	0.0	marker	opened-hand	Open	15	0418
-66814.965	-53599.68	-103000.86	-17877.239999999998	0.0	0.0	0.0	0.0	0.0	0.0	0.0	0.0	0.0	0.0	0.0	0.0	0.0	0.0	146.13793103448276	0.0	0.053344590000000004	-0.094787355	1.013730315	-0.19838	1.58704	1.2055399999999998	3211708.0	1776544813.320298	0.0	1.0	-1.0	-1.0	-1.0	-1.0	-1.0	-1.0	-1.0	-1.0	0.0	marker	opened-hand	Open	15	0418
-66707.19	-53591.354999999996	-102861.765	-17747.28	0.0	0.0	0.0	0.0	0.0	0.0	0.0	0.0	0.0	0.0	0.0	0.0	0.0	0.0	146.13793103448276	0.0	0.053344590000000004	-0.094787355	1.013730315	-0.19838	1.58704	1.2055399999999998	3211709.0	1776544813.320985	0.0	1.0	-1.0	-1.0	-1.0	-1.0	-1.0	-1.0	-1.0	-1.0	0.0	marker	opened-hand	Open	15	0418
-66751.92	-53583.75	-102936.825	-17813.79	0.0	0.0	0.0	0.0	0.0	0.0	0.0	0.0	0.0	0.0	0.0	0.0	0.0	0.0	146.13793103448276	0.0	0.053344590000000004	-0.094787355	1.013730315	-0.19838	1.58704	1.2055399999999998	3211710.0	1776544813.320997	0.0	1.0	-1.0	-1.0	-1.0	-1.0	-1.0	-1.0	-1.0	-1.0	0.0	marker	opened-hand	Open	15	0418
-66842.91	-53583.39	-103095.765	-17990.82	0.0	0.0	0.0	0.0	0.0	0.0	0.0	0.0	0.0	0.0	0.0	0.0	0.0	0.0	146.13793103448276	0.0	0.053344590000000004	-0.094787355	1.013730315	-0.19838	1.58704	1.2055399999999998	3211711.0	1776544813.326933	0.0	1.0	-1.0	-1.0	-1.0	-1.0	-1.0	-1.0	-1.0	-1.0	0.0	marker	opened-hand	Open	15	0418
-66807.315	-53575.604999999996	-103041.495	-17954.055	0.0	0.0	0.0	0.0	0.0	0.0	0.0	0.0	0.0	0.0	0.0	0.0	0.0	0.0	146.13793103448276	0.0	0.053344590000000004	-0.094787355	1.013730315	-0.19838	1.58704	1.2055399999999998	3211712.0	1776544813.326953	0.0	1.0	-1.0	-1.0	-1.0	-1.0	-1.0	-1.0	-1.0	-1.0	0.0	marker	opened-hand	Open	15	0418
-66801.95999999999	-53597.295	-103021.29	-17914.23	0.0	0.0	0.0	0.0	0.0	0.0	0.0	0.0	0.0	0.0	0.0	0.0	0.0	0.0	146.13793103448276	0.0	0.053344590000000004	-0.094787355	1.013730315	-0.19838	1.58704	1.2055399999999998	3211713.0	1776544813.328911	0.0	1.0	-1.0	-1.0	-1.0	-1.0	-1.0	-1.0	-1.0	-1.0	0.0	marker	opened-hand	Open	15	0418
-66841.965	-53640.63	-103072.455	-17927.28	0.0	0.0	0.0	0.0	0.0	0.0	0.0	0.0	0.0	0.0	0.0	0.0	0.0	0.0	146.13793103448276	0.0	0.053344590000000004	-0.094787355	1.013730315	-0.19838	1.58704	1.2055399999999998	3211714.0	1776544813.328922	0.0	1.0	-1.0	-1.0	-1.0	-1.0	-1.0	-1.0	-1.0	-1.0	0.0	marker	opened-hand	Open	15	0418
-66809.295	-53649.945	-103034.745	-17912.79	0.0	0.0	0.0	0.0	0.0	0.0	0.0	0.0	0.0	0.0	0.0	0.0	0.0	0.0	146.13793103448276	0.0	0.053344590000000004	-0.094787355	1.013730315	-0.19838	1.58704	1.2055399999999998	3211715.0	1776544813.339246	0.0	1.0	-1.0	-1.0	-1.0	-1.0	-1.0	-1.0	-1.0	-1.0	0.0	marker	opened-hand	Open	15	0418
-66786.435	-53651.07	-103007.655	-17910.315	0.0	0.0	0.0	0.0	0.0	0.0	0.0	0.0	0.0	0.0	0.0	0.0	0.0	0.0	146.13793103448276	0.0	0.053344590000000004	-0.094787355	1.013730315	-0.19838	1.58704	1.2055399999999998	3211716.0	1776544813.339282	0.0	1.0	-1.0	-1.0	-1.0	-1.0	-1.0	-1.0	-1.0	-1.0	0.0	marker	opened-hand	Open	15	0418
-66758.44499999999	-53653.005	-102921.25499999999	-17821.035	0.0	0.0	0.0	0.0	0.0	0.0	0.0	0.0	0.0	0.0	0.0	0.0	0.0	0.0	146.13793103448276	0.0	0.05346666	-0.106261935	1.017026205	0.71722	1.1444999999999999	0.74774	3211717.0	1776544813.339321	0.0	1.0	-1.0	-1.0	-1.0	-1.0	-1.0	-1.0	-1.0	-1.0	0.0	marker	opened-hand	Open	15	0418
-66658.995	-53642.564999999995	-102859.47	-17715.555	0.0	0.0	0.0	0.0	0.0	0.0	0.0	0.0	0.0	0.0	0.0	0.0	0.0	0.0	146.13793103448276	0.0	0.05346666	-0.106261935	1.017026205	0.71722	1.1444999999999999	0.74774	3211718.0	1776544813.339341	0.0	1.0	-1.0	-1.0	-1.0	-1.0	-1.0	-1.0	-1.0	-1.0	0.0	marker	opened-hand	Open	15	0418
-66681.495	-53632.215	-102873.23999999999	-17706.465	0.0	0.0	0.0	0.0	0.0	0.0	0.0	0.0	0.0	0.0	0.0	0.0	0.0	0.0	146.13793103448276	0.0	0.05346666	-0.106261935	1.017026205	0.71722	1.1444999999999999	0.74774	3211719.0	1776544813.341195	0.0	1.0	-1.0	-1.0	-1.0	-1.0	-1.0	-1.0	-1.0	-1.0	0.0	marker	opened-hand	Open	15	0418
-66774.42	-53623.305	-102948.03	-17822.16	0.0	0.0	0.0	0.0	0.0	0.0	0.0	0.0	0.0	0.0	0.0	0.0	0.0	0.0	146.13793103448276	0.0	0.05346666	-0.106261935	1.017026205	0.71722	1.1444999999999999	0.74774	3211720.0	1776544813.341217	0.0	1.0	-1.0	-1.0	-1.0	-1.0	-1.0	-1.0	-1.0	-1.0	0.0	marker	opened-hand	Open	15	0418
-66850.065	-53627.265	-103096.98	-17989.11	0.0	0.0	0.0	0.0	0.0	0.0	0.0	0.0	0.0	0.0	0.0	0.0	0.0	0.0	146.13793103448276	0.0	0.05346666	-0.106261935	1.017026205	0.71722	1.1444999999999999	0.74774	3211721.0	1776544813.345021	0.0	1.0	-1.0	-1.0	-1.0	-1.0	-1.0	-1.0	-1.0	-1.0	0.0	marker	opened-hand	Open	15	0418
-66818.295	-53629.92	-103093.83	-18013.68	0.0	0.0	0.0	0.0	0.0	0.0	0.0	0.0	0.0	0.0	0.0	0.0	0.0	0.0	146.13793103448276	0.0	0.05346666	-0.106261935	1.017026205	0.71722	1.1444999999999999	0.74774	3211722.0	1776544813.345047	0.0	1.0	-1.0	-1.0	-1.0	-1.0	-1.0	-1.0	-1.0	-1.0	0.0	marker	opened-hand	Open	15	0418
-66705.56999999999	-53629.92	-102919.23	-17852.04	0.0	0.0	0.0	0.0	0.0	0.0	0.0	0.0	0.0	0.0	0.0	0.0	0.0	0.0	146.13793103448276	0.0	0.05346666	-0.106261935	1.017026205	0.71722	1.1444999999999999	0.74774	3211723.0	1776544813.34905	0.0	1.0	-1.0	-1.0	-1.0	-1.0	-1.0	-1.0	-1.0	-1.0	0.0	marker	opened-hand	Open	15	0418
-66728.655	-53640.134999999995	-102910.095	-17811.765	0.0	0.0	0.0	0.0	0.0	0.0	0.0	0.0	0.0	0.0	0.0	0.0	0.0	0.0	146.13793103448276	0.0	0.05346666	-0.106261935	1.017026205	0.71722	1.1444999999999999	0.74774	3211724.0	1776544813.349071	0.0	1.0	-1.0	-1.0	-1.0	-1.0	-1.0	-1.0	-1.0	-1.0	0.0	marker	opened-hand	Open	15	0418
-66859.605	-53653.14	-103045.545	-17902.485	0.0	0.0	0.0	0.0	0.0	0.0	0.0	0.0	0.0	0.0	0.0	0.0	0.0	0.0	146.13793103448276	0.0	0.05346666	-0.106261935	1.017026205	0.71722	1.1444999999999999	0.74774	3211725.0	1776544813.353057	0.0	1.0	-1.0	-1.0	-1.0	-1.0	-1.0	-1.0	-1.0	-1.0	0.0	marker	opened-hand	Open	15	0418
-66874.31999999999	-53648.145	-103067.28	-17923.5	0.0	0.0	0.0	0.0	0.0	0.0	0.0	0.0	0.0	0.0	0.0	0.0	0.0	0.0	146.13793103448276	0.0	0.05346666	-0.106261935	1.017026205	0.71722	1.1444999999999999	0.74774	3211726.0	1776544813.35308	0.0	1.0	-1.0	-1.0	-1.0	-1.0	-1.0	-1.0	-1.0	-1.0	0.0	marker	opened-hand	Open	15	0418
-66834.405	-53642.88	-103035.87	-17930.07	0.0	0.0	0.0	0.0	0.0	0.0	0.0	0.0	0.0	0.0	0.0	0.0	0.0	0.0	146.13793103448276	0.0	0.051818715	-0.11157198	1.02087141	1.6022999999999998	0.25942	0.30519999999999997	3211727.0	1776544813.357253	0.0	1.0	-1.0	-1.0	-1.0	-1.0	-1.0	-1.0	-1.0	-1.0	0.0	marker	opened-hand	Open	15	0418
-66787.515	-53637.57	-103025.79	-17922.195	0.0	0.0	0.0	0.0	0.0	0.0	0.0	0.0	0.0	0.0	0.0	0.0	0.0	0.0	146.13793103448276	0.0	0.051818715	-0.11157198	1.02087141	1.6022999999999998	0.25942	0.30519999999999997	3211728.0	1776544813.35728	0.0	1.0	-1.0	-1.0	-1.0	-1.0	-1.0	-1.0	-1.0	-1.0	0.0	marker	opened-hand	Open	15	0418
-66789.855	-53646.345	-103080.19499999999	-17930.43	0.0	0.0	0.0	0.0	0.0	0.0	0.0	0.0	0.0	0.0	0.0	0.0	0.0	0.0	146.13793103448276	0.0	0.051818715	-0.11157198	1.02087141	1.6022999999999998	0.25942	0.30519999999999997	3211729.0	1776544813.361164	0.0	1.0	-1.0	-1.0	-1.0	-1.0	-1.0	-1.0	-1.0	-1.0	0.0	marker	opened-hand	Open	15	0418
-66780.36	-53657.865	-103053.465	-17910.63	0.0	0.0	0.0	0.0	0.0	0.0	0.0	0.0	0.0	0.0	0.0	0.0	0.0	0.0	146.13793103448276	0.0	0.051818715	-0.11157198	1.02087141	1.6022999999999998	0.25942	0.30519999999999997	3211730.0	1776544813.361186	0.0	1.0	-1.0	-1.0	-1.0	-1.0	-1.0	-1.0	-1.0	-1.0	0.0	marker	opened-hand	Open	15	0418
-66818.565	-53685.405	-103049.055	-17936.19	0.0	0.0	0.0	0.0	0.0	0.0	0.0	0.0	0.0	0.0	0.0	0.0	0.0	0.0	146.13793103448276	0.0	0.051818715	-0.11157198	1.02087141	1.6022999999999998	0.25942	0.30519999999999997	3211731.0	1776544813.365975	0.0	1.0	-1.0	-1.0	-1.0	-1.0	-1.0	-1.0	-1.0	-1.0	0.0	marker	opened-hand	Open	15	0418
-66790.215	-53711.055	-103023.315	-17916.344999999998	0.0	0.0	0.0	0.0	0.0	0.0	0.0	0.0	0.0	0.0	0.0	0.0	0.0	0.0	146.13793103448276	0.0	0.051818715	-0.11157198	1.02087141	1.6022999999999998	0.25942	0.30519999999999997	3211732.0	1776544813.365999	0.0	1.0	-1.0	-1.0	-1.0	-1.0	-1.0	-1.0	-1.0	-1.0	0.0	marker	opened-hand	Open	15	0418
-66702.19499999999	-53711.64	-102941.86499999999	-17825.219999999998	0.0	0.0	0.0	0.0	0.0	0.0	0.0	0.0	0.0	0.0	0.0	0.0	0.0	0.0	146.13793103448276	0.0	0.051818715	-0.11157198	1.02087141	1.6022999999999998	0.25942	0.30519999999999997	3211733.0	1776544813.369107	0.0	1.0	-1.0	-1.0	-1.0	-1.0	-1.0	-1.0	-1.0	-1.0	0.0	marker	opened-hand	Open	15	0418
-66713.355	-53718.119999999995	-102976.69499999999	-17864.415	0.0	0.0	0.0	0.0	0.0	0.0	0.0	0.0	0.0	0.0	0.0	0.0	0.0	0.0	146.13793103448276	0.0	0.051818715	-0.11157198	1.02087141	1.6022999999999998	0.25942	0.30519999999999997	3211734.0	1776544813.369126	0.0	1.0	-1.0	-1.0	-1.0	-1.0	-1.0	-1.0	-1.0	-1.0	0.0	marker	opened-hand	Open	15	0418
-66866.94	-53725.905	-103034.295	-17931.105	0.0	0.0	0.0	0.0	0.0	0.0	0.0	0.0	0.0	0.0	0.0	0.0	0.0	0.0	146.13793103448276	0.0	0.051818715	-0.11157198	1.02087141	1.6022999999999998	0.25942	0.30519999999999997	3211735.0	1776544813.373183	0.0	1.0	-1.0	-1.0	-1.0	-1.0	-1.0	-1.0	-1.0	-1.0	0.0	marker	opened-hand	Open	15	0418
-66832.11	-53722.17	-103009.905	-17922.555	0.0	0.0	0.0	0.0	0.0	0.0	0.0	0.0	0.0	0.0	0.0	0.0	0.0	0.0	146.13793103448276	0.0	0.051818715	-0.11157198	1.02087141	1.6022999999999998	0.25942	0.30519999999999997	3211736.0	1776544813.373202	0.0	1.0	-1.0	-1.0	-1.0	-1.0	-1.0	-1.0	-1.0	-1.0	0.0	marker	opened-hand	Open	15	0418
-66777.48	-53707.59	-102970.575	-17873.73	0.0	0.0	0.0	0.0	0.0	0.0	0.0	0.0	0.0	0.0	0.0	0.0	0.0	0.0	146.13793103448276	0.0	0.049316280000000004	-0.113952345	1.021909005	2.35004	0.24416	-0.36624	3211737.0	1776544813.377246	0.0	1.0	-1.0	-1.0	-1.0	-1.0	-1.0	-1.0	-1.0	-1.0	0.0	marker	opened-hand	Open	15	0418
-66818.47499999999	-53698.86	-102992.265	-17847.225	0.0	0.0	0.0	0.0	0.0	0.0	0.0	0.0	0.0	0.0	0.0	0.0	0.0	0.0	146.13793103448276	0.0	0.049316280000000004	-0.113952345	1.021909005	2.35004	0.24416	-0.36624	3211738.0	1776544813.377263	0.0	1.0	-1.0	-1.0	-1.0	-1.0	-1.0	-1.0	-1.0	-1.0	0.0	marker	opened-hand	Open	15	0418
-66795.795	-53695.89	-103026.06	-17879.265	0.0	0.0	0.0	0.0	0.0	0.0	0.0	0.0	0.0	0.0	0.0	0.0	0.0	0.0	146.13793103448276	0.0	0.049316280000000004	-0.113952345	1.021909005	2.35004	0.24416	-0.36624	3211739.0	1776544813.381126	0.0	1.0	-1.0	-1.0	-1.0	-1.0	-1.0	-1.0	-1.0	-1.0	0.0	marker	opened-hand	Open	15	0418
-66795.56999999999	-53700.299999999996	-103034.51999999999	-17903.79	0.0	0.0	0.0	0.0	0.0	0.0	0.0	0.0	0.0	0.0	0.0	0.0	0.0	0.0	146.13793103448276	0.0	0.049316280000000004	-0.113952345	1.021909005	2.35004	0.24416	-0.36624	3211740.0	1776544813.381144	0.0	1.0	-1.0	-1.0	-1.0	-1.0	-1.0	-1.0	-1.0	-1.0	0.0	marker	opened-hand	Open	15	0418
-66767.04	-53690.625	-102954.915	-17830.305	0.0	0.0	0.0	0.0	0.0	0.0	0.0	0.0	0.0	0.0	0.0	0.0	0.0	0.0	146.13793103448276	0.0	0.049316280000000004	-0.113952345	1.021909005	2.35004	0.24416	-0.36624	3211741.0	1776544813.389433	0.0	1.0	-1.0	-1.0	-1.0	-1.0	-1.0	-1.0	-1.0	-1.0	0.0	marker	opened-hand	Open	15	0418
-66725.055	-53679.24	-102896.595	-17770.77	0.0	0.0	0.0	0.0	0.0	0.0	0.0	0.0	0.0	0.0	0.0	0.0	0.0	0.0	146.13793103448276	0.0	0.049316280000000004	-0.113952345	1.021909005	2.35004	0.24416	-0.36624	3211742.0	1776544813.389456	0.0	1.0	-1.0	-1.0	-1.0	-1.0	-1.0	-1.0	-1.0	-1.0	0.0	marker	opened-hand	Open	15	0418
-66848.355	-53691.165	-103047.25499999999	-17919.54	0.0	0.0	0.0	0.0	0.0	0.0	0.0	0.0	0.0	0.0	0.0	0.0	0.0	0.0	146.13793103448276	0.0	0.049316280000000004	-0.113952345	1.021909005	2.35004	0.24416	-0.36624	3211743.0	1776544813.392202	0.0	1.0	-1.0	-1.0	-1.0	-1.0	-1.0	-1.0	-1.0	-1.0	0.0	marker	opened-hand	Open	15	0418
-66821.175	-53683.2	-103031.09999999999	-17931.825	0.0	0.0	0.0	0.0	0.0	0.0	0.0	0.0	0.0	0.0	0.0	0.0	0.0	0.0	146.13793103448276	0.0	0.049316280000000004	-0.113952345	1.021909005	2.35004	0.24416	-0.36624	3211744.0	1776544813.392219	0.0	1.0	-1.0	-1.0	-1.0	-1.0	-1.0	-1.0	-1.0	-1.0	0.0	marker	opened-hand	Open	15	0418
-66652.92	-53665.695	-102836.51999999999	-17761.59	0.0	0.0	0.0	0.0	0.0	0.0	0.0	0.0	0.0	0.0	0.0	0.0	0.0	0.0	146.13793103448276	0.0	0.049316280000000004	-0.113952345	1.021909005	2.35004	0.24416	-0.36624	3211745.0	1776544813.395328	0.0	1.0	-1.0	-1.0	-1.0	-1.0	-1.0	-1.0	-1.0	-1.0	0.0	marker	opened-hand	Open	15	0418
-66559.59	-53653.814999999995	-102713.67	-17610.795	0.0	0.0	0.0	0.0	0.0	0.0	0.0	0.0	0.0	0.0	0.0	0.0	0.0	0.0	146.13793103448276	0.0	0.049316280000000004	-0.113952345	1.021909005	2.35004	0.24416	-0.36624	3211746.0	1776544813.395341	0.0	1.0	-1.0	-1.0	-1.0	-1.0	-1.0	-1.0	-1.0	-1.0	0.0	marker	opened-hand	Open	15	0418
-66735.855	-53663.579999999994	-102883.59	-17744.219999999998	0.0	0.0	0.0	0.0	0.0	0.0	0.0	0.0	0.0	0.0	0.0	0.0	0.0	0.0	146.13793103448276	0.0	0.050231805	-0.111510945	1.0229466	2.2889999999999997	-0.10682	-1.05294	3211747.0	1776544813.401521	0.0	1.0	-1.0	-1.0	-1.0	-1.0	-1.0	-1.0	-1.0	-1.0	0.0	marker	opened-hand	Open	15	0418
-66896.055	-53677.215	-103060.39499999999	-17924.175	0.0	0.0	0.0	0.0	0.0	0.0	0.0	0.0	0.0	0.0	0.0	0.0	0.0	0.0	146.13793103448276	0.0	0.050231805	-0.111510945	1.0229466	2.2889999999999997	-0.10682	-1.05294	3211748.0	1776544813.401551	0.0	1.0	-1.0	-1.0	-1.0	-1.0	-1.0	-1.0	-1.0	-1.0	0.0	marker	opened-hand	Open	15	0418
-66900.915	-53682.165	-103144.545	-18056.655	0.0	0.0	0.0	0.0	0.0	0.0	0.0	0.0	0.0	0.0	0.0	0.0	0.0	0.0	146.13793103448276	0.0	0.050231805	-0.111510945	1.0229466	2.2889999999999997	-0.10682	-1.05294	3211749.0	1776544813.401589	0.0	1.0	-1.0	-1.0	-1.0	-1.0	-1.0	-1.0	-1.0	-1.0	0.0	marker	opened-hand	Open	15	0418
-66895.065	-53679.42	-103124.925	-18040.5	0.0	0.0	0.0	0.0	0.0	0.0	0.0	0.0	0.0	0.0	0.0	0.0	0.0	0.0	146.13793103448276	0.0	0.050231805	-0.111510945	1.0229466	2.2889999999999997	-0.10682	-1.05294	3211750.0	1776544813.401608	0.0	1.0	-1.0	-1.0	-1.0	-1.0	-1.0	-1.0	-1.0	-1.0	0.0	marker	opened-hand	Open	15	0418
-66841.33499999999	-53669.43	-103085.37	-17954.774999999998	0.0	0.0	0.0	0.0	0.0	0.0	0.0	0.0	0.0	0.0	0.0	0.0	0.0	0.0	146.13793103448276	0.0	0.050231805	-0.111510945	1.0229466	2.2889999999999997	-0.10682	-1.05294	3211751.0	1776544813.405362	0.0	1.0	-1.0	-1.0	-1.0	-1.0	-1.0	-1.0	-1.0	-1.0	0.0	marker	opened-hand	Open	15	0418
-66741.3	-53657.369999999995	-103040.415	-17883.405	0.0	0.0	0.0	0.0	0.0	0.0	0.0	0.0	0.0	0.0	0.0	0.0	0.0	0.0	146.13793103448276	0.0	0.050231805	-0.111510945	1.0229466	2.2889999999999997	-0.10682	-1.05294	3211752.0	1776544813.405392	0.0	1.0	-1.0	-1.0	-1.0	-1.0	-1.0	-1.0	-1.0	-1.0	0.0	marker	opened-hand	Open	15	0418
-66671.73	-53650.53	-102938.985	-17821.62	0.0	0.0	0.0	0.0	0.0	0.0	0.0	0.0	0.0	0.0	0.0	0.0	0.0	0.0	146.13793103448276	0.0	0.050231805	-0.111510945	1.0229466	2.2889999999999997	-0.10682	-1.05294	3211753.0	1776544813.40923	0.0	1.0	-1.0	-1.0	-1.0	-1.0	-1.0	-1.0	-1.0	-1.0	0.0	marker	opened-hand	Open	15	0418
-66655.17	-53641.575	-102861.22499999999	-17773.38	0.0	0.0	0.0	0.0	0.0	0.0	0.0	0.0	0.0	0.0	0.0	0.0	0.0	0.0	146.13793103448276	0.0	0.050231805	-0.111510945	1.0229466	2.2889999999999997	-0.10682	-1.05294	3211754.0	1776544813.409251	0.0	1.0	-1.0	-1.0	-1.0	-1.0	-1.0	-1.0	-1.0	-1.0	0.0	marker	opened-hand	Open	15	0418
-66797.81999999999	-53645.805	-102950.86499999999	-17835.66	0.0	0.0	0.0	0.0	0.0	0.0	0.0	0.0	0.0	0.0	0.0	0.0	0.0	0.0	146.13793103448276	0.0	0.050231805	-0.111510945	1.0229466	2.2889999999999997	-0.10682	-1.05294	3211755.0	1776544813.413435	0.0	1.0	-1.0	-1.0	-1.0	-1.0	-1.0	-1.0	-1.0	-1.0	0.0	marker	opened-hand	Open	15	0418
-66845.745	-53660.61	-103055.12999999999	-17930.34	0.0	0.0	0.0	0.0	0.0	0.0	0.0	0.0	0.0	0.0	0.0	0.0	0.0	0.0	146.13793103448276	0.0	0.050231805	-0.111510945	1.0229466	2.2889999999999997	-0.10682	-1.05294	3211756.0	1776544813.413457	0.0	1.0	-1.0	-1.0	-1.0	-1.0	-1.0	-1.0	-1.0	-1.0	0.0	marker	opened-hand	Open	15	0418
-66864.42	-53675.145	-103095.315	-17969.085	0.0	0.0	0.0	0.0	0.0	0.0	0.0	0.0	0.0	0.0	0.0	0.0	0.0	0.0	146.13793103448276	0.0	0.046569705	-0.109801965	1.01904036	3.6013599999999997	-0.28994	-1.49548	3211757.0	1776544813.417294	0.0	1.0	-1.0	-1.0	-1.0	-1.0	-1.0	-1.0	-1.0	-1.0	0.0	marker	opened-hand	Open	15	0418
-66804.795	-53668.619999999995	-103005.62999999999	-17886.645	0.0	0.0	0.0	0.0	0.0	0.0	0.0	0.0	0.0	0.0	0.0	0.0	0.0	0.0	146.13793103448276	0.0	0.046569705	-0.109801965	1.01904036	3.6013599999999997	-0.28994	-1.49548	3211758.0	1776544813.417316	0.0	1.0	-1.0	-1.0	-1.0	-1.0	-1.0	-1.0	-1.0	-1.0	0.0	marker	opened-hand	Open	15	0418
-66743.28	-53668.71	-102931.245	-17821.215	0.0	0.0	0.0	0.0	0.0	0.0	0.0	0.0	0.0	0.0	0.0	0.0	0.0	0.0	146.13793103448276	0.0	0.046569705	-0.109801965	1.01904036	3.6013599999999997	-0.28994	-1.49548	3211759.0	1776544813.421175	0.0	1.0	-1.0	-1.0	-1.0	-1.0	-1.0	-1.0	-1.0	-1.0	0.0	marker	opened-hand	Open	15	0418
-66842.415	-53671.814999999995	-103033.845	-17910.18	0.0	0.0	0.0	0.0	0.0	0.0	0.0	0.0	0.0	0.0	0.0	0.0	0.0	0.0	146.13793103448276	0.0	0.046569705	-0.109801965	1.01904036	3.6013599999999997	-0.28994	-1.49548	3211760.0	1776544813.421202	0.0	1.0	-1.0	-1.0	-1.0	-1.0	-1.0	-1.0	-1.0	-1.0	0.0	marker	opened-hand	Open	15	0418
-66903.525	-53666.549999999996	-103140.94499999999	-18004.59	0.0	0.0	0.0	0.0	0.0	0.0	0.0	0.0	0.0	0.0	0.0	0.0	0.0	0.0	146.13793103448276	0.0	0.046569705	-0.109801965	1.01904036	3.6013599999999997	-0.28994	-1.49548	3211761.0	1776544813.425379	0.0	1.0	-1.0	-1.0	-1.0	-1.0	-1.0	-1.0	-1.0	-1.0	0.0	marker	opened-hand	Open	15	0418
-66827.88	-53657.28	-103065.525	-17938.665	0.0	0.0	0.0	0.0	0.0	0.0	0.0	0.0	0.0	0.0	0.0	0.0	0.0	0.0	146.13793103448276	0.0	0.046569705	-0.109801965	1.01904036	3.6013599999999997	-0.28994	-1.49548	3211762.0	1776544813.425397	0.0	1.0	-1.0	-1.0	-1.0	-1.0	-1.0	-1.0	-1.0	-1.0	0.0	marker	opened-hand	Open	15	0418
-66753.495	-53647.515	-102944.565	-17827.155	0.0	0.0	0.0	0.0	0.0	0.0	0.0	0.0	0.0	0.0	0.0	0.0	0.0	0.0	146.13793103448276	0.0	0.046569705	-0.109801965	1.01904036	3.6013599999999997	-0.28994	-1.49548	3211763.0	1776544813.43017	0.0	1.0	-1.0	-1.0	-1.0	-1.0	-1.0	-1.0	-1.0	-1.0	0.0	marker	opened-hand	Open	15	0418
-66743.81999999999	-53650.53	-102902.89499999999	-17798.265	0.0	0.0	0.0	0.0	0.0	0.0	0.0	0.0	0.0	0.0	0.0	0.0	0.0	0.0	146.13793103448276	0.0	0.046569705	-0.109801965	1.01904036	3.6013599999999997	-0.28994	-1.49548	3211764.0	1776544813.430184	0.0	1.0	-1.0	-1.0	-1.0	-1.0	-1.0	-1.0	-1.0	-1.0	0.0	marker	opened-hand	Open	15	0418
-66862.305	-53677.53	-103040.415	-17943.03	0.0	0.0	0.0	0.0	0.0	0.0	0.0	0.0	0.0	0.0	0.0	0.0	0.0	0.0	146.13793103448276	0.0	0.046569705	-0.109801965	1.01904036	3.6013599999999997	-0.28994	-1.49548	3211765.0	1776544813.433506	0.0	1.0	-1.0	-1.0	-1.0	-1.0	-1.0	-1.0	-1.0	-1.0	0.0	marker	opened-hand	Open	15	0418
-66780.0	-53685.225	-102944.47499999999	-17867.34	0.0	0.0	0.0	0.0	0.0	0.0	0.0	0.0	0.0	0.0	0.0	0.0	0.0	0.0	146.13793103448276	0.0	0.046569705	-0.109801965	1.01904036	3.6013599999999997	-0.28994	-1.49548	3211766.0	1776544813.433533	0.0	1.0	-1.0	-1.0	-1.0	-1.0	-1.0	-1.0	-1.0	-1.0	0.0	marker	opened-hand	Open	15	0418
-66629.43	-53680.229999999996	-102811.815	-17750.655	0.0	0.0	0.0	0.0	0.0	0.0	0.0	0.0	0.0	0.0	0.0	0.0	0.0	0.0	146.13793103448276	0.0	0.047424195	-0.107970915	1.013608245	3.2198599999999997	-0.6103999999999999	-1.70912	3211767.0	1776544813.437403	0.0	1.0	-1.0	-1.0	-1.0	-1.0	-1.0	-1.0	-1.0	-1.0	0.0	marker	opened-hand	Open	15	0418
-66758.31	-53689.545	-102945.51	-17833.454999999998	0.0	0.0	0.0	0.0	0.0	0.0	0.0	0.0	0.0	0.0	0.0	0.0	0.0	0.0	146.13793103448276	0.0	0.047424195	-0.107970915	1.013608245	3.2198599999999997	-0.6103999999999999	-1.70912	3211768.0	1776544813.437468	0.0	1.0	-1.0	-1.0	-1.0	-1.0	-1.0	-1.0	-1.0	-1.0	0.0	marker	opened-hand	Open	15	0418
-66871.89	-53694.27	-103106.47499999999	-17940.105	0.0	0.0	0.0	0.0	0.0	0.0	0.0	0.0	0.0	0.0	0.0	0.0	0.0	0.0	146.13793103448276	0.0	0.047424195	-0.107970915	1.013608245	3.2198599999999997	-0.6103999999999999	-1.70912	3211769.0	1776544813.441311	0.0	1.0	-1.0	-1.0	-1.0	-1.0	-1.0	-1.0	-1.0	-1.0	0.0	marker	opened-hand	Open	15	0418
-66672.0	-53684.865	-102965.355	-17856.09	0.0	0.0	0.0	0.0	0.0	0.0	0.0	0.0	0.0	0.0	0.0	0.0	0.0	0.0	146.13793103448276	0.0	0.047424195	-0.107970915	1.013608245	3.2198599999999997	-0.6103999999999999	-1.70912	3211770.0	1776544813.441327	0.0	1.0	-1.0	-1.0	-1.0	-1.0	-1.0	-1.0	-1.0	-1.0	0.0	marker	opened-hand	Open	15	0418
-66710.52	-53696.07	-102950.685	-17848.305	0.0	0.0	0.0	0.0	0.0	0.0	0.0	0.0	0.0	0.0	0.0	0.0	0.0	0.0	146.13793103448276	0.0	0.047424195	-0.107970915	1.013608245	3.2198599999999997	-0.6103999999999999	-1.70912	3211771.0	1776544813.448339	0.0	1.0	-1.0	-1.0	-1.0	-1.0	-1.0	-1.0	-1.0	-1.0	0.0	marker	opened-hand	Open	15	0418
-66752.325	-53698.049999999996	-102922.65	-17854.605	0.0	0.0	0.0	0.0	0.0	0.0	0.0	0.0	0.0	0.0	0.0	0.0	0.0	0.0	146.13793103448276	0.0	0.047424195	-0.107970915	1.013608245	3.2198599999999997	-0.6103999999999999	-1.70912	3211772.0	1776544813.448361	0.0	1.0	-1.0	-1.0	-1.0	-1.0	-1.0	-1.0	-1.0	-1.0	0.0	marker	opened-hand	Open	15	0418
-66697.155	-53697.329999999994	-102843.94499999999	-17785.17	0.0	0.0	0.0	0.0	0.0	0.0	0.0	0.0	0.0	0.0	0.0	0.0	0.0	0.0	146.13793103448276	0.0	0.047424195	-0.107970915	1.013608245	3.2198599999999997	-0.6103999999999999	-1.70912	3211773.0	1776544813.449381	0.0	1.0	-1.0	-1.0	-1.0	-1.0	-1.0	-1.0	-1.0	-1.0	0.0	marker	opened-hand	Open	15	0418
-66867.255	-53699.579999999994	-103027.68	-17916.48	0.0	0.0	0.0	0.0	0.0	0.0	0.0	0.0	0.0	0.0	0.0	0.0	0.0	0.0	146.13793103448276	0.0	0.047424195	-0.107970915	1.013608245	3.2198599999999997	-0.6103999999999999	-1.70912	3211774.0	1776544813.449393	0.0	1.0	-1.0	-1.0	-1.0	-1.0	-1.0	-1.0	-1.0	-1.0	0.0	marker	opened-hand	Open	15	0418
-66915.09	-53698.68	-103191.165	-18037.53	0.0	0.0	0.0	0.0	0.0	0.0	0.0	0.0	0.0	0.0	0.0	0.0	0.0	0.0	146.13793103448276	0.0	0.047424195	-0.107970915	1.013608245	3.2198599999999997	-0.6103999999999999	-1.70912	3211775.0	1776544813.453543	0.0	1.0	-1.0	-1.0	-1.0	-1.0	-1.0	-1.0	-1.0	-1.0	0.0	marker	opened-hand	Open	15	0418
-66832.425	-53685.27	-103113.18	-17949.465	0.0	0.0	0.0	0.0	0.0	0.0	0.0	0.0	0.0	0.0	0.0	0.0	0.0	0.0	146.13793103448276	0.0	0.047424195	-0.107970915	1.013608245	3.2198599999999997	-0.6103999999999999	-1.70912	3211776.0	1776544813.453564	0.0	1.0	-1.0	-1.0	-1.0	-1.0	-1.0	-1.0	-1.0	-1.0	0.0	marker	opened-hand	Open	15	0418
-66827.295	-53680.59	-103039.56	-17881.559999999998	0.0	0.0	0.0	0.0	0.0	0.0	0.0	0.0	0.0	0.0	0.0	0.0	0.0	0.0	146.13793103448276	0.0	0.04846179	-0.1049802	1.007504745	2.73154	-0.85456	-1.4191799999999999	3211777.0	1776544813.457446	0.0	1.0	-1.0	-1.0	-1.0	-1.0	-1.0	-1.0	-1.0	-1.0	0.0	marker	opened-hand	Open	15	0418
-66806.01	-53683.11	-103041.765	-17914.364999999998	0.0	0.0	0.0	0.0	0.0	0.0	0.0	0.0	0.0	0.0	0.0	0.0	0.0	0.0	146.13793103448276	0.0	0.04846179	-0.1049802	1.007504745	2.73154	-0.85456	-1.4191799999999999	3211778.0	1776544813.457464	0.0	1.0	-1.0	-1.0	-1.0	-1.0	-1.0	-1.0	-1.0	-1.0	0.0	marker	opened-hand	Open	15	0418
-66811.68	-53684.954999999994	-103062.555	-17948.114999999998	0.0	0.0	0.0	0.0	0.0	0.0	0.0	0.0	0.0	0.0	0.0	0.0	0.0	0.0	146.13793103448276	0.0	0.04846179	-0.1049802	1.007504745	2.73154	-0.85456	-1.4191799999999999	3211779.0	1776544813.462211	0.0	1.0	-1.0	-1.0	-1.0	-1.0	-1.0	-1.0	-1.0	-1.0	0.0	marker	opened-hand	Open	15	0418
-66807.54	-53687.88	-103003.83	-17893.53	0.0	0.0	0.0	0.0	0.0	0.0	0.0	0.0	0.0	0.0	0.0	0.0	0.0	0.0	146.13793103448276	0.0	0.04846179	-0.1049802	1.007504745	2.73154	-0.85456	-1.4191799999999999	3211780.0	1776544813.462226	0.0	1.0	-1.0	-1.0	-1.0	-1.0	-1.0	-1.0	-1.0	-1.0	0.0	marker	opened-hand	Open	15	0418
-66799.70999999999	-53696.25	-102948.03	-17855.28	0.0	0.0	0.0	0.0	0.0	0.0	0.0	0.0	0.0	0.0	0.0	0.0	0.0	0.0	146.13793103448276	0.0	0.04846179	-0.1049802	1.007504745	2.73154	-0.85456	-1.4191799999999999	3211781.0	1776544813.465546	0.0	1.0	-1.0	-1.0	-1.0	-1.0	-1.0	-1.0	-1.0	-1.0	0.0	marker	opened-hand	Open	15	0418
-66648.285	-53695.755	-102895.37999999999	-17788.815	0.0	0.0	0.0	0.0	0.0	0.0	0.0	0.0	0.0	0.0	0.0	0.0	0.0	0.0	146.13793103448276	0.0	0.04846179	-0.1049802	1.007504745	2.73154	-0.85456	-1.4191799999999999	3211782.0	1776544813.465577	0.0	1.0	-1.0	-1.0	-1.0	-1.0	-1.0	-1.0	-1.0	-1.0	0.0	marker	opened-hand	Open	15	0418
-66733.965	-53701.604999999996	-103003.965	-17881.739999999998	0.0	0.0	0.0	0.0	0.0	0.0	0.0	0.0	0.0	0.0	0.0	0.0	0.0	0.0	146.13793103448276	0.0	0.04846179	-0.1049802	1.007504745	2.73154	-0.85456	-1.4191799999999999	3211783.0	1776544813.472498	0.0	1.0	-1.0	-1.0	-1.0	-1.0	-1.0	-1.0	-1.0	-1.0	0.0	marker	opened-hand	Open	15	0418
-66822.795	-53704.755	-103052.295	-17925.795	0.0	0.0	0.0	0.0	0.0	0.0	0.0	0.0	0.0	0.0	0.0	0.0	0.0	0.0	146.13793103448276	0.0	0.04846179	-0.1049802	1.007504745	2.73154	-0.85456	-1.4191799999999999	3211784.0	1776544813.472514	0.0	1.0	-1.0	-1.0	-1.0	-1.0	-1.0	-1.0	-1.0	-1.0	0.0	marker	opened-hand	Open	15	0418
-66817.98	-53705.7	-103028.44499999999	-17930.79	0.0	0.0	0.0	0.0	0.0	0.0	0.0	0.0	0.0	0.0	0.0	0.0	0.0	0.0	146.13793103448276	0.0	0.04846179	-0.1049802	1.007504745	2.73154	-0.85456	-1.4191799999999999	3211785.0	1776544813.473499	0.0	1.0	-1.0	-1.0	-1.0	-1.0	-1.0	-1.0	-1.0	-1.0	0.0	marker	opened-hand	Open	15	0418
-66798.27	-53695.439999999995	-102967.47	-17896.905	0.0	0.0	0.0	0.0	0.0	0.0	0.0	0.0	0.0	0.0	0.0	0.0	0.0	0.0	146.13793103448276	0.0	0.04846179	-0.1049802	1.007504745	2.73154	-0.85456	-1.4191799999999999	3211786.0	1776544813.473522	0.0	1.0	-1.0	-1.0	-1.0	-1.0	-1.0	-1.0	-1.0	-1.0	0.0	marker	opened-hand	Open	15	0418
-66796.515	-53680.365	-102973.815	-17861.715	0.0	0.0	0.0	0.0	0.0	0.0	0.0	0.0	0.0	0.0	0.0	0.0	0.0	0.0	146.13793103448276	0.0	0.05187975	-0.09875463	1.00622301	2.7468	0.7019599999999999	-0.04578	3211787.0	1776544813.477453	0.0	1.0	-1.0	-1.0	-1.0	-1.0	-1.0	-1.0	-1.0	-1.0	0.0	marker	opened-hand	Open	15	0418
-66860.685	-53681.174999999996	-103077.495	-17910.495	0.0	0.0	0.0	0.0	0.0	0.0	0.0	0.0	0.0	0.0	0.0	0.0	0.0	0.0	146.13793103448276	0.0	0.05187975	-0.09875463	1.00622301	2.7468	0.7019599999999999	-0.04578	3211788.0	1776544813.477468	0.0	1.0	-1.0	-1.0	-1.0	-1.0	-1.0	-1.0	-1.0	-1.0	0.0	marker	opened-hand	Open	15	0418
-66845.655	-53678.88	-103053.69	-17922.015	0.0	0.0	0.0	0.0	0.0	0.0	0.0	0.0	0.0	0.0	0.0	0.0	0.0	0.0	146.13793103448276	0.0	0.05187975	-0.09875463	1.00622301	2.7468	0.7019599999999999	-0.04578	3211789.0	1776544813.48145	0.0	1.0	-1.0	-1.0	-1.0	-1.0	-1.0	-1.0	-1.0	-1.0	0.0	marker	opened-hand	Open	15	0418
-66747.555	-53685.27	-102967.92	-17844.165	0.0	0.0	0.0	0.0	0.0	0.0	0.0	0.0	0.0	0.0	0.0	0.0	0.0	0.0	146.13793103448276	0.0	0.05187975	-0.09875463	1.00622301	2.7468	0.7019599999999999	-0.04578	3211790.0	1776544813.48147	0.0	1.0	-1.0	-1.0	-1.0	-1.0	-1.0	-1.0	-1.0	-1.0	0.0	marker	opened-hand	Open	15	0418
-66714.56999999999	-53692.604999999996	-102861.26999999999	-17719.605	0.0	0.0	0.0	0.0	0.0	0.0	0.0	0.0	0.0	0.0	0.0	0.0	0.0	0.0	146.13793103448276	0.0	0.05187975	-0.09875463	1.00622301	2.7468	0.7019599999999999	-0.04578	3211791.0	1776544813.48554	0.0	1.0	-1.0	-1.0	-1.0	-1.0	-1.0	-1.0	-1.0	-1.0	0.0	marker	opened-hand	Open	15	0418
-66749.94	-53703.945	-102850.29	-17711.505	0.0	0.0	0.0	0.0	0.0	0.0	0.0	0.0	0.0	0.0	0.0	0.0	0.0	0.0	146.13793103448276	0.0	0.05187975	-0.09875463	1.00622301	2.7468	0.7019599999999999	-0.04578	3211792.0	1776544813.485555	0.0	1.0	-1.0	-1.0	-1.0	-1.0	-1.0	-1.0	-1.0	-1.0	0.0	marker	opened-hand	Open	15	0418
-66803.175	-53707.229999999996	-102962.47499999999	-17835.344999999998	0.0	0.0	0.0	0.0	0.0	0.0	0.0	0.0	0.0	0.0	0.0	0.0	0.0	0.0	146.13793103448276	0.0	0.05187975	-0.09875463	1.00622301	2.7468	0.7019599999999999	-0.04578	3211793.0	1776544813.491768	0.0	1.0	-1.0	-1.0	-1.0	-1.0	-1.0	-1.0	-1.0	-1.0	0.0	marker	opened-hand	Open	15	0418
-66820.005	-53702.235	-103033.305	-17952.795	0.0	0.0	0.0	0.0	0.0	0.0	0.0	0.0	0.0	0.0	0.0	0.0	0.0	0.0	146.13793103448276	0.0	0.05187975	-0.09875463	1.00622301	2.7468	0.7019599999999999	-0.04578	3211794.0	1776544813.491785	0.0	1.0	-1.0	-1.0	-1.0	-1.0	-1.0	-1.0	-1.0	-1.0	0.0	marker	opened-hand	Open	15	0418
-66804.97499999999	-53672.49	-103048.73999999999	-17978.715	0.0	0.0	0.0	0.0	0.0	0.0	0.0	0.0	0.0	0.0	0.0	0.0	0.0	0.0	146.13793103448276	0.0	0.05187975	-0.09875463	1.00622301	2.7468	0.7019599999999999	-0.04578	3211795.0	1776544813.500969	0.0	1.0	-1.0	-1.0	-1.0	-1.0	-1.0	-1.0	-1.0	-1.0	0.0	marker	opened-hand	Open	15	0418
-66776.895	-53579.07	-103005.94499999999	-17931.78	0.0	0.0	0.0	0.0	0.0	0.0	0.0	0.0	0.0	0.0	0.0	0.0	0.0	0.0	146.13793103448276	0.0	0.05187975	-0.09875463	1.00622301	2.7468	0.7019599999999999	-0.04578	3211796.0	1776544813.501041	0.0	1.0	-1.0	-1.0	-1.0	-1.0	-1.0	-1.0	-1.0	-1.0	0.0	marker	opened-hand	Open	15	0418
-66797.595	-53561.7	-103038.48	-17925.21	0.0	0.0	0.0	0.0	0.0	0.0	0.0	0.0	0.0	0.0	0.0	0.0	0.0	0.0	146.13793103448276	0.0	0.053527695	-0.09716772	1.0068333600000001	2.25848	0.97664	0.56462	3211797.0	1776544813.503822	0.0	1.0	-1.0	-1.0	-1.0	-1.0	-1.0	-1.0	-1.0	-1.0	0.0	marker	opened-hand	Open	15	0418
-66794.355	-53570.384999999995	-103029.345	-17890.829999999998	0.0	0.0	0.0	0.0	0.0	0.0	0.0	0.0	0.0	0.0	0.0	0.0	0.0	0.0	146.13793103448276	0.0	0.053527695	-0.09716772	1.0068333600000001	2.25848	0.97664	0.56462	3211798.0	1776544813.503842	0.0	1.0	-1.0	-1.0	-1.0	-1.0	-1.0	-1.0	-1.0	-1.0	0.0	marker	opened-hand	Open	15	0418
-66713.355	-53574.345	-102959.37	-17837.235	0.0	0.0	0.0	0.0	0.0	0.0	0.0	0.0	0.0	0.0	0.0	0.0	0.0	0.0	146.13793103448276	0.0	0.053527695	-0.09716772	1.0068333600000001	2.25848	0.97664	0.56462	3211799.0	1776544813.503867	0.0	1.0	-1.0	-1.0	-1.0	-1.0	-1.0	-1.0	-1.0	-1.0	0.0	marker	opened-hand	Open	15	0418
-66501.18	-53556.795	-102752.055	-17660.295	0.0	0.0	0.0	0.0	0.0	0.0	0.0	0.0	0.0	0.0	0.0	0.0	0.0	0.0	146.13793103448276	0.0	0.053527695	-0.09716772	1.0068333600000001	2.25848	0.97664	0.56462	3211800.0	1776544813.503878	0.0	1.0	-1.0	-1.0	-1.0	-1.0	-1.0	-1.0	-1.0	-1.0	0.0	marker	opened-hand	Open	15	0418
-66596.265	-53558.369999999995	-102815.685	-17711.28	0.0	0.0	0.0	0.0	0.0	0.0	0.0	0.0	0.0	0.0	0.0	0.0	0.0	0.0	146.13793103448276	0.0	0.053527695	-0.09716772	1.0068333600000001	2.25848	0.97664	0.56462	3211801.0	1776544813.510368	0.0	1.0	-1.0	-1.0	-1.0	-1.0	-1.0	-1.0	-1.0	-1.0	0.0	marker	opened-hand	Open	15	0418
-66992.355	-53586.18	-103164.48	-18030.015	0.0	0.0	0.0	0.0	0.0	0.0	0.0	0.0	0.0	0.0	0.0	0.0	0.0	0.0	146.13793103448276	0.0	0.053527695	-0.09716772	1.0068333600000001	2.25848	0.97664	0.56462	3211802.0	1776544813.510381	0.0	1.0	-1.0	-1.0	-1.0	-1.0	-1.0	-1.0	-1.0	-1.0	0.0	marker	opened-hand	Open	15	0418
-66961.845	-53593.695	-103130.19	-18038.34	0.0	0.0	0.0	0.0	0.0	0.0	0.0	0.0	0.0	0.0	0.0	0.0	0.0	0.0	146.13793103448276	0.0	0.053527695	-0.09716772	1.0068333600000001	2.25848	0.97664	0.56462	3211803.0	1776544813.510397	0.0	1.0	-1.0	-1.0	-1.0	-1.0	-1.0	-1.0	-1.0	-1.0	0.0	marker	opened-hand	Open	15	0418
-66843.045	-53591.265	-103034.295	-17958.329999999998	0.0	0.0	0.0	0.0	0.0	0.0	0.0	0.0	0.0	0.0	0.0	0.0	0.0	0.0	146.13793103448276	0.0	0.053527695	-0.09716772	1.0068333600000001	2.25848	0.97664	0.56462	3211804.0	1776544813.510405	0.0	1.0	-1.0	-1.0	-1.0	-1.0	-1.0	-1.0	-1.0	-1.0	0.0	marker	opened-hand	Open	15	0418
-66883.77	-53601.075	-103135.68	-17983.71	0.0	0.0	0.0	0.0	0.0	0.0	0.0	0.0	0.0	0.0	0.0	0.0	0.0	0.0	146.13793103448276	0.0	0.053527695	-0.09716772	1.0068333600000001	2.25848	0.97664	0.56462	3211805.0	1776544813.518813	0.0	1.0	-1.0	-1.0	-1.0	-1.0	-1.0	-1.0	-1.0	-1.0	0.0	marker	opened-hand	Open	15	0418
-66904.33499999999	-53612.775	-103161.105	-18011.385	0.0	0.0	0.0	0.0	0.0	0.0	0.0	0.0	0.0	0.0	0.0	0.0	0.0	0.0	146.13793103448276	0.0	0.053527695	-0.09716772	1.0068333600000001	2.25848	0.97664	0.56462	3211806.0	1776544813.518833	0.0	1.0	-1.0	-1.0	-1.0	-1.0	-1.0	-1.0	-1.0	-1.0	0.0	marker	opened-hand	Open	15	0418
-66871.125	-53616.42	-103125.105	-17996.04	0.0	0.0	0.0	0.0	0.0	0.0	0.0	0.0	0.0	0.0	0.0	0.0	0.0	0.0	146.13793103448276	0.0	0.051818715	-0.09857152500000001	1.009213725	2.38056	1.23606	0.47306	3211807.0	1776544813.518862	0.0	1.0	-1.0	-1.0	-1.0	-1.0	-1.0	-1.0	-1.0	-1.0	0.0	marker	opened-hand	Open	15	0418
-66793.23	-53609.85	-103010.31	-17887.815	0.0	0.0	0.0	0.0	0.0	0.0	0.0	0.0	0.0	0.0	0.0	0.0	0.0	0.0	146.13793103448276	0.0	0.051818715	-0.09857152500000001	1.009213725	2.38056	1.23606	0.47306	3211808.0	1776544813.518869	0.0	1.0	-1.0	-1.0	-1.0	-1.0	-1.0	-1.0	-1.0	-1.0	0.0	marker	opened-hand	Open	15	0418
-66710.565	-53602.604999999996	-102926.43	-17815.32	0.0	0.0	0.0	0.0	0.0	0.0	0.0	0.0	0.0	0.0	0.0	0.0	0.0	0.0	146.13793103448276	0.0	0.051818715	-0.09857152500000001	1.009213725	2.38056	1.23606	0.47306	3211809.0	1776544813.521654	0.0	1.0	-1.0	-1.0	-1.0	-1.0	-1.0	-1.0	-1.0	-1.0	0.0	marker	opened-hand	Open	15	0418
-66706.83	-53597.924999999996	-102903.345	-17794.26	0.0	0.0	0.0	0.0	0.0	0.0	0.0	0.0	0.0	0.0	0.0	0.0	0.0	0.0	146.13793103448276	0.0	0.051818715	-0.09857152500000001	1.009213725	2.38056	1.23606	0.47306	3211810.0	1776544813.52167	0.0	1.0	-1.0	-1.0	-1.0	-1.0	-1.0	-1.0	-1.0	-1.0	0.0	marker	opened-hand	Open	15	0418
-66790.845	-53605.259999999995	-102961.75499999999	-17830.934999999998	0.0	0.0	0.0	0.0	0.0	0.0	0.0	0.0	0.0	0.0	0.0	0.0	0.0	0.0	146.13793103448276	0.0	0.051818715	-0.09857152500000001	1.009213725	2.38056	1.23606	0.47306	3211811.0	1776544813.525698	0.0	1.0	-1.0	-1.0	-1.0	-1.0	-1.0	-1.0	-1.0	-1.0	0.0	marker	opened-hand	Open	15	0418
-66787.605	-53610.795	-103025.385	-17907.48	0.0	0.0	0.0	0.0	0.0	0.0	0.0	0.0	0.0	0.0	0.0	0.0	0.0	0.0	145.86206896551727	0.0	0.051818715	-0.09857152500000001	1.009213725	2.38056	1.23606	0.47306	3211812.0	1776544813.525732	0.0	1.0	-1.0	-1.0	-1.0	-1.0	-1.0	-1.0	-1.0	-1.0	0.0	marker	opened-hand	Open	15	0418
-66801.19499999999	-53606.384999999995	-103022.28	-17897.219999999998	0.0	0.0	0.0	0.0	0.0	0.0	0.0	0.0	0.0	0.0	0.0	0.0	0.0	0.0	145.86206896551727	0.0	0.051818715	-0.09857152500000001	1.009213725	2.38056	1.23606	0.47306	3211813.0	1776544813.530041	0.0	1.0	-1.0	-1.0	-1.0	-1.0	-1.0	-1.0	-1.0	-1.0	0.0	marker	opened-hand	Open	15	0418
-66925.845	-53602.064999999995	-103040.37	-17925.975	0.0	0.0	0.0	0.0	0.0	0.0	0.0	0.0	0.0	0.0	0.0	0.0	0.0	0.0	145.86206896551727	0.0	0.051818715	-0.09857152500000001	1.009213725	2.38056	1.23606	0.47306	3211814.0	1776544813.530065	0.0	1.0	-1.0	-1.0	-1.0	-1.0	-1.0	-1.0	-1.0	-1.0	0.0	marker	opened-hand	Open	15	0418
-66896.28	-53611.74	-103019.805	-17938.844999999998	0.0	0.0	0.0	0.0	0.0	0.0	0.0	0.0	0.0	0.0	0.0	0.0	0.0	0.0	145.86206896551727	0.0	0.051818715	-0.09857152500000001	1.009213725	2.38056	1.23606	0.47306	3211815.0	1776544813.534717	0.0	1.0	-1.0	-1.0	-1.0	-1.0	-1.0	-1.0	-1.0	-1.0	0.0	marker	opened-hand	Open	15	0418
-66702.555	-53613.494999999995	-102944.47499999999	-17875.079999999998	0.0	0.0	0.0	0.0	0.0	0.0	0.0	0.0	0.0	0.0	0.0	0.0	0.0	0.0	145.86206896551727	0.0	0.051818715	-0.09857152500000001	1.009213725	2.38056	1.23606	0.47306	3211816.0	1776544813.534741	0.0	1.0	-1.0	-1.0	-1.0	-1.0	-1.0	-1.0	-1.0	-1.0	0.0	marker	opened-hand	Open	15	0418
-66596.04	-53602.56	-102907.39499999999	-17822.34	0.0	0.0	0.0	0.0	0.0	0.0	0.0	0.0	0.0	0.0	0.0	0.0	0.0	0.0	145.86206896551727	0.0	0.052306995	-0.10125706500000001	1.009824075	1.7549	1.1444999999999999	0.74774	3211817.0	1776544813.540591	0.0	1.0	-1.0	-1.0	-1.0	-1.0	-1.0	-1.0	-1.0	-1.0	0.0	marker	opened-hand	Open	15	0418
-66589.29	-53592.57	-102880.215	-17757.315	0.0	0.0	0.0	0.0	0.0	0.0	0.0	0.0	0.0	0.0	0.0	0.0	0.0	0.0	145.86206896551727	0.0	0.052306995	-0.10125706500000001	1.009824075	1.7549	1.1444999999999999	0.74774	3211818.0	1776544813.540609	0.0	1.0	-1.0	-1.0	-1.0	-1.0	-1.0	-1.0	-1.0	-1.0	0.0	marker	opened-hand	Open	15	0418
-66768.885	-53588.295	-102924.405	-17794.485	0.0	0.0	0.0	0.0	0.0	0.0	0.0	0.0	0.0	0.0	0.0	0.0	0.0	0.0	145.86206896551727	0.0	0.052306995	-0.10125706500000001	1.009824075	1.7549	1.1444999999999999	0.74774	3211819.0	1776544813.541777	0.0	1.0	-1.0	-1.0	-1.0	-1.0	-1.0	-1.0	-1.0	-1.0	0.0	marker	opened-hand	Open	15	0418
-66863.97	-53595.63	-103038.705	-17920.8	0.0	0.0	0.0	0.0	0.0	0.0	0.0	0.0	0.0	0.0	0.0	0.0	0.0	0.0	145.86206896551727	0.0	0.052306995	-0.10125706500000001	1.009824075	1.7549	1.1444999999999999	0.74774	3211820.0	1776544813.541799	0.0	1.0	-1.0	-1.0	-1.0	-1.0	-1.0	-1.0	-1.0	-1.0	0.0	marker	opened-hand	Open	15	0418
-66846.555	-53597.384999999995	-103075.37999999999	-17967.915	0.0	0.0	0.0	0.0	0.0	0.0	0.0	0.0	0.0	0.0	0.0	0.0	0.0	0.0	145.86206896551727	0.0	0.052306995	-0.10125706500000001	1.009824075	1.7549	1.1444999999999999	0.74774	3211821.0	1776544813.545846	0.0	1.0	-1.0	-1.0	-1.0	-1.0	-1.0	-1.0	-1.0	-1.0	0.0	marker	opened-hand	Open	15	0418
-66749.84999999999	-53591.579999999994	-102966.39	-17873.91	0.0	0.0	0.0	0.0	0.0	0.0	0.0	0.0	0.0	0.0	0.0	0.0	0.0	0.0	145.86206896551727	0.0	0.052306995	-0.10125706500000001	1.009824075	1.7549	1.1444999999999999	0.74774	3211822.0	1776544813.545857	0.0	1.0	-1.0	-1.0	-1.0	-1.0	-1.0	-1.0	-1.0	-1.0	0.0	marker	opened-hand	Open	15	0418
-66742.92	-53606.384999999995	-102937.76999999999	-17810.73	0.0	0.0	0.0	0.0	0.0	0.0	0.0	0.0	0.0	0.0	0.0	0.0	0.0	0.0	145.86206896551727	0.0	0.052306995	-0.10125706500000001	1.009824075	1.7549	1.1444999999999999	0.74774	3211823.0	1776544813.554859	0.0	1.0	-1.0	-1.0	-1.0	-1.0	-1.0	-1.0	-1.0	-1.0	0.0	marker	opened-hand	Open	15	0418
-66791.205	-53621.549999999996	-102995.55	-17870.399999999998	0.0	0.0	0.0	0.0	0.0	0.0	0.0	0.0	0.0	0.0	0.0	0.0	0.0	0.0	145.86206896551727	0.0	0.052306995	-0.10125706500000001	1.009824075	1.7549	1.1444999999999999	0.74774	3211824.0	1776544813.55489	0.0	1.0	-1.0	-1.0	-1.0	-1.0	-1.0	-1.0	-1.0	-1.0	0.0	marker	opened-hand	Open	15	0418
-66760.605	-53618.445	-102971.87999999999	-17853.84	0.0	0.0	0.0	0.0	0.0	0.0	0.0	0.0	0.0	0.0	0.0	0.0	0.0	0.0	145.86206896551727	0.0	0.052306995	-0.10125706500000001	1.009824075	1.7549	1.1444999999999999	0.74774	3211825.0	1776544813.554927	0.0	1.0	-1.0	-1.0	-1.0	-1.0	-1.0	-1.0	-1.0	-1.0	0.0	marker	opened-hand	Open	15	0418
-66705.795	-53611.064999999995	-102894.48	-17771.895	0.0	0.0	0.0	0.0	0.0	0.0	0.0	0.0	0.0	0.0	0.0	0.0	0.0	0.0	145.86206896551727	0.0	0.052306995	-0.10125706500000001	1.009824075	1.7549	1.1444999999999999	0.74774	3211826.0	1776544813.554947	0.0	1.0	-1.0	-1.0	-1.0	-1.0	-1.0	-1.0	-1.0	-1.0	0.0	marker	opened-hand	Open	15	0418
-66973.68	-53614.575	-103080.015	-17932.59	0.0	0.0	0.0	0.0	0.0	0.0	0.0	0.0	0.0	0.0	0.0	0.0	0.0	0.0	145.86206896551727	0.0	0.051940785	-0.106261935	1.01403549	1.46496	0.82404	0.13734	3211827.0	1776544813.559035	0.0	1.0	-1.0	-1.0	-1.0	-1.0	-1.0	-1.0	-1.0	-1.0	0.0	marker	opened-hand	Open	15	0418
-66969.405	-53610.75	-103157.19	-18032.715	0.0	0.0	0.0	0.0	0.0	0.0	0.0	0.0	0.0	0.0	0.0	0.0	0.0	0.0	145.86206896551727	0.0	0.051940785	-0.106261935	1.01403549	1.46496	0.82404	0.13734	3211828.0	1776544813.559068	0.0	1.0	-1.0	-1.0	-1.0	-1.0	-1.0	-1.0	-1.0	-1.0	0.0	marker	opened-hand	Open	15	0418
-66670.425	-53600.354999999996	-102969.62999999999	-17869.454999999998	0.0	0.0	0.0	0.0	0.0	0.0	0.0	0.0	0.0	0.0	0.0	0.0	0.0	0.0	145.86206896551727	0.0	0.051940785	-0.106261935	1.01403549	1.46496	0.82404	0.13734	3211829.0	1776544813.561839	0.0	1.0	-1.0	-1.0	-1.0	-1.0	-1.0	-1.0	-1.0	-1.0	0.0	marker	opened-hand	Open	15	0418
-66604.36499999999	-53594.685	-102863.51999999999	-17746.38	0.0	0.0	0.0	0.0	0.0	0.0	0.0	0.0	0.0	0.0	0.0	0.0	0.0	0.0	145.86206896551727	0.0	0.051940785	-0.106261935	1.01403549	1.46496	0.82404	0.13734	3211830.0	1776544813.561857	0.0	1.0	-1.0	-1.0	-1.0	-1.0	-1.0	-1.0	-1.0	-1.0	0.0	marker	opened-hand	Open	15	0418
-66740.355	-53618.354999999996	-102947.265	-17832.42	0.0	0.0	0.0	0.0	0.0	0.0	0.0	0.0	0.0	0.0	0.0	0.0	0.0	0.0	145.86206896551727	0.0	0.051940785	-0.106261935	1.01403549	1.46496	0.82404	0.13734	3211831.0	1776544813.567088	0.0	1.0	-1.0	-1.0	-1.0	-1.0	-1.0	-1.0	-1.0	-1.0	0.0	marker	opened-hand	Open	15	0418
-66818.25	-53644.59	-103032.18	-17929.35	0.0	0.0	0.0	0.0	0.0	0.0	0.0	0.0	0.0	0.0	0.0	0.0	0.0	0.0	145.86206896551727	0.0	0.051940785	-0.106261935	1.01403549	1.46496	0.82404	0.13734	3211832.0	1776544813.567124	0.0	1.0	-1.0	-1.0	-1.0	-1.0	-1.0	-1.0	-1.0	-1.0	0.0	marker	opened-hand	Open	15	0418
-66787.515	-53651.655	-103004.415	-17899.965	0.0	0.0	0.0	0.0	0.0	0.0	0.0	0.0	0.0	0.0	0.0	0.0	0.0	0.0	145.86206896551727	0.0	0.051940785	-0.106261935	1.01403549	1.46496	0.82404	0.13734	3211833.0	1776544813.569839	0.0	1.0	-1.0	-1.0	-1.0	-1.0	-1.0	-1.0	-1.0	-1.0	0.0	marker	opened-hand	Open	15	0418
-66761.81999999999	-53654.85	-103014.0	-17911.89	0.0	0.0	0.0	0.0	0.0	0.0	0.0	0.0	0.0	0.0	0.0	0.0	0.0	0.0	145.86206896551727	0.0	0.051940785	-0.106261935	1.01403549	1.46496	0.82404	0.13734	3211834.0	1776544813.569859	0.0	1.0	-1.0	-1.0	-1.0	-1.0	-1.0	-1.0	-1.0	-1.0	0.0	marker	opened-hand	Open	15	0418
-66746.7	-53648.595	-103007.34	-17945.91	0.0	0.0	0.0	0.0	0.0	0.0	0.0	0.0	0.0	0.0	0.0	0.0	0.0	0.0	145.86206896551727	0.0	0.051940785	-0.106261935	1.01403549	1.46496	0.82404	0.13734	3211835.0	1776544813.573804	0.0	1.0	-1.0	-1.0	-1.0	-1.0	-1.0	-1.0	-1.0	-1.0	0.0	marker	opened-hand	Open	15	0418
-66848.805	-53646.255	-103042.845	-17940.465	0.0	0.0	0.0	0.0	0.0	0.0	0.0	0.0	0.0	0.0	0.0	0.0	0.0	0.0	145.86206896551727	0.0	0.051940785	-0.106261935	1.01403549	1.46496	0.82404	0.13734	3211836.0	1776544813.573822	0.0	1.0	-1.0	-1.0	-1.0	-1.0	-1.0	-1.0	-1.0	-1.0	0.0	marker	opened-hand	Open	15	0418
-66872.295	-53652.24	-103037.67	-17899.11	0.0	0.0	0.0	0.0	0.0	0.0	0.0	0.0	0.0	0.0	0.0	0.0	0.0	0.0	145.86206896551727	0.0	0.04809558	-0.10778781	1.01635482	1.89224	0.30519999999999997	-0.50358	3211837.0	1776544813.577862	0.0	1.0	-1.0	-1.0	-1.0	-1.0	-1.0	-1.0	-1.0	-1.0	0.0	marker	opened-hand	Open	15	0418
-66689.415	-53647.424999999996	-102844.935	-17715.239999999998	0.0	0.0	0.0	0.0	0.0	0.0	0.0	0.0	0.0	0.0	0.0	0.0	0.0	0.0	145.86206896551727	0.0	0.04809558	-0.10778781	1.01635482	1.89224	0.30519999999999997	-0.50358	3211838.0	1776544813.577876	0.0	1.0	-1.0	-1.0	-1.0	-1.0	-1.0	-1.0	-1.0	-1.0	0.0	marker	opened-hand	Open	15	0418
-66605.625	-53648.865	-102794.805	-17671.274999999998	0.0	0.0	0.0	0.0	0.0	0.0	0.0	0.0	0.0	0.0	0.0	0.0	0.0	0.0	145.86206896551727	0.0	0.04809558	-0.10778781	1.01635482	1.89224	0.30519999999999997	-0.50358	3211839.0	1776544813.58197	0.0	1.0	-1.0	-1.0	-1.0	-1.0	-1.0	-1.0	-1.0	-1.0	0.0	marker	opened-hand	Open	15	0418
-66784.275	-53664.795	-102993.03	-17885.024999999998	0.0	0.0	0.0	0.0	0.0	0.0	0.0	0.0	0.0	0.0	0.0	0.0	0.0	0.0	145.86206896551727	0.0	0.04809558	-0.10778781	1.01635482	1.89224	0.30519999999999997	-0.50358	3211840.0	1776544813.581989	0.0	1.0	-1.0	-1.0	-1.0	-1.0	-1.0	-1.0	-1.0	-1.0	0.0	marker	opened-hand	Open	15	0418
-66935.7	-53681.04	-103118.89499999999	-18014.04	0.0	0.0	0.0	0.0	0.0	0.0	0.0	0.0	0.0	0.0	0.0	0.0	0.0	0.0	145.86206896551727	0.0	0.04809558	-0.10778781	1.01635482	1.89224	0.30519999999999997	-0.50358	3211841.0	1776544813.587582	0.0	1.0	-1.0	-1.0	-1.0	-1.0	-1.0	-1.0	-1.0	-1.0	0.0	marker	opened-hand	Open	15	0418
-66897.22499999999	-53686.259999999995	-103167.94499999999	-18046.485	0.0	0.0	0.0	0.0	0.0	0.0	0.0	0.0	0.0	0.0	0.0	0.0	0.0	0.0	145.86206896551727	0.0	0.04809558	-0.10778781	1.01635482	1.89224	0.30519999999999997	-0.50358	3211842.0	1776544813.58761	0.0	1.0	-1.0	-1.0	-1.0	-1.0	-1.0	-1.0	-1.0	-1.0	0.0	marker	opened-hand	Open	15	0418
-66815.64	-53674.155	-103127.805	-17967.69	0.0	0.0	0.0	0.0	0.0	0.0	0.0	0.0	0.0	0.0	0.0	0.0	0.0	0.0	145.86206896551727	0.0	0.04809558	-0.10778781	1.01635482	1.89224	0.30519999999999997	-0.50358	3211843.0	1776544813.591058	0.0	1.0	-1.0	-1.0	-1.0	-1.0	-1.0	-1.0	-1.0	-1.0	0.0	marker	opened-hand	Open	15	0418
-66753.72	-53640.81	-103008.33	-17859.78	0.0	0.0	0.0	0.0	0.0	0.0	0.0	0.0	0.0	0.0	0.0	0.0	0.0	0.0	145.86206896551727	0.0	0.04809558	-0.10778781	1.01635482	1.89224	0.30519999999999997	-0.50358	3211844.0	1776544813.591076	0.0	1.0	-1.0	-1.0	-1.0	-1.0	-1.0	-1.0	-1.0	-1.0	0.0	marker	opened-hand	Open	15	0418
-66732.12	-53626.275	-102942.94499999999	-17841.105	0.0	0.0	0.0	0.0	0.0	0.0	0.0	0.0	0.0	0.0	0.0	0.0	0.0	0.0	145.86206896551727	0.0	0.04809558	-0.10778781	1.01635482	1.89224	0.30519999999999997	-0.50358	3211845.0	1776544813.594185	0.0	1.0	-1.0	-1.0	-1.0	-1.0	-1.0	-1.0	-1.0	-1.0	0.0	marker	opened-hand	Open	15	0418
-66656.61	-53620.02	-102832.155	-17756.505	0.0	0.0	0.0	0.0	0.0	0.0	0.0	0.0	0.0	0.0	0.0	0.0	0.0	0.0	145.86206896551727	0.0	0.04809558	-0.10778781	1.01635482	1.89224	0.30519999999999997	-0.50358	3211846.0	1776544813.594202	0.0	1.0	-1.0	-1.0	-1.0	-1.0	-1.0	-1.0	-1.0	-1.0	0.0	marker	opened-hand	Open	15	0418
-66607.11	-53625.24	-102769.33499999999	-17715.825	0.0	0.0	0.0	0.0	0.0	0.0	0.0	0.0	0.0	0.0	0.0	0.0	0.0	0.0	145.86206896551727	0.0	0.045715215000000003	-0.10827609	1.017636555	2.47212	-0.30519999999999997	-0.3815	3211847.0	1776544813.600292	0.0	1.0	-1.0	-1.0	-1.0	-1.0	-1.0	-1.0	-1.0	-1.0	0.0	marker	opened-hand	Open	15	0418
-66876.39	-53649.09	-103037.265	-17957.655	0.0	0.0	0.0	0.0	0.0	0.0	0.0	0.0	0.0	0.0	0.0	0.0	0.0	0.0	145.86206896551727	0.0	0.045715215000000003	-0.10827609	1.017636555	2.47212	-0.30519999999999997	-0.3815	3211848.0	1776544813.600305	0.0	1.0	-1.0	-1.0	-1.0	-1.0	-1.0	-1.0	-1.0	-1.0	0.0	marker	opened-hand	Open	15	0418
-66907.125	-53660.295	-103132.03499999999	-18029.07	0.0	0.0	0.0	0.0	0.0	0.0	0.0	0.0	0.0	0.0	0.0	0.0	0.0	0.0	145.86206896551727	0.0	0.045715215000000003	-0.10827609	1.017636555	2.47212	-0.30519999999999997	-0.3815	3211849.0	1776544813.603242	0.0	1.0	-1.0	-1.0	-1.0	-1.0	-1.0	-1.0	-1.0	-1.0	0.0	marker	opened-hand	Open	15	0418
-66821.04	-53682.75	-103053.465	-17947.575	0.0	0.0	0.0	0.0	0.0	0.0	0.0	0.0	0.0	0.0	0.0	0.0	0.0	0.0	145.86206896551727	0.0	0.045715215000000003	-0.10827609	1.017636555	2.47212	-0.30519999999999997	-0.3815	3211850.0	1776544813.603261	0.0	1.0	-1.0	-1.0	-1.0	-1.0	-1.0	-1.0	-1.0	-1.0	0.0	marker	opened-hand	Open	15	0418
-66853.395	-53721.18	-103107.555	-17938.62	0.0	0.0	0.0	0.0	0.0	0.0	0.0	0.0	0.0	0.0	0.0	0.0	0.0	0.0	145.86206896551727	0.0	0.045715215000000003	-0.10827609	1.017636555	2.47212	-0.30519999999999997	-0.3815	3211851.0	1776544813.606295	0.0	1.0	-1.0	-1.0	-1.0	-1.0	-1.0	-1.0	-1.0	-1.0	0.0	marker	opened-hand	Open	15	0418
-66851.505	-53709.165	-103089.51	-17923.23	0.0	0.0	0.0	0.0	0.0	0.0	0.0	0.0	0.0	0.0	0.0	0.0	0.0	0.0	145.86206896551727	0.0	0.045715215000000003	-0.10827609	1.017636555	2.47212	-0.30519999999999997	-0.3815	3211852.0	1776544813.606314	0.0	1.0	-1.0	-1.0	-1.0	-1.0	-1.0	-1.0	-1.0	-1.0	0.0	marker	opened-hand	Open	15	0418
-66782.745	-53698.32	-102987.18	-17852.489999999998	0.0	0.0	0.0	0.0	0.0	0.0	0.0	0.0	0.0	0.0	0.0	0.0	0.0	0.0	145.86206896551727	0.0	0.045715215000000003	-0.10827609	1.017636555	2.47212	-0.30519999999999997	-0.3815	3211853.0	1776544813.609889	0.0	1.0	-1.0	-1.0	-1.0	-1.0	-1.0	-1.0	-1.0	-1.0	0.0	marker	opened-hand	Open	15	0418
-66833.775	-53703.854999999996	-103040.19	-17905.005	0.0	0.0	0.0	0.0	0.0	0.0	0.0	0.0	0.0	0.0	0.0	0.0	0.0	0.0	145.86206896551727	0.0	0.045715215000000003	-0.10827609	1.017636555	2.47212	-0.30519999999999997	-0.3815	3211854.0	1776544813.609903	0.0	1.0	-1.0	-1.0	-1.0	-1.0	-1.0	-1.0	-1.0	-1.0	0.0	marker	opened-hand	Open	15	0418
-66803.985	-53707.32	-103011.65999999999	-17903.79	0.0	0.0	0.0	0.0	0.0	0.0	0.0	0.0	0.0	0.0	0.0	0.0	0.0	0.0	145.86206896551727	0.0	0.045715215000000003	-0.10827609	1.017636555	2.47212	-0.30519999999999997	-0.3815	3211855.0	1776544813.614052	0.0	1.0	-1.0	-1.0	-1.0	-1.0	-1.0	-1.0	-1.0	-1.0	0.0	marker	opened-hand	Open	15	0418
-66757.95	-53715.015	-102969.22499999999	-17881.559999999998	0.0	0.0	0.0	0.0	0.0	0.0	0.0	0.0	0.0	0.0	0.0	0.0	0.0	0.0	145.86206896551727	0.0	0.045715215000000003	-0.10827609	1.017636555	2.47212	-0.30519999999999997	-0.3815	3211856.0	1776544813.614106	0.0	1.0	-1.0	-1.0	-1.0	-1.0	-1.0	-1.0	-1.0	-1.0	0.0	marker	opened-hand	Open	15	0418
-66844.035	-53719.155	-102965.22	-17893.575	0.0	0.0	0.0	0.0	0.0	0.0	0.0	0.0	0.0	0.0	0.0	0.0	0.0	0.0	145.86206896551727	0.0	0.04724109	-0.113464065	1.02087141	1.8159399999999999	-0.97664	-1.38866	3211857.0	1776544813.618014	0.0	1.0	-1.0	-1.0	-1.0	-1.0	-1.0	-1.0	-1.0	-1.0	0.0	marker	opened-hand	Open	15	0418
-66864.51	-53713.485	-102917.565	-17865.09	0.0	0.0	0.0	0.0	0.0	0.0	0.0	0.0	0.0	0.0	0.0	0.0	0.0	0.0	145.86206896551727	0.0	0.04724109	-0.113464065	1.02087141	1.8159399999999999	-0.97664	-1.38866	3211858.0	1776544813.618035	0.0	1.0	-1.0	-1.0	-1.0	-1.0	-1.0	-1.0	-1.0	-1.0	0.0	marker	opened-hand	Open	15	0418
-66807.0	-53719.965	-102994.69499999999	-17887.815	0.0	0.0	0.0	0.0	0.0	0.0	0.0	0.0	0.0	0.0	0.0	0.0	0.0	0.0	145.86206896551727	0.0	0.04724109	-0.113464065	1.02087141	1.8159399999999999	-0.97664	-1.38866	3211859.0	1776544813.622381	0.0	1.0	-1.0	-1.0	-1.0	-1.0	-1.0	-1.0	-1.0	-1.0	0.0	marker	opened-hand	Open	15	0418
-66503.11499999999	-53711.145	-102794.94	-17637.345	0.0	0.0	0.0	0.0	0.0	0.0	0.0	0.0	0.0	0.0	0.0	0.0	0.0	0.0	145.86206896551727	0.0	0.04724109	-0.113464065	1.02087141	1.8159399999999999	-0.97664	-1.38866	3211860.0	1776544813.6224	0.0	1.0	-1.0	-1.0	-1.0	-1.0	-1.0	-1.0	-1.0	-1.0	0.0	marker	opened-hand	Open	15	0418
-66447.855	-53698.905	-102735.45	-17567.505	0.0	0.0	0.0	0.0	0.0	0.0	0.0	0.0	0.0	0.0	0.0	0.0	0.0	0.0	145.86206896551727	0.0	0.04724109	-0.113464065	1.02087141	1.8159399999999999	-0.97664	-1.38866	3211861.0	1776544813.627357	0.0	1.0	-1.0	-1.0	-1.0	-1.0	-1.0	-1.0	-1.0	-1.0	0.0	marker	opened-hand	Open	15	0418
-66946.455	-53721.54	-103144.635	-18008.19	0.0	0.0	0.0	0.0	0.0	0.0	0.0	0.0	0.0	0.0	0.0	0.0	0.0	0.0	145.86206896551727	0.0	0.04724109	-0.113464065	1.02087141	1.8159399999999999	-0.97664	-1.38866	3211862.0	1776544813.627374	0.0	1.0	-1.0	-1.0	-1.0	-1.0	-1.0	-1.0	-1.0	-1.0	0.0	marker	opened-hand	Open	15	0418
-67019.58	-53733.284999999996	-103196.7	-18093.645	0.0	0.0	0.0	0.0	0.0	0.0	0.0	0.0	0.0	0.0	0.0	0.0	0.0	0.0	145.86206896551727	0.0	0.04724109	-0.113464065	1.02087141	1.8159399999999999	-0.97664	-1.38866	3211863.0	1776544813.629968	0.0	1.0	-1.0	-1.0	-1.0	-1.0	-1.0	-1.0	-1.0	-1.0	0.0	marker	opened-hand	Open	15	0418
-66718.8	-53721.18	-102966.165	-17868.329999999998	0.0	0.0	0.0	0.0	0.0	0.0	0.0	0.0	0.0	0.0	0.0	0.0	0.0	0.0	145.86206896551727	0.0	0.04724109	-0.113464065	1.02087141	1.8159399999999999	-0.97664	-1.38866	3211864.0	1776544813.629984	0.0	1.0	-1.0	-1.0	-1.0	-1.0	-1.0	-1.0	-1.0	-1.0	0.0	marker	opened-hand	Open	15	0418
-66707.955	-53731.89	-102969.62999999999	-17850.195	0.0	0.0	0.0	0.0	0.0	0.0	0.0	0.0	0.0	0.0	0.0	0.0	0.0	0.0	145.86206896551727	0.0	0.04724109	-0.113464065	1.02087141	1.8159399999999999	-0.97664	-1.38866	3211865.0	1776544813.634078	0.0	1.0	-1.0	-1.0	-1.0	-1.0	-1.0	-1.0	-1.0	-1.0	0.0	marker	opened-hand	Open	15	0418
-66747.15	-53735.625	-102967.425	-17849.79	0.0	0.0	0.0	0.0	0.0	0.0	0.0	0.0	0.0	0.0	0.0	0.0	0.0	0.0	145.86206896551727	0.0	0.04724109	-0.113464065	1.02087141	1.8159399999999999	-0.97664	-1.38866	3211866.0	1776544813.634107	0.0	1.0	-1.0	-1.0	-1.0	-1.0	-1.0	-1.0	-1.0	-1.0	0.0	marker	opened-hand	Open	15	0418
-66657.915	-53721.494999999995	-102789.0	-17693.73	0.0	0.0	0.0	0.0	0.0	0.0	0.0	0.0	0.0	0.0	0.0	0.0	0.0	0.0	145.86206896551727	0.0	0.04833972	-0.11553925500000001	1.01952864	3.2351199999999998	-1.25132	-2.0448399999999998	3211867.0	1776544813.638127	0.0	1.0	-1.0	-1.0	-1.0	-1.0	-1.0	-1.0	-1.0	-1.0	0.0	marker	opened-hand	Open	15	0418
-66713.715	-53714.159999999996	-102886.2	-17776.395	0.0	0.0	0.0	0.0	0.0	0.0	0.0	0.0	0.0	0.0	0.0	0.0	0.0	0.0	145.86206896551727	0.0	0.04833972	-0.11553925500000001	1.01952864	3.2351199999999998	-1.25132	-2.0448399999999998	3211868.0	1776544813.63815	0.0	1.0	-1.0	-1.0	-1.0	-1.0	-1.0	-1.0	-1.0	-1.0	0.0	marker	opened-hand	Open	15	0418
-66787.65	-53715.78	-102923.37	-17798.309999999998	0.0	0.0	0.0	0.0	0.0	0.0	0.0	0.0	0.0	0.0	0.0	0.0	0.0	0.0	145.86206896551727	0.0	0.04833972	-0.11553925500000001	1.01952864	3.2351199999999998	-1.25132	-2.0448399999999998	3211869.0	1776544813.642076	0.0	1.0	-1.0	-1.0	-1.0	-1.0	-1.0	-1.0	-1.0	-1.0	0.0	marker	opened-hand	Open	15	0418
-67063.86	-53737.155	-103230.58499999999	-18100.035	0.0	0.0	0.0	0.0	0.0	0.0	0.0	0.0	0.0	0.0	0.0	0.0	0.0	0.0	145.86206896551727	0.0	0.04833972	-0.11553925500000001	1.01952864	3.2351199999999998	-1.25132	-2.0448399999999998	3211870.0	1776544813.642109	0.0	1.0	-1.0	-1.0	-1.0	-1.0	-1.0	-1.0	-1.0	-1.0	0.0	marker	opened-hand	Open	15	0418
-66895.69499999999	-53733.329999999994	-103196.745	-18049.184999999998	0.0	0.0	0.0	0.0	0.0	0.0	0.0	0.0	0.0	0.0	0.0	0.0	0.0	0.0	145.86206896551727	0.0	0.04833972	-0.11553925500000001	1.01952864	3.2351199999999998	-1.25132	-2.0448399999999998	3211871.0	1776544813.646025	0.0	1.0	-1.0	-1.0	-1.0	-1.0	-1.0	-1.0	-1.0	-1.0	0.0	marker	opened-hand	Open	15	0418
-66791.745	-53733.96	-103089.23999999999	-17942.265	0.0	0.0	0.0	0.0	0.0	0.0	0.0	0.0	0.0	0.0	0.0	0.0	0.0	0.0	145.86206896551727	0.0	0.04833972	-0.11553925500000001	1.01952864	3.2351199999999998	-1.25132	-2.0448399999999998	3211872.0	1776544813.646043	0.0	1.0	-1.0	-1.0	-1.0	-1.0	-1.0	-1.0	-1.0	-1.0	0.0	marker	opened-hand	Open	15	0418
-66685.455	-53723.88	-102901.995	-17798.579999999998	0.0	0.0	0.0	0.0	0.0	0.0	0.0	0.0	0.0	0.0	0.0	0.0	0.0	0.0	145.86206896551727	0.0	0.04833972	-0.11553925500000001	1.01952864	3.2351199999999998	-1.25132	-2.0448399999999998	3211873.0	1776544813.649999	0.0	1.0	-1.0	-1.0	-1.0	-1.0	-1.0	-1.0	-1.0	-1.0	0.0	marker	opened-hand	Open	15	0418
-66669.61499999999	-53726.174999999996	-102917.97	-17820.809999999998	0.0	0.0	0.0	0.0	0.0	0.0	0.0	0.0	0.0	0.0	0.0	0.0	0.0	0.0	145.86206896551727	0.0	0.04833972	-0.11553925500000001	1.01952864	3.2351199999999998	-1.25132	-2.0448399999999998	3211874.0	1776544813.650023	0.0	1.0	-1.0	-1.0	-1.0	-1.0	-1.0	-1.0	-1.0	-1.0	0.0	marker	opened-hand	Open	15	0418
-66675.42	-53724.42	-102872.565	-17806.59	0.0	0.0	0.0	0.0	0.0	0.0	0.0	0.0	0.0	0.0	0.0	0.0	0.0	0.0	145.86206896551727	0.0	0.04833972	-0.11553925500000001	1.01952864	3.2351199999999998	-1.25132	-2.0448399999999998	3211875.0	1776544813.65421	0.0	1.0	-1.0	-1.0	-1.0	-1.0	-1.0	-1.0	-1.0	-1.0	0.0	marker	opened-hand	Open	15	0418
-66727.845	-53729.595	-102840.525	-17768.61	0.0	0.0	0.0	0.0	0.0	0.0	0.0	0.0	0.0	0.0	0.0	0.0	0.0	0.0	145.86206896551727	0.0	0.04833972	-0.11553925500000001	1.01952864	3.2351199999999998	-1.25132	-2.0448399999999998	3211876.0	1776544813.654236	0.0	1.0	-1.0	-1.0	-1.0	-1.0	-1.0	-1.0	-1.0	-1.0	0.0	marker	opened-hand	Open	15	0418
-66791.34	-53741.655	-103060.62	-17958.555	0.0	0.0	0.0	0.0	0.0	0.0	0.0	0.0	0.0	0.0	0.0	0.0	0.0	0.0	145.86206896551727	0.0	0.050598015	-0.11389131	1.01391342	4.53222	-1.0834599999999999	-2.25848	3211877.0	1776544813.658137	0.0	1.0	-1.0	-1.0	-1.0	-1.0	-1.0	-1.0	-1.0	-1.0	0.0	marker	opened-hand	Open	15	0418
-66880.305	-53737.74	-103219.515	-18066.69	0.0	0.0	0.0	0.0	0.0	0.0	0.0	0.0	0.0	0.0	0.0	0.0	0.0	0.0	145.86206896551727	0.0	0.050598015	-0.11389131	1.01391342	4.53222	-1.0834599999999999	-2.25848	3211878.0	1776544813.658161	0.0	1.0	-1.0	-1.0	-1.0	-1.0	-1.0	-1.0	-1.0	-1.0	0.0	marker	opened-hand	Open	15	0418
-66888.36	-53735.534999999996	-103112.055	-17954.64	0.0	0.0	0.0	0.0	0.0	0.0	0.0	0.0	0.0	0.0	0.0	0.0	0.0	0.0	145.86206896551727	0.0	0.050598015	-0.11389131	1.01391342	4.53222	-1.0834599999999999	-2.25848	3211879.0	1776544813.662056	0.0	1.0	-1.0	-1.0	-1.0	-1.0	-1.0	-1.0	-1.0	-1.0	0.0	marker	opened-hand	Open	15	0418
-66690.22499999999	-53722.89	-102897.315	-17793.855	0.0	0.0	0.0	0.0	0.0	0.0	0.0	0.0	0.0	0.0	0.0	0.0	0.0	0.0	145.86206896551727	0.0	0.050598015	-0.11389131	1.01391342	4.53222	-1.0834599999999999	-2.25848	3211880.0	1776544813.662073	0.0	1.0	-1.0	-1.0	-1.0	-1.0	-1.0	-1.0	-1.0	-1.0	0.0	marker	opened-hand	Open	15	0418
-66509.81999999999	-53710.604999999996	-102684.78	-17605.665	0.0	0.0	0.0	0.0	0.0	0.0	0.0	0.0	0.0	0.0	0.0	0.0	0.0	0.0	145.86206896551727	0.0	0.050598015	-0.11389131	1.01391342	4.53222	-1.0834599999999999	-2.25848	3211881.0	1776544813.668152	0.0	1.0	-1.0	-1.0	-1.0	-1.0	-1.0	-1.0	-1.0	-1.0	0.0	marker	opened-hand	Open	15	0418
-66682.44	-53723.384999999995	-102860.055	-17723.52	0.0	0.0	0.0	0.0	0.0	0.0	0.0	0.0	0.0	0.0	0.0	0.0	0.0	0.0	145.86206896551727	0.0	0.050598015	-0.11389131	1.01391342	4.53222	-1.0834599999999999	-2.25848	3211882.0	1776544813.668175	0.0	1.0	-1.0	-1.0	-1.0	-1.0	-1.0	-1.0	-1.0	-1.0	0.0	marker	opened-hand	Open	15	0418
-66886.02	-53755.74	-103159.98	-18029.024999999998	0.0	0.0	0.0	0.0	0.0	0.0	0.0	0.0	0.0	0.0	0.0	0.0	0.0	0.0	145.86206896551727	0.0	0.050598015	-0.11389131	1.01391342	4.53222	-1.0834599999999999	-2.25848	3211883.0	1776544813.670241	0.0	1.0	-1.0	-1.0	-1.0	-1.0	-1.0	-1.0	-1.0	-1.0	0.0	marker	opened-hand	Open	15	0418
-66943.17	-53754.525	-103182.435	-18076.545	0.0	0.0	0.0	0.0	0.0	0.0	0.0	0.0	0.0	0.0	0.0	0.0	0.0	0.0	145.86206896551727	0.0	0.050598015	-0.11389131	1.01391342	4.53222	-1.0834599999999999	-2.25848	3211884.0	1776544813.670264	0.0	1.0	-1.0	-1.0	-1.0	-1.0	-1.0	-1.0	-1.0	-1.0	0.0	marker	opened-hand	Open	15	0418
-67004.45999999999	-53729.729999999996	-103155.84	-18054.315	0.0	0.0	0.0	0.0	0.0	0.0	0.0	0.0	0.0	0.0	0.0	0.0	0.0	0.0	145.86206896551727	0.0	0.050598015	-0.11389131	1.01391342	4.53222	-1.0834599999999999	-2.25848	3211885.0	1776544813.674107	0.0	1.0	-1.0	-1.0	-1.0	-1.0	-1.0	-1.0	-1.0	-1.0	0.0	marker	opened-hand	Open	15	0418
-66926.025	-53710.965	-103090.36499999999	-17977.274999999998	0.0	0.0	0.0	0.0	0.0	0.0	0.0	0.0	0.0	0.0	0.0	0.0	0.0	0.0	145.86206896551727	0.0	0.050598015	-0.11389131	1.01391342	4.53222	-1.0834599999999999	-2.25848	3211886.0	1776544813.674122	0.0	1.0	-1.0	-1.0	-1.0	-1.0	-1.0	-1.0	-1.0	-1.0	0.0	marker	opened-hand	Open	15	0418
-66669.075	-53698.14	-102931.515	-17794.62	0.0	0.0	0.0	0.0	0.0	0.0	0.0	0.0	0.0	0.0	0.0	0.0	0.0	0.0	145.86206896551727	0.0	0.05297838	-0.108703335	1.010068215	2.5636799999999997	-0.44254	-2.12114	3211887.0	1776544813.678252	0.0	1.0	-1.0	-1.0	-1.0	-1.0	-1.0	-1.0	-1.0	-1.0	0.0	marker	opened-hand	Open	15	0418
-66573.135	-53691.84	-102874.00499999999	-17748.18	0.0	0.0	0.0	0.0	0.0	0.0	0.0	0.0	0.0	0.0	0.0	0.0	0.0	0.0	145.86206896551727	0.0	0.05297838	-0.108703335	1.010068215	2.5636799999999997	-0.44254	-2.12114	3211888.0	1776544813.678293	0.0	1.0	-1.0	-1.0	-1.0	-1.0	-1.0	-1.0	-1.0	-1.0	0.0	marker	opened-hand	Open	15	0418
-66703.815	-53690.49	-102861.09	-17747.28	0.0	0.0	0.0	0.0	0.0	0.0	0.0	0.0	0.0	0.0	0.0	0.0	0.0	0.0	145.86206896551727	0.0	0.05297838	-0.108703335	1.010068215	2.5636799999999997	-0.44254	-2.12114	3211889.0	1776544813.682156	0.0	1.0	-1.0	-1.0	-1.0	-1.0	-1.0	-1.0	-1.0	-1.0	0.0	marker	opened-hand	Open	15	0418
-66739.5	-53694.54	-102828.42	-17717.265	0.0	0.0	0.0	0.0	0.0	0.0	0.0	0.0	0.0	0.0	0.0	0.0	0.0	0.0	145.86206896551727	0.0	0.05297838	-0.108703335	1.010068215	2.5636799999999997	-0.44254	-2.12114	3211890.0	1776544813.68218	0.0	1.0	-1.0	-1.0	-1.0	-1.0	-1.0	-1.0	-1.0	-1.0	0.0	marker	opened-hand	Open	15	0418
-66818.97	-53710.38	-103027.95	-17923.23	0.0	0.0	0.0	0.0	0.0	0.0	0.0	0.0	0.0	0.0	0.0	0.0	0.0	0.0	145.86206896551727	0.0	0.05297838	-0.108703335	1.010068215	2.5636799999999997	-0.44254	-2.12114	3211891.0	1776544813.687056	0.0	1.0	-1.0	-1.0	-1.0	-1.0	-1.0	-1.0	-1.0	-1.0	0.0	marker	opened-hand	Open	15	0418
-66852.405	-53713.485	-103084.83	-18026.505	0.0	0.0	0.0	0.0	0.0	0.0	0.0	0.0	0.0	0.0	0.0	0.0	0.0	0.0	145.86206896551727	0.0	0.05297838	-0.108703335	1.010068215	2.5636799999999997	-0.44254	-2.12114	3211892.0	1776544813.68707	0.0	1.0	-1.0	-1.0	-1.0	-1.0	-1.0	-1.0	-1.0	-1.0	0.0	marker	opened-hand	Open	15	0418
-66775.005	-53700.165	-102981.95999999999	-17893.844999999998	0.0	0.0	0.0	0.0	0.0	0.0	0.0	0.0	0.0	0.0	0.0	0.0	0.0	0.0	145.86206896551727	0.0	0.05297838	-0.108703335	1.010068215	2.5636799999999997	-0.44254	-2.12114	3211893.0	1776544813.690162	0.0	1.0	-1.0	-1.0	-1.0	-1.0	-1.0	-1.0	-1.0	-1.0	0.0	marker	opened-hand	Open	15	0418
-66645.675	-53677.89	-102894.075	-17743.32	0.0	0.0	0.0	0.0	0.0	0.0	0.0	0.0	0.0	0.0	0.0	0.0	0.0	0.0	145.86206896551727	0.0	0.05297838	-0.108703335	1.010068215	2.5636799999999997	-0.44254	-2.12114	3211894.0	1776544813.690182	0.0	1.0	-1.0	-1.0	-1.0	-1.0	-1.0	-1.0	-1.0	-1.0	0.0	marker	opened-hand	Open	15	0418
-66737.88	-53686.35	-102964.68	-17822.969999999998	0.0	0.0	0.0	0.0	0.0	0.0	0.0	0.0	0.0	0.0	0.0	0.0	0.0	0.0	145.86206896551727	0.0	0.05297838	-0.108703335	1.010068215	2.5636799999999997	-0.44254	-2.12114	3211895.0	1776544813.696585	0.0	1.0	-1.0	-1.0	-1.0	-1.0	-1.0	-1.0	-1.0	-1.0	0.0	marker	opened-hand	Open	15	0418
-66921.255	-53724.465	-103128.25499999999	-17992.44	0.0	0.0	0.0	0.0	0.0	0.0	0.0	0.0	0.0	0.0	0.0	0.0	0.0	0.0	145.86206896551727	0.0	0.05297838	-0.108703335	1.010068215	2.5636799999999997	-0.44254	-2.12114	3211896.0	1776544813.696601	0.0	1.0	-1.0	-1.0	-1.0	-1.0	-1.0	-1.0	-1.0	-1.0	0.0	marker	opened-hand	Open	15	0418
-66963.87	-53757.72	-103216.905	-18098.37	0.0	0.0	0.0	0.0	0.0	0.0	0.0	0.0	0.0	0.0	0.0	0.0	0.0	0.0	145.86206896551727	0.0	0.05273424	-0.10888644	1.00695543	2.7010199999999998	0.32045999999999997	-2.25848	3211897.0	1776544813.699454	0.0	1.0	-1.0	-1.0	-1.0	-1.0	-1.0	-1.0	-1.0	-1.0	0.0	marker	opened-hand	Open	15	0418
-67010.76	-53766.36	-103120.515	-17990.82	0.0	0.0	0.0	0.0	0.0	0.0	0.0	0.0	0.0	0.0	0.0	0.0	0.0	0.0	145.86206896551727	0.0	0.05273424	-0.10888644	1.00695543	2.7010199999999998	0.32045999999999997	-2.25848	3211898.0	1776544813.699472	0.0	1.0	-1.0	-1.0	-1.0	-1.0	-1.0	-1.0	-1.0	-1.0	0.0	marker	opened-hand	Open	15	0418
-66998.385	-53764.515	-103061.51999999999	-17940.195	0.0	0.0	0.0	0.0	0.0	0.0	0.0	0.0	0.0	0.0	0.0	0.0	0.0	0.0	145.86206896551727	0.0	0.05273424	-0.10888644	1.00695543	2.7010199999999998	0.32045999999999997	-2.25848	3211899.0	1776544813.702566	0.0	1.0	-1.0	-1.0	-1.0	-1.0	-1.0	-1.0	-1.0	-1.0	0.0	marker	opened-hand	Open	15	0418
-66625.92	-53752.68	-102898.98	-17809.29	0.0	0.0	0.0	0.0	0.0	0.0	0.0	0.0	0.0	0.0	0.0	0.0	0.0	0.0	145.86206896551727	0.0	0.05273424	-0.10888644	1.00695543	2.7010199999999998	0.32045999999999997	-2.25848	3211900.0	1776544813.702585	0.0	1.0	-1.0	-1.0	-1.0	-1.0	-1.0	-1.0	-1.0	-1.0	0.0	marker	opened-hand	Open	15	0418
-66543.885	-53744.805	-102785.715	-17678.385	0.0	0.0	0.0	0.0	0.0	0.0	0.0	0.0	0.0	0.0	0.0	0.0	0.0	0.0	145.86206896551727	0.0	0.05273424	-0.10888644	1.00695543	2.7010199999999998	0.32045999999999997	-2.25848	3211901.0	1776544813.708603	0.0	1.0	-1.0	-1.0	-1.0	-1.0	-1.0	-1.0	-1.0	-1.0	0.0	marker	opened-hand	Open	15	0418
-66723.56999999999	-53735.715	-102927.69	-17798.265	0.0	0.0	0.0	0.0	0.0	0.0	0.0	0.0	0.0	0.0	0.0	0.0	0.0	0.0	145.86206896551727	0.0	0.05273424	-0.10888644	1.00695543	2.7010199999999998	0.32045999999999997	-2.25848	3211902.0	1776544813.708619	0.0	1.0	-1.0	-1.0	-1.0	-1.0	-1.0	-1.0	-1.0	-1.0	0.0	marker	opened-hand	Open	15	0418
-66880.125	-53733.96	-103165.78499999999	-18049.68	0.0	0.0	0.0	0.0	0.0	0.0	0.0	0.0	0.0	0.0	0.0	0.0	0.0	0.0	145.86206896551727	0.0	0.05273424	-0.10888644	1.00695543	2.7010199999999998	0.32045999999999997	-2.25848	3211903.0	1776544813.710227	0.0	1.0	-1.0	-1.0	-1.0	-1.0	-1.0	-1.0	-1.0	-1.0	0.0	marker	opened-hand	Open	15	0418
-66854.97	-53730.27	-103109.22	-17993.43	0.0	0.0	0.0	0.0	0.0	0.0	0.0	0.0	0.0	0.0	0.0	0.0	0.0	0.0	145.86206896551727	0.0	0.05273424	-0.10888644	1.00695543	2.7010199999999998	0.32045999999999997	-2.25848	3211904.0	1776544813.710242	0.0	1.0	-1.0	-1.0	-1.0	-1.0	-1.0	-1.0	-1.0	-1.0	0.0	marker	opened-hand	Open	15	0418
-66927.87	-53725.59	-103020.93	-17896.41	0.0	0.0	0.0	0.0	0.0	0.0	0.0	0.0	0.0	0.0	0.0	0.0	0.0	0.0	145.86206896551727	0.0	0.05273424	-0.10888644	1.00695543	2.7010199999999998	0.32045999999999997	-2.25848	3211905.0	1776544813.71445	0.0	1.0	-1.0	-1.0	-1.0	-1.0	-1.0	-1.0	-1.0	-1.0	0.0	marker	opened-hand	Open	15	0418
-66786.93	-53716.905	-102950.64	-17822.61	0.0	0.0	0.0	0.0	0.0	0.0	0.0	0.0	0.0	0.0	0.0	0.0	0.0	0.0	145.86206896551727	0.0	0.05273424	-0.10888644	1.00695543	2.7010199999999998	0.32045999999999997	-2.25848	3211906.0	1776544813.714468	0.0	1.0	-1.0	-1.0	-1.0	-1.0	-1.0	-1.0	-1.0	-1.0	0.0	marker	opened-hand	Open	15	0418
-66592.89	-53705.61	-102876.56999999999	-17769.195	0.0	0.0	0.0	0.0	0.0	0.0	0.0	0.0	0.0	0.0	0.0	0.0	0.0	0.0	145.86206896551727	0.0	0.052184925	-0.111633015	1.0073826750000001	4.7306	0.6409199999999999	-1.2971	3211907.0	1776544813.721762	0.0	1.0	-1.0	-1.0	-1.0	-1.0	-1.0	-1.0	-1.0	-1.0	0.0	marker	opened-hand	Open	15	0418
-66711.95999999999	-53707.994999999995	-102887.09999999999	-17782.469999999998	0.0	0.0	0.0	0.0	0.0	0.0	0.0	0.0	0.0	0.0	0.0	0.0	0.0	0.0	145.86206896551727	0.0	0.052184925	-0.111633015	1.0073826750000001	4.7306	0.6409199999999999	-1.2971	3211908.0	1776544813.721798	0.0	1.0	-1.0	-1.0	-1.0	-1.0	-1.0	-1.0	-1.0	-1.0	0.0	marker	opened-hand	Open	15	0418
-66817.935	-53727.525	-103111.83	-18029.88	0.0	0.0	0.0	0.0	0.0	0.0	0.0	0.0	0.0	0.0	0.0	0.0	0.0	0.0	145.86206896551727	0.0	0.052184925	-0.111633015	1.0073826750000001	4.7306	0.6409199999999999	-1.2971	3211909.0	1776544813.722443	0.0	1.0	-1.0	-1.0	-1.0	-1.0	-1.0	-1.0	-1.0	-1.0	0.0	marker	opened-hand	Open	15	0418
-66729.87	-53722.89	-102987.94499999999	-17896.725	0.0	0.0	0.0	0.0	0.0	0.0	0.0	0.0	0.0	0.0	0.0	0.0	0.0	0.0	145.86206896551727	0.0	0.052184925	-0.111633015	1.0073826750000001	4.7306	0.6409199999999999	-1.2971	3211910.0	1776544813.722466	0.0	1.0	-1.0	-1.0	-1.0	-1.0	-1.0	-1.0	-1.0	-1.0	0.0	marker	opened-hand	Open	15	0418
-66680.73	-53707.049999999996	-102884.175	-17772.21	0.0	0.0	0.0	0.0	0.0	0.0	0.0	0.0	0.0	0.0	0.0	0.0	0.0	0.0	145.86206896551727	0.0	0.052184925	-0.111633015	1.0073826750000001	4.7306	0.6409199999999999	-1.2971	3211911.0	1776544813.726322	0.0	1.0	-1.0	-1.0	-1.0	-1.0	-1.0	-1.0	-1.0	-1.0	0.0	marker	opened-hand	Open	15	0418
-66838.31999999999	-53718.84	-103063.31999999999	-17967.555	0.0	0.0	0.0	0.0	0.0	0.0	0.0	0.0	0.0	0.0	0.0	0.0	0.0	0.0	145.86206896551727	0.0	0.052184925	-0.111633015	1.0073826750000001	4.7306	0.6409199999999999	-1.2971	3211912.0	1776544813.726341	0.0	1.0	-1.0	-1.0	-1.0	-1.0	-1.0	-1.0	-1.0	-1.0	0.0	marker	opened-hand	Open	15	0418
-66936.555	-53740.979999999996	-103128.39	-18041.895	0.0	0.0	0.0	0.0	0.0	0.0	0.0	0.0	0.0	0.0	0.0	0.0	0.0	0.0	145.86206896551727	0.0	0.052184925	-0.111633015	1.0073826750000001	4.7306	0.6409199999999999	-1.2971	3211913.0	1776544813.730347	0.0	1.0	-1.0	-1.0	-1.0	-1.0	-1.0	-1.0	-1.0	-1.0	0.0	marker	opened-hand	Open	15	0418
-66931.245	-53754.84	-103146.795	-17995.59	0.0	0.0	0.0	0.0	0.0	0.0	0.0	0.0	0.0	0.0	0.0	0.0	0.0	0.0	145.86206896551727	0.0	0.052184925	-0.111633015	1.0073826750000001	4.7306	0.6409199999999999	-1.2971	3211914.0	1776544813.730361	0.0	1.0	-1.0	-1.0	-1.0	-1.0	-1.0	-1.0	-1.0	-1.0	0.0	marker	opened-hand	Open	15	0418
-66871.665	-53765.369999999995	-103145.12999999999	-17945.82	0.0	0.0	0.0	0.0	0.0	0.0	0.0	0.0	0.0	0.0	0.0	0.0	0.0	0.0	145.86206896551727	0.0	0.052184925	-0.111633015	1.0073826750000001	4.7306	0.6409199999999999	-1.2971	3211915.0	1776544813.734497	0.0	1.0	-1.0	-1.0	-1.0	-1.0	-1.0	-1.0	-1.0	-1.0	0.0	marker	opened-hand	Open	15	0418
-66763.34999999999	-53752.725	-103025.06999999999	-17907.075	0.0	0.0	0.0	0.0	0.0	0.0	0.0	0.0	0.0	0.0	0.0	0.0	0.0	0.0	145.86206896551727	0.0	0.052184925	-0.111633015	1.0073826750000001	4.7306	0.6409199999999999	-1.2971	3211916.0	1776544813.734528	0.0	1.0	-1.0	-1.0	-1.0	-1.0	-1.0	-1.0	-1.0	-1.0	0.0	marker	opened-hand	Open	15	0418
-66730.31999999999	-53745.255	-102957.84	-17846.82	0.0	0.0	0.0	0.0	0.0	0.0	0.0	0.0	0.0	0.0	0.0	0.0	0.0	0.0	145.86206896551727	0.0	0.053893905	-0.10510227	1.00744371	4.45592	1.0834599999999999	-1.58704	3211917.0	1776544813.738394	0.0	1.0	-1.0	-1.0	-1.0	-1.0	-1.0	-1.0	-1.0	-1.0	0.0	marker	opened-hand	Open	15	0418
-66667.77	-53752.814999999995	-102909.69	-17786.07	0.0	0.0	0.0	0.0	0.0	0.0	0.0	0.0	0.0	0.0	0.0	0.0	0.0	0.0	145.86206896551727	0.0	0.053893905	-0.10510227	1.00744371	4.45592	1.0834599999999999	-1.58704	3211918.0	1776544813.738418	0.0	1.0	-1.0	-1.0	-1.0	-1.0	-1.0	-1.0	-1.0	-1.0	0.0	marker	opened-hand	Open	15	0418
-66632.67	-53759.25	-102893.12999999999	-17786.295	0.0	0.0	0.0	0.0	0.0	0.0	0.0	0.0	0.0	0.0	0.0	0.0	0.0	0.0	145.86206896551727	0.0	0.053893905	-0.10510227	1.00744371	4.45592	1.0834599999999999	-1.58704	3211919.0	1776544813.742313	0.0	1.0	-1.0	-1.0	-1.0	-1.0	-1.0	-1.0	-1.0	-1.0	0.0	marker	opened-hand	Open	15	0418
-66726.765	-53768.924999999996	-102928.59	-17818.29	0.0	0.0	0.0	0.0	0.0	0.0	0.0	0.0	0.0	0.0	0.0	0.0	0.0	0.0	145.86206896551727	0.0	0.053893905	-0.10510227	1.00744371	4.45592	1.0834599999999999	-1.58704	3211920.0	1776544813.742332	0.0	1.0	-1.0	-1.0	-1.0	-1.0	-1.0	-1.0	-1.0	-1.0	0.0	marker	opened-hand	Open	15	0418
-66797.415	-53772.704999999994	-102928.00499999999	-17831.835	0.0	0.0	0.0	0.0	0.0	0.0	0.0	0.0	0.0	0.0	0.0	0.0	0.0	0.0	145.86206896551727	0.0	0.053893905	-0.10510227	1.00744371	4.45592	1.0834599999999999	-1.58704	3211921.0	1776544813.746377	0.0	1.0	-1.0	-1.0	-1.0	-1.0	-1.0	-1.0	-1.0	-1.0	0.0	marker	opened-hand	Open	15	0418
-66800.295	-53788.454999999994	-102995.73	-17899.02	0.0	0.0	0.0	0.0	0.0	0.0	0.0	0.0	0.0	0.0	0.0	0.0	0.0	0.0	145.86206896551727	0.0	0.053893905	-0.10510227	1.00744371	4.45592	1.0834599999999999	-1.58704	3211922.0	1776544813.746393	0.0	1.0	-1.0	-1.0	-1.0	-1.0	-1.0	-1.0	-1.0	-1.0	0.0	marker	opened-hand	Open	15	0418
-66795.705	-53801.145	-102990.33	-17858.25	0.0	0.0	0.0	0.0	0.0	0.0	0.0	0.0	0.0	0.0	0.0	0.0	0.0	0.0	145.86206896551727	0.0	0.053893905	-0.10510227	1.00744371	4.45592	1.0834599999999999	-1.58704	3211923.0	1776544813.751127	0.0	1.0	-1.0	-1.0	-1.0	-1.0	-1.0	-1.0	-1.0	-1.0	0.0	marker	opened-hand	Open	15	0418
-66771.98999999999	-53798.625	-102930.48	-17790.165	0.0	0.0	0.0	0.0	0.0	0.0	0.0	0.0	0.0	0.0	0.0	0.0	0.0	0.0	145.86206896551727	0.0	0.053893905	-0.10510227	1.00744371	4.45592	1.0834599999999999	-1.58704	3211924.0	1776544813.751154	0.0	1.0	-1.0	-1.0	-1.0	-1.0	-1.0	-1.0	-1.0	-1.0	0.0	marker	opened-hand	Open	15	0418
-66734.955	-53799.84	-102957.345	-17829.54	0.0	0.0	0.0	0.0	0.0	0.0	0.0	0.0	0.0	0.0	0.0	0.0	0.0	0.0	145.86206896551727	0.0	0.053893905	-0.10510227	1.00744371	4.45592	1.0834599999999999	-1.58704	3211925.0	1776544813.75447	0.0	1.0	-1.0	-1.0	-1.0	-1.0	-1.0	-1.0	-1.0	-1.0	0.0	marker	opened-hand	Open	15	0418
-66676.185	-53798.49	-102926.655	-17823.645	0.0	0.0	0.0	0.0	0.0	0.0	0.0	0.0	0.0	0.0	0.0	0.0	0.0	0.0	145.86206896551727	0.0	0.053893905	-0.10510227	1.00744371	4.45592	1.0834599999999999	-1.58704	3211926.0	1776544813.754493	0.0	1.0	-1.0	-1.0	-1.0	-1.0	-1.0	-1.0	-1.0	-1.0	0.0	marker	opened-hand	Open	15	0418
-66682.62	-53788.095	-102896.955	-17827.739999999998	0.0	0.0	0.0	0.0	0.0	0.0	0.0	0.0	0.0	0.0	0.0	0.0	0.0	0.0	145.86206896551727	0.0	0.051452505	-0.09826635	1.010434425	3.11304	0.51884	-1.05294	3211927.0	1776544813.758403	0.0	1.0	-1.0	-1.0	-1.0	-1.0	-1.0	-1.0	-1.0	-1.0	0.0	marker	opened-hand	Open	15	0418
-66853.34999999999	-53791.38	-103004.90999999999	-17901.719999999998	0.0	0.0	0.0	0.0	0.0	0.0	0.0	0.0	0.0	0.0	0.0	0.0	0.0	0.0	145.86206896551727	0.0	0.051452505	-0.09826635	1.010434425	3.11304	0.51884	-1.05294	3211928.0	1776544813.758418	0.0	1.0	-1.0	-1.0	-1.0	-1.0	-1.0	-1.0	-1.0	-1.0	0.0	marker	opened-hand	Open	15	0418
-66862.665	-53805.78	-103101.12	-17982.63	0.0	0.0	0.0	0.0	0.0	0.0	0.0	0.0	0.0	0.0	0.0	0.0	0.0	0.0	145.86206896551727	0.0	0.051452505	-0.09826635	1.010434425	3.11304	0.51884	-1.05294	3211929.0	1776544813.762473	0.0	1.0	-1.0	-1.0	-1.0	-1.0	-1.0	-1.0	-1.0	-1.0	0.0	marker	opened-hand	Open	15	0418
-66776.895	-53802.765	-102995.14499999999	-17883.09	0.0	0.0	0.0	0.0	0.0	0.0	0.0	0.0	0.0	0.0	0.0	0.0	0.0	0.0	145.86206896551727	0.0	0.051452505	-0.09826635	1.010434425	3.11304	0.51884	-1.05294	3211930.0	1776544813.762489	0.0	1.0	-1.0	-1.0	-1.0	-1.0	-1.0	-1.0	-1.0	-1.0	0.0	marker	opened-hand	Open	15	0418
-66858.075	-53803.17	-103023.26999999999	-17899.559999999998	0.0	0.0	0.0	0.0	0.0	0.0	0.0	0.0	0.0	0.0	0.0	0.0	0.0	0.0	145.86206896551727	0.0	0.051452505	-0.09826635	1.010434425	3.11304	0.51884	-1.05294	3211931.0	1776544813.766948	0.0	1.0	-1.0	-1.0	-1.0	-1.0	-1.0	-1.0	-1.0	-1.0	0.0	marker	opened-hand	Open	15	0418
-66877.47	-53799.255	-103084.965	-17999.325	0.0	0.0	0.0	0.0	0.0	0.0	0.0	0.0	0.0	0.0	0.0	0.0	0.0	0.0	145.86206896551727	0.0	0.051452505	-0.09826635	1.010434425	3.11304	0.51884	-1.05294	3211932.0	1776544813.767005	0.0	1.0	-1.0	-1.0	-1.0	-1.0	-1.0	-1.0	-1.0	-1.0	0.0	marker	opened-hand	Open	15	0418
-66719.52	-53784.9	-102966.3	-17888.715	0.0	0.0	0.0	0.0	0.0	0.0	0.0	0.0	0.0	0.0	0.0	0.0	0.0	0.0	145.86206896551727	0.0	0.051452505	-0.09826635	1.010434425	3.11304	0.51884	-1.05294	3211933.0	1776544813.770609	0.0	1.0	-1.0	-1.0	-1.0	-1.0	-1.0	-1.0	-1.0	-1.0	0.0	marker	opened-hand	Open	15	0418
-66674.295	-53781.435	-102980.565	-17844.434999999998	0.0	0.0	0.0	0.0	0.0	0.0	0.0	0.0	0.0	0.0	0.0	0.0	0.0	0.0	145.86206896551727	0.0	0.051452505	-0.09826635	1.010434425	3.11304	0.51884	-1.05294	3211934.0	1776544813.770632	0.0	1.0	-1.0	-1.0	-1.0	-1.0	-1.0	-1.0	-1.0	-1.0	0.0	marker	opened-hand	Open	15	0418
-66727.17	-53772.03	-102971.11499999999	-17816.489999999998	0.0	0.0	0.0	0.0	0.0	0.0	0.0	0.0	0.0	0.0	0.0	0.0	0.0	0.0	145.86206896551727	0.0	0.051452505	-0.09826635	1.010434425	3.11304	0.51884	-1.05294	3211935.0	1776544813.774524	0.0	1.0	-1.0	-1.0	-1.0	-1.0	-1.0	-1.0	-1.0	-1.0	0.0	marker	opened-hand	Open	15	0418
-66853.17	-53770.994999999995	-103021.83	-17885.114999999998	0.0	0.0	0.0	0.0	0.0	0.0	0.0	0.0	0.0	0.0	0.0	0.0	0.0	0.0	145.86206896551727	0.0	0.051452505	-0.09826635	1.010434425	3.11304	0.51884	-1.05294	3211936.0	1776544813.774539	0.0	1.0	-1.0	-1.0	-1.0	-1.0	-1.0	-1.0	-1.0	-1.0	0.0	marker	opened-hand	Open	15	0418
-66723.435	-53774.685	-102930.56999999999	-17813.114999999998	0.0	0.0	0.0	0.0	0.0	0.0	0.0	0.0	0.0	0.0	0.0	0.0	0.0	0.0	145.86206896551727	0.0	0.05273424	-0.09771703500000001	1.013608245	2.1669199999999997	0.36624	-0.9919	3211937.0	1776544813.778507	0.0	1.0	-1.0	-1.0	-1.0	-1.0	-1.0	-1.0	-1.0	-1.0	0.0	marker	opened-hand	Open	15	0418
-66814.2	-53789.13	-102916.485	-17805.6	0.0	0.0	0.0	0.0	0.0	0.0	0.0	0.0	0.0	0.0	0.0	0.0	0.0	0.0	145.86206896551727	0.0	0.05273424	-0.09771703500000001	1.013608245	2.1669199999999997	0.36624	-0.9919	3211938.0	1776544813.778522	0.0	1.0	-1.0	-1.0	-1.0	-1.0	-1.0	-1.0	-1.0	-1.0	0.0	marker	opened-hand	Open	15	0418
-66851.415	-53801.595	-102993.65999999999	-17896.815	0.0	0.0	0.0	0.0	0.0	0.0	0.0	0.0	0.0	0.0	0.0	0.0	0.0	0.0	145.86206896551727	0.0	0.05273424	-0.09771703500000001	1.013608245	2.1669199999999997	0.36624	-0.9919	3211939.0	1776544813.782553	0.0	1.0	-1.0	-1.0	-1.0	-1.0	-1.0	-1.0	-1.0	-1.0	0.0	marker	opened-hand	Open	15	0418
-66752.01	-53801.145	-103018.815	-17904.78	0.0	0.0	0.0	0.0	0.0	0.0	0.0	0.0	0.0	0.0	0.0	0.0	0.0	0.0	145.86206896551727	0.0	0.05273424	-0.09771703500000001	1.013608245	2.1669199999999997	0.36624	-0.9919	3211940.0	1776544813.782567	0.0	1.0	-1.0	-1.0	-1.0	-1.0	-1.0	-1.0	-1.0	-1.0	0.0	marker	opened-hand	Open	15	0418
-66710.06999999999	-53796.06	-102932.86499999999	-17820.36	0.0	0.0	0.0	0.0	0.0	0.0	0.0	0.0	0.0	0.0	0.0	0.0	0.0	0.0	145.86206896551727	0.0	0.05273424	-0.09771703500000001	1.013608245	2.1669199999999997	0.36624	-0.9919	3211941.0	1776544813.787817	0.0	1.0	-1.0	-1.0	-1.0	-1.0	-1.0	-1.0	-1.0	-1.0	0.0	marker	opened-hand	Open	15	0418
-66635.55	-53819.954999999994	-102753.36	-17688.105	0.0	0.0	0.0	0.0	0.0	0.0	0.0	0.0	0.0	0.0	0.0	0.0	0.0	0.0	145.86206896551727	0.0	0.05273424	-0.09771703500000001	1.013608245	2.1669199999999997	0.36624	-0.9919	3211942.0	1776544813.787858	0.0	1.0	-1.0	-1.0	-1.0	-1.0	-1.0	-1.0	-1.0	-1.0	0.0	marker	opened-hand	Open	15	0418
-66718.26	-53846.369999999995	-102922.155	-17868.87	0.0	0.0	0.0	0.0	0.0	0.0	0.0	0.0	0.0	0.0	0.0	0.0	0.0	0.0	145.86206896551727	0.0	0.05273424	-0.09771703500000001	1.013608245	2.1669199999999997	0.36624	-0.9919	3211943.0	1776544813.793945	0.0	1.0	-1.0	-1.0	-1.0	-1.0	-1.0	-1.0	-1.0	-1.0	0.0	marker	opened-hand	Open	15	0418
-66753.405	-53838.045	-103027.815	-17918.954999999998	0.0	0.0	0.0	0.0	0.0	0.0	0.0	0.0	0.0	0.0	0.0	0.0	0.0	0.0	145.86206896551727	0.0	0.05273424	-0.09771703500000001	1.013608245	2.1669199999999997	0.36624	-0.9919	3211944.0	1776544813.793962	0.0	1.0	-1.0	-1.0	-1.0	-1.0	-1.0	-1.0	-1.0	-1.0	0.0	marker	opened-hand	Open	15	0418
-66782.745	-53835.525	-103043.34	-17894.969999999998	0.0	0.0	0.0	0.0	0.0	0.0	0.0	0.0	0.0	0.0	0.0	0.0	0.0	0.0	145.86206896551727	0.0	0.05273424	-0.09771703500000001	1.013608245	2.1669199999999997	0.36624	-0.9919	3211945.0	1776544813.794509	0.0	1.0	-1.0	-1.0	-1.0	-1.0	-1.0	-1.0	-1.0	-1.0	0.0	marker	opened-hand	Open	15	0418
-66866.355	-53844.165	-103155.12	-18013.454999999998	0.0	0.0	0.0	0.0	0.0	0.0	0.0	0.0	0.0	0.0	0.0	0.0	0.0	0.0	145.86206896551727	0.0	0.05273424	-0.09771703500000001	1.013608245	2.1669199999999997	0.36624	-0.9919	3211946.0	1776544813.794525	0.0	1.0	-1.0	-1.0	-1.0	-1.0	-1.0	-1.0	-1.0	-1.0	0.0	marker	opened-hand	Open	15	0418
-66623.985	-53829.99	-102894.48	-17793.27	0.0	0.0	0.0	0.0	0.0	0.0	0.0	0.0	0.0	0.0	0.0	0.0	0.0	0.0	145.86206896551727	0.0	0.05432115	-0.09985326	1.01476791	2.5636799999999997	0.62566	-0.7019599999999999	3211947.0	1776544813.805526	0.0	1.0	-1.0	-1.0	-1.0	-1.0	-1.0	-1.0	-1.0	-1.0	0.0	marker	opened-hand	Open	15	0418
-66838.14	-53830.305	-102984.12	-17866.305	0.0	0.0	0.0	0.0	0.0	0.0	0.0	0.0	0.0	0.0	0.0	0.0	0.0	0.0	145.86206896551727	0.0	0.05432115	-0.09985326	1.01476791	2.5636799999999997	0.62566	-0.7019599999999999	3211948.0	1776544813.805561	0.0	1.0	-1.0	-1.0	-1.0	-1.0	-1.0	-1.0	-1.0	-1.0	0.0	marker	opened-hand	Open	15	0418
-66952.98	-53846.909999999996	-103096.215	-17974.215	0.0	0.0	0.0	0.0	0.0	0.0	0.0	0.0	0.0	0.0	0.0	0.0	0.0	0.0	145.86206896551727	0.0	0.05432115	-0.09985326	1.01476791	2.5636799999999997	0.62566	-0.7019599999999999	3211949.0	1776544813.805602	0.0	1.0	-1.0	-1.0	-1.0	-1.0	-1.0	-1.0	-1.0	-1.0	0.0	marker	opened-hand	Open	15	0418
-66995.685	-53855.055	-103169.34	-18032.67	0.0	0.0	0.0	0.0	0.0	0.0	0.0	0.0	0.0	0.0	0.0	0.0	0.0	0.0	145.86206896551727	0.0	0.05432115	-0.09985326	1.01476791	2.5636799999999997	0.62566	-0.7019599999999999	3211950.0	1776544813.805622	0.0	1.0	-1.0	-1.0	-1.0	-1.0	-1.0	-1.0	-1.0	-1.0	0.0	marker	opened-hand	Open	15	0418
-66934.395	-53839.979999999996	-103199.58	-18079.245	0.0	0.0	0.0	0.0	0.0	0.0	0.0	0.0	0.0	0.0	0.0	0.0	0.0	0.0	145.86206896551727	0.0	0.05432115	-0.09985326	1.01476791	2.5636799999999997	0.62566	-0.7019599999999999	3211951.0	1776544813.808295	0.0	1.0	-1.0	-1.0	-1.0	-1.0	-1.0	-1.0	-1.0	-1.0	0.0	marker	opened-hand	Open	15	0418
-66776.94	-53817.525	-103022.415	-17926.29	0.0	0.0	0.0	0.0	0.0	0.0	0.0	0.0	0.0	0.0	0.0	0.0	0.0	0.0	145.86206896551727	0.0	0.05432115	-0.09985326	1.01476791	2.5636799999999997	0.62566	-0.7019599999999999	3211952.0	1776544813.808317	0.0	1.0	-1.0	-1.0	-1.0	-1.0	-1.0	-1.0	-1.0	-1.0	0.0	marker	opened-hand	Open	15	0418
-66649.95	-53798.265	-102810.19499999999	-17690.489999999998	0.0	0.0	0.0	0.0	0.0	0.0	0.0	0.0	0.0	0.0	0.0	0.0	0.0	0.0	145.86206896551727	0.0	0.05432115	-0.09985326	1.01476791	2.5636799999999997	0.62566	-0.7019599999999999	3211953.0	1776544813.811432	0.0	1.0	-1.0	-1.0	-1.0	-1.0	-1.0	-1.0	-1.0	-1.0	0.0	marker	opened-hand	Open	15	0418
-66660.525	-53806.59	-102911.76	-17785.98	0.0	0.0	0.0	0.0	0.0	0.0	0.0	0.0	0.0	0.0	0.0	0.0	0.0	0.0	145.86206896551727	0.0	0.05432115	-0.09985326	1.01476791	2.5636799999999997	0.62566	-0.7019599999999999	3211954.0	1776544813.811451	0.0	1.0	-1.0	-1.0	-1.0	-1.0	-1.0	-1.0	-1.0	-1.0	0.0	marker	opened-hand	Open	15	0418
-66735.54	-53821.755	-103013.955	-17870.625	0.0	0.0	0.0	0.0	0.0	0.0	0.0	0.0	0.0	0.0	0.0	0.0	0.0	0.0	145.86206896551727	0.0	0.05432115	-0.09985326	1.01476791	2.5636799999999997	0.62566	-0.7019599999999999	3211955.0	1776544813.814735	0.0	1.0	-1.0	-1.0	-1.0	-1.0	-1.0	-1.0	-1.0	-1.0	0.0	marker	opened-hand	Open	15	0418
-66818.565	-53833.725	-103070.025	-17956.35	0.0	0.0	0.0	0.0	0.0	0.0	0.0	0.0	0.0	0.0	0.0	0.0	0.0	0.0	145.86206896551727	0.0	0.05432115	-0.09985326	1.01476791	2.5636799999999997	0.62566	-0.7019599999999999	3211956.0	1776544813.814757	0.0	1.0	-1.0	-1.0	-1.0	-1.0	-1.0	-1.0	-1.0	-1.0	0.0	marker	opened-hand	Open	15	0418
-66928.72499999999	-53842.59	-103133.79	-18021.69	0.0	0.0	0.0	0.0	0.0	0.0	0.0	0.0	0.0	0.0	0.0	0.0	0.0	0.0	145.86206896551727	0.0	0.05432115	-0.10339329	1.01342514	3.55558	0.56462	-1.2055399999999998	3211957.0	1776544813.823095	0.0	1.0	-1.0	-1.0	-1.0	-1.0	-1.0	-1.0	-1.0	-1.0	0.0	marker	opened-hand	Open	15	0418
-66827.925	-53836.244999999995	-103023.315	-17942.805	0.0	0.0	0.0	0.0	0.0	0.0	0.0	0.0	0.0	0.0	0.0	0.0	0.0	0.0	145.86206896551727	0.0	0.05432115	-0.10339329	1.01342514	3.55558	0.56462	-1.2055399999999998	3211958.0	1776544813.82316	0.0	1.0	-1.0	-1.0	-1.0	-1.0	-1.0	-1.0	-1.0	-1.0	0.0	marker	opened-hand	Open	15	0418
-66801.375	-53831.34	-103051.935	-17939.835	0.0	0.0	0.0	0.0	0.0	0.0	0.0	0.0	0.0	0.0	0.0	0.0	0.0	0.0	145.86206896551727	0.0	0.05432115	-0.10339329	1.01342514	3.55558	0.56462	-1.2055399999999998	3211959.0	1776544813.823195	0.0	1.0	-1.0	-1.0	-1.0	-1.0	-1.0	-1.0	-1.0	-1.0	0.0	marker	opened-hand	Open	15	0418
-66806.19	-53818.335	-103058.86499999999	-17921.88	0.0	0.0	0.0	0.0	0.0	0.0	0.0	0.0	0.0	0.0	0.0	0.0	0.0	0.0	145.86206896551727	0.0	0.05432115	-0.10339329	1.01342514	3.55558	0.56462	-1.2055399999999998	3211960.0	1776544813.823215	0.0	1.0	-1.0	-1.0	-1.0	-1.0	-1.0	-1.0	-1.0	-1.0	0.0	marker	opened-hand	Open	15	0418
-66843.81	-53818.155	-103080.51	-17950.454999999998	0.0	0.0	0.0	0.0	0.0	0.0	0.0	0.0	0.0	0.0	0.0	0.0	0.0	0.0	145.86206896551727	0.0	0.05432115	-0.10339329	1.01342514	3.55558	0.56462	-1.2055399999999998	3211961.0	1776544813.826669	0.0	1.0	-1.0	-1.0	-1.0	-1.0	-1.0	-1.0	-1.0	-1.0	0.0	marker	opened-hand	Open	15	0418
-66690.94499999999	-53820.134999999995	-102971.51999999999	-17870.715	0.0	0.0	0.0	0.0	0.0	0.0	0.0	0.0	0.0	0.0	0.0	0.0	0.0	0.0	145.86206896551727	0.0	0.05432115	-0.10339329	1.01342514	3.55558	0.56462	-1.2055399999999998	3211962.0	1776544813.82669	0.0	1.0	-1.0	-1.0	-1.0	-1.0	-1.0	-1.0	-1.0	-1.0	0.0	marker	opened-hand	Open	15	0418
-66589.73999999999	-53826.795	-102831.93	-17731.305	0.0	0.0	0.0	0.0	0.0	0.0	0.0	0.0	0.0	0.0	0.0	0.0	0.0	0.0	145.86206896551727	0.0	0.05432115	-0.10339329	1.01342514	3.55558	0.56462	-1.2055399999999998	3211963.0	1776544813.830694	0.0	1.0	-1.0	-1.0	-1.0	-1.0	-1.0	-1.0	-1.0	-1.0	0.0	marker	opened-hand	Open	15	0418
-66813.84	-53846.549999999996	-102980.06999999999	-17852.445	0.0	0.0	0.0	0.0	0.0	0.0	0.0	0.0	0.0	0.0	0.0	0.0	0.0	0.0	145.86206896551727	0.0	0.05432115	-0.10339329	1.01342514	3.55558	0.56462	-1.2055399999999998	3211964.0	1776544813.830708	0.0	1.0	-1.0	-1.0	-1.0	-1.0	-1.0	-1.0	-1.0	-1.0	0.0	marker	opened-hand	Open	15	0418
-66924.27	-53852.715	-103122.18	-18007.515	0.0	0.0	0.0	0.0	0.0	0.0	0.0	0.0	0.0	0.0	0.0	0.0	0.0	0.0	145.86206896551727	0.0	0.05432115	-0.10339329	1.01342514	3.55558	0.56462	-1.2055399999999998	3211965.0	1776544813.836867	0.0	1.0	-1.0	-1.0	-1.0	-1.0	-1.0	-1.0	-1.0	-1.0	0.0	marker	opened-hand	Open	15	0418
-66723.97499999999	-53828.909999999996	-102985.73999999999	-17877.195	0.0	0.0	0.0	0.0	0.0	0.0	0.0	0.0	0.0	0.0	0.0	0.0	0.0	0.0	145.86206896551727	0.0	0.05432115	-0.10339329	1.01342514	3.55558	0.56462	-1.2055399999999998	3211966.0	1776544813.836894	0.0	1.0	-1.0	-1.0	-1.0	-1.0	-1.0	-1.0	-1.0	-1.0	0.0	marker	opened-hand	Open	15	0418
-66741.435	-53816.715	-102919.095	-17803.395	0.0	0.0	0.0	0.0	0.0	0.0	0.0	0.0	0.0	0.0	0.0	0.0	0.0	0.0	145.86206896551727	0.0	0.050964225	-0.10070775	1.013974455	3.0672599999999997	0.01526	-0.30519999999999997	3211967.0	1776544813.838754	0.0	1.0	-1.0	-1.0	-1.0	-1.0	-1.0	-1.0	-1.0	-1.0	0.0	marker	opened-hand	Open	15	0418
-66743.64	-53806.905	-102962.655	-17851.364999999998	0.0	0.0	0.0	0.0	0.0	0.0	0.0	0.0	0.0	0.0	0.0	0.0	0.0	0.0	145.86206896551727	0.0	0.050964225	-0.10070775	1.013974455	3.0672599999999997	0.01526	-0.30519999999999997	3211968.0	1776544813.838791	0.0	1.0	-1.0	-1.0	-1.0	-1.0	-1.0	-1.0	-1.0	-1.0	0.0	marker	opened-hand	Open	15	0418
-66762.98999999999	-53808.21	-103039.065	-17918.415	0.0	0.0	0.0	0.0	0.0	0.0	0.0	0.0	0.0	0.0	0.0	0.0	0.0	0.0	145.86206896551727	0.0	0.050964225	-0.10070775	1.013974455	3.0672599999999997	0.01526	-0.30519999999999997	3211969.0	1776544813.842677	0.0	1.0	-1.0	-1.0	-1.0	-1.0	-1.0	-1.0	-1.0	-1.0	0.0	marker	opened-hand	Open	15	0418
-66677.895	-53806.454999999994	-102954.015	-17839.844999999998	0.0	0.0	0.0	0.0	0.0	0.0	0.0	0.0	0.0	0.0	0.0	0.0	0.0	0.0	145.86206896551727	0.0	0.050964225	-0.10070775	1.013974455	3.0672599999999997	0.01526	-0.30519999999999997	3211970.0	1776544813.842698	0.0	1.0	-1.0	-1.0	-1.0	-1.0	-1.0	-1.0	-1.0	-1.0	0.0	marker	opened-hand	Open	15	0418
-66623.31	-53813.295	-102864.87	-17739.495	0.0	0.0	0.0	0.0	0.0	0.0	0.0	0.0	0.0	0.0	0.0	0.0	0.0	0.0	145.86206896551727	0.0	0.050964225	-0.10070775	1.013974455	3.0672599999999997	0.01526	-0.30519999999999997	3211971.0	1776544813.846745	0.0	1.0	-1.0	-1.0	-1.0	-1.0	-1.0	-1.0	-1.0	-1.0	0.0	marker	opened-hand	Open	15	0418
-66766.68	-53822.655	-102902.22	-17777.25	0.0	0.0	0.0	0.0	0.0	0.0	0.0	0.0	0.0	0.0	0.0	0.0	0.0	0.0	145.86206896551727	0.0	0.050964225	-0.10070775	1.013974455	3.0672599999999997	0.01526	-0.30519999999999997	3211972.0	1776544813.846759	0.0	1.0	-1.0	-1.0	-1.0	-1.0	-1.0	-1.0	-1.0	-1.0	0.0	marker	opened-hand	Open	15	0418
-66821.44499999999	-53823.78	-102944.7	-17856.719999999998	0.0	0.0	0.0	0.0	0.0	0.0	0.0	0.0	0.0	0.0	0.0	0.0	0.0	0.0	145.86206896551727	0.0	0.050964225	-0.10070775	1.013974455	3.0672599999999997	0.01526	-0.30519999999999997	3211973.0	1776544813.850895	0.0	1.0	-1.0	-1.0	-1.0	-1.0	-1.0	-1.0	-1.0	-1.0	0.0	marker	opened-hand	Open	15	0418
-66784.77	-53818.064999999995	-102967.56	-17860.77	0.0	0.0	0.0	0.0	0.0	0.0	0.0	0.0	0.0	0.0	0.0	0.0	0.0	0.0	145.86206896551727	0.0	0.050964225	-0.10070775	1.013974455	3.0672599999999997	0.01526	-0.30519999999999997	3211974.0	1776544813.850921	0.0	1.0	-1.0	-1.0	-1.0	-1.0	-1.0	-1.0	-1.0	-1.0	0.0	marker	opened-hand	Open	15	0418
-66812.805	-53818.155	-103015.08	-17860.77	0.0	0.0	0.0	0.0	0.0	0.0	0.0	0.0	0.0	0.0	0.0	0.0	0.0	0.0	145.86206896551727	0.0	0.050964225	-0.10070775	1.013974455	3.0672599999999997	0.01526	-0.30519999999999997	3211975.0	1776544813.854906	0.0	1.0	-1.0	-1.0	-1.0	-1.0	-1.0	-1.0	-1.0	-1.0	0.0	marker	opened-hand	Open	15	0418
-66879.72	-53812.71	-103105.08	-17962.02	0.0	0.0	0.0	0.0	0.0	0.0	0.0	0.0	0.0	0.0	0.0	0.0	0.0	0.0	145.86206896551727	0.0	0.050964225	-0.10070775	1.013974455	3.0672599999999997	0.01526	-0.30519999999999997	3211976.0	1776544813.854939	0.0	1.0	-1.0	-1.0	-1.0	-1.0	-1.0	-1.0	-1.0	-1.0	0.0	marker	opened-hand	Open	15	0418
-66878.19	-53803.034999999996	-103068.765	-17958.6	0.0	0.0	0.0	0.0	0.0	0.0	0.0	0.0	0.0	0.0	0.0	0.0	0.0	0.0	145.86206896551727	0.0	0.0500487	-0.102599835	1.010922705	2.8383599999999998	0.06104	-0.6103999999999999	3211977.0	1776544813.858854	0.0	1.0	-1.0	-1.0	-1.0	-1.0	-1.0	-1.0	-1.0	-1.0	0.0	marker	opened-hand	Open	15	0418
-66801.465	-53804.34	-102899.83499999999	-17885.295	0.0	0.0	0.0	0.0	0.0	0.0	0.0	0.0	0.0	0.0	0.0	0.0	0.0	0.0	145.86206896551727	0.0	0.0500487	-0.102599835	1.010922705	2.8383599999999998	0.06104	-0.6103999999999999	3211978.0	1776544813.85887	0.0	1.0	-1.0	-1.0	-1.0	-1.0	-1.0	-1.0	-1.0	-1.0	0.0	marker	opened-hand	Open	15	0418
-66815.28	-53823.735	-102913.155	-17890.29	0.0	0.0	0.0	0.0	0.0	0.0	0.0	0.0	0.0	0.0	0.0	0.0	0.0	0.0	145.86206896551727	0.0	0.0500487	-0.102599835	1.010922705	2.8383599999999998	0.06104	-0.6103999999999999	3211979.0	1776544813.862713	0.0	1.0	-1.0	-1.0	-1.0	-1.0	-1.0	-1.0	-1.0	-1.0	0.0	marker	opened-hand	Open	15	0418
-66815.955	-53829.314999999995	-103059.62999999999	-17899.245	0.0	0.0	0.0	0.0	0.0	0.0	0.0	0.0	0.0	0.0	0.0	0.0	0.0	0.0	145.86206896551727	0.0	0.0500487	-0.102599835	1.010922705	2.8383599999999998	0.06104	-0.6103999999999999	3211980.0	1776544813.862726	0.0	1.0	-1.0	-1.0	-1.0	-1.0	-1.0	-1.0	-1.0	-1.0	0.0	marker	opened-hand	Open	15	0418
-66795.39	-53833.725	-103120.155	-17931.555	0.0	0.0	0.0	0.0	0.0	0.0	0.0	0.0	0.0	0.0	0.0	0.0	0.0	0.0	145.86206896551727	0.0	0.0500487	-0.102599835	1.010922705	2.8383599999999998	0.06104	-0.6103999999999999	3211981.0	1776544813.866712	0.0	1.0	-1.0	-1.0	-1.0	-1.0	-1.0	-1.0	-1.0	-1.0	0.0	marker	opened-hand	Open	15	0418
-66763.44	-53832.645	-103014.495	-17864.954999999998	0.0	0.0	0.0	0.0	0.0	0.0	0.0	0.0	0.0	0.0	0.0	0.0	0.0	0.0	145.86206896551727	0.0	0.0500487	-0.102599835	1.010922705	2.8383599999999998	0.06104	-0.6103999999999999	3211982.0	1776544813.866733	0.0	1.0	-1.0	-1.0	-1.0	-1.0	-1.0	-1.0	-1.0	-1.0	0.0	marker	opened-hand	Open	15	0418
-66690.63	-53831.43	-102842.955	-17698.094999999998	0.0	0.0	0.0	0.0	0.0	0.0	0.0	0.0	0.0	0.0	0.0	0.0	0.0	0.0	145.86206896551727	0.0	0.0500487	-0.102599835	1.010922705	2.8383599999999998	0.06104	-0.6103999999999999	3211983.0	1776544813.871049	0.0	1.0	-1.0	-1.0	-1.0	-1.0	-1.0	-1.0	-1.0	-1.0	0.0	marker	opened-hand	Open	15	0418
-66404.43	-53815.005	-102701.83499999999	-17559.18	0.0	0.0	0.0	0.0	0.0	0.0	0.0	0.0	0.0	0.0	0.0	0.0	0.0	0.0	145.86206896551727	0.0	0.0500487	-0.102599835	1.010922705	2.8383599999999998	0.06104	-0.6103999999999999	3211984.0	1776544813.871079	0.0	1.0	-1.0	-1.0	-1.0	-1.0	-1.0	-1.0	-1.0	-1.0	0.0	marker	opened-hand	Open	15	0418
-66515.265	-53812.35	-102874.95	-17720.055	0.0	0.0	0.0	0.0	0.0	0.0	0.0	0.0	0.0	0.0	0.0	0.0	0.0	0.0	145.86206896551727	0.0	0.0500487	-0.102599835	1.010922705	2.8383599999999998	0.06104	-0.6103999999999999	3211985.0	1776544813.875864	0.0	1.0	-1.0	-1.0	-1.0	-1.0	-1.0	-1.0	-1.0	-1.0	0.0	marker	opened-hand	Open	15	0418
-66935.88	-53825.13	-103162.14	-18037.98	0.0	0.0	0.0	0.0	0.0	0.0	0.0	0.0	0.0	0.0	0.0	0.0	0.0	0.0	145.86206896551727	0.0	0.0500487	-0.102599835	1.010922705	2.8383599999999998	0.06104	-0.6103999999999999	3211986.0	1776544813.875881	0.0	1.0	-1.0	-1.0	-1.0	-1.0	-1.0	-1.0	-1.0	-1.0	0.0	marker	opened-hand	Open	15	0418
-66995.28	-53781.479999999996	-103146.84	-18063.27	0.0	0.0	0.0	0.0	0.0	0.0	0.0	0.0	0.0	0.0	0.0	0.0	0.0	0.0	145.86206896551727	0.0	0.05505357	-0.104186745	1.01122788	3.2351199999999998	0.6409199999999999	-0.6714399999999999	3211987.0	1776544813.882228	0.0	1.0	-1.0	-1.0	-1.0	-1.0	-1.0	-1.0	-1.0	-1.0	0.0	marker	opened-hand	Open	15	0418
-66924.045	-53698.545	-103123.75499999999	-18030.96	0.0	0.0	0.0	0.0	0.0	0.0	0.0	0.0	0.0	0.0	0.0	0.0	0.0	0.0	145.86206896551727	0.0	0.05505357	-0.104186745	1.01122788	3.2351199999999998	0.6409199999999999	-0.6714399999999999	3211988.0	1776544813.882259	0.0	1.0	-1.0	-1.0	-1.0	-1.0	-1.0	-1.0	-1.0	-1.0	0.0	marker	opened-hand	Open	15	0418
-66935.565	-53687.34	-103164.25499999999	-18069.165	0.0	0.0	0.0	0.0	0.0	0.0	0.0	0.0	0.0	0.0	0.0	0.0	0.0	0.0	145.86206896551727	0.0	0.05505357	-0.104186745	1.01122788	3.2351199999999998	0.6409199999999999	-0.6714399999999999	3211989.0	1776544813.882856	0.0	1.0	-1.0	-1.0	-1.0	-1.0	-1.0	-1.0	-1.0	-1.0	0.0	marker	opened-hand	Open	15	0418
-66788.81999999999	-53668.439999999995	-103008.78	-17910.855	0.0	0.0	0.0	0.0	0.0	0.0	0.0	0.0	0.0	0.0	0.0	0.0	0.0	0.0	145.86206896551727	0.0	0.05505357	-0.104186745	1.01122788	3.2351199999999998	0.6409199999999999	-0.6714399999999999	3211990.0	1776544813.882873	0.0	1.0	-1.0	-1.0	-1.0	-1.0	-1.0	-1.0	-1.0	-1.0	0.0	marker	opened-hand	Open	15	0418
-66658.185	-53655.39	-102890.25	-17754.39	0.0	0.0	0.0	0.0	0.0	0.0	0.0	0.0	0.0	0.0	0.0	0.0	0.0	0.0	145.86206896551727	0.0	0.05505357	-0.104186745	1.01122788	3.2351199999999998	0.6409199999999999	-0.6714399999999999	3211991.0	1776544813.886957	0.0	1.0	-1.0	-1.0	-1.0	-1.0	-1.0	-1.0	-1.0	-1.0	0.0	marker	opened-hand	Open	15	0418
-66497.625	-53637.615	-102716.50499999999	-17603.145	0.0	0.0	0.0	0.0	0.0	0.0	0.0	0.0	0.0	0.0	0.0	0.0	0.0	0.0	145.86206896551727	0.0	0.05505357	-0.104186745	1.01122788	3.2351199999999998	0.6409199999999999	-0.6714399999999999	3211992.0	1776544813.886982	0.0	1.0	-1.0	-1.0	-1.0	-1.0	-1.0	-1.0	-1.0	-1.0	0.0	marker	opened-hand	Open	15	0418
-66663.36	-53622.314999999995	-102715.875	-17605.665	0.0	0.0	0.0	0.0	0.0	0.0	0.0	0.0	0.0	0.0	0.0	0.0	0.0	0.0	145.86206896551727	0.0	0.05505357	-0.104186745	1.01122788	3.2351199999999998	0.6409199999999999	-0.6714399999999999	3211993.0	1776544813.89168	0.0	1.0	-1.0	-1.0	-1.0	-1.0	-1.0	-1.0	-1.0	-1.0	0.0	marker	opened-hand	Open	15	0418
-67008.19499999999	-53645.445	-103130.955	-17984.79	0.0	0.0	0.0	0.0	0.0	0.0	0.0	0.0	0.0	0.0	0.0	0.0	0.0	0.0	145.86206896551727	0.0	0.05505357	-0.104186745	1.01122788	3.2351199999999998	0.6409199999999999	-0.6714399999999999	3211994.0	1776544813.891695	0.0	1.0	-1.0	-1.0	-1.0	-1.0	-1.0	-1.0	-1.0	-1.0	0.0	marker	opened-hand	Open	15	0418
-66982.14	-53655.795	-103312.215	-18206.28	0.0	0.0	0.0	0.0	0.0	0.0	0.0	0.0	0.0	0.0	0.0	0.0	0.0	0.0	145.86206896551727	0.0	0.05505357	-0.104186745	1.01122788	3.2351199999999998	0.6409199999999999	-0.6714399999999999	3211995.0	1776544813.89494	0.0	1.0	-1.0	-1.0	-1.0	-1.0	-1.0	-1.0	-1.0	-1.0	0.0	marker	opened-hand	Open	15	0418
-66893.04	-53645.939999999995	-103179.87	-18083.969999999998	0.0	0.0	0.0	0.0	0.0	0.0	0.0	0.0	0.0	0.0	0.0	0.0	0.0	0.0	145.86206896551727	0.0	0.05505357	-0.104186745	1.01122788	3.2351199999999998	0.6409199999999999	-0.6714399999999999	3211996.0	1776544813.894953	0.0	1.0	-1.0	-1.0	-1.0	-1.0	-1.0	-1.0	-1.0	-1.0	0.0	marker	opened-hand	Open	15	0418
-66800.79	-53639.28	-103085.73	-17988.885	0.0	0.0	0.0	0.0	0.0	0.0	0.0	0.0	0.0	0.0	0.0	0.0	0.0	0.0	145.86206896551727	0.0	0.05310045	-0.10510227	1.005917835	4.2270199999999996	1.6175599999999999	-0.9613799999999999	3211997.0	1776544813.901378	0.0	1.0	-1.0	-1.0	-1.0	-1.0	-1.0	-1.0	-1.0	-1.0	0.0	marker	opened-hand	Open	15	0418
-66849.12	-53646.615	-103073.84999999999	-17941.05	0.0	0.0	0.0	0.0	0.0	0.0	0.0	0.0	0.0	0.0	0.0	0.0	0.0	0.0	145.86206896551727	0.0	0.05310045	-0.10510227	1.005917835	4.2270199999999996	1.6175599999999999	-0.9613799999999999	3211998.0	1776544813.901395	0.0	1.0	-1.0	-1.0	-1.0	-1.0	-1.0	-1.0	-1.0	-1.0	0.0	marker	opened-hand	Open	15	0418
-66980.205	-53656.2	-103172.44499999999	-18017.594999999998	0.0	0.0	0.0	0.0	0.0	0.0	0.0	0.0	0.0	0.0	0.0	0.0	0.0	0.0	145.86206896551727	0.0	0.05310045	-0.10510227	1.005917835	4.2270199999999996	1.6175599999999999	-0.9613799999999999	3211999.0	1776544813.904331	0.0	1.0	-1.0	-1.0	-1.0	-1.0	-1.0	-1.0	-1.0	-1.0	0.0	marker	opened-hand	Open	15	0418
-66924.54	-53639.685	-103062.78	-17926.29	0.0	0.0	0.0	0.0	0.0	0.0	0.0	0.0	0.0	0.0	0.0	0.0	0.0	0.0	145.86206896551727	0.0	0.05310045	-0.10510227	1.005917835	4.2270199999999996	1.6175599999999999	-0.9613799999999999	3212000.0	1776544813.904349	0.0	1.0	-1.0	-1.0	-1.0	-1.0	-1.0	-1.0	-1.0	-1.0	0.0	marker	opened-hand	Open	15	0418
-66782.385	-53614.755	-102943.53	-17825.13	0.0	0.0	0.0	0.0	0.0	0.0	0.0	0.0	0.0	0.0	0.0	0.0	0.0	0.0	145.86206896551727	0.0	0.05310045	-0.10510227	1.005917835	4.2270199999999996	1.6175599999999999	-0.9613799999999999	3212001.0	1776544813.907407	0.0	1.0	-1.0	-1.0	-1.0	-1.0	-1.0	-1.0	-1.0	-1.0	0.0	marker	opened-hand	Open	15	0418
-66680.415	-53599.32	-102929.67	-17796.915	0.0	0.0	0.0	0.0	0.0	0.0	0.0	0.0	0.0	0.0	0.0	0.0	0.0	0.0	145.86206896551727	0.0	0.05310045	-0.10510227	1.005917835	4.2270199999999996	1.6175599999999999	-0.9613799999999999	3212002.0	1776544813.907419	0.0	1.0	-1.0	-1.0	-1.0	-1.0	-1.0	-1.0	-1.0	-1.0	0.0	marker	opened-hand	Open	15	0418
-66736.8	-53601.255	-103007.565	-17893.89	0.0	0.0	0.0	0.0	0.0	0.0	0.0	0.0	0.0	0.0	0.0	0.0	0.0	0.0	145.86206896551727	0.0	0.05310045	-0.10510227	1.005917835	4.2270199999999996	1.6175599999999999	-0.9613799999999999	3212003.0	1776544813.913861	0.0	1.0	-1.0	-1.0	-1.0	-1.0	-1.0	-1.0	-1.0	-1.0	0.0	marker	opened-hand	Open	15	0418
-66785.535	-53618.265	-103042.17	-17950.364999999998	0.0	0.0	0.0	0.0	0.0	0.0	0.0	0.0	0.0	0.0	0.0	0.0	0.0	0.0	145.86206896551727	0.0	0.05310045	-0.10510227	1.005917835	4.2270199999999996	1.6175599999999999	-0.9613799999999999	3212004.0	1776544813.913875	0.0	1.0	-1.0	-1.0	-1.0	-1.0	-1.0	-1.0	-1.0	-1.0	0.0	marker	opened-hand	Open	15	0418
-66786.03	-53635.14	-103078.485	-17972.864999999998	0.0	0.0	0.0	0.0	0.0	0.0	0.0	0.0	0.0	0.0	0.0	0.0	0.0	0.0	145.86206896551727	0.0	0.05310045	-0.10510227	1.005917835	4.2270199999999996	1.6175599999999999	-0.9613799999999999	3212005.0	1776544813.917653	0.0	1.0	-1.0	-1.0	-1.0	-1.0	-1.0	-1.0	-1.0	-1.0	0.0	marker	opened-hand	Open	15	0418
-66690.72	-53636.22	-102915.54	-17806.094999999998	0.0	0.0	0.0	0.0	0.0	0.0	0.0	0.0	0.0	0.0	0.0	0.0	0.0	0.0	145.86206896551727	0.0	0.05310045	-0.10510227	1.005917835	4.2270199999999996	1.6175599999999999	-0.9613799999999999	3212006.0	1776544813.917728	0.0	1.0	-1.0	-1.0	-1.0	-1.0	-1.0	-1.0	-1.0	-1.0	0.0	marker	opened-hand	Open	15	0418
-66760.02	-53638.604999999996	-102937.905	-17808.03	0.0	0.0	0.0	0.0	0.0	0.0	0.0	0.0	0.0	0.0	0.0	0.0	0.0	0.0	145.86206896551727	0.0	0.055358745	-0.105651585	1.0047581700000001	3.2045999999999997	2.10588	-0.94612	3212007.0	1776544813.919082	0.0	1.0	-1.0	-1.0	-1.0	-1.0	-1.0	-1.0	-1.0	-1.0	0.0	marker	opened-hand	Open	15	0418
-66850.515	-53646.704999999994	-103074.56999999999	-17935.29	0.0	0.0	0.0	0.0	0.0	0.0	0.0	0.0	0.0	0.0	0.0	0.0	0.0	0.0	145.86206896551727	0.0	0.055358745	-0.105651585	1.0047581700000001	3.2045999999999997	2.10588	-0.94612	3212008.0	1776544813.919097	0.0	1.0	-1.0	-1.0	-1.0	-1.0	-1.0	-1.0	-1.0	-1.0	0.0	marker	opened-hand	Open	15	0418
-66811.23	-53648.1	-103042.26	-17920.62	0.0	0.0	0.0	0.0	0.0	0.0	0.0	0.0	0.0	0.0	0.0	0.0	0.0	0.0	145.86206896551727	0.0	0.055358745	-0.105651585	1.0047581700000001	3.2045999999999997	2.10588	-0.94612	3212009.0	1776544813.923037	0.0	1.0	-1.0	-1.0	-1.0	-1.0	-1.0	-1.0	-1.0	-1.0	0.0	marker	opened-hand	Open	15	0418
-66853.845	-53639.055	-103065.705	-17943.03	0.0	0.0	0.0	0.0	0.0	0.0	0.0	0.0	0.0	0.0	0.0	0.0	0.0	0.0	145.86206896551727	0.0	0.055358745	-0.105651585	1.0047581700000001	3.2045999999999997	2.10588	-0.94612	3212010.0	1776544813.923058	0.0	1.0	-1.0	-1.0	-1.0	-1.0	-1.0	-1.0	-1.0	-1.0	0.0	marker	opened-hand	Open	15	0418
-66750.03	-53623.665	-102986.86499999999	-17883.945	0.0	0.0	0.0	0.0	0.0	0.0	0.0	0.0	0.0	0.0	0.0	0.0	0.0	0.0	145.86206896551727	0.0	0.055358745	-0.105651585	1.0047581700000001	3.2045999999999997	2.10588	-0.94612	3212011.0	1776544813.93074	0.0	1.0	-1.0	-1.0	-1.0	-1.0	-1.0	-1.0	-1.0	-1.0	0.0	marker	opened-hand	Open	15	0418
-66627.855	-53621.055	-102863.47499999999	-17770.545	0.0	0.0	0.0	0.0	0.0	0.0	0.0	0.0	0.0	0.0	0.0	0.0	0.0	0.0	145.86206896551727	0.0	0.055358745	-0.105651585	1.0047581700000001	3.2045999999999997	2.10588	-0.94612	3212012.0	1776544813.930769	0.0	1.0	-1.0	-1.0	-1.0	-1.0	-1.0	-1.0	-1.0	-1.0	0.0	marker	opened-hand	Open	15	0418
-66697.38	-53635.365	-102900.19499999999	-17794.98	0.0	0.0	0.0	0.0	0.0	0.0	0.0	0.0	0.0	0.0	0.0	0.0	0.0	0.0	145.86206896551727	0.0	0.055358745	-0.105651585	1.0047581700000001	3.2045999999999997	2.10588	-0.94612	3212013.0	1776544813.930989	0.0	1.0	-1.0	-1.0	-1.0	-1.0	-1.0	-1.0	-1.0	-1.0	0.0	marker	opened-hand	Open	15	0418
-66683.97	-53625.465	-102905.01	-17809.875	0.0	0.0	0.0	0.0	0.0	0.0	0.0	0.0	0.0	0.0	0.0	0.0	0.0	0.0	145.86206896551727	0.0	0.055358745	-0.105651585	1.0047581700000001	3.2045999999999997	2.10588	-0.94612	3212014.0	1776544813.931006	0.0	1.0	-1.0	-1.0	-1.0	-1.0	-1.0	-1.0	-1.0	-1.0	0.0	marker	opened-hand	Open	15	0418
-66755.34	-53554.59	-102943.62	-17854.829999999998	0.0	0.0	0.0	0.0	0.0	0.0	0.0	0.0	0.0	0.0	0.0	0.0	0.0	0.0	145.86206896551727	0.0	0.055358745	-0.105651585	1.0047581700000001	3.2045999999999997	2.10588	-0.94612	3212015.0	1776544813.934926	0.0	1.0	-1.0	-1.0	-1.0	-1.0	-1.0	-1.0	-1.0	-1.0	0.0	marker	opened-hand	Open	15	0418
-66852.855	-53528.04	-103030.29	-17895.96	0.0	0.0	0.0	0.0	0.0	0.0	0.0	0.0	0.0	0.0	0.0	0.0	0.0	0.0	145.86206896551727	0.0	0.055358745	-0.105651585	1.0047581700000001	3.2045999999999997	2.10588	-0.94612	3212016.0	1776544813.934948	0.0	1.0	-1.0	-1.0	-1.0	-1.0	-1.0	-1.0	-1.0	-1.0	0.0	marker	opened-hand	Open	15	0418
-66893.22	-53527.229999999996	-103160.205	-18014.219999999998	0.0	0.0	0.0	0.0	0.0	0.0	0.0	0.0	0.0	0.0	0.0	0.0	0.0	0.0	145.86206896551727	0.0	0.04846179	-0.101623275	1.00756578	1.7396399999999999	1.8006799999999998	-0.9919	3212017.0	1776544813.939172	0.0	1.0	-1.0	-1.0	-1.0	-1.0	-1.0	-1.0	-1.0	-1.0	0.0	marker	opened-hand	Open	15	0418
-66900.465	-53523.99	-103166.14499999999	-18031.32	0.0	0.0	0.0	0.0	0.0	0.0	0.0	0.0	0.0	0.0	0.0	0.0	0.0	0.0	145.86206896551727	0.0	0.04846179	-0.101623275	1.00756578	1.7396399999999999	1.8006799999999998	-0.9919	3212018.0	1776544813.939201	0.0	1.0	-1.0	-1.0	-1.0	-1.0	-1.0	-1.0	-1.0	-1.0	0.0	marker	opened-hand	Open	15	0418
-66759.795	-53517.869999999995	-102985.875	-17898.885	0.0	0.0	0.0	0.0	0.0	0.0	0.0	0.0	0.0	0.0	0.0	0.0	0.0	0.0	145.86206896551727	0.0	0.04846179	-0.101623275	1.00756578	1.7396399999999999	1.8006799999999998	-0.9919	3212019.0	1776544813.943006	0.0	1.0	-1.0	-1.0	-1.0	-1.0	-1.0	-1.0	-1.0	-1.0	0.0	marker	opened-hand	Open	15	0418
-66622.31999999999	-53504.729999999996	-102832.56	-17767.035	0.0	0.0	0.0	0.0	0.0	0.0	0.0	0.0	0.0	0.0	0.0	0.0	0.0	0.0	145.86206896551727	0.0	0.04846179	-0.101623275	1.00756578	1.7396399999999999	1.8006799999999998	-0.9919	3212020.0	1776544813.943022	0.0	1.0	-1.0	-1.0	-1.0	-1.0	-1.0	-1.0	-1.0	-1.0	0.0	marker	opened-hand	Open	15	0418
-66555.135	-53495.595	-102790.935	-17674.245	0.0	0.0	0.0	0.0	0.0	0.0	0.0	0.0	0.0	0.0	0.0	0.0	0.0	0.0	145.86206896551727	0.0	0.04846179	-0.101623275	1.00756578	1.7396399999999999	1.8006799999999998	-0.9919	3212021.0	1776544813.947174	0.0	1.0	-1.0	-1.0	-1.0	-1.0	-1.0	-1.0	-1.0	-1.0	0.0	marker	opened-hand	Open	15	0418
-66792.825	-53515.395	-103014.98999999999	-17883.09	0.0	0.0	0.0	0.0	0.0	0.0	0.0	0.0	0.0	0.0	0.0	0.0	0.0	0.0	145.86206896551727	0.0	0.04846179	-0.101623275	1.00756578	1.7396399999999999	1.8006799999999998	-0.9919	3212022.0	1776544813.947191	0.0	1.0	-1.0	-1.0	-1.0	-1.0	-1.0	-1.0	-1.0	-1.0	0.0	marker	opened-hand	Open	15	0418
-66944.61	-53529.704999999994	-103167.62999999999	-18024.704999999998	0.0	0.0	0.0	0.0	0.0	0.0	0.0	0.0	0.0	0.0	0.0	0.0	0.0	0.0	145.86206896551727	0.0	0.04846179	-0.101623275	1.00756578	1.7396399999999999	1.8006799999999998	-0.9919	3212023.0	1776544813.951153	0.0	1.0	-1.0	-1.0	-1.0	-1.0	-1.0	-1.0	-1.0	-1.0	0.0	marker	opened-hand	Open	15	0418
-66836.655	-53528.31	-103075.605	-17947.44	0.0	0.0	0.0	0.0	0.0	0.0	0.0	0.0	0.0	0.0	0.0	0.0	0.0	0.0	145.86206896551727	0.0	0.04846179	-0.101623275	1.00756578	1.7396399999999999	1.8006799999999998	-0.9919	3212024.0	1776544813.951174	0.0	1.0	-1.0	-1.0	-1.0	-1.0	-1.0	-1.0	-1.0	-1.0	0.0	marker	opened-hand	Open	15	0418
-66810.33	-53534.295	-103073.04	-17943.03	0.0	0.0	0.0	0.0	0.0	0.0	0.0	0.0	0.0	0.0	0.0	0.0	0.0	0.0	145.86206896551727	0.0	0.04846179	-0.101623275	1.00756578	1.7396399999999999	1.8006799999999998	-0.9919	3212025.0	1776544813.955209	0.0	1.0	-1.0	-1.0	-1.0	-1.0	-1.0	-1.0	-1.0	-1.0	0.0	marker	opened-hand	Open	15	0418
-66817.98	-53530.74	-103036.95	-17900.594999999998	0.0	0.0	0.0	0.0	0.0	0.0	0.0	0.0	0.0	0.0	0.0	0.0	0.0	0.0	145.86206896551727	0.0	0.04846179	-0.101623275	1.00756578	1.7396399999999999	1.8006799999999998	-0.9919	3212026.0	1776544813.955235	0.0	1.0	-1.0	-1.0	-1.0	-1.0	-1.0	-1.0	-1.0	-1.0	0.0	marker	opened-hand	Open	15	0418
-66843.765	-53524.485	-103017.555	-17905.68	0.0	0.0	0.0	0.0	0.0	0.0	0.0	0.0	0.0	0.0	0.0	0.0	0.0	0.0	145.86206896551727	0.0	0.047973510000000004	-0.100280505	1.014096525	1.64808	1.11398	-0.7019599999999999	3212027.0	1776544813.959098	0.0	1.0	-1.0	-1.0	-1.0	-1.0	-1.0	-1.0	-1.0	-1.0	0.0	marker	opened-hand	Open	15	0418
-66696.03	-53511.704999999994	-102945.42	-17880.165	0.0	0.0	0.0	0.0	0.0	0.0	0.0	0.0	0.0	0.0	0.0	0.0	0.0	0.0	145.86206896551727	0.0	0.047973510000000004	-0.100280505	1.014096525	1.64808	1.11398	-0.7019599999999999	3212028.0	1776544813.959109	0.0	1.0	-1.0	-1.0	-1.0	-1.0	-1.0	-1.0	-1.0	-1.0	0.0	marker	opened-hand	Open	15	0418
-66705.97499999999	-53512.38	-103000.635	-17851.77	0.0	0.0	0.0	0.0	0.0	0.0	0.0	0.0	0.0	0.0	0.0	0.0	0.0	0.0	145.86206896551727	0.0	0.047973510000000004	-0.100280505	1.014096525	1.64808	1.11398	-0.7019599999999999	3212029.0	1776544813.963323	0.0	1.0	-1.0	-1.0	-1.0	-1.0	-1.0	-1.0	-1.0	-1.0	0.0	marker	opened-hand	Open	15	0418
-66723.345	-53520.75	-102938.94	-17780.13	0.0	0.0	0.0	0.0	0.0	0.0	0.0	0.0	0.0	0.0	0.0	0.0	0.0	0.0	145.86206896551727	0.0	0.047973510000000004	-0.100280505	1.014096525	1.64808	1.11398	-0.7019599999999999	3212030.0	1776544813.963361	0.0	1.0	-1.0	-1.0	-1.0	-1.0	-1.0	-1.0	-1.0	-1.0	0.0	marker	opened-hand	Open	15	0418
-66607.515	-53531.729999999996	-102787.965	-17667.675	0.0	0.0	0.0	0.0	0.0	0.0	0.0	0.0	0.0	0.0	0.0	0.0	0.0	0.0	145.86206896551727	0.0	0.047973510000000004	-0.100280505	1.014096525	1.64808	1.11398	-0.7019599999999999	3212031.0	1776544813.967238	0.0	1.0	-1.0	-1.0	-1.0	-1.0	-1.0	-1.0	-1.0	-1.0	0.0	marker	opened-hand	Open	15	0418
-66563.86499999999	-53542.35	-102794.08499999999	-17680.274999999998	0.0	0.0	0.0	0.0	0.0	0.0	0.0	0.0	0.0	0.0	0.0	0.0	0.0	0.0	145.86206896551727	0.0	0.047973510000000004	-0.100280505	1.014096525	1.64808	1.11398	-0.7019599999999999	3212032.0	1776544813.967261	0.0	1.0	-1.0	-1.0	-1.0	-1.0	-1.0	-1.0	-1.0	-1.0	0.0	marker	opened-hand	Open	15	0418
-66816.765	-53562.645	-103027.275	-17900.73	0.0	0.0	0.0	0.0	0.0	0.0	0.0	0.0	0.0	0.0	0.0	0.0	0.0	0.0	145.86206896551727	0.0	0.047973510000000004	-0.100280505	1.014096525	1.64808	1.11398	-0.7019599999999999	3212033.0	1776544813.971171	0.0	1.0	-1.0	-1.0	-1.0	-1.0	-1.0	-1.0	-1.0	-1.0	0.0	marker	opened-hand	Open	15	0418
-66934.44	-53565.975	-103097.385	-17985.329999999998	0.0	0.0	0.0	0.0	0.0	0.0	0.0	0.0	0.0	0.0	0.0	0.0	0.0	0.0	145.86206896551727	0.0	0.047973510000000004	-0.100280505	1.014096525	1.64808	1.11398	-0.7019599999999999	3212034.0	1776544813.971203	0.0	1.0	-1.0	-1.0	-1.0	-1.0	-1.0	-1.0	-1.0	-1.0	0.0	marker	opened-hand	Open	15	0418
-66849.84	-53548.829999999994	-103031.73	-17921.07	0.0	0.0	0.0	0.0	0.0	0.0	0.0	0.0	0.0	0.0	0.0	0.0	0.0	0.0	145.86206896551727	0.0	0.047973510000000004	-0.100280505	1.014096525	1.64808	1.11398	-0.7019599999999999	3212035.0	1776544813.975148	0.0	1.0	-1.0	-1.0	-1.0	-1.0	-1.0	-1.0	-1.0	-1.0	0.0	marker	opened-hand	Open	15	0418
-66832.83	-53537.579999999994	-102966.65999999999	-17836.065	0.0	0.0	0.0	0.0	0.0	0.0	0.0	0.0	0.0	0.0	0.0	0.0	0.0	0.0	145.86206896551727	0.0	0.047973510000000004	-0.100280505	1.014096525	1.64808	1.11398	-0.7019599999999999	3212036.0	1776544813.975164	0.0	1.0	-1.0	-1.0	-1.0	-1.0	-1.0	-1.0	-1.0	-1.0	0.0	marker	opened-hand	Open	15	0418
-66866.805	-53535.329999999994	-102945.69	-17806.995	0.0	0.0	0.0	0.0	0.0	0.0	0.0	0.0	0.0	0.0	0.0	0.0	0.0	0.0	145.86206896551727	0.0	0.051086295000000004	-0.09863256000000001	1.01952864	3.18934	0.85456	-0.19838	3212037.0	1776544813.979177	0.0	1.0	-1.0	-1.0	-1.0	-1.0	-1.0	-1.0	-1.0	-1.0	0.0	marker	opened-hand	Open	15	0418
-66733.83	-53535.329999999994	-102914.28	-17811.27	0.0	0.0	0.0	0.0	0.0	0.0	0.0	0.0	0.0	0.0	0.0	0.0	0.0	0.0	145.86206896551727	0.0	0.051086295000000004	-0.09863256000000001	1.01952864	3.18934	0.85456	-0.19838	3212038.0	1776544813.979189	0.0	1.0	-1.0	-1.0	-1.0	-1.0	-1.0	-1.0	-1.0	-1.0	0.0	marker	opened-hand	Open	15	0418
-66594.59999999999	-53542.305	-102849.20999999999	-17730.045	0.0	0.0	0.0	0.0	0.0	0.0	0.0	0.0	0.0	0.0	0.0	0.0	0.0	0.0	145.86206896551727	0.0	0.051086295000000004	-0.09863256000000001	1.01952864	3.18934	0.85456	-0.19838	3212039.0	1776544813.983323	0.0	1.0	-1.0	-1.0	-1.0	-1.0	-1.0	-1.0	-1.0	-1.0	0.0	marker	opened-hand	Open	15	0418
-66816.765	-53564.805	-103083.345	-17937.495	0.0	0.0	0.0	0.0	0.0	0.0	0.0	0.0	0.0	0.0	0.0	0.0	0.0	0.0	145.86206896551727	0.0	0.051086295000000004	-0.09863256000000001	1.01952864	3.18934	0.85456	-0.19838	3212040.0	1776544813.98335	0.0	1.0	-1.0	-1.0	-1.0	-1.0	-1.0	-1.0	-1.0	-1.0	0.0	marker	opened-hand	Open	15	0418
-67006.845	-53576.865	-103245.705	-18124.92	0.0	0.0	0.0	0.0	0.0	0.0	0.0	0.0	0.0	0.0	0.0	0.0	0.0	0.0	145.86206896551727	0.0	0.051086295000000004	-0.09863256000000001	1.01952864	3.18934	0.85456	-0.19838	3212041.0	1776544813.987356	0.0	1.0	-1.0	-1.0	-1.0	-1.0	-1.0	-1.0	-1.0	-1.0	0.0	marker	opened-hand	Open	15	0418
-66950.595	-53578.619999999995	-103193.81999999999	-18088.515	0.0	0.0	0.0	0.0	0.0	0.0	0.0	0.0	0.0	0.0	0.0	0.0	0.0	0.0	145.86206896551727	0.0	0.051086295000000004	-0.09863256000000001	1.01952864	3.18934	0.85456	-0.19838	3212042.0	1776544813.98738	0.0	1.0	-1.0	-1.0	-1.0	-1.0	-1.0	-1.0	-1.0	-1.0	0.0	marker	opened-hand	Open	15	0418
-66873.19499999999	-53578.979999999996	-103112.64	-17972.46	0.0	0.0	0.0	0.0	0.0	0.0	0.0	0.0	0.0	0.0	0.0	0.0	0.0	0.0	145.86206896551727	0.0	0.051086295000000004	-0.09863256000000001	1.01952864	3.18934	0.85456	-0.19838	3212043.0	1776544813.991186	0.0	1.0	-1.0	-1.0	-1.0	-1.0	-1.0	-1.0	-1.0	-1.0	0.0	marker	opened-hand	Open	15	0418
-66879.72	-53573.759999999995	-103000.95	-17870.445	0.0	0.0	0.0	0.0	0.0	0.0	0.0	0.0	0.0	0.0	0.0	0.0	0.0	0.0	145.86206896551727	0.0	0.051086295000000004	-0.09863256000000001	1.01952864	3.18934	0.85456	-0.19838	3212044.0	1776544813.991205	0.0	1.0	-1.0	-1.0	-1.0	-1.0	-1.0	-1.0	-1.0	-1.0	0.0	marker	opened-hand	Open	15	0418
-66840.255	-53567.954999999994	-103002.84	-17884.62	0.0	0.0	0.0	0.0	0.0	0.0	0.0	0.0	0.0	0.0	0.0	0.0	0.0	0.0	145.86206896551727	0.0	0.051086295000000004	-0.09863256000000001	1.01952864	3.18934	0.85456	-0.19838	3212045.0	1776544813.995305	0.0	1.0	-1.0	-1.0	-1.0	-1.0	-1.0	-1.0	-1.0	-1.0	0.0	marker	opened-hand	Open	15	0418
-66649.36499999999	-53567.82	-102925.44	-17820.945	0.0	0.0	0.0	0.0	0.0	0.0	0.0	0.0	0.0	0.0	0.0	0.0	0.0	0.0	145.86206896551727	0.0	0.051086295000000004	-0.09863256000000001	1.01952864	3.18934	0.85456	-0.19838	3212046.0	1776544813.995317	0.0	1.0	-1.0	-1.0	-1.0	-1.0	-1.0	-1.0	-1.0	-1.0	0.0	marker	opened-hand	Open	15	0418
-66657.825	-53581.994999999995	-102923.45999999999	-17820.945	0.0	0.0	0.0	0.0	0.0	0.0	0.0	0.0	0.0	0.0	0.0	0.0	0.0	0.0	145.86206896551727	0.0	0.051574575	-0.096740475	1.01867415	3.4335	0.15259999999999999	0.39676	3212047.0	1776544814.003836	0.0	1.0	-1.0	-1.0	-1.0	-1.0	-1.0	-1.0	-1.0	-1.0	0.0	marker	opened-hand	Open	15	0418
-66637.215	-53581.365	-102881.15999999999	-17780.399999999998	0.0	0.0	0.0	0.0	0.0	0.0	0.0	0.0	0.0	0.0	0.0	0.0	0.0	0.0	145.86206896551727	0.0	0.051574575	-0.096740475	1.01867415	3.4335	0.15259999999999999	0.39676	3212048.0	1776544814.003898	0.0	1.0	-1.0	-1.0	-1.0	-1.0	-1.0	-1.0	-1.0	-1.0	0.0	marker	opened-hand	Open	15	0418
-66833.145	-53586.99	-103021.01999999999	-17910.045	0.0	0.0	0.0	0.0	0.0	0.0	0.0	0.0	0.0	0.0	0.0	0.0	0.0	0.0	145.86206896551727	0.0	0.051574575	-0.096740475	1.01867415	3.4335	0.15259999999999999	0.39676	3212049.0	1776544814.006642	0.0	1.0	-1.0	-1.0	-1.0	-1.0	-1.0	-1.0	-1.0	-1.0	0.0	marker	opened-hand	Open	15	0418
-66959.86499999999	-53587.305	-103147.245	-18036.945	0.0	0.0	0.0	0.0	0.0	0.0	0.0	0.0	0.0	0.0	0.0	0.0	0.0	0.0	145.86206896551727	0.0	0.051574575	-0.096740475	1.01867415	3.4335	0.15259999999999999	0.39676	3212050.0	1776544814.00666	0.0	1.0	-1.0	-1.0	-1.0	-1.0	-1.0	-1.0	-1.0	-1.0	0.0	marker	opened-hand	Open	15	0418
-66837.69	-53582.625	-103068.26999999999	-17957.43	0.0	0.0	0.0	0.0	0.0	0.0	0.0	0.0	0.0	0.0	0.0	0.0	0.0	0.0	145.86206896551727	0.0	0.051574575	-0.096740475	1.01867415	3.4335	0.15259999999999999	0.39676	3212051.0	1776544814.007291	0.0	1.0	-1.0	-1.0	-1.0	-1.0	-1.0	-1.0	-1.0	-1.0	0.0	marker	opened-hand	Open	15	0418
-66722.895	-53574.255	-102989.655	-17878.815	0.0	0.0	0.0	0.0	0.0	0.0	0.0	0.0	0.0	0.0	0.0	0.0	0.0	0.0	145.86206896551727	0.0	0.051574575	-0.096740475	1.01867415	3.4335	0.15259999999999999	0.39676	3212052.0	1776544814.007304	0.0	1.0	-1.0	-1.0	-1.0	-1.0	-1.0	-1.0	-1.0	-1.0	0.0	marker	opened-hand	Open	15	0418
-66757.815	-53575.92	-103057.29	-17931.42	0.0	0.0	0.0	0.0	0.0	0.0	0.0	0.0	0.0	0.0	0.0	0.0	0.0	0.0	145.86206896551727	0.0	0.051574575	-0.096740475	1.01867415	3.4335	0.15259999999999999	0.39676	3212053.0	1776544814.013793	0.0	1.0	-1.0	-1.0	-1.0	-1.0	-1.0	-1.0	-1.0	-1.0	0.0	marker	opened-hand	Open	15	0418
-66712.14	-53578.305	-103032.98999999999	-17895.78	0.0	0.0	0.0	0.0	0.0	0.0	0.0	0.0	0.0	0.0	0.0	0.0	0.0	0.0	145.86206896551727	0.0	0.051574575	-0.096740475	1.01867415	3.4335	0.15259999999999999	0.39676	3212054.0	1776544814.01381	0.0	1.0	-1.0	-1.0	-1.0	-1.0	-1.0	-1.0	-1.0	-1.0	0.0	marker	opened-hand	Open	15	0418
-66597.12	-53587.215	-102838.635	-17718.75	0.0	0.0	0.0	0.0	0.0	0.0	0.0	0.0	0.0	0.0	0.0	0.0	0.0	0.0	145.86206896551727	0.0	0.051574575	-0.096740475	1.01867415	3.4335	0.15259999999999999	0.39676	3212055.0	1776544814.015373	0.0	1.0	-1.0	-1.0	-1.0	-1.0	-1.0	-1.0	-1.0	-1.0	0.0	marker	opened-hand	Open	15	0418
-66696.48	-53605.395	-102897.98999999999	-17789.579999999998	0.0	0.0	0.0	0.0	0.0	0.0	0.0	0.0	0.0	0.0	0.0	0.0	0.0	0.0	145.86206896551727	0.0	0.051574575	-0.096740475	1.01867415	3.4335	0.15259999999999999	0.39676	3212056.0	1776544814.015401	0.0	1.0	-1.0	-1.0	-1.0	-1.0	-1.0	-1.0	-1.0	-1.0	0.0	marker	opened-hand	Open	15	0418
-66787.73999999999	-53618.579999999994	-103049.09999999999	-17921.969999999998	0.0	0.0	0.0	0.0	0.0	0.0	0.0	0.0	0.0	0.0	0.0	0.0	0.0	0.0	145.86206896551727	0.0	0.049987665	-0.097472895	1.01818587	2.39582	-0.06104	0.36624	3212057.0	1776544814.019325	0.0	1.0	-1.0	-1.0	-1.0	-1.0	-1.0	-1.0	-1.0	-1.0	0.0	marker	opened-hand	Open	15	0418
-66698.86499999999	-53612.865	-102981.06	-17858.61	0.0	0.0	0.0	0.0	0.0	0.0	0.0	0.0	0.0	0.0	0.0	0.0	0.0	0.0	145.86206896551727	0.0	0.049987665	-0.097472895	1.01818587	2.39582	-0.06104	0.36624	3212058.0	1776544814.019341	0.0	1.0	-1.0	-1.0	-1.0	-1.0	-1.0	-1.0	-1.0	-1.0	0.0	marker	opened-hand	Open	15	0418
-66730.5	-53613.36	-102974.94	-17835.434999999998	0.0	0.0	0.0	0.0	0.0	0.0	0.0	0.0	0.0	0.0	0.0	0.0	0.0	0.0	145.86206896551727	0.0	0.049987665	-0.097472895	1.01818587	2.39582	-0.06104	0.36624	3212059.0	1776544814.02342	0.0	1.0	-1.0	-1.0	-1.0	-1.0	-1.0	-1.0	-1.0	-1.0	0.0	marker	opened-hand	Open	15	0418
-66797.37	-53613.854999999996	-102959.90999999999	-17831.969999999998	0.0	0.0	0.0	0.0	0.0	0.0	0.0	0.0	0.0	0.0	0.0	0.0	0.0	0.0	145.86206896551727	0.0	0.049987665	-0.097472895	1.01818587	2.39582	-0.06104	0.36624	3212060.0	1776544814.02344	0.0	1.0	-1.0	-1.0	-1.0	-1.0	-1.0	-1.0	-1.0	-1.0	0.0	marker	opened-hand	Open	15	0418
-66686.48999999999	-53605.17	-102833.73	-17765.19	0.0	0.0	0.0	0.0	0.0	0.0	0.0	0.0	0.0	0.0	0.0	0.0	0.0	0.0	145.86206896551727	0.0	0.049987665	-0.097472895	1.01818587	2.39582	-0.06104	0.36624	3212061.0	1776544814.027396	0.0	1.0	-1.0	-1.0	-1.0	-1.0	-1.0	-1.0	-1.0	-1.0	0.0	marker	opened-hand	Open	15	0418
-66730.59	-53602.74	-102842.86499999999	-17773.92	0.0	0.0	0.0	0.0	0.0	0.0	0.0	0.0	0.0	0.0	0.0	0.0	0.0	0.0	145.86206896551727	0.0	0.049987665	-0.097472895	1.01818587	2.39582	-0.06104	0.36624	3212062.0	1776544814.027415	0.0	1.0	-1.0	-1.0	-1.0	-1.0	-1.0	-1.0	-1.0	-1.0	0.0	marker	opened-hand	Open	15	0418
-66831.56999999999	-53606.34	-103018.68	-17894.114999999998	0.0	0.0	0.0	0.0	0.0	0.0	0.0	0.0	0.0	0.0	0.0	0.0	0.0	0.0	145.86206896551727	0.0	0.049987665	-0.097472895	1.01818587	2.39582	-0.06104	0.36624	3212063.0	1776544814.031485	0.0	1.0	-1.0	-1.0	-1.0	-1.0	-1.0	-1.0	-1.0	-1.0	0.0	marker	opened-hand	Open	15	0418
-66874.185	-53617.365	-103163.4	-17994.555	0.0	0.0	0.0	0.0	0.0	0.0	0.0	0.0	0.0	0.0	0.0	0.0	0.0	0.0	145.86206896551727	0.0	0.049987665	-0.097472895	1.01818587	2.39582	-0.06104	0.36624	3212064.0	1776544814.031503	0.0	1.0	-1.0	-1.0	-1.0	-1.0	-1.0	-1.0	-1.0	-1.0	0.0	marker	opened-hand	Open	15	0418
-66889.305	-53622.314999999995	-103090.14	-17966.25	0.0	0.0	0.0	0.0	0.0	0.0	0.0	0.0	0.0	0.0	0.0	0.0	0.0	0.0	145.86206896551727	0.0	0.049987665	-0.097472895	1.01818587	2.39582	-0.06104	0.36624	3212065.0	1776544814.037167	0.0	1.0	-1.0	-1.0	-1.0	-1.0	-1.0	-1.0	-1.0	-1.0	0.0	marker	opened-hand	Open	15	0418
-66666.555	-53610.255	-102951.045	-17847.719999999998	0.0	0.0	0.0	0.0	0.0	0.0	0.0	0.0	0.0	0.0	0.0	0.0	0.0	0.0	145.86206896551727	0.0	0.049987665	-0.097472895	1.01818587	2.39582	-0.06104	0.36624	3212066.0	1776544814.037182	0.0	1.0	-1.0	-1.0	-1.0	-1.0	-1.0	-1.0	-1.0	-1.0	0.0	marker	opened-hand	Open	15	0418
-66735.495	-53613.854999999996	-103032.94499999999	-17909.73	0.0	0.0	0.0	0.0	0.0	0.0	0.0	0.0	0.0	0.0	0.0	0.0	0.0	0.0	146.0	0.0	0.049499385	-0.10168431	1.016293785	3.2809	0.13734	0.19838	3212067.0	1776544814.039641	0.0	1.0	-1.0	-1.0	-1.0	-1.0	-1.0	-1.0	-1.0	-1.0	0.0	marker	opened-hand	Open	15	0418
-66865.36499999999	-53608.814999999995	-103076.86499999999	-17948.655	0.0	0.0	0.0	0.0	0.0	0.0	0.0	0.0	0.0	0.0	0.0	0.0	0.0	0.0	146.0	0.0	0.049499385	-0.10168431	1.016293785	3.2809	0.13734	0.19838	3212068.0	1776544814.039652	0.0	1.0	-1.0	-1.0	-1.0	-1.0	-1.0	-1.0	-1.0	-1.0	0.0	marker	opened-hand	Open	15	0418
-66932.64	-53571.78	-103018.995	-17894.43	0.0	0.0	0.0	0.0	0.0	0.0	0.0	0.0	0.0	0.0	0.0	0.0	0.0	0.0	146.0	0.0	0.049499385	-0.10168431	1.016293785	3.2809	0.13734	0.19838	3212069.0	1776544814.044356	0.0	1.0	-1.0	-1.0	-1.0	-1.0	-1.0	-1.0	-1.0	-1.0	0.0	marker	opened-hand	Open	15	0418
-66884.895	-53484.255	-102987.675	-17870.94	0.0	0.0	0.0	0.0	0.0	0.0	0.0	0.0	0.0	0.0	0.0	0.0	0.0	0.0	146.0	0.0	0.049499385	-0.10168431	1.016293785	3.2809	0.13734	0.19838	3212070.0	1776544814.044379	0.0	1.0	-1.0	-1.0	-1.0	-1.0	-1.0	-1.0	-1.0	-1.0	0.0	marker	opened-hand	Open	15	0418
-66826.62	-53468.775	-103111.425	-17999.954999999998	0.0	0.0	0.0	0.0	0.0	0.0	0.0	0.0	0.0	0.0	0.0	0.0	0.0	0.0	146.0	0.0	0.049499385	-0.10168431	1.016293785	3.2809	0.13734	0.19838	3212071.0	1776544814.047527	0.0	1.0	-1.0	-1.0	-1.0	-1.0	-1.0	-1.0	-1.0	-1.0	0.0	marker	opened-hand	Open	15	0418
-66759.885	-53467.65	-103070.97	-17964.809999999998	0.0	0.0	0.0	0.0	0.0	0.0	0.0	0.0	0.0	0.0	0.0	0.0	0.0	0.0	146.0	0.0	0.049499385	-0.10168431	1.016293785	3.2809	0.13734	0.19838	3212072.0	1776544814.047548	0.0	1.0	-1.0	-1.0	-1.0	-1.0	-1.0	-1.0	-1.0	-1.0	0.0	marker	opened-hand	Open	15	0418
-66708.94499999999	-53469.18	-102964.995	-17853.12	0.0	0.0	0.0	0.0	0.0	0.0	0.0	0.0	0.0	0.0	0.0	0.0	0.0	0.0	146.0	0.0	0.049499385	-0.10168431	1.016293785	3.2809	0.13734	0.19838	3212073.0	1776544814.055624	0.0	1.0	-1.0	-1.0	-1.0	-1.0	-1.0	-1.0	-1.0	-1.0	0.0	marker	opened-hand	Open	15	0418
-66748.14	-53482.229999999996	-102919.95	-17802.45	0.0	0.0	0.0	0.0	0.0	0.0	0.0	0.0	0.0	0.0	0.0	0.0	0.0	0.0	146.0	0.0	0.049499385	-0.10168431	1.016293785	3.2809	0.13734	0.19838	3212074.0	1776544814.055646	0.0	1.0	-1.0	-1.0	-1.0	-1.0	-1.0	-1.0	-1.0	-1.0	0.0	marker	opened-hand	Open	15	0418
-66907.70999999999	-53497.17	-103056.705	-17927.774999999998	0.0	0.0	0.0	0.0	0.0	0.0	0.0	0.0	0.0	0.0	0.0	0.0	0.0	0.0	146.0	0.0	0.049499385	-0.10168431	1.016293785	3.2809	0.13734	0.19838	3212075.0	1776544814.05566	0.0	1.0	-1.0	-1.0	-1.0	-1.0	-1.0	-1.0	-1.0	-1.0	0.0	marker	opened-hand	Open	15	0418
-66728.565	-53482.814999999995	-102955.40999999999	-17818.559999999998	0.0	0.0	0.0	0.0	0.0	0.0	0.0	0.0	0.0	0.0	0.0	0.0	0.0	0.0	146.0	0.0	0.049499385	-0.10168431	1.016293785	3.2809	0.13734	0.19838	3212076.0	1776544814.055667	0.0	1.0	-1.0	-1.0	-1.0	-1.0	-1.0	-1.0	-1.0	-1.0	0.0	marker	opened-hand	Open	15	0418
-66556.08	-53461.755	-102821.94	-17674.47	0.0	0.0	0.0	0.0	0.0	0.0	0.0	0.0	0.0	0.0	0.0	0.0	0.0	0.0	146.0	0.0	0.05139147	-0.10662814500000001	1.01147202	3.2351199999999998	0.39676	-0.18312	3212077.0	1776544814.05956	0.0	1.0	-1.0	-1.0	-1.0	-1.0	-1.0	-1.0	-1.0	-1.0	0.0	marker	opened-hand	Open	15	0418
-66807.98999999999	-53468.46	-103036.815	-17914.635	0.0	0.0	0.0	0.0	0.0	0.0	0.0	0.0	0.0	0.0	0.0	0.0	0.0	0.0	146.0	0.0	0.05139147	-0.10662814500000001	1.01147202	3.2351199999999998	0.39676	-0.18312	3212078.0	1776544814.059573	0.0	1.0	-1.0	-1.0	-1.0	-1.0	-1.0	-1.0	-1.0	-1.0	0.0	marker	opened-hand	Open	15	0418
-66906.9	-53468.415	-103084.065	-17973.405	0.0	0.0	0.0	0.0	0.0	0.0	0.0	0.0	0.0	0.0	0.0	0.0	0.0	0.0	146.0	0.0	0.05139147	-0.10662814500000001	1.01147202	3.2351199999999998	0.39676	-0.18312	3212079.0	1776544814.065167	0.0	1.0	-1.0	-1.0	-1.0	-1.0	-1.0	-1.0	-1.0	-1.0	0.0	marker	opened-hand	Open	15	0418
-66831.93	-53467.695	-103033.215	-17915.265	0.0	0.0	0.0	0.0	0.0	0.0	0.0	0.0	0.0	0.0	0.0	0.0	0.0	0.0	146.0	0.0	0.05139147	-0.10662814500000001	1.01147202	3.2351199999999998	0.39676	-0.18312	3212080.0	1776544814.065186	0.0	1.0	-1.0	-1.0	-1.0	-1.0	-1.0	-1.0	-1.0	-1.0	0.0	marker	opened-hand	Open	15	0418
-66835.34999999999	-53472.78	-103065.56999999999	-17957.295	0.0	0.0	0.0	0.0	0.0	0.0	0.0	0.0	0.0	0.0	0.0	0.0	0.0	0.0	146.0	0.0	0.05139147	-0.10662814500000001	1.01147202	3.2351199999999998	0.39676	-0.18312	3212081.0	1776544814.06771	0.0	1.0	-1.0	-1.0	-1.0	-1.0	-1.0	-1.0	-1.0	-1.0	0.0	marker	opened-hand	Open	15	0418
-66867.165	-53474.759999999995	-103080.735	-17955.315	0.0	0.0	0.0	0.0	0.0	0.0	0.0	0.0	0.0	0.0	0.0	0.0	0.0	0.0	146.0	0.0	0.05139147	-0.10662814500000001	1.01147202	3.2351199999999998	0.39676	-0.18312	3212082.0	1776544814.067725	0.0	1.0	-1.0	-1.0	-1.0	-1.0	-1.0	-1.0	-1.0	-1.0	0.0	marker	opened-hand	Open	15	0418
-66855.59999999999	-53468.64	-103078.665	-17951.219999999998	0.0	0.0	0.0	0.0	0.0	0.0	0.0	0.0	0.0	0.0	0.0	0.0	0.0	0.0	146.0	0.0	0.05139147	-0.10662814500000001	1.01147202	3.2351199999999998	0.39676	-0.18312	3212083.0	1776544814.071684	0.0	1.0	-1.0	-1.0	-1.0	-1.0	-1.0	-1.0	-1.0	-1.0	0.0	marker	opened-hand	Open	15	0418
-66761.64	-53449.38	-103020.03	-17916.075	0.0	0.0	0.0	0.0	0.0	0.0	0.0	0.0	0.0	0.0	0.0	0.0	0.0	0.0	146.0	0.0	0.05139147	-0.10662814500000001	1.01147202	3.2351199999999998	0.39676	-0.18312	3212084.0	1776544814.071714	0.0	1.0	-1.0	-1.0	-1.0	-1.0	-1.0	-1.0	-1.0	-1.0	0.0	marker	opened-hand	Open	15	0418
-66722.22	-53436.689999999995	-102979.305	-17861.895	0.0	0.0	0.0	0.0	0.0	0.0	0.0	0.0	0.0	0.0	0.0	0.0	0.0	0.0	146.0	0.0	0.05139147	-0.10662814500000001	1.01147202	3.2351199999999998	0.39676	-0.18312	3212085.0	1776544814.075603	0.0	1.0	-1.0	-1.0	-1.0	-1.0	-1.0	-1.0	-1.0	-1.0	0.0	marker	opened-hand	Open	15	0418
-66671.955	-53430.57	-102917.06999999999	-17805.329999999998	0.0	0.0	0.0	0.0	0.0	0.0	0.0	0.0	0.0	0.0	0.0	0.0	0.0	0.0	146.0	0.0	0.05139147	-0.10662814500000001	1.01147202	3.2351199999999998	0.39676	-0.18312	3212086.0	1776544814.075611	0.0	1.0	-1.0	-1.0	-1.0	-1.0	-1.0	-1.0	-1.0	-1.0	0.0	marker	opened-hand	Open	15	0418
-66714.705	-53438.985	-102928.14	-17805.015	0.0	0.0	0.0	0.0	0.0	0.0	0.0	0.0	0.0	0.0	0.0	0.0	0.0	0.0	146.0	0.0	0.04956042	-0.10845919500000001	1.00988511	2.50264	0.33571999999999996	-0.44254	3212087.0	1776544814.079641	0.0	1.0	-1.0	-1.0	-1.0	-1.0	-1.0	-1.0	-1.0	-1.0	0.0	marker	opened-hand	Open	15	0418
-66751.515	-53450.505	-102957.39	-17825.625	0.0	0.0	0.0	0.0	0.0	0.0	0.0	0.0	0.0	0.0	0.0	0.0	0.0	0.0	146.0	0.0	0.04956042	-0.10845919500000001	1.00988511	2.50264	0.33571999999999996	-0.44254	3212088.0	1776544814.079648	0.0	1.0	-1.0	-1.0	-1.0	-1.0	-1.0	-1.0	-1.0	-1.0	0.0	marker	opened-hand	Open	15	0418
-66701.06999999999	-53469.405	-102901.275	-17772.66	0.0	0.0	0.0	0.0	0.0	0.0	0.0	0.0	0.0	0.0	0.0	0.0	0.0	0.0	146.0	0.0	0.04956042	-0.10845919500000001	1.00988511	2.50264	0.33571999999999996	-0.44254	3212089.0	1776544814.083677	0.0	1.0	-1.0	-1.0	-1.0	-1.0	-1.0	-1.0	-1.0	-1.0	0.0	marker	opened-hand	Open	15	0418
-66684.015	-53477.64	-102925.17	-17797.05	0.0	0.0	0.0	0.0	0.0	0.0	0.0	0.0	0.0	0.0	0.0	0.0	0.0	0.0	146.0	0.0	0.04956042	-0.10845919500000001	1.00988511	2.50264	0.33571999999999996	-0.44254	3212090.0	1776544814.083683	0.0	1.0	-1.0	-1.0	-1.0	-1.0	-1.0	-1.0	-1.0	-1.0	0.0	marker	opened-hand	Open	15	0418
-66759.795	-53471.34	-102974.44499999999	-17875.755	0.0	0.0	0.0	0.0	0.0	0.0	0.0	0.0	0.0	0.0	0.0	0.0	0.0	0.0	146.0	0.0	0.04956042	-0.10845919500000001	1.00988511	2.50264	0.33571999999999996	-0.44254	3212091.0	1776544814.088695	0.0	1.0	-1.0	-1.0	-1.0	-1.0	-1.0	-1.0	-1.0	-1.0	0.0	marker	opened-hand	Open	15	0418
-66828.78	-53455.905	-102993.705	-17884.665	0.0	0.0	0.0	0.0	0.0	0.0	0.0	0.0	0.0	0.0	0.0	0.0	0.0	0.0	146.0	0.0	0.04956042	-0.10845919500000001	1.00988511	2.50264	0.33571999999999996	-0.44254	3212092.0	1776544814.088701	0.0	1.0	-1.0	-1.0	-1.0	-1.0	-1.0	-1.0	-1.0	-1.0	0.0	marker	opened-hand	Open	15	0418
-66735.18	-53437.14	-102964.095	-17878.005	0.0	0.0	0.0	0.0	0.0	0.0	0.0	0.0	0.0	0.0	0.0	0.0	0.0	0.0	146.0	0.0	0.04956042	-0.10845919500000001	1.00988511	2.50264	0.33571999999999996	-0.44254	3212093.0	1776544814.091628	0.0	1.0	-1.0	-1.0	-1.0	-1.0	-1.0	-1.0	-1.0	-1.0	0.0	marker	opened-hand	Open	15	0418
-66772.215	-53425.034999999996	-102995.775	-17905.14	0.0	0.0	0.0	0.0	0.0	0.0	0.0	0.0	0.0	0.0	0.0	0.0	0.0	0.0	146.0	0.0	0.04956042	-0.10845919500000001	1.00988511	2.50264	0.33571999999999996	-0.44254	3212094.0	1776544814.091634	0.0	1.0	-1.0	-1.0	-1.0	-1.0	-1.0	-1.0	-1.0	-1.0	0.0	marker	opened-hand	Open	15	0418
-66828.915	-53418.42	-103065.56999999999	-17936.594999999998	0.0	0.0	0.0	0.0	0.0	0.0	0.0	0.0	0.0	0.0	0.0	0.0	0.0	0.0	146.0	0.0	0.04956042	-0.10845919500000001	1.00988511	2.50264	0.33571999999999996	-0.44254	3212095.0	1776544814.095624	0.0	1.0	-1.0	-1.0	-1.0	-1.0	-1.0	-1.0	-1.0	-1.0	0.0	marker	opened-hand	Open	15	0418
-66855.06	-53413.74	-103125.87	-17990.055	0.0	0.0	0.0	0.0	0.0	0.0	0.0	0.0	0.0	0.0	0.0	0.0	0.0	0.0	146.0	0.0	0.04956042	-0.10845919500000001	1.00988511	2.50264	0.33571999999999996	-0.44254	3212096.0	1776544814.09563	0.0	1.0	-1.0	-1.0	-1.0	-1.0	-1.0	-1.0	-1.0	-1.0	0.0	marker	opened-hand	Open	15	0418
-66812.265	-53403.975	-103024.03499999999	-17904.105	0.0	0.0	0.0	0.0	0.0	0.0	0.0	0.0	0.0	0.0	0.0	0.0	0.0	0.0	146.0	0.0	0.04541004	-0.104186745	1.009702005	3.0977799999999998	0.8392999999999999	-0.19838	3212097.0	1776544814.099727	0.0	1.0	-1.0	-1.0	-1.0	-1.0	-1.0	-1.0	-1.0	-1.0	0.0	marker	opened-hand	Open	15	0418
-66641.67	-53391.42	-102852.045	-17740.575	0.0	0.0	0.0	0.0	0.0	0.0	0.0	0.0	0.0	0.0	0.0	0.0	0.0	0.0	146.0	0.0	0.04541004	-0.104186745	1.009702005	3.0977799999999998	0.8392999999999999	-0.19838	3212098.0	1776544814.099736	0.0	1.0	-1.0	-1.0	-1.0	-1.0	-1.0	-1.0	-1.0	-1.0	0.0	marker	opened-hand	Open	15	0418
-66600.94499999999	-53397.494999999995	-102830.67	-17711.055	0.0	0.0	0.0	0.0	0.0	0.0	0.0	0.0	0.0	0.0	0.0	0.0	0.0	0.0	146.0	0.0	0.04541004	-0.104186745	1.009702005	3.0977799999999998	0.8392999999999999	-0.19838	3212099.0	1776544814.106248	0.0	1.0	-1.0	-1.0	-1.0	-1.0	-1.0	-1.0	-1.0	-1.0	0.0	marker	opened-hand	Open	15	0418
-66768.12	-53409.555	-102972.555	-17847.0	0.0	0.0	0.0	0.0	0.0	0.0	0.0	0.0	0.0	0.0	0.0	0.0	0.0	0.0	146.0	0.0	0.04541004	-0.104186745	1.009702005	3.0977799999999998	0.8392999999999999	-0.19838	3212100.0	1776544814.106253	0.0	1.0	-1.0	-1.0	-1.0	-1.0	-1.0	-1.0	-1.0	-1.0	0.0	marker	opened-hand	Open	15	0418
-66871.755	-53409.104999999996	-103053.78	-17913.735	0.0	0.0	0.0	0.0	0.0	0.0	0.0	0.0	0.0	0.0	0.0	0.0	0.0	0.0	146.0	0.0	0.04541004	-0.104186745	1.009702005	3.0977799999999998	0.8392999999999999	-0.19838	3212101.0	1776544814.109101	0.0	1.0	-1.0	-1.0	-1.0	-1.0	-1.0	-1.0	-1.0	-1.0	0.0	marker	opened-hand	Open	15	0418
-66886.155	-53400.869999999995	-103070.61	-17964.405	0.0	0.0	0.0	0.0	0.0	0.0	0.0	0.0	0.0	0.0	0.0	0.0	0.0	0.0	146.0	0.0	0.04541004	-0.104186745	1.009702005	3.0977799999999998	0.8392999999999999	-0.19838	3212102.0	1776544814.109108	0.0	1.0	-1.0	-1.0	-1.0	-1.0	-1.0	-1.0	-1.0	-1.0	0.0	marker	opened-hand	Open	15	0418
-66846.19499999999	-53385.975	-103099.40999999999	-18026.684999999998	0.0	0.0	0.0	0.0	0.0	0.0	0.0	0.0	0.0	0.0	0.0	0.0	0.0	0.0	146.0	0.0	0.04541004	-0.104186745	1.009702005	3.0977799999999998	0.8392999999999999	-0.19838	3212103.0	1776544814.112205	0.0	1.0	-1.0	-1.0	-1.0	-1.0	-1.0	-1.0	-1.0	-1.0	0.0	marker	opened-hand	Open	15	0418
-66804.12	-53395.965	-103046.84999999999	-17957.7	0.0	0.0	0.0	0.0	0.0	0.0	0.0	0.0	0.0	0.0	0.0	0.0	0.0	0.0	146.0	0.0	0.04541004	-0.104186745	1.009702005	3.0977799999999998	0.8392999999999999	-0.19838	3212104.0	1776544814.112211	0.0	1.0	-1.0	-1.0	-1.0	-1.0	-1.0	-1.0	-1.0	-1.0	0.0	marker	opened-hand	Open	15	0418
-66621.87	-53411.445	-102875.715	-17783.055	0.0	0.0	0.0	0.0	0.0	0.0	0.0	0.0	0.0	0.0	0.0	0.0	0.0	0.0	146.0	0.0	0.04541004	-0.104186745	1.009702005	3.0977799999999998	0.8392999999999999	-0.19838	3212105.0	1776544814.118301	0.0	1.0	-1.0	-1.0	-1.0	-1.0	-1.0	-1.0	-1.0	-1.0	0.0	marker	opened-hand	Open	15	0418
-66580.92	-53447.85	-102752.28	-17692.38	0.0	0.0	0.0	0.0	0.0	0.0	0.0	0.0	0.0	0.0	0.0	0.0	0.0	0.0	146.0	0.0	0.04541004	-0.104186745	1.009702005	3.0977799999999998	0.8392999999999999	-0.19838	3212106.0	1776544814.118307	0.0	1.0	-1.0	-1.0	-1.0	-1.0	-1.0	-1.0	-1.0	-1.0	0.0	marker	opened-hand	Open	15	0418
-66898.395	-53498.744999999995	-103038.3	-17877.105	0.0	0.0	0.0	0.0	0.0	0.0	0.0	0.0	0.0	0.0	0.0	0.0	0.0	0.0	146.0	0.0	0.050475945	-0.100280505	1.00878648	3.00622	1.6785999999999999	0.21364	3212107.0	1776544814.119624	0.0	1.0	-1.0	-1.0	-1.0	-1.0	-1.0	-1.0	-1.0	-1.0	0.0	marker	opened-hand	Open	15	0418
-66933.27	-53513.685	-103156.245	-17960.895	0.0	0.0	0.0	0.0	0.0	0.0	0.0	0.0	0.0	0.0	0.0	0.0	0.0	0.0	146.0	0.0	0.050475945	-0.100280505	1.00878648	3.00622	1.6785999999999999	0.21364	3212108.0	1776544814.119628	0.0	1.0	-1.0	-1.0	-1.0	-1.0	-1.0	-1.0	-1.0	-1.0	0.0	marker	opened-hand	Open	15	0418
-66806.28	-53495.28	-103064.265	-17924.219999999998	0.0	0.0	0.0	0.0	0.0	0.0	0.0	0.0	0.0	0.0	0.0	0.0	0.0	0.0	146.0	0.0	0.050475945	-0.100280505	1.00878648	3.00622	1.6785999999999999	0.21364	3212109.0	1776544814.123736	0.0	1.0	-1.0	-1.0	-1.0	-1.0	-1.0	-1.0	-1.0	-1.0	0.0	marker	opened-hand	Open	15	0418
-66756.95999999999	-53482.905	-103009.36499999999	-17883.18	0.0	0.0	0.0	0.0	0.0	0.0	0.0	0.0	0.0	0.0	0.0	0.0	0.0	0.0	146.0	0.0	0.050475945	-0.100280505	1.00878648	3.00622	1.6785999999999999	0.21364	3212110.0	1776544814.12374	0.0	1.0	-1.0	-1.0	-1.0	-1.0	-1.0	-1.0	-1.0	-1.0	0.0	marker	opened-hand	Open	15	0418
-66684.23999999999	-53474.625	-102884.625	-17772.524999999998	0.0	0.0	0.0	0.0	0.0	0.0	0.0	0.0	0.0	0.0	0.0	0.0	0.0	0.0	146.0	0.0	0.050475945	-0.100280505	1.00878648	3.00622	1.6785999999999999	0.21364	3212111.0	1776544814.127738	0.0	1.0	-1.0	-1.0	-1.0	-1.0	-1.0	-1.0	-1.0	-1.0	0.0	marker	opened-hand	Open	15	0418
-66718.17	-53478.99	-102898.935	-17784.18	0.0	0.0	0.0	0.0	0.0	0.0	0.0	0.0	0.0	0.0	0.0	0.0	0.0	0.0	146.0	0.0	0.050475945	-0.100280505	1.00878648	3.00622	1.6785999999999999	0.21364	3212112.0	1776544814.127744	0.0	1.0	-1.0	-1.0	-1.0	-1.0	-1.0	-1.0	-1.0	-1.0	0.0	marker	opened-hand	Open	15	0418
-66624.255	-53478.18	-102741.84	-17653.364999999998	0.0	0.0	0.0	0.0	0.0	0.0	0.0	0.0	0.0	0.0	0.0	0.0	0.0	0.0	146.0	0.0	0.050475945	-0.100280505	1.00878648	3.00622	1.6785999999999999	0.21364	3212113.0	1776544814.131788	0.0	1.0	-1.0	-1.0	-1.0	-1.0	-1.0	-1.0	-1.0	-1.0	0.0	marker	opened-hand	Open	15	0418
-66775.905	-53496.314999999995	-102870.18	-17771.625	0.0	0.0	0.0	0.0	0.0	0.0	0.0	0.0	0.0	0.0	0.0	0.0	0.0	0.0	146.0	0.0	0.050475945	-0.100280505	1.00878648	3.00622	1.6785999999999999	0.21364	3212114.0	1776544814.131792	0.0	1.0	-1.0	-1.0	-1.0	-1.0	-1.0	-1.0	-1.0	-1.0	0.0	marker	opened-hand	Open	15	0418
-66913.92	-53513.055	-103117.72499999999	-17993.61	0.0	0.0	0.0	0.0	0.0	0.0	0.0	0.0	0.0	0.0	0.0	0.0	0.0	0.0	146.0	0.0	0.050475945	-0.100280505	1.00878648	3.00622	1.6785999999999999	0.21364	3212115.0	1776544814.137399	0.0	1.0	-1.0	-1.0	-1.0	-1.0	-1.0	-1.0	-1.0	-1.0	0.0	marker	opened-hand	Open	15	0418
-66881.43	-53511.525	-103164.345	-18033.12	0.0	0.0	0.0	0.0	0.0	0.0	0.0	0.0	0.0	0.0	0.0	0.0	0.0	0.0	146.0	0.0	0.050475945	-0.100280505	1.00878648	3.00622	1.6785999999999999	0.21364	3212116.0	1776544814.137403	0.0	1.0	-1.0	-1.0	-1.0	-1.0	-1.0	-1.0	-1.0	-1.0	0.0	marker	opened-hand	Open	15	0418
-66855.735	-53499.78	-103184.415	-18044.73	0.0	0.0	0.0	0.0	0.0	0.0	0.0	0.0	0.0	0.0	0.0	0.0	0.0	0.0	146.0	0.0	0.049743525000000004	-0.10021947	1.0120823700000001	2.47212	1.4497	0.51884	3212117.0	1776544814.139709	0.0	1.0	-1.0	-1.0	-1.0	-1.0	-1.0	-1.0	-1.0	-1.0	0.0	marker	opened-hand	Open	15	0418
-66789.54	-53480.34	-103117.76999999999	-17989.695	0.0	0.0	0.0	0.0	0.0	0.0	0.0	0.0	0.0	0.0	0.0	0.0	0.0	0.0	146.0	0.0	0.049743525000000004	-0.10021947	1.0120823700000001	2.47212	1.4497	0.51884	3212118.0	1776544814.139713	0.0	1.0	-1.0	-1.0	-1.0	-1.0	-1.0	-1.0	-1.0	-1.0	0.0	marker	opened-hand	Open	15	0418
-66730.905	-53469.72	-103022.86499999999	-17897.085	0.0	0.0	0.0	0.0	0.0	0.0	0.0	0.0	0.0	0.0	0.0	0.0	0.0	0.0	146.0	0.0	0.049743525000000004	-0.10021947	1.0120823700000001	2.47212	1.4497	0.51884	3212119.0	1776544814.143819	0.0	1.0	-1.0	-1.0	-1.0	-1.0	-1.0	-1.0	-1.0	-1.0	0.0	marker	opened-hand	Open	15	0418
-66689.955	-53473.005	-102910.76999999999	-17763.75	0.0	0.0	0.0	0.0	0.0	0.0	0.0	0.0	0.0	0.0	0.0	0.0	0.0	0.0	146.0	0.0	0.049743525000000004	-0.10021947	1.0120823700000001	2.47212	1.4497	0.51884	3212120.0	1776544814.143836	0.0	1.0	-1.0	-1.0	-1.0	-1.0	-1.0	-1.0	-1.0	-1.0	0.0	marker	opened-hand	Open	15	0418
-66704.715	-53488.619999999995	-102839.48999999999	-17697.915	0.0	0.0	0.0	0.0	0.0	0.0	0.0	0.0	0.0	0.0	0.0	0.0	0.0	0.0	146.0	0.0	0.049743525000000004	-0.10021947	1.0120823700000001	2.47212	1.4497	0.51884	3212121.0	1776544814.147931	0.0	1.0	-1.0	-1.0	-1.0	-1.0	-1.0	-1.0	-1.0	-1.0	0.0	marker	opened-hand	Open	15	0418
-66670.33499999999	-53499.555	-102798.94499999999	-17678.25	0.0	0.0	0.0	0.0	0.0	0.0	0.0	0.0	0.0	0.0	0.0	0.0	0.0	0.0	146.0	0.0	0.049743525000000004	-0.10021947	1.0120823700000001	2.47212	1.4497	0.51884	3212122.0	1776544814.14794	0.0	1.0	-1.0	-1.0	-1.0	-1.0	-1.0	-1.0	-1.0	-1.0	0.0	marker	opened-hand	Open	15	0418
-66707.145	-53516.07	-103031.81999999999	-17935.425	0.0	0.0	0.0	0.0	0.0	0.0	0.0	0.0	0.0	0.0	0.0	0.0	0.0	0.0	146.0	0.0	0.049743525000000004	-0.10021947	1.0120823700000001	2.47212	1.4497	0.51884	3212123.0	1776544814.151693	0.0	1.0	-1.0	-1.0	-1.0	-1.0	-1.0	-1.0	-1.0	-1.0	0.0	marker	opened-hand	Open	15	0418
-66777.20999999999	-53523.54	-103131.675	-18012.96	0.0	0.0	0.0	0.0	0.0	0.0	0.0	0.0	0.0	0.0	0.0	0.0	0.0	0.0	146.0	0.0	0.049743525000000004	-0.10021947	1.0120823700000001	2.47212	1.4497	0.51884	3212124.0	1776544814.151697	0.0	1.0	-1.0	-1.0	-1.0	-1.0	-1.0	-1.0	-1.0	-1.0	0.0	marker	opened-hand	Open	15	0418
-66945.42	-53520.119999999995	-103175.73	-18023.76	0.0	0.0	0.0	0.0	0.0	0.0	0.0	0.0	0.0	0.0	0.0	0.0	0.0	0.0	146.0	0.0	0.049743525000000004	-0.10021947	1.0120823700000001	2.47212	1.4497	0.51884	3212125.0	1776544814.155689	0.0	1.0	-1.0	-1.0	-1.0	-1.0	-1.0	-1.0	-1.0	-1.0	0.0	marker	opened-hand	Open	15	0418
-66983.535	-53505.0	-103184.55	-18045.135	0.0	0.0	0.0	0.0	0.0	0.0	0.0	0.0	0.0	0.0	0.0	0.0	0.0	0.0	146.0	0.0	0.049743525000000004	-0.10021947	1.0120823700000001	2.47212	1.4497	0.51884	3212126.0	1776544814.155693	0.0	1.0	-1.0	-1.0	-1.0	-1.0	-1.0	-1.0	-1.0	-1.0	0.0	marker	opened-hand	Open	15	0418
-66840.84	-53495.189999999995	-103083.75	-17967.465	0.0	0.0	0.0	0.0	0.0	0.0	0.0	0.0	0.0	0.0	0.0	0.0	0.0	0.0	146.0	0.0	0.046630740000000004	-0.09948705000000001	1.013486175	2.7468	1.2971	0.21364	3212127.0	1776544814.159777	0.0	1.0	-1.0	-1.0	-1.0	-1.0	-1.0	-1.0	-1.0	-1.0	0.0	marker	opened-hand	Open	15	0418
-66692.88	-53496.854999999996	-102954.23999999999	-17841.105	0.0	0.0	0.0	0.0	0.0	0.0	0.0	0.0	0.0	0.0	0.0	0.0	0.0	0.0	146.0	0.0	0.046630740000000004	-0.09948705000000001	1.013486175	2.7468	1.2971	0.21364	3212128.0	1776544814.159781	0.0	1.0	-1.0	-1.0	-1.0	-1.0	-1.0	-1.0	-1.0	-1.0	0.0	marker	opened-hand	Open	15	0418
-66695.94	-53507.79	-102885.84	-17793.225	0.0	0.0	0.0	0.0	0.0	0.0	0.0	0.0	0.0	0.0	0.0	0.0	0.0	0.0	146.0	0.0	0.046630740000000004	-0.09948705000000001	1.013486175	2.7468	1.2971	0.21364	3212129.0	1776544814.163815	0.0	1.0	-1.0	-1.0	-1.0	-1.0	-1.0	-1.0	-1.0	-1.0	0.0	marker	opened-hand	Open	15	0418
-66797.19	-53525.79	-102971.385	-17883.225	0.0	0.0	0.0	0.0	0.0	0.0	0.0	0.0	0.0	0.0	0.0	0.0	0.0	0.0	146.0	0.0	0.046630740000000004	-0.09948705000000001	1.013486175	2.7468	1.2971	0.21364	3212130.0	1776544814.163824	0.0	1.0	-1.0	-1.0	-1.0	-1.0	-1.0	-1.0	-1.0	-1.0	0.0	marker	opened-hand	Open	15	0418
-66691.755	-53528.13	-102893.805	-17789.04	0.0	0.0	0.0	0.0	0.0	0.0	0.0	0.0	0.0	0.0	0.0	0.0	0.0	0.0	146.0	0.0	0.046630740000000004	-0.09948705000000001	1.013486175	2.7468	1.2971	0.21364	3212131.0	1776544814.167918	0.0	1.0	-1.0	-1.0	-1.0	-1.0	-1.0	-1.0	-1.0	-1.0	0.0	marker	opened-hand	Open	15	0418
-66581.955	-53515.079999999994	-102725.37	-17603.595	0.0	0.0	0.0	0.0	0.0	0.0	0.0	0.0	0.0	0.0	0.0	0.0	0.0	0.0	146.0	0.0	0.046630740000000004	-0.09948705000000001	1.013486175	2.7468	1.2971	0.21364	3212132.0	1776544814.167926	0.0	1.0	-1.0	-1.0	-1.0	-1.0	-1.0	-1.0	-1.0	-1.0	0.0	marker	opened-hand	Open	15	0418
-66682.34999999999	-53520.39	-102760.69499999999	-17628.39	0.0	0.0	0.0	0.0	0.0	0.0	0.0	0.0	0.0	0.0	0.0	0.0	0.0	0.0	146.0	0.0	0.046630740000000004	-0.09948705000000001	1.013486175	2.7468	1.2971	0.21364	3212133.0	1776544814.171913	0.0	1.0	-1.0	-1.0	-1.0	-1.0	-1.0	-1.0	-1.0	-1.0	0.0	marker	opened-hand	Open	15	0418
-66812.67	-53534.79	-103030.83	-17901.945	0.0	0.0	0.0	0.0	0.0	0.0	0.0	0.0	0.0	0.0	0.0	0.0	0.0	0.0	146.0	0.0	0.046630740000000004	-0.09948705000000001	1.013486175	2.7468	1.2971	0.21364	3212134.0	1776544814.171933	0.0	1.0	-1.0	-1.0	-1.0	-1.0	-1.0	-1.0	-1.0	-1.0	0.0	marker	opened-hand	Open	15	0418
-66973.905	-53544.96	-103260.51	-18147.69	0.0	0.0	0.0	0.0	0.0	0.0	0.0	0.0	0.0	0.0	0.0	0.0	0.0	0.0	146.0	0.0	0.046630740000000004	-0.09948705000000001	1.013486175	2.7468	1.2971	0.21364	3212135.0	1776544814.175955	0.0	1.0	-1.0	-1.0	-1.0	-1.0	-1.0	-1.0	-1.0	-1.0	0.0	marker	opened-hand	Open	15	0418
-66934.44	-53539.965	-103172.84999999999	-18055.395	0.0	0.0	0.0	0.0	0.0	0.0	0.0	0.0	0.0	0.0	0.0	0.0	0.0	0.0	146.0	0.0	0.046630740000000004	-0.09948705000000001	1.013486175	2.7468	1.2971	0.21364	3212136.0	1776544814.17597	0.0	1.0	-1.0	-1.0	-1.0	-1.0	-1.0	-1.0	-1.0	-1.0	0.0	marker	opened-hand	Open	15	0418
-66886.605	-53533.305	-103089.735	-17963.505	0.0	0.0	0.0	0.0	0.0	0.0	0.0	0.0	0.0	0.0	0.0	0.0	0.0	0.0	146.0	0.0	0.048828	-0.100646715	1.016904135	2.19744	0.79352	0.57988	3212137.0	1776544814.180113	0.0	1.0	-1.0	-1.0	-1.0	-1.0	-1.0	-1.0	-1.0	-1.0	0.0	marker	opened-hand	Open	15	0418
-66825.855	-53536.454999999994	-103080.105	-17952.255	0.0	0.0	0.0	0.0	0.0	0.0	0.0	0.0	0.0	0.0	0.0	0.0	0.0	0.0	146.0	0.0	0.048828	-0.100646715	1.016904135	2.19744	0.79352	0.57988	3212138.0	1776544814.180129	0.0	1.0	-1.0	-1.0	-1.0	-1.0	-1.0	-1.0	-1.0	-1.0	0.0	marker	opened-hand	Open	15	0418
-66852.9	-53548.064999999995	-103081.05	-17941.545	0.0	0.0	0.0	0.0	0.0	0.0	0.0	0.0	0.0	0.0	0.0	0.0	0.0	0.0	146.0	0.0	0.048828	-0.100646715	1.016904135	2.19744	0.79352	0.57988	3212139.0	1776544814.183966	0.0	1.0	-1.0	-1.0	-1.0	-1.0	-1.0	-1.0	-1.0	-1.0	0.0	marker	opened-hand	Open	15	0418
-66792.915	-53545.454999999994	-103013.775	-17889.75	0.0	0.0	0.0	0.0	0.0	0.0	0.0	0.0	0.0	0.0	0.0	0.0	0.0	0.0	146.0	0.0	0.048828	-0.100646715	1.016904135	2.19744	0.79352	0.57988	3212140.0	1776544814.183981	0.0	1.0	-1.0	-1.0	-1.0	-1.0	-1.0	-1.0	-1.0	-1.0	0.0	marker	opened-hand	Open	15	0418
-66681.27	-53532.54	-102863.83499999999	-17769.915	0.0	0.0	0.0	0.0	0.0	0.0	0.0	0.0	0.0	0.0	0.0	0.0	0.0	0.0	146.0	0.0	0.048828	-0.100646715	1.016904135	2.19744	0.79352	0.57988	3212141.0	1776544814.187972	0.0	1.0	-1.0	-1.0	-1.0	-1.0	-1.0	-1.0	-1.0	-1.0	0.0	marker	opened-hand	Open	15	0418
-66727.665	-53528.759999999995	-102932.955	-17835.255	0.0	0.0	0.0	0.0	0.0	0.0	0.0	0.0	0.0	0.0	0.0	0.0	0.0	0.0	146.0	0.0	0.048828	-0.100646715	1.016904135	2.19744	0.79352	0.57988	3212142.0	1776544814.187996	0.0	1.0	-1.0	-1.0	-1.0	-1.0	-1.0	-1.0	-1.0	-1.0	0.0	marker	opened-hand	Open	15	0418
-66783.555	-53524.575	-103037.44499999999	-17923.05	0.0	0.0	0.0	0.0	0.0	0.0	0.0	0.0	0.0	0.0	0.0	0.0	0.0	0.0	146.0	0.0	0.048828	-0.100646715	1.016904135	2.19744	0.79352	0.57988	3212143.0	1776544814.192055	0.0	1.0	-1.0	-1.0	-1.0	-1.0	-1.0	-1.0	-1.0	-1.0	0.0	marker	opened-hand	Open	15	0418
-66835.17	-53518.68	-103031.81999999999	-17886.105	0.0	0.0	0.0	0.0	0.0	0.0	0.0	0.0	0.0	0.0	0.0	0.0	0.0	0.0	146.0	0.0	0.048828	-0.100646715	1.016904135	2.19744	0.79352	0.57988	3212144.0	1776544814.19207	0.0	1.0	-1.0	-1.0	-1.0	-1.0	-1.0	-1.0	-1.0	-1.0	0.0	marker	opened-hand	Open	15	0418
-66780.855	-53512.965	-102943.17	-17844.165	0.0	0.0	0.0	0.0	0.0	0.0	0.0	0.0	0.0	0.0	0.0	0.0	0.0	0.0	146.0	0.0	0.048828	-0.100646715	1.016904135	2.19744	0.79352	0.57988	3212145.0	1776544814.196029	0.0	1.0	-1.0	-1.0	-1.0	-1.0	-1.0	-1.0	-1.0	-1.0	0.0	marker	opened-hand	Open	15	0418
-66651.48	-53512.829999999994	-102752.595	-17720.594999999998	0.0	0.0	0.0	0.0	0.0	0.0	0.0	0.0	0.0	0.0	0.0	0.0	0.0	0.0	146.0	0.0	0.048828	-0.100646715	1.016904135	2.19744	0.79352	0.57988	3212146.0	1776544814.196044	0.0	1.0	-1.0	-1.0	-1.0	-1.0	-1.0	-1.0	-1.0	-1.0	0.0	marker	opened-hand	Open	15	0418
-66578.265	-53517.689999999995	-102753.94499999999	-17677.89	0.0	0.0	0.0	0.0	0.0	0.0	0.0	0.0	0.0	0.0	0.0	0.0	0.0	0.0	146.0	0.0	0.04467762	-0.101623275	1.02013899	2.5942	-0.13734	-0.10682	3212147.0	1776544814.200295	0.0	1.0	-1.0	-1.0	-1.0	-1.0	-1.0	-1.0	-1.0	-1.0	0.0	marker	opened-hand	Open	15	0418
-66627.94499999999	-53525.115	-103008.105	-17838.18	0.0	0.0	0.0	0.0	0.0	0.0	0.0	0.0	0.0	0.0	0.0	0.0	0.0	0.0	146.0	0.0	0.04467762	-0.101623275	1.02013899	2.5942	-0.13734	-0.10682	3212148.0	1776544814.200311	0.0	1.0	-1.0	-1.0	-1.0	-1.0	-1.0	-1.0	-1.0	-1.0	0.0	marker	opened-hand	Open	15	0418
-66775.59	-53537.49	-103151.79	-17976.42	0.0	0.0	0.0	0.0	0.0	0.0	0.0	0.0	0.0	0.0	0.0	0.0	0.0	0.0	146.0	0.0	0.04467762	-0.101623275	1.02013899	2.5942	-0.13734	-0.10682	3212149.0	1776544814.204013	0.0	1.0	-1.0	-1.0	-1.0	-1.0	-1.0	-1.0	-1.0	-1.0	0.0	marker	opened-hand	Open	15	0418
-66795.20999999999	-53536.14	-103030.78499999999	-17907.795	0.0	0.0	0.0	0.0	0.0	0.0	0.0	0.0	0.0	0.0	0.0	0.0	0.0	0.0	146.0	0.0	0.04467762	-0.101623275	1.02013899	2.5942	-0.13734	-0.10682	3212150.0	1776544814.204028	0.0	1.0	-1.0	-1.0	-1.0	-1.0	-1.0	-1.0	-1.0	-1.0	0.0	marker	opened-hand	Open	15	0418
-66726.98999999999	-53532.314999999995	-102952.75499999999	-17826.03	0.0	0.0	0.0	0.0	0.0	0.0	0.0	0.0	0.0	0.0	0.0	0.0	0.0	0.0	146.0	0.0	0.04467762	-0.101623275	1.02013899	2.5942	-0.13734	-0.10682	3212151.0	1776544814.208748	0.0	1.0	-1.0	-1.0	-1.0	-1.0	-1.0	-1.0	-1.0	-1.0	0.0	marker	opened-hand	Open	15	0418
-66687.12	-53532.18	-102986.19	-17840.79	0.0	0.0	0.0	0.0	0.0	0.0	0.0	0.0	0.0	0.0	0.0	0.0	0.0	0.0	146.0	0.0	0.04467762	-0.101623275	1.02013899	2.5942	-0.13734	-0.10682	3212152.0	1776544814.208763	0.0	1.0	-1.0	-1.0	-1.0	-1.0	-1.0	-1.0	-1.0	-1.0	0.0	marker	opened-hand	Open	15	0418
-66610.935	-53523.18	-102854.51999999999	-17741.79	0.0	0.0	0.0	0.0	0.0	0.0	0.0	0.0	0.0	0.0	0.0	0.0	0.0	0.0	146.0	0.0	0.04467762	-0.101623275	1.02013899	2.5942	-0.13734	-0.10682	3212153.0	1776544814.214716	0.0	1.0	-1.0	-1.0	-1.0	-1.0	-1.0	-1.0	-1.0	-1.0	0.0	marker	opened-hand	Open	15	0418
-66670.785	-53518.994999999995	-102777.48	-17667.495	0.0	0.0	0.0	0.0	0.0	0.0	0.0	0.0	0.0	0.0	0.0	0.0	0.0	0.0	146.0	0.0	0.04467762	-0.101623275	1.02013899	2.5942	-0.13734	-0.10682	3212154.0	1776544814.214731	0.0	1.0	-1.0	-1.0	-1.0	-1.0	-1.0	-1.0	-1.0	-1.0	0.0	marker	opened-hand	Open	15	0418
-66880.08	-53541.99	-103040.50499999999	-17908.38	0.0	0.0	0.0	0.0	0.0	0.0	0.0	0.0	0.0	0.0	0.0	0.0	0.0	0.0	146.0	0.0	0.04467762	-0.101623275	1.02013899	2.5942	-0.13734	-0.10682	3212155.0	1776544814.217572	0.0	1.0	-1.0	-1.0	-1.0	-1.0	-1.0	-1.0	-1.0	-1.0	0.0	marker	opened-hand	Open	15	0418
-66907.53	-53562.015	-103124.295	-18045.989999999998	0.0	0.0	0.0	0.0	0.0	0.0	0.0	0.0	0.0	0.0	0.0	0.0	0.0	0.0	146.0	0.0	0.04467762	-0.101623275	1.02013899	2.5942	-0.13734	-0.10682	3212156.0	1776544814.217587	0.0	1.0	-1.0	-1.0	-1.0	-1.0	-1.0	-1.0	-1.0	-1.0	0.0	marker	opened-hand	Open	15	0418
-66803.67	-53557.2	-102909.015	-17914.14	0.0	0.0	0.0	0.0	0.0	0.0	0.0	0.0	0.0	0.0	0.0	0.0	0.0	0.0	146.0	0.0	0.04382313	-0.10058568	1.02099348	2.92992	-0.6409199999999999	0.44254	3212157.0	1776544814.22056	0.0	1.0	-1.0	-1.0	-1.0	-1.0	-1.0	-1.0	-1.0	-1.0	0.0	marker	opened-hand	Open	15	0418
-66646.755	-53551.215	-102730.635	-17693.19	0.0	0.0	0.0	0.0	0.0	0.0	0.0	0.0	0.0	0.0	0.0	0.0	0.0	0.0	146.0	0.0	0.04382313	-0.10058568	1.02099348	2.92992	-0.6409199999999999	0.44254	3212158.0	1776544814.220575	0.0	1.0	-1.0	-1.0	-1.0	-1.0	-1.0	-1.0	-1.0	-1.0	0.0	marker	opened-hand	Open	15	0418
-66577.77	-53536.725	-102786.48	-17586.09	0.0	0.0	0.0	0.0	0.0	0.0	0.0	0.0	0.0	0.0	0.0	0.0	0.0	0.0	146.0	0.0	0.04382313	-0.10058568	1.02099348	2.92992	-0.6409199999999999	0.44254	3212159.0	1776544814.225302	0.0	1.0	-1.0	-1.0	-1.0	-1.0	-1.0	-1.0	-1.0	-1.0	0.0	marker	opened-hand	Open	15	0418
-66811.68	-53527.77	-103057.69499999999	-17848.665	0.0	0.0	0.0	0.0	0.0	0.0	0.0	0.0	0.0	0.0	0.0	0.0	0.0	0.0	146.0	0.0	0.04382313	-0.10058568	1.02099348	2.92992	-0.6409199999999999	0.44254	3212160.0	1776544814.225317	0.0	1.0	-1.0	-1.0	-1.0	-1.0	-1.0	-1.0	-1.0	-1.0	0.0	marker	opened-hand	Open	15	0418
-66919.455	-53523.045	-103227.39	-18097.11	0.0	0.0	0.0	0.0	0.0	0.0	0.0	0.0	0.0	0.0	0.0	0.0	0.0	0.0	146.0	0.0	0.04382313	-0.10058568	1.02099348	2.92992	-0.6409199999999999	0.44254	3212161.0	1776544814.23434	0.0	1.0	-1.0	-1.0	-1.0	-1.0	-1.0	-1.0	-1.0	-1.0	0.0	marker	opened-hand	Open	15	0418
-66788.595	-53499.195	-103072.455	-17980.515	0.0	0.0	0.0	0.0	0.0	0.0	0.0	0.0	0.0	0.0	0.0	0.0	0.0	0.0	146.0	0.0	0.04382313	-0.10058568	1.02099348	2.92992	-0.6409199999999999	0.44254	3212162.0	1776544814.234355	0.0	1.0	-1.0	-1.0	-1.0	-1.0	-1.0	-1.0	-1.0	-1.0	0.0	marker	opened-hand	Open	15	0418
-66805.69499999999	-53486.28	-103037.12999999999	-17936.055	0.0	0.0	0.0	0.0	0.0	0.0	0.0	0.0	0.0	0.0	0.0	0.0	0.0	0.0	146.0	0.0	0.04382313	-0.10058568	1.02099348	2.92992	-0.6409199999999999	0.44254	3212163.0	1776544814.234374	0.0	1.0	-1.0	-1.0	-1.0	-1.0	-1.0	-1.0	-1.0	-1.0	0.0	marker	opened-hand	Open	15	0418
-66751.47	-53471.25	-102986.81999999999	-17862.614999999998	0.0	0.0	0.0	0.0	0.0	0.0	0.0	0.0	0.0	0.0	0.0	0.0	0.0	0.0	146.0	0.0	0.04382313	-0.10058568	1.02099348	2.92992	-0.6409199999999999	0.44254	3212164.0	1776544814.23438	0.0	1.0	-1.0	-1.0	-1.0	-1.0	-1.0	-1.0	-1.0	-1.0	0.0	marker	opened-hand	Open	15	0418
-66716.055	-53467.11	-102894.165	-17797.905	0.0	0.0	0.0	0.0	0.0	0.0	0.0	0.0	0.0	0.0	0.0	0.0	0.0	0.0	146.0	0.0	0.04382313	-0.10058568	1.02099348	2.92992	-0.6409199999999999	0.44254	3212165.0	1776544814.236061	0.0	1.0	-1.0	-1.0	-1.0	-1.0	-1.0	-1.0	-1.0	-1.0	0.0	marker	opened-hand	Open	15	0418
-66914.73	-53470.485	-103007.745	-17917.649999999998	0.0	0.0	0.0	0.0	0.0	0.0	0.0	0.0	0.0	0.0	0.0	0.0	0.0	0.0	146.0	0.0	0.04382313	-0.10058568	1.02099348	2.92992	-0.6409199999999999	0.44254	3212166.0	1776544814.236076	0.0	1.0	-1.0	-1.0	-1.0	-1.0	-1.0	-1.0	-1.0	-1.0	0.0	marker	opened-hand	Open	15	0418
-66943.755	-53454.869999999995	-103070.06999999999	-17935.92	0.0	0.0	0.0	0.0	0.0	0.0	0.0	0.0	0.0	0.0	0.0	0.0	0.0	0.0	146.0	0.0	0.04833972	-0.107238495	1.01647689	4.48644	-0.16785999999999998	0.7019599999999999	3212167.0	1776544814.242681	0.0	1.0	-1.0	-1.0	-1.0	-1.0	-1.0	-1.0	-1.0	-1.0	0.0	marker	opened-hand	Open	15	0418
-66884.76	-53439.165	-103141.665	-17928.855	0.0	0.0	0.0	0.0	0.0	0.0	0.0	0.0	0.0	0.0	0.0	0.0	0.0	0.0	146.0	0.0	0.04833972	-0.107238495	1.01647689	4.48644	-0.16785999999999998	0.7019599999999999	3212168.0	1776544814.242696	0.0	1.0	-1.0	-1.0	-1.0	-1.0	-1.0	-1.0	-1.0	-1.0	0.0	marker	opened-hand	Open	15	0418
-66847.59	-53438.354999999996	-103141.39499999999	-17954.864999999998	0.0	0.0	0.0	0.0	0.0	0.0	0.0	0.0	0.0	0.0	0.0	0.0	0.0	0.0	146.0	0.0	0.04833972	-0.107238495	1.01647689	4.48644	-0.16785999999999998	0.7019599999999999	3212169.0	1776544814.244139	0.0	1.0	-1.0	-1.0	-1.0	-1.0	-1.0	-1.0	-1.0	-1.0	0.0	marker	opened-hand	Open	15	0418
-66547.035	-53418.869999999995	-102817.575	-17727.39	0.0	0.0	0.0	0.0	0.0	0.0	0.0	0.0	0.0	0.0	0.0	0.0	0.0	0.0	146.0	0.0	0.04833972	-0.107238495	1.01647689	4.48644	-0.16785999999999998	0.7019599999999999	3212170.0	1776544814.244154	0.0	1.0	-1.0	-1.0	-1.0	-1.0	-1.0	-1.0	-1.0	-1.0	0.0	marker	opened-hand	Open	15	0418
-66616.965	-53433.99	-102833.37	-17753.715	0.0	0.0	0.0	0.0	0.0	0.0	0.0	0.0	0.0	0.0	0.0	0.0	0.0	0.0	146.0	0.0	0.04833972	-0.107238495	1.01647689	4.48644	-0.16785999999999998	0.7019599999999999	3212171.0	1776544814.24808	0.0	1.0	-1.0	-1.0	-1.0	-1.0	-1.0	-1.0	-1.0	-1.0	0.0	marker	opened-hand	Open	15	0418
-66918.645	-53462.655	-103154.94	-18014.085	0.0	0.0	0.0	0.0	0.0	0.0	0.0	0.0	0.0	0.0	0.0	0.0	0.0	0.0	146.0	0.0	0.04833972	-0.107238495	1.01647689	4.48644	-0.16785999999999998	0.7019599999999999	3212172.0	1776544814.248095	0.0	1.0	-1.0	-1.0	-1.0	-1.0	-1.0	-1.0	-1.0	-1.0	0.0	marker	opened-hand	Open	15	0418
-66976.425	-53476.02	-103212.765	-18090.09	0.0	0.0	0.0	0.0	0.0	0.0	0.0	0.0	0.0	0.0	0.0	0.0	0.0	0.0	146.0	0.0	0.04833972	-0.107238495	1.01647689	4.48644	-0.16785999999999998	0.7019599999999999	3212173.0	1776544814.252146	0.0	1.0	-1.0	-1.0	-1.0	-1.0	-1.0	-1.0	-1.0	-1.0	0.0	marker	opened-hand	Open	15	0418
-66881.565	-53478.674999999996	-103048.73999999999	-17949.015	0.0	0.0	0.0	0.0	0.0	0.0	0.0	0.0	0.0	0.0	0.0	0.0	0.0	0.0	146.0	0.0	0.04833972	-0.107238495	1.01647689	4.48644	-0.16785999999999998	0.7019599999999999	3212174.0	1776544814.25216	0.0	1.0	-1.0	-1.0	-1.0	-1.0	-1.0	-1.0	-1.0	-1.0	0.0	marker	opened-hand	Open	15	0418
-66823.92	-53474.534999999996	-103027.59	-17926.92	0.0	0.0	0.0	0.0	0.0	0.0	0.0	0.0	0.0	0.0	0.0	0.0	0.0	0.0	146.0	0.0	0.04833972	-0.107238495	1.01647689	4.48644	-0.16785999999999998	0.7019599999999999	3212175.0	1776544814.259388	0.0	1.0	-1.0	-1.0	-1.0	-1.0	-1.0	-1.0	-1.0	-1.0	0.0	marker	opened-hand	Open	15	0418
-66753.63	-53466.479999999996	-102989.83499999999	-17860.364999999998	0.0	0.0	0.0	0.0	0.0	0.0	0.0	0.0	0.0	0.0	0.0	0.0	0.0	0.0	146.0	0.0	0.04833972	-0.107238495	1.01647689	4.48644	-0.16785999999999998	0.7019599999999999	3212176.0	1776544814.259403	0.0	1.0	-1.0	-1.0	-1.0	-1.0	-1.0	-1.0	-1.0	-1.0	0.0	marker	opened-hand	Open	15	0418
-66537.045	-53454.689999999995	-102796.78499999999	-17701.92	0.0	0.0	0.0	0.0	0.0	0.0	0.0	0.0	0.0	0.0	0.0	0.0	0.0	0.0	146.0	0.0	0.05456529	-0.103576395	1.01354721	8.10306	0.27468	2.07536	3212177.0	1776544814.260127	0.0	1.0	-1.0	-1.0	-1.0	-1.0	-1.0	-1.0	-1.0	-1.0	0.0	marker	opened-hand	Open	15	0418
-66593.655	-53455.68	-102800.43	-17686.44	0.0	0.0	0.0	0.0	0.0	0.0	0.0	0.0	0.0	0.0	0.0	0.0	0.0	0.0	146.0	0.0	0.05456529	-0.103576395	1.01354721	8.10306	0.27468	2.07536	3212178.0	1776544814.260143	0.0	1.0	-1.0	-1.0	-1.0	-1.0	-1.0	-1.0	-1.0	-1.0	0.0	marker	opened-hand	Open	15	0418
-66864.69	-53475.884999999995	-103040.14499999999	-17896.454999999998	0.0	0.0	0.0	0.0	0.0	0.0	0.0	0.0	0.0	0.0	0.0	0.0	0.0	0.0	146.0	0.0	0.05456529	-0.103576395	1.01354721	8.10306	0.27468	2.07536	3212179.0	1776544814.264284	0.0	1.0	-1.0	-1.0	-1.0	-1.0	-1.0	-1.0	-1.0	-1.0	0.0	marker	opened-hand	Open	15	0418
-67030.155	-53494.064999999995	-103187.51999999999	-18037.44	0.0	0.0	0.0	0.0	0.0	0.0	0.0	0.0	0.0	0.0	0.0	0.0	0.0	0.0	146.0	0.0	0.05456529	-0.103576395	1.01354721	8.10306	0.27468	2.07536	3212180.0	1776544814.264299	0.0	1.0	-1.0	-1.0	-1.0	-1.0	-1.0	-1.0	-1.0	-1.0	0.0	marker	opened-hand	Open	15	0418
-66881.52	-53490.869999999995	-103128.61499999999	-18018.405	0.0	0.0	0.0	0.0	0.0	0.0	0.0	0.0	0.0	0.0	0.0	0.0	0.0	0.0	146.0	0.0	0.05456529	-0.103576395	1.01354721	8.10306	0.27468	2.07536	3212181.0	1776544814.268236	0.0	1.0	-1.0	-1.0	-1.0	-1.0	-1.0	-1.0	-1.0	-1.0	0.0	marker	opened-hand	Open	15	0418
-66786.525	-53485.38	-103110.48	-18000.405	0.0	0.0	0.0	0.0	0.0	0.0	0.0	0.0	0.0	0.0	0.0	0.0	0.0	0.0	146.0	0.0	0.05456529	-0.103576395	1.01354721	8.10306	0.27468	2.07536	3212182.0	1776544814.268243	0.0	1.0	-1.0	-1.0	-1.0	-1.0	-1.0	-1.0	-1.0	-1.0	0.0	marker	opened-hand	Open	15	0418
-66724.965	-53468.055	-102982.00499999999	-17859.78	0.0	0.0	0.0	0.0	0.0	0.0	0.0	0.0	0.0	0.0	0.0	0.0	0.0	0.0	146.0	0.0	0.05456529	-0.103576395	1.01354721	8.10306	0.27468	2.07536	3212183.0	1776544814.2722	0.0	1.0	-1.0	-1.0	-1.0	-1.0	-1.0	-1.0	-1.0	-1.0	0.0	marker	opened-hand	Open	15	0418
-66727.70999999999	-53451.18	-102969.855	-17833.545	0.0	0.0	0.0	0.0	0.0	0.0	0.0	0.0	0.0	0.0	0.0	0.0	0.0	0.0	146.0	0.0	0.05456529	-0.103576395	1.01354721	8.10306	0.27468	2.07536	3212184.0	1776544814.272216	0.0	1.0	-1.0	-1.0	-1.0	-1.0	-1.0	-1.0	-1.0	-1.0	0.0	marker	opened-hand	Open	15	0418
-66844.17	-53450.189999999995	-103107.555	-18001.755	0.0	0.0	0.0	0.0	0.0	0.0	0.0	0.0	0.0	0.0	0.0	0.0	0.0	0.0	146.0	0.0	0.05456529	-0.103576395	1.01354721	8.10306	0.27468	2.07536	3212185.0	1776544814.276204	0.0	1.0	-1.0	-1.0	-1.0	-1.0	-1.0	-1.0	-1.0	-1.0	0.0	marker	opened-hand	Open	15	0418
-66838.455	-53445.329999999994	-103035.555	-17916.165	0.0	0.0	0.0	0.0	0.0	0.0	0.0	0.0	0.0	0.0	0.0	0.0	0.0	0.0	146.0	0.0	0.05456529	-0.103576395	1.01354721	8.10306	0.27468	2.07536	3212186.0	1776544814.276219	0.0	1.0	-1.0	-1.0	-1.0	-1.0	-1.0	-1.0	-1.0	-1.0	0.0	marker	opened-hand	Open	15	0418
-66587.67	-53433.765	-102796.11	-17699.895	0.0	0.0	0.0	0.0	0.0	0.0	0.0	0.0	0.0	0.0	0.0	0.0	0.0	0.0	146.0	0.0	0.05407701	-0.092468025	1.003964715	10.056339999999999	1.31236	4.28806	3212187.0	1776544814.280384	0.0	1.0	-1.0	-1.0	-1.0	-1.0	-1.0	-1.0	-1.0	-1.0	0.0	marker	opened-hand	Open	15	0418
-66575.06999999999	-53469.405	-102844.305	-17752.635	0.0	0.0	0.0	0.0	0.0	0.0	0.0	0.0	0.0	0.0	0.0	0.0	0.0	0.0	146.0	0.0	0.05407701	-0.092468025	1.003964715	10.056339999999999	1.31236	4.28806	3212188.0	1776544814.280399	0.0	1.0	-1.0	-1.0	-1.0	-1.0	-1.0	-1.0	-1.0	-1.0	0.0	marker	opened-hand	Open	15	0418
-66806.73	-53519.085	-103021.605	-17904.6	0.0	0.0	0.0	0.0	0.0	0.0	0.0	0.0	0.0	0.0	0.0	0.0	0.0	0.0	146.0	0.0	0.05407701	-0.092468025	1.003964715	10.056339999999999	1.31236	4.28806	3212189.0	1776544814.284282	0.0	1.0	-1.0	-1.0	-1.0	-1.0	-1.0	-1.0	-1.0	-1.0	0.0	marker	opened-hand	Open	15	0418
-66878.505	-53515.439999999995	-102885.12	-17766.855	0.0	0.0	0.0	0.0	0.0	0.0	0.0	0.0	0.0	0.0	0.0	0.0	0.0	0.0	146.0	0.0	0.05407701	-0.092468025	1.003964715	10.056339999999999	1.31236	4.28806	3212190.0	1776544814.284297	0.0	1.0	-1.0	-1.0	-1.0	-1.0	-1.0	-1.0	-1.0	-1.0	0.0	marker	opened-hand	Open	15	0418
-66933.22499999999	-53524.395	-102965.58	-17839.755	0.0	0.0	0.0	0.0	0.0	0.0	0.0	0.0	0.0	0.0	0.0	0.0	0.0	0.0	146.0	0.0	0.05407701	-0.092468025	1.003964715	10.056339999999999	1.31236	4.28806	3212191.0	1776544814.288218	0.0	1.0	-1.0	-1.0	-1.0	-1.0	-1.0	-1.0	-1.0	-1.0	0.0	marker	opened-hand	Open	15	0418
-66715.785	-53516.43	-103017.15	-17892.719999999998	0.0	0.0	0.0	0.0	0.0	0.0	0.0	0.0	0.0	0.0	0.0	0.0	0.0	0.0	146.0	0.0	0.05407701	-0.092468025	1.003964715	10.056339999999999	1.31236	4.28806	3212192.0	1776544814.288232	0.0	1.0	-1.0	-1.0	-1.0	-1.0	-1.0	-1.0	-1.0	-1.0	0.0	marker	opened-hand	Open	15	0418
-66649.275	-53501.265	-102967.73999999999	-17844.39	0.0	0.0	0.0	0.0	0.0	0.0	0.0	0.0	0.0	0.0	0.0	0.0	0.0	0.0	146.0	0.0	0.05407701	-0.092468025	1.003964715	10.056339999999999	1.31236	4.28806	3212193.0	1776544814.292325	0.0	1.0	-1.0	-1.0	-1.0	-1.0	-1.0	-1.0	-1.0	-1.0	0.0	marker	opened-hand	Open	15	0418
-66823.155	-53499.645	-103071.735	-17948.655	0.0	0.0	0.0	0.0	0.0	0.0	0.0	0.0	0.0	0.0	0.0	0.0	0.0	0.0	146.0	0.0	0.05407701	-0.092468025	1.003964715	10.056339999999999	1.31236	4.28806	3212194.0	1776544814.292339	0.0	1.0	-1.0	-1.0	-1.0	-1.0	-1.0	-1.0	-1.0	-1.0	0.0	marker	opened-hand	Open	15	0418
-66793.545	-53497.755	-102948.56999999999	-17816.535	0.0	0.0	0.0	0.0	0.0	0.0	0.0	0.0	0.0	0.0	0.0	0.0	0.0	0.0	146.0	0.0	0.05407701	-0.092468025	1.003964715	10.056339999999999	1.31236	4.28806	3212195.0	1776544814.296299	0.0	1.0	-1.0	-1.0	-1.0	-1.0	-1.0	-1.0	-1.0	-1.0	0.0	marker	opened-hand	Open	15	0418
-66662.955	-53502.615	-102865.815	-17754.614999999998	0.0	0.0	0.0	0.0	0.0	0.0	0.0	0.0	0.0	0.0	0.0	0.0	0.0	0.0	146.0	0.0	0.05407701	-0.092468025	1.003964715	10.056339999999999	1.31236	4.28806	3212196.0	1776544814.296308	0.0	1.0	-1.0	-1.0	-1.0	-1.0	-1.0	-1.0	-1.0	-1.0	0.0	marker	opened-hand	Open	15	0418
-66720.285	-53509.95	-102979.03499999999	-17880.795	0.0	0.0	0.0	0.0	0.0	0.0	0.0	0.0	0.0	0.0	0.0	0.0	0.0	0.0	146.0	0.0	0.053344590000000004	-0.08496072	1.005429555	3.3419399999999997	2.0448399999999998	4.37962	3212197.0	1776544814.301937	0.0	1.0	-1.0	-1.0	-1.0	-1.0	-1.0	-1.0	-1.0	-1.0	0.0	marker	opened-hand	Open	15	0418
-66774.735	-53511.93	-102998.51999999999	-17904.195	0.0	0.0	0.0	0.0	0.0	0.0	0.0	0.0	0.0	0.0	0.0	0.0	0.0	0.0	146.0	0.0	0.053344590000000004	-0.08496072	1.005429555	3.3419399999999997	2.0448399999999998	4.37962	3212198.0	1776544814.301954	0.0	1.0	-1.0	-1.0	-1.0	-1.0	-1.0	-1.0	-1.0	-1.0	0.0	marker	opened-hand	Open	15	0418
-66869.64	-53517.195	-103075.11	-17963.864999999998	0.0	0.0	0.0	0.0	0.0	0.0	0.0	0.0	0.0	0.0	0.0	0.0	0.0	0.0	146.0	0.0	0.053344590000000004	-0.08496072	1.005429555	3.3419399999999997	2.0448399999999998	4.37962	3212199.0	1776544814.304339	0.0	1.0	-1.0	-1.0	-1.0	-1.0	-1.0	-1.0	-1.0	-1.0	0.0	marker	opened-hand	Open	15	0418
-66988.53	-53521.604999999996	-103218.25499999999	-18087.57	0.0	0.0	0.0	0.0	0.0	0.0	0.0	0.0	0.0	0.0	0.0	0.0	0.0	0.0	146.0	0.0	0.053344590000000004	-0.08496072	1.005429555	3.3419399999999997	2.0448399999999998	4.37962	3212200.0	1776544814.304372	0.0	1.0	-1.0	-1.0	-1.0	-1.0	-1.0	-1.0	-1.0	-1.0	0.0	marker	opened-hand	Open	15	0418
-66868.29	-53508.06	-103127.58	-18019.079999999998	0.0	0.0	0.0	0.0	0.0	0.0	0.0	0.0	0.0	0.0	0.0	0.0	0.0	0.0	146.0	0.0	0.053344590000000004	-0.08496072	1.005429555	3.3419399999999997	2.0448399999999998	4.37962	3212201.0	1776544814.31106	0.0	1.0	-1.0	-1.0	-1.0	-1.0	-1.0	-1.0	-1.0	-1.0	0.0	marker	opened-hand	Open	15	0418
-66734.55	-53490.78	-102916.98	-17832.87	0.0	0.0	0.0	0.0	0.0	0.0	0.0	0.0	0.0	0.0	0.0	0.0	0.0	0.0	146.0	0.0	0.053344590000000004	-0.08496072	1.005429555	3.3419399999999997	2.0448399999999998	4.37962	3212202.0	1776544814.311087	0.0	1.0	-1.0	-1.0	-1.0	-1.0	-1.0	-1.0	-1.0	-1.0	0.0	marker	opened-hand	Open	15	0418
-66718.035	-53490.15	-102782.925	-17685.315	0.0	0.0	0.0	0.0	0.0	0.0	0.0	0.0	0.0	0.0	0.0	0.0	0.0	0.0	146.0	0.0	0.053344590000000004	-0.08496072	1.005429555	3.3419399999999997	2.0448399999999998	4.37962	3212203.0	1776544814.313877	0.0	1.0	-1.0	-1.0	-1.0	-1.0	-1.0	-1.0	-1.0	-1.0	0.0	marker	opened-hand	Open	15	0418
-66692.11499999999	-53503.244999999995	-102895.47	-17768.024999999998	0.0	0.0	0.0	0.0	0.0	0.0	0.0	0.0	0.0	0.0	0.0	0.0	0.0	0.0	146.0	0.0	0.053344590000000004	-0.08496072	1.005429555	3.3419399999999997	2.0448399999999998	4.37962	3212204.0	1776544814.313891	0.0	1.0	-1.0	-1.0	-1.0	-1.0	-1.0	-1.0	-1.0	-1.0	0.0	marker	opened-hand	Open	15	0418
-66739.31999999999	-53513.865	-103082.44499999999	-17944.065	0.0	0.0	0.0	0.0	0.0	0.0	0.0	0.0	0.0	0.0	0.0	0.0	0.0	0.0	146.0	0.0	0.053344590000000004	-0.08496072	1.005429555	3.3419399999999997	2.0448399999999998	4.37962	3212205.0	1776544814.317027	0.0	1.0	-1.0	-1.0	-1.0	-1.0	-1.0	-1.0	-1.0	-1.0	0.0	marker	opened-hand	Open	15	0418
-66675.645	-53511.165	-103003.425	-17851.905	0.0	0.0	0.0	0.0	0.0	0.0	0.0	0.0	0.0	0.0	0.0	0.0	0.0	0.0	146.0	0.0	0.053344590000000004	-0.08496072	1.005429555	3.3419399999999997	2.0448399999999998	4.37962	3212206.0	1776544814.317057	0.0	1.0	-1.0	-1.0	-1.0	-1.0	-1.0	-1.0	-1.0	-1.0	0.0	marker	opened-hand	Open	15	0418
-66707.73	-53514.27	-102988.125	-17864.82	0.0	0.0	0.0	0.0	0.0	0.0	0.0	0.0	0.0	0.0	0.0	0.0	0.0	0.0	146.0	0.0	0.04589832	-0.09228492	1.01147202	-1.8617199999999998	1.15976	2.48738	3212207.0	1776544814.323032	0.0	1.0	-1.0	-1.0	-1.0	-1.0	-1.0	-1.0	-1.0	-1.0	0.0	marker	opened-hand	Open	15	0418
-66912.165	-53514.27	-103072.14	-17961.165	0.0	0.0	0.0	0.0	0.0	0.0	0.0	0.0	0.0	0.0	0.0	0.0	0.0	0.0	146.0	0.0	0.04589832	-0.09228492	1.01147202	-1.8617199999999998	1.15976	2.48738	3212208.0	1776544814.323059	0.0	1.0	-1.0	-1.0	-1.0	-1.0	-1.0	-1.0	-1.0	-1.0	0.0	marker	opened-hand	Open	15	0418
-66809.61	-53489.97	-103015.98	-17916.03	0.0	0.0	0.0	0.0	0.0	0.0	0.0	0.0	0.0	0.0	0.0	0.0	0.0	0.0	146.0	0.0	0.04589832	-0.09228492	1.01147202	-1.8617199999999998	1.15976	2.48738	3212209.0	1776544814.324271	0.0	1.0	-1.0	-1.0	-1.0	-1.0	-1.0	-1.0	-1.0	-1.0	0.0	marker	opened-hand	Open	15	0418
-66883.905	-53481.329999999994	-103002.84	-17912.52	0.0	0.0	0.0	0.0	0.0	0.0	0.0	0.0	0.0	0.0	0.0	0.0	0.0	0.0	146.0	0.0	0.04589832	-0.09228492	1.01147202	-1.8617199999999998	1.15976	2.48738	3212210.0	1776544814.324283	0.0	1.0	-1.0	-1.0	-1.0	-1.0	-1.0	-1.0	-1.0	-1.0	0.0	marker	opened-hand	Open	15	0418
-66851.86499999999	-53472.555	-102956.31	-17842.815	0.0	0.0	0.0	0.0	0.0	0.0	0.0	0.0	0.0	0.0	0.0	0.0	0.0	0.0	146.0	0.0	0.04589832	-0.09228492	1.01147202	-1.8617199999999998	1.15976	2.48738	3212211.0	1776544814.328358	0.0	1.0	-1.0	-1.0	-1.0	-1.0	-1.0	-1.0	-1.0	-1.0	0.0	marker	opened-hand	Open	15	0418
-66864.285	-53482.68	-103055.31	-17903.295	0.0	0.0	0.0	0.0	0.0	0.0	0.0	0.0	0.0	0.0	0.0	0.0	0.0	0.0	146.0	0.0	0.04589832	-0.09228492	1.01147202	-1.8617199999999998	1.15976	2.48738	3212212.0	1776544814.328385	0.0	1.0	-1.0	-1.0	-1.0	-1.0	-1.0	-1.0	-1.0	-1.0	0.0	marker	opened-hand	Open	15	0418
-66643.92	-53485.335	-102897.94499999999	-17793.045	0.0	0.0	0.0	0.0	0.0	0.0	0.0	0.0	0.0	0.0	0.0	0.0	0.0	0.0	146.0	0.0	0.04589832	-0.09228492	1.01147202	-1.8617199999999998	1.15976	2.48738	3212213.0	1776544814.33234	0.0	1.0	-1.0	-1.0	-1.0	-1.0	-1.0	-1.0	-1.0	-1.0	0.0	marker	opened-hand	Open	15	0418
-66314.97	-53464.275	-102466.34999999999	-17385.345	0.0	0.0	0.0	0.0	0.0	0.0	0.0	0.0	0.0	0.0	0.0	0.0	0.0	0.0	146.0	0.0	0.04589832	-0.09228492	1.01147202	-1.8617199999999998	1.15976	2.48738	3212214.0	1776544814.332362	0.0	1.0	-1.0	-1.0	-1.0	-1.0	-1.0	-1.0	-1.0	-1.0	0.0	marker	opened-hand	Open	15	0418
-66482.73	-53446.365	-102551.94	-17401.995	0.0	0.0	0.0	0.0	0.0	0.0	0.0	0.0	0.0	0.0	0.0	0.0	0.0	0.0	146.0	0.0	0.04589832	-0.09228492	1.01147202	-1.8617199999999998	1.15976	2.48738	3212215.0	1776544814.336396	0.0	1.0	-1.0	-1.0	-1.0	-1.0	-1.0	-1.0	-1.0	-1.0	0.0	marker	opened-hand	Open	15	0418
-66970.395	-53401.14	-103234.31999999999	-18080.864999999998	0.0	0.0	0.0	0.0	0.0	0.0	0.0	0.0	0.0	0.0	0.0	0.0	0.0	0.0	146.0	0.0	0.04589832	-0.09228492	1.01147202	-1.8617199999999998	1.15976	2.48738	3212216.0	1776544814.336413	0.0	1.0	-1.0	-1.0	-1.0	-1.0	-1.0	-1.0	-1.0	-1.0	0.0	marker	opened-hand	Open	15	0418
-67028.67	-53380.665	-103347.81	-18241.02	0.0	0.0	0.0	0.0	0.0	0.0	0.0	0.0	0.0	0.0	0.0	0.0	0.0	0.0	146.0	0.0	0.042785535	-0.10571262000000001	1.014218595	1.6785999999999999	0.88508	1.2207999999999999	3212217.0	1776544814.34035	0.0	1.0	-1.0	-1.0	-1.0	-1.0	-1.0	-1.0	-1.0	-1.0	0.0	marker	opened-hand	Open	15	0418
-67037.48999999999	-53381.115	-103275.315	-18160.965	0.0	0.0	0.0	0.0	0.0	0.0	0.0	0.0	0.0	0.0	0.0	0.0	0.0	0.0	146.0	0.0	0.042785535	-0.10571262000000001	1.014218595	1.6785999999999999	0.88508	1.2207999999999999	3212218.0	1776544814.340368	0.0	1.0	-1.0	-1.0	-1.0	-1.0	-1.0	-1.0	-1.0	-1.0	0.0	marker	opened-hand	Open	15	0418
-66965.355	-53388.405	-103165.73999999999	-18047.295	0.0	0.0	0.0	0.0	0.0	0.0	0.0	0.0	0.0	0.0	0.0	0.0	0.0	0.0	146.0	0.0	0.042785535	-0.10571262000000001	1.014218595	1.6785999999999999	0.88508	1.2207999999999999	3212219.0	1776544814.344482	0.0	1.0	-1.0	-1.0	-1.0	-1.0	-1.0	-1.0	-1.0	-1.0	0.0	marker	opened-hand	Open	15	0418
-66758.535	-53383.545	-102955.72499999999	-17878.05	0.0	0.0	0.0	0.0	0.0	0.0	0.0	0.0	0.0	0.0	0.0	0.0	0.0	0.0	146.0	0.0	0.042785535	-0.10571262000000001	1.014218595	1.6785999999999999	0.88508	1.2207999999999999	3212220.0	1776544814.344506	0.0	1.0	-1.0	-1.0	-1.0	-1.0	-1.0	-1.0	-1.0	-1.0	0.0	marker	opened-hand	Open	15	0418
-66821.67	-53408.159999999996	-103006.215	-17901.63	0.0	0.0	0.0	0.0	0.0	0.0	0.0	0.0	0.0	0.0	0.0	0.0	0.0	0.0	146.0	0.0	0.042785535	-0.10571262000000001	1.014218595	1.6785999999999999	0.88508	1.2207999999999999	3212221.0	1776544814.348582	0.0	1.0	-1.0	-1.0	-1.0	-1.0	-1.0	-1.0	-1.0	-1.0	0.0	marker	opened-hand	Open	15	0418
-66819.87	-53418.96	-102989.83499999999	-17914.05	0.0	0.0	0.0	0.0	0.0	0.0	0.0	0.0	0.0	0.0	0.0	0.0	0.0	0.0	146.0	0.0	0.042785535	-0.10571262000000001	1.014218595	1.6785999999999999	0.88508	1.2207999999999999	3212222.0	1776544814.348609	0.0	1.0	-1.0	-1.0	-1.0	-1.0	-1.0	-1.0	-1.0	-1.0	0.0	marker	opened-hand	Open	15	0418
-66685.77	-53403.84	-102808.215	-17699.895	0.0	0.0	0.0	0.0	0.0	0.0	0.0	0.0	0.0	0.0	0.0	0.0	0.0	0.0	146.0	0.0	0.042785535	-0.10571262000000001	1.014218595	1.6785999999999999	0.88508	1.2207999999999999	3212223.0	1776544814.36097	0.0	1.0	-1.0	-1.0	-1.0	-1.0	-1.0	-1.0	-1.0	-1.0	0.0	marker	opened-hand	Open	15	0418
-66788.235	-53403.884999999995	-103034.745	-17854.2	0.0	0.0	0.0	0.0	0.0	0.0	0.0	0.0	0.0	0.0	0.0	0.0	0.0	0.0	146.0	0.0	0.042785535	-0.10571262000000001	1.014218595	1.6785999999999999	0.88508	1.2207999999999999	3212224.0	1776544814.361	0.0	1.0	-1.0	-1.0	-1.0	-1.0	-1.0	-1.0	-1.0	-1.0	0.0	marker	opened-hand	Open	15	0418
-66913.38	-53404.92	-103288.5	-18132.48	0.0	0.0	0.0	0.0	0.0	0.0	0.0	0.0	0.0	0.0	0.0	0.0	0.0	0.0	146.0	0.0	0.042785535	-0.10571262000000001	1.014218595	1.6785999999999999	0.88508	1.2207999999999999	3212225.0	1776544814.361033	0.0	1.0	-1.0	-1.0	-1.0	-1.0	-1.0	-1.0	-1.0	-1.0	0.0	marker	opened-hand	Open	15	0418
-66813.03	-53391.06	-103177.44	-18066.645	0.0	0.0	0.0	0.0	0.0	0.0	0.0	0.0	0.0	0.0	0.0	0.0	0.0	0.0	146.0	0.0	0.042785535	-0.10571262000000001	1.014218595	1.6785999999999999	0.88508	1.2207999999999999	3212226.0	1776544814.361051	0.0	1.0	-1.0	-1.0	-1.0	-1.0	-1.0	-1.0	-1.0	-1.0	0.0	marker	opened-hand	Open	15	0418
-66647.205	-53369.729999999996	-102951.18	-17867.565	0.0	0.0	0.0	0.0	0.0	0.0	0.0	0.0	0.0	0.0	0.0	0.0	0.0	0.0	146.0	0.0	0.048400755000000004	-0.11950653	1.01513412	4.959499999999999	0.94612	0.24416	3212227.0	1776544814.361073	0.0	1.0	-1.0	-1.0	-1.0	-1.0	-1.0	-1.0	-1.0	-1.0	0.0	marker	opened-hand	Open	15	0418
-66722.22	-53369.729999999996	-102928.905	-17868.735	0.0	0.0	0.0	0.0	0.0	0.0	0.0	0.0	0.0	0.0	0.0	0.0	0.0	0.0	146.0	0.0	0.048400755000000004	-0.11950653	1.01513412	4.959499999999999	0.94612	0.24416	3212228.0	1776544814.361091	0.0	1.0	-1.0	-1.0	-1.0	-1.0	-1.0	-1.0	-1.0	-1.0	0.0	marker	opened-hand	Open	15	0418
-66962.655	-53384.579999999994	-103076.235	-17961.614999999998	0.0	0.0	0.0	0.0	0.0	0.0	0.0	0.0	0.0	0.0	0.0	0.0	0.0	0.0	146.0	0.0	0.048400755000000004	-0.11950653	1.01513412	4.959499999999999	0.94612	0.24416	3212229.0	1776544814.364933	0.0	1.0	-1.0	-1.0	-1.0	-1.0	-1.0	-1.0	-1.0	-1.0	0.0	marker	opened-hand	Open	15	0418
-66733.69499999999	-53375.13	-102894.93	-17756.73	0.0	0.0	0.0	0.0	0.0	0.0	0.0	0.0	0.0	0.0	0.0	0.0	0.0	0.0	146.0	0.0	0.048400755000000004	-0.11950653	1.01513412	4.959499999999999	0.94612	0.24416	3212230.0	1776544814.364971	0.0	1.0	-1.0	-1.0	-1.0	-1.0	-1.0	-1.0	-1.0	-1.0	0.0	marker	opened-hand	Open	15	0418
-66815.595	-53384.625	-102996.18	-17867.969999999998	0.0	0.0	0.0	0.0	0.0	0.0	0.0	0.0	0.0	0.0	0.0	0.0	0.0	0.0	146.0	0.0	0.048400755000000004	-0.11950653	1.01513412	4.959499999999999	0.94612	0.24416	3212231.0	1776544814.369726	0.0	1.0	-1.0	-1.0	-1.0	-1.0	-1.0	-1.0	-1.0	-1.0	0.0	marker	opened-hand	Open	15	0418
-66633.165	-53380.935	-102812.58	-17718.165	0.0	0.0	0.0	0.0	0.0	0.0	0.0	0.0	0.0	0.0	0.0	0.0	0.0	0.0	146.0	0.0	0.048400755000000004	-0.11950653	1.01513412	4.959499999999999	0.94612	0.24416	3212232.0	1776544814.369745	0.0	1.0	-1.0	-1.0	-1.0	-1.0	-1.0	-1.0	-1.0	-1.0	0.0	marker	opened-hand	Open	15	0418
-66672.98999999999	-53377.965	-102859.01999999999	-17751.329999999998	0.0	0.0	0.0	0.0	0.0	0.0	0.0	0.0	0.0	0.0	0.0	0.0	0.0	0.0	146.0	0.0	0.048400755000000004	-0.11950653	1.01513412	4.959499999999999	0.94612	0.24416	3212233.0	1776544814.378994	0.0	1.0	-1.0	-1.0	-1.0	-1.0	-1.0	-1.0	-1.0	-1.0	0.0	marker	opened-hand	Open	15	0418
-66893.13	-53379.314999999995	-103162.40999999999	-18041.355	0.0	0.0	0.0	0.0	0.0	0.0	0.0	0.0	0.0	0.0	0.0	0.0	0.0	0.0	146.0	0.0	0.048400755000000004	-0.11950653	1.01513412	4.959499999999999	0.94612	0.24416	3212234.0	1776544814.379027	0.0	1.0	-1.0	-1.0	-1.0	-1.0	-1.0	-1.0	-1.0	-1.0	0.0	marker	opened-hand	Open	15	0418
-66938.805	-53379.674999999996	-103221.405	-18067.995	0.0	0.0	0.0	0.0	0.0	0.0	0.0	0.0	0.0	0.0	0.0	0.0	0.0	0.0	146.0	0.0	0.048400755000000004	-0.11950653	1.01513412	4.959499999999999	0.94612	0.24416	3212235.0	1776544814.379067	0.0	1.0	-1.0	-1.0	-1.0	-1.0	-1.0	-1.0	-1.0	-1.0	0.0	marker	opened-hand	Open	15	0418
-66731.67	-53375.04	-103033.575	-17903.295	0.0	0.0	0.0	0.0	0.0	0.0	0.0	0.0	0.0	0.0	0.0	0.0	0.0	0.0	146.0	0.0	0.048400755000000004	-0.11950653	1.01513412	4.959499999999999	0.94612	0.24416	3212236.0	1776544814.379087	0.0	1.0	-1.0	-1.0	-1.0	-1.0	-1.0	-1.0	-1.0	-1.0	0.0	marker	opened-hand	Open	15	0418
-66596.31	-53380.619999999995	-102890.025	-17804.204999999998	0.0	0.0	0.0	0.0	0.0	0.0	0.0	0.0	0.0	0.0	0.0	0.0	0.0	0.0	146.0	0.0	0.04406727	-0.11169405	1.016293785	5.14262	0.6103999999999999	-0.33571999999999996	3212237.0	1776544814.381497	0.0	1.0	-1.0	-1.0	-1.0	-1.0	-1.0	-1.0	-1.0	-1.0	0.0	marker	opened-hand	Open	15	0418
-66686.265	-53408.97	-102888.72	-17799.704999999998	0.0	0.0	0.0	0.0	0.0	0.0	0.0	0.0	0.0	0.0	0.0	0.0	0.0	0.0	146.0	0.0	0.04406727	-0.11169405	1.016293785	5.14262	0.6103999999999999	-0.33571999999999996	3212238.0	1776544814.381516	0.0	1.0	-1.0	-1.0	-1.0	-1.0	-1.0	-1.0	-1.0	-1.0	0.0	marker	opened-hand	Open	15	0418
-66871.485	-53441.46	-102966.75	-17802.18	0.0	0.0	0.0	0.0	0.0	0.0	0.0	0.0	0.0	0.0	0.0	0.0	0.0	0.0	146.0	0.0	0.04406727	-0.11169405	1.016293785	5.14262	0.6103999999999999	-0.33571999999999996	3212239.0	1776544814.384569	0.0	1.0	-1.0	-1.0	-1.0	-1.0	-1.0	-1.0	-1.0	-1.0	0.0	marker	opened-hand	Open	15	0418
-66900.69	-53450.549999999996	-103088.51999999999	-17919.405	0.0	0.0	0.0	0.0	0.0	0.0	0.0	0.0	0.0	0.0	0.0	0.0	0.0	0.0	146.0	0.0	0.04406727	-0.11169405	1.016293785	5.14262	0.6103999999999999	-0.33571999999999996	3212240.0	1776544814.384597	0.0	1.0	-1.0	-1.0	-1.0	-1.0	-1.0	-1.0	-1.0	-1.0	0.0	marker	opened-hand	Open	15	0418
-66828.78	-53437.454999999994	-103151.7	-18027.54	0.0	0.0	0.0	0.0	0.0	0.0	0.0	0.0	0.0	0.0	0.0	0.0	0.0	0.0	146.0	0.0	0.04406727	-0.11169405	1.016293785	5.14262	0.6103999999999999	-0.33571999999999996	3212241.0	1776544814.388797	0.0	1.0	-1.0	-1.0	-1.0	-1.0	-1.0	-1.0	-1.0	-1.0	0.0	marker	opened-hand	Open	15	0418
-66853.215	-53429.445	-103120.47	-17975.25	0.0	0.0	0.0	0.0	0.0	0.0	0.0	0.0	0.0	0.0	0.0	0.0	0.0	0.0	146.0	0.0	0.04406727	-0.11169405	1.016293785	5.14262	0.6103999999999999	-0.33571999999999996	3212242.0	1776544814.388814	0.0	1.0	-1.0	-1.0	-1.0	-1.0	-1.0	-1.0	-1.0	-1.0	0.0	marker	opened-hand	Open	15	0418
-66802.005	-53454.24	-102989.745	-17902.17	0.0	0.0	0.0	0.0	0.0	0.0	0.0	0.0	0.0	0.0	0.0	0.0	0.0	0.0	146.0	0.0	0.04406727	-0.11169405	1.016293785	5.14262	0.6103999999999999	-0.33571999999999996	3212243.0	1776544814.397069	0.0	1.0	-1.0	-1.0	-1.0	-1.0	-1.0	-1.0	-1.0	-1.0	0.0	marker	opened-hand	Open	15	0418
-66723.705	-53468.28	-102875.94	-17837.1	0.0	0.0	0.0	0.0	0.0	0.0	0.0	0.0	0.0	0.0	0.0	0.0	0.0	0.0	146.0	0.0	0.04406727	-0.11169405	1.016293785	5.14262	0.6103999999999999	-0.33571999999999996	3212244.0	1776544814.397086	0.0	1.0	-1.0	-1.0	-1.0	-1.0	-1.0	-1.0	-1.0	-1.0	0.0	marker	opened-hand	Open	15	0418
-66819.465	-53473.14	-102944.79	-17852.489999999998	0.0	0.0	0.0	0.0	0.0	0.0	0.0	0.0	0.0	0.0	0.0	0.0	0.0	0.0	146.0	0.0	0.04406727	-0.11169405	1.016293785	5.14262	0.6103999999999999	-0.33571999999999996	3212245.0	1776544814.397123	0.0	1.0	-1.0	-1.0	-1.0	-1.0	-1.0	-1.0	-1.0	-1.0	0.0	marker	opened-hand	Open	15	0418
-66758.355	-53476.92	-102988.89	-17878.995	0.0	0.0	0.0	0.0	0.0	0.0	0.0	0.0	0.0	0.0	0.0	0.0	0.0	0.0	146.0	0.0	0.04406727	-0.11169405	1.016293785	5.14262	0.6103999999999999	-0.33571999999999996	3212246.0	1776544814.397136	0.0	1.0	-1.0	-1.0	-1.0	-1.0	-1.0	-1.0	-1.0	-1.0	0.0	marker	opened-hand	Open	15	0418
-66643.785	-53472.509999999995	-102822.56999999999	-17696.204999999998	0.0	0.0	0.0	0.0	0.0	0.0	0.0	0.0	0.0	0.0	0.0	0.0	0.0	0.0	146.0	0.0	0.0378417	-0.098937735	1.01672103	1.7549	-0.2289	0.5341	3212247.0	1776544814.400629	0.0	1.0	-1.0	-1.0	-1.0	-1.0	-1.0	-1.0	-1.0	-1.0	0.0	marker	opened-hand	Open	15	0418
-66765.375	-53472.645	-102904.69499999999	-17745.75	0.0	0.0	0.0	0.0	0.0	0.0	0.0	0.0	0.0	0.0	0.0	0.0	0.0	0.0	146.0	0.0	0.0378417	-0.098937735	1.01672103	1.7549	-0.2289	0.5341	3212248.0	1776544814.400651	0.0	1.0	-1.0	-1.0	-1.0	-1.0	-1.0	-1.0	-1.0	-1.0	0.0	marker	opened-hand	Open	15	0418
-66553.92	-53458.38	-102809.565	-17701.965	0.0	0.0	0.0	0.0	0.0	0.0	0.0	0.0	0.0	0.0	0.0	0.0	0.0	0.0	146.0	0.0	0.0378417	-0.098937735	1.01672103	1.7549	-0.2289	0.5341	3212249.0	1776544814.40469	0.0	1.0	-1.0	-1.0	-1.0	-1.0	-1.0	-1.0	-1.0	-1.0	0.0	marker	opened-hand	Open	15	0418
-66773.385	-53473.14	-103053.64499999999	-17925.255	0.0	0.0	0.0	0.0	0.0	0.0	0.0	0.0	0.0	0.0	0.0	0.0	0.0	0.0	146.0	0.0	0.0378417	-0.098937735	1.01672103	1.7549	-0.2289	0.5341	3212250.0	1776544814.404717	0.0	1.0	-1.0	-1.0	-1.0	-1.0	-1.0	-1.0	-1.0	-1.0	0.0	marker	opened-hand	Open	15	0418
-66990.465	-53477.775	-103266.045	-18153.585	0.0	0.0	0.0	0.0	0.0	0.0	0.0	0.0	0.0	0.0	0.0	0.0	0.0	0.0	146.0	0.0	0.0378417	-0.098937735	1.01672103	1.7549	-0.2289	0.5341	3212251.0	1776544814.410526	0.0	1.0	-1.0	-1.0	-1.0	-1.0	-1.0	-1.0	-1.0	-1.0	0.0	marker	opened-hand	Open	15	0418
-66863.83499999999	-53456.31	-103153.455	-18063.719999999998	0.0	0.0	0.0	0.0	0.0	0.0	0.0	0.0	0.0	0.0	0.0	0.0	0.0	0.0	146.0	0.0	0.0378417	-0.098937735	1.01672103	1.7549	-0.2289	0.5341	3212252.0	1776544814.410545	0.0	1.0	-1.0	-1.0	-1.0	-1.0	-1.0	-1.0	-1.0	-1.0	0.0	marker	opened-hand	Open	15	0418
-66838.72499999999	-53456.354999999996	-103094.86499999999	-18000.09	0.0	0.0	0.0	0.0	0.0	0.0	0.0	0.0	0.0	0.0	0.0	0.0	0.0	0.0	146.0	0.0	0.0378417	-0.098937735	1.01672103	1.7549	-0.2289	0.5341	3212253.0	1776544814.413514	0.0	1.0	-1.0	-1.0	-1.0	-1.0	-1.0	-1.0	-1.0	-1.0	0.0	marker	opened-hand	Open	15	0418
-66889.485	-53471.34	-103048.83	-17944.02	0.0	0.0	0.0	0.0	0.0	0.0	0.0	0.0	0.0	0.0	0.0	0.0	0.0	0.0	146.0	0.0	0.0378417	-0.098937735	1.01672103	1.7549	-0.2289	0.5341	3212254.0	1776544814.413535	0.0	1.0	-1.0	-1.0	-1.0	-1.0	-1.0	-1.0	-1.0	-1.0	0.0	marker	opened-hand	Open	15	0418
-66750.39	-53460.63	-102884.44499999999	-17792.19	0.0	0.0	0.0	0.0	0.0	0.0	0.0	0.0	0.0	0.0	0.0	0.0	0.0	0.0	146.0	0.0	0.0378417	-0.098937735	1.01672103	1.7549	-0.2289	0.5341	3212255.0	1776544814.419476	0.0	1.0	-1.0	-1.0	-1.0	-1.0	-1.0	-1.0	-1.0	-1.0	0.0	marker	opened-hand	Open	15	0418
-66726.045	-53448.615	-102811.14	-17729.954999999998	0.0	0.0	0.0	0.0	0.0	0.0	0.0	0.0	0.0	0.0	0.0	0.0	0.0	0.0	146.0	0.0	0.0378417	-0.098937735	1.01672103	1.7549	-0.2289	0.5341	3212256.0	1776544814.419503	0.0	1.0	-1.0	-1.0	-1.0	-1.0	-1.0	-1.0	-1.0	-1.0	0.0	marker	opened-hand	Open	15	0418
-66820.36499999999	-53441.369999999995	-102933.54	-17810.325	0.0	0.0	0.0	0.0	0.0	0.0	0.0	0.0	0.0	0.0	0.0	0.0	0.0	0.0	146.0	0.0	0.041442765	-0.097594965	1.0180638	0.8698199999999999	-0.5341	0.51884	3212257.0	1776544814.422322	0.0	1.0	-1.0	-1.0	-1.0	-1.0	-1.0	-1.0	-1.0	-1.0	0.0	marker	opened-hand	Open	15	0418
-66944.7	-53434.619999999995	-103136.76	-17969.895	0.0	0.0	0.0	0.0	0.0	0.0	0.0	0.0	0.0	0.0	0.0	0.0	0.0	0.0	146.0	0.0	0.041442765	-0.097594965	1.0180638	0.8698199999999999	-0.5341	0.51884	3212258.0	1776544814.422334	0.0	1.0	-1.0	-1.0	-1.0	-1.0	-1.0	-1.0	-1.0	-1.0	0.0	marker	opened-hand	Open	15	0418
-66896.955	-53431.064999999995	-103072.455	-17915.355	0.0	0.0	0.0	0.0	0.0	0.0	0.0	0.0	0.0	0.0	0.0	0.0	0.0	0.0	146.0	0.0	0.041442765	-0.097594965	1.0180638	0.8698199999999999	-0.5341	0.51884	3212259.0	1776544814.425395	0.0	1.0	-1.0	-1.0	-1.0	-1.0	-1.0	-1.0	-1.0	-1.0	0.0	marker	opened-hand	Open	15	0418
-66799.485	-53429.895	-103032.675	-17909.864999999998	0.0	0.0	0.0	0.0	0.0	0.0	0.0	0.0	0.0	0.0	0.0	0.0	0.0	0.0	146.0	0.0	0.041442765	-0.097594965	1.0180638	0.8698199999999999	-0.5341	0.51884	3212260.0	1776544814.425412	0.0	1.0	-1.0	-1.0	-1.0	-1.0	-1.0	-1.0	-1.0	-1.0	0.0	marker	opened-hand	Open	15	0418
-66723.525	-53422.064999999995	-103060.62	-17953.29	0.0	0.0	0.0	0.0	0.0	0.0	0.0	0.0	0.0	0.0	0.0	0.0	0.0	0.0	146.0	0.0	0.041442765	-0.097594965	1.0180638	0.8698199999999999	-0.5341	0.51884	3212261.0	1776544814.428644	0.0	1.0	-1.0	-1.0	-1.0	-1.0	-1.0	-1.0	-1.0	-1.0	0.0	marker	opened-hand	Open	15	0418
-66561.56999999999	-53404.92	-102867.84	-17781.12	0.0	0.0	0.0	0.0	0.0	0.0	0.0	0.0	0.0	0.0	0.0	0.0	0.0	0.0	146.0	0.0	0.041442765	-0.097594965	1.0180638	0.8698199999999999	-0.5341	0.51884	3212262.0	1776544814.42866	0.0	1.0	-1.0	-1.0	-1.0	-1.0	-1.0	-1.0	-1.0	-1.0	0.0	marker	opened-hand	Open	15	0418
-66790.70999999999	-53415.945	-102876.12	-17787.87	0.0	0.0	0.0	0.0	0.0	0.0	0.0	0.0	0.0	0.0	0.0	0.0	0.0	0.0	146.0	0.0	0.041442765	-0.097594965	1.0180638	0.8698199999999999	-0.5341	0.51884	3212263.0	1776544814.432711	0.0	1.0	-1.0	-1.0	-1.0	-1.0	-1.0	-1.0	-1.0	-1.0	0.0	marker	opened-hand	Open	15	0418
-66940.155	-53437.994999999995	-103079.15999999999	-17972.145	0.0	0.0	0.0	0.0	0.0	0.0	0.0	0.0	0.0	0.0	0.0	0.0	0.0	0.0	146.0	0.0	0.041442765	-0.097594965	1.0180638	0.8698199999999999	-0.5341	0.51884	3212264.0	1776544814.432733	0.0	1.0	-1.0	-1.0	-1.0	-1.0	-1.0	-1.0	-1.0	-1.0	0.0	marker	opened-hand	Open	15	0418
-66729.23999999999	-53437.905	-103077.855	-17939.16	0.0	0.0	0.0	0.0	0.0	0.0	0.0	0.0	0.0	0.0	0.0	0.0	0.0	0.0	146.0	0.0	0.041442765	-0.097594965	1.0180638	0.8698199999999999	-0.5341	0.51884	3212265.0	1776544814.436806	0.0	1.0	-1.0	-1.0	-1.0	-1.0	-1.0	-1.0	-1.0	-1.0	0.0	marker	opened-hand	Open	15	0418
-66634.875	-53435.34	-102939.435	-17798.04	0.0	0.0	0.0	0.0	0.0	0.0	0.0	0.0	0.0	0.0	0.0	0.0	0.0	0.0	146.0	0.0	0.041442765	-0.097594965	1.0180638	0.8698199999999999	-0.5341	0.51884	3212266.0	1776544814.436825	0.0	1.0	-1.0	-1.0	-1.0	-1.0	-1.0	-1.0	-1.0	-1.0	0.0	marker	opened-hand	Open	15	0418
-66839.44499999999	-53449.604999999996	-103035.69	-17879.175	0.0	0.0	0.0	0.0	0.0	0.0	0.0	0.0	0.0	0.0	0.0	0.0	0.0	0.0	146.0	0.0	0.048156615	-0.10119603	1.01659896	3.90656	-0.42728	0.5341	3212267.0	1776544814.443054	0.0	1.0	-1.0	-1.0	-1.0	-1.0	-1.0	-1.0	-1.0	-1.0	0.0	marker	opened-hand	Open	15	0418
-66934.70999999999	-53454.869999999995	-103062.19499999999	-17943.39	0.0	0.0	0.0	0.0	0.0	0.0	0.0	0.0	0.0	0.0	0.0	0.0	0.0	0.0	146.0	0.0	0.048156615	-0.10119603	1.01659896	3.90656	-0.42728	0.5341	3212268.0	1776544814.443072	0.0	1.0	-1.0	-1.0	-1.0	-1.0	-1.0	-1.0	-1.0	-1.0	0.0	marker	opened-hand	Open	15	0418
-66884.48999999999	-53459.415	-103050.62999999999	-17938.215	0.0	0.0	0.0	0.0	0.0	0.0	0.0	0.0	0.0	0.0	0.0	0.0	0.0	0.0	146.0	0.0	0.048156615	-0.10119603	1.01659896	3.90656	-0.42728	0.5341	3212269.0	1776544814.447008	0.0	1.0	-1.0	-1.0	-1.0	-1.0	-1.0	-1.0	-1.0	-1.0	0.0	marker	opened-hand	Open	15	0418
-66729.23999999999	-53454.329999999994	-103014.09	-17908.425	0.0	0.0	0.0	0.0	0.0	0.0	0.0	0.0	0.0	0.0	0.0	0.0	0.0	0.0	146.0	0.0	0.048156615	-0.10119603	1.01659896	3.90656	-0.42728	0.5341	3212270.0	1776544814.447031	0.0	1.0	-1.0	-1.0	-1.0	-1.0	-1.0	-1.0	-1.0	-1.0	0.0	marker	opened-hand	Open	15	0418
-66673.215	-53451.63	-102936.555	-17829.719999999998	0.0	0.0	0.0	0.0	0.0	0.0	0.0	0.0	0.0	0.0	0.0	0.0	0.0	0.0	146.0	0.0	0.048156615	-0.10119603	1.01659896	3.90656	-0.42728	0.5341	3212271.0	1776544814.448775	0.0	1.0	-1.0	-1.0	-1.0	-1.0	-1.0	-1.0	-1.0	-1.0	0.0	marker	opened-hand	Open	15	0418
-66781.62	-53456.445	-103023.72	-17933.895	0.0	0.0	0.0	0.0	0.0	0.0	0.0	0.0	0.0	0.0	0.0	0.0	0.0	0.0	146.0	0.0	0.048156615	-0.10119603	1.01659896	3.90656	-0.42728	0.5341	3212272.0	1776544814.448803	0.0	1.0	-1.0	-1.0	-1.0	-1.0	-1.0	-1.0	-1.0	-1.0	0.0	marker	opened-hand	Open	15	0418
-66903.795	-53456.265	-103111.29	-17994.149999999998	0.0	0.0	0.0	0.0	0.0	0.0	0.0	0.0	0.0	0.0	0.0	0.0	0.0	0.0	146.0	0.0	0.048156615	-0.10119603	1.01659896	3.90656	-0.42728	0.5341	3212273.0	1776544814.454811	0.0	1.0	-1.0	-1.0	-1.0	-1.0	-1.0	-1.0	-1.0	-1.0	0.0	marker	opened-hand	Open	15	0418
-66932.37	-53455.59	-103154.12999999999	-18036.225	0.0	0.0	0.0	0.0	0.0	0.0	0.0	0.0	0.0	0.0	0.0	0.0	0.0	0.0	146.0	0.0	0.048156615	-0.10119603	1.01659896	3.90656	-0.42728	0.5341	3212274.0	1776544814.454834	0.0	1.0	-1.0	-1.0	-1.0	-1.0	-1.0	-1.0	-1.0	-1.0	0.0	marker	opened-hand	Open	15	0418
-66859.92	-53441.595	-103107.69	-17998.739999999998	0.0	0.0	0.0	0.0	0.0	0.0	0.0	0.0	0.0	0.0	0.0	0.0	0.0	0.0	146.0	0.0	0.048156615	-0.10119603	1.01659896	3.90656	-0.42728	0.5341	3212275.0	1776544814.460644	0.0	1.0	-1.0	-1.0	-1.0	-1.0	-1.0	-1.0	-1.0	-1.0	0.0	marker	opened-hand	Open	15	0418
-66791.52	-53435.34	-103068.58499999999	-17941.32	0.0	0.0	0.0	0.0	0.0	0.0	0.0	0.0	0.0	0.0	0.0	0.0	0.0	0.0	146.0	0.0	0.048156615	-0.10119603	1.01659896	3.90656	-0.42728	0.5341	3212276.0	1776544814.460662	0.0	1.0	-1.0	-1.0	-1.0	-1.0	-1.0	-1.0	-1.0	-1.0	0.0	marker	opened-hand	Open	15	0418
-66726.495	-53429.49	-102961.89	-17833.635	0.0	0.0	0.0	0.0	0.0	0.0	0.0	0.0	0.0	0.0	0.0	0.0	0.0	0.0	146.0	0.0	0.05175768	-0.10229466	1.00976304	2.77732	-0.39676	-0.18312	3212277.0	1776544814.462257	0.0	1.0	-1.0	-1.0	-1.0	-1.0	-1.0	-1.0	-1.0	-1.0	0.0	marker	opened-hand	Open	15	0418
-66549.015	-53412.165	-102691.485	-17569.665	0.0	0.0	0.0	0.0	0.0	0.0	0.0	0.0	0.0	0.0	0.0	0.0	0.0	0.0	146.0	0.0	0.05175768	-0.10229466	1.00976304	2.77732	-0.39676	-0.18312	3212278.0	1776544814.462272	0.0	1.0	-1.0	-1.0	-1.0	-1.0	-1.0	-1.0	-1.0	-1.0	0.0	marker	opened-hand	Open	15	0418
-66504.78	-53412.479999999996	-102580.92	-17504.505	0.0	0.0	0.0	0.0	0.0	0.0	0.0	0.0	0.0	0.0	0.0	0.0	0.0	0.0	146.0	0.0	0.05175768	-0.10229466	1.00976304	2.77732	-0.39676	-0.18312	3212279.0	1776544814.4648	0.0	1.0	-1.0	-1.0	-1.0	-1.0	-1.0	-1.0	-1.0	-1.0	0.0	marker	opened-hand	Open	15	0418
-66665.11499999999	-53432.1	-102801.105	-17730.63	0.0	0.0	0.0	0.0	0.0	0.0	0.0	0.0	0.0	0.0	0.0	0.0	0.0	0.0	146.0	0.0	0.05175768	-0.10229466	1.00976304	2.77732	-0.39676	-0.18312	3212280.0	1776544814.464816	0.0	1.0	-1.0	-1.0	-1.0	-1.0	-1.0	-1.0	-1.0	-1.0	0.0	marker	opened-hand	Open	15	0418
-66808.755	-53439.704999999994	-103008.915	-17868.465	0.0	0.0	0.0	0.0	0.0	0.0	0.0	0.0	0.0	0.0	0.0	0.0	0.0	0.0	146.0	0.0	0.05175768	-0.10229466	1.00976304	2.77732	-0.39676	-0.18312	3212281.0	1776544814.46884	0.0	1.0	-1.0	-1.0	-1.0	-1.0	-1.0	-1.0	-1.0	-1.0	0.0	marker	opened-hand	Open	15	0418
-67011.435	-53448.345	-103271.715	-18141.975	0.0	0.0	0.0	0.0	0.0	0.0	0.0	0.0	0.0	0.0	0.0	0.0	0.0	0.0	146.0	0.0	0.05175768	-0.10229466	1.00976304	2.77732	-0.39676	-0.18312	3212282.0	1776544814.46886	0.0	1.0	-1.0	-1.0	-1.0	-1.0	-1.0	-1.0	-1.0	-1.0	0.0	marker	opened-hand	Open	15	0418
-67003.33499999999	-53440.74	-103347.54	-18221.219999999998	0.0	0.0	0.0	0.0	0.0	0.0	0.0	0.0	0.0	0.0	0.0	0.0	0.0	0.0	146.0	0.0	0.05175768	-0.10229466	1.00976304	2.77732	-0.39676	-0.18312	3212283.0	1776544814.472872	0.0	1.0	-1.0	-1.0	-1.0	-1.0	-1.0	-1.0	-1.0	-1.0	0.0	marker	opened-hand	Open	15	0418
-66878.81999999999	-53431.829999999994	-103209.795	-18053.325	0.0	0.0	0.0	0.0	0.0	0.0	0.0	0.0	0.0	0.0	0.0	0.0	0.0	0.0	146.0	0.0	0.05175768	-0.10229466	1.00976304	2.77732	-0.39676	-0.18312	3212284.0	1776544814.472894	0.0	1.0	-1.0	-1.0	-1.0	-1.0	-1.0	-1.0	-1.0	-1.0	0.0	marker	opened-hand	Open	15	0418
-66729.285	-53414.729999999996	-102951.495	-17801.864999999998	0.0	0.0	0.0	0.0	0.0	0.0	0.0	0.0	0.0	0.0	0.0	0.0	0.0	0.0	146.0	0.0	0.05175768	-0.10229466	1.00976304	2.77732	-0.39676	-0.18312	3212285.0	1776544814.478663	0.0	1.0	-1.0	-1.0	-1.0	-1.0	-1.0	-1.0	-1.0	-1.0	0.0	marker	opened-hand	Open	15	0418
-66520.485	-53387.729999999996	-102597.75	-17522.505	0.0	0.0	0.0	0.0	0.0	0.0	0.0	0.0	0.0	0.0	0.0	0.0	0.0	0.0	146.0	0.0	0.05175768	-0.10229466	1.00976304	2.77732	-0.39676	-0.18312	3212286.0	1776544814.478679	0.0	1.0	-1.0	-1.0	-1.0	-1.0	-1.0	-1.0	-1.0	-1.0	0.0	marker	opened-hand	Open	15	0418
-66347.685	-53382.869999999995	-102478.72499999999	-17434.079999999998	0.0	0.0	0.0	0.0	0.0	0.0	0.0	0.0	0.0	0.0	0.0	0.0	0.0	0.0	146.0	0.0	0.05029284	-0.103454325	1.00903062	1.4191799999999999	0.25942	-0.28994	3212287.0	1776544814.480968	0.0	1.0	-1.0	-1.0	-1.0	-1.0	-1.0	-1.0	-1.0	-1.0	0.0	marker	opened-hand	Open	15	0418
-66768.93	-53440.29	-102854.925	-17724.96	0.0	0.0	0.0	0.0	0.0	0.0	0.0	0.0	0.0	0.0	0.0	0.0	0.0	0.0	146.0	0.0	0.05029284	-0.103454325	1.00903062	1.4191799999999999	0.25942	-0.28994	3212288.0	1776544814.480983	0.0	1.0	-1.0	-1.0	-1.0	-1.0	-1.0	-1.0	-1.0	-1.0	0.0	marker	opened-hand	Open	15	0418
-67026.555	-53500.95	-103272.48	-18120.239999999998	0.0	0.0	0.0	0.0	0.0	0.0	0.0	0.0	0.0	0.0	0.0	0.0	0.0	0.0	146.0	0.0	0.05029284	-0.103454325	1.00903062	1.4191799999999999	0.25942	-0.28994	3212289.0	1776544814.48498	0.0	1.0	-1.0	-1.0	-1.0	-1.0	-1.0	-1.0	-1.0	-1.0	0.0	marker	opened-hand	Open	15	0418
-67044.825	-53501.895	-103316.265	-18230.579999999998	0.0	0.0	0.0	0.0	0.0	0.0	0.0	0.0	0.0	0.0	0.0	0.0	0.0	0.0	146.0	0.0	0.05029284	-0.103454325	1.00903062	1.4191799999999999	0.25942	-0.28994	3212290.0	1776544814.484999	0.0	1.0	-1.0	-1.0	-1.0	-1.0	-1.0	-1.0	-1.0	-1.0	0.0	marker	opened-hand	Open	15	0418
-66947.94	-53502.21	-103221.45	-18131.13	0.0	0.0	0.0	0.0	0.0	0.0	0.0	0.0	0.0	0.0	0.0	0.0	0.0	0.0	146.0	0.0	0.05029284	-0.103454325	1.00903062	1.4191799999999999	0.25942	-0.28994	3212291.0	1776544814.488967	0.0	1.0	-1.0	-1.0	-1.0	-1.0	-1.0	-1.0	-1.0	-1.0	0.0	marker	opened-hand	Open	15	0418
-66644.86499999999	-53492.445	-102982.995	-17878.86	0.0	0.0	0.0	0.0	0.0	0.0	0.0	0.0	0.0	0.0	0.0	0.0	0.0	0.0	146.0	0.0	0.05029284	-0.103454325	1.00903062	1.4191799999999999	0.25942	-0.28994	3212292.0	1776544814.488991	0.0	1.0	-1.0	-1.0	-1.0	-1.0	-1.0	-1.0	-1.0	-1.0	0.0	marker	opened-hand	Open	15	0418
-66735.315	-53503.92	-102920.53499999999	-17826.075	0.0	0.0	0.0	0.0	0.0	0.0	0.0	0.0	0.0	0.0	0.0	0.0	0.0	0.0	146.0	0.0	0.05029284	-0.103454325	1.00903062	1.4191799999999999	0.25942	-0.28994	3212293.0	1776544814.493023	0.0	1.0	-1.0	-1.0	-1.0	-1.0	-1.0	-1.0	-1.0	-1.0	0.0	marker	opened-hand	Open	15	0418
-66746.88	-53502.659999999996	-102812.4	-17769.465	0.0	0.0	0.0	0.0	0.0	0.0	0.0	0.0	0.0	0.0	0.0	0.0	0.0	0.0	146.0	0.0	0.05029284	-0.103454325	1.00903062	1.4191799999999999	0.25942	-0.28994	3212294.0	1776544814.493047	0.0	1.0	-1.0	-1.0	-1.0	-1.0	-1.0	-1.0	-1.0	-1.0	0.0	marker	opened-hand	Open	15	0418
-66780.09	-53506.575	-102837.33	-17742.42	0.0	0.0	0.0	0.0	0.0	0.0	0.0	0.0	0.0	0.0	0.0	0.0	0.0	0.0	146.0	0.0	0.05029284	-0.103454325	1.00903062	1.4191799999999999	0.25942	-0.28994	3212295.0	1776544814.498049	0.0	1.0	-1.0	-1.0	-1.0	-1.0	-1.0	-1.0	-1.0	-1.0	0.0	marker	opened-hand	Open	15	0418
-66916.17	-53536.229999999996	-103194.135	-18038.07	0.0	0.0	0.0	0.0	0.0	0.0	0.0	0.0	0.0	0.0	0.0	0.0	0.0	0.0	146.0	0.0	0.05029284	-0.103454325	1.00903062	1.4191799999999999	0.25942	-0.28994	3212296.0	1776544814.498088	0.0	1.0	-1.0	-1.0	-1.0	-1.0	-1.0	-1.0	-1.0	-1.0	0.0	marker	opened-hand	Open	15	0418
-66908.43	-53551.979999999996	-103275.9	-18130.77	0.0	0.0	0.0	0.0	0.0	0.0	0.0	0.0	0.0	0.0	0.0	0.0	0.0	0.0	146.0	0.0	0.045104865	-0.107360565	1.011288915	2.9757	0.59514	-0.9613799999999999	3212297.0	1776544814.500993	0.0	1.0	-1.0	-1.0	-1.0	-1.0	-1.0	-1.0	-1.0	-1.0	0.0	marker	opened-hand	Open	15	0418
-66854.16	-53538.525	-103071.105	-17933.085	0.0	0.0	0.0	0.0	0.0	0.0	0.0	0.0	0.0	0.0	0.0	0.0	0.0	0.0	146.0	0.0	0.045104865	-0.107360565	1.011288915	2.9757	0.59514	-0.9613799999999999	3212298.0	1776544814.501017	0.0	1.0	-1.0	-1.0	-1.0	-1.0	-1.0	-1.0	-1.0	-1.0	0.0	marker	opened-hand	Open	15	0418
-66800.25	-53524.755	-102991.68	-17872.335	0.0	0.0	0.0	0.0	0.0	0.0	0.0	0.0	0.0	0.0	0.0	0.0	0.0	0.0	146.0	0.0	0.045104865	-0.107360565	1.011288915	2.9757	0.59514	-0.9613799999999999	3212299.0	1776544814.50504	0.0	1.0	-1.0	-1.0	-1.0	-1.0	-1.0	-1.0	-1.0	-1.0	0.0	marker	opened-hand	Open	15	0418
-66795.61499999999	-53519.22	-102972.825	-17840.79	0.0	0.0	0.0	0.0	0.0	0.0	0.0	0.0	0.0	0.0	0.0	0.0	0.0	0.0	146.0	0.0	0.045104865	-0.107360565	1.011288915	2.9757	0.59514	-0.9613799999999999	3212300.0	1776544814.505054	0.0	1.0	-1.0	-1.0	-1.0	-1.0	-1.0	-1.0	-1.0	-1.0	0.0	marker	opened-hand	Open	15	0418
-66623.58	-53501.445	-102768.705	-17665.695	0.0	0.0	0.0	0.0	0.0	0.0	0.0	0.0	0.0	0.0	0.0	0.0	0.0	0.0	146.0	0.0	0.045104865	-0.107360565	1.011288915	2.9757	0.59514	-0.9613799999999999	3212301.0	1776544814.509017	0.0	1.0	-1.0	-1.0	-1.0	-1.0	-1.0	-1.0	-1.0	-1.0	0.0	marker	opened-hand	Open	15	0418
-66502.035	-53481.645	-102676.5	-17576.01	0.0	0.0	0.0	0.0	0.0	0.0	0.0	0.0	0.0	0.0	0.0	0.0	0.0	0.0	146.0	0.0	0.045104865	-0.107360565	1.011288915	2.9757	0.59514	-0.9613799999999999	3212302.0	1776544814.509033	0.0	1.0	-1.0	-1.0	-1.0	-1.0	-1.0	-1.0	-1.0	-1.0	0.0	marker	opened-hand	Open	15	0418
-66828.555	-53507.43	-103125.105	-17987.895	0.0	0.0	0.0	0.0	0.0	0.0	0.0	0.0	0.0	0.0	0.0	0.0	0.0	0.0	146.0	0.0	0.045104865	-0.107360565	1.011288915	2.9757	0.59514	-0.9613799999999999	3212303.0	1776544814.512944	0.0	1.0	-1.0	-1.0	-1.0	-1.0	-1.0	-1.0	-1.0	-1.0	0.0	marker	opened-hand	Open	15	0418
-66924.135	-53536.454999999994	-103202.50499999999	-18033.704999999998	0.0	0.0	0.0	0.0	0.0	0.0	0.0	0.0	0.0	0.0	0.0	0.0	0.0	0.0	146.0	0.0	0.045104865	-0.107360565	1.011288915	2.9757	0.59514	-0.9613799999999999	3212304.0	1776544814.512956	0.0	1.0	-1.0	-1.0	-1.0	-1.0	-1.0	-1.0	-1.0	-1.0	0.0	marker	opened-hand	Open	15	0418
-67002.93	-53555.085	-103262.22	-18123.93	0.0	0.0	0.0	0.0	0.0	0.0	0.0	0.0	0.0	0.0	0.0	0.0	0.0	0.0	146.0	0.0	0.045104865	-0.107360565	1.011288915	2.9757	0.59514	-0.9613799999999999	3212305.0	1776544814.522115	0.0	1.0	-1.0	-1.0	-1.0	-1.0	-1.0	-1.0	-1.0	-1.0	0.0	marker	opened-hand	Open	15	0418
-66917.61	-53551.619999999995	-103160.34	-18052.829999999998	0.0	0.0	0.0	0.0	0.0	0.0	0.0	0.0	0.0	0.0	0.0	0.0	0.0	0.0	146.0	0.0	0.045104865	-0.107360565	1.011288915	2.9757	0.59514	-0.9613799999999999	3212306.0	1776544814.522144	0.0	1.0	-1.0	-1.0	-1.0	-1.0	-1.0	-1.0	-1.0	-1.0	0.0	marker	opened-hand	Open	15	0418
-66796.69499999999	-53539.244999999995	-103057.83	-17940.915	0.0	0.0	0.0	0.0	0.0	0.0	0.0	0.0	0.0	0.0	0.0	0.0	0.0	0.0	146.0	0.0	0.04467762	-0.105163305	1.011899265	4.0439	0.71722	-1.11398	3212307.0	1776544814.525109	0.0	1.0	-1.0	-1.0	-1.0	-1.0	-1.0	-1.0	-1.0	-1.0	0.0	marker	opened-hand	Open	15	0418
-66681.765	-53527.86	-102950.64	-17844.434999999998	0.0	0.0	0.0	0.0	0.0	0.0	0.0	0.0	0.0	0.0	0.0	0.0	0.0	0.0	146.0	0.0	0.04467762	-0.105163305	1.011899265	4.0439	0.71722	-1.11398	3212308.0	1776544814.525125	0.0	1.0	-1.0	-1.0	-1.0	-1.0	-1.0	-1.0	-1.0	-1.0	0.0	marker	opened-hand	Open	15	0418
-66688.47	-53529.39	-102831.65999999999	-17739.765	0.0	0.0	0.0	0.0	0.0	0.0	0.0	0.0	0.0	0.0	0.0	0.0	0.0	0.0	146.0	0.0	0.04467762	-0.105163305	1.011899265	4.0439	0.71722	-1.11398	3212309.0	1776544814.52515	0.0	1.0	-1.0	-1.0	-1.0	-1.0	-1.0	-1.0	-1.0	-1.0	0.0	marker	opened-hand	Open	15	0418
-66847.86	-53552.52	-102981.87	-17888.715	0.0	0.0	0.0	0.0	0.0	0.0	0.0	0.0	0.0	0.0	0.0	0.0	0.0	0.0	146.0	0.0	0.04467762	-0.105163305	1.011899265	4.0439	0.71722	-1.11398	3212310.0	1776544814.525162	0.0	1.0	-1.0	-1.0	-1.0	-1.0	-1.0	-1.0	-1.0	-1.0	0.0	marker	opened-hand	Open	15	0418
-66853.8	-53562.509999999995	-103065.39	-17948.79	0.0	0.0	0.0	0.0	0.0	0.0	0.0	0.0	0.0	0.0	0.0	0.0	0.0	0.0	146.0	0.0	0.04467762	-0.105163305	1.011899265	4.0439	0.71722	-1.11398	3212311.0	1776544814.529135	0.0	1.0	-1.0	-1.0	-1.0	-1.0	-1.0	-1.0	-1.0	-1.0	0.0	marker	opened-hand	Open	15	0418
-66760.245	-53565.57	-102972.15	-17835.795	0.0	0.0	0.0	0.0	0.0	0.0	0.0	0.0	0.0	0.0	0.0	0.0	0.0	0.0	146.0	0.0	0.04467762	-0.105163305	1.011899265	4.0439	0.71722	-1.11398	3212312.0	1776544814.52915	0.0	1.0	-1.0	-1.0	-1.0	-1.0	-1.0	-1.0	-1.0	-1.0	0.0	marker	opened-hand	Open	15	0418
-66725.28	-53576.369999999995	-103054.095	-17920.89	0.0	0.0	0.0	0.0	0.0	0.0	0.0	0.0	0.0	0.0	0.0	0.0	0.0	0.0	146.0	0.0	0.04467762	-0.105163305	1.011899265	4.0439	0.71722	-1.11398	3212313.0	1776544814.533114	0.0	1.0	-1.0	-1.0	-1.0	-1.0	-1.0	-1.0	-1.0	-1.0	0.0	marker	opened-hand	Open	15	0418
-66676.68	-53581.005	-103074.705	-17938.665	0.0	0.0	0.0	0.0	0.0	0.0	0.0	0.0	0.0	0.0	0.0	0.0	0.0	0.0	146.0	0.0	0.04467762	-0.105163305	1.011899265	4.0439	0.71722	-1.11398	3212314.0	1776544814.53314	0.0	1.0	-1.0	-1.0	-1.0	-1.0	-1.0	-1.0	-1.0	-1.0	0.0	marker	opened-hand	Open	15	0418
-66560.4	-53563.95	-102729.465	-17625.239999999998	0.0	0.0	0.0	0.0	0.0	0.0	0.0	0.0	0.0	0.0	0.0	0.0	0.0	0.0	146.0	0.0	0.04467762	-0.105163305	1.011899265	4.0439	0.71722	-1.11398	3212315.0	1776544814.537207	0.0	1.0	-1.0	-1.0	-1.0	-1.0	-1.0	-1.0	-1.0	-1.0	0.0	marker	opened-hand	Open	15	0418
-66649.68	-53562.735	-102677.94	-17531.64	0.0	0.0	0.0	0.0	0.0	0.0	0.0	0.0	0.0	0.0	0.0	0.0	0.0	0.0	146.0	0.0	0.04467762	-0.105163305	1.011899265	4.0439	0.71722	-1.11398	3212316.0	1776544814.53723	0.0	1.0	-1.0	-1.0	-1.0	-1.0	-1.0	-1.0	-1.0	-1.0	0.0	marker	opened-hand	Open	15	0418
-66889.17	-53579.655	-103014.135	-17915.445	0.0	0.0	0.0	0.0	0.0	0.0	0.0	0.0	0.0	0.0	0.0	0.0	0.0	0.0	146.0	0.0	0.047057985000000004	-0.10021947	1.010800635	3.6318799999999998	0.51884	-0.6103999999999999	3212317.0	1776544814.541179	0.0	1.0	-1.0	-1.0	-1.0	-1.0	-1.0	-1.0	-1.0	-1.0	0.0	marker	opened-hand	Open	15	0418
-66925.665	-53589.509999999995	-103168.17	-18061.469999999998	0.0	0.0	0.0	0.0	0.0	0.0	0.0	0.0	0.0	0.0	0.0	0.0	0.0	0.0	146.0	0.0	0.047057985000000004	-0.10021947	1.010800635	3.6318799999999998	0.51884	-0.6103999999999999	3212318.0	1776544814.541194	0.0	1.0	-1.0	-1.0	-1.0	-1.0	-1.0	-1.0	-1.0	-1.0	0.0	marker	opened-hand	Open	15	0418
-66880.53	-53578.89	-103062.015	-17946.09	0.0	0.0	0.0	0.0	0.0	0.0	0.0	0.0	0.0	0.0	0.0	0.0	0.0	0.0	146.0	0.0	0.047057985000000004	-0.10021947	1.010800635	3.6318799999999998	0.51884	-0.6103999999999999	3212319.0	1776544814.545203	0.0	1.0	-1.0	-1.0	-1.0	-1.0	-1.0	-1.0	-1.0	-1.0	0.0	marker	opened-hand	Open	15	0418
-66874.68	-53573.13	-103015.75499999999	-17929.215	0.0	0.0	0.0	0.0	0.0	0.0	0.0	0.0	0.0	0.0	0.0	0.0	0.0	0.0	146.0	0.0	0.047057985000000004	-0.10021947	1.010800635	3.6318799999999998	0.51884	-0.6103999999999999	3212320.0	1776544814.545227	0.0	1.0	-1.0	-1.0	-1.0	-1.0	-1.0	-1.0	-1.0	-1.0	0.0	marker	opened-hand	Open	15	0418
-66862.44	-53585.145	-103169.565	-18079.92	0.0	0.0	0.0	0.0	0.0	0.0	0.0	0.0	0.0	0.0	0.0	0.0	0.0	0.0	146.0	0.0	0.047057985000000004	-0.10021947	1.010800635	3.6318799999999998	0.51884	-0.6103999999999999	3212321.0	1776544814.555192	0.0	1.0	-1.0	-1.0	-1.0	-1.0	-1.0	-1.0	-1.0	-1.0	0.0	marker	opened-hand	Open	15	0418
-66777.795	-53587.259999999995	-103095.98999999999	-18001.98	0.0	0.0	0.0	0.0	0.0	0.0	0.0	0.0	0.0	0.0	0.0	0.0	0.0	0.0	146.13793103448276	0.0	0.047057985000000004	-0.10021947	1.010800635	3.6318799999999998	0.51884	-0.6103999999999999	3212322.0	1776544814.555219	0.0	1.0	-1.0	-1.0	-1.0	-1.0	-1.0	-1.0	-1.0	-1.0	0.0	marker	opened-hand	Open	15	0418
-66777.795	-53587.259999999995	-103095.98999999999	-18001.98	0.0	0.0	0.0	0.0	0.0	0.0	0.0	0.0	0.0	0.0	0.0	0.0	0.0	0.0	146.13793103448276	0.0	0.047057985000000004	-0.10021947	1.010800635	3.6318799999999998	0.51884	-0.6103999999999999	3212323.0	1776544814.557306	0.0	1.0	-1.0	-1.0	-1.0	-1.0	-1.0	-1.0	-1.0	-1.0	0.0	marker	opened-hand	Open	15	0418
-66777.795	-53587.259999999995	-103095.98999999999	-18001.98	0.0	0.0	0.0	0.0	0.0	0.0	0.0	0.0	0.0	0.0	0.0	0.0	0.0	0.0	146.13793103448276	0.0	0.047057985000000004	-0.10021947	1.010800635	3.6318799999999998	0.51884	-0.6103999999999999	3212324.0	1776544814.557326	0.0	1.0	-1.0	-1.0	-1.0	-1.0	-1.0	-1.0	-1.0	-1.0	0.0	marker	opened-hand	Open	15	0418
-66777.795	-53587.259999999995	-103095.98999999999	-18001.98	0.0	0.0	0.0	0.0	0.0	0.0	0.0	0.0	0.0	0.0	0.0	0.0	0.0	0.0	146.13793103448276	0.0	0.047057985000000004	-0.10021947	1.010800635	3.6318799999999998	0.51884	-0.6103999999999999	3212325.0	1776544814.557335	0.0	1.0	-1.0	-1.0	-1.0	-1.0	-1.0	-1.0	-1.0	-1.0	0.0	marker	opened-hand	Open	15	0418
-66777.795	-53587.259999999995	-103095.98999999999	-18001.98	0.0	0.0	0.0	0.0	0.0	0.0	0.0	0.0	0.0	0.0	0.0	0.0	0.0	0.0	146.13793103448276	0.0	0.047057985000000004	-0.10021947	1.010800635	3.6318799999999998	0.51884	-0.6103999999999999	3212326.0	1776544814.557343	0.0	1.0	-1.0	-1.0	-1.0	-1.0	-1.0	-1.0	-1.0	-1.0	0.0	marker	opened-hand	Open	15	0418
-66902.895	-53436.96	-103019.08499999999	-17895.78	0.0	0.0	0.0	0.0	0.0	0.0	0.0	0.0	0.0	0.0	0.0	0.0	0.0	0.0	146.13793103448276	0.0	0.04492176	-0.09350562	1.013974455	1.8312	0.09156	-0.19838	3212329.0	1776544814.568917	0.0	1.0	-1.0	-1.0	-1.0	-1.0	-1.0	-1.0	-1.0	-1.0	0.0	marker	opened-hand	Open	15	0418
-66975.39	-53443.305	-103182.61499999999	-18068.535	0.0	0.0	0.0	0.0	0.0	0.0	0.0	0.0	0.0	0.0	0.0	0.0	0.0	0.0	146.13793103448276	0.0	0.04492176	-0.09350562	1.013974455	1.8312	0.09156	-0.19838	3212330.0	1776544814.568942	0.0	1.0	-1.0	-1.0	-1.0	-1.0	-1.0	-1.0	-1.0	-1.0	0.0	marker	opened-hand	Open	15	0418
-66976.515	-53447.174999999996	-103229.73	-18041.805	0.0	0.0	0.0	0.0	0.0	0.0	0.0	0.0	0.0	0.0	0.0	0.0	0.0	0.0	146.13793103448276	0.0	0.04492176	-0.09350562	1.013974455	1.8312	0.09156	-0.19838	3212331.0	1776544814.570169	0.0	1.0	-1.0	-1.0	-1.0	-1.0	-1.0	-1.0	-1.0	-1.0	0.0	marker	opened-hand	Open	15	0418
-66865.23	-53441.009999999995	-103044.51	-17863.29	0.0	0.0	0.0	0.0	0.0	0.0	0.0	0.0	0.0	0.0	0.0	0.0	0.0	0.0	146.13793103448276	0.0	0.04492176	-0.09350562	1.013974455	1.8312	0.09156	-0.19838	3212332.0	1776544814.570191	0.0	1.0	-1.0	-1.0	-1.0	-1.0	-1.0	-1.0	-1.0	-1.0	0.0	marker	opened-hand	Open	15	0418
-66800.97	-53431.02	-102941.14499999999	-17799.795	0.0	0.0	0.0	0.0	0.0	0.0	0.0	0.0	0.0	0.0	0.0	0.0	0.0	0.0	146.13793103448276	0.0	0.04492176	-0.09350562	1.013974455	1.8312	0.09156	-0.19838	3212333.0	1776544814.574312	0.0	1.0	-1.0	-1.0	-1.0	-1.0	-1.0	-1.0	-1.0	-1.0	0.0	marker	opened-hand	Open	15	0418
-66903.12	-53433.63	-103136.805	-18029.295	0.0	0.0	0.0	0.0	0.0	0.0	0.0	0.0	0.0	0.0	0.0	0.0	0.0	0.0	146.13793103448276	0.0	0.04492176	-0.09350562	1.013974455	1.8312	0.09156	-0.19838	3212334.0	1776544814.57434	0.0	1.0	-1.0	-1.0	-1.0	-1.0	-1.0	-1.0	-1.0	-1.0	0.0	marker	opened-hand	Open	15	0418
-66868.965	-53423.865	-103172.265	-18081.63	0.0	0.0	0.0	0.0	0.0	0.0	0.0	0.0	0.0	0.0	0.0	0.0	0.0	0.0	146.13793103448276	0.0	0.04492176	-0.09350562	1.013974455	1.8312	0.09156	-0.19838	3212335.0	1776544814.578443	0.0	1.0	-1.0	-1.0	-1.0	-1.0	-1.0	-1.0	-1.0	-1.0	0.0	marker	opened-hand	Open	15	0418
-66809.205	-53414.549999999996	-103034.79	-17892.495	0.0	0.0	0.0	0.0	0.0	0.0	0.0	0.0	0.0	0.0	0.0	0.0	0.0	0.0	146.13793103448276	0.0	0.04492176	-0.09350562	1.013974455	1.8312	0.09156	-0.19838	3212336.0	1776544814.578465	0.0	1.0	-1.0	-1.0	-1.0	-1.0	-1.0	-1.0	-1.0	-1.0	0.0	marker	opened-hand	Open	15	0418
-66597.61499999999	-53401.634999999995	-102771.405	-17638.47	0.0	0.0	0.0	0.0	0.0	0.0	0.0	0.0	0.0	0.0	0.0	0.0	0.0	0.0	146.13793103448276	0.0	0.04492176	-0.09350562	1.013974455	1.8312	0.09156	-0.19838	3212337.0	1776544814.586641	0.0	1.0	-1.0	-1.0	-1.0	-1.0	-1.0	-1.0	-1.0	-1.0	0.0	marker	opened-hand	Open	15	0418
-66557.295	-53414.775	-102880.62	-17776.62	0.0	0.0	0.0	0.0	0.0	0.0	0.0	0.0	0.0	0.0	0.0	0.0	0.0	0.0	146.13793103448276	0.0	0.04492176	-0.09350562	1.013974455	1.8312	0.09156	-0.19838	3212338.0	1776544814.586671	0.0	1.0	-1.0	-1.0	-1.0	-1.0	-1.0	-1.0	-1.0	-1.0	0.0	marker	opened-hand	Open	15	0418
-66813.20999999999	-53435.88	-103149.135	-18013.86	0.0	0.0	0.0	0.0	0.0	0.0	0.0	0.0	0.0	0.0	0.0	0.0	0.0	0.0	146.13793103448276	0.0	0.044006235	-0.09655737	1.01403549	2.79258	0.03052	0.25942	3212339.0	1776544814.586701	0.0	1.0	-1.0	-1.0	-1.0	-1.0	-1.0	-1.0	-1.0	-1.0	0.0	marker	opened-hand	Open	15	0418
-67051.575	-53442.045	-103261.86	-18107.82	0.0	0.0	0.0	0.0	0.0	0.0	0.0	0.0	0.0	0.0	0.0	0.0	0.0	0.0	146.13793103448276	0.0	0.044006235	-0.09655737	1.01403549	2.79258	0.03052	0.25942	3212340.0	1776544814.586716	0.0	1.0	-1.0	-1.0	-1.0	-1.0	-1.0	-1.0	-1.0	-1.0	0.0	marker	opened-hand	Open	15	0418
-66997.17	-53426.204999999994	-103166.64	-18049.184999999998	0.0	0.0	0.0	0.0	0.0	0.0	0.0	0.0	0.0	0.0	0.0	0.0	0.0	0.0	146.13793103448276	0.0	0.044006235	-0.09655737	1.01403549	2.79258	0.03052	0.25942	3212341.0	1776544814.59089	0.0	1.0	-1.0	-1.0	-1.0	-1.0	-1.0	-1.0	-1.0	-1.0	0.0	marker	opened-hand	Open	15	0418
-66910.185	-53412.075	-103132.53	-18048.105	0.0	0.0	0.0	0.0	0.0	0.0	0.0	0.0	0.0	0.0	0.0	0.0	0.0	0.0	146.13793103448276	0.0	0.044006235	-0.09655737	1.01403549	2.79258	0.03052	0.25942	3212342.0	1776544814.590907	0.0	1.0	-1.0	-1.0	-1.0	-1.0	-1.0	-1.0	-1.0	-1.0	0.0	marker	opened-hand	Open	15	0418
-66727.53	-53400.645	-102993.93	-17898.614999999998	0.0	0.0	0.0	0.0	0.0	0.0	0.0	0.0	0.0	0.0	0.0	0.0	0.0	0.0	146.13793103448276	0.0	0.044006235	-0.09655737	1.01403549	2.79258	0.03052	0.25942	3212343.0	1776544814.593347	0.0	1.0	-1.0	-1.0	-1.0	-1.0	-1.0	-1.0	-1.0	-1.0	0.0	marker	opened-hand	Open	15	0418
-66600.27	-53400.78	-102846.06	-17743.68	0.0	0.0	0.0	0.0	0.0	0.0	0.0	0.0	0.0	0.0	0.0	0.0	0.0	0.0	146.13793103448276	0.0	0.044006235	-0.09655737	1.01403549	2.79258	0.03052	0.25942	3212344.0	1776544814.593365	0.0	1.0	-1.0	-1.0	-1.0	-1.0	-1.0	-1.0	-1.0	-1.0	0.0	marker	opened-hand	Open	15	0418
-66741.97499999999	-53403.615	-102931.47	-17813.16	0.0	0.0	0.0	0.0	0.0	0.0	0.0	0.0	0.0	0.0	0.0	0.0	0.0	0.0	146.13793103448276	0.0	0.044006235	-0.09655737	1.01403549	2.79258	0.03052	0.25942	3212345.0	1776544814.5975	0.0	1.0	-1.0	-1.0	-1.0	-1.0	-1.0	-1.0	-1.0	-1.0	0.0	marker	opened-hand	Open	15	0418
-66881.79	-53416.395	-103135.14	-17994.239999999998	0.0	0.0	0.0	0.0	0.0	0.0	0.0	0.0	0.0	0.0	0.0	0.0	0.0	0.0	146.13793103448276	0.0	0.044006235	-0.09655737	1.01403549	2.79258	0.03052	0.25942	3212346.0	1776544814.597522	0.0	1.0	-1.0	-1.0	-1.0	-1.0	-1.0	-1.0	-1.0	-1.0	0.0	marker	opened-hand	Open	15	0418
-66903.75	-53431.11	-103132.44	-18014.175	0.0	0.0	0.0	0.0	0.0	0.0	0.0	0.0	0.0	0.0	0.0	0.0	0.0	0.0	146.13793103448276	0.0	0.044006235	-0.09655737	1.01403549	2.79258	0.03052	0.25942	3212347.0	1776544814.601409	0.0	1.0	-1.0	-1.0	-1.0	-1.0	-1.0	-1.0	-1.0	-1.0	0.0	marker	opened-hand	Open	15	0418
-66835.935	-53432.729999999996	-103109.53499999999	-18008.82	0.0	0.0	0.0	0.0	0.0	0.0	0.0	0.0	0.0	0.0	0.0	0.0	0.0	0.0	146.13793103448276	0.0	0.044006235	-0.09655737	1.01403549	2.79258	0.03052	0.25942	3212348.0	1776544814.601428	0.0	1.0	-1.0	-1.0	-1.0	-1.0	-1.0	-1.0	-1.0	-1.0	0.0	marker	opened-hand	Open	15	0418
-66745.53	-53430.884999999995	-103014.45	-17918.46	0.0	0.0	0.0	0.0	0.0	0.0	0.0	0.0	0.0	0.0	0.0	0.0	0.0	0.0	146.13793103448276	0.0	0.05078112	-0.1025388	1.01366928	2.45686	-0.2289	-0.27468	3212349.0	1776544814.605401	0.0	1.0	-1.0	-1.0	-1.0	-1.0	-1.0	-1.0	-1.0	-1.0	0.0	marker	opened-hand	Open	15	0418
-66558.23999999999	-53414.82	-102755.97	-17666.19	0.0	0.0	0.0	0.0	0.0	0.0	0.0	0.0	0.0	0.0	0.0	0.0	0.0	0.0	146.13793103448276	0.0	0.05078112	-0.1025388	1.01366928	2.45686	-0.2289	-0.27468	3212350.0	1776544814.605428	0.0	1.0	-1.0	-1.0	-1.0	-1.0	-1.0	-1.0	-1.0	-1.0	0.0	marker	opened-hand	Open	15	0418
-66550.995	-53414.055	-102669.795	-17568.765	0.0	0.0	0.0	0.0	0.0	0.0	0.0	0.0	0.0	0.0	0.0	0.0	0.0	0.0	146.13793103448276	0.0	0.05078112	-0.1025388	1.01366928	2.45686	-0.2289	-0.27468	3212351.0	1776544814.609356	0.0	1.0	-1.0	-1.0	-1.0	-1.0	-1.0	-1.0	-1.0	-1.0	0.0	marker	opened-hand	Open	15	0418
-66594.915	-53438.67	-102698.81999999999	-17588.07	0.0	0.0	0.0	0.0	0.0	0.0	0.0	0.0	0.0	0.0	0.0	0.0	0.0	0.0	146.13793103448276	0.0	0.05078112	-0.1025388	1.01366928	2.45686	-0.2289	-0.27468	3212352.0	1776544814.60937	0.0	1.0	-1.0	-1.0	-1.0	-1.0	-1.0	-1.0	-1.0	-1.0	0.0	marker	opened-hand	Open	15	0418
-66875.13	-53481.15	-102966.39	-17847.315	0.0	0.0	0.0	0.0	0.0	0.0	0.0	0.0	0.0	0.0	0.0	0.0	0.0	0.0	146.13793103448276	0.0	0.05078112	-0.1025388	1.01366928	2.45686	-0.2289	-0.27468	3212353.0	1776544814.613125	0.0	1.0	-1.0	-1.0	-1.0	-1.0	-1.0	-1.0	-1.0	-1.0	0.0	marker	opened-hand	Open	15	0418
-67082.04	-53513.865	-103347.405	-18248.265	0.0	0.0	0.0	0.0	0.0	0.0	0.0	0.0	0.0	0.0	0.0	0.0	0.0	0.0	146.13793103448276	0.0	0.05078112	-0.1025388	1.01366928	2.45686	-0.2289	-0.27468	3212354.0	1776544814.613137	0.0	1.0	-1.0	-1.0	-1.0	-1.0	-1.0	-1.0	-1.0	-1.0	0.0	marker	opened-hand	Open	15	0418
-66753.09	-53500.049999999996	-103022.37	-17923.364999999998	0.0	0.0	0.0	0.0	0.0	0.0	0.0	0.0	0.0	0.0	0.0	0.0	0.0	0.0	146.13793103448276	0.0	0.05078112	-0.1025388	1.01366928	2.45686	-0.2289	-0.27468	3212355.0	1776544814.618086	0.0	1.0	-1.0	-1.0	-1.0	-1.0	-1.0	-1.0	-1.0	-1.0	0.0	marker	opened-hand	Open	15	0418
-66779.86499999999	-53499.689999999995	-102950.235	-17833.995	0.0	0.0	0.0	0.0	0.0	0.0	0.0	0.0	0.0	0.0	0.0	0.0	0.0	0.0	146.13793103448276	0.0	0.05078112	-0.1025388	1.01366928	2.45686	-0.2289	-0.27468	3212356.0	1776544814.618121	0.0	1.0	-1.0	-1.0	-1.0	-1.0	-1.0	-1.0	-1.0	-1.0	0.0	marker	opened-hand	Open	15	0418
-66809.47499999999	-53498.115	-103024.53	-17914.14	0.0	0.0	0.0	0.0	0.0	0.0	0.0	0.0	0.0	0.0	0.0	0.0	0.0	0.0	146.13793103448276	0.0	0.05078112	-0.1025388	1.01366928	2.45686	-0.2289	-0.27468	3212357.0	1776544814.621372	0.0	1.0	-1.0	-1.0	-1.0	-1.0	-1.0	-1.0	-1.0	-1.0	0.0	marker	opened-hand	Open	15	0418
-66778.2	-53492.579999999994	-103010.04	-17853.57	0.0	0.0	0.0	0.0	0.0	0.0	0.0	0.0	0.0	0.0	0.0	0.0	0.0	0.0	146.13793103448276	0.0	0.05078112	-0.1025388	1.01366928	2.45686	-0.2289	-0.27468	3212358.0	1776544814.621398	0.0	1.0	-1.0	-1.0	-1.0	-1.0	-1.0	-1.0	-1.0	-1.0	0.0	marker	opened-hand	Open	15	0418
-67007.16	-53497.799999999996	-103126.095	-17958.465	0.0	0.0	0.0	0.0	0.0	0.0	0.0	0.0	0.0	0.0	0.0	0.0	0.0	0.0	146.13793103448276	0.0	0.04724109	-0.100036365	1.0147068750000001	1.38866	-0.39676	-0.50358	3212359.0	1776544814.627312	0.0	1.0	-1.0	-1.0	-1.0	-1.0	-1.0	-1.0	-1.0	-1.0	0.0	marker	opened-hand	Open	15	0418
-67004.01	-53492.04	-103186.53	-18095.355	0.0	0.0	0.0	0.0	0.0	0.0	0.0	0.0	0.0	0.0	0.0	0.0	0.0	0.0	146.13793103448276	0.0	0.04724109	-0.100036365	1.0147068750000001	1.38866	-0.39676	-0.50358	3212360.0	1776544814.627329	0.0	1.0	-1.0	-1.0	-1.0	-1.0	-1.0	-1.0	-1.0	-1.0	0.0	marker	opened-hand	Open	15	0418
-66816.27	-53485.244999999995	-103065.61499999999	-18045.18	0.0	0.0	0.0	0.0	0.0	0.0	0.0	0.0	0.0	0.0	0.0	0.0	0.0	0.0	146.13793103448276	0.0	0.04724109	-0.100036365	1.0147068750000001	1.38866	-0.39676	-0.50358	3212361.0	1776544814.630518	0.0	1.0	-1.0	-1.0	-1.0	-1.0	-1.0	-1.0	-1.0	-1.0	0.0	marker	opened-hand	Open	15	0418
-66796.425	-53487.72	-103019.355	-17968.005	0.0	0.0	0.0	0.0	0.0	0.0	0.0	0.0	0.0	0.0	0.0	0.0	0.0	0.0	146.13793103448276	0.0	0.04724109	-0.100036365	1.0147068750000001	1.38866	-0.39676	-0.50358	3212362.0	1776544814.630543	0.0	1.0	-1.0	-1.0	-1.0	-1.0	-1.0	-1.0	-1.0	-1.0	0.0	marker	opened-hand	Open	15	0418
-66680.28	-53489.655	-103079.43	-17924.399999999998	0.0	0.0	0.0	0.0	0.0	0.0	0.0	0.0	0.0	0.0	0.0	0.0	0.0	0.0	146.13793103448276	0.0	0.04724109	-0.100036365	1.0147068750000001	1.38866	-0.39676	-0.50358	3212363.0	1776544814.636012	0.0	1.0	-1.0	-1.0	-1.0	-1.0	-1.0	-1.0	-1.0	-1.0	0.0	marker	opened-hand	Open	15	0418
-66563.775	-53478.0	-102953.06999999999	-17765.325	0.0	0.0	0.0	0.0	0.0	0.0	0.0	0.0	0.0	0.0	0.0	0.0	0.0	0.0	146.13793103448276	0.0	0.04724109	-0.100036365	1.0147068750000001	1.38866	-0.39676	-0.50358	3212364.0	1776544814.636033	0.0	1.0	-1.0	-1.0	-1.0	-1.0	-1.0	-1.0	-1.0	-1.0	0.0	marker	opened-hand	Open	15	0418
-66729.69	-53471.52	-102935.25	-17782.965	0.0	0.0	0.0	0.0	0.0	0.0	0.0	0.0	0.0	0.0	0.0	0.0	0.0	0.0	146.13793103448276	0.0	0.04724109	-0.100036365	1.0147068750000001	1.38866	-0.39676	-0.50358	3212365.0	1776544814.637356	0.0	1.0	-1.0	-1.0	-1.0	-1.0	-1.0	-1.0	-1.0	-1.0	0.0	marker	opened-hand	Open	15	0418
-66756.915	-53464.049999999996	-103016.87999999999	-17891.055	0.0	0.0	0.0	0.0	0.0	0.0	0.0	0.0	0.0	0.0	0.0	0.0	0.0	0.0	146.13793103448276	0.0	0.04724109	-0.100036365	1.0147068750000001	1.38866	-0.39676	-0.50358	3212366.0	1776544814.637374	0.0	1.0	-1.0	-1.0	-1.0	-1.0	-1.0	-1.0	-1.0	-1.0	0.0	marker	opened-hand	Open	15	0418
-66883.14	-53457.345	-103119.93	-17984.835	0.0	0.0	0.0	0.0	0.0	0.0	0.0	0.0	0.0	0.0	0.0	0.0	0.0	0.0	146.13793103448276	0.0	0.04724109	-0.100036365	1.0147068750000001	1.38866	-0.39676	-0.50358	3212367.0	1776544814.644721	0.0	1.0	-1.0	-1.0	-1.0	-1.0	-1.0	-1.0	-1.0	-1.0	0.0	marker	opened-hand	Open	15	0418
-66920.84999999999	-53447.31	-103028.94	-17891.774999999998	0.0	0.0	0.0	0.0	0.0	0.0	0.0	0.0	0.0	0.0	0.0	0.0	0.0	0.0	146.13793103448276	0.0	0.04724109	-0.100036365	1.0147068750000001	1.38866	-0.39676	-0.50358	3212368.0	1776544814.644736	0.0	1.0	-1.0	-1.0	-1.0	-1.0	-1.0	-1.0	-1.0	-1.0	0.0	marker	opened-hand	Open	15	0418
-66743.955	-53447.265	-102887.955	-17756.01	0.0	0.0	0.0	0.0	0.0	0.0	0.0	0.0	0.0	0.0	0.0	0.0	0.0	0.0	146.13793103448276	0.0	0.046691775	-0.10229466	1.015927575	2.3653	-0.24416	-0.32045999999999997	3212369.0	1776544814.64536	0.0	1.0	-1.0	-1.0	-1.0	-1.0	-1.0	-1.0	-1.0	-1.0	0.0	marker	opened-hand	Open	15	0418
-66776.44499999999	-53471.475	-103064.805	-17944.649999999998	0.0	0.0	0.0	0.0	0.0	0.0	0.0	0.0	0.0	0.0	0.0	0.0	0.0	0.0	146.13793103448276	0.0	0.046691775	-0.10229466	1.015927575	2.3653	-0.24416	-0.32045999999999997	3212370.0	1776544814.645371	0.0	1.0	-1.0	-1.0	-1.0	-1.0	-1.0	-1.0	-1.0	-1.0	0.0	marker	opened-hand	Open	15	0418
-66945.915	-53493.57	-103175.955	-18053.684999999998	0.0	0.0	0.0	0.0	0.0	0.0	0.0	0.0	0.0	0.0	0.0	0.0	0.0	0.0	146.13793103448276	0.0	0.046691775	-0.10229466	1.015927575	2.3653	-0.24416	-0.32045999999999997	3212371.0	1776544814.649388	0.0	1.0	-1.0	-1.0	-1.0	-1.0	-1.0	-1.0	-1.0	-1.0	0.0	marker	opened-hand	Open	15	0418
-66840.03	-53476.29	-102971.11499999999	-17842.815	0.0	0.0	0.0	0.0	0.0	0.0	0.0	0.0	0.0	0.0	0.0	0.0	0.0	0.0	146.13793103448276	0.0	0.046691775	-0.10229466	1.015927575	2.3653	-0.24416	-0.32045999999999997	3212372.0	1776544814.649405	0.0	1.0	-1.0	-1.0	-1.0	-1.0	-1.0	-1.0	-1.0	-1.0	0.0	marker	opened-hand	Open	15	0418
-66693.23999999999	-53454.869999999995	-102891.19499999999	-17742.915	0.0	0.0	0.0	0.0	0.0	0.0	0.0	0.0	0.0	0.0	0.0	0.0	0.0	0.0	146.13793103448276	0.0	0.046691775	-0.10229466	1.015927575	2.3653	-0.24416	-0.32045999999999997	3212373.0	1776544814.653542	0.0	1.0	-1.0	-1.0	-1.0	-1.0	-1.0	-1.0	-1.0	-1.0	0.0	marker	opened-hand	Open	15	0418
-66631.31999999999	-53440.155	-102906.72	-17756.82	0.0	0.0	0.0	0.0	0.0	0.0	0.0	0.0	0.0	0.0	0.0	0.0	0.0	0.0	146.13793103448276	0.0	0.046691775	-0.10229466	1.015927575	2.3653	-0.24416	-0.32045999999999997	3212374.0	1776544814.653566	0.0	1.0	-1.0	-1.0	-1.0	-1.0	-1.0	-1.0	-1.0	-1.0	0.0	marker	opened-hand	Open	15	0418
-66850.155	-53438.715	-103098.69	-17931.015	0.0	0.0	0.0	0.0	0.0	0.0	0.0	0.0	0.0	0.0	0.0	0.0	0.0	0.0	146.13793103448276	0.0	0.046691775	-0.10229466	1.015927575	2.3653	-0.24416	-0.32045999999999997	3212375.0	1776544814.657567	0.0	1.0	-1.0	-1.0	-1.0	-1.0	-1.0	-1.0	-1.0	-1.0	0.0	marker	opened-hand	Open	15	0418
-66908.79	-53432.415	-103149.0	-18046.17	0.0	0.0	0.0	0.0	0.0	0.0	0.0	0.0	0.0	0.0	0.0	0.0	0.0	0.0	146.13793103448276	0.0	0.046691775	-0.10229466	1.015927575	2.3653	-0.24416	-0.32045999999999997	3212376.0	1776544814.657591	0.0	1.0	-1.0	-1.0	-1.0	-1.0	-1.0	-1.0	-1.0	-1.0	0.0	marker	opened-hand	Open	15	0418
-66706.65	-53426.43	-103004.19	-17953.245	0.0	0.0	0.0	0.0	0.0	0.0	0.0	0.0	0.0	0.0	0.0	0.0	0.0	0.0	146.13793103448276	0.0	0.046691775	-0.10229466	1.015927575	2.3653	-0.24416	-0.32045999999999997	3212377.0	1776544814.661537	0.0	1.0	-1.0	-1.0	-1.0	-1.0	-1.0	-1.0	-1.0	-1.0	0.0	marker	opened-hand	Open	15	0418
-66783.23999999999	-53427.869999999995	-103030.11	-17913.825	0.0	0.0	0.0	0.0	0.0	0.0	0.0	0.0	0.0	0.0	0.0	0.0	0.0	0.0	146.13793103448276	0.0	0.046691775	-0.10229466	1.015927575	2.3653	-0.24416	-0.32045999999999997	3212378.0	1776544814.661554	0.0	1.0	-1.0	-1.0	-1.0	-1.0	-1.0	-1.0	-1.0	-1.0	0.0	marker	opened-hand	Open	15	0418
-66988.98	-53439.975	-103125.23999999999	-17992.215	0.0	0.0	0.0	0.0	0.0	0.0	0.0	0.0	0.0	0.0	0.0	0.0	0.0	0.0	146.13793103448276	0.0	0.045471075	-0.105041235	1.013608245	3.83026	-0.19838	-1.17502	3212379.0	1776544814.665564	0.0	1.0	-1.0	-1.0	-1.0	-1.0	-1.0	-1.0	-1.0	-1.0	0.0	marker	opened-hand	Open	15	0418
-66877.73999999999	-53448.165	-103061.295	-17953.065	0.0	0.0	0.0	0.0	0.0	0.0	0.0	0.0	0.0	0.0	0.0	0.0	0.0	0.0	146.13793103448276	0.0	0.045471075	-0.105041235	1.013608245	3.83026	-0.19838	-1.17502	3212380.0	1776544814.665587	0.0	1.0	-1.0	-1.0	-1.0	-1.0	-1.0	-1.0	-1.0	-1.0	0.0	marker	opened-hand	Open	15	0418
-66814.65	-53436.825	-102975.795	-17867.88	0.0	0.0	0.0	0.0	0.0	0.0	0.0	0.0	0.0	0.0	0.0	0.0	0.0	0.0	146.13793103448276	0.0	0.045471075	-0.105041235	1.013608245	3.83026	-0.19838	-1.17502	3212381.0	1776544814.669596	0.0	1.0	-1.0	-1.0	-1.0	-1.0	-1.0	-1.0	-1.0	-1.0	0.0	marker	opened-hand	Open	15	0418
-66910.31999999999	-53440.064999999995	-103032.62999999999	-17922.915	0.0	0.0	0.0	0.0	0.0	0.0	0.0	0.0	0.0	0.0	0.0	0.0	0.0	0.0	146.13793103448276	0.0	0.045471075	-0.105041235	1.013608245	3.83026	-0.19838	-1.17502	3212382.0	1776544814.669615	0.0	1.0	-1.0	-1.0	-1.0	-1.0	-1.0	-1.0	-1.0	-1.0	0.0	marker	opened-hand	Open	15	0418
-66755.52	-53428.095	-102967.69499999999	-17904.69	0.0	0.0	0.0	0.0	0.0	0.0	0.0	0.0	0.0	0.0	0.0	0.0	0.0	0.0	146.13793103448276	0.0	0.045471075	-0.105041235	1.013608245	3.83026	-0.19838	-1.17502	3212383.0	1776544814.67394	0.0	1.0	-1.0	-1.0	-1.0	-1.0	-1.0	-1.0	-1.0	-1.0	0.0	marker	opened-hand	Open	15	0418
-66658.59	-53412.075	-102870.09	-17827.02	0.0	0.0	0.0	0.0	0.0	0.0	0.0	0.0	0.0	0.0	0.0	0.0	0.0	0.0	146.13793103448276	0.0	0.045471075	-0.105041235	1.013608245	3.83026	-0.19838	-1.17502	3212384.0	1776544814.673954	0.0	1.0	-1.0	-1.0	-1.0	-1.0	-1.0	-1.0	-1.0	-1.0	0.0	marker	opened-hand	Open	15	0418
-66667.86	-53406.494999999995	-102902.44499999999	-17774.505	0.0	0.0	0.0	0.0	0.0	0.0	0.0	0.0	0.0	0.0	0.0	0.0	0.0	0.0	146.13793103448276	0.0	0.045471075	-0.105041235	1.013608245	3.83026	-0.19838	-1.17502	3212385.0	1776544814.6786	0.0	1.0	-1.0	-1.0	-1.0	-1.0	-1.0	-1.0	-1.0	-1.0	0.0	marker	opened-hand	Open	15	0418
-66774.42	-53413.875	-103053.33	-17901.225	0.0	0.0	0.0	0.0	0.0	0.0	0.0	0.0	0.0	0.0	0.0	0.0	0.0	0.0	146.13793103448276	0.0	0.045471075	-0.105041235	1.013608245	3.83026	-0.19838	-1.17502	3212386.0	1776544814.678619	0.0	1.0	-1.0	-1.0	-1.0	-1.0	-1.0	-1.0	-1.0	-1.0	0.0	marker	opened-hand	Open	15	0418
-66887.325	-53441.009999999995	-103184.685	-18040.094999999998	0.0	0.0	0.0	0.0	0.0	0.0	0.0	0.0	0.0	0.0	0.0	0.0	0.0	0.0	146.13793103448276	0.0	0.045471075	-0.105041235	1.013608245	3.83026	-0.19838	-1.17502	3212387.0	1776544814.681529	0.0	1.0	-1.0	-1.0	-1.0	-1.0	-1.0	-1.0	-1.0	-1.0	0.0	marker	opened-hand	Open	15	0418
-66869.86499999999	-53455.86	-103125.15	-17960.489999999998	0.0	0.0	0.0	0.0	0.0	0.0	0.0	0.0	0.0	0.0	0.0	0.0	0.0	0.0	146.13793103448276	0.0	0.045471075	-0.105041235	1.013608245	3.83026	-0.19838	-1.17502	3212388.0	1776544814.681551	0.0	1.0	-1.0	-1.0	-1.0	-1.0	-1.0	-1.0	-1.0	-1.0	0.0	marker	opened-hand	Open	15	0418
-66833.45999999999	-53459.1	-103082.48999999999	-17935.38	0.0	0.0	0.0	0.0	0.0	0.0	0.0	0.0	0.0	0.0	0.0	0.0	0.0	0.0	146.13793103448276	0.0	0.04687488	-0.10656711	1.013852385	3.1283	-0.41202	-1.4039199999999998	3212389.0	1776544814.685666	0.0	1.0	-1.0	-1.0	-1.0	-1.0	-1.0	-1.0	-1.0	-1.0	0.0	marker	opened-hand	Open	15	0418
-66791.295	-53456.939999999995	-103026.59999999999	-17886.78	0.0	0.0	0.0	0.0	0.0	0.0	0.0	0.0	0.0	0.0	0.0	0.0	0.0	0.0	146.13793103448276	0.0	0.04687488	-0.10656711	1.013852385	3.1283	-0.41202	-1.4039199999999998	3212390.0	1776544814.685684	0.0	1.0	-1.0	-1.0	-1.0	-1.0	-1.0	-1.0	-1.0	-1.0	0.0	marker	opened-hand	Open	15	0418
-66789.495	-53453.52	-102970.305	-17843.13	0.0	0.0	0.0	0.0	0.0	0.0	0.0	0.0	0.0	0.0	0.0	0.0	0.0	0.0	146.13793103448276	0.0	0.04687488	-0.10656711	1.013852385	3.1283	-0.41202	-1.4039199999999998	3212391.0	1776544814.689573	0.0	1.0	-1.0	-1.0	-1.0	-1.0	-1.0	-1.0	-1.0	-1.0	0.0	marker	opened-hand	Open	15	0418
-66674.205	-53442.45	-102844.665	-17738.37	0.0	0.0	0.0	0.0	0.0	0.0	0.0	0.0	0.0	0.0	0.0	0.0	0.0	0.0	146.13793103448276	0.0	0.04687488	-0.10656711	1.013852385	3.1283	-0.41202	-1.4039199999999998	3212392.0	1776544814.689591	0.0	1.0	-1.0	-1.0	-1.0	-1.0	-1.0	-1.0	-1.0	-1.0	0.0	marker	opened-hand	Open	15	0418
-66754.89	-53440.2	-102950.28	-17815.364999999998	0.0	0.0	0.0	0.0	0.0	0.0	0.0	0.0	0.0	0.0	0.0	0.0	0.0	0.0	146.13793103448276	0.0	0.04687488	-0.10656711	1.013852385	3.1283	-0.41202	-1.4039199999999998	3212393.0	1776544814.693579	0.0	1.0	-1.0	-1.0	-1.0	-1.0	-1.0	-1.0	-1.0	-1.0	0.0	marker	opened-hand	Open	15	0418
-66902.58	-53462.97	-103190.58	-18049.635	0.0	0.0	0.0	0.0	0.0	0.0	0.0	0.0	0.0	0.0	0.0	0.0	0.0	0.0	146.13793103448276	0.0	0.04687488	-0.10656711	1.013852385	3.1283	-0.41202	-1.4039199999999998	3212394.0	1776544814.693596	0.0	1.0	-1.0	-1.0	-1.0	-1.0	-1.0	-1.0	-1.0	-1.0	0.0	marker	opened-hand	Open	15	0418
-66759.20999999999	-53476.74	-103097.655	-17986.23	0.0	0.0	0.0	0.0	0.0	0.0	0.0	0.0	0.0	0.0	0.0	0.0	0.0	0.0	146.13793103448276	0.0	0.04687488	-0.10656711	1.013852385	3.1283	-0.41202	-1.4039199999999998	3212395.0	1776544814.697604	0.0	1.0	-1.0	-1.0	-1.0	-1.0	-1.0	-1.0	-1.0	-1.0	0.0	marker	opened-hand	Open	15	0418
-66563.91	-53468.1	-102816.45	-17723.79	0.0	0.0	0.0	0.0	0.0	0.0	0.0	0.0	0.0	0.0	0.0	0.0	0.0	0.0	146.13793103448276	0.0	0.04687488	-0.10656711	1.013852385	3.1283	-0.41202	-1.4039199999999998	3212396.0	1776544814.697619	0.0	1.0	-1.0	-1.0	-1.0	-1.0	-1.0	-1.0	-1.0	-1.0	0.0	marker	opened-hand	Open	15	0418
-66629.52	-53466.57	-102685.905	-17591.04	0.0	0.0	0.0	0.0	0.0	0.0	0.0	0.0	0.0	0.0	0.0	0.0	0.0	0.0	146.13793103448276	0.0	0.04687488	-0.10656711	1.013852385	3.1283	-0.41202	-1.4039199999999998	3212397.0	1776544814.701689	0.0	1.0	-1.0	-1.0	-1.0	-1.0	-1.0	-1.0	-1.0	-1.0	0.0	marker	opened-hand	Open	15	0418
-66876.705	-53481.24	-102910.40999999999	-17818.335	0.0	0.0	0.0	0.0	0.0	0.0	0.0	0.0	0.0	0.0	0.0	0.0	0.0	0.0	146.13793103448276	0.0	0.04687488	-0.10656711	1.013852385	3.1283	-0.41202	-1.4039199999999998	3212398.0	1776544814.70173	0.0	1.0	-1.0	-1.0	-1.0	-1.0	-1.0	-1.0	-1.0	-1.0	0.0	marker	opened-hand	Open	15	0418
-66821.44499999999	-53485.335	-103101.12	-17987.67	0.0	0.0	0.0	0.0	0.0	0.0	0.0	0.0	0.0	0.0	0.0	0.0	0.0	0.0	146.13793103448276	0.0	0.04614246	-0.10229466	1.01110581	2.7468	-0.13734	-1.69386	3212399.0	1776544814.705647	0.0	1.0	-1.0	-1.0	-1.0	-1.0	-1.0	-1.0	-1.0	-1.0	0.0	marker	opened-hand	Open	15	0418
-66779.28	-53472.555	-103109.715	-17960.13	0.0	0.0	0.0	0.0	0.0	0.0	0.0	0.0	0.0	0.0	0.0	0.0	0.0	0.0	146.13793103448276	0.0	0.04614246	-0.10229466	1.01110581	2.7468	-0.13734	-1.69386	3212400.0	1776544814.70566	0.0	1.0	-1.0	-1.0	-1.0	-1.0	-1.0	-1.0	-1.0	-1.0	0.0	marker	opened-hand	Open	15	0418
-66799.53	-53462.159999999996	-103069.215	-17922.105	0.0	0.0	0.0	0.0	0.0	0.0	0.0	0.0	0.0	0.0	0.0	0.0	0.0	0.0	146.13793103448276	0.0	0.04614246	-0.10229466	1.01110581	2.7468	-0.13734	-1.69386	3212401.0	1776544814.70977	0.0	1.0	-1.0	-1.0	-1.0	-1.0	-1.0	-1.0	-1.0	-1.0	0.0	marker	opened-hand	Open	15	0418
-66851.86499999999	-53460.854999999996	-103061.51999999999	-17932.815	0.0	0.0	0.0	0.0	0.0	0.0	0.0	0.0	0.0	0.0	0.0	0.0	0.0	0.0	146.13793103448276	0.0	0.04614246	-0.10229466	1.01110581	2.7468	-0.13734	-1.69386	3212402.0	1776544814.709782	0.0	1.0	-1.0	-1.0	-1.0	-1.0	-1.0	-1.0	-1.0	-1.0	0.0	marker	opened-hand	Open	15	0418
-66804.84	-53471.924999999996	-103035.15	-17940.42	0.0	0.0	0.0	0.0	0.0	0.0	0.0	0.0	0.0	0.0	0.0	0.0	0.0	0.0	146.13793103448276	0.0	0.04614246	-0.10229466	1.01110581	2.7468	-0.13734	-1.69386	3212403.0	1776544814.714468	0.0	1.0	-1.0	-1.0	-1.0	-1.0	-1.0	-1.0	-1.0	-1.0	0.0	marker	opened-hand	Open	15	0418
-66803.265	-53481.195	-103090.905	-17988.03	0.0	0.0	0.0	0.0	0.0	0.0	0.0	0.0	0.0	0.0	0.0	0.0	0.0	0.0	146.13793103448276	0.0	0.04614246	-0.10229466	1.01110581	2.7468	-0.13734	-1.69386	3212404.0	1776544814.714495	0.0	1.0	-1.0	-1.0	-1.0	-1.0	-1.0	-1.0	-1.0	-1.0	0.0	marker	opened-hand	Open	15	0418
-66839.175	-53484.299999999996	-103077.855	-17957.655	0.0	0.0	0.0	0.0	0.0	0.0	0.0	0.0	0.0	0.0	0.0	0.0	0.0	0.0	146.13793103448276	0.0	0.04614246	-0.10229466	1.01110581	2.7468	-0.13734	-1.69386	3212405.0	1776544814.720805	0.0	1.0	-1.0	-1.0	-1.0	-1.0	-1.0	-1.0	-1.0	-1.0	0.0	marker	opened-hand	Open	15	0418
-66758.805	-53493.615	-102911.22	-17794.079999999998	0.0	0.0	0.0	0.0	0.0	0.0	0.0	0.0	0.0	0.0	0.0	0.0	0.0	0.0	146.13793103448276	0.0	0.04614246	-0.10229466	1.01110581	2.7468	-0.13734	-1.69386	3212406.0	1776544814.72083	0.0	1.0	-1.0	-1.0	-1.0	-1.0	-1.0	-1.0	-1.0	-1.0	0.0	marker	opened-hand	Open	15	0418
-66696.75	-53503.47	-102861.26999999999	-17755.965	0.0	0.0	0.0	0.0	0.0	0.0	0.0	0.0	0.0	0.0	0.0	0.0	0.0	0.0	146.13793103448276	0.0	0.04614246	-0.10229466	1.01110581	2.7468	-0.13734	-1.69386	3212407.0	1776544814.72679	0.0	1.0	-1.0	-1.0	-1.0	-1.0	-1.0	-1.0	-1.0	-1.0	0.0	marker	opened-hand	Open	15	0418
-66791.61	-53518.005	-103044.735	-17944.965	0.0	0.0	0.0	0.0	0.0	0.0	0.0	0.0	0.0	0.0	0.0	0.0	0.0	0.0	146.13793103448276	0.0	0.04614246	-0.10229466	1.01110581	2.7468	-0.13734	-1.69386	3212408.0	1776544814.726806	0.0	1.0	-1.0	-1.0	-1.0	-1.0	-1.0	-1.0	-1.0	-1.0	0.0	marker	opened-hand	Open	15	0418
-66835.08	-53527.14	-103072.815	-17975.114999999998	0.0	0.0	0.0	0.0	0.0	0.0	0.0	0.0	0.0	0.0	0.0	0.0	0.0	0.0	146.13793103448276	0.0	0.051330435	-0.09985326	1.00878648	2.2889999999999997	0.56462	-0.8087799999999999	3212409.0	1776544814.726829	0.0	1.0	-1.0	-1.0	-1.0	-1.0	-1.0	-1.0	-1.0	-1.0	0.0	marker	opened-hand	Open	15	0418
-66734.955	-53532.494999999995	-102921.12	-17774.28	0.0	0.0	0.0	0.0	0.0	0.0	0.0	0.0	0.0	0.0	0.0	0.0	0.0	0.0	146.13793103448276	0.0	0.051330435	-0.09985326	1.00878648	2.2889999999999997	0.56462	-0.8087799999999999	3212410.0	1776544814.726836	0.0	1.0	-1.0	-1.0	-1.0	-1.0	-1.0	-1.0	-1.0	-1.0	0.0	marker	opened-hand	Open	15	0418
-66534.56999999999	-53547.93	-102739.23	-17627.579999999998	0.0	0.0	0.0	0.0	0.0	0.0	0.0	0.0	0.0	0.0	0.0	0.0	0.0	0.0	146.13793103448276	0.0	0.051330435	-0.09985326	1.00878648	2.2889999999999997	0.56462	-0.8087799999999999	3212411.0	1776544814.729765	0.0	1.0	-1.0	-1.0	-1.0	-1.0	-1.0	-1.0	-1.0	-1.0	0.0	marker	opened-hand	Open	15	0418
-66663.27	-53568.27	-102919.59	-17790.255	0.0	0.0	0.0	0.0	0.0	0.0	0.0	0.0	0.0	0.0	0.0	0.0	0.0	0.0	146.13793103448276	0.0	0.051330435	-0.09985326	1.00878648	2.2889999999999997	0.56462	-0.8087799999999999	3212412.0	1776544814.729778	0.0	1.0	-1.0	-1.0	-1.0	-1.0	-1.0	-1.0	-1.0	-1.0	0.0	marker	opened-hand	Open	15	0418
-67098.87	-53606.34	-103254.84	-18104.04	0.0	0.0	0.0	0.0	0.0	0.0	0.0	0.0	0.0	0.0	0.0	0.0	0.0	0.0	146.13793103448276	0.0	0.051330435	-0.09985326	1.00878648	2.2889999999999997	0.56462	-0.8087799999999999	3212413.0	1776544814.73412	0.0	1.0	-1.0	-1.0	-1.0	-1.0	-1.0	-1.0	-1.0	-1.0	0.0	marker	opened-hand	Open	15	0418
-67052.06999999999	-53606.88	-103216.05	-18124.2	0.0	0.0	0.0	0.0	0.0	0.0	0.0	0.0	0.0	0.0	0.0	0.0	0.0	0.0	146.13793103448276	0.0	0.051330435	-0.09985326	1.00878648	2.2889999999999997	0.56462	-0.8087799999999999	3212414.0	1776544814.734137	0.0	1.0	-1.0	-1.0	-1.0	-1.0	-1.0	-1.0	-1.0	-1.0	0.0	marker	opened-hand	Open	15	0418
-66817.215	-53600.13	-103070.205	-17994.825	0.0	0.0	0.0	0.0	0.0	0.0	0.0	0.0	0.0	0.0	0.0	0.0	0.0	0.0	146.13793103448276	0.0	0.051330435	-0.09985326	1.00878648	2.2889999999999997	0.56462	-0.8087799999999999	3212415.0	1776544814.737909	0.0	1.0	-1.0	-1.0	-1.0	-1.0	-1.0	-1.0	-1.0	-1.0	0.0	marker	opened-hand	Open	15	0418
-66807.045	-53629.875	-103082.94	-17962.469999999998	0.0	0.0	0.0	0.0	0.0	0.0	0.0	0.0	0.0	0.0	0.0	0.0	0.0	0.0	146.13793103448276	0.0	0.051330435	-0.09985326	1.00878648	2.2889999999999997	0.56462	-0.8087799999999999	3212416.0	1776544814.737931	0.0	1.0	-1.0	-1.0	-1.0	-1.0	-1.0	-1.0	-1.0	-1.0	0.0	marker	opened-hand	Open	15	0418
-66890.745	-53634.375	-103124.06999999999	-17986.364999999998	0.0	0.0	0.0	0.0	0.0	0.0	0.0	0.0	0.0	0.0	0.0	0.0	0.0	0.0	146.13793103448276	0.0	0.051330435	-0.09985326	1.00878648	2.2889999999999997	0.56462	-0.8087799999999999	3212417.0	1776544814.741864	0.0	1.0	-1.0	-1.0	-1.0	-1.0	-1.0	-1.0	-1.0	-1.0	0.0	marker	opened-hand	Open	15	0418
-66937.05	-53627.805	-103030.83	-17887.41	0.0	0.0	0.0	0.0	0.0	0.0	0.0	0.0	0.0	0.0	0.0	0.0	0.0	0.0	146.13793103448276	0.0	0.051330435	-0.09985326	1.00878648	2.2889999999999997	0.56462	-0.8087799999999999	3212418.0	1776544814.741879	0.0	1.0	-1.0	-1.0	-1.0	-1.0	-1.0	-1.0	-1.0	-1.0	0.0	marker	opened-hand	Open	15	0418
-66856.815	-53625.284999999996	-103000.31999999999	-17853.165	0.0	0.0	0.0	0.0	0.0	0.0	0.0	0.0	0.0	0.0	0.0	0.0	0.0	0.0	146.13793103448276	0.0	0.04833972	-0.09875463	1.01086167	1.1444999999999999	0.03052	-0.6103999999999999	3212419.0	1776544814.745941	0.0	1.0	-1.0	-1.0	-1.0	-1.0	-1.0	-1.0	-1.0	-1.0	0.0	marker	opened-hand	Open	15	0418
-66703.005	-53629.515	-103040.415	-17898.165	0.0	0.0	0.0	0.0	0.0	0.0	0.0	0.0	0.0	0.0	0.0	0.0	0.0	0.0	146.13793103448276	0.0	0.04833972	-0.09875463	1.01086167	1.1444999999999999	0.03052	-0.6103999999999999	3212420.0	1776544814.745962	0.0	1.0	-1.0	-1.0	-1.0	-1.0	-1.0	-1.0	-1.0	-1.0	0.0	marker	opened-hand	Open	15	0418
-66897.135	-53642.07	-103155.525	-18011.34	0.0	0.0	0.0	0.0	0.0	0.0	0.0	0.0	0.0	0.0	0.0	0.0	0.0	0.0	146.13793103448276	0.0	0.04833972	-0.09875463	1.01086167	1.1444999999999999	0.03052	-0.6103999999999999	3212421.0	1776544814.749748	0.0	1.0	-1.0	-1.0	-1.0	-1.0	-1.0	-1.0	-1.0	-1.0	0.0	marker	opened-hand	Open	15	0418
-66882.42	-53635.994999999995	-103064.12999999999	-17928.135	0.0	0.0	0.0	0.0	0.0	0.0	0.0	0.0	0.0	0.0	0.0	0.0	0.0	0.0	146.13793103448276	0.0	0.04833972	-0.09875463	1.01086167	1.1444999999999999	0.03052	-0.6103999999999999	3212422.0	1776544814.749759	0.0	1.0	-1.0	-1.0	-1.0	-1.0	-1.0	-1.0	-1.0	-1.0	0.0	marker	opened-hand	Open	15	0418
-66763.575	-53618.939999999995	-102959.55	-17848.305	0.0	0.0	0.0	0.0	0.0	0.0	0.0	0.0	0.0	0.0	0.0	0.0	0.0	0.0	146.13793103448276	0.0	0.04833972	-0.09875463	1.01086167	1.1444999999999999	0.03052	-0.6103999999999999	3212423.0	1776544814.755888	0.0	1.0	-1.0	-1.0	-1.0	-1.0	-1.0	-1.0	-1.0	-1.0	0.0	marker	opened-hand	Open	15	0418
-66744.765	-53616.6	-103002.97499999999	-17893.89	0.0	0.0	0.0	0.0	0.0	0.0	0.0	0.0	0.0	0.0	0.0	0.0	0.0	0.0	146.13793103448276	0.0	0.04833972	-0.09875463	1.01086167	1.1444999999999999	0.03052	-0.6103999999999999	3212424.0	1776544814.755918	0.0	1.0	-1.0	-1.0	-1.0	-1.0	-1.0	-1.0	-1.0	-1.0	0.0	marker	opened-hand	Open	15	0418
-66774.87	-53615.655	-103063.995	-17952.614999999998	0.0	0.0	0.0	0.0	0.0	0.0	0.0	0.0	0.0	0.0	0.0	0.0	0.0	0.0	146.13793103448276	0.0	0.04833972	-0.09875463	1.01086167	1.1444999999999999	0.03052	-0.6103999999999999	3212425.0	1776544814.757778	0.0	1.0	-1.0	-1.0	-1.0	-1.0	-1.0	-1.0	-1.0	-1.0	0.0	marker	opened-hand	Open	15	0418
-66720.555	-53613.225	-102968.73	-17866.71	0.0	0.0	0.0	0.0	0.0	0.0	0.0	0.0	0.0	0.0	0.0	0.0	0.0	0.0	146.13793103448276	0.0	0.04833972	-0.09875463	1.01086167	1.1444999999999999	0.03052	-0.6103999999999999	3212426.0	1776544814.757795	0.0	1.0	-1.0	-1.0	-1.0	-1.0	-1.0	-1.0	-1.0	-1.0	0.0	marker	opened-hand	Open	15	0418
-66536.64	-53597.295	-102823.92	-17729.82	0.0	0.0	0.0	0.0	0.0	0.0	0.0	0.0	0.0	0.0	0.0	0.0	0.0	0.0	146.13793103448276	0.0	0.04833972	-0.09875463	1.01086167	1.1444999999999999	0.03052	-0.6103999999999999	3212427.0	1776544814.761879	0.0	1.0	-1.0	-1.0	-1.0	-1.0	-1.0	-1.0	-1.0	-1.0	0.0	marker	opened-hand	Open	15	0418
-66444.165	-53584.244999999995	-102661.29	-17549.235	0.0	0.0	0.0	0.0	0.0	0.0	0.0	0.0	0.0	0.0	0.0	0.0	0.0	0.0	146.13793103448276	0.0	0.04833972	-0.09875463	1.01086167	1.1444999999999999	0.03052	-0.6103999999999999	3212428.0	1776544814.761903	0.0	1.0	-1.0	-1.0	-1.0	-1.0	-1.0	-1.0	-1.0	-1.0	0.0	marker	opened-hand	Open	15	0418
-66705.66	-53604.81	-102908.295	-17777.114999999998	0.0	0.0	0.0	0.0	0.0	0.0	0.0	0.0	0.0	0.0	0.0	0.0	0.0	0.0	146.13793103448276	0.0	0.044860725000000004	-0.099670155	1.01623275	2.85362	-0.28994	-0.41202	3212429.0	1776544814.767152	0.0	1.0	-1.0	-1.0	-1.0	-1.0	-1.0	-1.0	-1.0	-1.0	0.0	marker	opened-hand	Open	15	0418
-66792.33	-53618.085	-103064.08499999999	-17946.989999999998	0.0	0.0	0.0	0.0	0.0	0.0	0.0	0.0	0.0	0.0	0.0	0.0	0.0	0.0	146.13793103448276	0.0	0.044860725000000004	-0.099670155	1.01623275	2.85362	-0.28994	-0.41202	3212430.0	1776544814.76718	0.0	1.0	-1.0	-1.0	-1.0	-1.0	-1.0	-1.0	-1.0	-1.0	0.0	marker	opened-hand	Open	15	0418
-66677.22	-53618.67	-102928.23	-17784.045	0.0	0.0	0.0	0.0	0.0	0.0	0.0	0.0	0.0	0.0	0.0	0.0	0.0	0.0	146.13793103448276	0.0	0.044860725000000004	-0.099670155	1.01623275	2.85362	-0.28994	-0.41202	3212431.0	1776544814.77006	0.0	1.0	-1.0	-1.0	-1.0	-1.0	-1.0	-1.0	-1.0	-1.0	0.0	marker	opened-hand	Open	15	0418
-66945.33	-53634.284999999996	-103160.97	-18023.76	0.0	0.0	0.0	0.0	0.0	0.0	0.0	0.0	0.0	0.0	0.0	0.0	0.0	0.0	146.13793103448276	0.0	0.044860725000000004	-0.099670155	1.01623275	2.85362	-0.28994	-0.41202	3212432.0	1776544814.770095	0.0	1.0	-1.0	-1.0	-1.0	-1.0	-1.0	-1.0	-1.0	-1.0	0.0	marker	opened-hand	Open	15	0418
-67119.84	-53640.18	-103316.04	-18180.989999999998	0.0	0.0	0.0	0.0	0.0	0.0	0.0	0.0	0.0	0.0	0.0	0.0	0.0	0.0	146.13793103448276	0.0	0.044860725000000004	-0.099670155	1.01623275	2.85362	-0.28994	-0.41202	3212433.0	1776544814.777897	0.0	1.0	-1.0	-1.0	-1.0	-1.0	-1.0	-1.0	-1.0	-1.0	0.0	marker	opened-hand	Open	15	0418
-66874.77	-53627.939999999995	-103086.22499999999	-17977.14	0.0	0.0	0.0	0.0	0.0	0.0	0.0	0.0	0.0	0.0	0.0	0.0	0.0	0.0	146.13793103448276	0.0	0.044860725000000004	-0.099670155	1.01623275	2.85362	-0.28994	-0.41202	3212434.0	1776544814.777931	0.0	1.0	-1.0	-1.0	-1.0	-1.0	-1.0	-1.0	-1.0	-1.0	0.0	marker	opened-hand	Open	15	0418
-66765.87	-53623.17	-103002.165	-17887.184999999998	0.0	0.0	0.0	0.0	0.0	0.0	0.0	0.0	0.0	0.0	0.0	0.0	0.0	0.0	146.13793103448276	0.0	0.044860725000000004	-0.099670155	1.01623275	2.85362	-0.28994	-0.41202	3212435.0	1776544814.777965	0.0	1.0	-1.0	-1.0	-1.0	-1.0	-1.0	-1.0	-1.0	-1.0	0.0	marker	opened-hand	Open	15	0418
-66740.175	-53624.204999999994	-102950.415	-17838.495	0.0	0.0	0.0	0.0	0.0	0.0	0.0	0.0	0.0	0.0	0.0	0.0	0.0	0.0	146.13793103448276	0.0	0.044860725000000004	-0.099670155	1.01623275	2.85362	-0.28994	-0.41202	3212436.0	1776544814.777984	0.0	1.0	-1.0	-1.0	-1.0	-1.0	-1.0	-1.0	-1.0	-1.0	0.0	marker	opened-hand	Open	15	0418
-66731.94	-53638.515	-102888.22499999999	-17778.285	0.0	0.0	0.0	0.0	0.0	0.0	0.0	0.0	0.0	0.0	0.0	0.0	0.0	0.0	146.13793103448276	0.0	0.044860725000000004	-0.099670155	1.01623275	2.85362	-0.28994	-0.41202	3212437.0	1776544814.782009	0.0	1.0	-1.0	-1.0	-1.0	-1.0	-1.0	-1.0	-1.0	-1.0	0.0	marker	opened-hand	Open	15	0418
-66805.29	-53644.68	-103001.265	-17897.13	0.0	0.0	0.0	0.0	0.0	0.0	0.0	0.0	0.0	0.0	0.0	0.0	0.0	0.0	146.13793103448276	0.0	0.044860725000000004	-0.099670155	1.01623275	2.85362	-0.28994	-0.41202	3212438.0	1776544814.782027	0.0	1.0	-1.0	-1.0	-1.0	-1.0	-1.0	-1.0	-1.0	-1.0	0.0	marker	opened-hand	Open	15	0418
-66876.165	-53643.329999999994	-103111.965	-17991.765	0.0	0.0	0.0	0.0	0.0	0.0	0.0	0.0	0.0	0.0	0.0	0.0	0.0	0.0	146.13793103448276	0.0	0.049316280000000004	-0.101134995	1.013364105	3.1283	-0.09156	-0.59514	3212439.0	1776544814.79109	0.0	1.0	-1.0	-1.0	-1.0	-1.0	-1.0	-1.0	-1.0	-1.0	0.0	marker	opened-hand	Open	15	0418
-66898.125	-53646.119999999995	-103114.44	-17999.1	0.0	0.0	0.0	0.0	0.0	0.0	0.0	0.0	0.0	0.0	0.0	0.0	0.0	0.0	146.13793103448276	0.0	0.049316280000000004	-0.101134995	1.013364105	3.1283	-0.09156	-0.59514	3212440.0	1776544814.791122	0.0	1.0	-1.0	-1.0	-1.0	-1.0	-1.0	-1.0	-1.0	-1.0	0.0	marker	opened-hand	Open	15	0418
-66882.645	-53640.27	-103096.44	-17986.05	0.0	0.0	0.0	0.0	0.0	0.0	0.0	0.0	0.0	0.0	0.0	0.0	0.0	0.0	146.13793103448276	0.0	0.049316280000000004	-0.101134995	1.013364105	3.1283	-0.09156	-0.59514	3212441.0	1776544814.791156	0.0	1.0	-1.0	-1.0	-1.0	-1.0	-1.0	-1.0	-1.0	-1.0	0.0	marker	opened-hand	Open	15	0418
-66820.68	-53636.04	-103076.73	-17955.405	0.0	0.0	0.0	0.0	0.0	0.0	0.0	0.0	0.0	0.0	0.0	0.0	0.0	0.0	146.13793103448276	0.0	0.049316280000000004	-0.101134995	1.013364105	3.1283	-0.09156	-0.59514	3212442.0	1776544814.791175	0.0	1.0	-1.0	-1.0	-1.0	-1.0	-1.0	-1.0	-1.0	-1.0	0.0	marker	opened-hand	Open	15	0418
-66770.955	-53627.579999999994	-103043.11499999999	-17910.63	0.0	0.0	0.0	0.0	0.0	0.0	0.0	0.0	0.0	0.0	0.0	0.0	0.0	0.0	146.13793103448276	0.0	0.049316280000000004	-0.101134995	1.013364105	3.1283	-0.09156	-0.59514	3212443.0	1776544814.793978	0.0	1.0	-1.0	-1.0	-1.0	-1.0	-1.0	-1.0	-1.0	-1.0	0.0	marker	opened-hand	Open	15	0418
-66786.165	-53623.935	-103000.815	-17869.815	0.0	0.0	0.0	0.0	0.0	0.0	0.0	0.0	0.0	0.0	0.0	0.0	0.0	0.0	146.13793103448276	0.0	0.049316280000000004	-0.101134995	1.013364105	3.1283	-0.09156	-0.59514	3212444.0	1776544814.794006	0.0	1.0	-1.0	-1.0	-1.0	-1.0	-1.0	-1.0	-1.0	-1.0	0.0	marker	opened-hand	Open	15	0418
-66726.36	-53623.259999999995	-102879.315	-17780.76	0.0	0.0	0.0	0.0	0.0	0.0	0.0	0.0	0.0	0.0	0.0	0.0	0.0	0.0	146.13793103448276	0.0	0.049316280000000004	-0.101134995	1.013364105	3.1283	-0.09156	-0.59514	3212445.0	1776544814.798039	0.0	1.0	-1.0	-1.0	-1.0	-1.0	-1.0	-1.0	-1.0	-1.0	0.0	marker	opened-hand	Open	15	0418
-66752.09999999999	-53628.165	-102877.65	-17793.809999999998	0.0	0.0	0.0	0.0	0.0	0.0	0.0	0.0	0.0	0.0	0.0	0.0	0.0	0.0	146.13793103448276	0.0	0.049316280000000004	-0.101134995	1.013364105	3.1283	-0.09156	-0.59514	3212446.0	1776544814.798096	0.0	1.0	-1.0	-1.0	-1.0	-1.0	-1.0	-1.0	-1.0	-1.0	0.0	marker	opened-hand	Open	15	0418
-66831.705	-53639.505	-103027.635	-17881.065	0.0	0.0	0.0	0.0	0.0	0.0	0.0	0.0	0.0	0.0	0.0	0.0	0.0	0.0	146.13793103448276	0.0	0.049316280000000004	-0.101134995	1.013364105	3.1283	-0.09156	-0.59514	3212447.0	1776544814.802036	0.0	1.0	-1.0	-1.0	-1.0	-1.0	-1.0	-1.0	-1.0	-1.0	0.0	marker	opened-hand	Open	15	0418
-66854.34	-53630.729999999996	-102997.215	-17848.035	0.0	0.0	0.0	0.0	0.0	0.0	0.0	0.0	0.0	0.0	0.0	0.0	0.0	0.0	146.13793103448276	0.0	0.049316280000000004	-0.101134995	1.013364105	3.1283	-0.09156	-0.59514	3212448.0	1776544814.802054	0.0	1.0	-1.0	-1.0	-1.0	-1.0	-1.0	-1.0	-1.0	-1.0	0.0	marker	opened-hand	Open	15	0418
-66812.67	-53608.86	-102858.03	-17746.155	0.0	0.0	0.0	0.0	0.0	0.0	0.0	0.0	0.0	0.0	0.0	0.0	0.0	0.0	146.13793103448276	0.0	0.049316280000000004	-0.09826635	1.0152561900000001	2.0448399999999998	-0.25942	-0.18312	3212449.0	1776544814.811213	0.0	1.0	-1.0	-1.0	-1.0	-1.0	-1.0	-1.0	-1.0	-1.0	0.0	marker	opened-hand	Open	15	0418
-66690.58499999999	-53587.259999999995	-102920.44499999999	-17798.355	0.0	0.0	0.0	0.0	0.0	0.0	0.0	0.0	0.0	0.0	0.0	0.0	0.0	0.0	146.13793103448276	0.0	0.049316280000000004	-0.09826635	1.0152561900000001	2.0448399999999998	-0.25942	-0.18312	3212450.0	1776544814.811246	0.0	1.0	-1.0	-1.0	-1.0	-1.0	-1.0	-1.0	-1.0	-1.0	0.0	marker	opened-hand	Open	15	0418
-66731.355	-53589.915	-103071.33	-17956.53	0.0	0.0	0.0	0.0	0.0	0.0	0.0	0.0	0.0	0.0	0.0	0.0	0.0	0.0	146.13793103448276	0.0	0.049316280000000004	-0.09826635	1.0152561900000001	2.0448399999999998	-0.25942	-0.18312	3212451.0	1776544814.811281	0.0	1.0	-1.0	-1.0	-1.0	-1.0	-1.0	-1.0	-1.0	-1.0	0.0	marker	opened-hand	Open	15	0418
-66852.18	-53611.2	-103135.95	-18055.844999999998	0.0	0.0	0.0	0.0	0.0	0.0	0.0	0.0	0.0	0.0	0.0	0.0	0.0	0.0	146.13793103448276	0.0	0.049316280000000004	-0.09826635	1.0152561900000001	2.0448399999999998	-0.25942	-0.18312	3212452.0	1776544814.811301	0.0	1.0	-1.0	-1.0	-1.0	-1.0	-1.0	-1.0	-1.0	-1.0	0.0	marker	opened-hand	Open	15	0418
-66807.98999999999	-53623.17	-103106.565	-17996.265	0.0	0.0	0.0	0.0	0.0	0.0	0.0	0.0	0.0	0.0	0.0	0.0	0.0	0.0	146.13793103448276	0.0	0.049316280000000004	-0.09826635	1.0152561900000001	2.0448399999999998	-0.25942	-0.18312	3212453.0	1776544814.817216	0.0	1.0	-1.0	-1.0	-1.0	-1.0	-1.0	-1.0	-1.0	-1.0	0.0	marker	opened-hand	Open	15	0418
-66580.83	-53616.689999999995	-102861.405	-17727.795	0.0	0.0	0.0	0.0	0.0	0.0	0.0	0.0	0.0	0.0	0.0	0.0	0.0	0.0	146.13793103448276	0.0	0.049316280000000004	-0.09826635	1.0152561900000001	2.0448399999999998	-0.25942	-0.18312	3212454.0	1776544814.817245	0.0	1.0	-1.0	-1.0	-1.0	-1.0	-1.0	-1.0	-1.0	-1.0	0.0	marker	opened-hand	Open	15	0418
-66498.435	-53606.25	-102642.25499999999	-17524.71	0.0	0.0	0.0	0.0	0.0	0.0	0.0	0.0	0.0	0.0	0.0	0.0	0.0	0.0	146.13793103448276	0.0	0.049316280000000004	-0.09826635	1.0152561900000001	2.0448399999999998	-0.25942	-0.18312	3212455.0	1776544814.822833	0.0	1.0	-1.0	-1.0	-1.0	-1.0	-1.0	-1.0	-1.0	-1.0	0.0	marker	opened-hand	Open	15	0418
-66751.515	-53628.795	-102900.06	-17750.43	0.0	0.0	0.0	0.0	0.0	0.0	0.0	0.0	0.0	0.0	0.0	0.0	0.0	0.0	146.13793103448276	0.0	0.049316280000000004	-0.09826635	1.0152561900000001	2.0448399999999998	-0.25942	-0.18312	3212456.0	1776544814.822858	0.0	1.0	-1.0	-1.0	-1.0	-1.0	-1.0	-1.0	-1.0	-1.0	0.0	marker	opened-hand	Open	15	0418
-66994.11	-53650.979999999996	-103289.89499999999	-18150.344999999998	0.0	0.0	0.0	0.0	0.0	0.0	0.0	0.0	0.0	0.0	0.0	0.0	0.0	0.0	146.13793103448276	0.0	0.049316280000000004	-0.09826635	1.0152561900000001	2.0448399999999998	-0.25942	-0.18312	3212457.0	1776544814.829298	0.0	1.0	-1.0	-1.0	-1.0	-1.0	-1.0	-1.0	-1.0	-1.0	0.0	marker	opened-hand	Open	15	0418
-66851.73	-53640.854999999996	-103224.555	-18095.895	0.0	0.0	0.0	0.0	0.0	0.0	0.0	0.0	0.0	0.0	0.0	0.0	0.0	0.0	146.13793103448276	0.0	0.049316280000000004	-0.09826635	1.0152561900000001	2.0448399999999998	-0.25942	-0.18312	3212458.0	1776544814.829322	0.0	1.0	-1.0	-1.0	-1.0	-1.0	-1.0	-1.0	-1.0	-1.0	0.0	marker	opened-hand	Open	15	0418
-66758.04	-53629.47	-103114.89	-17991.405	0.0	0.0	0.0	0.0	0.0	0.0	0.0	0.0	0.0	0.0	0.0	0.0	0.0	0.0	146.13793103448276	0.0	0.04443348	-0.10095189	1.01403549	1.526	-0.33571999999999996	-0.47306	3212459.0	1776544814.829349	0.0	1.0	-1.0	-1.0	-1.0	-1.0	-1.0	-1.0	-1.0	-1.0	0.0	marker	opened-hand	Open	15	0418
-66858.12	-53622.314999999995	-103095.81	-17972.73	0.0	0.0	0.0	0.0	0.0	0.0	0.0	0.0	0.0	0.0	0.0	0.0	0.0	0.0	146.13793103448276	0.0	0.04443348	-0.10095189	1.01403549	1.526	-0.33571999999999996	-0.47306	3212460.0	1776544814.829364	0.0	1.0	-1.0	-1.0	-1.0	-1.0	-1.0	-1.0	-1.0	-1.0	0.0	marker	opened-hand	Open	15	0418
-66956.67	-53614.979999999996	-103074.93	-17969.085	0.0	0.0	0.0	0.0	0.0	0.0	0.0	0.0	0.0	0.0	0.0	0.0	0.0	0.0	146.13793103448276	0.0	0.04443348	-0.10095189	1.01403549	1.526	-0.33571999999999996	-0.47306	3212461.0	1776544814.831965	0.0	1.0	-1.0	-1.0	-1.0	-1.0	-1.0	-1.0	-1.0	-1.0	0.0	marker	opened-hand	Open	15	0418
-66831.48	-53603.64	-102995.19	-17890.245	0.0	0.0	0.0	0.0	0.0	0.0	0.0	0.0	0.0	0.0	0.0	0.0	0.0	0.0	146.13793103448276	0.0	0.04443348	-0.10095189	1.01403549	1.526	-0.33571999999999996	-0.47306	3212462.0	1776544814.831987	0.0	1.0	-1.0	-1.0	-1.0	-1.0	-1.0	-1.0	-1.0	-1.0	0.0	marker	opened-hand	Open	15	0418
-66818.565	-53603.235	-102998.385	-17847.045	0.0	0.0	0.0	0.0	0.0	0.0	0.0	0.0	0.0	0.0	0.0	0.0	0.0	0.0	146.13793103448276	0.0	0.04443348	-0.10095189	1.01403549	1.526	-0.33571999999999996	-0.47306	3212463.0	1776544814.83515	0.0	1.0	-1.0	-1.0	-1.0	-1.0	-1.0	-1.0	-1.0	-1.0	0.0	marker	opened-hand	Open	15	0418
-66777.93	-53588.79	-102939.84	-17813.7	0.0	0.0	0.0	0.0	0.0	0.0	0.0	0.0	0.0	0.0	0.0	0.0	0.0	0.0	146.13793103448276	0.0	0.04443348	-0.10095189	1.01403549	1.526	-0.33571999999999996	-0.47306	3212464.0	1776544814.835176	0.0	1.0	-1.0	-1.0	-1.0	-1.0	-1.0	-1.0	-1.0	-1.0	0.0	marker	opened-hand	Open	15	0418
-66788.325	-53570.43	-102982.545	-17862.165	0.0	0.0	0.0	0.0	0.0	0.0	0.0	0.0	0.0	0.0	0.0	0.0	0.0	0.0	146.13793103448276	0.0	0.04443348	-0.10095189	1.01403549	1.526	-0.33571999999999996	-0.47306	3212465.0	1776544814.838112	0.0	1.0	-1.0	-1.0	-1.0	-1.0	-1.0	-1.0	-1.0	-1.0	0.0	marker	opened-hand	Open	15	0418
-66775.545	-53559.72	-103080.59999999999	-17937.27	0.0	0.0	0.0	0.0	0.0	0.0	0.0	0.0	0.0	0.0	0.0	0.0	0.0	0.0	146.13793103448276	0.0	0.04443348	-0.10095189	1.01403549	1.526	-0.33571999999999996	-0.47306	3212466.0	1776544814.838134	0.0	1.0	-1.0	-1.0	-1.0	-1.0	-1.0	-1.0	-1.0	-1.0	0.0	marker	opened-hand	Open	15	0418
-66707.73	-53549.055	-102996.18	-17905.77	0.0	0.0	0.0	0.0	0.0	0.0	0.0	0.0	0.0	0.0	0.0	0.0	0.0	0.0	146.13793103448276	0.0	0.04443348	-0.10095189	1.01403549	1.526	-0.33571999999999996	-0.47306	3212467.0	1776544814.842211	0.0	1.0	-1.0	-1.0	-1.0	-1.0	-1.0	-1.0	-1.0	-1.0	0.0	marker	opened-hand	Open	15	0418
-66739.36499999999	-53546.265	-102977.81999999999	-17876.385	0.0	0.0	0.0	0.0	0.0	0.0	0.0	0.0	0.0	0.0	0.0	0.0	0.0	0.0	146.13793103448276	0.0	0.04443348	-0.10095189	1.01403549	1.526	-0.33571999999999996	-0.47306	3212468.0	1776544814.842236	0.0	1.0	-1.0	-1.0	-1.0	-1.0	-1.0	-1.0	-1.0	-1.0	0.0	marker	opened-hand	Open	15	0418
-66812.04	-53548.965	-102984.165	-17838.585	0.0	0.0	0.0	0.0	0.0	0.0	0.0	0.0	0.0	0.0	0.0	0.0	0.0	0.0	146.13793103448276	0.0	0.05407701	-0.10790988	1.00915269	3.2809	0.0	-0.71722	3212469.0	1776544814.846174	0.0	1.0	-1.0	-1.0	-1.0	-1.0	-1.0	-1.0	-1.0	-1.0	0.0	marker	opened-hand	Open	15	0418
-66798.315	-53556.119999999995	-103037.175	-17914.995	0.0	0.0	0.0	0.0	0.0	0.0	0.0	0.0	0.0	0.0	0.0	0.0	0.0	0.0	146.13793103448276	0.0	0.05407701	-0.10790988	1.00915269	3.2809	0.0	-0.71722	3212470.0	1776544814.846191	0.0	1.0	-1.0	-1.0	-1.0	-1.0	-1.0	-1.0	-1.0	-1.0	0.0	marker	opened-hand	Open	15	0418
-66860.685	-53564.04	-103098.42	-17992.62	0.0	0.0	0.0	0.0	0.0	0.0	0.0	0.0	0.0	0.0	0.0	0.0	0.0	0.0	146.13793103448276	0.0	0.05407701	-0.10790988	1.00915269	3.2809	0.0	-0.71722	3212471.0	1776544814.85024	0.0	1.0	-1.0	-1.0	-1.0	-1.0	-1.0	-1.0	-1.0	-1.0	0.0	marker	opened-hand	Open	15	0418
-66916.17	-53576.46	-103095.54	-18020.114999999998	0.0	0.0	0.0	0.0	0.0	0.0	0.0	0.0	0.0	0.0	0.0	0.0	0.0	0.0	146.13793103448276	0.0	0.05407701	-0.10790988	1.00915269	3.2809	0.0	-0.71722	3212472.0	1776544814.850262	0.0	1.0	-1.0	-1.0	-1.0	-1.0	-1.0	-1.0	-1.0	-1.0	0.0	marker	opened-hand	Open	15	0418
-66902.355	-53571.015	-103084.73999999999	-18000.09	0.0	0.0	0.0	0.0	0.0	0.0	0.0	0.0	0.0	0.0	0.0	0.0	0.0	0.0	146.13793103448276	0.0	0.05407701	-0.10790988	1.00915269	3.2809	0.0	-0.71722	3212473.0	1776544814.854145	0.0	1.0	-1.0	-1.0	-1.0	-1.0	-1.0	-1.0	-1.0	-1.0	0.0	marker	opened-hand	Open	15	0418
-66746.295	-53545.994999999995	-102997.08	-17883.855	0.0	0.0	0.0	0.0	0.0	0.0	0.0	0.0	0.0	0.0	0.0	0.0	0.0	0.0	146.13793103448276	0.0	0.05407701	-0.10790988	1.00915269	3.2809	0.0	-0.71722	3212474.0	1776544814.85416	0.0	1.0	-1.0	-1.0	-1.0	-1.0	-1.0	-1.0	-1.0	-1.0	0.0	marker	opened-hand	Open	15	0418
-66488.84999999999	-53514.63	-102712.40999999999	-17593.785	0.0	0.0	0.0	0.0	0.0	0.0	0.0	0.0	0.0	0.0	0.0	0.0	0.0	0.0	146.13793103448276	0.0	0.05407701	-0.10790988	1.00915269	3.2809	0.0	-0.71722	3212475.0	1776544814.858144	0.0	1.0	-1.0	-1.0	-1.0	-1.0	-1.0	-1.0	-1.0	-1.0	0.0	marker	opened-hand	Open	15	0418
-66494.34	-53501.715	-102631.5	-17490.195	0.0	0.0	0.0	0.0	0.0	0.0	0.0	0.0	0.0	0.0	0.0	0.0	0.0	0.0	146.13793103448276	0.0	0.05407701	-0.10790988	1.00915269	3.2809	0.0	-0.71722	3212476.0	1776544814.858165	0.0	1.0	-1.0	-1.0	-1.0	-1.0	-1.0	-1.0	-1.0	-1.0	0.0	marker	opened-hand	Open	15	0418
-66899.205	-53536.905	-103112.45999999999	-17974.844999999998	0.0	0.0	0.0	0.0	0.0	0.0	0.0	0.0	0.0	0.0	0.0	0.0	0.0	0.0	146.13793103448276	0.0	0.05407701	-0.10790988	1.00915269	3.2809	0.0	-0.71722	3212477.0	1776544814.862226	0.0	1.0	-1.0	-1.0	-1.0	-1.0	-1.0	-1.0	-1.0	-1.0	0.0	marker	opened-hand	Open	15	0418
-67121.28	-53554.634999999995	-103314.33	-18186.39	0.0	0.0	0.0	0.0	0.0	0.0	0.0	0.0	0.0	0.0	0.0	0.0	0.0	0.0	146.13793103448276	0.0	0.05407701	-0.10790988	1.00915269	3.2809	0.0	-0.71722	3212478.0	1776544814.862241	0.0	1.0	-1.0	-1.0	-1.0	-1.0	-1.0	-1.0	-1.0	-1.0	0.0	marker	opened-hand	Open	15	0418
-66986.685	-53553.555	-103207.5	-18073.305	0.0	0.0	0.0	0.0	0.0	0.0	0.0	0.0	0.0	0.0	0.0	0.0	0.0	0.0	146.13793103448276	0.0	0.056579445	-0.10656711	1.008359235	3.2351199999999998	0.74774	-0.7019599999999999	3212479.0	1776544814.86799	0.0	1.0	-1.0	-1.0	-1.0	-1.0	-1.0	-1.0	-1.0	-1.0	0.0	marker	opened-hand	Open	15	0418
-66858.84	-53546.579999999994	-103135.14	-18011.79	0.0	0.0	0.0	0.0	0.0	0.0	0.0	0.0	0.0	0.0	0.0	0.0	0.0	0.0	146.13793103448276	0.0	0.056579445	-0.10656711	1.008359235	3.2351199999999998	0.74774	-0.7019599999999999	3212480.0	1776544814.868012	0.0	1.0	-1.0	-1.0	-1.0	-1.0	-1.0	-1.0	-1.0	-1.0	0.0	marker	opened-hand	Open	15	0418
-66795.435	-53530.74	-103008.23999999999	-17899.155	0.0	0.0	0.0	0.0	0.0	0.0	0.0	0.0	0.0	0.0	0.0	0.0	0.0	0.0	146.13793103448276	0.0	0.056579445	-0.10656711	1.008359235	3.2351199999999998	0.74774	-0.7019599999999999	3212481.0	1776544814.87028	0.0	1.0	-1.0	-1.0	-1.0	-1.0	-1.0	-1.0	-1.0	-1.0	0.0	marker	opened-hand	Open	15	0418
-66784.905	-53519.13	-102969.855	-17847.495	0.0	0.0	0.0	0.0	0.0	0.0	0.0	0.0	0.0	0.0	0.0	0.0	0.0	0.0	146.13793103448276	0.0	0.056579445	-0.10656711	1.008359235	3.2351199999999998	0.74774	-0.7019599999999999	3212482.0	1776544814.870298	0.0	1.0	-1.0	-1.0	-1.0	-1.0	-1.0	-1.0	-1.0	-1.0	0.0	marker	opened-hand	Open	15	0418
-66778.38	-53515.079999999994	-102937.76999999999	-17802.719999999998	0.0	0.0	0.0	0.0	0.0	0.0	0.0	0.0	0.0	0.0	0.0	0.0	0.0	0.0	146.13793103448276	0.0	0.056579445	-0.10656711	1.008359235	3.2351199999999998	0.74774	-0.7019599999999999	3212483.0	1776544814.87416	0.0	1.0	-1.0	-1.0	-1.0	-1.0	-1.0	-1.0	-1.0	-1.0	0.0	marker	opened-hand	Open	15	0418
-66688.425	-53508.015	-102920.22	-17830.98	0.0	0.0	0.0	0.0	0.0	0.0	0.0	0.0	0.0	0.0	0.0	0.0	0.0	0.0	146.13793103448276	0.0	0.056579445	-0.10656711	1.008359235	3.2351199999999998	0.74774	-0.7019599999999999	3212484.0	1776544814.874175	0.0	1.0	-1.0	-1.0	-1.0	-1.0	-1.0	-1.0	-1.0	-1.0	0.0	marker	opened-hand	Open	15	0418
-66690.63	-53501.715	-102955.95	-17913.69	0.0	0.0	0.0	0.0	0.0	0.0	0.0	0.0	0.0	0.0	0.0	0.0	0.0	0.0	146.13793103448276	0.0	0.056579445	-0.10656711	1.008359235	3.2351199999999998	0.74774	-0.7019599999999999	3212485.0	1776544814.878368	0.0	1.0	-1.0	-1.0	-1.0	-1.0	-1.0	-1.0	-1.0	-1.0	0.0	marker	opened-hand	Open	15	0418
-66775.31999999999	-53503.604999999996	-103066.92	-17919.945	0.0	0.0	0.0	0.0	0.0	0.0	0.0	0.0	0.0	0.0	0.0	0.0	0.0	0.0	146.13793103448276	0.0	0.056579445	-0.10656711	1.008359235	3.2351199999999998	0.74774	-0.7019599999999999	3212486.0	1776544814.878386	0.0	1.0	-1.0	-1.0	-1.0	-1.0	-1.0	-1.0	-1.0	-1.0	0.0	marker	opened-hand	Open	15	0418
-66852.54	-53512.965	-103148.955	-17972.1	0.0	0.0	0.0	0.0	0.0	0.0	0.0	0.0	0.0	0.0	0.0	0.0	0.0	0.0	146.13793103448276	0.0	0.056579445	-0.10656711	1.008359235	3.2351199999999998	0.74774	-0.7019599999999999	3212487.0	1776544814.882258	0.0	1.0	-1.0	-1.0	-1.0	-1.0	-1.0	-1.0	-1.0	-1.0	0.0	marker	opened-hand	Open	15	0418
-66785.715	-53537.759999999995	-102999.015	-17879.85	0.0	0.0	0.0	0.0	0.0	0.0	0.0	0.0	0.0	0.0	0.0	0.0	0.0	0.0	146.13793103448276	0.0	0.056579445	-0.10656711	1.008359235	3.2351199999999998	0.74774	-0.7019599999999999	3212488.0	1776544814.882274	0.0	1.0	-1.0	-1.0	-1.0	-1.0	-1.0	-1.0	-1.0	-1.0	0.0	marker	opened-hand	Open	15	0418
-66823.47	-53572.994999999995	-102997.75499999999	-17893.215	0.0	0.0	0.0	0.0	0.0	0.0	0.0	0.0	0.0	0.0	0.0	0.0	0.0	0.0	146.13793103448276	0.0	0.045349005	-0.095885985	1.01159409	2.5942	0.9613799999999999	-0.59514	3212489.0	1776544814.887362	0.0	1.0	-1.0	-1.0	-1.0	-1.0	-1.0	-1.0	-1.0	-1.0	0.0	marker	opened-hand	Open	15	0418
-66801.645	-53571.24	-102968.81999999999	-17854.155	0.0	0.0	0.0	0.0	0.0	0.0	0.0	0.0	0.0	0.0	0.0	0.0	0.0	0.0	146.13793103448276	0.0	0.045349005	-0.095885985	1.01159409	2.5942	0.9613799999999999	-0.59514	3212490.0	1776544814.887384	0.0	1.0	-1.0	-1.0	-1.0	-1.0	-1.0	-1.0	-1.0	-1.0	0.0	marker	opened-hand	Open	15	0418
-66803.22	-53561.384999999995	-102962.43	-17838.63	0.0	0.0	0.0	0.0	0.0	0.0	0.0	0.0	0.0	0.0	0.0	0.0	0.0	0.0	146.13793103448276	0.0	0.045349005	-0.095885985	1.01159409	2.5942	0.9613799999999999	-0.59514	3212491.0	1776544814.890237	0.0	1.0	-1.0	-1.0	-1.0	-1.0	-1.0	-1.0	-1.0	-1.0	0.0	marker	opened-hand	Open	15	0418
-66889.17	-53560.845	-103121.86499999999	-17989.155	0.0	0.0	0.0	0.0	0.0	0.0	0.0	0.0	0.0	0.0	0.0	0.0	0.0	0.0	146.13793103448276	0.0	0.045349005	-0.095885985	1.01159409	2.5942	0.9613799999999999	-0.59514	3212492.0	1776544814.89026	0.0	1.0	-1.0	-1.0	-1.0	-1.0	-1.0	-1.0	-1.0	-1.0	0.0	marker	opened-hand	Open	15	0418
-66832.02	-53556.479999999996	-103136.89499999999	-17997.344999999998	0.0	0.0	0.0	0.0	0.0	0.0	0.0	0.0	0.0	0.0	0.0	0.0	0.0	0.0	146.13793103448276	0.0	0.045349005	-0.095885985	1.01159409	2.5942	0.9613799999999999	-0.59514	3212493.0	1776544814.894342	0.0	1.0	-1.0	-1.0	-1.0	-1.0	-1.0	-1.0	-1.0	-1.0	0.0	marker	opened-hand	Open	15	0418
-66842.145	-53554.454999999994	-103081.995	-17957.43	0.0	0.0	0.0	0.0	0.0	0.0	0.0	0.0	0.0	0.0	0.0	0.0	0.0	0.0	146.13793103448276	0.0	0.045349005	-0.095885985	1.01159409	2.5942	0.9613799999999999	-0.59514	3212494.0	1776544814.894357	0.0	1.0	-1.0	-1.0	-1.0	-1.0	-1.0	-1.0	-1.0	-1.0	0.0	marker	opened-hand	Open	15	0418
-66830.715	-53551.17	-103018.095	-17937.63	0.0	0.0	0.0	0.0	0.0	0.0	0.0	0.0	0.0	0.0	0.0	0.0	0.0	0.0	146.13793103448276	0.0	0.045349005	-0.095885985	1.01159409	2.5942	0.9613799999999999	-0.59514	3212495.0	1776544814.898332	0.0	1.0	-1.0	-1.0	-1.0	-1.0	-1.0	-1.0	-1.0	-1.0	0.0	marker	opened-hand	Open	15	0418
-66742.155	-53537.939999999995	-102930.39	-17852.895	0.0	0.0	0.0	0.0	0.0	0.0	0.0	0.0	0.0	0.0	0.0	0.0	0.0	0.0	146.13793103448276	0.0	0.045349005	-0.095885985	1.01159409	2.5942	0.9613799999999999	-0.59514	3212496.0	1776544814.898353	0.0	1.0	-1.0	-1.0	-1.0	-1.0	-1.0	-1.0	-1.0	-1.0	0.0	marker	opened-hand	Open	15	0418
-66722.4	-53526.509999999995	-102960.315	-17824.32	0.0	0.0	0.0	0.0	0.0	0.0	0.0	0.0	0.0	0.0	0.0	0.0	0.0	0.0	146.13793103448276	0.0	0.045349005	-0.095885985	1.01159409	2.5942	0.9613799999999999	-0.59514	3212497.0	1776544814.902326	0.0	1.0	-1.0	-1.0	-1.0	-1.0	-1.0	-1.0	-1.0	-1.0	0.0	marker	opened-hand	Open	15	0418
-66602.88	-53505.09	-102818.51999999999	-17667.405	0.0	0.0	0.0	0.0	0.0	0.0	0.0	0.0	0.0	0.0	0.0	0.0	0.0	0.0	146.13793103448276	0.0	0.045349005	-0.095885985	1.01159409	2.5942	0.9613799999999999	-0.59514	3212498.0	1776544814.902342	0.0	1.0	-1.0	-1.0	-1.0	-1.0	-1.0	-1.0	-1.0	-1.0	0.0	marker	opened-hand	Open	15	0418
-66626.055	-53497.079999999994	-102856.545	-17712.36	0.0	0.0	0.0	0.0	0.0	0.0	0.0	0.0	0.0	0.0	0.0	0.0	0.0	0.0	146.13793103448276	0.0	0.041686905	-0.09082008	1.01220444	0.15259999999999999	0.21364	1.4802199999999999	3212499.0	1776544814.913991	0.0	1.0	-1.0	-1.0	-1.0	-1.0	-1.0	-1.0	-1.0	-1.0	0.0	marker	opened-hand	Open	15	0418
-66732.56999999999	-53498.97	-102950.73	-17835.75	0.0	0.0	0.0	0.0	0.0	0.0	0.0	0.0	0.0	0.0	0.0	0.0	0.0	0.0	146.13793103448276	0.0	0.041686905	-0.09082008	1.01220444	0.15259999999999999	0.21364	1.4802199999999999	3212500.0	1776544814.914008	0.0	1.0	-1.0	-1.0	-1.0	-1.0	-1.0	-1.0	-1.0	-1.0	0.0	marker	opened-hand	Open	15	0418
-66878.145	-53502.93	-103026.015	-17890.829999999998	0.0	0.0	0.0	0.0	0.0	0.0	0.0	0.0	0.0	0.0	0.0	0.0	0.0	0.0	146.13793103448276	0.0	0.041686905	-0.09082008	1.01220444	0.15259999999999999	0.21364	1.4802199999999999	3212501.0	1776544814.914028	0.0	1.0	-1.0	-1.0	-1.0	-1.0	-1.0	-1.0	-1.0	-1.0	0.0	marker	opened-hand	Open	15	0418
-66961.44	-53509.905	-103229.415	-18085.14	0.0	0.0	0.0	0.0	0.0	0.0	0.0	0.0	0.0	0.0	0.0	0.0	0.0	0.0	146.13793103448276	0.0	0.041686905	-0.09082008	1.01220444	0.15259999999999999	0.21364	1.4802199999999999	3212502.0	1776544814.914036	0.0	1.0	-1.0	-1.0	-1.0	-1.0	-1.0	-1.0	-1.0	-1.0	0.0	marker	opened-hand	Open	15	0418
-66867.56999999999	-53498.924999999996	-103135.905	-18019.305	0.0	0.0	0.0	0.0	0.0	0.0	0.0	0.0	0.0	0.0	0.0	0.0	0.0	0.0	146.13793103448276	0.0	0.041686905	-0.09082008	1.01220444	0.15259999999999999	0.21364	1.4802199999999999	3212503.0	1776544814.9147	0.0	1.0	-1.0	-1.0	-1.0	-1.0	-1.0	-1.0	-1.0	-1.0	0.0	marker	opened-hand	Open	15	0418
-66818.745	-53494.829999999994	-103005.26999999999	-17891.505	0.0	0.0	0.0	0.0	0.0	0.0	0.0	0.0	0.0	0.0	0.0	0.0	0.0	0.0	146.13793103448276	0.0	0.041686905	-0.09082008	1.01220444	0.15259999999999999	0.21364	1.4802199999999999	3212504.0	1776544814.914713	0.0	1.0	-1.0	-1.0	-1.0	-1.0	-1.0	-1.0	-1.0	-1.0	0.0	marker	opened-hand	Open	15	0418
-66960.405	-53504.415	-103037.94	-17927.325	0.0	0.0	0.0	0.0	0.0	0.0	0.0	0.0	0.0	0.0	0.0	0.0	0.0	0.0	146.13793103448276	0.0	0.041686905	-0.09082008	1.01220444	0.15259999999999999	0.21364	1.4802199999999999	3212505.0	1776544814.918453	0.0	1.0	-1.0	-1.0	-1.0	-1.0	-1.0	-1.0	-1.0	-1.0	0.0	marker	opened-hand	Open	15	0418
-66896.28	-53505.18	-103003.245	-17908.785	0.0	0.0	0.0	0.0	0.0	0.0	0.0	0.0	0.0	0.0	0.0	0.0	0.0	0.0	146.13793103448276	0.0	0.041686905	-0.09082008	1.01220444	0.15259999999999999	0.21364	1.4802199999999999	3212506.0	1776544814.918484	0.0	1.0	-1.0	-1.0	-1.0	-1.0	-1.0	-1.0	-1.0	-1.0	0.0	marker	opened-hand	Open	15	0418
-66776.44499999999	-53499.329999999994	-103015.75499999999	-17906.535	0.0	0.0	0.0	0.0	0.0	0.0	0.0	0.0	0.0	0.0	0.0	0.0	0.0	0.0	146.13793103448276	0.0	0.041686905	-0.09082008	1.01220444	0.15259999999999999	0.21364	1.4802199999999999	3212507.0	1776544814.922382	0.0	1.0	-1.0	-1.0	-1.0	-1.0	-1.0	-1.0	-1.0	-1.0	0.0	marker	opened-hand	Open	15	0418
-66655.26	-53489.88	-103020.03	-17905.635	0.0	0.0	0.0	0.0	0.0	0.0	0.0	0.0	0.0	0.0	0.0	0.0	0.0	0.0	146.13793103448276	0.0	0.041686905	-0.09082008	1.01220444	0.15259999999999999	0.21364	1.4802199999999999	3212508.0	1776544814.922405	0.0	1.0	-1.0	-1.0	-1.0	-1.0	-1.0	-1.0	-1.0	-1.0	0.0	marker	opened-hand	Open	15	0418
-66753.495	-53499.06	-103077.18	-17953.469999999998	0.0	0.0	0.0	0.0	0.0	0.0	0.0	0.0	0.0	0.0	0.0	0.0	0.0	0.0	146.13793103448276	0.0	0.050598015	-0.102966045	1.010556495	1.0834599999999999	0.763	0.763	3212509.0	1776544814.928737	0.0	1.0	-1.0	-1.0	-1.0	-1.0	-1.0	-1.0	-1.0	-1.0	0.0	marker	opened-hand	Open	15	0418
-66892.05	-53507.43	-103080.78	-17949.105	0.0	0.0	0.0	0.0	0.0	0.0	0.0	0.0	0.0	0.0	0.0	0.0	0.0	0.0	146.13793103448276	0.0	0.050598015	-0.102966045	1.010556495	1.0834599999999999	0.763	0.763	3212510.0	1776544814.928753	0.0	1.0	-1.0	-1.0	-1.0	-1.0	-1.0	-1.0	-1.0	-1.0	0.0	marker	opened-hand	Open	15	0418
-66875.44499999999	-53517.329999999994	-103051.03499999999	-17916.93	0.0	0.0	0.0	0.0	0.0	0.0	0.0	0.0	0.0	0.0	0.0	0.0	0.0	0.0	146.13793103448276	0.0	0.050598015	-0.102966045	1.010556495	1.0834599999999999	0.763	0.763	3212511.0	1776544814.931874	0.0	1.0	-1.0	-1.0	-1.0	-1.0	-1.0	-1.0	-1.0	-1.0	0.0	marker	opened-hand	Open	15	0418
-66750.93	-53523.854999999996	-102978.72	-17851.184999999998	0.0	0.0	0.0	0.0	0.0	0.0	0.0	0.0	0.0	0.0	0.0	0.0	0.0	0.0	146.13793103448276	0.0	0.050598015	-0.102966045	1.010556495	1.0834599999999999	0.763	0.763	3212512.0	1776544814.931898	0.0	1.0	-1.0	-1.0	-1.0	-1.0	-1.0	-1.0	-1.0	-1.0	0.0	marker	opened-hand	Open	15	0418
-66744.315	-53527.86	-102976.65	-17841.465	0.0	0.0	0.0	0.0	0.0	0.0	0.0	0.0	0.0	0.0	0.0	0.0	0.0	0.0	146.13793103448276	0.0	0.050598015	-0.102966045	1.010556495	1.0834599999999999	0.763	0.763	3212513.0	1776544814.937894	0.0	1.0	-1.0	-1.0	-1.0	-1.0	-1.0	-1.0	-1.0	-1.0	0.0	marker	opened-hand	Open	15	0418
-66819.15	-53525.79	-102992.355	-17865.54	0.0	0.0	0.0	0.0	0.0	0.0	0.0	0.0	0.0	0.0	0.0	0.0	0.0	0.0	146.13793103448276	0.0	0.050598015	-0.102966045	1.010556495	1.0834599999999999	0.763	0.763	3212514.0	1776544814.937917	0.0	1.0	-1.0	-1.0	-1.0	-1.0	-1.0	-1.0	-1.0	-1.0	0.0	marker	opened-hand	Open	15	0418
-66805.785	-53516.34	-102971.205	-17853.344999999998	0.0	0.0	0.0	0.0	0.0	0.0	0.0	0.0	0.0	0.0	0.0	0.0	0.0	0.0	146.13793103448276	0.0	0.050598015	-0.102966045	1.010556495	1.0834599999999999	0.763	0.763	3212515.0	1776544814.938485	0.0	1.0	-1.0	-1.0	-1.0	-1.0	-1.0	-1.0	-1.0	-1.0	0.0	marker	opened-hand	Open	15	0418
-66830.715	-53521.064999999995	-103075.155	-17963.1	0.0	0.0	0.0	0.0	0.0	0.0	0.0	0.0	0.0	0.0	0.0	0.0	0.0	0.0	146.13793103448276	0.0	0.050598015	-0.102966045	1.010556495	1.0834599999999999	0.763	0.763	3212516.0	1776544814.938508	0.0	1.0	-1.0	-1.0	-1.0	-1.0	-1.0	-1.0	-1.0	-1.0	0.0	marker	opened-hand	Open	15	0418
-66816.765	-53517.24	-103134.555	-18024.165	0.0	0.0	0.0	0.0	0.0	0.0	0.0	0.0	0.0	0.0	0.0	0.0	0.0	0.0	146.13793103448276	0.0	0.050598015	-0.102966045	1.010556495	1.0834599999999999	0.763	0.763	3212517.0	1776544814.942467	0.0	1.0	-1.0	-1.0	-1.0	-1.0	-1.0	-1.0	-1.0	-1.0	0.0	marker	opened-hand	Open	15	0418
-66796.065	-53503.2	-103070.655	-17975.204999999998	0.0	0.0	0.0	0.0	0.0	0.0	0.0	0.0	0.0	0.0	0.0	0.0	0.0	0.0	146.13793103448276	0.0	0.050598015	-0.102966045	1.010556495	1.0834599999999999	0.763	0.763	3212518.0	1776544814.94248	0.0	1.0	-1.0	-1.0	-1.0	-1.0	-1.0	-1.0	-1.0	-1.0	0.0	marker	opened-hand	Open	15	0418
-66768.84	-53489.564999999995	-102969.81	-17895.465	0.0	0.0	0.0	0.0	0.0	0.0	0.0	0.0	0.0	0.0	0.0	0.0	0.0	0.0	146.13793103448276	0.0	0.060607755	-0.11120577	1.00744371	4.56274	1.69386	-0.6103999999999999	3212519.0	1776544814.949283	0.0	1.0	-1.0	-1.0	-1.0	-1.0	-1.0	-1.0	-1.0	-1.0	0.0	marker	opened-hand	Open	15	0418
-66655.125	-53483.579999999994	-102816.62999999999	-17733.825	0.0	0.0	0.0	0.0	0.0	0.0	0.0	0.0	0.0	0.0	0.0	0.0	0.0	0.0	146.13793103448276	0.0	0.060607755	-0.11120577	1.00744371	4.56274	1.69386	-0.6103999999999999	3212520.0	1776544814.949302	0.0	1.0	-1.0	-1.0	-1.0	-1.0	-1.0	-1.0	-1.0	-1.0	0.0	marker	opened-hand	Open	15	0418
-66559.14	-53480.07	-102764.79	-17629.47	0.0	0.0	0.0	0.0	0.0	0.0	0.0	0.0	0.0	0.0	0.0	0.0	0.0	0.0	146.13793103448276	0.0	0.060607755	-0.11120577	1.00744371	4.56274	1.69386	-0.6103999999999999	3212521.0	1776544814.950506	0.0	1.0	-1.0	-1.0	-1.0	-1.0	-1.0	-1.0	-1.0	-1.0	0.0	marker	opened-hand	Open	15	0418
-66757.905	-53494.829999999994	-102980.06999999999	-17827.829999999998	0.0	0.0	0.0	0.0	0.0	0.0	0.0	0.0	0.0	0.0	0.0	0.0	0.0	0.0	146.13793103448276	0.0	0.060607755	-0.11120577	1.00744371	4.56274	1.69386	-0.6103999999999999	3212522.0	1776544814.950526	0.0	1.0	-1.0	-1.0	-1.0	-1.0	-1.0	-1.0	-1.0	-1.0	0.0	marker	opened-hand	Open	15	0418
-66865.995	-53512.604999999996	-103119.39	-17963.864999999998	0.0	0.0	0.0	0.0	0.0	0.0	0.0	0.0	0.0	0.0	0.0	0.0	0.0	0.0	146.13793103448276	0.0	0.060607755	-0.11120577	1.00744371	4.56274	1.69386	-0.6103999999999999	3212523.0	1776544814.954514	0.0	1.0	-1.0	-1.0	-1.0	-1.0	-1.0	-1.0	-1.0	-1.0	0.0	marker	opened-hand	Open	15	0418
-66928.275	-53512.92	-103171.05	-18014.219999999998	0.0	0.0	0.0	0.0	0.0	0.0	0.0	0.0	0.0	0.0	0.0	0.0	0.0	0.0	146.13793103448276	0.0	0.060607755	-0.11120577	1.00744371	4.56274	1.69386	-0.6103999999999999	3212524.0	1776544814.954542	0.0	1.0	-1.0	-1.0	-1.0	-1.0	-1.0	-1.0	-1.0	-1.0	0.0	marker	opened-hand	Open	15	0418
-66926.25	-53498.43	-103074.25499999999	-17955.765	0.0	0.0	0.0	0.0	0.0	0.0	0.0	0.0	0.0	0.0	0.0	0.0	0.0	0.0	146.13793103448276	0.0	0.060607755	-0.11120577	1.00744371	4.56274	1.69386	-0.6103999999999999	3212525.0	1776544814.958499	0.0	1.0	-1.0	-1.0	-1.0	-1.0	-1.0	-1.0	-1.0	-1.0	0.0	marker	opened-hand	Open	15	0418
-66905.145	-53493.21	-103025.51999999999	-17908.335	0.0	0.0	0.0	0.0	0.0	0.0	0.0	0.0	0.0	0.0	0.0	0.0	0.0	0.0	146.13793103448276	0.0	0.060607755	-0.11120577	1.00744371	4.56274	1.69386	-0.6103999999999999	3212526.0	1776544814.958512	0.0	1.0	-1.0	-1.0	-1.0	-1.0	-1.0	-1.0	-1.0	-1.0	0.0	marker	opened-hand	Open	15	0418
-66832.785	-53498.52	-103075.065	-17961.39	0.0	0.0	0.0	0.0	0.0	0.0	0.0	0.0	0.0	0.0	0.0	0.0	0.0	0.0	146.13793103448276	0.0	0.060607755	-0.11120577	1.00744371	4.56274	1.69386	-0.6103999999999999	3212527.0	1776544814.962461	0.0	1.0	-1.0	-1.0	-1.0	-1.0	-1.0	-1.0	-1.0	-1.0	0.0	marker	opened-hand	Open	15	0418
-66863.61	-53507.97	-103085.81999999999	-17970.795	0.0	0.0	0.0	0.0	0.0	0.0	0.0	0.0	0.0	0.0	0.0	0.0	0.0	0.0	146.13793103448276	0.0	0.060607755	-0.11120577	1.00744371	4.56274	1.69386	-0.6103999999999999	3212528.0	1776544814.962472	0.0	1.0	-1.0	-1.0	-1.0	-1.0	-1.0	-1.0	-1.0	-1.0	0.0	marker	opened-hand	Open	15	0418
-66844.62	-53509.634999999995	-103082.985	-17951.715	0.0	0.0	0.0	0.0	0.0	0.0	0.0	0.0	0.0	0.0	0.0	0.0	0.0	0.0	146.13793103448276	0.0	0.049743525000000004	-0.10656711	1.01049546	3.9828599999999996	1.70912	-1.25132	3212529.0	1776544814.966571	0.0	1.0	-1.0	-1.0	-1.0	-1.0	-1.0	-1.0	-1.0	-1.0	0.0	marker	opened-hand	Open	15	0418
-66719.79	-53505.81	-102965.355	-17862.48	0.0	0.0	0.0	0.0	0.0	0.0	0.0	0.0	0.0	0.0	0.0	0.0	0.0	0.0	146.13793103448276	0.0	0.049743525000000004	-0.10656711	1.01049546	3.9828599999999996	1.70912	-1.25132	3212530.0	1776544814.966603	0.0	1.0	-1.0	-1.0	-1.0	-1.0	-1.0	-1.0	-1.0	-1.0	0.0	marker	opened-hand	Open	15	0418
-66732.03	-53510.04	-102932.01	-17849.34	0.0	0.0	0.0	0.0	0.0	0.0	0.0	0.0	0.0	0.0	0.0	0.0	0.0	0.0	146.13793103448276	0.0	0.049743525000000004	-0.10656711	1.01049546	3.9828599999999996	1.70912	-1.25132	3212531.0	1776544814.975283	0.0	1.0	-1.0	-1.0	-1.0	-1.0	-1.0	-1.0	-1.0	-1.0	0.0	marker	opened-hand	Open	15	0418
-66751.92	-53515.575	-102978.54	-17916.48	0.0	0.0	0.0	0.0	0.0	0.0	0.0	0.0	0.0	0.0	0.0	0.0	0.0	0.0	146.13793103448276	0.0	0.049743525000000004	-0.10656711	1.01049546	3.9828599999999996	1.70912	-1.25132	3212532.0	1776544814.975299	0.0	1.0	-1.0	-1.0	-1.0	-1.0	-1.0	-1.0	-1.0	-1.0	0.0	marker	opened-hand	Open	15	0418
-66819.33	-53510.715	-103036.76999999999	-17924.085	0.0	0.0	0.0	0.0	0.0	0.0	0.0	0.0	0.0	0.0	0.0	0.0	0.0	0.0	146.13793103448276	0.0	0.049743525000000004	-0.10656711	1.01049546	3.9828599999999996	1.70912	-1.25132	3212533.0	1776544814.975324	0.0	1.0	-1.0	-1.0	-1.0	-1.0	-1.0	-1.0	-1.0	-1.0	0.0	marker	opened-hand	Open	15	0418
-66850.02	-53512.829999999994	-103078.665	-17911.215	0.0	0.0	0.0	0.0	0.0	0.0	0.0	0.0	0.0	0.0	0.0	0.0	0.0	0.0	146.13793103448276	0.0	0.049743525000000004	-0.10656711	1.01049546	3.9828599999999996	1.70912	-1.25132	3212534.0	1776544814.975335	0.0	1.0	-1.0	-1.0	-1.0	-1.0	-1.0	-1.0	-1.0	-1.0	0.0	marker	opened-hand	Open	15	0418
-66831.97499999999	-53520.165	-103039.965	-17864.73	0.0	0.0	0.0	0.0	0.0	0.0	0.0	0.0	0.0	0.0	0.0	0.0	0.0	0.0	146.13793103448276	0.0	0.049743525000000004	-0.10656711	1.01049546	3.9828599999999996	1.70912	-1.25132	3212535.0	1776544814.978543	0.0	1.0	-1.0	-1.0	-1.0	-1.0	-1.0	-1.0	-1.0	-1.0	0.0	marker	opened-hand	Open	15	0418
-66861.27	-53535.195	-102987.315	-17869.77	0.0	0.0	0.0	0.0	0.0	0.0	0.0	0.0	0.0	0.0	0.0	0.0	0.0	0.0	146.13793103448276	0.0	0.049743525000000004	-0.10656711	1.01049546	3.9828599999999996	1.70912	-1.25132	3212536.0	1776544814.978555	0.0	1.0	-1.0	-1.0	-1.0	-1.0	-1.0	-1.0	-1.0	-1.0	0.0	marker	opened-hand	Open	15	0418
-66781.17	-53547.119999999995	-102966.39	-17882.64	0.0	0.0	0.0	0.0	0.0	0.0	0.0	0.0	0.0	0.0	0.0	0.0	0.0	0.0	146.13793103448276	0.0	0.049743525000000004	-0.10656711	1.01049546	3.9828599999999996	1.70912	-1.25132	3212537.0	1776544814.982625	0.0	1.0	-1.0	-1.0	-1.0	-1.0	-1.0	-1.0	-1.0	-1.0	0.0	marker	opened-hand	Open	15	0418
-66699.36	-53555.895	-102980.655	-17902.485	0.0	0.0	0.0	0.0	0.0	0.0	0.0	0.0	0.0	0.0	0.0	0.0	0.0	0.0	146.13793103448276	0.0	0.049743525000000004	-0.10656711	1.01049546	3.9828599999999996	1.70912	-1.25132	3212538.0	1776544814.982644	0.0	1.0	-1.0	-1.0	-1.0	-1.0	-1.0	-1.0	-1.0	-1.0	0.0	marker	opened-hand	Open	15	0418
-66852.045	-53564.715	-103109.12999999999	-17934.21	0.0	0.0	0.0	0.0	0.0	0.0	0.0	0.0	0.0	0.0	0.0	0.0	0.0	0.0	146.13793103448276	0.0	0.035461335000000004	-0.098693595	1.017758625	1.64808	0.62566	-1.2207999999999999	3212539.0	1776544814.98666	0.0	1.0	-1.0	-1.0	-1.0	-1.0	-1.0	-1.0	-1.0	-1.0	0.0	marker	opened-hand	Open	15	0418
-66873.42	-53562.06	-103126.59	-17978.489999999998	0.0	0.0	0.0	0.0	0.0	0.0	0.0	0.0	0.0	0.0	0.0	0.0	0.0	0.0	146.13793103448276	0.0	0.035461335000000004	-0.098693595	1.017758625	1.64808	0.62566	-1.2207999999999999	3212540.0	1776544814.986674	0.0	1.0	-1.0	-1.0	-1.0	-1.0	-1.0	-1.0	-1.0	-1.0	0.0	marker	opened-hand	Open	15	0418
-66827.385	-53554.005	-103074.525	-17955.405	0.0	0.0	0.0	0.0	0.0	0.0	0.0	0.0	0.0	0.0	0.0	0.0	0.0	0.0	146.13793103448276	0.0	0.035461335000000004	-0.098693595	1.017758625	1.64808	0.62566	-1.2207999999999999	3212541.0	1776544814.990635	0.0	1.0	-1.0	-1.0	-1.0	-1.0	-1.0	-1.0	-1.0	-1.0	0.0	marker	opened-hand	Open	15	0418
-66747.51	-53553.375	-102998.205	-17858.655	0.0	0.0	0.0	0.0	0.0	0.0	0.0	0.0	0.0	0.0	0.0	0.0	0.0	0.0	146.13793103448276	0.0	0.035461335000000004	-0.098693595	1.017758625	1.64808	0.62566	-1.2207999999999999	3212542.0	1776544814.990647	0.0	1.0	-1.0	-1.0	-1.0	-1.0	-1.0	-1.0	-1.0	-1.0	0.0	marker	opened-hand	Open	15	0418
-66578.44499999999	-53550.9	-102883.815	-17741.655	0.0	0.0	0.0	0.0	0.0	0.0	0.0	0.0	0.0	0.0	0.0	0.0	0.0	0.0	146.13793103448276	0.0	0.035461335000000004	-0.098693595	1.017758625	1.64808	0.62566	-1.2207999999999999	3212543.0	1776544814.994654	0.0	1.0	-1.0	-1.0	-1.0	-1.0	-1.0	-1.0	-1.0	-1.0	0.0	marker	opened-hand	Open	15	0418
-66628.665	-53558.549999999996	-102972.64499999999	-17819.415	0.0	0.0	0.0	0.0	0.0	0.0	0.0	0.0	0.0	0.0	0.0	0.0	0.0	0.0	146.13793103448276	0.0	0.035461335000000004	-0.098693595	1.017758625	1.64808	0.62566	-1.2207999999999999	3212544.0	1776544814.994668	0.0	1.0	-1.0	-1.0	-1.0	-1.0	-1.0	-1.0	-1.0	-1.0	0.0	marker	opened-hand	Open	15	0418
-66776.895	-53566.38	-103080.23999999999	-17941.545	0.0	0.0	0.0	0.0	0.0	0.0	0.0	0.0	0.0	0.0	0.0	0.0	0.0	0.0	146.13793103448276	0.0	0.035461335000000004	-0.098693595	1.017758625	1.64808	0.62566	-1.2207999999999999	3212545.0	1776544814.998672	0.0	1.0	-1.0	-1.0	-1.0	-1.0	-1.0	-1.0	-1.0	-1.0	0.0	marker	opened-hand	Open	15	0418
-66741.03	-53574.39	-102947.44499999999	-17854.065	0.0	0.0	0.0	0.0	0.0	0.0	0.0	0.0	0.0	0.0	0.0	0.0	0.0	0.0	146.13793103448276	0.0	0.035461335000000004	-0.098693595	1.017758625	1.64808	0.62566	-1.2207999999999999	3212546.0	1776544814.998694	0.0	1.0	-1.0	-1.0	-1.0	-1.0	-1.0	-1.0	-1.0	-1.0	0.0	marker	opened-hand	Open	15	0418
-66698.145	-53577.54	-102881.47499999999	-17779.23	0.0	0.0	0.0	0.0	0.0	0.0	0.0	0.0	0.0	0.0	0.0	0.0	0.0	0.0	146.13793103448276	0.0	0.035461335000000004	-0.098693595	1.017758625	1.64808	0.62566	-1.2207999999999999	3212547.0	1776544815.007148	0.0	1.0	-1.0	-1.0	-1.0	-1.0	-1.0	-1.0	-1.0	-1.0	0.0	marker	opened-hand	Open	15	0418
-66767.265	-53573.715	-102965.94	-17858.385	0.0	0.0	0.0	0.0	0.0	0.0	0.0	0.0	0.0	0.0	0.0	0.0	0.0	0.0	146.13793103448276	0.0	0.035461335000000004	-0.098693595	1.017758625	1.64808	0.62566	-1.2207999999999999	3212548.0	1776544815.007175	0.0	1.0	-1.0	-1.0	-1.0	-1.0	-1.0	-1.0	-1.0	-1.0	0.0	marker	opened-hand	Open	15	0418
-66737.11499999999	-53559.63	-102891.375	-17803.665	0.0	0.0	0.0	0.0	0.0	0.0	0.0	0.0	0.0	0.0	0.0	0.0	0.0	0.0	146.13793103448276	0.0	0.032348550000000004	-0.100524645	1.02453351	-0.35097999999999996	-1.15976	-1.00716	3212549.0	1776544815.007206	0.0	1.0	-1.0	-1.0	-1.0	-1.0	-1.0	-1.0	-1.0	-1.0	0.0	marker	opened-hand	Open	15	0418
-66807.675	-53563.68	-102928.545	-17829.809999999998	0.0	0.0	0.0	0.0	0.0	0.0	0.0	0.0	0.0	0.0	0.0	0.0	0.0	0.0	146.13793103448276	0.0	0.032348550000000004	-0.100524645	1.02453351	-0.35097999999999996	-1.15976	-1.00716	3212550.0	1776544815.007228	0.0	1.0	-1.0	-1.0	-1.0	-1.0	-1.0	-1.0	-1.0	-1.0	0.0	marker	opened-hand	Open	15	0418
-66766.95	-53564.265	-102949.245	-17831.565	0.0	0.0	0.0	0.0	0.0	0.0	0.0	0.0	0.0	0.0	0.0	0.0	0.0	0.0	146.13793103448276	0.0	0.032348550000000004	-0.100524645	1.02453351	-0.35097999999999996	-1.15976	-1.00716	3212551.0	1776544815.010697	0.0	1.0	-1.0	-1.0	-1.0	-1.0	-1.0	-1.0	-1.0	-1.0	0.0	marker	opened-hand	Open	15	0418
-66912.75	-53569.619999999995	-103125.915	-17977.995	0.0	0.0	0.0	0.0	0.0	0.0	0.0	0.0	0.0	0.0	0.0	0.0	0.0	0.0	146.13793103448276	0.0	0.032348550000000004	-0.100524645	1.02453351	-0.35097999999999996	-1.15976	-1.00716	3212552.0	1776544815.010715	0.0	1.0	-1.0	-1.0	-1.0	-1.0	-1.0	-1.0	-1.0	-1.0	0.0	marker	opened-hand	Open	15	0418
-66942.72	-53578.619999999995	-103165.69499999999	-18049.14	0.0	0.0	0.0	0.0	0.0	0.0	0.0	0.0	0.0	0.0	0.0	0.0	0.0	0.0	146.13793103448276	0.0	0.032348550000000004	-0.100524645	1.02453351	-0.35097999999999996	-1.15976	-1.00716	3212553.0	1776544815.014808	0.0	1.0	-1.0	-1.0	-1.0	-1.0	-1.0	-1.0	-1.0	-1.0	0.0	marker	opened-hand	Open	15	0418
-66856.77	-53583.57	-103054.76999999999	-17950.364999999998	0.0	0.0	0.0	0.0	0.0	0.0	0.0	0.0	0.0	0.0	0.0	0.0	0.0	0.0	146.13793103448276	0.0	0.032348550000000004	-0.100524645	1.02453351	-0.35097999999999996	-1.15976	-1.00716	3212554.0	1776544815.014828	0.0	1.0	-1.0	-1.0	-1.0	-1.0	-1.0	-1.0	-1.0	-1.0	0.0	marker	opened-hand	Open	15	0418
-66870.54	-53589.195	-103084.245	-17987.219999999998	0.0	0.0	0.0	0.0	0.0	0.0	0.0	0.0	0.0	0.0	0.0	0.0	0.0	0.0	146.13793103448276	0.0	0.032348550000000004	-0.100524645	1.02453351	-0.35097999999999996	-1.15976	-1.00716	3212555.0	1776544815.018891	0.0	1.0	-1.0	-1.0	-1.0	-1.0	-1.0	-1.0	-1.0	-1.0	0.0	marker	opened-hand	Open	15	0418
-66826.575	-53581.814999999995	-103053.105	-17946.719999999998	0.0	0.0	0.0	0.0	0.0	0.0	0.0	0.0	0.0	0.0	0.0	0.0	0.0	0.0	146.13793103448276	0.0	0.032348550000000004	-0.100524645	1.02453351	-0.35097999999999996	-1.15976	-1.00716	3212556.0	1776544815.018911	0.0	1.0	-1.0	-1.0	-1.0	-1.0	-1.0	-1.0	-1.0	-1.0	0.0	marker	opened-hand	Open	15	0418
-66821.48999999999	-53569.395	-103041.45	-17906.625	0.0	0.0	0.0	0.0	0.0	0.0	0.0	0.0	0.0	0.0	0.0	0.0	0.0	0.0	146.13793103448276	0.0	0.032348550000000004	-0.100524645	1.02453351	-0.35097999999999996	-1.15976	-1.00716	3212557.0	1776544815.023189	0.0	1.0	-1.0	-1.0	-1.0	-1.0	-1.0	-1.0	-1.0	-1.0	0.0	marker	opened-hand	Open	15	0418
-66881.79	-53556.975	-103052.43	-17882.145	0.0	0.0	0.0	0.0	0.0	0.0	0.0	0.0	0.0	0.0	0.0	0.0	0.0	0.0	146.13793103448276	0.0	0.032348550000000004	-0.100524645	1.02453351	-0.35097999999999996	-1.15976	-1.00716	3212558.0	1776544815.023212	0.0	1.0	-1.0	-1.0	-1.0	-1.0	-1.0	-1.0	-1.0	-1.0	0.0	marker	opened-hand	Open	15	0418
-66852.18	-53546.22	-102992.805	-17907.704999999998	0.0	0.0	0.0	0.0	0.0	0.0	0.0	0.0	0.0	0.0	0.0	0.0	0.0	0.0	146.13793103448276	0.0	0.03210441	-0.108337125	1.028989065	1.2207999999999999	-2.65524	-1.6175599999999999	3212559.0	1776544815.028027	0.0	1.0	-1.0	-1.0	-1.0	-1.0	-1.0	-1.0	-1.0	-1.0	0.0	marker	opened-hand	Open	15	0418
-66776.76	-53547.39	-102982.905	-17918.864999999998	0.0	0.0	0.0	0.0	0.0	0.0	0.0	0.0	0.0	0.0	0.0	0.0	0.0	0.0	146.13793103448276	0.0	0.03210441	-0.108337125	1.028989065	1.2207999999999999	-2.65524	-1.6175599999999999	3212560.0	1776544815.028045	0.0	1.0	-1.0	-1.0	-1.0	-1.0	-1.0	-1.0	-1.0	-1.0	0.0	marker	opened-hand	Open	15	0418
-66709.89	-53557.92	-102964.76999999999	-17815.274999999998	0.0	0.0	0.0	0.0	0.0	0.0	0.0	0.0	0.0	0.0	0.0	0.0	0.0	0.0	146.13793103448276	0.0	0.03210441	-0.108337125	1.028989065	1.2207999999999999	-2.65524	-1.6175599999999999	3212561.0	1776544815.034215	0.0	1.0	-1.0	-1.0	-1.0	-1.0	-1.0	-1.0	-1.0	-1.0	0.0	marker	opened-hand	Open	15	0418
-66778.155	-53584.784999999996	-103055.175	-17907.57	0.0	0.0	0.0	0.0	0.0	0.0	0.0	0.0	0.0	0.0	0.0	0.0	0.0	0.0	146.13793103448276	0.0	0.03210441	-0.108337125	1.028989065	1.2207999999999999	-2.65524	-1.6175599999999999	3212562.0	1776544815.034249	0.0	1.0	-1.0	-1.0	-1.0	-1.0	-1.0	-1.0	-1.0	-1.0	0.0	marker	opened-hand	Open	15	0418
-66795.3	-53587.439999999995	-103024.215	-17906.309999999998	0.0	0.0	0.0	0.0	0.0	0.0	0.0	0.0	0.0	0.0	0.0	0.0	0.0	0.0	146.13793103448276	0.0	0.03210441	-0.108337125	1.028989065	1.2207999999999999	-2.65524	-1.6175599999999999	3212563.0	1776544815.036949	0.0	1.0	-1.0	-1.0	-1.0	-1.0	-1.0	-1.0	-1.0	-1.0	0.0	marker	opened-hand	Open	15	0418
-66755.34	-53592.119999999995	-103003.515	-17905.815	0.0	0.0	0.0	0.0	0.0	0.0	0.0	0.0	0.0	0.0	0.0	0.0	0.0	0.0	146.13793103448276	0.0	0.03210441	-0.108337125	1.028989065	1.2207999999999999	-2.65524	-1.6175599999999999	3212564.0	1776544815.036971	0.0	1.0	-1.0	-1.0	-1.0	-1.0	-1.0	-1.0	-1.0	-1.0	0.0	marker	opened-hand	Open	15	0418
-66702.105	-53584.65	-102936.69	-17851.815	0.0	0.0	0.0	0.0	0.0	0.0	0.0	0.0	0.0	0.0	0.0	0.0	0.0	0.0	146.13793103448276	0.0	0.03210441	-0.108337125	1.028989065	1.2207999999999999	-2.65524	-1.6175599999999999	3212565.0	1776544815.040077	0.0	1.0	-1.0	-1.0	-1.0	-1.0	-1.0	-1.0	-1.0	-1.0	0.0	marker	opened-hand	Open	15	0418
-66819.105	-53577.225	-102874.14	-17763.57	0.0	0.0	0.0	0.0	0.0	0.0	0.0	0.0	0.0	0.0	0.0	0.0	0.0	0.0	146.13793103448276	0.0	0.03210441	-0.108337125	1.028989065	1.2207999999999999	-2.65524	-1.6175599999999999	3212566.0	1776544815.040091	0.0	1.0	-1.0	-1.0	-1.0	-1.0	-1.0	-1.0	-1.0	-1.0	0.0	marker	opened-hand	Open	15	0418
-66968.505	-53585.775	-103014.09	-17852.94	0.0	0.0	0.0	0.0	0.0	0.0	0.0	0.0	0.0	0.0	0.0	0.0	0.0	0.0	146.13793103448276	0.0	0.03210441	-0.108337125	1.028989065	1.2207999999999999	-2.65524	-1.6175599999999999	3212567.0	1776544815.043198	0.0	1.0	-1.0	-1.0	-1.0	-1.0	-1.0	-1.0	-1.0	-1.0	0.0	marker	opened-hand	Open	15	0418
-66760.245	-53586.0	-103016.295	-17863.02	0.0	0.0	0.0	0.0	0.0	0.0	0.0	0.0	0.0	0.0	0.0	0.0	0.0	0.0	146.13793103448276	0.0	0.03210441	-0.108337125	1.028989065	1.2207999999999999	-2.65524	-1.6175599999999999	3212568.0	1776544815.043209	0.0	1.0	-1.0	-1.0	-1.0	-1.0	-1.0	-1.0	-1.0	-1.0	0.0	marker	opened-hand	Open	15	0418
-66628.035	-53574.39	-102945.64499999999	-17823.015	0.0	0.0	0.0	0.0	0.0	0.0	0.0	0.0	0.0	0.0	0.0	0.0	0.0	0.0	146.13793103448276	0.0	0.037048245	-0.111633015	1.024106265	3.67766	-3.0977799999999998	-1.51074	3212569.0	1776544815.047017	0.0	1.0	-1.0	-1.0	-1.0	-1.0	-1.0	-1.0	-1.0	-1.0	0.0	marker	opened-hand	Open	15	0418
-66660.93	-53582.31	-102882.64499999999	-17761.23	0.0	0.0	0.0	0.0	0.0	0.0	0.0	0.0	0.0	0.0	0.0	0.0	0.0	0.0	146.13793103448276	0.0	0.037048245	-0.111633015	1.024106265	3.67766	-3.0977799999999998	-1.51074	3212570.0	1776544815.047041	0.0	1.0	-1.0	-1.0	-1.0	-1.0	-1.0	-1.0	-1.0	-1.0	0.0	marker	opened-hand	Open	15	0418
-66839.13	-53607.42	-103026.23999999999	-17903.745	0.0	0.0	0.0	0.0	0.0	0.0	0.0	0.0	0.0	0.0	0.0	0.0	0.0	0.0	146.13793103448276	0.0	0.037048245	-0.111633015	1.024106265	3.67766	-3.0977799999999998	-1.51074	3212571.0	1776544815.052653	0.0	1.0	-1.0	-1.0	-1.0	-1.0	-1.0	-1.0	-1.0	-1.0	0.0	marker	opened-hand	Open	15	0418
-66927.555	-53628.299999999996	-103228.965	-18101.7	0.0	0.0	0.0	0.0	0.0	0.0	0.0	0.0	0.0	0.0	0.0	0.0	0.0	0.0	146.13793103448276	0.0	0.037048245	-0.111633015	1.024106265	3.67766	-3.0977799999999998	-1.51074	3212572.0	1776544815.05268	0.0	1.0	-1.0	-1.0	-1.0	-1.0	-1.0	-1.0	-1.0	-1.0	0.0	marker	opened-hand	Open	15	0418
-66875.22	-53634.104999999996	-103176.94499999999	-18053.82	0.0	0.0	0.0	0.0	0.0	0.0	0.0	0.0	0.0	0.0	0.0	0.0	0.0	0.0	146.13793103448276	0.0	0.037048245	-0.111633015	1.024106265	3.67766	-3.0977799999999998	-1.51074	3212573.0	1776544815.054998	0.0	1.0	-1.0	-1.0	-1.0	-1.0	-1.0	-1.0	-1.0	-1.0	0.0	marker	opened-hand	Open	15	0418
-66861.63	-53627.805	-103118.715	-17998.965	0.0	0.0	0.0	0.0	0.0	0.0	0.0	0.0	0.0	0.0	0.0	0.0	0.0	0.0	146.13793103448276	0.0	0.037048245	-0.111633015	1.024106265	3.67766	-3.0977799999999998	-1.51074	3212574.0	1776544815.055025	0.0	1.0	-1.0	-1.0	-1.0	-1.0	-1.0	-1.0	-1.0	-1.0	0.0	marker	opened-hand	Open	15	0418
-66848.76	-53608.68	-103097.745	-17978.715	0.0	0.0	0.0	0.0	0.0	0.0	0.0	0.0	0.0	0.0	0.0	0.0	0.0	0.0	146.13793103448276	0.0	0.037048245	-0.111633015	1.024106265	3.67766	-3.0977799999999998	-1.51074	3212575.0	1776544815.058956	0.0	1.0	-1.0	-1.0	-1.0	-1.0	-1.0	-1.0	-1.0	-1.0	0.0	marker	opened-hand	Open	15	0418
-66774.465	-53593.38	-102995.055	-17868.78	0.0	0.0	0.0	0.0	0.0	0.0	0.0	0.0	0.0	0.0	0.0	0.0	0.0	0.0	146.13793103448276	0.0	0.037048245	-0.111633015	1.024106265	3.67766	-3.0977799999999998	-1.51074	3212576.0	1776544815.058973	0.0	1.0	-1.0	-1.0	-1.0	-1.0	-1.0	-1.0	-1.0	-1.0	0.0	marker	opened-hand	Open	15	0418
-66744.58499999999	-53588.295	-102937.76999999999	-17806.364999999998	0.0	0.0	0.0	0.0	0.0	0.0	0.0	0.0	0.0	0.0	0.0	0.0	0.0	0.0	146.13793103448276	0.0	0.037048245	-0.111633015	1.024106265	3.67766	-3.0977799999999998	-1.51074	3212577.0	1776544815.063142	0.0	1.0	-1.0	-1.0	-1.0	-1.0	-1.0	-1.0	-1.0	-1.0	0.0	marker	opened-hand	Open	15	0418
-66758.67	-53596.845	-102946.23	-17815.454999999998	0.0	0.0	0.0	0.0	0.0	0.0	0.0	0.0	0.0	0.0	0.0	0.0	0.0	0.0	146.13793103448276	0.0	0.037048245	-0.111633015	1.024106265	3.67766	-3.0977799999999998	-1.51074	3212578.0	1776544815.063172	0.0	1.0	-1.0	-1.0	-1.0	-1.0	-1.0	-1.0	-1.0	-1.0	0.0	marker	opened-hand	Open	15	0418
-66701.97	-53597.295	-102978.765	-17857.35	0.0	0.0	0.0	0.0	0.0	0.0	0.0	0.0	0.0	0.0	0.0	0.0	0.0	0.0	146.0	0.0	0.049743525000000004	-0.112975785	1.0156224	2.79258	-2.79258	-2.2889999999999997	3212579.0	1776544815.071421	0.0	1.0	-1.0	-1.0	-1.0	-1.0	-1.0	-1.0	-1.0	-1.0	0.0	marker	opened-hand	Open	15	0418
-66634.515	-53587.845	-102951.09	-17850.555	0.0	0.0	0.0	0.0	0.0	0.0	0.0	0.0	0.0	0.0	0.0	0.0	0.0	0.0	146.0	0.0	0.049743525000000004	-0.112975785	1.0156224	2.79258	-2.79258	-2.2889999999999997	3212580.0	1776544815.071445	0.0	1.0	-1.0	-1.0	-1.0	-1.0	-1.0	-1.0	-1.0	-1.0	0.0	marker	opened-hand	Open	15	0418
-66642.705	-53582.265	-102912.25499999999	-17806.905	0.0	0.0	0.0	0.0	0.0	0.0	0.0	0.0	0.0	0.0	0.0	0.0	0.0	0.0	146.0	0.0	0.049743525000000004	-0.112975785	1.0156224	2.79258	-2.79258	-2.2889999999999997	3212581.0	1776544815.071458	0.0	1.0	-1.0	-1.0	-1.0	-1.0	-1.0	-1.0	-1.0	-1.0	0.0	marker	opened-hand	Open	15	0418
-66863.79	-53585.549999999996	-103098.95999999999	-17951.94	0.0	0.0	0.0	0.0	0.0	0.0	0.0	0.0	0.0	0.0	0.0	0.0	0.0	0.0	146.0	0.0	0.049743525000000004	-0.112975785	1.0156224	2.79258	-2.79258	-2.2889999999999997	3212582.0	1776544815.071464	0.0	1.0	-1.0	-1.0	-1.0	-1.0	-1.0	-1.0	-1.0	-1.0	0.0	marker	opened-hand	Open	15	0418
-66933.9	-53578.215	-103163.4	-18017.28	0.0	0.0	0.0	0.0	0.0	0.0	0.0	0.0	0.0	0.0	0.0	0.0	0.0	0.0	146.0	0.0	0.049743525000000004	-0.112975785	1.0156224	2.79258	-2.79258	-2.2889999999999997	3212583.0	1776544815.078986	0.0	1.0	-1.0	-1.0	-1.0	-1.0	-1.0	-1.0	-1.0	-1.0	0.0	marker	opened-hand	Open	15	0418
-66845.205	-53574.39	-103054.76999999999	-17908.829999999998	0.0	0.0	0.0	0.0	0.0	0.0	0.0	0.0	0.0	0.0	0.0	0.0	0.0	0.0	146.0	0.0	0.049743525000000004	-0.112975785	1.0156224	2.79258	-2.79258	-2.2889999999999997	3212584.0	1776544815.078996	0.0	1.0	-1.0	-1.0	-1.0	-1.0	-1.0	-1.0	-1.0	-1.0	0.0	marker	opened-hand	Open	15	0418
-66741.705	-53578.53	-102920.31	-17787.465	0.0	0.0	0.0	0.0	0.0	0.0	0.0	0.0	0.0	0.0	0.0	0.0	0.0	0.0	146.0	0.0	0.049743525000000004	-0.112975785	1.0156224	2.79258	-2.79258	-2.2889999999999997	3212585.0	1776544815.079007	0.0	1.0	-1.0	-1.0	-1.0	-1.0	-1.0	-1.0	-1.0	-1.0	0.0	marker	opened-hand	Open	15	0418
-66595.68	-53575.829999999994	-102776.715	-17667.63	0.0	0.0	0.0	0.0	0.0	0.0	0.0	0.0	0.0	0.0	0.0	0.0	0.0	0.0	146.0	0.0	0.049743525000000004	-0.112975785	1.0156224	2.79258	-2.79258	-2.2889999999999997	3212586.0	1776544815.079013	0.0	1.0	-1.0	-1.0	-1.0	-1.0	-1.0	-1.0	-1.0	-1.0	0.0	marker	opened-hand	Open	15	0418
-66456.315	-53573.13	-102616.155	-17542.62	0.0	0.0	0.0	0.0	0.0	0.0	0.0	0.0	0.0	0.0	0.0	0.0	0.0	0.0	146.0	0.0	0.049743525000000004	-0.112975785	1.0156224	2.79258	-2.79258	-2.2889999999999997	3212587.0	1776544815.083094	0.0	1.0	-1.0	-1.0	-1.0	-1.0	-1.0	-1.0	-1.0	-1.0	0.0	marker	opened-hand	Open	15	0418
-66583.305	-53588.655	-102642.3	-17570.34	0.0	0.0	0.0	0.0	0.0	0.0	0.0	0.0	0.0	0.0	0.0	0.0	0.0	0.0	146.0	0.0	0.049743525000000004	-0.112975785	1.0156224	2.79258	-2.79258	-2.2889999999999997	3212588.0	1776544815.083101	0.0	1.0	-1.0	-1.0	-1.0	-1.0	-1.0	-1.0	-1.0	-1.0	0.0	marker	opened-hand	Open	15	0418
-66949.2	-53613.134999999995	-102994.155	-17912.655	0.0	0.0	0.0	0.0	0.0	0.0	0.0	0.0	0.0	0.0	0.0	0.0	0.0	0.0	146.0	0.0	0.05480943	-0.110046105	1.00744371	3.02148	-1.57178	-2.27374	3212589.0	1776544815.087405	0.0	1.0	-1.0	-1.0	-1.0	-1.0	-1.0	-1.0	-1.0	-1.0	0.0	marker	opened-hand	Open	15	0418
-66974.94	-53614.259999999995	-103237.69499999999	-18138.015	0.0	0.0	0.0	0.0	0.0	0.0	0.0	0.0	0.0	0.0	0.0	0.0	0.0	0.0	146.0	0.0	0.05480943	-0.110046105	1.00744371	3.02148	-1.57178	-2.27374	3212590.0	1776544815.087413	0.0	1.0	-1.0	-1.0	-1.0	-1.0	-1.0	-1.0	-1.0	-1.0	0.0	marker	opened-hand	Open	15	0418
-66936.645	-53592.525	-103194.09	-18091.035	0.0	0.0	0.0	0.0	0.0	0.0	0.0	0.0	0.0	0.0	0.0	0.0	0.0	0.0	146.0	0.0	0.05480943	-0.110046105	1.00744371	3.02148	-1.57178	-2.27374	3212591.0	1776544815.093337	0.0	1.0	-1.0	-1.0	-1.0	-1.0	-1.0	-1.0	-1.0	-1.0	0.0	marker	opened-hand	Open	15	0418
-66904.69499999999	-53577.674999999996	-103121.73	-17992.079999999998	0.0	0.0	0.0	0.0	0.0	0.0	0.0	0.0	0.0	0.0	0.0	0.0	0.0	0.0	146.0	0.0	0.05480943	-0.110046105	1.00744371	3.02148	-1.57178	-2.27374	3212592.0	1776544815.093343	0.0	1.0	-1.0	-1.0	-1.0	-1.0	-1.0	-1.0	-1.0	-1.0	0.0	marker	opened-hand	Open	15	0418
-66950.73	-53584.604999999996	-103108.815	-17969.489999999998	0.0	0.0	0.0	0.0	0.0	0.0	0.0	0.0	0.0	0.0	0.0	0.0	0.0	0.0	146.0	0.0	0.05480943	-0.110046105	1.00744371	3.02148	-1.57178	-2.27374	3212593.0	1776544815.095036	0.0	1.0	-1.0	-1.0	-1.0	-1.0	-1.0	-1.0	-1.0	-1.0	0.0	marker	opened-hand	Open	15	0418
-66934.17	-53597.34	-103147.605	-18006.434999999998	0.0	0.0	0.0	0.0	0.0	0.0	0.0	0.0	0.0	0.0	0.0	0.0	0.0	0.0	146.0	0.0	0.05480943	-0.110046105	1.00744371	3.02148	-1.57178	-2.27374	3212594.0	1776544815.095042	0.0	1.0	-1.0	-1.0	-1.0	-1.0	-1.0	-1.0	-1.0	-1.0	0.0	marker	opened-hand	Open	15	0418
-66742.92	-53603.505	-103100.985	-17968.364999999998	0.0	0.0	0.0	0.0	0.0	0.0	0.0	0.0	0.0	0.0	0.0	0.0	0.0	0.0	146.0	0.0	0.05480943	-0.110046105	1.00744371	3.02148	-1.57178	-2.27374	3212595.0	1776544815.099103	0.0	1.0	-1.0	-1.0	-1.0	-1.0	-1.0	-1.0	-1.0	-1.0	0.0	marker	opened-hand	Open	15	0418
-66724.29	-53609.265	-102975.65999999999	-17892.045	0.0	0.0	0.0	0.0	0.0	0.0	0.0	0.0	0.0	0.0	0.0	0.0	0.0	0.0	146.0	0.0	0.05480943	-0.110046105	1.00744371	3.02148	-1.57178	-2.27374	3212596.0	1776544815.099108	0.0	1.0	-1.0	-1.0	-1.0	-1.0	-1.0	-1.0	-1.0	-1.0	0.0	marker	opened-hand	Open	15	0418
-66746.385	-53612.549999999996	-102935.61	-17869.905	0.0	0.0	0.0	0.0	0.0	0.0	0.0	0.0	0.0	0.0	0.0	0.0	0.0	0.0	146.0	0.0	0.05480943	-0.110046105	1.00744371	3.02148	-1.57178	-2.27374	3212597.0	1776544815.103253	0.0	1.0	-1.0	-1.0	-1.0	-1.0	-1.0	-1.0	-1.0	-1.0	0.0	marker	opened-hand	Open	15	0418
-66868.785	-53630.954999999994	-103100.985	-17952.39	0.0	0.0	0.0	0.0	0.0	0.0	0.0	0.0	0.0	0.0	0.0	0.0	0.0	0.0	146.0	0.0	0.05480943	-0.110046105	1.00744371	3.02148	-1.57178	-2.27374	3212598.0	1776544815.103259	0.0	1.0	-1.0	-1.0	-1.0	-1.0	-1.0	-1.0	-1.0	-1.0	0.0	marker	opened-hand	Open	15	0418
-66892.545	-53631.9	-103128.12	-17969.579999999998	0.0	0.0	0.0	0.0	0.0	0.0	0.0	0.0	0.0	0.0	0.0	0.0	0.0	0.0	146.0	0.0	0.05871567	-0.106994355	1.00292712	3.93708	-0.59514	-1.9227599999999998	3212599.0	1776544815.111061	0.0	1.0	-1.0	-1.0	-1.0	-1.0	-1.0	-1.0	-1.0	-1.0	0.0	marker	opened-hand	Open	15	0418
-66822.39	-53621.28	-103054.815	-17924.219999999998	0.0	0.0	0.0	0.0	0.0	0.0	0.0	0.0	0.0	0.0	0.0	0.0	0.0	0.0	146.0	0.0	0.05871567	-0.106994355	1.00292712	3.93708	-0.59514	-1.9227599999999998	3212600.0	1776544815.111067	0.0	1.0	-1.0	-1.0	-1.0	-1.0	-1.0	-1.0	-1.0	-1.0	0.0	marker	opened-hand	Open	15	0418
-66837.915	-53633.07	-103075.515	-17950.14	0.0	0.0	0.0	0.0	0.0	0.0	0.0	0.0	0.0	0.0	0.0	0.0	0.0	0.0	146.0	0.0	0.05871567	-0.106994355	1.00292712	3.93708	-0.59514	-1.9227599999999998	3212601.0	1776544815.111073	0.0	1.0	-1.0	-1.0	-1.0	-1.0	-1.0	-1.0	-1.0	-1.0	0.0	marker	opened-hand	Open	15	0418
-66827.385	-53637.84	-103034.47499999999	-17919.54	0.0	0.0	0.0	0.0	0.0	0.0	0.0	0.0	0.0	0.0	0.0	0.0	0.0	0.0	146.0	0.0	0.05871567	-0.106994355	1.00292712	3.93708	-0.59514	-1.9227599999999998	3212602.0	1776544815.111078	0.0	1.0	-1.0	-1.0	-1.0	-1.0	-1.0	-1.0	-1.0	-1.0	0.0	marker	opened-hand	Open	15	0418
-66744.58499999999	-53640.72	-102977.14499999999	-17882.37	0.0	0.0	0.0	0.0	0.0	0.0	0.0	0.0	0.0	0.0	0.0	0.0	0.0	0.0	146.0	0.0	0.05871567	-0.106994355	1.00292712	3.93708	-0.59514	-1.9227599999999998	3212603.0	1776544815.115299	0.0	1.0	-1.0	-1.0	-1.0	-1.0	-1.0	-1.0	-1.0	-1.0	0.0	marker	opened-hand	Open	15	0418
-66719.025	-53651.52	-102965.22	-17844.255	0.0	0.0	0.0	0.0	0.0	0.0	0.0	0.0	0.0	0.0	0.0	0.0	0.0	0.0	146.0	0.0	0.05871567	-0.106994355	1.00292712	3.93708	-0.59514	-1.9227599999999998	3212604.0	1776544815.115304	0.0	1.0	-1.0	-1.0	-1.0	-1.0	-1.0	-1.0	-1.0	-1.0	0.0	marker	opened-hand	Open	15	0418
-66742.38	-53658.494999999995	-102993.97499999999	-17850.555	0.0	0.0	0.0	0.0	0.0	0.0	0.0	0.0	0.0	0.0	0.0	0.0	0.0	0.0	146.0	0.0	0.05871567	-0.106994355	1.00292712	3.93708	-0.59514	-1.9227599999999998	3212605.0	1776544815.119937	0.0	1.0	-1.0	-1.0	-1.0	-1.0	-1.0	-1.0	-1.0	-1.0	0.0	marker	opened-hand	Open	15	0418
-66796.47	-53650.17	-103023.62999999999	-17895.465	0.0	0.0	0.0	0.0	0.0	0.0	0.0	0.0	0.0	0.0	0.0	0.0	0.0	0.0	146.0	0.0	0.05871567	-0.106994355	1.00292712	3.93708	-0.59514	-1.9227599999999998	3212606.0	1776544815.119941	0.0	1.0	-1.0	-1.0	-1.0	-1.0	-1.0	-1.0	-1.0	-1.0	0.0	marker	opened-hand	Open	15	0418
-66815.415	-53643.915	-103040.64	-17926.785	0.0	0.0	0.0	0.0	0.0	0.0	0.0	0.0	0.0	0.0	0.0	0.0	0.0	0.0	146.0	0.0	0.05871567	-0.106994355	1.00292712	3.93708	-0.59514	-1.9227599999999998	3212607.0	1776544815.123694	0.0	1.0	-1.0	-1.0	-1.0	-1.0	-1.0	-1.0	-1.0	-1.0	0.0	marker	opened-hand	Open	15	0418
-66822.345	-53633.34	-103039.92	-17923.14	0.0	0.0	0.0	0.0	0.0	0.0	0.0	0.0	0.0	0.0	0.0	0.0	0.0	0.0	146.0	0.0	0.05871567	-0.106994355	1.00292712	3.93708	-0.59514	-1.9227599999999998	3212608.0	1776544815.123698	0.0	1.0	-1.0	-1.0	-1.0	-1.0	-1.0	-1.0	-1.0	-1.0	0.0	marker	opened-hand	Open	15	0418
-66754.575	-53616.915	-102964.95	-17848.89	0.0	0.0	0.0	0.0	0.0	0.0	0.0	0.0	0.0	0.0	0.0	0.0	0.0	0.0	146.0	0.0	0.065002275	-0.10107396	0.995541885	4.303319999999999	1.1444999999999999	-1.03768	3212609.0	1776544815.12713	0.0	1.0	-1.0	-1.0	-1.0	-1.0	-1.0	-1.0	-1.0	-1.0	0.0	marker	opened-hand	Open	15	0418
-66761.73	-53616.375	-102976.515	-17853.165	0.0	0.0	0.0	0.0	0.0	0.0	0.0	0.0	0.0	0.0	0.0	0.0	0.0	0.0	146.0	0.0	0.065002275	-0.10107396	0.995541885	4.303319999999999	1.1444999999999999	-1.03768	3212610.0	1776544815.127134	0.0	1.0	-1.0	-1.0	-1.0	-1.0	-1.0	-1.0	-1.0	-1.0	0.0	marker	opened-hand	Open	15	0418
-66680.415	-53615.07	-102884.175	-17781.795	0.0	0.0	0.0	0.0	0.0	0.0	0.0	0.0	0.0	0.0	0.0	0.0	0.0	0.0	146.0	0.0	0.065002275	-0.10107396	0.995541885	4.303319999999999	1.1444999999999999	-1.03768	3212611.0	1776544815.133252	0.0	1.0	-1.0	-1.0	-1.0	-1.0	-1.0	-1.0	-1.0	-1.0	0.0	marker	opened-hand	Open	15	0418
-66701.83499999999	-53619.93	-102864.375	-17739.0	0.0	0.0	0.0	0.0	0.0	0.0	0.0	0.0	0.0	0.0	0.0	0.0	0.0	0.0	146.0	0.0	0.065002275	-0.10107396	0.995541885	4.303319999999999	1.1444999999999999	-1.03768	3212612.0	1776544815.133267	0.0	1.0	-1.0	-1.0	-1.0	-1.0	-1.0	-1.0	-1.0	-1.0	0.0	marker	opened-hand	Open	15	0418
-66801.42	-53632.17	-102928.86	-17795.16	0.0	0.0	0.0	0.0	0.0	0.0	0.0	0.0	0.0	0.0	0.0	0.0	0.0	0.0	146.0	0.0	0.065002275	-0.10107396	0.995541885	4.303319999999999	1.1444999999999999	-1.03768	3212613.0	1776544815.136364	0.0	1.0	-1.0	-1.0	-1.0	-1.0	-1.0	-1.0	-1.0	-1.0	0.0	marker	opened-hand	Open	15	0418
-66872.11499999999	-53632.575	-103059.62999999999	-17934.12	0.0	0.0	0.0	0.0	0.0	0.0	0.0	0.0	0.0	0.0	0.0	0.0	0.0	0.0	146.0	0.0	0.065002275	-0.10107396	0.995541885	4.303319999999999	1.1444999999999999	-1.03768	3212614.0	1776544815.136368	0.0	1.0	-1.0	-1.0	-1.0	-1.0	-1.0	-1.0	-1.0	-1.0	0.0	marker	opened-hand	Open	15	0418
-66849.795	-53616.689999999995	-103114.17	-17999.82	0.0	0.0	0.0	0.0	0.0	0.0	0.0	0.0	0.0	0.0	0.0	0.0	0.0	0.0	146.0	0.0	0.065002275	-0.10107396	0.995541885	4.303319999999999	1.1444999999999999	-1.03768	3212615.0	1776544815.139365	0.0	1.0	-1.0	-1.0	-1.0	-1.0	-1.0	-1.0	-1.0	-1.0	0.0	marker	opened-hand	Open	15	0418
-66713.67	-53594.775	-102984.705	-17854.965	0.0	0.0	0.0	0.0	0.0	0.0	0.0	0.0	0.0	0.0	0.0	0.0	0.0	0.0	146.0	0.0	0.065002275	-0.10107396	0.995541885	4.303319999999999	1.1444999999999999	-1.03768	3212616.0	1776544815.139369	0.0	1.0	-1.0	-1.0	-1.0	-1.0	-1.0	-1.0	-1.0	-1.0	0.0	marker	opened-hand	Open	15	0418
-66784.005	-53598.6	-103030.065	-17902.395	0.0	0.0	0.0	0.0	0.0	0.0	0.0	0.0	0.0	0.0	0.0	0.0	0.0	0.0	146.0	0.0	0.065002275	-0.10107396	0.995541885	4.303319999999999	1.1444999999999999	-1.03768	3212617.0	1776544815.143058	0.0	1.0	-1.0	-1.0	-1.0	-1.0	-1.0	-1.0	-1.0	-1.0	0.0	marker	opened-hand	Open	15	0418
-66992.76	-53610.795	-103147.11	-18045.27	0.0	0.0	0.0	0.0	0.0	0.0	0.0	0.0	0.0	0.0	0.0	0.0	0.0	0.0	146.0	0.0	0.065002275	-0.10107396	0.995541885	4.303319999999999	1.1444999999999999	-1.03768	3212618.0	1776544815.143062	0.0	1.0	-1.0	-1.0	-1.0	-1.0	-1.0	-1.0	-1.0	-1.0	0.0	marker	opened-hand	Open	15	0418
-66856.905	-53604.09	-103105.39499999999	-17998.785	0.0	0.0	0.0	0.0	0.0	0.0	0.0	0.0	0.0	0.0	0.0	0.0	0.0	0.0	146.0	0.0	0.067077465	-0.097106685	0.99511464	2.6857599999999997	2.63998	-0.6409199999999999	3212619.0	1776544815.147222	0.0	1.0	-1.0	-1.0	-1.0	-1.0	-1.0	-1.0	-1.0	-1.0	0.0	marker	opened-hand	Open	15	0418
-66726.63	-53607.104999999996	-103070.06999999999	-17958.105	0.0	0.0	0.0	0.0	0.0	0.0	0.0	0.0	0.0	0.0	0.0	0.0	0.0	0.0	146.0	0.0	0.067077465	-0.097106685	0.99511464	2.6857599999999997	2.63998	-0.6409199999999999	3212620.0	1776544815.147237	0.0	1.0	-1.0	-1.0	-1.0	-1.0	-1.0	-1.0	-1.0	-1.0	0.0	marker	opened-hand	Open	15	0418
-66596.94	-53593.515	-102882.28499999999	-17767.575	0.0	0.0	0.0	0.0	0.0	0.0	0.0	0.0	0.0	0.0	0.0	0.0	0.0	0.0	146.0	0.0	0.067077465	-0.097106685	0.99511464	2.6857599999999997	2.63998	-0.6409199999999999	3212621.0	1776544815.152862	0.0	1.0	-1.0	-1.0	-1.0	-1.0	-1.0	-1.0	-1.0	-1.0	0.0	marker	opened-hand	Open	15	0418
-66704.535	-53582.579999999994	-102878.28	-17762.805	0.0	0.0	0.0	0.0	0.0	0.0	0.0	0.0	0.0	0.0	0.0	0.0	0.0	0.0	146.0	0.0	0.067077465	-0.097106685	0.99511464	2.6857599999999997	2.63998	-0.6409199999999999	3212622.0	1776544815.152867	0.0	1.0	-1.0	-1.0	-1.0	-1.0	-1.0	-1.0	-1.0	-1.0	0.0	marker	opened-hand	Open	15	0418
-66839.94	-53574.345	-102986.415	-17874.675	0.0	0.0	0.0	0.0	0.0	0.0	0.0	0.0	0.0	0.0	0.0	0.0	0.0	0.0	146.0	0.0	0.067077465	-0.097106685	0.99511464	2.6857599999999997	2.63998	-0.6409199999999999	3212623.0	1776544815.157408	0.0	1.0	-1.0	-1.0	-1.0	-1.0	-1.0	-1.0	-1.0	-1.0	0.0	marker	opened-hand	Open	15	0418
-66811.905	-53563.005	-103043.34	-17926.875	0.0	0.0	0.0	0.0	0.0	0.0	0.0	0.0	0.0	0.0	0.0	0.0	0.0	0.0	146.0	0.0	0.067077465	-0.097106685	0.99511464	2.6857599999999997	2.63998	-0.6409199999999999	3212624.0	1776544815.157412	0.0	1.0	-1.0	-1.0	-1.0	-1.0	-1.0	-1.0	-1.0	-1.0	0.0	marker	opened-hand	Open	15	0418
-66932.19	-53569.979999999996	-103141.485	-18009.719999999998	0.0	0.0	0.0	0.0	0.0	0.0	0.0	0.0	0.0	0.0	0.0	0.0	0.0	0.0	146.0	0.0	0.067077465	-0.097106685	0.99511464	2.6857599999999997	2.63998	-0.6409199999999999	3212625.0	1776544815.15929	0.0	1.0	-1.0	-1.0	-1.0	-1.0	-1.0	-1.0	-1.0	-1.0	0.0	marker	opened-hand	Open	15	0418
-66860.19	-53570.115	-103070.87999999999	-17945.64	0.0	0.0	0.0	0.0	0.0	0.0	0.0	0.0	0.0	0.0	0.0	0.0	0.0	0.0	146.0	0.0	0.067077465	-0.097106685	0.99511464	2.6857599999999997	2.63998	-0.6409199999999999	3212626.0	1776544815.159318	0.0	1.0	-1.0	-1.0	-1.0	-1.0	-1.0	-1.0	-1.0	-1.0	0.0	marker	opened-hand	Open	15	0418
-66812.895	-53568.18	-103032.09	-17915.715	0.0	0.0	0.0	0.0	0.0	0.0	0.0	0.0	0.0	0.0	0.0	0.0	0.0	0.0	146.0	0.0	0.067077465	-0.097106685	0.99511464	2.6857599999999997	2.63998	-0.6409199999999999	3212627.0	1776544815.163238	0.0	1.0	-1.0	-1.0	-1.0	-1.0	-1.0	-1.0	-1.0	-1.0	0.0	marker	opened-hand	Open	15	0418
-66810.42	-53575.02	-102998.34	-17898.524999999998	0.0	0.0	0.0	0.0	0.0	0.0	0.0	0.0	0.0	0.0	0.0	0.0	0.0	0.0	146.0	0.0	0.067077465	-0.097106685	0.99511464	2.6857599999999997	2.63998	-0.6409199999999999	3212628.0	1776544815.163242	0.0	1.0	-1.0	-1.0	-1.0	-1.0	-1.0	-1.0	-1.0	-1.0	0.0	marker	opened-hand	Open	15	0418
-66737.88	-53576.82	-102904.92	-17798.355	0.0	0.0	0.0	0.0	0.0	0.0	0.0	0.0	0.0	0.0	0.0	0.0	0.0	0.0	146.0	0.0	0.06237777	-0.097594965	0.99682362	2.8078399999999997	3.52506	-0.13734	3212629.0	1776544815.167267	0.0	1.0	-1.0	-1.0	-1.0	-1.0	-1.0	-1.0	-1.0	-1.0	0.0	marker	opened-hand	Open	15	0418
-66650.31	-53570.655	-102864.915	-17759.024999999998	0.0	0.0	0.0	0.0	0.0	0.0	0.0	0.0	0.0	0.0	0.0	0.0	0.0	0.0	146.0	0.0	0.06237777	-0.097594965	0.99682362	2.8078399999999997	3.52506	-0.13734	3212630.0	1776544815.167271	0.0	1.0	-1.0	-1.0	-1.0	-1.0	-1.0	-1.0	-1.0	-1.0	0.0	marker	opened-hand	Open	15	0418
-66741.12	-53574.57	-103017.465	-17866.17	0.0	0.0	0.0	0.0	0.0	0.0	0.0	0.0	0.0	0.0	0.0	0.0	0.0	0.0	146.0	0.0	0.06237777	-0.097594965	0.99682362	2.8078399999999997	3.52506	-0.13734	3212631.0	1776544815.171462	0.0	1.0	-1.0	-1.0	-1.0	-1.0	-1.0	-1.0	-1.0	-1.0	0.0	marker	opened-hand	Open	15	0418
-66860.45999999999	-53573.805	-103056.12	-17904.015	0.0	0.0	0.0	0.0	0.0	0.0	0.0	0.0	0.0	0.0	0.0	0.0	0.0	0.0	146.0	0.0	0.06237777	-0.097594965	0.99682362	2.8078399999999997	3.52506	-0.13734	3212632.0	1776544815.171477	0.0	1.0	-1.0	-1.0	-1.0	-1.0	-1.0	-1.0	-1.0	-1.0	0.0	marker	opened-hand	Open	15	0418
-66739.275	-53550.9	-102835.70999999999	-17754.255	0.0	0.0	0.0	0.0	0.0	0.0	0.0	0.0	0.0	0.0	0.0	0.0	0.0	0.0	146.0	0.0	0.06237777	-0.097594965	0.99682362	2.8078399999999997	3.52506	-0.13734	3212633.0	1776544815.175202	0.0	1.0	-1.0	-1.0	-1.0	-1.0	-1.0	-1.0	-1.0	-1.0	0.0	marker	opened-hand	Open	15	0418
-66802.815	-53567.505	-102984.25499999999	-17866.125	0.0	0.0	0.0	0.0	0.0	0.0	0.0	0.0	0.0	0.0	0.0	0.0	0.0	0.0	146.0	0.0	0.06237777	-0.097594965	0.99682362	2.8078399999999997	3.52506	-0.13734	3212634.0	1776544815.175212	0.0	1.0	-1.0	-1.0	-1.0	-1.0	-1.0	-1.0	-1.0	-1.0	0.0	marker	opened-hand	Open	15	0418
-66798.54	-53618.04	-103184.19	-18056.204999999998	0.0	0.0	0.0	0.0	0.0	0.0	0.0	0.0	0.0	0.0	0.0	0.0	0.0	0.0	146.0	0.0	0.06237777	-0.097594965	0.99682362	2.8078399999999997	3.52506	-0.13734	3212635.0	1776544815.179248	0.0	1.0	-1.0	-1.0	-1.0	-1.0	-1.0	-1.0	-1.0	-1.0	0.0	marker	opened-hand	Open	15	0418
-66864.06	-53640.27	-103132.125	-18024.255	0.0	0.0	0.0	0.0	0.0	0.0	0.0	0.0	0.0	0.0	0.0	0.0	0.0	0.0	146.0	0.0	0.06237777	-0.097594965	0.99682362	2.8078399999999997	3.52506	-0.13734	3212636.0	1776544815.179256	0.0	1.0	-1.0	-1.0	-1.0	-1.0	-1.0	-1.0	-1.0	-1.0	0.0	marker	opened-hand	Open	15	0418
-66822.48	-53649.585	-103024.485	-17919.0	0.0	0.0	0.0	0.0	0.0	0.0	0.0	0.0	0.0	0.0	0.0	0.0	0.0	0.0	146.0	0.0	0.06237777	-0.097594965	0.99682362	2.8078399999999997	3.52506	-0.13734	3212637.0	1776544815.184755	0.0	1.0	-1.0	-1.0	-1.0	-1.0	-1.0	-1.0	-1.0	-1.0	0.0	marker	opened-hand	Open	15	0418
-66793.36499999999	-53644.634999999995	-102912.3	-17830.844999999998	0.0	0.0	0.0	0.0	0.0	0.0	0.0	0.0	0.0	0.0	0.0	0.0	0.0	0.0	146.0	0.0	0.06237777	-0.097594965	0.99682362	2.8078399999999997	3.52506	-0.13734	3212638.0	1776544815.184787	0.0	1.0	-1.0	-1.0	-1.0	-1.0	-1.0	-1.0	-1.0	-1.0	0.0	marker	opened-hand	Open	15	0418
-66798.63	-53645.49	-102901.905	-17795.024999999998	0.0	0.0	0.0	0.0	0.0	0.0	0.0	0.0	0.0	0.0	0.0	0.0	0.0	0.0	146.0	0.0	0.059997405000000004	-0.100768785	1.001767455	3.7539599999999997	4.18124	0.04578	3212639.0	1776544815.187386	0.0	1.0	-1.0	-1.0	-1.0	-1.0	-1.0	-1.0	-1.0	-1.0	0.0	marker	opened-hand	Open	15	0418
-66759.61499999999	-53649.99	-102953.43	-17810.684999999998	0.0	0.0	0.0	0.0	0.0	0.0	0.0	0.0	0.0	0.0	0.0	0.0	0.0	0.0	146.0	0.0	0.059997405000000004	-0.100768785	1.001767455	3.7539599999999997	4.18124	0.04578	3212640.0	1776544815.187406	0.0	1.0	-1.0	-1.0	-1.0	-1.0	-1.0	-1.0	-1.0	-1.0	0.0	marker	opened-hand	Open	15	0418
-66686.58	-53652.555	-102998.565	-17838.945	0.0	0.0	0.0	0.0	0.0	0.0	0.0	0.0	0.0	0.0	0.0	0.0	0.0	0.0	146.0	0.0	0.059997405000000004	-0.100768785	1.001767455	3.7539599999999997	4.18124	0.04578	3212641.0	1776544815.196228	0.0	1.0	-1.0	-1.0	-1.0	-1.0	-1.0	-1.0	-1.0	-1.0	0.0	marker	opened-hand	Open	15	0418
-66689.73	-53654.625	-103038.3	-17883.225	0.0	0.0	0.0	0.0	0.0	0.0	0.0	0.0	0.0	0.0	0.0	0.0	0.0	0.0	146.0	0.0	0.059997405000000004	-0.100768785	1.001767455	3.7539599999999997	4.18124	0.04578	3212642.0	1776544815.196235	0.0	1.0	-1.0	-1.0	-1.0	-1.0	-1.0	-1.0	-1.0	-1.0	0.0	marker	opened-hand	Open	15	0418
-66855.555	-53666.954999999994	-103114.305	-17980.155	0.0	0.0	0.0	0.0	0.0	0.0	0.0	0.0	0.0	0.0	0.0	0.0	0.0	0.0	146.0	0.0	0.059997405000000004	-0.100768785	1.001767455	3.7539599999999997	4.18124	0.04578	3212643.0	1776544815.19624	0.0	1.0	-1.0	-1.0	-1.0	-1.0	-1.0	-1.0	-1.0	-1.0	0.0	marker	opened-hand	Open	15	0418
-66992.84999999999	-53678.655	-103149.495	-18019.17	0.0	0.0	0.0	0.0	0.0	0.0	0.0	0.0	0.0	0.0	0.0	0.0	0.0	0.0	146.0	0.0	0.059997405000000004	-0.100768785	1.001767455	3.7539599999999997	4.18124	0.04578	3212644.0	1776544815.196244	0.0	1.0	-1.0	-1.0	-1.0	-1.0	-1.0	-1.0	-1.0	-1.0	0.0	marker	opened-hand	Open	15	0418
-66929.22	-53685.225	-103081.545	-17982.315	0.0	0.0	0.0	0.0	0.0	0.0	0.0	0.0	0.0	0.0	0.0	0.0	0.0	0.0	146.0	0.0	0.059997405000000004	-0.100768785	1.001767455	3.7539599999999997	4.18124	0.04578	3212645.0	1776544815.199555	0.0	1.0	-1.0	-1.0	-1.0	-1.0	-1.0	-1.0	-1.0	-1.0	0.0	marker	opened-hand	Open	15	0418
-66672.045	-53671.634999999995	-102890.745	-17817.704999999998	0.0	0.0	0.0	0.0	0.0	0.0	0.0	0.0	0.0	0.0	0.0	0.0	0.0	0.0	146.0	0.0	0.059997405000000004	-0.100768785	1.001767455	3.7539599999999997	4.18124	0.04578	3212646.0	1776544815.199571	0.0	1.0	-1.0	-1.0	-1.0	-1.0	-1.0	-1.0	-1.0	-1.0	0.0	marker	opened-hand	Open	15	0418
-66580.65	-53659.125	-102841.83	-17757.855	0.0	0.0	0.0	0.0	0.0	0.0	0.0	0.0	0.0	0.0	0.0	0.0	0.0	0.0	146.0	0.0	0.059997405000000004	-0.100768785	1.001767455	3.7539599999999997	4.18124	0.04578	3212647.0	1776544815.203532	0.0	1.0	-1.0	-1.0	-1.0	-1.0	-1.0	-1.0	-1.0	-1.0	0.0	marker	opened-hand	Open	15	0418
-66795.885	-53653.32	-103007.565	-17904.645	0.0	0.0	0.0	0.0	0.0	0.0	0.0	0.0	0.0	0.0	0.0	0.0	0.0	0.0	146.0	0.0	0.059997405000000004	-0.100768785	1.001767455	3.7539599999999997	4.18124	0.04578	3212648.0	1776544815.203547	0.0	1.0	-1.0	-1.0	-1.0	-1.0	-1.0	-1.0	-1.0	-1.0	0.0	marker	opened-hand	Open	15	0418
-66726.22499999999	-53639.189999999995	-102984.75	-17830.53	0.0	0.0	0.0	0.0	0.0	0.0	0.0	0.0	0.0	0.0	0.0	0.0	0.0	0.0	146.0	0.0	0.057189795	-0.1062009	1.004941275	5.1884	4.24228	-0.30519999999999997	3212649.0	1776544815.207389	0.0	1.0	-1.0	-1.0	-1.0	-1.0	-1.0	-1.0	-1.0	-1.0	0.0	marker	opened-hand	Open	15	0418
-66585.69	-53628.479999999996	-102851.775	-17704.98	0.0	0.0	0.0	0.0	0.0	0.0	0.0	0.0	0.0	0.0	0.0	0.0	0.0	0.0	146.0	0.0	0.057189795	-0.1062009	1.004941275	5.1884	4.24228	-0.30519999999999997	3212650.0	1776544815.207394	0.0	1.0	-1.0	-1.0	-1.0	-1.0	-1.0	-1.0	-1.0	-1.0	0.0	marker	opened-hand	Open	15	0418
-66807.27	-53633.43	-103021.83	-17855.19	0.0	0.0	0.0	0.0	0.0	0.0	0.0	0.0	0.0	0.0	0.0	0.0	0.0	0.0	146.0	0.0	0.057189795	-0.1062009	1.004941275	5.1884	4.24228	-0.30519999999999997	3212651.0	1776544815.211407	0.0	1.0	-1.0	-1.0	-1.0	-1.0	-1.0	-1.0	-1.0	-1.0	0.0	marker	opened-hand	Open	15	0418
-66914.145	-53641.845	-103167.765	-18024.93	0.0	0.0	0.0	0.0	0.0	0.0	0.0	0.0	0.0	0.0	0.0	0.0	0.0	0.0	146.0	0.0	0.057189795	-0.1062009	1.004941275	5.1884	4.24228	-0.30519999999999997	3212652.0	1776544815.211425	0.0	1.0	-1.0	-1.0	-1.0	-1.0	-1.0	-1.0	-1.0	-1.0	0.0	marker	opened-hand	Open	15	0418
-66886.29	-53641.485	-103151.565	-18048.555	0.0	0.0	0.0	0.0	0.0	0.0	0.0	0.0	0.0	0.0	0.0	0.0	0.0	0.0	146.0	0.0	0.057189795	-0.1062009	1.004941275	5.1884	4.24228	-0.30519999999999997	3212653.0	1776544815.215387	0.0	1.0	-1.0	-1.0	-1.0	-1.0	-1.0	-1.0	-1.0	-1.0	0.0	marker	opened-hand	Open	15	0418
-66842.505	-53632.079999999994	-103064.67	-17952.39	0.0	0.0	0.0	0.0	0.0	0.0	0.0	0.0	0.0	0.0	0.0	0.0	0.0	0.0	146.0	0.0	0.057189795	-0.1062009	1.004941275	5.1884	4.24228	-0.30519999999999997	3212654.0	1776544815.215396	0.0	1.0	-1.0	-1.0	-1.0	-1.0	-1.0	-1.0	-1.0	-1.0	0.0	marker	opened-hand	Open	15	0418
-66733.38	-53621.055	-102928.14	-17829.495	0.0	0.0	0.0	0.0	0.0	0.0	0.0	0.0	0.0	0.0	0.0	0.0	0.0	0.0	146.0	0.0	0.057189795	-0.1062009	1.004941275	5.1884	4.24228	-0.30519999999999997	3212655.0	1776544815.219511	0.0	1.0	-1.0	-1.0	-1.0	-1.0	-1.0	-1.0	-1.0	-1.0	0.0	marker	opened-hand	Open	15	0418
-66708.63	-53607.6	-102919.14	-17809.605	0.0	0.0	0.0	0.0	0.0	0.0	0.0	0.0	0.0	0.0	0.0	0.0	0.0	0.0	146.0	0.0	0.057189795	-0.1062009	1.004941275	5.1884	4.24228	-0.30519999999999997	3212656.0	1776544815.219519	0.0	1.0	-1.0	-1.0	-1.0	-1.0	-1.0	-1.0	-1.0	-1.0	0.0	marker	opened-hand	Open	15	0418
-66800.11499999999	-53602.47	-102973.095	-17869.41	0.0	0.0	0.0	0.0	0.0	0.0	0.0	0.0	0.0	0.0	0.0	0.0	0.0	0.0	146.0	0.0	0.057189795	-0.1062009	1.004941275	5.1884	4.24228	-0.30519999999999997	3212657.0	1776544815.223449	0.0	1.0	-1.0	-1.0	-1.0	-1.0	-1.0	-1.0	-1.0	-1.0	0.0	marker	opened-hand	Open	15	0418
-66868.155	-53605.53	-103001.12999999999	-17880.21	0.0	0.0	0.0	0.0	0.0	0.0	0.0	0.0	0.0	0.0	0.0	0.0	0.0	0.0	146.0	0.0	0.057189795	-0.1062009	1.004941275	5.1884	4.24228	-0.30519999999999997	3212658.0	1776544815.223456	0.0	1.0	-1.0	-1.0	-1.0	-1.0	-1.0	-1.0	-1.0	-1.0	0.0	marker	opened-hand	Open	15	0418
-66847.635	-53606.88	-103084.875	-17976.645	0.0	0.0	0.0	0.0	0.0	0.0	0.0	0.0	0.0	0.0	0.0	0.0	0.0	0.0	146.0	0.0	0.051940785	-0.106872285	1.010190285	4.3491	4.24228	-0.88508	3212659.0	1776544815.227462	0.0	1.0	-1.0	-1.0	-1.0	-1.0	-1.0	-1.0	-1.0	-1.0	0.0	marker	opened-hand	Open	15	0418
-66796.47	-53604.225	-103021.11	-17919.315	0.0	0.0	0.0	0.0	0.0	0.0	0.0	0.0	0.0	0.0	0.0	0.0	0.0	0.0	146.0	0.0	0.051940785	-0.106872285	1.010190285	4.3491	4.24228	-0.88508	3212660.0	1776544815.227478	0.0	1.0	-1.0	-1.0	-1.0	-1.0	-1.0	-1.0	-1.0	-1.0	0.0	marker	opened-hand	Open	15	0418
-66713.76	-53604.99	-102915.09	-17828.19	0.0	0.0	0.0	0.0	0.0	0.0	0.0	0.0	0.0	0.0	0.0	0.0	0.0	0.0	146.0	0.0	0.051940785	-0.106872285	1.010190285	4.3491	4.24228	-0.88508	3212661.0	1776544815.235911	0.0	1.0	-1.0	-1.0	-1.0	-1.0	-1.0	-1.0	-1.0	-1.0	0.0	marker	opened-hand	Open	15	0418
-66845.52	-53613.27	-103066.33499999999	-17937.09	0.0	0.0	0.0	0.0	0.0	0.0	0.0	0.0	0.0	0.0	0.0	0.0	0.0	0.0	146.0	0.0	0.051940785	-0.106872285	1.010190285	4.3491	4.24228	-0.88508	3212662.0	1776544815.235926	0.0	1.0	-1.0	-1.0	-1.0	-1.0	-1.0	-1.0	-1.0	-1.0	0.0	marker	opened-hand	Open	15	0418
-66848.94	-53611.2	-103101.61499999999	-17949.105	0.0	0.0	0.0	0.0	0.0	0.0	0.0	0.0	0.0	0.0	0.0	0.0	0.0	0.0	146.0	0.0	0.051940785	-0.106872285	1.010190285	4.3491	4.24228	-0.88508	3212663.0	1776544815.238851	0.0	1.0	-1.0	-1.0	-1.0	-1.0	-1.0	-1.0	-1.0	-1.0	0.0	marker	opened-hand	Open	15	0418
-66847.41	-53601.03	-103072.095	-17935.829999999998	0.0	0.0	0.0	0.0	0.0	0.0	0.0	0.0	0.0	0.0	0.0	0.0	0.0	0.0	146.0	0.0	0.051940785	-0.106872285	1.010190285	4.3491	4.24228	-0.88508	3212664.0	1776544815.238866	0.0	1.0	-1.0	-1.0	-1.0	-1.0	-1.0	-1.0	-1.0	-1.0	0.0	marker	opened-hand	Open	15	0418
-66862.62	-53593.47	-103079.87999999999	-17957.385	0.0	0.0	0.0	0.0	0.0	0.0	0.0	0.0	0.0	0.0	0.0	0.0	0.0	0.0	146.0	0.0	0.051940785	-0.106872285	1.010190285	4.3491	4.24228	-0.88508	3212665.0	1776544815.242095	0.0	1.0	-1.0	-1.0	-1.0	-1.0	-1.0	-1.0	-1.0	-1.0	0.0	marker	opened-hand	Open	15	0418
-66747.19499999999	-53571.645	-102982.23	-17884.305	0.0	0.0	0.0	0.0	0.0	0.0	0.0	0.0	0.0	0.0	0.0	0.0	0.0	0.0	146.0	0.0	0.051940785	-0.106872285	1.010190285	4.3491	4.24228	-0.88508	3212666.0	1776544815.242111	0.0	1.0	-1.0	-1.0	-1.0	-1.0	-1.0	-1.0	-1.0	-1.0	0.0	marker	opened-hand	Open	15	0418
-66621.87	-53558.865	-102849.165	-17727.885	0.0	0.0	0.0	0.0	0.0	0.0	0.0	0.0	0.0	0.0	0.0	0.0	0.0	0.0	146.0	0.0	0.051940785	-0.106872285	1.010190285	4.3491	4.24228	-0.88508	3212667.0	1776544815.244949	0.0	1.0	-1.0	-1.0	-1.0	-1.0	-1.0	-1.0	-1.0	-1.0	0.0	marker	opened-hand	Open	15	0418
-66694.23	-53571.06	-102916.98	-17784.45	0.0	0.0	0.0	0.0	0.0	0.0	0.0	0.0	0.0	0.0	0.0	0.0	0.0	0.0	146.0	0.0	0.051940785	-0.106872285	1.010190285	4.3491	4.24228	-0.88508	3212668.0	1776544815.244964	0.0	1.0	-1.0	-1.0	-1.0	-1.0	-1.0	-1.0	-1.0	-1.0	0.0	marker	opened-hand	Open	15	0418
-66858.84	-53590.454999999994	-103055.48999999999	-17971.649999999998	0.0	0.0	0.0	0.0	0.0	0.0	0.0	0.0	0.0	0.0	0.0	0.0	0.0	0.0	146.0	0.0	0.04003896	-0.10363743	1.0194065700000001	3.6166199999999997	3.31142	-0.97664	3212669.0	1776544815.249176	0.0	1.0	-1.0	-1.0	-1.0	-1.0	-1.0	-1.0	-1.0	-1.0	0.0	marker	opened-hand	Open	15	0418
-66737.52	-53595.585	-102938.265	-17874.719999999998	0.0	0.0	0.0	0.0	0.0	0.0	0.0	0.0	0.0	0.0	0.0	0.0	0.0	0.0	146.0	0.0	0.04003896	-0.10363743	1.0194065700000001	3.6166199999999997	3.31142	-0.97664	3212670.0	1776544815.249191	0.0	1.0	-1.0	-1.0	-1.0	-1.0	-1.0	-1.0	-1.0	-1.0	0.0	marker	opened-hand	Open	15	0418
-66803.22	-53609.579999999994	-102988.44	-17880.84	0.0	0.0	0.0	0.0	0.0	0.0	0.0	0.0	0.0	0.0	0.0	0.0	0.0	0.0	146.0	0.0	0.04003896	-0.10363743	1.0194065700000001	3.6166199999999997	3.31142	-0.97664	3212671.0	1776544815.251531	0.0	1.0	-1.0	-1.0	-1.0	-1.0	-1.0	-1.0	-1.0	-1.0	0.0	marker	opened-hand	Open	15	0418
-66788.01	-53607.555	-103000.05	-17890.155	0.0	0.0	0.0	0.0	0.0	0.0	0.0	0.0	0.0	0.0	0.0	0.0	0.0	0.0	146.0	0.0	0.04003896	-0.10363743	1.0194065700000001	3.6166199999999997	3.31142	-0.97664	3212672.0	1776544815.251545	0.0	1.0	-1.0	-1.0	-1.0	-1.0	-1.0	-1.0	-1.0	-1.0	0.0	marker	opened-hand	Open	15	0418
-66763.935	-53593.155	-102980.43	-17869.454999999998	0.0	0.0	0.0	0.0	0.0	0.0	0.0	0.0	0.0	0.0	0.0	0.0	0.0	0.0	146.0	0.0	0.04003896	-0.10363743	1.0194065700000001	3.6166199999999997	3.31142	-0.97664	3212673.0	1776544815.255621	0.0	1.0	-1.0	-1.0	-1.0	-1.0	-1.0	-1.0	-1.0	-1.0	0.0	marker	opened-hand	Open	15	0418
-66673.305	-53581.994999999995	-102938.355	-17812.62	0.0	0.0	0.0	0.0	0.0	0.0	0.0	0.0	0.0	0.0	0.0	0.0	0.0	0.0	146.0	0.0	0.04003896	-0.10363743	1.0194065700000001	3.6166199999999997	3.31142	-0.97664	3212674.0	1776544815.255637	0.0	1.0	-1.0	-1.0	-1.0	-1.0	-1.0	-1.0	-1.0	-1.0	0.0	marker	opened-hand	Open	15	0418
-66744.63	-53585.235	-102993.345	-17824.59	0.0	0.0	0.0	0.0	0.0	0.0	0.0	0.0	0.0	0.0	0.0	0.0	0.0	0.0	146.0	0.0	0.04003896	-0.10363743	1.0194065700000001	3.6166199999999997	3.31142	-0.97664	3212675.0	1776544815.259609	0.0	1.0	-1.0	-1.0	-1.0	-1.0	-1.0	-1.0	-1.0	-1.0	0.0	marker	opened-hand	Open	15	0418
-66856.14	-53586.27	-103073.265	-17902.215	0.0	0.0	0.0	0.0	0.0	0.0	0.0	0.0	0.0	0.0	0.0	0.0	0.0	0.0	146.0	0.0	0.04003896	-0.10363743	1.0194065700000001	3.6166199999999997	3.31142	-0.97664	3212676.0	1776544815.259625	0.0	1.0	-1.0	-1.0	-1.0	-1.0	-1.0	-1.0	-1.0	-1.0	0.0	marker	opened-hand	Open	15	0418
-66788.86499999999	-53581.454999999994	-103028.12999999999	-17899.965	0.0	0.0	0.0	0.0	0.0	0.0	0.0	0.0	0.0	0.0	0.0	0.0	0.0	0.0	146.0	0.0	0.04003896	-0.10363743	1.0194065700000001	3.6166199999999997	3.31142	-0.97664	3212677.0	1776544815.263589	0.0	1.0	-1.0	-1.0	-1.0	-1.0	-1.0	-1.0	-1.0	-1.0	0.0	marker	opened-hand	Open	15	0418
-66762.315	-53581.095	-103027.59	-17907.66	0.0	0.0	0.0	0.0	0.0	0.0	0.0	0.0	0.0	0.0	0.0	0.0	0.0	0.0	146.0	0.0	0.04003896	-0.10363743	1.0194065700000001	3.6166199999999997	3.31142	-0.97664	3212678.0	1776544815.263595	0.0	1.0	-1.0	-1.0	-1.0	-1.0	-1.0	-1.0	-1.0	-1.0	0.0	marker	opened-hand	Open	15	0418
-66811.59	-53585.685	-103049.325	-17942.67	0.0	0.0	0.0	0.0	0.0	0.0	0.0	0.0	0.0	0.0	0.0	0.0	0.0	0.0	146.0	0.0	0.033386145	-0.100524645	1.02697491	4.13546	1.69386	-0.8087799999999999	3212679.0	1776544815.267579	0.0	1.0	-1.0	-1.0	-1.0	-1.0	-1.0	-1.0	-1.0	-1.0	0.0	marker	opened-hand	Open	15	0418
-66889.98	-53601.03	-103073.265	-17941.59	0.0	0.0	0.0	0.0	0.0	0.0	0.0	0.0	0.0	0.0	0.0	0.0	0.0	0.0	146.0	0.0	0.033386145	-0.100524645	1.02697491	4.13546	1.69386	-0.8087799999999999	3212680.0	1776544815.267595	0.0	1.0	-1.0	-1.0	-1.0	-1.0	-1.0	-1.0	-1.0	-1.0	0.0	marker	opened-hand	Open	15	0418
-66904.515	-53601.795	-103110.25499999999	-17964.405	0.0	0.0	0.0	0.0	0.0	0.0	0.0	0.0	0.0	0.0	0.0	0.0	0.0	0.0	146.0	0.0	0.033386145	-0.100524645	1.02697491	4.13546	1.69386	-0.8087799999999999	3212681.0	1776544815.273674	0.0	1.0	-1.0	-1.0	-1.0	-1.0	-1.0	-1.0	-1.0	-1.0	0.0	marker	opened-hand	Open	15	0418
-66753.58499999999	-53585.82	-102993.03	-17859.78	0.0	0.0	0.0	0.0	0.0	0.0	0.0	0.0	0.0	0.0	0.0	0.0	0.0	0.0	146.0	0.0	0.033386145	-0.100524645	1.02697491	4.13546	1.69386	-0.8087799999999999	3212682.0	1776544815.273687	0.0	1.0	-1.0	-1.0	-1.0	-1.0	-1.0	-1.0	-1.0	-1.0	0.0	marker	opened-hand	Open	15	0418
-66623.67	-53565.795	-102881.565	-17735.67	0.0	0.0	0.0	0.0	0.0	0.0	0.0	0.0	0.0	0.0	0.0	0.0	0.0	0.0	146.0	0.0	0.033386145	-0.100524645	1.02697491	4.13546	1.69386	-0.8087799999999999	3212683.0	1776544815.275707	0.0	1.0	-1.0	-1.0	-1.0	-1.0	-1.0	-1.0	-1.0	-1.0	0.0	marker	opened-hand	Open	15	0418
-66776.08499999999	-53561.295	-102954.69	-17839.079999999998	0.0	0.0	0.0	0.0	0.0	0.0	0.0	0.0	0.0	0.0	0.0	0.0	0.0	0.0	146.0	0.0	0.033386145	-0.100524645	1.02697491	4.13546	1.69386	-0.8087799999999999	3212684.0	1776544815.275722	0.0	1.0	-1.0	-1.0	-1.0	-1.0	-1.0	-1.0	-1.0	-1.0	0.0	marker	opened-hand	Open	15	0418
-66889.485	-53563.365	-103092.93	-17980.875	0.0	0.0	0.0	0.0	0.0	0.0	0.0	0.0	0.0	0.0	0.0	0.0	0.0	0.0	146.0	0.0	0.033386145	-0.100524645	1.02697491	4.13546	1.69386	-0.8087799999999999	3212685.0	1776544815.282257	0.0	1.0	-1.0	-1.0	-1.0	-1.0	-1.0	-1.0	-1.0	-1.0	0.0	marker	opened-hand	Open	15	0418
-66785.31	-53564.759999999995	-103033.305	-17919.719999999998	0.0	0.0	0.0	0.0	0.0	0.0	0.0	0.0	0.0	0.0	0.0	0.0	0.0	0.0	146.0	0.0	0.033386145	-0.100524645	1.02697491	4.13546	1.69386	-0.8087799999999999	3212686.0	1776544815.282272	0.0	1.0	-1.0	-1.0	-1.0	-1.0	-1.0	-1.0	-1.0	-1.0	0.0	marker	opened-hand	Open	15	0418
-66685.14	-53559.63	-102835.34999999999	-17692.829999999998	0.0	0.0	0.0	0.0	0.0	0.0	0.0	0.0	0.0	0.0	0.0	0.0	0.0	0.0	146.0	0.0	0.033386145	-0.100524645	1.02697491	4.13546	1.69386	-0.8087799999999999	3212687.0	1776544815.28368	0.0	1.0	-1.0	-1.0	-1.0	-1.0	-1.0	-1.0	-1.0	-1.0	0.0	marker	opened-hand	Open	15	0418
-66744.18	-53565.165	-102835.89	-17704.35	0.0	0.0	0.0	0.0	0.0	0.0	0.0	0.0	0.0	0.0	0.0	0.0	0.0	0.0	146.0	0.0	0.033386145	-0.100524645	1.02697491	4.13546	1.69386	-0.8087799999999999	3212688.0	1776544815.283695	0.0	1.0	-1.0	-1.0	-1.0	-1.0	-1.0	-1.0	-1.0	-1.0	0.0	marker	opened-hand	Open	15	0418
-66799.17	-53572.32	-102925.89	-17808.84	0.0	0.0	0.0	0.0	0.0	0.0	0.0	0.0	0.0	0.0	0.0	0.0	0.0	0.0	146.0	0.0	0.03002922	-0.09973119	1.03429911	3.25038	-0.57988	-2.27374	3212689.0	1776544815.287685	0.0	1.0	-1.0	-1.0	-1.0	-1.0	-1.0	-1.0	-1.0	-1.0	0.0	marker	opened-hand	Open	15	0418
-66819.105	-53571.284999999996	-103045.72499999999	-17855.73	0.0	0.0	0.0	0.0	0.0	0.0	0.0	0.0	0.0	0.0	0.0	0.0	0.0	0.0	146.0	0.0	0.03002922	-0.09973119	1.03429911	3.25038	-0.57988	-2.27374	3212690.0	1776544815.2877	0.0	1.0	-1.0	-1.0	-1.0	-1.0	-1.0	-1.0	-1.0	-1.0	0.0	marker	opened-hand	Open	15	0418
-66608.505	-53564.265	-102921.39	-17748.405	0.0	0.0	0.0	0.0	0.0	0.0	0.0	0.0	0.0	0.0	0.0	0.0	0.0	0.0	146.0	0.0	0.03002922	-0.09973119	1.03429911	3.25038	-0.57988	-2.27374	3212691.0	1776544815.291844	0.0	1.0	-1.0	-1.0	-1.0	-1.0	-1.0	-1.0	-1.0	-1.0	0.0	marker	opened-hand	Open	15	0418
-66404.25	-53558.775	-102667.14	-17593.47	0.0	0.0	0.0	0.0	0.0	0.0	0.0	0.0	0.0	0.0	0.0	0.0	0.0	0.0	146.0	0.0	0.03002922	-0.09973119	1.03429911	3.25038	-0.57988	-2.27374	3212692.0	1776544815.29186	0.0	1.0	-1.0	-1.0	-1.0	-1.0	-1.0	-1.0	-1.0	-1.0	0.0	marker	opened-hand	Open	15	0418
-66715.065	-53586.99	-102916.98	-17809.469999999998	0.0	0.0	0.0	0.0	0.0	0.0	0.0	0.0	0.0	0.0	0.0	0.0	0.0	0.0	146.0	0.0	0.03002922	-0.09973119	1.03429911	3.25038	-0.57988	-2.27374	3212693.0	1776544815.295722	0.0	1.0	-1.0	-1.0	-1.0	-1.0	-1.0	-1.0	-1.0	-1.0	0.0	marker	opened-hand	Open	15	0418
-66976.155	-53606.97	-103160.83499999999	-18028.44	0.0	0.0	0.0	0.0	0.0	0.0	0.0	0.0	0.0	0.0	0.0	0.0	0.0	0.0	146.0	0.0	0.03002922	-0.09973119	1.03429911	3.25038	-0.57988	-2.27374	3212694.0	1776544815.295737	0.0	1.0	-1.0	-1.0	-1.0	-1.0	-1.0	-1.0	-1.0	-1.0	0.0	marker	opened-hand	Open	15	0418
-66844.305	-53606.384999999995	-103018.185	-17912.204999999998	0.0	0.0	0.0	0.0	0.0	0.0	0.0	0.0	0.0	0.0	0.0	0.0	0.0	0.0	146.0	0.0	0.03002922	-0.09973119	1.03429911	3.25038	-0.57988	-2.27374	3212695.0	1776544815.299755	0.0	1.0	-1.0	-1.0	-1.0	-1.0	-1.0	-1.0	-1.0	-1.0	0.0	marker	opened-hand	Open	15	0418
-66862.485	-53619.119999999995	-103018.76999999999	-17883.809999999998	0.0	0.0	0.0	0.0	0.0	0.0	0.0	0.0	0.0	0.0	0.0	0.0	0.0	0.0	146.0	0.0	0.03002922	-0.09973119	1.03429911	3.25038	-0.57988	-2.27374	3212696.0	1776544815.29977	0.0	1.0	-1.0	-1.0	-1.0	-1.0	-1.0	-1.0	-1.0	-1.0	0.0	marker	opened-hand	Open	15	0418
-66943.17	-53636.354999999996	-103088.11499999999	-17976.105	0.0	0.0	0.0	0.0	0.0	0.0	0.0	0.0	0.0	0.0	0.0	0.0	0.0	0.0	146.0	0.0	0.03002922	-0.09973119	1.03429911	3.25038	-0.57988	-2.27374	3212697.0	1776544815.303799	0.0	1.0	-1.0	-1.0	-1.0	-1.0	-1.0	-1.0	-1.0	-1.0	0.0	marker	opened-hand	Open	15	0418
-66894.165	-53634.24	-103031.73	-17937.54	0.0	0.0	0.0	0.0	0.0	0.0	0.0	0.0	0.0	0.0	0.0	0.0	0.0	0.0	146.0	0.0	0.03002922	-0.09973119	1.03429911	3.25038	-0.57988	-2.27374	3212698.0	1776544815.303815	0.0	1.0	-1.0	-1.0	-1.0	-1.0	-1.0	-1.0	-1.0	-1.0	0.0	marker	opened-hand	Open	15	0418
-66732.12	-53619.75	-103005.62999999999	-17883.945	0.0	0.0	0.0	0.0	0.0	0.0	0.0	0.0	0.0	0.0	0.0	0.0	0.0	0.0	146.0	0.0	0.03088371	-0.101012925	1.035947055	1.96854	-1.8006799999999998	-1.9380199999999999	3212699.0	1776544815.307705	0.0	1.0	-1.0	-1.0	-1.0	-1.0	-1.0	-1.0	-1.0	-1.0	0.0	marker	opened-hand	Open	15	0418
-66615.345	-53611.695	-102952.17	-17814.42	0.0	0.0	0.0	0.0	0.0	0.0	0.0	0.0	0.0	0.0	0.0	0.0	0.0	0.0	146.0	0.0	0.03088371	-0.101012925	1.035947055	1.96854	-1.8006799999999998	-1.9380199999999999	3212700.0	1776544815.30772	0.0	1.0	-1.0	-1.0	-1.0	-1.0	-1.0	-1.0	-1.0	-1.0	0.0	marker	opened-hand	Open	15	0418
-66623.355	-53616.509999999995	-102832.37999999999	-17653.095	0.0	0.0	0.0	0.0	0.0	0.0	0.0	0.0	0.0	0.0	0.0	0.0	0.0	0.0	146.0	0.0	0.03088371	-0.101012925	1.035947055	1.96854	-1.8006799999999998	-1.9380199999999999	3212701.0	1776544815.311778	0.0	1.0	-1.0	-1.0	-1.0	-1.0	-1.0	-1.0	-1.0	-1.0	0.0	marker	opened-hand	Open	15	0418
-66642.795	-53623.259999999995	-102847.76999999999	-17648.19	0.0	0.0	0.0	0.0	0.0	0.0	0.0	0.0	0.0	0.0	0.0	0.0	0.0	0.0	146.0	0.0	0.03088371	-0.101012925	1.035947055	1.96854	-1.8006799999999998	-1.9380199999999999	3212702.0	1776544815.311793	0.0	1.0	-1.0	-1.0	-1.0	-1.0	-1.0	-1.0	-1.0	-1.0	0.0	marker	opened-hand	Open	15	0418
-66691.53	-53632.439999999995	-102931.965	-17744.535	0.0	0.0	0.0	0.0	0.0	0.0	0.0	0.0	0.0	0.0	0.0	0.0	0.0	0.0	146.0	0.0	0.03088371	-0.101012925	1.035947055	1.96854	-1.8006799999999998	-1.9380199999999999	3212703.0	1776544815.317321	0.0	1.0	-1.0	-1.0	-1.0	-1.0	-1.0	-1.0	-1.0	-1.0	0.0	marker	opened-hand	Open	15	0418
-66690.315	-53646.119999999995	-102921.795	-17800.605	0.0	0.0	0.0	0.0	0.0	0.0	0.0	0.0	0.0	0.0	0.0	0.0	0.0	0.0	146.0	0.0	0.03088371	-0.101012925	1.035947055	1.96854	-1.8006799999999998	-1.9380199999999999	3212704.0	1776544815.317337	0.0	1.0	-1.0	-1.0	-1.0	-1.0	-1.0	-1.0	-1.0	-1.0	0.0	marker	opened-hand	Open	15	0418
-66922.47	-53659.89	-103075.65	-17995.094999999998	0.0	0.0	0.0	0.0	0.0	0.0	0.0	0.0	0.0	0.0	0.0	0.0	0.0	0.0	146.0	0.0	0.03088371	-0.101012925	1.035947055	1.96854	-1.8006799999999998	-1.9380199999999999	3212705.0	1776544815.319755	0.0	1.0	-1.0	-1.0	-1.0	-1.0	-1.0	-1.0	-1.0	-1.0	0.0	marker	opened-hand	Open	15	0418
-66885.705	-53651.924999999996	-103063.95	-17930.43	0.0	0.0	0.0	0.0	0.0	0.0	0.0	0.0	0.0	0.0	0.0	0.0	0.0	0.0	146.0	0.0	0.03088371	-0.101012925	1.035947055	1.96854	-1.8006799999999998	-1.9380199999999999	3212706.0	1776544815.319777	0.0	1.0	-1.0	-1.0	-1.0	-1.0	-1.0	-1.0	-1.0	-1.0	0.0	marker	opened-hand	Open	15	0418
-66806.19	-53642.384999999995	-103087.305	-17967.015	0.0	0.0	0.0	0.0	0.0	0.0	0.0	0.0	0.0	0.0	0.0	0.0	0.0	0.0	146.0	0.0	0.03088371	-0.101012925	1.035947055	1.96854	-1.8006799999999998	-1.9380199999999999	3212707.0	1776544815.323476	0.0	1.0	-1.0	-1.0	-1.0	-1.0	-1.0	-1.0	-1.0	-1.0	0.0	marker	opened-hand	Open	15	0418
-66819.78	-53639.46	-103060.70999999999	-17916.66	0.0	0.0	0.0	0.0	0.0	0.0	0.0	0.0	0.0	0.0	0.0	0.0	0.0	0.0	146.0	0.0	0.03088371	-0.101012925	1.035947055	1.96854	-1.8006799999999998	-1.9380199999999999	3212708.0	1776544815.323491	0.0	1.0	-1.0	-1.0	-1.0	-1.0	-1.0	-1.0	-1.0	-1.0	0.0	marker	opened-hand	Open	15	0418
-66963.555	-53645.174999999996	-103090.095	-17970.48	0.0	0.0	0.0	0.0	0.0	0.0	0.0	0.0	0.0	0.0	0.0	0.0	0.0	0.0	146.0	0.0	0.03649893	-0.10394260500000001	1.03259013	2.79258	-2.88414	-2.35004	3212709.0	1776544815.327981	0.0	1.0	-1.0	-1.0	-1.0	-1.0	-1.0	-1.0	-1.0	-1.0	0.0	marker	opened-hand	Open	15	0418
-66887.28	-53645.85	-103107.06	-18011.295	0.0	0.0	0.0	0.0	0.0	0.0	0.0	0.0	0.0	0.0	0.0	0.0	0.0	0.0	146.0	0.0	0.03649893	-0.10394260500000001	1.03259013	2.79258	-2.88414	-2.35004	3212710.0	1776544815.327998	0.0	1.0	-1.0	-1.0	-1.0	-1.0	-1.0	-1.0	-1.0	-1.0	0.0	marker	opened-hand	Open	15	0418
-66602.11499999999	-53635.814999999995	-102915.0	-17815.995	0.0	0.0	0.0	0.0	0.0	0.0	0.0	0.0	0.0	0.0	0.0	0.0	0.0	0.0	146.0	0.0	0.03649893	-0.10394260500000001	1.03259013	2.79258	-2.88414	-2.35004	3212711.0	1776544815.331791	0.0	1.0	-1.0	-1.0	-1.0	-1.0	-1.0	-1.0	-1.0	-1.0	0.0	marker	opened-hand	Open	15	0418
-66832.83	-53648.46	-103076.73	-17939.52	0.0	0.0	0.0	0.0	0.0	0.0	0.0	0.0	0.0	0.0	0.0	0.0	0.0	0.0	146.0	0.0	0.03649893	-0.10394260500000001	1.03259013	2.79258	-2.88414	-2.35004	3212712.0	1776544815.331807	0.0	1.0	-1.0	-1.0	-1.0	-1.0	-1.0	-1.0	-1.0	-1.0	0.0	marker	opened-hand	Open	15	0418
-66883.275	-53641.71	-103058.55	-17994.96	0.0	0.0	0.0	0.0	0.0	0.0	0.0	0.0	0.0	0.0	0.0	0.0	0.0	0.0	146.0	0.0	0.03649893	-0.10394260500000001	1.03259013	2.79258	-2.88414	-2.35004	3212713.0	1776544815.337842	0.0	1.0	-1.0	-1.0	-1.0	-1.0	-1.0	-1.0	-1.0	-1.0	0.0	marker	opened-hand	Open	15	0418
-66806.955	-53617.365	-103004.055	-17967.555	0.0	0.0	0.0	0.0	0.0	0.0	0.0	0.0	0.0	0.0	0.0	0.0	0.0	0.0	146.0	0.0	0.03649893	-0.10394260500000001	1.03259013	2.79258	-2.88414	-2.35004	3212714.0	1776544815.337865	0.0	1.0	-1.0	-1.0	-1.0	-1.0	-1.0	-1.0	-1.0	-1.0	0.0	marker	opened-hand	Open	15	0418
-66664.575	-53597.25	-102994.69499999999	-17865.989999999998	0.0	0.0	0.0	0.0	0.0	0.0	0.0	0.0	0.0	0.0	0.0	0.0	0.0	0.0	146.0	0.0	0.03649893	-0.10394260500000001	1.03259013	2.79258	-2.88414	-2.35004	3212715.0	1776544815.340894	0.0	1.0	-1.0	-1.0	-1.0	-1.0	-1.0	-1.0	-1.0	-1.0	0.0	marker	opened-hand	Open	15	0418
-66656.205	-53583.119999999995	-102939.39	-17759.07	0.0	0.0	0.0	0.0	0.0	0.0	0.0	0.0	0.0	0.0	0.0	0.0	0.0	0.0	146.0	0.0	0.03649893	-0.10394260500000001	1.03259013	2.79258	-2.88414	-2.35004	3212716.0	1776544815.340906	0.0	1.0	-1.0	-1.0	-1.0	-1.0	-1.0	-1.0	-1.0	-1.0	0.0	marker	opened-hand	Open	15	0418
-66759.93	-53579.564999999995	-103006.75499999999	-17881.02	0.0	0.0	0.0	0.0	0.0	0.0	0.0	0.0	0.0	0.0	0.0	0.0	0.0	0.0	146.0	0.0	0.03649893	-0.10394260500000001	1.03259013	2.79258	-2.88414	-2.35004	3212717.0	1776544815.343975	0.0	1.0	-1.0	-1.0	-1.0	-1.0	-1.0	-1.0	-1.0	-1.0	0.0	marker	opened-hand	Open	15	0418
-66709.215	-53575.92	-102935.97	-17802.585	0.0	0.0	0.0	0.0	0.0	0.0	0.0	0.0	0.0	0.0	0.0	0.0	0.0	0.0	146.0	0.0	0.03649893	-0.10394260500000001	1.03259013	2.79258	-2.88414	-2.35004	3212718.0	1776544815.343991	0.0	1.0	-1.0	-1.0	-1.0	-1.0	-1.0	-1.0	-1.0	-1.0	0.0	marker	opened-hand	Open	15	0418
-66696.75	-53588.564999999995	-102891.78	-17787.96	0.0	0.0	0.0	0.0	0.0	0.0	0.0	0.0	0.0	0.0	0.0	0.0	0.0	0.0	146.0	0.0	0.042175185000000004	-0.1062009	1.019589675	5.44782	-2.8383599999999998	-3.03674	3212719.0	1776544815.347845	0.0	1.0	-1.0	-1.0	-1.0	-1.0	-1.0	-1.0	-1.0	-1.0	0.0	marker	opened-hand	Open	15	0418
-66709.845	-53608.32	-102906.81	-17848.035	0.0	0.0	0.0	0.0	0.0	0.0	0.0	0.0	0.0	0.0	0.0	0.0	0.0	0.0	146.0	0.0	0.042175185000000004	-0.1062009	1.019589675	5.44782	-2.8383599999999998	-3.03674	3212720.0	1776544815.347863	0.0	1.0	-1.0	-1.0	-1.0	-1.0	-1.0	-1.0	-1.0	-1.0	0.0	marker	opened-hand	Open	15	0418
-66800.97	-53620.695	-103010.355	-17891.055	0.0	0.0	0.0	0.0	0.0	0.0	0.0	0.0	0.0	0.0	0.0	0.0	0.0	0.0	146.0	0.0	0.042175185000000004	-0.1062009	1.019589675	5.44782	-2.8383599999999998	-3.03674	3212721.0	1776544815.358368	0.0	1.0	-1.0	-1.0	-1.0	-1.0	-1.0	-1.0	-1.0	-1.0	0.0	marker	opened-hand	Open	15	0418
-66922.83	-53630.1	-103118.985	-17968.184999999998	0.0	0.0	0.0	0.0	0.0	0.0	0.0	0.0	0.0	0.0	0.0	0.0	0.0	0.0	146.0	0.0	0.042175185000000004	-0.1062009	1.019589675	5.44782	-2.8383599999999998	-3.03674	3212722.0	1776544815.358402	0.0	1.0	-1.0	-1.0	-1.0	-1.0	-1.0	-1.0	-1.0	-1.0	0.0	marker	opened-hand	Open	15	0418
-66828.78	-53622.27	-103045.995	-17906.13	0.0	0.0	0.0	0.0	0.0	0.0	0.0	0.0	0.0	0.0	0.0	0.0	0.0	0.0	146.0	0.0	0.042175185000000004	-0.1062009	1.019589675	5.44782	-2.8383599999999998	-3.03674	3212723.0	1776544815.358432	0.0	1.0	-1.0	-1.0	-1.0	-1.0	-1.0	-1.0	-1.0	-1.0	0.0	marker	opened-hand	Open	15	0418
-66717.855	-53615.744999999995	-102939.885	-17795.25	0.0	0.0	0.0	0.0	0.0	0.0	0.0	0.0	0.0	0.0	0.0	0.0	0.0	0.0	146.0	0.0	0.042175185000000004	-0.1062009	1.019589675	5.44782	-2.8383599999999998	-3.03674	3212724.0	1776544815.358447	0.0	1.0	-1.0	-1.0	-1.0	-1.0	-1.0	-1.0	-1.0	-1.0	0.0	marker	opened-hand	Open	15	0418
-66695.94	-53609.22	-102898.62	-17767.53	0.0	0.0	0.0	0.0	0.0	0.0	0.0	0.0	0.0	0.0	0.0	0.0	0.0	0.0	146.0	0.0	0.042175185000000004	-0.1062009	1.019589675	5.44782	-2.8383599999999998	-3.03674	3212725.0	1776544815.359909	0.0	1.0	-1.0	-1.0	-1.0	-1.0	-1.0	-1.0	-1.0	-1.0	0.0	marker	opened-hand	Open	15	0418
-66863.06999999999	-53617.32	-103102.92	-17984.745	0.0	0.0	0.0	0.0	0.0	0.0	0.0	0.0	0.0	0.0	0.0	0.0	0.0	0.0	146.0	0.0	0.042175185000000004	-0.1062009	1.019589675	5.44782	-2.8383599999999998	-3.03674	3212726.0	1776544815.359926	0.0	1.0	-1.0	-1.0	-1.0	-1.0	-1.0	-1.0	-1.0	-1.0	0.0	marker	opened-hand	Open	15	0418
-66877.33499999999	-53623.755	-103104.94499999999	-17962.469999999998	0.0	0.0	0.0	0.0	0.0	0.0	0.0	0.0	0.0	0.0	0.0	0.0	0.0	0.0	146.0	0.0	0.042175185000000004	-0.1062009	1.019589675	5.44782	-2.8383599999999998	-3.03674	3212727.0	1776544815.364013	0.0	1.0	-1.0	-1.0	-1.0	-1.0	-1.0	-1.0	-1.0	-1.0	0.0	marker	opened-hand	Open	15	0418
-67022.64	-53630.189999999995	-103124.295	-17977.905	0.0	0.0	0.0	0.0	0.0	0.0	0.0	0.0	0.0	0.0	0.0	0.0	0.0	0.0	146.0	0.0	0.042175185000000004	-0.1062009	1.019589675	5.44782	-2.8383599999999998	-3.03674	3212728.0	1776544815.364028	0.0	1.0	-1.0	-1.0	-1.0	-1.0	-1.0	-1.0	-1.0	-1.0	0.0	marker	opened-hand	Open	15	0418
-66944.97	-53626.365	-103119.705	-17988.614999999998	0.0	0.0	0.0	0.0	0.0	0.0	0.0	0.0	0.0	0.0	0.0	0.0	0.0	0.0	146.0	0.0	0.051086295000000004	-0.09814428	1.007748885	3.2809	-1.49548	-2.65524	3212729.0	1776544815.367975	0.0	1.0	-1.0	-1.0	-1.0	-1.0	-1.0	-1.0	-1.0	-1.0	0.0	marker	opened-hand	Open	15	0418
-66762.27	-53613.314999999995	-103036.995	-17938.17	0.0	0.0	0.0	0.0	0.0	0.0	0.0	0.0	0.0	0.0	0.0	0.0	0.0	0.0	146.0	0.0	0.051086295000000004	-0.09814428	1.007748885	3.2809	-1.49548	-2.65524	3212730.0	1776544815.367997	0.0	1.0	-1.0	-1.0	-1.0	-1.0	-1.0	-1.0	-1.0	-1.0	0.0	marker	opened-hand	Open	15	0418
-66710.565	-53611.604999999996	-102983.805	-17893.395	0.0	0.0	0.0	0.0	0.0	0.0	0.0	0.0	0.0	0.0	0.0	0.0	0.0	0.0	146.0	0.0	0.051086295000000004	-0.09814428	1.007748885	3.2809	-1.49548	-2.65524	3212731.0	1776544815.372552	0.0	1.0	-1.0	-1.0	-1.0	-1.0	-1.0	-1.0	-1.0	-1.0	0.0	marker	opened-hand	Open	15	0418
-66674.565	-53616.555	-102881.51999999999	-17792.325	0.0	0.0	0.0	0.0	0.0	0.0	0.0	0.0	0.0	0.0	0.0	0.0	0.0	0.0	146.0	0.0	0.051086295000000004	-0.09814428	1.007748885	3.2809	-1.49548	-2.65524	3212732.0	1776544815.372582	0.0	1.0	-1.0	-1.0	-1.0	-1.0	-1.0	-1.0	-1.0	-1.0	0.0	marker	opened-hand	Open	15	0418
-66813.12	-53627.445	-102937.23	-17817.12	0.0	0.0	0.0	0.0	0.0	0.0	0.0	0.0	0.0	0.0	0.0	0.0	0.0	0.0	146.0	0.0	0.051086295000000004	-0.09814428	1.007748885	3.2809	-1.49548	-2.65524	3212733.0	1776544815.375908	0.0	1.0	-1.0	-1.0	-1.0	-1.0	-1.0	-1.0	-1.0	-1.0	0.0	marker	opened-hand	Open	15	0418
-66823.245	-53638.29	-103024.8	-17908.29	0.0	0.0	0.0	0.0	0.0	0.0	0.0	0.0	0.0	0.0	0.0	0.0	0.0	0.0	146.0	0.0	0.051086295000000004	-0.09814428	1.007748885	3.2809	-1.49548	-2.65524	3212734.0	1776544815.375923	0.0	1.0	-1.0	-1.0	-1.0	-1.0	-1.0	-1.0	-1.0	-1.0	0.0	marker	opened-hand	Open	15	0418
-66806.55	-53648.28	-103022.64	-17878.364999999998	0.0	0.0	0.0	0.0	0.0	0.0	0.0	0.0	0.0	0.0	0.0	0.0	0.0	0.0	146.0	0.0	0.051086295000000004	-0.09814428	1.007748885	3.2809	-1.49548	-2.65524	3212735.0	1776544815.379899	0.0	1.0	-1.0	-1.0	-1.0	-1.0	-1.0	-1.0	-1.0	-1.0	0.0	marker	opened-hand	Open	15	0418
-66680.64	-53659.079999999994	-102960.62999999999	-17765.594999999998	0.0	0.0	0.0	0.0	0.0	0.0	0.0	0.0	0.0	0.0	0.0	0.0	0.0	0.0	146.0	0.0	0.051086295000000004	-0.09814428	1.007748885	3.2809	-1.49548	-2.65524	3212736.0	1776544815.379911	0.0	1.0	-1.0	-1.0	-1.0	-1.0	-1.0	-1.0	-1.0	-1.0	0.0	marker	opened-hand	Open	15	0418
-66412.935	-53658.18	-102755.34	-17634.735	0.0	0.0	0.0	0.0	0.0	0.0	0.0	0.0	0.0	0.0	0.0	0.0	0.0	0.0	146.0	0.0	0.051086295000000004	-0.09814428	1.007748885	3.2809	-1.49548	-2.65524	3212737.0	1776544815.384368	0.0	1.0	-1.0	-1.0	-1.0	-1.0	-1.0	-1.0	-1.0	-1.0	0.0	marker	opened-hand	Open	15	0418
-66740.715	-53673.03	-102928.05	-17797.094999999998	0.0	0.0	0.0	0.0	0.0	0.0	0.0	0.0	0.0	0.0	0.0	0.0	0.0	0.0	146.0	0.0	0.051086295000000004	-0.09814428	1.007748885	3.2809	-1.49548	-2.65524	3212738.0	1776544815.384393	0.0	1.0	-1.0	-1.0	-1.0	-1.0	-1.0	-1.0	-1.0	-1.0	0.0	marker	opened-hand	Open	15	0418
-66978.94499999999	-53683.47	-103058.64	-17909.055	0.0	0.0	0.0	0.0	0.0	0.0	0.0	0.0	0.0	0.0	0.0	0.0	0.0	0.0	146.0	0.0	0.047668335	-0.087829365	1.005795765	1.43444	-1.38866	-1.526	3212739.0	1776544815.388097	0.0	1.0	-1.0	-1.0	-1.0	-1.0	-1.0	-1.0	-1.0	-1.0	0.0	marker	opened-hand	Open	15	0418
-66825.315	-53674.695	-103041.81	-17878.005	0.0	0.0	0.0	0.0	0.0	0.0	0.0	0.0	0.0	0.0	0.0	0.0	0.0	0.0	146.0	0.0	0.047668335	-0.087829365	1.005795765	1.43444	-1.38866	-1.526	3212740.0	1776544815.388114	0.0	1.0	-1.0	-1.0	-1.0	-1.0	-1.0	-1.0	-1.0	-1.0	0.0	marker	opened-hand	Open	15	0418
-66793.05	-53667.765	-103059.045	-17922.78	0.0	0.0	0.0	0.0	0.0	0.0	0.0	0.0	0.0	0.0	0.0	0.0	0.0	0.0	146.0	0.0	0.047668335	-0.087829365	1.005795765	1.43444	-1.38866	-1.526	3212741.0	1776544815.391992	0.0	1.0	-1.0	-1.0	-1.0	-1.0	-1.0	-1.0	-1.0	-1.0	0.0	marker	opened-hand	Open	15	0418
-66852.495	-53669.655	-103062.465	-17984.7	0.0	0.0	0.0	0.0	0.0	0.0	0.0	0.0	0.0	0.0	0.0	0.0	0.0	0.0	146.0	0.0	0.047668335	-0.087829365	1.005795765	1.43444	-1.38866	-1.526	3212742.0	1776544815.392011	0.0	1.0	-1.0	-1.0	-1.0	-1.0	-1.0	-1.0	-1.0	-1.0	0.0	marker	opened-hand	Open	15	0418
-66754.215	-53669.79	-102922.47	-17842.68	0.0	0.0	0.0	0.0	0.0	0.0	0.0	0.0	0.0	0.0	0.0	0.0	0.0	0.0	146.0	0.0	0.047668335	-0.087829365	1.005795765	1.43444	-1.38866	-1.526	3212743.0	1776544815.397086	0.0	1.0	-1.0	-1.0	-1.0	-1.0	-1.0	-1.0	-1.0	-1.0	0.0	marker	opened-hand	Open	15	0418
-66755.83499999999	-53669.88	-102978.405	-17858.655	0.0	0.0	0.0	0.0	0.0	0.0	0.0	0.0	0.0	0.0	0.0	0.0	0.0	0.0	146.0	0.0	0.047668335	-0.087829365	1.005795765	1.43444	-1.38866	-1.526	3212744.0	1776544815.3971	0.0	1.0	-1.0	-1.0	-1.0	-1.0	-1.0	-1.0	-1.0	-1.0	0.0	marker	opened-hand	Open	15	0418
-66511.98	-53649.765	-102756.33	-17678.52	0.0	0.0	0.0	0.0	0.0	0.0	0.0	0.0	0.0	0.0	0.0	0.0	0.0	0.0	146.0	0.0	0.047668335	-0.087829365	1.005795765	1.43444	-1.38866	-1.526	3212745.0	1776544815.403989	0.0	1.0	-1.0	-1.0	-1.0	-1.0	-1.0	-1.0	-1.0	-1.0	0.0	marker	opened-hand	Open	15	0418
-66561.165	-53635.994999999995	-102637.44	-17530.2	0.0	0.0	0.0	0.0	0.0	0.0	0.0	0.0	0.0	0.0	0.0	0.0	0.0	0.0	146.0	0.0	0.047668335	-0.087829365	1.005795765	1.43444	-1.38866	-1.526	3212746.0	1776544815.404002	0.0	1.0	-1.0	-1.0	-1.0	-1.0	-1.0	-1.0	-1.0	-1.0	0.0	marker	opened-hand	Open	15	0418
-66788.685	-53641.259999999995	-103008.69	-17837.82	0.0	0.0	0.0	0.0	0.0	0.0	0.0	0.0	0.0	0.0	0.0	0.0	0.0	0.0	146.0	0.0	0.047668335	-0.087829365	1.005795765	1.43444	-1.38866	-1.526	3212747.0	1776544815.405424	0.0	1.0	-1.0	-1.0	-1.0	-1.0	-1.0	-1.0	-1.0	-1.0	0.0	marker	opened-hand	Open	15	0418
-66771.09	-53632.17	-103187.51999999999	-18074.835	0.0	0.0	0.0	0.0	0.0	0.0	0.0	0.0	0.0	0.0	0.0	0.0	0.0	0.0	146.0	0.0	0.047668335	-0.087829365	1.005795765	1.43444	-1.38866	-1.526	3212748.0	1776544815.405444	0.0	1.0	-1.0	-1.0	-1.0	-1.0	-1.0	-1.0	-1.0	-1.0	0.0	marker	opened-hand	Open	15	0418
-66984.255	-53614.17	-103246.245	-18108.989999999998	0.0	0.0	0.0	0.0	0.0	0.0	0.0	0.0	0.0	0.0	0.0	0.0	0.0	0.0	146.0	0.0	0.048828	-0.085876245	1.003476435	1.4039199999999998	-0.32045999999999997	-0.6714399999999999	3212749.0	1776544815.408031	0.0	1.0	-1.0	-1.0	-1.0	-1.0	-1.0	-1.0	-1.0	-1.0	0.0	marker	opened-hand	Open	15	0418
-66990.555	-53601.93	-103211.01	-18082.755	0.0	0.0	0.0	0.0	0.0	0.0	0.0	0.0	0.0	0.0	0.0	0.0	0.0	0.0	146.0	0.0	0.048828	-0.085876245	1.003476435	1.4039199999999998	-0.32045999999999997	-0.6714399999999999	3212750.0	1776544815.408047	0.0	1.0	-1.0	-1.0	-1.0	-1.0	-1.0	-1.0	-1.0	-1.0	0.0	marker	opened-hand	Open	15	0418
-66803.985	-53587.89	-103080.87	-17942.895	0.0	0.0	0.0	0.0	0.0	0.0	0.0	0.0	0.0	0.0	0.0	0.0	0.0	0.0	146.0	0.0	0.048828	-0.085876245	1.003476435	1.4039199999999998	-0.32045999999999997	-0.6714399999999999	3212751.0	1776544815.412485	0.0	1.0	-1.0	-1.0	-1.0	-1.0	-1.0	-1.0	-1.0	-1.0	0.0	marker	opened-hand	Open	15	0418
-66743.505	-53583.39	-102961.935	-17782.155	0.0	0.0	0.0	0.0	0.0	0.0	0.0	0.0	0.0	0.0	0.0	0.0	0.0	0.0	146.0	0.0	0.048828	-0.085876245	1.003476435	1.4039199999999998	-0.32045999999999997	-0.6714399999999999	3212752.0	1776544815.412497	0.0	1.0	-1.0	-1.0	-1.0	-1.0	-1.0	-1.0	-1.0	-1.0	0.0	marker	opened-hand	Open	15	0418
-66897.315	-53588.25	-102994.33499999999	-17813.25	0.0	0.0	0.0	0.0	0.0	0.0	0.0	0.0	0.0	0.0	0.0	0.0	0.0	0.0	146.0	0.0	0.048828	-0.085876245	1.003476435	1.4039199999999998	-0.32045999999999997	-0.6714399999999999	3212753.0	1776544815.417334	0.0	1.0	-1.0	-1.0	-1.0	-1.0	-1.0	-1.0	-1.0	-1.0	0.0	marker	opened-hand	Open	15	0418
-66870.45	-53592.39	-103019.04	-17841.059999999998	0.0	0.0	0.0	0.0	0.0	0.0	0.0	0.0	0.0	0.0	0.0	0.0	0.0	0.0	146.0	0.0	0.048828	-0.085876245	1.003476435	1.4039199999999998	-0.32045999999999997	-0.6714399999999999	3212754.0	1776544815.417356	0.0	1.0	-1.0	-1.0	-1.0	-1.0	-1.0	-1.0	-1.0	-1.0	0.0	marker	opened-hand	Open	15	0418
-66843.495	-53595.81	-103023.315	-17886.015	0.0	0.0	0.0	0.0	0.0	0.0	0.0	0.0	0.0	0.0	0.0	0.0	0.0	0.0	146.0	0.0	0.048828	-0.085876245	1.003476435	1.4039199999999998	-0.32045999999999997	-0.6714399999999999	3212755.0	1776544815.423651	0.0	1.0	-1.0	-1.0	-1.0	-1.0	-1.0	-1.0	-1.0	-1.0	0.0	marker	opened-hand	Open	15	0418
-66849.97499999999	-53585.505	-103048.01999999999	-17929.395	0.0	0.0	0.0	0.0	0.0	0.0	0.0	0.0	0.0	0.0	0.0	0.0	0.0	0.0	146.0	0.0	0.048828	-0.085876245	1.003476435	1.4039199999999998	-0.32045999999999997	-0.6714399999999999	3212756.0	1776544815.423681	0.0	1.0	-1.0	-1.0	-1.0	-1.0	-1.0	-1.0	-1.0	-1.0	0.0	marker	opened-hand	Open	15	0418
-66816.36	-53568.36	-103086.405	-17978.445	0.0	0.0	0.0	0.0	0.0	0.0	0.0	0.0	0.0	0.0	0.0	0.0	0.0	0.0	146.0	0.0	0.048828	-0.085876245	1.003476435	1.4039199999999998	-0.32045999999999997	-0.6714399999999999	3212757.0	1776544815.424026	0.0	1.0	-1.0	-1.0	-1.0	-1.0	-1.0	-1.0	-1.0	-1.0	0.0	marker	opened-hand	Open	15	0418
-66793.59	-53562.42	-103024.44	-17923.005	0.0	0.0	0.0	0.0	0.0	0.0	0.0	0.0	0.0	0.0	0.0	0.0	0.0	0.0	146.0	0.0	0.048828	-0.085876245	1.003476435	1.4039199999999998	-0.32045999999999997	-0.6714399999999999	3212758.0	1776544815.424048	0.0	1.0	-1.0	-1.0	-1.0	-1.0	-1.0	-1.0	-1.0	-1.0	0.0	marker	opened-hand	Open	15	0418
-66720.735	-53559.63	-102976.515	-17890.695	0.0	0.0	0.0	0.0	0.0	0.0	0.0	0.0	0.0	0.0	0.0	0.0	0.0	0.0	146.0	0.0	0.05993637	-0.09069801	0.99706776	1.4802199999999999	1.38866	0.3815	3212759.0	1776544815.428136	0.0	1.0	-1.0	-1.0	-1.0	-1.0	-1.0	-1.0	-1.0	-1.0	0.0	marker	opened-hand	Open	15	0418
-66787.245	-53569.89	-103036.5	-17952.03	0.0	0.0	0.0	0.0	0.0	0.0	0.0	0.0	0.0	0.0	0.0	0.0	0.0	0.0	146.0	0.0	0.05993637	-0.09069801	0.99706776	1.4802199999999999	1.38866	0.3815	3212760.0	1776544815.42815	0.0	1.0	-1.0	-1.0	-1.0	-1.0	-1.0	-1.0	-1.0	-1.0	0.0	marker	opened-hand	Open	15	0418
-66809.97	-53587.979999999996	-103049.055	-17968.995	0.0	0.0	0.0	0.0	0.0	0.0	0.0	0.0	0.0	0.0	0.0	0.0	0.0	0.0	146.0	0.0	0.05993637	-0.09069801	0.99706776	1.4802199999999999	1.38866	0.3815	3212761.0	1776544815.432152	0.0	1.0	-1.0	-1.0	-1.0	-1.0	-1.0	-1.0	-1.0	-1.0	0.0	marker	opened-hand	Open	15	0418
-66790.26	-53599.095	-103031.955	-17904.915	0.0	0.0	0.0	0.0	0.0	0.0	0.0	0.0	0.0	0.0	0.0	0.0	0.0	0.0	146.0	0.0	0.05993637	-0.09069801	0.99706776	1.4802199999999999	1.38866	0.3815	3212762.0	1776544815.43219	0.0	1.0	-1.0	-1.0	-1.0	-1.0	-1.0	-1.0	-1.0	-1.0	0.0	marker	opened-hand	Open	15	0418
-66742.605	-53593.695	-102977.81999999999	-17843.579999999998	0.0	0.0	0.0	0.0	0.0	0.0	0.0	0.0	0.0	0.0	0.0	0.0	0.0	0.0	146.0	0.0	0.05993637	-0.09069801	0.99706776	1.4802199999999999	1.38866	0.3815	3212763.0	1776544815.437463	0.0	1.0	-1.0	-1.0	-1.0	-1.0	-1.0	-1.0	-1.0	-1.0	0.0	marker	opened-hand	Open	15	0418
-66638.7	-53574.299999999996	-102756.465	-17631.27	0.0	0.0	0.0	0.0	0.0	0.0	0.0	0.0	0.0	0.0	0.0	0.0	0.0	0.0	146.0	0.0	0.05993637	-0.09069801	0.99706776	1.4802199999999999	1.38866	0.3815	3212764.0	1776544815.437485	0.0	1.0	-1.0	-1.0	-1.0	-1.0	-1.0	-1.0	-1.0	-1.0	0.0	marker	opened-hand	Open	15	0418
-66664.305	-53559.18	-102700.70999999999	-17555.04	0.0	0.0	0.0	0.0	0.0	0.0	0.0	0.0	0.0	0.0	0.0	0.0	0.0	0.0	146.0	0.0	0.05993637	-0.09069801	0.99706776	1.4802199999999999	1.38866	0.3815	3212765.0	1776544815.44028	0.0	1.0	-1.0	-1.0	-1.0	-1.0	-1.0	-1.0	-1.0	-1.0	0.0	marker	opened-hand	Open	15	0418
-66680.505	-53561.384999999995	-102948.48	-17790.255	0.0	0.0	0.0	0.0	0.0	0.0	0.0	0.0	0.0	0.0	0.0	0.0	0.0	0.0	146.0	0.0	0.05993637	-0.09069801	0.99706776	1.4802199999999999	1.38866	0.3815	3212766.0	1776544815.440302	0.0	1.0	-1.0	-1.0	-1.0	-1.0	-1.0	-1.0	-1.0	-1.0	0.0	marker	opened-hand	Open	15	0418
-66602.025	-53565.119999999995	-102936.59999999999	-17804.52	0.0	0.0	0.0	0.0	0.0	0.0	0.0	0.0	0.0	0.0	0.0	0.0	0.0	0.0	146.0	0.0	0.05993637	-0.09069801	0.99706776	1.4802199999999999	1.38866	0.3815	3212767.0	1776544815.446439	0.0	1.0	-1.0	-1.0	-1.0	-1.0	-1.0	-1.0	-1.0	-1.0	0.0	marker	opened-hand	Open	15	0418
-66773.385	-53579.744999999995	-103042.8	-17933.04	0.0	0.0	0.0	0.0	0.0	0.0	0.0	0.0	0.0	0.0	0.0	0.0	0.0	0.0	146.0	0.0	0.05993637	-0.09069801	0.99706776	1.4802199999999999	1.38866	0.3815	3212768.0	1776544815.446456	0.0	1.0	-1.0	-1.0	-1.0	-1.0	-1.0	-1.0	-1.0	-1.0	0.0	marker	opened-hand	Open	15	0418
-66970.845	-53591.715	-103265.415	-18156.239999999998	0.0	0.0	0.0	0.0	0.0	0.0	0.0	0.0	0.0	0.0	0.0	0.0	0.0	0.0	146.0	0.0	0.0573729	-0.09240699000000001	0.999448125	1.0682	2.3653	-0.19838	3212769.0	1776544815.449273	0.0	1.0	-1.0	-1.0	-1.0	-1.0	-1.0	-1.0	-1.0	-1.0	0.0	marker	opened-hand	Open	15	0418
-66863.655	-53583.615	-103151.295	-18033.344999999998	0.0	0.0	0.0	0.0	0.0	0.0	0.0	0.0	0.0	0.0	0.0	0.0	0.0	0.0	146.0	0.0	0.0573729	-0.09240699000000001	0.999448125	1.0682	2.3653	-0.19838	3212770.0	1776544815.44929	0.0	1.0	-1.0	-1.0	-1.0	-1.0	-1.0	-1.0	-1.0	-1.0	0.0	marker	opened-hand	Open	15	0418
-66687.97499999999	-53577.72	-102935.385	-17829.585	0.0	0.0	0.0	0.0	0.0	0.0	0.0	0.0	0.0	0.0	0.0	0.0	0.0	0.0	146.0	0.0	0.0573729	-0.09240699000000001	0.999448125	1.0682	2.3653	-0.19838	3212771.0	1776544815.452179	0.0	1.0	-1.0	-1.0	-1.0	-1.0	-1.0	-1.0	-1.0	-1.0	0.0	marker	opened-hand	Open	15	0418
-66806.145	-53593.38	-103027.05	-17909.55	0.0	0.0	0.0	0.0	0.0	0.0	0.0	0.0	0.0	0.0	0.0	0.0	0.0	0.0	146.0	0.0	0.0573729	-0.09240699000000001	0.999448125	1.0682	2.3653	-0.19838	3212772.0	1776544815.452191	0.0	1.0	-1.0	-1.0	-1.0	-1.0	-1.0	-1.0	-1.0	-1.0	0.0	marker	opened-hand	Open	15	0418
-66915.855	-53591.895	-103127.715	-18010.575	0.0	0.0	0.0	0.0	0.0	0.0	0.0	0.0	0.0	0.0	0.0	0.0	0.0	0.0	146.0	0.0	0.0573729	-0.09240699000000001	0.999448125	1.0682	2.3653	-0.19838	3212773.0	1776544815.456263	0.0	1.0	-1.0	-1.0	-1.0	-1.0	-1.0	-1.0	-1.0	-1.0	0.0	marker	opened-hand	Open	15	0418
-66901.31999999999	-53579.159999999996	-103080.59999999999	-17990.37	0.0	0.0	0.0	0.0	0.0	0.0	0.0	0.0	0.0	0.0	0.0	0.0	0.0	0.0	146.0	0.0	0.0573729	-0.09240699000000001	0.999448125	1.0682	2.3653	-0.19838	3212774.0	1776544815.456286	0.0	1.0	-1.0	-1.0	-1.0	-1.0	-1.0	-1.0	-1.0	-1.0	0.0	marker	opened-hand	Open	15	0418
-66876.075	-53581.14	-102959.055	-17853.795	0.0	0.0	0.0	0.0	0.0	0.0	0.0	0.0	0.0	0.0	0.0	0.0	0.0	0.0	146.0	0.0	0.0573729	-0.09240699000000001	0.999448125	1.0682	2.3653	-0.19838	3212775.0	1776544815.460216	0.0	1.0	-1.0	-1.0	-1.0	-1.0	-1.0	-1.0	-1.0	-1.0	0.0	marker	opened-hand	Open	15	0418
-66674.06999999999	-53581.14	-102893.805	-17758.62	0.0	0.0	0.0	0.0	0.0	0.0	0.0	0.0	0.0	0.0	0.0	0.0	0.0	0.0	146.0	0.0	0.0573729	-0.09240699000000001	0.999448125	1.0682	2.3653	-0.19838	3212776.0	1776544815.460228	0.0	1.0	-1.0	-1.0	-1.0	-1.0	-1.0	-1.0	-1.0	-1.0	0.0	marker	opened-hand	Open	15	0418
-66756.59999999999	-53598.24	-103044.42	-17907.165	0.0	0.0	0.0	0.0	0.0	0.0	0.0	0.0	0.0	0.0	0.0	0.0	0.0	0.0	146.0	0.0	0.0573729	-0.09240699000000001	0.999448125	1.0682	2.3653	-0.19838	3212777.0	1776544815.464357	0.0	1.0	-1.0	-1.0	-1.0	-1.0	-1.0	-1.0	-1.0	-1.0	0.0	marker	opened-hand	Open	15	0418
-66816.855	-53621.64	-103054.455	-17915.175	0.0	0.0	0.0	0.0	0.0	0.0	0.0	0.0	0.0	0.0	0.0	0.0	0.0	0.0	146.0	0.0	0.0573729	-0.09240699000000001	0.999448125	1.0682	2.3653	-0.19838	3212778.0	1776544815.464377	0.0	1.0	-1.0	-1.0	-1.0	-1.0	-1.0	-1.0	-1.0	-1.0	0.0	marker	opened-hand	Open	15	0418
-66874.545	-53640.09	-103133.34	-17980.605	0.0	0.0	0.0	0.0	0.0	0.0	0.0	0.0	0.0	0.0	0.0	0.0	0.0	0.0	146.0	0.0	0.0524901	-0.09326148000000001	0.99657948	-0.35097999999999996	3.37246	-0.47306	3212779.0	1776544815.468265	0.0	1.0	-1.0	-1.0	-1.0	-1.0	-1.0	-1.0	-1.0	-1.0	0.0	marker	opened-hand	Open	15	0418
-66743.73	-53630.46	-102928.995	-17821.89	0.0	0.0	0.0	0.0	0.0	0.0	0.0	0.0	0.0	0.0	0.0	0.0	0.0	0.0	146.0	0.0	0.0524901	-0.09326148000000001	0.99657948	-0.35097999999999996	3.37246	-0.47306	3212780.0	1776544815.468286	0.0	1.0	-1.0	-1.0	-1.0	-1.0	-1.0	-1.0	-1.0	-1.0	0.0	marker	opened-hand	Open	15	0418
-66489.3	-53606.7	-102679.73999999999	-17629.065	0.0	0.0	0.0	0.0	0.0	0.0	0.0	0.0	0.0	0.0	0.0	0.0	0.0	0.0	146.0	0.0	0.0524901	-0.09326148000000001	0.99657948	-0.35097999999999996	3.37246	-0.47306	3212781.0	1776544815.47244	0.0	1.0	-1.0	-1.0	-1.0	-1.0	-1.0	-1.0	-1.0	-1.0	0.0	marker	opened-hand	Open	15	0418
-66540.19499999999	-53596.575	-102821.94	-17668.53	0.0	0.0	0.0	0.0	0.0	0.0	0.0	0.0	0.0	0.0	0.0	0.0	0.0	0.0	146.0	0.0	0.0524901	-0.09326148000000001	0.99657948	-0.35097999999999996	3.37246	-0.47306	3212782.0	1776544815.472467	0.0	1.0	-1.0	-1.0	-1.0	-1.0	-1.0	-1.0	-1.0	-1.0	0.0	marker	opened-hand	Open	15	0418
-66839.355	-53598.78	-103090.995	-17839.079999999998	0.0	0.0	0.0	0.0	0.0	0.0	0.0	0.0	0.0	0.0	0.0	0.0	0.0	0.0	146.0	0.0	0.0524901	-0.09326148000000001	0.99657948	-0.35097999999999996	3.37246	-0.47306	3212783.0	1776544815.478293	0.0	1.0	-1.0	-1.0	-1.0	-1.0	-1.0	-1.0	-1.0	-1.0	0.0	marker	opened-hand	Open	15	0418
-66857.535	-53599.275	-103073.08499999999	-17914.14	0.0	0.0	0.0	0.0	0.0	0.0	0.0	0.0	0.0	0.0	0.0	0.0	0.0	0.0	146.0	0.0	0.0524901	-0.09326148000000001	0.99657948	-0.35097999999999996	3.37246	-0.47306	3212784.0	1776544815.478307	0.0	1.0	-1.0	-1.0	-1.0	-1.0	-1.0	-1.0	-1.0	-1.0	0.0	marker	opened-hand	Open	15	0418
-66824.685	-53605.755	-103104.94499999999	-17970.3	0.0	0.0	0.0	0.0	0.0	0.0	0.0	0.0	0.0	0.0	0.0	0.0	0.0	0.0	146.0	0.0	0.0524901	-0.09326148000000001	0.99657948	-0.35097999999999996	3.37246	-0.47306	3212785.0	1776544815.480353	0.0	1.0	-1.0	-1.0	-1.0	-1.0	-1.0	-1.0	-1.0	-1.0	0.0	marker	opened-hand	Open	15	0418
-66861.765	-53607.825	-103069.62	-17957.565	0.0	0.0	0.0	0.0	0.0	0.0	0.0	0.0	0.0	0.0	0.0	0.0	0.0	0.0	146.0	0.0	0.0524901	-0.09326148000000001	0.99657948	-0.35097999999999996	3.37246	-0.47306	3212786.0	1776544815.480366	0.0	1.0	-1.0	-1.0	-1.0	-1.0	-1.0	-1.0	-1.0	-1.0	0.0	marker	opened-hand	Open	15	0418
-66979.17	-53609.354999999996	-103164.165	-18035.505	0.0	0.0	0.0	0.0	0.0	0.0	0.0	0.0	0.0	0.0	0.0	0.0	0.0	0.0	146.0	0.0	0.0524901	-0.09326148000000001	0.99657948	-0.35097999999999996	3.37246	-0.47306	3212787.0	1776544815.484355	0.0	1.0	-1.0	-1.0	-1.0	-1.0	-1.0	-1.0	-1.0	-1.0	0.0	marker	opened-hand	Open	15	0418
-66939.61499999999	-53606.97	-103164.345	-17986.725	0.0	0.0	0.0	0.0	0.0	0.0	0.0	0.0	0.0	0.0	0.0	0.0	0.0	0.0	146.0	0.0	0.0524901	-0.09326148000000001	0.99657948	-0.35097999999999996	3.37246	-0.47306	3212788.0	1776544815.484405	0.0	1.0	-1.0	-1.0	-1.0	-1.0	-1.0	-1.0	-1.0	-1.0	0.0	marker	opened-hand	Open	15	0418
-66874.995	-53607.825	-103122.0	-17933.04	0.0	0.0	0.0	0.0	0.0	0.0	0.0	0.0	0.0	0.0	0.0	0.0	0.0	0.0	146.0	0.0	0.053344590000000004	-0.100768785	1.002866085	-0.9156	3.8607799999999997	-0.3815	3212789.0	1776544815.488409	0.0	1.0	-1.0	-1.0	-1.0	-1.0	-1.0	-1.0	-1.0	-1.0	0.0	marker	opened-hand	Open	15	0418
-66653.955	-53589.825	-102825.54	-17683.065	0.0	0.0	0.0	0.0	0.0	0.0	0.0	0.0	0.0	0.0	0.0	0.0	0.0	0.0	146.0	0.0	0.053344590000000004	-0.100768785	1.002866085	-0.9156	3.8607799999999997	-0.3815	3212790.0	1776544815.488427	0.0	1.0	-1.0	-1.0	-1.0	-1.0	-1.0	-1.0	-1.0	-1.0	0.0	marker	opened-hand	Open	15	0418
-66742.29	-53588.52	-102835.17	-17725.454999999998	0.0	0.0	0.0	0.0	0.0	0.0	0.0	0.0	0.0	0.0	0.0	0.0	0.0	0.0	146.0	0.0	0.053344590000000004	-0.100768785	1.002866085	-0.9156	3.8607799999999997	-0.3815	3212791.0	1776544815.492278	0.0	1.0	-1.0	-1.0	-1.0	-1.0	-1.0	-1.0	-1.0	-1.0	0.0	marker	opened-hand	Open	15	0418
-66834.27	-53601.03	-103050.855	-17959.094999999998	0.0	0.0	0.0	0.0	0.0	0.0	0.0	0.0	0.0	0.0	0.0	0.0	0.0	0.0	146.0	0.0	0.053344590000000004	-0.100768785	1.002866085	-0.9156	3.8607799999999997	-0.3815	3212792.0	1776544815.492297	0.0	1.0	-1.0	-1.0	-1.0	-1.0	-1.0	-1.0	-1.0	-1.0	0.0	marker	opened-hand	Open	15	0418
-66836.34	-53608.005	-103136.76	-18033.48	0.0	0.0	0.0	0.0	0.0	0.0	0.0	0.0	0.0	0.0	0.0	0.0	0.0	0.0	146.0	0.0	0.053344590000000004	-0.100768785	1.002866085	-0.9156	3.8607799999999997	-0.3815	3212793.0	1776544815.496389	0.0	1.0	-1.0	-1.0	-1.0	-1.0	-1.0	-1.0	-1.0	-1.0	0.0	marker	opened-hand	Open	15	0418
-66794.175	-53603.865	-103067.325	-17935.425	0.0	0.0	0.0	0.0	0.0	0.0	0.0	0.0	0.0	0.0	0.0	0.0	0.0	0.0	146.0	0.0	0.053344590000000004	-0.100768785	1.002866085	-0.9156	3.8607799999999997	-0.3815	3212794.0	1776544815.496402	0.0	1.0	-1.0	-1.0	-1.0	-1.0	-1.0	-1.0	-1.0	-1.0	0.0	marker	opened-hand	Open	15	0418
-66604.185	-53591.895	-102877.605	-17744.67	0.0	0.0	0.0	0.0	0.0	0.0	0.0	0.0	0.0	0.0	0.0	0.0	0.0	0.0	146.0	0.0	0.053344590000000004	-0.100768785	1.002866085	-0.9156	3.8607799999999997	-0.3815	3212795.0	1776544815.500336	0.0	1.0	-1.0	-1.0	-1.0	-1.0	-1.0	-1.0	-1.0	-1.0	0.0	marker	opened-hand	Open	15	0418
-66550.905	-53580.195	-102638.87999999999	-17526.645	0.0	0.0	0.0	0.0	0.0	0.0	0.0	0.0	0.0	0.0	0.0	0.0	0.0	0.0	146.0	0.0	0.053344590000000004	-0.100768785	1.002866085	-0.9156	3.8607799999999997	-0.3815	3212796.0	1776544815.50036	0.0	1.0	-1.0	-1.0	-1.0	-1.0	-1.0	-1.0	-1.0	-1.0	0.0	marker	opened-hand	Open	15	0418
-66780.72	-53589.869999999995	-102838.905	-17693.1	0.0	0.0	0.0	0.0	0.0	0.0	0.0	0.0	0.0	0.0	0.0	0.0	0.0	0.0	146.0	0.0	0.053344590000000004	-0.100768785	1.002866085	-0.9156	3.8607799999999997	-0.3815	3212797.0	1776544815.504469	0.0	1.0	-1.0	-1.0	-1.0	-1.0	-1.0	-1.0	-1.0	-1.0	0.0	marker	opened-hand	Open	15	0418
-66959.415	-53598.195	-103208.48999999999	-18056.295	0.0	0.0	0.0	0.0	0.0	0.0	0.0	0.0	0.0	0.0	0.0	0.0	0.0	0.0	146.0	0.0	0.053344590000000004	-0.100768785	1.002866085	-0.9156	3.8607799999999997	-0.3815	3212798.0	1776544815.504495	0.0	1.0	-1.0	-1.0	-1.0	-1.0	-1.0	-1.0	-1.0	-1.0	0.0	marker	opened-hand	Open	15	0418
-66931.38	-53588.655	-103218.345	-18091.844999999998	0.0	0.0	0.0	0.0	0.0	0.0	0.0	0.0	0.0	0.0	0.0	0.0	0.0	0.0	146.0	0.0	0.04736316	-0.110534385	1.009946145	1.11398	3.25038	-1.5412599999999999	3212799.0	1776544815.508443	0.0	1.0	-1.0	-1.0	-1.0	-1.0	-1.0	-1.0	-1.0	-1.0	0.0	marker	opened-hand	Open	15	0418
-66770.55	-53569.89	-103106.87999999999	-17952.3	0.0	0.0	0.0	0.0	0.0	0.0	0.0	0.0	0.0	0.0	0.0	0.0	0.0	0.0	146.0	0.0	0.04736316	-0.110534385	1.009946145	1.11398	3.25038	-1.5412599999999999	3212800.0	1776544815.508457	0.0	1.0	-1.0	-1.0	-1.0	-1.0	-1.0	-1.0	-1.0	-1.0	0.0	marker	opened-hand	Open	15	0418
-66774.42	-53575.064999999995	-103103.81999999999	-17943.434999999998	0.0	0.0	0.0	0.0	0.0	0.0	0.0	0.0	0.0	0.0	0.0	0.0	0.0	0.0	146.0	0.0	0.04736316	-0.110534385	1.009946145	1.11398	3.25038	-1.5412599999999999	3212801.0	1776544815.512363	0.0	1.0	-1.0	-1.0	-1.0	-1.0	-1.0	-1.0	-1.0	-1.0	0.0	marker	opened-hand	Open	15	0418
-66942.405	-53592.615	-103157.81999999999	-18020.969999999998	0.0	0.0	0.0	0.0	0.0	0.0	0.0	0.0	0.0	0.0	0.0	0.0	0.0	0.0	146.0	0.0	0.04736316	-0.110534385	1.009946145	1.11398	3.25038	-1.5412599999999999	3212802.0	1776544815.512378	0.0	1.0	-1.0	-1.0	-1.0	-1.0	-1.0	-1.0	-1.0	-1.0	0.0	marker	opened-hand	Open	15	0418
-66936.23999999999	-53611.515	-103151.025	-18058.23	0.0	0.0	0.0	0.0	0.0	0.0	0.0	0.0	0.0	0.0	0.0	0.0	0.0	0.0	146.0	0.0	0.04736316	-0.110534385	1.009946145	1.11398	3.25038	-1.5412599999999999	3212803.0	1776544815.516552	0.0	1.0	-1.0	-1.0	-1.0	-1.0	-1.0	-1.0	-1.0	-1.0	0.0	marker	opened-hand	Open	15	0418
-66834.765	-53606.564999999995	-103064.355	-17980.965	0.0	0.0	0.0	0.0	0.0	0.0	0.0	0.0	0.0	0.0	0.0	0.0	0.0	0.0	146.0	0.0	0.04736316	-0.110534385	1.009946145	1.11398	3.25038	-1.5412599999999999	3212804.0	1776544815.516577	0.0	1.0	-1.0	-1.0	-1.0	-1.0	-1.0	-1.0	-1.0	-1.0	0.0	marker	opened-hand	Open	15	0418
-66729.015	-53585.82	-102859.65	-17823.78	0.0	0.0	0.0	0.0	0.0	0.0	0.0	0.0	0.0	0.0	0.0	0.0	0.0	0.0	146.0	0.0	0.04736316	-0.110534385	1.009946145	1.11398	3.25038	-1.5412599999999999	3212805.0	1776544815.520468	0.0	1.0	-1.0	-1.0	-1.0	-1.0	-1.0	-1.0	-1.0	-1.0	0.0	marker	opened-hand	Open	15	0418
-66737.79	-53583.345	-102955.36499999999	-17874.135	0.0	0.0	0.0	0.0	0.0	0.0	0.0	0.0	0.0	0.0	0.0	0.0	0.0	0.0	146.0	0.0	0.04736316	-0.110534385	1.009946145	1.11398	3.25038	-1.5412599999999999	3212806.0	1776544815.520489	0.0	1.0	-1.0	-1.0	-1.0	-1.0	-1.0	-1.0	-1.0	-1.0	0.0	marker	opened-hand	Open	15	0418
-66718.215	-53576.145	-103027.905	-17882.055	0.0	0.0	0.0	0.0	0.0	0.0	0.0	0.0	0.0	0.0	0.0	0.0	0.0	0.0	146.0	0.0	0.04736316	-0.110534385	1.009946145	1.11398	3.25038	-1.5412599999999999	3212807.0	1776544815.524498	0.0	1.0	-1.0	-1.0	-1.0	-1.0	-1.0	-1.0	-1.0	-1.0	0.0	marker	opened-hand	Open	15	0418
-66550.59	-53543.34	-102806.28	-17627.399999999998	0.0	0.0	0.0	0.0	0.0	0.0	0.0	0.0	0.0	0.0	0.0	0.0	0.0	0.0	146.0	0.0	0.04736316	-0.110534385	1.009946145	1.11398	3.25038	-1.5412599999999999	3212808.0	1776544815.52451	0.0	1.0	-1.0	-1.0	-1.0	-1.0	-1.0	-1.0	-1.0	-1.0	0.0	marker	opened-hand	Open	15	0418
-66548.88	-53528.939999999995	-102780.855	-17572.364999999998	0.0	0.0	0.0	0.0	0.0	0.0	0.0	0.0	0.0	0.0	0.0	0.0	0.0	0.0	146.0	0.0	0.04553211	-0.11071749	1.01757552	1.49548	2.53316	-1.0682	3212809.0	1776544815.528457	0.0	1.0	-1.0	-1.0	-1.0	-1.0	-1.0	-1.0	-1.0	-1.0	0.0	marker	opened-hand	Open	15	0418
-66742.33499999999	-53536.68	-102977.595	-17824.545	0.0	0.0	0.0	0.0	0.0	0.0	0.0	0.0	0.0	0.0	0.0	0.0	0.0	0.0	146.0	0.0	0.04553211	-0.11071749	1.01757552	1.49548	2.53316	-1.0682	3212810.0	1776544815.528468	0.0	1.0	-1.0	-1.0	-1.0	-1.0	-1.0	-1.0	-1.0	-1.0	0.0	marker	opened-hand	Open	15	0418
-66862.305	-53544.015	-103074.25499999999	-17974.575	0.0	0.0	0.0	0.0	0.0	0.0	0.0	0.0	0.0	0.0	0.0	0.0	0.0	0.0	146.0	0.0	0.04553211	-0.11071749	1.01757552	1.49548	2.53316	-1.0682	3212811.0	1776544815.532433	0.0	1.0	-1.0	-1.0	-1.0	-1.0	-1.0	-1.0	-1.0	-1.0	0.0	marker	opened-hand	Open	15	0418
-66859.155	-53551.439999999995	-103071.59999999999	-17984.295	0.0	0.0	0.0	0.0	0.0	0.0	0.0	0.0	0.0	0.0	0.0	0.0	0.0	0.0	146.0	0.0	0.04553211	-0.11071749	1.01757552	1.49548	2.53316	-1.0682	3212812.0	1776544815.532445	0.0	1.0	-1.0	-1.0	-1.0	-1.0	-1.0	-1.0	-1.0	-1.0	0.0	marker	opened-hand	Open	15	0418
-66762.94499999999	-53547.435	-102977.37	-17841.239999999998	0.0	0.0	0.0	0.0	0.0	0.0	0.0	0.0	0.0	0.0	0.0	0.0	0.0	0.0	146.0	0.0	0.04553211	-0.11071749	1.01757552	1.49548	2.53316	-1.0682	3212813.0	1776544815.536558	0.0	1.0	-1.0	-1.0	-1.0	-1.0	-1.0	-1.0	-1.0	-1.0	0.0	marker	opened-hand	Open	15	0418
-67069.215	-53556.21	-103161.915	-18018.27	0.0	0.0	0.0	0.0	0.0	0.0	0.0	0.0	0.0	0.0	0.0	0.0	0.0	0.0	146.0	0.0	0.04553211	-0.11071749	1.01757552	1.49548	2.53316	-1.0682	3212814.0	1776544815.53658	0.0	1.0	-1.0	-1.0	-1.0	-1.0	-1.0	-1.0	-1.0	-1.0	0.0	marker	opened-hand	Open	15	0418
-67031.64	-53540.369999999995	-103123.26	-17979.704999999998	0.0	0.0	0.0	0.0	0.0	0.0	0.0	0.0	0.0	0.0	0.0	0.0	0.0	0.0	146.0	0.0	0.04553211	-0.11071749	1.01757552	1.49548	2.53316	-1.0682	3212815.0	1776544815.542716	0.0	1.0	-1.0	-1.0	-1.0	-1.0	-1.0	-1.0	-1.0	-1.0	0.0	marker	opened-hand	Open	15	0418
-66590.775	-53509.59	-102933.26999999999	-17813.34	0.0	0.0	0.0	0.0	0.0	0.0	0.0	0.0	0.0	0.0	0.0	0.0	0.0	0.0	146.0	0.0	0.04553211	-0.11071749	1.01757552	1.49548	2.53316	-1.0682	3212816.0	1776544815.54276	0.0	1.0	-1.0	-1.0	-1.0	-1.0	-1.0	-1.0	-1.0	-1.0	0.0	marker	opened-hand	Open	15	0418
-66508.83	-53502.704999999994	-102811.68	-17700.704999999998	0.0	0.0	0.0	0.0	0.0	0.0	0.0	0.0	0.0	0.0	0.0	0.0	0.0	0.0	146.0	0.0	0.04553211	-0.11071749	1.01757552	1.49548	2.53316	-1.0682	3212817.0	1776544815.545707	0.0	1.0	-1.0	-1.0	-1.0	-1.0	-1.0	-1.0	-1.0	-1.0	0.0	marker	opened-hand	Open	15	0418
-66595.5	-53505.18	-102814.56	-17673.704999999998	0.0	0.0	0.0	0.0	0.0	0.0	0.0	0.0	0.0	0.0	0.0	0.0	0.0	0.0	146.0	0.0	0.04553211	-0.11071749	1.01757552	1.49548	2.53316	-1.0682	3212818.0	1776544815.545738	0.0	1.0	-1.0	-1.0	-1.0	-1.0	-1.0	-1.0	-1.0	-1.0	0.0	marker	opened-hand	Open	15	0418
-66873.87	-53525.564999999995	-103061.34	-17916.614999999998	0.0	0.0	0.0	0.0	0.0	0.0	0.0	0.0	0.0	0.0	0.0	0.0	0.0	0.0	146.0	0.0	0.040466205	-0.109191615	1.021054515	1.63282	2.07536	-1.1444999999999999	3212819.0	1776544815.548826	0.0	1.0	-1.0	-1.0	-1.0	-1.0	-1.0	-1.0	-1.0	-1.0	0.0	marker	opened-hand	Open	15	0418
-66953.97	-53543.43	-103185.855	-18064.305	0.0	0.0	0.0	0.0	0.0	0.0	0.0	0.0	0.0	0.0	0.0	0.0	0.0	0.0	146.0	0.0	0.040466205	-0.109191615	1.021054515	1.63282	2.07536	-1.1444999999999999	3212820.0	1776544815.548847	0.0	1.0	-1.0	-1.0	-1.0	-1.0	-1.0	-1.0	-1.0	-1.0	0.0	marker	opened-hand	Open	15	0418
-66901.995	-53556.39	-103232.295	-18120.015	0.0	0.0	0.0	0.0	0.0	0.0	0.0	0.0	0.0	0.0	0.0	0.0	0.0	0.0	146.0	0.0	0.040466205	-0.109191615	1.021054515	1.63282	2.07536	-1.1444999999999999	3212821.0	1776544815.552708	0.0	1.0	-1.0	-1.0	-1.0	-1.0	-1.0	-1.0	-1.0	-1.0	0.0	marker	opened-hand	Open	15	0418
-66912.795	-53554.14	-103222.62	-18081.989999999998	0.0	0.0	0.0	0.0	0.0	0.0	0.0	0.0	0.0	0.0	0.0	0.0	0.0	0.0	146.0	0.0	0.040466205	-0.109191615	1.021054515	1.63282	2.07536	-1.1444999999999999	3212822.0	1776544815.552727	0.0	1.0	-1.0	-1.0	-1.0	-1.0	-1.0	-1.0	-1.0	-1.0	0.0	marker	opened-hand	Open	15	0418
-66872.52	-53536.005	-103156.92	-18016.739999999998	0.0	0.0	0.0	0.0	0.0	0.0	0.0	0.0	0.0	0.0	0.0	0.0	0.0	0.0	146.0	0.0	0.040466205	-0.109191615	1.021054515	1.63282	2.07536	-1.1444999999999999	3212823.0	1776544815.556628	0.0	1.0	-1.0	-1.0	-1.0	-1.0	-1.0	-1.0	-1.0	-1.0	0.0	marker	opened-hand	Open	15	0418
-66891.555	-53521.784999999996	-103099.275	-17963.28	0.0	0.0	0.0	0.0	0.0	0.0	0.0	0.0	0.0	0.0	0.0	0.0	0.0	0.0	146.0	0.0	0.040466205	-0.109191615	1.021054515	1.63282	2.07536	-1.1444999999999999	3212824.0	1776544815.556656	0.0	1.0	-1.0	-1.0	-1.0	-1.0	-1.0	-1.0	-1.0	-1.0	0.0	marker	opened-hand	Open	15	0418
-66819.59999999999	-53513.82	-102930.165	-17819.505	0.0	0.0	0.0	0.0	0.0	0.0	0.0	0.0	0.0	0.0	0.0	0.0	0.0	0.0	146.0	0.0	0.040466205	-0.109191615	1.021054515	1.63282	2.07536	-1.1444999999999999	3212825.0	1776544815.560533	0.0	1.0	-1.0	-1.0	-1.0	-1.0	-1.0	-1.0	-1.0	-1.0	0.0	marker	opened-hand	Open	15	0418
-66455.55	-53451.36	-102636.58499999999	-17516.565	0.0	0.0	0.0	0.0	0.0	0.0	0.0	0.0	0.0	0.0	0.0	0.0	0.0	0.0	146.0	0.0	0.040466205	-0.109191615	1.021054515	1.63282	2.07536	-1.1444999999999999	3212826.0	1776544815.560549	0.0	1.0	-1.0	-1.0	-1.0	-1.0	-1.0	-1.0	-1.0	-1.0	0.0	marker	opened-hand	Open	15	0418
-66584.25	-53370.854999999996	-102797.50499999999	-17653.77	0.0	0.0	0.0	0.0	0.0	0.0	0.0	0.0	0.0	0.0	0.0	0.0	0.0	0.0	146.0	0.0	0.040466205	-0.109191615	1.021054515	1.63282	2.07536	-1.1444999999999999	3212827.0	1776544815.565279	0.0	1.0	-1.0	-1.0	-1.0	-1.0	-1.0	-1.0	-1.0	-1.0	0.0	marker	opened-hand	Open	15	0418
-67026.19499999999	-53387.009999999995	-103145.67	-17982.045	0.0	0.0	0.0	0.0	0.0	0.0	0.0	0.0	0.0	0.0	0.0	0.0	0.0	0.0	146.0	0.0	0.040466205	-0.109191615	1.021054515	1.63282	2.07536	-1.1444999999999999	3212828.0	1776544815.565308	0.0	1.0	-1.0	-1.0	-1.0	-1.0	-1.0	-1.0	-1.0	-1.0	0.0	marker	opened-hand	Open	15	0418
-66990.735	-53400.15	-103216.995	-18081.675	0.0	0.0	0.0	0.0	0.0	0.0	0.0	0.0	0.0	0.0	0.0	0.0	0.0	0.0	146.0	0.0	0.039855855	-0.10290501	1.021664865	-0.03052	1.1444999999999999	-0.5341	3212829.0	1776544815.572486	0.0	1.0	-1.0	-1.0	-1.0	-1.0	-1.0	-1.0	-1.0	-1.0	0.0	marker	opened-hand	Open	15	0418
-66708.27	-53390.52	-103040.415	-17882.82	0.0	0.0	0.0	0.0	0.0	0.0	0.0	0.0	0.0	0.0	0.0	0.0	0.0	0.0	146.0	0.0	0.039855855	-0.10290501	1.021664865	-0.03052	1.1444999999999999	-0.5341	3212830.0	1776544815.572512	0.0	1.0	-1.0	-1.0	-1.0	-1.0	-1.0	-1.0	-1.0	-1.0	0.0	marker	opened-hand	Open	15	0418
-66570.255	-53383.095	-102931.29	-17793.945	0.0	0.0	0.0	0.0	0.0	0.0	0.0	0.0	0.0	0.0	0.0	0.0	0.0	0.0	146.0	0.0	0.039855855	-0.10290501	1.021664865	-0.03052	1.1444999999999999	-0.5341	3212831.0	1776544815.572536	0.0	1.0	-1.0	-1.0	-1.0	-1.0	-1.0	-1.0	-1.0	-1.0	0.0	marker	opened-hand	Open	15	0418
-66675.19499999999	-53383.994999999995	-102915.135	-17785.62	0.0	0.0	0.0	0.0	0.0	0.0	0.0	0.0	0.0	0.0	0.0	0.0	0.0	0.0	146.0	0.0	0.039855855	-0.10290501	1.021664865	-0.03052	1.1444999999999999	-0.5341	3212832.0	1776544815.572547	0.0	1.0	-1.0	-1.0	-1.0	-1.0	-1.0	-1.0	-1.0	-1.0	0.0	marker	opened-hand	Open	15	0418
-66761.055	-53377.74	-102988.89	-17874.989999999998	0.0	0.0	0.0	0.0	0.0	0.0	0.0	0.0	0.0	0.0	0.0	0.0	0.0	0.0	146.0	0.0	0.039855855	-0.10290501	1.021664865	-0.03052	1.1444999999999999	-0.5341	3212833.0	1776544815.57684	0.0	1.0	-1.0	-1.0	-1.0	-1.0	-1.0	-1.0	-1.0	-1.0	0.0	marker	opened-hand	Open	15	0418
-66897.36	-53383.275	-103140.855	-18055.665	0.0	0.0	0.0	0.0	0.0	0.0	0.0	0.0	0.0	0.0	0.0	0.0	0.0	0.0	146.13793103448276	0.0	0.039855855	-0.10290501	1.021664865	-0.03052	1.1444999999999999	-0.5341	3212834.0	1776544815.576864	0.0	1.0	-1.0	-1.0	-1.0	-1.0	-1.0	-1.0	-1.0	-1.0	0.0	marker	opened-hand	Open	15	0418
-66948.84	-53385.345	-103100.12999999999	-17967.42	0.0	0.0	0.0	0.0	0.0	0.0	0.0	0.0	0.0	0.0	0.0	0.0	0.0	0.0	146.13793103448276	0.0	0.039855855	-0.10290501	1.021664865	-0.03052	1.1444999999999999	-0.5341	3212835.0	1776544815.580825	0.0	1.0	-1.0	-1.0	-1.0	-1.0	-1.0	-1.0	-1.0	-1.0	0.0	marker	opened-hand	Open	15	0418
-66888.22499999999	-53395.244999999995	-103099.455	-17923.454999999998	0.0	0.0	0.0	0.0	0.0	0.0	0.0	0.0	0.0	0.0	0.0	0.0	0.0	0.0	146.13793103448276	0.0	0.039855855	-0.10290501	1.021664865	-0.03052	1.1444999999999999	-0.5341	3212836.0	1776544815.580854	0.0	1.0	-1.0	-1.0	-1.0	-1.0	-1.0	-1.0	-1.0	-1.0	0.0	marker	opened-hand	Open	15	0418
-66733.73999999999	-53396.954999999994	-103057.515	-17920.53	0.0	0.0	0.0	0.0	0.0	0.0	0.0	0.0	0.0	0.0	0.0	0.0	0.0	0.0	146.13793103448276	0.0	0.039855855	-0.10290501	1.021664865	-0.03052	1.1444999999999999	-0.5341	3212837.0	1776544815.584861	0.0	1.0	-1.0	-1.0	-1.0	-1.0	-1.0	-1.0	-1.0	-1.0	0.0	marker	opened-hand	Open	15	0418
-66579.56999999999	-53394.165	-102838.00499999999	-17709.795	0.0	0.0	0.0	0.0	0.0	0.0	0.0	0.0	0.0	0.0	0.0	0.0	0.0	0.0	146.13793103448276	0.0	0.039855855	-0.10290501	1.021664865	-0.03052	1.1444999999999999	-0.5341	3212838.0	1776544815.584884	0.0	1.0	-1.0	-1.0	-1.0	-1.0	-1.0	-1.0	-1.0	-1.0	0.0	marker	opened-hand	Open	15	0418
-66707.55	-53405.505	-102875.48999999999	-17729.055	0.0	0.0	0.0	0.0	0.0	0.0	0.0	0.0	0.0	0.0	0.0	0.0	0.0	0.0	146.13793103448276	0.0	0.037719630000000004	-0.098937735	1.026669735	-0.33571999999999996	-0.44254	-0.25942	3212839.0	1776544815.588455	0.0	1.0	-1.0	-1.0	-1.0	-1.0	-1.0	-1.0	-1.0	-1.0	0.0	marker	opened-hand	Open	15	0418
-66758.44499999999	-53406.314999999995	-102956.48999999999	-17853.66	0.0	0.0	0.0	0.0	0.0	0.0	0.0	0.0	0.0	0.0	0.0	0.0	0.0	0.0	146.13793103448276	0.0	0.037719630000000004	-0.098937735	1.026669735	-0.33571999999999996	-0.44254	-0.25942	3212840.0	1776544815.588473	0.0	1.0	-1.0	-1.0	-1.0	-1.0	-1.0	-1.0	-1.0	-1.0	0.0	marker	opened-hand	Open	15	0418
-66760.515	-53400.78	-103009.905	-17877.42	0.0	0.0	0.0	0.0	0.0	0.0	0.0	0.0	0.0	0.0	0.0	0.0	0.0	0.0	146.13793103448276	0.0	0.037719630000000004	-0.098937735	1.026669735	-0.33571999999999996	-0.44254	-0.25942	3212841.0	1776544815.594089	0.0	1.0	-1.0	-1.0	-1.0	-1.0	-1.0	-1.0	-1.0	-1.0	0.0	marker	opened-hand	Open	15	0418
-66759.56999999999	-53393.579999999994	-103050.54	-17932.59	0.0	0.0	0.0	0.0	0.0	0.0	0.0	0.0	0.0	0.0	0.0	0.0	0.0	0.0	146.13793103448276	0.0	0.037719630000000004	-0.098937735	1.026669735	-0.33571999999999996	-0.44254	-0.25942	3212842.0	1776544815.594107	0.0	1.0	-1.0	-1.0	-1.0	-1.0	-1.0	-1.0	-1.0	-1.0	0.0	marker	opened-hand	Open	15	0418
-66856.36499999999	-53402.265	-103054.185	-17917.245	0.0	0.0	0.0	0.0	0.0	0.0	0.0	0.0	0.0	0.0	0.0	0.0	0.0	0.0	146.13793103448276	0.0	0.037719630000000004	-0.098937735	1.026669735	-0.33571999999999996	-0.44254	-0.25942	3212843.0	1776544815.694441	0.0	1.0	-1.0	-1.0	-1.0	-1.0	-1.0	-1.0	-1.0	-1.0	0.0	marker	opened-hand	Open	15	0418
-66956.625	-53420.49	-103123.39499999999	-17925.84	0.0	0.0	0.0	0.0	0.0	0.0	0.0	0.0	0.0	0.0	0.0	0.0	0.0	0.0	146.13793103448276	0.0	0.037719630000000004	-0.098937735	1.026669735	-0.33571999999999996	-0.44254	-0.25942	3212844.0	1776544815.694466	0.0	1.0	-1.0	-1.0	-1.0	-1.0	-1.0	-1.0	-1.0	-1.0	0.0	marker	opened-hand	Open	15	0418
-66923.86499999999	-53426.79	-103064.12999999999	-17918.055	0.0	0.0	0.0	0.0	0.0	0.0	0.0	0.0	0.0	0.0	0.0	0.0	0.0	0.0	146.13793103448276	0.0	0.037719630000000004	-0.098937735	1.026669735	-0.33571999999999996	-0.44254	-0.25942	3212845.0	1776544815.694538	0.0	1.0	-1.0	-1.0	-1.0	-1.0	-1.0	-1.0	-1.0	-1.0	0.0	marker	opened-hand	Open	15	0418
-66602.06999999999	-53412.299999999996	-102795.39	-17698.454999999998	0.0	0.0	0.0	0.0	0.0	0.0	0.0	0.0	0.0	0.0	0.0	0.0	0.0	0.0	146.13793103448276	0.0	0.037719630000000004	-0.098937735	1.026669735	-0.33571999999999996	-0.44254	-0.25942	3212846.0	1776544815.694545	0.0	1.0	-1.0	-1.0	-1.0	-1.0	-1.0	-1.0	-1.0	-1.0	0.0	marker	opened-hand	Open	15	0418
-66380.76	-53398.979999999996	-102663.09	-17552.655	0.0	0.0	0.0	0.0	0.0	0.0	0.0	0.0	0.0	0.0	0.0	0.0	0.0	0.0	146.13793103448276	0.0	0.037719630000000004	-0.098937735	1.026669735	-0.33571999999999996	-0.44254	-0.25942	3212847.0	1776544815.694576	0.0	1.0	-1.0	-1.0	-1.0	-1.0	-1.0	-1.0	-1.0	-1.0	0.0	marker	opened-hand	Open	15	0418
-66809.11499999999	-53422.515	-102907.89	-17754.255	0.0	0.0	0.0	0.0	0.0	0.0	0.0	0.0	0.0	0.0	0.0	0.0	0.0	0.0	146.13793103448276	0.0	0.037719630000000004	-0.098937735	1.026669735	-0.33571999999999996	-0.44254	-0.25942	3212848.0	1776544815.694583	0.0	1.0	-1.0	-1.0	-1.0	-1.0	-1.0	-1.0	-1.0	-1.0	0.0	marker	opened-hand	Open	15	0418
-67133.385	-53441.505	-103298.985	-18179.325	0.0	0.0	0.0	0.0	0.0	0.0	0.0	0.0	0.0	0.0	0.0	0.0	0.0	0.0	146.13793103448276	0.0	0.042785535	-0.10314915	1.023007635	3.14356	-0.35097999999999996	-0.6714399999999999	3212849.0	1776544815.694606	0.0	1.0	-1.0	-1.0	-1.0	-1.0	-1.0	-1.0	-1.0	-1.0	0.0	marker	opened-hand	Open	15	0418
-66933.27	-53422.74	-103230.26999999999	-18153.225	0.0	0.0	0.0	0.0	0.0	0.0	0.0	0.0	0.0	0.0	0.0	0.0	0.0	0.0	146.13793103448276	0.0	0.042785535	-0.10314915	1.023007635	3.14356	-0.35097999999999996	-0.6714399999999999	3212850.0	1776544815.694613	0.0	1.0	-1.0	-1.0	-1.0	-1.0	-1.0	-1.0	-1.0	-1.0	0.0	marker	opened-hand	Open	15	0418
-66754.485	-53412.93	-103010.53499999999	-17937.989999999998	0.0	0.0	0.0	0.0	0.0	0.0	0.0	0.0	0.0	0.0	0.0	0.0	0.0	0.0	146.13793103448276	0.0	0.042785535	-0.10314915	1.023007635	3.14356	-0.35097999999999996	-0.6714399999999999	3212851.0	1776544815.694635	0.0	1.0	-1.0	-1.0	-1.0	-1.0	-1.0	-1.0	-1.0	-1.0	0.0	marker	opened-hand	Open	15	0418
-66607.69499999999	-53411.354999999996	-102782.205	-17712.54	0.0	0.0	0.0	0.0	0.0	0.0	0.0	0.0	0.0	0.0	0.0	0.0	0.0	0.0	146.13793103448276	0.0	0.042785535	-0.10314915	1.023007635	3.14356	-0.35097999999999996	-0.6714399999999999	3212852.0	1776544815.694642	0.0	1.0	-1.0	-1.0	-1.0	-1.0	-1.0	-1.0	-1.0	-1.0	0.0	marker	opened-hand	Open	15	0418
-66656.88	-53421.525	-102856.815	-17670.915	0.0	0.0	0.0	0.0	0.0	0.0	0.0	0.0	0.0	0.0	0.0	0.0	0.0	0.0	146.13793103448276	0.0	0.042785535	-0.10314915	1.023007635	3.14356	-0.35097999999999996	-0.6714399999999999	3212853.0	1776544815.694651	0.0	1.0	-1.0	-1.0	-1.0	-1.0	-1.0	-1.0	-1.0	-1.0	0.0	marker	opened-hand	Open	15	0418
-66784.275	-53443.619999999995	-103121.73	-17900.505	0.0	0.0	0.0	0.0	0.0	0.0	0.0	0.0	0.0	0.0	0.0	0.0	0.0	0.0	146.13793103448276	0.0	0.042785535	-0.10314915	1.023007635	3.14356	-0.35097999999999996	-0.6714399999999999	3212854.0	1776544815.694658	0.0	1.0	-1.0	-1.0	-1.0	-1.0	-1.0	-1.0	-1.0	-1.0	0.0	marker	opened-hand	Open	15	0418
-66975.255	-53454.329999999994	-103234.31999999999	-18085.14	0.0	0.0	0.0	0.0	0.0	0.0	0.0	0.0	0.0	0.0	0.0	0.0	0.0	0.0	146.13793103448276	0.0	0.042785535	-0.10314915	1.023007635	3.14356	-0.35097999999999996	-0.6714399999999999	3212855.0	1776544815.694666	0.0	1.0	-1.0	-1.0	-1.0	-1.0	-1.0	-1.0	-1.0	-1.0	0.0	marker	opened-hand	Open	15	0418
-66906.27	-53438.805	-103154.58	-18037.844999999998	0.0	0.0	0.0	0.0	0.0	0.0	0.0	0.0	0.0	0.0	0.0	0.0	0.0	0.0	146.13793103448276	0.0	0.042785535	-0.10314915	1.023007635	3.14356	-0.35097999999999996	-0.6714399999999999	3212856.0	1776544815.694673	0.0	1.0	-1.0	-1.0	-1.0	-1.0	-1.0	-1.0	-1.0	-1.0	0.0	marker	opened-hand	Open	15	0418
-66674.295	-53409.509999999995	-102930.345	-17816.04	0.0	0.0	0.0	0.0	0.0	0.0	0.0	0.0	0.0	0.0	0.0	0.0	0.0	0.0	146.13793103448276	0.0	0.042785535	-0.10314915	1.023007635	3.14356	-0.35097999999999996	-0.6714399999999999	3212857.0	1776544815.694681	0.0	1.0	-1.0	-1.0	-1.0	-1.0	-1.0	-1.0	-1.0	-1.0	0.0	marker	opened-hand	Open	15	0418
-66761.86499999999	-53417.34	-103059.315	-17889.84	0.0	0.0	0.0	0.0	0.0	0.0	0.0	0.0	0.0	0.0	0.0	0.0	0.0	0.0	146.13793103448276	0.0	0.042785535	-0.10314915	1.023007635	3.14356	-0.35097999999999996	-0.6714399999999999	3212858.0	1776544815.694711	0.0	1.0	-1.0	-1.0	-1.0	-1.0	-1.0	-1.0	-1.0	-1.0	0.0	marker	opened-hand	Open	15	0418
-66723.345	-53425.17	-103015.62	-17865.45	0.0	0.0	0.0	0.0	0.0	0.0	0.0	0.0	0.0	0.0	0.0	0.0	0.0	0.0	146.13793103448276	0.0	0.04724109	-0.109435755	1.01904036	3.815	-0.65618	-0.07629999999999999	3212859.0	1776544815.694723	0.0	1.0	-1.0	-1.0	-1.0	-1.0	-1.0	-1.0	-1.0	-1.0	0.0	marker	opened-hand	Open	15	0418
-66567.78	-53415.314999999995	-102695.22	-17609.22	0.0	0.0	0.0	0.0	0.0	0.0	0.0	0.0	0.0	0.0	0.0	0.0	0.0	0.0	146.13793103448276	0.0	0.04724109	-0.109435755	1.01904036	3.815	-0.65618	-0.07629999999999999	3212860.0	1776544815.694729	0.0	1.0	-1.0	-1.0	-1.0	-1.0	-1.0	-1.0	-1.0	-1.0	0.0	marker	opened-hand	Open	15	0418
-66783.465	-53438.445	-102912.61499999999	-17737.605	0.0	0.0	0.0	0.0	0.0	0.0	0.0	0.0	0.0	0.0	0.0	0.0	0.0	0.0	146.13793103448276	0.0	0.04724109	-0.109435755	1.01904036	3.815	-0.65618	-0.07629999999999999	3212861.0	1776544815.694737	0.0	1.0	-1.0	-1.0	-1.0	-1.0	-1.0	-1.0	-1.0	-1.0	0.0	marker	opened-hand	Open	15	0418
-66841.33499999999	-53453.204999999994	-103113.72	-17942.895	0.0	0.0	0.0	0.0	0.0	0.0	0.0	0.0	0.0	0.0	0.0	0.0	0.0	0.0	146.13793103448276	0.0	0.04724109	-0.109435755	1.01904036	3.815	-0.65618	-0.07629999999999999	3212862.0	1776544815.694744	0.0	1.0	-1.0	-1.0	-1.0	-1.0	-1.0	-1.0	-1.0	-1.0	0.0	marker	opened-hand	Open	15	0418
-66686.895	-53415.18	-102915.495	-17797.41	0.0	0.0	0.0	0.0	0.0	0.0	0.0	0.0	0.0	0.0	0.0	0.0	0.0	0.0	146.13793103448276	0.0	0.04724109	-0.109435755	1.01904036	3.815	-0.65618	-0.07629999999999999	3212863.0	1776544815.694753	0.0	1.0	-1.0	-1.0	-1.0	-1.0	-1.0	-1.0	-1.0	-1.0	0.0	marker	opened-hand	Open	15	0418
-66706.02	-53398.17	-102838.14	-17731.035	0.0	0.0	0.0	0.0	0.0	0.0	0.0	0.0	0.0	0.0	0.0	0.0	0.0	0.0	146.13793103448276	0.0	0.04724109	-0.109435755	1.01904036	3.815	-0.65618	-0.07629999999999999	3212864.0	1776544815.694759	0.0	1.0	-1.0	-1.0	-1.0	-1.0	-1.0	-1.0	-1.0	-1.0	0.0	marker	opened-hand	Open	15	0418
-66750.39	-53395.11	-102885.61499999999	-17754.255	0.0	0.0	0.0	0.0	0.0	0.0	0.0	0.0	0.0	0.0	0.0	0.0	0.0	0.0	146.13793103448276	0.0	0.04724109	-0.109435755	1.01904036	3.815	-0.65618	-0.07629999999999999	3212865.0	1776544815.694767	0.0	1.0	-1.0	-1.0	-1.0	-1.0	-1.0	-1.0	-1.0	-1.0	0.0	marker	opened-hand	Open	15	0418
-66878.145	-53401.454999999994	-103139.28	-17993.024999999998	0.0	0.0	0.0	0.0	0.0	0.0	0.0	0.0	0.0	0.0	0.0	0.0	0.0	0.0	146.13793103448276	0.0	0.04724109	-0.109435755	1.01904036	3.815	-0.65618	-0.07629999999999999	3212866.0	1776544815.694774	0.0	1.0	-1.0	-1.0	-1.0	-1.0	-1.0	-1.0	-1.0	-1.0	0.0	marker	opened-hand	Open	15	0418
-66966.56999999999	-53416.979999999996	-103321.305	-18206.73	0.0	0.0	0.0	0.0	0.0	0.0	0.0	0.0	0.0	0.0	0.0	0.0	0.0	0.0	146.13793103448276	0.0	0.04724109	-0.109435755	1.01904036	3.815	-0.65618	-0.07629999999999999	3212867.0	1776544815.694782	0.0	1.0	-1.0	-1.0	-1.0	-1.0	-1.0	-1.0	-1.0	-1.0	0.0	marker	opened-hand	Open	15	0418
-66969.9	-53422.2	-103237.33499999999	-18122.67	0.0	0.0	0.0	0.0	0.0	0.0	0.0	0.0	0.0	0.0	0.0	0.0	0.0	0.0	146.13793103448276	0.0	0.04724109	-0.109435755	1.01904036	3.815	-0.65618	-0.07629999999999999	3212868.0	1776544815.694789	0.0	1.0	-1.0	-1.0	-1.0	-1.0	-1.0	-1.0	-1.0	-1.0	0.0	marker	opened-hand	Open	15	0418
-66902.355	-53418.555	-103089.465	-17948.79	0.0	0.0	0.0	0.0	0.0	0.0	0.0	0.0	0.0	0.0	0.0	0.0	0.0	0.0	146.13793103448276	0.0	0.043273815	-0.10949679	1.015805505	2.9604399999999997	-0.51884	-0.97664	3212869.0	1776544815.694797	0.0	1.0	-1.0	-1.0	-1.0	-1.0	-1.0	-1.0	-1.0	-1.0	0.0	marker	opened-hand	Open	15	0418
-66829.455	-53425.215	-103008.33	-17880.12	0.0	0.0	0.0	0.0	0.0	0.0	0.0	0.0	0.0	0.0	0.0	0.0	0.0	0.0	146.13793103448276	0.0	0.043273815	-0.10949679	1.015805505	2.9604399999999997	-0.51884	-0.97664	3212870.0	1776544815.694803	0.0	1.0	-1.0	-1.0	-1.0	-1.0	-1.0	-1.0	-1.0	-1.0	0.0	marker	opened-hand	Open	15	0418
-66707.37	-53427.555	-103005.72	-17886.42	0.0	0.0	0.0	0.0	0.0	0.0	0.0	0.0	0.0	0.0	0.0	0.0	0.0	0.0	146.13793103448276	0.0	0.043273815	-0.10949679	1.015805505	2.9604399999999997	-0.51884	-0.97664	3212871.0	1776544815.694812	0.0	1.0	-1.0	-1.0	-1.0	-1.0	-1.0	-1.0	-1.0	-1.0	0.0	marker	opened-hand	Open	15	0418
-66803.22	-53437.409999999996	-103078.17	-17983.35	0.0	0.0	0.0	0.0	0.0	0.0	0.0	0.0	0.0	0.0	0.0	0.0	0.0	0.0	146.13793103448276	0.0	0.043273815	-0.10949679	1.015805505	2.9604399999999997	-0.51884	-0.97664	3212872.0	1776544815.694818	0.0	1.0	-1.0	-1.0	-1.0	-1.0	-1.0	-1.0	-1.0	-1.0	0.0	marker	opened-hand	Open	15	0418
-66712.31999999999	-53431.155	-102949.01999999999	-17835.93	0.0	0.0	0.0	0.0	0.0	0.0	0.0	0.0	0.0	0.0	0.0	0.0	0.0	0.0	146.13793103448276	0.0	0.043273815	-0.10949679	1.015805505	2.9604399999999997	-0.51884	-0.97664	3212873.0	1776544815.694826	0.0	1.0	-1.0	-1.0	-1.0	-1.0	-1.0	-1.0	-1.0	-1.0	0.0	marker	opened-hand	Open	15	0418
-66745.035	-53436.015	-103016.745	-17856.0	0.0	0.0	0.0	0.0	0.0	0.0	0.0	0.0	0.0	0.0	0.0	0.0	0.0	0.0	146.13793103448276	0.0	0.043273815	-0.10949679	1.015805505	2.9604399999999997	-0.51884	-0.97664	3212874.0	1776544815.694832	0.0	1.0	-1.0	-1.0	-1.0	-1.0	-1.0	-1.0	-1.0	-1.0	0.0	marker	opened-hand	Open	15	0418
-66889.17	-53438.985	-103085.775	-17963.73	0.0	0.0	0.0	0.0	0.0	0.0	0.0	0.0	0.0	0.0	0.0	0.0	0.0	0.0	146.13793103448276	0.0	0.043273815	-0.10949679	1.015805505	2.9604399999999997	-0.51884	-0.97664	3212875.0	1776544815.69484	0.0	1.0	-1.0	-1.0	-1.0	-1.0	-1.0	-1.0	-1.0	-1.0	0.0	marker	opened-hand	Open	15	0418
-66868.065	-53447.534999999996	-103086.855	-17972.82	0.0	0.0	0.0	0.0	0.0	0.0	0.0	0.0	0.0	0.0	0.0	0.0	0.0	0.0	146.13793103448276	0.0	0.043273815	-0.10949679	1.015805505	2.9604399999999997	-0.51884	-0.97664	3212876.0	1776544815.694846	0.0	1.0	-1.0	-1.0	-1.0	-1.0	-1.0	-1.0	-1.0	-1.0	0.0	marker	opened-hand	Open	15	0418
-66817.395	-53460.765	-103039.245	-17914.86	0.0	0.0	0.0	0.0	0.0	0.0	0.0	0.0	0.0	0.0	0.0	0.0	0.0	0.0	146.13793103448276	0.0	0.043273815	-0.10949679	1.015805505	2.9604399999999997	-0.51884	-0.97664	3212877.0	1776544815.694854	0.0	1.0	-1.0	-1.0	-1.0	-1.0	-1.0	-1.0	-1.0	-1.0	0.0	marker	opened-hand	Open	15	0418
-66755.11499999999	-53460.854999999996	-102955.545	-17828.46	0.0	0.0	0.0	0.0	0.0	0.0	0.0	0.0	0.0	0.0	0.0	0.0	0.0	0.0	146.13793103448276	0.0	0.043273815	-0.10949679	1.015805505	2.9604399999999997	-0.51884	-0.97664	3212878.0	1776544815.69486	0.0	1.0	-1.0	-1.0	-1.0	-1.0	-1.0	-1.0	-1.0	-1.0	0.0	marker	opened-hand	Open	15	0418
-66628.62	-53445.689999999995	-102806.55	-17689.095	0.0	0.0	0.0	0.0	0.0	0.0	0.0	0.0	0.0	0.0	0.0	0.0	0.0	0.0	146.13793103448276	0.0	0.04296864	-0.102355695	1.00805406	2.3042599999999998	0.3815	0.97664	3212879.0	1776544815.694868	0.0	1.0	-1.0	-1.0	-1.0	-1.0	-1.0	-1.0	-1.0	-1.0	0.0	marker	opened-hand	Open	15	0418
-66704.625	-53455.68	-102867.61499999999	-17744.895	0.0	0.0	0.0	0.0	0.0	0.0	0.0	0.0	0.0	0.0	0.0	0.0	0.0	0.0	146.13793103448276	0.0	0.04296864	-0.102355695	1.00805406	2.3042599999999998	0.3815	0.97664	3212880.0	1776544815.694875	0.0	1.0	-1.0	-1.0	-1.0	-1.0	-1.0	-1.0	-1.0	-1.0	0.0	marker	opened-hand	Open	15	0418
-66790.34999999999	-53471.97	-103016.43	-17923.454999999998	0.0	0.0	0.0	0.0	0.0	0.0	0.0	0.0	0.0	0.0	0.0	0.0	0.0	0.0	146.13793103448276	0.0	0.04296864	-0.102355695	1.00805406	2.3042599999999998	0.3815	0.97664	3212881.0	1776544815.694883	0.0	1.0	-1.0	-1.0	-1.0	-1.0	-1.0	-1.0	-1.0	-1.0	0.0	marker	opened-hand	Open	15	0418
-66756.105	-53472.645	-103040.28	-17957.16	0.0	0.0	0.0	0.0	0.0	0.0	0.0	0.0	0.0	0.0	0.0	0.0	0.0	0.0	146.13793103448276	0.0	0.04296864	-0.102355695	1.00805406	2.3042599999999998	0.3815	0.97664	3212882.0	1776544815.694889	0.0	1.0	-1.0	-1.0	-1.0	-1.0	-1.0	-1.0	-1.0	-1.0	0.0	marker	opened-hand	Open	15	0418
-66797.19	-53474.265	-103109.94	-17992.98	0.0	0.0	0.0	0.0	0.0	0.0	0.0	0.0	0.0	0.0	0.0	0.0	0.0	0.0	146.13793103448276	0.0	0.04296864	-0.102355695	1.00805406	2.3042599999999998	0.3815	0.97664	3212883.0	1776544815.694897	0.0	1.0	-1.0	-1.0	-1.0	-1.0	-1.0	-1.0	-1.0	-1.0	0.0	marker	opened-hand	Open	15	0418
-66756.375	-53459.235	-103103.01	-17927.055	0.0	0.0	0.0	0.0	0.0	0.0	0.0	0.0	0.0	0.0	0.0	0.0	0.0	0.0	146.13793103448276	0.0	0.04296864	-0.102355695	1.00805406	2.3042599999999998	0.3815	0.97664	3212884.0	1776544815.694903	0.0	1.0	-1.0	-1.0	-1.0	-1.0	-1.0	-1.0	-1.0	-1.0	0.0	marker	opened-hand	Open	15	0418
-66851.01	-53456.49	-103077.09	-17900.055	0.0	0.0	0.0	0.0	0.0	0.0	0.0	0.0	0.0	0.0	0.0	0.0	0.0	0.0	146.13793103448276	0.0	0.04296864	-0.102355695	1.00805406	2.3042599999999998	0.3815	0.97664	3212885.0	1776544815.694911	0.0	1.0	-1.0	-1.0	-1.0	-1.0	-1.0	-1.0	-1.0	-1.0	0.0	marker	opened-hand	Open	15	0418
-66828.15	-53461.799999999996	-103041.98999999999	-17898.75	0.0	0.0	0.0	0.0	0.0	0.0	0.0	0.0	0.0	0.0	0.0	0.0	0.0	0.0	146.13793103448276	0.0	0.04296864	-0.102355695	1.00805406	2.3042599999999998	0.3815	0.97664	3212886.0	1776544815.694918	0.0	1.0	-1.0	-1.0	-1.0	-1.0	-1.0	-1.0	-1.0	-1.0	0.0	marker	opened-hand	Open	15	0418
-66652.245	-53458.56	-102902.22	-17780.715	0.0	0.0	0.0	0.0	0.0	0.0	0.0	0.0	0.0	0.0	0.0	0.0	0.0	0.0	146.13793103448276	0.0	0.04296864	-0.102355695	1.00805406	2.3042599999999998	0.3815	0.97664	3212887.0	1776544815.694926	0.0	1.0	-1.0	-1.0	-1.0	-1.0	-1.0	-1.0	-1.0	-1.0	0.0	marker	opened-hand	Open	15	0418
-66641.535	-53447.085	-102881.025	-17756.37	0.0	0.0	0.0	0.0	0.0	0.0	0.0	0.0	0.0	0.0	0.0	0.0	0.0	0.0	146.13793103448276	0.0	0.04296864	-0.102355695	1.00805406	2.3042599999999998	0.3815	0.97664	3212888.0	1776544815.694932	0.0	1.0	-1.0	-1.0	-1.0	-1.0	-1.0	-1.0	-1.0	-1.0	0.0	marker	opened-hand	Open	15	0418
-66695.895	-53442.81	-102835.62	-17711.684999999998	0.0	0.0	0.0	0.0	0.0	0.0	0.0	0.0	0.0	0.0	0.0	0.0	0.0	0.0	146.13793103448276	0.0	0.0451659	-0.10436985	1.00805406	3.40298	0.6409199999999999	0.62566	3212889.0	1776544815.69494	0.0	1.0	-1.0	-1.0	-1.0	-1.0	-1.0	-1.0	-1.0	-1.0	0.0	marker	opened-hand	Open	15	0418
-66694.41	-53435.835	-102849.345	-17698.545	0.0	0.0	0.0	0.0	0.0	0.0	0.0	0.0	0.0	0.0	0.0	0.0	0.0	0.0	146.13793103448276	0.0	0.0451659	-0.10436985	1.00805406	3.40298	0.6409199999999999	0.62566	3212890.0	1776544815.694946	0.0	1.0	-1.0	-1.0	-1.0	-1.0	-1.0	-1.0	-1.0	-1.0	0.0	marker	opened-hand	Open	15	0418
-66696.61499999999	-53436.869999999995	-102914.50499999999	-17795.655	0.0	0.0	0.0	0.0	0.0	0.0	0.0	0.0	0.0	0.0	0.0	0.0	0.0	0.0	146.13793103448276	0.0	0.0451659	-0.10436985	1.00805406	3.40298	0.6409199999999999	0.62566	3212891.0	1776544815.694954	0.0	1.0	-1.0	-1.0	-1.0	-1.0	-1.0	-1.0	-1.0	-1.0	0.0	marker	opened-hand	Open	15	0418
-66805.29	-53453.34	-103012.605	-17866.98	0.0	0.0	0.0	0.0	0.0	0.0	0.0	0.0	0.0	0.0	0.0	0.0	0.0	0.0	146.13793103448276	0.0	0.0451659	-0.10436985	1.00805406	3.40298	0.6409199999999999	0.62566	3212892.0	1776544815.694961	0.0	1.0	-1.0	-1.0	-1.0	-1.0	-1.0	-1.0	-1.0	-1.0	0.0	marker	opened-hand	Open	15	0418
-66726.495	-53462.924999999996	-102985.875	-17823.645	0.0	0.0	0.0	0.0	0.0	0.0	0.0	0.0	0.0	0.0	0.0	0.0	0.0	0.0	146.13793103448276	0.0	0.0451659	-0.10436985	1.00805406	3.40298	0.6409199999999999	0.62566	3212893.0	1776544815.697221	0.0	1.0	-1.0	-1.0	-1.0	-1.0	-1.0	-1.0	-1.0	-1.0	0.0	marker	opened-hand	Open	15	0418
-66869.81999999999	-53482.095	-103179.42	-18023.219999999998	0.0	0.0	0.0	0.0	0.0	0.0	0.0	0.0	0.0	0.0	0.0	0.0	0.0	0.0	146.13793103448276	0.0	0.0451659	-0.10436985	1.00805406	3.40298	0.6409199999999999	0.62566	3212894.0	1776544815.697248	0.0	1.0	-1.0	-1.0	-1.0	-1.0	-1.0	-1.0	-1.0	-1.0	0.0	marker	opened-hand	Open	15	0418
-66910.59	-53490.195	-103201.2	-18075.915	0.0	0.0	0.0	0.0	0.0	0.0	0.0	0.0	0.0	0.0	0.0	0.0	0.0	0.0	146.13793103448276	0.0	0.0451659	-0.10436985	1.00805406	3.40298	0.6409199999999999	0.62566	3212895.0	1776544815.703197	0.0	1.0	-1.0	-1.0	-1.0	-1.0	-1.0	-1.0	-1.0	-1.0	0.0	marker	opened-hand	Open	15	0418
-66908.565	-53498.7	-103181.175	-18061.425	0.0	0.0	0.0	0.0	0.0	0.0	0.0	0.0	0.0	0.0	0.0	0.0	0.0	0.0	146.13793103448276	0.0	0.0451659	-0.10436985	1.00805406	3.40298	0.6409199999999999	0.62566	3212896.0	1776544815.703216	0.0	1.0	-1.0	-1.0	-1.0	-1.0	-1.0	-1.0	-1.0	-1.0	0.0	marker	opened-hand	Open	15	0418
-66861.18	-53500.634999999995	-103085.37	-17957.969999999998	0.0	0.0	0.0	0.0	0.0	0.0	0.0	0.0	0.0	0.0	0.0	0.0	0.0	0.0	146.13793103448276	0.0	0.0451659	-0.10436985	1.00805406	3.40298	0.6409199999999999	0.62566	3212897.0	1776544815.70505	0.0	1.0	-1.0	-1.0	-1.0	-1.0	-1.0	-1.0	-1.0	-1.0	0.0	marker	opened-hand	Open	15	0418
-66546.54	-53475.075	-102741.39	-17613.315	0.0	0.0	0.0	0.0	0.0	0.0	0.0	0.0	0.0	0.0	0.0	0.0	0.0	0.0	146.13793103448276	0.0	0.0451659	-0.10436985	1.00805406	3.40298	0.6409199999999999	0.62566	3212898.0	1776544815.705072	0.0	1.0	-1.0	-1.0	-1.0	-1.0	-1.0	-1.0	-1.0	-1.0	0.0	marker	opened-hand	Open	15	0418
-66600.27	-53481.735	-102761.685	-17622.495	0.0	0.0	0.0	0.0	0.0	0.0	0.0	0.0	0.0	0.0	0.0	0.0	0.0	0.0	146.13793103448276	0.0	0.04736316	-0.114440625	1.004452995	5.58516	1.70912	-0.54936	3212899.0	1776544815.709665	0.0	1.0	-1.0	-1.0	-1.0	-1.0	-1.0	-1.0	-1.0	-1.0	0.0	marker	opened-hand	Open	15	0418
-66671.73	-53500.905	-102836.925	-17734.725	0.0	0.0	0.0	0.0	0.0	0.0	0.0	0.0	0.0	0.0	0.0	0.0	0.0	0.0	146.13793103448276	0.0	0.04736316	-0.114440625	1.004452995	5.58516	1.70912	-0.54936	3212900.0	1776544815.709679	0.0	1.0	-1.0	-1.0	-1.0	-1.0	-1.0	-1.0	-1.0	-1.0	0.0	marker	opened-hand	Open	15	0418
-66867.20999999999	-53527.095	-103025.11499999999	-17882.1	0.0	0.0	0.0	0.0	0.0	0.0	0.0	0.0	0.0	0.0	0.0	0.0	0.0	0.0	146.13793103448276	0.0	0.04736316	-0.114440625	1.004452995	5.58516	1.70912	-0.54936	3212901.0	1776544815.713077	0.0	1.0	-1.0	-1.0	-1.0	-1.0	-1.0	-1.0	-1.0	-1.0	0.0	marker	opened-hand	Open	15	0418
-67049.19	-53555.579999999994	-103352.805	-18190.44	0.0	0.0	0.0	0.0	0.0	0.0	0.0	0.0	0.0	0.0	0.0	0.0	0.0	0.0	146.13793103448276	0.0	0.04736316	-0.114440625	1.004452995	5.58516	1.70912	-0.54936	3212902.0	1776544815.71309	0.0	1.0	-1.0	-1.0	-1.0	-1.0	-1.0	-1.0	-1.0	-1.0	0.0	marker	opened-hand	Open	15	0418
-66914.415	-53555.04	-103224.64499999999	-18079.695	0.0	0.0	0.0	0.0	0.0	0.0	0.0	0.0	0.0	0.0	0.0	0.0	0.0	0.0	146.13793103448276	0.0	0.04736316	-0.114440625	1.004452995	5.58516	1.70912	-0.54936	3212903.0	1776544815.718257	0.0	1.0	-1.0	-1.0	-1.0	-1.0	-1.0	-1.0	-1.0	-1.0	0.0	marker	opened-hand	Open	15	0418
-66774.915	-53530.02	-103040.415	-17909.82	0.0	0.0	0.0	0.0	0.0	0.0	0.0	0.0	0.0	0.0	0.0	0.0	0.0	0.0	146.13793103448276	0.0	0.04736316	-0.114440625	1.004452995	5.58516	1.70912	-0.54936	3212904.0	1776544815.718283	0.0	1.0	-1.0	-1.0	-1.0	-1.0	-1.0	-1.0	-1.0	-1.0	0.0	marker	opened-hand	Open	15	0418
-66766.995	-53516.52	-102996.98999999999	-17877.915	0.0	0.0	0.0	0.0	0.0	0.0	0.0	0.0	0.0	0.0	0.0	0.0	0.0	0.0	146.13793103448276	0.0	0.04736316	-0.114440625	1.004452995	5.58516	1.70912	-0.54936	3212905.0	1776544815.72113	0.0	1.0	-1.0	-1.0	-1.0	-1.0	-1.0	-1.0	-1.0	-1.0	0.0	marker	opened-hand	Open	15	0418
-66842.91	-53503.92	-103077.495	-17974.305	0.0	0.0	0.0	0.0	0.0	0.0	0.0	0.0	0.0	0.0	0.0	0.0	0.0	0.0	146.13793103448276	0.0	0.04736316	-0.114440625	1.004452995	5.58516	1.70912	-0.54936	3212906.0	1776544815.721152	0.0	1.0	-1.0	-1.0	-1.0	-1.0	-1.0	-1.0	-1.0	-1.0	0.0	marker	opened-hand	Open	15	0418
-66950.19	-53492.67	-103208.08499999999	-18083.52	0.0	0.0	0.0	0.0	0.0	0.0	0.0	0.0	0.0	0.0	0.0	0.0	0.0	0.0	146.13793103448276	0.0	0.04736316	-0.114440625	1.004452995	5.58516	1.70912	-0.54936	3212907.0	1776544815.728786	0.0	1.0	-1.0	-1.0	-1.0	-1.0	-1.0	-1.0	-1.0	-1.0	0.0	marker	opened-hand	Open	15	0418
-66842.415	-53482.86	-103146.25499999999	-17999.505	0.0	0.0	0.0	0.0	0.0	0.0	0.0	0.0	0.0	0.0	0.0	0.0	0.0	0.0	146.13793103448276	0.0	0.04736316	-0.114440625	1.004452995	5.58516	1.70912	-0.54936	3212908.0	1776544815.728801	0.0	1.0	-1.0	-1.0	-1.0	-1.0	-1.0	-1.0	-1.0	-1.0	0.0	marker	opened-hand	Open	15	0418
-66786.705	-53484.299999999996	-103068.765	-17923.14	0.0	0.0	0.0	0.0	0.0	0.0	0.0	0.0	0.0	0.0	0.0	0.0	0.0	0.0	146.13793103448276	0.0	0.04809558	-0.12219207	1.003232295	5.43256	2.31952	-1.95328	3212909.0	1776544815.729221	0.0	1.0	-1.0	-1.0	-1.0	-1.0	-1.0	-1.0	-1.0	-1.0	0.0	marker	opened-hand	Open	15	0418
-66775.23	-53483.265	-102996.9	-17856.09	0.0	0.0	0.0	0.0	0.0	0.0	0.0	0.0	0.0	0.0	0.0	0.0	0.0	0.0	146.13793103448276	0.0	0.04809558	-0.12219207	1.003232295	5.43256	2.31952	-1.95328	3212910.0	1776544815.72923	0.0	1.0	-1.0	-1.0	-1.0	-1.0	-1.0	-1.0	-1.0	-1.0	0.0	marker	opened-hand	Open	15	0418
-66814.02	-53483.31	-102975.165	-17823.239999999998	0.0	0.0	0.0	0.0	0.0	0.0	0.0	0.0	0.0	0.0	0.0	0.0	0.0	0.0	146.13793103448276	0.0	0.04809558	-0.12219207	1.003232295	5.43256	2.31952	-1.95328	3212911.0	1776544815.826278	0.0	1.0	-1.0	-1.0	-1.0	-1.0	-1.0	-1.0	-1.0	-1.0	0.0	marker	opened-hand	Open	15	0418
-66779.91	-53489.52	-102924.62999999999	-17787.555	0.0	0.0	0.0	0.0	0.0	0.0	0.0	0.0	0.0	0.0	0.0	0.0	0.0	0.0	146.13793103448276	0.0	0.04809558	-0.12219207	1.003232295	5.43256	2.31952	-1.95328	3212912.0	1776544815.826302	0.0	1.0	-1.0	-1.0	-1.0	-1.0	-1.0	-1.0	-1.0	-1.0	0.0	marker	opened-hand	Open	15	0418
-66708.315	-53501.85	-102961.53	-17864.82	0.0	0.0	0.0	0.0	0.0	0.0	0.0	0.0	0.0	0.0	0.0	0.0	0.0	0.0	146.13793103448276	0.0	0.04809558	-0.12219207	1.003232295	5.43256	2.31952	-1.95328	3212913.0	1776544815.826325	0.0	1.0	-1.0	-1.0	-1.0	-1.0	-1.0	-1.0	-1.0	-1.0	0.0	marker	opened-hand	Open	15	0418
-66794.355	-53499.42	-102994.605	-17878.364999999998	0.0	0.0	0.0	0.0	0.0	0.0	0.0	0.0	0.0	0.0	0.0	0.0	0.0	0.0	146.13793103448276	0.0	0.04809558	-0.12219207	1.003232295	5.43256	2.31952	-1.95328	3212914.0	1776544815.826333	0.0	1.0	-1.0	-1.0	-1.0	-1.0	-1.0	-1.0	-1.0	-1.0	0.0	marker	opened-hand	Open	15	0418
-66872.565	-53492.04	-103061.61	-17906.579999999998	0.0	0.0	0.0	0.0	0.0	0.0	0.0	0.0	0.0	0.0	0.0	0.0	0.0	0.0	146.13793103448276	0.0	0.04809558	-0.12219207	1.003232295	5.43256	2.31952	-1.95328	3212915.0	1776544815.826345	0.0	1.0	-1.0	-1.0	-1.0	-1.0	-1.0	-1.0	-1.0	-1.0	0.0	marker	opened-hand	Open	15	0418
-66745.305	-53484.255	-103005.09	-17856.809999999998	0.0	0.0	0.0	0.0	0.0	0.0	0.0	0.0	0.0	0.0	0.0	0.0	0.0	0.0	146.13793103448276	0.0	0.04809558	-0.12219207	1.003232295	5.43256	2.31952	-1.95328	3212916.0	1776544815.826353	0.0	1.0	-1.0	-1.0	-1.0	-1.0	-1.0	-1.0	-1.0	-1.0	0.0	marker	opened-hand	Open	15	0418
-66562.56	-53458.11	-102876.165	-17737.785	0.0	0.0	0.0	0.0	0.0	0.0	0.0	0.0	0.0	0.0	0.0	0.0	0.0	0.0	146.13793103448276	0.0	0.04809558	-0.12219207	1.003232295	5.43256	2.31952	-1.95328	3212917.0	1776544815.826364	0.0	1.0	-1.0	-1.0	-1.0	-1.0	-1.0	-1.0	-1.0	-1.0	0.0	marker	opened-hand	Open	15	0418
-66553.605	-53381.97	-102849.705	-17715.329999999998	0.0	0.0	0.0	0.0	0.0	0.0	0.0	0.0	0.0	0.0	0.0	0.0	0.0	0.0	146.13793103448276	0.0	0.04809558	-0.12219207	1.003232295	5.43256	2.31952	-1.95328	3212918.0	1776544815.826373	0.0	1.0	-1.0	-1.0	-1.0	-1.0	-1.0	-1.0	-1.0	-1.0	0.0	marker	opened-hand	Open	15	0418
-66791.655	-53385.119999999995	-103003.83	-17902.53	0.0	0.0	0.0	0.0	0.0	0.0	0.0	0.0	0.0	0.0	0.0	0.0	0.0	0.0	146.13793103448276	0.0	0.032043375	-0.117248235	1.01550033	1.9380199999999999	0.8392999999999999	-3.3571999999999997	3212919.0	1776544815.826384	0.0	1.0	-1.0	-1.0	-1.0	-1.0	-1.0	-1.0	-1.0	-1.0	0.0	marker	opened-hand	Open	15	0418
-66795.75	-53400.555	-103003.69499999999	-17916.93	0.0	0.0	0.0	0.0	0.0	0.0	0.0	0.0	0.0	0.0	0.0	0.0	0.0	0.0	146.13793103448276	0.0	0.032043375	-0.117248235	1.01550033	1.9380199999999999	0.8392999999999999	-3.3571999999999997	3212920.0	1776544815.826391	0.0	1.0	-1.0	-1.0	-1.0	-1.0	-1.0	-1.0	-1.0	-1.0	0.0	marker	opened-hand	Open	15	0418
-66696.255	-53410.14	-102972.465	-17840.07	0.0	0.0	0.0	0.0	0.0	0.0	0.0	0.0	0.0	0.0	0.0	0.0	0.0	0.0	146.13793103448276	0.0	0.032043375	-0.117248235	1.01550033	1.9380199999999999	0.8392999999999999	-3.3571999999999997	3212921.0	1776544815.826402	0.0	1.0	-1.0	-1.0	-1.0	-1.0	-1.0	-1.0	-1.0	-1.0	0.0	marker	opened-hand	Open	15	0418
-66756.915	-53414.055	-103002.525	-17839.305	0.0	0.0	0.0	0.0	0.0	0.0	0.0	0.0	0.0	0.0	0.0	0.0	0.0	0.0	146.13793103448276	0.0	0.032043375	-0.117248235	1.01550033	1.9380199999999999	0.8392999999999999	-3.3571999999999997	3212922.0	1776544815.82641	0.0	1.0	-1.0	-1.0	-1.0	-1.0	-1.0	-1.0	-1.0	-1.0	0.0	marker	opened-hand	Open	15	0418
-66840.12	-53408.52	-103035.69	-17887.094999999998	0.0	0.0	0.0	0.0	0.0	0.0	0.0	0.0	0.0	0.0	0.0	0.0	0.0	0.0	146.13793103448276	0.0	0.032043375	-0.117248235	1.01550033	1.9380199999999999	0.8392999999999999	-3.3571999999999997	3212923.0	1776544815.826419	0.0	1.0	-1.0	-1.0	-1.0	-1.0	-1.0	-1.0	-1.0	-1.0	0.0	marker	opened-hand	Open	15	0418
-66983.355	-53411.534999999996	-103197.95999999999	-18059.265	0.0	0.0	0.0	0.0	0.0	0.0	0.0	0.0	0.0	0.0	0.0	0.0	0.0	0.0	146.13793103448276	0.0	0.032043375	-0.117248235	1.01550033	1.9380199999999999	0.8392999999999999	-3.3571999999999997	3212924.0	1776544815.826427	0.0	1.0	-1.0	-1.0	-1.0	-1.0	-1.0	-1.0	-1.0	-1.0	0.0	marker	opened-hand	Open	15	0418
-66895.29	-53414.775	-103147.515	-18029.52	0.0	0.0	0.0	0.0	0.0	0.0	0.0	0.0	0.0	0.0	0.0	0.0	0.0	0.0	146.13793103448276	0.0	0.032043375	-0.117248235	1.01550033	1.9380199999999999	0.8392999999999999	-3.3571999999999997	3212925.0	1776544815.826437	0.0	1.0	-1.0	-1.0	-1.0	-1.0	-1.0	-1.0	-1.0	-1.0	0.0	marker	opened-hand	Open	15	0418
-66674.88	-53406.494999999995	-102899.34	-17806.094999999998	0.0	0.0	0.0	0.0	0.0	0.0	0.0	0.0	0.0	0.0	0.0	0.0	0.0	0.0	146.13793103448276	0.0	0.032043375	-0.117248235	1.01550033	1.9380199999999999	0.8392999999999999	-3.3571999999999997	3212926.0	1776544815.826444	0.0	1.0	-1.0	-1.0	-1.0	-1.0	-1.0	-1.0	-1.0	-1.0	0.0	marker	opened-hand	Open	15	0418
-66776.04	-53426.295	-103032.94499999999	-17882.37	0.0	0.0	0.0	0.0	0.0	0.0	0.0	0.0	0.0	0.0	0.0	0.0	0.0	0.0	146.13793103448276	0.0	0.032043375	-0.117248235	1.01550033	1.9380199999999999	0.8392999999999999	-3.3571999999999997	3212927.0	1776544815.826454	0.0	1.0	-1.0	-1.0	-1.0	-1.0	-1.0	-1.0	-1.0	-1.0	0.0	marker	opened-hand	Open	15	0418
-66836.79	-53440.155	-103142.565	-17962.38	0.0	0.0	0.0	0.0	0.0	0.0	0.0	0.0	0.0	0.0	0.0	0.0	0.0	0.0	146.13793103448276	0.0	0.032043375	-0.117248235	1.01550033	1.9380199999999999	0.8392999999999999	-3.3571999999999997	3212928.0	1776544815.826461	0.0	1.0	-1.0	-1.0	-1.0	-1.0	-1.0	-1.0	-1.0	-1.0	0.0	marker	opened-hand	Open	15	0418
-66810.555	-53443.755	-103042.305	-17868.555	0.0	0.0	0.0	0.0	0.0	0.0	0.0	0.0	0.0	0.0	0.0	0.0	0.0	0.0	146.13793103448276	0.0	0.027892995	-0.10217259000000001	1.02270246	2.65524	0.04578	-1.57178	3212929.0	1776544815.826473	0.0	1.0	-1.0	-1.0	-1.0	-1.0	-1.0	-1.0	-1.0	-1.0	0.0	marker	opened-hand	Open	15	0418
-66782.25	-53446.095	-103015.08	-17849.204999999998	0.0	0.0	0.0	0.0	0.0	0.0	0.0	0.0	0.0	0.0	0.0	0.0	0.0	0.0	146.13793103448276	0.0	0.027892995	-0.10217259000000001	1.02270246	2.65524	0.04578	-1.57178	3212930.0	1776544815.826481	0.0	1.0	-1.0	-1.0	-1.0	-1.0	-1.0	-1.0	-1.0	-1.0	0.0	marker	opened-hand	Open	15	0418
-66796.965	-53443.799999999996	-103048.155	-17894.295	0.0	0.0	0.0	0.0	0.0	0.0	0.0	0.0	0.0	0.0	0.0	0.0	0.0	0.0	146.13793103448276	0.0	0.027892995	-0.10217259000000001	1.02270246	2.65524	0.04578	-1.57178	3212931.0	1776544815.826494	0.0	1.0	-1.0	-1.0	-1.0	-1.0	-1.0	-1.0	-1.0	-1.0	0.0	marker	opened-hand	Open	15	0418
-66836.025	-53442.225	-103089.015	-17923.094999999998	0.0	0.0	0.0	0.0	0.0	0.0	0.0	0.0	0.0	0.0	0.0	0.0	0.0	0.0	146.13793103448276	0.0	0.027892995	-0.10217259000000001	1.02270246	2.65524	0.04578	-1.57178	3212932.0	1776544815.826502	0.0	1.0	-1.0	-1.0	-1.0	-1.0	-1.0	-1.0	-1.0	-1.0	0.0	marker	opened-hand	Open	15	0418
-66677.805	-53426.52	-102950.685	-17825.13	0.0	0.0	0.0	0.0	0.0	0.0	0.0	0.0	0.0	0.0	0.0	0.0	0.0	0.0	146.13793103448276	0.0	0.027892995	-0.10217259000000001	1.02270246	2.65524	0.04578	-1.57178	3212933.0	1776544815.826634	0.0	1.0	-1.0	-1.0	-1.0	-1.0	-1.0	-1.0	-1.0	-1.0	0.0	marker	opened-hand	Open	15	0418
-66713.76	-53419.14	-102915.045	-17788.23	0.0	0.0	0.0	0.0	0.0	0.0	0.0	0.0	0.0	0.0	0.0	0.0	0.0	0.0	146.13793103448276	0.0	0.027892995	-0.10217259000000001	1.02270246	2.65524	0.04578	-1.57178	3212934.0	1776544815.826648	0.0	1.0	-1.0	-1.0	-1.0	-1.0	-1.0	-1.0	-1.0	-1.0	0.0	marker	opened-hand	Open	15	0418
-66802.185	-53430.39	-103014.855	-17881.92	0.0	0.0	0.0	0.0	0.0	0.0	0.0	0.0	0.0	0.0	0.0	0.0	0.0	0.0	146.13793103448276	0.0	0.027892995	-0.10217259000000001	1.02270246	2.65524	0.04578	-1.57178	3212935.0	1776544815.826673	0.0	1.0	-1.0	-1.0	-1.0	-1.0	-1.0	-1.0	-1.0	-1.0	0.0	marker	opened-hand	Open	15	0418
-66695.715	-53422.875	-102946.95	-17833.005	0.0	0.0	0.0	0.0	0.0	0.0	0.0	0.0	0.0	0.0	0.0	0.0	0.0	0.0	146.13793103448276	0.0	0.027892995	-0.10217259000000001	1.02270246	2.65524	0.04578	-1.57178	3212936.0	1776544815.826681	0.0	1.0	-1.0	-1.0	-1.0	-1.0	-1.0	-1.0	-1.0	-1.0	0.0	marker	opened-hand	Open	15	0418
-66795.75	-53417.34	-102976.73999999999	-17867.475	0.0	0.0	0.0	0.0	0.0	0.0	0.0	0.0	0.0	0.0	0.0	0.0	0.0	0.0	146.13793103448276	0.0	0.027892995	-0.10217259000000001	1.02270246	2.65524	0.04578	-1.57178	3212937.0	1776544815.826692	0.0	1.0	-1.0	-1.0	-1.0	-1.0	-1.0	-1.0	-1.0	-1.0	0.0	marker	opened-hand	Open	15	0418
-66925.935	-53410.95	-103007.745	-17888.67	0.0	0.0	0.0	0.0	0.0	0.0	0.0	0.0	0.0	0.0	0.0	0.0	0.0	0.0	146.13793103448276	0.0	0.027892995	-0.10217259000000001	1.02270246	2.65524	0.04578	-1.57178	3212938.0	1776544815.826702	0.0	1.0	-1.0	-1.0	-1.0	-1.0	-1.0	-1.0	-1.0	-1.0	0.0	marker	opened-hand	Open	15	0418
-66844.53	-53398.755	-102983.22	-17819.91	0.0	0.0	0.0	0.0	0.0	0.0	0.0	0.0	0.0	0.0	0.0	0.0	0.0	0.0	146.13793103448276	0.0	0.041320695	-0.101134995	1.02319074	5.58516	-0.42728	0.79352	3212939.0	1776544815.826712	0.0	1.0	-1.0	-1.0	-1.0	-1.0	-1.0	-1.0	-1.0	-1.0	0.0	marker	opened-hand	Open	15	0418
-66653.505	-53378.28	-102817.305	-17664.66	0.0	0.0	0.0	0.0	0.0	0.0	0.0	0.0	0.0	0.0	0.0	0.0	0.0	0.0	146.13793103448276	0.0	0.041320695	-0.101134995	1.02319074	5.58516	-0.42728	0.79352	3212940.0	1776544815.82672	0.0	1.0	-1.0	-1.0	-1.0	-1.0	-1.0	-1.0	-1.0	-1.0	0.0	marker	opened-hand	Open	15	0418
-66849.075	-53389.395	-103008.95999999999	-17846.415	0.0	0.0	0.0	0.0	0.0	0.0	0.0	0.0	0.0	0.0	0.0	0.0	0.0	0.0	146.13793103448276	0.0	0.041320695	-0.101134995	1.02319074	5.58516	-0.42728	0.79352	3212941.0	1776544815.826731	0.0	1.0	-1.0	-1.0	-1.0	-1.0	-1.0	-1.0	-1.0	-1.0	0.0	marker	opened-hand	Open	15	0418
-66786.12	-53393.759999999995	-103118.84999999999	-17950.545	0.0	0.0	0.0	0.0	0.0	0.0	0.0	0.0	0.0	0.0	0.0	0.0	0.0	0.0	146.13793103448276	0.0	0.041320695	-0.101134995	1.02319074	5.58516	-0.42728	0.79352	3212942.0	1776544815.826739	0.0	1.0	-1.0	-1.0	-1.0	-1.0	-1.0	-1.0	-1.0	-1.0	0.0	marker	opened-hand	Open	15	0418
-66782.97	-53393.579999999994	-103136.94	-18039.015	0.0	0.0	0.0	0.0	0.0	0.0	0.0	0.0	0.0	0.0	0.0	0.0	0.0	0.0	146.13793103448276	0.0	0.041320695	-0.101134995	1.02319074	5.58516	-0.42728	0.79352	3212943.0	1776544815.826748	0.0	1.0	-1.0	-1.0	-1.0	-1.0	-1.0	-1.0	-1.0	-1.0	0.0	marker	opened-hand	Open	15	0418
-66798.94499999999	-53403.39	-103079.11499999999	-17992.215	0.0	0.0	0.0	0.0	0.0	0.0	0.0	0.0	0.0	0.0	0.0	0.0	0.0	0.0	146.13793103448276	0.0	0.041320695	-0.101134995	1.02319074	5.58516	-0.42728	0.79352	3212944.0	1776544815.826756	0.0	1.0	-1.0	-1.0	-1.0	-1.0	-1.0	-1.0	-1.0	-1.0	0.0	marker	opened-hand	Open	15	0418
-66794.13	-53411.13	-103041.72	-17972.73	0.0	0.0	0.0	0.0	0.0	0.0	0.0	0.0	0.0	0.0	0.0	0.0	0.0	0.0	146.13793103448276	0.0	0.041320695	-0.101134995	1.02319074	5.58516	-0.42728	0.79352	3212945.0	1776544815.826766	0.0	1.0	-1.0	-1.0	-1.0	-1.0	-1.0	-1.0	-1.0	-1.0	0.0	marker	opened-hand	Open	15	0418
-66572.81999999999	-53388.09	-102803.44499999999	-17745.48	0.0	0.0	0.0	0.0	0.0	0.0	0.0	0.0	0.0	0.0	0.0	0.0	0.0	0.0	146.13793103448276	0.0	0.041320695	-0.101134995	1.02319074	5.58516	-0.42728	0.79352	3212946.0	1776544815.826774	0.0	1.0	-1.0	-1.0	-1.0	-1.0	-1.0	-1.0	-1.0	-1.0	0.0	marker	opened-hand	Open	15	0418
-66585.78	-53379.945	-102855.915	-17737.155	0.0	0.0	0.0	0.0	0.0	0.0	0.0	0.0	0.0	0.0	0.0	0.0	0.0	0.0	146.13793103448276	0.0	0.041320695	-0.101134995	1.02319074	5.58516	-0.42728	0.79352	3212947.0	1776544815.826785	0.0	1.0	-1.0	-1.0	-1.0	-1.0	-1.0	-1.0	-1.0	-1.0	0.0	marker	opened-hand	Open	15	0418
-66646.035	-53373.645	-102979.17	-17788.454999999998	0.0	0.0	0.0	0.0	0.0	0.0	0.0	0.0	0.0	0.0	0.0	0.0	0.0	0.0	146.13793103448276	0.0	0.041320695	-0.101134995	1.02319074	5.58516	-0.42728	0.79352	3212948.0	1776544815.826794	0.0	1.0	-1.0	-1.0	-1.0	-1.0	-1.0	-1.0	-1.0	-1.0	0.0	marker	opened-hand	Open	15	0418
-66699.09	-53358.255	-102939.3	-17764.469999999998	0.0	0.0	0.0	0.0	0.0	0.0	0.0	0.0	0.0	0.0	0.0	0.0	0.0	0.0	146.13793103448276	0.0	0.05297838	-0.10644504	1.01794173	6.3328999999999995	-0.28994	-2.27374	3212949.0	1776544815.826803	0.0	1.0	-1.0	-1.0	-1.0	-1.0	-1.0	-1.0	-1.0	-1.0	0.0	marker	opened-hand	Open	15	0418
-66964.635	-53377.784999999996	-103169.43	-18028.305	0.0	0.0	0.0	0.0	0.0	0.0	0.0	0.0	0.0	0.0	0.0	0.0	0.0	0.0	146.13793103448276	0.0	0.05297838	-0.10644504	1.01794173	6.3328999999999995	-0.28994	-2.27374	3212950.0	1776544815.826811	0.0	1.0	-1.0	-1.0	-1.0	-1.0	-1.0	-1.0	-1.0	-1.0	0.0	marker	opened-hand	Open	15	0418
-66920.94	-53387.189999999995	-103149.765	-18018.945	0.0	0.0	0.0	0.0	0.0	0.0	0.0	0.0	0.0	0.0	0.0	0.0	0.0	0.0	146.13793103448276	0.0	0.05297838	-0.10644504	1.01794173	6.3328999999999995	-0.28994	-2.27374	3212951.0	1776544815.826821	0.0	1.0	-1.0	-1.0	-1.0	-1.0	-1.0	-1.0	-1.0	-1.0	0.0	marker	opened-hand	Open	15	0418
-66774.285	-53386.29	-103038.25499999999	-17907.39	0.0	0.0	0.0	0.0	0.0	0.0	0.0	0.0	0.0	0.0	0.0	0.0	0.0	0.0	146.13793103448276	0.0	0.05297838	-0.10644504	1.01794173	6.3328999999999995	-0.28994	-2.27374	3212952.0	1776544815.826828	0.0	1.0	-1.0	-1.0	-1.0	-1.0	-1.0	-1.0	-1.0	-1.0	0.0	marker	opened-hand	Open	15	0418
-66831.12	-53391.78	-103113.26999999999	-17978.895	0.0	0.0	0.0	0.0	0.0	0.0	0.0	0.0	0.0	0.0	0.0	0.0	0.0	0.0	146.13793103448276	0.0	0.05297838	-0.10644504	1.01794173	6.3328999999999995	-0.28994	-2.27374	3212953.0	1776544815.826837	0.0	1.0	-1.0	-1.0	-1.0	-1.0	-1.0	-1.0	-1.0	-1.0	0.0	marker	opened-hand	Open	15	0418
-66923.73	-53419.68	-103169.43	-18037.98	0.0	0.0	0.0	0.0	0.0	0.0	0.0	0.0	0.0	0.0	0.0	0.0	0.0	0.0	146.13793103448276	0.0	0.05297838	-0.10644504	1.01794173	6.3328999999999995	-0.28994	-2.27374	3212954.0	1776544815.826844	0.0	1.0	-1.0	-1.0	-1.0	-1.0	-1.0	-1.0	-1.0	-1.0	0.0	marker	opened-hand	Open	15	0418
-66792.465	-53418.15	-102971.97	-17835.75	0.0	0.0	0.0	0.0	0.0	0.0	0.0	0.0	0.0	0.0	0.0	0.0	0.0	0.0	146.13793103448276	0.0	0.05297838	-0.10644504	1.01794173	6.3328999999999995	-0.28994	-2.27374	3212955.0	1776544815.826853	0.0	1.0	-1.0	-1.0	-1.0	-1.0	-1.0	-1.0	-1.0	-1.0	0.0	marker	opened-hand	Open	15	0418
-66739.59	-53397.63	-102860.19	-17737.605	0.0	0.0	0.0	0.0	0.0	0.0	0.0	0.0	0.0	0.0	0.0	0.0	0.0	0.0	146.13793103448276	0.0	0.05297838	-0.10644504	1.01794173	6.3328999999999995	-0.28994	-2.27374	3212956.0	1776544815.826877	0.0	1.0	-1.0	-1.0	-1.0	-1.0	-1.0	-1.0	-1.0	-1.0	0.0	marker	opened-hand	Open	15	0418
-66828.915	-53398.079999999994	-103038.25499999999	-17899.785	0.0	0.0	0.0	0.0	0.0	0.0	0.0	0.0	0.0	0.0	0.0	0.0	0.0	0.0	146.13793103448276	0.0	0.05297838	-0.10644504	1.01794173	6.3328999999999995	-0.28994	-2.27374	3212957.0	1776544815.828171	0.0	1.0	-1.0	-1.0	-1.0	-1.0	-1.0	-1.0	-1.0	-1.0	0.0	marker	opened-hand	Open	15	0418
-66771.18	-53401.32	-103094.09999999999	-17937.989999999998	0.0	0.0	0.0	0.0	0.0	0.0	0.0	0.0	0.0	0.0	0.0	0.0	0.0	0.0	146.13793103448276	0.0	0.05297838	-0.10644504	1.01794173	6.3328999999999995	-0.28994	-2.27374	3212958.0	1776544815.828186	0.0	1.0	-1.0	-1.0	-1.0	-1.0	-1.0	-1.0	-1.0	-1.0	0.0	marker	opened-hand	Open	15	0418
-66745.98	-53411.805	-103049.415	-17904.915	0.0	0.0	0.0	0.0	0.0	0.0	0.0	0.0	0.0	0.0	0.0	0.0	0.0	0.0	146.13793103448276	0.0	0.047546265	-0.09838842	1.0115330550000001	4.59326	-0.47306	-1.2207999999999999	3212959.0	1776544815.829552	0.0	1.0	-1.0	-1.0	-1.0	-1.0	-1.0	-1.0	-1.0	-1.0	0.0	marker	opened-hand	Open	15	0418
-66677.715	-53418.915	-102991.86	-17874.36	0.0	0.0	0.0	0.0	0.0	0.0	0.0	0.0	0.0	0.0	0.0	0.0	0.0	0.0	146.13793103448276	0.0	0.047546265	-0.09838842	1.0115330550000001	4.59326	-0.47306	-1.2207999999999999	3212960.0	1776544815.829564	0.0	1.0	-1.0	-1.0	-1.0	-1.0	-1.0	-1.0	-1.0	-1.0	0.0	marker	opened-hand	Open	15	0418
-66818.79	-53422.515	-103028.67	-17900.37	0.0	0.0	0.0	0.0	0.0	0.0	0.0	0.0	0.0	0.0	0.0	0.0	0.0	0.0	146.13793103448276	0.0	0.047546265	-0.09838842	1.0115330550000001	4.59326	-0.47306	-1.2207999999999999	3212961.0	1776544815.833741	0.0	1.0	-1.0	-1.0	-1.0	-1.0	-1.0	-1.0	-1.0	-1.0	0.0	marker	opened-hand	Open	15	0418
-66832.155	-53416.755	-103052.925	-17950.23	0.0	0.0	0.0	0.0	0.0	0.0	0.0	0.0	0.0	0.0	0.0	0.0	0.0	0.0	146.13793103448276	0.0	0.047546265	-0.09838842	1.0115330550000001	4.59326	-0.47306	-1.2207999999999999	3212962.0	1776544815.833839	0.0	1.0	-1.0	-1.0	-1.0	-1.0	-1.0	-1.0	-1.0	-1.0	0.0	marker	opened-hand	Open	15	0418
-66794.4	-53403.93	-103016.87999999999	-17883.54	0.0	0.0	0.0	0.0	0.0	0.0	0.0	0.0	0.0	0.0	0.0	0.0	0.0	0.0	146.13793103448276	0.0	0.047546265	-0.09838842	1.0115330550000001	4.59326	-0.47306	-1.2207999999999999	3212963.0	1776544815.845973	0.0	1.0	-1.0	-1.0	-1.0	-1.0	-1.0	-1.0	-1.0	-1.0	0.0	marker	opened-hand	Open	15	0418
-66799.98	-53382.015	-103027.14	-17871.21	0.0	0.0	0.0	0.0	0.0	0.0	0.0	0.0	0.0	0.0	0.0	0.0	0.0	0.0	146.13793103448276	0.0	0.047546265	-0.09838842	1.0115330550000001	4.59326	-0.47306	-1.2207999999999999	3212964.0	1776544815.845995	0.0	1.0	-1.0	-1.0	-1.0	-1.0	-1.0	-1.0	-1.0	-1.0	0.0	marker	opened-hand	Open	15	0418
-66857.31	-53369.954999999994	-103101.3	-17970.975	0.0	0.0	0.0	0.0	0.0	0.0	0.0	0.0	0.0	0.0	0.0	0.0	0.0	0.0	146.13793103448276	0.0	0.047546265	-0.09838842	1.0115330550000001	4.59326	-0.47306	-1.2207999999999999	3212965.0	1776544815.846019	0.0	1.0	-1.0	-1.0	-1.0	-1.0	-1.0	-1.0	-1.0	-1.0	0.0	marker	opened-hand	Open	15	0418
-66776.48999999999	-53362.845	-102987.18	-17886.015	0.0	0.0	0.0	0.0	0.0	0.0	0.0	0.0	0.0	0.0	0.0	0.0	0.0	0.0	146.13793103448276	0.0	0.047546265	-0.09838842	1.0115330550000001	4.59326	-0.47306	-1.2207999999999999	3212966.0	1776544815.846027	0.0	1.0	-1.0	-1.0	-1.0	-1.0	-1.0	-1.0	-1.0	-1.0	0.0	marker	opened-hand	Open	15	0418
-66811.41	-53371.979999999996	-103028.58	-17867.43	0.0	0.0	0.0	0.0	0.0	0.0	0.0	0.0	0.0	0.0	0.0	0.0	0.0	0.0	146.13793103448276	0.0	0.047546265	-0.09838842	1.0115330550000001	4.59326	-0.47306	-1.2207999999999999	3212967.0	1776544815.847075	0.0	1.0	-1.0	-1.0	-1.0	-1.0	-1.0	-1.0	-1.0	-1.0	0.0	marker	opened-hand	Open	15	0418
-66797.73	-53379.54	-103071.375	-17891.91	0.0	0.0	0.0	0.0	0.0	0.0	0.0	0.0	0.0	0.0	0.0	0.0	0.0	0.0	146.13793103448276	0.0	0.047546265	-0.09838842	1.0115330550000001	4.59326	-0.47306	-1.2207999999999999	3212968.0	1776544815.847103	0.0	1.0	-1.0	-1.0	-1.0	-1.0	-1.0	-1.0	-1.0	-1.0	0.0	marker	opened-hand	Open	15	0418
-66846.465	-53389.215	-103141.62	-17991.045	0.0	0.0	0.0	0.0	0.0	0.0	0.0	0.0	0.0	0.0	0.0	0.0	0.0	0.0	146.13793103448276	0.0	0.03735342	-0.09338355	1.010922705	2.9757	-0.16785999999999998	-0.27468	3212969.0	1776544815.850946	0.0	1.0	-1.0	-1.0	-1.0	-1.0	-1.0	-1.0	-1.0	-1.0	0.0	marker	opened-hand	Open	15	0418
-66879.72	-53388.09	-103046.31	-17885.745	0.0	0.0	0.0	0.0	0.0	0.0	0.0	0.0	0.0	0.0	0.0	0.0	0.0	0.0	146.13793103448276	0.0	0.03735342	-0.09338355	1.010922705	2.9757	-0.16785999999999998	-0.27468	3212970.0	1776544815.850972	0.0	1.0	-1.0	-1.0	-1.0	-1.0	-1.0	-1.0	-1.0	-1.0	0.0	marker	opened-hand	Open	15	0418
-66743.91	-53380.259999999995	-102869.14499999999	-17730.315	0.0	0.0	0.0	0.0	0.0	0.0	0.0	0.0	0.0	0.0	0.0	0.0	0.0	0.0	146.13793103448276	0.0	0.03735342	-0.09338355	1.010922705	2.9757	-0.16785999999999998	-0.27468	3212971.0	1776544815.85662	0.0	1.0	-1.0	-1.0	-1.0	-1.0	-1.0	-1.0	-1.0	-1.0	0.0	marker	opened-hand	Open	15	0418
-66644.055	-53373.015	-102817.44	-17686.35	0.0	0.0	0.0	0.0	0.0	0.0	0.0	0.0	0.0	0.0	0.0	0.0	0.0	0.0	146.13793103448276	0.0	0.03735342	-0.09338355	1.010922705	2.9757	-0.16785999999999998	-0.27468	3212972.0	1776544815.856646	0.0	1.0	-1.0	-1.0	-1.0	-1.0	-1.0	-1.0	-1.0	-1.0	0.0	marker	opened-hand	Open	15	0418
-66699.09	-53377.47	-102963.555	-17782.515	0.0	0.0	0.0	0.0	0.0	0.0	0.0	0.0	0.0	0.0	0.0	0.0	0.0	0.0	146.13793103448276	0.0	0.03735342	-0.09338355	1.010922705	2.9757	-0.16785999999999998	-0.27468	3212973.0	1776544815.859287	0.0	1.0	-1.0	-1.0	-1.0	-1.0	-1.0	-1.0	-1.0	-1.0	0.0	marker	opened-hand	Open	15	0418
-66753.98999999999	-53374.14	-102981.19499999999	-17818.875	0.0	0.0	0.0	0.0	0.0	0.0	0.0	0.0	0.0	0.0	0.0	0.0	0.0	0.0	146.13793103448276	0.0	0.03735342	-0.09338355	1.010922705	2.9757	-0.16785999999999998	-0.27468	3212974.0	1776544815.859297	0.0	1.0	-1.0	-1.0	-1.0	-1.0	-1.0	-1.0	-1.0	-1.0	0.0	marker	opened-hand	Open	15	0418
-66781.08	-53364.375	-102931.515	-17801.954999999998	0.0	0.0	0.0	0.0	0.0	0.0	0.0	0.0	0.0	0.0	0.0	0.0	0.0	0.0	146.13793103448276	0.0	0.03735342	-0.09338355	1.010922705	2.9757	-0.16785999999999998	-0.27468	3212975.0	1776544815.929452	0.0	1.0	-1.0	-1.0	-1.0	-1.0	-1.0	-1.0	-1.0	-1.0	0.0	marker	opened-hand	Open	15	0418
-66879.81	-53369.909999999996	-103122.495	-18009.989999999998	0.0	0.0	0.0	0.0	0.0	0.0	0.0	0.0	0.0	0.0	0.0	0.0	0.0	0.0	146.13793103448276	0.0	0.03735342	-0.09338355	1.010922705	2.9757	-0.16785999999999998	-0.27468	3212976.0	1776544815.929498	0.0	1.0	-1.0	-1.0	-1.0	-1.0	-1.0	-1.0	-1.0	-1.0	0.0	marker	opened-hand	Open	15	0418
-66817.53	-53377.29	-103146.25499999999	-18061.515	0.0	0.0	0.0	0.0	0.0	0.0	0.0	0.0	0.0	0.0	0.0	0.0	0.0	0.0	146.13793103448276	0.0	0.03735342	-0.09338355	1.010922705	2.9757	-0.16785999999999998	-0.27468	3212977.0	1776544815.929536	0.0	1.0	-1.0	-1.0	-1.0	-1.0	-1.0	-1.0	-1.0	-1.0	0.0	marker	opened-hand	Open	15	0418
-66674.925	-53372.744999999995	-102912.12	-17810.145	0.0	0.0	0.0	0.0	0.0	0.0	0.0	0.0	0.0	0.0	0.0	0.0	0.0	0.0	146.13793103448276	0.0	0.03735342	-0.09338355	1.010922705	2.9757	-0.16785999999999998	-0.27468	3212978.0	1776544815.929555	0.0	1.0	-1.0	-1.0	-1.0	-1.0	-1.0	-1.0	-1.0	-1.0	0.0	marker	opened-hand	Open	15	0418
-66655.665	-53371.665	-102873.78	-17722.44	0.0	0.0	0.0	0.0	0.0	0.0	0.0	0.0	0.0	0.0	0.0	0.0	0.0	0.0	146.13793103448276	0.0	0.038635155	-0.0939939	1.015195155	1.17502	-0.48832	-0.10682	3212979.0	1776544815.929578	0.0	1.0	-1.0	-1.0	-1.0	-1.0	-1.0	-1.0	-1.0	-1.0	0.0	marker	opened-hand	Open	15	0418
-66748.23	-53382.42	-102986.28	-17823.51	0.0	0.0	0.0	0.0	0.0	0.0	0.0	0.0	0.0	0.0	0.0	0.0	0.0	0.0	146.13793103448276	0.0	0.038635155	-0.0939939	1.015195155	1.17502	-0.48832	-0.10682	3212980.0	1776544815.929595	0.0	1.0	-1.0	-1.0	-1.0	-1.0	-1.0	-1.0	-1.0	-1.0	0.0	marker	opened-hand	Open	15	0418
-66777.705	-53376.659999999996	-103054.23	-17899.605	0.0	0.0	0.0	0.0	0.0	0.0	0.0	0.0	0.0	0.0	0.0	0.0	0.0	0.0	146.13793103448276	0.0	0.038635155	-0.0939939	1.015195155	1.17502	-0.48832	-0.10682	3212981.0	1776544815.929618	0.0	1.0	-1.0	-1.0	-1.0	-1.0	-1.0	-1.0	-1.0	-1.0	0.0	marker	opened-hand	Open	15	0418
-66889.485	-53375.49	-103192.33499999999	-18055.844999999998	0.0	0.0	0.0	0.0	0.0	0.0	0.0	0.0	0.0	0.0	0.0	0.0	0.0	0.0	146.13793103448276	0.0	0.038635155	-0.0939939	1.015195155	1.17502	-0.48832	-0.10682	3212982.0	1776544815.929635	0.0	1.0	-1.0	-1.0	-1.0	-1.0	-1.0	-1.0	-1.0	-1.0	0.0	marker	opened-hand	Open	15	0418
-66746.97	-53367.435	-103063.68	-17939.295	0.0	0.0	0.0	0.0	0.0	0.0	0.0	0.0	0.0	0.0	0.0	0.0	0.0	0.0	146.13793103448276	0.0	0.038635155	-0.0939939	1.015195155	1.17502	-0.48832	-0.10682	3212983.0	1776544815.929656	0.0	1.0	-1.0	-1.0	-1.0	-1.0	-1.0	-1.0	-1.0	-1.0	0.0	marker	opened-hand	Open	15	0418
-66742.245	-53374.005	-103010.94	-17879.67	0.0	0.0	0.0	0.0	0.0	0.0	0.0	0.0	0.0	0.0	0.0	0.0	0.0	0.0	146.13793103448276	0.0	0.038635155	-0.0939939	1.015195155	1.17502	-0.48832	-0.10682	3212984.0	1776544815.929673	0.0	1.0	-1.0	-1.0	-1.0	-1.0	-1.0	-1.0	-1.0	-1.0	0.0	marker	opened-hand	Open	15	0418
-66790.485	-53389.665	-102986.73	-17876.43	0.0	0.0	0.0	0.0	0.0	0.0	0.0	0.0	0.0	0.0	0.0	0.0	0.0	0.0	146.13793103448276	0.0	0.038635155	-0.0939939	1.015195155	1.17502	-0.48832	-0.10682	3212985.0	1776544815.929693	0.0	1.0	-1.0	-1.0	-1.0	-1.0	-1.0	-1.0	-1.0	-1.0	0.0	marker	opened-hand	Open	15	0418
-66753.9	-53404.784999999996	-103006.75499999999	-17864.415	0.0	0.0	0.0	0.0	0.0	0.0	0.0	0.0	0.0	0.0	0.0	0.0	0.0	0.0	146.13793103448276	0.0	0.038635155	-0.0939939	1.015195155	1.17502	-0.48832	-0.10682	3212986.0	1776544815.92971	0.0	1.0	-1.0	-1.0	-1.0	-1.0	-1.0	-1.0	-1.0	-1.0	0.0	marker	opened-hand	Open	15	0418
-66814.245	-53411.805	-103059.72	-17874.54	0.0	0.0	0.0	0.0	0.0	0.0	0.0	0.0	0.0	0.0	0.0	0.0	0.0	0.0	146.13793103448276	0.0	0.038635155	-0.0939939	1.015195155	1.17502	-0.48832	-0.10682	3212987.0	1776544815.92973	0.0	1.0	-1.0	-1.0	-1.0	-1.0	-1.0	-1.0	-1.0	-1.0	0.0	marker	opened-hand	Open	15	0418
-66890.43	-53416.079999999994	-103121.28	-17957.565	0.0	0.0	0.0	0.0	0.0	0.0	0.0	0.0	0.0	0.0	0.0	0.0	0.0	0.0	146.13793103448276	0.0	0.038635155	-0.0939939	1.015195155	1.17502	-0.48832	-0.10682	3212988.0	1776544815.929747	0.0	1.0	-1.0	-1.0	-1.0	-1.0	-1.0	-1.0	-1.0	-1.0	0.0	marker	opened-hand	Open	15	0418
-66811.275	-53407.935	-103074.525	-17970.614999999998	0.0	0.0	0.0	0.0	0.0	0.0	0.0	0.0	0.0	0.0	0.0	0.0	0.0	0.0	146.13793103448276	0.0	0.039733785	-0.097228755	1.015927575	2.0601	-0.6409199999999999	0.35097999999999996	3212989.0	1776544815.929768	0.0	1.0	-1.0	-1.0	-1.0	-1.0	-1.0	-1.0	-1.0	-1.0	0.0	marker	opened-hand	Open	15	0418
-66818.385	-53394.119999999995	-103068.09	-17985.195	0.0	0.0	0.0	0.0	0.0	0.0	0.0	0.0	0.0	0.0	0.0	0.0	0.0	0.0	146.13793103448276	0.0	0.039733785	-0.097228755	1.015927575	2.0601	-0.6409199999999999	0.35097999999999996	3212990.0	1776544815.929785	0.0	1.0	-1.0	-1.0	-1.0	-1.0	-1.0	-1.0	-1.0	-1.0	0.0	marker	opened-hand	Open	15	0418
-66890.11499999999	-53385.57	-103121.55	-17977.32	0.0	0.0	0.0	0.0	0.0	0.0	0.0	0.0	0.0	0.0	0.0	0.0	0.0	0.0	146.13793103448276	0.0	0.039733785	-0.097228755	1.015927575	2.0601	-0.6409199999999999	0.35097999999999996	3212991.0	1776544815.929805	0.0	1.0	-1.0	-1.0	-1.0	-1.0	-1.0	-1.0	-1.0	-1.0	0.0	marker	opened-hand	Open	15	0418
-66803.805	-53372.835	-103025.34	-17876.295	0.0	0.0	0.0	0.0	0.0	0.0	0.0	0.0	0.0	0.0	0.0	0.0	0.0	0.0	146.13793103448276	0.0	0.039733785	-0.097228755	1.015927575	2.0601	-0.6409199999999999	0.35097999999999996	3212992.0	1776544815.929822	0.0	1.0	-1.0	-1.0	-1.0	-1.0	-1.0	-1.0	-1.0	-1.0	0.0	marker	opened-hand	Open	15	0418
-66736.34999999999	-53371.799999999996	-102935.925	-17817.165	0.0	0.0	0.0	0.0	0.0	0.0	0.0	0.0	0.0	0.0	0.0	0.0	0.0	0.0	146.13793103448276	0.0	0.039733785	-0.097228755	1.015927575	2.0601	-0.6409199999999999	0.35097999999999996	3212993.0	1776544815.929844	0.0	1.0	-1.0	-1.0	-1.0	-1.0	-1.0	-1.0	-1.0	-1.0	0.0	marker	opened-hand	Open	15	0418
-66636.135	-53373.645	-102826.665	-17709.885	0.0	0.0	0.0	0.0	0.0	0.0	0.0	0.0	0.0	0.0	0.0	0.0	0.0	0.0	146.13793103448276	0.0	0.039733785	-0.097228755	1.015927575	2.0601	-0.6409199999999999	0.35097999999999996	3212994.0	1776544815.92986	0.0	1.0	-1.0	-1.0	-1.0	-1.0	-1.0	-1.0	-1.0	-1.0	0.0	marker	opened-hand	Open	15	0418
-66688.29	-53384.04	-102932.64	-17781.84	0.0	0.0	0.0	0.0	0.0	0.0	0.0	0.0	0.0	0.0	0.0	0.0	0.0	0.0	146.13793103448276	0.0	0.039733785	-0.097228755	1.015927575	2.0601	-0.6409199999999999	0.35097999999999996	3212995.0	1776544815.92988	0.0	1.0	-1.0	-1.0	-1.0	-1.0	-1.0	-1.0	-1.0	-1.0	0.0	marker	opened-hand	Open	15	0418
-66854.295	-53407.215	-103165.37999999999	-18012.96	0.0	0.0	0.0	0.0	0.0	0.0	0.0	0.0	0.0	0.0	0.0	0.0	0.0	0.0	146.13793103448276	0.0	0.039733785	-0.097228755	1.015927575	2.0601	-0.6409199999999999	0.35097999999999996	3212996.0	1776544815.929897	0.0	1.0	-1.0	-1.0	-1.0	-1.0	-1.0	-1.0	-1.0	-1.0	0.0	marker	opened-hand	Open	15	0418
-66835.395	-53401.905	-103128.345	-18003.059999999998	0.0	0.0	0.0	0.0	0.0	0.0	0.0	0.0	0.0	0.0	0.0	0.0	0.0	0.0	146.13793103448276	0.0	0.039733785	-0.097228755	1.015927575	2.0601	-0.6409199999999999	0.35097999999999996	3212997.0	1776544815.929917	0.0	1.0	-1.0	-1.0	-1.0	-1.0	-1.0	-1.0	-1.0	-1.0	0.0	marker	opened-hand	Open	15	0418
-66795.525	-53384.895	-103047.03	-17917.605	0.0	0.0	0.0	0.0	0.0	0.0	0.0	0.0	0.0	0.0	0.0	0.0	0.0	0.0	146.13793103448276	0.0	0.039733785	-0.097228755	1.015927575	2.0601	-0.6409199999999999	0.35097999999999996	3212998.0	1776544815.929934	0.0	1.0	-1.0	-1.0	-1.0	-1.0	-1.0	-1.0	-1.0	-1.0	0.0	marker	opened-hand	Open	15	0418
-66652.515	-53373.24	-102860.73	-17733.69	0.0	0.0	0.0	0.0	0.0	0.0	0.0	0.0	0.0	0.0	0.0	0.0	0.0	0.0	146.13793103448276	0.0	0.043884165	-0.10070775	1.017514485	2.9451799999999997	-0.71722	0.33571999999999996	3212999.0	1776544815.929954	0.0	1.0	-1.0	-1.0	-1.0	-1.0	-1.0	-1.0	-1.0	-1.0	0.0	marker	opened-hand	Open	15	0418
-66504.15	-53371.799999999996	-102657.915	-17558.37	0.0	0.0	0.0	0.0	0.0	0.0	0.0	0.0	0.0	0.0	0.0	0.0	0.0	0.0	146.13793103448276	0.0	0.043884165	-0.10070775	1.017514485	2.9451799999999997	-0.71722	0.33571999999999996	3213000.0	1776544815.929971	0.0	1.0	-1.0	-1.0	-1.0	-1.0	-1.0	-1.0	-1.0	-1.0	0.0	marker	opened-hand	Open	15	0418
-66725.055	-53398.439999999995	-102882.105	-17763.795	0.0	0.0	0.0	0.0	0.0	0.0	0.0	0.0	0.0	0.0	0.0	0.0	0.0	0.0	146.13793103448276	0.0	0.043884165	-0.10070775	1.017514485	2.9451799999999997	-0.71722	0.33571999999999996	3213001.0	1776544815.92999	0.0	1.0	-1.0	-1.0	-1.0	-1.0	-1.0	-1.0	-1.0	-1.0	0.0	marker	opened-hand	Open	15	0418
-66796.965	-53420.22	-103034.51999999999	-17923.094999999998	0.0	0.0	0.0	0.0	0.0	0.0	0.0	0.0	0.0	0.0	0.0	0.0	0.0	0.0	146.13793103448276	0.0	0.043884165	-0.10070775	1.017514485	2.9451799999999997	-0.71722	0.33571999999999996	3213002.0	1776544815.930007	0.0	1.0	-1.0	-1.0	-1.0	-1.0	-1.0	-1.0	-1.0	-1.0	0.0	marker	opened-hand	Open	15	0418
-66858.48	-53416.89	-103078.34999999999	-17941.005	0.0	0.0	0.0	0.0	0.0	0.0	0.0	0.0	0.0	0.0	0.0	0.0	0.0	0.0	146.13793103448276	0.0	0.043884165	-0.10070775	1.017514485	2.9451799999999997	-0.71722	0.33571999999999996	3213003.0	1776544815.930028	0.0	1.0	-1.0	-1.0	-1.0	-1.0	-1.0	-1.0	-1.0	-1.0	0.0	marker	opened-hand	Open	15	0418
-66902.4	-53405.909999999996	-103146.345	-17985.42	0.0	0.0	0.0	0.0	0.0	0.0	0.0	0.0	0.0	0.0	0.0	0.0	0.0	0.0	146.13793103448276	0.0	0.043884165	-0.10070775	1.017514485	2.9451799999999997	-0.71722	0.33571999999999996	3213004.0	1776544815.930045	0.0	1.0	-1.0	-1.0	-1.0	-1.0	-1.0	-1.0	-1.0	-1.0	0.0	marker	opened-hand	Open	15	0418
-66805.92	-53389.17	-103014.405	-17879.265	0.0	0.0	0.0	0.0	0.0	0.0	0.0	0.0	0.0	0.0	0.0	0.0	0.0	0.0	146.13793103448276	0.0	0.043884165	-0.10070775	1.017514485	2.9451799999999997	-0.71722	0.33571999999999996	3213005.0	1776544815.930064	0.0	1.0	-1.0	-1.0	-1.0	-1.0	-1.0	-1.0	-1.0	-1.0	0.0	marker	opened-hand	Open	15	0418
-66785.22	-53378.189999999995	-102930.795	-17794.395	0.0	0.0	0.0	0.0	0.0	0.0	0.0	0.0	0.0	0.0	0.0	0.0	0.0	0.0	146.13793103448276	0.0	0.043884165	-0.10070775	1.017514485	2.9451799999999997	-0.71722	0.33571999999999996	3213006.0	1776544815.930081	0.0	1.0	-1.0	-1.0	-1.0	-1.0	-1.0	-1.0	-1.0	-1.0	0.0	marker	opened-hand	Open	15	0418
-66795.56999999999	-53372.204999999994	-103003.515	-17877.645	0.0	0.0	0.0	0.0	0.0	0.0	0.0	0.0	0.0	0.0	0.0	0.0	0.0	0.0	146.13793103448276	0.0	0.043884165	-0.10070775	1.017514485	2.9451799999999997	-0.71722	0.33571999999999996	3213007.0	1776544815.930101	0.0	1.0	-1.0	-1.0	-1.0	-1.0	-1.0	-1.0	-1.0	-1.0	0.0	marker	opened-hand	Open	15	0418
-66746.205	-53368.784999999996	-103026.915	-17917.695	0.0	0.0	0.0	0.0	0.0	0.0	0.0	0.0	0.0	0.0	0.0	0.0	0.0	0.0	146.13793103448276	0.0	0.043884165	-0.10070775	1.017514485	2.9451799999999997	-0.71722	0.33571999999999996	3213008.0	1776544815.930118	0.0	1.0	-1.0	-1.0	-1.0	-1.0	-1.0	-1.0	-1.0	-1.0	0.0	marker	opened-hand	Open	15	0418
-66707.09999999999	-53366.715	-103034.25	-17892.405	0.0	0.0	0.0	0.0	0.0	0.0	0.0	0.0	0.0	0.0	0.0	0.0	0.0	0.0	146.13793103448276	0.0	0.046081425	-0.10473606	1.012509615	3.3419399999999997	-0.35097999999999996	-0.6103999999999999	3213009.0	1776544815.931891	0.0	1.0	-1.0	-1.0	-1.0	-1.0	-1.0	-1.0	-1.0	-1.0	0.0	marker	opened-hand	Open	15	0418
-66664.395	-53375.715	-102937.635	-17780.219999999998	0.0	0.0	0.0	0.0	0.0	0.0	0.0	0.0	0.0	0.0	0.0	0.0	0.0	0.0	146.13793103448276	0.0	0.046081425	-0.10473606	1.012509615	3.3419399999999997	-0.35097999999999996	-0.6103999999999999	3213010.0	1776544815.931924	0.0	1.0	-1.0	-1.0	-1.0	-1.0	-1.0	-1.0	-1.0	-1.0	0.0	marker	opened-hand	Open	15	0418
-66784.36499999999	-53392.14	-102979.215	-17862.66	0.0	0.0	0.0	0.0	0.0	0.0	0.0	0.0	0.0	0.0	0.0	0.0	0.0	0.0	146.13793103448276	0.0	0.046081425	-0.10473606	1.012509615	3.3419399999999997	-0.35097999999999996	-0.6103999999999999	3213011.0	1776544815.93397	0.0	1.0	-1.0	-1.0	-1.0	-1.0	-1.0	-1.0	-1.0	-1.0	0.0	marker	opened-hand	Open	15	0418
-66923.415	-53407.935	-103138.245	-18047.61	0.0	0.0	0.0	0.0	0.0	0.0	0.0	0.0	0.0	0.0	0.0	0.0	0.0	0.0	146.13793103448276	0.0	0.046081425	-0.10473606	1.012509615	3.3419399999999997	-0.35097999999999996	-0.6103999999999999	3213012.0	1776544815.933994	0.0	1.0	-1.0	-1.0	-1.0	-1.0	-1.0	-1.0	-1.0	-1.0	0.0	marker	opened-hand	Open	15	0418
-66849.61499999999	-53405.369999999995	-103159.08	-18018.495	0.0	0.0	0.0	0.0	0.0	0.0	0.0	0.0	0.0	0.0	0.0	0.0	0.0	0.0	146.13793103448276	0.0	0.046081425	-0.10473606	1.012509615	3.3419399999999997	-0.35097999999999996	-0.6103999999999999	3213013.0	1776544816.009804	0.0	1.0	-1.0	-1.0	-1.0	-1.0	-1.0	-1.0	-1.0	-1.0	0.0	marker	opened-hand	Open	15	0418
-66850.965	-53390.88	-103139.595	-17972.73	0.0	0.0	0.0	0.0	0.0	0.0	0.0	0.0	0.0	0.0	0.0	0.0	0.0	0.0	146.13793103448276	0.0	0.046081425	-0.10473606	1.012509615	3.3419399999999997	-0.35097999999999996	-0.6103999999999999	3213014.0	1776544816.009831	0.0	1.0	-1.0	-1.0	-1.0	-1.0	-1.0	-1.0	-1.0	-1.0	0.0	marker	opened-hand	Open	15	0418
-66822.885	-53384.985	-103081.545	-17950.59	0.0	0.0	0.0	0.0	0.0	0.0	0.0	0.0	0.0	0.0	0.0	0.0	0.0	0.0	146.13793103448276	0.0	0.046081425	-0.10473606	1.012509615	3.3419399999999997	-0.35097999999999996	-0.6103999999999999	3213015.0	1776544816.009901	0.0	1.0	-1.0	-1.0	-1.0	-1.0	-1.0	-1.0	-1.0	-1.0	0.0	marker	opened-hand	Open	15	0418
-66786.885	-53382.509999999995	-103024.26	-17895.195	0.0	0.0	0.0	0.0	0.0	0.0	0.0	0.0	0.0	0.0	0.0	0.0	0.0	0.0	146.13793103448276	0.0	0.046081425	-0.10473606	1.012509615	3.3419399999999997	-0.35097999999999996	-0.6103999999999999	3213016.0	1776544816.009909	0.0	1.0	-1.0	-1.0	-1.0	-1.0	-1.0	-1.0	-1.0	-1.0	0.0	marker	opened-hand	Open	15	0418
-66754.665	-53386.92	-102988.8	-17826.255	0.0	0.0	0.0	0.0	0.0	0.0	0.0	0.0	0.0	0.0	0.0	0.0	0.0	0.0	146.13793103448276	0.0	0.046081425	-0.10473606	1.012509615	3.3419399999999997	-0.35097999999999996	-0.6103999999999999	3213017.0	1776544816.009922	0.0	1.0	-1.0	-1.0	-1.0	-1.0	-1.0	-1.0	-1.0	-1.0	0.0	marker	opened-hand	Open	15	0418
-66630.69	-53387.505	-102838.23	-17700.344999999998	0.0	0.0	0.0	0.0	0.0	0.0	0.0	0.0	0.0	0.0	0.0	0.0	0.0	0.0	146.13793103448276	0.0	0.046081425	-0.10473606	1.012509615	3.3419399999999997	-0.35097999999999996	-0.6103999999999999	3213018.0	1776544816.009929	0.0	1.0	-1.0	-1.0	-1.0	-1.0	-1.0	-1.0	-1.0	-1.0	0.0	marker	opened-hand	Open	15	0418
-66680.37	-53392.049999999996	-102788.37	-17643.015	0.0	0.0	0.0	0.0	0.0	0.0	0.0	0.0	0.0	0.0	0.0	0.0	0.0	0.0	146.13793103448276	0.0	0.04785144	-0.10852023	1.006406115	3.4335	0.16785999999999998	-1.03768	3213019.0	1776544816.009939	0.0	1.0	-1.0	-1.0	-1.0	-1.0	-1.0	-1.0	-1.0	-1.0	0.0	marker	opened-hand	Open	15	0418
-66770.325	-53413.65	-103017.555	-17887.545	0.0	0.0	0.0	0.0	0.0	0.0	0.0	0.0	0.0	0.0	0.0	0.0	0.0	0.0	146.13793103448276	0.0	0.04785144	-0.10852023	1.006406115	3.4335	0.16785999999999998	-1.03768	3213020.0	1776544816.009946	0.0	1.0	-1.0	-1.0	-1.0	-1.0	-1.0	-1.0	-1.0	-1.0	0.0	marker	opened-hand	Open	15	0418
-66930.75	-53439.525	-103228.83	-18111.645	0.0	0.0	0.0	0.0	0.0	0.0	0.0	0.0	0.0	0.0	0.0	0.0	0.0	0.0	146.13793103448276	0.0	0.04785144	-0.10852023	1.006406115	3.4335	0.16785999999999998	-1.03768	3213021.0	1776544816.009955	0.0	1.0	-1.0	-1.0	-1.0	-1.0	-1.0	-1.0	-1.0	-1.0	0.0	marker	opened-hand	Open	15	0418
-66898.17	-53438.174999999996	-103164.12	-18044.055	0.0	0.0	0.0	0.0	0.0	0.0	0.0	0.0	0.0	0.0	0.0	0.0	0.0	0.0	146.13793103448276	0.0	0.04785144	-0.10852023	1.006406115	3.4335	0.16785999999999998	-1.03768	3213022.0	1776544816.009962	0.0	1.0	-1.0	-1.0	-1.0	-1.0	-1.0	-1.0	-1.0	-1.0	0.0	marker	opened-hand	Open	15	0418
-66893.84999999999	-53422.695	-103090.815	-17958.78	0.0	0.0	0.0	0.0	0.0	0.0	0.0	0.0	0.0	0.0	0.0	0.0	0.0	0.0	146.13793103448276	0.0	0.04785144	-0.10852023	1.006406115	3.4335	0.16785999999999998	-1.03768	3213023.0	1776544816.009971	0.0	1.0	-1.0	-1.0	-1.0	-1.0	-1.0	-1.0	-1.0	-1.0	0.0	marker	opened-hand	Open	15	0418
-66880.98	-53409.42	-103105.03499999999	-17942.535	0.0	0.0	0.0	0.0	0.0	0.0	0.0	0.0	0.0	0.0	0.0	0.0	0.0	0.0	146.13793103448276	0.0	0.04785144	-0.10852023	1.006406115	3.4335	0.16785999999999998	-1.03768	3213024.0	1776544816.009977	0.0	1.0	-1.0	-1.0	-1.0	-1.0	-1.0	-1.0	-1.0	-1.0	0.0	marker	opened-hand	Open	15	0418
-66736.62	-53395.74	-103020.93	-17869.905	0.0	0.0	0.0	0.0	0.0	0.0	0.0	0.0	0.0	0.0	0.0	0.0	0.0	0.0	146.13793103448276	0.0	0.04785144	-0.10852023	1.006406115	3.4335	0.16785999999999998	-1.03768	3213025.0	1776544816.009986	0.0	1.0	-1.0	-1.0	-1.0	-1.0	-1.0	-1.0	-1.0	-1.0	0.0	marker	opened-hand	Open	15	0418
-66646.89	-53390.88	-102935.205	-17807.13	0.0	0.0	0.0	0.0	0.0	0.0	0.0	0.0	0.0	0.0	0.0	0.0	0.0	0.0	146.13793103448276	0.0	0.04785144	-0.10852023	1.006406115	3.4335	0.16785999999999998	-1.03768	3213026.0	1776544816.009993	0.0	1.0	-1.0	-1.0	-1.0	-1.0	-1.0	-1.0	-1.0	-1.0	0.0	marker	opened-hand	Open	15	0418
-66720.78	-53391.06	-103014.045	-17878.59	0.0	0.0	0.0	0.0	0.0	0.0	0.0	0.0	0.0	0.0	0.0	0.0	0.0	0.0	146.13793103448276	0.0	0.04785144	-0.10852023	1.006406115	3.4335	0.16785999999999998	-1.03768	3213027.0	1776544816.010002	0.0	1.0	-1.0	-1.0	-1.0	-1.0	-1.0	-1.0	-1.0	-1.0	0.0	marker	opened-hand	Open	15	0418
-66728.205	-53388.314999999995	-103046.44499999999	-17903.34	0.0	0.0	0.0	0.0	0.0	0.0	0.0	0.0	0.0	0.0	0.0	0.0	0.0	0.0	146.13793103448276	0.0	0.04785144	-0.10852023	1.006406115	3.4335	0.16785999999999998	-1.03768	3213028.0	1776544816.010009	0.0	1.0	-1.0	-1.0	-1.0	-1.0	-1.0	-1.0	-1.0	-1.0	0.0	marker	opened-hand	Open	15	0418
-66776.4	-53401.005	-102983.48999999999	-17844.75	0.0	0.0	0.0	0.0	0.0	0.0	0.0	0.0	0.0	0.0	0.0	0.0	0.0	0.0	146.13793103448276	0.0	0.04162587	-0.10595676	1.00878648	3.15882	0.09156	-0.94612	3213029.0	1776544816.010017	0.0	1.0	-1.0	-1.0	-1.0	-1.0	-1.0	-1.0	-1.0	-1.0	0.0	marker	opened-hand	Open	15	0418
-66851.81999999999	-53409.735	-102937.14	-17797.005	0.0	0.0	0.0	0.0	0.0	0.0	0.0	0.0	0.0	0.0	0.0	0.0	0.0	0.0	146.13793103448276	0.0	0.04162587	-0.10595676	1.00878648	3.15882	0.09156	-0.94612	3213030.0	1776544816.010024	0.0	1.0	-1.0	-1.0	-1.0	-1.0	-1.0	-1.0	-1.0	-1.0	0.0	marker	opened-hand	Open	15	0418
-66788.055	-53408.295	-103006.845	-17848.755	0.0	0.0	0.0	0.0	0.0	0.0	0.0	0.0	0.0	0.0	0.0	0.0	0.0	0.0	146.13793103448276	0.0	0.04162587	-0.10595676	1.00878648	3.15882	0.09156	-0.94612	3213031.0	1776544816.010032	0.0	1.0	-1.0	-1.0	-1.0	-1.0	-1.0	-1.0	-1.0	-1.0	0.0	marker	opened-hand	Open	15	0418
-66691.125	-53403.345	-102963.23999999999	-17836.739999999998	0.0	0.0	0.0	0.0	0.0	0.0	0.0	0.0	0.0	0.0	0.0	0.0	0.0	0.0	146.13793103448276	0.0	0.04162587	-0.10595676	1.00878648	3.15882	0.09156	-0.94612	3213032.0	1776544816.010038	0.0	1.0	-1.0	-1.0	-1.0	-1.0	-1.0	-1.0	-1.0	-1.0	0.0	marker	opened-hand	Open	15	0418
-66643.425	-53399.61	-102879.26999999999	-17700.66	0.0	0.0	0.0	0.0	0.0	0.0	0.0	0.0	0.0	0.0	0.0	0.0	0.0	0.0	146.13793103448276	0.0	0.04162587	-0.10595676	1.00878648	3.15882	0.09156	-0.94612	3213033.0	1776544816.010047	0.0	1.0	-1.0	-1.0	-1.0	-1.0	-1.0	-1.0	-1.0	-1.0	0.0	marker	opened-hand	Open	15	0418
-66628.89	-53403.39	-102853.70999999999	-17666.864999999998	0.0	0.0	0.0	0.0	0.0	0.0	0.0	0.0	0.0	0.0	0.0	0.0	0.0	0.0	146.13793103448276	0.0	0.04162587	-0.10595676	1.00878648	3.15882	0.09156	-0.94612	3213034.0	1776544816.010053	0.0	1.0	-1.0	-1.0	-1.0	-1.0	-1.0	-1.0	-1.0	-1.0	0.0	marker	opened-hand	Open	15	0418
-66732.84	-53417.025	-102951.36	-17838.809999999998	0.0	0.0	0.0	0.0	0.0	0.0	0.0	0.0	0.0	0.0	0.0	0.0	0.0	0.0	146.13793103448276	0.0	0.04162587	-0.10595676	1.00878648	3.15882	0.09156	-0.94612	3213035.0	1776544816.010062	0.0	1.0	-1.0	-1.0	-1.0	-1.0	-1.0	-1.0	-1.0	-1.0	0.0	marker	opened-hand	Open	15	0418
-66829.275	-53418.465	-103021.37999999999	-17940.465	0.0	0.0	0.0	0.0	0.0	0.0	0.0	0.0	0.0	0.0	0.0	0.0	0.0	0.0	146.13793103448276	0.0	0.04162587	-0.10595676	1.00878648	3.15882	0.09156	-0.94612	3213036.0	1776544816.010069	0.0	1.0	-1.0	-1.0	-1.0	-1.0	-1.0	-1.0	-1.0	-1.0	0.0	marker	opened-hand	Open	15	0418
-66777.795	-53421.479999999996	-103015.845	-17918.19	0.0	0.0	0.0	0.0	0.0	0.0	0.0	0.0	0.0	0.0	0.0	0.0	0.0	0.0	146.13793103448276	0.0	0.04162587	-0.10595676	1.00878648	3.15882	0.09156	-0.94612	3213037.0	1776544816.010077	0.0	1.0	-1.0	-1.0	-1.0	-1.0	-1.0	-1.0	-1.0	-1.0	0.0	marker	opened-hand	Open	15	0418
-66750.12	-53429.174999999996	-103049.055	-17931.645	0.0	0.0	0.0	0.0	0.0	0.0	0.0	0.0	0.0	0.0	0.0	0.0	0.0	0.0	146.13793103448276	0.0	0.04162587	-0.10595676	1.00878648	3.15882	0.09156	-0.94612	3213038.0	1776544816.010083	0.0	1.0	-1.0	-1.0	-1.0	-1.0	-1.0	-1.0	-1.0	-1.0	0.0	marker	opened-hand	Open	15	0418
-66818.205	-53426.295	-103099.31999999999	-17971.469999999998	0.0	0.0	0.0	0.0	0.0	0.0	0.0	0.0	0.0	0.0	0.0	0.0	0.0	0.0	146.13793103448276	0.0	0.035217195	-0.100768785	1.01757552	2.19744	-0.59514	-0.62566	3213039.0	1776544816.010092	0.0	1.0	-1.0	-1.0	-1.0	-1.0	-1.0	-1.0	-1.0	-1.0	0.0	marker	opened-hand	Open	15	0418
-66679.515	-53404.11	-102929.58	-17808.93	0.0	0.0	0.0	0.0	0.0	0.0	0.0	0.0	0.0	0.0	0.0	0.0	0.0	0.0	146.13793103448276	0.0	0.035217195	-0.100768785	1.01757552	2.19744	-0.59514	-0.62566	3213040.0	1776544816.010099	0.0	1.0	-1.0	-1.0	-1.0	-1.0	-1.0	-1.0	-1.0	-1.0	0.0	marker	opened-hand	Open	15	0418
-66556.98	-53384.49	-102748.905	-17606.565	0.0	0.0	0.0	0.0	0.0	0.0	0.0	0.0	0.0	0.0	0.0	0.0	0.0	0.0	146.13793103448276	0.0	0.035217195	-0.100768785	1.01757552	2.19744	-0.59514	-0.62566	3213041.0	1776544816.010108	0.0	1.0	-1.0	-1.0	-1.0	-1.0	-1.0	-1.0	-1.0	-1.0	0.0	marker	opened-hand	Open	15	0418
-66780.405	-53397.314999999995	-102975.39	-17845.649999999998	0.0	0.0	0.0	0.0	0.0	0.0	0.0	0.0	0.0	0.0	0.0	0.0	0.0	0.0	146.13793103448276	0.0	0.035217195	-0.100768785	1.01757552	2.19744	-0.59514	-0.62566	3213042.0	1776544816.010114	0.0	1.0	-1.0	-1.0	-1.0	-1.0	-1.0	-1.0	-1.0	-1.0	0.0	marker	opened-hand	Open	15	0418
-67059.9	-53424.494999999995	-103235.84999999999	-18073.934999999998	0.0	0.0	0.0	0.0	0.0	0.0	0.0	0.0	0.0	0.0	0.0	0.0	0.0	0.0	146.13793103448276	0.0	0.035217195	-0.100768785	1.01757552	2.19744	-0.59514	-0.62566	3213043.0	1776544816.010124	0.0	1.0	-1.0	-1.0	-1.0	-1.0	-1.0	-1.0	-1.0	-1.0	0.0	marker	opened-hand	Open	15	0418
-66946.545	-53422.155	-103167.26999999999	-17994.015	0.0	0.0	0.0	0.0	0.0	0.0	0.0	0.0	0.0	0.0	0.0	0.0	0.0	0.0	146.13793103448276	0.0	0.035217195	-0.100768785	1.01757552	2.19744	-0.59514	-0.62566	3213044.0	1776544816.01013	0.0	1.0	-1.0	-1.0	-1.0	-1.0	-1.0	-1.0	-1.0	-1.0	0.0	marker	opened-hand	Open	15	0418
-66731.265	-53405.64	-103013.45999999999	-17885.16	0.0	0.0	0.0	0.0	0.0	0.0	0.0	0.0	0.0	0.0	0.0	0.0	0.0	0.0	146.13793103448276	0.0	0.035217195	-0.100768785	1.01757552	2.19744	-0.59514	-0.62566	3213045.0	1776544816.010139	0.0	1.0	-1.0	-1.0	-1.0	-1.0	-1.0	-1.0	-1.0	-1.0	0.0	marker	opened-hand	Open	15	0418
-66805.875	-53409.375	-103088.34	-17966.925	0.0	0.0	0.0	0.0	0.0	0.0	0.0	0.0	0.0	0.0	0.0	0.0	0.0	0.0	146.13793103448276	0.0	0.035217195	-0.100768785	1.01757552	2.19744	-0.59514	-0.62566	3213046.0	1776544816.010146	0.0	1.0	-1.0	-1.0	-1.0	-1.0	-1.0	-1.0	-1.0	-1.0	0.0	marker	opened-hand	Open	15	0418
-66896.64	-53404.695	-103126.40999999999	-18010.89	0.0	0.0	0.0	0.0	0.0	0.0	0.0	0.0	0.0	0.0	0.0	0.0	0.0	0.0	146.13793103448276	0.0	0.035217195	-0.100768785	1.01757552	2.19744	-0.59514	-0.62566	3213047.0	1776544816.010155	0.0	1.0	-1.0	-1.0	-1.0	-1.0	-1.0	-1.0	-1.0	-1.0	0.0	marker	opened-hand	Open	15	0418
-66871.755	-53397.45	-103086.72	-17986.77	0.0	0.0	0.0	0.0	0.0	0.0	0.0	0.0	0.0	0.0	0.0	0.0	0.0	0.0	146.13793103448276	0.0	0.035217195	-0.100768785	1.01757552	2.19744	-0.59514	-0.62566	3213048.0	1776544816.010162	0.0	1.0	-1.0	-1.0	-1.0	-1.0	-1.0	-1.0	-1.0	-1.0	0.0	marker	opened-hand	Open	15	0418
-66768.345	-53390.52	-103036.185	-17934.704999999998	0.0	0.0	0.0	0.0	0.0	0.0	0.0	0.0	0.0	0.0	0.0	0.0	0.0	0.0	146.13793103448276	0.0	0.04223622	-0.10034154	1.0180638	2.63998	-0.88508	-0.47306	3213049.0	1776544816.14292	0.0	1.0	-1.0	-1.0	-1.0	-1.0	-1.0	-1.0	-1.0	-1.0	0.0	marker	opened-hand	Open	15	0418
-66779.955	-53395.11	-103010.67	-17892.675	0.0	0.0	0.0	0.0	0.0	0.0	0.0	0.0	0.0	0.0	0.0	0.0	0.0	0.0	146.13793103448276	0.0	0.04223622	-0.10034154	1.0180638	2.63998	-0.88508	-0.47306	3213050.0	1776544816.142938	0.0	1.0	-1.0	-1.0	-1.0	-1.0	-1.0	-1.0	-1.0	-1.0	0.0	marker	opened-hand	Open	15	0418
-66746.025	-53411.04	-102969.315	-17874.09	0.0	0.0	0.0	0.0	0.0	0.0	0.0	0.0	0.0	0.0	0.0	0.0	0.0	0.0	146.13793103448276	0.0	0.04223622	-0.10034154	1.0180638	2.63998	-0.88508	-0.47306	3213051.0	1776544816.142982	0.0	1.0	-1.0	-1.0	-1.0	-1.0	-1.0	-1.0	-1.0	-1.0	0.0	marker	opened-hand	Open	15	0418
-66788.09999999999	-53420.13	-102995.325	-17898.3	0.0	0.0	0.0	0.0	0.0	0.0	0.0	0.0	0.0	0.0	0.0	0.0	0.0	0.0	146.13793103448276	0.0	0.04223622	-0.10034154	1.0180638	2.63998	-0.88508	-0.47306	3213052.0	1776544816.142987	0.0	1.0	-1.0	-1.0	-1.0	-1.0	-1.0	-1.0	-1.0	-1.0	0.0	marker	opened-hand	Open	15	0418
-66797.86499999999	-53429.579999999994	-103059.98999999999	-17900.55	0.0	0.0	0.0	0.0	0.0	0.0	0.0	0.0	0.0	0.0	0.0	0.0	0.0	0.0	146.13793103448276	0.0	0.04223622	-0.10034154	1.0180638	2.63998	-0.88508	-0.47306	3213053.0	1776544816.143018	0.0	1.0	-1.0	-1.0	-1.0	-1.0	-1.0	-1.0	-1.0	-1.0	0.0	marker	opened-hand	Open	15	0418
-66726.765	-53470.125	-103056.3	-17850.149999999998	0.0	0.0	0.0	0.0	0.0	0.0	0.0	0.0	0.0	0.0	0.0	0.0	0.0	0.0	146.13793103448276	0.0	0.04223622	-0.10034154	1.0180638	2.63998	-0.88508	-0.47306	3213054.0	1776544816.143022	0.0	1.0	-1.0	-1.0	-1.0	-1.0	-1.0	-1.0	-1.0	-1.0	0.0	marker	opened-hand	Open	15	0418
-66731.175	-53507.159999999996	-103028.89499999999	-17867.114999999998	0.0	0.0	0.0	0.0	0.0	0.0	0.0	0.0	0.0	0.0	0.0	0.0	0.0	0.0	146.13793103448276	0.0	0.04223622	-0.10034154	1.0180638	2.63998	-0.88508	-0.47306	3213055.0	1776544816.14303	0.0	1.0	-1.0	-1.0	-1.0	-1.0	-1.0	-1.0	-1.0	-1.0	0.0	marker	opened-hand	Open	15	0418
-66770.19	-53505.54	-103010.4	-17870.76	0.0	0.0	0.0	0.0	0.0	0.0	0.0	0.0	0.0	0.0	0.0	0.0	0.0	0.0	146.13793103448276	0.0	0.04223622	-0.10034154	1.0180638	2.63998	-0.88508	-0.47306	3213056.0	1776544816.143034	0.0	1.0	-1.0	-1.0	-1.0	-1.0	-1.0	-1.0	-1.0	-1.0	0.0	marker	opened-hand	Open	15	0418
-66684.23999999999	-53494.695	-102919.905	-17787.195	0.0	0.0	0.0	0.0	0.0	0.0	0.0	0.0	0.0	0.0	0.0	0.0	0.0	0.0	146.13793103448276	0.0	0.04223622	-0.10034154	1.0180638	2.63998	-0.88508	-0.47306	3213057.0	1776544816.143039	0.0	1.0	-1.0	-1.0	-1.0	-1.0	-1.0	-1.0	-1.0	-1.0	0.0	marker	opened-hand	Open	15	0418
-66698.595	-53494.515	-102898.575	-17751.465	0.0	0.0	0.0	0.0	0.0	0.0	0.0	0.0	0.0	0.0	0.0	0.0	0.0	0.0	146.13793103448276	0.0	0.04223622	-0.10034154	1.0180638	2.63998	-0.88508	-0.47306	3213058.0	1776544816.143043	0.0	1.0	-1.0	-1.0	-1.0	-1.0	-1.0	-1.0	-1.0	-1.0	0.0	marker	opened-hand	Open	15	0418
-66744.81	-53500.32	-102906.135	-17778.195	0.0	0.0	0.0	0.0	0.0	0.0	0.0	0.0	0.0	0.0	0.0	0.0	0.0	0.0	146.13793103448276	0.0	0.048828	-0.10266087	1.018368975	2.99096	-1.12924	-0.44254	3213059.0	1776544816.143048	0.0	1.0	-1.0	-1.0	-1.0	-1.0	-1.0	-1.0	-1.0	-1.0	0.0	marker	opened-hand	Open	15	0418
-66688.425	-53508.689999999995	-102881.385	-17774.325	0.0	0.0	0.0	0.0	0.0	0.0	0.0	0.0	0.0	0.0	0.0	0.0	0.0	0.0	146.13793103448276	0.0	0.048828	-0.10266087	1.018368975	2.99096	-1.12924	-0.44254	3213060.0	1776544816.143052	0.0	1.0	-1.0	-1.0	-1.0	-1.0	-1.0	-1.0	-1.0	-1.0	0.0	marker	opened-hand	Open	15	0418
-66751.875	-53519.13	-102929.48999999999	-17859.555	0.0	0.0	0.0	0.0	0.0	0.0	0.0	0.0	0.0	0.0	0.0	0.0	0.0	0.0	146.13793103448276	0.0	0.048828	-0.10266087	1.018368975	2.99096	-1.12924	-0.44254	3213061.0	1776544816.143057	0.0	1.0	-1.0	-1.0	-1.0	-1.0	-1.0	-1.0	-1.0	-1.0	0.0	marker	opened-hand	Open	15	0418
-66803.31	-53528.22	-103006.89	-17913.239999999998	0.0	0.0	0.0	0.0	0.0	0.0	0.0	0.0	0.0	0.0	0.0	0.0	0.0	0.0	146.13793103448276	0.0	0.048828	-0.10266087	1.018368975	2.99096	-1.12924	-0.44254	3213062.0	1776544816.143061	0.0	1.0	-1.0	-1.0	-1.0	-1.0	-1.0	-1.0	-1.0	-1.0	0.0	marker	opened-hand	Open	15	0418
-66734.145	-53521.424999999996	-102982.905	-17838.045	0.0	0.0	0.0	0.0	0.0	0.0	0.0	0.0	0.0	0.0	0.0	0.0	0.0	0.0	146.13793103448276	0.0	0.048828	-0.10266087	1.018368975	2.99096	-1.12924	-0.44254	3213063.0	1776544816.143066	0.0	1.0	-1.0	-1.0	-1.0	-1.0	-1.0	-1.0	-1.0	-1.0	0.0	marker	opened-hand	Open	15	0418
-66736.665	-53512.604999999996	-103000.905	-17834.085	0.0	0.0	0.0	0.0	0.0	0.0	0.0	0.0	0.0	0.0	0.0	0.0	0.0	0.0	146.13793103448276	0.0	0.048828	-0.10266087	1.018368975	2.99096	-1.12924	-0.44254	3213064.0	1776544816.14307	0.0	1.0	-1.0	-1.0	-1.0	-1.0	-1.0	-1.0	-1.0	-1.0	0.0	marker	opened-hand	Open	15	0418
-66690.54	-53497.89	-102919.545	-17775.36	0.0	0.0	0.0	0.0	0.0	0.0	0.0	0.0	0.0	0.0	0.0	0.0	0.0	0.0	146.13793103448276	0.0	0.048828	-0.10266087	1.018368975	2.99096	-1.12924	-0.44254	3213065.0	1776544816.143076	0.0	1.0	-1.0	-1.0	-1.0	-1.0	-1.0	-1.0	-1.0	-1.0	0.0	marker	opened-hand	Open	15	0418
-66709.62	-53489.7	-102833.37	-17715.329999999998	0.0	0.0	0.0	0.0	0.0	0.0	0.0	0.0	0.0	0.0	0.0	0.0	0.0	0.0	146.13793103448276	0.0	0.048828	-0.10266087	1.018368975	2.99096	-1.12924	-0.44254	3213066.0	1776544816.14308	0.0	1.0	-1.0	-1.0	-1.0	-1.0	-1.0	-1.0	-1.0	-1.0	0.0	marker	opened-hand	Open	15	0418
-66905.415	-53508.24	-103032.18	-17902.62	0.0	0.0	0.0	0.0	0.0	0.0	0.0	0.0	0.0	0.0	0.0	0.0	0.0	0.0	146.13793103448276	0.0	0.048828	-0.10266087	1.018368975	2.99096	-1.12924	-0.44254	3213067.0	1776544816.143084	0.0	1.0	-1.0	-1.0	-1.0	-1.0	-1.0	-1.0	-1.0	-1.0	0.0	marker	opened-hand	Open	15	0418
-66792.42	-53516.07	-103029.56999999999	-17923.41	0.0	0.0	0.0	0.0	0.0	0.0	0.0	0.0	0.0	0.0	0.0	0.0	0.0	0.0	146.13793103448276	0.0	0.048828	-0.10266087	1.018368975	2.99096	-1.12924	-0.44254	3213068.0	1776544816.143088	0.0	1.0	-1.0	-1.0	-1.0	-1.0	-1.0	-1.0	-1.0	-1.0	0.0	marker	opened-hand	Open	15	0418
-66798.765	-53523.314999999995	-103109.12999999999	-17965.53	0.0	0.0	0.0	0.0	0.0	0.0	0.0	0.0	0.0	0.0	0.0	0.0	0.0	0.0	146.13793103448276	0.0	0.045104865	-0.10577365500000001	1.016904135	4.0896799999999995	-1.26658	-1.23606	3213069.0	1776544816.143093	0.0	1.0	-1.0	-1.0	-1.0	-1.0	-1.0	-1.0	-1.0	-1.0	0.0	marker	opened-hand	Open	15	0418
-66828.95999999999	-53532.63	-103169.06999999999	-18012.555	0.0	0.0	0.0	0.0	0.0	0.0	0.0	0.0	0.0	0.0	0.0	0.0	0.0	0.0	146.13793103448276	0.0	0.045104865	-0.10577365500000001	1.016904135	4.0896799999999995	-1.26658	-1.23606	3213070.0	1776544816.143097	0.0	1.0	-1.0	-1.0	-1.0	-1.0	-1.0	-1.0	-1.0	-1.0	0.0	marker	opened-hand	Open	15	0418
-66811.68	-53530.829999999994	-103133.83499999999	-17992.62	0.0	0.0	0.0	0.0	0.0	0.0	0.0	0.0	0.0	0.0	0.0	0.0	0.0	0.0	146.13793103448276	0.0	0.045104865	-0.10577365500000001	1.016904135	4.0896799999999995	-1.26658	-1.23606	3213071.0	1776544816.143102	0.0	1.0	-1.0	-1.0	-1.0	-1.0	-1.0	-1.0	-1.0	-1.0	0.0	marker	opened-hand	Open	15	0418
-66913.155	-53513.909999999996	-103172.22	-18026.64	0.0	0.0	0.0	0.0	0.0	0.0	0.0	0.0	0.0	0.0	0.0	0.0	0.0	0.0	146.13793103448276	0.0	0.045104865	-0.10577365500000001	1.016904135	4.0896799999999995	-1.26658	-1.23606	3213072.0	1776544816.143105	0.0	1.0	-1.0	-1.0	-1.0	-1.0	-1.0	-1.0	-1.0	-1.0	0.0	marker	opened-hand	Open	15	0418
-66898.845	-53491.95	-103109.08499999999	-17975.295	0.0	0.0	0.0	0.0	0.0	0.0	0.0	0.0	0.0	0.0	0.0	0.0	0.0	0.0	146.13793103448276	0.0	0.045104865	-0.10577365500000001	1.016904135	4.0896799999999995	-1.26658	-1.23606	3213073.0	1776544816.14311	0.0	1.0	-1.0	-1.0	-1.0	-1.0	-1.0	-1.0	-1.0	-1.0	0.0	marker	opened-hand	Open	15	0418
-66781.845	-53482.365	-103012.515	-17888.309999999998	0.0	0.0	0.0	0.0	0.0	0.0	0.0	0.0	0.0	0.0	0.0	0.0	0.0	0.0	146.13793103448276	0.0	0.045104865	-0.10577365500000001	1.016904135	4.0896799999999995	-1.26658	-1.23606	3213074.0	1776544816.143114	0.0	1.0	-1.0	-1.0	-1.0	-1.0	-1.0	-1.0	-1.0	-1.0	0.0	marker	opened-hand	Open	15	0418
-66796.425	-53483.22	-103006.575	-17879.489999999998	0.0	0.0	0.0	0.0	0.0	0.0	0.0	0.0	0.0	0.0	0.0	0.0	0.0	0.0	146.13793103448276	0.0	0.045104865	-0.10577365500000001	1.016904135	4.0896799999999995	-1.26658	-1.23606	3213075.0	1776544816.143119	0.0	1.0	-1.0	-1.0	-1.0	-1.0	-1.0	-1.0	-1.0	-1.0	0.0	marker	opened-hand	Open	15	0418
-66845.88	-53496.765	-102998.295	-17836.605	0.0	0.0	0.0	0.0	0.0	0.0	0.0	0.0	0.0	0.0	0.0	0.0	0.0	0.0	146.13793103448276	0.0	0.045104865	-0.10577365500000001	1.016904135	4.0896799999999995	-1.26658	-1.23606	3213076.0	1776544816.143123	0.0	1.0	-1.0	-1.0	-1.0	-1.0	-1.0	-1.0	-1.0	-1.0	0.0	marker	opened-hand	Open	15	0418
-66819.555	-53500.905	-102973.59	-17802.989999999998	0.0	0.0	0.0	0.0	0.0	0.0	0.0	0.0	0.0	0.0	0.0	0.0	0.0	0.0	146.13793103448276	0.0	0.045104865	-0.10577365500000001	1.016904135	4.0896799999999995	-1.26658	-1.23606	3213077.0	1776544816.143434	0.0	1.0	-1.0	-1.0	-1.0	-1.0	-1.0	-1.0	-1.0	-1.0	0.0	marker	opened-hand	Open	15	0418
-66751.155	-53499.689999999995	-103010.355	-17861.579999999998	0.0	0.0	0.0	0.0	0.0	0.0	0.0	0.0	0.0	0.0	0.0	0.0	0.0	0.0	146.13793103448276	0.0	0.045104865	-0.10577365500000001	1.016904135	4.0896799999999995	-1.26658	-1.23606	3213078.0	1776544816.143439	0.0	1.0	-1.0	-1.0	-1.0	-1.0	-1.0	-1.0	-1.0	-1.0	0.0	marker	opened-hand	Open	15	0418
-66666.915	-53486.46	-103003.605	-17889.344999999998	0.0	0.0	0.0	0.0	0.0	0.0	0.0	0.0	0.0	0.0	0.0	0.0	0.0	0.0	146.13793103448276	0.0	0.049316280000000004	-0.1037595	1.00732164	3.8455199999999996	-0.09156	-0.8087799999999999	3213079.0	1776544816.143523	0.0	1.0	-1.0	-1.0	-1.0	-1.0	-1.0	-1.0	-1.0	-1.0	0.0	marker	opened-hand	Open	15	0418
-66693.105	-53477.1	-102926.745	-17793.135	0.0	0.0	0.0	0.0	0.0	0.0	0.0	0.0	0.0	0.0	0.0	0.0	0.0	0.0	146.13793103448276	0.0	0.049316280000000004	-0.1037595	1.00732164	3.8455199999999996	-0.09156	-0.8087799999999999	3213080.0	1776544816.143527	0.0	1.0	-1.0	-1.0	-1.0	-1.0	-1.0	-1.0	-1.0	-1.0	0.0	marker	opened-hand	Open	15	0418
-66773.745	-53478.674999999996	-103020.97499999999	-17864.864999999998	0.0	0.0	0.0	0.0	0.0	0.0	0.0	0.0	0.0	0.0	0.0	0.0	0.0	0.0	146.13793103448276	0.0	0.049316280000000004	-0.1037595	1.00732164	3.8455199999999996	-0.09156	-0.8087799999999999	3213081.0	1776544816.143534	0.0	1.0	-1.0	-1.0	-1.0	-1.0	-1.0	-1.0	-1.0	-1.0	0.0	marker	opened-hand	Open	15	0418
-66839.76	-53479.35	-103122.045	-17982.675	0.0	0.0	0.0	0.0	0.0	0.0	0.0	0.0	0.0	0.0	0.0	0.0	0.0	0.0	146.13793103448276	0.0	0.049316280000000004	-0.1037595	1.00732164	3.8455199999999996	-0.09156	-0.8087799999999999	3213082.0	1776544816.143538	0.0	1.0	-1.0	-1.0	-1.0	-1.0	-1.0	-1.0	-1.0	-1.0	0.0	marker	opened-hand	Open	15	0418
-66835.26	-53474.22	-103121.73	-17989.38	0.0	0.0	0.0	0.0	0.0	0.0	0.0	0.0	0.0	0.0	0.0	0.0	0.0	0.0	146.13793103448276	0.0	0.049316280000000004	-0.1037595	1.00732164	3.8455199999999996	-0.09156	-0.8087799999999999	3213083.0	1776544816.143561	0.0	1.0	-1.0	-1.0	-1.0	-1.0	-1.0	-1.0	-1.0	-1.0	0.0	marker	opened-hand	Open	15	0418
-66836.88	-53476.2	-103112.325	-17977.68	0.0	0.0	0.0	0.0	0.0	0.0	0.0	0.0	0.0	0.0	0.0	0.0	0.0	0.0	146.13793103448276	0.0	0.049316280000000004	-0.1037595	1.00732164	3.8455199999999996	-0.09156	-0.8087799999999999	3213084.0	1776544816.143565	0.0	1.0	-1.0	-1.0	-1.0	-1.0	-1.0	-1.0	-1.0	-1.0	0.0	marker	opened-hand	Open	15	0418
-66736.305	-53471.34	-102994.065	-17859.78	0.0	0.0	0.0	0.0	0.0	0.0	0.0	0.0	0.0	0.0	0.0	0.0	0.0	0.0	146.13793103448276	0.0	0.049316280000000004	-0.1037595	1.00732164	3.8455199999999996	-0.09156	-0.8087799999999999	3213085.0	1776544816.14357	0.0	1.0	-1.0	-1.0	-1.0	-1.0	-1.0	-1.0	-1.0	-1.0	0.0	marker	opened-hand	Open	15	0418
-66562.38	-53457.93	-102757.815	-17641.71	0.0	0.0	0.0	0.0	0.0	0.0	0.0	0.0	0.0	0.0	0.0	0.0	0.0	0.0	146.13793103448276	0.0	0.049316280000000004	-0.1037595	1.00732164	3.8455199999999996	-0.09156	-0.8087799999999999	3213086.0	1776544816.143573	0.0	1.0	-1.0	-1.0	-1.0	-1.0	-1.0	-1.0	-1.0	-1.0	0.0	marker	opened-hand	Open	15	0418
-66709.89	-53458.784999999996	-102862.08	-17726.445	0.0	0.0	0.0	0.0	0.0	0.0	0.0	0.0	0.0	0.0	0.0	0.0	0.0	0.0	146.13793103448276	0.0	0.049316280000000004	-0.1037595	1.00732164	3.8455199999999996	-0.09156	-0.8087799999999999	3213087.0	1776544816.143578	0.0	1.0	-1.0	-1.0	-1.0	-1.0	-1.0	-1.0	-1.0	-1.0	0.0	marker	opened-hand	Open	15	0418
-66867.165	-53455.32	-103076.595	-17940.735	0.0	0.0	0.0	0.0	0.0	0.0	0.0	0.0	0.0	0.0	0.0	0.0	0.0	0.0	146.13793103448276	0.0	0.049316280000000004	-0.1037595	1.00732164	3.8455199999999996	-0.09156	-0.8087799999999999	3213088.0	1776544816.143581	0.0	1.0	-1.0	-1.0	-1.0	-1.0	-1.0	-1.0	-1.0	-1.0	0.0	marker	opened-hand	Open	15	0418
-66744.22499999999	-53437.95	-102996.26999999999	-17883.855	0.0	0.0	0.0	0.0	0.0	0.0	0.0	0.0	0.0	0.0	0.0	0.0	0.0	0.0	146.0	0.0	0.0476073	-0.104430885	1.007870955	3.17408	-0.15259999999999999	-1.0224199999999999	3213089.0	1776544816.143586	0.0	1.0	-1.0	-1.0	-1.0	-1.0	-1.0	-1.0	-1.0	-1.0	0.0	marker	opened-hand	Open	15	0418
-66748.455	-53432.909999999996	-103019.44499999999	-17901.54	0.0	0.0	0.0	0.0	0.0	0.0	0.0	0.0	0.0	0.0	0.0	0.0	0.0	0.0	146.0	0.0	0.0476073	-0.104430885	1.007870955	3.17408	-0.15259999999999999	-1.0224199999999999	3213090.0	1776544816.14359	0.0	1.0	-1.0	-1.0	-1.0	-1.0	-1.0	-1.0	-1.0	-1.0	0.0	marker	opened-hand	Open	15	0418
-66842.595	-53433.134999999995	-103058.595	-17939.969999999998	0.0	0.0	0.0	0.0	0.0	0.0	0.0	0.0	0.0	0.0	0.0	0.0	0.0	0.0	146.0	0.0	0.0476073	-0.104430885	1.007870955	3.17408	-0.15259999999999999	-1.0224199999999999	3213091.0	1776544816.143595	0.0	1.0	-1.0	-1.0	-1.0	-1.0	-1.0	-1.0	-1.0	-1.0	0.0	marker	opened-hand	Open	15	0418
-66863.34	-53435.7	-103053.78	-17934.434999999998	0.0	0.0	0.0	0.0	0.0	0.0	0.0	0.0	0.0	0.0	0.0	0.0	0.0	0.0	146.0	0.0	0.0476073	-0.104430885	1.007870955	3.17408	-0.15259999999999999	-1.0224199999999999	3213092.0	1776544816.143598	0.0	1.0	-1.0	-1.0	-1.0	-1.0	-1.0	-1.0	-1.0	-1.0	0.0	marker	opened-hand	Open	15	0418
-66788.73	-53428.409999999996	-102988.89	-17871.12	0.0	0.0	0.0	0.0	0.0	0.0	0.0	0.0	0.0	0.0	0.0	0.0	0.0	0.0	146.0	0.0	0.0476073	-0.104430885	1.007870955	3.17408	-0.15259999999999999	-1.0224199999999999	3213093.0	1776544816.143603	0.0	1.0	-1.0	-1.0	-1.0	-1.0	-1.0	-1.0	-1.0	-1.0	0.0	marker	opened-hand	Open	15	0418
-66827.06999999999	-53426.204999999994	-103005.98999999999	-17892.54	0.0	0.0	0.0	0.0	0.0	0.0	0.0	0.0	0.0	0.0	0.0	0.0	0.0	0.0	146.0	0.0	0.0476073	-0.104430885	1.007870955	3.17408	-0.15259999999999999	-1.0224199999999999	3213094.0	1776544816.143607	0.0	1.0	-1.0	-1.0	-1.0	-1.0	-1.0	-1.0	-1.0	-1.0	0.0	marker	opened-hand	Open	15	0418
-66902.22	-53439.704999999994	-103106.25	-17960.94	0.0	0.0	0.0	0.0	0.0	0.0	0.0	0.0	0.0	0.0	0.0	0.0	0.0	0.0	146.0	0.0	0.0476073	-0.104430885	1.007870955	3.17408	-0.15259999999999999	-1.0224199999999999	3213095.0	1776544816.143611	0.0	1.0	-1.0	-1.0	-1.0	-1.0	-1.0	-1.0	-1.0	-1.0	0.0	marker	opened-hand	Open	15	0418
-66808.125	-53437.994999999995	-103048.245	-17884.62	0.0	0.0	0.0	0.0	0.0	0.0	0.0	0.0	0.0	0.0	0.0	0.0	0.0	0.0	146.0	0.0	0.0476073	-0.104430885	1.007870955	3.17408	-0.15259999999999999	-1.0224199999999999	3213096.0	1776544816.143615	0.0	1.0	-1.0	-1.0	-1.0	-1.0	-1.0	-1.0	-1.0	-1.0	0.0	marker	opened-hand	Open	15	0418
-66734.145	-53426.924999999996	-102944.295	-17780.579999999998	0.0	0.0	0.0	0.0	0.0	0.0	0.0	0.0	0.0	0.0	0.0	0.0	0.0	0.0	146.0	0.0	0.0476073	-0.104430885	1.007870955	3.17408	-0.15259999999999999	-1.0224199999999999	3213097.0	1776544816.14362	0.0	1.0	-1.0	-1.0	-1.0	-1.0	-1.0	-1.0	-1.0	-1.0	0.0	marker	opened-hand	Open	15	0418
-66682.035	-53409.329999999994	-102828.015	-17719.38	0.0	0.0	0.0	0.0	0.0	0.0	0.0	0.0	0.0	0.0	0.0	0.0	0.0	0.0	146.0	0.0	0.0476073	-0.104430885	1.007870955	3.17408	-0.15259999999999999	-1.0224199999999999	3213098.0	1776544816.143623	0.0	1.0	-1.0	-1.0	-1.0	-1.0	-1.0	-1.0	-1.0	-1.0	0.0	marker	opened-hand	Open	15	0418
-66699.18	-53409.195	-102809.61	-17783.954999999998	0.0	0.0	0.0	0.0	0.0	0.0	0.0	0.0	0.0	0.0	0.0	0.0	0.0	0.0	146.0	0.0	0.0402831	-0.102477765	1.010312355	2.48738	0.03052	-0.85456	3213099.0	1776544816.143628	0.0	1.0	-1.0	-1.0	-1.0	-1.0	-1.0	-1.0	-1.0	-1.0	0.0	marker	opened-hand	Open	15	0418
-66735.855	-53442.134999999995	-102901.95	-17829.63	0.0	0.0	0.0	0.0	0.0	0.0	0.0	0.0	0.0	0.0	0.0	0.0	0.0	0.0	146.0	0.0	0.0402831	-0.102477765	1.010312355	2.48738	0.03052	-0.85456	3213100.0	1776544816.143632	0.0	1.0	-1.0	-1.0	-1.0	-1.0	-1.0	-1.0	-1.0	-1.0	0.0	marker	opened-hand	Open	15	0418
-66891.42	-53463.915	-103200.345	-17987.895	0.0	0.0	0.0	0.0	0.0	0.0	0.0	0.0	0.0	0.0	0.0	0.0	0.0	0.0	146.0	0.0	0.0402831	-0.102477765	1.010312355	2.48738	0.03052	-0.85456	3213101.0	1776544816.143636	0.0	1.0	-1.0	-1.0	-1.0	-1.0	-1.0	-1.0	-1.0	-1.0	0.0	marker	opened-hand	Open	15	0418
-66853.89	-53467.244999999995	-103234.455	-18035.594999999998	0.0	0.0	0.0	0.0	0.0	0.0	0.0	0.0	0.0	0.0	0.0	0.0	0.0	0.0	146.0	0.0	0.0402831	-0.102477765	1.010312355	2.48738	0.03052	-0.85456	3213102.0	1776544816.14364	0.0	1.0	-1.0	-1.0	-1.0	-1.0	-1.0	-1.0	-1.0	-1.0	0.0	marker	opened-hand	Open	15	0418
-66768.61499999999	-53463.015	-103109.22	-17948.79	0.0	0.0	0.0	0.0	0.0	0.0	0.0	0.0	0.0	0.0	0.0	0.0	0.0	0.0	146.0	0.0	0.0402831	-0.102477765	1.010312355	2.48738	0.03052	-0.85456	3213103.0	1776544816.143704	0.0	1.0	-1.0	-1.0	-1.0	-1.0	-1.0	-1.0	-1.0	-1.0	0.0	marker	opened-hand	Open	15	0418
-66729.465	-53454.42	-102951.22499999999	-17811.45	0.0	0.0	0.0	0.0	0.0	0.0	0.0	0.0	0.0	0.0	0.0	0.0	0.0	0.0	146.0	0.0	0.0402831	-0.102477765	1.010312355	2.48738	0.03052	-0.85456	3213104.0	1776544816.143708	0.0	1.0	-1.0	-1.0	-1.0	-1.0	-1.0	-1.0	-1.0	-1.0	0.0	marker	opened-hand	Open	15	0418
-66734.73	-53448.84	-102927.375	-17784.405	0.0	0.0	0.0	0.0	0.0	0.0	0.0	0.0	0.0	0.0	0.0	0.0	0.0	0.0	146.0	0.0	0.0402831	-0.102477765	1.010312355	2.48738	0.03052	-0.85456	3213105.0	1776544816.143713	0.0	1.0	-1.0	-1.0	-1.0	-1.0	-1.0	-1.0	-1.0	-1.0	0.0	marker	opened-hand	Open	15	0418
-66828.69	-53441.505	-103032.09	-17902.079999999998	0.0	0.0	0.0	0.0	0.0	0.0	0.0	0.0	0.0	0.0	0.0	0.0	0.0	0.0	146.0	0.0	0.0402831	-0.102477765	1.010312355	2.48738	0.03052	-0.85456	3213106.0	1776544816.143717	0.0	1.0	-1.0	-1.0	-1.0	-1.0	-1.0	-1.0	-1.0	-1.0	0.0	marker	opened-hand	Open	15	0418
-66854.61	-53427.6	-103078.575	-17952.12	0.0	0.0	0.0	0.0	0.0	0.0	0.0	0.0	0.0	0.0	0.0	0.0	0.0	0.0	146.0	0.0	0.0402831	-0.102477765	1.010312355	2.48738	0.03052	-0.85456	3213107.0	1776544816.143722	0.0	1.0	-1.0	-1.0	-1.0	-1.0	-1.0	-1.0	-1.0	-1.0	0.0	marker	opened-hand	Open	15	0418
-66772.665	-53429.354999999996	-103036.545	-17914.59	0.0	0.0	0.0	0.0	0.0	0.0	0.0	0.0	0.0	0.0	0.0	0.0	0.0	0.0	146.0	0.0	0.0402831	-0.102477765	1.010312355	2.48738	0.03052	-0.85456	3213108.0	1776544816.143725	0.0	1.0	-1.0	-1.0	-1.0	-1.0	-1.0	-1.0	-1.0	-1.0	0.0	marker	opened-hand	Open	15	0418
-66716.955	-53444.07	-103011.25499999999	-17898.12	0.0	0.0	0.0	0.0	0.0	0.0	0.0	0.0	0.0	0.0	0.0	0.0	0.0	0.0	146.0	0.0	0.04467762	-0.09936498	1.01293686	2.5942	0.07629999999999999	0.01526	3213109.0	1776544816.14373	0.0	1.0	-1.0	-1.0	-1.0	-1.0	-1.0	-1.0	-1.0	-1.0	0.0	marker	opened-hand	Open	15	0418
-66690.09	-53465.805	-103005.405	-17890.739999999998	0.0	0.0	0.0	0.0	0.0	0.0	0.0	0.0	0.0	0.0	0.0	0.0	0.0	0.0	146.0	0.0	0.04467762	-0.09936498	1.01293686	2.5942	0.07629999999999999	0.01526	3213110.0	1776544816.143734	0.0	1.0	-1.0	-1.0	-1.0	-1.0	-1.0	-1.0	-1.0	-1.0	0.0	marker	opened-hand	Open	15	0418
-66810.105	-53488.755	-103074.03	-17932.86	0.0	0.0	0.0	0.0	0.0	0.0	0.0	0.0	0.0	0.0	0.0	0.0	0.0	0.0	146.0	0.0	0.04467762	-0.09936498	1.01293686	2.5942	0.07629999999999999	0.01526	3213111.0	1776544816.143738	0.0	1.0	-1.0	-1.0	-1.0	-1.0	-1.0	-1.0	-1.0	-1.0	0.0	marker	opened-hand	Open	15	0418
-66857.31	-53480.744999999995	-103052.06999999999	-17904.015	0.0	0.0	0.0	0.0	0.0	0.0	0.0	0.0	0.0	0.0	0.0	0.0	0.0	0.0	146.0	0.0	0.04467762	-0.09936498	1.01293686	2.5942	0.07629999999999999	0.01526	3213112.0	1776544816.143742	0.0	1.0	-1.0	-1.0	-1.0	-1.0	-1.0	-1.0	-1.0	-1.0	0.0	marker	opened-hand	Open	15	0418
-66857.31	-53480.744999999995	-103052.06999999999	-17904.015	0.0	0.0	0.0	0.0	0.0	0.0	0.0	0.0	0.0	0.0	0.0	0.0	0.0	0.0	146.0	0.0	0.04467762	-0.09936498	1.01293686	2.5942	0.07629999999999999	0.01526	3213113.0	1776544816.14532	0.0	1.0	-1.0	-1.0	-1.0	-1.0	-1.0	-1.0	-1.0	-1.0	0.0	marker	opened-hand	Open	15	0418
-66857.31	-53480.744999999995	-103052.06999999999	-17904.015	0.0	0.0	0.0	0.0	0.0	0.0	0.0	0.0	0.0	0.0	0.0	0.0	0.0	0.0	146.0	0.0	0.04467762	-0.09936498	1.01293686	2.5942	0.07629999999999999	0.01526	3213114.0	1776544816.145324	0.0	1.0	-1.0	-1.0	-1.0	-1.0	-1.0	-1.0	-1.0	-1.0	0.0	marker	opened-hand	Open	15	0418
-66857.31	-53480.744999999995	-103052.06999999999	-17904.015	0.0	0.0	0.0	0.0	0.0	0.0	0.0	0.0	0.0	0.0	0.0	0.0	0.0	0.0	146.0	0.0	0.04467762	-0.09936498	1.01293686	2.5942	0.07629999999999999	0.01526	3213115.0	1776544816.145327	0.0	1.0	-1.0	-1.0	-1.0	-1.0	-1.0	-1.0	-1.0	-1.0	0.0	marker	opened-hand	Open	15	0418
-66857.31	-53480.744999999995	-103052.06999999999	-17904.015	0.0	0.0	0.0	0.0	0.0	0.0	0.0	0.0	0.0	0.0	0.0	0.0	0.0	0.0	146.0	0.0	0.04467762	-0.09936498	1.01293686	2.5942	0.07629999999999999	0.01526	3213116.0	1776544816.14533	0.0	1.0	-1.0	-1.0	-1.0	-1.0	-1.0	-1.0	-1.0	-1.0	0.0	marker	opened-hand	Open	15	0418
-66797.86499999999	-53496.27	-103079.295	-17978.399999999998	0.0	0.0	0.0	0.0	0.0	0.0	0.0	0.0	0.0	0.0	0.0	0.0	0.0	0.0	146.0	0.0	0.04833972	-0.09954808500000001	1.013852385	3.41824	0.13734	-0.44254	3213119.0	1776544816.150727	0.0	1.0	-1.0	-1.0	-1.0	-1.0	-1.0	-1.0	-1.0	-1.0	0.0	marker	opened-hand	Open	15	0418
-66641.48999999999	-53480.295	-102838.14	-17747.37	0.0	0.0	0.0	0.0	0.0	0.0	0.0	0.0	0.0	0.0	0.0	0.0	0.0	0.0	146.0	0.0	0.04833972	-0.09954808500000001	1.013852385	3.41824	0.13734	-0.44254	3213120.0	1776544816.150748	0.0	1.0	-1.0	-1.0	-1.0	-1.0	-1.0	-1.0	-1.0	-1.0	0.0	marker	opened-hand	Open	15	0418
-66577.455	-53477.235	-102719.385	-17584.695	0.0	0.0	0.0	0.0	0.0	0.0	0.0	0.0	0.0	0.0	0.0	0.0	0.0	0.0	146.0	0.0	0.04833972	-0.09954808500000001	1.013852385	3.41824	0.13734	-0.44254	3213121.0	1776544816.158179	0.0	1.0	-1.0	-1.0	-1.0	-1.0	-1.0	-1.0	-1.0	-1.0	0.0	marker	opened-hand	Open	15	0418
-66795.03	-53490.329999999994	-103006.305	-17847.945	0.0	0.0	0.0	0.0	0.0	0.0	0.0	0.0	0.0	0.0	0.0	0.0	0.0	0.0	146.0	0.0	0.04833972	-0.09954808500000001	1.013852385	3.41824	0.13734	-0.44254	3213122.0	1776544816.158211	0.0	1.0	-1.0	-1.0	-1.0	-1.0	-1.0	-1.0	-1.0	-1.0	0.0	marker	opened-hand	Open	15	0418
-66981.105	-53499.869999999995	-103230.09	-18095.85	0.0	0.0	0.0	0.0	0.0	0.0	0.0	0.0	0.0	0.0	0.0	0.0	0.0	0.0	146.0	0.0	0.04833972	-0.09954808500000001	1.013852385	3.41824	0.13734	-0.44254	3213123.0	1776544816.160009	0.0	1.0	-1.0	-1.0	-1.0	-1.0	-1.0	-1.0	-1.0	-1.0	0.0	marker	opened-hand	Open	15	0418
-66966.03	-53491.409999999996	-103214.11499999999	-18107.01	0.0	0.0	0.0	0.0	0.0	0.0	0.0	0.0	0.0	0.0	0.0	0.0	0.0	0.0	146.0	0.0	0.04833972	-0.09954808500000001	1.013852385	3.41824	0.13734	-0.44254	3213124.0	1776544816.160013	0.0	1.0	-1.0	-1.0	-1.0	-1.0	-1.0	-1.0	-1.0	-1.0	0.0	marker	opened-hand	Open	15	0418
-66892.905	-53484.795	-103153.72499999999	-18073.53	0.0	0.0	0.0	0.0	0.0	0.0	0.0	0.0	0.0	0.0	0.0	0.0	0.0	0.0	146.0	0.0	0.04833972	-0.09954808500000001	1.013852385	3.41824	0.13734	-0.44254	3213125.0	1776544816.197985	0.0	1.0	-1.0	-1.0	-1.0	-1.0	-1.0	-1.0	-1.0	-1.0	0.0	marker	opened-hand	Open	15	0418
-66845.205	-53485.92	-103110.3	-17996.805	0.0	0.0	0.0	0.0	0.0	0.0	0.0	0.0	0.0	0.0	0.0	0.0	0.0	0.0	146.0	0.0	0.04833972	-0.09954808500000001	1.013852385	3.41824	0.13734	-0.44254	3213126.0	1776544816.197991	0.0	1.0	-1.0	-1.0	-1.0	-1.0	-1.0	-1.0	-1.0	-1.0	0.0	marker	opened-hand	Open	15	0418
-66802.185	-53489.655	-103062.23999999999	-17902.215	0.0	0.0	0.0	0.0	0.0	0.0	0.0	0.0	0.0	0.0	0.0	0.0	0.0	0.0	146.0	0.0	0.04833972	-0.09954808500000001	1.013852385	3.41824	0.13734	-0.44254	3213127.0	1776544816.198012	0.0	1.0	-1.0	-1.0	-1.0	-1.0	-1.0	-1.0	-1.0	-1.0	0.0	marker	opened-hand	Open	15	0418
-66808.89	-53480.655	-103045.31999999999	-17893.215	0.0	0.0	0.0	0.0	0.0	0.0	0.0	0.0	0.0	0.0	0.0	0.0	0.0	0.0	146.0	0.0	0.04833972	-0.09954808500000001	1.013852385	3.41824	0.13734	-0.44254	3213128.0	1776544816.198016	0.0	1.0	-1.0	-1.0	-1.0	-1.0	-1.0	-1.0	-1.0	-1.0	0.0	marker	opened-hand	Open	15	0418
-66857.715	-53463.96	-103066.01999999999	-17904.51	0.0	0.0	0.0	0.0	0.0	0.0	0.0	0.0	0.0	0.0	0.0	0.0	0.0	0.0	146.0	0.0	0.049621455	-0.10156224	1.0147068750000001	3.38772	-0.01526	-1.0224199999999999	3213129.0	1776544816.198024	0.0	1.0	-1.0	-1.0	-1.0	-1.0	-1.0	-1.0	-1.0	-1.0	0.0	marker	opened-hand	Open	15	0418
-66837.555	-53446.14	-103061.34	-17928.45	0.0	0.0	0.0	0.0	0.0	0.0	0.0	0.0	0.0	0.0	0.0	0.0	0.0	0.0	146.0	0.0	0.049621455	-0.10156224	1.0147068750000001	3.38772	-0.01526	-1.0224199999999999	3213130.0	1776544816.198028	0.0	1.0	-1.0	-1.0	-1.0	-1.0	-1.0	-1.0	-1.0	-1.0	0.0	marker	opened-hand	Open	15	0418
-66813.165	-53438.49	-103047.20999999999	-17928.36	0.0	0.0	0.0	0.0	0.0	0.0	0.0	0.0	0.0	0.0	0.0	0.0	0.0	0.0	146.0	0.0	0.049621455	-0.10156224	1.0147068750000001	3.38772	-0.01526	-1.0224199999999999	3213131.0	1776544816.198033	0.0	1.0	-1.0	-1.0	-1.0	-1.0	-1.0	-1.0	-1.0	-1.0	0.0	marker	opened-hand	Open	15	0418
-66798.58499999999	-53443.395	-103028.04	-17902.305	0.0	0.0	0.0	0.0	0.0	0.0	0.0	0.0	0.0	0.0	0.0	0.0	0.0	0.0	146.0	0.0	0.049621455	-0.10156224	1.0147068750000001	3.38772	-0.01526	-1.0224199999999999	3213132.0	1776544816.198037	0.0	1.0	-1.0	-1.0	-1.0	-1.0	-1.0	-1.0	-1.0	-1.0	0.0	marker	opened-hand	Open	15	0418
-66671.685	-53432.505	-102967.92	-17863.92	0.0	0.0	0.0	0.0	0.0	0.0	0.0	0.0	0.0	0.0	0.0	0.0	0.0	0.0	146.0	0.0	0.049621455	-0.10156224	1.0147068750000001	3.38772	-0.01526	-1.0224199999999999	3213133.0	1776544816.198042	0.0	1.0	-1.0	-1.0	-1.0	-1.0	-1.0	-1.0	-1.0	-1.0	0.0	marker	opened-hand	Open	15	0418
-66771.22499999999	-53432.595	-103041.855	-17912.114999999998	0.0	0.0	0.0	0.0	0.0	0.0	0.0	0.0	0.0	0.0	0.0	0.0	0.0	0.0	146.0	0.0	0.049621455	-0.10156224	1.0147068750000001	3.38772	-0.01526	-1.0224199999999999	3213134.0	1776544816.198047	0.0	1.0	-1.0	-1.0	-1.0	-1.0	-1.0	-1.0	-1.0	-1.0	0.0	marker	opened-hand	Open	15	0418
-66820.59	-53450.954999999994	-102975.12	-17860.725	0.0	0.0	0.0	0.0	0.0	0.0	0.0	0.0	0.0	0.0	0.0	0.0	0.0	0.0	146.0	0.0	0.049621455	-0.10156224	1.0147068750000001	3.38772	-0.01526	-1.0224199999999999	3213135.0	1776544816.198052	0.0	1.0	-1.0	-1.0	-1.0	-1.0	-1.0	-1.0	-1.0	-1.0	0.0	marker	opened-hand	Open	15	0418
-66708.765	-53494.155	-102848.84999999999	-17748.135	0.0	0.0	0.0	0.0	0.0	0.0	0.0	0.0	0.0	0.0	0.0	0.0	0.0	0.0	146.0	0.0	0.049621455	-0.10156224	1.0147068750000001	3.38772	-0.01526	-1.0224199999999999	3213136.0	1776544816.198056	0.0	1.0	-1.0	-1.0	-1.0	-1.0	-1.0	-1.0	-1.0	-1.0	0.0	marker	opened-hand	Open	15	0418
-66743.685	-53522.685	-102961.935	-17812.665	0.0	0.0	0.0	0.0	0.0	0.0	0.0	0.0	0.0	0.0	0.0	0.0	0.0	0.0	146.0	0.0	0.049621455	-0.10156224	1.0147068750000001	3.38772	-0.01526	-1.0224199999999999	3213137.0	1776544816.198061	0.0	1.0	-1.0	-1.0	-1.0	-1.0	-1.0	-1.0	-1.0	-1.0	0.0	marker	opened-hand	Open	15	0418
-66801.87	-53521.244999999995	-103043.87999999999	-17865.63	0.0	0.0	0.0	0.0	0.0	0.0	0.0	0.0	0.0	0.0	0.0	0.0	0.0	0.0	146.0	0.0	0.049621455	-0.10156224	1.0147068750000001	3.38772	-0.01526	-1.0224199999999999	3213138.0	1776544816.198065	0.0	1.0	-1.0	-1.0	-1.0	-1.0	-1.0	-1.0	-1.0	-1.0	0.0	marker	opened-hand	Open	15	0418
-66754.17	-53511.704999999994	-103047.3	-17910.989999999998	0.0	0.0	0.0	0.0	0.0	0.0	0.0	0.0	0.0	0.0	0.0	0.0	0.0	0.0	146.0	0.0	0.04614246	-0.10040257500000001	1.014462735	3.26564	-0.32045999999999997	-0.2289	3213139.0	1776544816.19807	0.0	1.0	-1.0	-1.0	-1.0	-1.0	-1.0	-1.0	-1.0	-1.0	0.0	marker	opened-hand	Open	15	0418
-66760.425	-53500.994999999995	-103040.595	-17891.325	0.0	0.0	0.0	0.0	0.0	0.0	0.0	0.0	0.0	0.0	0.0	0.0	0.0	0.0	146.0	0.0	0.04614246	-0.10040257500000001	1.014462735	3.26564	-0.32045999999999997	-0.2289	3213140.0	1776544816.198074	0.0	1.0	-1.0	-1.0	-1.0	-1.0	-1.0	-1.0	-1.0	-1.0	0.0	marker	opened-hand	Open	15	0418
-66732.48	-53493.435	-102909.95999999999	-17756.505	0.0	0.0	0.0	0.0	0.0	0.0	0.0	0.0	0.0	0.0	0.0	0.0	0.0	0.0	146.0	0.0	0.04614246	-0.10040257500000001	1.014462735	3.26564	-0.32045999999999997	-0.2289	3213141.0	1776544816.323908	0.0	1.0	-1.0	-1.0	-1.0	-1.0	-1.0	-1.0	-1.0	-1.0	0.0	marker	opened-hand	Open	15	0418
-66719.34	-53502.255	-102878.55	-17725.41	0.0	0.0	0.0	0.0	0.0	0.0	0.0	0.0	0.0	0.0	0.0	0.0	0.0	0.0	146.0	0.0	0.04614246	-0.10040257500000001	1.014462735	3.26564	-0.32045999999999997	-0.2289	3213142.0	1776544816.323931	0.0	1.0	-1.0	-1.0	-1.0	-1.0	-1.0	-1.0	-1.0	-1.0	0.0	marker	opened-hand	Open	15	0418
-66788.28	-53523.36	-103012.65	-17887.59	0.0	0.0	0.0	0.0	0.0	0.0	0.0	0.0	0.0	0.0	0.0	0.0	0.0	0.0	146.0	0.0	0.04614246	-0.10040257500000001	1.014462735	3.26564	-0.32045999999999997	-0.2289	3213143.0	1776544816.324043	0.0	1.0	-1.0	-1.0	-1.0	-1.0	-1.0	-1.0	-1.0	-1.0	0.0	marker	opened-hand	Open	15	0418
-66767.44499999999	-53530.92	-103047.03	-17946.09	0.0	0.0	0.0	0.0	0.0	0.0	0.0	0.0	0.0	0.0	0.0	0.0	0.0	0.0	146.0	0.0	0.04614246	-0.10040257500000001	1.014462735	3.26564	-0.32045999999999997	-0.2289	3213144.0	1776544816.32406	0.0	1.0	-1.0	-1.0	-1.0	-1.0	-1.0	-1.0	-1.0	-1.0	0.0	marker	opened-hand	Open	15	0418
-66722.44499999999	-53517.645	-102927.59999999999	-17867.745	0.0	0.0	0.0	0.0	0.0	0.0	0.0	0.0	0.0	0.0	0.0	0.0	0.0	0.0	146.0	0.0	0.04614246	-0.10040257500000001	1.014462735	3.26564	-0.32045999999999997	-0.2289	3213145.0	1776544816.324175	0.0	1.0	-1.0	-1.0	-1.0	-1.0	-1.0	-1.0	-1.0	-1.0	0.0	marker	opened-hand	Open	15	0418
-66737.295	-53512.65	-102921.3	-17834.219999999998	0.0	0.0	0.0	0.0	0.0	0.0	0.0	0.0	0.0	0.0	0.0	0.0	0.0	0.0	146.0	0.0	0.04614246	-0.10040257500000001	1.014462735	3.26564	-0.32045999999999997	-0.2289	3213146.0	1776544816.324186	0.0	1.0	-1.0	-1.0	-1.0	-1.0	-1.0	-1.0	-1.0	-1.0	0.0	marker	opened-hand	Open	15	0418
-66689.145	-53497.665	-102978.495	-17802.18	0.0	0.0	0.0	0.0	0.0	0.0	0.0	0.0	0.0	0.0	0.0	0.0	0.0	0.0	146.0	0.0	0.04614246	-0.10040257500000001	1.014462735	3.26564	-0.32045999999999997	-0.2289	3213147.0	1776544816.32423	0.0	1.0	-1.0	-1.0	-1.0	-1.0	-1.0	-1.0	-1.0	-1.0	0.0	marker	opened-hand	Open	15	0418
-66709.125	-53483.445	-103021.875	-17843.085	0.0	0.0	0.0	0.0	0.0	0.0	0.0	0.0	0.0	0.0	0.0	0.0	0.0	0.0	146.0	0.0	0.04614246	-0.10040257500000001	1.014462735	3.26564	-0.32045999999999997	-0.2289	3213148.0	1776544816.324255	0.0	1.0	-1.0	-1.0	-1.0	-1.0	-1.0	-1.0	-1.0	-1.0	0.0	marker	opened-hand	Open	15	0418
-66709.89	-53470.215	-102936.59999999999	-17795.295	0.0	0.0	0.0	0.0	0.0	0.0	0.0	0.0	0.0	0.0	0.0	0.0	0.0	0.0	146.0	0.0	0.045287970000000004	-0.09912084	1.0156224	3.052	-0.30519999999999997	0.30519999999999997	3213149.0	1776544816.324273	0.0	1.0	-1.0	-1.0	-1.0	-1.0	-1.0	-1.0	-1.0	-1.0	0.0	marker	opened-hand	Open	15	0418
-66807.54	-53471.475	-103037.84999999999	-17899.739999999998	0.0	0.0	0.0	0.0	0.0	0.0	0.0	0.0	0.0	0.0	0.0	0.0	0.0	0.0	146.0	0.0	0.045287970000000004	-0.09912084	1.0156224	3.052	-0.30519999999999997	0.30519999999999997	3213150.0	1776544816.324283	0.0	1.0	-1.0	-1.0	-1.0	-1.0	-1.0	-1.0	-1.0	-1.0	0.0	marker	opened-hand	Open	15	0418
-66892.05	-53480.43	-103175.325	-18039.735	0.0	0.0	0.0	0.0	0.0	0.0	0.0	0.0	0.0	0.0	0.0	0.0	0.0	0.0	146.0	0.0	0.045287970000000004	-0.09912084	1.0156224	3.052	-0.30519999999999997	0.30519999999999997	3213151.0	1776544816.324298	0.0	1.0	-1.0	-1.0	-1.0	-1.0	-1.0	-1.0	-1.0	-1.0	0.0	marker	opened-hand	Open	15	0418
-66884.715	-53492.354999999996	-103135.095	-18008.37	0.0	0.0	0.0	0.0	0.0	0.0	0.0	0.0	0.0	0.0	0.0	0.0	0.0	0.0	146.0	0.0	0.045287970000000004	-0.09912084	1.0156224	3.052	-0.30519999999999997	0.30519999999999997	3213152.0	1776544816.324306	0.0	1.0	-1.0	-1.0	-1.0	-1.0	-1.0	-1.0	-1.0	-1.0	0.0	marker	opened-hand	Open	15	0418
-66839.355	-53495.369999999995	-103079.295	-17951.579999999998	0.0	0.0	0.0	0.0	0.0	0.0	0.0	0.0	0.0	0.0	0.0	0.0	0.0	0.0	146.0	0.0	0.045287970000000004	-0.09912084	1.0156224	3.052	-0.30519999999999997	0.30519999999999997	3213153.0	1776544816.324321	0.0	1.0	-1.0	-1.0	-1.0	-1.0	-1.0	-1.0	-1.0	-1.0	0.0	marker	opened-hand	Open	15	0418
-66753.18	-53495.64	-102992.89499999999	-17865.405	0.0	0.0	0.0	0.0	0.0	0.0	0.0	0.0	0.0	0.0	0.0	0.0	0.0	0.0	146.0	0.0	0.045287970000000004	-0.09912084	1.0156224	3.052	-0.30519999999999997	0.30519999999999997	3213154.0	1776544816.324331	0.0	1.0	-1.0	-1.0	-1.0	-1.0	-1.0	-1.0	-1.0	-1.0	0.0	marker	opened-hand	Open	15	0418
-66706.785	-53481.195	-102899.655	-17759.88	0.0	0.0	0.0	0.0	0.0	0.0	0.0	0.0	0.0	0.0	0.0	0.0	0.0	0.0	146.0	0.0	0.045287970000000004	-0.09912084	1.0156224	3.052	-0.30519999999999997	0.30519999999999997	3213155.0	1776544816.324343	0.0	1.0	-1.0	-1.0	-1.0	-1.0	-1.0	-1.0	-1.0	-1.0	0.0	marker	opened-hand	Open	15	0418
-66829.05	-53479.845	-103001.12999999999	-17858.7	0.0	0.0	0.0	0.0	0.0	0.0	0.0	0.0	0.0	0.0	0.0	0.0	0.0	0.0	146.0	0.0	0.045287970000000004	-0.09912084	1.0156224	3.052	-0.30519999999999997	0.30519999999999997	3213156.0	1776544816.324352	0.0	1.0	-1.0	-1.0	-1.0	-1.0	-1.0	-1.0	-1.0	-1.0	0.0	marker	opened-hand	Open	15	0418
-66816.315	-53481.104999999996	-103014.18	-17897.309999999998	0.0	0.0	0.0	0.0	0.0	0.0	0.0	0.0	0.0	0.0	0.0	0.0	0.0	0.0	146.0	0.0	0.045287970000000004	-0.09912084	1.0156224	3.052	-0.30519999999999997	0.30519999999999997	3213157.0	1776544816.324367	0.0	1.0	-1.0	-1.0	-1.0	-1.0	-1.0	-1.0	-1.0	-1.0	0.0	marker	opened-hand	Open	15	0418
-66729.645	-53477.145	-102978.315	-17834.13	0.0	0.0	0.0	0.0	0.0	0.0	0.0	0.0	0.0	0.0	0.0	0.0	0.0	0.0	146.0	0.0	0.045287970000000004	-0.09912084	1.0156224	3.052	-0.30519999999999997	0.30519999999999997	3213158.0	1776544816.324377	0.0	1.0	-1.0	-1.0	-1.0	-1.0	-1.0	-1.0	-1.0	-1.0	0.0	marker	opened-hand	Open	15	0418
-66693.23999999999	-53474.939999999995	-102986.73	-17833.454999999998	0.0	0.0	0.0	0.0	0.0	0.0	0.0	0.0	0.0	0.0	0.0	0.0	0.0	0.0	146.0	0.0	0.047912475	-0.098327385	1.012875825	3.2198599999999997	-0.12208	-0.09156	3213159.0	1776544816.324391	0.0	1.0	-1.0	-1.0	-1.0	-1.0	-1.0	-1.0	-1.0	-1.0	0.0	marker	opened-hand	Open	15	0418
-66772.70999999999	-53472.915	-102975.20999999999	-17876.114999999998	0.0	0.0	0.0	0.0	0.0	0.0	0.0	0.0	0.0	0.0	0.0	0.0	0.0	0.0	146.0	0.0	0.047912475	-0.098327385	1.012875825	3.2198599999999997	-0.12208	-0.09156	3213160.0	1776544816.324399	0.0	1.0	-1.0	-1.0	-1.0	-1.0	-1.0	-1.0	-1.0	-1.0	0.0	marker	opened-hand	Open	15	0418
-66857.985	-53479.395	-103013.14499999999	-17951.489999999998	0.0	0.0	0.0	0.0	0.0	0.0	0.0	0.0	0.0	0.0	0.0	0.0	0.0	0.0	146.0	0.0	0.047912475	-0.098327385	1.012875825	3.2198599999999997	-0.12208	-0.09156	3213161.0	1776544816.324413	0.0	1.0	-1.0	-1.0	-1.0	-1.0	-1.0	-1.0	-1.0	-1.0	0.0	marker	opened-hand	Open	15	0418
-66817.215	-53477.009999999995	-102989.06999999999	-17881.425	0.0	0.0	0.0	0.0	0.0	0.0	0.0	0.0	0.0	0.0	0.0	0.0	0.0	0.0	146.0	0.0	0.047912475	-0.098327385	1.012875825	3.2198599999999997	-0.12208	-0.09156	3213162.0	1776544816.324424	0.0	1.0	-1.0	-1.0	-1.0	-1.0	-1.0	-1.0	-1.0	-1.0	0.0	marker	opened-hand	Open	15	0418
-66830.31	-53470.979999999996	-103077.72	-17923.77	0.0	0.0	0.0	0.0	0.0	0.0	0.0	0.0	0.0	0.0	0.0	0.0	0.0	0.0	146.0	0.0	0.047912475	-0.098327385	1.012875825	3.2198599999999997	-0.12208	-0.09156	3213163.0	1776544816.324529	0.0	1.0	-1.0	-1.0	-1.0	-1.0	-1.0	-1.0	-1.0	-1.0	0.0	marker	opened-hand	Open	15	0418
-66860.45999999999	-53460.45	-103086.62999999999	-17936.28	0.0	0.0	0.0	0.0	0.0	0.0	0.0	0.0	0.0	0.0	0.0	0.0	0.0	0.0	146.0	0.0	0.047912475	-0.098327385	1.012875825	3.2198599999999997	-0.12208	-0.09156	3213164.0	1776544816.324542	0.0	1.0	-1.0	-1.0	-1.0	-1.0	-1.0	-1.0	-1.0	-1.0	0.0	marker	opened-hand	Open	15	0418
-66804.03	-53447.534999999996	-102998.025	-17889.614999999998	0.0	0.0	0.0	0.0	0.0	0.0	0.0	0.0	0.0	0.0	0.0	0.0	0.0	0.0	146.0	0.0	0.047912475	-0.098327385	1.012875825	3.2198599999999997	-0.12208	-0.09156	3213165.0	1776544816.324556	0.0	1.0	-1.0	-1.0	-1.0	-1.0	-1.0	-1.0	-1.0	-1.0	0.0	marker	opened-hand	Open	15	0418
-66766.185	-53446.814999999995	-103045.635	-17912.024999999998	0.0	0.0	0.0	0.0	0.0	0.0	0.0	0.0	0.0	0.0	0.0	0.0	0.0	0.0	146.0	0.0	0.047912475	-0.098327385	1.012875825	3.2198599999999997	-0.12208	-0.09156	3213166.0	1776544816.324565	0.0	1.0	-1.0	-1.0	-1.0	-1.0	-1.0	-1.0	-1.0	-1.0	0.0	marker	opened-hand	Open	15	0418
-66732.03	-53438.985	-102991.36499999999	-17845.38	0.0	0.0	0.0	0.0	0.0	0.0	0.0	0.0	0.0	0.0	0.0	0.0	0.0	0.0	146.0	0.0	0.047912475	-0.098327385	1.012875825	3.2198599999999997	-0.12208	-0.09156	3213167.0	1776544816.324579	0.0	1.0	-1.0	-1.0	-1.0	-1.0	-1.0	-1.0	-1.0	-1.0	0.0	marker	opened-hand	Open	15	0418
-66581.64	-53423.64	-102791.79	-17672.94	0.0	0.0	0.0	0.0	0.0	0.0	0.0	0.0	0.0	0.0	0.0	0.0	0.0	0.0	146.0	0.0	0.047912475	-0.098327385	1.012875825	3.2198599999999997	-0.12208	-0.09156	3213168.0	1776544816.324589	0.0	1.0	-1.0	-1.0	-1.0	-1.0	-1.0	-1.0	-1.0	-1.0	0.0	marker	opened-hand	Open	15	0418
-66574.62	-53430.57	-102833.90999999999	-17701.065	0.0	0.0	0.0	0.0	0.0	0.0	0.0	0.0	0.0	0.0	0.0	0.0	0.0	0.0	146.0	0.0	0.049377315	-0.099303945	1.01183823	3.41824	-0.16785999999999998	-0.21364	3213169.0	1776544816.324601	0.0	1.0	-1.0	-1.0	-1.0	-1.0	-1.0	-1.0	-1.0	-1.0	0.0	marker	opened-hand	Open	15	0418
-66611.79	-53435.7	-102902.04	-17782.739999999998	0.0	0.0	0.0	0.0	0.0	0.0	0.0	0.0	0.0	0.0	0.0	0.0	0.0	0.0	146.0	0.0	0.049377315	-0.099303945	1.01183823	3.41824	-0.16785999999999998	-0.21364	3213170.0	1776544816.32461	0.0	1.0	-1.0	-1.0	-1.0	-1.0	-1.0	-1.0	-1.0	-1.0	0.0	marker	opened-hand	Open	15	0418
-66752.19	-53439.84	-103027.05	-17933.895	0.0	0.0	0.0	0.0	0.0	0.0	0.0	0.0	0.0	0.0	0.0	0.0	0.0	0.0	146.0	0.0	0.049377315	-0.099303945	1.01183823	3.41824	-0.16785999999999998	-0.21364	3213171.0	1776544816.324623	0.0	1.0	-1.0	-1.0	-1.0	-1.0	-1.0	-1.0	-1.0	-1.0	0.0	marker	opened-hand	Open	15	0418
-66840.705	-53427.24	-103039.37999999999	-17894.969999999998	0.0	0.0	0.0	0.0	0.0	0.0	0.0	0.0	0.0	0.0	0.0	0.0	0.0	0.0	146.0	0.0	0.049377315	-0.099303945	1.01183823	3.41824	-0.16785999999999998	-0.21364	3213172.0	1776544816.324632	0.0	1.0	-1.0	-1.0	-1.0	-1.0	-1.0	-1.0	-1.0	-1.0	0.0	marker	opened-hand	Open	15	0418
-66852.94499999999	-53419.95	-103067.415	-17926.785	0.0	0.0	0.0	0.0	0.0	0.0	0.0	0.0	0.0	0.0	0.0	0.0	0.0	0.0	146.0	0.0	0.049377315	-0.099303945	1.01183823	3.41824	-0.16785999999999998	-0.21364	3213173.0	1776544816.324646	0.0	1.0	-1.0	-1.0	-1.0	-1.0	-1.0	-1.0	-1.0	-1.0	0.0	marker	opened-hand	Open	15	0418
-66831.48	-53406.72	-103114.17	-17975.16	0.0	0.0	0.0	0.0	0.0	0.0	0.0	0.0	0.0	0.0	0.0	0.0	0.0	0.0	146.0	0.0	0.049377315	-0.099303945	1.01183823	3.41824	-0.16785999999999998	-0.21364	3213174.0	1776544816.324655	0.0	1.0	-1.0	-1.0	-1.0	-1.0	-1.0	-1.0	-1.0	-1.0	0.0	marker	opened-hand	Open	15	0418
-66824.81999999999	-53399.79	-103109.58	-17967.915	0.0	0.0	0.0	0.0	0.0	0.0	0.0	0.0	0.0	0.0	0.0	0.0	0.0	0.0	146.0	0.0	0.049377315	-0.099303945	1.01183823	3.41824	-0.16785999999999998	-0.21364	3213175.0	1776544816.32467	0.0	1.0	-1.0	-1.0	-1.0	-1.0	-1.0	-1.0	-1.0	-1.0	0.0	marker	opened-hand	Open	15	0418
-66915.27	-53400.465	-103140.315	-18004.815	0.0	0.0	0.0	0.0	0.0	0.0	0.0	0.0	0.0	0.0	0.0	0.0	0.0	0.0	146.0	0.0	0.049377315	-0.099303945	1.01183823	3.41824	-0.16785999999999998	-0.21364	3213176.0	1776544816.324678	0.0	1.0	-1.0	-1.0	-1.0	-1.0	-1.0	-1.0	-1.0	-1.0	0.0	marker	opened-hand	Open	15	0418
-66890.11499999999	-53392.725	-103139.415	-18012.195	0.0	0.0	0.0	0.0	0.0	0.0	0.0	0.0	0.0	0.0	0.0	0.0	0.0	0.0	146.0	0.0	0.049377315	-0.099303945	1.01183823	3.41824	-0.16785999999999998	-0.21364	3213177.0	1776544816.32469	0.0	1.0	-1.0	-1.0	-1.0	-1.0	-1.0	-1.0	-1.0	-1.0	0.0	marker	opened-hand	Open	15	0418
-66885.345	-53386.604999999996	-103130.14499999999	-17996.489999999998	0.0	0.0	0.0	0.0	0.0	0.0	0.0	0.0	0.0	0.0	0.0	0.0	0.0	0.0	146.0	0.0	0.049377315	-0.099303945	1.01183823	3.41824	-0.16785999999999998	-0.21364	3213178.0	1776544816.324698	0.0	1.0	-1.0	-1.0	-1.0	-1.0	-1.0	-1.0	-1.0	-1.0	0.0	marker	opened-hand	Open	15	0418
-66815.55	-53383.86	-103048.01999999999	-17924.985	0.0	0.0	0.0	0.0	0.0	0.0	0.0	0.0	0.0	0.0	0.0	0.0	0.0	0.0	146.0	0.0	0.04895007	-0.10241673	1.0100071800000001	3.3266799999999996	0.36624	-0.6867	3213179.0	1776544816.324713	0.0	1.0	-1.0	-1.0	-1.0	-1.0	-1.0	-1.0	-1.0	-1.0	0.0	marker	opened-hand	Open	15	0418
-66798.98999999999	-53387.1	-103011.705	-17871.614999999998	0.0	0.0	0.0	0.0	0.0	0.0	0.0	0.0	0.0	0.0	0.0	0.0	0.0	0.0	146.0	0.0	0.04895007	-0.10241673	1.0100071800000001	3.3266799999999996	0.36624	-0.6867	3213180.0	1776544816.324721	0.0	1.0	-1.0	-1.0	-1.0	-1.0	-1.0	-1.0	-1.0	-1.0	0.0	marker	opened-hand	Open	15	0418
-66821.355	-53400.06	-103032.765	-17887.454999999998	0.0	0.0	0.0	0.0	0.0	0.0	0.0	0.0	0.0	0.0	0.0	0.0	0.0	0.0	146.0	0.0	0.04895007	-0.10241673	1.0100071800000001	3.3266799999999996	0.36624	-0.6867	3213181.0	1776544816.324732	0.0	1.0	-1.0	-1.0	-1.0	-1.0	-1.0	-1.0	-1.0	-1.0	0.0	marker	opened-hand	Open	15	0418
-66817.665	-53410.994999999995	-103044.06	-17904.465	0.0	0.0	0.0	0.0	0.0	0.0	0.0	0.0	0.0	0.0	0.0	0.0	0.0	0.0	146.0	0.0	0.04895007	-0.10241673	1.0100071800000001	3.3266799999999996	0.36624	-0.6867	3213182.0	1776544816.32474	0.0	1.0	-1.0	-1.0	-1.0	-1.0	-1.0	-1.0	-1.0	-1.0	0.0	marker	opened-hand	Open	15	0418
-66762.315	-53415.09	-102999.42	-17871.614999999998	0.0	0.0	0.0	0.0	0.0	0.0	0.0	0.0	0.0	0.0	0.0	0.0	0.0	0.0	146.0	0.0	0.04895007	-0.10241673	1.0100071800000001	3.3266799999999996	0.36624	-0.6867	3213183.0	1776544816.324754	0.0	1.0	-1.0	-1.0	-1.0	-1.0	-1.0	-1.0	-1.0	-1.0	0.0	marker	opened-hand	Open	15	0418
-66748.36499999999	-53429.985	-102958.83	-17832.51	0.0	0.0	0.0	0.0	0.0	0.0	0.0	0.0	0.0	0.0	0.0	0.0	0.0	0.0	146.0	0.0	0.04895007	-0.10241673	1.0100071800000001	3.3266799999999996	0.36624	-0.6867	3213184.0	1776544816.324762	0.0	1.0	-1.0	-1.0	-1.0	-1.0	-1.0	-1.0	-1.0	-1.0	0.0	marker	opened-hand	Open	15	0418
-66707.64	-53441.189999999995	-102944.745	-17806.23	0.0	0.0	0.0	0.0	0.0	0.0	0.0	0.0	0.0	0.0	0.0	0.0	0.0	0.0	146.0	0.0	0.04895007	-0.10241673	1.0100071800000001	3.3266799999999996	0.36624	-0.6867	3213185.0	1776544816.324773	0.0	1.0	-1.0	-1.0	-1.0	-1.0	-1.0	-1.0	-1.0	-1.0	0.0	marker	opened-hand	Open	15	0418
-66587.13	-53443.259999999995	-102850.83	-17718.12	0.0	0.0	0.0	0.0	0.0	0.0	0.0	0.0	0.0	0.0	0.0	0.0	0.0	0.0	146.0	0.0	0.04895007	-0.10241673	1.0100071800000001	3.3266799999999996	0.36624	-0.6867	3213186.0	1776544816.324782	0.0	1.0	-1.0	-1.0	-1.0	-1.0	-1.0	-1.0	-1.0	-1.0	0.0	marker	opened-hand	Open	15	0418
-66723.84	-53457.615	-102936.825	-17823.78	0.0	0.0	0.0	0.0	0.0	0.0	0.0	0.0	0.0	0.0	0.0	0.0	0.0	0.0	146.0	0.0	0.04895007	-0.10241673	1.0100071800000001	3.3266799999999996	0.36624	-0.6867	3213187.0	1776544816.324792	0.0	1.0	-1.0	-1.0	-1.0	-1.0	-1.0	-1.0	-1.0	-1.0	0.0	marker	opened-hand	Open	15	0418
-66894.97499999999	-53464.275	-103026.42	-17894.34	0.0	0.0	0.0	0.0	0.0	0.0	0.0	0.0	0.0	0.0	0.0	0.0	0.0	0.0	146.0	0.0	0.04895007	-0.10241673	1.0100071800000001	3.3266799999999996	0.36624	-0.6867	3213188.0	1776544816.324801	0.0	1.0	-1.0	-1.0	-1.0	-1.0	-1.0	-1.0	-1.0	-1.0	0.0	marker	opened-hand	Open	15	0418
-66875.94	-53450.82	-103000.76999999999	-17829.585	0.0	0.0	0.0	0.0	0.0	0.0	0.0	0.0	0.0	0.0	0.0	0.0	0.0	0.0	146.0	0.0	0.04870593	-0.10131810000000001	1.009946145	2.6857599999999997	0.3815	-0.48832	3213189.0	1776544816.324814	0.0	1.0	-1.0	-1.0	-1.0	-1.0	-1.0	-1.0	-1.0	-1.0	0.0	marker	opened-hand	Open	15	0418
-66790.305	-53419.229999999996	-103047.075	-17893.62	0.0	0.0	0.0	0.0	0.0	0.0	0.0	0.0	0.0	0.0	0.0	0.0	0.0	0.0	146.0	0.0	0.04870593	-0.10131810000000001	1.009946145	2.6857599999999997	0.3815	-0.48832	3213190.0	1776544816.324822	0.0	1.0	-1.0	-1.0	-1.0	-1.0	-1.0	-1.0	-1.0	-1.0	0.0	marker	opened-hand	Open	15	0418
-66801.51	-53339.174999999996	-103121.73	-17991.045	0.0	0.0	0.0	0.0	0.0	0.0	0.0	0.0	0.0	0.0	0.0	0.0	0.0	0.0	146.0	0.0	0.04870593	-0.10131810000000001	1.009946145	2.6857599999999997	0.3815	-0.48832	3213191.0	1776544816.324836	0.0	1.0	-1.0	-1.0	-1.0	-1.0	-1.0	-1.0	-1.0	-1.0	0.0	marker	opened-hand	Open	15	0418
-66856.095	-53332.74	-103163.89499999999	-18045.585	0.0	0.0	0.0	0.0	0.0	0.0	0.0	0.0	0.0	0.0	0.0	0.0	0.0	0.0	146.0	0.0	0.04870593	-0.10131810000000001	1.009946145	2.6857599999999997	0.3815	-0.48832	3213192.0	1776544816.324845	0.0	1.0	-1.0	-1.0	-1.0	-1.0	-1.0	-1.0	-1.0	-1.0	0.0	marker	opened-hand	Open	15	0418
-66860.055	-53337.375	-103094.955	-17954.55	0.0	0.0	0.0	0.0	0.0	0.0	0.0	0.0	0.0	0.0	0.0	0.0	0.0	0.0	146.0	0.0	0.04870593	-0.10131810000000001	1.009946145	2.6857599999999997	0.3815	-0.48832	3213193.0	1776544816.324855	0.0	1.0	-1.0	-1.0	-1.0	-1.0	-1.0	-1.0	-1.0	-1.0	0.0	marker	opened-hand	Open	15	0418
-66779.28	-53336.43	-103019.67	-17894.16	0.0	0.0	0.0	0.0	0.0	0.0	0.0	0.0	0.0	0.0	0.0	0.0	0.0	0.0	146.0	0.0	0.04870593	-0.10131810000000001	1.009946145	2.6857599999999997	0.3815	-0.48832	3213194.0	1776544816.324863	0.0	1.0	-1.0	-1.0	-1.0	-1.0	-1.0	-1.0	-1.0	-1.0	0.0	marker	opened-hand	Open	15	0418
-66813.435	-53339.625	-102947.04	-17866.26	0.0	0.0	0.0	0.0	0.0	0.0	0.0	0.0	0.0	0.0	0.0	0.0	0.0	0.0	146.0	0.0	0.04870593	-0.10131810000000001	1.009946145	2.6857599999999997	0.3815	-0.48832	3213195.0	1776544816.324873	0.0	1.0	-1.0	-1.0	-1.0	-1.0	-1.0	-1.0	-1.0	-1.0	0.0	marker	opened-hand	Open	15	0418
-66896.86499999999	-53339.579999999994	-102981.915	-17872.29	0.0	0.0	0.0	0.0	0.0	0.0	0.0	0.0	0.0	0.0	0.0	0.0	0.0	0.0	146.0	0.0	0.04870593	-0.10131810000000001	1.009946145	2.6857599999999997	0.3815	-0.48832	3213196.0	1776544816.324881	0.0	1.0	-1.0	-1.0	-1.0	-1.0	-1.0	-1.0	-1.0	-1.0	0.0	marker	opened-hand	Open	15	0418
-66731.67	-53322.345	-102992.12999999999	-17815.86	0.0	0.0	0.0	0.0	0.0	0.0	0.0	0.0	0.0	0.0	0.0	0.0	0.0	0.0	146.0	0.0	0.04870593	-0.10131810000000001	1.009946145	2.6857599999999997	0.3815	-0.48832	3213197.0	1776544816.324895	0.0	1.0	-1.0	-1.0	-1.0	-1.0	-1.0	-1.0	-1.0	-1.0	0.0	marker	opened-hand	Open	15	0418
-66644.73	-53301.015	-102914.14499999999	-17738.01	0.0	0.0	0.0	0.0	0.0	0.0	0.0	0.0	0.0	0.0	0.0	0.0	0.0	0.0	146.0	0.0	0.04870593	-0.10131810000000001	1.009946145	2.6857599999999997	0.3815	-0.48832	3213198.0	1776544816.324904	0.0	1.0	-1.0	-1.0	-1.0	-1.0	-1.0	-1.0	-1.0	-1.0	0.0	marker	opened-hand	Open	15	0418
-66662.86499999999	-53299.845	-102904.47	-17756.1	0.0	0.0	0.0	0.0	0.0	0.0	0.0	0.0	0.0	0.0	0.0	0.0	0.0	0.0	146.0	0.0	0.0463866	-0.09533667	1.01232651	2.8078399999999997	0.4578	0.12208	3213199.0	1776544816.324913	0.0	1.0	-1.0	-1.0	-1.0	-1.0	-1.0	-1.0	-1.0	-1.0	0.0	marker	opened-hand	Open	15	0418
-66611.205	-53305.47	-102861.045	-17708.355	0.0	0.0	0.0	0.0	0.0	0.0	0.0	0.0	0.0	0.0	0.0	0.0	0.0	0.0	146.0	0.0	0.0463866	-0.09533667	1.01232651	2.8078399999999997	0.4578	0.12208	3213200.0	1776544816.324922	0.0	1.0	-1.0	-1.0	-1.0	-1.0	-1.0	-1.0	-1.0	-1.0	0.0	marker	opened-hand	Open	15	0418
-66688.965	-53308.35	-102940.73999999999	-17772.21	0.0	0.0	0.0	0.0	0.0	0.0	0.0	0.0	0.0	0.0	0.0	0.0	0.0	0.0	146.0	0.0	0.0463866	-0.09533667	1.01232651	2.8078399999999997	0.4578	0.12208	3213201.0	1776544816.324932	0.0	1.0	-1.0	-1.0	-1.0	-1.0	-1.0	-1.0	-1.0	-1.0	0.0	marker	opened-hand	Open	15	0418
-66921.705	-53321.895	-103196.83499999999	-18038.79	0.0	0.0	0.0	0.0	0.0	0.0	0.0	0.0	0.0	0.0	0.0	0.0	0.0	0.0	146.0	0.0	0.0463866	-0.09533667	1.01232651	2.8078399999999997	0.4578	0.12208	3213202.0	1776544816.324941	0.0	1.0	-1.0	-1.0	-1.0	-1.0	-1.0	-1.0	-1.0	-1.0	0.0	marker	opened-hand	Open	15	0418
-66798.36	-53322.615	-103114.98	-17977.905	0.0	0.0	0.0	0.0	0.0	0.0	0.0	0.0	0.0	0.0	0.0	0.0	0.0	0.0	146.0	0.0	0.0463866	-0.09533667	1.01232651	2.8078399999999997	0.4578	0.12208	3213203.0	1776544816.324952	0.0	1.0	-1.0	-1.0	-1.0	-1.0	-1.0	-1.0	-1.0	-1.0	0.0	marker	opened-hand	Open	15	0418
-66800.43	-53327.564999999995	-103053.555	-17915.715	0.0	0.0	0.0	0.0	0.0	0.0	0.0	0.0	0.0	0.0	0.0	0.0	0.0	0.0	146.0	0.0	0.0463866	-0.09533667	1.01232651	2.8078399999999997	0.4578	0.12208	3213204.0	1776544816.32496	0.0	1.0	-1.0	-1.0	-1.0	-1.0	-1.0	-1.0	-1.0	-1.0	0.0	marker	opened-hand	Open	15	0418
-66838.23	-53335.665	-103042.98	-17928.405	0.0	0.0	0.0	0.0	0.0	0.0	0.0	0.0	0.0	0.0	0.0	0.0	0.0	0.0	146.0	0.0	0.0463866	-0.09533667	1.01232651	2.8078399999999997	0.4578	0.12208	3213205.0	1776544816.325299	0.0	1.0	-1.0	-1.0	-1.0	-1.0	-1.0	-1.0	-1.0	-1.0	0.0	marker	opened-hand	Open	15	0418
-66694.455	-53323.47	-102916.215	-17837.01	0.0	0.0	0.0	0.0	0.0	0.0	0.0	0.0	0.0	0.0	0.0	0.0	0.0	0.0	146.0	0.0	0.0463866	-0.09533667	1.01232651	2.8078399999999997	0.4578	0.12208	3213206.0	1776544816.325311	0.0	1.0	-1.0	-1.0	-1.0	-1.0	-1.0	-1.0	-1.0	-1.0	0.0	marker	opened-hand	Open	15	0418
-66765.69	-53332.2	-102985.515	-17889.21	0.0	0.0	0.0	0.0	0.0	0.0	0.0	0.0	0.0	0.0	0.0	0.0	0.0	0.0	146.0	0.0	0.0463866	-0.09533667	1.01232651	2.8078399999999997	0.4578	0.12208	3213207.0	1776544816.327211	0.0	1.0	-1.0	-1.0	-1.0	-1.0	-1.0	-1.0	-1.0	-1.0	0.0	marker	opened-hand	Open	15	0418
-66820.05	-53328.555	-103059.09	-17908.92	0.0	0.0	0.0	0.0	0.0	0.0	0.0	0.0	0.0	0.0	0.0	0.0	0.0	0.0	146.0	0.0	0.0463866	-0.09533667	1.01232651	2.8078399999999997	0.4578	0.12208	3213208.0	1776544816.327221	0.0	1.0	-1.0	-1.0	-1.0	-1.0	-1.0	-1.0	-1.0	-1.0	0.0	marker	opened-hand	Open	15	0418
-66829.31999999999	-53319.825	-103058.86499999999	-17906.805	0.0	0.0	0.0	0.0	0.0	0.0	0.0	0.0	0.0	0.0	0.0	0.0	0.0	0.0	146.0	0.0	0.04736316	-0.09350562	1.013486175	3.03674	0.3815	0.9003399999999999	3213209.0	1776544816.33129	0.0	1.0	-1.0	-1.0	-1.0	-1.0	-1.0	-1.0	-1.0	-1.0	0.0	marker	opened-hand	Open	15	0418
-66789.315	-53316.45	-103013.73	-17871.885	0.0	0.0	0.0	0.0	0.0	0.0	0.0	0.0	0.0	0.0	0.0	0.0	0.0	0.0	146.0	0.0	0.04736316	-0.09350562	1.013486175	3.03674	0.3815	0.9003399999999999	3213210.0	1776544816.331305	0.0	1.0	-1.0	-1.0	-1.0	-1.0	-1.0	-1.0	-1.0	-1.0	0.0	marker	opened-hand	Open	15	0418
-66689.01	-53315.189999999995	-102891.735	-17769.915	0.0	0.0	0.0	0.0	0.0	0.0	0.0	0.0	0.0	0.0	0.0	0.0	0.0	0.0	146.0	0.0	0.04736316	-0.09350562	1.013486175	3.03674	0.3815	0.9003399999999999	3213211.0	1776544816.33604	0.0	1.0	-1.0	-1.0	-1.0	-1.0	-1.0	-1.0	-1.0	-1.0	0.0	marker	opened-hand	Open	15	0418
-66807.98999999999	-53324.145	-102986.50499999999	-17871.93	0.0	0.0	0.0	0.0	0.0	0.0	0.0	0.0	0.0	0.0	0.0	0.0	0.0	0.0	146.0	0.0	0.04736316	-0.09350562	1.013486175	3.03674	0.3815	0.9003399999999999	3213212.0	1776544816.336058	0.0	1.0	-1.0	-1.0	-1.0	-1.0	-1.0	-1.0	-1.0	-1.0	0.0	marker	opened-hand	Open	15	0418
-66817.575	-53323.74	-103014.62999999999	-17894.34	0.0	0.0	0.0	0.0	0.0	0.0	0.0	0.0	0.0	0.0	0.0	0.0	0.0	0.0	146.0	0.0	0.04736316	-0.09350562	1.013486175	3.03674	0.3815	0.9003399999999999	3213213.0	1776544816.339187	0.0	1.0	-1.0	-1.0	-1.0	-1.0	-1.0	-1.0	-1.0	-1.0	0.0	marker	opened-hand	Open	15	0418
-66844.98	-53318.07	-103060.485	-17907.93	0.0	0.0	0.0	0.0	0.0	0.0	0.0	0.0	0.0	0.0	0.0	0.0	0.0	0.0	146.0	0.0	0.04736316	-0.09350562	1.013486175	3.03674	0.3815	0.9003399999999999	3213214.0	1776544816.339206	0.0	1.0	-1.0	-1.0	-1.0	-1.0	-1.0	-1.0	-1.0	-1.0	0.0	marker	opened-hand	Open	15	0418
-66738.105	-53308.619999999995	-103040.595	-17902.934999999998	0.0	0.0	0.0	0.0	0.0	0.0	0.0	0.0	0.0	0.0	0.0	0.0	0.0	0.0	146.0	0.0	0.04736316	-0.09350562	1.013486175	3.03674	0.3815	0.9003399999999999	3213215.0	1776544816.344429	0.0	1.0	-1.0	-1.0	-1.0	-1.0	-1.0	-1.0	-1.0	-1.0	0.0	marker	opened-hand	Open	15	0418
-66758.355	-53307.225	-103022.81999999999	-17890.515	0.0	0.0	0.0	0.0	0.0	0.0	0.0	0.0	0.0	0.0	0.0	0.0	0.0	0.0	146.0	0.0	0.04736316	-0.09350562	1.013486175	3.03674	0.3815	0.9003399999999999	3213216.0	1776544816.344444	0.0	1.0	-1.0	-1.0	-1.0	-1.0	-1.0	-1.0	-1.0	-1.0	0.0	marker	opened-hand	Open	15	0418
-66860.45999999999	-53325.36	-103044.915	-17918.73	0.0	0.0	0.0	0.0	0.0	0.0	0.0	0.0	0.0	0.0	0.0	0.0	0.0	0.0	146.0	0.0	0.04736316	-0.09350562	1.013486175	3.03674	0.3815	0.9003399999999999	3213217.0	1776544816.347263	0.0	1.0	-1.0	-1.0	-1.0	-1.0	-1.0	-1.0	-1.0	-1.0	0.0	marker	opened-hand	Open	15	0418
-66839.67	-53353.575	-103044.23999999999	-17934.39	0.0	0.0	0.0	0.0	0.0	0.0	0.0	0.0	0.0	0.0	0.0	0.0	0.0	0.0	146.0	0.0	0.04736316	-0.09350562	1.013486175	3.03674	0.3815	0.9003399999999999	3213218.0	1776544816.347276	0.0	1.0	-1.0	-1.0	-1.0	-1.0	-1.0	-1.0	-1.0	-1.0	0.0	marker	opened-hand	Open	15	0418
-66837.78	-53380.259999999995	-103063.545	-17938.844999999998	0.0	0.0	0.0	0.0	0.0	0.0	0.0	0.0	0.0	0.0	0.0	0.0	0.0	0.0	146.0	0.0	0.04724109	-0.097594965	1.01513412	2.5636799999999997	-0.13734	0.10682	3213219.0	1776544816.351251	0.0	1.0	-1.0	-1.0	-1.0	-1.0	-1.0	-1.0	-1.0	-1.0	0.0	marker	opened-hand	Open	15	0418
-66764.79	-53376.615	-102999.33	-17865.315	0.0	0.0	0.0	0.0	0.0	0.0	0.0	0.0	0.0	0.0	0.0	0.0	0.0	0.0	146.0	0.0	0.04724109	-0.097594965	1.01513412	2.5636799999999997	-0.13734	0.10682	3213220.0	1776544816.351281	0.0	1.0	-1.0	-1.0	-1.0	-1.0	-1.0	-1.0	-1.0	-1.0	0.0	marker	opened-hand	Open	15	0418
-66751.02	-53377.2	-102998.87999999999	-17887.32	0.0	0.0	0.0	0.0	0.0	0.0	0.0	0.0	0.0	0.0	0.0	0.0	0.0	0.0	146.0	0.0	0.04724109	-0.097594965	1.01513412	2.5636799999999997	-0.13734	0.10682	3213221.0	1776544816.355421	0.0	1.0	-1.0	-1.0	-1.0	-1.0	-1.0	-1.0	-1.0	-1.0	0.0	marker	opened-hand	Open	15	0418
-66749.355	-53372.475	-103006.125	-17858.88	0.0	0.0	0.0	0.0	0.0	0.0	0.0	0.0	0.0	0.0	0.0	0.0	0.0	0.0	146.0	0.0	0.04724109	-0.097594965	1.01513412	2.5636799999999997	-0.13734	0.10682	3213222.0	1776544816.355483	0.0	1.0	-1.0	-1.0	-1.0	-1.0	-1.0	-1.0	-1.0	-1.0	0.0	marker	opened-hand	Open	15	0418
-66689.145	-53365.32	-102966.56999999999	-17797.41	0.0	0.0	0.0	0.0	0.0	0.0	0.0	0.0	0.0	0.0	0.0	0.0	0.0	0.0	146.0	0.0	0.04724109	-0.097594965	1.01513412	2.5636799999999997	-0.13734	0.10682	3213223.0	1776544816.359338	0.0	1.0	-1.0	-1.0	-1.0	-1.0	-1.0	-1.0	-1.0	-1.0	0.0	marker	opened-hand	Open	15	0418
-66574.53	-53354.475	-102836.745	-17681.535	0.0	0.0	0.0	0.0	0.0	0.0	0.0	0.0	0.0	0.0	0.0	0.0	0.0	0.0	146.0	0.0	0.04724109	-0.097594965	1.01513412	2.5636799999999997	-0.13734	0.10682	3213224.0	1776544816.359353	0.0	1.0	-1.0	-1.0	-1.0	-1.0	-1.0	-1.0	-1.0	-1.0	0.0	marker	opened-hand	Open	15	0418
-66505.23	-53345.025	-102749.67	-17603.55	0.0	0.0	0.0	0.0	0.0	0.0	0.0	0.0	0.0	0.0	0.0	0.0	0.0	0.0	146.0	0.0	0.04724109	-0.097594965	1.01513412	2.5636799999999997	-0.13734	0.10682	3213225.0	1776544816.365171	0.0	1.0	-1.0	-1.0	-1.0	-1.0	-1.0	-1.0	-1.0	-1.0	0.0	marker	opened-hand	Open	15	0418
-66775.05	-53364.15	-102978.09	-17854.739999999998	0.0	0.0	0.0	0.0	0.0	0.0	0.0	0.0	0.0	0.0	0.0	0.0	0.0	0.0	146.0	0.0	0.04724109	-0.097594965	1.01513412	2.5636799999999997	-0.13734	0.10682	3213226.0	1776544816.365196	0.0	1.0	-1.0	-1.0	-1.0	-1.0	-1.0	-1.0	-1.0	-1.0	0.0	marker	opened-hand	Open	15	0418
-66800.97	-53372.475	-103002.795	-17887.995	0.0	0.0	0.0	0.0	0.0	0.0	0.0	0.0	0.0	0.0	0.0	0.0	0.0	0.0	146.0	0.0	0.04724109	-0.097594965	1.01513412	2.5636799999999997	-0.13734	0.10682	3213227.0	1776544816.368097	0.0	1.0	-1.0	-1.0	-1.0	-1.0	-1.0	-1.0	-1.0	-1.0	0.0	marker	opened-hand	Open	15	0418
-66784.545	-53359.965	-102954.555	-17868.645	0.0	0.0	0.0	0.0	0.0	0.0	0.0	0.0	0.0	0.0	0.0	0.0	0.0	0.0	146.0	0.0	0.04724109	-0.097594965	1.01513412	2.5636799999999997	-0.13734	0.10682	3213228.0	1776544816.368114	0.0	1.0	-1.0	-1.0	-1.0	-1.0	-1.0	-1.0	-1.0	-1.0	0.0	marker	opened-hand	Open	15	0418
-66972.645	-53357.805	-103155.39	-18056.79	0.0	0.0	0.0	0.0	0.0	0.0	0.0	0.0	0.0	0.0	0.0	0.0	0.0	0.0	146.0	0.0	0.04479969	-0.09985326	1.016537925	2.45686	-0.27468	0.47306	3213229.0	1776544816.3711	0.0	1.0	-1.0	-1.0	-1.0	-1.0	-1.0	-1.0	-1.0	-1.0	0.0	marker	opened-hand	Open	15	0418
-66881.06999999999	-53357.174999999996	-103154.04	-17990.325	0.0	0.0	0.0	0.0	0.0	0.0	0.0	0.0	0.0	0.0	0.0	0.0	0.0	0.0	146.0	0.0	0.04479969	-0.09985326	1.016537925	2.45686	-0.27468	0.47306	3213230.0	1776544816.371118	0.0	1.0	-1.0	-1.0	-1.0	-1.0	-1.0	-1.0	-1.0	-1.0	0.0	marker	opened-hand	Open	15	0418
-66763.17	-53362.485	-103046.22	-17878.68	0.0	0.0	0.0	0.0	0.0	0.0	0.0	0.0	0.0	0.0	0.0	0.0	0.0	0.0	146.0	0.0	0.04479969	-0.09985326	1.016537925	2.45686	-0.27468	0.47306	3213231.0	1776544816.37531	0.0	1.0	-1.0	-1.0	-1.0	-1.0	-1.0	-1.0	-1.0	-1.0	0.0	marker	opened-hand	Open	15	0418
-66743.64	-53375.354999999996	-102981.465	-17825.67	0.0	0.0	0.0	0.0	0.0	0.0	0.0	0.0	0.0	0.0	0.0	0.0	0.0	0.0	146.0	0.0	0.04479969	-0.09985326	1.016537925	2.45686	-0.27468	0.47306	3213232.0	1776544816.375327	0.0	1.0	-1.0	-1.0	-1.0	-1.0	-1.0	-1.0	-1.0	-1.0	0.0	marker	opened-hand	Open	15	0418
-66754.215	-53380.845	-102969.675	-17824.184999999998	0.0	0.0	0.0	0.0	0.0	0.0	0.0	0.0	0.0	0.0	0.0	0.0	0.0	0.0	146.0	0.0	0.04479969	-0.09985326	1.016537925	2.45686	-0.27468	0.47306	3213233.0	1776544816.379407	0.0	1.0	-1.0	-1.0	-1.0	-1.0	-1.0	-1.0	-1.0	-1.0	0.0	marker	opened-hand	Open	15	0418
-66834.27	-53384.4	-103089.33	-17982.315	0.0	0.0	0.0	0.0	0.0	0.0	0.0	0.0	0.0	0.0	0.0	0.0	0.0	0.0	146.0	0.0	0.04479969	-0.09985326	1.016537925	2.45686	-0.27468	0.47306	3213234.0	1776544816.379451	0.0	1.0	-1.0	-1.0	-1.0	-1.0	-1.0	-1.0	-1.0	-1.0	0.0	marker	opened-hand	Open	15	0418
-66911.48999999999	-53394.57	-103117.635	-18003.149999999998	0.0	0.0	0.0	0.0	0.0	0.0	0.0	0.0	0.0	0.0	0.0	0.0	0.0	0.0	146.0	0.0	0.04479969	-0.09985326	1.016537925	2.45686	-0.27468	0.47306	3213235.0	1776544816.385435	0.0	1.0	-1.0	-1.0	-1.0	-1.0	-1.0	-1.0	-1.0	-1.0	0.0	marker	opened-hand	Open	15	0418
-66900.555	-53396.055	-103065.795	-17939.655	0.0	0.0	0.0	0.0	0.0	0.0	0.0	0.0	0.0	0.0	0.0	0.0	0.0	0.0	146.0	0.0	0.04479969	-0.09985326	1.016537925	2.45686	-0.27468	0.47306	3213236.0	1776544816.385458	0.0	1.0	-1.0	-1.0	-1.0	-1.0	-1.0	-1.0	-1.0	-1.0	0.0	marker	opened-hand	Open	15	0418
-66841.92	-53389.215	-103065.65999999999	-17925.885	0.0	0.0	0.0	0.0	0.0	0.0	0.0	0.0	0.0	0.0	0.0	0.0	0.0	0.0	146.0	0.0	0.04479969	-0.09985326	1.016537925	2.45686	-0.27468	0.47306	3213237.0	1776544816.392964	0.0	1.0	-1.0	-1.0	-1.0	-1.0	-1.0	-1.0	-1.0	-1.0	0.0	marker	opened-hand	Open	15	0418
-66807.495	-53385.255	-103098.105	-17959.725	0.0	0.0	0.0	0.0	0.0	0.0	0.0	0.0	0.0	0.0	0.0	0.0	0.0	0.0	146.0	0.0	0.04479969	-0.09985326	1.016537925	2.45686	-0.27468	0.47306	3213238.0	1776544816.39298	0.0	1.0	-1.0	-1.0	-1.0	-1.0	-1.0	-1.0	-1.0	-1.0	0.0	marker	opened-hand	Open	15	0418
-66851.28	-53388.18	-103121.955	-17992.035	0.0	0.0	0.0	0.0	0.0	0.0	0.0	0.0	0.0	0.0	0.0	0.0	0.0	0.0	146.0	0.0	0.045837285	-0.105651585	1.01488998	3.02148	-0.04578	-0.09156	3213239.0	1776544816.393003	0.0	1.0	-1.0	-1.0	-1.0	-1.0	-1.0	-1.0	-1.0	-1.0	0.0	marker	opened-hand	Open	15	0418
-66811.635	-53384.445	-103064.94	-17911.079999999998	0.0	0.0	0.0	0.0	0.0	0.0	0.0	0.0	0.0	0.0	0.0	0.0	0.0	0.0	146.0	0.0	0.045837285	-0.105651585	1.01488998	3.02148	-0.04578	-0.09156	3213240.0	1776544816.393011	0.0	1.0	-1.0	-1.0	-1.0	-1.0	-1.0	-1.0	-1.0	-1.0	0.0	marker	opened-hand	Open	15	0418
-66815.145	-53376.345	-103011.075	-17858.07	0.0	0.0	0.0	0.0	0.0	0.0	0.0	0.0	0.0	0.0	0.0	0.0	0.0	0.0	146.0	0.0	0.045837285	-0.105651585	1.01488998	3.02148	-0.04578	-0.09156	3213241.0	1776544816.396223	0.0	1.0	-1.0	-1.0	-1.0	-1.0	-1.0	-1.0	-1.0	-1.0	0.0	marker	opened-hand	Open	15	0418
-66796.2	-53369.189999999995	-102958.875	-17800.875	0.0	0.0	0.0	0.0	0.0	0.0	0.0	0.0	0.0	0.0	0.0	0.0	0.0	0.0	146.0	0.0	0.045837285	-0.105651585	1.01488998	3.02148	-0.04578	-0.09156	3213242.0	1776544816.396235	0.0	1.0	-1.0	-1.0	-1.0	-1.0	-1.0	-1.0	-1.0	-1.0	0.0	marker	opened-hand	Open	15	0418
-66783.87	-53377.155	-103005.855	-17847.495	0.0	0.0	0.0	0.0	0.0	0.0	0.0	0.0	0.0	0.0	0.0	0.0	0.0	0.0	146.0	0.0	0.045837285	-0.105651585	1.01488998	3.02148	-0.04578	-0.09156	3213243.0	1776544816.429143	0.0	1.0	-1.0	-1.0	-1.0	-1.0	-1.0	-1.0	-1.0	-1.0	0.0	marker	opened-hand	Open	15	0418
-66764.205	-53381.115	-103093.425	-17942.579999999998	0.0	0.0	0.0	0.0	0.0	0.0	0.0	0.0	0.0	0.0	0.0	0.0	0.0	0.0	146.0	0.0	0.045837285	-0.105651585	1.01488998	3.02148	-0.04578	-0.09156	3213244.0	1776544816.429168	0.0	1.0	-1.0	-1.0	-1.0	-1.0	-1.0	-1.0	-1.0	-1.0	0.0	marker	opened-hand	Open	15	0418
-66702.23999999999	-53395.38	-102997.305	-17851.05	0.0	0.0	0.0	0.0	0.0	0.0	0.0	0.0	0.0	0.0	0.0	0.0	0.0	0.0	146.0	0.0	0.045837285	-0.105651585	1.01488998	3.02148	-0.04578	-0.09156	3213245.0	1776544816.429191	0.0	1.0	-1.0	-1.0	-1.0	-1.0	-1.0	-1.0	-1.0	-1.0	0.0	marker	opened-hand	Open	15	0418
-66651.12	-53418.735	-102815.50499999999	-17671.77	0.0	0.0	0.0	0.0	0.0	0.0	0.0	0.0	0.0	0.0	0.0	0.0	0.0	0.0	146.0	0.0	0.045837285	-0.105651585	1.01488998	3.02148	-0.04578	-0.09156	3213246.0	1776544816.429198	0.0	1.0	-1.0	-1.0	-1.0	-1.0	-1.0	-1.0	-1.0	-1.0	0.0	marker	opened-hand	Open	15	0418
-66649.815	-53415.945	-102827.87999999999	-17725.274999999998	0.0	0.0	0.0	0.0	0.0	0.0	0.0	0.0	0.0	0.0	0.0	0.0	0.0	0.0	146.0	0.0	0.045837285	-0.105651585	1.01488998	3.02148	-0.04578	-0.09156	3213247.0	1776544816.429211	0.0	1.0	-1.0	-1.0	-1.0	-1.0	-1.0	-1.0	-1.0	-1.0	0.0	marker	opened-hand	Open	15	0418
-66799.8	-53422.784999999996	-102998.51999999999	-17913.42	0.0	0.0	0.0	0.0	0.0	0.0	0.0	0.0	0.0	0.0	0.0	0.0	0.0	0.0	146.0	0.0	0.045837285	-0.105651585	1.01488998	3.02148	-0.04578	-0.09156	3213248.0	1776544816.429218	0.0	1.0	-1.0	-1.0	-1.0	-1.0	-1.0	-1.0	-1.0	-1.0	0.0	marker	opened-hand	Open	15	0418
-66730.14	-53419.77	-102994.73999999999	-17895.51	0.0	0.0	0.0	0.0	0.0	0.0	0.0	0.0	0.0	0.0	0.0	0.0	0.0	0.0	146.0	0.0	0.04602039	-0.109679895	1.01769759	4.41014	-0.54936	-1.03768	3213249.0	1776544816.429229	0.0	1.0	-1.0	-1.0	-1.0	-1.0	-1.0	-1.0	-1.0	-1.0	0.0	marker	opened-hand	Open	15	0418
-66792.95999999999	-53430.119999999995	-103018.095	-17890.38	0.0	0.0	0.0	0.0	0.0	0.0	0.0	0.0	0.0	0.0	0.0	0.0	0.0	0.0	146.0	0.0	0.04602039	-0.109679895	1.01769759	4.41014	-0.54936	-1.03768	3213250.0	1776544816.429236	0.0	1.0	-1.0	-1.0	-1.0	-1.0	-1.0	-1.0	-1.0	-1.0	0.0	marker	opened-hand	Open	15	0418
-66806.73	-53448.57	-103010.04	-17857.125	0.0	0.0	0.0	0.0	0.0	0.0	0.0	0.0	0.0	0.0	0.0	0.0	0.0	0.0	146.0	0.0	0.04602039	-0.109679895	1.01769759	4.41014	-0.54936	-1.03768	3213251.0	1776544816.429246	0.0	1.0	-1.0	-1.0	-1.0	-1.0	-1.0	-1.0	-1.0	-1.0	0.0	marker	opened-hand	Open	15	0418
-66635.19	-53450.64	-102927.69	-17760.195	0.0	0.0	0.0	0.0	0.0	0.0	0.0	0.0	0.0	0.0	0.0	0.0	0.0	0.0	146.0	0.0	0.04602039	-0.109679895	1.01769759	4.41014	-0.54936	-1.03768	3213252.0	1776544816.429253	0.0	1.0	-1.0	-1.0	-1.0	-1.0	-1.0	-1.0	-1.0	-1.0	0.0	marker	opened-hand	Open	15	0418
-66698.28	-53458.515	-103007.655	-17853.344999999998	0.0	0.0	0.0	0.0	0.0	0.0	0.0	0.0	0.0	0.0	0.0	0.0	0.0	0.0	146.0	0.0	0.04602039	-0.109679895	1.01769759	4.41014	-0.54936	-1.03768	3213253.0	1776544816.429262	0.0	1.0	-1.0	-1.0	-1.0	-1.0	-1.0	-1.0	-1.0	-1.0	0.0	marker	opened-hand	Open	15	0418
-66838.635	-53470.079999999994	-103073.12999999999	-17930.7	0.0	0.0	0.0	0.0	0.0	0.0	0.0	0.0	0.0	0.0	0.0	0.0	0.0	0.0	146.0	0.0	0.04602039	-0.109679895	1.01769759	4.41014	-0.54936	-1.03768	3213254.0	1776544816.429269	0.0	1.0	-1.0	-1.0	-1.0	-1.0	-1.0	-1.0	-1.0	-1.0	0.0	marker	opened-hand	Open	15	0418
-66690.63	-53469.0	-102973.00499999999	-17854.875	0.0	0.0	0.0	0.0	0.0	0.0	0.0	0.0	0.0	0.0	0.0	0.0	0.0	0.0	146.0	0.0	0.04602039	-0.109679895	1.01769759	4.41014	-0.54936	-1.03768	3213255.0	1776544816.429279	0.0	1.0	-1.0	-1.0	-1.0	-1.0	-1.0	-1.0	-1.0	-1.0	0.0	marker	opened-hand	Open	15	0418
-66673.26	-53447.985	-102940.73999999999	-17828.864999999998	0.0	0.0	0.0	0.0	0.0	0.0	0.0	0.0	0.0	0.0	0.0	0.0	0.0	0.0	146.0	0.0	0.04602039	-0.109679895	1.01769759	4.41014	-0.54936	-1.03768	3213256.0	1776544816.4293	0.0	1.0	-1.0	-1.0	-1.0	-1.0	-1.0	-1.0	-1.0	-1.0	0.0	marker	opened-hand	Open	15	0418
-66790.845	-53450.369999999995	-103034.43	-17887.77	0.0	0.0	0.0	0.0	0.0	0.0	0.0	0.0	0.0	0.0	0.0	0.0	0.0	0.0	146.0	0.0	0.04602039	-0.109679895	1.01769759	4.41014	-0.54936	-1.03768	3213257.0	1776544816.429312	0.0	1.0	-1.0	-1.0	-1.0	-1.0	-1.0	-1.0	-1.0	-1.0	0.0	marker	opened-hand	Open	15	0418
-66908.97	-53468.055	-103201.875	-18064.079999999998	0.0	0.0	0.0	0.0	0.0	0.0	0.0	0.0	0.0	0.0	0.0	0.0	0.0	0.0	146.0	0.0	0.04602039	-0.109679895	1.01769759	4.41014	-0.54936	-1.03768	3213258.0	1776544816.429319	0.0	1.0	-1.0	-1.0	-1.0	-1.0	-1.0	-1.0	-1.0	-1.0	0.0	marker	opened-hand	Open	15	0418
-66869.415	-53474.985	-103177.53	-18045.585	0.0	0.0	0.0	0.0	0.0	0.0	0.0	0.0	0.0	0.0	0.0	0.0	0.0	0.0	146.0	0.0	0.04357899	-0.10363743	1.017270345	4.02864	-0.97664	-1.19028	3213259.0	1776544816.431783	0.0	1.0	-1.0	-1.0	-1.0	-1.0	-1.0	-1.0	-1.0	-1.0	0.0	marker	opened-hand	Open	15	0418
-66800.295	-53470.259999999995	-103063.905	-17926.245	0.0	0.0	0.0	0.0	0.0	0.0	0.0	0.0	0.0	0.0	0.0	0.0	0.0	0.0	146.0	0.0	0.04357899	-0.10363743	1.017270345	4.02864	-0.97664	-1.19028	3213260.0	1776544816.431804	0.0	1.0	-1.0	-1.0	-1.0	-1.0	-1.0	-1.0	-1.0	-1.0	0.0	marker	opened-hand	Open	15	0418
-66742.965	-53465.49	-102956.67	-17821.305	0.0	0.0	0.0	0.0	0.0	0.0	0.0	0.0	0.0	0.0	0.0	0.0	0.0	0.0	146.0	0.0	0.04357899	-0.10363743	1.017270345	4.02864	-0.97664	-1.19028	3213261.0	1776544816.435899	0.0	1.0	-1.0	-1.0	-1.0	-1.0	-1.0	-1.0	-1.0	-1.0	0.0	marker	opened-hand	Open	15	0418
-66722.04	-53459.415	-102891.42	-17756.684999999998	0.0	0.0	0.0	0.0	0.0	0.0	0.0	0.0	0.0	0.0	0.0	0.0	0.0	0.0	146.0	0.0	0.04357899	-0.10363743	1.017270345	4.02864	-0.97664	-1.19028	3213262.0	1776544816.435924	0.0	1.0	-1.0	-1.0	-1.0	-1.0	-1.0	-1.0	-1.0	-1.0	0.0	marker	opened-hand	Open	15	0418
-66770.73	-53451.54	-102953.06999999999	-17827.02	0.0	0.0	0.0	0.0	0.0	0.0	0.0	0.0	0.0	0.0	0.0	0.0	0.0	0.0	146.0	0.0	0.04357899	-0.10363743	1.017270345	4.02864	-0.97664	-1.19028	3213263.0	1776544816.439728	0.0	1.0	-1.0	-1.0	-1.0	-1.0	-1.0	-1.0	-1.0	-1.0	0.0	marker	opened-hand	Open	15	0418
-66986.415	-53456.354999999996	-103141.8	-18025.829999999998	0.0	0.0	0.0	0.0	0.0	0.0	0.0	0.0	0.0	0.0	0.0	0.0	0.0	0.0	146.0	0.0	0.04357899	-0.10363743	1.017270345	4.02864	-0.97664	-1.19028	3213264.0	1776544816.43975	0.0	1.0	-1.0	-1.0	-1.0	-1.0	-1.0	-1.0	-1.0	-1.0	0.0	marker	opened-hand	Open	15	0418
-66902.805	-53444.7	-103141.75499999999	-18010.079999999998	0.0	0.0	0.0	0.0	0.0	0.0	0.0	0.0	0.0	0.0	0.0	0.0	0.0	0.0	146.0	0.0	0.04357899	-0.10363743	1.017270345	4.02864	-0.97664	-1.19028	3213265.0	1776544816.443528	0.0	1.0	-1.0	-1.0	-1.0	-1.0	-1.0	-1.0	-1.0	-1.0	0.0	marker	opened-hand	Open	15	0418
-66824.19	-53437.545	-103111.11	-17959.32	0.0	0.0	0.0	0.0	0.0	0.0	0.0	0.0	0.0	0.0	0.0	0.0	0.0	0.0	146.0	0.0	0.04357899	-0.10363743	1.017270345	4.02864	-0.97664	-1.19028	3213266.0	1776544816.443543	0.0	1.0	-1.0	-1.0	-1.0	-1.0	-1.0	-1.0	-1.0	-1.0	0.0	marker	opened-hand	Open	15	0418
-66777.075	-53440.65	-103006.26	-17926.829999999998	0.0	0.0	0.0	0.0	0.0	0.0	0.0	0.0	0.0	0.0	0.0	0.0	0.0	0.0	146.0	0.0	0.04357899	-0.10363743	1.017270345	4.02864	-0.97664	-1.19028	3213267.0	1776544816.447564	0.0	1.0	-1.0	-1.0	-1.0	-1.0	-1.0	-1.0	-1.0	-1.0	0.0	marker	opened-hand	Open	15	0418
-66625.33499999999	-53437.814999999995	-102798.18	-17741.295	0.0	0.0	0.0	0.0	0.0	0.0	0.0	0.0	0.0	0.0	0.0	0.0	0.0	0.0	146.0	0.0	0.04357899	-0.10363743	1.017270345	4.02864	-0.97664	-1.19028	3213268.0	1776544816.447576	0.0	1.0	-1.0	-1.0	-1.0	-1.0	-1.0	-1.0	-1.0	-1.0	0.0	marker	opened-hand	Open	15	0418
-66660.97499999999	-53449.604999999996	-102883.455	-17719.965	0.0	0.0	0.0	0.0	0.0	0.0	0.0	0.0	0.0	0.0	0.0	0.0	0.0	0.0	146.0	0.0	0.046081425	-0.100280505	1.0167820650000001	2.18218	-1.57178	-0.71722	3213269.0	1776544816.451594	0.0	1.0	-1.0	-1.0	-1.0	-1.0	-1.0	-1.0	-1.0	-1.0	0.0	marker	opened-hand	Open	15	0418
-66765.78	-53460.674999999996	-103021.83	-17851.815	0.0	0.0	0.0	0.0	0.0	0.0	0.0	0.0	0.0	0.0	0.0	0.0	0.0	0.0	146.0	0.0	0.046081425	-0.100280505	1.0167820650000001	2.18218	-1.57178	-0.71722	3213270.0	1776544816.451606	0.0	1.0	-1.0	-1.0	-1.0	-1.0	-1.0	-1.0	-1.0	-1.0	0.0	marker	opened-hand	Open	15	0418
-66743.235	-53454.195	-102994.01999999999	-17822.655	0.0	0.0	0.0	0.0	0.0	0.0	0.0	0.0	0.0	0.0	0.0	0.0	0.0	0.0	146.0	0.0	0.046081425	-0.100280505	1.0167820650000001	2.18218	-1.57178	-0.71722	3213271.0	1776544816.4556	0.0	1.0	-1.0	-1.0	-1.0	-1.0	-1.0	-1.0	-1.0	-1.0	0.0	marker	opened-hand	Open	15	0418
-66696.705	-53451.18	-102936.19499999999	-17775.765	0.0	0.0	0.0	0.0	0.0	0.0	0.0	0.0	0.0	0.0	0.0	0.0	0.0	0.0	146.0	0.0	0.046081425	-0.100280505	1.0167820650000001	2.18218	-1.57178	-0.71722	3213272.0	1776544816.455623	0.0	1.0	-1.0	-1.0	-1.0	-1.0	-1.0	-1.0	-1.0	-1.0	0.0	marker	opened-hand	Open	15	0418
-66719.43	-53486.729999999996	-102932.955	-17805.059999999998	0.0	0.0	0.0	0.0	0.0	0.0	0.0	0.0	0.0	0.0	0.0	0.0	0.0	0.0	146.0	0.0	0.046081425	-0.100280505	1.0167820650000001	2.18218	-1.57178	-0.71722	3213273.0	1776544816.461502	0.0	1.0	-1.0	-1.0	-1.0	-1.0	-1.0	-1.0	-1.0	-1.0	0.0	marker	opened-hand	Open	15	0418
-66668.08499999999	-53496.0	-102893.44499999999	-17790.344999999998	0.0	0.0	0.0	0.0	0.0	0.0	0.0	0.0	0.0	0.0	0.0	0.0	0.0	0.0	146.0	0.0	0.046081425	-0.100280505	1.0167820650000001	2.18218	-1.57178	-0.71722	3213274.0	1776544816.461525	0.0	1.0	-1.0	-1.0	-1.0	-1.0	-1.0	-1.0	-1.0	-1.0	0.0	marker	opened-hand	Open	15	0418
-66782.34	-53498.025	-102935.745	-17853.66	0.0	0.0	0.0	0.0	0.0	0.0	0.0	0.0	0.0	0.0	0.0	0.0	0.0	0.0	146.0	0.0	0.046081425	-0.100280505	1.0167820650000001	2.18218	-1.57178	-0.71722	3213275.0	1776544816.464362	0.0	1.0	-1.0	-1.0	-1.0	-1.0	-1.0	-1.0	-1.0	-1.0	0.0	marker	opened-hand	Open	15	0418
-66850.73999999999	-53506.17	-103014.22499999999	-17929.44	0.0	0.0	0.0	0.0	0.0	0.0	0.0	0.0	0.0	0.0	0.0	0.0	0.0	0.0	146.0	0.0	0.046081425	-0.100280505	1.0167820650000001	2.18218	-1.57178	-0.71722	3213276.0	1776544816.464386	0.0	1.0	-1.0	-1.0	-1.0	-1.0	-1.0	-1.0	-1.0	-1.0	0.0	marker	opened-hand	Open	15	0418
-66697.2	-53503.92	-102986.64	-17871.255	0.0	0.0	0.0	0.0	0.0	0.0	0.0	0.0	0.0	0.0	0.0	0.0	0.0	0.0	146.0	0.0	0.046081425	-0.100280505	1.0167820650000001	2.18218	-1.57178	-0.71722	3213277.0	1776544816.473541	0.0	1.0	-1.0	-1.0	-1.0	-1.0	-1.0	-1.0	-1.0	-1.0	0.0	marker	opened-hand	Open	15	0418
-66652.245	-53508.104999999996	-103007.295	-17836.29	0.0	0.0	0.0	0.0	0.0	0.0	0.0	0.0	0.0	0.0	0.0	0.0	0.0	0.0	146.0	0.0	0.046081425	-0.100280505	1.0167820650000001	2.18218	-1.57178	-0.71722	3213278.0	1776544816.473579	0.0	1.0	-1.0	-1.0	-1.0	-1.0	-1.0	-1.0	-1.0	-1.0	0.0	marker	opened-hand	Open	15	0418
-66796.29	-53518.049999999996	-103017.06	-17853.84	0.0	0.0	0.0	0.0	0.0	0.0	0.0	0.0	0.0	0.0	0.0	0.0	0.0	0.0	146.0	0.0	0.04187001	-0.102721905	1.02013899	3.3419399999999997	-2.1669199999999997	-1.4497	3213279.0	1776544816.473609	0.0	1.0	-1.0	-1.0	-1.0	-1.0	-1.0	-1.0	-1.0	-1.0	0.0	marker	opened-hand	Open	15	0418
-66836.16	-53504.145	-102980.97	-17840.88	0.0	0.0	0.0	0.0	0.0	0.0	0.0	0.0	0.0	0.0	0.0	0.0	0.0	0.0	146.0	0.0	0.04187001	-0.102721905	1.02013899	3.3419399999999997	-2.1669199999999997	-1.4497	3213280.0	1776544816.473629	0.0	1.0	-1.0	-1.0	-1.0	-1.0	-1.0	-1.0	-1.0	-1.0	0.0	marker	opened-hand	Open	15	0418
-66909.19499999999	-53503.11	-103142.295	-17977.725	0.0	0.0	0.0	0.0	0.0	0.0	0.0	0.0	0.0	0.0	0.0	0.0	0.0	0.0	146.0	0.0	0.04187001	-0.102721905	1.02013899	3.3419399999999997	-2.1669199999999997	-1.4497	3213281.0	1776544816.475731	0.0	1.0	-1.0	-1.0	-1.0	-1.0	-1.0	-1.0	-1.0	-1.0	0.0	marker	opened-hand	Open	15	0418
-66873.555	-53506.439999999995	-103176.22499999999	-18014.67	0.0	0.0	0.0	0.0	0.0	0.0	0.0	0.0	0.0	0.0	0.0	0.0	0.0	0.0	146.0	0.0	0.04187001	-0.102721905	1.02013899	3.3419399999999997	-2.1669199999999997	-1.4497	3213282.0	1776544816.475747	0.0	1.0	-1.0	-1.0	-1.0	-1.0	-1.0	-1.0	-1.0	-1.0	0.0	marker	opened-hand	Open	15	0418
-66785.48999999999	-53510.265	-103083.39	-17962.92	0.0	0.0	0.0	0.0	0.0	0.0	0.0	0.0	0.0	0.0	0.0	0.0	0.0	0.0	146.0	0.0	0.04187001	-0.102721905	1.02013899	3.3419399999999997	-2.1669199999999997	-1.4497	3213283.0	1776544816.479723	0.0	1.0	-1.0	-1.0	-1.0	-1.0	-1.0	-1.0	-1.0	-1.0	0.0	marker	opened-hand	Open	15	0418
-66781.935	-53520.93	-103019.44499999999	-17889.614999999998	0.0	0.0	0.0	0.0	0.0	0.0	0.0	0.0	0.0	0.0	0.0	0.0	0.0	0.0	146.0	0.0	0.04187001	-0.102721905	1.02013899	3.3419399999999997	-2.1669199999999997	-1.4497	3213284.0	1776544816.479741	0.0	1.0	-1.0	-1.0	-1.0	-1.0	-1.0	-1.0	-1.0	-1.0	0.0	marker	opened-hand	Open	15	0418
-66755.06999999999	-53519.49	-103024.53	-17894.655	0.0	0.0	0.0	0.0	0.0	0.0	0.0	0.0	0.0	0.0	0.0	0.0	0.0	0.0	146.0	0.0	0.04187001	-0.102721905	1.02013899	3.3419399999999997	-2.1669199999999997	-1.4497	3213285.0	1776544816.483719	0.0	1.0	-1.0	-1.0	-1.0	-1.0	-1.0	-1.0	-1.0	-1.0	0.0	marker	opened-hand	Open	15	0418
-66684.825	-53509.68	-102987.94499999999	-17862.12	0.0	0.0	0.0	0.0	0.0	0.0	0.0	0.0	0.0	0.0	0.0	0.0	0.0	0.0	146.0	0.0	0.04187001	-0.102721905	1.02013899	3.3419399999999997	-2.1669199999999997	-1.4497	3213286.0	1776544816.483729	0.0	1.0	-1.0	-1.0	-1.0	-1.0	-1.0	-1.0	-1.0	-1.0	0.0	marker	opened-hand	Open	15	0418
-66590.64	-53498.43	-102846.105	-17731.44	0.0	0.0	0.0	0.0	0.0	0.0	0.0	0.0	0.0	0.0	0.0	0.0	0.0	0.0	146.0	0.0	0.04187001	-0.102721905	1.02013899	3.3419399999999997	-2.1669199999999997	-1.4497	3213287.0	1776544816.487849	0.0	1.0	-1.0	-1.0	-1.0	-1.0	-1.0	-1.0	-1.0	-1.0	0.0	marker	opened-hand	Open	15	0418
-66692.61	-53495.595	-102897.62999999999	-17759.34	0.0	0.0	0.0	0.0	0.0	0.0	0.0	0.0	0.0	0.0	0.0	0.0	0.0	0.0	146.0	0.0	0.04187001	-0.102721905	1.02013899	3.3419399999999997	-2.1669199999999997	-1.4497	3213288.0	1776544816.487873	0.0	1.0	-1.0	-1.0	-1.0	-1.0	-1.0	-1.0	-1.0	-1.0	0.0	marker	opened-hand	Open	15	0418
-66921.075	-53510.04	-103173.165	-18010.17	0.0	0.0	0.0	0.0	0.0	0.0	0.0	0.0	0.0	0.0	0.0	0.0	0.0	0.0	146.0	0.0	0.045349005	-0.104797095	1.01647689	4.822159999999999	-1.69386	-1.2055399999999998	3213289.0	1776544816.491705	0.0	1.0	-1.0	-1.0	-1.0	-1.0	-1.0	-1.0	-1.0	-1.0	0.0	marker	opened-hand	Open	15	0418
-66904.2	-53507.34	-103145.04	-18014.085	0.0	0.0	0.0	0.0	0.0	0.0	0.0	0.0	0.0	0.0	0.0	0.0	0.0	0.0	146.0	0.0	0.045349005	-0.104797095	1.01647689	4.822159999999999	-1.69386	-1.2055399999999998	3213290.0	1776544816.491723	0.0	1.0	-1.0	-1.0	-1.0	-1.0	-1.0	-1.0	-1.0	-1.0	0.0	marker	opened-hand	Open	15	0418
-66820.185	-53496.63	-102977.415	-17910.315	0.0	0.0	0.0	0.0	0.0	0.0	0.0	0.0	0.0	0.0	0.0	0.0	0.0	0.0	146.0	0.0	0.045349005	-0.104797095	1.01647689	4.822159999999999	-1.69386	-1.2055399999999998	3213291.0	1776544816.495814	0.0	1.0	-1.0	-1.0	-1.0	-1.0	-1.0	-1.0	-1.0	-1.0	0.0	marker	opened-hand	Open	15	0418
-66707.055	-53500.5	-102868.92	-17835.75	0.0	0.0	0.0	0.0	0.0	0.0	0.0	0.0	0.0	0.0	0.0	0.0	0.0	0.0	146.0	0.0	0.045349005	-0.104797095	1.01647689	4.822159999999999	-1.69386	-1.2055399999999998	3213292.0	1776544816.495829	0.0	1.0	-1.0	-1.0	-1.0	-1.0	-1.0	-1.0	-1.0	-1.0	0.0	marker	opened-hand	Open	15	0418
-66636.36	-53506.034999999996	-102957.12	-17768.114999999998	0.0	0.0	0.0	0.0	0.0	0.0	0.0	0.0	0.0	0.0	0.0	0.0	0.0	0.0	146.0	0.0	0.045349005	-0.104797095	1.01647689	4.822159999999999	-1.69386	-1.2055399999999998	3213293.0	1776544816.501876	0.0	1.0	-1.0	-1.0	-1.0	-1.0	-1.0	-1.0	-1.0	-1.0	0.0	marker	opened-hand	Open	15	0418
-66664.08	-53505.225	-103060.98	-17813.52	0.0	0.0	0.0	0.0	0.0	0.0	0.0	0.0	0.0	0.0	0.0	0.0	0.0	0.0	146.0	0.0	0.045349005	-0.104797095	1.01647689	4.822159999999999	-1.69386	-1.2055399999999998	3213294.0	1776544816.501909	0.0	1.0	-1.0	-1.0	-1.0	-1.0	-1.0	-1.0	-1.0	-1.0	0.0	marker	opened-hand	Open	15	0418
-66785.715	-53508.555	-103098.105	-17935.515	0.0	0.0	0.0	0.0	0.0	0.0	0.0	0.0	0.0	0.0	0.0	0.0	0.0	0.0	146.0	0.0	0.045349005	-0.104797095	1.01647689	4.822159999999999	-1.69386	-1.2055399999999998	3213295.0	1776544816.503669	0.0	1.0	-1.0	-1.0	-1.0	-1.0	-1.0	-1.0	-1.0	-1.0	0.0	marker	opened-hand	Open	15	0418
-66879.045	-53507.88	-103105.98	-17974.035	0.0	0.0	0.0	0.0	0.0	0.0	0.0	0.0	0.0	0.0	0.0	0.0	0.0	0.0	146.0	0.0	0.045349005	-0.104797095	1.01647689	4.822159999999999	-1.69386	-1.2055399999999998	3213296.0	1776544816.503681	0.0	1.0	-1.0	-1.0	-1.0	-1.0	-1.0	-1.0	-1.0	-1.0	0.0	marker	opened-hand	Open	15	0418
-66845.565	-53492.85	-103072.545	-17922.015	0.0	0.0	0.0	0.0	0.0	0.0	0.0	0.0	0.0	0.0	0.0	0.0	0.0	0.0	146.0	0.0	0.045349005	-0.104797095	1.01647689	4.822159999999999	-1.69386	-1.2055399999999998	3213297.0	1776544816.507741	0.0	1.0	-1.0	-1.0	-1.0	-1.0	-1.0	-1.0	-1.0	-1.0	0.0	marker	opened-hand	Open	15	0418
-66811.77	-53485.965	-103083.705	-17926.92	0.0	0.0	0.0	0.0	0.0	0.0	0.0	0.0	0.0	0.0	0.0	0.0	0.0	0.0	146.0	0.0	0.045349005	-0.104797095	1.01647689	4.822159999999999	-1.69386	-1.2055399999999998	3213298.0	1776544816.507763	0.0	1.0	-1.0	-1.0	-1.0	-1.0	-1.0	-1.0	-1.0	-1.0	0.0	marker	opened-hand	Open	15	0418
-66804.93	-53492.67	-103056.75	-17916.03	0.0	0.0	0.0	0.0	0.0	0.0	0.0	0.0	0.0	0.0	0.0	0.0	0.0	0.0	146.0	0.0	0.05053698	-0.10034154	1.01427963	5.70724	-1.38866	-0.03052	3213299.0	1776544816.51186	0.0	1.0	-1.0	-1.0	-1.0	-1.0	-1.0	-1.0	-1.0	-1.0	0.0	marker	opened-hand	Open	15	0418
-66725.86499999999	-53501.895	-102947.48999999999	-17854.335	0.0	0.0	0.0	0.0	0.0	0.0	0.0	0.0	0.0	0.0	0.0	0.0	0.0	0.0	146.0	0.0	0.05053698	-0.10034154	1.01427963	5.70724	-1.38866	-0.03052	3213300.0	1776544816.511878	0.0	1.0	-1.0	-1.0	-1.0	-1.0	-1.0	-1.0	-1.0	-1.0	0.0	marker	opened-hand	Open	15	0418
-66739.05	-53516.835	-103023.98999999999	-17894.7	0.0	0.0	0.0	0.0	0.0	0.0	0.0	0.0	0.0	0.0	0.0	0.0	0.0	0.0	146.0	0.0	0.05053698	-0.10034154	1.01427963	5.70724	-1.38866	-0.03052	3213301.0	1776544816.519001	0.0	1.0	-1.0	-1.0	-1.0	-1.0	-1.0	-1.0	-1.0	-1.0	0.0	marker	opened-hand	Open	15	0418
-66720.285	-53527.365	-103075.11	-17920.395	0.0	0.0	0.0	0.0	0.0	0.0	0.0	0.0	0.0	0.0	0.0	0.0	0.0	0.0	146.0	0.0	0.05053698	-0.10034154	1.01427963	5.70724	-1.38866	-0.03052	3213302.0	1776544816.519018	0.0	1.0	-1.0	-1.0	-1.0	-1.0	-1.0	-1.0	-1.0	-1.0	0.0	marker	opened-hand	Open	15	0418
-66784.815	-53522.235	-103033.98	-17899.469999999998	0.0	0.0	0.0	0.0	0.0	0.0	0.0	0.0	0.0	0.0	0.0	0.0	0.0	0.0	146.0	0.0	0.05053698	-0.10034154	1.01427963	5.70724	-1.38866	-0.03052	3213303.0	1776544816.519844	0.0	1.0	-1.0	-1.0	-1.0	-1.0	-1.0	-1.0	-1.0	-1.0	0.0	marker	opened-hand	Open	15	0418
-66835.44	-53499.329999999994	-103034.7	-17895.285	0.0	0.0	0.0	0.0	0.0	0.0	0.0	0.0	0.0	0.0	0.0	0.0	0.0	0.0	146.0	0.0	0.05053698	-0.10034154	1.01427963	5.70724	-1.38866	-0.03052	3213304.0	1776544816.519855	0.0	1.0	-1.0	-1.0	-1.0	-1.0	-1.0	-1.0	-1.0	-1.0	0.0	marker	opened-hand	Open	15	0418
-66724.38	-53472.915	-102977.37	-17847.945	0.0	0.0	0.0	0.0	0.0	0.0	0.0	0.0	0.0	0.0	0.0	0.0	0.0	0.0	146.0	0.0	0.05053698	-0.10034154	1.01427963	5.70724	-1.38866	-0.03052	3213305.0	1776544816.523806	0.0	1.0	-1.0	-1.0	-1.0	-1.0	-1.0	-1.0	-1.0	-1.0	0.0	marker	opened-hand	Open	15	0418
-66603.59999999999	-53453.88	-102881.43	-17750.25	0.0	0.0	0.0	0.0	0.0	0.0	0.0	0.0	0.0	0.0	0.0	0.0	0.0	0.0	146.0	0.0	0.05053698	-0.10034154	1.01427963	5.70724	-1.38866	-0.03052	3213306.0	1776544816.523826	0.0	1.0	-1.0	-1.0	-1.0	-1.0	-1.0	-1.0	-1.0	-1.0	0.0	marker	opened-hand	Open	15	0418
-66658.59	-53445.195	-102907.44	-17768.655	0.0	0.0	0.0	0.0	0.0	0.0	0.0	0.0	0.0	0.0	0.0	0.0	0.0	0.0	146.0	0.0	0.05053698	-0.10034154	1.01427963	5.70724	-1.38866	-0.03052	3213307.0	1776544816.527824	0.0	1.0	-1.0	-1.0	-1.0	-1.0	-1.0	-1.0	-1.0	-1.0	0.0	marker	opened-hand	Open	15	0418
-66725.145	-53444.295	-102918.69	-17775.09	0.0	0.0	0.0	0.0	0.0	0.0	0.0	0.0	0.0	0.0	0.0	0.0	0.0	0.0	146.0	0.0	0.05053698	-0.10034154	1.01427963	5.70724	-1.38866	-0.03052	3213308.0	1776544816.527839	0.0	1.0	-1.0	-1.0	-1.0	-1.0	-1.0	-1.0	-1.0	-1.0	0.0	marker	opened-hand	Open	15	0418
-66753.18	-53452.979999999996	-102955.275	-17826.48	0.0	0.0	0.0	0.0	0.0	0.0	0.0	0.0	0.0	0.0	0.0	0.0	0.0	0.0	146.0	0.0	0.0500487	-0.09436011	1.00927476	5.20366	-1.0224199999999999	-0.8698199999999999	3213309.0	1776544816.53196	0.0	1.0	-1.0	-1.0	-1.0	-1.0	-1.0	-1.0	-1.0	-1.0	0.0	marker	opened-hand	Open	15	0418
-66778.245	-53457.93	-102987.765	-17853.57	0.0	0.0	0.0	0.0	0.0	0.0	0.0	0.0	0.0	0.0	0.0	0.0	0.0	0.0	146.0	0.0	0.0500487	-0.09436011	1.00927476	5.20366	-1.0224199999999999	-0.8698199999999999	3213310.0	1776544816.531986	0.0	1.0	-1.0	-1.0	-1.0	-1.0	-1.0	-1.0	-1.0	-1.0	0.0	marker	opened-hand	Open	15	0418
-66790.485	-53450.415	-103004.595	-17858.52	0.0	0.0	0.0	0.0	0.0	0.0	0.0	0.0	0.0	0.0	0.0	0.0	0.0	0.0	146.0	0.0	0.0500487	-0.09436011	1.00927476	5.20366	-1.0224199999999999	-0.8698199999999999	3213311.0	1776544816.5359	0.0	1.0	-1.0	-1.0	-1.0	-1.0	-1.0	-1.0	-1.0	-1.0	0.0	marker	opened-hand	Open	15	0418
-66841.155	-53439.39	-103098.465	-17971.245	0.0	0.0	0.0	0.0	0.0	0.0	0.0	0.0	0.0	0.0	0.0	0.0	0.0	0.0	146.0	0.0	0.0500487	-0.09436011	1.00927476	5.20366	-1.0224199999999999	-0.8698199999999999	3213312.0	1776544816.535916	0.0	1.0	-1.0	-1.0	-1.0	-1.0	-1.0	-1.0	-1.0	-1.0	0.0	marker	opened-hand	Open	15	0418
-66750.705	-53418.284999999996	-103010.67	-17872.335	0.0	0.0	0.0	0.0	0.0	0.0	0.0	0.0	0.0	0.0	0.0	0.0	0.0	0.0	146.0	0.0	0.0500487	-0.09436011	1.00927476	5.20366	-1.0224199999999999	-0.8698199999999999	3213313.0	1776544816.544395	0.0	1.0	-1.0	-1.0	-1.0	-1.0	-1.0	-1.0	-1.0	-1.0	0.0	marker	opened-hand	Open	15	0418
-66777.93	-53393.49	-102976.605	-17828.64	0.0	0.0	0.0	0.0	0.0	0.0	0.0	0.0	0.0	0.0	0.0	0.0	0.0	0.0	146.0	0.0	0.0500487	-0.09436011	1.00927476	5.20366	-1.0224199999999999	-0.8698199999999999	3213314.0	1776544816.544413	0.0	1.0	-1.0	-1.0	-1.0	-1.0	-1.0	-1.0	-1.0	-1.0	0.0	marker	opened-hand	Open	15	0418
-66817.935	-53399.25	-103075.605	-17924.489999999998	0.0	0.0	0.0	0.0	0.0	0.0	0.0	0.0	0.0	0.0	0.0	0.0	0.0	0.0	146.0	0.0	0.0500487	-0.09436011	1.00927476	5.20366	-1.0224199999999999	-0.8698199999999999	3213315.0	1776544816.546576	0.0	1.0	-1.0	-1.0	-1.0	-1.0	-1.0	-1.0	-1.0	-1.0	0.0	marker	opened-hand	Open	15	0418
-66748.275	-53409.509999999995	-103052.565	-17919.899999999998	0.0	0.0	0.0	0.0	0.0	0.0	0.0	0.0	0.0	0.0	0.0	0.0	0.0	0.0	146.0	0.0	0.0500487	-0.09436011	1.00927476	5.20366	-1.0224199999999999	-0.8698199999999999	3213316.0	1776544816.546602	0.0	1.0	-1.0	-1.0	-1.0	-1.0	-1.0	-1.0	-1.0	-1.0	0.0	marker	opened-hand	Open	15	0418
-66666.87	-53411.354999999996	-102928.635	-17804.295	0.0	0.0	0.0	0.0	0.0	0.0	0.0	0.0	0.0	0.0	0.0	0.0	0.0	0.0	146.0	0.0	0.0500487	-0.09436011	1.00927476	5.20366	-1.0224199999999999	-0.8698199999999999	3213317.0	1776544816.548592	0.0	1.0	-1.0	-1.0	-1.0	-1.0	-1.0	-1.0	-1.0	-1.0	0.0	marker	opened-hand	Open	15	0418
-66668.84999999999	-53415.81	-102878.90999999999	-17744.085	0.0	0.0	0.0	0.0	0.0	0.0	0.0	0.0	0.0	0.0	0.0	0.0	0.0	0.0	146.0	0.0	0.0500487	-0.09436011	1.00927476	5.20366	-1.0224199999999999	-0.8698199999999999	3213318.0	1776544816.548622	0.0	1.0	-1.0	-1.0	-1.0	-1.0	-1.0	-1.0	-1.0	-1.0	0.0	marker	opened-hand	Open	15	0418
-66668.84999999999	-53415.81	-102878.90999999999	-17744.085	0.0	0.0	0.0	0.0	0.0	0.0	0.0	0.0	0.0	0.0	0.0	0.0	0.0	0.0	146.0	0.0	0.0500487	-0.09436011	1.00927476	5.20366	-1.0224199999999999	-0.8698199999999999	3213319.0	1776544816.568157	0.0	1.0	-1.0	-1.0	-1.0	-1.0	-1.0	-1.0	-1.0	-1.0	0.0	marker	opened-hand	Open	15	0418
-66668.84999999999	-53415.81	-102878.90999999999	-17744.085	0.0	0.0	0.0	0.0	0.0	0.0	0.0	0.0	0.0	0.0	0.0	0.0	0.0	0.0	146.0	0.0	0.0500487	-0.09436011	1.00927476	5.20366	-1.0224199999999999	-0.8698199999999999	3213320.0	1776544816.568176	0.0	1.0	-1.0	-1.0	-1.0	-1.0	-1.0	-1.0	-1.0	-1.0	0.0	marker	opened-hand	Open	15	0418
-66668.84999999999	-53415.81	-102878.90999999999	-17744.085	0.0	0.0	0.0	0.0	0.0	0.0	0.0	0.0	0.0	0.0	0.0	0.0	0.0	0.0	146.0	0.0	0.0500487	-0.09436011	1.00927476	5.20366	-1.0224199999999999	-0.8698199999999999	3213321.0	1776544816.568188	0.0	1.0	-1.0	-1.0	-1.0	-1.0	-1.0	-1.0	-1.0	-1.0	0.0	marker	opened-hand	Open	15	0418
-66668.84999999999	-53415.81	-102878.90999999999	-17744.085	0.0	0.0	0.0	0.0	0.0	0.0	0.0	0.0	0.0	0.0	0.0	0.0	0.0	0.0	146.0	0.0	0.0500487	-0.09436011	1.00927476	5.20366	-1.0224199999999999	-0.8698199999999999	3213322.0	1776544816.568198	0.0	1.0	-1.0	-1.0	-1.0	-1.0	-1.0	-1.0	-1.0	-1.0	0.0	marker	opened-hand	Open	15	0418
-66780.54	-53457.84	-103009.185	-17934.39	0.0	0.0	0.0	0.0	0.0	0.0	0.0	0.0	0.0	0.0	0.0	0.0	0.0	0.0	146.0	0.0	0.057189795	-0.08862282	1.004330925	2.8078399999999997	-0.47306	0.2289	3213325.0	1776544816.568222	0.0	1.0	-1.0	-1.0	-1.0	-1.0	-1.0	-1.0	-1.0	-1.0	0.0	marker	opened-hand	Open	15	0418
-66764.16	-53473.454999999994	-103170.42	-17952.524999999998	0.0	0.0	0.0	0.0	0.0	0.0	0.0	0.0	0.0	0.0	0.0	0.0	0.0	0.0	146.0	0.0	0.057189795	-0.08862282	1.004330925	2.8078399999999997	-0.47306	0.2289	3213326.0	1776544816.568235	0.0	1.0	-1.0	-1.0	-1.0	-1.0	-1.0	-1.0	-1.0	-1.0	0.0	marker	opened-hand	Open	15	0418
-66810.555	-53477.369999999995	-103076.415	-17887.545	0.0	0.0	0.0	0.0	0.0	0.0	0.0	0.0	0.0	0.0	0.0	0.0	0.0	0.0	146.0	0.0	0.057189795	-0.08862282	1.004330925	2.8078399999999997	-0.47306	0.2289	3213327.0	1776544816.569842	0.0	1.0	-1.0	-1.0	-1.0	-1.0	-1.0	-1.0	-1.0	-1.0	0.0	marker	opened-hand	Open	15	0418
-66681.9	-53464.545	-102901.455	-17738.73	0.0	0.0	0.0	0.0	0.0	0.0	0.0	0.0	0.0	0.0	0.0	0.0	0.0	0.0	146.0	0.0	0.057189795	-0.08862282	1.004330925	2.8078399999999997	-0.47306	0.2289	3213328.0	1776544816.569872	0.0	1.0	-1.0	-1.0	-1.0	-1.0	-1.0	-1.0	-1.0	-1.0	0.0	marker	opened-hand	Open	15	0418
-66564.94499999999	-53444.924999999996	-102793.14	-17660.295	0.0	0.0	0.0	0.0	0.0	0.0	0.0	0.0	0.0	0.0	0.0	0.0	0.0	0.0	146.0	0.0	0.057189795	-0.08862282	1.004330925	2.8078399999999997	-0.47306	0.2289	3213329.0	1776544816.572845	0.0	1.0	-1.0	-1.0	-1.0	-1.0	-1.0	-1.0	-1.0	-1.0	0.0	marker	opened-hand	Open	15	0418
-66700.575	-53443.35	-102913.83	-17806.05	0.0	0.0	0.0	0.0	0.0	0.0	0.0	0.0	0.0	0.0	0.0	0.0	0.0	0.0	146.0	0.0	0.057189795	-0.08862282	1.004330925	2.8078399999999997	-0.47306	0.2289	3213330.0	1776544816.572863	0.0	1.0	-1.0	-1.0	-1.0	-1.0	-1.0	-1.0	-1.0	-1.0	0.0	marker	opened-hand	Open	15	0418
-66663.81	-53432.055	-102937.59	-17815.77	0.0	0.0	0.0	0.0	0.0	0.0	0.0	0.0	0.0	0.0	0.0	0.0	0.0	0.0	146.0	0.0	0.053405625	-0.09387183	1.0070775	4.16598	-0.06104	1.0834599999999999	3213331.0	1776544816.576047	0.0	1.0	-1.0	-1.0	-1.0	-1.0	-1.0	-1.0	-1.0	-1.0	0.0	marker	opened-hand	Open	15	0418
-66618.855	-53419.365	-102903.075	-17761.815	0.0	0.0	0.0	0.0	0.0	0.0	0.0	0.0	0.0	0.0	0.0	0.0	0.0	0.0	146.0	0.0	0.053405625	-0.09387183	1.0070775	4.16598	-0.06104	1.0834599999999999	3213332.0	1776544816.576062	0.0	1.0	-1.0	-1.0	-1.0	-1.0	-1.0	-1.0	-1.0	-1.0	0.0	marker	opened-hand	Open	15	0418
-66761.73	-53428.68	-103048.605	-17890.335	0.0	0.0	0.0	0.0	0.0	0.0	0.0	0.0	0.0	0.0	0.0	0.0	0.0	0.0	146.0	0.0	0.053405625	-0.09387183	1.0070775	4.16598	-0.06104	1.0834599999999999	3213333.0	1776544816.580161	0.0	1.0	-1.0	-1.0	-1.0	-1.0	-1.0	-1.0	-1.0	-1.0	0.0	marker	opened-hand	Open	15	0418
-66873.87	-53447.354999999996	-103097.61	-17971.92	0.0	0.0	0.0	0.0	0.0	0.0	0.0	0.0	0.0	0.0	0.0	0.0	0.0	0.0	146.0	0.0	0.053405625	-0.09387183	1.0070775	4.16598	-0.06104	1.0834599999999999	3213334.0	1776544816.580185	0.0	1.0	-1.0	-1.0	-1.0	-1.0	-1.0	-1.0	-1.0	-1.0	0.0	marker	opened-hand	Open	15	0418
-66820.095	-53451.9	-103072.59	-17956.305	0.0	0.0	0.0	0.0	0.0	0.0	0.0	0.0	0.0	0.0	0.0	0.0	0.0	0.0	146.0	0.0	0.053405625	-0.09387183	1.0070775	4.16598	-0.06104	1.0834599999999999	3213335.0	1776544816.584107	0.0	1.0	-1.0	-1.0	-1.0	-1.0	-1.0	-1.0	-1.0	-1.0	0.0	marker	opened-hand	Open	15	0418
-66913.02	-53456.174999999996	-103260.825	-18072.855	0.0	0.0	0.0	0.0	0.0	0.0	0.0	0.0	0.0	0.0	0.0	0.0	0.0	0.0	146.0	0.0	0.053405625	-0.09387183	1.0070775	4.16598	-0.06104	1.0834599999999999	3213336.0	1776544816.584129	0.0	1.0	-1.0	-1.0	-1.0	-1.0	-1.0	-1.0	-1.0	-1.0	0.0	marker	opened-hand	Open	15	0418
-66886.965	-53448.704999999994	-103156.92	-17974.305	0.0	0.0	0.0	0.0	0.0	0.0	0.0	0.0	0.0	0.0	0.0	0.0	0.0	0.0	146.0	0.0	0.053405625	-0.09387183	1.0070775	4.16598	-0.06104	1.0834599999999999	3213337.0	1776544816.588219	0.0	1.0	-1.0	-1.0	-1.0	-1.0	-1.0	-1.0	-1.0	-1.0	0.0	marker	opened-hand	Open	15	0418
-66778.38	-53428.5	-102981.33	-17832.87	0.0	0.0	0.0	0.0	0.0	0.0	0.0	0.0	0.0	0.0	0.0	0.0	0.0	0.0	146.0	0.0	0.053405625	-0.09387183	1.0070775	4.16598	-0.06104	1.0834599999999999	3213338.0	1776544816.588241	0.0	1.0	-1.0	-1.0	-1.0	-1.0	-1.0	-1.0	-1.0	-1.0	0.0	marker	opened-hand	Open	15	0418
-66834.63	-53412.479999999996	-103087.935	-17956.17	0.0	0.0	0.0	0.0	0.0	0.0	0.0	0.0	0.0	0.0	0.0	0.0	0.0	0.0	146.0	0.0	0.053405625	-0.09387183	1.0070775	4.16598	-0.06104	1.0834599999999999	3213339.0	1776544816.592365	0.0	1.0	-1.0	-1.0	-1.0	-1.0	-1.0	-1.0	-1.0	-1.0	0.0	marker	opened-hand	Open	15	0418
-66816.855	-53405.595	-103090.76999999999	-17950.68	0.0	0.0	0.0	0.0	0.0	0.0	0.0	0.0	0.0	0.0	0.0	0.0	0.0	0.0	146.0	0.0	0.053405625	-0.09387183	1.0070775	4.16598	-0.06104	1.0834599999999999	3213340.0	1776544816.59238	0.0	1.0	-1.0	-1.0	-1.0	-1.0	-1.0	-1.0	-1.0	-1.0	0.0	marker	opened-hand	Open	15	0418
-66689.09999999999	-53403.39	-102963.06	-17831.745	0.0	0.0	0.0	0.0	0.0	0.0	0.0	0.0	0.0	0.0	0.0	0.0	0.0	0.0	146.0	0.0	0.04992663	-0.09240699000000001	1.01513412	4.36436	-0.30519999999999997	0.9003399999999999	3213341.0	1776544816.596264	0.0	1.0	-1.0	-1.0	-1.0	-1.0	-1.0	-1.0	-1.0	-1.0	0.0	marker	opened-hand	Open	15	0418
-66743.28	-53407.53	-102937.095	-17824.59	0.0	0.0	0.0	0.0	0.0	0.0	0.0	0.0	0.0	0.0	0.0	0.0	0.0	0.0	146.0	0.0	0.04992663	-0.09240699000000001	1.01513412	4.36436	-0.30519999999999997	0.9003399999999999	3213342.0	1776544816.596288	0.0	1.0	-1.0	-1.0	-1.0	-1.0	-1.0	-1.0	-1.0	-1.0	0.0	marker	opened-hand	Open	15	0418
-66810.06	-53413.02	-103009.5	-17906.76	0.0	0.0	0.0	0.0	0.0	0.0	0.0	0.0	0.0	0.0	0.0	0.0	0.0	0.0	146.0	0.0	0.04992663	-0.09240699000000001	1.01513412	4.36436	-0.30519999999999997	0.9003399999999999	3213343.0	1776544816.600124	0.0	1.0	-1.0	-1.0	-1.0	-1.0	-1.0	-1.0	-1.0	-1.0	0.0	marker	opened-hand	Open	15	0418
-66800.06999999999	-53415.72	-103022.55	-17902.8	0.0	0.0	0.0	0.0	0.0	0.0	0.0	0.0	0.0	0.0	0.0	0.0	0.0	0.0	146.0	0.0	0.04992663	-0.09240699000000001	1.01513412	4.36436	-0.30519999999999997	0.9003399999999999	3213344.0	1776544816.600153	0.0	1.0	-1.0	-1.0	-1.0	-1.0	-1.0	-1.0	-1.0	-1.0	0.0	marker	opened-hand	Open	15	0418
-66914.595	-53420.715	-103069.44	-17904.329999999998	0.0	0.0	0.0	0.0	0.0	0.0	0.0	0.0	0.0	0.0	0.0	0.0	0.0	0.0	146.0	0.0	0.04992663	-0.09240699000000001	1.01513412	4.36436	-0.30519999999999997	0.9003399999999999	3213345.0	1776544816.60414	0.0	1.0	-1.0	-1.0	-1.0	-1.0	-1.0	-1.0	-1.0	-1.0	0.0	marker	opened-hand	Open	15	0418
-66940.965	-53418.555	-103121.64	-17933.805	0.0	0.0	0.0	0.0	0.0	0.0	0.0	0.0	0.0	0.0	0.0	0.0	0.0	0.0	146.13793103448276	0.0	0.04992663	-0.09240699000000001	1.01513412	4.36436	-0.30519999999999997	0.9003399999999999	3213346.0	1776544816.604161	0.0	1.0	-1.0	-1.0	-1.0	-1.0	-1.0	-1.0	-1.0	-1.0	0.0	marker	opened-hand	Open	15	0418
-66774.59999999999	-53402.445	-102997.935	-17847.765	0.0	0.0	0.0	0.0	0.0	0.0	0.0	0.0	0.0	0.0	0.0	0.0	0.0	0.0	146.13793103448276	0.0	0.04992663	-0.09240699000000001	1.01513412	4.36436	-0.30519999999999997	0.9003399999999999	3213347.0	1776544816.60808	0.0	1.0	-1.0	-1.0	-1.0	-1.0	-1.0	-1.0	-1.0	-1.0	0.0	marker	opened-hand	Open	15	0418
-66657.42	-53389.53	-102892.995	-17756.37	0.0	0.0	0.0	0.0	0.0	0.0	0.0	0.0	0.0	0.0	0.0	0.0	0.0	0.0	146.13793103448276	0.0	0.04992663	-0.09240699000000001	1.01513412	4.36436	-0.30519999999999997	0.9003399999999999	3213348.0	1776544816.608097	0.0	1.0	-1.0	-1.0	-1.0	-1.0	-1.0	-1.0	-1.0	-1.0	0.0	marker	opened-hand	Open	15	0418
-66790.935	-53402.22	-103013.685	-17864.82	0.0	0.0	0.0	0.0	0.0	0.0	0.0	0.0	0.0	0.0	0.0	0.0	0.0	0.0	146.13793103448276	0.0	0.04992663	-0.09240699000000001	1.01513412	4.36436	-0.30519999999999997	0.9003399999999999	3213349.0	1776544816.612137	0.0	1.0	-1.0	-1.0	-1.0	-1.0	-1.0	-1.0	-1.0	-1.0	0.0	marker	opened-hand	Open	15	0418
-66881.52	-53424.18	-103090.815	-17956.079999999998	0.0	0.0	0.0	0.0	0.0	0.0	0.0	0.0	0.0	0.0	0.0	0.0	0.0	0.0	146.13793103448276	0.0	0.04992663	-0.09240699000000001	1.01513412	4.36436	-0.30519999999999997	0.9003399999999999	3213350.0	1776544816.612163	0.0	1.0	-1.0	-1.0	-1.0	-1.0	-1.0	-1.0	-1.0	-1.0	0.0	marker	opened-hand	Open	15	0418
-66768.97499999999	-53433.27	-103030.33499999999	-17913.645	0.0	0.0	0.0	0.0	0.0	0.0	0.0	0.0	0.0	0.0	0.0	0.0	0.0	0.0	146.13793103448276	0.0	0.05322252	-0.090148695	1.01452377	1.6022999999999998	-0.51884	0.73248	3213351.0	1776544816.616151	0.0	1.0	-1.0	-1.0	-1.0	-1.0	-1.0	-1.0	-1.0	-1.0	0.0	marker	opened-hand	Open	15	0418
-66687.66	-53442.63	-103004.775	-17864.73	0.0	0.0	0.0	0.0	0.0	0.0	0.0	0.0	0.0	0.0	0.0	0.0	0.0	0.0	146.13793103448276	0.0	0.05322252	-0.090148695	1.01452377	1.6022999999999998	-0.51884	0.73248	3213352.0	1776544816.616166	0.0	1.0	-1.0	-1.0	-1.0	-1.0	-1.0	-1.0	-1.0	-1.0	0.0	marker	opened-hand	Open	15	0418
-66643.47	-53447.579999999994	-102975.03	-17810.774999999998	0.0	0.0	0.0	0.0	0.0	0.0	0.0	0.0	0.0	0.0	0.0	0.0	0.0	0.0	146.13793103448276	0.0	0.05322252	-0.090148695	1.01452377	1.6022999999999998	-0.51884	0.73248	3213353.0	1776544816.620229	0.0	1.0	-1.0	-1.0	-1.0	-1.0	-1.0	-1.0	-1.0	-1.0	0.0	marker	opened-hand	Open	15	0418
-66592.62	-53448.165	-102932.14499999999	-17789.535	0.0	0.0	0.0	0.0	0.0	0.0	0.0	0.0	0.0	0.0	0.0	0.0	0.0	0.0	146.13793103448276	0.0	0.05322252	-0.090148695	1.01452377	1.6022999999999998	-0.51884	0.73248	3213354.0	1776544816.62026	0.0	1.0	-1.0	-1.0	-1.0	-1.0	-1.0	-1.0	-1.0	-1.0	0.0	marker	opened-hand	Open	15	0418
-66732.12	-53455.14	-102978.72	-17880.39	0.0	0.0	0.0	0.0	0.0	0.0	0.0	0.0	0.0	0.0	0.0	0.0	0.0	0.0	146.13793103448276	0.0	0.05322252	-0.090148695	1.01452377	1.6022999999999998	-0.51884	0.73248	3213355.0	1776544816.624449	0.0	1.0	-1.0	-1.0	-1.0	-1.0	-1.0	-1.0	-1.0	-1.0	0.0	marker	opened-hand	Open	15	0418
-66805.38	-53462.564999999995	-102943.98	-17879.265	0.0	0.0	0.0	0.0	0.0	0.0	0.0	0.0	0.0	0.0	0.0	0.0	0.0	0.0	146.13793103448276	0.0	0.05322252	-0.090148695	1.01452377	1.6022999999999998	-0.51884	0.73248	3213356.0	1776544816.624463	0.0	1.0	-1.0	-1.0	-1.0	-1.0	-1.0	-1.0	-1.0	-1.0	0.0	marker	opened-hand	Open	15	0418
-66836.745	-53473.59	-103033.665	-17921.114999999998	0.0	0.0	0.0	0.0	0.0	0.0	0.0	0.0	0.0	0.0	0.0	0.0	0.0	0.0	146.13793103448276	0.0	0.05322252	-0.090148695	1.01452377	1.6022999999999998	-0.51884	0.73248	3213357.0	1776544816.629491	0.0	1.0	-1.0	-1.0	-1.0	-1.0	-1.0	-1.0	-1.0	-1.0	0.0	marker	opened-hand	Open	15	0418
-66694.86	-53471.655	-102997.845	-17846.73	0.0	0.0	0.0	0.0	0.0	0.0	0.0	0.0	0.0	0.0	0.0	0.0	0.0	0.0	146.13793103448276	0.0	0.05322252	-0.090148695	1.01452377	1.6022999999999998	-0.51884	0.73248	3213358.0	1776544816.629521	0.0	1.0	-1.0	-1.0	-1.0	-1.0	-1.0	-1.0	-1.0	-1.0	0.0	marker	opened-hand	Open	15	0418
-66562.33499999999	-53459.46	-102858.165	-17713.44	0.0	0.0	0.0	0.0	0.0	0.0	0.0	0.0	0.0	0.0	0.0	0.0	0.0	0.0	146.13793103448276	0.0	0.05322252	-0.090148695	1.01452377	1.6022999999999998	-0.51884	0.73248	3213359.0	1776544816.63226	0.0	1.0	-1.0	-1.0	-1.0	-1.0	-1.0	-1.0	-1.0	-1.0	0.0	marker	opened-hand	Open	15	0418
-66696.03	-53453.97	-102927.465	-17767.485	0.0	0.0	0.0	0.0	0.0	0.0	0.0	0.0	0.0	0.0	0.0	0.0	0.0	0.0	146.13793103448276	0.0	0.05322252	-0.090148695	1.01452377	1.6022999999999998	-0.51884	0.73248	3213360.0	1776544816.632282	0.0	1.0	-1.0	-1.0	-1.0	-1.0	-1.0	-1.0	-1.0	-1.0	0.0	marker	opened-hand	Open	15	0418
-66868.38	-53454.24	-103063.40999999999	-17951.175	0.0	0.0	0.0	0.0	0.0	0.0	0.0	0.0	0.0	0.0	0.0	0.0	0.0	0.0	146.13793103448276	0.0	0.05139147	-0.09082008	1.01452377	1.5412599999999999	-0.48832	0.56462	3213361.0	1776544816.637682	0.0	1.0	-1.0	-1.0	-1.0	-1.0	-1.0	-1.0	-1.0	-1.0	0.0	marker	opened-hand	Open	15	0418
-66873.42	-53445.104999999996	-103021.37999999999	-17929.53	0.0	0.0	0.0	0.0	0.0	0.0	0.0	0.0	0.0	0.0	0.0	0.0	0.0	0.0	146.13793103448276	0.0	0.05139147	-0.09082008	1.01452377	1.5412599999999999	-0.48832	0.56462	3213362.0	1776544816.637705	0.0	1.0	-1.0	-1.0	-1.0	-1.0	-1.0	-1.0	-1.0	-1.0	0.0	marker	opened-hand	Open	15	0418
-66719.655	-53432.775	-102988.935	-17831.79	0.0	0.0	0.0	0.0	0.0	0.0	0.0	0.0	0.0	0.0	0.0	0.0	0.0	0.0	146.13793103448276	0.0	0.05139147	-0.09082008	1.01452377	1.5412599999999999	-0.48832	0.56462	3213363.0	1776544816.641685	0.0	1.0	-1.0	-1.0	-1.0	-1.0	-1.0	-1.0	-1.0	-1.0	0.0	marker	opened-hand	Open	15	0418
-66753.22499999999	-53437.095	-103050.98999999999	-17851.23	0.0	0.0	0.0	0.0	0.0	0.0	0.0	0.0	0.0	0.0	0.0	0.0	0.0	0.0	146.13793103448276	0.0	0.05139147	-0.09082008	1.01452377	1.5412599999999999	-0.48832	0.56462	3213364.0	1776544816.641701	0.0	1.0	-1.0	-1.0	-1.0	-1.0	-1.0	-1.0	-1.0	-1.0	0.0	marker	opened-hand	Open	15	0418
-66877.69499999999	-53439.704999999994	-103155.435	-17971.695	0.0	0.0	0.0	0.0	0.0	0.0	0.0	0.0	0.0	0.0	0.0	0.0	0.0	0.0	146.13793103448276	0.0	0.05139147	-0.09082008	1.01452377	1.5412599999999999	-0.48832	0.56462	3213365.0	1776544816.644231	0.0	1.0	-1.0	-1.0	-1.0	-1.0	-1.0	-1.0	-1.0	-1.0	0.0	marker	opened-hand	Open	15	0418
-66829.905	-53426.384999999995	-103001.355	-17891.37	0.0	0.0	0.0	0.0	0.0	0.0	0.0	0.0	0.0	0.0	0.0	0.0	0.0	0.0	146.13793103448276	0.0	0.05139147	-0.09082008	1.01452377	1.5412599999999999	-0.48832	0.56462	3213366.0	1776544816.644249	0.0	1.0	-1.0	-1.0	-1.0	-1.0	-1.0	-1.0	-1.0	-1.0	0.0	marker	opened-hand	Open	15	0418
-66776.355	-53424.27	-102925.935	-17845.38	0.0	0.0	0.0	0.0	0.0	0.0	0.0	0.0	0.0	0.0	0.0	0.0	0.0	0.0	146.13793103448276	0.0	0.05139147	-0.09082008	1.01452377	1.5412599999999999	-0.48832	0.56462	3213367.0	1776544816.648316	0.0	1.0	-1.0	-1.0	-1.0	-1.0	-1.0	-1.0	-1.0	-1.0	0.0	marker	opened-hand	Open	15	0418
-66705.255	-53435.924999999996	-103002.48	-17831.565	0.0	0.0	0.0	0.0	0.0	0.0	0.0	0.0	0.0	0.0	0.0	0.0	0.0	0.0	146.13793103448276	0.0	0.05139147	-0.09082008	1.01452377	1.5412599999999999	-0.48832	0.56462	3213368.0	1776544816.648335	0.0	1.0	-1.0	-1.0	-1.0	-1.0	-1.0	-1.0	-1.0	-1.0	0.0	marker	opened-hand	Open	15	0418
-66714.525	-53449.38	-103045.31999999999	-17855.055	0.0	0.0	0.0	0.0	0.0	0.0	0.0	0.0	0.0	0.0	0.0	0.0	0.0	0.0	146.13793103448276	0.0	0.05139147	-0.09082008	1.01452377	1.5412599999999999	-0.48832	0.56462	3213369.0	1776544816.652377	0.0	1.0	-1.0	-1.0	-1.0	-1.0	-1.0	-1.0	-1.0	-1.0	0.0	marker	opened-hand	Open	15	0418
-66859.92	-53457.84	-103147.515	-18002.34	0.0	0.0	0.0	0.0	0.0	0.0	0.0	0.0	0.0	0.0	0.0	0.0	0.0	0.0	146.13793103448276	0.0	0.05139147	-0.09082008	1.01452377	1.5412599999999999	-0.48832	0.56462	3213370.0	1776544816.652393	0.0	1.0	-1.0	-1.0	-1.0	-1.0	-1.0	-1.0	-1.0	-1.0	0.0	marker	opened-hand	Open	15	0418
-66811.995	-53439.39	-103063.31999999999	-17923.815	0.0	0.0	0.0	0.0	0.0	0.0	0.0	0.0	0.0	0.0	0.0	0.0	0.0	0.0	146.13793103448276	0.0	0.049377315	-0.09667944	1.0120823700000001	2.38056	-0.03052	0.18312	3213371.0	1776544816.659345	0.0	1.0	-1.0	-1.0	-1.0	-1.0	-1.0	-1.0	-1.0	-1.0	0.0	marker	opened-hand	Open	15	0418
-66634.605	-53413.965	-102903.03	-17760.465	0.0	0.0	0.0	0.0	0.0	0.0	0.0	0.0	0.0	0.0	0.0	0.0	0.0	0.0	146.13793103448276	0.0	0.049377315	-0.09667944	1.0120823700000001	2.38056	-0.03052	0.18312	3213372.0	1776544816.659361	0.0	1.0	-1.0	-1.0	-1.0	-1.0	-1.0	-1.0	-1.0	-1.0	0.0	marker	opened-hand	Open	15	0418
-66675.15	-53415.314999999995	-102949.73999999999	-17816.04	0.0	0.0	0.0	0.0	0.0	0.0	0.0	0.0	0.0	0.0	0.0	0.0	0.0	0.0	146.13793103448276	0.0	0.049377315	-0.09667944	1.0120823700000001	2.38056	-0.03052	0.18312	3213373.0	1776544816.66019	0.0	1.0	-1.0	-1.0	-1.0	-1.0	-1.0	-1.0	-1.0	-1.0	0.0	marker	opened-hand	Open	15	0418
-66816.765	-53433.99	-103083.165	-17941.5	0.0	0.0	0.0	0.0	0.0	0.0	0.0	0.0	0.0	0.0	0.0	0.0	0.0	0.0	146.13793103448276	0.0	0.049377315	-0.09667944	1.0120823700000001	2.38056	-0.03052	0.18312	3213374.0	1776544816.660205	0.0	1.0	-1.0	-1.0	-1.0	-1.0	-1.0	-1.0	-1.0	-1.0	0.0	marker	opened-hand	Open	15	0418
-66790.755	-53450.64	-103027.36499999999	-17882.505	0.0	0.0	0.0	0.0	0.0	0.0	0.0	0.0	0.0	0.0	0.0	0.0	0.0	0.0	146.13793103448276	0.0	0.049377315	-0.09667944	1.0120823700000001	2.38056	-0.03052	0.18312	3213375.0	1776544816.666271	0.0	1.0	-1.0	-1.0	-1.0	-1.0	-1.0	-1.0	-1.0	-1.0	0.0	marker	opened-hand	Open	15	0418
-66648.78	-53458.02	-102853.03499999999	-17711.594999999998	0.0	0.0	0.0	0.0	0.0	0.0	0.0	0.0	0.0	0.0	0.0	0.0	0.0	0.0	146.13793103448276	0.0	0.049377315	-0.09667944	1.0120823700000001	2.38056	-0.03052	0.18312	3213376.0	1776544816.666294	0.0	1.0	-1.0	-1.0	-1.0	-1.0	-1.0	-1.0	-1.0	-1.0	0.0	marker	opened-hand	Open	15	0418
-66597.345	-53461.619999999995	-102833.595	-17693.684999999998	0.0	0.0	0.0	0.0	0.0	0.0	0.0	0.0	0.0	0.0	0.0	0.0	0.0	0.0	146.13793103448276	0.0	0.049377315	-0.09667944	1.0120823700000001	2.38056	-0.03052	0.18312	3213377.0	1776544816.669125	0.0	1.0	-1.0	-1.0	-1.0	-1.0	-1.0	-1.0	-1.0	-1.0	0.0	marker	opened-hand	Open	15	0418
-66681.855	-53467.965	-102975.39	-17856.315	0.0	0.0	0.0	0.0	0.0	0.0	0.0	0.0	0.0	0.0	0.0	0.0	0.0	0.0	146.13793103448276	0.0	0.049377315	-0.09667944	1.0120823700000001	2.38056	-0.03052	0.18312	3213378.0	1776544816.669146	0.0	1.0	-1.0	-1.0	-1.0	-1.0	-1.0	-1.0	-1.0	-1.0	0.0	marker	opened-hand	Open	15	0418
-66775.72499999999	-53473.365	-103029.48	-17888.535	0.0	0.0	0.0	0.0	0.0	0.0	0.0	0.0	0.0	0.0	0.0	0.0	0.0	0.0	146.13793103448276	0.0	0.049377315	-0.09667944	1.0120823700000001	2.38056	-0.03052	0.18312	3213379.0	1776544816.672279	0.0	1.0	-1.0	-1.0	-1.0	-1.0	-1.0	-1.0	-1.0	-1.0	0.0	marker	opened-hand	Open	15	0418
-66751.38	-53465.895	-102993.25499999999	-17820.855	0.0	0.0	0.0	0.0	0.0	0.0	0.0	0.0	0.0	0.0	0.0	0.0	0.0	0.0	146.13793103448276	0.0	0.049377315	-0.09667944	1.0120823700000001	2.38056	-0.03052	0.18312	3213380.0	1776544816.672303	0.0	1.0	-1.0	-1.0	-1.0	-1.0	-1.0	-1.0	-1.0	-1.0	0.0	marker	opened-hand	Open	15	0418
-66897.18	-53465.625	-103104.81	-17946.45	0.0	0.0	0.0	0.0	0.0	0.0	0.0	0.0	0.0	0.0	0.0	0.0	0.0	0.0	146.13793103448276	0.0	0.052673205	-0.10144017	1.01171616	2.7468	0.35097999999999996	-0.39676	3213381.0	1776544816.678001	0.0	1.0	-1.0	-1.0	-1.0	-1.0	-1.0	-1.0	-1.0	-1.0	0.0	marker	opened-hand	Open	15	0418
-66879.315	-53454.735	-103113.045	-17963.73	0.0	0.0	0.0	0.0	0.0	0.0	0.0	0.0	0.0	0.0	0.0	0.0	0.0	0.0	146.13793103448276	0.0	0.052673205	-0.10144017	1.01171616	2.7468	0.35097999999999996	-0.39676	3213382.0	1776544816.678024	0.0	1.0	-1.0	-1.0	-1.0	-1.0	-1.0	-1.0	-1.0	-1.0	0.0	marker	opened-hand	Open	15	0418
-66826.395	-53436.869999999995	-103098.33	-17956.62	0.0	0.0	0.0	0.0	0.0	0.0	0.0	0.0	0.0	0.0	0.0	0.0	0.0	0.0	146.13793103448276	0.0	0.052673205	-0.10144017	1.01171616	2.7468	0.35097999999999996	-0.39676	3213383.0	1776544816.680469	0.0	1.0	-1.0	-1.0	-1.0	-1.0	-1.0	-1.0	-1.0	-1.0	0.0	marker	opened-hand	Open	15	0418
-66859.965	-53425.395	-103133.83499999999	-17982.989999999998	0.0	0.0	0.0	0.0	0.0	0.0	0.0	0.0	0.0	0.0	0.0	0.0	0.0	0.0	146.13793103448276	0.0	0.052673205	-0.10144017	1.01171616	2.7468	0.35097999999999996	-0.39676	3213384.0	1776544816.680501	0.0	1.0	-1.0	-1.0	-1.0	-1.0	-1.0	-1.0	-1.0	-1.0	0.0	marker	opened-hand	Open	15	0418
-66807.63	-53419.68	-103090.545	-17970.39	0.0	0.0	0.0	0.0	0.0	0.0	0.0	0.0	0.0	0.0	0.0	0.0	0.0	0.0	146.13793103448276	0.0	0.052673205	-0.10144017	1.01171616	2.7468	0.35097999999999996	-0.39676	3213385.0	1776544816.684471	0.0	1.0	-1.0	-1.0	-1.0	-1.0	-1.0	-1.0	-1.0	-1.0	0.0	marker	opened-hand	Open	15	0418
-66811.14	-53407.619999999995	-103013.64	-17901.675	0.0	0.0	0.0	0.0	0.0	0.0	0.0	0.0	0.0	0.0	0.0	0.0	0.0	0.0	146.13793103448276	0.0	0.052673205	-0.10144017	1.01171616	2.7468	0.35097999999999996	-0.39676	3213386.0	1776544816.684493	0.0	1.0	-1.0	-1.0	-1.0	-1.0	-1.0	-1.0	-1.0	-1.0	0.0	marker	opened-hand	Open	15	0418
-66776.4	-53390.025	-102939.93	-17821.665	0.0	0.0	0.0	0.0	0.0	0.0	0.0	0.0	0.0	0.0	0.0	0.0	0.0	0.0	146.13793103448276	0.0	0.052673205	-0.10144017	1.01171616	2.7468	0.35097999999999996	-0.39676	3213387.0	1776544816.688419	0.0	1.0	-1.0	-1.0	-1.0	-1.0	-1.0	-1.0	-1.0	-1.0	0.0	marker	opened-hand	Open	15	0418
-66776.895	-53383.095	-102994.425	-17862.344999999998	0.0	0.0	0.0	0.0	0.0	0.0	0.0	0.0	0.0	0.0	0.0	0.0	0.0	0.0	146.13793103448276	0.0	0.052673205	-0.10144017	1.01171616	2.7468	0.35097999999999996	-0.39676	3213388.0	1776544816.68844	0.0	1.0	-1.0	-1.0	-1.0	-1.0	-1.0	-1.0	-1.0	-1.0	0.0	marker	opened-hand	Open	15	0418
-66753.765	-53375.715	-103050.62999999999	-17904.87	0.0	0.0	0.0	0.0	0.0	0.0	0.0	0.0	0.0	0.0	0.0	0.0	0.0	0.0	146.13793103448276	0.0	0.052673205	-0.10144017	1.01171616	2.7468	0.35097999999999996	-0.39676	3213389.0	1776544816.692469	0.0	1.0	-1.0	-1.0	-1.0	-1.0	-1.0	-1.0	-1.0	-1.0	0.0	marker	opened-hand	Open	15	0418
-66687.255	-53360.055	-102915.09	-17789.895	0.0	0.0	0.0	0.0	0.0	0.0	0.0	0.0	0.0	0.0	0.0	0.0	0.0	0.0	146.13793103448276	0.0	0.052673205	-0.10144017	1.01171616	2.7468	0.35097999999999996	-0.39676	3213390.0	1776544816.69249	0.0	1.0	-1.0	-1.0	-1.0	-1.0	-1.0	-1.0	-1.0	-1.0	0.0	marker	opened-hand	Open	15	0418
-66617.37	-53352.405	-102842.90999999999	-17694.09	0.0	0.0	0.0	0.0	0.0	0.0	0.0	0.0	0.0	0.0	0.0	0.0	0.0	0.0	146.13793103448276	0.0	0.052795275	-0.102355695	1.008847515	1.55652	0.28994	-1.05294	3213391.0	1776544816.696412	0.0	1.0	-1.0	-1.0	-1.0	-1.0	-1.0	-1.0	-1.0	-1.0	0.0	marker	opened-hand	Open	15	0418
-66598.875	-53359.695	-102919.59	-17724.42	0.0	0.0	0.0	0.0	0.0	0.0	0.0	0.0	0.0	0.0	0.0	0.0	0.0	0.0	146.13793103448276	0.0	0.052795275	-0.102355695	1.008847515	1.55652	0.28994	-1.05294	3213392.0	1776544816.696433	0.0	1.0	-1.0	-1.0	-1.0	-1.0	-1.0	-1.0	-1.0	-1.0	0.0	marker	opened-hand	Open	15	0418
-66710.88	-53375.895	-102994.01999999999	-17788.41	0.0	0.0	0.0	0.0	0.0	0.0	0.0	0.0	0.0	0.0	0.0	0.0	0.0	0.0	146.13793103448276	0.0	0.052795275	-0.102355695	1.008847515	1.55652	0.28994	-1.05294	3213393.0	1776544816.700523	0.0	1.0	-1.0	-1.0	-1.0	-1.0	-1.0	-1.0	-1.0	-1.0	0.0	marker	opened-hand	Open	15	0418
-66812.355	-53389.619999999995	-103025.61	-17870.265	0.0	0.0	0.0	0.0	0.0	0.0	0.0	0.0	0.0	0.0	0.0	0.0	0.0	0.0	146.13793103448276	0.0	0.052795275	-0.102355695	1.008847515	1.55652	0.28994	-1.05294	3213394.0	1776544816.700535	0.0	1.0	-1.0	-1.0	-1.0	-1.0	-1.0	-1.0	-1.0	-1.0	0.0	marker	opened-hand	Open	15	0418
-66954.23999999999	-53385.93	-103107.87	-18029.565	0.0	0.0	0.0	0.0	0.0	0.0	0.0	0.0	0.0	0.0	0.0	0.0	0.0	0.0	146.13793103448276	0.0	0.052795275	-0.102355695	1.008847515	1.55652	0.28994	-1.05294	3213395.0	1776544816.704373	0.0	1.0	-1.0	-1.0	-1.0	-1.0	-1.0	-1.0	-1.0	-1.0	0.0	marker	opened-hand	Open	15	0418
-66829.815	-53361.18	-102970.44	-17889.795	0.0	0.0	0.0	0.0	0.0	0.0	0.0	0.0	0.0	0.0	0.0	0.0	0.0	0.0	146.13793103448276	0.0	0.052795275	-0.102355695	1.008847515	1.55652	0.28994	-1.05294	3213396.0	1776544816.704387	0.0	1.0	-1.0	-1.0	-1.0	-1.0	-1.0	-1.0	-1.0	-1.0	0.0	marker	opened-hand	Open	15	0418
-66777.525	-53348.939999999995	-103098.915	-17916.165	0.0	0.0	0.0	0.0	0.0	0.0	0.0	0.0	0.0	0.0	0.0	0.0	0.0	0.0	146.13793103448276	0.0	0.052795275	-0.102355695	1.008847515	1.55652	0.28994	-1.05294	3213397.0	1776544816.70839	0.0	1.0	-1.0	-1.0	-1.0	-1.0	-1.0	-1.0	-1.0	-1.0	0.0	marker	opened-hand	Open	15	0418
-66844.53	-53346.284999999996	-103126.86	-17946.945	0.0	0.0	0.0	0.0	0.0	0.0	0.0	0.0	0.0	0.0	0.0	0.0	0.0	0.0	146.13793103448276	0.0	0.052795275	-0.102355695	1.008847515	1.55652	0.28994	-1.05294	3213398.0	1776544816.7084	0.0	1.0	-1.0	-1.0	-1.0	-1.0	-1.0	-1.0	-1.0	-1.0	0.0	marker	opened-hand	Open	15	0418
-66826.305	-53337.869999999995	-102987.405	-17880.614999999998	0.0	0.0	0.0	0.0	0.0	0.0	0.0	0.0	0.0	0.0	0.0	0.0	0.0	0.0	146.13793103448276	0.0	0.052795275	-0.102355695	1.008847515	1.55652	0.28994	-1.05294	3213399.0	1776544816.712618	0.0	1.0	-1.0	-1.0	-1.0	-1.0	-1.0	-1.0	-1.0	-1.0	0.0	marker	opened-hand	Open	15	0418
-66798.94499999999	-53357.354999999996	-102950.64	-17841.195	0.0	0.0	0.0	0.0	0.0	0.0	0.0	0.0	0.0	0.0	0.0	0.0	0.0	0.0	146.13793103448276	0.0	0.052795275	-0.102355695	1.008847515	1.55652	0.28994	-1.05294	3213400.0	1776544816.712637	0.0	1.0	-1.0	-1.0	-1.0	-1.0	-1.0	-1.0	-1.0	-1.0	0.0	marker	opened-hand	Open	15	0418
-66782.385	-53382.104999999996	-103022.73	-17890.649999999998	0.0	0.0	0.0	0.0	0.0	0.0	0.0	0.0	0.0	0.0	0.0	0.0	0.0	0.0	146.13793103448276	0.0	0.04809558	-0.099181875	1.01781966	0.88508	-0.5341	-0.33571999999999996	3213401.0	1776544816.717759	0.0	1.0	-1.0	-1.0	-1.0	-1.0	-1.0	-1.0	-1.0	-1.0	0.0	marker	opened-hand	Open	15	0418
-66880.70999999999	-53393.805	-103135.95	-17976.42	0.0	0.0	0.0	0.0	0.0	0.0	0.0	0.0	0.0	0.0	0.0	0.0	0.0	0.0	146.13793103448276	0.0	0.04809558	-0.099181875	1.01781966	0.88508	-0.5341	-0.33571999999999996	3213402.0	1776544816.71777	0.0	1.0	-1.0	-1.0	-1.0	-1.0	-1.0	-1.0	-1.0	-1.0	0.0	marker	opened-hand	Open	15	0418
-66809.385	-53386.064999999995	-103092.75	-17937.945	0.0	0.0	0.0	0.0	0.0	0.0	0.0	0.0	0.0	0.0	0.0	0.0	0.0	0.0	146.13793103448276	0.0	0.04809558	-0.099181875	1.01781966	0.88508	-0.5341	-0.33571999999999996	3213403.0	1776544816.723868	0.0	1.0	-1.0	-1.0	-1.0	-1.0	-1.0	-1.0	-1.0	-1.0	0.0	marker	opened-hand	Open	15	0418
-66729.78	-53370.27	-103088.43	-17908.38	0.0	0.0	0.0	0.0	0.0	0.0	0.0	0.0	0.0	0.0	0.0	0.0	0.0	0.0	146.13793103448276	0.0	0.04809558	-0.099181875	1.01781966	0.88508	-0.5341	-0.33571999999999996	3213404.0	1776544816.723879	0.0	1.0	-1.0	-1.0	-1.0	-1.0	-1.0	-1.0	-1.0	-1.0	0.0	marker	opened-hand	Open	15	0418
-66749.08499999999	-53350.29	-103076.81999999999	-17902.934999999998	0.0	0.0	0.0	0.0	0.0	0.0	0.0	0.0	0.0	0.0	0.0	0.0	0.0	0.0	146.13793103448276	0.0	0.04809558	-0.099181875	1.01781966	0.88508	-0.5341	-0.33571999999999996	3213405.0	1776544816.725372	0.0	1.0	-1.0	-1.0	-1.0	-1.0	-1.0	-1.0	-1.0	-1.0	0.0	marker	opened-hand	Open	15	0418
-66782.88	-53346.645	-103001.53499999999	-17864.774999999998	0.0	0.0	0.0	0.0	0.0	0.0	0.0	0.0	0.0	0.0	0.0	0.0	0.0	0.0	146.13793103448276	0.0	0.04809558	-0.099181875	1.01781966	0.88508	-0.5341	-0.33571999999999996	3213406.0	1776544816.725379	0.0	1.0	-1.0	-1.0	-1.0	-1.0	-1.0	-1.0	-1.0	-1.0	0.0	marker	opened-hand	Open	15	0418
-66743.235	-53355.465	-102972.06	-17848.755	0.0	0.0	0.0	0.0	0.0	0.0	0.0	0.0	0.0	0.0	0.0	0.0	0.0	0.0	146.13793103448276	0.0	0.04809558	-0.099181875	1.01781966	0.88508	-0.5341	-0.33571999999999996	3213407.0	1776544816.729551	0.0	1.0	-1.0	-1.0	-1.0	-1.0	-1.0	-1.0	-1.0	-1.0	0.0	marker	opened-hand	Open	15	0418
-66659.94	-53362.439999999995	-102905.37	-17762.805	0.0	0.0	0.0	0.0	0.0	0.0	0.0	0.0	0.0	0.0	0.0	0.0	0.0	0.0	146.13793103448276	0.0	0.04809558	-0.099181875	1.01781966	0.88508	-0.5341	-0.33571999999999996	3213408.0	1776544816.729563	0.0	1.0	-1.0	-1.0	-1.0	-1.0	-1.0	-1.0	-1.0	-1.0	0.0	marker	opened-hand	Open	15	0418
-66723.345	-53379.494999999995	-102964.455	-17804.969999999998	0.0	0.0	0.0	0.0	0.0	0.0	0.0	0.0	0.0	0.0	0.0	0.0	0.0	0.0	146.13793103448276	0.0	0.04809558	-0.099181875	1.01781966	0.88508	-0.5341	-0.33571999999999996	3213409.0	1776544816.732619	0.0	1.0	-1.0	-1.0	-1.0	-1.0	-1.0	-1.0	-1.0	-1.0	0.0	marker	opened-hand	Open	15	0418
-66751.83	-53388.9	-102987.765	-17832.195	0.0	0.0	0.0	0.0	0.0	0.0	0.0	0.0	0.0	0.0	0.0	0.0	0.0	0.0	146.13793103448276	0.0	0.04809558	-0.099181875	1.01781966	0.88508	-0.5341	-0.33571999999999996	3213410.0	1776544816.732628	0.0	1.0	-1.0	-1.0	-1.0	-1.0	-1.0	-1.0	-1.0	-1.0	0.0	marker	opened-hand	Open	15	0418
-66672.18	-53384.22	-102919.31999999999	-17779.14	0.0	0.0	0.0	0.0	0.0	0.0	0.0	0.0	0.0	0.0	0.0	0.0	0.0	0.0	146.13793103448276	0.0	0.049316280000000004	-0.103210185	1.023984195	2.5942	-1.43444	-1.17502	3213411.0	1776544816.740615	0.0	1.0	-1.0	-1.0	-1.0	-1.0	-1.0	-1.0	-1.0	-1.0	0.0	marker	opened-hand	Open	15	0418
-66659.175	-53366.49	-102862.17	-17755.2	0.0	0.0	0.0	0.0	0.0	0.0	0.0	0.0	0.0	0.0	0.0	0.0	0.0	0.0	146.13793103448276	0.0	0.049316280000000004	-0.103210185	1.023984195	2.5942	-1.43444	-1.17502	3213412.0	1776544816.740621	0.0	1.0	-1.0	-1.0	-1.0	-1.0	-1.0	-1.0	-1.0	-1.0	0.0	marker	opened-hand	Open	15	0418
-66764.205	-53370.27	-102922.065	-17851.32	0.0	0.0	0.0	0.0	0.0	0.0	0.0	0.0	0.0	0.0	0.0	0.0	0.0	0.0	146.13793103448276	0.0	0.049316280000000004	-0.103210185	1.023984195	2.5942	-1.43444	-1.17502	3213413.0	1776544816.740628	0.0	1.0	-1.0	-1.0	-1.0	-1.0	-1.0	-1.0	-1.0	-1.0	0.0	marker	opened-hand	Open	15	0418
-66664.395	-53361.134999999995	-102911.12999999999	-17766.675	0.0	0.0	0.0	0.0	0.0	0.0	0.0	0.0	0.0	0.0	0.0	0.0	0.0	0.0	146.13793103448276	0.0	0.049316280000000004	-0.103210185	1.023984195	2.5942	-1.43444	-1.17502	3213414.0	1776544816.740633	0.0	1.0	-1.0	-1.0	-1.0	-1.0	-1.0	-1.0	-1.0	-1.0	0.0	marker	opened-hand	Open	15	0418
-66580.47	-53346.42	-102875.94	-17678.745	0.0	0.0	0.0	0.0	0.0	0.0	0.0	0.0	0.0	0.0	0.0	0.0	0.0	0.0	146.13793103448276	0.0	0.049316280000000004	-0.103210185	1.023984195	2.5942	-1.43444	-1.17502	3213415.0	1776544816.747056	0.0	1.0	-1.0	-1.0	-1.0	-1.0	-1.0	-1.0	-1.0	-1.0	0.0	marker	opened-hand	Open	15	0418
-66828.285	-53359.74	-103099.5	-17946.855	0.0	0.0	0.0	0.0	0.0	0.0	0.0	0.0	0.0	0.0	0.0	0.0	0.0	0.0	146.13793103448276	0.0	0.049316280000000004	-0.103210185	1.023984195	2.5942	-1.43444	-1.17502	3213416.0	1776544816.74706	0.0	1.0	-1.0	-1.0	-1.0	-1.0	-1.0	-1.0	-1.0	-1.0	0.0	marker	opened-hand	Open	15	0418
-66946.14	-53384.579999999994	-103197.42	-18057.87	0.0	0.0	0.0	0.0	0.0	0.0	0.0	0.0	0.0	0.0	0.0	0.0	0.0	0.0	146.13793103448276	0.0	0.049316280000000004	-0.103210185	1.023984195	2.5942	-1.43444	-1.17502	3213417.0	1776544816.748979	0.0	1.0	-1.0	-1.0	-1.0	-1.0	-1.0	-1.0	-1.0	-1.0	0.0	marker	opened-hand	Open	15	0418
-66886.2	-53375.895	-103152.64499999999	-17992.17	0.0	0.0	0.0	0.0	0.0	0.0	0.0	0.0	0.0	0.0	0.0	0.0	0.0	0.0	146.13793103448276	0.0	0.049316280000000004	-0.103210185	1.023984195	2.5942	-1.43444	-1.17502	3213418.0	1776544816.748984	0.0	1.0	-1.0	-1.0	-1.0	-1.0	-1.0	-1.0	-1.0	-1.0	0.0	marker	opened-hand	Open	15	0418
-66828.555	-53361.045	-103121.45999999999	-17960.265	0.0	0.0	0.0	0.0	0.0	0.0	0.0	0.0	0.0	0.0	0.0	0.0	0.0	0.0	146.13793103448276	0.0	0.049316280000000004	-0.103210185	1.023984195	2.5942	-1.43444	-1.17502	3213419.0	1776544816.752714	0.0	1.0	-1.0	-1.0	-1.0	-1.0	-1.0	-1.0	-1.0	-1.0	0.0	marker	opened-hand	Open	15	0418
-66798.98999999999	-53347.454999999994	-103054.095	-17905.274999999998	0.0	0.0	0.0	0.0	0.0	0.0	0.0	0.0	0.0	0.0	0.0	0.0	0.0	0.0	146.13793103448276	0.0	0.049316280000000004	-0.103210185	1.023984195	2.5942	-1.43444	-1.17502	3213420.0	1776544816.752718	0.0	1.0	-1.0	-1.0	-1.0	-1.0	-1.0	-1.0	-1.0	-1.0	0.0	marker	opened-hand	Open	15	0418
-66840.165	-53336.34	-103003.33499999999	-17850.69	0.0	0.0	0.0	0.0	0.0	0.0	0.0	0.0	0.0	0.0	0.0	0.0	0.0	0.0	146.13793103448276	0.0	0.06042465	-0.104064675	1.01330307	4.9900199999999995	-0.97664	-1.70912	3213421.0	1776544816.756644	0.0	1.0	-1.0	-1.0	-1.0	-1.0	-1.0	-1.0	-1.0	-1.0	0.0	marker	opened-hand	Open	15	0418
-66804.705	-53340.165	-103029.56999999999	-17876.52	0.0	0.0	0.0	0.0	0.0	0.0	0.0	0.0	0.0	0.0	0.0	0.0	0.0	0.0	146.13793103448276	0.0	0.06042465	-0.104064675	1.01330307	4.9900199999999995	-0.97664	-1.70912	3213422.0	1776544816.756648	0.0	1.0	-1.0	-1.0	-1.0	-1.0	-1.0	-1.0	-1.0	-1.0	0.0	marker	opened-hand	Open	15	0418
-66758.985	-53354.295	-103046.58	-17898.48	0.0	0.0	0.0	0.0	0.0	0.0	0.0	0.0	0.0	0.0	0.0	0.0	0.0	0.0	146.13793103448276	0.0	0.06042465	-0.104064675	1.01330307	4.9900199999999995	-0.97664	-1.70912	3213423.0	1776544816.760743	0.0	1.0	-1.0	-1.0	-1.0	-1.0	-1.0	-1.0	-1.0	-1.0	0.0	marker	opened-hand	Open	15	0418
-66703.41	-53363.88	-103002.705	-17886.149999999998	0.0	0.0	0.0	0.0	0.0	0.0	0.0	0.0	0.0	0.0	0.0	0.0	0.0	0.0	146.13793103448276	0.0	0.06042465	-0.104064675	1.01330307	4.9900199999999995	-0.97664	-1.70912	3213424.0	1776544816.760748	0.0	1.0	-1.0	-1.0	-1.0	-1.0	-1.0	-1.0	-1.0	-1.0	0.0	marker	opened-hand	Open	15	0418
-66643.69499999999	-53373.6	-102859.83	-17743.41	0.0	0.0	0.0	0.0	0.0	0.0	0.0	0.0	0.0	0.0	0.0	0.0	0.0	0.0	146.13793103448276	0.0	0.06042465	-0.104064675	1.01330307	4.9900199999999995	-0.97664	-1.70912	3213425.0	1776544816.768696	0.0	1.0	-1.0	-1.0	-1.0	-1.0	-1.0	-1.0	-1.0	-1.0	0.0	marker	opened-hand	Open	15	0418
-66693.735	-53393.805	-102907.39499999999	-17751.239999999998	0.0	0.0	0.0	0.0	0.0	0.0	0.0	0.0	0.0	0.0	0.0	0.0	0.0	0.0	146.13793103448276	0.0	0.06042465	-0.104064675	1.01330307	4.9900199999999995	-0.97664	-1.70912	3213426.0	1776544816.7687	0.0	1.0	-1.0	-1.0	-1.0	-1.0	-1.0	-1.0	-1.0	-1.0	0.0	marker	opened-hand	Open	15	0418
-66821.175	-53404.695	-103095.675	-17920.98	0.0	0.0	0.0	0.0	0.0	0.0	0.0	0.0	0.0	0.0	0.0	0.0	0.0	0.0	146.13793103448276	0.0	0.06042465	-0.104064675	1.01330307	4.9900199999999995	-0.97664	-1.70912	3213427.0	1776544816.775023	0.0	1.0	-1.0	-1.0	-1.0	-1.0	-1.0	-1.0	-1.0	-1.0	0.0	marker	opened-hand	Open	15	0418
-66872.565	-53404.47	-103147.155	-17988.48	0.0	0.0	0.0	0.0	0.0	0.0	0.0	0.0	0.0	0.0	0.0	0.0	0.0	0.0	146.13793103448276	0.0	0.06042465	-0.104064675	1.01330307	4.9900199999999995	-0.97664	-1.70912	3213428.0	1776544816.775027	0.0	1.0	-1.0	-1.0	-1.0	-1.0	-1.0	-1.0	-1.0	-1.0	0.0	marker	opened-hand	Open	15	0418
-66803.67	-53397.27	-103095.405	-17957.43	0.0	0.0	0.0	0.0	0.0	0.0	0.0	0.0	0.0	0.0	0.0	0.0	0.0	0.0	146.13793103448276	0.0	0.06042465	-0.104064675	1.01330307	4.9900199999999995	-0.97664	-1.70912	3213429.0	1776544816.775032	0.0	1.0	-1.0	-1.0	-1.0	-1.0	-1.0	-1.0	-1.0	-1.0	0.0	marker	opened-hand	Open	15	0418
-66712.23	-53389.845	-102985.065	-17840.25	0.0	0.0	0.0	0.0	0.0	0.0	0.0	0.0	0.0	0.0	0.0	0.0	0.0	0.0	146.13793103448276	0.0	0.06042465	-0.104064675	1.01330307	4.9900199999999995	-0.97664	-1.70912	3213430.0	1776544816.775035	0.0	1.0	-1.0	-1.0	-1.0	-1.0	-1.0	-1.0	-1.0	-1.0	0.0	marker	opened-hand	Open	15	0418
-66707.86499999999	-53382.645	-102929.48999999999	-17784.315	0.0	0.0	0.0	0.0	0.0	0.0	0.0	0.0	0.0	0.0	0.0	0.0	0.0	0.0	146.13793103448276	0.0	0.06188949	-0.1037595	1.00780992	4.2270199999999996	-0.25942	-1.25132	3213431.0	1776544816.777584	0.0	1.0	-1.0	-1.0	-1.0	-1.0	-1.0	-1.0	-1.0	-1.0	0.0	marker	opened-hand	Open	15	0418
-66723.3	-53377.38	-102933.405	-17794.079999999998	0.0	0.0	0.0	0.0	0.0	0.0	0.0	0.0	0.0	0.0	0.0	0.0	0.0	0.0	146.13793103448276	0.0	0.06188949	-0.1037595	1.00780992	4.2270199999999996	-0.25942	-1.25132	3213432.0	1776544816.777587	0.0	1.0	-1.0	-1.0	-1.0	-1.0	-1.0	-1.0	-1.0	-1.0	0.0	marker	opened-hand	Open	15	0418
-66800.88	-53384.22	-103022.19	-17901.405	0.0	0.0	0.0	0.0	0.0	0.0	0.0	0.0	0.0	0.0	0.0	0.0	0.0	0.0	146.13793103448276	0.0	0.06188949	-0.1037595	1.00780992	4.2270199999999996	-0.25942	-1.25132	3213433.0	1776544816.780706	0.0	1.0	-1.0	-1.0	-1.0	-1.0	-1.0	-1.0	-1.0	-1.0	0.0	marker	opened-hand	Open	15	0418
-66807.675	-53392.454999999994	-103045.36499999999	-17904.239999999998	0.0	0.0	0.0	0.0	0.0	0.0	0.0	0.0	0.0	0.0	0.0	0.0	0.0	0.0	146.13793103448276	0.0	0.06188949	-0.1037595	1.00780992	4.2270199999999996	-0.25942	-1.25132	3213434.0	1776544816.780709	0.0	1.0	-1.0	-1.0	-1.0	-1.0	-1.0	-1.0	-1.0	-1.0	0.0	marker	opened-hand	Open	15	0418
-66815.775	-53385.345	-103055.94	-17885.475	0.0	0.0	0.0	0.0	0.0	0.0	0.0	0.0	0.0	0.0	0.0	0.0	0.0	0.0	146.13793103448276	0.0	0.06188949	-0.1037595	1.00780992	4.2270199999999996	-0.25942	-1.25132	3213435.0	1776544816.784805	0.0	1.0	-1.0	-1.0	-1.0	-1.0	-1.0	-1.0	-1.0	-1.0	0.0	marker	opened-hand	Open	15	0418
-66789.98999999999	-53397.314999999995	-103028.84999999999	-17871.344999999998	0.0	0.0	0.0	0.0	0.0	0.0	0.0	0.0	0.0	0.0	0.0	0.0	0.0	0.0	146.13793103448276	0.0	0.06188949	-0.1037595	1.00780992	4.2270199999999996	-0.25942	-1.25132	3213436.0	1776544816.78481	0.0	1.0	-1.0	-1.0	-1.0	-1.0	-1.0	-1.0	-1.0	-1.0	0.0	marker	opened-hand	Open	15	0418
-66633.3	-53408.43	-102856.36499999999	-17732.79	0.0	0.0	0.0	0.0	0.0	0.0	0.0	0.0	0.0	0.0	0.0	0.0	0.0	0.0	146.13793103448276	0.0	0.06188949	-0.1037595	1.00780992	4.2270199999999996	-0.25942	-1.25132	3213437.0	1776544816.788776	0.0	1.0	-1.0	-1.0	-1.0	-1.0	-1.0	-1.0	-1.0	-1.0	0.0	marker	opened-hand	Open	15	0418
-66452.895	-53388.585	-102713.08499999999	-17586.045	0.0	0.0	0.0	0.0	0.0	0.0	0.0	0.0	0.0	0.0	0.0	0.0	0.0	0.0	146.13793103448276	0.0	0.06188949	-0.1037595	1.00780992	4.2270199999999996	-0.25942	-1.25132	3213438.0	1776544816.78878	0.0	1.0	-1.0	-1.0	-1.0	-1.0	-1.0	-1.0	-1.0	-1.0	0.0	marker	opened-hand	Open	15	0418
-66775.545	-53404.695	-103026.915	-17857.844999999998	0.0	0.0	0.0	0.0	0.0	0.0	0.0	0.0	0.0	0.0	0.0	0.0	0.0	0.0	146.13793103448276	0.0	0.06188949	-0.1037595	1.00780992	4.2270199999999996	-0.25942	-1.25132	3213439.0	1776544816.79281	0.0	1.0	-1.0	-1.0	-1.0	-1.0	-1.0	-1.0	-1.0	-1.0	0.0	marker	opened-hand	Open	15	0418
-66940.83	-53427.104999999996	-103207.36499999999	-18043.065	0.0	0.0	0.0	0.0	0.0	0.0	0.0	0.0	0.0	0.0	0.0	0.0	0.0	0.0	146.13793103448276	0.0	0.06188949	-0.1037595	1.00780992	4.2270199999999996	-0.25942	-1.25132	3213440.0	1776544816.792814	0.0	1.0	-1.0	-1.0	-1.0	-1.0	-1.0	-1.0	-1.0	-1.0	0.0	marker	opened-hand	Open	15	0418
-66906.72	-53431.515	-103161.64499999999	-18018.405	0.0	0.0	0.0	0.0	0.0	0.0	0.0	0.0	0.0	0.0	0.0	0.0	0.0	0.0	146.13793103448276	0.0	0.051940785	-0.09704565	1.00524645	1.9380199999999999	0.13734	-1.6785999999999999	3213441.0	1776544816.800709	0.0	1.0	-1.0	-1.0	-1.0	-1.0	-1.0	-1.0	-1.0	-1.0	0.0	marker	opened-hand	Open	15	0418
-66866.13	-53433.27	-103074.705	-17986.05	0.0	0.0	0.0	0.0	0.0	0.0	0.0	0.0	0.0	0.0	0.0	0.0	0.0	0.0	146.13793103448276	0.0	0.051940785	-0.09704565	1.00524645	1.9380199999999999	0.13734	-1.6785999999999999	3213442.0	1776544816.800712	0.0	1.0	-1.0	-1.0	-1.0	-1.0	-1.0	-1.0	-1.0	-1.0	0.0	marker	opened-hand	Open	15	0418
-66812.715	-53435.7	-103008.06	-17923.14	0.0	0.0	0.0	0.0	0.0	0.0	0.0	0.0	0.0	0.0	0.0	0.0	0.0	0.0	146.13793103448276	0.0	0.051940785	-0.09704565	1.00524645	1.9380199999999999	0.13734	-1.6785999999999999	3213443.0	1776544816.802147	0.0	1.0	-1.0	-1.0	-1.0	-1.0	-1.0	-1.0	-1.0	-1.0	0.0	marker	opened-hand	Open	15	0418
-66783.51	-53433.54	-103087.305	-17890.29	0.0	0.0	0.0	0.0	0.0	0.0	0.0	0.0	0.0	0.0	0.0	0.0	0.0	0.0	146.13793103448276	0.0	0.051940785	-0.09704565	1.00524645	1.9380199999999999	0.13734	-1.6785999999999999	3213444.0	1776544816.80215	0.0	1.0	-1.0	-1.0	-1.0	-1.0	-1.0	-1.0	-1.0	-1.0	0.0	marker	opened-hand	Open	15	0418
-66769.38	-53423.505	-103102.73999999999	-17901.585	0.0	0.0	0.0	0.0	0.0	0.0	0.0	0.0	0.0	0.0	0.0	0.0	0.0	0.0	146.13793103448276	0.0	0.051940785	-0.09704565	1.00524645	1.9380199999999999	0.13734	-1.6785999999999999	3213445.0	1776544816.804825	0.0	1.0	-1.0	-1.0	-1.0	-1.0	-1.0	-1.0	-1.0	-1.0	0.0	marker	opened-hand	Open	15	0418
-66805.155	-53420.04	-103125.51	-17945.774999999998	0.0	0.0	0.0	0.0	0.0	0.0	0.0	0.0	0.0	0.0	0.0	0.0	0.0	0.0	146.13793103448276	0.0	0.051940785	-0.09704565	1.00524645	1.9380199999999999	0.13734	-1.6785999999999999	3213446.0	1776544816.804828	0.0	1.0	-1.0	-1.0	-1.0	-1.0	-1.0	-1.0	-1.0	-1.0	0.0	marker	opened-hand	Open	15	0418
-66841.065	-53416.979999999996	-103061.205	-17891.774999999998	0.0	0.0	0.0	0.0	0.0	0.0	0.0	0.0	0.0	0.0	0.0	0.0	0.0	0.0	146.13793103448276	0.0	0.051940785	-0.09704565	1.00524645	1.9380199999999999	0.13734	-1.6785999999999999	3213447.0	1776544816.815467	0.0	1.0	-1.0	-1.0	-1.0	-1.0	-1.0	-1.0	-1.0	-1.0	0.0	marker	opened-hand	Open	15	0418
-66829.905	-53410.409999999996	-103064.31	-17903.204999999998	0.0	0.0	0.0	0.0	0.0	0.0	0.0	0.0	0.0	0.0	0.0	0.0	0.0	0.0	146.13793103448276	0.0	0.051940785	-0.09704565	1.00524645	1.9380199999999999	0.13734	-1.6785999999999999	3213448.0	1776544816.815475	0.0	1.0	-1.0	-1.0	-1.0	-1.0	-1.0	-1.0	-1.0	-1.0	0.0	marker	opened-hand	Open	15	0418
-66806.86499999999	-53416.395	-103053.915	-17907.12	0.0	0.0	0.0	0.0	0.0	0.0	0.0	0.0	0.0	0.0	0.0	0.0	0.0	0.0	146.13793103448276	0.0	0.051940785	-0.09704565	1.00524645	1.9380199999999999	0.13734	-1.6785999999999999	3213449.0	1776544816.815485	0.0	1.0	-1.0	-1.0	-1.0	-1.0	-1.0	-1.0	-1.0	-1.0	0.0	marker	opened-hand	Open	15	0418
-66809.205	-53429.31	-103043.51999999999	-17884.17	0.0	0.0	0.0	0.0	0.0	0.0	0.0	0.0	0.0	0.0	0.0	0.0	0.0	0.0	146.13793103448276	0.0	0.051940785	-0.09704565	1.00524645	1.9380199999999999	0.13734	-1.6785999999999999	3213450.0	1776544816.815488	0.0	1.0	-1.0	-1.0	-1.0	-1.0	-1.0	-1.0	-1.0	-1.0	0.0	marker	opened-hand	Open	15	0418
-66772.845	-53425.71	-103011.61499999999	-17862.48	0.0	0.0	0.0	0.0	0.0	0.0	0.0	0.0	0.0	0.0	0.0	0.0	0.0	0.0	146.13793103448276	0.0	0.050475945	-0.090392835	1.01037339	0.41202	0.15259999999999999	-0.27468	3213451.0	1776544816.816898	0.0	1.0	-1.0	-1.0	-1.0	-1.0	-1.0	-1.0	-1.0	-1.0	0.0	marker	opened-hand	Open	15	0418
-66671.64	-53425.215	-102910.59	-17802.855	0.0	0.0	0.0	0.0	0.0	0.0	0.0	0.0	0.0	0.0	0.0	0.0	0.0	0.0	146.13793103448276	0.0	0.050475945	-0.090392835	1.01037339	0.41202	0.15259999999999999	-0.27468	3213452.0	1776544816.816903	0.0	1.0	-1.0	-1.0	-1.0	-1.0	-1.0	-1.0	-1.0	-1.0	0.0	marker	opened-hand	Open	15	0418
-66652.065	-53428.32	-102887.90999999999	-17798.76	0.0	0.0	0.0	0.0	0.0	0.0	0.0	0.0	0.0	0.0	0.0	0.0	0.0	0.0	146.13793103448276	0.0	0.050475945	-0.090392835	1.01037339	0.41202	0.15259999999999999	-0.27468	3213453.0	1776544816.821704	0.0	1.0	-1.0	-1.0	-1.0	-1.0	-1.0	-1.0	-1.0	-1.0	0.0	marker	opened-hand	Open	15	0418
-66673.665	-53428.095	-102867.39	-17751.69	0.0	0.0	0.0	0.0	0.0	0.0	0.0	0.0	0.0	0.0	0.0	0.0	0.0	0.0	146.13793103448276	0.0	0.050475945	-0.090392835	1.01037339	0.41202	0.15259999999999999	-0.27468	3213454.0	1776544816.821708	0.0	1.0	-1.0	-1.0	-1.0	-1.0	-1.0	-1.0	-1.0	-1.0	0.0	marker	opened-hand	Open	15	0418
-66596.355	-53414.954999999994	-102753.855	-17663.22	0.0	0.0	0.0	0.0	0.0	0.0	0.0	0.0	0.0	0.0	0.0	0.0	0.0	0.0	146.13793103448276	0.0	0.050475945	-0.090392835	1.01037339	0.41202	0.15259999999999999	-0.27468	3213455.0	1776544816.826054	0.0	1.0	-1.0	-1.0	-1.0	-1.0	-1.0	-1.0	-1.0	-1.0	0.0	marker	opened-hand	Open	15	0418
-66675.23999999999	-53415.36	-102927.105	-17773.695	0.0	0.0	0.0	0.0	0.0	0.0	0.0	0.0	0.0	0.0	0.0	0.0	0.0	0.0	146.13793103448276	0.0	0.050475945	-0.090392835	1.01037339	0.41202	0.15259999999999999	-0.27468	3213456.0	1776544816.826058	0.0	1.0	-1.0	-1.0	-1.0	-1.0	-1.0	-1.0	-1.0	-1.0	0.0	marker	opened-hand	Open	15	0418
-66829.31999999999	-53424.765	-103166.64	-17953.2	0.0	0.0	0.0	0.0	0.0	0.0	0.0	0.0	0.0	0.0	0.0	0.0	0.0	0.0	146.13793103448276	0.0	0.050475945	-0.090392835	1.01037339	0.41202	0.15259999999999999	-0.27468	3213457.0	1776544816.830223	0.0	1.0	-1.0	-1.0	-1.0	-1.0	-1.0	-1.0	-1.0	-1.0	0.0	marker	opened-hand	Open	15	0418
-66917.88	-53432.235	-103152.64499999999	-17958.96	0.0	0.0	0.0	0.0	0.0	0.0	0.0	0.0	0.0	0.0	0.0	0.0	0.0	0.0	146.13793103448276	0.0	0.050475945	-0.090392835	1.01037339	0.41202	0.15259999999999999	-0.27468	3213458.0	1776544816.830227	0.0	1.0	-1.0	-1.0	-1.0	-1.0	-1.0	-1.0	-1.0	-1.0	0.0	marker	opened-hand	Open	15	0418
-66870.94499999999	-53447.31	-103106.025	-17938.62	0.0	0.0	0.0	0.0	0.0	0.0	0.0	0.0	0.0	0.0	0.0	0.0	0.0	0.0	146.13793103448276	0.0	0.050475945	-0.090392835	1.01037339	0.41202	0.15259999999999999	-0.27468	3213459.0	1776544816.832907	0.0	1.0	-1.0	-1.0	-1.0	-1.0	-1.0	-1.0	-1.0	-1.0	0.0	marker	opened-hand	Open	15	0418
-66811.545	-53464.814999999995	-103057.875	-17901.09	0.0	0.0	0.0	0.0	0.0	0.0	0.0	0.0	0.0	0.0	0.0	0.0	0.0	0.0	146.13793103448276	0.0	0.050475945	-0.090392835	1.01037339	0.41202	0.15259999999999999	-0.27468	3213460.0	1776544816.832911	0.0	1.0	-1.0	-1.0	-1.0	-1.0	-1.0	-1.0	-1.0	-1.0	0.0	marker	opened-hand	Open	15	0418
-66745.89	-53480.43	-102970.62	-17823.239999999998	0.0	0.0	0.0	0.0	0.0	0.0	0.0	0.0	0.0	0.0	0.0	0.0	0.0	0.0	146.13793103448276	0.0	0.04943835	-0.094909425	1.015561365	2.38056	-0.03052	-0.65618	3213461.0	1776544816.836974	0.0	1.0	-1.0	-1.0	-1.0	-1.0	-1.0	-1.0	-1.0	-1.0	0.0	marker	opened-hand	Open	15	0418
-66737.565	-53483.13	-102925.39499999999	-17783.864999999998	0.0	0.0	0.0	0.0	0.0	0.0	0.0	0.0	0.0	0.0	0.0	0.0	0.0	0.0	146.13793103448276	0.0	0.04943835	-0.094909425	1.015561365	2.38056	-0.03052	-0.65618	3213462.0	1776544816.836978	0.0	1.0	-1.0	-1.0	-1.0	-1.0	-1.0	-1.0	-1.0	-1.0	0.0	marker	opened-hand	Open	15	0418
-66685.23	-53475.299999999996	-102850.425	-17708.579999999998	0.0	0.0	0.0	0.0	0.0	0.0	0.0	0.0	0.0	0.0	0.0	0.0	0.0	0.0	146.13793103448276	0.0	0.04943835	-0.094909425	1.015561365	2.38056	-0.03052	-0.65618	3213463.0	1776544816.84089	0.0	1.0	-1.0	-1.0	-1.0	-1.0	-1.0	-1.0	-1.0	-1.0	0.0	marker	opened-hand	Open	15	0418
-66663.765	-53464.59	-102867.885	-17727.795	0.0	0.0	0.0	0.0	0.0	0.0	0.0	0.0	0.0	0.0	0.0	0.0	0.0	0.0	146.13793103448276	0.0	0.04943835	-0.094909425	1.015561365	2.38056	-0.03052	-0.65618	3213464.0	1776544816.840894	0.0	1.0	-1.0	-1.0	-1.0	-1.0	-1.0	-1.0	-1.0	-1.0	0.0	marker	opened-hand	Open	15	0418
-66694.185	-53448.255	-102941.14499999999	-17805.195	0.0	0.0	0.0	0.0	0.0	0.0	0.0	0.0	0.0	0.0	0.0	0.0	0.0	0.0	146.13793103448276	0.0	0.04943835	-0.094909425	1.015561365	2.38056	-0.03052	-0.65618	3213465.0	1776544816.844925	0.0	1.0	-1.0	-1.0	-1.0	-1.0	-1.0	-1.0	-1.0	-1.0	0.0	marker	opened-hand	Open	15	0418
-66744.72	-53446.86	-102973.635	-17813.43	0.0	0.0	0.0	0.0	0.0	0.0	0.0	0.0	0.0	0.0	0.0	0.0	0.0	0.0	146.13793103448276	0.0	0.04943835	-0.094909425	1.015561365	2.38056	-0.03052	-0.65618	3213466.0	1776544816.844929	0.0	1.0	-1.0	-1.0	-1.0	-1.0	-1.0	-1.0	-1.0	-1.0	0.0	marker	opened-hand	Open	15	0418
-66793.77	-53462.52	-103100.04	-17934.12	0.0	0.0	0.0	0.0	0.0	0.0	0.0	0.0	0.0	0.0	0.0	0.0	0.0	0.0	146.13793103448276	0.0	0.04943835	-0.094909425	1.015561365	2.38056	-0.03052	-0.65618	3213467.0	1776544816.848993	0.0	1.0	-1.0	-1.0	-1.0	-1.0	-1.0	-1.0	-1.0	-1.0	0.0	marker	opened-hand	Open	15	0418
-66893.48999999999	-53471.204999999994	-103177.53	-18038.655	0.0	0.0	0.0	0.0	0.0	0.0	0.0	0.0	0.0	0.0	0.0	0.0	0.0	0.0	146.13793103448276	0.0	0.04943835	-0.094909425	1.015561365	2.38056	-0.03052	-0.65618	3213468.0	1776544816.848997	0.0	1.0	-1.0	-1.0	-1.0	-1.0	-1.0	-1.0	-1.0	-1.0	0.0	marker	opened-hand	Open	15	0418
-66769.11	-53463.645	-103038.56999999999	-17916.614999999998	0.0	0.0	0.0	0.0	0.0	0.0	0.0	0.0	0.0	0.0	0.0	0.0	0.0	0.0	146.13793103448276	0.0	0.04943835	-0.094909425	1.015561365	2.38056	-0.03052	-0.65618	3213469.0	1776544816.852996	0.0	1.0	-1.0	-1.0	-1.0	-1.0	-1.0	-1.0	-1.0	-1.0	0.0	marker	opened-hand	Open	15	0418
-66640.31999999999	-53448.84	-102924.9	-17813.61	0.0	0.0	0.0	0.0	0.0	0.0	0.0	0.0	0.0	0.0	0.0	0.0	0.0	0.0	146.13793103448276	0.0	0.04943835	-0.094909425	1.015561365	2.38056	-0.03052	-0.65618	3213470.0	1776544816.853	0.0	1.0	-1.0	-1.0	-1.0	-1.0	-1.0	-1.0	-1.0	-1.0	0.0	marker	opened-hand	Open	15	0418
-66731.76	-53435.7	-103012.605	-17870.535	0.0	0.0	0.0	0.0	0.0	0.0	0.0	0.0	0.0	0.0	0.0	0.0	0.0	0.0	146.13793103448276	0.0	0.05664048	-0.10125706500000001	1.0147068750000001	3.9981199999999997	-0.2289	-1.35814	3213471.0	1776544816.85699	0.0	1.0	-1.0	-1.0	-1.0	-1.0	-1.0	-1.0	-1.0	-1.0	0.0	marker	opened-hand	Open	15	0418
-66884.715	-53438.939999999995	-103153.40999999999	-17967.329999999998	0.0	0.0	0.0	0.0	0.0	0.0	0.0	0.0	0.0	0.0	0.0	0.0	0.0	0.0	146.13793103448276	0.0	0.05664048	-0.10125706500000001	1.0147068750000001	3.9981199999999997	-0.2289	-1.35814	3213472.0	1776544816.856994	0.0	1.0	-1.0	-1.0	-1.0	-1.0	-1.0	-1.0	-1.0	-1.0	0.0	marker	opened-hand	Open	15	0418
-66814.2	-53444.79	-103048.065	-17877.015	0.0	0.0	0.0	0.0	0.0	0.0	0.0	0.0	0.0	0.0	0.0	0.0	0.0	0.0	146.13793103448276	0.0	0.05664048	-0.10125706500000001	1.0147068750000001	3.9981199999999997	-0.2289	-1.35814	3213473.0	1776544816.863439	0.0	1.0	-1.0	-1.0	-1.0	-1.0	-1.0	-1.0	-1.0	-1.0	0.0	marker	opened-hand	Open	15	0418
-66631.77	-53444.34	-102875.805	-17743.32	0.0	0.0	0.0	0.0	0.0	0.0	0.0	0.0	0.0	0.0	0.0	0.0	0.0	0.0	146.13793103448276	0.0	0.05664048	-0.10125706500000001	1.0147068750000001	3.9981199999999997	-0.2289	-1.35814	3213474.0	1776544816.863443	0.0	1.0	-1.0	-1.0	-1.0	-1.0	-1.0	-1.0	-1.0	-1.0	0.0	marker	opened-hand	Open	15	0418
-66629.205	-53455.32	-102799.08	-17669.475	0.0	0.0	0.0	0.0	0.0	0.0	0.0	0.0	0.0	0.0	0.0	0.0	0.0	0.0	146.13793103448276	0.0	0.05664048	-0.10125706500000001	1.0147068750000001	3.9981199999999997	-0.2289	-1.35814	3213475.0	1776544816.864848	0.0	1.0	-1.0	-1.0	-1.0	-1.0	-1.0	-1.0	-1.0	-1.0	0.0	marker	opened-hand	Open	15	0418
-66889.485	-53479.485	-103058.01	-17887.995	0.0	0.0	0.0	0.0	0.0	0.0	0.0	0.0	0.0	0.0	0.0	0.0	0.0	0.0	146.13793103448276	0.0	0.05664048	-0.10125706500000001	1.0147068750000001	3.9981199999999997	-0.2289	-1.35814	3213476.0	1776544816.864853	0.0	1.0	-1.0	-1.0	-1.0	-1.0	-1.0	-1.0	-1.0	-1.0	0.0	marker	opened-hand	Open	15	0418
-66910.72499999999	-53490.869999999995	-103168.26	-18019.62	0.0	0.0	0.0	0.0	0.0	0.0	0.0	0.0	0.0	0.0	0.0	0.0	0.0	0.0	146.13793103448276	0.0	0.05664048	-0.10125706500000001	1.0147068750000001	3.9981199999999997	-0.2289	-1.35814	3213477.0	1776544816.871038	0.0	1.0	-1.0	-1.0	-1.0	-1.0	-1.0	-1.0	-1.0	-1.0	0.0	marker	opened-hand	Open	15	0418
-66763.395	-53481.6	-103042.305	-17896.005	0.0	0.0	0.0	0.0	0.0	0.0	0.0	0.0	0.0	0.0	0.0	0.0	0.0	0.0	146.13793103448276	0.0	0.05664048	-0.10125706500000001	1.0147068750000001	3.9981199999999997	-0.2289	-1.35814	3213478.0	1776544816.871042	0.0	1.0	-1.0	-1.0	-1.0	-1.0	-1.0	-1.0	-1.0	-1.0	0.0	marker	opened-hand	Open	15	0418
-66693.59999999999	-53475.39	-102979.44	-17824.815	0.0	0.0	0.0	0.0	0.0	0.0	0.0	0.0	0.0	0.0	0.0	0.0	0.0	0.0	146.13793103448276	0.0	0.05664048	-0.10125706500000001	1.0147068750000001	3.9981199999999997	-0.2289	-1.35814	3213479.0	1776544816.873942	0.0	1.0	-1.0	-1.0	-1.0	-1.0	-1.0	-1.0	-1.0	-1.0	0.0	marker	opened-hand	Open	15	0418
-66715.33499999999	-53474.085	-102967.425	-17803.215	0.0	0.0	0.0	0.0	0.0	0.0	0.0	0.0	0.0	0.0	0.0	0.0	0.0	0.0	146.13793103448276	0.0	0.05664048	-0.10125706500000001	1.0147068750000001	3.9981199999999997	-0.2289	-1.35814	3213480.0	1776544816.873946	0.0	1.0	-1.0	-1.0	-1.0	-1.0	-1.0	-1.0	-1.0	-1.0	0.0	marker	opened-hand	Open	15	0418
-66868.515	-53483.67	-103115.79	-17956.98	0.0	0.0	0.0	0.0	0.0	0.0	0.0	0.0	0.0	0.0	0.0	0.0	0.0	0.0	146.13793103448276	0.0	0.06152328	-0.10205052	1.00988511	3.7539599999999997	0.3815	-1.25132	3213481.0	1776544816.87677	0.0	1.0	-1.0	-1.0	-1.0	-1.0	-1.0	-1.0	-1.0	-1.0	0.0	marker	opened-hand	Open	15	0418
-66835.755	-53487.674999999996	-103111.065	-17971.335	0.0	0.0	0.0	0.0	0.0	0.0	0.0	0.0	0.0	0.0	0.0	0.0	0.0	0.0	146.13793103448276	0.0	0.06152328	-0.10205052	1.00988511	3.7539599999999997	0.3815	-1.25132	3213482.0	1776544816.876774	0.0	1.0	-1.0	-1.0	-1.0	-1.0	-1.0	-1.0	-1.0	-1.0	0.0	marker	opened-hand	Open	15	0418
-66711.555	-53487.854999999996	-102980.565	-17829.989999999998	0.0	0.0	0.0	0.0	0.0	0.0	0.0	0.0	0.0	0.0	0.0	0.0	0.0	0.0	146.13793103448276	0.0	0.06152328	-0.10205052	1.00988511	3.7539599999999997	0.3815	-1.25132	3213483.0	1776544816.882988	0.0	1.0	-1.0	-1.0	-1.0	-1.0	-1.0	-1.0	-1.0	-1.0	0.0	marker	opened-hand	Open	15	0418
-66767.175	-53502.704999999994	-102967.37999999999	-17843.895	0.0	0.0	0.0	0.0	0.0	0.0	0.0	0.0	0.0	0.0	0.0	0.0	0.0	0.0	146.13793103448276	0.0	0.06152328	-0.10205052	1.00988511	3.7539599999999997	0.3815	-1.25132	3213484.0	1776544816.882992	0.0	1.0	-1.0	-1.0	-1.0	-1.0	-1.0	-1.0	-1.0	-1.0	0.0	marker	opened-hand	Open	15	0418
-66818.025	-53514.27	-102976.92	-17893.395	0.0	0.0	0.0	0.0	0.0	0.0	0.0	0.0	0.0	0.0	0.0	0.0	0.0	0.0	146.13793103448276	0.0	0.06152328	-0.10205052	1.00988511	3.7539599999999997	0.3815	-1.25132	3213485.0	1776544816.891086	0.0	1.0	-1.0	-1.0	-1.0	-1.0	-1.0	-1.0	-1.0	-1.0	0.0	marker	opened-hand	Open	15	0418
-66722.175	-53499.689999999995	-102911.355	-17759.655	0.0	0.0	0.0	0.0	0.0	0.0	0.0	0.0	0.0	0.0	0.0	0.0	0.0	0.0	146.13793103448276	0.0	0.06152328	-0.10205052	1.00988511	3.7539599999999997	0.3815	-1.25132	3213486.0	1776544816.89109	0.0	1.0	-1.0	-1.0	-1.0	-1.0	-1.0	-1.0	-1.0	-1.0	0.0	marker	opened-hand	Open	15	0418
-66600.18	-53485.92	-102814.065	-17612.325	0.0	0.0	0.0	0.0	0.0	0.0	0.0	0.0	0.0	0.0	0.0	0.0	0.0	0.0	146.13793103448276	0.0	0.06152328	-0.10205052	1.00988511	3.7539599999999997	0.3815	-1.25132	3213487.0	1776544816.891094	0.0	1.0	-1.0	-1.0	-1.0	-1.0	-1.0	-1.0	-1.0	-1.0	0.0	marker	opened-hand	Open	15	0418
-66773.295	-53478.945	-103017.19499999999	-17828.505	0.0	0.0	0.0	0.0	0.0	0.0	0.0	0.0	0.0	0.0	0.0	0.0	0.0	0.0	146.13793103448276	0.0	0.06152328	-0.10205052	1.00988511	3.7539599999999997	0.3815	-1.25132	3213488.0	1776544816.891097	0.0	1.0	-1.0	-1.0	-1.0	-1.0	-1.0	-1.0	-1.0	-1.0	0.0	marker	opened-hand	Open	15	0418
-66885.39	-53477.505	-103194.765	-18032.13	0.0	0.0	0.0	0.0	0.0	0.0	0.0	0.0	0.0	0.0	0.0	0.0	0.0	0.0	146.13793103448276	0.0	0.06152328	-0.10205052	1.00988511	3.7539599999999997	0.3815	-1.25132	3213489.0	1776544816.893155	0.0	1.0	-1.0	-1.0	-1.0	-1.0	-1.0	-1.0	-1.0	-1.0	0.0	marker	opened-hand	Open	15	0418
-66878.37	-53481.195	-103148.28	-17991.989999999998	0.0	0.0	0.0	0.0	0.0	0.0	0.0	0.0	0.0	0.0	0.0	0.0	0.0	0.0	146.13793103448276	0.0	0.06152328	-0.10205052	1.00988511	3.7539599999999997	0.3815	-1.25132	3213490.0	1776544816.893159	0.0	1.0	-1.0	-1.0	-1.0	-1.0	-1.0	-1.0	-1.0	-1.0	0.0	marker	opened-hand	Open	15	0418
-66848.13	-53494.965	-103093.2	-17941.77	0.0	0.0	0.0	0.0	0.0	0.0	0.0	0.0	0.0	0.0	0.0	0.0	0.0	0.0	146.13793103448276	0.0	0.056457375000000004	-0.100280505	1.007626815	3.6624	0.9919	-0.71722	3213491.0	1776544816.897263	0.0	1.0	-1.0	-1.0	-1.0	-1.0	-1.0	-1.0	-1.0	-1.0	0.0	marker	opened-hand	Open	15	0418
-66828.19499999999	-53511.884999999995	-103060.935	-17930.88	0.0	0.0	0.0	0.0	0.0	0.0	0.0	0.0	0.0	0.0	0.0	0.0	0.0	0.0	146.13793103448276	0.0	0.056457375000000004	-0.100280505	1.007626815	3.6624	0.9919	-0.71722	3213492.0	1776544816.897267	0.0	1.0	-1.0	-1.0	-1.0	-1.0	-1.0	-1.0	-1.0	-1.0	0.0	marker	opened-hand	Open	15	0418
-66835.215	-53519.985	-103072.40999999999	-18000.585	0.0	0.0	0.0	0.0	0.0	0.0	0.0	0.0	0.0	0.0	0.0	0.0	0.0	0.0	146.13793103448276	0.0	0.056457375000000004	-0.100280505	1.007626815	3.6624	0.9919	-0.71722	3213493.0	1776544816.901168	0.0	1.0	-1.0	-1.0	-1.0	-1.0	-1.0	-1.0	-1.0	-1.0	0.0	marker	opened-hand	Open	15	0418
-66791.925	-53509.32	-103020.39	-17959.905	0.0	0.0	0.0	0.0	0.0	0.0	0.0	0.0	0.0	0.0	0.0	0.0	0.0	0.0	146.13793103448276	0.0	0.056457375000000004	-0.100280505	1.007626815	3.6624	0.9919	-0.71722	3213494.0	1776544816.901173	0.0	1.0	-1.0	-1.0	-1.0	-1.0	-1.0	-1.0	-1.0	-1.0	0.0	marker	opened-hand	Open	15	0418
-66812.175	-53496.134999999995	-103049.64	-17901.495	0.0	0.0	0.0	0.0	0.0	0.0	0.0	0.0	0.0	0.0	0.0	0.0	0.0	0.0	146.13793103448276	0.0	0.056457375000000004	-0.100280505	1.007626815	3.6624	0.9919	-0.71722	3213495.0	1776544816.90512	0.0	1.0	-1.0	-1.0	-1.0	-1.0	-1.0	-1.0	-1.0	-1.0	0.0	marker	opened-hand	Open	15	0418
-66764.205	-53485.965	-103095.26999999999	-17882.46	0.0	0.0	0.0	0.0	0.0	0.0	0.0	0.0	0.0	0.0	0.0	0.0	0.0	0.0	146.13793103448276	0.0	0.056457375000000004	-0.100280505	1.007626815	3.6624	0.9919	-0.71722	3213496.0	1776544816.905123	0.0	1.0	-1.0	-1.0	-1.0	-1.0	-1.0	-1.0	-1.0	-1.0	0.0	marker	opened-hand	Open	15	0418
-66698.64	-53477.82	-103016.87999999999	-17819.864999999998	0.0	0.0	0.0	0.0	0.0	0.0	0.0	0.0	0.0	0.0	0.0	0.0	0.0	0.0	146.13793103448276	0.0	0.056457375000000004	-0.100280505	1.007626815	3.6624	0.9919	-0.71722	3213497.0	1776544816.909316	0.0	1.0	-1.0	-1.0	-1.0	-1.0	-1.0	-1.0	-1.0	-1.0	0.0	marker	opened-hand	Open	15	0418
-66638.655	-53463.689999999995	-102943.665	-17776.53	0.0	0.0	0.0	0.0	0.0	0.0	0.0	0.0	0.0	0.0	0.0	0.0	0.0	0.0	146.13793103448276	0.0	0.056457375000000004	-0.100280505	1.007626815	3.6624	0.9919	-0.71722	3213498.0	1776544816.909322	0.0	1.0	-1.0	-1.0	-1.0	-1.0	-1.0	-1.0	-1.0	-1.0	0.0	marker	opened-hand	Open	15	0418
