ch_0	ch_1	ch_2	ch_3	ch_4	ch_5	ch_6	ch_7	ch_8	ch_9	ch_10	ch_11	ch_12	ch_13	ch_14	ch_15	ch_16	ch_17	ch_18	ch_19	ch_20	ch_21	ch_22	ch_23	ch_24	ch_25	ch_26	timestamp	marker	ch_29	ch_30	ch_31	ch_32	ch_33	ch_34	ch_35	ch_36	ch_37	ch_38	GestureLabel	CueLabel	TrialNumber	SessionId	MarkerColumn
-73655.28	-36014.22	-108597.915	-19697.13	0.0	0.0	0.0	0.0	0.0	0.0	0.0	0.0	0.0	0.0	0.0	0.0	0.0	0.0	47.103448275862085	0.0	0.01086423	-0.0476073	1.018613115	1.32762	-0.03052	0.09156	3498103.0	1776545387.987909	3.0	1.0	-1.0	-1.0	-1.0	-1.0	-1.0	-1.0	-1.0	-1.0	0.0	opened-hand	Open	1	calibration_20260418_134934	marker
-73589.84999999999	-36009.405	-108517.815	-19618.965	0.0	0.0	0.0	0.0	0.0	0.0	0.0	0.0	0.0	0.0	0.0	0.0	0.0	0.0	47.103448275862085	0.0	0.01086423	-0.0476073	1.018613115	1.32762	-0.03052	0.09156	3498104.0	1776545387.987913	0.0	1.0	-1.0	-1.0	-1.0	-1.0	-1.0	-1.0	-1.0	-1.0	0.0	opened-hand	Open	1	calibration_20260418_134934	marker
-73611.09	-36019.845	-108533.87999999999	-19616.175	0.0	0.0	0.0	0.0	0.0	0.0	0.0	0.0	0.0	0.0	0.0	0.0	0.0	0.0	47.103448275862085	0.0	0.011779755	-0.050353875	1.018002765	0.9919	0.35097999999999996	-0.01526	3498105.0	1776545388.09661	0.0	1.0	-1.0	-1.0	-1.0	-1.0	-1.0	-1.0	-1.0	-1.0	0.0	opened-hand	Open	1	calibration_20260418_134934	marker
-73668.51	-36035.325	-108590.715	-19655.505	0.0	0.0	0.0	0.0	0.0	0.0	0.0	0.0	0.0	0.0	0.0	0.0	0.0	0.0	47.103448275862085	0.0	0.011779755	-0.050353875	1.018002765	0.9919	0.35097999999999996	-0.01526	3498106.0	1776545388.096617	0.0	1.0	-1.0	-1.0	-1.0	-1.0	-1.0	-1.0	-1.0	-1.0	0.0	opened-hand	Open	1	calibration_20260418_134934	marker
-73837.75499999999	-36062.369999999995	-108799.78499999999	-19873.665	0.0	0.0	0.0	0.0	0.0	0.0	0.0	0.0	0.0	0.0	0.0	0.0	0.0	0.0	47.103448275862085	0.0	0.011779755	-0.050353875	1.018002765	0.9919	0.35097999999999996	-0.01526	3498107.0	1776545388.096624	0.0	1.0	-1.0	-1.0	-1.0	-1.0	-1.0	-1.0	-1.0	-1.0	0.0	opened-hand	Open	1	calibration_20260418_134934	marker
-73854.18	-36068.58	-108766.845	-19842.57	0.0	0.0	0.0	0.0	0.0	0.0	0.0	0.0	0.0	0.0	0.0	0.0	0.0	0.0	47.103448275862085	0.0	0.011779755	-0.050353875	1.018002765	0.9919	0.35097999999999996	-0.01526	3498108.0	1776545388.09663	0.0	1.0	-1.0	-1.0	-1.0	-1.0	-1.0	-1.0	-1.0	-1.0	0.0	opened-hand	Open	1	calibration_20260418_134934	marker
-73706.175	-36054.72	-108689.22	-19768.05	0.0	0.0	0.0	0.0	0.0	0.0	0.0	0.0	0.0	0.0	0.0	0.0	0.0	0.0	47.103448275862085	0.0	0.011779755	-0.050353875	1.018002765	0.9919	0.35097999999999996	-0.01526	3498109.0	1776545388.096637	0.0	1.0	-1.0	-1.0	-1.0	-1.0	-1.0	-1.0	-1.0	-1.0	0.0	opened-hand	Open	1	calibration_20260418_134934	marker
-73554.165	-36030.689999999995	-108586.62	-19658.745	0.0	0.0	0.0	0.0	0.0	0.0	0.0	0.0	0.0	0.0	0.0	0.0	0.0	0.0	47.103448275862085	0.0	0.011779755	-0.050353875	1.018002765	0.9919	0.35097999999999996	-0.01526	3498110.0	1776545388.096643	0.0	1.0	-1.0	-1.0	-1.0	-1.0	-1.0	-1.0	-1.0	-1.0	0.0	opened-hand	Open	1	calibration_20260418_134934	marker
-73641.78	-36021.375	-108671.89499999999	-19757.475	0.0	0.0	0.0	0.0	0.0	0.0	0.0	0.0	0.0	0.0	0.0	0.0	0.0	0.0	47.103448275862085	0.0	0.011779755	-0.050353875	1.018002765	0.9919	0.35097999999999996	-0.01526	3498111.0	1776545388.09665	0.0	1.0	-1.0	-1.0	-1.0	-1.0	-1.0	-1.0	-1.0	-1.0	0.0	opened-hand	Open	1	calibration_20260418_134934	marker
-73830.19499999999	-36021.24	-108728.09999999999	-19847.565	0.0	0.0	0.0	0.0	0.0	0.0	0.0	0.0	0.0	0.0	0.0	0.0	0.0	0.0	47.103448275862085	0.0	0.011779755	-0.050353875	1.018002765	0.9919	0.35097999999999996	-0.01526	3498112.0	1776545388.096655	0.0	1.0	-1.0	-1.0	-1.0	-1.0	-1.0	-1.0	-1.0	-1.0	0.0	opened-hand	Open	1	calibration_20260418_134934	marker
-73794.33	-36019.305	-108586.98	-19707.165	0.0	0.0	0.0	0.0	0.0	0.0	0.0	0.0	0.0	0.0	0.0	0.0	0.0	0.0	47.103448275862085	0.0	0.011779755	-0.050353875	1.018002765	0.9919	0.35097999999999996	-0.01526	3498113.0	1776545388.096662	0.0	1.0	-1.0	-1.0	-1.0	-1.0	-1.0	-1.0	-1.0	-1.0	0.0	opened-hand	Open	1	calibration_20260418_134934	marker
-73764.405	-36028.17	-108586.665	-19670.895	0.0	0.0	0.0	0.0	0.0	0.0	0.0	0.0	0.0	0.0	0.0	0.0	0.0	0.0	47.103448275862085	0.0	0.011779755	-0.050353875	1.018002765	0.9919	0.35097999999999996	-0.01526	3498114.0	1776545388.096668	0.0	1.0	-1.0	-1.0	-1.0	-1.0	-1.0	-1.0	-1.0	-1.0	0.0	opened-hand	Open	1	calibration_20260418_134934	marker
-73833.165	-36044.01	-108667.125	-19743.39	0.0	0.0	0.0	0.0	0.0	0.0	0.0	0.0	0.0	0.0	0.0	0.0	0.0	0.0	47.103448275862085	0.0	0.01123044	-0.056823585	1.016293785	2.1669199999999997	0.28994	-0.18312	3498115.0	1776545388.096675	0.0	1.0	-1.0	-1.0	-1.0	-1.0	-1.0	-1.0	-1.0	-1.0	0.0	opened-hand	Open	1	calibration_20260418_134934	marker
-73818.94499999999	-36052.38	-108769.545	-19788.795	0.0	0.0	0.0	0.0	0.0	0.0	0.0	0.0	0.0	0.0	0.0	0.0	0.0	0.0	47.103448275862085	0.0	0.01123044	-0.056823585	1.016293785	2.1669199999999997	0.28994	-0.18312	3498116.0	1776545388.09668	0.0	1.0	-1.0	-1.0	-1.0	-1.0	-1.0	-1.0	-1.0	-1.0	0.0	opened-hand	Open	1	calibration_20260418_134934	marker
-73720.665	-36046.439999999995	-108698.76	-19729.665	0.0	0.0	0.0	0.0	0.0	0.0	0.0	0.0	0.0	0.0	0.0	0.0	0.0	0.0	47.103448275862085	0.0	0.01123044	-0.056823585	1.016293785	2.1669199999999997	0.28994	-0.18312	3498117.0	1776545388.096687	0.0	1.0	-1.0	-1.0	-1.0	-1.0	-1.0	-1.0	-1.0	-1.0	0.0	opened-hand	Open	1	calibration_20260418_134934	marker
-73700.055	-36032.76	-108663.795	-19724.13	0.0	0.0	0.0	0.0	0.0	0.0	0.0	0.0	0.0	0.0	0.0	0.0	0.0	0.0	47.103448275862085	0.0	0.01123044	-0.056823585	1.016293785	2.1669199999999997	0.28994	-0.18312	3498118.0	1776545388.096693	0.0	1.0	-1.0	-1.0	-1.0	-1.0	-1.0	-1.0	-1.0	-1.0	0.0	opened-hand	Open	1	calibration_20260418_134934	marker
-73769.715	-36024.795	-108741.33	-19810.485	0.0	0.0	0.0	0.0	0.0	0.0	0.0	0.0	0.0	0.0	0.0	0.0	0.0	0.0	47.103448275862085	0.0	0.01123044	-0.056823585	1.016293785	2.1669199999999997	0.28994	-0.18312	3498119.0	1776545388.096699	0.0	1.0	-1.0	-1.0	-1.0	-1.0	-1.0	-1.0	-1.0	-1.0	0.0	opened-hand	Open	1	calibration_20260418_134934	marker
-73720.935	-36015.345	-108698.625	-19760.399999999998	0.0	0.0	0.0	0.0	0.0	0.0	0.0	0.0	0.0	0.0	0.0	0.0	0.0	0.0	47.103448275862085	0.0	0.01123044	-0.056823585	1.016293785	2.1669199999999997	0.28994	-0.18312	3498120.0	1776545388.096704	0.0	1.0	-1.0	-1.0	-1.0	-1.0	-1.0	-1.0	-1.0	-1.0	0.0	opened-hand	Open	1	calibration_20260418_134934	marker
-73749.59999999999	-36016.65	-108709.605	-19771.425	0.0	0.0	0.0	0.0	0.0	0.0	0.0	0.0	0.0	0.0	0.0	0.0	0.0	0.0	47.103448275862085	0.0	0.01123044	-0.056823585	1.016293785	2.1669199999999997	0.28994	-0.18312	3498121.0	1776545388.096711	0.0	1.0	-1.0	-1.0	-1.0	-1.0	-1.0	-1.0	-1.0	-1.0	0.0	opened-hand	Open	1	calibration_20260418_134934	marker
-73823.04	-36026.82	-108743.94	-19801.89	0.0	0.0	0.0	0.0	0.0	0.0	0.0	0.0	0.0	0.0	0.0	0.0	0.0	0.0	47.103448275862085	0.0	0.01123044	-0.056823585	1.016293785	2.1669199999999997	0.28994	-0.18312	3498122.0	1776545388.096716	0.0	1.0	-1.0	-1.0	-1.0	-1.0	-1.0	-1.0	-1.0	-1.0	0.0	opened-hand	Open	1	calibration_20260418_134934	marker
-73832.44499999999	-36040.365	-108751.68	-19810.215	0.0	0.0	0.0	0.0	0.0	0.0	0.0	0.0	0.0	0.0	0.0	0.0	0.0	0.0	47.103448275862085	0.0	0.01123044	-0.056823585	1.016293785	2.1669199999999997	0.28994	-0.18312	3498123.0	1776545388.096722	0.0	1.0	-1.0	-1.0	-1.0	-1.0	-1.0	-1.0	-1.0	-1.0	0.0	opened-hand	Open	1	calibration_20260418_134934	marker
-73708.065	-36040.14	-108634.05	-19694.52	0.0	0.0	0.0	0.0	0.0	0.0	0.0	0.0	0.0	0.0	0.0	0.0	0.0	0.0	47.103448275862085	0.0	0.01123044	-0.056823585	1.016293785	2.1669199999999997	0.28994	-0.18312	3498124.0	1776545388.096728	0.0	1.0	-1.0	-1.0	-1.0	-1.0	-1.0	-1.0	-1.0	-1.0	0.0	opened-hand	Open	1	calibration_20260418_134934	marker
-73750.00499999999	-36036.674999999996	-108593.90999999999	-19639.62	0.0	0.0	0.0	0.0	0.0	0.0	0.0	0.0	0.0	0.0	0.0	0.0	0.0	0.0	47.103448275862085	0.0	0.012145965	-0.05847153	1.016293785	2.25848	0.7019599999999999	-0.25942	3498125.0	1776545388.096734	0.0	1.0	-1.0	-1.0	-1.0	-1.0	-1.0	-1.0	-1.0	-1.0	0.0	opened-hand	Open	1	calibration_20260418_134934	marker
-73809.27	-36030.24	-108762.65999999999	-19802.204999999998	0.0	0.0	0.0	0.0	0.0	0.0	0.0	0.0	0.0	0.0	0.0	0.0	0.0	0.0	47.103448275862085	0.0	0.012145965	-0.05847153	1.016293785	2.25848	0.7019599999999999	-0.25942	3498126.0	1776545388.096739	0.0	1.0	-1.0	-1.0	-1.0	-1.0	-1.0	-1.0	-1.0	-1.0	0.0	opened-hand	Open	1	calibration_20260418_134934	marker
-73764.315	-36012.869999999995	-108773.14499999999	-19825.92	0.0	0.0	0.0	0.0	0.0	0.0	0.0	0.0	0.0	0.0	0.0	0.0	0.0	0.0	47.103448275862085	0.0	0.012145965	-0.05847153	1.016293785	2.25848	0.7019599999999999	-0.25942	3498127.0	1776545388.096746	0.0	1.0	-1.0	-1.0	-1.0	-1.0	-1.0	-1.0	-1.0	-1.0	0.0	opened-hand	Open	1	calibration_20260418_134934	marker
-73643.715	-35989.02	-108604.98	-19674.585	0.0	0.0	0.0	0.0	0.0	0.0	0.0	0.0	0.0	0.0	0.0	0.0	0.0	0.0	47.103448275862085	0.0	0.012145965	-0.05847153	1.016293785	2.25848	0.7019599999999999	-0.25942	3498128.0	1776545388.096751	0.0	1.0	-1.0	-1.0	-1.0	-1.0	-1.0	-1.0	-1.0	-1.0	0.0	opened-hand	Open	1	calibration_20260418_134934	marker
-73668.555	-35984.07	-108573.525	-19642.454999999998	0.0	0.0	0.0	0.0	0.0	0.0	0.0	0.0	0.0	0.0	0.0	0.0	0.0	0.0	47.103448275862085	0.0	0.012145965	-0.05847153	1.016293785	2.25848	0.7019599999999999	-0.25942	3498129.0	1776545388.096758	0.0	1.0	-1.0	-1.0	-1.0	-1.0	-1.0	-1.0	-1.0	-1.0	0.0	opened-hand	Open	1	calibration_20260418_134934	marker
-73725.525	-35994.645	-108671.715	-19739.565	0.0	0.0	0.0	0.0	0.0	0.0	0.0	0.0	0.0	0.0	0.0	0.0	0.0	0.0	47.103448275862085	0.0	0.012145965	-0.05847153	1.016293785	2.25848	0.7019599999999999	-0.25942	3498130.0	1776545388.096763	0.0	1.0	-1.0	-1.0	-1.0	-1.0	-1.0	-1.0	-1.0	-1.0	0.0	opened-hand	Open	1	calibration_20260418_134934	marker
-73848.105	-36016.74	-108841.14	-19890.45	0.0	0.0	0.0	0.0	0.0	0.0	0.0	0.0	0.0	0.0	0.0	0.0	0.0	0.0	47.103448275862085	0.0	0.012145965	-0.05847153	1.016293785	2.25848	0.7019599999999999	-0.25942	3498131.0	1776545388.096769	0.0	1.0	-1.0	-1.0	-1.0	-1.0	-1.0	-1.0	-1.0	-1.0	0.0	opened-hand	Open	1	calibration_20260418_134934	marker
-73889.09999999999	-36031.005	-108863.86499999999	-19915.695	0.0	0.0	0.0	0.0	0.0	0.0	0.0	0.0	0.0	0.0	0.0	0.0	0.0	0.0	47.103448275862085	0.0	0.012145965	-0.05847153	1.016293785	2.25848	0.7019599999999999	-0.25942	3498132.0	1776545388.096775	0.0	1.0	-1.0	-1.0	-1.0	-1.0	-1.0	-1.0	-1.0	-1.0	0.0	opened-hand	Open	1	calibration_20260418_134934	marker
-73760.76	-36026.235	-108698.31	-19762.065	0.0	0.0	0.0	0.0	0.0	0.0	0.0	0.0	0.0	0.0	0.0	0.0	0.0	0.0	47.103448275862085	0.0	0.012145965	-0.05847153	1.016293785	2.25848	0.7019599999999999	-0.25942	3498133.0	1776545388.096781	0.0	1.0	-1.0	-1.0	-1.0	-1.0	-1.0	-1.0	-1.0	-1.0	0.0	opened-hand	Open	1	calibration_20260418_134934	marker
-73577.79	-36010.799999999996	-108566.86499999999	-19617.3	0.0	0.0	0.0	0.0	0.0	0.0	0.0	0.0	0.0	0.0	0.0	0.0	0.0	0.0	47.103448275862085	0.0	0.012145965	-0.05847153	1.016293785	2.25848	0.7019599999999999	-0.25942	3498134.0	1776545388.096786	0.0	1.0	-1.0	-1.0	-1.0	-1.0	-1.0	-1.0	-1.0	-1.0	0.0	opened-hand	Open	1	calibration_20260418_134934	marker
-73701.54	-36005.939999999995	-108707.58	-19733.219999999998	0.0	0.0	0.0	0.0	0.0	0.0	0.0	0.0	0.0	0.0	0.0	0.0	0.0	0.0	47.103448275862085	0.0	0.011535615	-0.056213235	1.0173313800000001	2.01432	0.9919	-0.2289	3498135.0	1776545388.096792	0.0	1.0	-1.0	-1.0	-1.0	-1.0	-1.0	-1.0	-1.0	-1.0	0.0	opened-hand	Open	1	calibration_20260418_134934	marker
-73858.455	-36001.17	-108810.58499999999	-19852.92	0.0	0.0	0.0	0.0	0.0	0.0	0.0	0.0	0.0	0.0	0.0	0.0	0.0	0.0	47.103448275862085	0.0	0.011535615	-0.056213235	1.0173313800000001	2.01432	0.9919	-0.2289	3498136.0	1776545388.096798	0.0	1.0	-1.0	-1.0	-1.0	-1.0	-1.0	-1.0	-1.0	-1.0	0.0	opened-hand	Open	1	calibration_20260418_134934	marker
-73781.415	-35989.2	-108722.11499999999	-19817.64	0.0	0.0	0.0	0.0	0.0	0.0	0.0	0.0	0.0	0.0	0.0	0.0	0.0	0.0	47.103448275862085	0.0	0.011535615	-0.056213235	1.0173313800000001	2.01432	0.9919	-0.2289	3498137.0	1776545388.096804	0.0	1.0	-1.0	-1.0	-1.0	-1.0	-1.0	-1.0	-1.0	-1.0	0.0	opened-hand	Open	1	calibration_20260418_134934	marker
-73709.64	-35986.905	-108621.09	-19755.63	0.0	0.0	0.0	0.0	0.0	0.0	0.0	0.0	0.0	0.0	0.0	0.0	0.0	0.0	47.103448275862085	0.0	0.011535615	-0.056213235	1.0173313800000001	2.01432	0.9919	-0.2289	3498138.0	1776545388.096809	0.0	1.0	-1.0	-1.0	-1.0	-1.0	-1.0	-1.0	-1.0	-1.0	0.0	opened-hand	Open	1	calibration_20260418_134934	marker
-73762.83	-36000.27	-108653.53499999999	-19732.23	0.0	0.0	0.0	0.0	0.0	0.0	0.0	0.0	0.0	0.0	0.0	0.0	0.0	0.0	47.103448275862085	0.0	0.011535615	-0.056213235	1.0173313800000001	2.01432	0.9919	-0.2289	3498139.0	1776545388.096815	0.0	1.0	-1.0	-1.0	-1.0	-1.0	-1.0	-1.0	-1.0	-1.0	0.0	opened-hand	Open	1	calibration_20260418_134934	marker
-73704.78	-36011.52	-108662.48999999999	-19700.82	0.0	0.0	0.0	0.0	0.0	0.0	0.0	0.0	0.0	0.0	0.0	0.0	0.0	0.0	47.103448275862085	0.0	0.011535615	-0.056213235	1.0173313800000001	2.01432	0.9919	-0.2289	3498140.0	1776545388.09682	0.0	1.0	-1.0	-1.0	-1.0	-1.0	-1.0	-1.0	-1.0	-1.0	0.0	opened-hand	Open	1	calibration_20260418_134934	marker
-73722.645	-36019.71	-108724.095	-19739.79	0.0	0.0	0.0	0.0	0.0	0.0	0.0	0.0	0.0	0.0	0.0	0.0	0.0	0.0	47.103448275862085	0.0	0.011535615	-0.056213235	1.0173313800000001	2.01432	0.9919	-0.2289	3498141.0	1776545388.096827	0.0	1.0	-1.0	-1.0	-1.0	-1.0	-1.0	-1.0	-1.0	-1.0	0.0	opened-hand	Open	1	calibration_20260418_134934	marker
-73765.305	-36014.939999999995	-108790.875	-19760.985	0.0	0.0	0.0	0.0	0.0	0.0	0.0	0.0	0.0	0.0	0.0	0.0	0.0	0.0	47.103448275862085	0.0	0.011535615	-0.056213235	1.0173313800000001	2.01432	0.9919	-0.2289	3498142.0	1776545388.096832	0.0	1.0	-1.0	-1.0	-1.0	-1.0	-1.0	-1.0	-1.0	-1.0	0.0	opened-hand	Open	1	calibration_20260418_134934	marker
-73740.19499999999	-35997.84	-108768.015	-19762.739999999998	0.0	0.0	0.0	0.0	0.0	0.0	0.0	0.0	0.0	0.0	0.0	0.0	0.0	0.0	47.103448275862085	0.0	0.011535615	-0.056213235	1.0173313800000001	2.01432	0.9919	-0.2289	3498143.0	1776545388.096838	0.0	1.0	-1.0	-1.0	-1.0	-1.0	-1.0	-1.0	-1.0	-1.0	0.0	opened-hand	Open	1	calibration_20260418_134934	marker
-73718.91	-35978.715	-108727.065	-19738.44	0.0	0.0	0.0	0.0	0.0	0.0	0.0	0.0	0.0	0.0	0.0	0.0	0.0	0.0	47.103448275862085	0.0	0.011535615	-0.056213235	1.0173313800000001	2.01432	0.9919	-0.2289	3498144.0	1776545388.096844	0.0	1.0	-1.0	-1.0	-1.0	-1.0	-1.0	-1.0	-1.0	-1.0	0.0	opened-hand	Open	1	calibration_20260418_134934	marker
-73802.11499999999	-35973.314999999995	-108774.315	-19789.2	0.0	0.0	0.0	0.0	0.0	0.0	0.0	0.0	0.0	0.0	0.0	0.0	0.0	0.0	47.103448275862085	0.0	0.00793455	-0.0561522	1.021054515	1.89224	0.48832	-0.12208	3498145.0	1776545388.09685	0.0	1.0	-1.0	-1.0	-1.0	-1.0	-1.0	-1.0	-1.0	-1.0	0.0	opened-hand	Open	1	calibration_20260418_134934	marker
-73725.56999999999	-35964.72	-108599.175	-19642.77	0.0	0.0	0.0	0.0	0.0	0.0	0.0	0.0	0.0	0.0	0.0	0.0	0.0	0.0	47.103448275862085	0.0	0.00793455	-0.0561522	1.021054515	1.89224	0.48832	-0.12208	3498146.0	1776545388.096856	0.0	1.0	-1.0	-1.0	-1.0	-1.0	-1.0	-1.0	-1.0	-1.0	0.0	opened-hand	Open	1	calibration_20260418_134934	marker
-73596.735	-35970.795	-108540.36	-19579.815	0.0	0.0	0.0	0.0	0.0	0.0	0.0	0.0	0.0	0.0	0.0	0.0	0.0	0.0	47.103448275862085	0.0	0.00793455	-0.0561522	1.021054515	1.89224	0.48832	-0.12208	3498147.0	1776545388.096862	0.0	1.0	-1.0	-1.0	-1.0	-1.0	-1.0	-1.0	-1.0	-1.0	0.0	opened-hand	Open	1	calibration_20260418_134934	marker
-73631.87999999999	-35990.595	-108649.53	-19676.43	0.0	0.0	0.0	0.0	0.0	0.0	0.0	0.0	0.0	0.0	0.0	0.0	0.0	0.0	47.103448275862085	0.0	0.00793455	-0.0561522	1.021054515	1.89224	0.48832	-0.12208	3498148.0	1776545388.096867	0.0	1.0	-1.0	-1.0	-1.0	-1.0	-1.0	-1.0	-1.0	-1.0	0.0	opened-hand	Open	1	calibration_20260418_134934	marker
-73758.19499999999	-36004.68	-108726.65999999999	-19743.975	0.0	0.0	0.0	0.0	0.0	0.0	0.0	0.0	0.0	0.0	0.0	0.0	0.0	0.0	47.103448275862085	0.0	0.00793455	-0.0561522	1.021054515	1.89224	0.48832	-0.12208	3498149.0	1776545388.096874	0.0	1.0	-1.0	-1.0	-1.0	-1.0	-1.0	-1.0	-1.0	-1.0	0.0	opened-hand	Open	1	calibration_20260418_134934	marker
-73872.045	-36007.155	-108847.03499999999	-19850.445	0.0	0.0	0.0	0.0	0.0	0.0	0.0	0.0	0.0	0.0	0.0	0.0	0.0	0.0	47.103448275862085	0.0	0.00793455	-0.0561522	1.021054515	1.89224	0.48832	-0.12208	3498150.0	1776545388.096879	0.0	1.0	-1.0	-1.0	-1.0	-1.0	-1.0	-1.0	-1.0	-1.0	0.0	opened-hand	Open	1	calibration_20260418_134934	marker
-73820.025	-35992.755	-108817.65	-19840.68	0.0	0.0	0.0	0.0	0.0	0.0	0.0	0.0	0.0	0.0	0.0	0.0	0.0	0.0	47.103448275862085	0.0	0.00793455	-0.0561522	1.021054515	1.89224	0.48832	-0.12208	3498151.0	1776545388.096885	0.0	1.0	-1.0	-1.0	-1.0	-1.0	-1.0	-1.0	-1.0	-1.0	0.0	opened-hand	Open	1	calibration_20260418_134934	marker
-73767.735	-35973.314999999995	-108718.29	-19739.34	0.0	0.0	0.0	0.0	0.0	0.0	0.0	0.0	0.0	0.0	0.0	0.0	0.0	0.0	47.103448275862085	0.0	0.00793455	-0.0561522	1.021054515	1.89224	0.48832	-0.12208	3498152.0	1776545388.09689	0.0	1.0	-1.0	-1.0	-1.0	-1.0	-1.0	-1.0	-1.0	-1.0	0.0	opened-hand	Open	1	calibration_20260418_134934	marker
-73686.42	-35957.07	-108663.56999999999	-19687.094999999998	0.0	0.0	0.0	0.0	0.0	0.0	0.0	0.0	0.0	0.0	0.0	0.0	0.0	0.0	47.103448275862085	0.0	0.00793455	-0.0561522	1.021054515	1.89224	0.48832	-0.12208	3498153.0	1776545388.096897	0.0	1.0	-1.0	-1.0	-1.0	-1.0	-1.0	-1.0	-1.0	-1.0	0.0	opened-hand	Open	1	calibration_20260418_134934	marker
-73697.355	-35951.4	-108678.23999999999	-19704.239999999998	0.0	0.0	0.0	0.0	0.0	0.0	0.0	0.0	0.0	0.0	0.0	0.0	0.0	0.0	47.103448275862085	0.0	0.00793455	-0.0561522	1.021054515	1.89224	0.48832	-0.12208	3498154.0	1776545388.096902	0.0	1.0	-1.0	-1.0	-1.0	-1.0	-1.0	-1.0	-1.0	-1.0	0.0	opened-hand	Open	1	calibration_20260418_134934	marker
-73678.275	-35958.15	-108676.89	-19707.39	0.0	0.0	0.0	0.0	0.0	0.0	0.0	0.0	0.0	0.0	0.0	0.0	0.0	0.0	47.103448275862085	0.0	0.005065905	-0.056457375000000004	1.0246555800000001	2.1364	0.07629999999999999	-0.12208	3498155.0	1776545388.096909	0.0	1.0	-1.0	-1.0	-1.0	-1.0	-1.0	-1.0	-1.0	-1.0	0.0	opened-hand	Open	1	calibration_20260418_134934	marker
-73685.83499999999	-35975.115	-108673.83	-19697.985	0.0	0.0	0.0	0.0	0.0	0.0	0.0	0.0	0.0	0.0	0.0	0.0	0.0	0.0	47.103448275862085	0.0	0.005065905	-0.056457375000000004	1.0246555800000001	2.1364	0.07629999999999999	-0.12208	3498156.0	1776545388.096914	0.0	1.0	-1.0	-1.0	-1.0	-1.0	-1.0	-1.0	-1.0	-1.0	0.0	opened-hand	Open	1	calibration_20260418_134934	marker
-73831.14	-36003.104999999996	-108793.98	-19822.995	0.0	0.0	0.0	0.0	0.0	0.0	0.0	0.0	0.0	0.0	0.0	0.0	0.0	0.0	47.103448275862085	0.0	0.005065905	-0.056457375000000004	1.0246555800000001	2.1364	0.07629999999999999	-0.12208	3498157.0	1776545388.09692	0.0	1.0	-1.0	-1.0	-1.0	-1.0	-1.0	-1.0	-1.0	-1.0	0.0	opened-hand	Open	1	calibration_20260418_134934	marker
-73941.165	-36019.215	-108895.59	-19908.045	0.0	0.0	0.0	0.0	0.0	0.0	0.0	0.0	0.0	0.0	0.0	0.0	0.0	0.0	47.103448275862085	0.0	0.005065905	-0.056457375000000004	1.0246555800000001	2.1364	0.07629999999999999	-0.12208	3498158.0	1776545388.096925	0.0	1.0	-1.0	-1.0	-1.0	-1.0	-1.0	-1.0	-1.0	-1.0	0.0	opened-hand	Open	1	calibration_20260418_134934	marker
-73811.745	-36007.65	-108780.75	-19801.62	0.0	0.0	0.0	0.0	0.0	0.0	0.0	0.0	0.0	0.0	0.0	0.0	0.0	0.0	47.103448275862085	0.0	0.005065905	-0.056457375000000004	1.0246555800000001	2.1364	0.07629999999999999	-0.12208	3498159.0	1776545388.100399	0.0	1.0	-1.0	-1.0	-1.0	-1.0	-1.0	-1.0	-1.0	-1.0	0.0	opened-hand	Open	1	calibration_20260418_134934	marker
-73714.86	-35991.945	-108681.165	-19731.375	0.0	0.0	0.0	0.0	0.0	0.0	0.0	0.0	0.0	0.0	0.0	0.0	0.0	0.0	47.103448275862085	0.0	0.005065905	-0.056457375000000004	1.0246555800000001	2.1364	0.07629999999999999	-0.12208	3498160.0	1776545388.100414	0.0	1.0	-1.0	-1.0	-1.0	-1.0	-1.0	-1.0	-1.0	-1.0	0.0	opened-hand	Open	1	calibration_20260418_134934	marker
-73625.895	-35975.205	-108585.405	-19640.565	0.0	0.0	0.0	0.0	0.0	0.0	0.0	0.0	0.0	0.0	0.0	0.0	0.0	0.0	47.103448275862085	0.0	0.005065905	-0.056457375000000004	1.0246555800000001	2.1364	0.07629999999999999	-0.12208	3498161.0	1776545388.104285	0.0	1.0	-1.0	-1.0	-1.0	-1.0	-1.0	-1.0	-1.0	-1.0	0.0	opened-hand	Open	1	calibration_20260418_134934	marker
-73409.94	-35951.445	-108365.89499999999	-19426.32	0.0	0.0	0.0	0.0	0.0	0.0	0.0	0.0	0.0	0.0	0.0	0.0	0.0	0.0	47.103448275862085	0.0	0.005065905	-0.056457375000000004	1.0246555800000001	2.1364	0.07629999999999999	-0.12208	3498162.0	1776545388.1043	0.0	1.0	-1.0	-1.0	-1.0	-1.0	-1.0	-1.0	-1.0	-1.0	0.0	opened-hand	Open	1	calibration_20260418_134934	marker
-73611.0	-35968.905	-108631.89	-19640.52	0.0	0.0	0.0	0.0	0.0	0.0	0.0	0.0	0.0	0.0	0.0	0.0	0.0	0.0	47.103448275862085	0.0	0.005065905	-0.056457375000000004	1.0246555800000001	2.1364	0.07629999999999999	-0.12208	3498163.0	1776545388.108314	0.0	1.0	-1.0	-1.0	-1.0	-1.0	-1.0	-1.0	-1.0	-1.0	0.0	opened-hand	Open	1	calibration_20260418_134934	marker
-73914.75	-36003.555	-108917.235	-19891.62	0.0	0.0	0.0	0.0	0.0	0.0	0.0	0.0	0.0	0.0	0.0	0.0	0.0	0.0	47.103448275862085	0.0	0.005065905	-0.056457375000000004	1.0246555800000001	2.1364	0.07629999999999999	-0.12208	3498164.0	1776545388.10832	0.0	1.0	-1.0	-1.0	-1.0	-1.0	-1.0	-1.0	-1.0	-1.0	0.0	opened-hand	Open	1	calibration_20260418_134934	marker
-73910.06999999999	-36018.494999999995	-108922.05	-19921.815	0.0	0.0	0.0	0.0	0.0	0.0	0.0	0.0	0.0	0.0	0.0	0.0	0.0	0.0	47.103448275862085	0.0	0.007751445	-0.051818715	1.02355695	2.10588	-0.24416	0.19838	3498165.0	1776545388.111913	0.0	1.0	-1.0	-1.0	-1.0	-1.0	-1.0	-1.0	-1.0	-1.0	0.0	opened-hand	Open	1	calibration_20260418_134934	marker
-73848.06	-36021.689999999995	-108856.08	-19847.385	0.0	0.0	0.0	0.0	0.0	0.0	0.0	0.0	0.0	0.0	0.0	0.0	0.0	0.0	47.103448275862085	0.0	0.007751445	-0.051818715	1.02355695	2.10588	-0.24416	0.19838	3498166.0	1776545388.11192	0.0	1.0	-1.0	-1.0	-1.0	-1.0	-1.0	-1.0	-1.0	-1.0	0.0	opened-hand	Open	1	calibration_20260418_134934	marker
-73702.485	-36004.635	-108691.01999999999	-19697.805	0.0	0.0	0.0	0.0	0.0	0.0	0.0	0.0	0.0	0.0	0.0	0.0	0.0	0.0	47.103448275862085	0.0	0.007751445	-0.051818715	1.02355695	2.10588	-0.24416	0.19838	3498167.0	1776545388.117884	0.0	1.0	-1.0	-1.0	-1.0	-1.0	-1.0	-1.0	-1.0	-1.0	0.0	opened-hand	Open	1	calibration_20260418_134934	marker
-73761.75	-35996.67	-108798.48	-19791.989999999998	0.0	0.0	0.0	0.0	0.0	0.0	0.0	0.0	0.0	0.0	0.0	0.0	0.0	0.0	47.103448275862085	0.0	0.007751445	-0.051818715	1.02355695	2.10588	-0.24416	0.19838	3498168.0	1776545388.117899	0.0	1.0	-1.0	-1.0	-1.0	-1.0	-1.0	-1.0	-1.0	-1.0	0.0	opened-hand	Open	1	calibration_20260418_134934	marker
-73739.79	-35982.674999999996	-108805.68	-19799.505	0.0	0.0	0.0	0.0	0.0	0.0	0.0	0.0	0.0	0.0	0.0	0.0	0.0	0.0	47.103448275862085	0.0	0.007751445	-0.051818715	1.02355695	2.10588	-0.24416	0.19838	3498169.0	1776545388.189912	0.0	1.0	-1.0	-1.0	-1.0	-1.0	-1.0	-1.0	-1.0	-1.0	0.0	opened-hand	Open	1	calibration_20260418_134934	marker
-73632.59999999999	-35963.1	-108630.765	-19633.995	0.0	0.0	0.0	0.0	0.0	0.0	0.0	0.0	0.0	0.0	0.0	0.0	0.0	0.0	47.103448275862085	0.0	0.007751445	-0.051818715	1.02355695	2.10588	-0.24416	0.19838	3498170.0	1776545388.189936	0.0	1.0	-1.0	-1.0	-1.0	-1.0	-1.0	-1.0	-1.0	-1.0	0.0	opened-hand	Open	1	calibration_20260418_134934	marker
-73772.37	-35971.965	-108713.295	-19712.565	0.0	0.0	0.0	0.0	0.0	0.0	0.0	0.0	0.0	0.0	0.0	0.0	0.0	0.0	47.103448275862085	0.0	0.007751445	-0.051818715	1.02355695	2.10588	-0.24416	0.19838	3498171.0	1776545388.190008	0.0	1.0	-1.0	-1.0	-1.0	-1.0	-1.0	-1.0	-1.0	-1.0	0.0	opened-hand	Open	1	calibration_20260418_134934	marker
-73803.78	-35983.845	-108765.81	-19764.135	0.0	0.0	0.0	0.0	0.0	0.0	0.0	0.0	0.0	0.0	0.0	0.0	0.0	0.0	47.103448275862085	0.0	0.007751445	-0.051818715	1.02355695	2.10588	-0.24416	0.19838	3498172.0	1776545388.190016	0.0	1.0	-1.0	-1.0	-1.0	-1.0	-1.0	-1.0	-1.0	-1.0	0.0	opened-hand	Open	1	calibration_20260418_134934	marker
-73695.465	-35992.395	-108727.29	-19731.195	0.0	0.0	0.0	0.0	0.0	0.0	0.0	0.0	0.0	0.0	0.0	0.0	0.0	0.0	47.103448275862085	0.0	0.007751445	-0.051818715	1.02355695	2.10588	-0.24416	0.19838	3498173.0	1776545388.19003	0.0	1.0	-1.0	-1.0	-1.0	-1.0	-1.0	-1.0	-1.0	-1.0	0.0	opened-hand	Open	1	calibration_20260418_134934	marker
-73832.44499999999	-36008.595	-108798.65999999999	-19813.995	0.0	0.0	0.0	0.0	0.0	0.0	0.0	0.0	0.0	0.0	0.0	0.0	0.0	0.0	47.103448275862085	0.0	0.007751445	-0.051818715	1.02355695	2.10588	-0.24416	0.19838	3498174.0	1776545388.190038	0.0	1.0	-1.0	-1.0	-1.0	-1.0	-1.0	-1.0	-1.0	-1.0	0.0	opened-hand	Open	1	calibration_20260418_134934	marker
-73824.075	-36008.729999999996	-108836.01	-19835.64	0.0	0.0	0.0	0.0	0.0	0.0	0.0	0.0	0.0	0.0	0.0	0.0	0.0	0.0	47.103448275862085	0.0	0.011535615	-0.052673205	1.01916243	1.6175599999999999	-0.18312	-0.50358	3498175.0	1776545388.190051	0.0	1.0	-1.0	-1.0	-1.0	-1.0	-1.0	-1.0	-1.0	-1.0	0.0	opened-hand	Open	1	calibration_20260418_134934	marker
-73696.23	-35988.39	-108764.28	-19732.77	0.0	0.0	0.0	0.0	0.0	0.0	0.0	0.0	0.0	0.0	0.0	0.0	0.0	0.0	47.103448275862085	0.0	0.011535615	-0.052673205	1.01916243	1.6175599999999999	-0.18312	-0.50358	3498176.0	1776545388.190059	0.0	1.0	-1.0	-1.0	-1.0	-1.0	-1.0	-1.0	-1.0	-1.0	0.0	opened-hand	Open	1	calibration_20260418_134934	marker
-73701.765	-35970.57	-108697.185	-19675.665	0.0	0.0	0.0	0.0	0.0	0.0	0.0	0.0	0.0	0.0	0.0	0.0	0.0	0.0	47.103448275862085	0.0	0.011535615	-0.052673205	1.01916243	1.6175599999999999	-0.18312	-0.50358	3498177.0	1776545388.190069	0.0	1.0	-1.0	-1.0	-1.0	-1.0	-1.0	-1.0	-1.0	-1.0	0.0	opened-hand	Open	1	calibration_20260418_134934	marker
-73675.305	-35951.354999999996	-108547.69499999999	-19525.23	0.0	0.0	0.0	0.0	0.0	0.0	0.0	0.0	0.0	0.0	0.0	0.0	0.0	0.0	47.103448275862085	0.0	0.011535615	-0.052673205	1.01916243	1.6175599999999999	-0.18312	-0.50358	3498178.0	1776545388.190077	0.0	1.0	-1.0	-1.0	-1.0	-1.0	-1.0	-1.0	-1.0	-1.0	0.0	opened-hand	Open	1	calibration_20260418_134934	marker
-73645.065	-35949.06	-108577.26	-19552.59	0.0	0.0	0.0	0.0	0.0	0.0	0.0	0.0	0.0	0.0	0.0	0.0	0.0	0.0	47.103448275862085	0.0	0.011535615	-0.052673205	1.01916243	1.6175599999999999	-0.18312	-0.50358	3498179.0	1776545388.190089	0.0	1.0	-1.0	-1.0	-1.0	-1.0	-1.0	-1.0	-1.0	-1.0	0.0	opened-hand	Open	1	calibration_20260418_134934	marker
-73876.455	-35979.57	-108899.775	-19921.094999999998	0.0	0.0	0.0	0.0	0.0	0.0	0.0	0.0	0.0	0.0	0.0	0.0	0.0	0.0	47.103448275862085	0.0	0.011535615	-0.052673205	1.01916243	1.6175599999999999	-0.18312	-0.50358	3498180.0	1776545388.190097	0.0	1.0	-1.0	-1.0	-1.0	-1.0	-1.0	-1.0	-1.0	-1.0	0.0	opened-hand	Open	1	calibration_20260418_134934	marker
-73848.015	-35992.305	-108825.97499999999	-19842.704999999998	0.0	0.0	0.0	0.0	0.0	0.0	0.0	0.0	0.0	0.0	0.0	0.0	0.0	0.0	47.103448275862085	0.0	0.011535615	-0.052673205	1.01916243	1.6175599999999999	-0.18312	-0.50358	3498181.0	1776545388.19011	0.0	1.0	-1.0	-1.0	-1.0	-1.0	-1.0	-1.0	-1.0	-1.0	0.0	opened-hand	Open	1	calibration_20260418_134934	marker
-73690.965	-35992.979999999996	-108704.83499999999	-19716.704999999998	0.0	0.0	0.0	0.0	0.0	0.0	0.0	0.0	0.0	0.0	0.0	0.0	0.0	0.0	47.103448275862085	0.0	0.011535615	-0.052673205	1.01916243	1.6175599999999999	-0.18312	-0.50358	3498182.0	1776545388.190118	0.0	1.0	-1.0	-1.0	-1.0	-1.0	-1.0	-1.0	-1.0	-1.0	0.0	opened-hand	Open	1	calibration_20260418_134934	marker
-73769.895	-36001.665	-108776.97	-19810.53	0.0	0.0	0.0	0.0	0.0	0.0	0.0	0.0	0.0	0.0	0.0	0.0	0.0	0.0	47.103448275862085	0.0	0.011535615	-0.052673205	1.01916243	1.6175599999999999	-0.18312	-0.50358	3498183.0	1776545388.190129	0.0	1.0	-1.0	-1.0	-1.0	-1.0	-1.0	-1.0	-1.0	-1.0	0.0	opened-hand	Open	1	calibration_20260418_134934	marker
-73763.685	-35998.47	-108832.635	-19801.53	0.0	0.0	0.0	0.0	0.0	0.0	0.0	0.0	0.0	0.0	0.0	0.0	0.0	0.0	47.103448275862085	0.0	0.011535615	-0.052673205	1.01916243	1.6175599999999999	-0.18312	-0.50358	3498184.0	1776545388.190136	0.0	1.0	-1.0	-1.0	-1.0	-1.0	-1.0	-1.0	-1.0	-1.0	0.0	opened-hand	Open	1	calibration_20260418_134934	marker
-73636.155	-35979.975	-108740.11499999999	-19682.82	0.0	0.0	0.0	0.0	0.0	0.0	0.0	0.0	0.0	0.0	0.0	0.0	0.0	0.0	47.103448275862085	0.0	0.011657685000000001	-0.060241545	1.016293785	3.0825199999999997	0.21364	-0.06104	3498185.0	1776545388.190149	0.0	1.0	-1.0	-1.0	-1.0	-1.0	-1.0	-1.0	-1.0	-1.0	0.0	opened-hand	Open	1	calibration_20260418_134934	marker
-73594.935	-35962.875	-108672.03	-19650.239999999998	0.0	0.0	0.0	0.0	0.0	0.0	0.0	0.0	0.0	0.0	0.0	0.0	0.0	0.0	47.103448275862085	0.0	0.011657685000000001	-0.060241545	1.016293785	3.0825199999999997	0.21364	-0.06104	3498186.0	1776545388.190156	0.0	1.0	-1.0	-1.0	-1.0	-1.0	-1.0	-1.0	-1.0	-1.0	0.0	opened-hand	Open	1	calibration_20260418_134934	marker
-73686.555	-35960.085	-108757.215	-19716.3	0.0	0.0	0.0	0.0	0.0	0.0	0.0	0.0	0.0	0.0	0.0	0.0	0.0	0.0	47.103448275862085	0.0	0.011657685000000001	-0.060241545	1.016293785	3.0825199999999997	0.21364	-0.06104	3498187.0	1776545388.190169	0.0	1.0	-1.0	-1.0	-1.0	-1.0	-1.0	-1.0	-1.0	-1.0	0.0	opened-hand	Open	1	calibration_20260418_134934	marker
-73784.34	-35969.805	-108793.75499999999	-19767.239999999998	0.0	0.0	0.0	0.0	0.0	0.0	0.0	0.0	0.0	0.0	0.0	0.0	0.0	0.0	47.103448275862085	0.0	0.011657685000000001	-0.060241545	1.016293785	3.0825199999999997	0.21364	-0.06104	3498188.0	1776545388.190176	0.0	1.0	-1.0	-1.0	-1.0	-1.0	-1.0	-1.0	-1.0	-1.0	0.0	opened-hand	Open	1	calibration_20260418_134934	marker
-73829.205	-35986.77	-108818.09999999999	-19801.035	0.0	0.0	0.0	0.0	0.0	0.0	0.0	0.0	0.0	0.0	0.0	0.0	0.0	0.0	47.103448275862085	0.0	0.011657685000000001	-0.060241545	1.016293785	3.0825199999999997	0.21364	-0.06104	3498189.0	1776545388.190187	0.0	1.0	-1.0	-1.0	-1.0	-1.0	-1.0	-1.0	-1.0	-1.0	0.0	opened-hand	Open	1	calibration_20260418_134934	marker
-73846.8	-36006.299999999996	-108840.78	-19847.79	0.0	0.0	0.0	0.0	0.0	0.0	0.0	0.0	0.0	0.0	0.0	0.0	0.0	0.0	47.103448275862085	0.0	0.011657685000000001	-0.060241545	1.016293785	3.0825199999999997	0.21364	-0.06104	3498190.0	1776545388.190195	0.0	1.0	-1.0	-1.0	-1.0	-1.0	-1.0	-1.0	-1.0	-1.0	0.0	opened-hand	Open	1	calibration_20260418_134934	marker
-73604.52	-35998.155	-108601.065	-19608.84	0.0	0.0	0.0	0.0	0.0	0.0	0.0	0.0	0.0	0.0	0.0	0.0	0.0	0.0	47.103448275862085	0.0	0.011657685000000001	-0.060241545	1.016293785	3.0825199999999997	0.21364	-0.06104	3498191.0	1776545388.190205	0.0	1.0	-1.0	-1.0	-1.0	-1.0	-1.0	-1.0	-1.0	-1.0	0.0	opened-hand	Open	1	calibration_20260418_134934	marker
-73715.04	-35997.705	-108697.815	-19671.93	0.0	0.0	0.0	0.0	0.0	0.0	0.0	0.0	0.0	0.0	0.0	0.0	0.0	0.0	47.103448275862085	0.0	0.011657685000000001	-0.060241545	1.016293785	3.0825199999999997	0.21364	-0.06104	3498192.0	1776545388.190212	0.0	1.0	-1.0	-1.0	-1.0	-1.0	-1.0	-1.0	-1.0	-1.0	0.0	opened-hand	Open	1	calibration_20260418_134934	marker
-73801.395	-35991.045	-108841.455	-19807.335	0.0	0.0	0.0	0.0	0.0	0.0	0.0	0.0	0.0	0.0	0.0	0.0	0.0	0.0	47.103448275862085	0.0	0.011657685000000001	-0.060241545	1.016293785	3.0825199999999997	0.21364	-0.06104	3498193.0	1776545388.190223	0.0	1.0	-1.0	-1.0	-1.0	-1.0	-1.0	-1.0	-1.0	-1.0	0.0	opened-hand	Open	1	calibration_20260418_134934	marker
-73875.915	-35980.38	-108898.01999999999	-19839.285	0.0	0.0	0.0	0.0	0.0	0.0	0.0	0.0	0.0	0.0	0.0	0.0	0.0	0.0	47.103448275862085	0.0	0.011657685000000001	-0.060241545	1.016293785	3.0825199999999997	0.21364	-0.06104	3498194.0	1776545388.19023	0.0	1.0	-1.0	-1.0	-1.0	-1.0	-1.0	-1.0	-1.0	-1.0	0.0	opened-hand	Open	1	calibration_20260418_134934	marker
-73761.48	-35966.79	-108841.095	-19809.765	0.0	0.0	0.0	0.0	0.0	0.0	0.0	0.0	0.0	0.0	0.0	0.0	0.0	0.0	47.103448275862085	0.0	0.009094215000000001	-0.066833325	1.017392415	4.4711799999999995	0.8392999999999999	-1.58704	3498195.0	1776545388.190241	0.0	1.0	-1.0	-1.0	-1.0	-1.0	-1.0	-1.0	-1.0	-1.0	0.0	opened-hand	Open	1	calibration_20260418_134934	marker
-73597.5	-35959.275	-108676.305	-19677.375	0.0	0.0	0.0	0.0	0.0	0.0	0.0	0.0	0.0	0.0	0.0	0.0	0.0	0.0	47.103448275862085	0.0	0.009094215000000001	-0.066833325	1.017392415	4.4711799999999995	0.8392999999999999	-1.58704	3498196.0	1776545388.190248	0.0	1.0	-1.0	-1.0	-1.0	-1.0	-1.0	-1.0	-1.0	-1.0	0.0	opened-hand	Open	1	calibration_20260418_134934	marker
-73575.765	-35965.619999999995	-108565.425	-19546.38	0.0	0.0	0.0	0.0	0.0	0.0	0.0	0.0	0.0	0.0	0.0	0.0	0.0	0.0	47.103448275862085	0.0	0.009094215000000001	-0.066833325	1.017392415	4.4711799999999995	0.8392999999999999	-1.58704	3498197.0	1776545388.190258	0.0	1.0	-1.0	-1.0	-1.0	-1.0	-1.0	-1.0	-1.0	-1.0	0.0	opened-hand	Open	1	calibration_20260418_134934	marker
-73736.50499999999	-35988.345	-108705.23999999999	-19654.515	0.0	0.0	0.0	0.0	0.0	0.0	0.0	0.0	0.0	0.0	0.0	0.0	0.0	0.0	47.103448275862085	0.0	0.009094215000000001	-0.066833325	1.017392415	4.4711799999999995	0.8392999999999999	-1.58704	3498198.0	1776545388.190265	0.0	1.0	-1.0	-1.0	-1.0	-1.0	-1.0	-1.0	-1.0	-1.0	0.0	opened-hand	Open	1	calibration_20260418_134934	marker
-73876.275	-36008.775	-108888.03	-19828.62	0.0	0.0	0.0	0.0	0.0	0.0	0.0	0.0	0.0	0.0	0.0	0.0	0.0	0.0	47.103448275862085	0.0	0.009094215000000001	-0.066833325	1.017392415	4.4711799999999995	0.8392999999999999	-1.58704	3498199.0	1776545388.190275	0.0	1.0	-1.0	-1.0	-1.0	-1.0	-1.0	-1.0	-1.0	-1.0	0.0	opened-hand	Open	1	calibration_20260418_134934	marker
-73916.45999999999	-36011.43	-108946.26	-19954.26	0.0	0.0	0.0	0.0	0.0	0.0	0.0	0.0	0.0	0.0	0.0	0.0	0.0	0.0	47.103448275862085	0.0	0.009094215000000001	-0.066833325	1.017392415	4.4711799999999995	0.8392999999999999	-1.58704	3498200.0	1776545388.190282	0.0	1.0	-1.0	-1.0	-1.0	-1.0	-1.0	-1.0	-1.0	-1.0	0.0	opened-hand	Open	1	calibration_20260418_134934	marker
-73866.51	-35996.85	-108904.95	-19898.055	0.0	0.0	0.0	0.0	0.0	0.0	0.0	0.0	0.0	0.0	0.0	0.0	0.0	0.0	47.103448275862085	0.0	0.009094215000000001	-0.066833325	1.017392415	4.4711799999999995	0.8392999999999999	-1.58704	3498201.0	1776545388.190291	0.0	1.0	-1.0	-1.0	-1.0	-1.0	-1.0	-1.0	-1.0	-1.0	0.0	opened-hand	Open	1	calibration_20260418_134934	marker
-73610.55	-35967.869999999995	-108744.12	-19670.625	0.0	0.0	0.0	0.0	0.0	0.0	0.0	0.0	0.0	0.0	0.0	0.0	0.0	0.0	47.103448275862085	0.0	0.009094215000000001	-0.066833325	1.017392415	4.4711799999999995	0.8392999999999999	-1.58704	3498202.0	1776545388.190299	0.0	1.0	-1.0	-1.0	-1.0	-1.0	-1.0	-1.0	-1.0	-1.0	0.0	opened-hand	Open	1	calibration_20260418_134934	marker
-73492.785	-35947.17	-108596.15999999999	-19562.535	0.0	0.0	0.0	0.0	0.0	0.0	0.0	0.0	0.0	0.0	0.0	0.0	0.0	0.0	47.103448275862085	0.0	0.009094215000000001	-0.066833325	1.017392415	4.4711799999999995	0.8392999999999999	-1.58704	3498203.0	1776545388.193036	0.0	1.0	-1.0	-1.0	-1.0	-1.0	-1.0	-1.0	-1.0	-1.0	0.0	opened-hand	Open	1	calibration_20260418_134934	marker
-73585.70999999999	-35947.395	-108628.515	-19589.445	0.0	0.0	0.0	0.0	0.0	0.0	0.0	0.0	0.0	0.0	0.0	0.0	0.0	0.0	47.103448275862085	0.0	0.009094215000000001	-0.066833325	1.017392415	4.4711799999999995	0.8392999999999999	-1.58704	3498204.0	1776545388.193071	0.0	1.0	-1.0	-1.0	-1.0	-1.0	-1.0	-1.0	-1.0	-1.0	0.0	opened-hand	Open	1	calibration_20260418_134934	marker
-73671.165	-35958.33	-108671.265	-19620.585	0.0	0.0	0.0	0.0	0.0	0.0	0.0	0.0	0.0	0.0	0.0	0.0	0.0	0.0	47.103448275862085	0.0	0.008117655	-0.061035	1.01989485	4.37962	0.763	-0.79352	3498205.0	1776545388.193109	0.0	1.0	-1.0	-1.0	-1.0	-1.0	-1.0	-1.0	-1.0	-1.0	0.0	opened-hand	Open	1	calibration_20260418_134934	marker
-73819.395	-35976.869999999995	-108795.06	-19725.48	0.0	0.0	0.0	0.0	0.0	0.0	0.0	0.0	0.0	0.0	0.0	0.0	0.0	0.0	47.103448275862085	0.0	0.008117655	-0.061035	1.01989485	4.37962	0.763	-0.79352	3498206.0	1776545388.193126	0.0	1.0	-1.0	-1.0	-1.0	-1.0	-1.0	-1.0	-1.0	-1.0	0.0	opened-hand	Open	1	calibration_20260418_134934	marker
-73835.37	-35987.58	-108911.97	-19846.26	0.0	0.0	0.0	0.0	0.0	0.0	0.0	0.0	0.0	0.0	0.0	0.0	0.0	0.0	47.103448275862085	0.0	0.008117655	-0.061035	1.01989485	4.37962	0.763	-0.79352	3498207.0	1776545388.196311	0.0	1.0	-1.0	-1.0	-1.0	-1.0	-1.0	-1.0	-1.0	-1.0	0.0	opened-hand	Open	1	calibration_20260418_134934	marker
-73774.44	-35983.17	-108846.98999999999	-19792.035	0.0	0.0	0.0	0.0	0.0	0.0	0.0	0.0	0.0	0.0	0.0	0.0	0.0	0.0	47.103448275862085	0.0	0.008117655	-0.061035	1.01989485	4.37962	0.763	-0.79352	3498208.0	1776545388.196327	0.0	1.0	-1.0	-1.0	-1.0	-1.0	-1.0	-1.0	-1.0	-1.0	0.0	opened-hand	Open	1	calibration_20260418_134934	marker
-73807.65	-35974.53	-108855.94499999999	-19830.239999999998	0.0	0.0	0.0	0.0	0.0	0.0	0.0	0.0	0.0	0.0	0.0	0.0	0.0	0.0	47.103448275862085	0.0	0.008117655	-0.061035	1.01989485	4.37962	0.763	-0.79352	3498209.0	1776545388.413266	0.0	1.0	-1.0	-1.0	-1.0	-1.0	-1.0	-1.0	-1.0	-1.0	0.0	opened-hand	Open	1	calibration_20260418_134934	marker
-73802.43	-35961.119999999995	-108887.22	-19861.245	0.0	0.0	0.0	0.0	0.0	0.0	0.0	0.0	0.0	0.0	0.0	0.0	0.0	0.0	47.103448275862085	0.0	0.008117655	-0.061035	1.01989485	4.37962	0.763	-0.79352	3498210.0	1776545388.413329	0.0	1.0	-1.0	-1.0	-1.0	-1.0	-1.0	-1.0	-1.0	-1.0	0.0	opened-hand	Open	1	calibration_20260418_134934	marker
-73756.89	-35946.18	-108840.015	-19837.665	0.0	0.0	0.0	0.0	0.0	0.0	0.0	0.0	0.0	0.0	0.0	0.0	0.0	0.0	47.103448275862085	0.0	0.008117655	-0.061035	1.01989485	4.37962	0.763	-0.79352	3498211.0	1776545388.413418	0.0	1.0	-1.0	-1.0	-1.0	-1.0	-1.0	-1.0	-1.0	-1.0	0.0	opened-hand	Open	1	calibration_20260418_134934	marker
-73631.97	-35928.135	-108634.545	-19657.17	0.0	0.0	0.0	0.0	0.0	0.0	0.0	0.0	0.0	0.0	0.0	0.0	0.0	0.0	47.103448275862085	0.0	0.008117655	-0.061035	1.01989485	4.37962	0.763	-0.79352	3498212.0	1776545388.41343	0.0	1.0	-1.0	-1.0	-1.0	-1.0	-1.0	-1.0	-1.0	-1.0	0.0	opened-hand	Open	1	calibration_20260418_134934	marker
-73651.815	-35933.76	-108646.01999999999	-19590.795	0.0	0.0	0.0	0.0	0.0	0.0	0.0	0.0	0.0	0.0	0.0	0.0	0.0	0.0	47.103448275862085	0.0	0.008117655	-0.061035	1.01989485	4.37962	0.763	-0.79352	3498213.0	1776545388.413493	0.0	1.0	-1.0	-1.0	-1.0	-1.0	-1.0	-1.0	-1.0	-1.0	0.0	opened-hand	Open	1	calibration_20260418_134934	marker
-73558.395	-35939.205	-108605.745	-19515.059999999998	0.0	0.0	0.0	0.0	0.0	0.0	0.0	0.0	0.0	0.0	0.0	0.0	0.0	0.0	47.103448275862085	0.0	0.008117655	-0.061035	1.01989485	4.37962	0.763	-0.79352	3498214.0	1776545388.413501	0.0	1.0	-1.0	-1.0	-1.0	-1.0	-1.0	-1.0	-1.0	-1.0	0.0	opened-hand	Open	1	calibration_20260418_134934	marker
-73760.44499999999	-35963.82	-108814.095	-19777.68	0.0	0.0	0.0	0.0	0.0	0.0	0.0	0.0	0.0	0.0	0.0	0.0	0.0	0.0	47.103448275862085	0.0	0.007507305	-0.0524901	1.02111555	3.38772	0.15259999999999999	-1.19028	3498215.0	1776545388.413519	0.0	1.0	-1.0	-1.0	-1.0	-1.0	-1.0	-1.0	-1.0	-1.0	0.0	opened-hand	Open	1	calibration_20260418_134934	marker
-73834.965	-35973.494999999995	-108836.01	-19783.98	0.0	0.0	0.0	0.0	0.0	0.0	0.0	0.0	0.0	0.0	0.0	0.0	0.0	0.0	47.103448275862085	0.0	0.007507305	-0.0524901	1.02111555	3.38772	0.15259999999999999	-1.19028	3498216.0	1776545388.413535	0.0	1.0	-1.0	-1.0	-1.0	-1.0	-1.0	-1.0	-1.0	-1.0	0.0	opened-hand	Open	1	calibration_20260418_134934	marker
-73942.56	-35972.415	-108950.67	-19842.12	0.0	0.0	0.0	0.0	0.0	0.0	0.0	0.0	0.0	0.0	0.0	0.0	0.0	0.0	47.103448275862085	0.0	0.007507305	-0.0524901	1.02111555	3.38772	0.15259999999999999	-1.19028	3498217.0	1776545388.413549	0.0	1.0	-1.0	-1.0	-1.0	-1.0	-1.0	-1.0	-1.0	-1.0	0.0	opened-hand	Open	1	calibration_20260418_134934	marker
-74013.97499999999	-35966.61	-109060.83	-20010.825	0.0	0.0	0.0	0.0	0.0	0.0	0.0	0.0	0.0	0.0	0.0	0.0	0.0	0.0	47.103448275862085	0.0	0.007507305	-0.0524901	1.02111555	3.38772	0.15259999999999999	-1.19028	3498218.0	1776545388.413612	0.0	1.0	-1.0	-1.0	-1.0	-1.0	-1.0	-1.0	-1.0	-1.0	0.0	opened-hand	Open	1	calibration_20260418_134934	marker
-73758.645	-35939.744999999995	-108840.69	-19820.79	0.0	0.0	0.0	0.0	0.0	0.0	0.0	0.0	0.0	0.0	0.0	0.0	0.0	0.0	47.103448275862085	0.0	0.007507305	-0.0524901	1.02111555	3.38772	0.15259999999999999	-1.19028	3498219.0	1776545388.413652	0.0	1.0	-1.0	-1.0	-1.0	-1.0	-1.0	-1.0	-1.0	-1.0	0.0	opened-hand	Open	1	calibration_20260418_134934	marker
-73718.19	-35933.04	-108804.69	-19750.005	0.0	0.0	0.0	0.0	0.0	0.0	0.0	0.0	0.0	0.0	0.0	0.0	0.0	0.0	47.103448275862085	0.0	0.007507305	-0.0524901	1.02111555	3.38772	0.15259999999999999	-1.19028	3498220.0	1776545388.413664	0.0	1.0	-1.0	-1.0	-1.0	-1.0	-1.0	-1.0	-1.0	-1.0	0.0	opened-hand	Open	1	calibration_20260418_134934	marker
-73688.355	-35939.52	-108845.90999999999	-19770.165	0.0	0.0	0.0	0.0	0.0	0.0	0.0	0.0	0.0	0.0	0.0	0.0	0.0	0.0	47.103448275862085	0.0	0.007507305	-0.0524901	1.02111555	3.38772	0.15259999999999999	-1.19028	3498221.0	1776545388.413681	0.0	1.0	-1.0	-1.0	-1.0	-1.0	-1.0	-1.0	-1.0	-1.0	0.0	opened-hand	Open	1	calibration_20260418_134934	marker
-73805.48999999999	-35956.665	-108905.355	-19837.844999999998	0.0	0.0	0.0	0.0	0.0	0.0	0.0	0.0	0.0	0.0	0.0	0.0	0.0	0.0	47.103448275862085	0.0	0.007507305	-0.0524901	1.02111555	3.38772	0.15259999999999999	-1.19028	3498222.0	1776545388.413689	0.0	1.0	-1.0	-1.0	-1.0	-1.0	-1.0	-1.0	-1.0	-1.0	0.0	opened-hand	Open	1	calibration_20260418_134934	marker
-73830.645	-35969.4	-108841.76999999999	-19787.94	0.0	0.0	0.0	0.0	0.0	0.0	0.0	0.0	0.0	0.0	0.0	0.0	0.0	0.0	47.103448275862085	0.0	0.007507305	-0.0524901	1.02111555	3.38772	0.15259999999999999	-1.19028	3498223.0	1776545388.413701	0.0	1.0	-1.0	-1.0	-1.0	-1.0	-1.0	-1.0	-1.0	-1.0	0.0	opened-hand	Open	1	calibration_20260418_134934	marker
-73707.165	-35972.505	-108701.86499999999	-19655.684999999998	0.0	0.0	0.0	0.0	0.0	0.0	0.0	0.0	0.0	0.0	0.0	0.0	0.0	0.0	47.103448275862085	0.0	0.007507305	-0.0524901	1.02111555	3.38772	0.15259999999999999	-1.19028	3498224.0	1776545388.413709	0.0	1.0	-1.0	-1.0	-1.0	-1.0	-1.0	-1.0	-1.0	-1.0	0.0	opened-hand	Open	1	calibration_20260418_134934	marker
-73638.855	-35968.77	-108664.965	-19598.67	0.0	0.0	0.0	0.0	0.0	0.0	0.0	0.0	0.0	0.0	0.0	0.0	0.0	0.0	47.103448275862085	0.0	0.009338355	-0.04846179	1.02026106	1.9227599999999998	0.21364	-0.56462	3498225.0	1776545388.41372	0.0	1.0	-1.0	-1.0	-1.0	-1.0	-1.0	-1.0	-1.0	-1.0	0.0	opened-hand	Open	1	calibration_20260418_134934	marker
-73647.045	-35957.52	-108736.65	-19626.84	0.0	0.0	0.0	0.0	0.0	0.0	0.0	0.0	0.0	0.0	0.0	0.0	0.0	0.0	47.103448275862085	0.0	0.009338355	-0.04846179	1.02026106	1.9227599999999998	0.21364	-0.56462	3498226.0	1776545388.413728	0.0	1.0	-1.0	-1.0	-1.0	-1.0	-1.0	-1.0	-1.0	-1.0	0.0	opened-hand	Open	1	calibration_20260418_134934	marker
-73795.14	-35952.299999999996	-108906.25499999999	-19826.28	0.0	0.0	0.0	0.0	0.0	0.0	0.0	0.0	0.0	0.0	0.0	0.0	0.0	0.0	47.103448275862085	0.0	0.009338355	-0.04846179	1.02026106	1.9227599999999998	0.21364	-0.56462	3498227.0	1776545388.413739	0.0	1.0	-1.0	-1.0	-1.0	-1.0	-1.0	-1.0	-1.0	-1.0	0.0	opened-hand	Open	1	calibration_20260418_134934	marker
-73735.92	-35940.015	-108873.22499999999	-19825.29	0.0	0.0	0.0	0.0	0.0	0.0	0.0	0.0	0.0	0.0	0.0	0.0	0.0	0.0	47.103448275862085	0.0	0.009338355	-0.04846179	1.02026106	1.9227599999999998	0.21364	-0.56462	3498228.0	1776545388.413746	0.0	1.0	-1.0	-1.0	-1.0	-1.0	-1.0	-1.0	-1.0	-1.0	0.0	opened-hand	Open	1	calibration_20260418_134934	marker
-73619.955	-35930.159999999996	-108746.37	-19667.88	0.0	0.0	0.0	0.0	0.0	0.0	0.0	0.0	0.0	0.0	0.0	0.0	0.0	0.0	47.103448275862085	0.0	0.009338355	-0.04846179	1.02026106	1.9227599999999998	0.21364	-0.56462	3498229.0	1776545388.413757	0.0	1.0	-1.0	-1.0	-1.0	-1.0	-1.0	-1.0	-1.0	-1.0	0.0	opened-hand	Open	1	calibration_20260418_134934	marker
-73700.81999999999	-35940.78	-108751.23	-19655.64	0.0	0.0	0.0	0.0	0.0	0.0	0.0	0.0	0.0	0.0	0.0	0.0	0.0	0.0	47.103448275862085	0.0	0.009338355	-0.04846179	1.02026106	1.9227599999999998	0.21364	-0.56462	3498230.0	1776545388.413765	0.0	1.0	-1.0	-1.0	-1.0	-1.0	-1.0	-1.0	-1.0	-1.0	0.0	opened-hand	Open	1	calibration_20260418_134934	marker
-73714.77	-35955.314999999995	-108750.015	-19664.505	0.0	0.0	0.0	0.0	0.0	0.0	0.0	0.0	0.0	0.0	0.0	0.0	0.0	0.0	47.103448275862085	0.0	0.009338355	-0.04846179	1.02026106	1.9227599999999998	0.21364	-0.56462	3498231.0	1776545388.413776	0.0	1.0	-1.0	-1.0	-1.0	-1.0	-1.0	-1.0	-1.0	-1.0	0.0	opened-hand	Open	1	calibration_20260418_134934	marker
-73751.04	-35971.83	-108836.19	-19770.344999999998	0.0	0.0	0.0	0.0	0.0	0.0	0.0	0.0	0.0	0.0	0.0	0.0	0.0	0.0	47.103448275862085	0.0	0.009338355	-0.04846179	1.02026106	1.9227599999999998	0.21364	-0.56462	3498232.0	1776545388.413783	0.0	1.0	-1.0	-1.0	-1.0	-1.0	-1.0	-1.0	-1.0	-1.0	0.0	opened-hand	Open	1	calibration_20260418_134934	marker
-73904.04	-35983.17	-108989.64	-19910.43	0.0	0.0	0.0	0.0	0.0	0.0	0.0	0.0	0.0	0.0	0.0	0.0	0.0	0.0	47.103448275862085	0.0	0.009338355	-0.04846179	1.02026106	1.9227599999999998	0.21364	-0.56462	3498233.0	1776545388.413794	0.0	1.0	-1.0	-1.0	-1.0	-1.0	-1.0	-1.0	-1.0	-1.0	0.0	opened-hand	Open	1	calibration_20260418_134934	marker
-73830.555	-35966.34	-108880.065	-19797.524999999998	0.0	0.0	0.0	0.0	0.0	0.0	0.0	0.0	0.0	0.0	0.0	0.0	0.0	0.0	47.103448275862085	0.0	0.009338355	-0.04846179	1.02026106	1.9227599999999998	0.21364	-0.56462	3498234.0	1776545388.413801	0.0	1.0	-1.0	-1.0	-1.0	-1.0	-1.0	-1.0	-1.0	-1.0	0.0	opened-hand	Open	1	calibration_20260418_134934	marker
-73805.44499999999	-35950.455	-108889.29	-19813.364999999998	0.0	0.0	0.0	0.0	0.0	0.0	0.0	0.0	0.0	0.0	0.0	0.0	0.0	0.0	47.103448275862085	0.0	0.009094215000000001	-0.04650867	1.02404523	1.17502	-0.10682	-0.07629999999999999	3498235.0	1776545388.413811	0.0	1.0	-1.0	-1.0	-1.0	-1.0	-1.0	-1.0	-1.0	-1.0	0.0	opened-hand	Open	1	calibration_20260418_134934	marker
-73688.805	-35934.615	-108825.03	-19755.405	0.0	0.0	0.0	0.0	0.0	0.0	0.0	0.0	0.0	0.0	0.0	0.0	0.0	0.0	47.103448275862085	0.0	0.009094215000000001	-0.04650867	1.02404523	1.17502	-0.10682	-0.07629999999999999	3498236.0	1776545388.413819	0.0	1.0	-1.0	-1.0	-1.0	-1.0	-1.0	-1.0	-1.0	-1.0	0.0	opened-hand	Open	1	calibration_20260418_134934	marker
-73621.08	-35925.659999999996	-108635.22	-19552.14	0.0	0.0	0.0	0.0	0.0	0.0	0.0	0.0	0.0	0.0	0.0	0.0	0.0	0.0	47.103448275862085	0.0	0.009094215000000001	-0.04650867	1.02404523	1.17502	-0.10682	-0.07629999999999999	3498237.0	1776545388.413828	0.0	1.0	-1.0	-1.0	-1.0	-1.0	-1.0	-1.0	-1.0	-1.0	0.0	opened-hand	Open	1	calibration_20260418_134934	marker
-73684.17	-35941.635	-108720.54	-19634.625	0.0	0.0	0.0	0.0	0.0	0.0	0.0	0.0	0.0	0.0	0.0	0.0	0.0	0.0	47.103448275862085	0.0	0.009094215000000001	-0.04650867	1.02404523	1.17502	-0.10682	-0.07629999999999999	3498238.0	1776545388.413836	0.0	1.0	-1.0	-1.0	-1.0	-1.0	-1.0	-1.0	-1.0	-1.0	0.0	opened-hand	Open	1	calibration_20260418_134934	marker
-73783.665	-35967.195	-108899.955	-19806.704999999998	0.0	0.0	0.0	0.0	0.0	0.0	0.0	0.0	0.0	0.0	0.0	0.0	0.0	0.0	47.103448275862085	0.0	0.009094215000000001	-0.04650867	1.02404523	1.17502	-0.10682	-0.07629999999999999	3498239.0	1776545388.413846	0.0	1.0	-1.0	-1.0	-1.0	-1.0	-1.0	-1.0	-1.0	-1.0	0.0	opened-hand	Open	1	calibration_20260418_134934	marker
-73873.53	-35987.49	-108982.17	-19901.16	0.0	0.0	0.0	0.0	0.0	0.0	0.0	0.0	0.0	0.0	0.0	0.0	0.0	0.0	47.103448275862085	0.0	0.009094215000000001	-0.04650867	1.02404523	1.17502	-0.10682	-0.07629999999999999	3498240.0	1776545388.413854	0.0	1.0	-1.0	-1.0	-1.0	-1.0	-1.0	-1.0	-1.0	-1.0	0.0	opened-hand	Open	1	calibration_20260418_134934	marker
-73841.265	-35990.64	-108887.44499999999	-19806.344999999998	0.0	0.0	0.0	0.0	0.0	0.0	0.0	0.0	0.0	0.0	0.0	0.0	0.0	0.0	47.103448275862085	0.0	0.009094215000000001	-0.04650867	1.02404523	1.17502	-0.10682	-0.07629999999999999	3498241.0	1776545388.413864	0.0	1.0	-1.0	-1.0	-1.0	-1.0	-1.0	-1.0	-1.0	-1.0	0.0	opened-hand	Open	1	calibration_20260418_134934	marker
-73773.045	-35980.74	-108834.48	-19726.829999999998	0.0	0.0	0.0	0.0	0.0	0.0	0.0	0.0	0.0	0.0	0.0	0.0	0.0	0.0	47.103448275862085	0.0	0.009094215000000001	-0.04650867	1.02404523	1.17502	-0.10682	-0.07629999999999999	3498242.0	1776545388.413871	0.0	1.0	-1.0	-1.0	-1.0	-1.0	-1.0	-1.0	-1.0	-1.0	0.0	opened-hand	Open	1	calibration_20260418_134934	marker
-73672.515	-35963.595	-108824.08499999999	-19716.795	0.0	0.0	0.0	0.0	0.0	0.0	0.0	0.0	0.0	0.0	0.0	0.0	0.0	0.0	47.103448275862085	0.0	0.009094215000000001	-0.04650867	1.02404523	1.17502	-0.10682	-0.07629999999999999	3498243.0	1776545388.413881	0.0	1.0	-1.0	-1.0	-1.0	-1.0	-1.0	-1.0	-1.0	-1.0	0.0	opened-hand	Open	1	calibration_20260418_134934	marker
-73663.425	-35950.68	-108814.68	-19720.53	0.0	0.0	0.0	0.0	0.0	0.0	0.0	0.0	0.0	0.0	0.0	0.0	0.0	0.0	47.103448275862085	0.0	0.009094215000000001	-0.04650867	1.02404523	1.17502	-0.10682	-0.07629999999999999	3498244.0	1776545388.413889	0.0	1.0	-1.0	-1.0	-1.0	-1.0	-1.0	-1.0	-1.0	-1.0	0.0	opened-hand	Open	1	calibration_20260418_134934	marker
-73579.72499999999	-35936.325	-108660.015	-19564.739999999998	0.0	0.0	0.0	0.0	0.0	0.0	0.0	0.0	0.0	0.0	0.0	0.0	0.0	0.0	47.103448275862085	0.0	0.009338355	-0.04968249	1.018979325	0.9308599999999999	-0.18312	0.03052	3498245.0	1776545388.413901	0.0	1.0	-1.0	-1.0	-1.0	-1.0	-1.0	-1.0	-1.0	-1.0	0.0	opened-hand	Open	1	calibration_20260418_134934	marker
-73788.75	-35952.84	-108875.83499999999	-19825.739999999998	0.0	0.0	0.0	0.0	0.0	0.0	0.0	0.0	0.0	0.0	0.0	0.0	0.0	0.0	47.103448275862085	0.0	0.009338355	-0.04968249	1.018979325	0.9308599999999999	-0.18312	0.03052	3498246.0	1776545388.413909	0.0	1.0	-1.0	-1.0	-1.0	-1.0	-1.0	-1.0	-1.0	-1.0	0.0	opened-hand	Open	1	calibration_20260418_134934	marker
-73781.55	-35964.045	-108882.98999999999	-19807.875	0.0	0.0	0.0	0.0	0.0	0.0	0.0	0.0	0.0	0.0	0.0	0.0	0.0	0.0	47.103448275862085	0.0	0.009338355	-0.04968249	1.018979325	0.9308599999999999	-0.18312	0.03052	3498247.0	1776545388.413923	0.0	1.0	-1.0	-1.0	-1.0	-1.0	-1.0	-1.0	-1.0	-1.0	0.0	opened-hand	Open	1	calibration_20260418_134934	marker
-73759.59	-35973.314999999995	-108861.3	-19743.48	0.0	0.0	0.0	0.0	0.0	0.0	0.0	0.0	0.0	0.0	0.0	0.0	0.0	0.0	47.103448275862085	0.0	0.009338355	-0.04968249	1.018979325	0.9308599999999999	-0.18312	0.03052	3498248.0	1776545388.41393	0.0	1.0	-1.0	-1.0	-1.0	-1.0	-1.0	-1.0	-1.0	-1.0	0.0	opened-hand	Open	1	calibration_20260418_134934	marker
-73842.12	-35985.375	-108940.455	-19834.29	0.0	0.0	0.0	0.0	0.0	0.0	0.0	0.0	0.0	0.0	0.0	0.0	0.0	0.0	47.103448275862085	0.0	0.009338355	-0.04968249	1.018979325	0.9308599999999999	-0.18312	0.03052	3498249.0	1776545388.41394	0.0	1.0	-1.0	-1.0	-1.0	-1.0	-1.0	-1.0	-1.0	-1.0	0.0	opened-hand	Open	1	calibration_20260418_134934	marker
-73792.845	-35980.424999999996	-108900.9	-19799.954999999998	0.0	0.0	0.0	0.0	0.0	0.0	0.0	0.0	0.0	0.0	0.0	0.0	0.0	0.0	47.103448275862085	0.0	0.009338355	-0.04968249	1.018979325	0.9308599999999999	-0.18312	0.03052	3498250.0	1776545388.413949	0.0	1.0	-1.0	-1.0	-1.0	-1.0	-1.0	-1.0	-1.0	-1.0	0.0	opened-hand	Open	1	calibration_20260418_134934	marker
-73792.44	-35970.345	-108903.51	-19803.42	0.0	0.0	0.0	0.0	0.0	0.0	0.0	0.0	0.0	0.0	0.0	0.0	0.0	0.0	47.103448275862085	0.0	0.009338355	-0.04968249	1.018979325	0.9308599999999999	-0.18312	0.03052	3498251.0	1776545388.413962	0.0	1.0	-1.0	-1.0	-1.0	-1.0	-1.0	-1.0	-1.0	-1.0	0.0	opened-hand	Open	1	calibration_20260418_134934	marker
-73659.78	-35949.104999999996	-108759.87	-19664.19	0.0	0.0	0.0	0.0	0.0	0.0	0.0	0.0	0.0	0.0	0.0	0.0	0.0	0.0	47.103448275862085	0.0	0.009338355	-0.04968249	1.018979325	0.9308599999999999	-0.18312	0.03052	3498252.0	1776545388.41397	0.0	1.0	-1.0	-1.0	-1.0	-1.0	-1.0	-1.0	-1.0	-1.0	0.0	opened-hand	Open	1	calibration_20260418_134934	marker
-73461.375	-35926.38	-108583.01999999999	-19492.605	0.0	0.0	0.0	0.0	0.0	0.0	0.0	0.0	0.0	0.0	0.0	0.0	0.0	0.0	47.103448275862085	0.0	0.009338355	-0.04968249	1.018979325	0.9308599999999999	-0.18312	0.03052	3498253.0	1776545388.413979	0.0	1.0	-1.0	-1.0	-1.0	-1.0	-1.0	-1.0	-1.0	-1.0	0.0	opened-hand	Open	1	calibration_20260418_134934	marker
-73752.3	-35944.56	-108821.61	-19731.329999999998	0.0	0.0	0.0	0.0	0.0	0.0	0.0	0.0	0.0	0.0	0.0	0.0	0.0	0.0	47.103448275862085	0.0	0.009338355	-0.04968249	1.018979325	0.9308599999999999	-0.18312	0.03052	3498254.0	1776545388.413987	0.0	1.0	-1.0	-1.0	-1.0	-1.0	-1.0	-1.0	-1.0	-1.0	0.0	opened-hand	Open	1	calibration_20260418_134934	marker
-73850.355	-35960.58	-108874.26	-19768.454999999998	0.0	0.0	0.0	0.0	0.0	0.0	0.0	0.0	0.0	0.0	0.0	0.0	0.0	0.0	47.103448275862085	0.0	0.01403805	-0.05224596	1.01550033	0.44254	0.5341	0.39676	3498255.0	1776545388.413996	0.0	1.0	-1.0	-1.0	-1.0	-1.0	-1.0	-1.0	-1.0	-1.0	0.0	opened-hand	Open	1	calibration_20260418_134934	marker
-73827.22499999999	-35978.445	-108947.83499999999	-19834.2	0.0	0.0	0.0	0.0	0.0	0.0	0.0	0.0	0.0	0.0	0.0	0.0	0.0	0.0	47.103448275862085	0.0	0.01403805	-0.05224596	1.01550033	0.44254	0.5341	0.39676	3498256.0	1776545388.414004	0.0	1.0	-1.0	-1.0	-1.0	-1.0	-1.0	-1.0	-1.0	-1.0	0.0	opened-hand	Open	1	calibration_20260418_134934	marker
-73845.27	-35995.365	-109000.44	-19875.78	0.0	0.0	0.0	0.0	0.0	0.0	0.0	0.0	0.0	0.0	0.0	0.0	0.0	0.0	47.103448275862085	0.0	0.01403805	-0.05224596	1.01550033	0.44254	0.5341	0.39676	3498257.0	1776545388.414013	0.0	1.0	-1.0	-1.0	-1.0	-1.0	-1.0	-1.0	-1.0	-1.0	0.0	opened-hand	Open	1	calibration_20260418_134934	marker
-73787.175	-35993.61	-108917.19	-19788.66	0.0	0.0	0.0	0.0	0.0	0.0	0.0	0.0	0.0	0.0	0.0	0.0	0.0	0.0	47.103448275862085	0.0	0.01403805	-0.05224596	1.01550033	0.44254	0.5341	0.39676	3498258.0	1776545388.41402	0.0	1.0	-1.0	-1.0	-1.0	-1.0	-1.0	-1.0	-1.0	-1.0	0.0	opened-hand	Open	1	calibration_20260418_134934	marker
-73703.83499999999	-35977.68	-108795.23999999999	-19682.28	0.0	0.0	0.0	0.0	0.0	0.0	0.0	0.0	0.0	0.0	0.0	0.0	0.0	0.0	47.103448275862085	0.0	0.01403805	-0.05224596	1.01550033	0.44254	0.5341	0.39676	3498259.0	1776545388.414032	0.0	1.0	-1.0	-1.0	-1.0	-1.0	-1.0	-1.0	-1.0	-1.0	0.0	opened-hand	Open	1	calibration_20260418_134934	marker
-73727.37	-35965.845	-108803.61	-19699.38	0.0	0.0	0.0	0.0	0.0	0.0	0.0	0.0	0.0	0.0	0.0	0.0	0.0	0.0	47.103448275862085	0.0	0.01403805	-0.05224596	1.01550033	0.44254	0.5341	0.39676	3498260.0	1776545388.41404	0.0	1.0	-1.0	-1.0	-1.0	-1.0	-1.0	-1.0	-1.0	-1.0	0.0	opened-hand	Open	1	calibration_20260418_134934	marker
-73738.845	-35956.619999999995	-108881.055	-19795.094999999998	0.0	0.0	0.0	0.0	0.0	0.0	0.0	0.0	0.0	0.0	0.0	0.0	0.0	0.0	47.103448275862085	0.0	0.01403805	-0.05224596	1.01550033	0.44254	0.5341	0.39676	3498261.0	1776545388.414049	0.0	1.0	-1.0	-1.0	-1.0	-1.0	-1.0	-1.0	-1.0	-1.0	0.0	opened-hand	Open	1	calibration_20260418_134934	marker
-73593.315	-35943.615	-108720.405	-19699.695	0.0	0.0	0.0	0.0	0.0	0.0	0.0	0.0	0.0	0.0	0.0	0.0	0.0	0.0	47.103448275862085	0.0	0.01403805	-0.05224596	1.01550033	0.44254	0.5341	0.39676	3498262.0	1776545388.414057	0.0	1.0	-1.0	-1.0	-1.0	-1.0	-1.0	-1.0	-1.0	-1.0	0.0	opened-hand	Open	1	calibration_20260418_134934	marker
-73731.015	-35956.53	-108763.605	-19685.204999999998	0.0	0.0	0.0	0.0	0.0	0.0	0.0	0.0	0.0	0.0	0.0	0.0	0.0	0.0	47.103448275862085	0.0	0.01403805	-0.05224596	1.01550033	0.44254	0.5341	0.39676	3498263.0	1776545388.414066	0.0	1.0	-1.0	-1.0	-1.0	-1.0	-1.0	-1.0	-1.0	-1.0	0.0	opened-hand	Open	1	calibration_20260418_134934	marker
-73775.655	-35977.994999999995	-108925.83	-19766.024999999998	0.0	0.0	0.0	0.0	0.0	0.0	0.0	0.0	0.0	0.0	0.0	0.0	0.0	0.0	47.103448275862085	0.0	0.01403805	-0.05224596	1.01550033	0.44254	0.5341	0.39676	3498264.0	1776545388.414073	0.0	1.0	-1.0	-1.0	-1.0	-1.0	-1.0	-1.0	-1.0	-1.0	0.0	opened-hand	Open	1	calibration_20260418_134934	marker
-73724.44499999999	-35984.34	-108831.87	-19684.305	0.0	0.0	0.0	0.0	0.0	0.0	0.0	0.0	0.0	0.0	0.0	0.0	0.0	0.0	47.103448275862085	0.0	0.010681125	-0.05932602	1.0178806950000001	1.2971	0.35097999999999996	-0.36624	3498265.0	1776545388.414083	0.0	1.0	-1.0	-1.0	-1.0	-1.0	-1.0	-1.0	-1.0	-1.0	0.0	opened-hand	Open	1	calibration_20260418_134934	marker
-73762.245	-35991.9	-108822.95999999999	-19684.62	0.0	0.0	0.0	0.0	0.0	0.0	0.0	0.0	0.0	0.0	0.0	0.0	0.0	0.0	47.103448275862085	0.0	0.010681125	-0.05932602	1.0178806950000001	1.2971	0.35097999999999996	-0.36624	3498266.0	1776545388.414091	0.0	1.0	-1.0	-1.0	-1.0	-1.0	-1.0	-1.0	-1.0	-1.0	0.0	opened-hand	Open	1	calibration_20260418_134934	marker
-73742.355	-35988.03	-108909.98999999999	-19789.739999999998	0.0	0.0	0.0	0.0	0.0	0.0	0.0	0.0	0.0	0.0	0.0	0.0	0.0	0.0	47.103448275862085	0.0	0.010681125	-0.05932602	1.0178806950000001	1.2971	0.35097999999999996	-0.36624	3498267.0	1776545388.4141	0.0	1.0	-1.0	-1.0	-1.0	-1.0	-1.0	-1.0	-1.0	-1.0	0.0	opened-hand	Open	1	calibration_20260418_134934	marker
-73703.06999999999	-35971.29	-108871.11	-19749.51	0.0	0.0	0.0	0.0	0.0	0.0	0.0	0.0	0.0	0.0	0.0	0.0	0.0	0.0	47.103448275862085	0.0	0.010681125	-0.05932602	1.0178806950000001	1.2971	0.35097999999999996	-0.36624	3498268.0	1776545388.414108	0.0	1.0	-1.0	-1.0	-1.0	-1.0	-1.0	-1.0	-1.0	-1.0	0.0	opened-hand	Open	1	calibration_20260418_134934	marker
-73719.18	-35959.185	-108859.72499999999	-19731.87	0.0	0.0	0.0	0.0	0.0	0.0	0.0	0.0	0.0	0.0	0.0	0.0	0.0	0.0	47.103448275862085	0.0	0.010681125	-0.05932602	1.0178806950000001	1.2971	0.35097999999999996	-0.36624	3498269.0	1776545388.41412	0.0	1.0	-1.0	-1.0	-1.0	-1.0	-1.0	-1.0	-1.0	-1.0	0.0	opened-hand	Open	1	calibration_20260418_134934	marker
-73741.36499999999	-35952.93	-108883.8	-19780.02	0.0	0.0	0.0	0.0	0.0	0.0	0.0	0.0	0.0	0.0	0.0	0.0	0.0	0.0	47.103448275862085	0.0	0.010681125	-0.05932602	1.0178806950000001	1.2971	0.35097999999999996	-0.36624	3498270.0	1776545388.414128	0.0	1.0	-1.0	-1.0	-1.0	-1.0	-1.0	-1.0	-1.0	-1.0	0.0	opened-hand	Open	1	calibration_20260418_134934	marker
-73736.415	-35953.424999999996	-108825.165	-19733.579999999998	0.0	0.0	0.0	0.0	0.0	0.0	0.0	0.0	0.0	0.0	0.0	0.0	0.0	0.0	47.103448275862085	0.0	0.010681125	-0.05932602	1.0178806950000001	1.2971	0.35097999999999996	-0.36624	3498271.0	1776545388.414138	0.0	1.0	-1.0	-1.0	-1.0	-1.0	-1.0	-1.0	-1.0	-1.0	0.0	opened-hand	Open	1	calibration_20260418_134934	marker
-73764.405	-35963.01	-108820.08	-19702.53	0.0	0.0	0.0	0.0	0.0	0.0	0.0	0.0	0.0	0.0	0.0	0.0	0.0	0.0	47.103448275862085	0.0	0.010681125	-0.05932602	1.0178806950000001	1.2971	0.35097999999999996	-0.36624	3498272.0	1776545388.414147	0.0	1.0	-1.0	-1.0	-1.0	-1.0	-1.0	-1.0	-1.0	-1.0	0.0	opened-hand	Open	1	calibration_20260418_134934	marker
-73764.405	-35963.01	-108820.08	-19702.53	0.0	0.0	0.0	0.0	0.0	0.0	0.0	0.0	0.0	0.0	0.0	0.0	0.0	0.0	47.103448275862085	0.0	0.010681125	-0.05932602	1.0178806950000001	1.2971	0.35097999999999996	-0.36624	3498273.0	1776545388.423923	0.0	1.0	-1.0	-1.0	-1.0	-1.0	-1.0	-1.0	-1.0	-1.0	0.0	opened-hand	Open	1	calibration_20260418_134934	marker
-73764.405	-35963.01	-108820.08	-19702.53	0.0	0.0	0.0	0.0	0.0	0.0	0.0	0.0	0.0	0.0	0.0	0.0	0.0	0.0	47.103448275862085	0.0	0.010681125	-0.05932602	1.0178806950000001	1.2971	0.35097999999999996	-0.36624	3498274.0	1776545388.423944	0.0	1.0	-1.0	-1.0	-1.0	-1.0	-1.0	-1.0	-1.0	-1.0	0.0	opened-hand	Open	1	calibration_20260418_134934	marker
-73764.405	-35963.01	-108820.08	-19702.53	0.0	0.0	0.0	0.0	0.0	0.0	0.0	0.0	0.0	0.0	0.0	0.0	0.0	0.0	47.103448275862085	0.0	0.010681125	-0.05932602	1.0178806950000001	1.2971	0.35097999999999996	-0.36624	3498275.0	1776545388.423952	0.0	1.0	-1.0	-1.0	-1.0	-1.0	-1.0	-1.0	-1.0	-1.0	0.0	opened-hand	Open	1	calibration_20260418_134934	marker
-73764.405	-35963.01	-108820.08	-19702.53	0.0	0.0	0.0	0.0	0.0	0.0	0.0	0.0	0.0	0.0	0.0	0.0	0.0	0.0	47.103448275862085	0.0	0.010681125	-0.05932602	1.0178806950000001	1.2971	0.35097999999999996	-0.36624	3498276.0	1776545388.423958	0.0	1.0	-1.0	-1.0	-1.0	-1.0	-1.0	-1.0	-1.0	-1.0	0.0	opened-hand	Open	1	calibration_20260418_134934	marker
-73764.405	-35963.01	-108820.08	-19702.53	0.0	0.0	0.0	0.0	0.0	0.0	0.0	0.0	0.0	0.0	0.0	0.0	0.0	0.0	47.103448275862085	0.0	0.010681125	-0.05932602	1.0178806950000001	1.2971	0.35097999999999996	-0.36624	3498277.0	1776545388.423965	0.0	1.0	-1.0	-1.0	-1.0	-1.0	-1.0	-1.0	-1.0	-1.0	0.0	opened-hand	Open	1	calibration_20260418_134934	marker
-73764.405	-35963.01	-108820.08	-19702.53	0.0	0.0	0.0	0.0	0.0	0.0	0.0	0.0	0.0	0.0	0.0	0.0	0.0	0.0	47.103448275862085	0.0	0.010681125	-0.05932602	1.0178806950000001	1.2971	0.35097999999999996	-0.36624	3498278.0	1776545388.423971	0.0	1.0	-1.0	-1.0	-1.0	-1.0	-1.0	-1.0	-1.0	-1.0	0.0	opened-hand	Open	1	calibration_20260418_134934	marker
-73764.405	-35963.01	-108820.08	-19702.53	0.0	0.0	0.0	0.0	0.0	0.0	0.0	0.0	0.0	0.0	0.0	0.0	0.0	0.0	47.103448275862085	0.0	0.010681125	-0.05932602	1.0178806950000001	1.2971	0.35097999999999996	-0.36624	3498279.0	1776545388.423977	0.0	1.0	-1.0	-1.0	-1.0	-1.0	-1.0	-1.0	-1.0	-1.0	0.0	opened-hand	Open	1	calibration_20260418_134934	marker
-73764.405	-35963.01	-108820.08	-19702.53	0.0	0.0	0.0	0.0	0.0	0.0	0.0	0.0	0.0	0.0	0.0	0.0	0.0	0.0	47.103448275862085	0.0	0.010681125	-0.05932602	1.0178806950000001	1.2971	0.35097999999999996	-0.36624	3498280.0	1776545388.423984	0.0	1.0	-1.0	-1.0	-1.0	-1.0	-1.0	-1.0	-1.0	-1.0	0.0	opened-hand	Open	1	calibration_20260418_134934	marker
-73764.405	-35963.01	-108820.08	-19702.53	0.0	0.0	0.0	0.0	0.0	0.0	0.0	0.0	0.0	0.0	0.0	0.0	0.0	0.0	47.103448275862085	0.0	0.010681125	-0.05932602	1.0178806950000001	1.2971	0.35097999999999996	-0.36624	3498281.0	1776545388.42399	0.0	1.0	-1.0	-1.0	-1.0	-1.0	-1.0	-1.0	-1.0	-1.0	0.0	opened-hand	Open	1	calibration_20260418_134934	marker
-73764.405	-35963.01	-108820.08	-19702.53	0.0	0.0	0.0	0.0	0.0	0.0	0.0	0.0	0.0	0.0	0.0	0.0	0.0	0.0	47.103448275862085	0.0	0.010681125	-0.05932602	1.0178806950000001	1.2971	0.35097999999999996	-0.36624	3498282.0	1776545388.423996	0.0	1.0	-1.0	-1.0	-1.0	-1.0	-1.0	-1.0	-1.0	-1.0	0.0	opened-hand	Open	1	calibration_20260418_134934	marker
-73764.405	-35963.01	-108820.08	-19702.53	0.0	0.0	0.0	0.0	0.0	0.0	0.0	0.0	0.0	0.0	0.0	0.0	0.0	0.0	47.103448275862085	0.0	0.010681125	-0.05932602	1.0178806950000001	1.2971	0.35097999999999996	-0.36624	3498283.0	1776545388.424002	0.0	1.0	-1.0	-1.0	-1.0	-1.0	-1.0	-1.0	-1.0	-1.0	0.0	opened-hand	Open	1	calibration_20260418_134934	marker
-73764.405	-35963.01	-108820.08	-19702.53	0.0	0.0	0.0	0.0	0.0	0.0	0.0	0.0	0.0	0.0	0.0	0.0	0.0	0.0	47.103448275862085	0.0	0.010681125	-0.05932602	1.0178806950000001	1.2971	0.35097999999999996	-0.36624	3498284.0	1776545388.424008	0.0	1.0	-1.0	-1.0	-1.0	-1.0	-1.0	-1.0	-1.0	-1.0	0.0	opened-hand	Open	1	calibration_20260418_134934	marker
-73764.405	-35963.01	-108820.08	-19702.53	0.0	0.0	0.0	0.0	0.0	0.0	0.0	0.0	0.0	0.0	0.0	0.0	0.0	0.0	47.103448275862085	0.0	0.010681125	-0.05932602	1.0178806950000001	1.2971	0.35097999999999996	-0.36624	3498285.0	1776545388.424014	0.0	1.0	-1.0	-1.0	-1.0	-1.0	-1.0	-1.0	-1.0	-1.0	0.0	opened-hand	Open	1	calibration_20260418_134934	marker
-73764.405	-35963.01	-108820.08	-19702.53	0.0	0.0	0.0	0.0	0.0	0.0	0.0	0.0	0.0	0.0	0.0	0.0	0.0	0.0	47.103448275862085	0.0	0.010681125	-0.05932602	1.0178806950000001	1.2971	0.35097999999999996	-0.36624	3498286.0	1776545388.42402	0.0	1.0	-1.0	-1.0	-1.0	-1.0	-1.0	-1.0	-1.0	-1.0	0.0	opened-hand	Open	1	calibration_20260418_134934	marker
-73764.405	-35963.01	-108820.08	-19702.53	0.0	0.0	0.0	0.0	0.0	0.0	0.0	0.0	0.0	0.0	0.0	0.0	0.0	0.0	47.103448275862085	0.0	0.010681125	-0.05932602	1.0178806950000001	1.2971	0.35097999999999996	-0.36624	3498287.0	1776545388.424026	0.0	1.0	-1.0	-1.0	-1.0	-1.0	-1.0	-1.0	-1.0	-1.0	0.0	opened-hand	Open	1	calibration_20260418_134934	marker
-73764.405	-35963.01	-108820.08	-19702.53	0.0	0.0	0.0	0.0	0.0	0.0	0.0	0.0	0.0	0.0	0.0	0.0	0.0	0.0	47.103448275862085	0.0	0.010681125	-0.05932602	1.0178806950000001	1.2971	0.35097999999999996	-0.36624	3498288.0	1776545388.424033	0.0	1.0	-1.0	-1.0	-1.0	-1.0	-1.0	-1.0	-1.0	-1.0	0.0	opened-hand	Open	1	calibration_20260418_134934	marker
-73764.405	-35963.01	-108820.08	-19702.53	0.0	0.0	0.0	0.0	0.0	0.0	0.0	0.0	0.0	0.0	0.0	0.0	0.0	0.0	47.103448275862085	0.0	0.010681125	-0.05932602	1.0178806950000001	1.2971	0.35097999999999996	-0.36624	3498289.0	1776545388.424039	0.0	1.0	-1.0	-1.0	-1.0	-1.0	-1.0	-1.0	-1.0	-1.0	0.0	opened-hand	Open	1	calibration_20260418_134934	marker
-73764.405	-35963.01	-108820.08	-19702.53	0.0	0.0	0.0	0.0	0.0	0.0	0.0	0.0	0.0	0.0	0.0	0.0	0.0	0.0	47.103448275862085	0.0	0.010681125	-0.05932602	1.0178806950000001	1.2971	0.35097999999999996	-0.36624	3498290.0	1776545388.424045	0.0	1.0	-1.0	-1.0	-1.0	-1.0	-1.0	-1.0	-1.0	-1.0	0.0	opened-hand	Open	1	calibration_20260418_134934	marker
-73764.405	-35963.01	-108820.08	-19702.53	0.0	0.0	0.0	0.0	0.0	0.0	0.0	0.0	0.0	0.0	0.0	0.0	0.0	0.0	47.103448275862085	0.0	0.010681125	-0.05932602	1.0178806950000001	1.2971	0.35097999999999996	-0.36624	3498291.0	1776545388.424051	0.0	1.0	-1.0	-1.0	-1.0	-1.0	-1.0	-1.0	-1.0	-1.0	0.0	opened-hand	Open	1	calibration_20260418_134934	marker
-73764.405	-35963.01	-108820.08	-19702.53	0.0	0.0	0.0	0.0	0.0	0.0	0.0	0.0	0.0	0.0	0.0	0.0	0.0	0.0	47.103448275862085	0.0	0.010681125	-0.05932602	1.0178806950000001	1.2971	0.35097999999999996	-0.36624	3498292.0	1776545388.424057	0.0	1.0	-1.0	-1.0	-1.0	-1.0	-1.0	-1.0	-1.0	-1.0	0.0	opened-hand	Open	1	calibration_20260418_134934	marker
-73764.405	-35963.01	-108820.08	-19702.53	0.0	0.0	0.0	0.0	0.0	0.0	0.0	0.0	0.0	0.0	0.0	0.0	0.0	0.0	47.103448275862085	0.0	0.010681125	-0.05932602	1.0178806950000001	1.2971	0.35097999999999996	-0.36624	3498293.0	1776545388.424063	0.0	1.0	-1.0	-1.0	-1.0	-1.0	-1.0	-1.0	-1.0	-1.0	0.0	opened-hand	Open	1	calibration_20260418_134934	marker
-73764.405	-35963.01	-108820.08	-19702.53	0.0	0.0	0.0	0.0	0.0	0.0	0.0	0.0	0.0	0.0	0.0	0.0	0.0	0.0	47.103448275862085	0.0	0.010681125	-0.05932602	1.0178806950000001	1.2971	0.35097999999999996	-0.36624	3498294.0	1776545388.42407	0.0	1.0	-1.0	-1.0	-1.0	-1.0	-1.0	-1.0	-1.0	-1.0	0.0	opened-hand	Open	1	calibration_20260418_134934	marker
-73764.405	-35963.01	-108820.08	-19702.53	0.0	0.0	0.0	0.0	0.0	0.0	0.0	0.0	0.0	0.0	0.0	0.0	0.0	0.0	47.103448275862085	0.0	0.010681125	-0.05932602	1.0178806950000001	1.2971	0.35097999999999996	-0.36624	3498295.0	1776545388.424076	0.0	1.0	-1.0	-1.0	-1.0	-1.0	-1.0	-1.0	-1.0	-1.0	0.0	opened-hand	Open	1	calibration_20260418_134934	marker
-73764.405	-35963.01	-108820.08	-19702.53	0.0	0.0	0.0	0.0	0.0	0.0	0.0	0.0	0.0	0.0	0.0	0.0	0.0	0.0	47.103448275862085	0.0	0.010681125	-0.05932602	1.0178806950000001	1.2971	0.35097999999999996	-0.36624	3498296.0	1776545388.424082	0.0	1.0	-1.0	-1.0	-1.0	-1.0	-1.0	-1.0	-1.0	-1.0	0.0	opened-hand	Open	1	calibration_20260418_134934	marker
-73764.405	-35963.01	-108820.08	-19702.53	0.0	0.0	0.0	0.0	0.0	0.0	0.0	0.0	0.0	0.0	0.0	0.0	0.0	0.0	47.103448275862085	0.0	0.010681125	-0.05932602	1.0178806950000001	1.2971	0.35097999999999996	-0.36624	3498297.0	1776545388.424088	0.0	1.0	-1.0	-1.0	-1.0	-1.0	-1.0	-1.0	-1.0	-1.0	0.0	opened-hand	Open	1	calibration_20260418_134934	marker
-73764.405	-35963.01	-108820.08	-19702.53	0.0	0.0	0.0	0.0	0.0	0.0	0.0	0.0	0.0	0.0	0.0	0.0	0.0	0.0	47.103448275862085	0.0	0.010681125	-0.05932602	1.0178806950000001	1.2971	0.35097999999999996	-0.36624	3498298.0	1776545388.424094	0.0	1.0	-1.0	-1.0	-1.0	-1.0	-1.0	-1.0	-1.0	-1.0	0.0	opened-hand	Open	1	calibration_20260418_134934	marker
-73764.405	-35963.01	-108820.08	-19702.53	0.0	0.0	0.0	0.0	0.0	0.0	0.0	0.0	0.0	0.0	0.0	0.0	0.0	0.0	47.103448275862085	0.0	0.010681125	-0.05932602	1.0178806950000001	1.2971	0.35097999999999996	-0.36624	3498299.0	1776545388.4241	0.0	1.0	-1.0	-1.0	-1.0	-1.0	-1.0	-1.0	-1.0	-1.0	0.0	opened-hand	Open	1	calibration_20260418_134934	marker
-73764.405	-35963.01	-108820.08	-19702.53	0.0	0.0	0.0	0.0	0.0	0.0	0.0	0.0	0.0	0.0	0.0	0.0	0.0	0.0	47.103448275862085	0.0	0.010681125	-0.05932602	1.0178806950000001	1.2971	0.35097999999999996	-0.36624	3498300.0	1776545388.424106	0.0	1.0	-1.0	-1.0	-1.0	-1.0	-1.0	-1.0	-1.0	-1.0	0.0	opened-hand	Open	1	calibration_20260418_134934	marker
-73764.405	-35963.01	-108820.08	-19702.53	0.0	0.0	0.0	0.0	0.0	0.0	0.0	0.0	0.0	0.0	0.0	0.0	0.0	0.0	47.103448275862085	0.0	0.010681125	-0.05932602	1.0178806950000001	1.2971	0.35097999999999996	-0.36624	3498301.0	1776545388.424112	0.0	1.0	-1.0	-1.0	-1.0	-1.0	-1.0	-1.0	-1.0	-1.0	0.0	opened-hand	Open	1	calibration_20260418_134934	marker
-73764.405	-35963.01	-108820.08	-19702.53	0.0	0.0	0.0	0.0	0.0	0.0	0.0	0.0	0.0	0.0	0.0	0.0	0.0	0.0	47.103448275862085	0.0	0.010681125	-0.05932602	1.0178806950000001	1.2971	0.35097999999999996	-0.36624	3498302.0	1776545388.424118	0.0	1.0	-1.0	-1.0	-1.0	-1.0	-1.0	-1.0	-1.0	-1.0	0.0	opened-hand	Open	1	calibration_20260418_134934	marker
-73764.405	-35963.01	-108820.08	-19702.53	0.0	0.0	0.0	0.0	0.0	0.0	0.0	0.0	0.0	0.0	0.0	0.0	0.0	0.0	47.103448275862085	0.0	0.010681125	-0.05932602	1.0178806950000001	1.2971	0.35097999999999996	-0.36624	3498303.0	1776545388.424124	0.0	1.0	-1.0	-1.0	-1.0	-1.0	-1.0	-1.0	-1.0	-1.0	0.0	opened-hand	Open	1	calibration_20260418_134934	marker
-73764.405	-35963.01	-108820.08	-19702.53	0.0	0.0	0.0	0.0	0.0	0.0	0.0	0.0	0.0	0.0	0.0	0.0	0.0	0.0	47.103448275862085	0.0	0.010681125	-0.05932602	1.0178806950000001	1.2971	0.35097999999999996	-0.36624	3498304.0	1776545388.42413	0.0	1.0	-1.0	-1.0	-1.0	-1.0	-1.0	-1.0	-1.0	-1.0	0.0	opened-hand	Open	1	calibration_20260418_134934	marker
-73764.405	-35963.01	-108820.08	-19702.53	0.0	0.0	0.0	0.0	0.0	0.0	0.0	0.0	0.0	0.0	0.0	0.0	0.0	0.0	47.103448275862085	0.0	0.010681125	-0.05932602	1.0178806950000001	1.2971	0.35097999999999996	-0.36624	3498305.0	1776545388.424135	0.0	1.0	-1.0	-1.0	-1.0	-1.0	-1.0	-1.0	-1.0	-1.0	0.0	opened-hand	Open	1	calibration_20260418_134934	marker
-73764.405	-35963.01	-108820.08	-19702.53	0.0	0.0	0.0	0.0	0.0	0.0	0.0	0.0	0.0	0.0	0.0	0.0	0.0	0.0	47.103448275862085	0.0	0.010681125	-0.05932602	1.0178806950000001	1.2971	0.35097999999999996	-0.36624	3498306.0	1776545388.424141	0.0	1.0	-1.0	-1.0	-1.0	-1.0	-1.0	-1.0	-1.0	-1.0	0.0	opened-hand	Open	1	calibration_20260418_134934	marker
-73764.405	-35963.01	-108820.08	-19702.53	0.0	0.0	0.0	0.0	0.0	0.0	0.0	0.0	0.0	0.0	0.0	0.0	0.0	0.0	47.103448275862085	0.0	0.010681125	-0.05932602	1.0178806950000001	1.2971	0.35097999999999996	-0.36624	3498307.0	1776545388.424147	0.0	1.0	-1.0	-1.0	-1.0	-1.0	-1.0	-1.0	-1.0	-1.0	0.0	opened-hand	Open	1	calibration_20260418_134934	marker
-73764.405	-35963.01	-108820.08	-19702.53	0.0	0.0	0.0	0.0	0.0	0.0	0.0	0.0	0.0	0.0	0.0	0.0	0.0	0.0	47.103448275862085	0.0	0.010681125	-0.05932602	1.0178806950000001	1.2971	0.35097999999999996	-0.36624	3498308.0	1776545388.424153	0.0	1.0	-1.0	-1.0	-1.0	-1.0	-1.0	-1.0	-1.0	-1.0	0.0	opened-hand	Open	1	calibration_20260418_134934	marker
-73764.405	-35963.01	-108820.08	-19702.53	0.0	0.0	0.0	0.0	0.0	0.0	0.0	0.0	0.0	0.0	0.0	0.0	0.0	0.0	47.103448275862085	0.0	0.010681125	-0.05932602	1.0178806950000001	1.2971	0.35097999999999996	-0.36624	3498309.0	1776545388.424159	0.0	1.0	-1.0	-1.0	-1.0	-1.0	-1.0	-1.0	-1.0	-1.0	0.0	opened-hand	Open	1	calibration_20260418_134934	marker
-73764.405	-35963.01	-108820.08	-19702.53	0.0	0.0	0.0	0.0	0.0	0.0	0.0	0.0	0.0	0.0	0.0	0.0	0.0	0.0	47.103448275862085	0.0	0.010681125	-0.05932602	1.0178806950000001	1.2971	0.35097999999999996	-0.36624	3498310.0	1776545388.424165	0.0	1.0	-1.0	-1.0	-1.0	-1.0	-1.0	-1.0	-1.0	-1.0	0.0	opened-hand	Open	1	calibration_20260418_134934	marker
-73764.405	-35963.01	-108820.08	-19702.53	0.0	0.0	0.0	0.0	0.0	0.0	0.0	0.0	0.0	0.0	0.0	0.0	0.0	0.0	47.103448275862085	0.0	0.010681125	-0.05932602	1.0178806950000001	1.2971	0.35097999999999996	-0.36624	3498311.0	1776545388.424171	0.0	1.0	-1.0	-1.0	-1.0	-1.0	-1.0	-1.0	-1.0	-1.0	0.0	opened-hand	Open	1	calibration_20260418_134934	marker
-73764.405	-35963.01	-108820.08	-19702.53	0.0	0.0	0.0	0.0	0.0	0.0	0.0	0.0	0.0	0.0	0.0	0.0	0.0	0.0	47.103448275862085	0.0	0.010681125	-0.05932602	1.0178806950000001	1.2971	0.35097999999999996	-0.36624	3498312.0	1776545388.424177	0.0	1.0	-1.0	-1.0	-1.0	-1.0	-1.0	-1.0	-1.0	-1.0	0.0	opened-hand	Open	1	calibration_20260418_134934	marker
-73764.405	-35963.01	-108820.08	-19702.53	0.0	0.0	0.0	0.0	0.0	0.0	0.0	0.0	0.0	0.0	0.0	0.0	0.0	0.0	47.103448275862085	0.0	0.010681125	-0.05932602	1.0178806950000001	1.2971	0.35097999999999996	-0.36624	3498313.0	1776545388.424182	0.0	1.0	-1.0	-1.0	-1.0	-1.0	-1.0	-1.0	-1.0	-1.0	0.0	opened-hand	Open	1	calibration_20260418_134934	marker
-73764.405	-35963.01	-108820.08	-19702.53	0.0	0.0	0.0	0.0	0.0	0.0	0.0	0.0	0.0	0.0	0.0	0.0	0.0	0.0	47.103448275862085	0.0	0.010681125	-0.05932602	1.0178806950000001	1.2971	0.35097999999999996	-0.36624	3498314.0	1776545388.424188	0.0	1.0	-1.0	-1.0	-1.0	-1.0	-1.0	-1.0	-1.0	-1.0	0.0	opened-hand	Open	1	calibration_20260418_134934	marker
-73764.405	-35963.01	-108820.08	-19702.53	0.0	0.0	0.0	0.0	0.0	0.0	0.0	0.0	0.0	0.0	0.0	0.0	0.0	0.0	47.103448275862085	0.0	0.010681125	-0.05932602	1.0178806950000001	1.2971	0.35097999999999996	-0.36624	3498315.0	1776545388.424194	0.0	1.0	-1.0	-1.0	-1.0	-1.0	-1.0	-1.0	-1.0	-1.0	0.0	opened-hand	Open	1	calibration_20260418_134934	marker
-73764.405	-35963.01	-108820.08	-19702.53	0.0	0.0	0.0	0.0	0.0	0.0	0.0	0.0	0.0	0.0	0.0	0.0	0.0	0.0	47.103448275862085	0.0	0.010681125	-0.05932602	1.0178806950000001	1.2971	0.35097999999999996	-0.36624	3498316.0	1776545388.4242	0.0	1.0	-1.0	-1.0	-1.0	-1.0	-1.0	-1.0	-1.0	-1.0	0.0	opened-hand	Open	1	calibration_20260418_134934	marker
-73667.47499999999	-35935.38	-108913.40999999999	-19735.155	0.0	0.0	0.0	0.0	0.0	0.0	0.0	0.0	0.0	0.0	0.0	0.0	0.0	0.0	47.241379310344826	0.0	0.009582495	-0.0573729	1.018613115	1.7549	-0.44254	-0.07629999999999999	3498319.0	1776545388.424227	0.0	1.0	-1.0	-1.0	-1.0	-1.0	-1.0	-1.0	-1.0	-1.0	0.0	opened-hand	Open	1	calibration_20260418_134934	marker
-73606.41	-35920.215	-108800.14499999999	-19628.145	0.0	0.0	0.0	0.0	0.0	0.0	0.0	0.0	0.0	0.0	0.0	0.0	0.0	0.0	47.241379310344826	0.0	0.009582495	-0.0573729	1.018613115	1.7549	-0.44254	-0.07629999999999999	3498320.0	1776545388.424235	0.0	1.0	-1.0	-1.0	-1.0	-1.0	-1.0	-1.0	-1.0	-1.0	0.0	opened-hand	Open	1	calibration_20260418_134934	marker
-73887.75	-35939.34	-108946.575	-19770.93	0.0	0.0	0.0	0.0	0.0	0.0	0.0	0.0	0.0	0.0	0.0	0.0	0.0	0.0	47.241379310344826	0.0	0.009582495	-0.0573729	1.018613115	1.7549	-0.44254	-0.07629999999999999	3498321.0	1776545388.425162	0.0	1.0	-1.0	-1.0	-1.0	-1.0	-1.0	-1.0	-1.0	-1.0	0.0	opened-hand	Open	1	calibration_20260418_134934	marker
-73654.965	-35932.994999999995	-108718.69499999999	-19556.19	0.0	0.0	0.0	0.0	0.0	0.0	0.0	0.0	0.0	0.0	0.0	0.0	0.0	0.0	47.241379310344826	0.0	0.009582495	-0.0573729	1.018613115	1.7549	-0.44254	-0.07629999999999999	3498322.0	1776545388.425227	0.0	1.0	-1.0	-1.0	-1.0	-1.0	-1.0	-1.0	-1.0	-1.0	0.0	opened-hand	Open	1	calibration_20260418_134934	marker
-73547.955	-35938.755	-108712.305	-19524.78	0.0	0.0	0.0	0.0	0.0	0.0	0.0	0.0	0.0	0.0	0.0	0.0	0.0	0.0	47.241379310344826	0.0	0.009582495	-0.0573729	1.018613115	1.7549	-0.44254	-0.07629999999999999	3498323.0	1776545388.429089	0.0	1.0	-1.0	-1.0	-1.0	-1.0	-1.0	-1.0	-1.0	-1.0	0.0	opened-hand	Open	1	calibration_20260418_134934	marker
-73735.155	-35962.244999999995	-108979.29	-19796.04	0.0	0.0	0.0	0.0	0.0	0.0	0.0	0.0	0.0	0.0	0.0	0.0	0.0	0.0	47.241379310344826	0.0	0.009582495	-0.0573729	1.018613115	1.7549	-0.44254	-0.07629999999999999	3498324.0	1776545388.429113	0.0	1.0	-1.0	-1.0	-1.0	-1.0	-1.0	-1.0	-1.0	-1.0	0.0	opened-hand	Open	1	calibration_20260418_134934	marker
-73863.765	-35965.215	-109058.44499999999	-19878.57	0.0	0.0	0.0	0.0	0.0	0.0	0.0	0.0	0.0	0.0	0.0	0.0	0.0	0.0	47.241379310344826	0.0	0.00781248	-0.059570160000000004	1.021054515	2.18218	-0.09156	-0.24416	3498325.0	1776545388.459015	0.0	1.0	-1.0	-1.0	-1.0	-1.0	-1.0	-1.0	-1.0	-1.0	0.0	opened-hand	Open	1	calibration_20260418_134934	marker
-73917.98999999999	-35952.57	-109093.72499999999	-19912.815	0.0	0.0	0.0	0.0	0.0	0.0	0.0	0.0	0.0	0.0	0.0	0.0	0.0	0.0	47.241379310344826	0.0	0.00781248	-0.059570160000000004	1.021054515	2.18218	-0.09156	-0.24416	3498326.0	1776545388.459043	0.0	1.0	-1.0	-1.0	-1.0	-1.0	-1.0	-1.0	-1.0	-1.0	0.0	opened-hand	Open	1	calibration_20260418_134934	marker
-73880.595	-35939.79	-109078.69499999999	-19915.739999999998	0.0	0.0	0.0	0.0	0.0	0.0	0.0	0.0	0.0	0.0	0.0	0.0	0.0	0.0	47.241379310344826	0.0	0.00781248	-0.059570160000000004	1.021054515	2.18218	-0.09156	-0.24416	3498327.0	1776545388.459069	0.0	1.0	-1.0	-1.0	-1.0	-1.0	-1.0	-1.0	-1.0	-1.0	0.0	opened-hand	Open	1	calibration_20260418_134934	marker
-73754.50499999999	-35926.74	-108964.70999999999	-19830.42	0.0	0.0	0.0	0.0	0.0	0.0	0.0	0.0	0.0	0.0	0.0	0.0	0.0	0.0	47.241379310344826	0.0	0.00781248	-0.059570160000000004	1.021054515	2.18218	-0.09156	-0.24416	3498328.0	1776545388.459077	0.0	1.0	-1.0	-1.0	-1.0	-1.0	-1.0	-1.0	-1.0	-1.0	0.0	opened-hand	Open	1	calibration_20260418_134934	marker
-73720.08	-35926.29	-108935.235	-19761.704999999998	0.0	0.0	0.0	0.0	0.0	0.0	0.0	0.0	0.0	0.0	0.0	0.0	0.0	0.0	47.241379310344826	0.0	0.00781248	-0.059570160000000004	1.021054515	2.18218	-0.09156	-0.24416	3498329.0	1776545388.459087	0.0	1.0	-1.0	-1.0	-1.0	-1.0	-1.0	-1.0	-1.0	-1.0	0.0	opened-hand	Open	1	calibration_20260418_134934	marker
-73718.50499999999	-35937.674999999996	-108894.19499999999	-19691.1	0.0	0.0	0.0	0.0	0.0	0.0	0.0	0.0	0.0	0.0	0.0	0.0	0.0	0.0	47.241379310344826	0.0	0.00781248	-0.059570160000000004	1.021054515	2.18218	-0.09156	-0.24416	3498330.0	1776545388.459094	0.0	1.0	-1.0	-1.0	-1.0	-1.0	-1.0	-1.0	-1.0	-1.0	0.0	opened-hand	Open	1	calibration_20260418_134934	marker
-73658.34	-35946.494999999995	-108775.215	-19585.755	0.0	0.0	0.0	0.0	0.0	0.0	0.0	0.0	0.0	0.0	0.0	0.0	0.0	0.0	47.241379310344826	0.0	0.00781248	-0.059570160000000004	1.021054515	2.18218	-0.09156	-0.24416	3498331.0	1776545388.459105	0.0	1.0	-1.0	-1.0	-1.0	-1.0	-1.0	-1.0	-1.0	-1.0	0.0	opened-hand	Open	1	calibration_20260418_134934	marker
-73768.77	-35963.145	-108928.845	-19728.989999999998	0.0	0.0	0.0	0.0	0.0	0.0	0.0	0.0	0.0	0.0	0.0	0.0	0.0	0.0	47.241379310344826	0.0	0.00781248	-0.059570160000000004	1.021054515	2.18218	-0.09156	-0.24416	3498332.0	1776545388.459112	0.0	1.0	-1.0	-1.0	-1.0	-1.0	-1.0	-1.0	-1.0	-1.0	0.0	opened-hand	Open	1	calibration_20260418_134934	marker
-73732.31999999999	-35961.165	-108957.23999999999	-19767.78	0.0	0.0	0.0	0.0	0.0	0.0	0.0	0.0	0.0	0.0	0.0	0.0	0.0	0.0	47.241379310344826	0.0	0.00781248	-0.059570160000000004	1.021054515	2.18218	-0.09156	-0.24416	3498333.0	1776545388.459121	0.0	1.0	-1.0	-1.0	-1.0	-1.0	-1.0	-1.0	-1.0	-1.0	0.0	opened-hand	Open	1	calibration_20260418_134934	marker
-73645.33499999999	-35944.83	-108935.14499999999	-19763.1	0.0	0.0	0.0	0.0	0.0	0.0	0.0	0.0	0.0	0.0	0.0	0.0	0.0	0.0	47.241379310344826	0.0	0.00781248	-0.059570160000000004	1.021054515	2.18218	-0.09156	-0.24416	3498334.0	1776545388.459128	0.0	1.0	-1.0	-1.0	-1.0	-1.0	-1.0	-1.0	-1.0	-1.0	0.0	opened-hand	Open	1	calibration_20260418_134934	marker
-73656.045	-35928.18	-108883.17	-19707.84	0.0	0.0	0.0	0.0	0.0	0.0	0.0	0.0	0.0	0.0	0.0	0.0	0.0	0.0	47.241379310344826	0.0	0.008728005	-0.05969223	1.0192845	1.9380199999999999	-0.09156	0.0	3498335.0	1776545388.459136	0.0	1.0	-1.0	-1.0	-1.0	-1.0	-1.0	-1.0	-1.0	-1.0	0.0	opened-hand	Open	1	calibration_20260418_134934	marker
-73724.715	-35917.604999999996	-108822.465	-19646.73	0.0	0.0	0.0	0.0	0.0	0.0	0.0	0.0	0.0	0.0	0.0	0.0	0.0	0.0	47.241379310344826	0.0	0.008728005	-0.05969223	1.0192845	1.9380199999999999	-0.09156	0.0	3498336.0	1776545388.459143	0.0	1.0	-1.0	-1.0	-1.0	-1.0	-1.0	-1.0	-1.0	-1.0	0.0	opened-hand	Open	1	calibration_20260418_134934	marker
-73895.895	-35928.314999999995	-109046.655	-19865.7	0.0	0.0	0.0	0.0	0.0	0.0	0.0	0.0	0.0	0.0	0.0	0.0	0.0	0.0	47.241379310344826	0.0	0.008728005	-0.05969223	1.0192845	1.9380199999999999	-0.09156	0.0	3498337.0	1776545388.459152	0.0	1.0	-1.0	-1.0	-1.0	-1.0	-1.0	-1.0	-1.0	-1.0	0.0	opened-hand	Open	1	calibration_20260418_134934	marker
-73823.94	-35934.345	-109000.935	-19819.575	0.0	0.0	0.0	0.0	0.0	0.0	0.0	0.0	0.0	0.0	0.0	0.0	0.0	0.0	47.241379310344826	0.0	0.008728005	-0.05969223	1.0192845	1.9380199999999999	-0.09156	0.0	3498338.0	1776545388.459159	0.0	1.0	-1.0	-1.0	-1.0	-1.0	-1.0	-1.0	-1.0	-1.0	0.0	opened-hand	Open	1	calibration_20260418_134934	marker
-73855.98	-35952.975	-109047.375	-19847.34	0.0	0.0	0.0	0.0	0.0	0.0	0.0	0.0	0.0	0.0	0.0	0.0	0.0	0.0	47.241379310344826	0.0	0.008728005	-0.05969223	1.0192845	1.9380199999999999	-0.09156	0.0	3498339.0	1776545388.592095	0.0	1.0	-1.0	-1.0	-1.0	-1.0	-1.0	-1.0	-1.0	-1.0	0.0	opened-hand	Open	1	calibration_20260418_134934	marker
-73829.83499999999	-35965.619999999995	-109019.87999999999	-19803.915	0.0	0.0	0.0	0.0	0.0	0.0	0.0	0.0	0.0	0.0	0.0	0.0	0.0	0.0	47.241379310344826	0.0	0.008728005	-0.05969223	1.0192845	1.9380199999999999	-0.09156	0.0	3498340.0	1776545388.592118	0.0	1.0	-1.0	-1.0	-1.0	-1.0	-1.0	-1.0	-1.0	-1.0	0.0	opened-hand	Open	1	calibration_20260418_134934	marker
-73708.11	-35961.57	-108878.985	-19668.69	0.0	0.0	0.0	0.0	0.0	0.0	0.0	0.0	0.0	0.0	0.0	0.0	0.0	0.0	47.241379310344826	0.0	0.008728005	-0.05969223	1.0192845	1.9380199999999999	-0.09156	0.0	3498341.0	1776545388.592137	0.0	1.0	-1.0	-1.0	-1.0	-1.0	-1.0	-1.0	-1.0	-1.0	0.0	opened-hand	Open	1	calibration_20260418_134934	marker
-73747.8	-35956.619999999995	-108935.595	-19732.364999999998	0.0	0.0	0.0	0.0	0.0	0.0	0.0	0.0	0.0	0.0	0.0	0.0	0.0	0.0	47.241379310344826	0.0	0.008728005	-0.05969223	1.0192845	1.9380199999999999	-0.09156	0.0	3498342.0	1776545388.592144	0.0	1.0	-1.0	-1.0	-1.0	-1.0	-1.0	-1.0	-1.0	-1.0	0.0	opened-hand	Open	1	calibration_20260418_134934	marker
-73739.43	-35943.21	-108963.765	-19774.35	0.0	0.0	0.0	0.0	0.0	0.0	0.0	0.0	0.0	0.0	0.0	0.0	0.0	0.0	47.241379310344826	0.0	0.008728005	-0.05969223	1.0192845	1.9380199999999999	-0.09156	0.0	3498343.0	1776545388.592154	0.0	1.0	-1.0	-1.0	-1.0	-1.0	-1.0	-1.0	-1.0	-1.0	0.0	opened-hand	Open	1	calibration_20260418_134934	marker
-73714.545	-35927.325	-108921.105	-19721.114999999998	0.0	0.0	0.0	0.0	0.0	0.0	0.0	0.0	0.0	0.0	0.0	0.0	0.0	0.0	47.241379310344826	0.0	0.008728005	-0.05969223	1.0192845	1.9380199999999999	-0.09156	0.0	3498344.0	1776545388.592161	0.0	1.0	-1.0	-1.0	-1.0	-1.0	-1.0	-1.0	-1.0	-1.0	0.0	opened-hand	Open	1	calibration_20260418_134934	marker
-73773.495	-35925.795	-108961.965	-19765.71	0.0	0.0	0.0	0.0	0.0	0.0	0.0	0.0	0.0	0.0	0.0	0.0	0.0	0.0	47.241379310344826	0.0	0.011901825	-0.059631195	1.018491045	1.77016	0.19838	0.16785999999999998	3498345.0	1776545388.592169	0.0	1.0	-1.0	-1.0	-1.0	-1.0	-1.0	-1.0	-1.0	-1.0	0.0	opened-hand	Open	1	calibration_20260418_134934	marker
-73802.34	-35933.31	-108964.08	-19762.245	0.0	0.0	0.0	0.0	0.0	0.0	0.0	0.0	0.0	0.0	0.0	0.0	0.0	0.0	47.241379310344826	0.0	0.011901825	-0.059631195	1.018491045	1.77016	0.19838	0.16785999999999998	3498346.0	1776545388.592177	0.0	1.0	-1.0	-1.0	-1.0	-1.0	-1.0	-1.0	-1.0	-1.0	0.0	opened-hand	Open	1	calibration_20260418_134934	marker
-73694.79	-35941.455	-108843.795	-19651.454999999998	0.0	0.0	0.0	0.0	0.0	0.0	0.0	0.0	0.0	0.0	0.0	0.0	0.0	0.0	47.241379310344826	0.0	0.011901825	-0.059631195	1.018491045	1.77016	0.19838	0.16785999999999998	3498347.0	1776545388.592186	0.0	1.0	-1.0	-1.0	-1.0	-1.0	-1.0	-1.0	-1.0	-1.0	0.0	opened-hand	Open	1	calibration_20260418_134934	marker
-73752.795	-35959.095	-108889.78499999999	-19681.245	0.0	0.0	0.0	0.0	0.0	0.0	0.0	0.0	0.0	0.0	0.0	0.0	0.0	0.0	47.241379310344826	0.0	0.011901825	-0.059631195	1.018491045	1.77016	0.19838	0.16785999999999998	3498348.0	1776545388.592193	0.0	1.0	-1.0	-1.0	-1.0	-1.0	-1.0	-1.0	-1.0	-1.0	0.0	opened-hand	Open	1	calibration_20260418_134934	marker
-73802.06999999999	-35970.57	-108983.61	-19779.39	0.0	0.0	0.0	0.0	0.0	0.0	0.0	0.0	0.0	0.0	0.0	0.0	0.0	0.0	47.241379310344826	0.0	0.011901825	-0.059631195	1.018491045	1.77016	0.19838	0.16785999999999998	3498349.0	1776545388.592229	0.0	1.0	-1.0	-1.0	-1.0	-1.0	-1.0	-1.0	-1.0	-1.0	0.0	opened-hand	Open	1	calibration_20260418_134934	marker
-73756.215	-35959.32	-108981.045	-19764.54	0.0	0.0	0.0	0.0	0.0	0.0	0.0	0.0	0.0	0.0	0.0	0.0	0.0	0.0	47.241379310344826	0.0	0.011901825	-0.059631195	1.018491045	1.77016	0.19838	0.16785999999999998	3498350.0	1776545388.592248	0.0	1.0	-1.0	-1.0	-1.0	-1.0	-1.0	-1.0	-1.0	-1.0	0.0	opened-hand	Open	1	calibration_20260418_134934	marker
-73707.345	-35939.295	-108960.48	-19756.665	0.0	0.0	0.0	0.0	0.0	0.0	0.0	0.0	0.0	0.0	0.0	0.0	0.0	0.0	47.241379310344826	0.0	0.011901825	-0.059631195	1.018491045	1.77016	0.19838	0.16785999999999998	3498351.0	1776545388.592269	0.0	1.0	-1.0	-1.0	-1.0	-1.0	-1.0	-1.0	-1.0	-1.0	0.0	opened-hand	Open	1	calibration_20260418_134934	marker
-73655.01	-35920.53	-108924.03	-19738.035	0.0	0.0	0.0	0.0	0.0	0.0	0.0	0.0	0.0	0.0	0.0	0.0	0.0	0.0	47.241379310344826	0.0	0.011901825	-0.059631195	1.018491045	1.77016	0.19838	0.16785999999999998	3498352.0	1776545388.592277	0.0	1.0	-1.0	-1.0	-1.0	-1.0	-1.0	-1.0	-1.0	-1.0	0.0	opened-hand	Open	1	calibration_20260418_134934	marker
-73729.935	-35915.985	-109000.53	-19794.195	0.0	0.0	0.0	0.0	0.0	0.0	0.0	0.0	0.0	0.0	0.0	0.0	0.0	0.0	47.241379310344826	0.0	0.011901825	-0.059631195	1.018491045	1.77016	0.19838	0.16785999999999998	3498353.0	1776545388.592379	0.0	1.0	-1.0	-1.0	-1.0	-1.0	-1.0	-1.0	-1.0	-1.0	0.0	opened-hand	Open	1	calibration_20260418_134934	marker
-73765.395	-35916.93	-108966.465	-19755.63	0.0	0.0	0.0	0.0	0.0	0.0	0.0	0.0	0.0	0.0	0.0	0.0	0.0	0.0	47.241379310344826	0.0	0.011901825	-0.059631195	1.018491045	1.77016	0.19838	0.16785999999999998	3498354.0	1776545388.592393	0.0	1.0	-1.0	-1.0	-1.0	-1.0	-1.0	-1.0	-1.0	-1.0	0.0	opened-hand	Open	1	calibration_20260418_134934	marker
-73783.44	-35926.604999999996	-108901.03499999999	-19695.42	0.0	0.0	0.0	0.0	0.0	0.0	0.0	0.0	0.0	0.0	0.0	0.0	0.0	0.0	47.241379310344826	0.0	0.01135251	-0.06298812	1.01708724	2.38056	0.04578	-0.25942	3498355.0	1776545388.592414	0.0	1.0	-1.0	-1.0	-1.0	-1.0	-1.0	-1.0	-1.0	-1.0	0.0	opened-hand	Open	1	calibration_20260418_134934	marker
-73735.83	-35938.575	-108849.42	-19640.204999999998	0.0	0.0	0.0	0.0	0.0	0.0	0.0	0.0	0.0	0.0	0.0	0.0	0.0	0.0	47.241379310344826	0.0	0.01135251	-0.06298812	1.01708724	2.38056	0.04578	-0.25942	3498356.0	1776545388.592424	0.0	1.0	-1.0	-1.0	-1.0	-1.0	-1.0	-1.0	-1.0	-1.0	0.0	opened-hand	Open	1	calibration_20260418_134934	marker
-73779.93	-35954.909999999996	-108970.605	-19751.445	0.0	0.0	0.0	0.0	0.0	0.0	0.0	0.0	0.0	0.0	0.0	0.0	0.0	0.0	47.241379310344826	0.0	0.01135251	-0.06298812	1.01708724	2.38056	0.04578	-0.25942	3498357.0	1776545388.592433	0.0	1.0	-1.0	-1.0	-1.0	-1.0	-1.0	-1.0	-1.0	-1.0	0.0	opened-hand	Open	1	calibration_20260418_134934	marker
-73863.045	-35958.645	-109078.37999999999	-19865.024999999998	0.0	0.0	0.0	0.0	0.0	0.0	0.0	0.0	0.0	0.0	0.0	0.0	0.0	0.0	47.241379310344826	0.0	0.01135251	-0.06298812	1.01708724	2.38056	0.04578	-0.25942	3498358.0	1776545388.592443	0.0	1.0	-1.0	-1.0	-1.0	-1.0	-1.0	-1.0	-1.0	-1.0	0.0	opened-hand	Open	1	calibration_20260418_134934	marker
-73781.86499999999	-35941.32	-109022.31	-19818.855	0.0	0.0	0.0	0.0	0.0	0.0	0.0	0.0	0.0	0.0	0.0	0.0	0.0	0.0	47.241379310344826	0.0	0.01135251	-0.06298812	1.01708724	2.38056	0.04578	-0.25942	3498359.0	1776545388.592465	0.0	1.0	-1.0	-1.0	-1.0	-1.0	-1.0	-1.0	-1.0	-1.0	0.0	opened-hand	Open	1	calibration_20260418_134934	marker
-73599.56999999999	-35914.635	-108852.84	-19651.23	0.0	0.0	0.0	0.0	0.0	0.0	0.0	0.0	0.0	0.0	0.0	0.0	0.0	0.0	47.241379310344826	0.0	0.01135251	-0.06298812	1.01708724	2.38056	0.04578	-0.25942	3498360.0	1776545388.592472	0.0	1.0	-1.0	-1.0	-1.0	-1.0	-1.0	-1.0	-1.0	-1.0	0.0	opened-hand	Open	1	calibration_20260418_134934	marker
-73651.23	-35903.88	-108892.44	-19684.98	0.0	0.0	0.0	0.0	0.0	0.0	0.0	0.0	0.0	0.0	0.0	0.0	0.0	0.0	47.241379310344826	0.0	0.01135251	-0.06298812	1.01708724	2.38056	0.04578	-0.25942	3498361.0	1776545388.592486	0.0	1.0	-1.0	-1.0	-1.0	-1.0	-1.0	-1.0	-1.0	-1.0	0.0	opened-hand	Open	1	calibration_20260418_134934	marker
-73740.87	-35904.195	-108925.515	-19722.375	0.0	0.0	0.0	0.0	0.0	0.0	0.0	0.0	0.0	0.0	0.0	0.0	0.0	0.0	47.241379310344826	0.0	0.01135251	-0.06298812	1.01708724	2.38056	0.04578	-0.25942	3498362.0	1776545388.592492	0.0	1.0	-1.0	-1.0	-1.0	-1.0	-1.0	-1.0	-1.0	-1.0	0.0	opened-hand	Open	1	calibration_20260418_134934	marker
-73765.305	-35916.255	-108946.305	-19759.14	0.0	0.0	0.0	0.0	0.0	0.0	0.0	0.0	0.0	0.0	0.0	0.0	0.0	0.0	47.241379310344826	0.0	0.01135251	-0.06298812	1.01708724	2.38056	0.04578	-0.25942	3498363.0	1776545388.592501	0.0	1.0	-1.0	-1.0	-1.0	-1.0	-1.0	-1.0	-1.0	-1.0	0.0	opened-hand	Open	1	calibration_20260418_134934	marker
-73618.605	-35918.729999999996	-108752.58	-19607.13	0.0	0.0	0.0	0.0	0.0	0.0	0.0	0.0	0.0	0.0	0.0	0.0	0.0	0.0	47.241379310344826	0.0	0.01135251	-0.06298812	1.01708724	2.38056	0.04578	-0.25942	3498364.0	1776545388.592507	0.0	1.0	-1.0	-1.0	-1.0	-1.0	-1.0	-1.0	-1.0	-1.0	0.0	opened-hand	Open	1	calibration_20260418_134934	marker
-73682.055	-35935.244999999995	-108901.305	-19689.3	0.0	0.0	0.0	0.0	0.0	0.0	0.0	0.0	0.0	0.0	0.0	0.0	0.0	0.0	47.241379310344826	0.0	0.011779755	-0.062255700000000004	1.015927575	2.47212	0.27468	0.25942	3498365.0	1776545388.592516	0.0	1.0	-1.0	-1.0	-1.0	-1.0	-1.0	-1.0	-1.0	-1.0	0.0	opened-hand	Open	1	calibration_20260418_134934	marker
-73795.815	-35949.465	-109061.685	-19800.45	0.0	0.0	0.0	0.0	0.0	0.0	0.0	0.0	0.0	0.0	0.0	0.0	0.0	0.0	47.241379310344826	0.0	0.011779755	-0.062255700000000004	1.015927575	2.47212	0.27468	0.25942	3498366.0	1776545388.592523	0.0	1.0	-1.0	-1.0	-1.0	-1.0	-1.0	-1.0	-1.0	-1.0	0.0	opened-hand	Open	1	calibration_20260418_134934	marker
-73743.56999999999	-35939.744999999995	-108977.44499999999	-19774.44	0.0	0.0	0.0	0.0	0.0	0.0	0.0	0.0	0.0	0.0	0.0	0.0	0.0	0.0	47.241379310344826	0.0	0.011779755	-0.062255700000000004	1.015927575	2.47212	0.27468	0.25942	3498367.0	1776545388.592532	0.0	1.0	-1.0	-1.0	-1.0	-1.0	-1.0	-1.0	-1.0	-1.0	0.0	opened-hand	Open	1	calibration_20260418_134934	marker
-73756.035	-35926.83	-108962.37	-19749.555	0.0	0.0	0.0	0.0	0.0	0.0	0.0	0.0	0.0	0.0	0.0	0.0	0.0	0.0	47.241379310344826	0.0	0.011779755	-0.062255700000000004	1.015927575	2.47212	0.27468	0.25942	3498368.0	1776545388.592538	0.0	1.0	-1.0	-1.0	-1.0	-1.0	-1.0	-1.0	-1.0	-1.0	0.0	opened-hand	Open	1	calibration_20260418_134934	marker
-73735.92	-35913.645	-108958.00499999999	-19715.579999999998	0.0	0.0	0.0	0.0	0.0	0.0	0.0	0.0	0.0	0.0	0.0	0.0	0.0	0.0	47.241379310344826	0.0	0.011779755	-0.062255700000000004	1.015927575	2.47212	0.27468	0.25942	3498369.0	1776545388.592547	0.0	1.0	-1.0	-1.0	-1.0	-1.0	-1.0	-1.0	-1.0	-1.0	0.0	opened-hand	Open	1	calibration_20260418_134934	marker
-73714.36499999999	-35909.369999999995	-108930.465	-19702.485	0.0	0.0	0.0	0.0	0.0	0.0	0.0	0.0	0.0	0.0	0.0	0.0	0.0	0.0	47.241379310344826	0.0	0.011779755	-0.062255700000000004	1.015927575	2.47212	0.27468	0.25942	3498370.0	1776545388.592553	0.0	1.0	-1.0	-1.0	-1.0	-1.0	-1.0	-1.0	-1.0	-1.0	0.0	opened-hand	Open	1	calibration_20260418_134934	marker
-73832.4	-35927.685	-109053.09	-19818.36	0.0	0.0	0.0	0.0	0.0	0.0	0.0	0.0	0.0	0.0	0.0	0.0	0.0	0.0	47.241379310344826	0.0	0.011779755	-0.062255700000000004	1.015927575	2.47212	0.27468	0.25942	3498371.0	1776545388.592562	0.0	1.0	-1.0	-1.0	-1.0	-1.0	-1.0	-1.0	-1.0	-1.0	0.0	opened-hand	Open	1	calibration_20260418_134934	marker
-73765.305	-35940.284999999996	-109010.25	-19774.305	0.0	0.0	0.0	0.0	0.0	0.0	0.0	0.0	0.0	0.0	0.0	0.0	0.0	0.0	47.241379310344826	0.0	0.011779755	-0.062255700000000004	1.015927575	2.47212	0.27468	0.25942	3498372.0	1776545388.592569	0.0	1.0	-1.0	-1.0	-1.0	-1.0	-1.0	-1.0	-1.0	-1.0	0.0	opened-hand	Open	1	calibration_20260418_134934	marker
-73787.265	-35955.674999999996	-109041.48	-19802.565	0.0	0.0	0.0	0.0	0.0	0.0	0.0	0.0	0.0	0.0	0.0	0.0	0.0	0.0	47.241379310344826	0.0	0.011779755	-0.062255700000000004	1.015927575	2.47212	0.27468	0.25942	3498373.0	1776545388.592578	0.0	1.0	-1.0	-1.0	-1.0	-1.0	-1.0	-1.0	-1.0	-1.0	0.0	opened-hand	Open	1	calibration_20260418_134934	marker
-73844.81999999999	-35963.189999999995	-109085.625	-19860.614999999998	0.0	0.0	0.0	0.0	0.0	0.0	0.0	0.0	0.0	0.0	0.0	0.0	0.0	0.0	47.241379310344826	0.0	0.011779755	-0.062255700000000004	1.015927575	2.47212	0.27468	0.25942	3498374.0	1776545388.592584	0.0	1.0	-1.0	-1.0	-1.0	-1.0	-1.0	-1.0	-1.0	-1.0	0.0	opened-hand	Open	1	calibration_20260418_134934	marker
-73732.275	-35946.585	-108949.275	-19731.915	0.0	0.0	0.0	0.0	0.0	0.0	0.0	0.0	0.0	0.0	0.0	0.0	0.0	0.0	47.241379310344826	0.0	0.01293942	-0.06457503	1.017026205	3.29616	0.94612	-0.4578	3498375.0	1776545388.592594	0.0	1.0	-1.0	-1.0	-1.0	-1.0	-1.0	-1.0	-1.0	-1.0	0.0	opened-hand	Open	1	calibration_20260418_134934	marker
-73764.72	-35931.645	-108944.19	-19760.219999999998	0.0	0.0	0.0	0.0	0.0	0.0	0.0	0.0	0.0	0.0	0.0	0.0	0.0	0.0	47.241379310344826	0.0	0.01293942	-0.06457503	1.017026205	3.29616	0.94612	-0.4578	3498376.0	1776545388.5926	0.0	1.0	-1.0	-1.0	-1.0	-1.0	-1.0	-1.0	-1.0	-1.0	0.0	opened-hand	Open	1	calibration_20260418_134934	marker
-73757.06999999999	-35918.64	-108939.78	-19764.719999999998	0.0	0.0	0.0	0.0	0.0	0.0	0.0	0.0	0.0	0.0	0.0	0.0	0.0	0.0	47.241379310344826	0.0	0.01293942	-0.06457503	1.017026205	3.29616	0.94612	-0.4578	3498377.0	1776545388.592609	0.0	1.0	-1.0	-1.0	-1.0	-1.0	-1.0	-1.0	-1.0	-1.0	0.0	opened-hand	Open	1	calibration_20260418_134934	marker
-73755.62999999999	-35912.07	-108969.25499999999	-19706.265	0.0	0.0	0.0	0.0	0.0	0.0	0.0	0.0	0.0	0.0	0.0	0.0	0.0	0.0	47.241379310344826	0.0	0.01293942	-0.06457503	1.017026205	3.29616	0.94612	-0.4578	3498378.0	1776545388.592616	0.0	1.0	-1.0	-1.0	-1.0	-1.0	-1.0	-1.0	-1.0	-1.0	0.0	opened-hand	Open	1	calibration_20260418_134934	marker
-73813.59	-35918.909999999996	-108954.62999999999	-19697.715	0.0	0.0	0.0	0.0	0.0	0.0	0.0	0.0	0.0	0.0	0.0	0.0	0.0	0.0	47.241379310344826	0.0	0.01293942	-0.06457503	1.017026205	3.29616	0.94612	-0.4578	3498379.0	1776545388.592624	0.0	1.0	-1.0	-1.0	-1.0	-1.0	-1.0	-1.0	-1.0	-1.0	0.0	opened-hand	Open	1	calibration_20260418_134934	marker
-73834.92	-35933.354999999996	-108997.37999999999	-19732.32	0.0	0.0	0.0	0.0	0.0	0.0	0.0	0.0	0.0	0.0	0.0	0.0	0.0	0.0	47.241379310344826	0.0	0.01293942	-0.06457503	1.017026205	3.29616	0.94612	-0.4578	3498380.0	1776545388.592631	0.0	1.0	-1.0	-1.0	-1.0	-1.0	-1.0	-1.0	-1.0	-1.0	0.0	opened-hand	Open	1	calibration_20260418_134934	marker
-73824.705	-35949.915	-109098.72	-19838.34	0.0	0.0	0.0	0.0	0.0	0.0	0.0	0.0	0.0	0.0	0.0	0.0	0.0	0.0	47.241379310344826	0.0	0.01293942	-0.06457503	1.017026205	3.29616	0.94612	-0.4578	3498381.0	1776545388.59416	0.0	1.0	-1.0	-1.0	-1.0	-1.0	-1.0	-1.0	-1.0	-1.0	0.0	opened-hand	Open	1	calibration_20260418_134934	marker
-73804.41	-35956.575	-109081.89	-19844.505	0.0	0.0	0.0	0.0	0.0	0.0	0.0	0.0	0.0	0.0	0.0	0.0	0.0	0.0	47.241379310344826	0.0	0.01293942	-0.06457503	1.017026205	3.29616	0.94612	-0.4578	3498382.0	1776545388.594178	0.0	1.0	-1.0	-1.0	-1.0	-1.0	-1.0	-1.0	-1.0	-1.0	0.0	opened-hand	Open	1	calibration_20260418_134934	marker
-73770.435	-35951.174999999996	-109039.905	-19805.94	0.0	0.0	0.0	0.0	0.0	0.0	0.0	0.0	0.0	0.0	0.0	0.0	0.0	0.0	47.241379310344826	0.0	0.01293942	-0.06457503	1.017026205	3.29616	0.94612	-0.4578	3498383.0	1776545388.594199	0.0	1.0	-1.0	-1.0	-1.0	-1.0	-1.0	-1.0	-1.0	-1.0	0.0	opened-hand	Open	1	calibration_20260418_134934	marker
-73782.72	-35939.159999999996	-109052.28	-19809.765	0.0	0.0	0.0	0.0	0.0	0.0	0.0	0.0	0.0	0.0	0.0	0.0	0.0	0.0	47.241379310344826	0.0	0.01293942	-0.06457503	1.017026205	3.29616	0.94612	-0.4578	3498384.0	1776545388.594206	0.0	1.0	-1.0	-1.0	-1.0	-1.0	-1.0	-1.0	-1.0	-1.0	0.0	opened-hand	Open	1	calibration_20260418_134934	marker
-73708.73999999999	-35919.99	-108950.175	-19720.89	0.0	0.0	0.0	0.0	0.0	0.0	0.0	0.0	0.0	0.0	0.0	0.0	0.0	0.0	47.241379310344826	0.0	0.009582495	-0.06433089	1.021176585	4.02864	0.42728	-0.24416	3498385.0	1776545388.594216	0.0	1.0	-1.0	-1.0	-1.0	-1.0	-1.0	-1.0	-1.0	-1.0	0.0	opened-hand	Open	1	calibration_20260418_134934	marker
-73639.305	-35905.545	-108874.44	-19664.82	0.0	0.0	0.0	0.0	0.0	0.0	0.0	0.0	0.0	0.0	0.0	0.0	0.0	0.0	47.241379310344826	0.0	0.009582495	-0.06433089	1.021176585	4.02864	0.42728	-0.24416	3498386.0	1776545388.594223	0.0	1.0	-1.0	-1.0	-1.0	-1.0	-1.0	-1.0	-1.0	-1.0	0.0	opened-hand	Open	1	calibration_20260418_134934	marker
-73655.595	-35906.58	-108873.855	-19667.295	0.0	0.0	0.0	0.0	0.0	0.0	0.0	0.0	0.0	0.0	0.0	0.0	0.0	0.0	47.241379310344826	0.0	0.009582495	-0.06433089	1.021176585	4.02864	0.42728	-0.24416	3498387.0	1776545388.594233	0.0	1.0	-1.0	-1.0	-1.0	-1.0	-1.0	-1.0	-1.0	-1.0	0.0	opened-hand	Open	1	calibration_20260418_134934	marker
-73671.61499999999	-35915.13	-108886.36499999999	-19649.79	0.0	0.0	0.0	0.0	0.0	0.0	0.0	0.0	0.0	0.0	0.0	0.0	0.0	0.0	47.241379310344826	0.0	0.009582495	-0.06433089	1.021176585	4.02864	0.42728	-0.24416	3498388.0	1776545388.59424	0.0	1.0	-1.0	-1.0	-1.0	-1.0	-1.0	-1.0	-1.0	-1.0	0.0	opened-hand	Open	1	calibration_20260418_134934	marker
-73769.84999999999	-35934.975	-109021.905	-19757.88	0.0	0.0	0.0	0.0	0.0	0.0	0.0	0.0	0.0	0.0	0.0	0.0	0.0	0.0	47.241379310344826	0.0	0.009582495	-0.06433089	1.021176585	4.02864	0.42728	-0.24416	3498389.0	1776545388.594271	0.0	1.0	-1.0	-1.0	-1.0	-1.0	-1.0	-1.0	-1.0	-1.0	0.0	opened-hand	Open	1	calibration_20260418_134934	marker
-73756.935	-35948.34	-109033.11	-19796.399999999998	0.0	0.0	0.0	0.0	0.0	0.0	0.0	0.0	0.0	0.0	0.0	0.0	0.0	0.0	47.241379310344826	0.0	0.009582495	-0.06433089	1.021176585	4.02864	0.42728	-0.24416	3498390.0	1776545388.594278	0.0	1.0	-1.0	-1.0	-1.0	-1.0	-1.0	-1.0	-1.0	-1.0	0.0	opened-hand	Open	1	calibration_20260418_134934	marker
-73747.215	-35947.17	-108965.295	-19750.364999999998	0.0	0.0	0.0	0.0	0.0	0.0	0.0	0.0	0.0	0.0	0.0	0.0	0.0	0.0	47.241379310344826	0.0	0.009582495	-0.06433089	1.021176585	4.02864	0.42728	-0.24416	3498391.0	1776545388.595829	0.0	1.0	-1.0	-1.0	-1.0	-1.0	-1.0	-1.0	-1.0	-1.0	0.0	opened-hand	Open	1	calibration_20260418_134934	marker
-73827.0	-35937.405	-108951.39	-19723.545	0.0	0.0	0.0	0.0	0.0	0.0	0.0	0.0	0.0	0.0	0.0	0.0	0.0	0.0	47.241379310344826	0.0	0.009582495	-0.06433089	1.021176585	4.02864	0.42728	-0.24416	3498392.0	1776545388.595845	0.0	1.0	-1.0	-1.0	-1.0	-1.0	-1.0	-1.0	-1.0	-1.0	0.0	opened-hand	Open	1	calibration_20260418_134934	marker
-73625.12999999999	-35912.655	-108881.73	-19610.1	0.0	0.0	0.0	0.0	0.0	0.0	0.0	0.0	0.0	0.0	0.0	0.0	0.0	0.0	47.241379310344826	0.0	0.009582495	-0.06433089	1.021176585	4.02864	0.42728	-0.24416	3498393.0	1776545388.595865	0.0	1.0	-1.0	-1.0	-1.0	-1.0	-1.0	-1.0	-1.0	-1.0	0.0	opened-hand	Open	1	calibration_20260418_134934	marker
-73404.27	-35886.284999999996	-108712.39499999999	-19478.25	0.0	0.0	0.0	0.0	0.0	0.0	0.0	0.0	0.0	0.0	0.0	0.0	0.0	0.0	47.241379310344826	0.0	0.009582495	-0.06433089	1.021176585	4.02864	0.42728	-0.24416	3498394.0	1776545388.595873	0.0	1.0	-1.0	-1.0	-1.0	-1.0	-1.0	-1.0	-1.0	-1.0	0.0	opened-hand	Open	1	calibration_20260418_134934	marker
-73642.59	-35898.255	-108961.155	-19719.63	0.0	0.0	0.0	0.0	0.0	0.0	0.0	0.0	0.0	0.0	0.0	0.0	0.0	0.0	47.241379310344826	0.0	0.0073242	-0.05749497	1.02135969	2.85362	-0.27468	-0.5341	3498395.0	1776545388.595885	0.0	1.0	-1.0	-1.0	-1.0	-1.0	-1.0	-1.0	-1.0	-1.0	0.0	opened-hand	Open	1	calibration_20260418_134934	marker
-73916.595	-35920.35	-109163.11499999999	-19896.66	0.0	0.0	0.0	0.0	0.0	0.0	0.0	0.0	0.0	0.0	0.0	0.0	0.0	0.0	47.241379310344826	0.0	0.0073242	-0.05749497	1.02135969	2.85362	-0.27468	-0.5341	3498396.0	1776545388.595892	0.0	1.0	-1.0	-1.0	-1.0	-1.0	-1.0	-1.0	-1.0	-1.0	0.0	opened-hand	Open	1	calibration_20260418_134934	marker
-73899.765	-35934.885	-109133.19	-19883.655	0.0	0.0	0.0	0.0	0.0	0.0	0.0	0.0	0.0	0.0	0.0	0.0	0.0	0.0	47.241379310344826	0.0	0.0073242	-0.05749497	1.02135969	2.85362	-0.27468	-0.5341	3498397.0	1776545388.595902	0.0	1.0	-1.0	-1.0	-1.0	-1.0	-1.0	-1.0	-1.0	-1.0	0.0	opened-hand	Open	1	calibration_20260418_134934	marker
-73868.44499999999	-35946.854999999996	-109096.92	-19834.965	0.0	0.0	0.0	0.0	0.0	0.0	0.0	0.0	0.0	0.0	0.0	0.0	0.0	0.0	47.241379310344826	0.0	0.0073242	-0.05749497	1.02135969	2.85362	-0.27468	-0.5341	3498398.0	1776545388.595909	0.0	1.0	-1.0	-1.0	-1.0	-1.0	-1.0	-1.0	-1.0	-1.0	0.0	opened-hand	Open	1	calibration_20260418_134934	marker
-73837.485	-35950.365	-109070.86499999999	-19810.62	0.0	0.0	0.0	0.0	0.0	0.0	0.0	0.0	0.0	0.0	0.0	0.0	0.0	0.0	47.241379310344826	0.0	0.0073242	-0.05749497	1.02135969	2.85362	-0.27468	-0.5341	3498399.0	1776545388.595919	0.0	1.0	-1.0	-1.0	-1.0	-1.0	-1.0	-1.0	-1.0	-1.0	0.0	opened-hand	Open	1	calibration_20260418_134934	marker
-73770.93	-35936.46	-109011.42	-19753.11	0.0	0.0	0.0	0.0	0.0	0.0	0.0	0.0	0.0	0.0	0.0	0.0	0.0	0.0	47.241379310344826	0.0	0.0073242	-0.05749497	1.02135969	2.85362	-0.27468	-0.5341	3498400.0	1776545388.595925	0.0	1.0	-1.0	-1.0	-1.0	-1.0	-1.0	-1.0	-1.0	-1.0	0.0	opened-hand	Open	1	calibration_20260418_134934	marker
-73661.76	-35916.885	-108964.485	-19709.415	0.0	0.0	0.0	0.0	0.0	0.0	0.0	0.0	0.0	0.0	0.0	0.0	0.0	0.0	47.241379310344826	0.0	0.0073242	-0.05749497	1.02135969	2.85362	-0.27468	-0.5341	3498401.0	1776545388.595935	0.0	1.0	-1.0	-1.0	-1.0	-1.0	-1.0	-1.0	-1.0	-1.0	0.0	opened-hand	Open	1	calibration_20260418_134934	marker
-73587.105	-35897.13	-108868.995	-19625.489999999998	0.0	0.0	0.0	0.0	0.0	0.0	0.0	0.0	0.0	0.0	0.0	0.0	0.0	0.0	47.241379310344826	0.0	0.0073242	-0.05749497	1.02135969	2.85362	-0.27468	-0.5341	3498402.0	1776545388.595942	0.0	1.0	-1.0	-1.0	-1.0	-1.0	-1.0	-1.0	-1.0	-1.0	0.0	opened-hand	Open	1	calibration_20260418_134934	marker
-73587.105	-35897.13	-108868.995	-19625.489999999998	0.0	0.0	0.0	0.0	0.0	0.0	0.0	0.0	0.0	0.0	0.0	0.0	0.0	0.0	47.241379310344826	0.0	0.0073242	-0.05749497	1.02135969	2.85362	-0.27468	-0.5341	3498403.0	1776545388.595951	0.0	1.0	-1.0	-1.0	-1.0	-1.0	-1.0	-1.0	-1.0	-1.0	0.0	opened-hand	Open	1	calibration_20260418_134934	marker
-73587.105	-35897.13	-108868.995	-19625.489999999998	0.0	0.0	0.0	0.0	0.0	0.0	0.0	0.0	0.0	0.0	0.0	0.0	0.0	0.0	47.241379310344826	0.0	0.0073242	-0.05749497	1.02135969	2.85362	-0.27468	-0.5341	3498404.0	1776545388.595957	0.0	1.0	-1.0	-1.0	-1.0	-1.0	-1.0	-1.0	-1.0	-1.0	0.0	opened-hand	Open	1	calibration_20260418_134934	marker
-73587.105	-35897.13	-108868.995	-19625.489999999998	0.0	0.0	0.0	0.0	0.0	0.0	0.0	0.0	0.0	0.0	0.0	0.0	0.0	0.0	47.241379310344826	0.0	0.0073242	-0.05749497	1.02135969	2.85362	-0.27468	-0.5341	3498405.0	1776545388.595962	0.0	1.0	-1.0	-1.0	-1.0	-1.0	-1.0	-1.0	-1.0	-1.0	0.0	opened-hand	Open	1	calibration_20260418_134934	marker
-73587.105	-35897.13	-108868.995	-19625.489999999998	0.0	0.0	0.0	0.0	0.0	0.0	0.0	0.0	0.0	0.0	0.0	0.0	0.0	0.0	47.241379310344826	0.0	0.0073242	-0.05749497	1.02135969	2.85362	-0.27468	-0.5341	3498406.0	1776545388.595967	0.0	1.0	-1.0	-1.0	-1.0	-1.0	-1.0	-1.0	-1.0	-1.0	0.0	opened-hand	Open	1	calibration_20260418_134934	marker
-73649.11499999999	-35924.04	-108870.93	-19607.715	0.0	0.0	0.0	0.0	0.0	0.0	0.0	0.0	0.0	0.0	0.0	0.0	0.0	0.0	47.241379310344826	0.0	0.009216285	-0.058166355	1.021176585	2.5484199999999997	-0.51884	-0.48832	3498409.0	1776545388.605738	0.0	1.0	-1.0	-1.0	-1.0	-1.0	-1.0	-1.0	-1.0	-1.0	0.0	opened-hand	Open	1	calibration_20260418_134934	marker
-73718.28	-35919.27	-108955.845	-19719.765	0.0	0.0	0.0	0.0	0.0	0.0	0.0	0.0	0.0	0.0	0.0	0.0	0.0	0.0	47.241379310344826	0.0	0.009216285	-0.058166355	1.021176585	2.5484199999999997	-0.51884	-0.48832	3498410.0	1776545388.605837	0.0	1.0	-1.0	-1.0	-1.0	-1.0	-1.0	-1.0	-1.0	-1.0	0.0	opened-hand	Open	1	calibration_20260418_134934	marker
-73792.845	-35919.045	-109060.69499999999	-19810.079999999998	0.0	0.0	0.0	0.0	0.0	0.0	0.0	0.0	0.0	0.0	0.0	0.0	0.0	0.0	47.241379310344826	0.0	0.009216285	-0.058166355	1.021176585	2.5484199999999997	-0.51884	-0.48832	3498411.0	1776545388.605907	0.0	1.0	-1.0	-1.0	-1.0	-1.0	-1.0	-1.0	-1.0	-1.0	0.0	opened-hand	Open	1	calibration_20260418_134934	marker
-73695.59999999999	-35916.57	-108988.01999999999	-19707.39	0.0	0.0	0.0	0.0	0.0	0.0	0.0	0.0	0.0	0.0	0.0	0.0	0.0	0.0	47.241379310344826	0.0	0.009216285	-0.058166355	1.021176585	2.5484199999999997	-0.51884	-0.48832	3498412.0	1776545388.605914	0.0	1.0	-1.0	-1.0	-1.0	-1.0	-1.0	-1.0	-1.0	-1.0	0.0	opened-hand	Open	1	calibration_20260418_134934	marker
-73633.77	-35923.32	-108909.26999999999	-19642.86	0.0	0.0	0.0	0.0	0.0	0.0	0.0	0.0	0.0	0.0	0.0	0.0	0.0	0.0	47.241379310344826	0.0	0.009216285	-0.058166355	1.021176585	2.5484199999999997	-0.51884	-0.48832	3498413.0	1776545388.609542	0.0	1.0	-1.0	-1.0	-1.0	-1.0	-1.0	-1.0	-1.0	-1.0	0.0	opened-hand	Open	1	calibration_20260418_134934	marker
-73673.055	-35940.015	-108923.94	-19662.12	0.0	0.0	0.0	0.0	0.0	0.0	0.0	0.0	0.0	0.0	0.0	0.0	0.0	0.0	47.241379310344826	0.0	0.009216285	-0.058166355	1.021176585	2.5484199999999997	-0.51884	-0.48832	3498414.0	1776545388.609588	0.0	1.0	-1.0	-1.0	-1.0	-1.0	-1.0	-1.0	-1.0	-1.0	0.0	opened-hand	Open	1	calibration_20260418_134934	marker
-73736.81999999999	-35954.685	-108954.495	-19712.88	0.0	0.0	0.0	0.0	0.0	0.0	0.0	0.0	0.0	0.0	0.0	0.0	0.0	0.0	47.241379310344826	0.0	0.00903318	-0.06603987	1.02197004	4.56274	-0.36624	-1.26658	3498415.0	1776545388.617309	0.0	1.0	-1.0	-1.0	-1.0	-1.0	-1.0	-1.0	-1.0	-1.0	0.0	opened-hand	Open	1	calibration_20260418_134934	marker
-73890.855	-35962.47	-109132.73999999999	-19884.105	0.0	0.0	0.0	0.0	0.0	0.0	0.0	0.0	0.0	0.0	0.0	0.0	0.0	0.0	47.241379310344826	0.0	0.00903318	-0.06603987	1.02197004	4.56274	-0.36624	-1.26658	3498416.0	1776545388.617339	0.0	1.0	-1.0	-1.0	-1.0	-1.0	-1.0	-1.0	-1.0	-1.0	0.0	opened-hand	Open	1	calibration_20260418_134934	marker
-73882.17	-35953.74	-109211.58	-19944.405	0.0	0.0	0.0	0.0	0.0	0.0	0.0	0.0	0.0	0.0	0.0	0.0	0.0	0.0	47.241379310344826	0.0	0.00903318	-0.06603987	1.02197004	4.56274	-0.36624	-1.26658	3498417.0	1776545388.617367	0.0	1.0	-1.0	-1.0	-1.0	-1.0	-1.0	-1.0	-1.0	-1.0	0.0	opened-hand	Open	1	calibration_20260418_134934	marker
-73807.33499999999	-35936.325	-109146.69	-19842.48	0.0	0.0	0.0	0.0	0.0	0.0	0.0	0.0	0.0	0.0	0.0	0.0	0.0	0.0	47.241379310344826	0.0	0.00903318	-0.06603987	1.02197004	4.56274	-0.36624	-1.26658	3498418.0	1776545388.61738	0.0	1.0	-1.0	-1.0	-1.0	-1.0	-1.0	-1.0	-1.0	-1.0	0.0	opened-hand	Open	1	calibration_20260418_134934	marker
-73769.94	-35921.205	-109088.14499999999	-19786.68	0.0	0.0	0.0	0.0	0.0	0.0	0.0	0.0	0.0	0.0	0.0	0.0	0.0	0.0	47.241379310344826	0.0	0.00903318	-0.06603987	1.02197004	4.56274	-0.36624	-1.26658	3498419.0	1776545388.652199	0.0	1.0	-1.0	-1.0	-1.0	-1.0	-1.0	-1.0	-1.0	-1.0	0.0	opened-hand	Open	1	calibration_20260418_134934	marker
-73624.68	-35904.735	-108859.275	-19594.575	0.0	0.0	0.0	0.0	0.0	0.0	0.0	0.0	0.0	0.0	0.0	0.0	0.0	0.0	47.241379310344826	0.0	0.00903318	-0.06603987	1.02197004	4.56274	-0.36624	-1.26658	3498420.0	1776545388.652218	0.0	1.0	-1.0	-1.0	-1.0	-1.0	-1.0	-1.0	-1.0	-1.0	0.0	opened-hand	Open	1	calibration_20260418_134934	marker
-73721.87999999999	-35917.695	-108928.17	-19649.295	0.0	0.0	0.0	0.0	0.0	0.0	0.0	0.0	0.0	0.0	0.0	0.0	0.0	0.0	47.241379310344826	0.0	0.00903318	-0.06603987	1.02197004	4.56274	-0.36624	-1.26658	3498421.0	1776545388.65223	0.0	1.0	-1.0	-1.0	-1.0	-1.0	-1.0	-1.0	-1.0	-1.0	0.0	opened-hand	Open	1	calibration_20260418_134934	marker
-73815.03	-35939.52	-109052.14499999999	-19760.895	0.0	0.0	0.0	0.0	0.0	0.0	0.0	0.0	0.0	0.0	0.0	0.0	0.0	0.0	47.241379310344826	0.0	0.00903318	-0.06603987	1.02197004	4.56274	-0.36624	-1.26658	3498422.0	1776545388.652236	0.0	1.0	-1.0	-1.0	-1.0	-1.0	-1.0	-1.0	-1.0	-1.0	0.0	opened-hand	Open	1	calibration_20260418_134934	marker
-73779.345	-35953.56	-109096.92	-19817.46	0.0	0.0	0.0	0.0	0.0	0.0	0.0	0.0	0.0	0.0	0.0	0.0	0.0	0.0	47.241379310344826	0.0	0.00903318	-0.06603987	1.02197004	4.56274	-0.36624	-1.26658	3498423.0	1776545388.652243	0.0	1.0	-1.0	-1.0	-1.0	-1.0	-1.0	-1.0	-1.0	-1.0	0.0	opened-hand	Open	1	calibration_20260418_134934	marker
-73850.58	-35966.07	-109162.17	-19872.495	0.0	0.0	0.0	0.0	0.0	0.0	0.0	0.0	0.0	0.0	0.0	0.0	0.0	0.0	47.241379310344826	0.0	0.00903318	-0.06603987	1.02197004	4.56274	-0.36624	-1.26658	3498424.0	1776545388.652249	0.0	1.0	-1.0	-1.0	-1.0	-1.0	-1.0	-1.0	-1.0	-1.0	0.0	opened-hand	Open	1	calibration_20260418_134934	marker
-73831.59	-35958.42	-109102.095	-19828.035	0.0	0.0	0.0	0.0	0.0	0.0	0.0	0.0	0.0	0.0	0.0	0.0	0.0	0.0	47.241379310344826	0.0	0.00805662	-0.062560875	1.02111555	4.51696	-0.06104	-0.6409199999999999	3498425.0	1776545388.652256	0.0	1.0	-1.0	-1.0	-1.0	-1.0	-1.0	-1.0	-1.0	-1.0	0.0	opened-hand	Open	1	calibration_20260418_134934	marker
-73731.465	-35935.784999999996	-109000.125	-19732.32	0.0	0.0	0.0	0.0	0.0	0.0	0.0	0.0	0.0	0.0	0.0	0.0	0.0	0.0	47.241379310344826	0.0	0.00805662	-0.062560875	1.02111555	4.51696	-0.06104	-0.6409199999999999	3498426.0	1776545388.652261	0.0	1.0	-1.0	-1.0	-1.0	-1.0	-1.0	-1.0	-1.0	-1.0	0.0	opened-hand	Open	1	calibration_20260418_134934	marker
-73720.98	-35922.465	-108988.83	-19712.07	0.0	0.0	0.0	0.0	0.0	0.0	0.0	0.0	0.0	0.0	0.0	0.0	0.0	0.0	47.241379310344826	0.0	0.00805662	-0.062560875	1.02111555	4.51696	-0.06104	-0.6409199999999999	3498427.0	1776545388.652268	0.0	1.0	-1.0	-1.0	-1.0	-1.0	-1.0	-1.0	-1.0	-1.0	0.0	opened-hand	Open	1	calibration_20260418_134934	marker
-73707.66	-35917.83	-109021.815	-19757.295	0.0	0.0	0.0	0.0	0.0	0.0	0.0	0.0	0.0	0.0	0.0	0.0	0.0	0.0	47.241379310344826	0.0	0.00805662	-0.062560875	1.02111555	4.51696	-0.06104	-0.6409199999999999	3498428.0	1776545388.652274	0.0	1.0	-1.0	-1.0	-1.0	-1.0	-1.0	-1.0	-1.0	-1.0	0.0	opened-hand	Open	1	calibration_20260418_134934	marker
-73726.065	-35923.814999999995	-109026.62999999999	-19755.09	0.0	0.0	0.0	0.0	0.0	0.0	0.0	0.0	0.0	0.0	0.0	0.0	0.0	0.0	47.241379310344826	0.0	0.00805662	-0.062560875	1.02111555	4.51696	-0.06104	-0.6409199999999999	3498429.0	1776545388.652282	0.0	1.0	-1.0	-1.0	-1.0	-1.0	-1.0	-1.0	-1.0	-1.0	0.0	opened-hand	Open	1	calibration_20260418_134934	marker
-73691.37	-35934.84	-108947.11499999999	-19655.594999999998	0.0	0.0	0.0	0.0	0.0	0.0	0.0	0.0	0.0	0.0	0.0	0.0	0.0	0.0	47.241379310344826	0.0	0.00805662	-0.062560875	1.02111555	4.51696	-0.06104	-0.6409199999999999	3498430.0	1776545388.652287	0.0	1.0	-1.0	-1.0	-1.0	-1.0	-1.0	-1.0	-1.0	-1.0	0.0	opened-hand	Open	1	calibration_20260418_134934	marker
-73656.135	-35945.28	-108898.2	-19620.045	0.0	0.0	0.0	0.0	0.0	0.0	0.0	0.0	0.0	0.0	0.0	0.0	0.0	0.0	47.241379310344826	0.0	0.00805662	-0.062560875	1.02111555	4.51696	-0.06104	-0.6409199999999999	3498431.0	1776545388.652294	0.0	1.0	-1.0	-1.0	-1.0	-1.0	-1.0	-1.0	-1.0	-1.0	0.0	opened-hand	Open	1	calibration_20260418_134934	marker
-73801.08	-35964.18	-109062.94499999999	-19790.774999999998	0.0	0.0	0.0	0.0	0.0	0.0	0.0	0.0	0.0	0.0	0.0	0.0	0.0	0.0	47.241379310344826	0.0	0.00805662	-0.062560875	1.02111555	4.51696	-0.06104	-0.6409199999999999	3498432.0	1776545388.652299	0.0	1.0	-1.0	-1.0	-1.0	-1.0	-1.0	-1.0	-1.0	-1.0	0.0	opened-hand	Open	1	calibration_20260418_134934	marker
-73750.995	-35956.53	-108999.62999999999	-19741.905	0.0	0.0	0.0	0.0	0.0	0.0	0.0	0.0	0.0	0.0	0.0	0.0	0.0	0.0	47.241379310344826	0.0	0.00805662	-0.062560875	1.02111555	4.51696	-0.06104	-0.6409199999999999	3498433.0	1776545388.652307	0.0	1.0	-1.0	-1.0	-1.0	-1.0	-1.0	-1.0	-1.0	-1.0	0.0	opened-hand	Open	1	calibration_20260418_134934	marker
-73794.915	-35943.659999999996	-109038.33	-19764.945	0.0	0.0	0.0	0.0	0.0	0.0	0.0	0.0	0.0	0.0	0.0	0.0	0.0	0.0	47.241379310344826	0.0	0.00805662	-0.062560875	1.02111555	4.51696	-0.06104	-0.6409199999999999	3498434.0	1776545388.652312	0.0	1.0	-1.0	-1.0	-1.0	-1.0	-1.0	-1.0	-1.0	-1.0	0.0	opened-hand	Open	1	calibration_20260418_134934	marker
-73736.64	-35927.235	-109041.03	-19770.66	0.0	0.0	0.0	0.0	0.0	0.0	0.0	0.0	0.0	0.0	0.0	0.0	0.0	0.0	47.241379310344826	0.0	0.008850075	-0.055541850000000004	1.01745345	2.7468	-0.06104	-0.763	3498435.0	1776545388.656969	0.0	1.0	-1.0	-1.0	-1.0	-1.0	-1.0	-1.0	-1.0	-1.0	0.0	opened-hand	Open	1	calibration_20260418_134934	marker
-73749.42	-35917.38	-109098.045	-19800.765	0.0	0.0	0.0	0.0	0.0	0.0	0.0	0.0	0.0	0.0	0.0	0.0	0.0	0.0	47.241379310344826	0.0	0.008850075	-0.055541850000000004	1.01745345	2.7468	-0.06104	-0.763	3498436.0	1776545388.656984	0.0	1.0	-1.0	-1.0	-1.0	-1.0	-1.0	-1.0	-1.0	-1.0	0.0	opened-hand	Open	1	calibration_20260418_134934	marker
-73731.33	-35914.994999999995	-109017.675	-19713.78	0.0	0.0	0.0	0.0	0.0	0.0	0.0	0.0	0.0	0.0	0.0	0.0	0.0	0.0	47.241379310344826	0.0	0.008850075	-0.055541850000000004	1.01745345	2.7468	-0.06104	-0.763	3498437.0	1776545388.657527	0.0	1.0	-1.0	-1.0	-1.0	-1.0	-1.0	-1.0	-1.0	-1.0	0.0	opened-hand	Open	1	calibration_20260418_134934	marker
-73681.65	-35923.814999999995	-108931.76999999999	-19656.54	0.0	0.0	0.0	0.0	0.0	0.0	0.0	0.0	0.0	0.0	0.0	0.0	0.0	0.0	47.241379310344826	0.0	0.008850075	-0.055541850000000004	1.01745345	2.7468	-0.06104	-0.763	3498438.0	1776545388.657533	0.0	1.0	-1.0	-1.0	-1.0	-1.0	-1.0	-1.0	-1.0	-1.0	0.0	opened-hand	Open	1	calibration_20260418_134934	marker
-73784.565	-35947.17	-109068.93	-19784.88	0.0	0.0	0.0	0.0	0.0	0.0	0.0	0.0	0.0	0.0	0.0	0.0	0.0	0.0	47.241379310344826	0.0	0.008850075	-0.055541850000000004	1.01745345	2.7468	-0.06104	-0.763	3498439.0	1776545388.661631	0.0	1.0	-1.0	-1.0	-1.0	-1.0	-1.0	-1.0	-1.0	-1.0	0.0	opened-hand	Open	1	calibration_20260418_134934	marker
-73669.995	-35952.93	-108950.22	-19652.085	0.0	0.0	0.0	0.0	0.0	0.0	0.0	0.0	0.0	0.0	0.0	0.0	0.0	0.0	47.241379310344826	0.0	0.008850075	-0.055541850000000004	1.01745345	2.7468	-0.06104	-0.763	3498440.0	1776545388.661636	0.0	1.0	-1.0	-1.0	-1.0	-1.0	-1.0	-1.0	-1.0	-1.0	0.0	opened-hand	Open	1	calibration_20260418_134934	marker
-73587.78	-35948.295	-108860.44499999999	-19576.17	0.0	0.0	0.0	0.0	0.0	0.0	0.0	0.0	0.0	0.0	0.0	0.0	0.0	0.0	47.241379310344826	0.0	0.008850075	-0.055541850000000004	1.01745345	2.7468	-0.06104	-0.763	3498441.0	1776545388.665723	0.0	1.0	-1.0	-1.0	-1.0	-1.0	-1.0	-1.0	-1.0	-1.0	0.0	opened-hand	Open	1	calibration_20260418_134934	marker
-73693.53	-35947.08	-108987.25499999999	-19707.21	0.0	0.0	0.0	0.0	0.0	0.0	0.0	0.0	0.0	0.0	0.0	0.0	0.0	0.0	47.241379310344826	0.0	0.008850075	-0.055541850000000004	1.01745345	2.7468	-0.06104	-0.763	3498442.0	1776545388.665729	0.0	1.0	-1.0	-1.0	-1.0	-1.0	-1.0	-1.0	-1.0	-1.0	0.0	opened-hand	Open	1	calibration_20260418_134934	marker
-73766.745	-35940.555	-109035.9	-19775.565	0.0	0.0	0.0	0.0	0.0	0.0	0.0	0.0	0.0	0.0	0.0	0.0	0.0	0.0	47.241379310344826	0.0	0.008850075	-0.055541850000000004	1.01745345	2.7468	-0.06104	-0.763	3498443.0	1776545388.669904	0.0	1.0	-1.0	-1.0	-1.0	-1.0	-1.0	-1.0	-1.0	-1.0	0.0	opened-hand	Open	1	calibration_20260418_134934	marker
-73701.045	-35930.79	-108961.37999999999	-19723.094999999998	0.0	0.0	0.0	0.0	0.0	0.0	0.0	0.0	0.0	0.0	0.0	0.0	0.0	0.0	47.241379310344826	0.0	0.008850075	-0.055541850000000004	1.01745345	2.7468	-0.06104	-0.763	3498444.0	1776545388.66991	0.0	1.0	-1.0	-1.0	-1.0	-1.0	-1.0	-1.0	-1.0	-1.0	0.0	opened-hand	Open	1	calibration_20260418_134934	marker
-73687.545	-35931.33	-108993.87	-19674.63	0.0	0.0	0.0	0.0	0.0	0.0	0.0	0.0	0.0	0.0	0.0	0.0	0.0	0.0	47.241379310344826	0.0	0.011047335	-0.055114605000000004	1.016171715	2.73154	0.12208	-0.54936	3498445.0	1776545388.673673	0.0	1.0	-1.0	-1.0	-1.0	-1.0	-1.0	-1.0	-1.0	-1.0	0.0	opened-hand	Open	1	calibration_20260418_134934	marker
-73688.805	-35940.284999999996	-108980.685	-19624.59	0.0	0.0	0.0	0.0	0.0	0.0	0.0	0.0	0.0	0.0	0.0	0.0	0.0	0.0	47.241379310344826	0.0	0.011047335	-0.055114605000000004	1.016171715	2.73154	0.12208	-0.54936	3498446.0	1776545388.673677	0.0	1.0	-1.0	-1.0	-1.0	-1.0	-1.0	-1.0	-1.0	-1.0	0.0	opened-hand	Open	1	calibration_20260418_134934	marker
-73834.515	-35964.27	-109081.53	-19779.704999999998	0.0	0.0	0.0	0.0	0.0	0.0	0.0	0.0	0.0	0.0	0.0	0.0	0.0	0.0	47.241379310344826	0.0	0.011047335	-0.055114605000000004	1.016171715	2.73154	0.12208	-0.54936	3498447.0	1776545388.679455	0.0	1.0	-1.0	-1.0	-1.0	-1.0	-1.0	-1.0	-1.0	-1.0	0.0	opened-hand	Open	1	calibration_20260418_134934	marker
-73903.455	-35986.365	-109197.36	-19897.469999999998	0.0	0.0	0.0	0.0	0.0	0.0	0.0	0.0	0.0	0.0	0.0	0.0	0.0	0.0	47.241379310344826	0.0	0.011047335	-0.055114605000000004	1.016171715	2.73154	0.12208	-0.54936	3498448.0	1776545388.67946	0.0	1.0	-1.0	-1.0	-1.0	-1.0	-1.0	-1.0	-1.0	-1.0	0.0	opened-hand	Open	1	calibration_20260418_134934	marker
-73889.415	-35991.585	-109178.50499999999	-19863.405	0.0	0.0	0.0	0.0	0.0	0.0	0.0	0.0	0.0	0.0	0.0	0.0	0.0	0.0	47.241379310344826	0.0	0.011047335	-0.055114605000000004	1.016171715	2.73154	0.12208	-0.54936	3498449.0	1776545388.682182	0.0	1.0	-1.0	-1.0	-1.0	-1.0	-1.0	-1.0	-1.0	-1.0	0.0	opened-hand	Open	1	calibration_20260418_134934	marker
-73787.48999999999	-35980.695	-109115.28	-19809.27	0.0	0.0	0.0	0.0	0.0	0.0	0.0	0.0	0.0	0.0	0.0	0.0	0.0	0.0	47.241379310344826	0.0	0.011047335	-0.055114605000000004	1.016171715	2.73154	0.12208	-0.54936	3498450.0	1776545388.682195	0.0	1.0	-1.0	-1.0	-1.0	-1.0	-1.0	-1.0	-1.0	-1.0	0.0	opened-hand	Open	1	calibration_20260418_134934	marker
-73657.75499999999	-35959.814999999995	-109018.39499999999	-19719.765	0.0	0.0	0.0	0.0	0.0	0.0	0.0	0.0	0.0	0.0	0.0	0.0	0.0	0.0	47.241379310344826	0.0	0.011047335	-0.055114605000000004	1.016171715	2.73154	0.12208	-0.54936	3498451.0	1776545388.685559	0.0	1.0	-1.0	-1.0	-1.0	-1.0	-1.0	-1.0	-1.0	-1.0	0.0	opened-hand	Open	1	calibration_20260418_134934	marker
-73722.465	-35952.479999999996	-109027.08	-19760.085	0.0	0.0	0.0	0.0	0.0	0.0	0.0	0.0	0.0	0.0	0.0	0.0	0.0	0.0	47.241379310344826	0.0	0.011047335	-0.055114605000000004	1.016171715	2.73154	0.12208	-0.54936	3498452.0	1776545388.685566	0.0	1.0	-1.0	-1.0	-1.0	-1.0	-1.0	-1.0	-1.0	-1.0	0.0	opened-hand	Open	1	calibration_20260418_134934	marker
-73765.17	-35949.104999999996	-109009.26	-19743.255	0.0	0.0	0.0	0.0	0.0	0.0	0.0	0.0	0.0	0.0	0.0	0.0	0.0	0.0	47.241379310344826	0.0	0.011047335	-0.055114605000000004	1.016171715	2.73154	0.12208	-0.54936	3498453.0	1776545388.68968	0.0	1.0	-1.0	-1.0	-1.0	-1.0	-1.0	-1.0	-1.0	-1.0	0.0	opened-hand	Open	1	calibration_20260418_134934	marker
-73623.42	-35943.525	-108898.155	-19588.454999999998	0.0	0.0	0.0	0.0	0.0	0.0	0.0	0.0	0.0	0.0	0.0	0.0	0.0	0.0	47.241379310344826	0.0	0.011047335	-0.055114605000000004	1.016171715	2.73154	0.12208	-0.54936	3498454.0	1776545388.689685	0.0	1.0	-1.0	-1.0	-1.0	-1.0	-1.0	-1.0	-1.0	-1.0	0.0	opened-hand	Open	1	calibration_20260418_134934	marker
-73697.58	-35962.244999999995	-108995.53499999999	-19667.79	0.0	0.0	0.0	0.0	0.0	0.0	0.0	0.0	0.0	0.0	0.0	0.0	0.0	0.0	47.241379310344826	0.0	0.01391598	-0.052795275	1.013852385	1.95328	0.54936	-0.09156	3498455.0	1776545388.693777	0.0	1.0	-1.0	-1.0	-1.0	-1.0	-1.0	-1.0	-1.0	-1.0	0.0	opened-hand	Open	1	calibration_20260418_134934	marker
-73854.405	-35994.465	-109165.40999999999	-19838.43	0.0	0.0	0.0	0.0	0.0	0.0	0.0	0.0	0.0	0.0	0.0	0.0	0.0	0.0	47.241379310344826	0.0	0.01391598	-0.052795275	1.013852385	1.95328	0.54936	-0.09156	3498456.0	1776545388.693789	0.0	1.0	-1.0	-1.0	-1.0	-1.0	-1.0	-1.0	-1.0	-1.0	0.0	opened-hand	Open	1	calibration_20260418_134934	marker
-73945.215	-36010.17	-109189.305	-19853.37	0.0	0.0	0.0	0.0	0.0	0.0	0.0	0.0	0.0	0.0	0.0	0.0	0.0	0.0	47.241379310344826	0.0	0.01391598	-0.052795275	1.013852385	1.95328	0.54936	-0.09156	3498457.0	1776545388.69952	0.0	1.0	-1.0	-1.0	-1.0	-1.0	-1.0	-1.0	-1.0	-1.0	0.0	opened-hand	Open	1	calibration_20260418_134934	marker
-73983.19499999999	-36007.604999999996	-109204.155	-19880.325	0.0	0.0	0.0	0.0	0.0	0.0	0.0	0.0	0.0	0.0	0.0	0.0	0.0	0.0	47.241379310344826	0.0	0.01391598	-0.052795275	1.013852385	1.95328	0.54936	-0.09156	3498458.0	1776545388.699525	0.0	1.0	-1.0	-1.0	-1.0	-1.0	-1.0	-1.0	-1.0	-1.0	0.0	opened-hand	Open	1	calibration_20260418_134934	marker
-73698.25499999999	-35981.955	-109066.31999999999	-19760.399999999998	0.0	0.0	0.0	0.0	0.0	0.0	0.0	0.0	0.0	0.0	0.0	0.0	0.0	0.0	47.241379310344826	0.0	0.01391598	-0.052795275	1.013852385	1.95328	0.54936	-0.09156	3498459.0	1776545388.701676	0.0	1.0	-1.0	-1.0	-1.0	-1.0	-1.0	-1.0	-1.0	-1.0	0.0	opened-hand	Open	1	calibration_20260418_134934	marker
-73655.81999999999	-35964.405	-109037.87999999999	-19750.184999999998	0.0	0.0	0.0	0.0	0.0	0.0	0.0	0.0	0.0	0.0	0.0	0.0	0.0	0.0	47.241379310344826	0.0	0.01391598	-0.052795275	1.013852385	1.95328	0.54936	-0.09156	3498460.0	1776545388.70168	0.0	1.0	-1.0	-1.0	-1.0	-1.0	-1.0	-1.0	-1.0	-1.0	0.0	opened-hand	Open	1	calibration_20260418_134934	marker
-73658.43	-35951.58	-108929.11499999999	-19668.015	0.0	0.0	0.0	0.0	0.0	0.0	0.0	0.0	0.0	0.0	0.0	0.0	0.0	0.0	47.241379310344826	0.0	0.01391598	-0.052795275	1.013852385	1.95328	0.54936	-0.09156	3498461.0	1776545388.70826	0.0	1.0	-1.0	-1.0	-1.0	-1.0	-1.0	-1.0	-1.0	-1.0	0.0	opened-hand	Open	1	calibration_20260418_134934	marker
-73558.305	-35948.295	-108831.42	-19533.285	0.0	0.0	0.0	0.0	0.0	0.0	0.0	0.0	0.0	0.0	0.0	0.0	0.0	0.0	47.241379310344826	0.0	0.01391598	-0.052795275	1.013852385	1.95328	0.54936	-0.09156	3498462.0	1776545388.708264	0.0	1.0	-1.0	-1.0	-1.0	-1.0	-1.0	-1.0	-1.0	-1.0	0.0	opened-hand	Open	1	calibration_20260418_134934	marker
-73587.33	-35964.585	-108936.315	-19593.045	0.0	0.0	0.0	0.0	0.0	0.0	0.0	0.0	0.0	0.0	0.0	0.0	0.0	0.0	47.241379310344826	0.0	0.01391598	-0.052795275	1.013852385	1.95328	0.54936	-0.09156	3498463.0	1776545388.70964	0.0	1.0	-1.0	-1.0	-1.0	-1.0	-1.0	-1.0	-1.0	-1.0	0.0	opened-hand	Open	1	calibration_20260418_134934	marker
-73767.555	-35989.02	-109129.815	-19795.725	0.0	0.0	0.0	0.0	0.0	0.0	0.0	0.0	0.0	0.0	0.0	0.0	0.0	0.0	47.241379310344826	0.0	0.01391598	-0.052795275	1.013852385	1.95328	0.54936	-0.09156	3498464.0	1776545388.709644	0.0	1.0	-1.0	-1.0	-1.0	-1.0	-1.0	-1.0	-1.0	-1.0	0.0	opened-hand	Open	1	calibration_20260418_134934	marker
-73903.59	-36007.02	-109253.385	-19935.675	0.0	0.0	0.0	0.0	0.0	0.0	0.0	0.0	0.0	0.0	0.0	0.0	0.0	0.0	47.241379310344826	0.0	0.014465295	-0.0500487	1.016293785	1.12924	0.763	-0.06104	3498465.0	1776545388.713864	0.0	1.0	-1.0	-1.0	-1.0	-1.0	-1.0	-1.0	-1.0	-1.0	0.0	opened-hand	Open	1	calibration_20260418_134934	marker
-73989.09	-36008.685	-109267.11	-19950.39	0.0	0.0	0.0	0.0	0.0	0.0	0.0	0.0	0.0	0.0	0.0	0.0	0.0	0.0	47.241379310344826	0.0	0.014465295	-0.0500487	1.016293785	1.12924	0.763	-0.06104	3498466.0	1776545388.713878	0.0	1.0	-1.0	-1.0	-1.0	-1.0	-1.0	-1.0	-1.0	-1.0	0.0	opened-hand	Open	1	calibration_20260418_134934	marker
-73743.48	-35982.494999999995	-109069.69499999999	-19760.85	0.0	0.0	0.0	0.0	0.0	0.0	0.0	0.0	0.0	0.0	0.0	0.0	0.0	0.0	47.241379310344826	0.0	0.014465295	-0.0500487	1.016293785	1.12924	0.763	-0.06104	3498467.0	1776545388.717749	0.0	1.0	-1.0	-1.0	-1.0	-1.0	-1.0	-1.0	-1.0	-1.0	0.0	opened-hand	Open	1	calibration_20260418_134934	marker
-73699.83	-35968.905	-109045.305	-19731.87	0.0	0.0	0.0	0.0	0.0	0.0	0.0	0.0	0.0	0.0	0.0	0.0	0.0	0.0	47.241379310344826	0.0	0.014465295	-0.0500487	1.016293785	1.12924	0.763	-0.06104	3498468.0	1776545388.717768	0.0	1.0	-1.0	-1.0	-1.0	-1.0	-1.0	-1.0	-1.0	-1.0	0.0	opened-hand	Open	1	calibration_20260418_134934	marker
-73574.73	-35952.255	-108923.67	-19619.64	0.0	0.0	0.0	0.0	0.0	0.0	0.0	0.0	0.0	0.0	0.0	0.0	0.0	0.0	47.241379310344826	0.0	0.014465295	-0.0500487	1.016293785	1.12924	0.763	-0.06104	3498469.0	1776545388.724444	0.0	1.0	-1.0	-1.0	-1.0	-1.0	-1.0	-1.0	-1.0	-1.0	0.0	opened-hand	Open	1	calibration_20260418_134934	marker
-73669.59	-35955.854999999996	-108994.23	-19678.32	0.0	0.0	0.0	0.0	0.0	0.0	0.0	0.0	0.0	0.0	0.0	0.0	0.0	0.0	47.241379310344826	0.0	0.014465295	-0.0500487	1.016293785	1.12924	0.763	-0.06104	3498470.0	1776545388.724449	0.0	1.0	-1.0	-1.0	-1.0	-1.0	-1.0	-1.0	-1.0	-1.0	0.0	opened-hand	Open	1	calibration_20260418_134934	marker
-73850.805	-35978.354999999996	-109140.525	-19804.815	0.0	0.0	0.0	0.0	0.0	0.0	0.0	0.0	0.0	0.0	0.0	0.0	0.0	0.0	47.241379310344826	0.0	0.014465295	-0.0500487	1.016293785	1.12924	0.763	-0.06104	3498471.0	1776545388.72571	0.0	1.0	-1.0	-1.0	-1.0	-1.0	-1.0	-1.0	-1.0	-1.0	0.0	opened-hand	Open	1	calibration_20260418_134934	marker
-73836.27	-35998.83	-109168.56	-19853.64	0.0	0.0	0.0	0.0	0.0	0.0	0.0	0.0	0.0	0.0	0.0	0.0	0.0	0.0	47.241379310344826	0.0	0.014465295	-0.0500487	1.016293785	1.12924	0.763	-0.06104	3498472.0	1776545388.725715	0.0	1.0	-1.0	-1.0	-1.0	-1.0	-1.0	-1.0	-1.0	-1.0	0.0	opened-hand	Open	1	calibration_20260418_134934	marker
-73752.885	-36007.92	-109074.33	-19758.465	0.0	0.0	0.0	0.0	0.0	0.0	0.0	0.0	0.0	0.0	0.0	0.0	0.0	0.0	47.241379310344826	0.0	0.014465295	-0.0500487	1.016293785	1.12924	0.763	-0.06104	3498473.0	1776545388.733582	0.0	1.0	-1.0	-1.0	-1.0	-1.0	-1.0	-1.0	-1.0	-1.0	0.0	opened-hand	Open	1	calibration_20260418_134934	marker
-73693.53	-36009.63	-108995.715	-19689.524999999998	0.0	0.0	0.0	0.0	0.0	0.0	0.0	0.0	0.0	0.0	0.0	0.0	0.0	0.0	47.241379310344826	0.0	0.014465295	-0.0500487	1.016293785	1.12924	0.763	-0.06104	3498474.0	1776545388.733597	0.0	1.0	-1.0	-1.0	-1.0	-1.0	-1.0	-1.0	-1.0	-1.0	0.0	opened-hand	Open	1	calibration_20260418_134934	marker
-73692.045	-36004.455	-109012.76999999999	-19713.375	0.0	0.0	0.0	0.0	0.0	0.0	0.0	0.0	0.0	0.0	0.0	0.0	0.0	0.0	47.241379310344826	0.0	0.00903318	-0.05847153	1.020932445	1.2971	0.2289	-0.06104	3498475.0	1776545388.733604	0.0	1.0	-1.0	-1.0	-1.0	-1.0	-1.0	-1.0	-1.0	-1.0	0.0	opened-hand	Open	1	calibration_20260418_134934	marker
-73782.315	-35995.68	-109052.235	-19728.405	0.0	0.0	0.0	0.0	0.0	0.0	0.0	0.0	0.0	0.0	0.0	0.0	0.0	0.0	47.241379310344826	0.0	0.00903318	-0.05847153	1.020932445	1.2971	0.2289	-0.06104	3498476.0	1776545388.733607	0.0	1.0	-1.0	-1.0	-1.0	-1.0	-1.0	-1.0	-1.0	-1.0	0.0	opened-hand	Open	1	calibration_20260418_134934	marker
-73715.355	-35982.27	-109023.97499999999	-19676.43	0.0	0.0	0.0	0.0	0.0	0.0	0.0	0.0	0.0	0.0	0.0	0.0	0.0	0.0	47.241379310344826	0.0	0.00903318	-0.05847153	1.020932445	1.2971	0.2289	-0.06104	3498477.0	1776545388.737874	0.0	1.0	-1.0	-1.0	-1.0	-1.0	-1.0	-1.0	-1.0	-1.0	0.0	opened-hand	Open	1	calibration_20260418_134934	marker
-73621.26	-35972.1	-108907.515	-19597.77	0.0	0.0	0.0	0.0	0.0	0.0	0.0	0.0	0.0	0.0	0.0	0.0	0.0	0.0	47.241379310344826	0.0	0.00903318	-0.05847153	1.020932445	1.2971	0.2289	-0.06104	3498478.0	1776545388.737889	0.0	1.0	-1.0	-1.0	-1.0	-1.0	-1.0	-1.0	-1.0	-1.0	0.0	opened-hand	Open	1	calibration_20260418_134934	marker
-73566.62999999999	-35973.585	-108781.83	-19522.665	0.0	0.0	0.0	0.0	0.0	0.0	0.0	0.0	0.0	0.0	0.0	0.0	0.0	0.0	47.241379310344826	0.0	0.00903318	-0.05847153	1.020932445	1.2971	0.2289	-0.06104	3498479.0	1776545388.741797	0.0	1.0	-1.0	-1.0	-1.0	-1.0	-1.0	-1.0	-1.0	-1.0	0.0	opened-hand	Open	1	calibration_20260418_134934	marker
-73668.59999999999	-35994.869999999995	-108887.625	-19589.805	0.0	0.0	0.0	0.0	0.0	0.0	0.0	0.0	0.0	0.0	0.0	0.0	0.0	0.0	47.241379310344826	0.0	0.00903318	-0.05847153	1.020932445	1.2971	0.2289	-0.06104	3498480.0	1776545388.741812	0.0	1.0	-1.0	-1.0	-1.0	-1.0	-1.0	-1.0	-1.0	-1.0	0.0	opened-hand	Open	1	calibration_20260418_134934	marker
-73775.97	-36021.645	-109222.56	-19821.78	0.0	0.0	0.0	0.0	0.0	0.0	0.0	0.0	0.0	0.0	0.0	0.0	0.0	0.0	47.241379310344826	0.0	0.00903318	-0.05847153	1.020932445	1.2971	0.2289	-0.06104	3498481.0	1776545388.745684	0.0	1.0	-1.0	-1.0	-1.0	-1.0	-1.0	-1.0	-1.0	-1.0	0.0	opened-hand	Open	1	calibration_20260418_134934	marker
-73919.61	-36035.415	-109352.565	-19986.255	0.0	0.0	0.0	0.0	0.0	0.0	0.0	0.0	0.0	0.0	0.0	0.0	0.0	0.0	47.241379310344826	0.0	0.00903318	-0.05847153	1.020932445	1.2971	0.2289	-0.06104	3498482.0	1776545388.745688	0.0	1.0	-1.0	-1.0	-1.0	-1.0	-1.0	-1.0	-1.0	-1.0	0.0	opened-hand	Open	1	calibration_20260418_134934	marker
-73909.485	-36027.045	-109244.11499999999	-19900.665	0.0	0.0	0.0	0.0	0.0	0.0	0.0	0.0	0.0	0.0	0.0	0.0	0.0	0.0	47.241379310344826	0.0	0.00903318	-0.05847153	1.020932445	1.2971	0.2289	-0.06104	3498483.0	1776545388.749784	0.0	1.0	-1.0	-1.0	-1.0	-1.0	-1.0	-1.0	-1.0	-1.0	0.0	opened-hand	Open	1	calibration_20260418_134934	marker
-73795.635	-36009.36	-109083.105	-19756.125	0.0	0.0	0.0	0.0	0.0	0.0	0.0	0.0	0.0	0.0	0.0	0.0	0.0	0.0	47.241379310344826	0.0	0.00903318	-0.05847153	1.020932445	1.2971	0.2289	-0.06104	3498484.0	1776545388.749788	0.0	1.0	-1.0	-1.0	-1.0	-1.0	-1.0	-1.0	-1.0	-1.0	0.0	opened-hand	Open	1	calibration_20260418_134934	marker
-73750.77	-35998.064999999995	-109109.83499999999	-19786.5	0.0	0.0	0.0	0.0	0.0	0.0	0.0	0.0	0.0	0.0	0.0	0.0	0.0	0.0	47.241379310344826	0.0	0.007385235	-0.065490555	1.025388	3.18934	-0.27468	-0.8392999999999999	3498485.0	1776545388.75379	0.0	1.0	-1.0	-1.0	-1.0	-1.0	-1.0	-1.0	-1.0	-1.0	0.0	opened-hand	Open	1	calibration_20260418_134934	marker
-73685.11499999999	-35987.22	-109086.705	-19770.255	0.0	0.0	0.0	0.0	0.0	0.0	0.0	0.0	0.0	0.0	0.0	0.0	0.0	0.0	47.241379310344826	0.0	0.007385235	-0.065490555	1.025388	3.18934	-0.27468	-0.8392999999999999	3498486.0	1776545388.753805	0.0	1.0	-1.0	-1.0	-1.0	-1.0	-1.0	-1.0	-1.0	-1.0	0.0	opened-hand	Open	1	calibration_20260418_134934	marker
-73655.73	-35987.085	-108974.34	-19683.495	0.0	0.0	0.0	0.0	0.0	0.0	0.0	0.0	0.0	0.0	0.0	0.0	0.0	0.0	47.241379310344826	0.0	0.007385235	-0.065490555	1.025388	3.18934	-0.27468	-0.8392999999999999	3498487.0	1776545388.757957	0.0	1.0	-1.0	-1.0	-1.0	-1.0	-1.0	-1.0	-1.0	-1.0	0.0	opened-hand	Open	1	calibration_20260418_134934	marker
-73798.69499999999	-36007.875	-109012.68	-19725.524999999998	0.0	0.0	0.0	0.0	0.0	0.0	0.0	0.0	0.0	0.0	0.0	0.0	0.0	0.0	47.241379310344826	0.0	0.007385235	-0.065490555	1.025388	3.18934	-0.27468	-0.8392999999999999	3498488.0	1776545388.757972	0.0	1.0	-1.0	-1.0	-1.0	-1.0	-1.0	-1.0	-1.0	-1.0	0.0	opened-hand	Open	1	calibration_20260418_134934	marker
-73782.405	-36023.985	-109053.495	-19711.17	0.0	0.0	0.0	0.0	0.0	0.0	0.0	0.0	0.0	0.0	0.0	0.0	0.0	0.0	47.241379310344826	0.0	0.007385235	-0.065490555	1.025388	3.18934	-0.27468	-0.8392999999999999	3498489.0	1776545388.76935	0.0	1.0	-1.0	-1.0	-1.0	-1.0	-1.0	-1.0	-1.0	-1.0	0.0	opened-hand	Open	1	calibration_20260418_134934	marker
-73690.965	-36029.475	-109006.2	-19623.555	0.0	0.0	0.0	0.0	0.0	0.0	0.0	0.0	0.0	0.0	0.0	0.0	0.0	0.0	47.241379310344826	0.0	0.007385235	-0.065490555	1.025388	3.18934	-0.27468	-0.8392999999999999	3498490.0	1776545388.769356	0.0	1.0	-1.0	-1.0	-1.0	-1.0	-1.0	-1.0	-1.0	-1.0	0.0	opened-hand	Open	1	calibration_20260418_134934	marker
-73733.94	-36031.77	-109069.33499999999	-19697.535	0.0	0.0	0.0	0.0	0.0	0.0	0.0	0.0	0.0	0.0	0.0	0.0	0.0	0.0	47.241379310344826	0.0	0.007385235	-0.065490555	1.025388	3.18934	-0.27468	-0.8392999999999999	3498491.0	1776545388.76937	0.0	1.0	-1.0	-1.0	-1.0	-1.0	-1.0	-1.0	-1.0	-1.0	0.0	opened-hand	Open	1	calibration_20260418_134934	marker
-73695.555	-36013.455	-109068.20999999999	-19732.545	0.0	0.0	0.0	0.0	0.0	0.0	0.0	0.0	0.0	0.0	0.0	0.0	0.0	0.0	47.241379310344826	0.0	0.007385235	-0.065490555	1.025388	3.18934	-0.27468	-0.8392999999999999	3498492.0	1776545388.769374	0.0	1.0	-1.0	-1.0	-1.0	-1.0	-1.0	-1.0	-1.0	-1.0	0.0	opened-hand	Open	1	calibration_20260418_134934	marker
-73649.06999999999	-35991.09	-109007.81999999999	-19665.135	0.0	0.0	0.0	0.0	0.0	0.0	0.0	0.0	0.0	0.0	0.0	0.0	0.0	0.0	47.241379310344826	0.0	0.007385235	-0.065490555	1.025388	3.18934	-0.27468	-0.8392999999999999	3498493.0	1776545388.769378	0.0	1.0	-1.0	-1.0	-1.0	-1.0	-1.0	-1.0	-1.0	-1.0	0.0	opened-hand	Open	1	calibration_20260418_134934	marker
-73594.89	-35977.994999999995	-108930.825	-19623.195	0.0	0.0	0.0	0.0	0.0	0.0	0.0	0.0	0.0	0.0	0.0	0.0	0.0	0.0	47.241379310344826	0.0	0.007385235	-0.065490555	1.025388	3.18934	-0.27468	-0.8392999999999999	3498494.0	1776545388.769382	0.0	1.0	-1.0	-1.0	-1.0	-1.0	-1.0	-1.0	-1.0	-1.0	0.0	opened-hand	Open	1	calibration_20260418_134934	marker
-73743.20999999999	-35987.4	-109089.315	-19761.3	0.0	0.0	0.0	0.0	0.0	0.0	0.0	0.0	0.0	0.0	0.0	0.0	0.0	0.0	47.241379310344826	0.0	0.00903318	-0.06481917	1.02404523	3.92182	0.16785999999999998	-0.6714399999999999	3498495.0	1776545388.778629	0.0	1.0	-1.0	-1.0	-1.0	-1.0	-1.0	-1.0	-1.0	-1.0	0.0	opened-hand	Open	1	calibration_20260418_134934	marker
-73822.00499999999	-36008.01	-109197.36	-19870.92	0.0	0.0	0.0	0.0	0.0	0.0	0.0	0.0	0.0	0.0	0.0	0.0	0.0	0.0	47.241379310344826	0.0	0.00903318	-0.06481917	1.02404523	3.92182	0.16785999999999998	-0.6714399999999999	3498496.0	1776545388.778633	0.0	1.0	-1.0	-1.0	-1.0	-1.0	-1.0	-1.0	-1.0	-1.0	0.0	opened-hand	Open	1	calibration_20260418_134934	marker
-73817.145	-36025.29	-109137.105	-19794.105	0.0	0.0	0.0	0.0	0.0	0.0	0.0	0.0	0.0	0.0	0.0	0.0	0.0	0.0	47.241379310344826	0.0	0.00903318	-0.06481917	1.02404523	3.92182	0.16785999999999998	-0.6714399999999999	3498497.0	1776545388.778639	0.0	1.0	-1.0	-1.0	-1.0	-1.0	-1.0	-1.0	-1.0	-1.0	0.0	opened-hand	Open	1	calibration_20260418_134934	marker
-73880.86499999999	-36042.705	-109206.26999999999	-19857.915	0.0	0.0	0.0	0.0	0.0	0.0	0.0	0.0	0.0	0.0	0.0	0.0	0.0	0.0	47.241379310344826	0.0	0.00903318	-0.06481917	1.02404523	3.92182	0.16785999999999998	-0.6714399999999999	3498498.0	1776545388.778642	0.0	1.0	-1.0	-1.0	-1.0	-1.0	-1.0	-1.0	-1.0	-1.0	0.0	opened-hand	Open	1	calibration_20260418_134934	marker
-73747.665	-36036.314999999995	-109063.08	-19715.579999999998	0.0	0.0	0.0	0.0	0.0	0.0	0.0	0.0	0.0	0.0	0.0	0.0	0.0	0.0	47.241379310344826	0.0	0.00903318	-0.06481917	1.02404523	3.92182	0.16785999999999998	-0.6714399999999999	3498499.0	1776545388.782023	0.0	1.0	-1.0	-1.0	-1.0	-1.0	-1.0	-1.0	-1.0	-1.0	0.0	opened-hand	Open	1	calibration_20260418_134934	marker
-73772.55	-36030.6	-109159.245	-19828.079999999998	0.0	0.0	0.0	0.0	0.0	0.0	0.0	0.0	0.0	0.0	0.0	0.0	0.0	0.0	47.241379310344826	0.0	0.00903318	-0.06481917	1.02404523	3.92182	0.16785999999999998	-0.6714399999999999	3498500.0	1776545388.782038	0.0	1.0	-1.0	-1.0	-1.0	-1.0	-1.0	-1.0	-1.0	-1.0	0.0	opened-hand	Open	1	calibration_20260418_134934	marker
-73785.78	-36016.11	-109167.345	-19804.635	0.0	0.0	0.0	0.0	0.0	0.0	0.0	0.0	0.0	0.0	0.0	0.0	0.0	0.0	47.241379310344826	0.0	0.00903318	-0.06481917	1.02404523	3.92182	0.16785999999999998	-0.6714399999999999	3498501.0	1776545388.78762	0.0	1.0	-1.0	-1.0	-1.0	-1.0	-1.0	-1.0	-1.0	-1.0	0.0	opened-hand	Open	1	calibration_20260418_134934	marker
-73690.245	-35995.409999999996	-109013.58	-19640.969999999998	0.0	0.0	0.0	0.0	0.0	0.0	0.0	0.0	0.0	0.0	0.0	0.0	0.0	0.0	47.241379310344826	0.0	0.00903318	-0.06481917	1.02404523	3.92182	0.16785999999999998	-0.6714399999999999	3498502.0	1776545388.787635	0.0	1.0	-1.0	-1.0	-1.0	-1.0	-1.0	-1.0	-1.0	-1.0	0.0	opened-hand	Open	1	calibration_20260418_134934	marker
-73761.345	-35994.24	-109065.19499999999	-19714.905	0.0	0.0	0.0	0.0	0.0	0.0	0.0	0.0	0.0	0.0	0.0	0.0	0.0	0.0	47.241379310344826	0.0	0.00903318	-0.06481917	1.02404523	3.92182	0.16785999999999998	-0.6714399999999999	3498503.0	1776545388.790651	0.0	1.0	-1.0	-1.0	-1.0	-1.0	-1.0	-1.0	-1.0	-1.0	0.0	opened-hand	Open	1	calibration_20260418_134934	marker
-73731.285	-36001.485	-109051.29	-19702.305	0.0	0.0	0.0	0.0	0.0	0.0	0.0	0.0	0.0	0.0	0.0	0.0	0.0	0.0	47.241379310344826	0.0	0.00903318	-0.06481917	1.02404523	3.92182	0.16785999999999998	-0.6714399999999999	3498504.0	1776545388.790665	0.0	1.0	-1.0	-1.0	-1.0	-1.0	-1.0	-1.0	-1.0	-1.0	0.0	opened-hand	Open	1	calibration_20260418_134934	marker
-73721.34	-36013.68	-109020.23999999999	-19685.969999999998	0.0	0.0	0.0	0.0	0.0	0.0	0.0	0.0	0.0	0.0	0.0	0.0	0.0	0.0	47.241379310344826	0.0	0.00903318	-0.060363615	1.02087141	3.6624	-0.13734	-1.15976	3498505.0	1776545388.794008	0.0	1.0	-1.0	-1.0	-1.0	-1.0	-1.0	-1.0	-1.0	-1.0	0.0	opened-hand	Open	1	calibration_20260418_134934	marker
-73690.29	-36024.525	-109024.47	-19705.41	0.0	0.0	0.0	0.0	0.0	0.0	0.0	0.0	0.0	0.0	0.0	0.0	0.0	0.0	47.241379310344826	0.0	0.00903318	-0.060363615	1.02087141	3.6624	-0.13734	-1.15976	3498506.0	1776545388.794023	0.0	1.0	-1.0	-1.0	-1.0	-1.0	-1.0	-1.0	-1.0	-1.0	0.0	opened-hand	Open	1	calibration_20260418_134934	marker
-73755.135	-36033.975	-109160.14499999999	-19798.92	0.0	0.0	0.0	0.0	0.0	0.0	0.0	0.0	0.0	0.0	0.0	0.0	0.0	0.0	47.241379310344826	0.0	0.00903318	-0.060363615	1.02087141	3.6624	-0.13734	-1.15976	3498507.0	1776545388.798577	0.0	1.0	-1.0	-1.0	-1.0	-1.0	-1.0	-1.0	-1.0	-1.0	0.0	opened-hand	Open	1	calibration_20260418_134934	marker
-73586.79	-36018.0	-108978.84	-19621.305	0.0	0.0	0.0	0.0	0.0	0.0	0.0	0.0	0.0	0.0	0.0	0.0	0.0	0.0	47.241379310344826	0.0	0.00903318	-0.060363615	1.02087141	3.6624	-0.13734	-1.15976	3498508.0	1776545388.798591	0.0	1.0	-1.0	-1.0	-1.0	-1.0	-1.0	-1.0	-1.0	-1.0	0.0	opened-hand	Open	1	calibration_20260418_134934	marker
-73719.495	-36012.06	-109049.44499999999	-19693.844999999998	0.0	0.0	0.0	0.0	0.0	0.0	0.0	0.0	0.0	0.0	0.0	0.0	0.0	0.0	47.241379310344826	0.0	0.00903318	-0.060363615	1.02087141	3.6624	-0.13734	-1.15976	3498509.0	1776545388.801894	0.0	1.0	-1.0	-1.0	-1.0	-1.0	-1.0	-1.0	-1.0	-1.0	0.0	opened-hand	Open	1	calibration_20260418_134934	marker
-73866.78	-36010.26	-109267.83	-19901.34	0.0	0.0	0.0	0.0	0.0	0.0	0.0	0.0	0.0	0.0	0.0	0.0	0.0	0.0	47.241379310344826	0.0	0.00903318	-0.060363615	1.02087141	3.6624	-0.13734	-1.15976	3498510.0	1776545388.801909	0.0	1.0	-1.0	-1.0	-1.0	-1.0	-1.0	-1.0	-1.0	-1.0	0.0	opened-hand	Open	1	calibration_20260418_134934	marker
-73864.08	-35999.189999999995	-109227.555	-19884.105	0.0	0.0	0.0	0.0	0.0	0.0	0.0	0.0	0.0	0.0	0.0	0.0	0.0	0.0	47.241379310344826	0.0	0.00903318	-0.060363615	1.02087141	3.6624	-0.13734	-1.15976	3498511.0	1776545388.805927	0.0	1.0	-1.0	-1.0	-1.0	-1.0	-1.0	-1.0	-1.0	-1.0	0.0	opened-hand	Open	1	calibration_20260418_134934	marker
-73864.845	-35998.38	-109131.93	-19795.184999999998	0.0	0.0	0.0	0.0	0.0	0.0	0.0	0.0	0.0	0.0	0.0	0.0	0.0	0.0	47.241379310344826	0.0	0.00903318	-0.060363615	1.02087141	3.6624	-0.13734	-1.15976	3498512.0	1776545388.805941	0.0	1.0	-1.0	-1.0	-1.0	-1.0	-1.0	-1.0	-1.0	-1.0	0.0	opened-hand	Open	1	calibration_20260418_134934	marker
-73723.545	-36003.33	-109061.235	-19713.645	0.0	0.0	0.0	0.0	0.0	0.0	0.0	0.0	0.0	0.0	0.0	0.0	0.0	0.0	47.241379310344826	0.0	0.00903318	-0.060363615	1.02087141	3.6624	-0.13734	-1.15976	3498513.0	1776545388.80996	0.0	1.0	-1.0	-1.0	-1.0	-1.0	-1.0	-1.0	-1.0	-1.0	0.0	opened-hand	Open	1	calibration_20260418_134934	marker
-73673.955	-36012.465	-109047.51	-19708.785	0.0	0.0	0.0	0.0	0.0	0.0	0.0	0.0	0.0	0.0	0.0	0.0	0.0	0.0	47.241379310344826	0.0	0.00903318	-0.060363615	1.02087141	3.6624	-0.13734	-1.15976	3498514.0	1776545388.809985	0.0	1.0	-1.0	-1.0	-1.0	-1.0	-1.0	-1.0	-1.0	-1.0	0.0	opened-hand	Open	1	calibration_20260418_134934	marker
-73625.265	-36013.365	-108960.345	-19603.395	0.0	0.0	0.0	0.0	0.0	0.0	0.0	0.0	0.0	0.0	0.0	0.0	0.0	0.0	47.241379310344826	0.0	0.007873515	-0.05969223	1.019833815	4.13546	-0.09156	-1.2818399999999999	3498515.0	1776545388.813943	0.0	1.0	-1.0	-1.0	-1.0	-1.0	-1.0	-1.0	-1.0	-1.0	0.0	opened-hand	Open	1	calibration_20260418_134934	marker
-73759.545	-36016.604999999996	-109077.39	-19745.37	0.0	0.0	0.0	0.0	0.0	0.0	0.0	0.0	0.0	0.0	0.0	0.0	0.0	0.0	47.241379310344826	0.0	0.007873515	-0.05969223	1.019833815	4.13546	-0.09156	-1.2818399999999999	3498516.0	1776545388.813948	0.0	1.0	-1.0	-1.0	-1.0	-1.0	-1.0	-1.0	-1.0	-1.0	0.0	opened-hand	Open	1	calibration_20260418_134934	marker
-73845.675	-36013.095	-109228.31999999999	-19878.3	0.0	0.0	0.0	0.0	0.0	0.0	0.0	0.0	0.0	0.0	0.0	0.0	0.0	0.0	47.241379310344826	0.0	0.007873515	-0.05969223	1.019833815	4.13546	-0.09156	-1.2818399999999999	3498517.0	1776545388.817946	0.0	1.0	-1.0	-1.0	-1.0	-1.0	-1.0	-1.0	-1.0	-1.0	0.0	opened-hand	Open	1	calibration_20260418_134934	marker
-73841.895	-36001.619999999995	-109265.04	-19881.54	0.0	0.0	0.0	0.0	0.0	0.0	0.0	0.0	0.0	0.0	0.0	0.0	0.0	0.0	47.241379310344826	0.0	0.007873515	-0.05969223	1.019833815	4.13546	-0.09156	-1.2818399999999999	3498518.0	1776545388.817961	0.0	1.0	-1.0	-1.0	-1.0	-1.0	-1.0	-1.0	-1.0	-1.0	0.0	opened-hand	Open	1	calibration_20260418_134934	marker
-73803.375	-35990.505	-109248.84	-19869.3	0.0	0.0	0.0	0.0	0.0	0.0	0.0	0.0	0.0	0.0	0.0	0.0	0.0	0.0	47.241379310344826	0.0	0.007873515	-0.05969223	1.019833815	4.13546	-0.09156	-1.2818399999999999	3498519.0	1776545388.822019	0.0	1.0	-1.0	-1.0	-1.0	-1.0	-1.0	-1.0	-1.0	-1.0	0.0	opened-hand	Open	1	calibration_20260418_134934	marker
-73758.105	-35983.305	-109167.93	-19790.594999999998	0.0	0.0	0.0	0.0	0.0	0.0	0.0	0.0	0.0	0.0	0.0	0.0	0.0	0.0	47.241379310344826	0.0	0.007873515	-0.05969223	1.019833815	4.13546	-0.09156	-1.2818399999999999	3498520.0	1776545388.822033	0.0	1.0	-1.0	-1.0	-1.0	-1.0	-1.0	-1.0	-1.0	-1.0	0.0	opened-hand	Open	1	calibration_20260418_134934	marker
-73630.44	-35980.875	-108994.59	-19623.645	0.0	0.0	0.0	0.0	0.0	0.0	0.0	0.0	0.0	0.0	0.0	0.0	0.0	0.0	47.241379310344826	0.0	0.007873515	-0.05969223	1.019833815	4.13546	-0.09156	-1.2818399999999999	3498521.0	1776545388.829352	0.0	1.0	-1.0	-1.0	-1.0	-1.0	-1.0	-1.0	-1.0	-1.0	0.0	opened-hand	Open	1	calibration_20260418_134934	marker
-73572.075	-35990.28	-108883.62	-19525.364999999998	0.0	0.0	0.0	0.0	0.0	0.0	0.0	0.0	0.0	0.0	0.0	0.0	0.0	0.0	47.241379310344826	0.0	0.007873515	-0.05969223	1.019833815	4.13546	-0.09156	-1.2818399999999999	3498522.0	1776545388.829367	0.0	1.0	-1.0	-1.0	-1.0	-1.0	-1.0	-1.0	-1.0	-1.0	0.0	opened-hand	Open	1	calibration_20260418_134934	marker
-73784.385	-36016.335	-109083.555	-19728.989999999998	0.0	0.0	0.0	0.0	0.0	0.0	0.0	0.0	0.0	0.0	0.0	0.0	0.0	0.0	47.241379310344826	0.0	0.007873515	-0.05969223	1.019833815	4.13546	-0.09156	-1.2818399999999999	3498523.0	1776545388.830583	0.0	1.0	-1.0	-1.0	-1.0	-1.0	-1.0	-1.0	-1.0	-1.0	0.0	opened-hand	Open	1	calibration_20260418_134934	marker
-73802.205	-36022.14	-109152.72	-19775.114999999998	0.0	0.0	0.0	0.0	0.0	0.0	0.0	0.0	0.0	0.0	0.0	0.0	0.0	0.0	47.241379310344826	0.0	0.007873515	-0.05969223	1.019833815	4.13546	-0.09156	-1.2818399999999999	3498524.0	1776545388.830598	0.0	1.0	-1.0	-1.0	-1.0	-1.0	-1.0	-1.0	-1.0	-1.0	0.0	opened-hand	Open	1	calibration_20260418_134934	marker
-73844.19	-36017.549999999996	-109232.595	-19855.755	0.0	0.0	0.0	0.0	0.0	0.0	0.0	0.0	0.0	0.0	0.0	0.0	0.0	0.0	47.241379310344826	0.0	0.010681125	-0.0573729	1.01781966	2.88414	0.13734	-0.97664	3498525.0	1776545388.833989	0.0	1.0	-1.0	-1.0	-1.0	-1.0	-1.0	-1.0	-1.0	-1.0	0.0	opened-hand	Open	1	calibration_20260418_134934	marker
-73718.81999999999	-35995.68	-109132.83	-19790.28	0.0	0.0	0.0	0.0	0.0	0.0	0.0	0.0	0.0	0.0	0.0	0.0	0.0	0.0	47.241379310344826	0.0	0.010681125	-0.0573729	1.01781966	2.88414	0.13734	-0.97664	3498526.0	1776545388.834003	0.0	1.0	-1.0	-1.0	-1.0	-1.0	-1.0	-1.0	-1.0	-1.0	0.0	opened-hand	Open	1	calibration_20260418_134934	marker
-73556.86499999999	-35971.29	-108973.62	-19625.535	0.0	0.0	0.0	0.0	0.0	0.0	0.0	0.0	0.0	0.0	0.0	0.0	0.0	0.0	47.241379310344826	0.0	0.010681125	-0.0573729	1.01781966	2.88414	0.13734	-0.97664	3498527.0	1776545388.837926	0.0	1.0	-1.0	-1.0	-1.0	-1.0	-1.0	-1.0	-1.0	-1.0	0.0	opened-hand	Open	1	calibration_20260418_134934	marker
-73687.05	-35974.755	-109083.105	-19694.52	0.0	0.0	0.0	0.0	0.0	0.0	0.0	0.0	0.0	0.0	0.0	0.0	0.0	0.0	47.241379310344826	0.0	0.010681125	-0.0573729	1.01781966	2.88414	0.13734	-0.97664	3498528.0	1776545388.837941	0.0	1.0	-1.0	-1.0	-1.0	-1.0	-1.0	-1.0	-1.0	-1.0	0.0	opened-hand	Open	1	calibration_20260418_134934	marker
-73742.895	-35986.14	-109141.065	-19744.605	0.0	0.0	0.0	0.0	0.0	0.0	0.0	0.0	0.0	0.0	0.0	0.0	0.0	0.0	47.241379310344826	0.0	0.010681125	-0.0573729	1.01781966	2.88414	0.13734	-0.97664	3498529.0	1776545388.842039	0.0	1.0	-1.0	-1.0	-1.0	-1.0	-1.0	-1.0	-1.0	-1.0	0.0	opened-hand	Open	1	calibration_20260418_134934	marker
-73751.48999999999	-35999.145	-109138.31999999999	-19763.1	0.0	0.0	0.0	0.0	0.0	0.0	0.0	0.0	0.0	0.0	0.0	0.0	0.0	0.0	47.241379310344826	0.0	0.010681125	-0.0573729	1.01781966	2.88414	0.13734	-0.97664	3498530.0	1776545388.842053	0.0	1.0	-1.0	-1.0	-1.0	-1.0	-1.0	-1.0	-1.0	-1.0	0.0	opened-hand	Open	1	calibration_20260418_134934	marker
-73850.58	-36015.615	-109172.83499999999	-19787.355	0.0	0.0	0.0	0.0	0.0	0.0	0.0	0.0	0.0	0.0	0.0	0.0	0.0	0.0	47.241379310344826	0.0	0.010681125	-0.0573729	1.01781966	2.88414	0.13734	-0.97664	3498531.0	1776545388.846055	0.0	1.0	-1.0	-1.0	-1.0	-1.0	-1.0	-1.0	-1.0	-1.0	0.0	opened-hand	Open	1	calibration_20260418_134934	marker
-73819.98	-36019.979999999996	-109153.305	-19787.13	0.0	0.0	0.0	0.0	0.0	0.0	0.0	0.0	0.0	0.0	0.0	0.0	0.0	0.0	47.241379310344826	0.0	0.010681125	-0.0573729	1.01781966	2.88414	0.13734	-0.97664	3498532.0	1776545388.84607	0.0	1.0	-1.0	-1.0	-1.0	-1.0	-1.0	-1.0	-1.0	-1.0	0.0	opened-hand	Open	1	calibration_20260418_134934	marker
-73770.84	-36010.53	-109112.175	-19745.325	0.0	0.0	0.0	0.0	0.0	0.0	0.0	0.0	0.0	0.0	0.0	0.0	0.0	0.0	47.241379310344826	0.0	0.010681125	-0.0573729	1.01781966	2.88414	0.13734	-0.97664	3498533.0	1776545388.850108	0.0	1.0	-1.0	-1.0	-1.0	-1.0	-1.0	-1.0	-1.0	-1.0	0.0	opened-hand	Open	1	calibration_20260418_134934	marker
-73580.67	-35984.564999999995	-108951.61499999999	-19592.82	0.0	0.0	0.0	0.0	0.0	0.0	0.0	0.0	0.0	0.0	0.0	0.0	0.0	0.0	47.241379310344826	0.0	0.010681125	-0.0573729	1.01781966	2.88414	0.13734	-0.97664	3498534.0	1776545388.850123	0.0	1.0	-1.0	-1.0	-1.0	-1.0	-1.0	-1.0	-1.0	-1.0	0.0	opened-hand	Open	1	calibration_20260418_134934	marker
-73547.01	-35968.049999999996	-108946.89	-19587.915	0.0	0.0	0.0	0.0	0.0	0.0	0.0	0.0	0.0	0.0	0.0	0.0	0.0	0.0	47.241379310344826	0.0	0.012878385000000001	-0.054748395	1.01586654	2.12114	-0.12208	-0.9613799999999999	3498535.0	1776545388.854015	0.0	1.0	-1.0	-1.0	-1.0	-1.0	-1.0	-1.0	-1.0	-1.0	0.0	opened-hand	Open	1	calibration_20260418_134934	marker
-73744.83	-35976.465	-109120.995	-19737.585	0.0	0.0	0.0	0.0	0.0	0.0	0.0	0.0	0.0	0.0	0.0	0.0	0.0	0.0	47.241379310344826	0.0	0.012878385000000001	-0.054748395	1.01586654	2.12114	-0.12208	-0.9613799999999999	3498536.0	1776545388.85403	0.0	1.0	-1.0	-1.0	-1.0	-1.0	-1.0	-1.0	-1.0	-1.0	0.0	opened-hand	Open	1	calibration_20260418_134934	marker
-73888.875	-35993.88	-109241.37	-19850.445	0.0	0.0	0.0	0.0	0.0	0.0	0.0	0.0	0.0	0.0	0.0	0.0	0.0	0.0	47.241379310344826	0.0	0.012878385000000001	-0.054748395	1.01586654	2.12114	-0.12208	-0.9613799999999999	3498537.0	1776545388.859763	0.0	1.0	-1.0	-1.0	-1.0	-1.0	-1.0	-1.0	-1.0	-1.0	0.0	opened-hand	Open	1	calibration_20260418_134934	marker
-73674.22499999999	-35998.29	-109051.73999999999	-19674.809999999998	0.0	0.0	0.0	0.0	0.0	0.0	0.0	0.0	0.0	0.0	0.0	0.0	0.0	0.0	47.241379310344826	0.0	0.012878385000000001	-0.054748395	1.01586654	2.12114	-0.12208	-0.9613799999999999	3498538.0	1776545388.859777	0.0	1.0	-1.0	-1.0	-1.0	-1.0	-1.0	-1.0	-1.0	-1.0	0.0	opened-hand	Open	1	calibration_20260418_134934	marker
-73610.81999999999	-36009.045	-108953.055	-19578.825	0.0	0.0	0.0	0.0	0.0	0.0	0.0	0.0	0.0	0.0	0.0	0.0	0.0	0.0	47.241379310344826	0.0	0.012878385000000001	-0.054748395	1.01586654	2.12114	-0.12208	-0.9613799999999999	3498539.0	1776545388.862106	0.0	1.0	-1.0	-1.0	-1.0	-1.0	-1.0	-1.0	-1.0	-1.0	0.0	opened-hand	Open	1	calibration_20260418_134934	marker
-73740.51	-36030.15	-109091.97	-19702.395	0.0	0.0	0.0	0.0	0.0	0.0	0.0	0.0	0.0	0.0	0.0	0.0	0.0	0.0	47.241379310344826	0.0	0.012878385000000001	-0.054748395	1.01586654	2.12114	-0.12208	-0.9613799999999999	3498540.0	1776545388.86212	0.0	1.0	-1.0	-1.0	-1.0	-1.0	-1.0	-1.0	-1.0	-1.0	0.0	opened-hand	Open	1	calibration_20260418_134934	marker
-73896.20999999999	-36042.885	-109305.0	-19911.105	0.0	0.0	0.0	0.0	0.0	0.0	0.0	0.0	0.0	0.0	0.0	0.0	0.0	0.0	47.241379310344826	0.0	0.012878385000000001	-0.054748395	1.01586654	2.12114	-0.12208	-0.9613799999999999	3498541.0	1776545388.866052	0.0	1.0	-1.0	-1.0	-1.0	-1.0	-1.0	-1.0	-1.0	-1.0	0.0	opened-hand	Open	1	calibration_20260418_134934	marker
-73863.855	-36027.765	-109209.28499999999	-19831.545	0.0	0.0	0.0	0.0	0.0	0.0	0.0	0.0	0.0	0.0	0.0	0.0	0.0	0.0	47.241379310344826	0.0	0.012878385000000001	-0.054748395	1.01586654	2.12114	-0.12208	-0.9613799999999999	3498542.0	1776545388.866066	0.0	1.0	-1.0	-1.0	-1.0	-1.0	-1.0	-1.0	-1.0	-1.0	0.0	opened-hand	Open	1	calibration_20260418_134934	marker
-73756.8	-36010.125	-109147.23	-19770.03	0.0	0.0	0.0	0.0	0.0	0.0	0.0	0.0	0.0	0.0	0.0	0.0	0.0	0.0	47.241379310344826	0.0	0.012878385000000001	-0.054748395	1.01586654	2.12114	-0.12208	-0.9613799999999999	3498543.0	1776545388.879273	0.0	1.0	-1.0	-1.0	-1.0	-1.0	-1.0	-1.0	-1.0	-1.0	0.0	opened-hand	Open	1	calibration_20260418_134934	marker
-73618.33499999999	-35992.305	-109010.06999999999	-19639.575	0.0	0.0	0.0	0.0	0.0	0.0	0.0	0.0	0.0	0.0	0.0	0.0	0.0	0.0	47.241379310344826	0.0	0.012878385000000001	-0.054748395	1.01586654	2.12114	-0.12208	-0.9613799999999999	3498544.0	1776545388.879281	0.0	1.0	-1.0	-1.0	-1.0	-1.0	-1.0	-1.0	-1.0	-1.0	0.0	opened-hand	Open	1	calibration_20260418_134934	marker
-73710.855	-35996.715	-109057.14	-19687.815	0.0	0.0	0.0	0.0	0.0	0.0	0.0	0.0	0.0	0.0	0.0	0.0	0.0	0.0	47.241379310344826	0.0	0.01416012	-0.058410495	1.010678565	3.37246	0.82404	-0.88508	3498545.0	1776545388.879297	0.0	1.0	-1.0	-1.0	-1.0	-1.0	-1.0	-1.0	-1.0	-1.0	0.0	opened-hand	Open	1	calibration_20260418_134934	marker
-73905.25499999999	-36016.65	-109180.44	-19806.975	0.0	0.0	0.0	0.0	0.0	0.0	0.0	0.0	0.0	0.0	0.0	0.0	0.0	0.0	47.241379310344826	0.0	0.01416012	-0.058410495	1.010678565	3.37246	0.82404	-0.88508	3498546.0	1776545388.879305	0.0	1.0	-1.0	-1.0	-1.0	-1.0	-1.0	-1.0	-1.0	-1.0	0.0	opened-hand	Open	1	calibration_20260418_134934	marker
-73873.17	-36030.96	-109175.4	-19835.37	0.0	0.0	0.0	0.0	0.0	0.0	0.0	0.0	0.0	0.0	0.0	0.0	0.0	0.0	47.241379310344826	0.0	0.01416012	-0.058410495	1.010678565	3.37246	0.82404	-0.88508	3498547.0	1776545388.879316	0.0	1.0	-1.0	-1.0	-1.0	-1.0	-1.0	-1.0	-1.0	-1.0	0.0	opened-hand	Open	1	calibration_20260418_134934	marker
-73720.215	-36038.205	-109144.17	-19758.915	0.0	0.0	0.0	0.0	0.0	0.0	0.0	0.0	0.0	0.0	0.0	0.0	0.0	0.0	47.241379310344826	0.0	0.01416012	-0.058410495	1.010678565	3.37246	0.82404	-0.88508	3498548.0	1776545388.879324	0.0	1.0	-1.0	-1.0	-1.0	-1.0	-1.0	-1.0	-1.0	-1.0	0.0	opened-hand	Open	1	calibration_20260418_134934	marker
-73682.50499999999	-36037.665	-109130.48999999999	-19712.88	0.0	0.0	0.0	0.0	0.0	0.0	0.0	0.0	0.0	0.0	0.0	0.0	0.0	0.0	47.241379310344826	0.0	0.01416012	-0.058410495	1.010678565	3.37246	0.82404	-0.88508	3498549.0	1776545388.884026	0.0	1.0	-1.0	-1.0	-1.0	-1.0	-1.0	-1.0	-1.0	-1.0	0.0	opened-hand	Open	1	calibration_20260418_134934	marker
-73700.64	-36026.189999999995	-109069.33499999999	-19679.445	0.0	0.0	0.0	0.0	0.0	0.0	0.0	0.0	0.0	0.0	0.0	0.0	0.0	0.0	47.241379310344826	0.0	0.01416012	-0.058410495	1.010678565	3.37246	0.82404	-0.88508	3498550.0	1776545388.88404	0.0	1.0	-1.0	-1.0	-1.0	-1.0	-1.0	-1.0	-1.0	-1.0	0.0	opened-hand	Open	1	calibration_20260418_134934	marker
-73683.72	-36012.735	-109075.76999999999	-19731.195	0.0	0.0	0.0	0.0	0.0	0.0	0.0	0.0	0.0	0.0	0.0	0.0	0.0	0.0	47.241379310344826	0.0	0.01416012	-0.058410495	1.010678565	3.37246	0.82404	-0.88508	3498551.0	1776545388.886918	0.0	1.0	-1.0	-1.0	-1.0	-1.0	-1.0	-1.0	-1.0	-1.0	0.0	opened-hand	Open	1	calibration_20260418_134934	marker
-73701.62999999999	-36004.185	-109149.885	-19822.454999999998	0.0	0.0	0.0	0.0	0.0	0.0	0.0	0.0	0.0	0.0	0.0	0.0	0.0	0.0	47.241379310344826	0.0	0.01416012	-0.058410495	1.010678565	3.37246	0.82404	-0.88508	3498552.0	1776545388.886932	0.0	1.0	-1.0	-1.0	-1.0	-1.0	-1.0	-1.0	-1.0	-1.0	0.0	opened-hand	Open	1	calibration_20260418_134934	marker
-73775.61	-36004.365	-109229.84999999999	-19819.665	0.0	0.0	0.0	0.0	0.0	0.0	0.0	0.0	0.0	0.0	0.0	0.0	0.0	0.0	47.241379310344826	0.0	0.01416012	-0.058410495	1.010678565	3.37246	0.82404	-0.88508	3498553.0	1776545388.890248	0.0	1.0	-1.0	-1.0	-1.0	-1.0	-1.0	-1.0	-1.0	-1.0	0.0	opened-hand	Open	1	calibration_20260418_134934	marker
-73767.78	-36006.525	-109134.315	-19680.48	0.0	0.0	0.0	0.0	0.0	0.0	0.0	0.0	0.0	0.0	0.0	0.0	0.0	0.0	47.241379310344826	0.0	0.01416012	-0.058410495	1.010678565	3.37246	0.82404	-0.88508	3498554.0	1776545388.890269	0.0	1.0	-1.0	-1.0	-1.0	-1.0	-1.0	-1.0	-1.0	-1.0	0.0	opened-hand	Open	1	calibration_20260418_134934	marker
-73813.995	-36021.465	-109156.36499999999	-19741.77	0.0	0.0	0.0	0.0	0.0	0.0	0.0	0.0	0.0	0.0	0.0	0.0	0.0	0.0	47.241379310344826	0.0	0.01611324	-0.052856310000000004	1.015195155	1.4039199999999998	0.82404	0.57988	3498555.0	1776545388.893996	0.0	1.0	-1.0	-1.0	-1.0	-1.0	-1.0	-1.0	-1.0	-1.0	0.0	opened-hand	Open	1	calibration_20260418_134934	marker
-73774.17	-36033.93	-109193.31	-19791.719999999998	0.0	0.0	0.0	0.0	0.0	0.0	0.0	0.0	0.0	0.0	0.0	0.0	0.0	0.0	47.241379310344826	0.0	0.01611324	-0.052856310000000004	1.015195155	1.4039199999999998	0.82404	0.57988	3498556.0	1776545388.894023	0.0	1.0	-1.0	-1.0	-1.0	-1.0	-1.0	-1.0	-1.0	-1.0	0.0	opened-hand	Open	1	calibration_20260418_134934	marker
-73677.87	-36034.74	-109131.97499999999	-19740.78	0.0	0.0	0.0	0.0	0.0	0.0	0.0	0.0	0.0	0.0	0.0	0.0	0.0	0.0	47.241379310344826	0.0	0.01611324	-0.052856310000000004	1.015195155	1.4039199999999998	0.82404	0.57988	3498557.0	1776545388.898329	0.0	1.0	-1.0	-1.0	-1.0	-1.0	-1.0	-1.0	-1.0	-1.0	0.0	opened-hand	Open	1	calibration_20260418_134934	marker
-73714.995	-36029.43	-109151.14499999999	-19772.594999999998	0.0	0.0	0.0	0.0	0.0	0.0	0.0	0.0	0.0	0.0	0.0	0.0	0.0	0.0	47.241379310344826	0.0	0.01611324	-0.052856310000000004	1.015195155	1.4039199999999998	0.82404	0.57988	3498558.0	1776545388.898356	0.0	1.0	-1.0	-1.0	-1.0	-1.0	-1.0	-1.0	-1.0	-1.0	0.0	opened-hand	Open	1	calibration_20260418_134934	marker
-73679.985	-36008.28	-109062.72	-19693.079999999998	0.0	0.0	0.0	0.0	0.0	0.0	0.0	0.0	0.0	0.0	0.0	0.0	0.0	0.0	47.241379310344826	0.0	0.01611324	-0.052856310000000004	1.015195155	1.4039199999999998	0.82404	0.57988	3498559.0	1776545388.90221	0.0	1.0	-1.0	-1.0	-1.0	-1.0	-1.0	-1.0	-1.0	-1.0	0.0	opened-hand	Open	1	calibration_20260418_134934	marker
-73682.01	-35997.57	-109137.42	-19719.54	0.0	0.0	0.0	0.0	0.0	0.0	0.0	0.0	0.0	0.0	0.0	0.0	0.0	0.0	47.448275862068975	0.0	0.01611324	-0.052856310000000004	1.015195155	1.4039199999999998	0.82404	0.57988	3498560.0	1776545388.902224	0.0	1.0	-1.0	-1.0	-1.0	-1.0	-1.0	-1.0	-1.0	-1.0	0.0	opened-hand	Open	1	calibration_20260418_134934	marker
-73769.44499999999	-35996.895	-109198.665	-19787.445	0.0	0.0	0.0	0.0	0.0	0.0	0.0	0.0	0.0	0.0	0.0	0.0	0.0	0.0	47.448275862068975	0.0	0.01611324	-0.052856310000000004	1.015195155	1.4039199999999998	0.82404	0.57988	3498561.0	1776545388.906261	0.0	1.0	-1.0	-1.0	-1.0	-1.0	-1.0	-1.0	-1.0	-1.0	0.0	opened-hand	Open	1	calibration_20260418_134934	marker
-73776.33	-36002.43	-109155.33	-19755.855	0.0	0.0	0.0	0.0	0.0	0.0	0.0	0.0	0.0	0.0	0.0	0.0	0.0	0.0	47.448275862068975	0.0	0.01611324	-0.052856310000000004	1.015195155	1.4039199999999998	0.82404	0.57988	3498562.0	1776545388.906284	0.0	1.0	-1.0	-1.0	-1.0	-1.0	-1.0	-1.0	-1.0	-1.0	0.0	opened-hand	Open	1	calibration_20260418_134934	marker
-73791.27	-36017.64	-109137.42	-19735.605	0.0	0.0	0.0	0.0	0.0	0.0	0.0	0.0	0.0	0.0	0.0	0.0	0.0	0.0	47.448275862068975	0.0	0.01611324	-0.052856310000000004	1.015195155	1.4039199999999998	0.82404	0.57988	3498563.0	1776545388.910386	0.0	1.0	-1.0	-1.0	-1.0	-1.0	-1.0	-1.0	-1.0	-1.0	0.0	opened-hand	Open	1	calibration_20260418_134934	marker
-73753.065	-36032.445	-109087.83	-19674.719999999998	0.0	0.0	0.0	0.0	0.0	0.0	0.0	0.0	0.0	0.0	0.0	0.0	0.0	0.0	47.448275862068975	0.0	0.01611324	-0.052856310000000004	1.015195155	1.4039199999999998	0.82404	0.57988	3498564.0	1776545388.910413	0.0	1.0	-1.0	-1.0	-1.0	-1.0	-1.0	-1.0	-1.0	-1.0	0.0	opened-hand	Open	1	calibration_20260418_134934	marker
-73762.92	-36043.424999999996	-109131.345	-19718.954999999998	0.0	0.0	0.0	0.0	0.0	0.0	0.0	0.0	0.0	0.0	0.0	0.0	0.0	0.0	47.448275862068975	0.0	0.01013181	-0.050598015	1.018735185	0.8698199999999999	0.79352	-0.32045999999999997	3498565.0	1776545388.914169	0.0	1.0	-1.0	-1.0	-1.0	-1.0	-1.0	-1.0	-1.0	-1.0	0.0	opened-hand	Open	1	calibration_20260418_134934	marker
-73761.84	-36042.39	-109191.015	-19789.605	0.0	0.0	0.0	0.0	0.0	0.0	0.0	0.0	0.0	0.0	0.0	0.0	0.0	0.0	47.448275862068975	0.0	0.01013181	-0.050598015	1.018735185	0.8698199999999999	0.79352	-0.32045999999999997	3498566.0	1776545388.914191	0.0	1.0	-1.0	-1.0	-1.0	-1.0	-1.0	-1.0	-1.0	-1.0	0.0	opened-hand	Open	1	calibration_20260418_134934	marker
-73698.84	-36017.955	-109138.815	-19736.46	0.0	0.0	0.0	0.0	0.0	0.0	0.0	0.0	0.0	0.0	0.0	0.0	0.0	0.0	47.448275862068975	0.0	0.01013181	-0.050598015	1.018735185	0.8698199999999999	0.79352	-0.32045999999999997	3498567.0	1776545388.918257	0.0	1.0	-1.0	-1.0	-1.0	-1.0	-1.0	-1.0	-1.0	-1.0	0.0	opened-hand	Open	1	calibration_20260418_134934	marker
-73751.22	-36003.825	-109181.06999999999	-19776.195	0.0	0.0	0.0	0.0	0.0	0.0	0.0	0.0	0.0	0.0	0.0	0.0	0.0	0.0	47.448275862068975	0.0	0.01013181	-0.050598015	1.018735185	0.8698199999999999	0.79352	-0.32045999999999997	3498568.0	1776545388.918281	0.0	1.0	-1.0	-1.0	-1.0	-1.0	-1.0	-1.0	-1.0	-1.0	0.0	opened-hand	Open	1	calibration_20260418_134934	marker
-73804.72499999999	-36000.405	-109220.48999999999	-19812.645	0.0	0.0	0.0	0.0	0.0	0.0	0.0	0.0	0.0	0.0	0.0	0.0	0.0	0.0	47.448275862068975	0.0	0.01013181	-0.050598015	1.018735185	0.8698199999999999	0.79352	-0.32045999999999997	3498569.0	1776545388.925746	0.0	1.0	-1.0	-1.0	-1.0	-1.0	-1.0	-1.0	-1.0	-1.0	0.0	opened-hand	Open	1	calibration_20260418_134934	marker
-73622.43	-35991.945	-109058.84999999999	-19661.489999999998	0.0	0.0	0.0	0.0	0.0	0.0	0.0	0.0	0.0	0.0	0.0	0.0	0.0	0.0	47.448275862068975	0.0	0.01013181	-0.050598015	1.018735185	0.8698199999999999	0.79352	-0.32045999999999997	3498570.0	1776545388.925787	0.0	1.0	-1.0	-1.0	-1.0	-1.0	-1.0	-1.0	-1.0	-1.0	0.0	opened-hand	Open	1	calibration_20260418_134934	marker
-73586.43	-35999.145	-108978.075	-19574.37	0.0	0.0	0.0	0.0	0.0	0.0	0.0	0.0	0.0	0.0	0.0	0.0	0.0	0.0	47.448275862068975	0.0	0.01013181	-0.050598015	1.018735185	0.8698199999999999	0.79352	-0.32045999999999997	3498571.0	1776545388.92616	0.0	1.0	-1.0	-1.0	-1.0	-1.0	-1.0	-1.0	-1.0	-1.0	0.0	opened-hand	Open	1	calibration_20260418_134934	marker
-73715.805	-36022.409999999996	-109118.87999999999	-19719.765	0.0	0.0	0.0	0.0	0.0	0.0	0.0	0.0	0.0	0.0	0.0	0.0	0.0	0.0	47.448275862068975	0.0	0.01013181	-0.050598015	1.018735185	0.8698199999999999	0.79352	-0.32045999999999997	3498572.0	1776545388.926175	0.0	1.0	-1.0	-1.0	-1.0	-1.0	-1.0	-1.0	-1.0	-1.0	0.0	opened-hand	Open	1	calibration_20260418_134934	marker
-73843.965	-36043.47	-109252.39499999999	-19847.43	0.0	0.0	0.0	0.0	0.0	0.0	0.0	0.0	0.0	0.0	0.0	0.0	0.0	0.0	47.448275862068975	0.0	0.01013181	-0.050598015	1.018735185	0.8698199999999999	0.79352	-0.32045999999999997	3498573.0	1776545388.930296	0.0	1.0	-1.0	-1.0	-1.0	-1.0	-1.0	-1.0	-1.0	-1.0	0.0	opened-hand	Open	1	calibration_20260418_134934	marker
-73809.135	-36041.895	-109230.20999999999	-19805.355	0.0	0.0	0.0	0.0	0.0	0.0	0.0	0.0	0.0	0.0	0.0	0.0	0.0	0.0	47.448275862068975	0.0	0.01013181	-0.050598015	1.018735185	0.8698199999999999	0.79352	-0.32045999999999997	3498574.0	1776545388.930314	0.0	1.0	-1.0	-1.0	-1.0	-1.0	-1.0	-1.0	-1.0	-1.0	0.0	opened-hand	Open	1	calibration_20260418_134934	marker
-73836.62999999999	-36032.625	-109261.53	-19845.135	0.0	0.0	0.0	0.0	0.0	0.0	0.0	0.0	0.0	0.0	0.0	0.0	0.0	0.0	47.448275862068975	0.0	0.01086423	-0.05383287	1.01855208	0.94612	0.3815	0.16785999999999998	3498575.0	1776545388.934334	0.0	1.0	-1.0	-1.0	-1.0	-1.0	-1.0	-1.0	-1.0	-1.0	0.0	opened-hand	Open	1	calibration_20260418_134934	marker
-73753.73999999999	-36011.115	-109153.485	-19794.375	0.0	0.0	0.0	0.0	0.0	0.0	0.0	0.0	0.0	0.0	0.0	0.0	0.0	0.0	47.448275862068975	0.0	0.01086423	-0.05383287	1.01855208	0.94612	0.3815	0.16785999999999998	3498576.0	1776545388.934376	0.0	1.0	-1.0	-1.0	-1.0	-1.0	-1.0	-1.0	-1.0	-1.0	0.0	opened-hand	Open	1	calibration_20260418_134934	marker
-73654.56	-35993.43	-109049.44499999999	-19695.059999999998	0.0	0.0	0.0	0.0	0.0	0.0	0.0	0.0	0.0	0.0	0.0	0.0	0.0	0.0	47.448275862068975	0.0	0.01086423	-0.05383287	1.01855208	0.94612	0.3815	0.16785999999999998	3498577.0	1776545388.938441	0.0	1.0	-1.0	-1.0	-1.0	-1.0	-1.0	-1.0	-1.0	-1.0	0.0	opened-hand	Open	1	calibration_20260418_134934	marker
-73667.34	-35995.095	-109152.675	-19718.19	0.0	0.0	0.0	0.0	0.0	0.0	0.0	0.0	0.0	0.0	0.0	0.0	0.0	0.0	47.448275862068975	0.0	0.01086423	-0.05383287	1.01855208	0.94612	0.3815	0.16785999999999998	3498578.0	1776545388.938489	0.0	1.0	-1.0	-1.0	-1.0	-1.0	-1.0	-1.0	-1.0	-1.0	0.0	opened-hand	Open	1	calibration_20260418_134934	marker
-73721.7	-36004.814999999995	-109136.295	-19678.68	0.0	0.0	0.0	0.0	0.0	0.0	0.0	0.0	0.0	0.0	0.0	0.0	0.0	0.0	47.448275862068975	0.0	0.01086423	-0.05383287	1.01855208	0.94612	0.3815	0.16785999999999998	3498579.0	1776545388.942388	0.0	1.0	-1.0	-1.0	-1.0	-1.0	-1.0	-1.0	-1.0	-1.0	0.0	opened-hand	Open	1	calibration_20260418_134934	marker
-73769.805	-36020.655	-109129.905	-19710.675	0.0	0.0	0.0	0.0	0.0	0.0	0.0	0.0	0.0	0.0	0.0	0.0	0.0	0.0	47.448275862068975	0.0	0.01086423	-0.05383287	1.01855208	0.94612	0.3815	0.16785999999999998	3498580.0	1776545388.94242	0.0	1.0	-1.0	-1.0	-1.0	-1.0	-1.0	-1.0	-1.0	-1.0	0.0	opened-hand	Open	1	calibration_20260418_134934	marker
-73739.565	-36030.689999999995	-109114.69499999999	-19720.26	0.0	0.0	0.0	0.0	0.0	0.0	0.0	0.0	0.0	0.0	0.0	0.0	0.0	0.0	47.448275862068975	0.0	0.01086423	-0.05383287	1.01855208	0.94612	0.3815	0.16785999999999998	3498581.0	1776545388.946509	0.0	1.0	-1.0	-1.0	-1.0	-1.0	-1.0	-1.0	-1.0	-1.0	0.0	opened-hand	Open	1	calibration_20260418_134934	marker
-73605.19499999999	-36024.165	-108979.065	-19552.364999999998	0.0	0.0	0.0	0.0	0.0	0.0	0.0	0.0	0.0	0.0	0.0	0.0	0.0	0.0	47.448275862068975	0.0	0.01086423	-0.05383287	1.01855208	0.94612	0.3815	0.16785999999999998	3498582.0	1776545388.946555	0.0	1.0	-1.0	-1.0	-1.0	-1.0	-1.0	-1.0	-1.0	-1.0	0.0	opened-hand	Open	1	calibration_20260418_134934	marker
-73756.935	-36026.909999999996	-109159.2	-19710.855	0.0	0.0	0.0	0.0	0.0	0.0	0.0	0.0	0.0	0.0	0.0	0.0	0.0	0.0	47.448275862068975	0.0	0.01086423	-0.05383287	1.01855208	0.94612	0.3815	0.16785999999999998	3498583.0	1776545388.950485	0.0	1.0	-1.0	-1.0	-1.0	-1.0	-1.0	-1.0	-1.0	-1.0	0.0	opened-hand	Open	1	calibration_20260418_134934	marker
-73806.97499999999	-36019.845	-109236.33	-19829.61	0.0	0.0	0.0	0.0	0.0	0.0	0.0	0.0	0.0	0.0	0.0	0.0	0.0	0.0	47.448275862068975	0.0	0.01086423	-0.05383287	1.01855208	0.94612	0.3815	0.16785999999999998	3498584.0	1776545388.95052	0.0	1.0	-1.0	-1.0	-1.0	-1.0	-1.0	-1.0	-1.0	-1.0	0.0	opened-hand	Open	1	calibration_20260418_134934	marker
-73844.055	-36010.665	-109296.495	-19884.6	0.0	0.0	0.0	0.0	0.0	0.0	0.0	0.0	0.0	0.0	0.0	0.0	0.0	0.0	47.448275862068975	0.0	0.01306149	-0.057556005	1.020688305	0.9919	0.41202	0.6103999999999999	3498585.0	1776545388.954397	0.0	1.0	-1.0	-1.0	-1.0	-1.0	-1.0	-1.0	-1.0	-1.0	0.0	opened-hand	Open	1	calibration_20260418_134934	marker
-73774.44	-35999.189999999995	-109248.345	-19816.875	0.0	0.0	0.0	0.0	0.0	0.0	0.0	0.0	0.0	0.0	0.0	0.0	0.0	0.0	47.448275862068975	0.0	0.01306149	-0.057556005	1.020688305	0.9919	0.41202	0.6103999999999999	3498586.0	1776545388.954416	0.0	1.0	-1.0	-1.0	-1.0	-1.0	-1.0	-1.0	-1.0	-1.0	0.0	opened-hand	Open	1	calibration_20260418_134934	marker
-73696.635	-35999.055	-109123.965	-19712.34	0.0	0.0	0.0	0.0	0.0	0.0	0.0	0.0	0.0	0.0	0.0	0.0	0.0	0.0	47.448275862068975	0.0	0.01306149	-0.057556005	1.020688305	0.9919	0.41202	0.6103999999999999	3498587.0	1776545388.958505	0.0	1.0	-1.0	-1.0	-1.0	-1.0	-1.0	-1.0	-1.0	-1.0	0.0	opened-hand	Open	1	calibration_20260418_134934	marker
-73776.645	-36019.305	-109175.355	-19768.364999999998	0.0	0.0	0.0	0.0	0.0	0.0	0.0	0.0	0.0	0.0	0.0	0.0	0.0	0.0	47.448275862068975	0.0	0.01306149	-0.057556005	1.020688305	0.9919	0.41202	0.6103999999999999	3498588.0	1776545388.958532	0.0	1.0	-1.0	-1.0	-1.0	-1.0	-1.0	-1.0	-1.0	-1.0	0.0	opened-hand	Open	1	calibration_20260418_134934	marker
-73687.00499999999	-36029.744999999995	-109073.655	-19656.945	0.0	0.0	0.0	0.0	0.0	0.0	0.0	0.0	0.0	0.0	0.0	0.0	0.0	0.0	47.448275862068975	0.0	0.01306149	-0.057556005	1.020688305	0.9919	0.41202	0.6103999999999999	3498589.0	1776545388.963081	0.0	1.0	-1.0	-1.0	-1.0	-1.0	-1.0	-1.0	-1.0	-1.0	0.0	opened-hand	Open	1	calibration_20260418_134934	marker
-73540.665	-36023.265	-108894.915	-19486.125	0.0	0.0	0.0	0.0	0.0	0.0	0.0	0.0	0.0	0.0	0.0	0.0	0.0	0.0	47.448275862068975	0.0	0.01306149	-0.057556005	1.020688305	0.9919	0.41202	0.6103999999999999	3498590.0	1776545388.9631	0.0	1.0	-1.0	-1.0	-1.0	-1.0	-1.0	-1.0	-1.0	-1.0	0.0	opened-hand	Open	1	calibration_20260418_134934	marker
-73801.395	-36035.055	-109228.76999999999	-19828.35	0.0	0.0	0.0	0.0	0.0	0.0	0.0	0.0	0.0	0.0	0.0	0.0	0.0	0.0	47.448275862068975	0.0	0.01306149	-0.057556005	1.020688305	0.9919	0.41202	0.6103999999999999	3498591.0	1776545388.966388	0.0	1.0	-1.0	-1.0	-1.0	-1.0	-1.0	-1.0	-1.0	-1.0	0.0	opened-hand	Open	1	calibration_20260418_134934	marker
-73910.205	-36028.755	-109393.01999999999	-19993.41	0.0	0.0	0.0	0.0	0.0	0.0	0.0	0.0	0.0	0.0	0.0	0.0	0.0	0.0	47.448275862068975	0.0	0.01306149	-0.057556005	1.020688305	0.9919	0.41202	0.6103999999999999	3498592.0	1776545388.966426	0.0	1.0	-1.0	-1.0	-1.0	-1.0	-1.0	-1.0	-1.0	-1.0	0.0	opened-hand	Open	1	calibration_20260418_134934	marker
-73730.43	-36003.06	-109278.94499999999	-19852.515	0.0	0.0	0.0	0.0	0.0	0.0	0.0	0.0	0.0	0.0	0.0	0.0	0.0	0.0	47.448275862068975	0.0	0.01306149	-0.057556005	1.020688305	0.9919	0.41202	0.6103999999999999	3498593.0	1776545388.970521	0.0	1.0	-1.0	-1.0	-1.0	-1.0	-1.0	-1.0	-1.0	-1.0	0.0	opened-hand	Open	1	calibration_20260418_134934	marker
-73679.76	-35992.08	-109210.23	-19750.14	0.0	0.0	0.0	0.0	0.0	0.0	0.0	0.0	0.0	0.0	0.0	0.0	0.0	0.0	47.448275862068975	0.0	0.01306149	-0.057556005	1.020688305	0.9919	0.41202	0.6103999999999999	3498594.0	1776545388.970541	0.0	1.0	-1.0	-1.0	-1.0	-1.0	-1.0	-1.0	-1.0	-1.0	0.0	opened-hand	Open	1	calibration_20260418_134934	marker
-73685.655	-35993.79	-109124.81999999999	-19689.03	0.0	0.0	0.0	0.0	0.0	0.0	0.0	0.0	0.0	0.0	0.0	0.0	0.0	0.0	47.448275862068975	0.0	0.009216285	-0.06481917	1.02331281	2.48738	0.01526	-0.73248	3498595.0	1776545388.974346	0.0	1.0	-1.0	-1.0	-1.0	-1.0	-1.0	-1.0	-1.0	-1.0	0.0	opened-hand	Open	1	calibration_20260418_134934	marker
-73746.09	-36010.665	-109132.47	-19701.63	0.0	0.0	0.0	0.0	0.0	0.0	0.0	0.0	0.0	0.0	0.0	0.0	0.0	0.0	47.448275862068975	0.0	0.009216285	-0.06481917	1.02331281	2.48738	0.01526	-0.73248	3498596.0	1776545388.974372	0.0	1.0	-1.0	-1.0	-1.0	-1.0	-1.0	-1.0	-1.0	-1.0	0.0	opened-hand	Open	1	calibration_20260418_134934	marker
-73808.50499999999	-36030.555	-109194.345	-19766.565	0.0	0.0	0.0	0.0	0.0	0.0	0.0	0.0	0.0	0.0	0.0	0.0	0.0	0.0	47.448275862068975	0.0	0.009216285	-0.06481917	1.02331281	2.48738	0.01526	-0.73248	3498597.0	1776545388.979855	0.0	1.0	-1.0	-1.0	-1.0	-1.0	-1.0	-1.0	-1.0	-1.0	0.0	opened-hand	Open	1	calibration_20260418_134934	marker
-73869.03	-36050.445	-109277.955	-19865.114999999998	0.0	0.0	0.0	0.0	0.0	0.0	0.0	0.0	0.0	0.0	0.0	0.0	0.0	0.0	47.448275862068975	0.0	0.009216285	-0.06481917	1.02331281	2.48738	0.01526	-0.73248	3498598.0	1776545388.980405	0.0	1.0	-1.0	-1.0	-1.0	-1.0	-1.0	-1.0	-1.0	-1.0	0.0	opened-hand	Open	1	calibration_20260418_134934	marker
-73847.925	-36050.49	-109243.70999999999	-19806.03	0.0	0.0	0.0	0.0	0.0	0.0	0.0	0.0	0.0	0.0	0.0	0.0	0.0	0.0	47.448275862068975	0.0	0.009216285	-0.06481917	1.02331281	2.48738	0.01526	-0.73248	3498599.0	1776545388.982521	0.0	1.0	-1.0	-1.0	-1.0	-1.0	-1.0	-1.0	-1.0	-1.0	0.0	opened-hand	Open	1	calibration_20260418_134934	marker
-73803.06	-36040.725	-109230.97499999999	-19788.255	0.0	0.0	0.0	0.0	0.0	0.0	0.0	0.0	0.0	0.0	0.0	0.0	0.0	0.0	47.448275862068975	0.0	0.009216285	-0.06481917	1.02331281	2.48738	0.01526	-0.73248	3498600.0	1776545388.982539	0.0	1.0	-1.0	-1.0	-1.0	-1.0	-1.0	-1.0	-1.0	-1.0	0.0	opened-hand	Open	1	calibration_20260418_134934	marker
-73678.68	-36021.42	-109152.26999999999	-19720.485	0.0	0.0	0.0	0.0	0.0	0.0	0.0	0.0	0.0	0.0	0.0	0.0	0.0	0.0	47.448275862068975	0.0	0.009216285	-0.06481917	1.02331281	2.48738	0.01526	-0.73248	3498601.0	1776545388.989029	0.0	1.0	-1.0	-1.0	-1.0	-1.0	-1.0	-1.0	-1.0	-1.0	0.0	opened-hand	Open	1	calibration_20260418_134934	marker
-73552.31999999999	-35999.955	-109029.15	-19597.005	0.0	0.0	0.0	0.0	0.0	0.0	0.0	0.0	0.0	0.0	0.0	0.0	0.0	0.0	47.448275862068975	0.0	0.009216285	-0.06481917	1.02331281	2.48738	0.01526	-0.73248	3498602.0	1776545388.989048	0.0	1.0	-1.0	-1.0	-1.0	-1.0	-1.0	-1.0	-1.0	-1.0	0.0	opened-hand	Open	1	calibration_20260418_134934	marker
-73534.455	-35996.49	-109015.245	-19593.495	0.0	0.0	0.0	0.0	0.0	0.0	0.0	0.0	0.0	0.0	0.0	0.0	0.0	0.0	47.448275862068975	0.0	0.009216285	-0.06481917	1.02331281	2.48738	0.01526	-0.73248	3498603.0	1776545388.99285	0.0	1.0	-1.0	-1.0	-1.0	-1.0	-1.0	-1.0	-1.0	-1.0	0.0	opened-hand	Open	1	calibration_20260418_134934	marker
-73712.87999999999	-36013.994999999995	-109132.78499999999	-19716.03	0.0	0.0	0.0	0.0	0.0	0.0	0.0	0.0	0.0	0.0	0.0	0.0	0.0	0.0	47.448275862068975	0.0	0.009216285	-0.06481917	1.02331281	2.48738	0.01526	-0.73248	3498604.0	1776545388.992879	0.0	1.0	-1.0	-1.0	-1.0	-1.0	-1.0	-1.0	-1.0	-1.0	0.0	opened-hand	Open	1	calibration_20260418_134934	marker
-73870.245	-36035.28	-109224.94499999999	-19798.469999999998	0.0	0.0	0.0	0.0	0.0	0.0	0.0	0.0	0.0	0.0	0.0	0.0	0.0	0.0	47.448275862068975	0.0	0.00646971	-0.067321605	1.02367902	3.14356	-0.16785999999999998	-0.19838	3498605.0	1776545388.995858	0.0	1.0	-1.0	-1.0	-1.0	-1.0	-1.0	-1.0	-1.0	-1.0	0.0	opened-hand	Open	1	calibration_20260418_134934	marker
-73852.785	-36045.63	-109240.83	-19785.105	0.0	0.0	0.0	0.0	0.0	0.0	0.0	0.0	0.0	0.0	0.0	0.0	0.0	0.0	47.448275862068975	0.0	0.00646971	-0.067321605	1.02367902	3.14356	-0.16785999999999998	-0.19838	3498606.0	1776545388.995887	0.0	1.0	-1.0	-1.0	-1.0	-1.0	-1.0	-1.0	-1.0	-1.0	0.0	opened-hand	Open	1	calibration_20260418_134934	marker
-73747.305	-36040.86	-109204.155	-19767.375	0.0	0.0	0.0	0.0	0.0	0.0	0.0	0.0	0.0	0.0	0.0	0.0	0.0	0.0	47.448275862068975	0.0	0.00646971	-0.067321605	1.02367902	3.14356	-0.16785999999999998	-0.19838	3498607.0	1776545388.998944	0.0	1.0	-1.0	-1.0	-1.0	-1.0	-1.0	-1.0	-1.0	-1.0	0.0	opened-hand	Open	1	calibration_20260418_134934	marker
-73758.06	-36032.76	-109199.25	-19767.015	0.0	0.0	0.0	0.0	0.0	0.0	0.0	0.0	0.0	0.0	0.0	0.0	0.0	0.0	47.448275862068975	0.0	0.00646971	-0.067321605	1.02367902	3.14356	-0.16785999999999998	-0.19838	3498608.0	1776545388.998979	0.0	1.0	-1.0	-1.0	-1.0	-1.0	-1.0	-1.0	-1.0	-1.0	0.0	opened-hand	Open	1	calibration_20260418_134934	marker
-73762.37999999999	-36019.125	-109235.295	-19795.905	0.0	0.0	0.0	0.0	0.0	0.0	0.0	0.0	0.0	0.0	0.0	0.0	0.0	0.0	47.448275862068975	0.0	0.00646971	-0.067321605	1.02367902	3.14356	-0.16785999999999998	-0.19838	3498609.0	1776545389.002401	0.0	1.0	-1.0	-1.0	-1.0	-1.0	-1.0	-1.0	-1.0	-1.0	0.0	opened-hand	Open	1	calibration_20260418_134934	marker
-73701.405	-36001.575	-109181.43	-19745.055	0.0	0.0	0.0	0.0	0.0	0.0	0.0	0.0	0.0	0.0	0.0	0.0	0.0	0.0	47.448275862068975	0.0	0.00646971	-0.067321605	1.02367902	3.14356	-0.16785999999999998	-0.19838	3498610.0	1776545389.002417	0.0	1.0	-1.0	-1.0	-1.0	-1.0	-1.0	-1.0	-1.0	-1.0	0.0	opened-hand	Open	1	calibration_20260418_134934	marker
-73684.53	-35995.365	-109154.43	-19725.48	0.0	0.0	0.0	0.0	0.0	0.0	0.0	0.0	0.0	0.0	0.0	0.0	0.0	0.0	47.448275862068975	0.0	0.00646971	-0.067321605	1.02367902	3.14356	-0.16785999999999998	-0.19838	3498611.0	1776545389.007016	0.0	1.0	-1.0	-1.0	-1.0	-1.0	-1.0	-1.0	-1.0	-1.0	0.0	opened-hand	Open	1	calibration_20260418_134934	marker
-73733.625	-36004.229999999996	-109173.87	-19751.579999999998	0.0	0.0	0.0	0.0	0.0	0.0	0.0	0.0	0.0	0.0	0.0	0.0	0.0	0.0	47.448275862068975	0.0	0.00646971	-0.067321605	1.02367902	3.14356	-0.16785999999999998	-0.19838	3498612.0	1776545389.007038	0.0	1.0	-1.0	-1.0	-1.0	-1.0	-1.0	-1.0	-1.0	-1.0	0.0	opened-hand	Open	1	calibration_20260418_134934	marker
-73770.48	-36018.494999999995	-109161.855	-19741.905	0.0	0.0	0.0	0.0	0.0	0.0	0.0	0.0	0.0	0.0	0.0	0.0	0.0	0.0	47.448275862068975	0.0	0.00646971	-0.067321605	1.02367902	3.14356	-0.16785999999999998	-0.19838	3498613.0	1776545389.01034	0.0	1.0	-1.0	-1.0	-1.0	-1.0	-1.0	-1.0	-1.0	-1.0	0.0	opened-hand	Open	1	calibration_20260418_134934	marker
-73764.765	-36031.32	-109143.09	-19694.295	0.0	0.0	0.0	0.0	0.0	0.0	0.0	0.0	0.0	0.0	0.0	0.0	0.0	0.0	47.448275862068975	0.0	0.00646971	-0.067321605	1.02367902	3.14356	-0.16785999999999998	-0.19838	3498614.0	1776545389.010387	0.0	1.0	-1.0	-1.0	-1.0	-1.0	-1.0	-1.0	-1.0	-1.0	0.0	opened-hand	Open	1	calibration_20260418_134934	marker
-73698.48	-36035.145	-109068.39	-19627.739999999998	0.0	0.0	0.0	0.0	0.0	0.0	0.0	0.0	0.0	0.0	0.0	0.0	0.0	0.0	47.448275862068975	0.0	0.00927732	-0.06335433	1.02111555	2.65524	-0.57988	-0.9613799999999999	3498615.0	1776545389.016711	0.0	1.0	-1.0	-1.0	-1.0	-1.0	-1.0	-1.0	-1.0	-1.0	0.0	opened-hand	Open	1	calibration_20260418_134934	marker
-73771.83	-36038.475	-109117.305	-19716.255	0.0	0.0	0.0	0.0	0.0	0.0	0.0	0.0	0.0	0.0	0.0	0.0	0.0	0.0	47.448275862068975	0.0	0.00927732	-0.06335433	1.02111555	2.65524	-0.57988	-0.9613799999999999	3498616.0	1776545389.016745	0.0	1.0	-1.0	-1.0	-1.0	-1.0	-1.0	-1.0	-1.0	-1.0	0.0	opened-hand	Open	1	calibration_20260418_134934	marker
-73793.52	-36037.395	-109259.81999999999	-19834.38	0.0	0.0	0.0	0.0	0.0	0.0	0.0	0.0	0.0	0.0	0.0	0.0	0.0	0.0	47.448275862068975	0.0	0.00927732	-0.06335433	1.02111555	2.65524	-0.57988	-0.9613799999999999	3498617.0	1776545389.018678	0.0	1.0	-1.0	-1.0	-1.0	-1.0	-1.0	-1.0	-1.0	-1.0	0.0	opened-hand	Open	1	calibration_20260418_134934	marker
-73739.97	-36023.265	-109311.75	-19828.44	0.0	0.0	0.0	0.0	0.0	0.0	0.0	0.0	0.0	0.0	0.0	0.0	0.0	0.0	47.448275862068975	0.0	0.00927732	-0.06335433	1.02111555	2.65524	-0.57988	-0.9613799999999999	3498618.0	1776545389.018695	0.0	1.0	-1.0	-1.0	-1.0	-1.0	-1.0	-1.0	-1.0	-1.0	0.0	opened-hand	Open	1	calibration_20260418_134934	marker
-73764.27	-36012.78	-109274.89499999999	-19814.175	0.0	0.0	0.0	0.0	0.0	0.0	0.0	0.0	0.0	0.0	0.0	0.0	0.0	0.0	47.448275862068975	0.0	0.00927732	-0.06335433	1.02111555	2.65524	-0.57988	-0.9613799999999999	3498619.0	1776545389.022523	0.0	1.0	-1.0	-1.0	-1.0	-1.0	-1.0	-1.0	-1.0	-1.0	0.0	opened-hand	Open	1	calibration_20260418_134934	marker
-73687.68	-36003.869999999995	-109113.61499999999	-19682.055	0.0	0.0	0.0	0.0	0.0	0.0	0.0	0.0	0.0	0.0	0.0	0.0	0.0	0.0	47.448275862068975	0.0	0.00927732	-0.06335433	1.02111555	2.65524	-0.57988	-0.9613799999999999	3498620.0	1776545389.022541	0.0	1.0	-1.0	-1.0	-1.0	-1.0	-1.0	-1.0	-1.0	-1.0	0.0	opened-hand	Open	1	calibration_20260418_134934	marker
-73670.265	-36013.905	-109067.4	-19654.245	0.0	0.0	0.0	0.0	0.0	0.0	0.0	0.0	0.0	0.0	0.0	0.0	0.0	0.0	47.448275862068975	0.0	0.00927732	-0.06335433	1.02111555	2.65524	-0.57988	-0.9613799999999999	3498621.0	1776545389.026557	0.0	1.0	-1.0	-1.0	-1.0	-1.0	-1.0	-1.0	-1.0	-1.0	0.0	opened-hand	Open	1	calibration_20260418_134934	marker
-73745.01	-36032.22	-109165.59	-19731.645	0.0	0.0	0.0	0.0	0.0	0.0	0.0	0.0	0.0	0.0	0.0	0.0	0.0	0.0	47.448275862068975	0.0	0.00927732	-0.06335433	1.02111555	2.65524	-0.57988	-0.9613799999999999	3498622.0	1776545389.026583	0.0	1.0	-1.0	-1.0	-1.0	-1.0	-1.0	-1.0	-1.0	-1.0	0.0	opened-hand	Open	1	calibration_20260418_134934	marker
-73744.83	-36037.619999999995	-109160.86499999999	-19714.32	0.0	0.0	0.0	0.0	0.0	0.0	0.0	0.0	0.0	0.0	0.0	0.0	0.0	0.0	47.448275862068975	0.0	0.00927732	-0.06335433	1.02111555	2.65524	-0.57988	-0.9613799999999999	3498623.0	1776545389.030527	0.0	1.0	-1.0	-1.0	-1.0	-1.0	-1.0	-1.0	-1.0	-1.0	0.0	opened-hand	Open	1	calibration_20260418_134934	marker
-73689.165	-36032.67	-109181.34	-19754.864999999998	0.0	0.0	0.0	0.0	0.0	0.0	0.0	0.0	0.0	0.0	0.0	0.0	0.0	0.0	47.448275862068975	0.0	0.00927732	-0.06335433	1.02111555	2.65524	-0.57988	-0.9613799999999999	3498624.0	1776545389.030548	0.0	1.0	-1.0	-1.0	-1.0	-1.0	-1.0	-1.0	-1.0	-1.0	0.0	opened-hand	Open	1	calibration_20260418_134934	marker
-73751.84999999999	-36023.265	-109213.515	-19762.965	0.0	0.0	0.0	0.0	0.0	0.0	0.0	0.0	0.0	0.0	0.0	0.0	0.0	0.0	47.448275862068975	0.0	0.009826635	-0.064391925	1.0199558850000001	4.01338	0.01526	-1.12924	3498625.0	1776545389.034574	0.0	1.0	-1.0	-1.0	-1.0	-1.0	-1.0	-1.0	-1.0	-1.0	0.0	opened-hand	Open	1	calibration_20260418_134934	marker
-73877.22	-36019.619999999995	-109329.345	-19858.815	0.0	0.0	0.0	0.0	0.0	0.0	0.0	0.0	0.0	0.0	0.0	0.0	0.0	0.0	47.448275862068975	0.0	0.009826635	-0.064391925	1.0199558850000001	4.01338	0.01526	-1.12924	3498626.0	1776545389.034598	0.0	1.0	-1.0	-1.0	-1.0	-1.0	-1.0	-1.0	-1.0	-1.0	0.0	opened-hand	Open	1	calibration_20260418_134934	marker
-73889.64	-36012.869999999995	-109310.985	-19883.204999999998	0.0	0.0	0.0	0.0	0.0	0.0	0.0	0.0	0.0	0.0	0.0	0.0	0.0	0.0	47.448275862068975	0.0	0.009826635	-0.064391925	1.0199558850000001	4.01338	0.01526	-1.12924	3498627.0	1776545389.038632	0.0	1.0	-1.0	-1.0	-1.0	-1.0	-1.0	-1.0	-1.0	-1.0	0.0	opened-hand	Open	1	calibration_20260418_134934	marker
-73772.685	-36007.47	-109195.01999999999	-19765.215	0.0	0.0	0.0	0.0	0.0	0.0	0.0	0.0	0.0	0.0	0.0	0.0	0.0	0.0	47.448275862068975	0.0	0.009826635	-0.064391925	1.0199558850000001	4.01338	0.01526	-1.12924	3498628.0	1776545389.038654	0.0	1.0	-1.0	-1.0	-1.0	-1.0	-1.0	-1.0	-1.0	-1.0	0.0	opened-hand	Open	1	calibration_20260418_134934	marker
-73676.655	-36014.31	-109139.48999999999	-19682.82	0.0	0.0	0.0	0.0	0.0	0.0	0.0	0.0	0.0	0.0	0.0	0.0	0.0	0.0	47.448275862068975	0.0	0.009826635	-0.064391925	1.0199558850000001	4.01338	0.01526	-1.12924	3498629.0	1776545389.042647	0.0	1.0	-1.0	-1.0	-1.0	-1.0	-1.0	-1.0	-1.0	-1.0	0.0	opened-hand	Open	1	calibration_20260418_134934	marker
-73695.19499999999	-36031.59	-109142.775	-19712.925	0.0	0.0	0.0	0.0	0.0	0.0	0.0	0.0	0.0	0.0	0.0	0.0	0.0	0.0	47.448275862068975	0.0	0.009826635	-0.064391925	1.0199558850000001	4.01338	0.01526	-1.12924	3498630.0	1776545389.042674	0.0	1.0	-1.0	-1.0	-1.0	-1.0	-1.0	-1.0	-1.0	-1.0	0.0	opened-hand	Open	1	calibration_20260418_134934	marker
-73684.44	-36043.424999999996	-109090.215	-19663.515	0.0	0.0	0.0	0.0	0.0	0.0	0.0	0.0	0.0	0.0	0.0	0.0	0.0	0.0	47.448275862068975	0.0	0.009826635	-0.064391925	1.0199558850000001	4.01338	0.01526	-1.12924	3498631.0	1776545389.046705	0.0	1.0	-1.0	-1.0	-1.0	-1.0	-1.0	-1.0	-1.0	-1.0	0.0	opened-hand	Open	1	calibration_20260418_134934	marker
-73720.215	-36050.939999999995	-109201.76999999999	-19720.62	0.0	0.0	0.0	0.0	0.0	0.0	0.0	0.0	0.0	0.0	0.0	0.0	0.0	0.0	47.448275862068975	0.0	0.009826635	-0.064391925	1.0199558850000001	4.01338	0.01526	-1.12924	3498632.0	1776545389.046747	0.0	1.0	-1.0	-1.0	-1.0	-1.0	-1.0	-1.0	-1.0	-1.0	0.0	opened-hand	Open	1	calibration_20260418_134934	marker
-73774.89	-36047.205	-109310.48999999999	-19850.625	0.0	0.0	0.0	0.0	0.0	0.0	0.0	0.0	0.0	0.0	0.0	0.0	0.0	0.0	47.448275862068975	0.0	0.009826635	-0.064391925	1.0199558850000001	4.01338	0.01526	-1.12924	3498633.0	1776545389.052095	0.0	1.0	-1.0	-1.0	-1.0	-1.0	-1.0	-1.0	-1.0	-1.0	0.0	opened-hand	Open	1	calibration_20260418_134934	marker
-73710.045	-36025.965	-109159.065	-19734.57	0.0	0.0	0.0	0.0	0.0	0.0	0.0	0.0	0.0	0.0	0.0	0.0	0.0	0.0	47.448275862068975	0.0	0.009826635	-0.064391925	1.0199558850000001	4.01338	0.01526	-1.12924	3498634.0	1776545389.052113	0.0	1.0	-1.0	-1.0	-1.0	-1.0	-1.0	-1.0	-1.0	-1.0	0.0	opened-hand	Open	1	calibration_20260418_134934	marker
-73574.595	-36007.2	-109050.795	-19621.305	0.0	0.0	0.0	0.0	0.0	0.0	0.0	0.0	0.0	0.0	0.0	0.0	0.0	0.0	47.448275862068975	0.0	0.011169405	-0.06469710000000001	1.018368975	4.79164	-0.04578	-0.54936	3498635.0	1776545389.054557	0.0	1.0	-1.0	-1.0	-1.0	-1.0	-1.0	-1.0	-1.0	-1.0	0.0	opened-hand	Open	1	calibration_20260418_134934	marker
-73573.065	-36003.645	-109112.175	-19632.239999999998	0.0	0.0	0.0	0.0	0.0	0.0	0.0	0.0	0.0	0.0	0.0	0.0	0.0	0.0	47.448275862068975	0.0	0.011169405	-0.06469710000000001	1.018368975	4.79164	-0.04578	-0.54936	3498636.0	1776545389.054573	0.0	1.0	-1.0	-1.0	-1.0	-1.0	-1.0	-1.0	-1.0	-1.0	0.0	opened-hand	Open	1	calibration_20260418_134934	marker
-73730.87999999999	-36017.325	-109146.015	-19667.34	0.0	0.0	0.0	0.0	0.0	0.0	0.0	0.0	0.0	0.0	0.0	0.0	0.0	0.0	47.448275862068975	0.0	0.011169405	-0.06469710000000001	1.018368975	4.79164	-0.04578	-0.54936	3498637.0	1776545389.058816	0.0	1.0	-1.0	-1.0	-1.0	-1.0	-1.0	-1.0	-1.0	-1.0	0.0	opened-hand	Open	1	calibration_20260418_134934	marker
-73802.925	-36035.28	-109154.11499999999	-19685.34	0.0	0.0	0.0	0.0	0.0	0.0	0.0	0.0	0.0	0.0	0.0	0.0	0.0	0.0	47.448275862068975	0.0	0.011169405	-0.06469710000000001	1.018368975	4.79164	-0.04578	-0.54936	3498638.0	1776545389.058855	0.0	1.0	-1.0	-1.0	-1.0	-1.0	-1.0	-1.0	-1.0	-1.0	0.0	opened-hand	Open	1	calibration_20260418_134934	marker
-73783.17	-36050.625	-109176.795	-19708.11	0.0	0.0	0.0	0.0	0.0	0.0	0.0	0.0	0.0	0.0	0.0	0.0	0.0	0.0	47.448275862068975	0.0	0.011169405	-0.06469710000000001	1.018368975	4.79164	-0.04578	-0.54936	3498639.0	1776545389.062594	0.0	1.0	-1.0	-1.0	-1.0	-1.0	-1.0	-1.0	-1.0	-1.0	0.0	opened-hand	Open	1	calibration_20260418_134934	marker
-73794.285	-36056.385	-109216.75499999999	-19761.93	0.0	0.0	0.0	0.0	0.0	0.0	0.0	0.0	0.0	0.0	0.0	0.0	0.0	0.0	47.448275862068975	0.0	0.011169405	-0.06469710000000001	1.018368975	4.79164	-0.04578	-0.54936	3498640.0	1776545389.062605	0.0	1.0	-1.0	-1.0	-1.0	-1.0	-1.0	-1.0	-1.0	-1.0	0.0	opened-hand	Open	1	calibration_20260418_134934	marker
-73897.69499999999	-36059.4	-109394.775	-19942.92	0.0	0.0	0.0	0.0	0.0	0.0	0.0	0.0	0.0	0.0	0.0	0.0	0.0	0.0	47.448275862068975	0.0	0.011169405	-0.06469710000000001	1.018368975	4.79164	-0.04578	-0.54936	3498641.0	1776545389.066751	0.0	1.0	-1.0	-1.0	-1.0	-1.0	-1.0	-1.0	-1.0	-1.0	0.0	opened-hand	Open	1	calibration_20260418_134934	marker
-73828.26	-36044.28	-109371.33	-19911.015	0.0	0.0	0.0	0.0	0.0	0.0	0.0	0.0	0.0	0.0	0.0	0.0	0.0	0.0	47.448275862068975	0.0	0.011169405	-0.06469710000000001	1.018368975	4.79164	-0.04578	-0.54936	3498642.0	1776545389.066771	0.0	1.0	-1.0	-1.0	-1.0	-1.0	-1.0	-1.0	-1.0	-1.0	0.0	opened-hand	Open	1	calibration_20260418_134934	marker
-73775.745	-36027.45	-109314.26999999999	-19849.184999999998	0.0	0.0	0.0	0.0	0.0	0.0	0.0	0.0	0.0	0.0	0.0	0.0	0.0	0.0	47.448275862068975	0.0	0.011169405	-0.06469710000000001	1.018368975	4.79164	-0.04578	-0.54936	3498643.0	1776545389.070699	0.0	1.0	-1.0	-1.0	-1.0	-1.0	-1.0	-1.0	-1.0	-1.0	0.0	opened-hand	Open	1	calibration_20260418_134934	marker
-73703.87999999999	-36014.805	-109192.14	-19741.59	0.0	0.0	0.0	0.0	0.0	0.0	0.0	0.0	0.0	0.0	0.0	0.0	0.0	0.0	47.448275862068975	0.0	0.011169405	-0.06469710000000001	1.018368975	4.79164	-0.04578	-0.54936	3498644.0	1776545389.070717	0.0	1.0	-1.0	-1.0	-1.0	-1.0	-1.0	-1.0	-1.0	-1.0	0.0	opened-hand	Open	1	calibration_20260418_134934	marker
-73699.29	-36018.72	-109161.98999999999	-19720.215	0.0	0.0	0.0	0.0	0.0	0.0	0.0	0.0	0.0	0.0	0.0	0.0	0.0	0.0	47.448275862068975	0.0	0.01257321	-0.06018051	1.017514485	4.303319999999999	-0.19838	-0.32045999999999997	3498645.0	1776545389.074831	0.0	1.0	-1.0	-1.0	-1.0	-1.0	-1.0	-1.0	-1.0	-1.0	0.0	opened-hand	Open	1	calibration_20260418_134934	marker
-73681.65	-36030.645	-109106.81999999999	-19656.855	0.0	0.0	0.0	0.0	0.0	0.0	0.0	0.0	0.0	0.0	0.0	0.0	0.0	0.0	47.448275862068975	0.0	0.01257321	-0.06018051	1.017514485	4.303319999999999	-0.19838	-0.32045999999999997	3498646.0	1776545389.074847	0.0	1.0	-1.0	-1.0	-1.0	-1.0	-1.0	-1.0	-1.0	-1.0	0.0	opened-hand	Open	1	calibration_20260418_134934	marker
-73641.51	-36042.165	-109077.345	-19612.17	0.0	0.0	0.0	0.0	0.0	0.0	0.0	0.0	0.0	0.0	0.0	0.0	0.0	0.0	47.448275862068975	0.0	0.01257321	-0.06018051	1.017514485	4.303319999999999	-0.19838	-0.32045999999999997	3498647.0	1776545389.078643	0.0	1.0	-1.0	-1.0	-1.0	-1.0	-1.0	-1.0	-1.0	-1.0	0.0	opened-hand	Open	1	calibration_20260418_134934	marker
-73733.58	-36060.615	-109215.765	-19752.255	0.0	0.0	0.0	0.0	0.0	0.0	0.0	0.0	0.0	0.0	0.0	0.0	0.0	0.0	47.448275862068975	0.0	0.01257321	-0.06018051	1.017514485	4.303319999999999	-0.19838	-0.32045999999999997	3498648.0	1776545389.078658	0.0	1.0	-1.0	-1.0	-1.0	-1.0	-1.0	-1.0	-1.0	-1.0	0.0	opened-hand	Open	1	calibration_20260418_134934	marker
-73718.64	-36058.905	-109168.29	-19725.75	0.0	0.0	0.0	0.0	0.0	0.0	0.0	0.0	0.0	0.0	0.0	0.0	0.0	0.0	47.448275862068975	0.0	0.01257321	-0.06018051	1.017514485	4.303319999999999	-0.19838	-0.32045999999999997	3498649.0	1776545389.083596	0.0	1.0	-1.0	-1.0	-1.0	-1.0	-1.0	-1.0	-1.0	-1.0	0.0	opened-hand	Open	1	calibration_20260418_134934	marker
-73716.61499999999	-36050.31	-109196.955	-19742.399999999998	0.0	0.0	0.0	0.0	0.0	0.0	0.0	0.0	0.0	0.0	0.0	0.0	0.0	0.0	47.448275862068975	0.0	0.01257321	-0.06018051	1.017514485	4.303319999999999	-0.19838	-0.32045999999999997	3498650.0	1776545389.083611	0.0	1.0	-1.0	-1.0	-1.0	-1.0	-1.0	-1.0	-1.0	-1.0	0.0	opened-hand	Open	1	calibration_20260418_134934	marker
-73775.97	-36044.28	-109287.22499999999	-19824.795	0.0	0.0	0.0	0.0	0.0	0.0	0.0	0.0	0.0	0.0	0.0	0.0	0.0	0.0	47.448275862068975	0.0	0.01257321	-0.06018051	1.017514485	4.303319999999999	-0.19838	-0.32045999999999997	3498651.0	1776545389.088949	0.0	1.0	-1.0	-1.0	-1.0	-1.0	-1.0	-1.0	-1.0	-1.0	0.0	opened-hand	Open	1	calibration_20260418_134934	marker
-73760.895	-36030.42	-109228.995	-19785.329999999998	0.0	0.0	0.0	0.0	0.0	0.0	0.0	0.0	0.0	0.0	0.0	0.0	0.0	0.0	47.448275862068975	0.0	0.01257321	-0.06018051	1.017514485	4.303319999999999	-0.19838	-0.32045999999999997	3498652.0	1776545389.088963	0.0	1.0	-1.0	-1.0	-1.0	-1.0	-1.0	-1.0	-1.0	-1.0	0.0	opened-hand	Open	1	calibration_20260418_134934	marker
-73682.09999999999	-36018.63	-109121.355	-19695.015	0.0	0.0	0.0	0.0	0.0	0.0	0.0	0.0	0.0	0.0	0.0	0.0	0.0	0.0	47.448275862068975	0.0	0.01257321	-0.06018051	1.017514485	4.303319999999999	-0.19838	-0.32045999999999997	3498653.0	1776545389.091902	0.0	1.0	-1.0	-1.0	-1.0	-1.0	-1.0	-1.0	-1.0	-1.0	0.0	opened-hand	Open	1	calibration_20260418_134934	marker
-73741.86	-36033.975	-109219.545	-19774.26	0.0	0.0	0.0	0.0	0.0	0.0	0.0	0.0	0.0	0.0	0.0	0.0	0.0	0.0	47.448275862068975	0.0	0.01257321	-0.06018051	1.017514485	4.303319999999999	-0.19838	-0.32045999999999997	3498654.0	1776545389.091916	0.0	1.0	-1.0	-1.0	-1.0	-1.0	-1.0	-1.0	-1.0	-1.0	0.0	opened-hand	Open	1	calibration_20260418_134934	marker
-73889.64	-36058.185	-109335.69	-19843.785	0.0	0.0	0.0	0.0	0.0	0.0	0.0	0.0	0.0	0.0	0.0	0.0	0.0	0.0	47.448275862068975	0.0	0.012756315	-0.05505357	1.01879622	3.0825199999999997	0.36624	0.13734	3498655.0	1776545389.094864	0.0	1.0	-1.0	-1.0	-1.0	-1.0	-1.0	-1.0	-1.0	-1.0	0.0	opened-hand	Open	1	calibration_20260418_134934	marker
-73892.97	-36068.985	-109322.775	-19856.835	0.0	0.0	0.0	0.0	0.0	0.0	0.0	0.0	0.0	0.0	0.0	0.0	0.0	0.0	47.448275862068975	0.0	0.012756315	-0.05505357	1.01879622	3.0825199999999997	0.36624	0.13734	3498656.0	1776545389.094878	0.0	1.0	-1.0	-1.0	-1.0	-1.0	-1.0	-1.0	-1.0	-1.0	0.0	opened-hand	Open	1	calibration_20260418_134934	marker
-73803.105	-36064.53	-109237.635	-19789.245	0.0	0.0	0.0	0.0	0.0	0.0	0.0	0.0	0.0	0.0	0.0	0.0	0.0	0.0	47.448275862068975	0.0	0.012756315	-0.05505357	1.01879622	3.0825199999999997	0.36624	0.13734	3498657.0	1776545389.105707	0.0	1.0	-1.0	-1.0	-1.0	-1.0	-1.0	-1.0	-1.0	-1.0	0.0	opened-hand	Open	1	calibration_20260418_134934	marker
-73647.36	-36048.825	-109189.125	-19689.344999999998	0.0	0.0	0.0	0.0	0.0	0.0	0.0	0.0	0.0	0.0	0.0	0.0	0.0	0.0	47.448275862068975	0.0	0.012756315	-0.05505357	1.01879622	3.0825199999999997	0.36624	0.13734	3498658.0	1776545389.105735	0.0	1.0	-1.0	-1.0	-1.0	-1.0	-1.0	-1.0	-1.0	-1.0	0.0	opened-hand	Open	1	calibration_20260418_134934	marker
-73693.53	-36037.215	-109230.03	-19732.77	0.0	0.0	0.0	0.0	0.0	0.0	0.0	0.0	0.0	0.0	0.0	0.0	0.0	0.0	47.448275862068975	0.0	0.012756315	-0.05505357	1.01879622	3.0825199999999997	0.36624	0.13734	3498659.0	1776545389.105759	0.0	1.0	-1.0	-1.0	-1.0	-1.0	-1.0	-1.0	-1.0	-1.0	0.0	opened-hand	Open	1	calibration_20260418_134934	marker
-73774.17	-36028.395	-109266.075	-19785.87	0.0	0.0	0.0	0.0	0.0	0.0	0.0	0.0	0.0	0.0	0.0	0.0	0.0	0.0	47.448275862068975	0.0	0.012756315	-0.05505357	1.01879622	3.0825199999999997	0.36624	0.13734	3498660.0	1776545389.105767	0.0	1.0	-1.0	-1.0	-1.0	-1.0	-1.0	-1.0	-1.0	-1.0	0.0	opened-hand	Open	1	calibration_20260418_134934	marker
-73706.48999999999	-36019.71	-109195.65	-19720.079999999998	0.0	0.0	0.0	0.0	0.0	0.0	0.0	0.0	0.0	0.0	0.0	0.0	0.0	0.0	47.448275862068975	0.0	0.012756315	-0.05505357	1.01879622	3.0825199999999997	0.36624	0.13734	3498661.0	1776545389.106545	0.0	1.0	-1.0	-1.0	-1.0	-1.0	-1.0	-1.0	-1.0	-1.0	0.0	opened-hand	Open	1	calibration_20260418_134934	marker
-73713.735	-36027.81	-109197.0	-19725.255	0.0	0.0	0.0	0.0	0.0	0.0	0.0	0.0	0.0	0.0	0.0	0.0	0.0	0.0	47.448275862068975	0.0	0.012756315	-0.05505357	1.01879622	3.0825199999999997	0.36624	0.13734	3498662.0	1776545389.106556	0.0	1.0	-1.0	-1.0	-1.0	-1.0	-1.0	-1.0	-1.0	-1.0	0.0	opened-hand	Open	1	calibration_20260418_134934	marker
-73813.00499999999	-36045.54	-109266.48	-19789.335	0.0	0.0	0.0	0.0	0.0	0.0	0.0	0.0	0.0	0.0	0.0	0.0	0.0	0.0	47.448275862068975	0.0	0.012756315	-0.05505357	1.01879622	3.0825199999999997	0.36624	0.13734	3498663.0	1776545389.110738	0.0	1.0	-1.0	-1.0	-1.0	-1.0	-1.0	-1.0	-1.0	-1.0	0.0	opened-hand	Open	1	calibration_20260418_134934	marker
-73765.98	-36054.63	-109217.295	-19749.645	0.0	0.0	0.0	0.0	0.0	0.0	0.0	0.0	0.0	0.0	0.0	0.0	0.0	0.0	47.448275862068975	0.0	0.012756315	-0.05505357	1.01879622	3.0825199999999997	0.36624	0.13734	3498664.0	1776545389.110761	0.0	1.0	-1.0	-1.0	-1.0	-1.0	-1.0	-1.0	-1.0	-1.0	0.0	opened-hand	Open	1	calibration_20260418_134934	marker
-73688.04	-36054.585	-109134.81	-19660.32	0.0	0.0	0.0	0.0	0.0	0.0	0.0	0.0	0.0	0.0	0.0	0.0	0.0	0.0	47.448275862068975	0.0	0.0067748850000000005	-0.05395494	1.026059385	2.86888	-1.15976	-0.06104	3498665.0	1776545389.116319	0.0	1.0	-1.0	-1.0	-1.0	-1.0	-1.0	-1.0	-1.0	-1.0	0.0	opened-hand	Open	1	calibration_20260418_134934	marker
-73781.86499999999	-36053.415	-109245.23999999999	-19764.0	0.0	0.0	0.0	0.0	0.0	0.0	0.0	0.0	0.0	0.0	0.0	0.0	0.0	0.0	47.448275862068975	0.0	0.0067748850000000005	-0.05395494	1.026059385	2.86888	-1.15976	-0.06104	3498666.0	1776545389.116345	0.0	1.0	-1.0	-1.0	-1.0	-1.0	-1.0	-1.0	-1.0	-1.0	0.0	opened-hand	Open	1	calibration_20260418_134934	marker
-73835.055	-36042.345	-109320.165	-19839.87	0.0	0.0	0.0	0.0	0.0	0.0	0.0	0.0	0.0	0.0	0.0	0.0	0.0	0.0	47.448275862068975	0.0	0.0067748850000000005	-0.05395494	1.026059385	2.86888	-1.15976	-0.06104	3498667.0	1776545389.118637	0.0	1.0	-1.0	-1.0	-1.0	-1.0	-1.0	-1.0	-1.0	-1.0	0.0	opened-hand	Open	1	calibration_20260418_134934	marker
-73623.465	-36014.805	-109095.705	-19669.094999999998	0.0	0.0	0.0	0.0	0.0	0.0	0.0	0.0	0.0	0.0	0.0	0.0	0.0	0.0	47.448275862068975	0.0	0.0067748850000000005	-0.05395494	1.026059385	2.86888	-1.15976	-0.06104	3498668.0	1776545389.118649	0.0	1.0	-1.0	-1.0	-1.0	-1.0	-1.0	-1.0	-1.0	-1.0	0.0	opened-hand	Open	1	calibration_20260418_134934	marker
-73517.805	-35999.909999999996	-108985.815	-19563.704999999998	0.0	0.0	0.0	0.0	0.0	0.0	0.0	0.0	0.0	0.0	0.0	0.0	0.0	0.0	47.448275862068975	0.0	0.0067748850000000005	-0.05395494	1.026059385	2.86888	-1.15976	-0.06104	3498669.0	1776545389.12271	0.0	1.0	-1.0	-1.0	-1.0	-1.0	-1.0	-1.0	-1.0	-1.0	0.0	opened-hand	Open	1	calibration_20260418_134934	marker
-73593.58499999999	-36008.415	-109087.73999999999	-19608.344999999998	0.0	0.0	0.0	0.0	0.0	0.0	0.0	0.0	0.0	0.0	0.0	0.0	0.0	0.0	47.448275862068975	0.0	0.0067748850000000005	-0.05395494	1.026059385	2.86888	-1.15976	-0.06104	3498670.0	1776545389.122729	0.0	1.0	-1.0	-1.0	-1.0	-1.0	-1.0	-1.0	-1.0	-1.0	0.0	opened-hand	Open	1	calibration_20260418_134934	marker
-73641.33	-36021.555	-109151.415	-19664.46	0.0	0.0	0.0	0.0	0.0	0.0	0.0	0.0	0.0	0.0	0.0	0.0	0.0	0.0	47.448275862068975	0.0	0.0067748850000000005	-0.05395494	1.026059385	2.86888	-1.15976	-0.06104	3498671.0	1776545389.126791	0.0	1.0	-1.0	-1.0	-1.0	-1.0	-1.0	-1.0	-1.0	-1.0	0.0	opened-hand	Open	1	calibration_20260418_134934	marker
-73671.435	-36035.055	-109220.53499999999	-19716.885	0.0	0.0	0.0	0.0	0.0	0.0	0.0	0.0	0.0	0.0	0.0	0.0	0.0	0.0	47.448275862068975	0.0	0.0067748850000000005	-0.05395494	1.026059385	2.86888	-1.15976	-0.06104	3498672.0	1776545389.126816	0.0	1.0	-1.0	-1.0	-1.0	-1.0	-1.0	-1.0	-1.0	-1.0	0.0	opened-hand	Open	1	calibration_20260418_134934	marker
-73839.78	-36054.135	-109393.605	-19884.149999999998	0.0	0.0	0.0	0.0	0.0	0.0	0.0	0.0	0.0	0.0	0.0	0.0	0.0	0.0	47.448275862068975	0.0	0.0067748850000000005	-0.05395494	1.026059385	2.86888	-1.15976	-0.06104	3498673.0	1776545389.130787	0.0	1.0	-1.0	-1.0	-1.0	-1.0	-1.0	-1.0	-1.0	-1.0	0.0	opened-hand	Open	1	calibration_20260418_134934	marker
-73944.72	-36057.104999999996	-109432.53	-19933.38	0.0	0.0	0.0	0.0	0.0	0.0	0.0	0.0	0.0	0.0	0.0	0.0	0.0	0.0	47.448275862068975	0.0	0.0067748850000000005	-0.05395494	1.026059385	2.86888	-1.15976	-0.06104	3498674.0	1776545389.130808	0.0	1.0	-1.0	-1.0	-1.0	-1.0	-1.0	-1.0	-1.0	-1.0	0.0	opened-hand	Open	1	calibration_20260418_134934	marker
-73892.06999999999	-36040.994999999995	-109343.51999999999	-19852.649999999998	0.0	0.0	0.0	0.0	0.0	0.0	0.0	0.0	0.0	0.0	0.0	0.0	0.0	0.0	47.448275862068975	0.0	0.002868645	-0.06042465	1.03283427	4.1202	-3.02148	0.09156	3498675.0	1776545389.134809	0.0	1.0	-1.0	-1.0	-1.0	-1.0	-1.0	-1.0	-1.0	-1.0	0.0	opened-hand	Open	1	calibration_20260418_134934	marker
-73726.065	-36016.74	-109220.58	-19743.434999999998	0.0	0.0	0.0	0.0	0.0	0.0	0.0	0.0	0.0	0.0	0.0	0.0	0.0	0.0	47.448275862068975	0.0	0.002868645	-0.06042465	1.03283427	4.1202	-3.02148	0.09156	3498676.0	1776545389.134835	0.0	1.0	-1.0	-1.0	-1.0	-1.0	-1.0	-1.0	-1.0	-1.0	0.0	opened-hand	Open	1	calibration_20260418_134934	marker
-73749.51	-36007.74	-109276.73999999999	-19801.575	0.0	0.0	0.0	0.0	0.0	0.0	0.0	0.0	0.0	0.0	0.0	0.0	0.0	0.0	47.448275862068975	0.0	0.002868645	-0.06042465	1.03283427	4.1202	-3.02148	0.09156	3498677.0	1776545389.138763	0.0	1.0	-1.0	-1.0	-1.0	-1.0	-1.0	-1.0	-1.0	-1.0	0.0	opened-hand	Open	1	calibration_20260418_134934	marker
-73742.355	-36006.705	-109224.94499999999	-19756.934999999998	0.0	0.0	0.0	0.0	0.0	0.0	0.0	0.0	0.0	0.0	0.0	0.0	0.0	0.0	47.448275862068975	0.0	0.002868645	-0.06042465	1.03283427	4.1202	-3.02148	0.09156	3498678.0	1776545389.13878	0.0	1.0	-1.0	-1.0	-1.0	-1.0	-1.0	-1.0	-1.0	-1.0	0.0	opened-hand	Open	1	calibration_20260418_134934	marker
-73662.20999999999	-36012.104999999996	-109101.735	-19635.075	0.0	0.0	0.0	0.0	0.0	0.0	0.0	0.0	0.0	0.0	0.0	0.0	0.0	0.0	47.448275862068975	0.0	0.002868645	-0.06042465	1.03283427	4.1202	-3.02148	0.09156	3498679.0	1776545389.143071	0.0	1.0	-1.0	-1.0	-1.0	-1.0	-1.0	-1.0	-1.0	-1.0	0.0	opened-hand	Open	1	calibration_20260418_134934	marker
-73768.36499999999	-36032.354999999996	-109186.92	-19717.245	0.0	0.0	0.0	0.0	0.0	0.0	0.0	0.0	0.0	0.0	0.0	0.0	0.0	0.0	47.448275862068975	0.0	0.002868645	-0.06042465	1.03283427	4.1202	-3.02148	0.09156	3498680.0	1776545389.143109	0.0	1.0	-1.0	-1.0	-1.0	-1.0	-1.0	-1.0	-1.0	-1.0	0.0	opened-hand	Open	1	calibration_20260418_134934	marker
-73816.11	-36046.215	-109246.31999999999	-19791.225	0.0	0.0	0.0	0.0	0.0	0.0	0.0	0.0	0.0	0.0	0.0	0.0	0.0	0.0	47.448275862068975	0.0	0.002868645	-0.06042465	1.03283427	4.1202	-3.02148	0.09156	3498681.0	1776545389.14688	0.0	1.0	-1.0	-1.0	-1.0	-1.0	-1.0	-1.0	-1.0	-1.0	0.0	opened-hand	Open	1	calibration_20260418_134934	marker
-73789.245	-36045.99	-109187.55	-19779.93	0.0	0.0	0.0	0.0	0.0	0.0	0.0	0.0	0.0	0.0	0.0	0.0	0.0	0.0	47.448275862068975	0.0	0.002868645	-0.06042465	1.03283427	4.1202	-3.02148	0.09156	3498682.0	1776545389.146903	0.0	1.0	-1.0	-1.0	-1.0	-1.0	-1.0	-1.0	-1.0	-1.0	0.0	opened-hand	Open	1	calibration_20260418_134934	marker
-73688.48999999999	-36030.869999999995	-109092.465	-19676.114999999998	0.0	0.0	0.0	0.0	0.0	0.0	0.0	0.0	0.0	0.0	0.0	0.0	0.0	0.0	47.448275862068975	0.0	0.002868645	-0.06042465	1.03283427	4.1202	-3.02148	0.09156	3498683.0	1776545389.154654	0.0	1.0	-1.0	-1.0	-1.0	-1.0	-1.0	-1.0	-1.0	-1.0	0.0	opened-hand	Open	1	calibration_20260418_134934	marker
-73648.035	-36019.305	-109236.105	-19690.2	0.0	0.0	0.0	0.0	0.0	0.0	0.0	0.0	0.0	0.0	0.0	0.0	0.0	0.0	47.448275862068975	0.0	0.002868645	-0.06042465	1.03283427	4.1202	-3.02148	0.09156	3498684.0	1776545389.154676	0.0	1.0	-1.0	-1.0	-1.0	-1.0	-1.0	-1.0	-1.0	-1.0	0.0	opened-hand	Open	1	calibration_20260418_134934	marker
-73605.825	-36006.705	-109219.36499999999	-19666.98	0.0	0.0	0.0	0.0	0.0	0.0	0.0	0.0	0.0	0.0	0.0	0.0	0.0	0.0	47.448275862068975	0.0	0.005554185	-0.067199535	1.040585715	4.54748	-5.478339999999999	1.05294	3498685.0	1776545389.155713	0.0	1.0	-1.0	-1.0	-1.0	-1.0	-1.0	-1.0	-1.0	-1.0	0.0	opened-hand	Open	1	calibration_20260418_134934	marker
-73705.36499999999	-36009.09	-109262.11499999999	-19747.62	0.0	0.0	0.0	0.0	0.0	0.0	0.0	0.0	0.0	0.0	0.0	0.0	0.0	0.0	47.448275862068975	0.0	0.005554185	-0.067199535	1.040585715	4.54748	-5.478339999999999	1.05294	3498686.0	1776545389.155734	0.0	1.0	-1.0	-1.0	-1.0	-1.0	-1.0	-1.0	-1.0	-1.0	0.0	opened-hand	Open	1	calibration_20260418_134934	marker
-73834.875	-36025.38	-109352.385	-19869.03	0.0	0.0	0.0	0.0	0.0	0.0	0.0	0.0	0.0	0.0	0.0	0.0	0.0	0.0	47.448275862068975	0.0	0.005554185	-0.067199535	1.040585715	4.54748	-5.478339999999999	1.05294	3498687.0	1776545389.158888	0.0	1.0	-1.0	-1.0	-1.0	-1.0	-1.0	-1.0	-1.0	-1.0	0.0	opened-hand	Open	1	calibration_20260418_134934	marker
-73845.0	-36039.42	-109302.435	-19810.35	0.0	0.0	0.0	0.0	0.0	0.0	0.0	0.0	0.0	0.0	0.0	0.0	0.0	0.0	47.448275862068975	0.0	0.005554185	-0.067199535	1.040585715	4.54748	-5.478339999999999	1.05294	3498688.0	1776545389.158936	0.0	1.0	-1.0	-1.0	-1.0	-1.0	-1.0	-1.0	-1.0	-1.0	0.0	opened-hand	Open	1	calibration_20260418_134934	marker
-73757.87999999999	-36050.49	-109229.94	-19750.545	0.0	0.0	0.0	0.0	0.0	0.0	0.0	0.0	0.0	0.0	0.0	0.0	0.0	0.0	47.448275862068975	0.0	0.005554185	-0.067199535	1.040585715	4.54748	-5.478339999999999	1.05294	3498689.0	1776545389.167034	0.0	1.0	-1.0	-1.0	-1.0	-1.0	-1.0	-1.0	-1.0	-1.0	0.0	opened-hand	Open	1	calibration_20260418_134934	marker
-73771.69499999999	-36059.174999999996	-109263.87	-19784.61	0.0	0.0	0.0	0.0	0.0	0.0	0.0	0.0	0.0	0.0	0.0	0.0	0.0	0.0	47.448275862068975	0.0	0.005554185	-0.067199535	1.040585715	4.54748	-5.478339999999999	1.05294	3498690.0	1776545389.167073	0.0	1.0	-1.0	-1.0	-1.0	-1.0	-1.0	-1.0	-1.0	-1.0	0.0	opened-hand	Open	1	calibration_20260418_134934	marker
-73755.855	-36053.775	-109298.11499999999	-19821.42	0.0	0.0	0.0	0.0	0.0	0.0	0.0	0.0	0.0	0.0	0.0	0.0	0.0	0.0	47.448275862068975	0.0	0.005554185	-0.067199535	1.040585715	4.54748	-5.478339999999999	1.05294	3498691.0	1776545389.1671	0.0	1.0	-1.0	-1.0	-1.0	-1.0	-1.0	-1.0	-1.0	-1.0	0.0	opened-hand	Open	1	calibration_20260418_134934	marker
-73753.83	-36037.89	-109295.19	-19807.11	0.0	0.0	0.0	0.0	0.0	0.0	0.0	0.0	0.0	0.0	0.0	0.0	0.0	0.0	47.448275862068975	0.0	0.005554185	-0.067199535	1.040585715	4.54748	-5.478339999999999	1.05294	3498692.0	1776545389.167114	0.0	1.0	-1.0	-1.0	-1.0	-1.0	-1.0	-1.0	-1.0	-1.0	0.0	opened-hand	Open	1	calibration_20260418_134934	marker
-73700.81999999999	-36020.97	-109231.155	-19747.71	0.0	0.0	0.0	0.0	0.0	0.0	0.0	0.0	0.0	0.0	0.0	0.0	0.0	0.0	47.448275862068975	0.0	0.005554185	-0.067199535	1.040585715	4.54748	-5.478339999999999	1.05294	3498693.0	1776545389.170769	0.0	1.0	-1.0	-1.0	-1.0	-1.0	-1.0	-1.0	-1.0	-1.0	0.0	opened-hand	Open	1	calibration_20260418_134934	marker
-73701.98999999999	-36013.365	-109190.11499999999	-19695.105	0.0	0.0	0.0	0.0	0.0	0.0	0.0	0.0	0.0	0.0	0.0	0.0	0.0	0.0	47.448275862068975	0.0	0.005554185	-0.067199535	1.040585715	4.54748	-5.478339999999999	1.05294	3498694.0	1776545389.17079	0.0	1.0	-1.0	-1.0	-1.0	-1.0	-1.0	-1.0	-1.0	-1.0	0.0	opened-hand	Open	1	calibration_20260418_134934	marker
-73652.625	-36014.354999999996	-109129.545	-19655.46	0.0	0.0	0.0	0.0	0.0	0.0	0.0	0.0	0.0	0.0	0.0	0.0	0.0	0.0	47.448275862068975	0.0	0.0048828	-0.083190705	1.046078865	10.0716	-7.27902	0.54936	3498695.0	1776545389.175077	0.0	1.0	-1.0	-1.0	-1.0	-1.0	-1.0	-1.0	-1.0	-1.0	0.0	opened-hand	Open	1	calibration_20260418_134934	marker
-73735.515	-36032.67	-109229.67	-19739.295	0.0	0.0	0.0	0.0	0.0	0.0	0.0	0.0	0.0	0.0	0.0	0.0	0.0	0.0	47.448275862068975	0.0	0.0048828	-0.083190705	1.046078865	10.0716	-7.27902	0.54936	3498696.0	1776545389.175109	0.0	1.0	-1.0	-1.0	-1.0	-1.0	-1.0	-1.0	-1.0	-1.0	0.0	opened-hand	Open	1	calibration_20260418_134934	marker
-73797.20999999999	-36053.46	-109307.06999999999	-19805.94	0.0	0.0	0.0	0.0	0.0	0.0	0.0	0.0	0.0	0.0	0.0	0.0	0.0	0.0	47.448275862068975	0.0	0.0048828	-0.083190705	1.046078865	10.0716	-7.27902	0.54936	3498697.0	1776545389.178896	0.0	1.0	-1.0	-1.0	-1.0	-1.0	-1.0	-1.0	-1.0	-1.0	0.0	opened-hand	Open	1	calibration_20260418_134934	marker
-73793.11499999999	-36059.805	-109281.42	-19788.975	0.0	0.0	0.0	0.0	0.0	0.0	0.0	0.0	0.0	0.0	0.0	0.0	0.0	0.0	47.448275862068975	0.0	0.0048828	-0.083190705	1.046078865	10.0716	-7.27902	0.54936	3498698.0	1776545389.178924	0.0	1.0	-1.0	-1.0	-1.0	-1.0	-1.0	-1.0	-1.0	-1.0	0.0	opened-hand	Open	1	calibration_20260418_134934	marker
-73722.555	-36049.365	-109197.765	-19710.09	0.0	0.0	0.0	0.0	0.0	0.0	0.0	0.0	0.0	0.0	0.0	0.0	0.0	0.0	47.448275862068975	0.0	0.0048828	-0.083190705	1.046078865	10.0716	-7.27902	0.54936	3498699.0	1776545389.184315	0.0	1.0	-1.0	-1.0	-1.0	-1.0	-1.0	-1.0	-1.0	-1.0	0.0	opened-hand	Open	1	calibration_20260418_134934	marker
-73699.155	-36032.939999999995	-109182.33	-19675.844999999998	0.0	0.0	0.0	0.0	0.0	0.0	0.0	0.0	0.0	0.0	0.0	0.0	0.0	0.0	47.448275862068975	0.0	0.0048828	-0.083190705	1.046078865	10.0716	-7.27902	0.54936	3498700.0	1776545389.184357	0.0	1.0	-1.0	-1.0	-1.0	-1.0	-1.0	-1.0	-1.0	-1.0	0.0	opened-hand	Open	1	calibration_20260418_134934	marker
-73699.11	-36020.43	-109221.56999999999	-19723.454999999998	0.0	0.0	0.0	0.0	0.0	0.0	0.0	0.0	0.0	0.0	0.0	0.0	0.0	0.0	47.448275862068975	0.0	0.0048828	-0.083190705	1.046078865	10.0716	-7.27902	0.54936	3498701.0	1776545389.186489	0.0	1.0	-1.0	-1.0	-1.0	-1.0	-1.0	-1.0	-1.0	-1.0	0.0	opened-hand	Open	1	calibration_20260418_134934	marker
-73720.08	-36011.564999999995	-109254.33	-19757.969999999998	0.0	0.0	0.0	0.0	0.0	0.0	0.0	0.0	0.0	0.0	0.0	0.0	0.0	0.0	47.448275862068975	0.0	0.0048828	-0.083190705	1.046078865	10.0716	-7.27902	0.54936	3498702.0	1776545389.186506	0.0	1.0	-1.0	-1.0	-1.0	-1.0	-1.0	-1.0	-1.0	-1.0	0.0	opened-hand	Open	1	calibration_20260418_134934	marker
-73717.29	-36009.314999999995	-109223.55	-19730.43	0.0	0.0	0.0	0.0	0.0	0.0	0.0	0.0	0.0	0.0	0.0	0.0	0.0	0.0	47.448275862068975	0.0	0.0048828	-0.083190705	1.046078865	10.0716	-7.27902	0.54936	3498703.0	1776545389.191425	0.0	1.0	-1.0	-1.0	-1.0	-1.0	-1.0	-1.0	-1.0	-1.0	0.0	opened-hand	Open	1	calibration_20260418_134934	marker
-73718.28	-36016.875	-109210.905	-19716.66	0.0	0.0	0.0	0.0	0.0	0.0	0.0	0.0	0.0	0.0	0.0	0.0	0.0	0.0	47.448275862068975	0.0	0.0048828	-0.083190705	1.046078865	10.0716	-7.27902	0.54936	3498704.0	1776545389.191472	0.0	1.0	-1.0	-1.0	-1.0	-1.0	-1.0	-1.0	-1.0	-1.0	0.0	opened-hand	Open	1	calibration_20260418_134934	marker
-73753.02	-36029.924999999996	-109209.915	-19731.285	0.0	0.0	0.0	0.0	0.0	0.0	0.0	0.0	0.0	0.0	0.0	0.0	0.0	0.0	47.448275862068975	0.0	0.00659178	-0.07788066	1.03796121	17.8542	-8.0115	-1.6633399999999998	3498705.0	1776545389.223592	0.0	1.0	-1.0	-1.0	-1.0	-1.0	-1.0	-1.0	-1.0	-1.0	0.0	opened-hand	Open	1	calibration_20260418_134934	marker
-73805.44499999999	-36042.255	-109236.95999999999	-19759.815	0.0	0.0	0.0	0.0	0.0	0.0	0.0	0.0	0.0	0.0	0.0	0.0	0.0	0.0	47.448275862068975	0.0	0.00659178	-0.07788066	1.03796121	17.8542	-8.0115	-1.6633399999999998	3498706.0	1776545389.223621	0.0	1.0	-1.0	-1.0	-1.0	-1.0	-1.0	-1.0	-1.0	-1.0	0.0	opened-hand	Open	1	calibration_20260418_134934	marker
-73777.275	-36044.46	-109257.345	-19749.915	0.0	0.0	0.0	0.0	0.0	0.0	0.0	0.0	0.0	0.0	0.0	0.0	0.0	0.0	47.448275862068975	0.0	0.00659178	-0.07788066	1.03796121	17.8542	-8.0115	-1.6633399999999998	3498707.0	1776545389.22365	0.0	1.0	-1.0	-1.0	-1.0	-1.0	-1.0	-1.0	-1.0	-1.0	0.0	opened-hand	Open	1	calibration_20260418_134934	marker
-73704.015	-36029.655	-109199.06999999999	-19687.59	0.0	0.0	0.0	0.0	0.0	0.0	0.0	0.0	0.0	0.0	0.0	0.0	0.0	0.0	47.448275862068975	0.0	0.00659178	-0.07788066	1.03796121	17.8542	-8.0115	-1.6633399999999998	3498708.0	1776545389.223657	0.0	1.0	-1.0	-1.0	-1.0	-1.0	-1.0	-1.0	-1.0	-1.0	0.0	opened-hand	Open	1	calibration_20260418_134934	marker
-73667.205	-36013.095	-109173.735	-19660.545	0.0	0.0	0.0	0.0	0.0	0.0	0.0	0.0	0.0	0.0	0.0	0.0	0.0	0.0	47.448275862068975	0.0	0.00659178	-0.07788066	1.03796121	17.8542	-8.0115	-1.6633399999999998	3498709.0	1776545389.223666	0.0	1.0	-1.0	-1.0	-1.0	-1.0	-1.0	-1.0	-1.0	-1.0	0.0	opened-hand	Open	1	calibration_20260418_134934	marker
-73762.65	-36007.424999999996	-109253.745	-19739.295	0.0	0.0	0.0	0.0	0.0	0.0	0.0	0.0	0.0	0.0	0.0	0.0	0.0	0.0	47.448275862068975	0.0	0.00659178	-0.07788066	1.03796121	17.8542	-8.0115	-1.6633399999999998	3498710.0	1776545389.223673	0.0	1.0	-1.0	-1.0	-1.0	-1.0	-1.0	-1.0	-1.0	-1.0	0.0	opened-hand	Open	1	calibration_20260418_134934	marker
-73769.805	-36005.354999999996	-109301.76	-19845.63	0.0	0.0	0.0	0.0	0.0	0.0	0.0	0.0	0.0	0.0	0.0	0.0	0.0	0.0	47.448275862068975	0.0	0.00659178	-0.07788066	1.03796121	17.8542	-8.0115	-1.6633399999999998	3498711.0	1776545389.223682	0.0	1.0	-1.0	-1.0	-1.0	-1.0	-1.0	-1.0	-1.0	-1.0	0.0	opened-hand	Open	1	calibration_20260418_134934	marker
-73716.39	-36007.92	-109211.58	-19754.19	0.0	0.0	0.0	0.0	0.0	0.0	0.0	0.0	0.0	0.0	0.0	0.0	0.0	0.0	47.448275862068975	0.0	0.00659178	-0.07788066	1.03796121	17.8542	-8.0115	-1.6633399999999998	3498712.0	1776545389.223688	0.0	1.0	-1.0	-1.0	-1.0	-1.0	-1.0	-1.0	-1.0	-1.0	0.0	opened-hand	Open	1	calibration_20260418_134934	marker
-73742.48999999999	-36025.244999999995	-109278.405	-19744.29	0.0	0.0	0.0	0.0	0.0	0.0	0.0	0.0	0.0	0.0	0.0	0.0	0.0	0.0	47.448275862068975	0.0	0.00659178	-0.07788066	1.03796121	17.8542	-8.0115	-1.6633399999999998	3498713.0	1776545389.223698	0.0	1.0	-1.0	-1.0	-1.0	-1.0	-1.0	-1.0	-1.0	-1.0	0.0	opened-hand	Open	1	calibration_20260418_134934	marker
-73611.405	-36028.439999999995	-109164.105	-19636.739999999998	0.0	0.0	0.0	0.0	0.0	0.0	0.0	0.0	0.0	0.0	0.0	0.0	0.0	0.0	47.448275862068975	0.0	0.00659178	-0.07788066	1.03796121	17.8542	-8.0115	-1.6633399999999998	3498714.0	1776545389.223705	0.0	1.0	-1.0	-1.0	-1.0	-1.0	-1.0	-1.0	-1.0	-1.0	0.0	opened-hand	Open	1	calibration_20260418_134934	marker
-73676.34	-36034.604999999996	-109211.08499999999	-19692.135	0.0	0.0	0.0	0.0	0.0	0.0	0.0	0.0	0.0	0.0	0.0	0.0	0.0	0.0	47.448275862068975	0.0	0.01757808	-0.05480943	1.0302708	19.62436	-7.52318	-0.77826	3498715.0	1776545389.223745	0.0	1.0	-1.0	-1.0	-1.0	-1.0	-1.0	-1.0	-1.0	-1.0	0.0	opened-hand	Open	1	calibration_20260418_134934	marker
-73811.83499999999	-36038.564999999995	-109372.68	-19868.895	0.0	0.0	0.0	0.0	0.0	0.0	0.0	0.0	0.0	0.0	0.0	0.0	0.0	0.0	47.448275862068975	0.0	0.01757808	-0.05480943	1.0302708	19.62436	-7.52318	-0.77826	3498716.0	1776545389.223756	0.0	1.0	-1.0	-1.0	-1.0	-1.0	-1.0	-1.0	-1.0	-1.0	0.0	opened-hand	Open	1	calibration_20260418_134934	marker
-73832.805	-36027.54	-109319.12999999999	-19834.965	0.0	0.0	0.0	0.0	0.0	0.0	0.0	0.0	0.0	0.0	0.0	0.0	0.0	0.0	47.448275862068975	0.0	0.01757808	-0.05480943	1.0302708	19.62436	-7.52318	-0.77826	3498717.0	1776545389.223767	0.0	1.0	-1.0	-1.0	-1.0	-1.0	-1.0	-1.0	-1.0	-1.0	0.0	opened-hand	Open	1	calibration_20260418_134934	marker
-73809.135	-36015.525	-109285.515	-19793.88	0.0	0.0	0.0	0.0	0.0	0.0	0.0	0.0	0.0	0.0	0.0	0.0	0.0	0.0	47.448275862068975	0.0	0.01757808	-0.05480943	1.0302708	19.62436	-7.52318	-0.77826	3498718.0	1776545389.223774	0.0	1.0	-1.0	-1.0	-1.0	-1.0	-1.0	-1.0	-1.0	-1.0	0.0	opened-hand	Open	1	calibration_20260418_134934	marker
-73783.53	-36010.26	-109319.985	-19789.965	0.0	0.0	0.0	0.0	0.0	0.0	0.0	0.0	0.0	0.0	0.0	0.0	0.0	0.0	47.448275862068975	0.0	0.01757808	-0.05480943	1.0302708	19.62436	-7.52318	-0.77826	3498719.0	1776545389.223784	0.0	1.0	-1.0	-1.0	-1.0	-1.0	-1.0	-1.0	-1.0	-1.0	0.0	opened-hand	Open	1	calibration_20260418_134934	marker
-73661.48999999999	-36006.165	-109192.545	-19661.399999999998	0.0	0.0	0.0	0.0	0.0	0.0	0.0	0.0	0.0	0.0	0.0	0.0	0.0	0.0	47.448275862068975	0.0	0.01757808	-0.05480943	1.0302708	19.62436	-7.52318	-0.77826	3498720.0	1776545389.223791	0.0	1.0	-1.0	-1.0	-1.0	-1.0	-1.0	-1.0	-1.0	-1.0	0.0	opened-hand	Open	1	calibration_20260418_134934	marker
-73621.89	-36014.76	-109107.09	-19600.695	0.0	0.0	0.0	0.0	0.0	0.0	0.0	0.0	0.0	0.0	0.0	0.0	0.0	0.0	47.448275862068975	0.0	0.01757808	-0.05480943	1.0302708	19.62436	-7.52318	-0.77826	3498721.0	1776545389.227087	0.0	1.0	-1.0	-1.0	-1.0	-1.0	-1.0	-1.0	-1.0	-1.0	0.0	opened-hand	Open	1	calibration_20260418_134934	marker
-73729.485	-36037.395	-109219.36499999999	-19706.265	0.0	0.0	0.0	0.0	0.0	0.0	0.0	0.0	0.0	0.0	0.0	0.0	0.0	0.0	47.448275862068975	0.0	0.01757808	-0.05480943	1.0302708	19.62436	-7.52318	-0.77826	3498722.0	1776545389.227102	0.0	1.0	-1.0	-1.0	-1.0	-1.0	-1.0	-1.0	-1.0	-1.0	0.0	opened-hand	Open	1	calibration_20260418_134934	marker
-73866.465	-36055.53	-109402.69499999999	-19874.969999999998	0.0	0.0	0.0	0.0	0.0	0.0	0.0	0.0	0.0	0.0	0.0	0.0	0.0	0.0	47.448275862068975	0.0	0.01757808	-0.05480943	1.0302708	19.62436	-7.52318	-0.77826	3498723.0	1776545389.231125	0.0	1.0	-1.0	-1.0	-1.0	-1.0	-1.0	-1.0	-1.0	-1.0	0.0	opened-hand	Open	1	calibration_20260418_134934	marker
-73739.655	-36049.049999999996	-109330.83	-19803.555	0.0	0.0	0.0	0.0	0.0	0.0	0.0	0.0	0.0	0.0	0.0	0.0	0.0	0.0	47.448275862068975	0.0	0.01757808	-0.05480943	1.0302708	19.62436	-7.52318	-0.77826	3498724.0	1776545389.231146	0.0	1.0	-1.0	-1.0	-1.0	-1.0	-1.0	-1.0	-1.0	-1.0	0.0	opened-hand	Open	1	calibration_20260418_134934	marker
-73711.665	-36037.08	-109315.305	-19787.94	0.0	0.0	0.0	0.0	0.0	0.0	0.0	0.0	0.0	0.0	0.0	0.0	0.0	0.0	47.448275862068975	0.0	0.016784625	-0.044372445	1.029721485	9.94952	-8.13358	-1.03768	3498725.0	1776545389.235084	0.0	1.0	-1.0	-1.0	-1.0	-1.0	-1.0	-1.0	-1.0	-1.0	0.0	opened-hand	Open	1	calibration_20260418_134934	marker
-73737.72	-36023.354999999996	-109313.50499999999	-19790.415	0.0	0.0	0.0	0.0	0.0	0.0	0.0	0.0	0.0	0.0	0.0	0.0	0.0	0.0	47.448275862068975	0.0	0.016784625	-0.044372445	1.029721485	9.94952	-8.13358	-1.03768	3498726.0	1776545389.23511	0.0	1.0	-1.0	-1.0	-1.0	-1.0	-1.0	-1.0	-1.0	-1.0	0.0	opened-hand	Open	1	calibration_20260418_134934	marker
-73579.36499999999	-36004.455	-109183.455	-19686.69	0.0	0.0	0.0	0.0	0.0	0.0	0.0	0.0	0.0	0.0	0.0	0.0	0.0	0.0	47.448275862068975	0.0	0.016784625	-0.044372445	1.029721485	9.94952	-8.13358	-1.03768	3498727.0	1776545389.238948	0.0	1.0	-1.0	-1.0	-1.0	-1.0	-1.0	-1.0	-1.0	-1.0	0.0	opened-hand	Open	1	calibration_20260418_134934	marker
-73638.94499999999	-36012.24	-109268.14499999999	-19739.295	0.0	0.0	0.0	0.0	0.0	0.0	0.0	0.0	0.0	0.0	0.0	0.0	0.0	0.0	47.448275862068975	0.0	0.016784625	-0.044372445	1.029721485	9.94952	-8.13358	-1.03768	3498728.0	1776545389.238962	0.0	1.0	-1.0	-1.0	-1.0	-1.0	-1.0	-1.0	-1.0	-1.0	0.0	opened-hand	Open	1	calibration_20260418_134934	marker
-73812.69	-36032.265	-109344.465	-19804.14	0.0	0.0	0.0	0.0	0.0	0.0	0.0	0.0	0.0	0.0	0.0	0.0	0.0	0.0	47.448275862068975	0.0	0.016784625	-0.044372445	1.029721485	9.94952	-8.13358	-1.03768	3498729.0	1776545389.243228	0.0	1.0	-1.0	-1.0	-1.0	-1.0	-1.0	-1.0	-1.0	-1.0	0.0	opened-hand	Open	1	calibration_20260418_134934	marker
-73830.33	-36044.595	-109292.58	-19764.765	0.0	0.0	0.0	0.0	0.0	0.0	0.0	0.0	0.0	0.0	0.0	0.0	0.0	0.0	47.448275862068975	0.0	0.016784625	-0.044372445	1.029721485	9.94952	-8.13358	-1.03768	3498730.0	1776545389.243268	0.0	1.0	-1.0	-1.0	-1.0	-1.0	-1.0	-1.0	-1.0	-1.0	0.0	opened-hand	Open	1	calibration_20260418_134934	marker
-73828.75499999999	-36054.27	-109305.54	-19781.46	0.0	0.0	0.0	0.0	0.0	0.0	0.0	0.0	0.0	0.0	0.0	0.0	0.0	0.0	47.448275862068975	0.0	0.016784625	-0.044372445	1.029721485	9.94952	-8.13358	-1.03768	3498731.0	1776545389.247153	0.0	1.0	-1.0	-1.0	-1.0	-1.0	-1.0	-1.0	-1.0	-1.0	0.0	opened-hand	Open	1	calibration_20260418_134934	marker
-73778.805	-36051.479999999996	-109277.37	-19773.495	0.0	0.0	0.0	0.0	0.0	0.0	0.0	0.0	0.0	0.0	0.0	0.0	0.0	0.0	47.448275862068975	0.0	0.016784625	-0.044372445	1.029721485	9.94952	-8.13358	-1.03768	3498732.0	1776545389.247179	0.0	1.0	-1.0	-1.0	-1.0	-1.0	-1.0	-1.0	-1.0	-1.0	0.0	opened-hand	Open	1	calibration_20260418_134934	marker
-73690.515	-36036.045	-109186.33499999999	-19710.405	0.0	0.0	0.0	0.0	0.0	0.0	0.0	0.0	0.0	0.0	0.0	0.0	0.0	0.0	47.448275862068975	0.0	0.016784625	-0.044372445	1.029721485	9.94952	-8.13358	-1.03768	3498733.0	1776545389.251006	0.0	1.0	-1.0	-1.0	-1.0	-1.0	-1.0	-1.0	-1.0	-1.0	0.0	opened-hand	Open	1	calibration_20260418_134934	marker
-73627.73999999999	-36021.78	-109148.89499999999	-19651.05	0.0	0.0	0.0	0.0	0.0	0.0	0.0	0.0	0.0	0.0	0.0	0.0	0.0	0.0	47.448275862068975	0.0	0.016784625	-0.044372445	1.029721485	9.94952	-8.13358	-1.03768	3498734.0	1776545389.251031	0.0	1.0	-1.0	-1.0	-1.0	-1.0	-1.0	-1.0	-1.0	-1.0	0.0	opened-hand	Open	1	calibration_20260418_134934	marker
-73617.56999999999	-36011.07	-109163.47499999999	-19629.945	0.0	0.0	0.0	0.0	0.0	0.0	0.0	0.0	0.0	0.0	0.0	0.0	0.0	0.0	47.448275862068975	0.0	0.008850075	-0.042907605	1.031674605	5.82932	-9.36964	-3.44876	3498735.0	1776545389.255101	0.0	1.0	-1.0	-1.0	-1.0	-1.0	-1.0	-1.0	-1.0	-1.0	0.0	opened-hand	Open	1	calibration_20260418_134934	marker
-73617.84	-36006.255	-109132.56	-19622.114999999998	0.0	0.0	0.0	0.0	0.0	0.0	0.0	0.0	0.0	0.0	0.0	0.0	0.0	0.0	47.448275862068975	0.0	0.008850075	-0.042907605	1.031674605	5.82932	-9.36964	-3.44876	3498736.0	1776545389.255119	0.0	1.0	-1.0	-1.0	-1.0	-1.0	-1.0	-1.0	-1.0	-1.0	0.0	opened-hand	Open	1	calibration_20260418_134934	marker
-73693.62	-36022.455	-109253.79	-19732.364999999998	0.0	0.0	0.0	0.0	0.0	0.0	0.0	0.0	0.0	0.0	0.0	0.0	0.0	0.0	47.448275862068975	0.0	0.008850075	-0.042907605	1.031674605	5.82932	-9.36964	-3.44876	3498737.0	1776545389.259107	0.0	1.0	-1.0	-1.0	-1.0	-1.0	-1.0	-1.0	-1.0	-1.0	0.0	opened-hand	Open	1	calibration_20260418_134934	marker
-73813.31999999999	-36046.35	-109375.69499999999	-19828.35	0.0	0.0	0.0	0.0	0.0	0.0	0.0	0.0	0.0	0.0	0.0	0.0	0.0	0.0	47.448275862068975	0.0	0.008850075	-0.042907605	1.031674605	5.82932	-9.36964	-3.44876	3498738.0	1776545389.259134	0.0	1.0	-1.0	-1.0	-1.0	-1.0	-1.0	-1.0	-1.0	-1.0	0.0	opened-hand	Open	1	calibration_20260418_134934	marker
-73853.28	-36060.435	-109360.89	-19835.19	0.0	0.0	0.0	0.0	0.0	0.0	0.0	0.0	0.0	0.0	0.0	0.0	0.0	0.0	47.448275862068975	0.0	0.008850075	-0.042907605	1.031674605	5.82932	-9.36964	-3.44876	3498739.0	1776545389.266572	0.0	1.0	-1.0	-1.0	-1.0	-1.0	-1.0	-1.0	-1.0	-1.0	0.0	opened-hand	Open	1	calibration_20260418_134934	marker
-73879.11	-36062.145	-109319.44499999999	-19799.55	0.0	0.0	0.0	0.0	0.0	0.0	0.0	0.0	0.0	0.0	0.0	0.0	0.0	0.0	47.448275862068975	0.0	0.008850075	-0.042907605	1.031674605	5.82932	-9.36964	-3.44876	3498740.0	1776545389.266592	0.0	1.0	-1.0	-1.0	-1.0	-1.0	-1.0	-1.0	-1.0	-1.0	0.0	opened-hand	Open	1	calibration_20260418_134934	marker
-73767.06	-36047.205	-109265.625	-19740.195	0.0	0.0	0.0	0.0	0.0	0.0	0.0	0.0	0.0	0.0	0.0	0.0	0.0	0.0	47.448275862068975	0.0	0.008850075	-0.042907605	1.031674605	5.82932	-9.36964	-3.44876	3498741.0	1776545389.266939	0.0	1.0	-1.0	-1.0	-1.0	-1.0	-1.0	-1.0	-1.0	-1.0	0.0	opened-hand	Open	1	calibration_20260418_134934	marker
-73703.52	-36030.689999999995	-109282.00499999999	-19738.755	0.0	0.0	0.0	0.0	0.0	0.0	0.0	0.0	0.0	0.0	0.0	0.0	0.0	0.0	47.448275862068975	0.0	0.008850075	-0.042907605	1.031674605	5.82932	-9.36964	-3.44876	3498742.0	1776545389.266946	0.0	1.0	-1.0	-1.0	-1.0	-1.0	-1.0	-1.0	-1.0	-1.0	0.0	opened-hand	Open	1	calibration_20260418_134934	marker
-73768.455	-36016.29	-109266.3	-19722.285	0.0	0.0	0.0	0.0	0.0	0.0	0.0	0.0	0.0	0.0	0.0	0.0	0.0	0.0	47.448275862068975	0.0	0.008850075	-0.042907605	1.031674605	5.82932	-9.36964	-3.44876	3498743.0	1776545389.271142	0.0	1.0	-1.0	-1.0	-1.0	-1.0	-1.0	-1.0	-1.0	-1.0	0.0	opened-hand	Open	1	calibration_20260418_134934	marker
-73741.68	-36010.53	-109301.265	-19791.495	0.0	0.0	0.0	0.0	0.0	0.0	0.0	0.0	0.0	0.0	0.0	0.0	0.0	0.0	47.448275862068975	0.0	0.008850075	-0.042907605	1.031674605	5.82932	-9.36964	-3.44876	3498744.0	1776545389.271158	0.0	1.0	-1.0	-1.0	-1.0	-1.0	-1.0	-1.0	-1.0	-1.0	0.0	opened-hand	Open	1	calibration_20260418_134934	marker
-73711.035	-36015.659999999996	-109291.275	-19768.95	0.0	0.0	0.0	0.0	0.0	0.0	0.0	0.0	0.0	0.0	0.0	0.0	0.0	0.0	47.448275862068975	0.0	0.013366665	-0.04785144	1.028378715	8.51508	-10.0716	-2.65524	3498745.0	1776545389.275283	0.0	1.0	-1.0	-1.0	-1.0	-1.0	-1.0	-1.0	-1.0	-1.0	0.0	opened-hand	Open	1	calibration_20260418_134934	marker
-73757.295	-36030.33	-109273.185	-19748.88	0.0	0.0	0.0	0.0	0.0	0.0	0.0	0.0	0.0	0.0	0.0	0.0	0.0	0.0	47.448275862068975	0.0	0.013366665	-0.04785144	1.028378715	8.51508	-10.0716	-2.65524	3498746.0	1776545389.275329	0.0	1.0	-1.0	-1.0	-1.0	-1.0	-1.0	-1.0	-1.0	-1.0	0.0	opened-hand	Open	1	calibration_20260418_134934	marker
-73788.39	-36044.549999999996	-109249.2	-19746.0	0.0	0.0	0.0	0.0	0.0	0.0	0.0	0.0	0.0	0.0	0.0	0.0	0.0	0.0	47.448275862068975	0.0	0.013366665	-0.04785144	1.028378715	8.51508	-10.0716	-2.65524	3498747.0	1776545389.279985	0.0	1.0	-1.0	-1.0	-1.0	-1.0	-1.0	-1.0	-1.0	-1.0	0.0	opened-hand	Open	1	calibration_20260418_134934	marker
-73782.09	-36050.985	-109311.345	-19755.63	0.0	0.0	0.0	0.0	0.0	0.0	0.0	0.0	0.0	0.0	0.0	0.0	0.0	0.0	47.448275862068975	0.0	0.013366665	-0.04785144	1.028378715	8.51508	-10.0716	-2.65524	3498748.0	1776545389.280015	0.0	1.0	-1.0	-1.0	-1.0	-1.0	-1.0	-1.0	-1.0	-1.0	0.0	opened-hand	Open	1	calibration_20260418_134934	marker
-73681.785	-36039.645	-109285.78499999999	-19714.545	0.0	0.0	0.0	0.0	0.0	0.0	0.0	0.0	0.0	0.0	0.0	0.0	0.0	0.0	47.448275862068975	0.0	0.013366665	-0.04785144	1.028378715	8.51508	-10.0716	-2.65524	3498749.0	1776545389.283081	0.0	1.0	-1.0	-1.0	-1.0	-1.0	-1.0	-1.0	-1.0	-1.0	0.0	opened-hand	Open	1	calibration_20260418_134934	marker
-73596.19499999999	-36020.205	-109156.36499999999	-19624.23	0.0	0.0	0.0	0.0	0.0	0.0	0.0	0.0	0.0	0.0	0.0	0.0	0.0	0.0	47.448275862068975	0.0	0.013366665	-0.04785144	1.028378715	8.51508	-10.0716	-2.65524	3498750.0	1776545389.283106	0.0	1.0	-1.0	-1.0	-1.0	-1.0	-1.0	-1.0	-1.0	-1.0	0.0	opened-hand	Open	1	calibration_20260418_134934	marker
-73531.845	-36002.385	-109108.53	-19574.055	0.0	0.0	0.0	0.0	0.0	0.0	0.0	0.0	0.0	0.0	0.0	0.0	0.0	0.0	47.448275862068975	0.0	0.013366665	-0.04785144	1.028378715	8.51508	-10.0716	-2.65524	3498751.0	1776545389.287125	0.0	1.0	-1.0	-1.0	-1.0	-1.0	-1.0	-1.0	-1.0	-1.0	0.0	opened-hand	Open	1	calibration_20260418_134934	marker
-73517.355	-35992.215	-109104.12	-19558.079999999998	0.0	0.0	0.0	0.0	0.0	0.0	0.0	0.0	0.0	0.0	0.0	0.0	0.0	0.0	47.448275862068975	0.0	0.013366665	-0.04785144	1.028378715	8.51508	-10.0716	-2.65524	3498752.0	1776545389.287137	0.0	1.0	-1.0	-1.0	-1.0	-1.0	-1.0	-1.0	-1.0	-1.0	0.0	opened-hand	Open	1	calibration_20260418_134934	marker
-73725.795	-36008.055	-109281.105	-19744.92	0.0	0.0	0.0	0.0	0.0	0.0	0.0	0.0	0.0	0.0	0.0	0.0	0.0	0.0	47.448275862068975	0.0	0.013366665	-0.04785144	1.028378715	8.51508	-10.0716	-2.65524	3498753.0	1776545389.296775	0.0	1.0	-1.0	-1.0	-1.0	-1.0	-1.0	-1.0	-1.0	-1.0	0.0	opened-hand	Open	1	calibration_20260418_134934	marker
-73775.47499999999	-36018.314999999995	-109309.76999999999	-19772.64	0.0	0.0	0.0	0.0	0.0	0.0	0.0	0.0	0.0	0.0	0.0	0.0	0.0	0.0	47.448275862068975	0.0	0.013366665	-0.04785144	1.028378715	8.51508	-10.0716	-2.65524	3498754.0	1776545389.296806	0.0	1.0	-1.0	-1.0	-1.0	-1.0	-1.0	-1.0	-1.0	-1.0	0.0	opened-hand	Open	1	calibration_20260418_134934	marker
-73862.955	-36035.055	-109399.72499999999	-19853.505	0.0	0.0	0.0	0.0	0.0	0.0	0.0	0.0	0.0	0.0	0.0	0.0	0.0	0.0	47.448275862068975	0.0	0.02099604	-0.046447635	1.01403549	9.26282	-8.6982	-3.5098	3498755.0	1776545389.301207	0.0	1.0	-1.0	-1.0	-1.0	-1.0	-1.0	-1.0	-1.0	-1.0	0.0	opened-hand	Open	1	calibration_20260418_134934	marker
-73847.565	-36043.965	-109392.3	-19850.85	0.0	0.0	0.0	0.0	0.0	0.0	0.0	0.0	0.0	0.0	0.0	0.0	0.0	0.0	47.448275862068975	0.0	0.02099604	-0.046447635	1.01403549	9.26282	-8.6982	-3.5098	3498756.0	1776545389.301242	0.0	1.0	-1.0	-1.0	-1.0	-1.0	-1.0	-1.0	-1.0	-1.0	0.0	opened-hand	Open	1	calibration_20260418_134934	marker
-73805.355	-36043.604999999996	-109378.665	-19838.07	0.0	0.0	0.0	0.0	0.0	0.0	0.0	0.0	0.0	0.0	0.0	0.0	0.0	0.0	47.448275862068975	0.0	0.02099604	-0.046447635	1.01403549	9.26282	-8.6982	-3.5098	3498757.0	1776545389.302713	0.0	1.0	-1.0	-1.0	-1.0	-1.0	-1.0	-1.0	-1.0	-1.0	0.0	opened-hand	Open	1	calibration_20260418_134934	marker
-73727.37	-36030.284999999996	-109287.315	-19744.649999999998	0.0	0.0	0.0	0.0	0.0	0.0	0.0	0.0	0.0	0.0	0.0	0.0	0.0	0.0	47.448275862068975	0.0	0.02099604	-0.046447635	1.01403549	9.26282	-8.6982	-3.5098	3498758.0	1776545389.302728	0.0	1.0	-1.0	-1.0	-1.0	-1.0	-1.0	-1.0	-1.0	-1.0	0.0	opened-hand	Open	1	calibration_20260418_134934	marker
-73679.715	-36013.229999999996	-109196.55	-19662.255	0.0	0.0	0.0	0.0	0.0	0.0	0.0	0.0	0.0	0.0	0.0	0.0	0.0	0.0	47.448275862068975	0.0	0.02099604	-0.046447635	1.01403549	9.26282	-8.6982	-3.5098	3498759.0	1776545389.305777	0.0	1.0	-1.0	-1.0	-1.0	-1.0	-1.0	-1.0	-1.0	-1.0	0.0	opened-hand	Open	1	calibration_20260418_134934	marker
-73642.815	-36000.99	-109210.455	-19683.945	0.0	0.0	0.0	0.0	0.0	0.0	0.0	0.0	0.0	0.0	0.0	0.0	0.0	0.0	47.448275862068975	0.0	0.02099604	-0.046447635	1.01403549	9.26282	-8.6982	-3.5098	3498760.0	1776545389.305791	0.0	1.0	-1.0	-1.0	-1.0	-1.0	-1.0	-1.0	-1.0	-1.0	0.0	opened-hand	Open	1	calibration_20260418_134934	marker
-73773.81	-36012.645	-109424.51999999999	-19896.75	0.0	0.0	0.0	0.0	0.0	0.0	0.0	0.0	0.0	0.0	0.0	0.0	0.0	0.0	47.448275862068975	0.0	0.02099604	-0.046447635	1.01403549	9.26282	-8.6982	-3.5098	3498761.0	1776545389.307206	0.0	1.0	-1.0	-1.0	-1.0	-1.0	-1.0	-1.0	-1.0	-1.0	0.0	opened-hand	Open	1	calibration_20260418_134934	marker
-73815.56999999999	-36022.005	-109352.79	-19805.895	0.0	0.0	0.0	0.0	0.0	0.0	0.0	0.0	0.0	0.0	0.0	0.0	0.0	0.0	47.448275862068975	0.0	0.02099604	-0.046447635	1.01403549	9.26282	-8.6982	-3.5098	3498762.0	1776545389.307221	0.0	1.0	-1.0	-1.0	-1.0	-1.0	-1.0	-1.0	-1.0	-1.0	0.0	opened-hand	Open	1	calibration_20260418_134934	marker
-73751.715	-36029.61	-109244.655	-19697.67	0.0	0.0	0.0	0.0	0.0	0.0	0.0	0.0	0.0	0.0	0.0	0.0	0.0	0.0	47.448275862068975	0.0	0.02099604	-0.046447635	1.01403549	9.26282	-8.6982	-3.5098	3498763.0	1776545389.311174	0.0	1.0	-1.0	-1.0	-1.0	-1.0	-1.0	-1.0	-1.0	-1.0	0.0	opened-hand	Open	1	calibration_20260418_134934	marker
-73673.45999999999	-36038.34	-109232.64	-19694.295	0.0	0.0	0.0	0.0	0.0	0.0	0.0	0.0	0.0	0.0	0.0	0.0	0.0	0.0	47.448275862068975	0.0	0.02099604	-0.046447635	1.01403549	9.26282	-8.6982	-3.5098	3498764.0	1776545389.311196	0.0	1.0	-1.0	-1.0	-1.0	-1.0	-1.0	-1.0	-1.0	-1.0	0.0	opened-hand	Open	1	calibration_20260418_134934	marker
-73635.345	-36039.33	-109236.23999999999	-19684.665	0.0	0.0	0.0	0.0	0.0	0.0	0.0	0.0	0.0	0.0	0.0	0.0	0.0	0.0	47.448275862068975	0.0	0.031127850000000002	-0.039855855	0.99743397	5.27996	-5.615679999999999	-2.3653	3498765.0	1776545389.315239	0.0	1.0	-1.0	-1.0	-1.0	-1.0	-1.0	-1.0	-1.0	-1.0	0.0	opened-hand	Open	1	calibration_20260418_134934	marker
-73683.98999999999	-36029.79	-109297.39499999999	-19754.055	0.0	0.0	0.0	0.0	0.0	0.0	0.0	0.0	0.0	0.0	0.0	0.0	0.0	0.0	47.448275862068975	0.0	0.031127850000000002	-0.039855855	0.99743397	5.27996	-5.615679999999999	-2.3653	3498766.0	1776545389.315268	0.0	1.0	-1.0	-1.0	-1.0	-1.0	-1.0	-1.0	-1.0	-1.0	0.0	opened-hand	Open	1	calibration_20260418_134934	marker
-73779.66	-36018.585	-109354.095	-19823.265	0.0	0.0	0.0	0.0	0.0	0.0	0.0	0.0	0.0	0.0	0.0	0.0	0.0	0.0	47.448275862068975	0.0	0.031127850000000002	-0.039855855	0.99743397	5.27996	-5.615679999999999	-2.3653	3498767.0	1776545389.319206	0.0	1.0	-1.0	-1.0	-1.0	-1.0	-1.0	-1.0	-1.0	-1.0	0.0	opened-hand	Open	1	calibration_20260418_134934	marker
-73741.36499999999	-36004.725	-109346.265	-19834.559999999998	0.0	0.0	0.0	0.0	0.0	0.0	0.0	0.0	0.0	0.0	0.0	0.0	0.0	0.0	47.448275862068975	0.0	0.031127850000000002	-0.039855855	0.99743397	5.27996	-5.615679999999999	-2.3653	3498768.0	1776545389.319226	0.0	1.0	-1.0	-1.0	-1.0	-1.0	-1.0	-1.0	-1.0	-1.0	0.0	opened-hand	Open	1	calibration_20260418_134934	marker
-73731.465	-35997.615	-109281.465	-19761.48	0.0	0.0	0.0	0.0	0.0	0.0	0.0	0.0	0.0	0.0	0.0	0.0	0.0	0.0	47.448275862068975	0.0	0.031127850000000002	-0.039855855	0.99743397	5.27996	-5.615679999999999	-2.3653	3498769.0	1776545389.323222	0.0	1.0	-1.0	-1.0	-1.0	-1.0	-1.0	-1.0	-1.0	-1.0	0.0	opened-hand	Open	1	calibration_20260418_134934	marker
-73730.11499999999	-36000.09	-109277.64	-19747.98	0.0	0.0	0.0	0.0	0.0	0.0	0.0	0.0	0.0	0.0	0.0	0.0	0.0	0.0	47.448275862068975	0.0	0.031127850000000002	-0.039855855	0.99743397	5.27996	-5.615679999999999	-2.3653	3498770.0	1776545389.323236	0.0	1.0	-1.0	-1.0	-1.0	-1.0	-1.0	-1.0	-1.0	-1.0	0.0	opened-hand	Open	1	calibration_20260418_134934	marker
-73671.20999999999	-36005.67	-109150.56	-19635.524999999998	0.0	0.0	0.0	0.0	0.0	0.0	0.0	0.0	0.0	0.0	0.0	0.0	0.0	0.0	47.448275862068975	0.0	0.031127850000000002	-0.039855855	0.99743397	5.27996	-5.615679999999999	-2.3653	3498771.0	1776545389.327178	0.0	1.0	-1.0	-1.0	-1.0	-1.0	-1.0	-1.0	-1.0	-1.0	0.0	opened-hand	Open	1	calibration_20260418_134934	marker
-73715.08499999999	-36022.59	-109240.29	-19709.594999999998	0.0	0.0	0.0	0.0	0.0	0.0	0.0	0.0	0.0	0.0	0.0	0.0	0.0	0.0	47.448275862068975	0.0	0.031127850000000002	-0.039855855	0.99743397	5.27996	-5.615679999999999	-2.3653	3498772.0	1776545389.32719	0.0	1.0	-1.0	-1.0	-1.0	-1.0	-1.0	-1.0	-1.0	-1.0	0.0	opened-hand	Open	1	calibration_20260418_134934	marker
-73786.68	-36036.54	-109370.11499999999	-19797.12	0.0	0.0	0.0	0.0	0.0	0.0	0.0	0.0	0.0	0.0	0.0	0.0	0.0	0.0	47.448275862068975	0.0	0.031127850000000002	-0.039855855	0.99743397	5.27996	-5.615679999999999	-2.3653	3498773.0	1776545389.331285	0.0	1.0	-1.0	-1.0	-1.0	-1.0	-1.0	-1.0	-1.0	-1.0	0.0	opened-hand	Open	1	calibration_20260418_134934	marker
-73781.37	-36033.119999999995	-109361.87999999999	-19793.024999999998	0.0	0.0	0.0	0.0	0.0	0.0	0.0	0.0	0.0	0.0	0.0	0.0	0.0	0.0	47.448275862068975	0.0	0.031127850000000002	-0.039855855	0.99743397	5.27996	-5.615679999999999	-2.3653	3498774.0	1776545389.33132	0.0	1.0	-1.0	-1.0	-1.0	-1.0	-1.0	-1.0	-1.0	-1.0	0.0	opened-hand	Open	1	calibration_20260418_134934	marker
-73738.215	-36016.74	-109277.955	-19727.73	0.0	0.0	0.0	0.0	0.0	0.0	0.0	0.0	0.0	0.0	0.0	0.0	0.0	0.0	47.448275862068975	0.0	0.037719630000000004	-0.031921305	0.983701095	2.91466	-2.39582	-1.84646	3498775.0	1776545389.338889	0.0	1.0	-1.0	-1.0	-1.0	-1.0	-1.0	-1.0	-1.0	-1.0	0.0	opened-hand	Open	1	calibration_20260418_134934	marker
-73727.145	-36001.89	-109247.53499999999	-19704.465	0.0	0.0	0.0	0.0	0.0	0.0	0.0	0.0	0.0	0.0	0.0	0.0	0.0	0.0	47.448275862068975	0.0	0.037719630000000004	-0.031921305	0.983701095	2.91466	-2.39582	-1.84646	3498776.0	1776545389.338902	0.0	1.0	-1.0	-1.0	-1.0	-1.0	-1.0	-1.0	-1.0	-1.0	0.0	opened-hand	Open	1	calibration_20260418_134934	marker
-73694.11499999999	-35992.845	-109267.155	-19708.695	0.0	0.0	0.0	0.0	0.0	0.0	0.0	0.0	0.0	0.0	0.0	0.0	0.0	0.0	47.448275862068975	0.0	0.037719630000000004	-0.031921305	0.983701095	2.91466	-2.39582	-1.84646	3498777.0	1776545389.338937	0.0	1.0	-1.0	-1.0	-1.0	-1.0	-1.0	-1.0	-1.0	-1.0	0.0	opened-hand	Open	1	calibration_20260418_134934	marker
-73722.78	-35998.83	-109337.94	-19768.815	0.0	0.0	0.0	0.0	0.0	0.0	0.0	0.0	0.0	0.0	0.0	0.0	0.0	0.0	47.448275862068975	0.0	0.037719630000000004	-0.031921305	0.983701095	2.91466	-2.39582	-1.84646	3498778.0	1776545389.338965	0.0	1.0	-1.0	-1.0	-1.0	-1.0	-1.0	-1.0	-1.0	-1.0	0.0	opened-hand	Open	1	calibration_20260418_134934	marker
-73722.59999999999	-36009.54	-109287.855	-19739.295	0.0	0.0	0.0	0.0	0.0	0.0	0.0	0.0	0.0	0.0	0.0	0.0	0.0	0.0	47.448275862068975	0.0	0.037719630000000004	-0.031921305	0.983701095	2.91466	-2.39582	-1.84646	3498779.0	1776545389.343468	0.0	1.0	-1.0	-1.0	-1.0	-1.0	-1.0	-1.0	-1.0	-1.0	0.0	opened-hand	Open	1	calibration_20260418_134934	marker
-73816.92	-36028.53	-109362.555	-19801.305	0.0	0.0	0.0	0.0	0.0	0.0	0.0	0.0	0.0	0.0	0.0	0.0	0.0	0.0	47.448275862068975	0.0	0.037719630000000004	-0.031921305	0.983701095	2.91466	-2.39582	-1.84646	3498780.0	1776545389.343507	0.0	1.0	-1.0	-1.0	-1.0	-1.0	-1.0	-1.0	-1.0	-1.0	0.0	opened-hand	Open	1	calibration_20260418_134934	marker
-73841.04	-36041.354999999996	-109399.31999999999	-19842.12	0.0	0.0	0.0	0.0	0.0	0.0	0.0	0.0	0.0	0.0	0.0	0.0	0.0	0.0	47.448275862068975	0.0	0.037719630000000004	-0.031921305	0.983701095	2.91466	-2.39582	-1.84646	3498781.0	1776545389.3474	0.0	1.0	-1.0	-1.0	-1.0	-1.0	-1.0	-1.0	-1.0	-1.0	0.0	opened-hand	Open	1	calibration_20260418_134934	marker
-73720.485	-36029.97	-109308.28499999999	-19769.715	0.0	0.0	0.0	0.0	0.0	0.0	0.0	0.0	0.0	0.0	0.0	0.0	0.0	0.0	47.448275862068975	0.0	0.037719630000000004	-0.031921305	0.983701095	2.91466	-2.39582	-1.84646	3498782.0	1776545389.347419	0.0	1.0	-1.0	-1.0	-1.0	-1.0	-1.0	-1.0	-1.0	-1.0	0.0	opened-hand	Open	1	calibration_20260418_134934	marker
-73657.305	-36010.395	-109236.825	-19683.405	0.0	0.0	0.0	0.0	0.0	0.0	0.0	0.0	0.0	0.0	0.0	0.0	0.0	0.0	47.448275862068975	0.0	0.037719630000000004	-0.031921305	0.983701095	2.91466	-2.39582	-1.84646	3498783.0	1776545389.351272	0.0	1.0	-1.0	-1.0	-1.0	-1.0	-1.0	-1.0	-1.0	-1.0	0.0	opened-hand	Open	1	calibration_20260418_134934	marker
-73720.17	-36000.405	-109281.28499999999	-19730.07	0.0	0.0	0.0	0.0	0.0	0.0	0.0	0.0	0.0	0.0	0.0	0.0	0.0	0.0	47.448275862068975	0.0	0.037719630000000004	-0.031921305	0.983701095	2.91466	-2.39582	-1.84646	3498784.0	1776545389.351294	0.0	1.0	-1.0	-1.0	-1.0	-1.0	-1.0	-1.0	-1.0	-1.0	0.0	opened-hand	Open	1	calibration_20260418_134934	marker
-73631.295	-35985.645	-109165.76999999999	-19681.515	0.0	0.0	0.0	0.0	0.0	0.0	0.0	0.0	0.0	0.0	0.0	0.0	0.0	0.0	47.448275862068975	0.0	0.04284657	-0.022888125	0.987851475	1.0834599999999999	0.15259999999999999	-0.97664	3498785.0	1776545389.355247	0.0	1.0	-1.0	-1.0	-1.0	-1.0	-1.0	-1.0	-1.0	-1.0	0.0	opened-hand	Open	1	calibration_20260418_134934	marker
-73610.415	-35980.29	-109125.98999999999	-19654.739999999998	0.0	0.0	0.0	0.0	0.0	0.0	0.0	0.0	0.0	0.0	0.0	0.0	0.0	0.0	47.448275862068975	0.0	0.04284657	-0.022888125	0.987851475	1.0834599999999999	0.15259999999999999	-0.97664	3498786.0	1776545389.355263	0.0	1.0	-1.0	-1.0	-1.0	-1.0	-1.0	-1.0	-1.0	-1.0	0.0	opened-hand	Open	1	calibration_20260418_134934	marker
-73657.665	-35993.205	-109249.47	-19668.375	0.0	0.0	0.0	0.0	0.0	0.0	0.0	0.0	0.0	0.0	0.0	0.0	0.0	0.0	47.448275862068975	0.0	0.04284657	-0.022888125	0.987851475	1.0834599999999999	0.15259999999999999	-0.97664	3498787.0	1776545389.359356	0.0	1.0	-1.0	-1.0	-1.0	-1.0	-1.0	-1.0	-1.0	-1.0	0.0	opened-hand	Open	1	calibration_20260418_134934	marker
-73795.995	-36015.615	-109368.54	-19736.774999999998	0.0	0.0	0.0	0.0	0.0	0.0	0.0	0.0	0.0	0.0	0.0	0.0	0.0	0.0	47.448275862068975	0.0	0.04284657	-0.022888125	0.987851475	1.0834599999999999	0.15259999999999999	-0.97664	3498788.0	1776545389.359379	0.0	1.0	-1.0	-1.0	-1.0	-1.0	-1.0	-1.0	-1.0	-1.0	0.0	opened-hand	Open	1	calibration_20260418_134934	marker
-73855.935	-36031.455	-109401.48	-19806.614999999998	0.0	0.0	0.0	0.0	0.0	0.0	0.0	0.0	0.0	0.0	0.0	0.0	0.0	0.0	47.448275862068975	0.0	0.04284657	-0.022888125	0.987851475	1.0834599999999999	0.15259999999999999	-0.97664	3498789.0	1776545389.363346	0.0	1.0	-1.0	-1.0	-1.0	-1.0	-1.0	-1.0	-1.0	-1.0	0.0	opened-hand	Open	1	calibration_20260418_134934	marker
-73688.985	-36020.295	-109230.165	-19660.68	0.0	0.0	0.0	0.0	0.0	0.0	0.0	0.0	0.0	0.0	0.0	0.0	0.0	0.0	47.448275862068975	0.0	0.04284657	-0.022888125	0.987851475	1.0834599999999999	0.15259999999999999	-0.97664	3498790.0	1776545389.363374	0.0	1.0	-1.0	-1.0	-1.0	-1.0	-1.0	-1.0	-1.0	-1.0	0.0	opened-hand	Open	1	calibration_20260418_134934	marker
-73667.205	-36007.47	-109226.83499999999	-19661.13	0.0	0.0	0.0	0.0	0.0	0.0	0.0	0.0	0.0	0.0	0.0	0.0	0.0	0.0	47.448275862068975	0.0	0.04284657	-0.022888125	0.987851475	1.0834599999999999	0.15259999999999999	-0.97664	3498791.0	1776545389.367258	0.0	1.0	-1.0	-1.0	-1.0	-1.0	-1.0	-1.0	-1.0	-1.0	0.0	opened-hand	Open	1	calibration_20260418_134934	marker
-73638.27	-35993.7	-109256.12999999999	-19724.715	0.0	0.0	0.0	0.0	0.0	0.0	0.0	0.0	0.0	0.0	0.0	0.0	0.0	0.0	47.448275862068975	0.0	0.04284657	-0.022888125	0.987851475	1.0834599999999999	0.15259999999999999	-0.97664	3498792.0	1776545389.367287	0.0	1.0	-1.0	-1.0	-1.0	-1.0	-1.0	-1.0	-1.0	-1.0	0.0	opened-hand	Open	1	calibration_20260418_134934	marker
-73666.08	-35980.74	-109254.42	-19719.315	0.0	0.0	0.0	0.0	0.0	0.0	0.0	0.0	0.0	0.0	0.0	0.0	0.0	0.0	47.448275862068975	0.0	0.04284657	-0.022888125	0.987851475	1.0834599999999999	0.15259999999999999	-0.97664	3498793.0	1776545389.371197	0.0	1.0	-1.0	-1.0	-1.0	-1.0	-1.0	-1.0	-1.0	-1.0	0.0	opened-hand	Open	1	calibration_20260418_134934	marker
-73698.56999999999	-35980.695	-109336.185	-19777.905	0.0	0.0	0.0	0.0	0.0	0.0	0.0	0.0	0.0	0.0	0.0	0.0	0.0	0.0	47.448275862068975	0.0	0.04284657	-0.022888125	0.987851475	1.0834599999999999	0.15259999999999999	-0.97664	3498794.0	1776545389.371209	0.0	1.0	-1.0	-1.0	-1.0	-1.0	-1.0	-1.0	-1.0	-1.0	0.0	opened-hand	Open	1	calibration_20260418_134934	marker
-73699.56	-35989.064999999995	-109316.87999999999	-19750.32	0.0	0.0	0.0	0.0	0.0	0.0	0.0	0.0	0.0	0.0	0.0	0.0	0.0	0.0	47.448275862068975	0.0	0.04113759	-0.008422830000000001	0.99633534	1.00716	0.94612	-1.6022999999999998	3498795.0	1776545389.375337	0.0	1.0	-1.0	-1.0	-1.0	-1.0	-1.0	-1.0	-1.0	-1.0	0.0	opened-hand	Open	1	calibration_20260418_134934	marker
-73738.215	-36002.52	-109306.89	-19721.925	0.0	0.0	0.0	0.0	0.0	0.0	0.0	0.0	0.0	0.0	0.0	0.0	0.0	0.0	47.448275862068975	0.0	0.04113759	-0.008422830000000001	0.99633534	1.00716	0.94612	-1.6022999999999998	3498796.0	1776545389.375366	0.0	1.0	-1.0	-1.0	-1.0	-1.0	-1.0	-1.0	-1.0	-1.0	0.0	opened-hand	Open	1	calibration_20260418_134934	marker
-73815.3	-36023.085	-109395.855	-19818.719999999998	0.0	0.0	0.0	0.0	0.0	0.0	0.0	0.0	0.0	0.0	0.0	0.0	0.0	0.0	47.448275862068975	0.0	0.04113759	-0.008422830000000001	0.99633534	1.00716	0.94612	-1.6022999999999998	3498797.0	1776545389.379493	0.0	1.0	-1.0	-1.0	-1.0	-1.0	-1.0	-1.0	-1.0	-1.0	0.0	opened-hand	Open	1	calibration_20260418_134934	marker
-73779.705	-36026.235	-109345.00499999999	-19788.3	0.0	0.0	0.0	0.0	0.0	0.0	0.0	0.0	0.0	0.0	0.0	0.0	0.0	0.0	47.448275862068975	0.0	0.04113759	-0.008422830000000001	0.99633534	1.00716	0.94612	-1.6022999999999998	3498798.0	1776545389.379533	0.0	1.0	-1.0	-1.0	-1.0	-1.0	-1.0	-1.0	-1.0	-1.0	0.0	opened-hand	Open	1	calibration_20260418_134934	marker
-73751.04	-36017.64	-109303.92	-19759.68	0.0	0.0	0.0	0.0	0.0	0.0	0.0	0.0	0.0	0.0	0.0	0.0	0.0	0.0	47.448275862068975	0.0	0.04113759	-0.008422830000000001	0.99633534	1.00716	0.94612	-1.6022999999999998	3498799.0	1776545389.383395	0.0	1.0	-1.0	-1.0	-1.0	-1.0	-1.0	-1.0	-1.0	-1.0	0.0	opened-hand	Open	1	calibration_20260418_134934	marker
-73727.86499999999	-36002.835	-109340.955	-19783.934999999998	0.0	0.0	0.0	0.0	0.0	0.0	0.0	0.0	0.0	0.0	0.0	0.0	0.0	0.0	47.448275862068975	0.0	0.04113759	-0.008422830000000001	0.99633534	1.00716	0.94612	-1.6022999999999998	3498800.0	1776545389.383416	0.0	1.0	-1.0	-1.0	-1.0	-1.0	-1.0	-1.0	-1.0	-1.0	0.0	opened-hand	Open	1	calibration_20260418_134934	marker
-73681.47	-35984.655	-109330.605	-19739.925	0.0	0.0	0.0	0.0	0.0	0.0	0.0	0.0	0.0	0.0	0.0	0.0	0.0	0.0	47.448275862068975	0.0	0.04113759	-0.008422830000000001	0.99633534	1.00716	0.94612	-1.6022999999999998	3498801.0	1776545389.387208	0.0	1.0	-1.0	-1.0	-1.0	-1.0	-1.0	-1.0	-1.0	-1.0	0.0	opened-hand	Open	1	calibration_20260418_134934	marker
-73572.84	-35965.799999999996	-109161.54	-19583.1	0.0	0.0	0.0	0.0	0.0	0.0	0.0	0.0	0.0	0.0	0.0	0.0	0.0	0.0	47.448275862068975	0.0	0.04113759	-0.008422830000000001	0.99633534	1.00716	0.94612	-1.6022999999999998	3498802.0	1776545389.387224	0.0	1.0	-1.0	-1.0	-1.0	-1.0	-1.0	-1.0	-1.0	-1.0	0.0	opened-hand	Open	1	calibration_20260418_134934	marker
-73604.025	-35970.479999999996	-109156.545	-19595.475	0.0	0.0	0.0	0.0	0.0	0.0	0.0	0.0	0.0	0.0	0.0	0.0	0.0	0.0	47.448275862068975	0.0	0.04113759	-0.008422830000000001	0.99633534	1.00716	0.94612	-1.6022999999999998	3498803.0	1776545389.391776	0.0	1.0	-1.0	-1.0	-1.0	-1.0	-1.0	-1.0	-1.0	-1.0	0.0	opened-hand	Open	1	calibration_20260418_134934	marker
-73735.515	-35993.295	-109291.635	-19719.63	0.0	0.0	0.0	0.0	0.0	0.0	0.0	0.0	0.0	0.0	0.0	0.0	0.0	0.0	47.448275862068975	0.0	0.04113759	-0.008422830000000001	0.99633534	1.00716	0.94612	-1.6022999999999998	3498804.0	1776545389.391802	0.0	1.0	-1.0	-1.0	-1.0	-1.0	-1.0	-1.0	-1.0	-1.0	0.0	opened-hand	Open	1	calibration_20260418_134934	marker
-73714.14	-36008.055	-109292.805	-19728.27	0.0	0.0	0.0	0.0	0.0	0.0	0.0	0.0	0.0	0.0	0.0	0.0	0.0	0.0	47.448275862068975	0.0	0.03552237	0.00158691	1.009824075	-0.8698199999999999	0.27468	-0.7019599999999999	3498805.0	1776545389.396148	0.0	1.0	-1.0	-1.0	-1.0	-1.0	-1.0	-1.0	-1.0	-1.0	0.0	opened-hand	Open	1	calibration_20260418_134934	marker
-73779.61499999999	-36015.84	-109296.98999999999	-19712.969999999998	0.0	0.0	0.0	0.0	0.0	0.0	0.0	0.0	0.0	0.0	0.0	0.0	0.0	0.0	47.448275862068975	0.0	0.03552237	0.00158691	1.009824075	-0.8698199999999999	0.27468	-0.7019599999999999	3498806.0	1776545389.396174	0.0	1.0	-1.0	-1.0	-1.0	-1.0	-1.0	-1.0	-1.0	-1.0	0.0	opened-hand	Open	1	calibration_20260418_134934	marker
-73949.31	-36018.54	-109460.565	-19859.399999999998	0.0	0.0	0.0	0.0	0.0	0.0	0.0	0.0	0.0	0.0	0.0	0.0	0.0	0.0	47.448275862068975	0.0	0.03552237	0.00158691	1.009824075	-0.8698199999999999	0.27468	-0.7019599999999999	3498807.0	1776545389.402115	0.0	1.0	-1.0	-1.0	-1.0	-1.0	-1.0	-1.0	-1.0	-1.0	0.0	opened-hand	Open	1	calibration_20260418_134934	marker
-73852.56	-36002.564999999995	-109491.61499999999	-19920.69	0.0	0.0	0.0	0.0	0.0	0.0	0.0	0.0	0.0	0.0	0.0	0.0	0.0	0.0	47.448275862068975	0.0	0.03552237	0.00158691	1.009824075	-0.8698199999999999	0.27468	-0.7019599999999999	3498808.0	1776545389.402132	0.0	1.0	-1.0	-1.0	-1.0	-1.0	-1.0	-1.0	-1.0	-1.0	0.0	opened-hand	Open	1	calibration_20260418_134934	marker
-73706.22	-35979.03	-109391.355	-19839.555	0.0	0.0	0.0	0.0	0.0	0.0	0.0	0.0	0.0	0.0	0.0	0.0	0.0	0.0	47.448275862068975	0.0	0.03552237	0.00158691	1.009824075	-0.8698199999999999	0.27468	-0.7019599999999999	3498809.0	1776545389.405225	0.0	1.0	-1.0	-1.0	-1.0	-1.0	-1.0	-1.0	-1.0	-1.0	0.0	opened-hand	Open	1	calibration_20260418_134934	marker
-73664.91	-35960.895	-109300.36499999999	-19752.3	0.0	0.0	0.0	0.0	0.0	0.0	0.0	0.0	0.0	0.0	0.0	0.0	0.0	0.0	47.448275862068975	0.0	0.03552237	0.00158691	1.009824075	-0.8698199999999999	0.27468	-0.7019599999999999	3498810.0	1776545389.405242	0.0	1.0	-1.0	-1.0	-1.0	-1.0	-1.0	-1.0	-1.0	-1.0	0.0	opened-hand	Open	1	calibration_20260418_134934	marker
-73736.50499999999	-35959.14	-109306.575	-19739.925	0.0	0.0	0.0	0.0	0.0	0.0	0.0	0.0	0.0	0.0	0.0	0.0	0.0	0.0	47.448275862068975	0.0	0.03552237	0.00158691	1.009824075	-0.8698199999999999	0.27468	-0.7019599999999999	3498811.0	1776545389.40857	0.0	1.0	-1.0	-1.0	-1.0	-1.0	-1.0	-1.0	-1.0	-1.0	0.0	opened-hand	Open	1	calibration_20260418_134934	marker
-73713.105	-35966.295	-109286.325	-19708.515	0.0	0.0	0.0	0.0	0.0	0.0	0.0	0.0	0.0	0.0	0.0	0.0	0.0	0.0	47.448275862068975	0.0	0.03552237	0.00158691	1.009824075	-0.8698199999999999	0.27468	-0.7019599999999999	3498812.0	1776545389.40861	0.0	1.0	-1.0	-1.0	-1.0	-1.0	-1.0	-1.0	-1.0	-1.0	0.0	opened-hand	Open	1	calibration_20260418_134934	marker
-73627.92	-35976.33	-109237.545	-19673.73	0.0	0.0	0.0	0.0	0.0	0.0	0.0	0.0	0.0	0.0	0.0	0.0	0.0	0.0	47.448275862068975	0.0	0.03552237	0.00158691	1.009824075	-0.8698199999999999	0.27468	-0.7019599999999999	3498813.0	1776545389.411333	0.0	1.0	-1.0	-1.0	-1.0	-1.0	-1.0	-1.0	-1.0	-1.0	0.0	opened-hand	Open	1	calibration_20260418_134934	marker
-73653.48	-35985.06	-109230.25499999999	-19659.329999999998	0.0	0.0	0.0	0.0	0.0	0.0	0.0	0.0	0.0	0.0	0.0	0.0	0.0	0.0	47.448275862068975	0.0	0.03552237	0.00158691	1.009824075	-0.8698199999999999	0.27468	-0.7019599999999999	3498814.0	1776545389.411348	0.0	1.0	-1.0	-1.0	-1.0	-1.0	-1.0	-1.0	-1.0	-1.0	0.0	opened-hand	Open	1	calibration_20260418_134934	marker
-73752.20999999999	-35989.784999999996	-109317.78	-19766.79	0.0	0.0	0.0	0.0	0.0	0.0	0.0	0.0	0.0	0.0	0.0	0.0	0.0	0.0	47.448275862068975	0.0	0.033508215	-0.000549315	1.024228335	-2.33478	-1.3428799999999999	1.00716	3498815.0	1776545389.41554	0.0	1.0	-1.0	-1.0	-1.0	-1.0	-1.0	-1.0	-1.0	-1.0	0.0	opened-hand	Open	1	calibration_20260418_134934	marker
-73770.345	-35980.424999999996	-109341.09	-19787.13	0.0	0.0	0.0	0.0	0.0	0.0	0.0	0.0	0.0	0.0	0.0	0.0	0.0	0.0	47.448275862068975	0.0	0.033508215	-0.000549315	1.024228335	-2.33478	-1.3428799999999999	1.00716	3498816.0	1776545389.415563	0.0	1.0	-1.0	-1.0	-1.0	-1.0	-1.0	-1.0	-1.0	-1.0	0.0	opened-hand	Open	1	calibration_20260418_134934	marker
-73684.75499999999	-35962.064999999995	-109283.4	-19733.94	0.0	0.0	0.0	0.0	0.0	0.0	0.0	0.0	0.0	0.0	0.0	0.0	0.0	0.0	47.448275862068975	0.0	0.033508215	-0.000549315	1.024228335	-2.33478	-1.3428799999999999	1.00716	3498817.0	1776545389.419357	0.0	1.0	-1.0	-1.0	-1.0	-1.0	-1.0	-1.0	-1.0	-1.0	0.0	opened-hand	Open	1	calibration_20260418_134934	marker
-73679.67	-35947.53	-109292.12999999999	-19735.515	0.0	0.0	0.0	0.0	0.0	0.0	0.0	0.0	0.0	0.0	0.0	0.0	0.0	0.0	47.448275862068975	0.0	0.033508215	-0.000549315	1.024228335	-2.33478	-1.3428799999999999	1.00716	3498818.0	1776545389.419397	0.0	1.0	-1.0	-1.0	-1.0	-1.0	-1.0	-1.0	-1.0	-1.0	0.0	opened-hand	Open	1	calibration_20260418_134934	marker
-73679.44499999999	-35944.064999999995	-109316.385	-19720.305	0.0	0.0	0.0	0.0	0.0	0.0	0.0	0.0	0.0	0.0	0.0	0.0	0.0	0.0	47.448275862068975	0.0	0.033508215	-0.000549315	1.024228335	-2.33478	-1.3428799999999999	1.00716	3498819.0	1776545389.42343	0.0	1.0	-1.0	-1.0	-1.0	-1.0	-1.0	-1.0	-1.0	-1.0	0.0	opened-hand	Open	1	calibration_20260418_134934	marker
-73625.31	-35948.924999999996	-109249.065	-19666.035	0.0	0.0	0.0	0.0	0.0	0.0	0.0	0.0	0.0	0.0	0.0	0.0	0.0	0.0	47.448275862068975	0.0	0.033508215	-0.000549315	1.024228335	-2.33478	-1.3428799999999999	1.00716	3498820.0	1776545389.423446	0.0	1.0	-1.0	-1.0	-1.0	-1.0	-1.0	-1.0	-1.0	-1.0	0.0	opened-hand	Open	1	calibration_20260418_134934	marker
-73684.305	-35962.784999999996	-109214.055	-19661.445	0.0	0.0	0.0	0.0	0.0	0.0	0.0	0.0	0.0	0.0	0.0	0.0	0.0	0.0	47.448275862068975	0.0	0.033508215	-0.000549315	1.024228335	-2.33478	-1.3428799999999999	1.00716	3498821.0	1776545389.430344	0.0	1.0	-1.0	-1.0	-1.0	-1.0	-1.0	-1.0	-1.0	-1.0	0.0	opened-hand	Open	1	calibration_20260418_134934	marker
-73717.29	-35973.405	-109231.605	-19710.54	0.0	0.0	0.0	0.0	0.0	0.0	0.0	0.0	0.0	0.0	0.0	0.0	0.0	0.0	47.448275862068975	0.0	0.033508215	-0.000549315	1.024228335	-2.33478	-1.3428799999999999	1.00716	3498822.0	1776545389.430366	0.0	1.0	-1.0	-1.0	-1.0	-1.0	-1.0	-1.0	-1.0	-1.0	0.0	opened-hand	Open	1	calibration_20260418_134934	marker
-73807.69499999999	-35983.17	-109365.3	-19820.745	0.0	0.0	0.0	0.0	0.0	0.0	0.0	0.0	0.0	0.0	0.0	0.0	0.0	0.0	47.448275862068975	0.0	0.033508215	-0.000549315	1.024228335	-2.33478	-1.3428799999999999	1.00716	3498823.0	1776545389.433669	0.0	1.0	-1.0	-1.0	-1.0	-1.0	-1.0	-1.0	-1.0	-1.0	0.0	opened-hand	Open	1	calibration_20260418_134934	marker
-73880.775	-35982.405	-109458.855	-19854.225	0.0	0.0	0.0	0.0	0.0	0.0	0.0	0.0	0.0	0.0	0.0	0.0	0.0	0.0	47.448275862068975	0.0	0.033508215	-0.000549315	1.024228335	-2.33478	-1.3428799999999999	1.00716	3498824.0	1776545389.433693	0.0	1.0	-1.0	-1.0	-1.0	-1.0	-1.0	-1.0	-1.0	-1.0	0.0	opened-hand	Open	1	calibration_20260418_134934	marker
-73712.16	-35959.049999999996	-109336.905	-19699.875	0.0	0.0	0.0	0.0	0.0	0.0	0.0	0.0	0.0	0.0	0.0	0.0	0.0	0.0	47.448275862068975	0.0	0.034850985	-0.012329070000000001	1.03417704	-3.815	-2.8383599999999998	1.31236	3498825.0	1776545389.4353	0.0	1.0	-1.0	-1.0	-1.0	-1.0	-1.0	-1.0	-1.0	-1.0	0.0	opened-hand	Open	1	calibration_20260418_134934	marker
-73473.705	-35929.575	-109073.295	-19474.469999999998	0.0	0.0	0.0	0.0	0.0	0.0	0.0	0.0	0.0	0.0	0.0	0.0	0.0	0.0	47.448275862068975	0.0	0.034850985	-0.012329070000000001	1.03417704	-3.815	-2.8383599999999998	1.31236	3498826.0	1776545389.43531	0.0	1.0	-1.0	-1.0	-1.0	-1.0	-1.0	-1.0	-1.0	-1.0	0.0	opened-hand	Open	1	calibration_20260418_134934	marker
-73609.29	-35930.07	-109242.58499999999	-19651.23	0.0	0.0	0.0	0.0	0.0	0.0	0.0	0.0	0.0	0.0	0.0	0.0	0.0	0.0	47.448275862068975	0.0	0.034850985	-0.012329070000000001	1.03417704	-3.815	-2.8383599999999998	1.31236	3498827.0	1776545389.43952	0.0	1.0	-1.0	-1.0	-1.0	-1.0	-1.0	-1.0	-1.0	-1.0	0.0	opened-hand	Open	1	calibration_20260418_134934	marker
-73822.31999999999	-35948.025	-109498.36499999999	-19926.63	0.0	0.0	0.0	0.0	0.0	0.0	0.0	0.0	0.0	0.0	0.0	0.0	0.0	0.0	47.448275862068975	0.0	0.034850985	-0.012329070000000001	1.03417704	-3.815	-2.8383599999999998	1.31236	3498828.0	1776545389.439533	0.0	1.0	-1.0	-1.0	-1.0	-1.0	-1.0	-1.0	-1.0	-1.0	0.0	opened-hand	Open	1	calibration_20260418_134934	marker
-73830.51	-35958.42	-109428.56999999999	-19845.63	0.0	0.0	0.0	0.0	0.0	0.0	0.0	0.0	0.0	0.0	0.0	0.0	0.0	0.0	47.448275862068975	0.0	0.034850985	-0.012329070000000001	1.03417704	-3.815	-2.8383599999999998	1.31236	3498829.0	1776545389.443637	0.0	1.0	-1.0	-1.0	-1.0	-1.0	-1.0	-1.0	-1.0	-1.0	0.0	opened-hand	Open	1	calibration_20260418_134934	marker
-73767.42	-35966.7	-109348.29	-19785.555	0.0	0.0	0.0	0.0	0.0	0.0	0.0	0.0	0.0	0.0	0.0	0.0	0.0	0.0	47.448275862068975	0.0	0.034850985	-0.012329070000000001	1.03417704	-3.815	-2.8383599999999998	1.31236	3498830.0	1776545389.44368	0.0	1.0	-1.0	-1.0	-1.0	-1.0	-1.0	-1.0	-1.0	-1.0	0.0	opened-hand	Open	1	calibration_20260418_134934	marker
-73722.915	-35970.299999999996	-109307.79	-19735.785	0.0	0.0	0.0	0.0	0.0	0.0	0.0	0.0	0.0	0.0	0.0	0.0	0.0	0.0	47.448275862068975	0.0	0.034850985	-0.012329070000000001	1.03417704	-3.815	-2.8383599999999998	1.31236	3498831.0	1776545389.447476	0.0	1.0	-1.0	-1.0	-1.0	-1.0	-1.0	-1.0	-1.0	-1.0	0.0	opened-hand	Open	1	calibration_20260418_134934	marker
-73678.86	-35965.35	-109303.29	-19723.77	0.0	0.0	0.0	0.0	0.0	0.0	0.0	0.0	0.0	0.0	0.0	0.0	0.0	0.0	47.448275862068975	0.0	0.034850985	-0.012329070000000001	1.03417704	-3.815	-2.8383599999999998	1.31236	3498832.0	1776545389.447495	0.0	1.0	-1.0	-1.0	-1.0	-1.0	-1.0	-1.0	-1.0	-1.0	0.0	opened-hand	Open	1	calibration_20260418_134934	marker
-73603.395	-35949.869999999995	-109231.37999999999	-19639.485	0.0	0.0	0.0	0.0	0.0	0.0	0.0	0.0	0.0	0.0	0.0	0.0	0.0	0.0	47.448275862068975	0.0	0.034850985	-0.012329070000000001	1.03417704	-3.815	-2.8383599999999998	1.31236	3498833.0	1776545389.453871	0.0	1.0	-1.0	-1.0	-1.0	-1.0	-1.0	-1.0	-1.0	-1.0	0.0	opened-hand	Open	1	calibration_20260418_134934	marker
-73586.205	-35931.825	-109198.17	-19636.515	0.0	0.0	0.0	0.0	0.0	0.0	0.0	0.0	0.0	0.0	0.0	0.0	0.0	0.0	47.448275862068975	0.0	0.034850985	-0.012329070000000001	1.03417704	-3.815	-2.8383599999999998	1.31236	3498834.0	1776545389.453893	0.0	1.0	-1.0	-1.0	-1.0	-1.0	-1.0	-1.0	-1.0	-1.0	0.0	opened-hand	Open	1	calibration_20260418_134934	marker
-73712.925	-35924.939999999995	-109294.37999999999	-19714.274999999998	0.0	0.0	0.0	0.0	0.0	0.0	0.0	0.0	0.0	0.0	0.0	0.0	0.0	0.0	47.448275862068975	0.0	0.03955068	-0.02282709	1.036557405	-5.7835399999999995	-3.8455199999999996	0.74774	3498835.0	1776545389.455534	0.0	1.0	-1.0	-1.0	-1.0	-1.0	-1.0	-1.0	-1.0	-1.0	0.0	opened-hand	Open	1	calibration_20260418_134934	marker
-73767.555	-35931.33	-109374.20999999999	-19802.745	0.0	0.0	0.0	0.0	0.0	0.0	0.0	0.0	0.0	0.0	0.0	0.0	0.0	0.0	47.448275862068975	0.0	0.03955068	-0.02282709	1.036557405	-5.7835399999999995	-3.8455199999999996	0.74774	3498836.0	1776545389.45555	0.0	1.0	-1.0	-1.0	-1.0	-1.0	-1.0	-1.0	-1.0	-1.0	0.0	opened-hand	Open	1	calibration_20260418_134934	marker
-73708.92	-35942.895	-109334.34	-19787.13	0.0	0.0	0.0	0.0	0.0	0.0	0.0	0.0	0.0	0.0	0.0	0.0	0.0	0.0	47.448275862068975	0.0	0.03955068	-0.02282709	1.036557405	-5.7835399999999995	-3.8455199999999996	0.74774	3498837.0	1776545389.459489	0.0	1.0	-1.0	-1.0	-1.0	-1.0	-1.0	-1.0	-1.0	-1.0	0.0	opened-hand	Open	1	calibration_20260418_134934	marker
-73802.83499999999	-35961.21	-109413.94499999999	-19828.305	0.0	0.0	0.0	0.0	0.0	0.0	0.0	0.0	0.0	0.0	0.0	0.0	0.0	0.0	47.448275862068975	0.0	0.03955068	-0.02282709	1.036557405	-5.7835399999999995	-3.8455199999999996	0.74774	3498838.0	1776545389.459524	0.0	1.0	-1.0	-1.0	-1.0	-1.0	-1.0	-1.0	-1.0	-1.0	0.0	opened-hand	Open	1	calibration_20260418_134934	marker
-73771.29	-35967.915	-109312.515	-19723.995	0.0	0.0	0.0	0.0	0.0	0.0	0.0	0.0	0.0	0.0	0.0	0.0	0.0	0.0	47.448275862068975	0.0	0.03955068	-0.02282709	1.036557405	-5.7835399999999995	-3.8455199999999996	0.74774	3498839.0	1776545389.463638	0.0	1.0	-1.0	-1.0	-1.0	-1.0	-1.0	-1.0	-1.0	-1.0	0.0	opened-hand	Open	1	calibration_20260418_134934	marker
-73630.75499999999	-35961.57	-109152.045	-19575.0	0.0	0.0	0.0	0.0	0.0	0.0	0.0	0.0	0.0	0.0	0.0	0.0	0.0	0.0	47.448275862068975	0.0	0.03955068	-0.02282709	1.036557405	-5.7835399999999995	-3.8455199999999996	0.74774	3498840.0	1776545389.463664	0.0	1.0	-1.0	-1.0	-1.0	-1.0	-1.0	-1.0	-1.0	-1.0	0.0	opened-hand	Open	1	calibration_20260418_134934	marker
-73667.655	-35955.314999999995	-109208.87999999999	-19656.135	0.0	0.0	0.0	0.0	0.0	0.0	0.0	0.0	0.0	0.0	0.0	0.0	0.0	0.0	47.448275862068975	0.0	0.03955068	-0.02282709	1.036557405	-5.7835399999999995	-3.8455199999999996	0.74774	3498841.0	1776545389.467542	0.0	1.0	-1.0	-1.0	-1.0	-1.0	-1.0	-1.0	-1.0	-1.0	0.0	opened-hand	Open	1	calibration_20260418_134934	marker
-73730.87999999999	-35946.81	-109370.97	-19756.755	0.0	0.0	0.0	0.0	0.0	0.0	0.0	0.0	0.0	0.0	0.0	0.0	0.0	0.0	47.448275862068975	0.0	0.03955068	-0.02282709	1.036557405	-5.7835399999999995	-3.8455199999999996	0.74774	3498842.0	1776545389.467566	0.0	1.0	-1.0	-1.0	-1.0	-1.0	-1.0	-1.0	-1.0	-1.0	0.0	opened-hand	Open	1	calibration_20260418_134934	marker
-73809.9	-35941.005	-109531.8	-19881.54	0.0	0.0	0.0	0.0	0.0	0.0	0.0	0.0	0.0	0.0	0.0	0.0	0.0	0.0	47.448275862068975	0.0	0.03955068	-0.02282709	1.036557405	-5.7835399999999995	-3.8455199999999996	0.74774	3498843.0	1776545389.471568	0.0	1.0	-1.0	-1.0	-1.0	-1.0	-1.0	-1.0	-1.0	-1.0	0.0	opened-hand	Open	1	calibration_20260418_134934	marker
-73769.715	-35931.78	-109447.65	-19846.305	0.0	0.0	0.0	0.0	0.0	0.0	0.0	0.0	0.0	0.0	0.0	0.0	0.0	0.0	47.448275862068975	0.0	0.03955068	-0.02282709	1.036557405	-5.7835399999999995	-3.8455199999999996	0.74774	3498844.0	1776545389.471585	0.0	1.0	-1.0	-1.0	-1.0	-1.0	-1.0	-1.0	-1.0	-1.0	0.0	opened-hand	Open	1	calibration_20260418_134934	marker
-73628.235	-35928.765	-109264.5	-19696.995	0.0	0.0	0.0	0.0	0.0	0.0	0.0	0.0	0.0	0.0	0.0	0.0	0.0	0.0	47.448275862068975	0.0	0.04785144	-0.030334395	1.025571105	-7.553699999999999	-3.52506	-0.763	3498845.0	1776545389.475741	0.0	1.0	-1.0	-1.0	-1.0	-1.0	-1.0	-1.0	-1.0	-1.0	0.0	opened-hand	Open	1	calibration_20260418_134934	marker
-73653.66	-35937.494999999995	-109218.465	-19629.36	0.0	0.0	0.0	0.0	0.0	0.0	0.0	0.0	0.0	0.0	0.0	0.0	0.0	0.0	47.448275862068975	0.0	0.04785144	-0.030334395	1.025571105	-7.553699999999999	-3.52506	-0.763	3498846.0	1776545389.475769	0.0	1.0	-1.0	-1.0	-1.0	-1.0	-1.0	-1.0	-1.0	-1.0	0.0	opened-hand	Open	1	calibration_20260418_134934	marker
-73796.04	-35960.58	-109359.98999999999	-19760.805	0.0	0.0	0.0	0.0	0.0	0.0	0.0	0.0	0.0	0.0	0.0	0.0	0.0	0.0	47.448275862068975	0.0	0.04785144	-0.030334395	1.025571105	-7.553699999999999	-3.52506	-0.763	3498847.0	1776545389.479696	0.0	1.0	-1.0	-1.0	-1.0	-1.0	-1.0	-1.0	-1.0	-1.0	0.0	opened-hand	Open	1	calibration_20260418_134934	marker
-73788.61499999999	-35964.765	-109338.84	-19746.63	0.0	0.0	0.0	0.0	0.0	0.0	0.0	0.0	0.0	0.0	0.0	0.0	0.0	0.0	47.448275862068975	0.0	0.04785144	-0.030334395	1.025571105	-7.553699999999999	-3.52506	-0.763	3498848.0	1776545389.479761	0.0	1.0	-1.0	-1.0	-1.0	-1.0	-1.0	-1.0	-1.0	-1.0	0.0	opened-hand	Open	1	calibration_20260418_134934	marker
-73734.705	-35954.549999999996	-109316.87999999999	-19718.28	0.0	0.0	0.0	0.0	0.0	0.0	0.0	0.0	0.0	0.0	0.0	0.0	0.0	0.0	47.448275862068975	0.0	0.04785144	-0.030334395	1.025571105	-7.553699999999999	-3.52506	-0.763	3498849.0	1776545389.483555	0.0	1.0	-1.0	-1.0	-1.0	-1.0	-1.0	-1.0	-1.0	-1.0	0.0	opened-hand	Open	1	calibration_20260418_134934	marker
-73521.81	-35923.32	-109126.8	-19534.77	0.0	0.0	0.0	0.0	0.0	0.0	0.0	0.0	0.0	0.0	0.0	0.0	0.0	0.0	47.448275862068975	0.0	0.04785144	-0.030334395	1.025571105	-7.553699999999999	-3.52506	-0.763	3498850.0	1776545389.483579	0.0	1.0	-1.0	-1.0	-1.0	-1.0	-1.0	-1.0	-1.0	-1.0	0.0	opened-hand	Open	1	calibration_20260418_134934	marker
-73553.715	-35907.479999999996	-109179.94499999999	-19586.295	0.0	0.0	0.0	0.0	0.0	0.0	0.0	0.0	0.0	0.0	0.0	0.0	0.0	0.0	47.448275862068975	0.0	0.04785144	-0.030334395	1.025571105	-7.553699999999999	-3.52506	-0.763	3498851.0	1776545389.487604	0.0	1.0	-1.0	-1.0	-1.0	-1.0	-1.0	-1.0	-1.0	-1.0	0.0	opened-hand	Open	1	calibration_20260418_134934	marker
-73730.06999999999	-35910.27	-109380.465	-19780.965	0.0	0.0	0.0	0.0	0.0	0.0	0.0	0.0	0.0	0.0	0.0	0.0	0.0	0.0	47.448275862068975	0.0	0.04785144	-0.030334395	1.025571105	-7.553699999999999	-3.52506	-0.763	3498852.0	1776545389.487618	0.0	1.0	-1.0	-1.0	-1.0	-1.0	-1.0	-1.0	-1.0	-1.0	0.0	opened-hand	Open	1	calibration_20260418_134934	marker
-73745.37	-35913.104999999996	-109387.44	-19813.005	0.0	0.0	0.0	0.0	0.0	0.0	0.0	0.0	0.0	0.0	0.0	0.0	0.0	0.0	47.448275862068975	0.0	0.04785144	-0.030334395	1.025571105	-7.553699999999999	-3.52506	-0.763	3498853.0	1776545389.491576	0.0	1.0	-1.0	-1.0	-1.0	-1.0	-1.0	-1.0	-1.0	-1.0	0.0	opened-hand	Open	1	calibration_20260418_134934	marker
-73753.11	-35919.36	-109318.995	-19751.715	0.0	0.0	0.0	0.0	0.0	0.0	0.0	0.0	0.0	0.0	0.0	0.0	0.0	0.0	47.448275862068975	0.0	0.04785144	-0.030334395	1.025571105	-7.553699999999999	-3.52506	-0.763	3498854.0	1776545389.491598	0.0	1.0	-1.0	-1.0	-1.0	-1.0	-1.0	-1.0	-1.0	-1.0	0.0	opened-hand	Open	1	calibration_20260418_134934	marker
-73791.765	-35933.354999999996	-109376.55	-19789.29	0.0	0.0	0.0	0.0	0.0	0.0	0.0	0.0	0.0	0.0	0.0	0.0	0.0	0.0	47.448275862068975	0.0	0.0598143	-0.04101552	1.016415855	-7.46214	-2.76206	-1.17502	3498855.0	1776545389.495672	0.0	1.0	-1.0	-1.0	-1.0	-1.0	-1.0	-1.0	-1.0	-1.0	0.0	opened-hand	Open	1	calibration_20260418_134934	marker
-73807.69499999999	-35944.65	-109430.325	-19777.364999999998	0.0	0.0	0.0	0.0	0.0	0.0	0.0	0.0	0.0	0.0	0.0	0.0	0.0	0.0	47.448275862068975	0.0	0.0598143	-0.04101552	1.016415855	-7.46214	-2.76206	-1.17502	3498856.0	1776545389.495779	0.0	1.0	-1.0	-1.0	-1.0	-1.0	-1.0	-1.0	-1.0	-1.0	0.0	opened-hand	Open	1	calibration_20260418_134934	marker
-73690.65	-35939.7	-109387.98	-19750.815	0.0	0.0	0.0	0.0	0.0	0.0	0.0	0.0	0.0	0.0	0.0	0.0	0.0	0.0	47.448275862068975	0.0	0.0598143	-0.04101552	1.016415855	-7.46214	-2.76206	-1.17502	3498857.0	1776545389.501508	0.0	1.0	-1.0	-1.0	-1.0	-1.0	-1.0	-1.0	-1.0	-1.0	0.0	opened-hand	Open	1	calibration_20260418_134934	marker
-73707.39	-35928.54	-109396.75499999999	-19820.16	0.0	0.0	0.0	0.0	0.0	0.0	0.0	0.0	0.0	0.0	0.0	0.0	0.0	0.0	47.448275862068975	0.0	0.0598143	-0.04101552	1.016415855	-7.46214	-2.76206	-1.17502	3498858.0	1776545389.501532	0.0	1.0	-1.0	-1.0	-1.0	-1.0	-1.0	-1.0	-1.0	-1.0	0.0	opened-hand	Open	1	calibration_20260418_134934	marker
-73686.42	-35910.854999999996	-109318.095	-19745.505	0.0	0.0	0.0	0.0	0.0	0.0	0.0	0.0	0.0	0.0	0.0	0.0	0.0	0.0	47.448275862068975	0.0	0.0598143	-0.04101552	1.016415855	-7.46214	-2.76206	-1.17502	3498859.0	1776545389.504517	0.0	1.0	-1.0	-1.0	-1.0	-1.0	-1.0	-1.0	-1.0	-1.0	0.0	opened-hand	Open	1	calibration_20260418_134934	marker
-73681.785	-35901.0	-109272.825	-19680.21	0.0	0.0	0.0	0.0	0.0	0.0	0.0	0.0	0.0	0.0	0.0	0.0	0.0	0.0	47.448275862068975	0.0	0.0598143	-0.04101552	1.016415855	-7.46214	-2.76206	-1.17502	3498860.0	1776545389.50453	0.0	1.0	-1.0	-1.0	-1.0	-1.0	-1.0	-1.0	-1.0	-1.0	0.0	opened-hand	Open	1	calibration_20260418_134934	marker
-73649.25	-35901.0	-109281.78	-19690.02	0.0	0.0	0.0	0.0	0.0	0.0	0.0	0.0	0.0	0.0	0.0	0.0	0.0	0.0	47.448275862068975	0.0	0.0598143	-0.04101552	1.016415855	-7.46214	-2.76206	-1.17502	3498861.0	1776545389.507766	0.0	1.0	-1.0	-1.0	-1.0	-1.0	-1.0	-1.0	-1.0	-1.0	0.0	opened-hand	Open	1	calibration_20260418_134934	marker
-73662.48	-35911.034999999996	-109293.61499999999	-19690.605	0.0	0.0	0.0	0.0	0.0	0.0	0.0	0.0	0.0	0.0	0.0	0.0	0.0	0.0	47.448275862068975	0.0	0.0598143	-0.04101552	1.016415855	-7.46214	-2.76206	-1.17502	3498862.0	1776545389.507776	0.0	1.0	-1.0	-1.0	-1.0	-1.0	-1.0	-1.0	-1.0	-1.0	0.0	opened-hand	Open	1	calibration_20260418_134934	marker
-73730.385	-35933.265	-109282.635	-19670.85	0.0	0.0	0.0	0.0	0.0	0.0	0.0	0.0	0.0	0.0	0.0	0.0	0.0	0.0	47.448275862068975	0.0	0.0598143	-0.04101552	1.016415855	-7.46214	-2.76206	-1.17502	3498863.0	1776545389.511598	0.0	1.0	-1.0	-1.0	-1.0	-1.0	-1.0	-1.0	-1.0	-1.0	0.0	opened-hand	Open	1	calibration_20260418_134934	marker
-73813.00499999999	-35951.58	-109322.19	-19719.315	0.0	0.0	0.0	0.0	0.0	0.0	0.0	0.0	0.0	0.0	0.0	0.0	0.0	0.0	47.448275862068975	0.0	0.0598143	-0.04101552	1.016415855	-7.46214	-2.76206	-1.17502	3498864.0	1776545389.511618	0.0	1.0	-1.0	-1.0	-1.0	-1.0	-1.0	-1.0	-1.0	-1.0	0.0	opened-hand	Open	1	calibration_20260418_134934	marker
-73753.155	-35951.895	-109340.37	-19761.614999999998	0.0	0.0	0.0	0.0	0.0	0.0	0.0	0.0	0.0	0.0	0.0	0.0	0.0	0.0	47.448275862068975	0.0	0.068908515	-0.048156615	1.0120823700000001	-3.4640199999999997	-1.25132	-0.3815	3498865.0	1776545389.516038	0.0	1.0	-1.0	-1.0	-1.0	-1.0	-1.0	-1.0	-1.0	-1.0	0.0	opened-hand	Open	1	calibration_20260418_134934	marker
-73714.31999999999	-35938.034999999996	-109310.04	-19735.065	0.0	0.0	0.0	0.0	0.0	0.0	0.0	0.0	0.0	0.0	0.0	0.0	0.0	0.0	47.448275862068975	0.0	0.068908515	-0.048156615	1.0120823700000001	-3.4640199999999997	-1.25132	-0.3815	3498866.0	1776545389.51607	0.0	1.0	-1.0	-1.0	-1.0	-1.0	-1.0	-1.0	-1.0	-1.0	0.0	opened-hand	Open	1	calibration_20260418_134934	marker
-73615.41	-35919.54	-109247.22	-19654.38	0.0	0.0	0.0	0.0	0.0	0.0	0.0	0.0	0.0	0.0	0.0	0.0	0.0	0.0	47.448275862068975	0.0	0.068908515	-0.048156615	1.0120823700000001	-3.4640199999999997	-1.25132	-0.3815	3498867.0	1776545389.529291	0.0	1.0	-1.0	-1.0	-1.0	-1.0	-1.0	-1.0	-1.0	-1.0	0.0	opened-hand	Open	1	calibration_20260418_134934	marker
-73615.635	-35908.47	-109266.795	-19665.63	0.0	0.0	0.0	0.0	0.0	0.0	0.0	0.0	0.0	0.0	0.0	0.0	0.0	0.0	47.448275862068975	0.0	0.068908515	-0.048156615	1.0120823700000001	-3.4640199999999997	-1.25132	-0.3815	3498868.0	1776545389.529328	0.0	1.0	-1.0	-1.0	-1.0	-1.0	-1.0	-1.0	-1.0	-1.0	0.0	opened-hand	Open	1	calibration_20260418_134934	marker
-73700.09999999999	-35910.045	-109363.76999999999	-19743.614999999998	0.0	0.0	0.0	0.0	0.0	0.0	0.0	0.0	0.0	0.0	0.0	0.0	0.0	0.0	47.448275862068975	0.0	0.068908515	-0.048156615	1.0120823700000001	-3.4640199999999997	-1.25132	-0.3815	3498869.0	1776545389.529857	0.0	1.0	-1.0	-1.0	-1.0	-1.0	-1.0	-1.0	-1.0	-1.0	0.0	opened-hand	Open	1	calibration_20260418_134934	marker
-73767.105	-35920.799999999996	-109433.43	-19864.844999999998	0.0	0.0	0.0	0.0	0.0	0.0	0.0	0.0	0.0	0.0	0.0	0.0	0.0	0.0	47.448275862068975	0.0	0.068908515	-0.048156615	1.0120823700000001	-3.4640199999999997	-1.25132	-0.3815	3498870.0	1776545389.529984	0.0	1.0	-1.0	-1.0	-1.0	-1.0	-1.0	-1.0	-1.0	-1.0	0.0	opened-hand	Open	1	calibration_20260418_134934	marker
-73793.205	-35935.2	-109423.575	-19853.415	0.0	0.0	0.0	0.0	0.0	0.0	0.0	0.0	0.0	0.0	0.0	0.0	0.0	0.0	47.448275862068975	0.0	0.068908515	-0.048156615	1.0120823700000001	-3.4640199999999997	-1.25132	-0.3815	3498871.0	1776545389.530018	0.0	1.0	-1.0	-1.0	-1.0	-1.0	-1.0	-1.0	-1.0	-1.0	0.0	opened-hand	Open	1	calibration_20260418_134934	marker
-73772.235	-35943.03	-109406.925	-19791.09	0.0	0.0	0.0	0.0	0.0	0.0	0.0	0.0	0.0	0.0	0.0	0.0	0.0	0.0	47.448275862068975	0.0	0.068908515	-0.048156615	1.0120823700000001	-3.4640199999999997	-1.25132	-0.3815	3498872.0	1776545389.530036	0.0	1.0	-1.0	-1.0	-1.0	-1.0	-1.0	-1.0	-1.0	-1.0	0.0	opened-hand	Open	1	calibration_20260418_134934	marker
-73795.815	-35944.064999999995	-109402.29	-19769.805	0.0	0.0	0.0	0.0	0.0	0.0	0.0	0.0	0.0	0.0	0.0	0.0	0.0	0.0	47.448275862068975	0.0	0.068908515	-0.048156615	1.0120823700000001	-3.4640199999999997	-1.25132	-0.3815	3498873.0	1776545389.533267	0.0	1.0	-1.0	-1.0	-1.0	-1.0	-1.0	-1.0	-1.0	-1.0	0.0	opened-hand	Open	1	calibration_20260418_134934	marker
-73702.70999999999	-35926.604999999996	-109301.89499999999	-19665.719999999998	0.0	0.0	0.0	0.0	0.0	0.0	0.0	0.0	0.0	0.0	0.0	0.0	0.0	0.0	47.448275862068975	0.0	0.068908515	-0.048156615	1.0120823700000001	-3.4640199999999997	-1.25132	-0.3815	3498874.0	1776545389.533284	0.0	1.0	-1.0	-1.0	-1.0	-1.0	-1.0	-1.0	-1.0	-1.0	0.0	opened-hand	Open	1	calibration_20260418_134934	marker
-73719.495	-35910.54	-109342.665	-19700.82	0.0	0.0	0.0	0.0	0.0	0.0	0.0	0.0	0.0	0.0	0.0	0.0	0.0	0.0	47.448275862068975	0.0	0.068786445	-0.05810532	1.01342514	-0.01526	-0.6867	-0.48832	3498875.0	1776545389.535693	0.0	1.0	-1.0	-1.0	-1.0	-1.0	-1.0	-1.0	-1.0	-1.0	0.0	opened-hand	Open	1	calibration_20260418_134934	marker
-73690.965	-35894.564999999995	-109326.78	-19702.755	0.0	0.0	0.0	0.0	0.0	0.0	0.0	0.0	0.0	0.0	0.0	0.0	0.0	0.0	47.448275862068975	0.0	0.068786445	-0.05810532	1.01342514	-0.01526	-0.6867	-0.48832	3498876.0	1776545389.535704	0.0	1.0	-1.0	-1.0	-1.0	-1.0	-1.0	-1.0	-1.0	-1.0	0.0	opened-hand	Open	1	calibration_20260418_134934	marker
-73525.995	-35878.814999999995	-109141.245	-19563.075	0.0	0.0	0.0	0.0	0.0	0.0	0.0	0.0	0.0	0.0	0.0	0.0	0.0	0.0	47.448275862068975	0.0	0.068786445	-0.05810532	1.01342514	-0.01526	-0.6867	-0.48832	3498877.0	1776545389.539759	0.0	1.0	-1.0	-1.0	-1.0	-1.0	-1.0	-1.0	-1.0	-1.0	0.0	opened-hand	Open	1	calibration_20260418_134934	marker
-73631.655	-35889.84	-109234.34999999999	-19624.77	0.0	0.0	0.0	0.0	0.0	0.0	0.0	0.0	0.0	0.0	0.0	0.0	0.0	0.0	47.448275862068975	0.0	0.068786445	-0.05810532	1.01342514	-0.01526	-0.6867	-0.48832	3498878.0	1776545389.539771	0.0	1.0	-1.0	-1.0	-1.0	-1.0	-1.0	-1.0	-1.0	-1.0	0.0	opened-hand	Open	1	calibration_20260418_134934	marker
-73745.595	-35913.869999999995	-109417.815	-19796.219999999998	0.0	0.0	0.0	0.0	0.0	0.0	0.0	0.0	0.0	0.0	0.0	0.0	0.0	0.0	47.448275862068975	0.0	0.068786445	-0.05810532	1.01342514	-0.01526	-0.6867	-0.48832	3498879.0	1776545389.545027	0.0	1.0	-1.0	-1.0	-1.0	-1.0	-1.0	-1.0	-1.0	-1.0	0.0	opened-hand	Open	1	calibration_20260418_134934	marker
-73845.405	-35932.049999999996	-109464.84	-19834.605	0.0	0.0	0.0	0.0	0.0	0.0	0.0	0.0	0.0	0.0	0.0	0.0	0.0	0.0	47.448275862068975	0.0	0.068786445	-0.05810532	1.01342514	-0.01526	-0.6867	-0.48832	3498880.0	1776545389.545058	0.0	1.0	-1.0	-1.0	-1.0	-1.0	-1.0	-1.0	-1.0	-1.0	0.0	opened-hand	Open	1	calibration_20260418_134934	marker
-73901.06999999999	-35942.805	-109471.72499999999	-19845.36	0.0	0.0	0.0	0.0	0.0	0.0	0.0	0.0	0.0	0.0	0.0	0.0	0.0	0.0	47.448275862068975	0.0	0.068786445	-0.05810532	1.01342514	-0.01526	-0.6867	-0.48832	3498881.0	1776545389.552885	0.0	1.0	-1.0	-1.0	-1.0	-1.0	-1.0	-1.0	-1.0	-1.0	0.0	opened-hand	Open	1	calibration_20260418_134934	marker
-73722.23999999999	-35932.635	-109339.33499999999	-19728.0	0.0	0.0	0.0	0.0	0.0	0.0	0.0	0.0	0.0	0.0	0.0	0.0	0.0	0.0	47.448275862068975	0.0	0.068786445	-0.05810532	1.01342514	-0.01526	-0.6867	-0.48832	3498882.0	1776545389.552912	0.0	1.0	-1.0	-1.0	-1.0	-1.0	-1.0	-1.0	-1.0	-1.0	0.0	opened-hand	Open	1	calibration_20260418_134934	marker
-73546.965	-35910.72	-109151.01	-19540.079999999998	0.0	0.0	0.0	0.0	0.0	0.0	0.0	0.0	0.0	0.0	0.0	0.0	0.0	0.0	47.448275862068975	0.0	0.068786445	-0.05810532	1.01342514	-0.01526	-0.6867	-0.48832	3498883.0	1776545389.552935	0.0	1.0	-1.0	-1.0	-1.0	-1.0	-1.0	-1.0	-1.0	-1.0	0.0	opened-hand	Open	1	calibration_20260418_134934	marker
-73636.2	-35903.07	-109197.72	-19572.344999999998	0.0	0.0	0.0	0.0	0.0	0.0	0.0	0.0	0.0	0.0	0.0	0.0	0.0	0.0	47.448275862068975	0.0	0.068786445	-0.05810532	1.01342514	-0.01526	-0.6867	-0.48832	3498884.0	1776545389.552943	0.0	1.0	-1.0	-1.0	-1.0	-1.0	-1.0	-1.0	-1.0	-1.0	0.0	opened-hand	Open	1	calibration_20260418_134934	marker
-73769.76	-35908.155	-109431.72	-19801.71	0.0	0.0	0.0	0.0	0.0	0.0	0.0	0.0	0.0	0.0	0.0	0.0	0.0	0.0	47.448275862068975	0.0	0.058288425	-0.063171225	1.02489972	1.58704	-2.4415999999999998	-1.9380199999999999	3498885.0	1776545389.555754	0.0	1.0	-1.0	-1.0	-1.0	-1.0	-1.0	-1.0	-1.0	-1.0	0.0	opened-hand	Open	1	calibration_20260418_134934	marker
-73695.015	-35912.25	-109422.94499999999	-19831.23	0.0	0.0	0.0	0.0	0.0	0.0	0.0	0.0	0.0	0.0	0.0	0.0	0.0	0.0	47.448275862068975	0.0	0.058288425	-0.063171225	1.02489972	1.58704	-2.4415999999999998	-1.9380199999999999	3498886.0	1776545389.555771	0.0	1.0	-1.0	-1.0	-1.0	-1.0	-1.0	-1.0	-1.0	-1.0	0.0	opened-hand	Open	1	calibration_20260418_134934	marker
-73740.69	-35928.045	-109456.56	-19841.219999999998	0.0	0.0	0.0	0.0	0.0	0.0	0.0	0.0	0.0	0.0	0.0	0.0	0.0	0.0	47.448275862068975	0.0	0.058288425	-0.063171225	1.02489972	1.58704	-2.4415999999999998	-1.9380199999999999	3498887.0	1776545389.559857	0.0	1.0	-1.0	-1.0	-1.0	-1.0	-1.0	-1.0	-1.0	-1.0	0.0	opened-hand	Open	1	calibration_20260418_134934	marker
-73791.495	-35945.955	-109470.105	-19863.719999999998	0.0	0.0	0.0	0.0	0.0	0.0	0.0	0.0	0.0	0.0	0.0	0.0	0.0	0.0	47.448275862068975	0.0	0.058288425	-0.063171225	1.02489972	1.58704	-2.4415999999999998	-1.9380199999999999	3498888.0	1776545389.559896	0.0	1.0	-1.0	-1.0	-1.0	-1.0	-1.0	-1.0	-1.0	-1.0	0.0	opened-hand	Open	1	calibration_20260418_134934	marker
-73696.455	-35948.564999999995	-109295.01	-19702.53	0.0	0.0	0.0	0.0	0.0	0.0	0.0	0.0	0.0	0.0	0.0	0.0	0.0	0.0	47.448275862068975	0.0	0.058288425	-0.063171225	1.02489972	1.58704	-2.4415999999999998	-1.9380199999999999	3498889.0	1776545389.568942	0.0	1.0	-1.0	-1.0	-1.0	-1.0	-1.0	-1.0	-1.0	-1.0	0.0	opened-hand	Open	1	calibration_20260418_134934	marker
-73664.55	-35942.715	-109214.45999999999	-19626.614999999998	0.0	0.0	0.0	0.0	0.0	0.0	0.0	0.0	0.0	0.0	0.0	0.0	0.0	0.0	47.448275862068975	0.0	0.058288425	-0.063171225	1.02489972	1.58704	-2.4415999999999998	-1.9380199999999999	3498890.0	1776545389.568968	0.0	1.0	-1.0	-1.0	-1.0	-1.0	-1.0	-1.0	-1.0	-1.0	0.0	opened-hand	Open	1	calibration_20260418_134934	marker
-73654.515	-35932.095	-109261.34999999999	-19657.44	0.0	0.0	0.0	0.0	0.0	0.0	0.0	0.0	0.0	0.0	0.0	0.0	0.0	0.0	47.448275862068975	0.0	0.058288425	-0.063171225	1.02489972	1.58704	-2.4415999999999998	-1.9380199999999999	3498891.0	1776545389.568988	0.0	1.0	-1.0	-1.0	-1.0	-1.0	-1.0	-1.0	-1.0	-1.0	0.0	opened-hand	Open	1	calibration_20260418_134934	marker
-73788.03	-35928.09	-109468.70999999999	-19818.18	0.0	0.0	0.0	0.0	0.0	0.0	0.0	0.0	0.0	0.0	0.0	0.0	0.0	0.0	47.448275862068975	0.0	0.058288425	-0.063171225	1.02489972	1.58704	-2.4415999999999998	-1.9380199999999999	3498892.0	1776545389.568996	0.0	1.0	-1.0	-1.0	-1.0	-1.0	-1.0	-1.0	-1.0	-1.0	0.0	opened-hand	Open	1	calibration_20260418_134934	marker
-73768.14	-35916.705	-109473.525	-19832.895	0.0	0.0	0.0	0.0	0.0	0.0	0.0	0.0	0.0	0.0	0.0	0.0	0.0	0.0	47.448275862068975	0.0	0.058288425	-0.063171225	1.02489972	1.58704	-2.4415999999999998	-1.9380199999999999	3498893.0	1776545389.572911	0.0	1.0	-1.0	-1.0	-1.0	-1.0	-1.0	-1.0	-1.0	-1.0	0.0	opened-hand	Open	1	calibration_20260418_134934	marker
-73654.83	-35905.365	-109330.37999999999	-19694.34	0.0	0.0	0.0	0.0	0.0	0.0	0.0	0.0	0.0	0.0	0.0	0.0	0.0	0.0	47.448275862068975	0.0	0.058288425	-0.063171225	1.02489972	1.58704	-2.4415999999999998	-1.9380199999999999	3498894.0	1776545389.572929	0.0	1.0	-1.0	-1.0	-1.0	-1.0	-1.0	-1.0	-1.0	-1.0	0.0	opened-hand	Open	1	calibration_20260418_134934	marker
-73529.415	-35901.99	-109094.715	-19465.739999999998	0.0	0.0	0.0	0.0	0.0	0.0	0.0	0.0	0.0	0.0	0.0	0.0	0.0	0.0	47.448275862068975	0.0	0.03942861	-0.0549315	1.03820535	-1.2055399999999998	-5.00528	-3.52506	3498895.0	1776545389.575791	0.0	1.0	-1.0	-1.0	-1.0	-1.0	-1.0	-1.0	-1.0	-1.0	0.0	opened-hand	Open	1	calibration_20260418_134934	marker
-73640.79	-35919.945	-109182.735	-19566.405	0.0	0.0	0.0	0.0	0.0	0.0	0.0	0.0	0.0	0.0	0.0	0.0	0.0	0.0	47.448275862068975	0.0	0.03942861	-0.0549315	1.03820535	-1.2055399999999998	-5.00528	-3.52506	3498896.0	1776545389.575807	0.0	1.0	-1.0	-1.0	-1.0	-1.0	-1.0	-1.0	-1.0	-1.0	0.0	opened-hand	Open	1	calibration_20260418_134934	marker
-73872.36	-35951.715	-109523.97	-19933.425	0.0	0.0	0.0	0.0	0.0	0.0	0.0	0.0	0.0	0.0	0.0	0.0	0.0	0.0	47.448275862068975	0.0	0.03942861	-0.0549315	1.03820535	-1.2055399999999998	-5.00528	-3.52506	3498897.0	1776545389.57984	0.0	1.0	-1.0	-1.0	-1.0	-1.0	-1.0	-1.0	-1.0	-1.0	0.0	opened-hand	Open	1	calibration_20260418_134934	marker
-73887.12	-35957.835	-109528.33499999999	-19947.735	0.0	0.0	0.0	0.0	0.0	0.0	0.0	0.0	0.0	0.0	0.0	0.0	0.0	0.0	47.448275862068975	0.0	0.03942861	-0.0549315	1.03820535	-1.2055399999999998	-5.00528	-3.52506	3498898.0	1776545389.579862	0.0	1.0	-1.0	-1.0	-1.0	-1.0	-1.0	-1.0	-1.0	-1.0	0.0	opened-hand	Open	1	calibration_20260418_134934	marker
-73765.8	-35942.265	-109359.765	-19767.69	0.0	0.0	0.0	0.0	0.0	0.0	0.0	0.0	0.0	0.0	0.0	0.0	0.0	0.0	47.448275862068975	0.0	0.03942861	-0.0549315	1.03820535	-1.2055399999999998	-5.00528	-3.52506	3498899.0	1776545389.583788	0.0	1.0	-1.0	-1.0	-1.0	-1.0	-1.0	-1.0	-1.0	-1.0	0.0	opened-hand	Open	1	calibration_20260418_134934	marker
-73672.69499999999	-35922.689999999995	-109277.64	-19666.44	0.0	0.0	0.0	0.0	0.0	0.0	0.0	0.0	0.0	0.0	0.0	0.0	0.0	0.0	47.448275862068975	0.0	0.03942861	-0.0549315	1.03820535	-1.2055399999999998	-5.00528	-3.52506	3498900.0	1776545389.583804	0.0	1.0	-1.0	-1.0	-1.0	-1.0	-1.0	-1.0	-1.0	-1.0	0.0	opened-hand	Open	1	calibration_20260418_134934	marker
-73671.795	-35910.81	-109325.745	-19680.84	0.0	0.0	0.0	0.0	0.0	0.0	0.0	0.0	0.0	0.0	0.0	0.0	0.0	0.0	47.448275862068975	0.0	0.03942861	-0.0549315	1.03820535	-1.2055399999999998	-5.00528	-3.52506	3498901.0	1776545389.588077	0.0	1.0	-1.0	-1.0	-1.0	-1.0	-1.0	-1.0	-1.0	-1.0	0.0	opened-hand	Open	1	calibration_20260418_134934	marker
-73675.575	-35906.354999999996	-109333.39499999999	-19682.82	0.0	0.0	0.0	0.0	0.0	0.0	0.0	0.0	0.0	0.0	0.0	0.0	0.0	0.0	47.448275862068975	0.0	0.03942861	-0.0549315	1.03820535	-1.2055399999999998	-5.00528	-3.52506	3498902.0	1776545389.588105	0.0	1.0	-1.0	-1.0	-1.0	-1.0	-1.0	-1.0	-1.0	-1.0	0.0	opened-hand	Open	1	calibration_20260418_134934	marker
-73751.22	-35919.945	-109412.73	-19782.63	0.0	0.0	0.0	0.0	0.0	0.0	0.0	0.0	0.0	0.0	0.0	0.0	0.0	0.0	47.448275862068975	0.0	0.03942861	-0.0549315	1.03820535	-1.2055399999999998	-5.00528	-3.52506	3498903.0	1776545389.591985	0.0	1.0	-1.0	-1.0	-1.0	-1.0	-1.0	-1.0	-1.0	-1.0	0.0	opened-hand	Open	1	calibration_20260418_134934	marker
-73659.95999999999	-35930.61	-109326.69	-19723.364999999998	0.0	0.0	0.0	0.0	0.0	0.0	0.0	0.0	0.0	0.0	0.0	0.0	0.0	0.0	47.448275862068975	0.0	0.03942861	-0.0549315	1.03820535	-1.2055399999999998	-5.00528	-3.52506	3498904.0	1776545389.592026	0.0	1.0	-1.0	-1.0	-1.0	-1.0	-1.0	-1.0	-1.0	-1.0	0.0	opened-hand	Open	1	calibration_20260418_134934	marker
-73739.43	-35948.25	-109325.565	-19745.55	0.0	0.0	0.0	0.0	0.0	0.0	0.0	0.0	0.0	0.0	0.0	0.0	0.0	0.0	47.448275862068975	0.0	0.0280761	-0.048156615	1.037656035	-2.50264	-6.790699999999999	-2.9757	3498905.0	1776545389.597199	0.0	1.0	-1.0	-1.0	-1.0	-1.0	-1.0	-1.0	-1.0	-1.0	0.0	opened-hand	Open	1	calibration_20260418_134934	marker
-73825.69499999999	-35958.284999999996	-109364.58	-19820.204999999998	0.0	0.0	0.0	0.0	0.0	0.0	0.0	0.0	0.0	0.0	0.0	0.0	0.0	0.0	47.448275862068975	0.0	0.0280761	-0.048156615	1.037656035	-2.50264	-6.790699999999999	-2.9757	3498906.0	1776545389.597218	0.0	1.0	-1.0	-1.0	-1.0	-1.0	-1.0	-1.0	-1.0	-1.0	0.0	opened-hand	Open	1	calibration_20260418_134934	marker
-73760.08499999999	-35954.235	-109401.48	-19783.26	0.0	0.0	0.0	0.0	0.0	0.0	0.0	0.0	0.0	0.0	0.0	0.0	0.0	0.0	47.448275862068975	0.0	0.0280761	-0.048156615	1.037656035	-2.50264	-6.790699999999999	-2.9757	3498907.0	1776545389.599852	0.0	1.0	-1.0	-1.0	-1.0	-1.0	-1.0	-1.0	-1.0	-1.0	0.0	opened-hand	Open	1	calibration_20260418_134934	marker
-73674.36	-35938.17	-109393.69499999999	-19696.77	0.0	0.0	0.0	0.0	0.0	0.0	0.0	0.0	0.0	0.0	0.0	0.0	0.0	0.0	47.448275862068975	0.0	0.0280761	-0.048156615	1.037656035	-2.50264	-6.790699999999999	-2.9757	3498908.0	1776545389.599883	0.0	1.0	-1.0	-1.0	-1.0	-1.0	-1.0	-1.0	-1.0	-1.0	0.0	opened-hand	Open	1	calibration_20260418_134934	marker
-73607.94	-35920.575	-109300.905	-19633.68	0.0	0.0	0.0	0.0	0.0	0.0	0.0	0.0	0.0	0.0	0.0	0.0	0.0	0.0	47.448275862068975	0.0	0.0280761	-0.048156615	1.037656035	-2.50264	-6.790699999999999	-2.9757	3498909.0	1776545389.605952	0.0	1.0	-1.0	-1.0	-1.0	-1.0	-1.0	-1.0	-1.0	-1.0	0.0	opened-hand	Open	1	calibration_20260418_134934	marker
-73589.535	-35909.595	-109282.68	-19654.739999999998	0.0	0.0	0.0	0.0	0.0	0.0	0.0	0.0	0.0	0.0	0.0	0.0	0.0	0.0	47.448275862068975	0.0	0.0280761	-0.048156615	1.037656035	-2.50264	-6.790699999999999	-2.9757	3498910.0	1776545389.605965	0.0	1.0	-1.0	-1.0	-1.0	-1.0	-1.0	-1.0	-1.0	-1.0	0.0	opened-hand	Open	1	calibration_20260418_134934	marker
-73618.29	-35910.9	-109270.75499999999	-19652.355	0.0	0.0	0.0	0.0	0.0	0.0	0.0	0.0	0.0	0.0	0.0	0.0	0.0	0.0	47.448275862068975	0.0	0.0280761	-0.048156615	1.037656035	-2.50264	-6.790699999999999	-2.9757	3498911.0	1776545389.609148	0.0	1.0	-1.0	-1.0	-1.0	-1.0	-1.0	-1.0	-1.0	-1.0	0.0	opened-hand	Open	1	calibration_20260418_134934	marker
-73750.05	-35925.705	-109350.18	-19714.454999999998	0.0	0.0	0.0	0.0	0.0	0.0	0.0	0.0	0.0	0.0	0.0	0.0	0.0	0.0	47.448275862068975	0.0	0.0280761	-0.048156615	1.037656035	-2.50264	-6.790699999999999	-2.9757	3498912.0	1776545389.609178	0.0	1.0	-1.0	-1.0	-1.0	-1.0	-1.0	-1.0	-1.0	-1.0	0.0	opened-hand	Open	1	calibration_20260418_134934	marker
-73949.22	-35950.545	-109542.19499999999	-19904.94	0.0	0.0	0.0	0.0	0.0	0.0	0.0	0.0	0.0	0.0	0.0	0.0	0.0	0.0	47.448275862068975	0.0	0.0280761	-0.048156615	1.037656035	-2.50264	-6.790699999999999	-2.9757	3498913.0	1776545389.612406	0.0	1.0	-1.0	-1.0	-1.0	-1.0	-1.0	-1.0	-1.0	-1.0	0.0	opened-hand	Open	1	calibration_20260418_134934	marker
-73833.25499999999	-35956.35	-109468.53	-19851.614999999998	0.0	0.0	0.0	0.0	0.0	0.0	0.0	0.0	0.0	0.0	0.0	0.0	0.0	0.0	47.448275862068975	0.0	0.0280761	-0.048156615	1.037656035	-2.50264	-6.790699999999999	-2.9757	3498914.0	1776545389.61248	0.0	1.0	-1.0	-1.0	-1.0	-1.0	-1.0	-1.0	-1.0	-1.0	0.0	opened-hand	Open	1	calibration_20260418_134934	marker
-73669.995	-35948.295	-109331.415	-19715.579999999998	0.0	0.0	0.0	0.0	0.0	0.0	0.0	0.0	0.0	0.0	0.0	0.0	0.0	0.0	47.448275862068975	0.0	0.03491202	-0.05078112	1.0272800850000001	-0.2289	-7.05012	-2.3653	3498915.0	1776545389.615987	0.0	1.0	-1.0	-1.0	-1.0	-1.0	-1.0	-1.0	-1.0	-1.0	0.0	opened-hand	Open	1	calibration_20260418_134934	marker
-73638.135	-35939.79	-109349.64	-19730.79	0.0	0.0	0.0	0.0	0.0	0.0	0.0	0.0	0.0	0.0	0.0	0.0	0.0	0.0	47.448275862068975	0.0	0.03491202	-0.05078112	1.0272800850000001	-0.2289	-7.05012	-2.3653	3498916.0	1776545389.616012	0.0	1.0	-1.0	-1.0	-1.0	-1.0	-1.0	-1.0	-1.0	-1.0	0.0	opened-hand	Open	1	calibration_20260418_134934	marker
-73747.845	-35932.005	-109404.94499999999	-19760.985	0.0	0.0	0.0	0.0	0.0	0.0	0.0	0.0	0.0	0.0	0.0	0.0	0.0	0.0	47.448275862068975	0.0	0.03491202	-0.05078112	1.0272800850000001	-0.2289	-7.05012	-2.3653	3498917.0	1776545389.619828	0.0	1.0	-1.0	-1.0	-1.0	-1.0	-1.0	-1.0	-1.0	-1.0	0.0	opened-hand	Open	1	calibration_20260418_134934	marker
-73530.72	-35906.85	-109125.62999999999	-19492.92	0.0	0.0	0.0	0.0	0.0	0.0	0.0	0.0	0.0	0.0	0.0	0.0	0.0	0.0	47.448275862068975	0.0	0.03491202	-0.05078112	1.0272800850000001	-0.2289	-7.05012	-2.3653	3498918.0	1776545389.619843	0.0	1.0	-1.0	-1.0	-1.0	-1.0	-1.0	-1.0	-1.0	-1.0	0.0	opened-hand	Open	1	calibration_20260418_134934	marker
-73457.86499999999	-35901.9	-109034.81999999999	-19405.665	0.0	0.0	0.0	0.0	0.0	0.0	0.0	0.0	0.0	0.0	0.0	0.0	0.0	0.0	47.448275862068975	0.0	0.03491202	-0.05078112	1.0272800850000001	-0.2289	-7.05012	-2.3653	3498919.0	1776545389.624056	0.0	1.0	-1.0	-1.0	-1.0	-1.0	-1.0	-1.0	-1.0	-1.0	0.0	opened-hand	Open	1	calibration_20260418_134934	marker
-73791.045	-35939.43	-109412.90999999999	-19807.335	0.0	0.0	0.0	0.0	0.0	0.0	0.0	0.0	0.0	0.0	0.0	0.0	0.0	0.0	47.448275862068975	0.0	0.03491202	-0.05078112	1.0272800850000001	-0.2289	-7.05012	-2.3653	3498920.0	1776545389.624086	0.0	1.0	-1.0	-1.0	-1.0	-1.0	-1.0	-1.0	-1.0	-1.0	0.0	opened-hand	Open	1	calibration_20260418_134934	marker
-73913.94	-35967.15	-109574.595	-19979.684999999998	0.0	0.0	0.0	0.0	0.0	0.0	0.0	0.0	0.0	0.0	0.0	0.0	0.0	0.0	47.448275862068975	0.0	0.03491202	-0.05078112	1.0272800850000001	-0.2289	-7.05012	-2.3653	3498921.0	1776545389.628111	0.0	1.0	-1.0	-1.0	-1.0	-1.0	-1.0	-1.0	-1.0	-1.0	0.0	opened-hand	Open	1	calibration_20260418_134934	marker
-73830.645	-35975.744999999995	-109510.245	-19858.005	0.0	0.0	0.0	0.0	0.0	0.0	0.0	0.0	0.0	0.0	0.0	0.0	0.0	0.0	47.448275862068975	0.0	0.03491202	-0.05078112	1.0272800850000001	-0.2289	-7.05012	-2.3653	3498922.0	1776545389.62814	0.0	1.0	-1.0	-1.0	-1.0	-1.0	-1.0	-1.0	-1.0	-1.0	0.0	opened-hand	Open	1	calibration_20260418_134934	marker
-73757.25	-35976.42	-109461.375	-19792.844999999998	0.0	0.0	0.0	0.0	0.0	0.0	0.0	0.0	0.0	0.0	0.0	0.0	0.0	0.0	47.448275862068975	0.0	0.03491202	-0.05078112	1.0272800850000001	-0.2289	-7.05012	-2.3653	3498923.0	1776545389.631949	0.0	1.0	-1.0	-1.0	-1.0	-1.0	-1.0	-1.0	-1.0	-1.0	0.0	opened-hand	Open	1	calibration_20260418_134934	marker
-73838.97	-35973.225	-109498.36499999999	-19844.594999999998	0.0	0.0	0.0	0.0	0.0	0.0	0.0	0.0	0.0	0.0	0.0	0.0	0.0	0.0	47.448275862068975	0.0	0.03491202	-0.05078112	1.0272800850000001	-0.2289	-7.05012	-2.3653	3498924.0	1776545389.631972	0.0	1.0	-1.0	-1.0	-1.0	-1.0	-1.0	-1.0	-1.0	-1.0	0.0	opened-hand	Open	1	calibration_20260418_134934	marker
-73711.75499999999	-35951.715	-109381.815	-19741.815	0.0	0.0	0.0	0.0	0.0	0.0	0.0	0.0	0.0	0.0	0.0	0.0	0.0	0.0	47.448275862068975	0.0	0.050475945	-0.05444322	1.013181	-1.15976	-5.35626	-1.6785999999999999	3498925.0	1776545389.635967	0.0	1.0	-1.0	-1.0	-1.0	-1.0	-1.0	-1.0	-1.0	-1.0	0.0	opened-hand	Open	1	calibration_20260418_134934	marker
-73698.25499999999	-35936.865	-109370.295	-19739.114999999998	0.0	0.0	0.0	0.0	0.0	0.0	0.0	0.0	0.0	0.0	0.0	0.0	0.0	0.0	47.448275862068975	0.0	0.050475945	-0.05444322	1.013181	-1.15976	-5.35626	-1.6785999999999999	3498926.0	1776545389.635985	0.0	1.0	-1.0	-1.0	-1.0	-1.0	-1.0	-1.0	-1.0	-1.0	0.0	opened-hand	Open	1	calibration_20260418_134934	marker
-73640.745	-35924.895	-109291.275	-19686.42	0.0	0.0	0.0	0.0	0.0	0.0	0.0	0.0	0.0	0.0	0.0	0.0	0.0	0.0	47.448275862068975	0.0	0.050475945	-0.05444322	1.013181	-1.15976	-5.35626	-1.6785999999999999	3498927.0	1776545389.63995	0.0	1.0	-1.0	-1.0	-1.0	-1.0	-1.0	-1.0	-1.0	-1.0	0.0	opened-hand	Open	1	calibration_20260418_134934	marker
-73642.72499999999	-35928.54	-109298.79	-19685.745	0.0	0.0	0.0	0.0	0.0	0.0	0.0	0.0	0.0	0.0	0.0	0.0	0.0	0.0	47.448275862068975	0.0	0.050475945	-0.05444322	1.013181	-1.15976	-5.35626	-1.6785999999999999	3498928.0	1776545389.639969	0.0	1.0	-1.0	-1.0	-1.0	-1.0	-1.0	-1.0	-1.0	-1.0	0.0	opened-hand	Open	1	calibration_20260418_134934	marker
-73651.545	-35940.915	-109272.555	-19629.135	0.0	0.0	0.0	0.0	0.0	0.0	0.0	0.0	0.0	0.0	0.0	0.0	0.0	0.0	47.448275862068975	0.0	0.050475945	-0.05444322	1.013181	-1.15976	-5.35626	-1.6785999999999999	3498929.0	1776545389.644201	0.0	1.0	-1.0	-1.0	-1.0	-1.0	-1.0	-1.0	-1.0	-1.0	0.0	opened-hand	Open	1	calibration_20260418_134934	marker
-73556.45999999999	-35943.03	-109163.295	-19519.155	0.0	0.0	0.0	0.0	0.0	0.0	0.0	0.0	0.0	0.0	0.0	0.0	0.0	0.0	47.448275862068975	0.0	0.050475945	-0.05444322	1.013181	-1.15976	-5.35626	-1.6785999999999999	3498930.0	1776545389.644214	0.0	1.0	-1.0	-1.0	-1.0	-1.0	-1.0	-1.0	-1.0	-1.0	0.0	opened-hand	Open	1	calibration_20260418_134934	marker
-73767.375	-35960.04	-109381.455	-19721.565	0.0	0.0	0.0	0.0	0.0	0.0	0.0	0.0	0.0	0.0	0.0	0.0	0.0	0.0	47.448275862068975	0.0	0.050475945	-0.05444322	1.013181	-1.15976	-5.35626	-1.6785999999999999	3498931.0	1776545389.648022	0.0	1.0	-1.0	-1.0	-1.0	-1.0	-1.0	-1.0	-1.0	-1.0	0.0	opened-hand	Open	1	calibration_20260418_134934	marker
-73879.155	-35966.34	-109543.455	-19907.415	0.0	0.0	0.0	0.0	0.0	0.0	0.0	0.0	0.0	0.0	0.0	0.0	0.0	0.0	47.448275862068975	0.0	0.050475945	-0.05444322	1.013181	-1.15976	-5.35626	-1.6785999999999999	3498932.0	1776545389.648036	0.0	1.0	-1.0	-1.0	-1.0	-1.0	-1.0	-1.0	-1.0	-1.0	0.0	opened-hand	Open	1	calibration_20260418_134934	marker
-73743.03	-35946.54	-109425.375	-19809.36	0.0	0.0	0.0	0.0	0.0	0.0	0.0	0.0	0.0	0.0	0.0	0.0	0.0	0.0	47.448275862068975	0.0	0.050475945	-0.05444322	1.013181	-1.15976	-5.35626	-1.6785999999999999	3498933.0	1776545389.651978	0.0	1.0	-1.0	-1.0	-1.0	-1.0	-1.0	-1.0	-1.0	-1.0	0.0	opened-hand	Open	1	calibration_20260418_134934	marker
-73722.465	-35927.189999999995	-109380.06	-19793.969999999998	0.0	0.0	0.0	0.0	0.0	0.0	0.0	0.0	0.0	0.0	0.0	0.0	0.0	0.0	47.448275862068975	0.0	0.050475945	-0.05444322	1.013181	-1.15976	-5.35626	-1.6785999999999999	3498934.0	1776545389.651989	0.0	1.0	-1.0	-1.0	-1.0	-1.0	-1.0	-1.0	-1.0	-1.0	0.0	opened-hand	Open	1	calibration_20260418_134934	marker
-73535.67	-35905.905	-109174.815	-19609.785	0.0	0.0	0.0	0.0	0.0	0.0	0.0	0.0	0.0	0.0	0.0	0.0	0.0	0.0	47.448275862068975	0.0	0.06677229	-0.05505357	0.99841053	-3.3266799999999996	-3.11304	0.12208	3498935.0	1776545389.655979	0.0	1.0	-1.0	-1.0	-1.0	-1.0	-1.0	-1.0	-1.0	-1.0	0.0	opened-hand	Open	1	calibration_20260418_134934	marker
-73571.805	-35913.555	-109249.92	-19609.875	0.0	0.0	0.0	0.0	0.0	0.0	0.0	0.0	0.0	0.0	0.0	0.0	0.0	0.0	47.448275862068975	0.0	0.06677229	-0.05505357	0.99841053	-3.3266799999999996	-3.11304	0.12208	3498936.0	1776545389.655989	0.0	1.0	-1.0	-1.0	-1.0	-1.0	-1.0	-1.0	-1.0	-1.0	0.0	opened-hand	Open	1	calibration_20260418_134934	marker
-73802.11499999999	-35940.915	-109462.72499999999	-19755.36	0.0	0.0	0.0	0.0	0.0	0.0	0.0	0.0	0.0	0.0	0.0	0.0	0.0	0.0	47.448275862068975	0.0	0.06677229	-0.05505357	0.99841053	-3.3266799999999996	-3.11304	0.12208	3498937.0	1776545389.660202	0.0	1.0	-1.0	-1.0	-1.0	-1.0	-1.0	-1.0	-1.0	-1.0	0.0	opened-hand	Open	1	calibration_20260418_134934	marker
-73817.55	-35954.775	-109495.70999999999	-19845.765	0.0	0.0	0.0	0.0	0.0	0.0	0.0	0.0	0.0	0.0	0.0	0.0	0.0	0.0	47.448275862068975	0.0	0.06677229	-0.05505357	0.99841053	-3.3266799999999996	-3.11304	0.12208	3498938.0	1776545389.660221	0.0	1.0	-1.0	-1.0	-1.0	-1.0	-1.0	-1.0	-1.0	-1.0	0.0	opened-hand	Open	1	calibration_20260418_134934	marker
-73746.45	-35955.99	-109381.86	-19749.329999999998	0.0	0.0	0.0	0.0	0.0	0.0	0.0	0.0	0.0	0.0	0.0	0.0	0.0	0.0	47.448275862068975	0.0	0.06677229	-0.05505357	0.99841053	-3.3266799999999996	-3.11304	0.12208	3498939.0	1776545389.664056	0.0	1.0	-1.0	-1.0	-1.0	-1.0	-1.0	-1.0	-1.0	-1.0	0.0	opened-hand	Open	1	calibration_20260418_134934	marker
-73748.565	-35948.88	-109345.545	-19683.36	0.0	0.0	0.0	0.0	0.0	0.0	0.0	0.0	0.0	0.0	0.0	0.0	0.0	0.0	47.448275862068975	0.0	0.06677229	-0.05505357	0.99841053	-3.3266799999999996	-3.11304	0.12208	3498940.0	1776545389.664061	0.0	1.0	-1.0	-1.0	-1.0	-1.0	-1.0	-1.0	-1.0	-1.0	0.0	opened-hand	Open	1	calibration_20260418_134934	marker
-73777.68	-35936.549999999996	-109366.78499999999	-19694.925	0.0	0.0	0.0	0.0	0.0	0.0	0.0	0.0	0.0	0.0	0.0	0.0	0.0	0.0	47.448275862068975	0.0	0.06677229	-0.05505357	0.99841053	-3.3266799999999996	-3.11304	0.12208	3498941.0	1776545389.668012	0.0	1.0	-1.0	-1.0	-1.0	-1.0	-1.0	-1.0	-1.0	-1.0	0.0	opened-hand	Open	1	calibration_20260418_134934	marker
-73796.895	-35927.685	-109497.33	-19854.09	0.0	0.0	0.0	0.0	0.0	0.0	0.0	0.0	0.0	0.0	0.0	0.0	0.0	0.0	47.448275862068975	0.0	0.06677229	-0.05505357	0.99841053	-3.3266799999999996	-3.11304	0.12208	3498942.0	1776545389.668019	0.0	1.0	-1.0	-1.0	-1.0	-1.0	-1.0	-1.0	-1.0	-1.0	0.0	opened-hand	Open	1	calibration_20260418_134934	marker
-73636.29	-35909.775	-109407.19499999999	-19771.11	0.0	0.0	0.0	0.0	0.0	0.0	0.0	0.0	0.0	0.0	0.0	0.0	0.0	0.0	47.448275862068975	0.0	0.06677229	-0.05505357	0.99841053	-3.3266799999999996	-3.11304	0.12208	3498943.0	1776545389.672669	0.0	1.0	-1.0	-1.0	-1.0	-1.0	-1.0	-1.0	-1.0	-1.0	0.0	opened-hand	Open	1	calibration_20260418_134934	marker
-73606.68	-35904.96	-109322.14499999999	-19696.23	0.0	0.0	0.0	0.0	0.0	0.0	0.0	0.0	0.0	0.0	0.0	0.0	0.0	0.0	47.448275862068975	0.0	0.06677229	-0.05505357	0.99841053	-3.3266799999999996	-3.11304	0.12208	3498944.0	1776545389.672675	0.0	1.0	-1.0	-1.0	-1.0	-1.0	-1.0	-1.0	-1.0	-1.0	0.0	opened-hand	Open	1	calibration_20260418_134934	marker
-73696.905	-35917.064999999995	-109315.39499999999	-19684.395	0.0	0.0	0.0	0.0	0.0	0.0	0.0	0.0	0.0	0.0	0.0	0.0	0.0	0.0	47.448275862068975	0.0	0.07775859	-0.061706385	0.9924291000000001	-3.2351199999999998	-1.03768	0.9613799999999999	3498945.0	1776545389.676221	0.0	1.0	-1.0	-1.0	-1.0	-1.0	-1.0	-1.0	-1.0	-1.0	0.0	opened-hand	Open	1	calibration_20260418_134934	marker
-73696.905	-35933.985	-109326.69	-19684.305	0.0	0.0	0.0	0.0	0.0	0.0	0.0	0.0	0.0	0.0	0.0	0.0	0.0	0.0	47.448275862068975	0.0	0.07775859	-0.061706385	0.9924291000000001	-3.2351199999999998	-1.03768	0.9613799999999999	3498946.0	1776545389.676227	0.0	1.0	-1.0	-1.0	-1.0	-1.0	-1.0	-1.0	-1.0	-1.0	0.0	opened-hand	Open	1	calibration_20260418_134934	marker
-73685.385	-35948.655	-109382.175	-19742.04	0.0	0.0	0.0	0.0	0.0	0.0	0.0	0.0	0.0	0.0	0.0	0.0	0.0	0.0	47.448275862068975	0.0	0.07775859	-0.061706385	0.9924291000000001	-3.2351199999999998	-1.03768	0.9613799999999999	3498947.0	1776545389.683963	0.0	1.0	-1.0	-1.0	-1.0	-1.0	-1.0	-1.0	-1.0	-1.0	0.0	opened-hand	Open	1	calibration_20260418_134934	marker
-73583.37	-35945.28	-109272.87	-19640.52	0.0	0.0	0.0	0.0	0.0	0.0	0.0	0.0	0.0	0.0	0.0	0.0	0.0	0.0	47.448275862068975	0.0	0.07775859	-0.061706385	0.9924291000000001	-3.2351199999999998	-1.03768	0.9613799999999999	3498948.0	1776545389.683968	0.0	1.0	-1.0	-1.0	-1.0	-1.0	-1.0	-1.0	-1.0	-1.0	0.0	opened-hand	Open	1	calibration_20260418_134934	marker
-73769.625	-35946.314999999995	-109400.67	-19723.14	0.0	0.0	0.0	0.0	0.0	0.0	0.0	0.0	0.0	0.0	0.0	0.0	0.0	0.0	47.448275862068975	0.0	0.07775859	-0.061706385	0.9924291000000001	-3.2351199999999998	-1.03768	0.9613799999999999	3498949.0	1776545389.683975	0.0	1.0	-1.0	-1.0	-1.0	-1.0	-1.0	-1.0	-1.0	-1.0	0.0	opened-hand	Open	1	calibration_20260418_134934	marker
-73867.00499999999	-35939.924999999996	-109550.15999999999	-19881.63	0.0	0.0	0.0	0.0	0.0	0.0	0.0	0.0	0.0	0.0	0.0	0.0	0.0	0.0	47.448275862068975	0.0	0.07775859	-0.061706385	0.9924291000000001	-3.2351199999999998	-1.03768	0.9613799999999999	3498950.0	1776545389.683979	0.0	1.0	-1.0	-1.0	-1.0	-1.0	-1.0	-1.0	-1.0	-1.0	0.0	opened-hand	Open	1	calibration_20260418_134934	marker
-73688.31	-35919.27	-109413.98999999999	-19783.755	0.0	0.0	0.0	0.0	0.0	0.0	0.0	0.0	0.0	0.0	0.0	0.0	0.0	0.0	47.448275862068975	0.0	0.07775859	-0.061706385	0.9924291000000001	-3.2351199999999998	-1.03768	0.9613799999999999	3498951.0	1776545389.688096	0.0	1.0	-1.0	-1.0	-1.0	-1.0	-1.0	-1.0	-1.0	-1.0	0.0	opened-hand	Open	1	calibration_20260418_134934	marker
-73692.135	-35912.88	-109312.69499999999	-19684.44	0.0	0.0	0.0	0.0	0.0	0.0	0.0	0.0	0.0	0.0	0.0	0.0	0.0	0.0	47.448275862068975	0.0	0.07775859	-0.061706385	0.9924291000000001	-3.2351199999999998	-1.03768	0.9613799999999999	3498952.0	1776545389.688101	0.0	1.0	-1.0	-1.0	-1.0	-1.0	-1.0	-1.0	-1.0	-1.0	0.0	opened-hand	Open	1	calibration_20260418_134934	marker
-73673.50499999999	-35915.895	-109252.215	-19620.27	0.0	0.0	0.0	0.0	0.0	0.0	0.0	0.0	0.0	0.0	0.0	0.0	0.0	0.0	47.448275862068975	0.0	0.07775859	-0.061706385	0.9924291000000001	-3.2351199999999998	-1.03768	0.9613799999999999	3498953.0	1776545389.692222	0.0	1.0	-1.0	-1.0	-1.0	-1.0	-1.0	-1.0	-1.0	-1.0	0.0	opened-hand	Open	1	calibration_20260418_134934	marker
-73664.055	-35926.38	-109279.98	-19661.579999999998	0.0	0.0	0.0	0.0	0.0	0.0	0.0	0.0	0.0	0.0	0.0	0.0	0.0	0.0	47.448275862068975	0.0	0.07775859	-0.061706385	0.9924291000000001	-3.2351199999999998	-1.03768	0.9613799999999999	3498954.0	1776545389.692231	0.0	1.0	-1.0	-1.0	-1.0	-1.0	-1.0	-1.0	-1.0	-1.0	0.0	opened-hand	Open	1	calibration_20260418_134934	marker
-73825.56	-35949.869999999995	-109480.36499999999	-19816.38	0.0	0.0	0.0	0.0	0.0	0.0	0.0	0.0	0.0	0.0	0.0	0.0	0.0	0.0	47.448275862068975	0.0	0.07641582	-0.06506331	0.9913915050000001	0.19838	1.46496	2.50264	3498955.0	1776545389.696125	0.0	1.0	-1.0	-1.0	-1.0	-1.0	-1.0	-1.0	-1.0	-1.0	0.0	opened-hand	Open	1	calibration_20260418_134934	marker
-73885.59	-35960.4	-109579.72499999999	-19905.48	0.0	0.0	0.0	0.0	0.0	0.0	0.0	0.0	0.0	0.0	0.0	0.0	0.0	0.0	47.448275862068975	0.0	0.07641582	-0.06506331	0.9913915050000001	0.19838	1.46496	2.50264	3498956.0	1776545389.696131	0.0	1.0	-1.0	-1.0	-1.0	-1.0	-1.0	-1.0	-1.0	-1.0	0.0	opened-hand	Open	1	calibration_20260418_134934	marker
-73661.805	-35945.28	-109391.715	-19758.195	0.0	0.0	0.0	0.0	0.0	0.0	0.0	0.0	0.0	0.0	0.0	0.0	0.0	0.0	47.448275862068975	0.0	0.07641582	-0.06506331	0.9913915050000001	0.19838	1.46496	2.50264	3498957.0	1776545389.700265	0.0	1.0	-1.0	-1.0	-1.0	-1.0	-1.0	-1.0	-1.0	-1.0	0.0	opened-hand	Open	1	calibration_20260418_134934	marker
-73619.19	-35929.755	-109291.185	-19690.065	0.0	0.0	0.0	0.0	0.0	0.0	0.0	0.0	0.0	0.0	0.0	0.0	0.0	0.0	47.448275862068975	0.0	0.07641582	-0.06506331	0.9913915050000001	0.19838	1.46496	2.50264	3498958.0	1776545389.700271	0.0	1.0	-1.0	-1.0	-1.0	-1.0	-1.0	-1.0	-1.0	-1.0	0.0	opened-hand	Open	1	calibration_20260418_134934	marker
-73676.25	-35918.82	-109276.69499999999	-19681.739999999998	0.0	0.0	0.0	0.0	0.0	0.0	0.0	0.0	0.0	0.0	0.0	0.0	0.0	0.0	47.448275862068975	0.0	0.07641582	-0.06506331	0.9913915050000001	0.19838	1.46496	2.50264	3498959.0	1776545389.706295	0.0	1.0	-1.0	-1.0	-1.0	-1.0	-1.0	-1.0	-1.0	-1.0	0.0	opened-hand	Open	1	calibration_20260418_134934	marker
-73650.87	-35915.265	-109322.86499999999	-19637.594999999998	0.0	0.0	0.0	0.0	0.0	0.0	0.0	0.0	0.0	0.0	0.0	0.0	0.0	0.0	47.448275862068975	0.0	0.07641582	-0.06506331	0.9913915050000001	0.19838	1.46496	2.50264	3498960.0	1776545389.7063	0.0	1.0	-1.0	-1.0	-1.0	-1.0	-1.0	-1.0	-1.0	-1.0	0.0	opened-hand	Open	1	calibration_20260418_134934	marker
-73640.11499999999	-35920.08	-109359.36	-19655.82	0.0	0.0	0.0	0.0	0.0	0.0	0.0	0.0	0.0	0.0	0.0	0.0	0.0	0.0	47.448275862068975	0.0	0.07641582	-0.06506331	0.9913915050000001	0.19838	1.46496	2.50264	3498961.0	1776545389.709202	0.0	1.0	-1.0	-1.0	-1.0	-1.0	-1.0	-1.0	-1.0	-1.0	0.0	opened-hand	Open	1	calibration_20260418_134934	marker
-73641.23999999999	-35927.595	-109288.98	-19630.844999999998	0.0	0.0	0.0	0.0	0.0	0.0	0.0	0.0	0.0	0.0	0.0	0.0	0.0	0.0	47.448275862068975	0.0	0.07641582	-0.06506331	0.9913915050000001	0.19838	1.46496	2.50264	3498962.0	1776545389.709207	0.0	1.0	-1.0	-1.0	-1.0	-1.0	-1.0	-1.0	-1.0	-1.0	0.0	opened-hand	Open	1	calibration_20260418_134934	marker
-73665.675	-35940.33	-109263.015	-19614.735	0.0	0.0	0.0	0.0	0.0	0.0	0.0	0.0	0.0	0.0	0.0	0.0	0.0	0.0	47.448275862068975	0.0	0.07641582	-0.06506331	0.9913915050000001	0.19838	1.46496	2.50264	3498963.0	1776545389.714766	0.0	1.0	-1.0	-1.0	-1.0	-1.0	-1.0	-1.0	-1.0	-1.0	0.0	opened-hand	Open	1	calibration_20260418_134934	marker
-73749.23999999999	-35956.08	-109360.03499999999	-19696.725	0.0	0.0	0.0	0.0	0.0	0.0	0.0	0.0	0.0	0.0	0.0	0.0	0.0	0.0	47.448275862068975	0.0	0.07641582	-0.06506331	0.9913915050000001	0.19838	1.46496	2.50264	3498964.0	1776545389.714771	0.0	1.0	-1.0	-1.0	-1.0	-1.0	-1.0	-1.0	-1.0	-1.0	0.0	opened-hand	Open	1	calibration_20260418_134934	marker
-73930.455	-35969.265	-109616.84999999999	-19953.315	0.0	0.0	0.0	0.0	0.0	0.0	0.0	0.0	0.0	0.0	0.0	0.0	0.0	0.0	47.448275862068975	0.0	0.056335305	-0.06652815	0.996152235	1.0224199999999999	2.38056	3.6013599999999997	3498965.0	1776545389.717542	0.0	1.0	-1.0	-1.0	-1.0	-1.0	-1.0	-1.0	-1.0	-1.0	0.0	opened-hand	Open	1	calibration_20260418_134934	marker
-73848.105	-35954.145	-109599.39	-19955.79	0.0	0.0	0.0	0.0	0.0	0.0	0.0	0.0	0.0	0.0	0.0	0.0	0.0	0.0	47.448275862068975	0.0	0.056335305	-0.06652815	0.996152235	1.0224199999999999	2.38056	3.6013599999999997	3498966.0	1776545389.717546	0.0	1.0	-1.0	-1.0	-1.0	-1.0	-1.0	-1.0	-1.0	-1.0	0.0	opened-hand	Open	1	calibration_20260418_134934	marker
-73754.91	-35930.79	-109446.12	-19794.465	0.0	0.0	0.0	0.0	0.0	0.0	0.0	0.0	0.0	0.0	0.0	0.0	0.0	0.0	47.448275862068975	0.0	0.056335305	-0.06652815	0.996152235	1.0224199999999999	2.38056	3.6013599999999997	3498967.0	1776545389.720089	0.0	1.0	-1.0	-1.0	-1.0	-1.0	-1.0	-1.0	-1.0	-1.0	0.0	opened-hand	Open	1	calibration_20260418_134934	marker
-73710.135	-35916.885	-109417.455	-19752.3	0.0	0.0	0.0	0.0	0.0	0.0	0.0	0.0	0.0	0.0	0.0	0.0	0.0	0.0	47.448275862068975	0.0	0.056335305	-0.06652815	0.996152235	1.0224199999999999	2.38056	3.6013599999999997	3498968.0	1776545389.720099	0.0	1.0	-1.0	-1.0	-1.0	-1.0	-1.0	-1.0	-1.0	-1.0	0.0	opened-hand	Open	1	calibration_20260418_134934	marker
-73718.055	-35918.46	-109464.165	-19796.399999999998	0.0	0.0	0.0	0.0	0.0	0.0	0.0	0.0	0.0	0.0	0.0	0.0	0.0	0.0	47.448275862068975	0.0	0.056335305	-0.06652815	0.996152235	1.0224199999999999	2.38056	3.6013599999999997	3498969.0	1776545389.724212	0.0	1.0	-1.0	-1.0	-1.0	-1.0	-1.0	-1.0	-1.0	-1.0	0.0	opened-hand	Open	1	calibration_20260418_134934	marker
-73771.605	-35928.54	-109464.525	-19800.899999999998	0.0	0.0	0.0	0.0	0.0	0.0	0.0	0.0	0.0	0.0	0.0	0.0	0.0	0.0	47.448275862068975	0.0	0.056335305	-0.06652815	0.996152235	1.0224199999999999	2.38056	3.6013599999999997	3498970.0	1776545389.724236	0.0	1.0	-1.0	-1.0	-1.0	-1.0	-1.0	-1.0	-1.0	-1.0	0.0	opened-hand	Open	1	calibration_20260418_134934	marker
-73722.645	-35939.97	-109426.36499999999	-19793.745	0.0	0.0	0.0	0.0	0.0	0.0	0.0	0.0	0.0	0.0	0.0	0.0	0.0	0.0	47.448275862068975	0.0	0.056335305	-0.06652815	0.996152235	1.0224199999999999	2.38056	3.6013599999999997	3498971.0	1776545389.728103	0.0	1.0	-1.0	-1.0	-1.0	-1.0	-1.0	-1.0	-1.0	-1.0	0.0	opened-hand	Open	1	calibration_20260418_134934	marker
-73693.395	-35949.24	-109394.955	-19768.545	0.0	0.0	0.0	0.0	0.0	0.0	0.0	0.0	0.0	0.0	0.0	0.0	0.0	0.0	47.448275862068975	0.0	0.056335305	-0.06652815	0.996152235	1.0224199999999999	2.38056	3.6013599999999997	3498972.0	1776545389.728107	0.0	1.0	-1.0	-1.0	-1.0	-1.0	-1.0	-1.0	-1.0	-1.0	0.0	opened-hand	Open	1	calibration_20260418_134934	marker
-73723.095	-35950.68	-109362.78	-19716.03	0.0	0.0	0.0	0.0	0.0	0.0	0.0	0.0	0.0	0.0	0.0	0.0	0.0	0.0	47.448275862068975	0.0	0.056335305	-0.06652815	0.996152235	1.0224199999999999	2.38056	3.6013599999999997	3498973.0	1776545389.732127	0.0	1.0	-1.0	-1.0	-1.0	-1.0	-1.0	-1.0	-1.0	-1.0	0.0	opened-hand	Open	1	calibration_20260418_134934	marker
-73687.95	-35934.255	-109329.93	-19668.96	0.0	0.0	0.0	0.0	0.0	0.0	0.0	0.0	0.0	0.0	0.0	0.0	0.0	0.0	47.448275862068975	0.0	0.056335305	-0.06652815	0.996152235	1.0224199999999999	2.38056	3.6013599999999997	3498974.0	1776545389.732132	0.0	1.0	-1.0	-1.0	-1.0	-1.0	-1.0	-1.0	-1.0	-1.0	0.0	opened-hand	Open	1	calibration_20260418_134934	marker
-73719.135	-35920.575	-109418.67	-19762.92	0.0	0.0	0.0	0.0	0.0	0.0	0.0	0.0	0.0	0.0	0.0	0.0	0.0	0.0	47.448275862068975	0.0	0.040099995	-0.072570615	1.00024158	1.12924	3.40298	3.6013599999999997	3498975.0	1776545389.736818	0.0	1.0	-1.0	-1.0	-1.0	-1.0	-1.0	-1.0	-1.0	-1.0	0.0	opened-hand	Open	1	calibration_20260418_134934	marker
-73664.415	-35903.385	-109357.69499999999	-19711.215	0.0	0.0	0.0	0.0	0.0	0.0	0.0	0.0	0.0	0.0	0.0	0.0	0.0	0.0	47.448275862068975	0.0	0.040099995	-0.072570615	1.00024158	1.12924	3.40298	3.6013599999999997	3498976.0	1776545389.736824	0.0	1.0	-1.0	-1.0	-1.0	-1.0	-1.0	-1.0	-1.0	-1.0	0.0	opened-hand	Open	1	calibration_20260418_134934	marker
-73585.53	-35892.54	-109212.3	-19541.655	0.0	0.0	0.0	0.0	0.0	0.0	0.0	0.0	0.0	0.0	0.0	0.0	0.0	0.0	47.448275862068975	0.0	0.040099995	-0.072570615	1.00024158	1.12924	3.40298	3.6013599999999997	3498977.0	1776545389.74018	0.0	1.0	-1.0	-1.0	-1.0	-1.0	-1.0	-1.0	-1.0	-1.0	0.0	opened-hand	Open	1	calibration_20260418_134934	marker
-73708.65	-35906.4	-109309.14	-19646.145	0.0	0.0	0.0	0.0	0.0	0.0	0.0	0.0	0.0	0.0	0.0	0.0	0.0	0.0	47.448275862068975	0.0	0.040099995	-0.072570615	1.00024158	1.12924	3.40298	3.6013599999999997	3498978.0	1776545389.740185	0.0	1.0	-1.0	-1.0	-1.0	-1.0	-1.0	-1.0	-1.0	-1.0	0.0	opened-hand	Open	1	calibration_20260418_134934	marker
-73623.105	-35914.409999999996	-109238.94	-19590.165	0.0	0.0	0.0	0.0	0.0	0.0	0.0	0.0	0.0	0.0	0.0	0.0	0.0	0.0	47.448275862068975	0.0	0.040099995	-0.072570615	1.00024158	1.12924	3.40298	3.6013599999999997	3498979.0	1776545389.745123	0.0	1.0	-1.0	-1.0	-1.0	-1.0	-1.0	-1.0	-1.0	-1.0	0.0	opened-hand	Open	1	calibration_20260418_134934	marker
-73499.22	-35923.409999999996	-109164.28499999999	-19503.899999999998	0.0	0.0	0.0	0.0	0.0	0.0	0.0	0.0	0.0	0.0	0.0	0.0	0.0	0.0	47.448275862068975	0.0	0.040099995	-0.072570615	1.00024158	1.12924	3.40298	3.6013599999999997	3498980.0	1776545389.745128	0.0	1.0	-1.0	-1.0	-1.0	-1.0	-1.0	-1.0	-1.0	-1.0	0.0	opened-hand	Open	1	calibration_20260418_134934	marker
-73634.265	-35942.939999999995	-109401.56999999999	-19776.239999999998	0.0	0.0	0.0	0.0	0.0	0.0	0.0	0.0	0.0	0.0	0.0	0.0	0.0	0.0	47.448275862068975	0.0	0.040099995	-0.072570615	1.00024158	1.12924	3.40298	3.6013599999999997	3498981.0	1776545389.748423	0.0	1.0	-1.0	-1.0	-1.0	-1.0	-1.0	-1.0	-1.0	-1.0	0.0	opened-hand	Open	1	calibration_20260418_134934	marker
-73746.315	-35946.54	-109571.76	-19956.87	0.0	0.0	0.0	0.0	0.0	0.0	0.0	0.0	0.0	0.0	0.0	0.0	0.0	0.0	47.448275862068975	0.0	0.040099995	-0.072570615	1.00024158	1.12924	3.40298	3.6013599999999997	3498982.0	1776545389.748437	0.0	1.0	-1.0	-1.0	-1.0	-1.0	-1.0	-1.0	-1.0	-1.0	0.0	opened-hand	Open	1	calibration_20260418_134934	marker
-73862.37	-35935.695	-109567.125	-19882.26	0.0	0.0	0.0	0.0	0.0	0.0	0.0	0.0	0.0	0.0	0.0	0.0	0.0	0.0	47.448275862068975	0.0	0.040099995	-0.072570615	1.00024158	1.12924	3.40298	3.6013599999999997	3498983.0	1776545389.753418	0.0	1.0	-1.0	-1.0	-1.0	-1.0	-1.0	-1.0	-1.0	-1.0	0.0	opened-hand	Open	1	calibration_20260418_134934	marker
-73883.565	-35917.83	-109458.405	-19789.739999999998	0.0	0.0	0.0	0.0	0.0	0.0	0.0	0.0	0.0	0.0	0.0	0.0	0.0	0.0	47.448275862068975	0.0	0.040099995	-0.072570615	1.00024158	1.12924	3.40298	3.6013599999999997	3498984.0	1776545389.753422	0.0	1.0	-1.0	-1.0	-1.0	-1.0	-1.0	-1.0	-1.0	-1.0	0.0	opened-hand	Open	1	calibration_20260418_134934	marker
-73777.59	-35902.215	-109347.885	-19684.305	0.0	0.0	0.0	0.0	0.0	0.0	0.0	0.0	0.0	0.0	0.0	0.0	0.0	0.0	47.448275862068975	0.0	0.036559965	-0.079284465	1.01379135	3.57084	3.0977799999999998	2.9451799999999997	3498985.0	1776545389.756186	0.0	1.0	-1.0	-1.0	-1.0	-1.0	-1.0	-1.0	-1.0	-1.0	0.0	opened-hand	Open	1	calibration_20260418_134934	marker
-73789.515	-35907.615	-109422.09	-19726.515	0.0	0.0	0.0	0.0	0.0	0.0	0.0	0.0	0.0	0.0	0.0	0.0	0.0	0.0	47.448275862068975	0.0	0.036559965	-0.079284465	1.01379135	3.57084	3.0977799999999998	2.9451799999999997	3498986.0	1776545389.75619	0.0	1.0	-1.0	-1.0	-1.0	-1.0	-1.0	-1.0	-1.0	-1.0	0.0	opened-hand	Open	1	calibration_20260418_134934	marker
-73659.105	-35918.685	-109354.23	-19728.495	0.0	0.0	0.0	0.0	0.0	0.0	0.0	0.0	0.0	0.0	0.0	0.0	0.0	0.0	47.448275862068975	0.0	0.036559965	-0.079284465	1.01379135	3.57084	3.0977799999999998	2.9451799999999997	3498987.0	1776545389.760293	0.0	1.0	-1.0	-1.0	-1.0	-1.0	-1.0	-1.0	-1.0	-1.0	0.0	opened-hand	Open	1	calibration_20260418_134934	marker
-73657.215	-35931.33	-109309.40999999999	-19722.105	0.0	0.0	0.0	0.0	0.0	0.0	0.0	0.0	0.0	0.0	0.0	0.0	0.0	0.0	47.448275862068975	0.0	0.036559965	-0.079284465	1.01379135	3.57084	3.0977799999999998	2.9451799999999997	3498988.0	1776545389.760308	0.0	1.0	-1.0	-1.0	-1.0	-1.0	-1.0	-1.0	-1.0	-1.0	0.0	opened-hand	Open	1	calibration_20260418_134934	marker
-73708.425	-35941.77	-109378.935	-19712.295	0.0	0.0	0.0	0.0	0.0	0.0	0.0	0.0	0.0	0.0	0.0	0.0	0.0	0.0	47.448275862068975	0.0	0.036559965	-0.079284465	1.01379135	3.57084	3.0977799999999998	2.9451799999999997	3498989.0	1776545389.764275	0.0	1.0	-1.0	-1.0	-1.0	-1.0	-1.0	-1.0	-1.0	-1.0	0.0	opened-hand	Open	1	calibration_20260418_134934	marker
-73691.19	-35933.985	-109342.125	-19684.17	0.0	0.0	0.0	0.0	0.0	0.0	0.0	0.0	0.0	0.0	0.0	0.0	0.0	0.0	47.448275862068975	0.0	0.036559965	-0.079284465	1.01379135	3.57084	3.0977799999999998	2.9451799999999997	3498990.0	1776545389.76428	0.0	1.0	-1.0	-1.0	-1.0	-1.0	-1.0	-1.0	-1.0	-1.0	0.0	opened-hand	Open	1	calibration_20260418_134934	marker
-73677.915	-35922.195	-109408.86	-19744.695	0.0	0.0	0.0	0.0	0.0	0.0	0.0	0.0	0.0	0.0	0.0	0.0	0.0	0.0	47.448275862068975	0.0	0.036559965	-0.079284465	1.01379135	3.57084	3.0977799999999998	2.9451799999999997	3498991.0	1776545389.76828	0.0	1.0	-1.0	-1.0	-1.0	-1.0	-1.0	-1.0	-1.0	-1.0	0.0	opened-hand	Open	1	calibration_20260418_134934	marker
-73727.055	-35908.92	-109492.965	-19774.62	0.0	0.0	0.0	0.0	0.0	0.0	0.0	0.0	0.0	0.0	0.0	0.0	0.0	0.0	47.448275862068975	0.0	0.036559965	-0.079284465	1.01379135	3.57084	3.0977799999999998	2.9451799999999997	3498992.0	1776545389.768296	0.0	1.0	-1.0	-1.0	-1.0	-1.0	-1.0	-1.0	-1.0	-1.0	0.0	opened-hand	Open	1	calibration_20260418_134934	marker
-73752.03	-35898.975	-109514.47499999999	-19814.715	0.0	0.0	0.0	0.0	0.0	0.0	0.0	0.0	0.0	0.0	0.0	0.0	0.0	0.0	47.448275862068975	0.0	0.036559965	-0.079284465	1.01379135	3.57084	3.0977799999999998	2.9451799999999997	3498993.0	1776545389.772283	0.0	1.0	-1.0	-1.0	-1.0	-1.0	-1.0	-1.0	-1.0	-1.0	0.0	opened-hand	Open	1	calibration_20260418_134934	marker
-73718.325	-35892.674999999996	-109409.44499999999	-19753.2	0.0	0.0	0.0	0.0	0.0	0.0	0.0	0.0	0.0	0.0	0.0	0.0	0.0	0.0	47.448275862068975	0.0	0.036559965	-0.079284465	1.01379135	3.57084	3.0977799999999998	2.9451799999999997	3498994.0	1776545389.772287	0.0	1.0	-1.0	-1.0	-1.0	-1.0	-1.0	-1.0	-1.0	-1.0	0.0	opened-hand	Open	1	calibration_20260418_134934	marker
-73715.22	-35901.63	-109413.72	-19767.6	0.0	0.0	0.0	0.0	0.0	0.0	0.0	0.0	0.0	0.0	0.0	0.0	0.0	0.0	47.448275862068975	0.0	0.04174794	-0.07458477	1.035214635	4.2270199999999996	0.24416	-1.7396399999999999	3498995.0	1776545389.776239	0.0	1.0	-1.0	-1.0	-1.0	-1.0	-1.0	-1.0	-1.0	-1.0	0.0	opened-hand	Open	1	calibration_20260418_134934	marker
-73763.775	-35917.83	-109426.31999999999	-19763.73	0.0	0.0	0.0	0.0	0.0	0.0	0.0	0.0	0.0	0.0	0.0	0.0	0.0	0.0	47.448275862068975	0.0	0.04174794	-0.07458477	1.035214635	4.2270199999999996	0.24416	-1.7396399999999999	3498996.0	1776545389.776243	0.0	1.0	-1.0	-1.0	-1.0	-1.0	-1.0	-1.0	-1.0	-1.0	0.0	opened-hand	Open	1	calibration_20260418_134934	marker
-73727.235	-35926.38	-109371.15	-19695.6	0.0	0.0	0.0	0.0	0.0	0.0	0.0	0.0	0.0	0.0	0.0	0.0	0.0	0.0	47.448275862068975	0.0	0.04174794	-0.07458477	1.035214635	4.2270199999999996	0.24416	-1.7396399999999999	3498997.0	1776545389.780327	0.0	1.0	-1.0	-1.0	-1.0	-1.0	-1.0	-1.0	-1.0	-1.0	0.0	opened-hand	Open	1	calibration_20260418_134934	marker
-73633.77	-35923.005	-109299.915	-19638.899999999998	0.0	0.0	0.0	0.0	0.0	0.0	0.0	0.0	0.0	0.0	0.0	0.0	0.0	0.0	47.448275862068975	0.0	0.04174794	-0.07458477	1.035214635	4.2270199999999996	0.24416	-1.7396399999999999	3498998.0	1776545389.780342	0.0	1.0	-1.0	-1.0	-1.0	-1.0	-1.0	-1.0	-1.0	-1.0	0.0	opened-hand	Open	1	calibration_20260418_134934	marker
-73591.605	-35910.72	-109229.48999999999	-19575.09	0.0	0.0	0.0	0.0	0.0	0.0	0.0	0.0	0.0	0.0	0.0	0.0	0.0	0.0	47.448275862068975	0.0	0.04174794	-0.07458477	1.035214635	4.2270199999999996	0.24416	-1.7396399999999999	3498999.0	1776545389.785558	0.0	1.0	-1.0	-1.0	-1.0	-1.0	-1.0	-1.0	-1.0	-1.0	0.0	opened-hand	Open	1	calibration_20260418_134934	marker
-73622.61	-35904.284999999996	-109326.15	-19673.415	0.0	0.0	0.0	0.0	0.0	0.0	0.0	0.0	0.0	0.0	0.0	0.0	0.0	0.0	47.448275862068975	0.0	0.04174794	-0.07458477	1.035214635	4.2270199999999996	0.24416	-1.7396399999999999	3499000.0	1776545389.785572	0.0	1.0	-1.0	-1.0	-1.0	-1.0	-1.0	-1.0	-1.0	-1.0	0.0	opened-hand	Open	1	calibration_20260418_134934	marker
-73773.9	-35907.615	-109550.11499999999	-19897.469999999998	0.0	0.0	0.0	0.0	0.0	0.0	0.0	0.0	0.0	0.0	0.0	0.0	0.0	0.0	47.448275862068975	0.0	0.04174794	-0.07458477	1.035214635	4.2270199999999996	0.24416	-1.7396399999999999	3499001.0	1776545389.788364	0.0	1.0	-1.0	-1.0	-1.0	-1.0	-1.0	-1.0	-1.0	-1.0	0.0	opened-hand	Open	1	calibration_20260418_134934	marker
-73828.89	-35911.53	-109579.635	-19903.32	0.0	0.0	0.0	0.0	0.0	0.0	0.0	0.0	0.0	0.0	0.0	0.0	0.0	0.0	47.448275862068975	0.0	0.04174794	-0.07458477	1.035214635	4.2270199999999996	0.24416	-1.7396399999999999	3499002.0	1776545389.788378	0.0	1.0	-1.0	-1.0	-1.0	-1.0	-1.0	-1.0	-1.0	-1.0	0.0	opened-hand	Open	1	calibration_20260418_134934	marker
-73781.73	-35918.369999999995	-109478.25	-19791.045	0.0	0.0	0.0	0.0	0.0	0.0	0.0	0.0	0.0	0.0	0.0	0.0	0.0	0.0	47.448275862068975	0.0	0.04174794	-0.07458477	1.035214635	4.2270199999999996	0.24416	-1.7396399999999999	3499003.0	1776545389.799593	0.0	1.0	-1.0	-1.0	-1.0	-1.0	-1.0	-1.0	-1.0	-1.0	0.0	opened-hand	Open	1	calibration_20260418_134934	marker
-73789.73999999999	-35936.055	-109468.17	-19771.38	0.0	0.0	0.0	0.0	0.0	0.0	0.0	0.0	0.0	0.0	0.0	0.0	0.0	0.0	47.448275862068975	0.0	0.04174794	-0.07458477	1.035214635	4.2270199999999996	0.24416	-1.7396399999999999	3499004.0	1776545389.799608	0.0	1.0	-1.0	-1.0	-1.0	-1.0	-1.0	-1.0	-1.0	-1.0	0.0	opened-hand	Open	1	calibration_20260418_134934	marker
-73803.735	-35955.63	-109474.47	-19788.614999999998	0.0	0.0	0.0	0.0	0.0	0.0	0.0	0.0	0.0	0.0	0.0	0.0	0.0	0.0	47.448275862068975	0.0	0.03735342	-0.061096035	1.04186745	3.70818	-1.70912	-2.2889999999999997	3499005.0	1776545389.799627	0.0	1.0	-1.0	-1.0	-1.0	-1.0	-1.0	-1.0	-1.0	-1.0	0.0	opened-hand	Open	1	calibration_20260418_134934	marker
-73784.385	-35966.43	-109452.105	-19778.67	0.0	0.0	0.0	0.0	0.0	0.0	0.0	0.0	0.0	0.0	0.0	0.0	0.0	0.0	47.448275862068975	0.0	0.03735342	-0.061096035	1.04186745	3.70818	-1.70912	-2.2889999999999997	3499006.0	1776545389.799633	0.0	1.0	-1.0	-1.0	-1.0	-1.0	-1.0	-1.0	-1.0	-1.0	0.0	opened-hand	Open	1	calibration_20260418_134934	marker
-73647.405	-35954.369999999995	-109343.47499999999	-19694.024999999998	0.0	0.0	0.0	0.0	0.0	0.0	0.0	0.0	0.0	0.0	0.0	0.0	0.0	0.0	47.448275862068975	0.0	0.03735342	-0.061096035	1.04186745	3.70818	-1.70912	-2.2889999999999997	3499007.0	1776545389.81728	0.0	1.0	-1.0	-1.0	-1.0	-1.0	-1.0	-1.0	-1.0	-1.0	0.0	opened-hand	Open	1	calibration_20260418_134934	marker
-73697.895	-35945.595	-109414.53	-19747.079999999998	0.0	0.0	0.0	0.0	0.0	0.0	0.0	0.0	0.0	0.0	0.0	0.0	0.0	0.0	47.448275862068975	0.0	0.03735342	-0.061096035	1.04186745	3.70818	-1.70912	-2.2889999999999997	3499008.0	1776545389.817294	0.0	1.0	-1.0	-1.0	-1.0	-1.0	-1.0	-1.0	-1.0	-1.0	0.0	opened-hand	Open	1	calibration_20260418_134934	marker
-73743.03	-35938.35	-109483.875	-19797.885	0.0	0.0	0.0	0.0	0.0	0.0	0.0	0.0	0.0	0.0	0.0	0.0	0.0	0.0	47.448275862068975	0.0	0.03735342	-0.061096035	1.04186745	3.70818	-1.70912	-2.2889999999999997	3499009.0	1776545389.818698	0.0	1.0	-1.0	-1.0	-1.0	-1.0	-1.0	-1.0	-1.0	-1.0	0.0	opened-hand	Open	1	calibration_20260418_134934	marker
-73568.97	-35918.055	-109278.9	-19608.75	0.0	0.0	0.0	0.0	0.0	0.0	0.0	0.0	0.0	0.0	0.0	0.0	0.0	0.0	47.448275862068975	0.0	0.03735342	-0.061096035	1.04186745	3.70818	-1.70912	-2.2889999999999997	3499010.0	1776545389.818709	0.0	1.0	-1.0	-1.0	-1.0	-1.0	-1.0	-1.0	-1.0	-1.0	0.0	opened-hand	Open	1	calibration_20260418_134934	marker
-73554.20999999999	-35917.335	-109186.29	-19502.864999999998	0.0	0.0	0.0	0.0	0.0	0.0	0.0	0.0	0.0	0.0	0.0	0.0	0.0	0.0	47.448275862068975	0.0	0.03735342	-0.061096035	1.04186745	3.70818	-1.70912	-2.2889999999999997	3499011.0	1776545389.818716	0.0	1.0	-1.0	-1.0	-1.0	-1.0	-1.0	-1.0	-1.0	-1.0	0.0	opened-hand	Open	1	calibration_20260418_134934	marker
-73832.265	-35949.42	-109499.89499999999	-19806.704999999998	0.0	0.0	0.0	0.0	0.0	0.0	0.0	0.0	0.0	0.0	0.0	0.0	0.0	0.0	47.448275862068975	0.0	0.03735342	-0.061096035	1.04186745	3.70818	-1.70912	-2.2889999999999997	3499012.0	1776545389.818721	0.0	1.0	-1.0	-1.0	-1.0	-1.0	-1.0	-1.0	-1.0	-1.0	0.0	opened-hand	Open	1	calibration_20260418_134934	marker
-73752.97499999999	-35960.49	-109476.0	-19787.895	0.0	0.0	0.0	0.0	0.0	0.0	0.0	0.0	0.0	0.0	0.0	0.0	0.0	0.0	47.448275862068975	0.0	0.03735342	-0.061096035	1.04186745	3.70818	-1.70912	-2.2889999999999997	3499013.0	1776545389.818727	0.0	1.0	-1.0	-1.0	-1.0	-1.0	-1.0	-1.0	-1.0	-1.0	0.0	opened-hand	Open	1	calibration_20260418_134934	marker
-73644.93	-35961.615	-109334.295	-19643.94	0.0	0.0	0.0	0.0	0.0	0.0	0.0	0.0	0.0	0.0	0.0	0.0	0.0	0.0	47.448275862068975	0.0	0.03735342	-0.061096035	1.04186745	3.70818	-1.70912	-2.2889999999999997	3499014.0	1776545389.818731	0.0	1.0	-1.0	-1.0	-1.0	-1.0	-1.0	-1.0	-1.0	-1.0	0.0	opened-hand	Open	1	calibration_20260418_134934	marker
-73648.125	-35959.725	-109326.59999999999	-19637.01	0.0	0.0	0.0	0.0	0.0	0.0	0.0	0.0	0.0	0.0	0.0	0.0	0.0	0.0	47.448275862068975	0.0	0.03076164	-0.06018051	1.04150124	2.62472	-4.0439	-1.9838	3499015.0	1776545389.818737	0.0	1.0	-1.0	-1.0	-1.0	-1.0	-1.0	-1.0	-1.0	-1.0	0.0	opened-hand	Open	1	calibration_20260418_134934	marker
-73584.72	-35946.45	-109282.635	-19633.95	0.0	0.0	0.0	0.0	0.0	0.0	0.0	0.0	0.0	0.0	0.0	0.0	0.0	0.0	47.448275862068975	0.0	0.03076164	-0.06018051	1.04150124	2.62472	-4.0439	-1.9838	3499016.0	1776545389.818742	0.0	1.0	-1.0	-1.0	-1.0	-1.0	-1.0	-1.0	-1.0	-1.0	0.0	opened-hand	Open	1	calibration_20260418_134934	marker
-73660.59	-35938.665	-109297.98	-19632.645	0.0	0.0	0.0	0.0	0.0	0.0	0.0	0.0	0.0	0.0	0.0	0.0	0.0	0.0	47.448275862068975	0.0	0.03076164	-0.06018051	1.04150124	2.62472	-4.0439	-1.9838	3499017.0	1776545389.82041	0.0	1.0	-1.0	-1.0	-1.0	-1.0	-1.0	-1.0	-1.0	-1.0	0.0	opened-hand	Open	1	calibration_20260418_134934	marker
-73859.715	-35947.305	-109547.415	-19876.05	0.0	0.0	0.0	0.0	0.0	0.0	0.0	0.0	0.0	0.0	0.0	0.0	0.0	0.0	47.448275862068975	0.0	0.03076164	-0.06018051	1.04150124	2.62472	-4.0439	-1.9838	3499018.0	1776545389.820425	0.0	1.0	-1.0	-1.0	-1.0	-1.0	-1.0	-1.0	-1.0	-1.0	0.0	opened-hand	Open	1	calibration_20260418_134934	marker
-73767.19499999999	-35946.63	-109570.995	-19904.67	0.0	0.0	0.0	0.0	0.0	0.0	0.0	0.0	0.0	0.0	0.0	0.0	0.0	0.0	47.448275862068975	0.0	0.03076164	-0.06018051	1.04150124	2.62472	-4.0439	-1.9838	3499019.0	1776545389.824466	0.0	1.0	-1.0	-1.0	-1.0	-1.0	-1.0	-1.0	-1.0	-1.0	0.0	opened-hand	Open	1	calibration_20260418_134934	marker
-73718.86499999999	-35953.83	-109537.065	-19843.875	0.0	0.0	0.0	0.0	0.0	0.0	0.0	0.0	0.0	0.0	0.0	0.0	0.0	0.0	47.448275862068975	0.0	0.03076164	-0.06018051	1.04150124	2.62472	-4.0439	-1.9838	3499020.0	1776545389.824481	0.0	1.0	-1.0	-1.0	-1.0	-1.0	-1.0	-1.0	-1.0	-1.0	0.0	opened-hand	Open	1	calibration_20260418_134934	marker
-73876.545	-35973.045	-109536.39	-19827.585	0.0	0.0	0.0	0.0	0.0	0.0	0.0	0.0	0.0	0.0	0.0	0.0	0.0	0.0	47.448275862068975	0.0	0.03076164	-0.06018051	1.04150124	2.62472	-4.0439	-1.9838	3499021.0	1776545389.83174	0.0	1.0	-1.0	-1.0	-1.0	-1.0	-1.0	-1.0	-1.0	-1.0	0.0	opened-hand	Open	1	calibration_20260418_134934	marker
-73836.72	-35983.08	-109488.555	-19808.82	0.0	0.0	0.0	0.0	0.0	0.0	0.0	0.0	0.0	0.0	0.0	0.0	0.0	0.0	47.448275862068975	0.0	0.03076164	-0.06018051	1.04150124	2.62472	-4.0439	-1.9838	3499022.0	1776545389.831755	0.0	1.0	-1.0	-1.0	-1.0	-1.0	-1.0	-1.0	-1.0	-1.0	0.0	opened-hand	Open	1	calibration_20260418_134934	marker
-73664.50499999999	-35975.835	-109384.2	-19713.239999999998	0.0	0.0	0.0	0.0	0.0	0.0	0.0	0.0	0.0	0.0	0.0	0.0	0.0	0.0	47.448275862068975	0.0	0.03076164	-0.06018051	1.04150124	2.62472	-4.0439	-1.9838	3499023.0	1776545389.832396	0.0	1.0	-1.0	-1.0	-1.0	-1.0	-1.0	-1.0	-1.0	-1.0	0.0	opened-hand	Open	1	calibration_20260418_134934	marker
-73560.555	-35958.869999999995	-109256.44499999999	-19589.85	0.0	0.0	0.0	0.0	0.0	0.0	0.0	0.0	0.0	0.0	0.0	0.0	0.0	0.0	47.448275862068975	0.0	0.03076164	-0.06018051	1.04150124	2.62472	-4.0439	-1.9838	3499024.0	1776545389.83241	0.0	1.0	-1.0	-1.0	-1.0	-1.0	-1.0	-1.0	-1.0	-1.0	0.0	opened-hand	Open	1	calibration_20260418_134934	marker
-73564.065	-35945.189999999995	-109218.28499999999	-19559.34	0.0	0.0	0.0	0.0	0.0	0.0	0.0	0.0	0.0	0.0	0.0	0.0	0.0	0.0	47.448275862068975	0.0	0.032287515	-0.066833325	1.03954812	0.5341	-5.82932	-2.88414	3499025.0	1776545389.83637	0.0	1.0	-1.0	-1.0	-1.0	-1.0	-1.0	-1.0	-1.0	-1.0	0.0	opened-hand	Open	1	calibration_20260418_134934	marker
-73630.89	-35941.59	-109294.965	-19612.62	0.0	0.0	0.0	0.0	0.0	0.0	0.0	0.0	0.0	0.0	0.0	0.0	0.0	0.0	47.448275862068975	0.0	0.032287515	-0.066833325	1.03954812	0.5341	-5.82932	-2.88414	3499026.0	1776545389.836385	0.0	1.0	-1.0	-1.0	-1.0	-1.0	-1.0	-1.0	-1.0	-1.0	0.0	opened-hand	Open	1	calibration_20260418_134934	marker
-73697.31	-35948.205	-109398.59999999999	-19736.19	0.0	0.0	0.0	0.0	0.0	0.0	0.0	0.0	0.0	0.0	0.0	0.0	0.0	0.0	47.448275862068975	0.0	0.032287515	-0.066833325	1.03954812	0.5341	-5.82932	-2.88414	3499027.0	1776545389.840368	0.0	1.0	-1.0	-1.0	-1.0	-1.0	-1.0	-1.0	-1.0	-1.0	0.0	opened-hand	Open	1	calibration_20260418_134934	marker
-73817.055	-35964.54	-109538.81999999999	-19895.985	0.0	0.0	0.0	0.0	0.0	0.0	0.0	0.0	0.0	0.0	0.0	0.0	0.0	0.0	47.448275862068975	0.0	0.032287515	-0.066833325	1.03954812	0.5341	-5.82932	-2.88414	3499028.0	1776545389.840382	0.0	1.0	-1.0	-1.0	-1.0	-1.0	-1.0	-1.0	-1.0	-1.0	0.0	opened-hand	Open	1	calibration_20260418_134934	marker
-73763.73	-35972.369999999995	-109482.93	-19820.204999999998	0.0	0.0	0.0	0.0	0.0	0.0	0.0	0.0	0.0	0.0	0.0	0.0	0.0	0.0	47.448275862068975	0.0	0.032287515	-0.066833325	1.03954812	0.5341	-5.82932	-2.88414	3499029.0	1776545389.844483	0.0	1.0	-1.0	-1.0	-1.0	-1.0	-1.0	-1.0	-1.0	-1.0	0.0	opened-hand	Open	1	calibration_20260418_134934	marker
-73634.12999999999	-35974.305	-109349.01	-19655.954999999998	0.0	0.0	0.0	0.0	0.0	0.0	0.0	0.0	0.0	0.0	0.0	0.0	0.0	0.0	47.448275862068975	0.0	0.032287515	-0.066833325	1.03954812	0.5341	-5.82932	-2.88414	3499030.0	1776545389.844497	0.0	1.0	-1.0	-1.0	-1.0	-1.0	-1.0	-1.0	-1.0	-1.0	0.0	opened-hand	Open	1	calibration_20260418_134934	marker
-73804.23	-35989.29	-109524.105	-19841.805	0.0	0.0	0.0	0.0	0.0	0.0	0.0	0.0	0.0	0.0	0.0	0.0	0.0	0.0	47.448275862068975	0.0	0.032287515	-0.066833325	1.03954812	0.5341	-5.82932	-2.88414	3499031.0	1776545389.849536	0.0	1.0	-1.0	-1.0	-1.0	-1.0	-1.0	-1.0	-1.0	-1.0	0.0	opened-hand	Open	1	calibration_20260418_134934	marker
-73861.83	-35989.47	-109582.65	-19886.355	0.0	0.0	0.0	0.0	0.0	0.0	0.0	0.0	0.0	0.0	0.0	0.0	0.0	0.0	47.448275862068975	0.0	0.032287515	-0.066833325	1.03954812	0.5341	-5.82932	-2.88414	3499032.0	1776545389.849551	0.0	1.0	-1.0	-1.0	-1.0	-1.0	-1.0	-1.0	-1.0	-1.0	0.0	opened-hand	Open	1	calibration_20260418_134934	marker
-73722.78	-35969.67	-109412.28	-19719.27	0.0	0.0	0.0	0.0	0.0	0.0	0.0	0.0	0.0	0.0	0.0	0.0	0.0	0.0	47.448275862068975	0.0	0.032287515	-0.066833325	1.03954812	0.5341	-5.82932	-2.88414	3499033.0	1776545389.852333	0.0	1.0	-1.0	-1.0	-1.0	-1.0	-1.0	-1.0	-1.0	-1.0	0.0	opened-hand	Open	1	calibration_20260418_134934	marker
-73619.415	-35952.255	-109351.44	-19653.704999999998	0.0	0.0	0.0	0.0	0.0	0.0	0.0	0.0	0.0	0.0	0.0	0.0	0.0	0.0	47.448275862068975	0.0	0.032287515	-0.066833325	1.03954812	0.5341	-5.82932	-2.88414	3499034.0	1776545389.852358	0.0	1.0	-1.0	-1.0	-1.0	-1.0	-1.0	-1.0	-1.0	-1.0	0.0	opened-hand	Open	1	calibration_20260418_134934	marker
-73622.745	-35946.225	-109347.93	-19644.93	0.0	0.0	0.0	0.0	0.0	0.0	0.0	0.0	0.0	0.0	0.0	0.0	0.0	0.0	47.448275862068975	0.0	0.041931045	-0.06921369	1.034970495	1.70912	-6.89752	-1.1444999999999999	3499035.0	1776545389.85645	0.0	1.0	-1.0	-1.0	-1.0	-1.0	-1.0	-1.0	-1.0	-1.0	0.0	opened-hand	Open	1	calibration_20260418_134934	marker
-73703.83499999999	-35960.67	-109410.03	-19709.28	0.0	0.0	0.0	0.0	0.0	0.0	0.0	0.0	0.0	0.0	0.0	0.0	0.0	0.0	47.448275862068975	0.0	0.041931045	-0.06921369	1.034970495	1.70912	-6.89752	-1.1444999999999999	3499036.0	1776545389.856465	0.0	1.0	-1.0	-1.0	-1.0	-1.0	-1.0	-1.0	-1.0	-1.0	0.0	opened-hand	Open	1	calibration_20260418_134934	marker
-73741.545	-35977.455	-109437.39	-19753.469999999998	0.0	0.0	0.0	0.0	0.0	0.0	0.0	0.0	0.0	0.0	0.0	0.0	0.0	0.0	47.448275862068975	0.0	0.041931045	-0.06921369	1.034970495	1.70912	-6.89752	-1.1444999999999999	3499037.0	1776545389.860502	0.0	1.0	-1.0	-1.0	-1.0	-1.0	-1.0	-1.0	-1.0	-1.0	0.0	opened-hand	Open	1	calibration_20260418_134934	marker
-73658.295	-35978.939999999995	-109262.83499999999	-19588.32	0.0	0.0	0.0	0.0	0.0	0.0	0.0	0.0	0.0	0.0	0.0	0.0	0.0	0.0	47.448275862068975	0.0	0.041931045	-0.06921369	1.034970495	1.70912	-6.89752	-1.1444999999999999	3499038.0	1776545389.860517	0.0	1.0	-1.0	-1.0	-1.0	-1.0	-1.0	-1.0	-1.0	-1.0	0.0	opened-hand	Open	1	calibration_20260418_134934	marker
-73773.72	-35989.38	-109344.42	-19667.204999999998	0.0	0.0	0.0	0.0	0.0	0.0	0.0	0.0	0.0	0.0	0.0	0.0	0.0	0.0	47.448275862068975	0.0	0.041931045	-0.06921369	1.034970495	1.70912	-6.89752	-1.1444999999999999	3499039.0	1776545389.864648	0.0	1.0	-1.0	-1.0	-1.0	-1.0	-1.0	-1.0	-1.0	-1.0	0.0	opened-hand	Open	1	calibration_20260418_134934	marker
-73684.215	-35987.04	-109430.955	-19758.375	0.0	0.0	0.0	0.0	0.0	0.0	0.0	0.0	0.0	0.0	0.0	0.0	0.0	0.0	47.448275862068975	0.0	0.041931045	-0.06921369	1.034970495	1.70912	-6.89752	-1.1444999999999999	3499040.0	1776545389.864662	0.0	1.0	-1.0	-1.0	-1.0	-1.0	-1.0	-1.0	-1.0	-1.0	0.0	opened-hand	Open	1	calibration_20260418_134934	marker
-73703.11499999999	-35978.265	-109500.48	-19796.625	0.0	0.0	0.0	0.0	0.0	0.0	0.0	0.0	0.0	0.0	0.0	0.0	0.0	0.0	47.448275862068975	0.0	0.041931045	-0.06921369	1.034970495	1.70912	-6.89752	-1.1444999999999999	3499041.0	1776545389.868498	0.0	1.0	-1.0	-1.0	-1.0	-1.0	-1.0	-1.0	-1.0	-1.0	0.0	opened-hand	Open	1	calibration_20260418_134934	marker
-73777.36499999999	-35967.24	-109569.87	-19864.215	0.0	0.0	0.0	0.0	0.0	0.0	0.0	0.0	0.0	0.0	0.0	0.0	0.0	0.0	47.448275862068975	0.0	0.041931045	-0.06921369	1.034970495	1.70912	-6.89752	-1.1444999999999999	3499042.0	1776545389.868512	0.0	1.0	-1.0	-1.0	-1.0	-1.0	-1.0	-1.0	-1.0	-1.0	0.0	opened-hand	Open	1	calibration_20260418_134934	marker
-73800.62999999999	-35956.395	-109512.36	-19815.57	0.0	0.0	0.0	0.0	0.0	0.0	0.0	0.0	0.0	0.0	0.0	0.0	0.0	0.0	47.448275862068975	0.0	0.041931045	-0.06921369	1.034970495	1.70912	-6.89752	-1.1444999999999999	3499043.0	1776545389.87248	0.0	1.0	-1.0	-1.0	-1.0	-1.0	-1.0	-1.0	-1.0	-1.0	0.0	opened-hand	Open	1	calibration_20260418_134934	marker
-73754.415	-35955.494999999995	-109427.4	-19744.965	0.0	0.0	0.0	0.0	0.0	0.0	0.0	0.0	0.0	0.0	0.0	0.0	0.0	0.0	47.448275862068975	0.0	0.041931045	-0.06921369	1.034970495	1.70912	-6.89752	-1.1444999999999999	3499044.0	1776545389.872494	0.0	1.0	-1.0	-1.0	-1.0	-1.0	-1.0	-1.0	-1.0	-1.0	0.0	opened-hand	Open	1	calibration_20260418_134934	marker
-73649.655	-35960.49	-109332.765	-19651.815	0.0	0.0	0.0	0.0	0.0	0.0	0.0	0.0	0.0	0.0	0.0	0.0	0.0	0.0	47.448275862068975	0.0	0.059997405000000004	-0.071716125	1.02856182	2.39582	-6.683879999999999	-0.94612	3499045.0	1776545389.876615	0.0	1.0	-1.0	-1.0	-1.0	-1.0	-1.0	-1.0	-1.0	-1.0	0.0	opened-hand	Open	1	calibration_20260418_134934	marker
-73590.435	-35966.655	-109340.325	-19636.02	0.0	0.0	0.0	0.0	0.0	0.0	0.0	0.0	0.0	0.0	0.0	0.0	0.0	0.0	47.448275862068975	0.0	0.059997405000000004	-0.071716125	1.02856182	2.39582	-6.683879999999999	-0.94612	3499046.0	1776545389.876629	0.0	1.0	-1.0	-1.0	-1.0	-1.0	-1.0	-1.0	-1.0	-1.0	0.0	opened-hand	Open	1	calibration_20260418_134934	marker
-73666.845	-35977.455	-109418.94	-19728.899999999998	0.0	0.0	0.0	0.0	0.0	0.0	0.0	0.0	0.0	0.0	0.0	0.0	0.0	0.0	47.448275862068975	0.0	0.059997405000000004	-0.071716125	1.02856182	2.39582	-6.683879999999999	-0.94612	3499047.0	1776545389.880538	0.0	1.0	-1.0	-1.0	-1.0	-1.0	-1.0	-1.0	-1.0	-1.0	0.0	opened-hand	Open	1	calibration_20260418_134934	marker
-73758.735	-35980.47	-109485.72	-19794.69	0.0	0.0	0.0	0.0	0.0	0.0	0.0	0.0	0.0	0.0	0.0	0.0	0.0	0.0	47.448275862068975	0.0	0.059997405000000004	-0.071716125	1.02856182	2.39582	-6.683879999999999	-0.94612	3499048.0	1776545389.880552	0.0	1.0	-1.0	-1.0	-1.0	-1.0	-1.0	-1.0	-1.0	-1.0	0.0	opened-hand	Open	1	calibration_20260418_134934	marker
-73819.17	-35972.82	-109526.67	-19830.059999999998	0.0	0.0	0.0	0.0	0.0	0.0	0.0	0.0	0.0	0.0	0.0	0.0	0.0	0.0	47.448275862068975	0.0	0.059997405000000004	-0.071716125	1.02856182	2.39582	-6.683879999999999	-0.94612	3499049.0	1776545389.884517	0.0	1.0	-1.0	-1.0	-1.0	-1.0	-1.0	-1.0	-1.0	-1.0	0.0	opened-hand	Open	1	calibration_20260418_134934	marker
-73781.19	-35959.545	-109545.525	-19838.655	0.0	0.0	0.0	0.0	0.0	0.0	0.0	0.0	0.0	0.0	0.0	0.0	0.0	0.0	47.448275862068975	0.0	0.059997405000000004	-0.071716125	1.02856182	2.39582	-6.683879999999999	-0.94612	3499050.0	1776545389.884526	0.0	1.0	-1.0	-1.0	-1.0	-1.0	-1.0	-1.0	-1.0	-1.0	0.0	opened-hand	Open	1	calibration_20260418_134934	marker
-73693.665	-35945.1	-109428.03	-19740.059999999998	0.0	0.0	0.0	0.0	0.0	0.0	0.0	0.0	0.0	0.0	0.0	0.0	0.0	0.0	47.448275862068975	0.0	0.059997405000000004	-0.071716125	1.02856182	2.39582	-6.683879999999999	-0.94612	3499051.0	1776545389.888518	0.0	1.0	-1.0	-1.0	-1.0	-1.0	-1.0	-1.0	-1.0	-1.0	0.0	opened-hand	Open	1	calibration_20260418_134934	marker
-73651.68	-35945.28	-109352.06999999999	-19678.59	0.0	0.0	0.0	0.0	0.0	0.0	0.0	0.0	0.0	0.0	0.0	0.0	0.0	0.0	47.448275862068975	0.0	0.059997405000000004	-0.071716125	1.02856182	2.39582	-6.683879999999999	-0.94612	3499052.0	1776545389.888547	0.0	1.0	-1.0	-1.0	-1.0	-1.0	-1.0	-1.0	-1.0	-1.0	0.0	opened-hand	Open	1	calibration_20260418_134934	marker
-73633.095	-35956.619999999995	-109368.62999999999	-19662.795	0.0	0.0	0.0	0.0	0.0	0.0	0.0	0.0	0.0	0.0	0.0	0.0	0.0	0.0	47.448275862068975	0.0	0.059997405000000004	-0.071716125	1.02856182	2.39582	-6.683879999999999	-0.94612	3499053.0	1776545389.892685	0.0	1.0	-1.0	-1.0	-1.0	-1.0	-1.0	-1.0	-1.0	-1.0	0.0	opened-hand	Open	1	calibration_20260418_134934	marker
-73689.03	-35968.5	-109389.735	-19686.69	0.0	0.0	0.0	0.0	0.0	0.0	0.0	0.0	0.0	0.0	0.0	0.0	0.0	0.0	47.448275862068975	0.0	0.059997405000000004	-0.071716125	1.02856182	2.39582	-6.683879999999999	-0.94612	3499054.0	1776545389.892717	0.0	1.0	-1.0	-1.0	-1.0	-1.0	-1.0	-1.0	-1.0	-1.0	0.0	opened-hand	Open	1	calibration_20260418_134934	marker
-73860.48	-35985.869999999995	-109485.09	-19783.485	0.0	0.0	0.0	0.0	0.0	0.0	0.0	0.0	0.0	0.0	0.0	0.0	0.0	0.0	47.448275862068975	0.0	0.07006818000000001	-0.069030585	1.02282453	3.052	-6.3328999999999995	0.12208	3499055.0	1776545389.896673	0.0	1.0	-1.0	-1.0	-1.0	-1.0	-1.0	-1.0	-1.0	-1.0	0.0	opened-hand	Open	1	calibration_20260418_134934	marker
-73784.43	-35981.505	-109418.89499999999	-19719.18	0.0	0.0	0.0	0.0	0.0	0.0	0.0	0.0	0.0	0.0	0.0	0.0	0.0	0.0	47.448275862068975	0.0	0.07006818000000001	-0.069030585	1.02282453	3.052	-6.3328999999999995	0.12208	3499056.0	1776545389.896695	0.0	1.0	-1.0	-1.0	-1.0	-1.0	-1.0	-1.0	-1.0	-1.0	0.0	opened-hand	Open	1	calibration_20260418_134934	marker
-73611.58499999999	-35966.97	-109355.715	-19657.17	0.0	0.0	0.0	0.0	0.0	0.0	0.0	0.0	0.0	0.0	0.0	0.0	0.0	0.0	47.448275862068975	0.0	0.07006818000000001	-0.069030585	1.02282453	3.052	-6.3328999999999995	0.12208	3499057.0	1776545389.900301	0.0	1.0	-1.0	-1.0	-1.0	-1.0	-1.0	-1.0	-1.0	-1.0	0.0	opened-hand	Open	1	calibration_20260418_134934	marker
-73543.905	-35954.1	-109365.61499999999	-19688.85	0.0	0.0	0.0	0.0	0.0	0.0	0.0	0.0	0.0	0.0	0.0	0.0	0.0	0.0	47.448275862068975	0.0	0.07006818000000001	-0.069030585	1.02282453	3.052	-6.3328999999999995	0.12208	3499058.0	1776545389.900322	0.0	1.0	-1.0	-1.0	-1.0	-1.0	-1.0	-1.0	-1.0	-1.0	0.0	opened-hand	Open	1	calibration_20260418_134934	marker
-73711.845	-35947.979999999996	-109429.37999999999	-19773.27	0.0	0.0	0.0	0.0	0.0	0.0	0.0	0.0	0.0	0.0	0.0	0.0	0.0	0.0	47.448275862068975	0.0	0.07006818000000001	-0.069030585	1.02282453	3.052	-6.3328999999999995	0.12208	3499059.0	1776545389.904686	0.0	1.0	-1.0	-1.0	-1.0	-1.0	-1.0	-1.0	-1.0	-1.0	0.0	opened-hand	Open	1	calibration_20260418_134934	marker
-73841.58	-35946.36	-109532.61	-19869.524999999998	0.0	0.0	0.0	0.0	0.0	0.0	0.0	0.0	0.0	0.0	0.0	0.0	0.0	0.0	47.448275862068975	0.0	0.07006818000000001	-0.069030585	1.02282453	3.052	-6.3328999999999995	0.12208	3499060.0	1776545389.904707	0.0	1.0	-1.0	-1.0	-1.0	-1.0	-1.0	-1.0	-1.0	-1.0	0.0	opened-hand	Open	1	calibration_20260418_134934	marker
-73717.92	-35940.284999999996	-109430.64	-19709.64	0.0	0.0	0.0	0.0	0.0	0.0	0.0	0.0	0.0	0.0	0.0	0.0	0.0	0.0	47.448275862068975	0.0	0.07006818000000001	-0.069030585	1.02282453	3.052	-6.3328999999999995	0.12208	3499061.0	1776545389.912123	0.0	1.0	-1.0	-1.0	-1.0	-1.0	-1.0	-1.0	-1.0	-1.0	0.0	opened-hand	Open	1	calibration_20260418_134934	marker
-73610.81999999999	-35940.78	-109302.885	-19571.085	0.0	0.0	0.0	0.0	0.0	0.0	0.0	0.0	0.0	0.0	0.0	0.0	0.0	0.0	47.448275862068975	0.0	0.07006818000000001	-0.069030585	1.02282453	3.052	-6.3328999999999995	0.12208	3499062.0	1776545389.912153	0.0	1.0	-1.0	-1.0	-1.0	-1.0	-1.0	-1.0	-1.0	-1.0	0.0	opened-hand	Open	1	calibration_20260418_134934	marker
-73674.98999999999	-35955.765	-109356.165	-19681.065	0.0	0.0	0.0	0.0	0.0	0.0	0.0	0.0	0.0	0.0	0.0	0.0	0.0	0.0	47.448275862068975	0.0	0.07006818000000001	-0.069030585	1.02282453	3.052	-6.3328999999999995	0.12208	3499063.0	1776545389.918895	0.0	1.0	-1.0	-1.0	-1.0	-1.0	-1.0	-1.0	-1.0	-1.0	0.0	opened-hand	Open	1	calibration_20260418_134934	marker
-73782.315	-35968.095	-109452.42	-19780.245	0.0	0.0	0.0	0.0	0.0	0.0	0.0	0.0	0.0	0.0	0.0	0.0	0.0	0.0	47.448275862068975	0.0	0.07006818000000001	-0.069030585	1.02282453	3.052	-6.3328999999999995	0.12208	3499064.0	1776545389.918924	0.0	1.0	-1.0	-1.0	-1.0	-1.0	-1.0	-1.0	-1.0	-1.0	0.0	opened-hand	Open	1	calibration_20260418_134934	marker
-73780.69499999999	-35962.74	-109471.275	-19749.149999999998	0.0	0.0	0.0	0.0	0.0	0.0	0.0	0.0	0.0	0.0	0.0	0.0	0.0	0.0	47.448275862068975	0.0	0.065124345	-0.06201156	1.01427963	3.1283	-5.73776	1.2971	3499065.0	1776545389.918941	0.0	1.0	-1.0	-1.0	-1.0	-1.0	-1.0	-1.0	-1.0	-1.0	0.0	opened-hand	Open	1	calibration_20260418_134934	marker
-73818.405	-35952.659999999996	-109537.425	-19799.46	0.0	0.0	0.0	0.0	0.0	0.0	0.0	0.0	0.0	0.0	0.0	0.0	0.0	0.0	47.448275862068975	0.0	0.065124345	-0.06201156	1.01427963	3.1283	-5.73776	1.2971	3499066.0	1776545389.918948	0.0	1.0	-1.0	-1.0	-1.0	-1.0	-1.0	-1.0	-1.0	-1.0	0.0	opened-hand	Open	1	calibration_20260418_134934	marker
-73761.795	-35939.655	-109535.89499999999	-19832.399999999998	0.0	0.0	0.0	0.0	0.0	0.0	0.0	0.0	0.0	0.0	0.0	0.0	0.0	0.0	47.448275862068975	0.0	0.065124345	-0.06201156	1.01427963	3.1283	-5.73776	1.2971	3499067.0	1776545389.921963	0.0	1.0	-1.0	-1.0	-1.0	-1.0	-1.0	-1.0	-1.0	-1.0	0.0	opened-hand	Open	1	calibration_20260418_134934	marker
-73616.355	-35921.115	-109393.29	-19696.14	0.0	0.0	0.0	0.0	0.0	0.0	0.0	0.0	0.0	0.0	0.0	0.0	0.0	0.0	47.448275862068975	0.0	0.065124345	-0.06201156	1.01427963	3.1283	-5.73776	1.2971	3499068.0	1776545389.921996	0.0	1.0	-1.0	-1.0	-1.0	-1.0	-1.0	-1.0	-1.0	-1.0	0.0	opened-hand	Open	1	calibration_20260418_134934	marker
-73629.765	-35918.64	-109319.715	-19637.954999999998	0.0	0.0	0.0	0.0	0.0	0.0	0.0	0.0	0.0	0.0	0.0	0.0	0.0	0.0	47.448275862068975	0.0	0.065124345	-0.06201156	1.01427963	3.1283	-5.73776	1.2971	3499069.0	1776545389.925763	0.0	1.0	-1.0	-1.0	-1.0	-1.0	-1.0	-1.0	-1.0	-1.0	0.0	opened-hand	Open	1	calibration_20260418_134934	marker
-73820.34	-35938.53	-109505.15999999999	-19808.954999999998	0.0	0.0	0.0	0.0	0.0	0.0	0.0	0.0	0.0	0.0	0.0	0.0	0.0	0.0	47.37931034482761	0.0	0.065124345	-0.06201156	1.01427963	3.1283	-5.73776	1.2971	3499070.0	1776545389.925794	0.0	1.0	-1.0	-1.0	-1.0	-1.0	-1.0	-1.0	-1.0	-1.0	0.0	opened-hand	Open	1	calibration_20260418_134934	marker
-73823.625	-35955.0	-109578.105	-19857.195	0.0	0.0	0.0	0.0	0.0	0.0	0.0	0.0	0.0	0.0	0.0	0.0	0.0	0.0	47.37931034482761	0.0	0.065124345	-0.06201156	1.01427963	3.1283	-5.73776	1.2971	3499071.0	1776545389.928698	0.0	1.0	-1.0	-1.0	-1.0	-1.0	-1.0	-1.0	-1.0	-1.0	0.0	opened-hand	Open	1	calibration_20260418_134934	marker
-73836.495	-35963.595	-109561.455	-19850.04	0.0	0.0	0.0	0.0	0.0	0.0	0.0	0.0	0.0	0.0	0.0	0.0	0.0	0.0	47.37931034482761	0.0	0.065124345	-0.06201156	1.01427963	3.1283	-5.73776	1.2971	3499072.0	1776545389.928723	0.0	1.0	-1.0	-1.0	-1.0	-1.0	-1.0	-1.0	-1.0	-1.0	0.0	opened-hand	Open	1	calibration_20260418_134934	marker
-73701.495	-35952.84	-109424.51999999999	-19719.765	0.0	0.0	0.0	0.0	0.0	0.0	0.0	0.0	0.0	0.0	0.0	0.0	0.0	0.0	47.37931034482761	0.0	0.065124345	-0.06201156	1.01427963	3.1283	-5.73776	1.2971	3499073.0	1776545389.932293	0.0	1.0	-1.0	-1.0	-1.0	-1.0	-1.0	-1.0	-1.0	-1.0	0.0	opened-hand	Open	1	calibration_20260418_134934	marker
-73559.925	-35933.445	-109336.76999999999	-19629.54	0.0	0.0	0.0	0.0	0.0	0.0	0.0	0.0	0.0	0.0	0.0	0.0	0.0	0.0	47.37931034482761	0.0	0.065124345	-0.06201156	1.01427963	3.1283	-5.73776	1.2971	3499074.0	1776545389.932319	0.0	1.0	-1.0	-1.0	-1.0	-1.0	-1.0	-1.0	-1.0	-1.0	0.0	opened-hand	Open	1	calibration_20260418_134934	marker
-73544.805	-35920.53	-109315.215	-19646.145	0.0	0.0	0.0	0.0	0.0	0.0	0.0	0.0	0.0	0.0	0.0	0.0	0.0	0.0	47.37931034482761	0.0	0.061706385	-0.062560875	1.0042088550000001	2.25848	-4.83742	2.1669199999999997	3499075.0	1776545389.966038	0.0	1.0	-1.0	-1.0	-1.0	-1.0	-1.0	-1.0	-1.0	-1.0	0.0	opened-hand	Open	1	calibration_20260418_134934	marker
-73476.18	-35905.049999999996	-109144.53	-19477.71	0.0	0.0	0.0	0.0	0.0	0.0	0.0	0.0	0.0	0.0	0.0	0.0	0.0	0.0	47.37931034482761	0.0	0.061706385	-0.062560875	1.0042088550000001	2.25848	-4.83742	2.1669199999999997	3499076.0	1776545389.966067	0.0	1.0	-1.0	-1.0	-1.0	-1.0	-1.0	-1.0	-1.0	-1.0	0.0	opened-hand	Open	1	calibration_20260418_134934	marker
-73793.745	-35924.49	-109493.595	-19755.315	0.0	0.0	0.0	0.0	0.0	0.0	0.0	0.0	0.0	0.0	0.0	0.0	0.0	0.0	47.37931034482761	0.0	0.061706385	-0.062560875	1.0042088550000001	2.25848	-4.83742	2.1669199999999997	3499077.0	1776545389.966091	0.0	1.0	-1.0	-1.0	-1.0	-1.0	-1.0	-1.0	-1.0	-1.0	0.0	opened-hand	Open	1	calibration_20260418_134934	marker
-73936.08	-35945.369999999995	-109729.39499999999	-20004.93	0.0	0.0	0.0	0.0	0.0	0.0	0.0	0.0	0.0	0.0	0.0	0.0	0.0	0.0	47.37931034482761	0.0	0.061706385	-0.062560875	1.0042088550000001	2.25848	-4.83742	2.1669199999999997	3499078.0	1776545389.966099	0.0	1.0	-1.0	-1.0	-1.0	-1.0	-1.0	-1.0	-1.0	-1.0	0.0	opened-hand	Open	1	calibration_20260418_134934	marker
-73841.895	-35950.77	-109582.37999999999	-19878.075	0.0	0.0	0.0	0.0	0.0	0.0	0.0	0.0	0.0	0.0	0.0	0.0	0.0	0.0	47.37931034482761	0.0	0.061706385	-0.062560875	1.0042088550000001	2.25848	-4.83742	2.1669199999999997	3499079.0	1776545389.966109	0.0	1.0	-1.0	-1.0	-1.0	-1.0	-1.0	-1.0	-1.0	-1.0	0.0	opened-hand	Open	1	calibration_20260418_134934	marker
-73798.56	-35956.53	-109525.905	-19819.98	0.0	0.0	0.0	0.0	0.0	0.0	0.0	0.0	0.0	0.0	0.0	0.0	0.0	0.0	47.37931034482761	0.0	0.061706385	-0.062560875	1.0042088550000001	2.25848	-4.83742	2.1669199999999997	3499080.0	1776545389.966116	0.0	1.0	-1.0	-1.0	-1.0	-1.0	-1.0	-1.0	-1.0	-1.0	0.0	opened-hand	Open	1	calibration_20260418_134934	marker
-73763.415	-35956.845	-109487.385	-19777.32	0.0	0.0	0.0	0.0	0.0	0.0	0.0	0.0	0.0	0.0	0.0	0.0	0.0	0.0	47.37931034482761	0.0	0.061706385	-0.062560875	1.0042088550000001	2.25848	-4.83742	2.1669199999999997	3499081.0	1776545389.966128	0.0	1.0	-1.0	-1.0	-1.0	-1.0	-1.0	-1.0	-1.0	-1.0	0.0	opened-hand	Open	1	calibration_20260418_134934	marker
-73737.22499999999	-35952.075	-109474.37999999999	-19764.719999999998	0.0	0.0	0.0	0.0	0.0	0.0	0.0	0.0	0.0	0.0	0.0	0.0	0.0	0.0	47.37931034482761	0.0	0.061706385	-0.062560875	1.0042088550000001	2.25848	-4.83742	2.1669199999999997	3499082.0	1776545389.966134	0.0	1.0	-1.0	-1.0	-1.0	-1.0	-1.0	-1.0	-1.0	-1.0	0.0	opened-hand	Open	1	calibration_20260418_134934	marker
-73728.54	-35942.58	-109472.4	-19756.305	0.0	0.0	0.0	0.0	0.0	0.0	0.0	0.0	0.0	0.0	0.0	0.0	0.0	0.0	47.37931034482761	0.0	0.061706385	-0.062560875	1.0042088550000001	2.25848	-4.83742	2.1669199999999997	3499083.0	1776545389.966144	0.0	1.0	-1.0	-1.0	-1.0	-1.0	-1.0	-1.0	-1.0	-1.0	0.0	opened-hand	Open	1	calibration_20260418_134934	marker
-73744.73999999999	-35933.354999999996	-109459.305	-19745.91	0.0	0.0	0.0	0.0	0.0	0.0	0.0	0.0	0.0	0.0	0.0	0.0	0.0	0.0	47.37931034482761	0.0	0.061706385	-0.062560875	1.0042088550000001	2.25848	-4.83742	2.1669199999999997	3499084.0	1776545389.966151	0.0	1.0	-1.0	-1.0	-1.0	-1.0	-1.0	-1.0	-1.0	-1.0	0.0	opened-hand	Open	1	calibration_20260418_134934	marker
-73729.215	-35929.755	-109438.92	-19735.02	0.0	0.0	0.0	0.0	0.0	0.0	0.0	0.0	0.0	0.0	0.0	0.0	0.0	0.0	47.37931034482761	0.0	0.07348614	-0.06530745	0.99792225	1.77016	-2.5484199999999997	2.38056	3499085.0	1776545389.96616	0.0	1.0	-1.0	-1.0	-1.0	-1.0	-1.0	-1.0	-1.0	-1.0	0.0	opened-hand	Open	1	calibration_20260418_134934	marker
-73668.15	-35932.365	-109423.98	-19741.23	0.0	0.0	0.0	0.0	0.0	0.0	0.0	0.0	0.0	0.0	0.0	0.0	0.0	0.0	47.37931034482761	0.0	0.07348614	-0.06530745	0.99792225	1.77016	-2.5484199999999997	2.38056	3499086.0	1776545389.966167	0.0	1.0	-1.0	-1.0	-1.0	-1.0	-1.0	-1.0	-1.0	-1.0	0.0	opened-hand	Open	1	calibration_20260418_134934	marker
-73633.77	-35942.174999999996	-109392.48	-19676.969999999998	0.0	0.0	0.0	0.0	0.0	0.0	0.0	0.0	0.0	0.0	0.0	0.0	0.0	0.0	47.37931034482761	0.0	0.07348614	-0.06530745	0.99792225	1.77016	-2.5484199999999997	2.38056	3499087.0	1776545389.966177	0.0	1.0	-1.0	-1.0	-1.0	-1.0	-1.0	-1.0	-1.0	-1.0	0.0	opened-hand	Open	1	calibration_20260418_134934	marker
-73622.79	-35950.86	-109367.685	-19628.145	0.0	0.0	0.0	0.0	0.0	0.0	0.0	0.0	0.0	0.0	0.0	0.0	0.0	0.0	47.37931034482761	0.0	0.07348614	-0.06530745	0.99792225	1.77016	-2.5484199999999997	2.38056	3499088.0	1776545389.966183	0.0	1.0	-1.0	-1.0	-1.0	-1.0	-1.0	-1.0	-1.0	-1.0	0.0	opened-hand	Open	1	calibration_20260418_134934	marker
-73740.87	-35960.939999999995	-109423.935	-19703.61	0.0	0.0	0.0	0.0	0.0	0.0	0.0	0.0	0.0	0.0	0.0	0.0	0.0	0.0	47.37931034482761	0.0	0.07348614	-0.06530745	0.99792225	1.77016	-2.5484199999999997	2.38056	3499089.0	1776545389.966193	0.0	1.0	-1.0	-1.0	-1.0	-1.0	-1.0	-1.0	-1.0	-1.0	0.0	opened-hand	Open	1	calibration_20260418_134934	marker
-73662.39	-35947.979999999996	-109339.605	-19640.024999999998	0.0	0.0	0.0	0.0	0.0	0.0	0.0	0.0	0.0	0.0	0.0	0.0	0.0	0.0	47.37931034482761	0.0	0.07348614	-0.06530745	0.99792225	1.77016	-2.5484199999999997	2.38056	3499090.0	1776545389.9662	0.0	1.0	-1.0	-1.0	-1.0	-1.0	-1.0	-1.0	-1.0	-1.0	0.0	opened-hand	Open	1	calibration_20260418_134934	marker
-73630.845	-35932.86	-109329.705	-19629.855	0.0	0.0	0.0	0.0	0.0	0.0	0.0	0.0	0.0	0.0	0.0	0.0	0.0	0.0	47.37931034482761	0.0	0.07348614	-0.06530745	0.99792225	1.77016	-2.5484199999999997	2.38056	3499091.0	1776545389.968813	0.0	1.0	-1.0	-1.0	-1.0	-1.0	-1.0	-1.0	-1.0	-1.0	0.0	opened-hand	Open	1	calibration_20260418_134934	marker
-73731.735	-35932.5	-109483.37999999999	-19768.815	0.0	0.0	0.0	0.0	0.0	0.0	0.0	0.0	0.0	0.0	0.0	0.0	0.0	0.0	47.37931034482761	0.0	0.07348614	-0.06530745	0.99792225	1.77016	-2.5484199999999997	2.38056	3499092.0	1776545389.968827	0.0	1.0	-1.0	-1.0	-1.0	-1.0	-1.0	-1.0	-1.0	-1.0	0.0	opened-hand	Open	1	calibration_20260418_134934	marker
-73722.825	-35928.18	-109511.37	-19781.864999999998	0.0	0.0	0.0	0.0	0.0	0.0	0.0	0.0	0.0	0.0	0.0	0.0	0.0	0.0	47.37931034482761	0.0	0.07348614	-0.06530745	0.99792225	1.77016	-2.5484199999999997	2.38056	3499093.0	1776545389.972744	0.0	1.0	-1.0	-1.0	-1.0	-1.0	-1.0	-1.0	-1.0	-1.0	0.0	opened-hand	Open	1	calibration_20260418_134934	marker
-73636.69499999999	-35922.51	-109412.595	-19700.01	0.0	0.0	0.0	0.0	0.0	0.0	0.0	0.0	0.0	0.0	0.0	0.0	0.0	0.0	47.37931034482761	0.0	0.07348614	-0.06530745	0.99792225	1.77016	-2.5484199999999997	2.38056	3499094.0	1776545389.972762	0.0	1.0	-1.0	-1.0	-1.0	-1.0	-1.0	-1.0	-1.0	-1.0	0.0	opened-hand	Open	1	calibration_20260418_134934	marker
-73591.92	-35926.155	-109289.43	-19603.62	0.0	0.0	0.0	0.0	0.0	0.0	0.0	0.0	0.0	0.0	0.0	0.0	0.0	0.0	47.37931034482761	0.0	0.08398416	-0.06384261	0.99706776	3.052	-0.88508	2.88414	3499095.0	1776545389.977825	0.0	1.0	-1.0	-1.0	-1.0	-1.0	-1.0	-1.0	-1.0	-1.0	0.0	opened-hand	Open	1	calibration_20260418_134934	marker
-73507.95	-35929.619999999995	-109154.87999999999	-19494.989999999998	0.0	0.0	0.0	0.0	0.0	0.0	0.0	0.0	0.0	0.0	0.0	0.0	0.0	0.0	47.37931034482761	0.0	0.08398416	-0.06384261	0.99706776	3.052	-0.88508	2.88414	3499096.0	1776545389.977866	0.0	1.0	-1.0	-1.0	-1.0	-1.0	-1.0	-1.0	-1.0	-1.0	0.0	opened-hand	Open	1	calibration_20260418_134934	marker
-73618.965	-35945.505	-109320.705	-19583.01	0.0	0.0	0.0	0.0	0.0	0.0	0.0	0.0	0.0	0.0	0.0	0.0	0.0	0.0	47.37931034482761	0.0	0.08398416	-0.06384261	0.99706776	3.052	-0.88508	2.88414	3499097.0	1776545389.980773	0.0	1.0	-1.0	-1.0	-1.0	-1.0	-1.0	-1.0	-1.0	-1.0	0.0	opened-hand	Open	1	calibration_20260418_134934	marker
-73878.48	-35963.505	-109663.78499999999	-19915.469999999998	0.0	0.0	0.0	0.0	0.0	0.0	0.0	0.0	0.0	0.0	0.0	0.0	0.0	0.0	47.37931034482761	0.0	0.08398416	-0.06384261	0.99706776	3.052	-0.88508	2.88414	3499098.0	1776545389.980786	0.0	1.0	-1.0	-1.0	-1.0	-1.0	-1.0	-1.0	-1.0	-1.0	0.0	opened-hand	Open	1	calibration_20260418_134934	marker
-73899.765	-35953.155	-109647.81	-19965.149999999998	0.0	0.0	0.0	0.0	0.0	0.0	0.0	0.0	0.0	0.0	0.0	0.0	0.0	0.0	47.37931034482761	0.0	0.08398416	-0.06384261	0.99706776	3.052	-0.88508	2.88414	3499099.0	1776545389.98482	0.0	1.0	-1.0	-1.0	-1.0	-1.0	-1.0	-1.0	-1.0	-1.0	0.0	opened-hand	Open	1	calibration_20260418_134934	marker
-73739.205	-35931.42	-109471.86	-19796.175	0.0	0.0	0.0	0.0	0.0	0.0	0.0	0.0	0.0	0.0	0.0	0.0	0.0	0.0	47.37931034482761	0.0	0.08398416	-0.06384261	0.99706776	3.052	-0.88508	2.88414	3499100.0	1776545389.98485	0.0	1.0	-1.0	-1.0	-1.0	-1.0	-1.0	-1.0	-1.0	-1.0	0.0	opened-hand	Open	1	calibration_20260418_134934	marker
-73680.25499999999	-35919.09	-109445.805	-19719.09	0.0	0.0	0.0	0.0	0.0	0.0	0.0	0.0	0.0	0.0	0.0	0.0	0.0	0.0	47.37931034482761	0.0	0.08398416	-0.06384261	0.99706776	3.052	-0.88508	2.88414	3499101.0	1776545389.990832	0.0	1.0	-1.0	-1.0	-1.0	-1.0	-1.0	-1.0	-1.0	-1.0	0.0	opened-hand	Open	1	calibration_20260418_134934	marker
-73737.0	-35920.125	-109465.965	-19743.255	0.0	0.0	0.0	0.0	0.0	0.0	0.0	0.0	0.0	0.0	0.0	0.0	0.0	0.0	47.37931034482761	0.0	0.08398416	-0.06384261	0.99706776	3.052	-0.88508	2.88414	3499102.0	1776545389.99085	0.0	1.0	-1.0	-1.0	-1.0	-1.0	-1.0	-1.0	-1.0	-1.0	0.0	opened-hand	Open	1	calibration_20260418_134934	marker
-73772.055	-35933.13	-109551.64499999999	-19837.844999999998	0.0	0.0	0.0	0.0	0.0	0.0	0.0	0.0	0.0	0.0	0.0	0.0	0.0	0.0	47.37931034482761	0.0	0.08398416	-0.06384261	0.99706776	3.052	-0.88508	2.88414	3499103.0	1776545389.992823	0.0	1.0	-1.0	-1.0	-1.0	-1.0	-1.0	-1.0	-1.0	-1.0	0.0	opened-hand	Open	1	calibration_20260418_134934	marker
-73749.105	-35939.115	-109515.23999999999	-19795.635	0.0	0.0	0.0	0.0	0.0	0.0	0.0	0.0	0.0	0.0	0.0	0.0	0.0	0.0	47.37931034482761	0.0	0.08398416	-0.06384261	0.99706776	3.052	-0.88508	2.88414	3499104.0	1776545389.992851	0.0	1.0	-1.0	-1.0	-1.0	-1.0	-1.0	-1.0	-1.0	-1.0	0.0	opened-hand	Open	1	calibration_20260418_134934	marker
-73735.515	-35942.58	-109470.555	-19746.405	0.0	0.0	0.0	0.0	0.0	0.0	0.0	0.0	0.0	0.0	0.0	0.0	0.0	0.0	47.37931034482761	0.0	0.08312967	-0.05993637	0.998349495	4.07442	0.54936	2.62472	3499105.0	1776545389.996827	0.0	1.0	-1.0	-1.0	-1.0	-1.0	-1.0	-1.0	-1.0	-1.0	0.0	opened-hand	Open	1	calibration_20260418_134934	marker
-73801.305	-35946.494999999995	-109553.84999999999	-19828.035	0.0	0.0	0.0	0.0	0.0	0.0	0.0	0.0	0.0	0.0	0.0	0.0	0.0	0.0	47.37931034482761	0.0	0.08312967	-0.05993637	0.998349495	4.07442	0.54936	2.62472	3499106.0	1776545389.996841	0.0	1.0	-1.0	-1.0	-1.0	-1.0	-1.0	-1.0	-1.0	-1.0	0.0	opened-hand	Open	1	calibration_20260418_134934	marker
-73774.215	-35937.854999999996	-109530.855	-19818.405	0.0	0.0	0.0	0.0	0.0	0.0	0.0	0.0	0.0	0.0	0.0	0.0	0.0	0.0	47.37931034482761	0.0	0.08312967	-0.05993637	0.998349495	4.07442	0.54936	2.62472	3499107.0	1776545390.000749	0.0	1.0	-1.0	-1.0	-1.0	-1.0	-1.0	-1.0	-1.0	-1.0	0.0	opened-hand	Open	1	calibration_20260418_134934	marker
-73726.515	-35927.865	-109488.06	-19777.32	0.0	0.0	0.0	0.0	0.0	0.0	0.0	0.0	0.0	0.0	0.0	0.0	0.0	0.0	47.37931034482761	0.0	0.08312967	-0.05993637	0.998349495	4.07442	0.54936	2.62472	3499108.0	1776545390.000775	0.0	1.0	-1.0	-1.0	-1.0	-1.0	-1.0	-1.0	-1.0	-1.0	0.0	opened-hand	Open	1	calibration_20260418_134934	marker
-73633.275	-35913.825	-109368.855	-19669.14	0.0	0.0	0.0	0.0	0.0	0.0	0.0	0.0	0.0	0.0	0.0	0.0	0.0	0.0	47.37931034482761	0.0	0.08312967	-0.05993637	0.998349495	4.07442	0.54936	2.62472	3499109.0	1776545390.004747	0.0	1.0	-1.0	-1.0	-1.0	-1.0	-1.0	-1.0	-1.0	-1.0	0.0	opened-hand	Open	1	calibration_20260418_134934	marker
-73645.56	-35909.685	-109366.83	-19649.204999999998	0.0	0.0	0.0	0.0	0.0	0.0	0.0	0.0	0.0	0.0	0.0	0.0	0.0	0.0	47.37931034482761	0.0	0.08312967	-0.05993637	0.998349495	4.07442	0.54936	2.62472	3499110.0	1776545390.004757	0.0	1.0	-1.0	-1.0	-1.0	-1.0	-1.0	-1.0	-1.0	-1.0	0.0	opened-hand	Open	1	calibration_20260418_134934	marker
-73786.905	-35924.4	-109496.79	-19774.44	0.0	0.0	0.0	0.0	0.0	0.0	0.0	0.0	0.0	0.0	0.0	0.0	0.0	0.0	47.37931034482761	0.0	0.08312967	-0.05993637	0.998349495	4.07442	0.54936	2.62472	3499111.0	1776545390.015854	0.0	1.0	-1.0	-1.0	-1.0	-1.0	-1.0	-1.0	-1.0	-1.0	0.0	opened-hand	Open	1	calibration_20260418_134934	marker
-73745.955	-35932.409999999996	-109452.78	-19748.43	0.0	0.0	0.0	0.0	0.0	0.0	0.0	0.0	0.0	0.0	0.0	0.0	0.0	0.0	47.37931034482761	0.0	0.08312967	-0.05993637	0.998349495	4.07442	0.54936	2.62472	3499112.0	1776545390.015883	0.0	1.0	-1.0	-1.0	-1.0	-1.0	-1.0	-1.0	-1.0	-1.0	0.0	opened-hand	Open	1	calibration_20260418_134934	marker
-73728.98999999999	-35942.67	-109451.43	-19738.53	0.0	0.0	0.0	0.0	0.0	0.0	0.0	0.0	0.0	0.0	0.0	0.0	0.0	0.0	47.37931034482761	0.0	0.08312967	-0.05993637	0.998349495	4.07442	0.54936	2.62472	3499113.0	1776545390.01592	0.0	1.0	-1.0	-1.0	-1.0	-1.0	-1.0	-1.0	-1.0	-1.0	0.0	opened-hand	Open	1	calibration_20260418_134934	marker
-73705.41	-35944.47	-109445.625	-19720.485	0.0	0.0	0.0	0.0	0.0	0.0	0.0	0.0	0.0	0.0	0.0	0.0	0.0	0.0	47.37931034482761	0.0	0.08312967	-0.05993637	0.998349495	4.07442	0.54936	2.62472	3499114.0	1776545390.015938	0.0	1.0	-1.0	-1.0	-1.0	-1.0	-1.0	-1.0	-1.0	-1.0	0.0	opened-hand	Open	1	calibration_20260418_134934	marker
-73683.855	-35939.61	-109434.87	-19704.645	0.0	0.0	0.0	0.0	0.0	0.0	0.0	0.0	0.0	0.0	0.0	0.0	0.0	0.0	47.37931034482761	0.0	0.07421856	-0.05590806	1.003720575	5.20366	0.82404	3.54032	3499115.0	1776545390.023903	0.0	1.0	-1.0	-1.0	-1.0	-1.0	-1.0	-1.0	-1.0	-1.0	0.0	opened-hand	Open	1	calibration_20260418_134934	marker
-73537.73999999999	-35924.985	-109298.565	-19583.37	0.0	0.0	0.0	0.0	0.0	0.0	0.0	0.0	0.0	0.0	0.0	0.0	0.0	0.0	47.37931034482761	0.0	0.07421856	-0.05590806	1.003720575	5.20366	0.82404	3.54032	3499116.0	1776545390.023921	0.0	1.0	-1.0	-1.0	-1.0	-1.0	-1.0	-1.0	-1.0	-1.0	0.0	opened-hand	Open	1	calibration_20260418_134934	marker
-73682.325	-35930.205	-109447.01999999999	-19739.835	0.0	0.0	0.0	0.0	0.0	0.0	0.0	0.0	0.0	0.0	0.0	0.0	0.0	0.0	47.37931034482761	0.0	0.07421856	-0.05590806	1.003720575	5.20366	0.82404	3.54032	3499117.0	1776545390.02395	0.0	1.0	-1.0	-1.0	-1.0	-1.0	-1.0	-1.0	-1.0	-1.0	0.0	opened-hand	Open	1	calibration_20260418_134934	marker
-73797.03	-35933.31	-109549.665	-19859.219999999998	0.0	0.0	0.0	0.0	0.0	0.0	0.0	0.0	0.0	0.0	0.0	0.0	0.0	0.0	47.37931034482761	0.0	0.07421856	-0.05590806	1.003720575	5.20366	0.82404	3.54032	3499118.0	1776545390.023957	0.0	1.0	-1.0	-1.0	-1.0	-1.0	-1.0	-1.0	-1.0	-1.0	0.0	opened-hand	Open	1	calibration_20260418_134934	marker
-73798.875	-35935.65	-109557.495	-19852.469999999998	0.0	0.0	0.0	0.0	0.0	0.0	0.0	0.0	0.0	0.0	0.0	0.0	0.0	0.0	47.37931034482761	0.0	0.07421856	-0.05590806	1.003720575	5.20366	0.82404	3.54032	3499119.0	1776545390.024885	0.0	1.0	-1.0	-1.0	-1.0	-1.0	-1.0	-1.0	-1.0	-1.0	0.0	opened-hand	Open	1	calibration_20260418_134934	marker
-73731.33	-35941.814999999995	-109479.19499999999	-19754.235	0.0	0.0	0.0	0.0	0.0	0.0	0.0	0.0	0.0	0.0	0.0	0.0	0.0	0.0	47.37931034482761	0.0	0.07421856	-0.05590806	1.003720575	5.20366	0.82404	3.54032	3499120.0	1776545390.024906	0.0	1.0	-1.0	-1.0	-1.0	-1.0	-1.0	-1.0	-1.0	-1.0	0.0	opened-hand	Open	1	calibration_20260418_134934	marker
-73675.89	-35948.115	-109344.87	-19641.465	0.0	0.0	0.0	0.0	0.0	0.0	0.0	0.0	0.0	0.0	0.0	0.0	0.0	0.0	47.37931034482761	0.0	0.07421856	-0.05590806	1.003720575	5.20366	0.82404	3.54032	3499121.0	1776545390.028957	0.0	1.0	-1.0	-1.0	-1.0	-1.0	-1.0	-1.0	-1.0	-1.0	0.0	opened-hand	Open	1	calibration_20260418_134934	marker
-73735.515	-35954.955	-109371.95999999999	-19637.145	0.0	0.0	0.0	0.0	0.0	0.0	0.0	0.0	0.0	0.0	0.0	0.0	0.0	0.0	47.37931034482761	0.0	0.07421856	-0.05590806	1.003720575	5.20366	0.82404	3.54032	3499122.0	1776545390.02898	0.0	1.0	-1.0	-1.0	-1.0	-1.0	-1.0	-1.0	-1.0	-1.0	0.0	opened-hand	Open	1	calibration_20260418_134934	marker
-73672.155	-35952.299999999996	-109450.215	-19708.425	0.0	0.0	0.0	0.0	0.0	0.0	0.0	0.0	0.0	0.0	0.0	0.0	0.0	0.0	47.37931034482761	0.0	0.07421856	-0.05590806	1.003720575	5.20366	0.82404	3.54032	3499123.0	1776545390.032904	0.0	1.0	-1.0	-1.0	-1.0	-1.0	-1.0	-1.0	-1.0	-1.0	0.0	opened-hand	Open	1	calibration_20260418_134934	marker
-73680.12	-35940.24	-109489.995	-19759.14	0.0	0.0	0.0	0.0	0.0	0.0	0.0	0.0	0.0	0.0	0.0	0.0	0.0	0.0	47.37931034482761	0.0	0.07421856	-0.05590806	1.003720575	5.20366	0.82404	3.54032	3499124.0	1776545390.032926	0.0	1.0	-1.0	-1.0	-1.0	-1.0	-1.0	-1.0	-1.0	-1.0	0.0	opened-hand	Open	1	calibration_20260418_134934	marker
-73753.69499999999	-35931.689999999995	-109489.185	-19773.945	0.0	0.0	0.0	0.0	0.0	0.0	0.0	0.0	0.0	0.0	0.0	0.0	0.0	0.0	47.37931034482761	0.0	0.061035	-0.053283555	1.012997895	3.7539599999999997	-0.04578	4.0439	3499125.0	1776545390.041031	0.0	1.0	-1.0	-1.0	-1.0	-1.0	-1.0	-1.0	-1.0	-1.0	0.0	opened-hand	Open	1	calibration_20260418_134934	marker
-73679.48999999999	-35919.09	-109430.955	-19733.715	0.0	0.0	0.0	0.0	0.0	0.0	0.0	0.0	0.0	0.0	0.0	0.0	0.0	0.0	47.37931034482761	0.0	0.061035	-0.053283555	1.012997895	3.7539599999999997	-0.04578	4.0439	3499126.0	1776545390.041054	0.0	1.0	-1.0	-1.0	-1.0	-1.0	-1.0	-1.0	-1.0	-1.0	0.0	opened-hand	Open	1	calibration_20260418_134934	marker
-73746.72	-35925.57	-109547.415	-19829.655	0.0	0.0	0.0	0.0	0.0	0.0	0.0	0.0	0.0	0.0	0.0	0.0	0.0	0.0	47.37931034482761	0.0	0.061035	-0.053283555	1.012997895	3.7539599999999997	-0.04578	4.0439	3499127.0	1776545390.041072	0.0	1.0	-1.0	-1.0	-1.0	-1.0	-1.0	-1.0	-1.0	-1.0	0.0	opened-hand	Open	1	calibration_20260418_134934	marker
-73783.53	-35935.244999999995	-109554.165	-19839.87	0.0	0.0	0.0	0.0	0.0	0.0	0.0	0.0	0.0	0.0	0.0	0.0	0.0	0.0	47.37931034482761	0.0	0.061035	-0.053283555	1.012997895	3.7539599999999997	-0.04578	4.0439	3499128.0	1776545390.041078	0.0	1.0	-1.0	-1.0	-1.0	-1.0	-1.0	-1.0	-1.0	-1.0	0.0	opened-hand	Open	1	calibration_20260418_134934	marker
-73772.09999999999	-35942.985	-109471.36499999999	-19771.829999999998	0.0	0.0	0.0	0.0	0.0	0.0	0.0	0.0	0.0	0.0	0.0	0.0	0.0	0.0	47.37931034482761	0.0	0.061035	-0.053283555	1.012997895	3.7539599999999997	-0.04578	4.0439	3499129.0	1776545390.048561	0.0	1.0	-1.0	-1.0	-1.0	-1.0	-1.0	-1.0	-1.0	-1.0	0.0	opened-hand	Open	1	calibration_20260418_134934	marker
-73716.075	-35946.54	-109416.465	-19709.415	0.0	0.0	0.0	0.0	0.0	0.0	0.0	0.0	0.0	0.0	0.0	0.0	0.0	0.0	47.37931034482761	0.0	0.061035	-0.053283555	1.012997895	3.7539599999999997	-0.04578	4.0439	3499130.0	1776545390.048587	0.0	1.0	-1.0	-1.0	-1.0	-1.0	-1.0	-1.0	-1.0	-1.0	0.0	opened-hand	Open	1	calibration_20260418_134934	marker
-73762.065	-35949.6	-109501.33499999999	-19789.469999999998	0.0	0.0	0.0	0.0	0.0	0.0	0.0	0.0	0.0	0.0	0.0	0.0	0.0	0.0	47.37931034482761	0.0	0.061035	-0.053283555	1.012997895	3.7539599999999997	-0.04578	4.0439	3499131.0	1776545390.048813	0.0	1.0	-1.0	-1.0	-1.0	-1.0	-1.0	-1.0	-1.0	-1.0	0.0	opened-hand	Open	1	calibration_20260418_134934	marker
-73783.215	-35948.205	-109524.19499999999	-19805.085	0.0	0.0	0.0	0.0	0.0	0.0	0.0	0.0	0.0	0.0	0.0	0.0	0.0	0.0	47.37931034482761	0.0	0.061035	-0.053283555	1.012997895	3.7539599999999997	-0.04578	4.0439	3499132.0	1776545390.048835	0.0	1.0	-1.0	-1.0	-1.0	-1.0	-1.0	-1.0	-1.0	-1.0	0.0	opened-hand	Open	1	calibration_20260418_134934	marker
-73697.94	-35939.07	-109464.20999999999	-19738.89	0.0	0.0	0.0	0.0	0.0	0.0	0.0	0.0	0.0	0.0	0.0	0.0	0.0	0.0	47.37931034482761	0.0	0.061035	-0.053283555	1.012997895	3.7539599999999997	-0.04578	4.0439	3499133.0	1776545390.05279	0.0	1.0	-1.0	-1.0	-1.0	-1.0	-1.0	-1.0	-1.0	-1.0	0.0	opened-hand	Open	1	calibration_20260418_134934	marker
-73622.655	-35932.59	-109407.33	-19665.855	0.0	0.0	0.0	0.0	0.0	0.0	0.0	0.0	0.0	0.0	0.0	0.0	0.0	0.0	47.37931034482761	0.0	0.061035	-0.053283555	1.012997895	3.7539599999999997	-0.04578	4.0439	3499134.0	1776545390.052799	0.0	1.0	-1.0	-1.0	-1.0	-1.0	-1.0	-1.0	-1.0	-1.0	0.0	opened-hand	Open	1	calibration_20260418_134934	marker
-73612.53	-35931.689999999995	-109376.37	-19649.745	0.0	0.0	0.0	0.0	0.0	0.0	0.0	0.0	0.0	0.0	0.0	0.0	0.0	0.0	47.37931034482761	0.0	0.056213235	-0.053771835000000004	1.018002765	1.89224	-0.88508	3.8607799999999997	3499135.0	1776545390.058575	0.0	1.0	-1.0	-1.0	-1.0	-1.0	-1.0	-1.0	-1.0	-1.0	0.0	opened-hand	Open	1	calibration_20260418_134934	marker
-73623.19499999999	-35935.965	-109348.245	-19645.695	0.0	0.0	0.0	0.0	0.0	0.0	0.0	0.0	0.0	0.0	0.0	0.0	0.0	0.0	47.37931034482761	0.0	0.056213235	-0.053771835000000004	1.018002765	1.89224	-0.88508	3.8607799999999997	3499136.0	1776545390.058596	0.0	1.0	-1.0	-1.0	-1.0	-1.0	-1.0	-1.0	-1.0	-1.0	0.0	opened-hand	Open	1	calibration_20260418_134934	marker
-73485.98999999999	-35937.945	-109228.095	-19526.895	0.0	0.0	0.0	0.0	0.0	0.0	0.0	0.0	0.0	0.0	0.0	0.0	0.0	0.0	47.37931034482761	0.0	0.056213235	-0.053771835000000004	1.018002765	1.89224	-0.88508	3.8607799999999997	3499137.0	1776545390.064097	0.0	1.0	-1.0	-1.0	-1.0	-1.0	-1.0	-1.0	-1.0	-1.0	0.0	opened-hand	Open	1	calibration_20260418_134934	marker
-73724.895	-35956.935	-109391.58	-19710.765	0.0	0.0	0.0	0.0	0.0	0.0	0.0	0.0	0.0	0.0	0.0	0.0	0.0	0.0	47.37931034482761	0.0	0.056213235	-0.053771835000000004	1.018002765	1.89224	-0.88508	3.8607799999999997	3499138.0	1776545390.064112	0.0	1.0	-1.0	-1.0	-1.0	-1.0	-1.0	-1.0	-1.0	-1.0	0.0	opened-hand	Open	1	calibration_20260418_134934	marker
-73902.59999999999	-35969.04	-109549.485	-19851.344999999998	0.0	0.0	0.0	0.0	0.0	0.0	0.0	0.0	0.0	0.0	0.0	0.0	0.0	0.0	47.37931034482761	0.0	0.056213235	-0.053771835000000004	1.018002765	1.89224	-0.88508	3.8607799999999997	3499139.0	1776545390.064927	0.0	1.0	-1.0	-1.0	-1.0	-1.0	-1.0	-1.0	-1.0	-1.0	0.0	opened-hand	Open	1	calibration_20260418_134934	marker
-73810.665	-35961.84	-109612.62	-19842.255	0.0	0.0	0.0	0.0	0.0	0.0	0.0	0.0	0.0	0.0	0.0	0.0	0.0	0.0	47.37931034482761	0.0	0.056213235	-0.053771835000000004	1.018002765	1.89224	-0.88508	3.8607799999999997	3499140.0	1776545390.064952	0.0	1.0	-1.0	-1.0	-1.0	-1.0	-1.0	-1.0	-1.0	-1.0	0.0	opened-hand	Open	1	calibration_20260418_134934	marker
-73718.325	-35947.89	-109519.965	-19774.53	0.0	0.0	0.0	0.0	0.0	0.0	0.0	0.0	0.0	0.0	0.0	0.0	0.0	0.0	47.37931034482761	0.0	0.056213235	-0.053771835000000004	1.018002765	1.89224	-0.88508	3.8607799999999997	3499141.0	1776545390.072123	0.0	1.0	-1.0	-1.0	-1.0	-1.0	-1.0	-1.0	-1.0	-1.0	0.0	opened-hand	Open	1	calibration_20260418_134934	marker
-73683.22499999999	-35936.595	-109428.3	-19716.03	0.0	0.0	0.0	0.0	0.0	0.0	0.0	0.0	0.0	0.0	0.0	0.0	0.0	0.0	47.37931034482761	0.0	0.056213235	-0.053771835000000004	1.018002765	1.89224	-0.88508	3.8607799999999997	3499142.0	1776545390.072135	0.0	1.0	-1.0	-1.0	-1.0	-1.0	-1.0	-1.0	-1.0	-1.0	0.0	opened-hand	Open	1	calibration_20260418_134934	marker
-73721.97	-35937.81	-109479.555	-19752.84	0.0	0.0	0.0	0.0	0.0	0.0	0.0	0.0	0.0	0.0	0.0	0.0	0.0	0.0	47.37931034482761	0.0	0.056213235	-0.053771835000000004	1.018002765	1.89224	-0.88508	3.8607799999999997	3499143.0	1776545390.07288	0.0	1.0	-1.0	-1.0	-1.0	-1.0	-1.0	-1.0	-1.0	-1.0	0.0	opened-hand	Open	1	calibration_20260418_134934	marker
-73730.11499999999	-35946.27	-109509.65999999999	-19759.23	0.0	0.0	0.0	0.0	0.0	0.0	0.0	0.0	0.0	0.0	0.0	0.0	0.0	0.0	47.37931034482761	0.0	0.056213235	-0.053771835000000004	1.018002765	1.89224	-0.88508	3.8607799999999997	3499144.0	1776545390.072889	0.0	1.0	-1.0	-1.0	-1.0	-1.0	-1.0	-1.0	-1.0	-1.0	0.0	opened-hand	Open	1	calibration_20260418_134934	marker
-73609.02	-35949.51	-109400.48999999999	-19679.13	0.0	0.0	0.0	0.0	0.0	0.0	0.0	0.0	0.0	0.0	0.0	0.0	0.0	0.0	47.37931034482761	0.0	0.06335433	-0.063537435	1.020932445	0.6409199999999999	-1.2207999999999999	3.3571999999999997	3499145.0	1776545390.076958	0.0	1.0	-1.0	-1.0	-1.0	-1.0	-1.0	-1.0	-1.0	-1.0	0.0	opened-hand	Open	1	calibration_20260418_134934	marker
-73565.09999999999	-35948.88	-109366.92	-19637.415	0.0	0.0	0.0	0.0	0.0	0.0	0.0	0.0	0.0	0.0	0.0	0.0	0.0	0.0	47.37931034482761	0.0	0.06335433	-0.063537435	1.020932445	0.6409199999999999	-1.2207999999999999	3.3571999999999997	3499146.0	1776545390.076982	0.0	1.0	-1.0	-1.0	-1.0	-1.0	-1.0	-1.0	-1.0	-1.0	0.0	opened-hand	Open	1	calibration_20260418_134934	marker
-73730.87999999999	-35953.064999999995	-109431.495	-19692.315	0.0	0.0	0.0	0.0	0.0	0.0	0.0	0.0	0.0	0.0	0.0	0.0	0.0	0.0	47.37931034482761	0.0	0.06335433	-0.063537435	1.020932445	0.6409199999999999	-1.2207999999999999	3.3571999999999997	3499147.0	1776545390.081013	0.0	1.0	-1.0	-1.0	-1.0	-1.0	-1.0	-1.0	-1.0	-1.0	0.0	opened-hand	Open	1	calibration_20260418_134934	marker
-73791.405	-35950.32	-109519.37999999999	-19780.245	0.0	0.0	0.0	0.0	0.0	0.0	0.0	0.0	0.0	0.0	0.0	0.0	0.0	0.0	47.37931034482761	0.0	0.06335433	-0.063537435	1.020932445	0.6409199999999999	-1.2207999999999999	3.3571999999999997	3499148.0	1776545390.081025	0.0	1.0	-1.0	-1.0	-1.0	-1.0	-1.0	-1.0	-1.0	-1.0	0.0	opened-hand	Open	1	calibration_20260418_134934	marker
-73698.39	-35938.439999999995	-109453.59	-19718.684999999998	0.0	0.0	0.0	0.0	0.0	0.0	0.0	0.0	0.0	0.0	0.0	0.0	0.0	0.0	47.37931034482761	0.0	0.06335433	-0.063537435	1.020932445	0.6409199999999999	-1.2207999999999999	3.3571999999999997	3499149.0	1776545390.085025	0.0	1.0	-1.0	-1.0	-1.0	-1.0	-1.0	-1.0	-1.0	-1.0	0.0	opened-hand	Open	1	calibration_20260418_134934	marker
-73665.765	-35931.06	-109398.465	-19663.02	0.0	0.0	0.0	0.0	0.0	0.0	0.0	0.0	0.0	0.0	0.0	0.0	0.0	0.0	47.37931034482761	0.0	0.06335433	-0.063537435	1.020932445	0.6409199999999999	-1.2207999999999999	3.3571999999999997	3499150.0	1776545390.085047	0.0	1.0	-1.0	-1.0	-1.0	-1.0	-1.0	-1.0	-1.0	-1.0	0.0	opened-hand	Open	1	calibration_20260418_134934	marker
-73753.425	-35939.34	-109513.44	-19786.454999999998	0.0	0.0	0.0	0.0	0.0	0.0	0.0	0.0	0.0	0.0	0.0	0.0	0.0	0.0	47.37931034482761	0.0	0.06335433	-0.063537435	1.020932445	0.6409199999999999	-1.2207999999999999	3.3571999999999997	3499151.0	1776545390.08897	0.0	1.0	-1.0	-1.0	-1.0	-1.0	-1.0	-1.0	-1.0	-1.0	0.0	opened-hand	Open	1	calibration_20260418_134934	marker
-73752.3	-35948.475	-109532.205	-19808.37	0.0	0.0	0.0	0.0	0.0	0.0	0.0	0.0	0.0	0.0	0.0	0.0	0.0	0.0	47.37931034482761	0.0	0.06335433	-0.063537435	1.020932445	0.6409199999999999	-1.2207999999999999	3.3571999999999997	3499152.0	1776545390.088987	0.0	1.0	-1.0	-1.0	-1.0	-1.0	-1.0	-1.0	-1.0	-1.0	0.0	opened-hand	Open	1	calibration_20260418_134934	marker
-73767.19499999999	-35954.415	-109530.765	-19804.454999999998	0.0	0.0	0.0	0.0	0.0	0.0	0.0	0.0	0.0	0.0	0.0	0.0	0.0	0.0	47.37931034482761	0.0	0.06335433	-0.063537435	1.020932445	0.6409199999999999	-1.2207999999999999	3.3571999999999997	3499153.0	1776545390.093069	0.0	1.0	-1.0	-1.0	-1.0	-1.0	-1.0	-1.0	-1.0	-1.0	0.0	opened-hand	Open	1	calibration_20260418_134934	marker
-73786.68	-35957.88	-109531.53	-19808.505	0.0	0.0	0.0	0.0	0.0	0.0	0.0	0.0	0.0	0.0	0.0	0.0	0.0	0.0	47.37931034482761	0.0	0.06335433	-0.063537435	1.020932445	0.6409199999999999	-1.2207999999999999	3.3571999999999997	3499154.0	1776545390.093092	0.0	1.0	-1.0	-1.0	-1.0	-1.0	-1.0	-1.0	-1.0	-1.0	0.0	opened-hand	Open	1	calibration_20260418_134934	marker
-73740.78	-35954.415	-109520.45999999999	-19774.89	0.0	0.0	0.0	0.0	0.0	0.0	0.0	0.0	0.0	0.0	0.0	0.0	0.0	0.0	47.37931034482761	0.0	0.07373028	-0.0744627	1.02074934	2.7468	-0.57988	2.0295799999999997	3499155.0	1776545390.097073	0.0	1.0	-1.0	-1.0	-1.0	-1.0	-1.0	-1.0	-1.0	-1.0	0.0	opened-hand	Open	1	calibration_20260418_134934	marker
-73765.89	-35953.155	-109507.68	-19784.385	0.0	0.0	0.0	0.0	0.0	0.0	0.0	0.0	0.0	0.0	0.0	0.0	0.0	0.0	47.37931034482761	0.0	0.07373028	-0.0744627	1.02074934	2.7468	-0.57988	2.0295799999999997	3499156.0	1776545390.09709	0.0	1.0	-1.0	-1.0	-1.0	-1.0	-1.0	-1.0	-1.0	-1.0	0.0	opened-hand	Open	1	calibration_20260418_134934	marker
-73755.675	-35952.93	-109479.555	-19778.67	0.0	0.0	0.0	0.0	0.0	0.0	0.0	0.0	0.0	0.0	0.0	0.0	0.0	0.0	47.37931034482761	0.0	0.07373028	-0.0744627	1.02074934	2.7468	-0.57988	2.0295799999999997	3499157.0	1776545390.101103	0.0	1.0	-1.0	-1.0	-1.0	-1.0	-1.0	-1.0	-1.0	-1.0	0.0	opened-hand	Open	1	calibration_20260418_134934	marker
-73687.635	-35948.744999999995	-109439.81999999999	-19719.405	0.0	0.0	0.0	0.0	0.0	0.0	0.0	0.0	0.0	0.0	0.0	0.0	0.0	0.0	47.37931034482761	0.0	0.07373028	-0.0744627	1.02074934	2.7468	-0.57988	2.0295799999999997	3499158.0	1776545390.101126	0.0	1.0	-1.0	-1.0	-1.0	-1.0	-1.0	-1.0	-1.0	-1.0	0.0	opened-hand	Open	1	calibration_20260418_134934	marker
-73722.33	-35951.58	-109483.425	-19732.184999999998	0.0	0.0	0.0	0.0	0.0	0.0	0.0	0.0	0.0	0.0	0.0	0.0	0.0	0.0	47.37931034482761	0.0	0.07373028	-0.0744627	1.02074934	2.7468	-0.57988	2.0295799999999997	3499159.0	1776545390.105078	0.0	1.0	-1.0	-1.0	-1.0	-1.0	-1.0	-1.0	-1.0	-1.0	0.0	opened-hand	Open	1	calibration_20260418_134934	marker
-73685.61	-35951.31	-109414.89	-19679.489999999998	0.0	0.0	0.0	0.0	0.0	0.0	0.0	0.0	0.0	0.0	0.0	0.0	0.0	0.0	47.37931034482761	0.0	0.07373028	-0.0744627	1.02074934	2.7468	-0.57988	2.0295799999999997	3499160.0	1776545390.105092	0.0	1.0	-1.0	-1.0	-1.0	-1.0	-1.0	-1.0	-1.0	-1.0	0.0	opened-hand	Open	1	calibration_20260418_134934	marker
-73521.36	-35943.795	-109242.36	-19519.965	0.0	0.0	0.0	0.0	0.0	0.0	0.0	0.0	0.0	0.0	0.0	0.0	0.0	0.0	47.37931034482761	0.0	0.07373028	-0.0744627	1.02074934	2.7468	-0.57988	2.0295799999999997	3499161.0	1776545390.109226	0.0	1.0	-1.0	-1.0	-1.0	-1.0	-1.0	-1.0	-1.0	-1.0	0.0	opened-hand	Open	1	calibration_20260418_134934	marker
-73532.87999999999	-35946.81	-109284.56999999999	-19549.26	0.0	0.0	0.0	0.0	0.0	0.0	0.0	0.0	0.0	0.0	0.0	0.0	0.0	0.0	47.37931034482761	0.0	0.07373028	-0.0744627	1.02074934	2.7468	-0.57988	2.0295799999999997	3499162.0	1776545390.109265	0.0	1.0	-1.0	-1.0	-1.0	-1.0	-1.0	-1.0	-1.0	-1.0	0.0	opened-hand	Open	1	calibration_20260418_134934	marker
-73849.995	-35966.61	-109601.50499999999	-19846.755	0.0	0.0	0.0	0.0	0.0	0.0	0.0	0.0	0.0	0.0	0.0	0.0	0.0	0.0	47.37931034482761	0.0	0.07373028	-0.0744627	1.02074934	2.7468	-0.57988	2.0295799999999997	3499163.0	1776545390.114592	0.0	1.0	-1.0	-1.0	-1.0	-1.0	-1.0	-1.0	-1.0	-1.0	0.0	opened-hand	Open	1	calibration_20260418_134934	marker
-73788.61499999999	-35964.09	-109544.53499999999	-19790.594999999998	0.0	0.0	0.0	0.0	0.0	0.0	0.0	0.0	0.0	0.0	0.0	0.0	0.0	0.0	47.37931034482761	0.0	0.07373028	-0.0744627	1.02074934	2.7468	-0.57988	2.0295799999999997	3499164.0	1776545390.114608	0.0	1.0	-1.0	-1.0	-1.0	-1.0	-1.0	-1.0	-1.0	-1.0	0.0	opened-hand	Open	1	calibration_20260418_134934	marker
-73698.03	-35959.005	-109483.2	-19753.605	0.0	0.0	0.0	0.0	0.0	0.0	0.0	0.0	0.0	0.0	0.0	0.0	0.0	0.0	47.37931034482761	0.0	0.07983378000000001	-0.082336215	1.022153145	4.577999999999999	-1.0682	1.57178	3499165.0	1776545390.117	0.0	1.0	-1.0	-1.0	-1.0	-1.0	-1.0	-1.0	-1.0	-1.0	0.0	opened-hand	Open	1	calibration_20260418_134934	marker
-73749.51	-35964.405	-109545.93	-19809.09	0.0	0.0	0.0	0.0	0.0	0.0	0.0	0.0	0.0	0.0	0.0	0.0	0.0	0.0	47.37931034482761	0.0	0.07983378000000001	-0.082336215	1.022153145	4.577999999999999	-1.0682	1.57178	3499166.0	1776545390.11702	0.0	1.0	-1.0	-1.0	-1.0	-1.0	-1.0	-1.0	-1.0	-1.0	0.0	opened-hand	Open	1	calibration_20260418_134934	marker
-73764.495	-35969.805	-109563.97499999999	-19831.635	0.0	0.0	0.0	0.0	0.0	0.0	0.0	0.0	0.0	0.0	0.0	0.0	0.0	0.0	47.37931034482761	0.0	0.07983378000000001	-0.082336215	1.022153145	4.577999999999999	-1.0682	1.57178	3499167.0	1776545390.123806	0.0	1.0	-1.0	-1.0	-1.0	-1.0	-1.0	-1.0	-1.0	-1.0	0.0	opened-hand	Open	1	calibration_20260418_134934	marker
-73813.59	-35971.244999999995	-109575.135	-19840.32	0.0	0.0	0.0	0.0	0.0	0.0	0.0	0.0	0.0	0.0	0.0	0.0	0.0	0.0	47.37931034482761	0.0	0.07983378000000001	-0.082336215	1.022153145	4.577999999999999	-1.0682	1.57178	3499168.0	1776545390.12382	0.0	1.0	-1.0	-1.0	-1.0	-1.0	-1.0	-1.0	-1.0	-1.0	0.0	opened-hand	Open	1	calibration_20260418_134934	marker
-73769.175	-35971.2	-109503.22499999999	-19780.605	0.0	0.0	0.0	0.0	0.0	0.0	0.0	0.0	0.0	0.0	0.0	0.0	0.0	0.0	47.37931034482761	0.0	0.07983378000000001	-0.082336215	1.022153145	4.577999999999999	-1.0682	1.57178	3499169.0	1776545390.125024	0.0	1.0	-1.0	-1.0	-1.0	-1.0	-1.0	-1.0	-1.0	-1.0	0.0	opened-hand	Open	1	calibration_20260418_134934	marker
-73660.77	-35969.715	-109357.83	-19635.39	0.0	0.0	0.0	0.0	0.0	0.0	0.0	0.0	0.0	0.0	0.0	0.0	0.0	0.0	47.37931034482761	0.0	0.07983378000000001	-0.082336215	1.022153145	4.577999999999999	-1.0682	1.57178	3499170.0	1776545390.125049	0.0	1.0	-1.0	-1.0	-1.0	-1.0	-1.0	-1.0	-1.0	-1.0	0.0	opened-hand	Open	1	calibration_20260418_134934	marker
-73620.0	-35969.445	-109364.48999999999	-19630.215	0.0	0.0	0.0	0.0	0.0	0.0	0.0	0.0	0.0	0.0	0.0	0.0	0.0	0.0	47.37931034482761	0.0	0.07983378000000001	-0.082336215	1.022153145	4.577999999999999	-1.0682	1.57178	3499171.0	1776545390.129949	0.0	1.0	-1.0	-1.0	-1.0	-1.0	-1.0	-1.0	-1.0	-1.0	0.0	opened-hand	Open	1	calibration_20260418_134934	marker
-73705.5	-35971.47	-109477.70999999999	-19734.795	0.0	0.0	0.0	0.0	0.0	0.0	0.0	0.0	0.0	0.0	0.0	0.0	0.0	0.0	47.37931034482761	0.0	0.07983378000000001	-0.082336215	1.022153145	4.577999999999999	-1.0682	1.57178	3499172.0	1776545390.129979	0.0	1.0	-1.0	-1.0	-1.0	-1.0	-1.0	-1.0	-1.0	-1.0	0.0	opened-hand	Open	1	calibration_20260418_134934	marker
-73757.565	-35970.03	-109528.965	-19786.094999999998	0.0	0.0	0.0	0.0	0.0	0.0	0.0	0.0	0.0	0.0	0.0	0.0	0.0	0.0	47.37931034482761	0.0	0.07983378000000001	-0.082336215	1.022153145	4.577999999999999	-1.0682	1.57178	3499173.0	1776545390.133095	0.0	1.0	-1.0	-1.0	-1.0	-1.0	-1.0	-1.0	-1.0	-1.0	0.0	opened-hand	Open	1	calibration_20260418_134934	marker
-73674.855	-35963.505	-109444.76999999999	-19711.35	0.0	0.0	0.0	0.0	0.0	0.0	0.0	0.0	0.0	0.0	0.0	0.0	0.0	0.0	47.37931034482761	0.0	0.07983378000000001	-0.082336215	1.022153145	4.577999999999999	-1.0682	1.57178	3499174.0	1776545390.133122	0.0	1.0	-1.0	-1.0	-1.0	-1.0	-1.0	-1.0	-1.0	-1.0	0.0	opened-hand	Open	1	calibration_20260418_134934	marker
-73706.895	-35964.09	-109473.48	-19758.915	0.0	0.0	0.0	0.0	0.0	0.0	0.0	0.0	0.0	0.0	0.0	0.0	0.0	0.0	47.37931034482761	0.0	0.079162395	-0.08264139	1.0220310750000001	6.6381	-1.4802199999999999	0.2289	3499175.0	1776545390.137154	0.0	1.0	-1.0	-1.0	-1.0	-1.0	-1.0	-1.0	-1.0	-1.0	0.0	opened-hand	Open	1	calibration_20260418_134934	marker
-73762.69499999999	-35968.545	-109491.20999999999	-19804.815	0.0	0.0	0.0	0.0	0.0	0.0	0.0	0.0	0.0	0.0	0.0	0.0	0.0	0.0	47.37931034482761	0.0	0.079162395	-0.08264139	1.0220310750000001	6.6381	-1.4802199999999999	0.2289	3499176.0	1776545390.137166	0.0	1.0	-1.0	-1.0	-1.0	-1.0	-1.0	-1.0	-1.0	-1.0	0.0	opened-hand	Open	1	calibration_20260418_134934	marker
-73730.43	-35972.685	-109460.205	-19752.03	0.0	0.0	0.0	0.0	0.0	0.0	0.0	0.0	0.0	0.0	0.0	0.0	0.0	0.0	47.37931034482761	0.0	0.079162395	-0.08264139	1.0220310750000001	6.6381	-1.4802199999999999	0.2289	3499177.0	1776545390.141299	0.0	1.0	-1.0	-1.0	-1.0	-1.0	-1.0	-1.0	-1.0	-1.0	0.0	opened-hand	Open	1	calibration_20260418_134934	marker
-73696.275	-35978.354999999996	-109494.98999999999	-19725.39	0.0	0.0	0.0	0.0	0.0	0.0	0.0	0.0	0.0	0.0	0.0	0.0	0.0	0.0	47.37931034482761	0.0	0.079162395	-0.08264139	1.0220310750000001	6.6381	-1.4802199999999999	0.2289	3499178.0	1776545390.141373	0.0	1.0	-1.0	-1.0	-1.0	-1.0	-1.0	-1.0	-1.0	-1.0	0.0	opened-hand	Open	1	calibration_20260418_134934	marker
-73572.56999999999	-35969.939999999995	-109322.86499999999	-19561.68	0.0	0.0	0.0	0.0	0.0	0.0	0.0	0.0	0.0	0.0	0.0	0.0	0.0	0.0	47.37931034482761	0.0	0.079162395	-0.08264139	1.0220310750000001	6.6381	-1.4802199999999999	0.2289	3499179.0	1776545390.145198	0.0	1.0	-1.0	-1.0	-1.0	-1.0	-1.0	-1.0	-1.0	-1.0	0.0	opened-hand	Open	1	calibration_20260418_134934	marker
-73587.105	-35963.865	-109286.55	-19534.905	0.0	0.0	0.0	0.0	0.0	0.0	0.0	0.0	0.0	0.0	0.0	0.0	0.0	0.0	47.37931034482761	0.0	0.079162395	-0.08264139	1.0220310750000001	6.6381	-1.4802199999999999	0.2289	3499180.0	1776545390.145227	0.0	1.0	-1.0	-1.0	-1.0	-1.0	-1.0	-1.0	-1.0	-1.0	0.0	opened-hand	Open	1	calibration_20260418_134934	marker
-73828.75499999999	-35976.15	-109597.59	-19838.114999999998	0.0	0.0	0.0	0.0	0.0	0.0	0.0	0.0	0.0	0.0	0.0	0.0	0.0	0.0	47.37931034482761	0.0	0.079162395	-0.08264139	1.0220310750000001	6.6381	-1.4802199999999999	0.2289	3499181.0	1776545390.149212	0.0	1.0	-1.0	-1.0	-1.0	-1.0	-1.0	-1.0	-1.0	-1.0	0.0	opened-hand	Open	1	calibration_20260418_134934	marker
-73845.495	-35975.295	-109646.90999999999	-19909.44	0.0	0.0	0.0	0.0	0.0	0.0	0.0	0.0	0.0	0.0	0.0	0.0	0.0	0.0	47.37931034482761	0.0	0.079162395	-0.08264139	1.0220310750000001	6.6381	-1.4802199999999999	0.2289	3499182.0	1776545390.149238	0.0	1.0	-1.0	-1.0	-1.0	-1.0	-1.0	-1.0	-1.0	-1.0	0.0	opened-hand	Open	1	calibration_20260418_134934	marker
-73782.09	-35970.39	-109561.185	-19813.905	0.0	0.0	0.0	0.0	0.0	0.0	0.0	0.0	0.0	0.0	0.0	0.0	0.0	0.0	47.37931034482761	0.0	0.079162395	-0.08264139	1.0220310750000001	6.6381	-1.4802199999999999	0.2289	3499183.0	1776545390.15581	0.0	1.0	-1.0	-1.0	-1.0	-1.0	-1.0	-1.0	-1.0	-1.0	0.0	opened-hand	Open	1	calibration_20260418_134934	marker
-73756.035	-35968.905	-109554.345	-19799.145	0.0	0.0	0.0	0.0	0.0	0.0	0.0	0.0	0.0	0.0	0.0	0.0	0.0	0.0	47.37931034482761	0.0	0.079162395	-0.08264139	1.0220310750000001	6.6381	-1.4802199999999999	0.2289	3499184.0	1776545390.155823	0.0	1.0	-1.0	-1.0	-1.0	-1.0	-1.0	-1.0	-1.0	-1.0	0.0	opened-hand	Open	1	calibration_20260418_134934	marker
-73730.745	-35969.22	-109527.48	-19776.465	0.0	0.0	0.0	0.0	0.0	0.0	0.0	0.0	0.0	0.0	0.0	0.0	0.0	0.0	47.37931034482761	0.0	0.07287579	-0.0756834	1.01989485	5.70724	-1.3734	-0.65618	3499185.0	1776545390.157094	0.0	1.0	-1.0	-1.0	-1.0	-1.0	-1.0	-1.0	-1.0	-1.0	0.0	opened-hand	Open	1	calibration_20260418_134934	marker
-73717.2	-35971.74	-109508.985	-19768.41	0.0	0.0	0.0	0.0	0.0	0.0	0.0	0.0	0.0	0.0	0.0	0.0	0.0	0.0	47.37931034482761	0.0	0.07287579	-0.0756834	1.01989485	5.70724	-1.3734	-0.65618	3499186.0	1776545390.157111	0.0	1.0	-1.0	-1.0	-1.0	-1.0	-1.0	-1.0	-1.0	-1.0	0.0	opened-hand	Open	1	calibration_20260418_134934	marker
-73677.51	-35971.11	-109473.345	-19737.045	0.0	0.0	0.0	0.0	0.0	0.0	0.0	0.0	0.0	0.0	0.0	0.0	0.0	0.0	47.37931034482761	0.0	0.07287579	-0.0756834	1.01989485	5.70724	-1.3734	-0.65618	3499187.0	1776545390.161167	0.0	1.0	-1.0	-1.0	-1.0	-1.0	-1.0	-1.0	-1.0	-1.0	0.0	opened-hand	Open	1	calibration_20260418_134934	marker
-73700.86499999999	-35969.85	-109433.11499999999	-19689.21	0.0	0.0	0.0	0.0	0.0	0.0	0.0	0.0	0.0	0.0	0.0	0.0	0.0	0.0	47.37931034482761	0.0	0.07287579	-0.0756834	1.01989485	5.70724	-1.3734	-0.65618	3499188.0	1776545390.161195	0.0	1.0	-1.0	-1.0	-1.0	-1.0	-1.0	-1.0	-1.0	-1.0	0.0	opened-hand	Open	1	calibration_20260418_134934	marker
-73651.68	-35962.29	-109328.89499999999	-19575.09	0.0	0.0	0.0	0.0	0.0	0.0	0.0	0.0	0.0	0.0	0.0	0.0	0.0	0.0	47.37931034482761	0.0	0.07287579	-0.0756834	1.01989485	5.70724	-1.3734	-0.65618	3499189.0	1776545390.165235	0.0	1.0	-1.0	-1.0	-1.0	-1.0	-1.0	-1.0	-1.0	-1.0	0.0	opened-hand	Open	1	calibration_20260418_134934	marker
-73580.805	-35959.095	-109340.55	-19590.66	0.0	0.0	0.0	0.0	0.0	0.0	0.0	0.0	0.0	0.0	0.0	0.0	0.0	0.0	47.37931034482761	0.0	0.07287579	-0.0756834	1.01989485	5.70724	-1.3734	-0.65618	3499190.0	1776545390.165257	0.0	1.0	-1.0	-1.0	-1.0	-1.0	-1.0	-1.0	-1.0	-1.0	0.0	opened-hand	Open	1	calibration_20260418_134934	marker
-73758.33	-35970.975	-109559.97	-19812.195	0.0	0.0	0.0	0.0	0.0	0.0	0.0	0.0	0.0	0.0	0.0	0.0	0.0	0.0	47.37931034482761	0.0	0.07287579	-0.0756834	1.01989485	5.70724	-1.3734	-0.65618	3499191.0	1776545390.16911	0.0	1.0	-1.0	-1.0	-1.0	-1.0	-1.0	-1.0	-1.0	-1.0	0.0	opened-hand	Open	1	calibration_20260418_134934	marker
-73787.22	-35973.765	-109622.97	-19876.77	0.0	0.0	0.0	0.0	0.0	0.0	0.0	0.0	0.0	0.0	0.0	0.0	0.0	0.0	47.37931034482761	0.0	0.07287579	-0.0756834	1.01989485	5.70724	-1.3734	-0.65618	3499192.0	1776545390.169119	0.0	1.0	-1.0	-1.0	-1.0	-1.0	-1.0	-1.0	-1.0	-1.0	0.0	opened-hand	Open	1	calibration_20260418_134934	marker
-73701.9	-35971.064999999995	-109527.525	-19783.079999999998	0.0	0.0	0.0	0.0	0.0	0.0	0.0	0.0	0.0	0.0	0.0	0.0	0.0	0.0	47.37931034482761	0.0	0.07287579	-0.0756834	1.01989485	5.70724	-1.3734	-0.65618	3499193.0	1776545390.173139	0.0	1.0	-1.0	-1.0	-1.0	-1.0	-1.0	-1.0	-1.0	-1.0	0.0	opened-hand	Open	1	calibration_20260418_134934	marker
-73763.81999999999	-35976.375	-109496.87999999999	-19752.344999999998	0.0	0.0	0.0	0.0	0.0	0.0	0.0	0.0	0.0	0.0	0.0	0.0	0.0	0.0	47.37931034482761	0.0	0.07287579	-0.0756834	1.01989485	5.70724	-1.3734	-0.65618	3499194.0	1776545390.173156	0.0	1.0	-1.0	-1.0	-1.0	-1.0	-1.0	-1.0	-1.0	-1.0	0.0	opened-hand	Open	1	calibration_20260418_134934	marker
-73745.055	-35975.25	-109504.44	-19780.829999999998	0.0	0.0	0.0	0.0	0.0	0.0	0.0	0.0	0.0	0.0	0.0	0.0	0.0	0.0	47.37931034482761	0.0	0.06646711500000001	-0.064391925	1.01781966	3.57084	-1.57178	-1.09872	3499195.0	1776545390.177107	0.0	1.0	-1.0	-1.0	-1.0	-1.0	-1.0	-1.0	-1.0	-1.0	0.0	opened-hand	Open	1	calibration_20260418_134934	marker
-73680.3	-35964.945	-109411.92	-19711.62	0.0	0.0	0.0	0.0	0.0	0.0	0.0	0.0	0.0	0.0	0.0	0.0	0.0	0.0	47.37931034482761	0.0	0.06646711500000001	-0.064391925	1.01781966	3.57084	-1.57178	-1.09872	3499196.0	1776545390.177118	0.0	1.0	-1.0	-1.0	-1.0	-1.0	-1.0	-1.0	-1.0	-1.0	0.0	opened-hand	Open	1	calibration_20260418_134934	marker
-73683.315	-35961.03	-109390.86	-19647.63	0.0	0.0	0.0	0.0	0.0	0.0	0.0	0.0	0.0	0.0	0.0	0.0	0.0	0.0	47.37931034482761	0.0	0.06646711500000001	-0.064391925	1.01781966	3.57084	-1.57178	-1.09872	3499197.0	1776545390.181861	0.0	1.0	-1.0	-1.0	-1.0	-1.0	-1.0	-1.0	-1.0	-1.0	0.0	opened-hand	Open	1	calibration_20260418_134934	marker
-73662.525	-35957.61	-109434.33	-19673.415	0.0	0.0	0.0	0.0	0.0	0.0	0.0	0.0	0.0	0.0	0.0	0.0	0.0	0.0	47.37931034482761	0.0	0.06646711500000001	-0.064391925	1.01781966	3.57084	-1.57178	-1.09872	3499198.0	1776545390.181884	0.0	1.0	-1.0	-1.0	-1.0	-1.0	-1.0	-1.0	-1.0	-1.0	0.0	opened-hand	Open	1	calibration_20260418_134934	marker
-73685.11499999999	-35954.189999999995	-109450.62	-19703.969999999998	0.0	0.0	0.0	0.0	0.0	0.0	0.0	0.0	0.0	0.0	0.0	0.0	0.0	0.0	47.37931034482761	0.0	0.06646711500000001	-0.064391925	1.01781966	3.57084	-1.57178	-1.09872	3499199.0	1776545390.185211	0.0	1.0	-1.0	-1.0	-1.0	-1.0	-1.0	-1.0	-1.0	-1.0	0.0	opened-hand	Open	1	calibration_20260418_134934	marker
-73712.79	-35952.165	-109441.75499999999	-19687.68	0.0	0.0	0.0	0.0	0.0	0.0	0.0	0.0	0.0	0.0	0.0	0.0	0.0	0.0	47.37931034482761	0.0	0.06646711500000001	-0.064391925	1.01781966	3.57084	-1.57178	-1.09872	3499200.0	1776545390.185236	0.0	1.0	-1.0	-1.0	-1.0	-1.0	-1.0	-1.0	-1.0	-1.0	0.0	opened-hand	Open	1	calibration_20260418_134934	marker
-73752.93	-35956.305	-109503.58499999999	-19755.045	0.0	0.0	0.0	0.0	0.0	0.0	0.0	0.0	0.0	0.0	0.0	0.0	0.0	0.0	47.37931034482761	0.0	0.06646711500000001	-0.064391925	1.01781966	3.57084	-1.57178	-1.09872	3499201.0	1776545390.192191	0.0	1.0	-1.0	-1.0	-1.0	-1.0	-1.0	-1.0	-1.0	-1.0	0.0	opened-hand	Open	1	calibration_20260418_134934	marker
-73808.415	-35961.479999999996	-109510.875	-19776.015	0.0	0.0	0.0	0.0	0.0	0.0	0.0	0.0	0.0	0.0	0.0	0.0	0.0	0.0	47.37931034482761	0.0	0.06646711500000001	-0.064391925	1.01781966	3.57084	-1.57178	-1.09872	3499202.0	1776545390.192212	0.0	1.0	-1.0	-1.0	-1.0	-1.0	-1.0	-1.0	-1.0	-1.0	0.0	opened-hand	Open	1	calibration_20260418_134934	marker
-73739.745	-35959.095	-109478.745	-19754.505	0.0	0.0	0.0	0.0	0.0	0.0	0.0	0.0	0.0	0.0	0.0	0.0	0.0	0.0	47.37931034482761	0.0	0.06646711500000001	-0.064391925	1.01781966	3.57084	-1.57178	-1.09872	3499203.0	1776545390.193262	0.0	1.0	-1.0	-1.0	-1.0	-1.0	-1.0	-1.0	-1.0	-1.0	0.0	opened-hand	Open	1	calibration_20260418_134934	marker
-73704.375	-35960.445	-109546.73999999999	-19795.68	0.0	0.0	0.0	0.0	0.0	0.0	0.0	0.0	0.0	0.0	0.0	0.0	0.0	0.0	47.37931034482761	0.0	0.06646711500000001	-0.064391925	1.01781966	3.57084	-1.57178	-1.09872	3499204.0	1776545390.193281	0.0	1.0	-1.0	-1.0	-1.0	-1.0	-1.0	-1.0	-1.0	-1.0	0.0	opened-hand	Open	1	calibration_20260418_134934	marker
-73738.08	-35961.795	-109587.555	-19805.715	0.0	0.0	0.0	0.0	0.0	0.0	0.0	0.0	0.0	0.0	0.0	0.0	0.0	0.0	47.37931034482761	0.0	0.064391925	-0.05432115	1.01452377	2.18218	-1.31236	-0.12208	3499205.0	1776545390.197231	0.0	1.0	-1.0	-1.0	-1.0	-1.0	-1.0	-1.0	-1.0	-1.0	0.0	opened-hand	Open	1	calibration_20260418_134934	marker
-73776.59999999999	-35958.24	-109541.43	-19778.13	0.0	0.0	0.0	0.0	0.0	0.0	0.0	0.0	0.0	0.0	0.0	0.0	0.0	0.0	47.37931034482761	0.0	0.064391925	-0.05432115	1.01452377	2.18218	-1.31236	-0.12208	3499206.0	1776545390.197262	0.0	1.0	-1.0	-1.0	-1.0	-1.0	-1.0	-1.0	-1.0	-1.0	0.0	opened-hand	Open	1	calibration_20260418_134934	marker
-73713.33	-35949.42	-109481.04	-19732.364999999998	0.0	0.0	0.0	0.0	0.0	0.0	0.0	0.0	0.0	0.0	0.0	0.0	0.0	0.0	47.37931034482761	0.0	0.064391925	-0.05432115	1.01452377	2.18218	-1.31236	-0.12208	3499207.0	1776545390.201461	0.0	1.0	-1.0	-1.0	-1.0	-1.0	-1.0	-1.0	-1.0	-1.0	0.0	opened-hand	Open	1	calibration_20260418_134934	marker
-73635.25499999999	-35946.405	-109438.69499999999	-19695.465	0.0	0.0	0.0	0.0	0.0	0.0	0.0	0.0	0.0	0.0	0.0	0.0	0.0	0.0	47.37931034482761	0.0	0.064391925	-0.05432115	1.01452377	2.18218	-1.31236	-0.12208	3499208.0	1776545390.20149	0.0	1.0	-1.0	-1.0	-1.0	-1.0	-1.0	-1.0	-1.0	-1.0	0.0	opened-hand	Open	1	calibration_20260418_134934	marker
-73685.06999999999	-35951.715	-109463.48999999999	-19708.38	0.0	0.0	0.0	0.0	0.0	0.0	0.0	0.0	0.0	0.0	0.0	0.0	0.0	0.0	47.37931034482761	0.0	0.064391925	-0.05432115	1.01452377	2.18218	-1.31236	-0.12208	3499209.0	1776545390.205269	0.0	1.0	-1.0	-1.0	-1.0	-1.0	-1.0	-1.0	-1.0	-1.0	0.0	opened-hand	Open	1	calibration_20260418_134934	marker
-73693.62	-35955.045	-109483.155	-19733.625	0.0	0.0	0.0	0.0	0.0	0.0	0.0	0.0	0.0	0.0	0.0	0.0	0.0	0.0	47.37931034482761	0.0	0.064391925	-0.05432115	1.01452377	2.18218	-1.31236	-0.12208	3499210.0	1776545390.205281	0.0	1.0	-1.0	-1.0	-1.0	-1.0	-1.0	-1.0	-1.0	-1.0	0.0	opened-hand	Open	1	calibration_20260418_134934	marker
-73691.73	-35959.229999999996	-109473.65999999999	-19707.39	0.0	0.0	0.0	0.0	0.0	0.0	0.0	0.0	0.0	0.0	0.0	0.0	0.0	0.0	47.37931034482761	0.0	0.064391925	-0.05432115	1.01452377	2.18218	-1.31236	-0.12208	3499211.0	1776545390.211672	0.0	1.0	-1.0	-1.0	-1.0	-1.0	-1.0	-1.0	-1.0	-1.0	0.0	opened-hand	Open	1	calibration_20260418_134934	marker
-73706.67	-35965.485	-109499.715	-19730.655	0.0	0.0	0.0	0.0	0.0	0.0	0.0	0.0	0.0	0.0	0.0	0.0	0.0	0.0	47.37931034482761	0.0	0.064391925	-0.05432115	1.01452377	2.18218	-1.31236	-0.12208	3499212.0	1776545390.211697	0.0	1.0	-1.0	-1.0	-1.0	-1.0	-1.0	-1.0	-1.0	-1.0	0.0	opened-hand	Open	1	calibration_20260418_134934	marker
-73726.515	-35964.405	-109499.715	-19749.239999999998	0.0	0.0	0.0	0.0	0.0	0.0	0.0	0.0	0.0	0.0	0.0	0.0	0.0	0.0	47.37931034482761	0.0	0.064391925	-0.05432115	1.01452377	2.18218	-1.31236	-0.12208	3499213.0	1776545390.215428	0.0	1.0	-1.0	-1.0	-1.0	-1.0	-1.0	-1.0	-1.0	-1.0	0.0	opened-hand	Open	1	calibration_20260418_134934	marker
-73687.77	-35958.645	-109429.245	-19689.12	0.0	0.0	0.0	0.0	0.0	0.0	0.0	0.0	0.0	0.0	0.0	0.0	0.0	0.0	47.37931034482761	0.0	0.064391925	-0.05432115	1.01452377	2.18218	-1.31236	-0.12208	3499214.0	1776545390.215446	0.0	1.0	-1.0	-1.0	-1.0	-1.0	-1.0	-1.0	-1.0	-1.0	0.0	opened-hand	Open	1	calibration_20260418_134934	marker
-73591.425	-35948.159999999996	-109315.75499999999	-19580.67	0.0	0.0	0.0	0.0	0.0	0.0	0.0	0.0	0.0	0.0	0.0	0.0	0.0	0.0	47.37931034482761	0.0	0.071105775	-0.050475945	1.010190285	1.89224	-0.65618	1.6633399999999998	3499215.0	1776545390.221846	0.0	1.0	-1.0	-1.0	-1.0	-1.0	-1.0	-1.0	-1.0	-1.0	0.0	opened-hand	Open	1	calibration_20260418_134934	marker
-73635.66	-35947.619999999995	-109398.465	-19668.915	0.0	0.0	0.0	0.0	0.0	0.0	0.0	0.0	0.0	0.0	0.0	0.0	0.0	0.0	47.37931034482761	0.0	0.071105775	-0.050475945	1.010190285	1.89224	-0.65618	1.6633399999999998	3499216.0	1776545390.221867	0.0	1.0	-1.0	-1.0	-1.0	-1.0	-1.0	-1.0	-1.0	-1.0	0.0	opened-hand	Open	1	calibration_20260418_134934	marker
-73690.515	-35955.135	-109469.205	-19726.335	0.0	0.0	0.0	0.0	0.0	0.0	0.0	0.0	0.0	0.0	0.0	0.0	0.0	0.0	47.37931034482761	0.0	0.071105775	-0.050475945	1.010190285	1.89224	-0.65618	1.6633399999999998	3499217.0	1776545390.221881	0.0	1.0	-1.0	-1.0	-1.0	-1.0	-1.0	-1.0	-1.0	-1.0	0.0	opened-hand	Open	1	calibration_20260418_134934	marker
-73696.00499999999	-35958.42	-109457.01	-19703.385	0.0	0.0	0.0	0.0	0.0	0.0	0.0	0.0	0.0	0.0	0.0	0.0	0.0	0.0	47.37931034482761	0.0	0.071105775	-0.050475945	1.010190285	1.89224	-0.65618	1.6633399999999998	3499218.0	1776545390.221888	0.0	1.0	-1.0	-1.0	-1.0	-1.0	-1.0	-1.0	-1.0	-1.0	0.0	opened-hand	Open	1	calibration_20260418_134934	marker
-73755.98999999999	-35966.97	-109530.495	-19773.855	0.0	0.0	0.0	0.0	0.0	0.0	0.0	0.0	0.0	0.0	0.0	0.0	0.0	0.0	47.37931034482761	0.0	0.071105775	-0.050475945	1.010190285	1.89224	-0.65618	1.6633399999999998	3499219.0	1776545390.227864	0.0	1.0	-1.0	-1.0	-1.0	-1.0	-1.0	-1.0	-1.0	-1.0	0.0	opened-hand	Open	1	calibration_20260418_134934	marker
-73828.395	-35971.965	-109572.345	-19814.76	0.0	0.0	0.0	0.0	0.0	0.0	0.0	0.0	0.0	0.0	0.0	0.0	0.0	0.0	47.37931034482761	0.0	0.071105775	-0.050475945	1.010190285	1.89224	-0.65618	1.6633399999999998	3499220.0	1776545390.227905	0.0	1.0	-1.0	-1.0	-1.0	-1.0	-1.0	-1.0	-1.0	-1.0	0.0	opened-hand	Open	1	calibration_20260418_134934	marker
-73819.53	-35972.505	-109596.95999999999	-19844.864999999998	0.0	0.0	0.0	0.0	0.0	0.0	0.0	0.0	0.0	0.0	0.0	0.0	0.0	0.0	47.37931034482761	0.0	0.071105775	-0.050475945	1.010190285	1.89224	-0.65618	1.6633399999999998	3499221.0	1776545390.229493	0.0	1.0	-1.0	-1.0	-1.0	-1.0	-1.0	-1.0	-1.0	-1.0	0.0	opened-hand	Open	1	calibration_20260418_134934	marker
-73694.87999999999	-35964.54	-109476.855	-19747.485	0.0	0.0	0.0	0.0	0.0	0.0	0.0	0.0	0.0	0.0	0.0	0.0	0.0	0.0	47.37931034482761	0.0	0.071105775	-0.050475945	1.010190285	1.89224	-0.65618	1.6633399999999998	3499222.0	1776545390.229501	0.0	1.0	-1.0	-1.0	-1.0	-1.0	-1.0	-1.0	-1.0	-1.0	0.0	opened-hand	Open	1	calibration_20260418_134934	marker
-73563.56999999999	-35955.135	-109359.495	-19651.274999999998	0.0	0.0	0.0	0.0	0.0	0.0	0.0	0.0	0.0	0.0	0.0	0.0	0.0	0.0	47.37931034482761	0.0	0.071105775	-0.050475945	1.010190285	1.89224	-0.65618	1.6633399999999998	3499223.0	1776545390.23344	0.0	1.0	-1.0	-1.0	-1.0	-1.0	-1.0	-1.0	-1.0	-1.0	0.0	opened-hand	Open	1	calibration_20260418_134934	marker
-73594.44	-35954.549999999996	-109379.655	-19635.255	0.0	0.0	0.0	0.0	0.0	0.0	0.0	0.0	0.0	0.0	0.0	0.0	0.0	0.0	47.37931034482761	0.0	0.071105775	-0.050475945	1.010190285	1.89224	-0.65618	1.6633399999999998	3499224.0	1776545390.23345	0.0	1.0	-1.0	-1.0	-1.0	-1.0	-1.0	-1.0	-1.0	-1.0	0.0	opened-hand	Open	1	calibration_20260418_134934	marker
-73783.75499999999	-35967.915	-109566.405	-19777.094999999998	0.0	0.0	0.0	0.0	0.0	0.0	0.0	0.0	0.0	0.0	0.0	0.0	0.0	0.0	47.37931034482761	0.0	0.07995585	-0.050720085	1.00732164	2.57894	0.35097999999999996	2.25848	3499225.0	1776545390.237709	0.0	1.0	-1.0	-1.0	-1.0	-1.0	-1.0	-1.0	-1.0	-1.0	0.0	opened-hand	Open	1	calibration_20260418_134934	marker
-73843.83	-35976.645	-109647.315	-19897.605	0.0	0.0	0.0	0.0	0.0	0.0	0.0	0.0	0.0	0.0	0.0	0.0	0.0	0.0	47.37931034482761	0.0	0.07995585	-0.050720085	1.00732164	2.57894	0.35097999999999996	2.25848	3499226.0	1776545390.237725	0.0	1.0	-1.0	-1.0	-1.0	-1.0	-1.0	-1.0	-1.0	-1.0	0.0	opened-hand	Open	1	calibration_20260418_134934	marker
-73785.465	-35978.445	-109611.18	-19860.57	0.0	0.0	0.0	0.0	0.0	0.0	0.0	0.0	0.0	0.0	0.0	0.0	0.0	0.0	47.37931034482761	0.0	0.07995585	-0.050720085	1.00732164	2.57894	0.35097999999999996	2.25848	3499227.0	1776545390.242639	0.0	1.0	-1.0	-1.0	-1.0	-1.0	-1.0	-1.0	-1.0	-1.0	0.0	opened-hand	Open	1	calibration_20260418_134934	marker
-73685.52	-35972.01	-109491.345	-19729.26	0.0	0.0	0.0	0.0	0.0	0.0	0.0	0.0	0.0	0.0	0.0	0.0	0.0	0.0	47.37931034482761	0.0	0.07995585	-0.050720085	1.00732164	2.57894	0.35097999999999996	2.25848	3499228.0	1776545390.242659	0.0	1.0	-1.0	-1.0	-1.0	-1.0	-1.0	-1.0	-1.0	-1.0	0.0	opened-hand	Open	1	calibration_20260418_134934	marker
-73649.34	-35967.15	-109436.805	-19690.02	0.0	0.0	0.0	0.0	0.0	0.0	0.0	0.0	0.0	0.0	0.0	0.0	0.0	0.0	47.37931034482761	0.0	0.07995585	-0.050720085	1.00732164	2.57894	0.35097999999999996	2.25848	3499229.0	1776545390.24549	0.0	1.0	-1.0	-1.0	-1.0	-1.0	-1.0	-1.0	-1.0	-1.0	0.0	opened-hand	Open	1	calibration_20260418_134934	marker
-73756.395	-35969.265	-109491.435	-19742.579999999998	0.0	0.0	0.0	0.0	0.0	0.0	0.0	0.0	0.0	0.0	0.0	0.0	0.0	0.0	47.37931034482761	0.0	0.07995585	-0.050720085	1.00732164	2.57894	0.35097999999999996	2.25848	3499230.0	1776545390.245514	0.0	1.0	-1.0	-1.0	-1.0	-1.0	-1.0	-1.0	-1.0	-1.0	0.0	opened-hand	Open	1	calibration_20260418_134934	marker
-73708.785	-35960.58	-109416.915	-19663.92	0.0	0.0	0.0	0.0	0.0	0.0	0.0	0.0	0.0	0.0	0.0	0.0	0.0	0.0	47.37931034482761	0.0	0.07995585	-0.050720085	1.00732164	2.57894	0.35097999999999996	2.25848	3499231.0	1776545390.249563	0.0	1.0	-1.0	-1.0	-1.0	-1.0	-1.0	-1.0	-1.0	-1.0	0.0	opened-hand	Open	1	calibration_20260418_134934	marker
-73660.41	-35956.215	-109421.45999999999	-19657.17	0.0	0.0	0.0	0.0	0.0	0.0	0.0	0.0	0.0	0.0	0.0	0.0	0.0	0.0	47.37931034482761	0.0	0.07995585	-0.050720085	1.00732164	2.57894	0.35097999999999996	2.25848	3499232.0	1776545390.249569	0.0	1.0	-1.0	-1.0	-1.0	-1.0	-1.0	-1.0	-1.0	-1.0	0.0	opened-hand	Open	1	calibration_20260418_134934	marker
-73694.205	-35961.165	-109503.9	-19742.535	0.0	0.0	0.0	0.0	0.0	0.0	0.0	0.0	0.0	0.0	0.0	0.0	0.0	0.0	47.37931034482761	0.0	0.07995585	-0.050720085	1.00732164	2.57894	0.35097999999999996	2.25848	3499233.0	1776545390.253358	0.0	1.0	-1.0	-1.0	-1.0	-1.0	-1.0	-1.0	-1.0	-1.0	0.0	opened-hand	Open	1	calibration_20260418_134934	marker
-73685.47499999999	-35962.74	-109461.33	-19708.695	0.0	0.0	0.0	0.0	0.0	0.0	0.0	0.0	0.0	0.0	0.0	0.0	0.0	0.0	47.37931034482761	0.0	0.07995585	-0.050720085	1.00732164	2.57894	0.35097999999999996	2.25848	3499234.0	1776545390.253364	0.0	1.0	-1.0	-1.0	-1.0	-1.0	-1.0	-1.0	-1.0	-1.0	0.0	opened-hand	Open	1	calibration_20260418_134934	marker
-73617.25499999999	-35961.21	-109357.73999999999	-19617.975	0.0	0.0	0.0	0.0	0.0	0.0	0.0	0.0	0.0	0.0	0.0	0.0	0.0	0.0	47.37931034482761	0.0	0.08203104	-0.050231805	1.006161975	3.0825199999999997	1.526	2.53316	3499235.0	1776545390.257398	0.0	1.0	-1.0	-1.0	-1.0	-1.0	-1.0	-1.0	-1.0	-1.0	0.0	opened-hand	Open	1	calibration_20260418_134934	marker
-73771.515	-35976.869999999995	-109533.33	-19770.255	0.0	0.0	0.0	0.0	0.0	0.0	0.0	0.0	0.0	0.0	0.0	0.0	0.0	0.0	47.37931034482761	0.0	0.08203104	-0.050231805	1.006161975	3.0825199999999997	1.526	2.53316	3499236.0	1776545390.257404	0.0	1.0	-1.0	-1.0	-1.0	-1.0	-1.0	-1.0	-1.0	-1.0	0.0	opened-hand	Open	1	calibration_20260418_134934	marker
-73830.465	-35986.77	-109678.59	-19897.605	0.0	0.0	0.0	0.0	0.0	0.0	0.0	0.0	0.0	0.0	0.0	0.0	0.0	0.0	47.37931034482761	0.0	0.08203104	-0.050231805	1.006161975	3.0825199999999997	1.526	2.53316	3499237.0	1776545390.261342	0.0	1.0	-1.0	-1.0	-1.0	-1.0	-1.0	-1.0	-1.0	-1.0	0.0	opened-hand	Open	1	calibration_20260418_134934	marker
-73786.815	-35977.185	-109580.12999999999	-19799.145	0.0	0.0	0.0	0.0	0.0	0.0	0.0	0.0	0.0	0.0	0.0	0.0	0.0	0.0	47.37931034482761	0.0	0.08203104	-0.050231805	1.006161975	3.0825199999999997	1.526	2.53316	3499238.0	1776545390.261347	0.0	1.0	-1.0	-1.0	-1.0	-1.0	-1.0	-1.0	-1.0	-1.0	0.0	opened-hand	Open	1	calibration_20260418_134934	marker
-73726.02	-35967.24	-109496.43	-19742.219999999998	0.0	0.0	0.0	0.0	0.0	0.0	0.0	0.0	0.0	0.0	0.0	0.0	0.0	0.0	47.37931034482761	0.0	0.08203104	-0.050231805	1.006161975	3.0825199999999997	1.526	2.53316	3499239.0	1776545390.265431	0.0	1.0	-1.0	-1.0	-1.0	-1.0	-1.0	-1.0	-1.0	-1.0	0.0	opened-hand	Open	1	calibration_20260418_134934	marker
-73727.73	-35963.189999999995	-109518.795	-19759.77	0.0	0.0	0.0	0.0	0.0	0.0	0.0	0.0	0.0	0.0	0.0	0.0	0.0	0.0	47.37931034482761	0.0	0.08203104	-0.050231805	1.006161975	3.0825199999999997	1.526	2.53316	3499240.0	1776545390.265439	0.0	1.0	-1.0	-1.0	-1.0	-1.0	-1.0	-1.0	-1.0	-1.0	0.0	opened-hand	Open	1	calibration_20260418_134934	marker
-73713.19499999999	-35959.32	-109517.67	-19753.155	0.0	0.0	0.0	0.0	0.0	0.0	0.0	0.0	0.0	0.0	0.0	0.0	0.0	0.0	47.37931034482761	0.0	0.08203104	-0.050231805	1.006161975	3.0825199999999997	1.526	2.53316	3499241.0	1776545390.269412	0.0	1.0	-1.0	-1.0	-1.0	-1.0	-1.0	-1.0	-1.0	-1.0	0.0	opened-hand	Open	1	calibration_20260418_134934	marker
-73710.98999999999	-35958.555	-109532.61	-19765.89	0.0	0.0	0.0	0.0	0.0	0.0	0.0	0.0	0.0	0.0	0.0	0.0	0.0	0.0	47.37931034482761	0.0	0.08203104	-0.050231805	1.006161975	3.0825199999999997	1.526	2.53316	3499242.0	1776545390.269418	0.0	1.0	-1.0	-1.0	-1.0	-1.0	-1.0	-1.0	-1.0	-1.0	0.0	opened-hand	Open	1	calibration_20260418_134934	marker
-73768.5	-35961.93	-109528.155	-19769.895	0.0	0.0	0.0	0.0	0.0	0.0	0.0	0.0	0.0	0.0	0.0	0.0	0.0	0.0	47.37931034482761	0.0	0.08203104	-0.050231805	1.006161975	3.0825199999999997	1.526	2.53316	3499243.0	1776545390.273436	0.0	1.0	-1.0	-1.0	-1.0	-1.0	-1.0	-1.0	-1.0	-1.0	0.0	opened-hand	Open	1	calibration_20260418_134934	marker
-73664.955	-35956.665	-109372.00499999999	-19626.255	0.0	0.0	0.0	0.0	0.0	0.0	0.0	0.0	0.0	0.0	0.0	0.0	0.0	0.0	47.37931034482761	0.0	0.08203104	-0.050231805	1.006161975	3.0825199999999997	1.526	2.53316	3499244.0	1776545390.273442	0.0	1.0	-1.0	-1.0	-1.0	-1.0	-1.0	-1.0	-1.0	-1.0	0.0	opened-hand	Open	1	calibration_20260418_134934	marker
-73493.595	-35947.439999999995	-109234.98	-19501.155	0.0	0.0	0.0	0.0	0.0	0.0	0.0	0.0	0.0	0.0	0.0	0.0	0.0	0.0	47.37931034482761	0.0	0.07360821000000001	-0.051574575	1.008847515	1.4039199999999998	1.70912	2.65524	3499245.0	1776545390.277492	0.0	1.0	-1.0	-1.0	-1.0	-1.0	-1.0	-1.0	-1.0	-1.0	0.0	opened-hand	Open	1	calibration_20260418_134934	marker
-73569.78	-35955.18	-109358.055	-19600.92	0.0	0.0	0.0	0.0	0.0	0.0	0.0	0.0	0.0	0.0	0.0	0.0	0.0	0.0	47.37931034482761	0.0	0.07360821000000001	-0.051574575	1.008847515	1.4039199999999998	1.70912	2.65524	3499246.0	1776545390.277497	0.0	1.0	-1.0	-1.0	-1.0	-1.0	-1.0	-1.0	-1.0	-1.0	0.0	opened-hand	Open	1	calibration_20260418_134934	marker
-73774.62	-35968.545	-109578.33	-19806.93	0.0	0.0	0.0	0.0	0.0	0.0	0.0	0.0	0.0	0.0	0.0	0.0	0.0	0.0	47.37931034482761	0.0	0.07360821000000001	-0.051574575	1.008847515	1.4039199999999998	1.70912	2.65524	3499247.0	1776545390.281406	0.0	1.0	-1.0	-1.0	-1.0	-1.0	-1.0	-1.0	-1.0	-1.0	0.0	opened-hand	Open	1	calibration_20260418_134934	marker
-73814.76	-35968.095	-109618.2	-19863.945	0.0	0.0	0.0	0.0	0.0	0.0	0.0	0.0	0.0	0.0	0.0	0.0	0.0	0.0	47.37931034482761	0.0	0.07360821000000001	-0.051574575	1.008847515	1.4039199999999998	1.70912	2.65524	3499248.0	1776545390.281436	0.0	1.0	-1.0	-1.0	-1.0	-1.0	-1.0	-1.0	-1.0	-1.0	0.0	opened-hand	Open	1	calibration_20260418_134934	marker
-73689.075	-35958.104999999996	-109496.79	-19728.855	0.0	0.0	0.0	0.0	0.0	0.0	0.0	0.0	0.0	0.0	0.0	0.0	0.0	0.0	47.37931034482761	0.0	0.07360821000000001	-0.051574575	1.008847515	1.4039199999999998	1.70912	2.65524	3499249.0	1776545390.285423	0.0	1.0	-1.0	-1.0	-1.0	-1.0	-1.0	-1.0	-1.0	-1.0	0.0	opened-hand	Open	1	calibration_20260418_134934	marker
-73677.69	-35954.1	-109435.185	-19657.215	0.0	0.0	0.0	0.0	0.0	0.0	0.0	0.0	0.0	0.0	0.0	0.0	0.0	0.0	47.37931034482761	0.0	0.07360821000000001	-0.051574575	1.008847515	1.4039199999999998	1.70912	2.65524	3499250.0	1776545390.285429	0.0	1.0	-1.0	-1.0	-1.0	-1.0	-1.0	-1.0	-1.0	-1.0	0.0	opened-hand	Open	1	calibration_20260418_134934	marker
-73815.12	-35965.755	-109585.03499999999	-19810.98	0.0	0.0	0.0	0.0	0.0	0.0	0.0	0.0	0.0	0.0	0.0	0.0	0.0	0.0	47.37931034482761	0.0	0.07360821000000001	-0.051574575	1.008847515	1.4039199999999998	1.70912	2.65524	3499251.0	1776545390.289543	0.0	1.0	-1.0	-1.0	-1.0	-1.0	-1.0	-1.0	-1.0	-1.0	0.0	opened-hand	Open	1	calibration_20260418_134934	marker
-73829.11499999999	-35976.104999999996	-109627.92	-19873.53	0.0	0.0	0.0	0.0	0.0	0.0	0.0	0.0	0.0	0.0	0.0	0.0	0.0	0.0	47.37931034482761	0.0	0.07360821000000001	-0.051574575	1.008847515	1.4039199999999998	1.70912	2.65524	3499252.0	1776545390.289549	0.0	1.0	-1.0	-1.0	-1.0	-1.0	-1.0	-1.0	-1.0	-1.0	0.0	opened-hand	Open	1	calibration_20260418_134934	marker
-73669.36499999999	-35971.515	-109503.72	-19764.225	0.0	0.0	0.0	0.0	0.0	0.0	0.0	0.0	0.0	0.0	0.0	0.0	0.0	0.0	47.37931034482761	0.0	0.07360821000000001	-0.051574575	1.008847515	1.4039199999999998	1.70912	2.65524	3499253.0	1776545390.293465	0.0	1.0	-1.0	-1.0	-1.0	-1.0	-1.0	-1.0	-1.0	-1.0	0.0	opened-hand	Open	1	calibration_20260418_134934	marker
-73617.66	-35967.104999999996	-109427.89499999999	-19673.594999999998	0.0	0.0	0.0	0.0	0.0	0.0	0.0	0.0	0.0	0.0	0.0	0.0	0.0	0.0	47.37931034482761	0.0	0.07360821000000001	-0.051574575	1.008847515	1.4039199999999998	1.70912	2.65524	3499254.0	1776545390.293484	0.0	1.0	-1.0	-1.0	-1.0	-1.0	-1.0	-1.0	-1.0	-1.0	0.0	opened-hand	Open	1	calibration_20260418_134934	marker
-73498.77	-35956.395	-109267.965	-19496.43	0.0	0.0	0.0	0.0	0.0	0.0	0.0	0.0	0.0	0.0	0.0	0.0	0.0	0.0	47.37931034482761	0.0	0.06860334	-0.05529771	1.011288915	0.50358	1.6633399999999998	1.9227599999999998	3499255.0	1776545390.297599	0.0	1.0	-1.0	-1.0	-1.0	-1.0	-1.0	-1.0	-1.0	-1.0	0.0	opened-hand	Open	1	calibration_20260418_134934	marker
-73440.98999999999	-35944.424999999996	-109158.03	-19388.969999999998	0.0	0.0	0.0	0.0	0.0	0.0	0.0	0.0	0.0	0.0	0.0	0.0	0.0	0.0	47.37931034482761	0.0	0.06860334	-0.05529771	1.011288915	0.50358	1.6633399999999998	1.9227599999999998	3499256.0	1776545390.297607	0.0	1.0	-1.0	-1.0	-1.0	-1.0	-1.0	-1.0	-1.0	-1.0	0.0	opened-hand	Open	1	calibration_20260418_134934	marker
-73745.19	-35961.39	-109471.00499999999	-19702.305	0.0	0.0	0.0	0.0	0.0	0.0	0.0	0.0	0.0	0.0	0.0	0.0	0.0	0.0	47.37931034482761	0.0	0.06860334	-0.05529771	1.011288915	0.50358	1.6633399999999998	1.9227599999999998	3499257.0	1776545390.301639	0.0	1.0	-1.0	-1.0	-1.0	-1.0	-1.0	-1.0	-1.0	-1.0	0.0	opened-hand	Open	1	calibration_20260418_134934	marker
-73903.23	-35975.655	-109732.68	-19982.52	0.0	0.0	0.0	0.0	0.0	0.0	0.0	0.0	0.0	0.0	0.0	0.0	0.0	0.0	47.37931034482761	0.0	0.06860334	-0.05529771	1.011288915	0.50358	1.6633399999999998	1.9227599999999998	3499258.0	1776545390.301659	0.0	1.0	-1.0	-1.0	-1.0	-1.0	-1.0	-1.0	-1.0	-1.0	0.0	opened-hand	Open	1	calibration_20260418_134934	marker
-73775.925	-35968.049999999996	-109587.23999999999	-19822.545	0.0	0.0	0.0	0.0	0.0	0.0	0.0	0.0	0.0	0.0	0.0	0.0	0.0	0.0	47.37931034482761	0.0	0.06860334	-0.05529771	1.011288915	0.50358	1.6633399999999998	1.9227599999999998	3499259.0	1776545390.307412	0.0	1.0	-1.0	-1.0	-1.0	-1.0	-1.0	-1.0	-1.0	-1.0	0.0	opened-hand	Open	1	calibration_20260418_134934	marker
-73692.09	-35966.115	-109490.04	-19718.415	0.0	0.0	0.0	0.0	0.0	0.0	0.0	0.0	0.0	0.0	0.0	0.0	0.0	0.0	47.37931034482761	0.0	0.06860334	-0.05529771	1.011288915	0.50358	1.6633399999999998	1.9227599999999998	3499260.0	1776545390.307418	0.0	1.0	-1.0	-1.0	-1.0	-1.0	-1.0	-1.0	-1.0	-1.0	0.0	opened-hand	Open	1	calibration_20260418_134934	marker
-73617.25499999999	-35971.244999999995	-109424.7	-19663.695	0.0	0.0	0.0	0.0	0.0	0.0	0.0	0.0	0.0	0.0	0.0	0.0	0.0	0.0	47.37931034482761	0.0	0.06860334	-0.05529771	1.011288915	0.50358	1.6633399999999998	1.9227599999999998	3499261.0	1776545390.310421	0.0	1.0	-1.0	-1.0	-1.0	-1.0	-1.0	-1.0	-1.0	-1.0	0.0	opened-hand	Open	1	calibration_20260418_134934	marker
-73621.845	-35977.005	-109456.37999999999	-19690.695	0.0	0.0	0.0	0.0	0.0	0.0	0.0	0.0	0.0	0.0	0.0	0.0	0.0	0.0	47.37931034482761	0.0	0.06860334	-0.05529771	1.011288915	0.50358	1.6633399999999998	1.9227599999999998	3499262.0	1776545390.310426	0.0	1.0	-1.0	-1.0	-1.0	-1.0	-1.0	-1.0	-1.0	-1.0	0.0	opened-hand	Open	1	calibration_20260418_134934	marker
-73762.965	-35983.215	-109577.655	-19819.44	0.0	0.0	0.0	0.0	0.0	0.0	0.0	0.0	0.0	0.0	0.0	0.0	0.0	0.0	47.37931034482761	0.0	0.06860334	-0.05529771	1.011288915	0.50358	1.6633399999999998	1.9227599999999998	3499263.0	1776545390.313562	0.0	1.0	-1.0	-1.0	-1.0	-1.0	-1.0	-1.0	-1.0	-1.0	0.0	opened-hand	Open	1	calibration_20260418_134934	marker
-73772.28	-35979.975	-109543.995	-19793.43	0.0	0.0	0.0	0.0	0.0	0.0	0.0	0.0	0.0	0.0	0.0	0.0	0.0	0.0	47.37931034482761	0.0	0.06860334	-0.05529771	1.011288915	0.50358	1.6633399999999998	1.9227599999999998	3499264.0	1776545390.313569	0.0	1.0	-1.0	-1.0	-1.0	-1.0	-1.0	-1.0	-1.0	-1.0	0.0	opened-hand	Open	1	calibration_20260418_134934	marker
-73719.765	-35974.125	-109513.935	-19747.305	0.0	0.0	0.0	0.0	0.0	0.0	0.0	0.0	0.0	0.0	0.0	0.0	0.0	0.0	47.37931034482761	0.0	0.07434063	-0.060973965	1.01098374	1.1444999999999999	2.5636799999999997	1.89224	3499265.0	1776545390.317739	0.0	1.0	-1.0	-1.0	-1.0	-1.0	-1.0	-1.0	-1.0	-1.0	0.0	opened-hand	Open	1	calibration_20260418_134934	marker
-73731.42	-35974.35	-109527.61499999999	-19753.02	0.0	0.0	0.0	0.0	0.0	0.0	0.0	0.0	0.0	0.0	0.0	0.0	0.0	0.0	47.37931034482761	0.0	0.07434063	-0.060973965	1.01098374	1.1444999999999999	2.5636799999999997	1.89224	3499266.0	1776545390.317758	0.0	1.0	-1.0	-1.0	-1.0	-1.0	-1.0	-1.0	-1.0	-1.0	0.0	opened-hand	Open	1	calibration_20260418_134934	marker
-73612.26	-35971.244999999995	-109408.095	-19649.88	0.0	0.0	0.0	0.0	0.0	0.0	0.0	0.0	0.0	0.0	0.0	0.0	0.0	0.0	47.37931034482761	0.0	0.07434063	-0.060973965	1.01098374	1.1444999999999999	2.5636799999999997	1.89224	3499267.0	1776545390.323602	0.0	1.0	-1.0	-1.0	-1.0	-1.0	-1.0	-1.0	-1.0	-1.0	0.0	opened-hand	Open	1	calibration_20260418_134934	marker
-73562.12999999999	-35972.415	-109294.965	-19525.184999999998	0.0	0.0	0.0	0.0	0.0	0.0	0.0	0.0	0.0	0.0	0.0	0.0	0.0	0.0	47.37931034482761	0.0	0.07434063	-0.060973965	1.01098374	1.1444999999999999	2.5636799999999997	1.89224	3499268.0	1776545390.323608	0.0	1.0	-1.0	-1.0	-1.0	-1.0	-1.0	-1.0	-1.0	-1.0	0.0	opened-hand	Open	1	calibration_20260418_134934	marker
-73700.45999999999	-35988.075	-109450.485	-19672.2	0.0	0.0	0.0	0.0	0.0	0.0	0.0	0.0	0.0	0.0	0.0	0.0	0.0	0.0	47.37931034482761	0.0	0.07434063	-0.060973965	1.01098374	1.1444999999999999	2.5636799999999997	1.89224	3499269.0	1776545390.326558	0.0	1.0	-1.0	-1.0	-1.0	-1.0	-1.0	-1.0	-1.0	-1.0	0.0	opened-hand	Open	1	calibration_20260418_134934	marker
-73688.12999999999	-35993.43	-109522.575	-19759.905	0.0	0.0	0.0	0.0	0.0	0.0	0.0	0.0	0.0	0.0	0.0	0.0	0.0	0.0	47.37931034482761	0.0	0.07434063	-0.060973965	1.01098374	1.1444999999999999	2.5636799999999997	1.89224	3499270.0	1776545390.326563	0.0	1.0	-1.0	-1.0	-1.0	-1.0	-1.0	-1.0	-1.0	-1.0	0.0	opened-hand	Open	1	calibration_20260418_134934	marker
-73638.045	-35989.515	-109489.14	-19721.745	0.0	0.0	0.0	0.0	0.0	0.0	0.0	0.0	0.0	0.0	0.0	0.0	0.0	0.0	47.37931034482761	0.0	0.07434063	-0.060973965	1.01098374	1.1444999999999999	2.5636799999999997	1.89224	3499271.0	1776545390.330463	0.0	1.0	-1.0	-1.0	-1.0	-1.0	-1.0	-1.0	-1.0	-1.0	0.0	opened-hand	Open	1	calibration_20260418_134934	marker
-73610.45999999999	-35980.92	-109385.595	-19643.715	0.0	0.0	0.0	0.0	0.0	0.0	0.0	0.0	0.0	0.0	0.0	0.0	0.0	0.0	47.37931034482761	0.0	0.07434063	-0.060973965	1.01098374	1.1444999999999999	2.5636799999999997	1.89224	3499272.0	1776545390.330469	0.0	1.0	-1.0	-1.0	-1.0	-1.0	-1.0	-1.0	-1.0	-1.0	0.0	opened-hand	Open	1	calibration_20260418_134934	marker
-73582.92	-35971.965	-109306.98	-19591.335	0.0	0.0	0.0	0.0	0.0	0.0	0.0	0.0	0.0	0.0	0.0	0.0	0.0	0.0	47.37931034482761	0.0	0.07434063	-0.060973965	1.01098374	1.1444999999999999	2.5636799999999997	1.89224	3499273.0	1776545390.364367	0.0	1.0	-1.0	-1.0	-1.0	-1.0	-1.0	-1.0	-1.0	-1.0	0.0	opened-hand	Open	1	calibration_20260418_134934	marker
-73652.48999999999	-35978.13	-109406.655	-19664.774999999998	0.0	0.0	0.0	0.0	0.0	0.0	0.0	0.0	0.0	0.0	0.0	0.0	0.0	0.0	47.37931034482761	0.0	0.07434063	-0.060973965	1.01098374	1.1444999999999999	2.5636799999999997	1.89224	3499274.0	1776545390.364387	0.0	1.0	-1.0	-1.0	-1.0	-1.0	-1.0	-1.0	-1.0	-1.0	0.0	opened-hand	Open	1	calibration_20260418_134934	marker
-73682.19	-35983.71	-109493.595	-19742.67	0.0	0.0	0.0	0.0	0.0	0.0	0.0	0.0	0.0	0.0	0.0	0.0	0.0	0.0	47.37931034482761	0.0	0.076843065	-0.067443675	1.012021335	2.53316	3.03674	1.03768	3499275.0	1776545390.364778	0.0	1.0	-1.0	-1.0	-1.0	-1.0	-1.0	-1.0	-1.0	-1.0	0.0	opened-hand	Open	1	calibration_20260418_134934	marker
-73664.86499999999	-35983.08	-109465.37999999999	-19695.015	0.0	0.0	0.0	0.0	0.0	0.0	0.0	0.0	0.0	0.0	0.0	0.0	0.0	0.0	47.37931034482761	0.0	0.076843065	-0.067443675	1.012021335	2.53316	3.03674	1.03768	3499276.0	1776545390.364794	0.0	1.0	-1.0	-1.0	-1.0	-1.0	-1.0	-1.0	-1.0	-1.0	0.0	opened-hand	Open	1	calibration_20260418_134934	marker
-73765.845	-35994.51	-109564.01999999999	-19749.825	0.0	0.0	0.0	0.0	0.0	0.0	0.0	0.0	0.0	0.0	0.0	0.0	0.0	0.0	47.37931034482761	0.0	0.076843065	-0.067443675	1.012021335	2.53316	3.03674	1.03768	3499277.0	1776545390.364811	0.0	1.0	-1.0	-1.0	-1.0	-1.0	-1.0	-1.0	-1.0	-1.0	0.0	opened-hand	Open	1	calibration_20260418_134934	marker
-73852.29	-36006.39	-109674.72	-19893.915	0.0	0.0	0.0	0.0	0.0	0.0	0.0	0.0	0.0	0.0	0.0	0.0	0.0	0.0	47.37931034482761	0.0	0.076843065	-0.067443675	1.012021335	2.53316	3.03674	1.03768	3499278.0	1776545390.36482	0.0	1.0	-1.0	-1.0	-1.0	-1.0	-1.0	-1.0	-1.0	-1.0	0.0	opened-hand	Open	1	calibration_20260418_134934	marker
-73802.745	-36003.465	-109594.935	-19830.059999999998	0.0	0.0	0.0	0.0	0.0	0.0	0.0	0.0	0.0	0.0	0.0	0.0	0.0	0.0	47.37931034482761	0.0	0.076843065	-0.067443675	1.012021335	2.53316	3.03674	1.03768	3499279.0	1776545390.364833	0.0	1.0	-1.0	-1.0	-1.0	-1.0	-1.0	-1.0	-1.0	-1.0	0.0	opened-hand	Open	1	calibration_20260418_134934	marker
-73698.84	-35990.64	-109467.765	-19692.719999999998	0.0	0.0	0.0	0.0	0.0	0.0	0.0	0.0	0.0	0.0	0.0	0.0	0.0	0.0	47.37931034482761	0.0	0.076843065	-0.067443675	1.012021335	2.53316	3.03674	1.03768	3499280.0	1776545390.364843	0.0	1.0	-1.0	-1.0	-1.0	-1.0	-1.0	-1.0	-1.0	-1.0	0.0	opened-hand	Open	1	calibration_20260418_134934	marker
-73644.165	-35983.439999999995	-109461.555	-19688.04	0.0	0.0	0.0	0.0	0.0	0.0	0.0	0.0	0.0	0.0	0.0	0.0	0.0	0.0	47.37931034482761	0.0	0.076843065	-0.067443675	1.012021335	2.53316	3.03674	1.03768	3499281.0	1776545390.364853	0.0	1.0	-1.0	-1.0	-1.0	-1.0	-1.0	-1.0	-1.0	-1.0	0.0	opened-hand	Open	1	calibration_20260418_134934	marker
-73578.015	-35975.835	-109407.33	-19628.91	0.0	0.0	0.0	0.0	0.0	0.0	0.0	0.0	0.0	0.0	0.0	0.0	0.0	0.0	47.37931034482761	0.0	0.076843065	-0.067443675	1.012021335	2.53316	3.03674	1.03768	3499282.0	1776545390.364862	0.0	1.0	-1.0	-1.0	-1.0	-1.0	-1.0	-1.0	-1.0	-1.0	0.0	opened-hand	Open	1	calibration_20260418_134934	marker
-73651.95	-35975.97	-109441.62	-19686.78	0.0	0.0	0.0	0.0	0.0	0.0	0.0	0.0	0.0	0.0	0.0	0.0	0.0	0.0	47.37931034482761	0.0	0.076843065	-0.067443675	1.012021335	2.53316	3.03674	1.03768	3499283.0	1776545390.364873	0.0	1.0	-1.0	-1.0	-1.0	-1.0	-1.0	-1.0	-1.0	-1.0	0.0	opened-hand	Open	1	calibration_20260418_134934	marker
-73815.61499999999	-35986.049999999996	-109600.605	-19814.13	0.0	0.0	0.0	0.0	0.0	0.0	0.0	0.0	0.0	0.0	0.0	0.0	0.0	0.0	47.37931034482761	0.0	0.076843065	-0.067443675	1.012021335	2.53316	3.03674	1.03768	3499284.0	1776545390.364882	0.0	1.0	-1.0	-1.0	-1.0	-1.0	-1.0	-1.0	-1.0	-1.0	0.0	opened-hand	Open	1	calibration_20260418_134934	marker
-73804.23	-35989.155	-109606.68	-19826.46	0.0	0.0	0.0	0.0	0.0	0.0	0.0	0.0	0.0	0.0	0.0	0.0	0.0	0.0	47.37931034482761	0.0	0.07067853	-0.072082335	1.012021335	2.65524	3.3266799999999996	-0.10682	3499285.0	1776545390.364893	0.0	1.0	-1.0	-1.0	-1.0	-1.0	-1.0	-1.0	-1.0	-1.0	0.0	opened-hand	Open	1	calibration_20260418_134934	marker
-73670.625	-35981.909999999996	-109458.405	-19701.27	0.0	0.0	0.0	0.0	0.0	0.0	0.0	0.0	0.0	0.0	0.0	0.0	0.0	0.0	47.37931034482761	0.0	0.07067853	-0.072082335	1.012021335	2.65524	3.3266799999999996	-0.10682	3499286.0	1776545390.364901	0.0	1.0	-1.0	-1.0	-1.0	-1.0	-1.0	-1.0	-1.0	-1.0	0.0	opened-hand	Open	1	calibration_20260418_134934	marker
-73550.565	-35975.475	-109349.19	-19579.454999999998	0.0	0.0	0.0	0.0	0.0	0.0	0.0	0.0	0.0	0.0	0.0	0.0	0.0	0.0	47.37931034482761	0.0	0.07067853	-0.072082335	1.012021335	2.65524	3.3266799999999996	-0.10682	3499287.0	1776545390.364912	0.0	1.0	-1.0	-1.0	-1.0	-1.0	-1.0	-1.0	-1.0	-1.0	0.0	opened-hand	Open	1	calibration_20260418_134934	marker
-73587.19499999999	-35976.284999999996	-109383.345	-19616.67	0.0	0.0	0.0	0.0	0.0	0.0	0.0	0.0	0.0	0.0	0.0	0.0	0.0	0.0	47.37931034482761	0.0	0.07067853	-0.072082335	1.012021335	2.65524	3.3266799999999996	-0.10682	3499288.0	1776545390.364921	0.0	1.0	-1.0	-1.0	-1.0	-1.0	-1.0	-1.0	-1.0	-1.0	0.0	opened-hand	Open	1	calibration_20260418_134934	marker
-73771.83	-35984.07	-109547.415	-19789.245	0.0	0.0	0.0	0.0	0.0	0.0	0.0	0.0	0.0	0.0	0.0	0.0	0.0	0.0	47.37931034482761	0.0	0.07067853	-0.072082335	1.012021335	2.65524	3.3266799999999996	-0.10682	3499289.0	1776545390.367064	0.0	1.0	-1.0	-1.0	-1.0	-1.0	-1.0	-1.0	-1.0	-1.0	0.0	opened-hand	Open	1	calibration_20260418_134934	marker
-73775.205	-35977.59	-109532.97	-19766.16	0.0	0.0	0.0	0.0	0.0	0.0	0.0	0.0	0.0	0.0	0.0	0.0	0.0	0.0	47.37931034482761	0.0	0.07067853	-0.072082335	1.012021335	2.65524	3.3266799999999996	-0.10682	3499290.0	1776545390.367081	0.0	1.0	-1.0	-1.0	-1.0	-1.0	-1.0	-1.0	-1.0	-1.0	0.0	opened-hand	Open	1	calibration_20260418_134934	marker
-73728.09	-35972.64	-109509.705	-19739.565	0.0	0.0	0.0	0.0	0.0	0.0	0.0	0.0	0.0	0.0	0.0	0.0	0.0	0.0	47.37931034482761	0.0	0.07067853	-0.072082335	1.012021335	2.65524	3.3266799999999996	-0.10682	3499291.0	1776545390.371655	0.0	1.0	-1.0	-1.0	-1.0	-1.0	-1.0	-1.0	-1.0	-1.0	0.0	opened-hand	Open	1	calibration_20260418_134934	marker
-73728.09	-35972.64	-109509.705	-19739.565	0.0	0.0	0.0	0.0	0.0	0.0	0.0	0.0	0.0	0.0	0.0	0.0	0.0	0.0	47.37931034482761	0.0	0.07067853	-0.072082335	1.012021335	2.65524	3.3266799999999996	-0.10682	3499292.0	1776545390.371662	0.0	1.0	-1.0	-1.0	-1.0	-1.0	-1.0	-1.0	-1.0	-1.0	0.0	opened-hand	Open	1	calibration_20260418_134934	marker
-73728.09	-35972.64	-109509.705	-19739.565	0.0	0.0	0.0	0.0	0.0	0.0	0.0	0.0	0.0	0.0	0.0	0.0	0.0	0.0	47.37931034482761	0.0	0.07067853	-0.072082335	1.012021335	2.65524	3.3266799999999996	-0.10682	3499293.0	1776545390.371666	0.0	1.0	-1.0	-1.0	-1.0	-1.0	-1.0	-1.0	-1.0	-1.0	0.0	opened-hand	Open	1	calibration_20260418_134934	marker
-73637.09999999999	-35981.729999999996	-109470.19499999999	-19692.045	0.0	0.0	0.0	0.0	0.0	0.0	0.0	0.0	0.0	0.0	0.0	0.0	0.0	0.0	47.37931034482761	0.0	0.066222975	-0.07311993	1.015561365	2.57894	3.0977799999999998	-0.48832	3499295.0	1776545390.377664	0.0	1.0	-1.0	-1.0	-1.0	-1.0	-1.0	-1.0	-1.0	-1.0	0.0	opened-hand	Open	1	calibration_20260418_134934	marker
-73680.165	-35978.174999999996	-109449.62999999999	-19682.415	0.0	0.0	0.0	0.0	0.0	0.0	0.0	0.0	0.0	0.0	0.0	0.0	0.0	0.0	47.37931034482761	0.0	0.066222975	-0.07311993	1.015561365	2.57894	3.0977799999999998	-0.48832	3499296.0	1776545390.377685	0.0	1.0	-1.0	-1.0	-1.0	-1.0	-1.0	-1.0	-1.0	-1.0	0.0	opened-hand	Open	1	calibration_20260418_134934	marker
-73703.745	-35976.24	-109472.805	-19687.995	0.0	0.0	0.0	0.0	0.0	0.0	0.0	0.0	0.0	0.0	0.0	0.0	0.0	0.0	47.37931034482761	0.0	0.066222975	-0.07311993	1.015561365	2.57894	3.0977799999999998	-0.48832	3499297.0	1776545390.381892	0.0	1.0	-1.0	-1.0	-1.0	-1.0	-1.0	-1.0	-1.0	-1.0	0.0	opened-hand	Open	1	calibration_20260418_134934	marker
-73717.69499999999	-35972.64	-109542.015	-19757.61	0.0	0.0	0.0	0.0	0.0	0.0	0.0	0.0	0.0	0.0	0.0	0.0	0.0	0.0	47.37931034482761	0.0	0.066222975	-0.07311993	1.015561365	2.57894	3.0977799999999998	-0.48832	3499298.0	1776545390.38192	0.0	1.0	-1.0	-1.0	-1.0	-1.0	-1.0	-1.0	-1.0	-1.0	0.0	opened-hand	Open	1	calibration_20260418_134934	marker
-73684.44	-35966.835	-109478.87999999999	-19732.5	0.0	0.0	0.0	0.0	0.0	0.0	0.0	0.0	0.0	0.0	0.0	0.0	0.0	0.0	47.37931034482761	0.0	0.066222975	-0.07311993	1.015561365	2.57894	3.0977799999999998	-0.48832	3499299.0	1776545390.390477	0.0	1.0	-1.0	-1.0	-1.0	-1.0	-1.0	-1.0	-1.0	-1.0	0.0	opened-hand	Open	1	calibration_20260418_134934	marker
-73528.69499999999	-35954.28	-109319.715	-19582.469999999998	0.0	0.0	0.0	0.0	0.0	0.0	0.0	0.0	0.0	0.0	0.0	0.0	0.0	0.0	47.37931034482761	0.0	0.066222975	-0.07311993	1.015561365	2.57894	3.0977799999999998	-0.48832	3499300.0	1776545390.390488	0.0	1.0	-1.0	-1.0	-1.0	-1.0	-1.0	-1.0	-1.0	-1.0	0.0	opened-hand	Open	1	calibration_20260418_134934	marker
-73548.855	-35956.17	-109353.28499999999	-19560.465	0.0	0.0	0.0	0.0	0.0	0.0	0.0	0.0	0.0	0.0	0.0	0.0	0.0	0.0	47.37931034482761	0.0	0.066222975	-0.07311993	1.015561365	2.57894	3.0977799999999998	-0.48832	3499301.0	1776545390.390589	0.0	1.0	-1.0	-1.0	-1.0	-1.0	-1.0	-1.0	-1.0	-1.0	0.0	opened-hand	Open	1	calibration_20260418_134934	marker
-73756.035	-35972.549999999996	-109508.04	-19688.805	0.0	0.0	0.0	0.0	0.0	0.0	0.0	0.0	0.0	0.0	0.0	0.0	0.0	0.0	47.37931034482761	0.0	0.066222975	-0.07311993	1.015561365	2.57894	3.0977799999999998	-0.48832	3499302.0	1776545390.390593	0.0	1.0	-1.0	-1.0	-1.0	-1.0	-1.0	-1.0	-1.0	-1.0	0.0	opened-hand	Open	1	calibration_20260418_134934	marker
-73694.87999999999	-35975.7	-109443.78	-19667.925	0.0	0.0	0.0	0.0	0.0	0.0	0.0	0.0	0.0	0.0	0.0	0.0	0.0	0.0	47.37931034482761	0.0	0.066222975	-0.07311993	1.015561365	2.57894	3.0977799999999998	-0.48832	3499303.0	1776545390.393516	0.0	1.0	-1.0	-1.0	-1.0	-1.0	-1.0	-1.0	-1.0	-1.0	0.0	opened-hand	Open	1	calibration_20260418_134934	marker
-73573.69499999999	-35971.02	-109428.075	-19656.045	0.0	0.0	0.0	0.0	0.0	0.0	0.0	0.0	0.0	0.0	0.0	0.0	0.0	0.0	47.37931034482761	0.0	0.066222975	-0.07311993	1.015561365	2.57894	3.0977799999999998	-0.48832	3499304.0	1776545390.39354	0.0	1.0	-1.0	-1.0	-1.0	-1.0	-1.0	-1.0	-1.0	-1.0	0.0	opened-hand	Open	1	calibration_20260418_134934	marker
-73634.44499999999	-35971.695	-109479.555	-19711.395	0.0	0.0	0.0	0.0	0.0	0.0	0.0	0.0	0.0	0.0	0.0	0.0	0.0	0.0	47.37931034482761	0.0	0.063903645	-0.06726057	1.01537826	2.22796	3.4640199999999997	-1.0224199999999999	3499305.0	1776545390.398184	0.0	1.0	-1.0	-1.0	-1.0	-1.0	-1.0	-1.0	-1.0	-1.0	0.0	opened-hand	Open	1	calibration_20260418_134934	marker
-73791.495	-35978.265	-109609.965	-19834.02	0.0	0.0	0.0	0.0	0.0	0.0	0.0	0.0	0.0	0.0	0.0	0.0	0.0	0.0	47.37931034482761	0.0	0.063903645	-0.06726057	1.01537826	2.22796	3.4640199999999997	-1.0224199999999999	3499306.0	1776545390.3982	0.0	1.0	-1.0	-1.0	-1.0	-1.0	-1.0	-1.0	-1.0	-1.0	0.0	opened-hand	Open	1	calibration_20260418_134934	marker
-73730.565	-35974.979999999996	-109589.84999999999	-19823.265	0.0	0.0	0.0	0.0	0.0	0.0	0.0	0.0	0.0	0.0	0.0	0.0	0.0	0.0	47.37931034482761	0.0	0.063903645	-0.06726057	1.01537826	2.22796	3.4640199999999997	-1.0224199999999999	3499307.0	1776545390.401918	0.0	1.0	-1.0	-1.0	-1.0	-1.0	-1.0	-1.0	-1.0	-1.0	0.0	opened-hand	Open	1	calibration_20260418_134934	marker
-73720.665	-35972.82	-109538.055	-19764.54	0.0	0.0	0.0	0.0	0.0	0.0	0.0	0.0	0.0	0.0	0.0	0.0	0.0	0.0	47.37931034482761	0.0	0.063903645	-0.06726057	1.01537826	2.22796	3.4640199999999997	-1.0224199999999999	3499308.0	1776545390.401964	0.0	1.0	-1.0	-1.0	-1.0	-1.0	-1.0	-1.0	-1.0	-1.0	0.0	opened-hand	Open	1	calibration_20260418_134934	marker
-73756.08	-35973.045	-109491.345	-19721.385	0.0	0.0	0.0	0.0	0.0	0.0	0.0	0.0	0.0	0.0	0.0	0.0	0.0	0.0	47.37931034482761	0.0	0.063903645	-0.06726057	1.01537826	2.22796	3.4640199999999997	-1.0224199999999999	3499309.0	1776545390.405879	0.0	1.0	-1.0	-1.0	-1.0	-1.0	-1.0	-1.0	-1.0	-1.0	0.0	opened-hand	Open	1	calibration_20260418_134934	marker
-73651.905	-35968.545	-109376.055	-19663.649999999998	0.0	0.0	0.0	0.0	0.0	0.0	0.0	0.0	0.0	0.0	0.0	0.0	0.0	0.0	47.37931034482761	0.0	0.063903645	-0.06726057	1.01537826	2.22796	3.4640199999999997	-1.0224199999999999	3499310.0	1776545390.405913	0.0	1.0	-1.0	-1.0	-1.0	-1.0	-1.0	-1.0	-1.0	-1.0	0.0	opened-hand	Open	1	calibration_20260418_134934	marker
-73589.355	-35970.255	-109387.39499999999	-19632.645	0.0	0.0	0.0	0.0	0.0	0.0	0.0	0.0	0.0	0.0	0.0	0.0	0.0	0.0	47.37931034482761	0.0	0.063903645	-0.06726057	1.01537826	2.22796	3.4640199999999997	-1.0224199999999999	3499311.0	1776545390.41726	0.0	1.0	-1.0	-1.0	-1.0	-1.0	-1.0	-1.0	-1.0	-1.0	0.0	opened-hand	Open	1	calibration_20260418_134934	marker
-73633.68	-35973.945	-109489.14	-19692.945	0.0	0.0	0.0	0.0	0.0	0.0	0.0	0.0	0.0	0.0	0.0	0.0	0.0	0.0	47.37931034482761	0.0	0.063903645	-0.06726057	1.01537826	2.22796	3.4640199999999997	-1.0224199999999999	3499312.0	1776545390.417292	0.0	1.0	-1.0	-1.0	-1.0	-1.0	-1.0	-1.0	-1.0	-1.0	0.0	opened-hand	Open	1	calibration_20260418_134934	marker
-73664.595	-35972.955	-109529.055	-19752.255	0.0	0.0	0.0	0.0	0.0	0.0	0.0	0.0	0.0	0.0	0.0	0.0	0.0	0.0	47.37931034482761	0.0	0.063903645	-0.06726057	1.01537826	2.22796	3.4640199999999997	-1.0224199999999999	3499313.0	1776545390.417327	0.0	1.0	-1.0	-1.0	-1.0	-1.0	-1.0	-1.0	-1.0	-1.0	0.0	opened-hand	Open	1	calibration_20260418_134934	marker
-73746.98999999999	-35970.119999999995	-109581.61499999999	-19784.43	0.0	0.0	0.0	0.0	0.0	0.0	0.0	0.0	0.0	0.0	0.0	0.0	0.0	0.0	47.37931034482761	0.0	0.063903645	-0.06726057	1.01537826	2.22796	3.4640199999999997	-1.0224199999999999	3499314.0	1776545390.417344	0.0	1.0	-1.0	-1.0	-1.0	-1.0	-1.0	-1.0	-1.0	-1.0	0.0	opened-hand	Open	1	calibration_20260418_134934	marker
-73857.555	-35972.01	-109644.525	-19838.61	0.0	0.0	0.0	0.0	0.0	0.0	0.0	0.0	0.0	0.0	0.0	0.0	0.0	0.0	47.37931034482761	0.0	0.06249984	-0.064758135	1.015805505	-0.33571999999999996	3.02148	-1.9380199999999999	3499315.0	1776545390.419977	0.0	1.0	-1.0	-1.0	-1.0	-1.0	-1.0	-1.0	-1.0	-1.0	0.0	opened-hand	Open	1	calibration_20260418_134934	marker
-73761.525	-35970.75	-109565.01	-19786.23	0.0	0.0	0.0	0.0	0.0	0.0	0.0	0.0	0.0	0.0	0.0	0.0	0.0	0.0	47.37931034482761	0.0	0.06249984	-0.064758135	1.015805505	-0.33571999999999996	3.02148	-1.9380199999999999	3499316.0	1776545390.419996	0.0	1.0	-1.0	-1.0	-1.0	-1.0	-1.0	-1.0	-1.0	-1.0	0.0	opened-hand	Open	1	calibration_20260418_134934	marker
-73692.94499999999	-35972.46	-109499.44499999999	-19717.11	0.0	0.0	0.0	0.0	0.0	0.0	0.0	0.0	0.0	0.0	0.0	0.0	0.0	0.0	47.37931034482761	0.0	0.06249984	-0.064758135	1.015805505	-0.33571999999999996	3.02148	-1.9380199999999999	3499317.0	1776545390.423205	0.0	1.0	-1.0	-1.0	-1.0	-1.0	-1.0	-1.0	-1.0	-1.0	0.0	opened-hand	Open	1	calibration_20260418_134934	marker
-73697.805	-35977.32	-109496.87999999999	-19728.855	0.0	0.0	0.0	0.0	0.0	0.0	0.0	0.0	0.0	0.0	0.0	0.0	0.0	0.0	47.37931034482761	0.0	0.06249984	-0.064758135	1.015805505	-0.33571999999999996	3.02148	-1.9380199999999999	3499318.0	1776545390.423235	0.0	1.0	-1.0	-1.0	-1.0	-1.0	-1.0	-1.0	-1.0	-1.0	0.0	opened-hand	Open	1	calibration_20260418_134934	marker
-73718.235	-35982.854999999996	-109495.575	-19721.43	0.0	0.0	0.0	0.0	0.0	0.0	0.0	0.0	0.0	0.0	0.0	0.0	0.0	0.0	47.37931034482761	0.0	0.06249984	-0.064758135	1.015805505	-0.33571999999999996	3.02148	-1.9380199999999999	3499319.0	1776545390.426586	0.0	1.0	-1.0	-1.0	-1.0	-1.0	-1.0	-1.0	-1.0	-1.0	0.0	opened-hand	Open	1	calibration_20260418_134934	marker
-73654.92	-35978.174999999996	-109430.415	-19641.915	0.0	0.0	0.0	0.0	0.0	0.0	0.0	0.0	0.0	0.0	0.0	0.0	0.0	0.0	47.37931034482761	0.0	0.06249984	-0.064758135	1.015805505	-0.33571999999999996	3.02148	-1.9380199999999999	3499320.0	1776545390.42661	0.0	1.0	-1.0	-1.0	-1.0	-1.0	-1.0	-1.0	-1.0	-1.0	0.0	opened-hand	Open	1	calibration_20260418_134934	marker
-73651.635	-35974.89	-109416.95999999999	-19620.36	0.0	0.0	0.0	0.0	0.0	0.0	0.0	0.0	0.0	0.0	0.0	0.0	0.0	0.0	47.37931034482761	0.0	0.06249984	-0.064758135	1.015805505	-0.33571999999999996	3.02148	-1.9380199999999999	3499321.0	1776545390.430021	0.0	1.0	-1.0	-1.0	-1.0	-1.0	-1.0	-1.0	-1.0	-1.0	0.0	opened-hand	Open	1	calibration_20260418_134934	marker
-73721.565	-35977.59	-109483.425	-19690.829999999998	0.0	0.0	0.0	0.0	0.0	0.0	0.0	0.0	0.0	0.0	0.0	0.0	0.0	0.0	47.37931034482761	0.0	0.06249984	-0.064758135	1.015805505	-0.33571999999999996	3.02148	-1.9380199999999999	3499322.0	1776545390.430098	0.0	1.0	-1.0	-1.0	-1.0	-1.0	-1.0	-1.0	-1.0	-1.0	0.0	opened-hand	Open	1	calibration_20260418_134934	marker
-73651.455	-35969.67	-109425.105	-19654.38	0.0	0.0	0.0	0.0	0.0	0.0	0.0	0.0	0.0	0.0	0.0	0.0	0.0	0.0	47.37931034482761	0.0	0.06249984	-0.064758135	1.015805505	-0.33571999999999996	3.02148	-1.9380199999999999	3499323.0	1776545390.433976	0.0	1.0	-1.0	-1.0	-1.0	-1.0	-1.0	-1.0	-1.0	-1.0	0.0	opened-hand	Open	1	calibration_20260418_134934	marker
-73621.215	-35969.085	-109422.98999999999	-19653.344999999998	0.0	0.0	0.0	0.0	0.0	0.0	0.0	0.0	0.0	0.0	0.0	0.0	0.0	0.0	47.37931034482761	0.0	0.06249984	-0.064758135	1.015805505	-0.33571999999999996	3.02148	-1.9380199999999999	3499324.0	1776545390.434004	0.0	1.0	-1.0	-1.0	-1.0	-1.0	-1.0	-1.0	-1.0	-1.0	0.0	opened-hand	Open	1	calibration_20260418_134934	marker
-73629.62999999999	-35973.18	-109453.14	-19676.34	0.0	0.0	0.0	0.0	0.0	0.0	0.0	0.0	0.0	0.0	0.0	0.0	0.0	0.0	47.37931034482761	0.0	0.059570160000000004	-0.070251285	1.0205052000000001	-0.01526	2.7010199999999998	-0.71722	3499325.0	1776545390.437967	0.0	1.0	-1.0	-1.0	-1.0	-1.0	-1.0	-1.0	-1.0	-1.0	0.0	opened-hand	Open	1	calibration_20260418_134934	marker
-73750.545	-35983.935	-109599.84	-19827.225	0.0	0.0	0.0	0.0	0.0	0.0	0.0	0.0	0.0	0.0	0.0	0.0	0.0	0.0	47.37931034482761	0.0	0.059570160000000004	-0.070251285	1.0205052000000001	-0.01526	2.7010199999999998	-0.71722	3499326.0	1776545390.437991	0.0	1.0	-1.0	-1.0	-1.0	-1.0	-1.0	-1.0	-1.0	-1.0	0.0	opened-hand	Open	1	calibration_20260418_134934	marker
-73774.70999999999	-35995.005	-109668.33	-19881.945	0.0	0.0	0.0	0.0	0.0	0.0	0.0	0.0	0.0	0.0	0.0	0.0	0.0	0.0	47.37931034482761	0.0	0.059570160000000004	-0.070251285	1.0205052000000001	-0.01526	2.7010199999999998	-0.71722	3499327.0	1776545390.441894	0.0	1.0	-1.0	-1.0	-1.0	-1.0	-1.0	-1.0	-1.0	-1.0	0.0	opened-hand	Open	1	calibration_20260418_134934	marker
-73698.25499999999	-35988.165	-109546.47	-19749.375	0.0	0.0	0.0	0.0	0.0	0.0	0.0	0.0	0.0	0.0	0.0	0.0	0.0	0.0	47.37931034482761	0.0	0.059570160000000004	-0.070251285	1.0205052000000001	-0.01526	2.7010199999999998	-0.71722	3499328.0	1776545390.441919	0.0	1.0	-1.0	-1.0	-1.0	-1.0	-1.0	-1.0	-1.0	-1.0	0.0	opened-hand	Open	1	calibration_20260418_134934	marker
-73701.72	-35983.215	-109520.45999999999	-19725.39	0.0	0.0	0.0	0.0	0.0	0.0	0.0	0.0	0.0	0.0	0.0	0.0	0.0	0.0	47.37931034482761	0.0	0.059570160000000004	-0.070251285	1.0205052000000001	-0.01526	2.7010199999999998	-0.71722	3499329.0	1776545390.44787	0.0	1.0	-1.0	-1.0	-1.0	-1.0	-1.0	-1.0	-1.0	-1.0	0.0	opened-hand	Open	1	calibration_20260418_134934	marker
-73654.155	-35975.115	-109448.01	-19667.969999999998	0.0	0.0	0.0	0.0	0.0	0.0	0.0	0.0	0.0	0.0	0.0	0.0	0.0	0.0	47.37931034482761	0.0	0.059570160000000004	-0.070251285	1.0205052000000001	-0.01526	2.7010199999999998	-0.71722	3499330.0	1776545390.447898	0.0	1.0	-1.0	-1.0	-1.0	-1.0	-1.0	-1.0	-1.0	-1.0	0.0	opened-hand	Open	1	calibration_20260418_134934	marker
-73600.73999999999	-35966.744999999995	-109422.18	-19646.325	0.0	0.0	0.0	0.0	0.0	0.0	0.0	0.0	0.0	0.0	0.0	0.0	0.0	0.0	47.37931034482761	0.0	0.059570160000000004	-0.070251285	1.0205052000000001	-0.01526	2.7010199999999998	-0.71722	3499331.0	1776545390.449899	0.0	1.0	-1.0	-1.0	-1.0	-1.0	-1.0	-1.0	-1.0	-1.0	0.0	opened-hand	Open	1	calibration_20260418_134934	marker
-73816.33499999999	-35979.03	-109618.33499999999	-19819.53	0.0	0.0	0.0	0.0	0.0	0.0	0.0	0.0	0.0	0.0	0.0	0.0	0.0	0.0	47.37931034482761	0.0	0.059570160000000004	-0.070251285	1.0205052000000001	-0.01526	2.7010199999999998	-0.71722	3499332.0	1776545390.449918	0.0	1.0	-1.0	-1.0	-1.0	-1.0	-1.0	-1.0	-1.0	-1.0	0.0	opened-hand	Open	1	calibration_20260418_134934	marker
-73786.68	-35980.155	-109607.89499999999	-19825.695	0.0	0.0	0.0	0.0	0.0	0.0	0.0	0.0	0.0	0.0	0.0	0.0	0.0	0.0	47.37931034482761	0.0	0.059570160000000004	-0.070251285	1.0205052000000001	-0.01526	2.7010199999999998	-0.71722	3499333.0	1776545390.453833	0.0	1.0	-1.0	-1.0	-1.0	-1.0	-1.0	-1.0	-1.0	-1.0	0.0	opened-hand	Open	1	calibration_20260418_134934	marker
-73658.43	-35975.79	-109511.28	-19759.77	0.0	0.0	0.0	0.0	0.0	0.0	0.0	0.0	0.0	0.0	0.0	0.0	0.0	0.0	47.37931034482761	0.0	0.059570160000000004	-0.070251285	1.0205052000000001	-0.01526	2.7010199999999998	-0.71722	3499334.0	1776545390.453865	0.0	1.0	-1.0	-1.0	-1.0	-1.0	-1.0	-1.0	-1.0	-1.0	0.0	opened-hand	Open	1	calibration_20260418_134934	marker
-73666.75499999999	-35978.939999999995	-109481.58	-19715.13	0.0	0.0	0.0	0.0	0.0	0.0	0.0	0.0	0.0	0.0	0.0	0.0	0.0	0.0	47.37931034482761	0.0	0.057067725	-0.079650675	1.02197004	2.76206	2.38056	-1.05294	3499335.0	1776545390.458096	0.0	1.0	-1.0	-1.0	-1.0	-1.0	-1.0	-1.0	-1.0	-1.0	0.0	opened-hand	Open	1	calibration_20260418_134934	marker
-73640.06999999999	-35982.99	-109438.515	-19638.225	0.0	0.0	0.0	0.0	0.0	0.0	0.0	0.0	0.0	0.0	0.0	0.0	0.0	0.0	47.37931034482761	0.0	0.057067725	-0.079650675	1.02197004	2.76206	2.38056	-1.05294	3499336.0	1776545390.458106	0.0	1.0	-1.0	-1.0	-1.0	-1.0	-1.0	-1.0	-1.0	-1.0	0.0	opened-hand	Open	1	calibration_20260418_134934	marker
-73621.26	-35983.305	-109389.915	-19586.969999999998	0.0	0.0	0.0	0.0	0.0	0.0	0.0	0.0	0.0	0.0	0.0	0.0	0.0	0.0	47.37931034482761	0.0	0.057067725	-0.079650675	1.02197004	2.76206	2.38056	-1.05294	3499337.0	1776545390.463944	0.0	1.0	-1.0	-1.0	-1.0	-1.0	-1.0	-1.0	-1.0	-1.0	0.0	opened-hand	Open	1	calibration_20260418_134934	marker
-73735.245	-35988.075	-109517.08499999999	-19716.93	0.0	0.0	0.0	0.0	0.0	0.0	0.0	0.0	0.0	0.0	0.0	0.0	0.0	0.0	47.37931034482761	0.0	0.057067725	-0.079650675	1.02197004	2.76206	2.38056	-1.05294	3499338.0	1776545390.463963	0.0	1.0	-1.0	-1.0	-1.0	-1.0	-1.0	-1.0	-1.0	-1.0	0.0	opened-hand	Open	1	calibration_20260418_134934	marker
-73758.23999999999	-35985.15	-109566.18	-19778.76	0.0	0.0	0.0	0.0	0.0	0.0	0.0	0.0	0.0	0.0	0.0	0.0	0.0	0.0	47.37931034482761	0.0	0.057067725	-0.079650675	1.02197004	2.76206	2.38056	-1.05294	3499339.0	1776545390.465852	0.0	1.0	-1.0	-1.0	-1.0	-1.0	-1.0	-1.0	-1.0	-1.0	0.0	opened-hand	Open	1	calibration_20260418_134934	marker
-73734.48	-35974.26	-109559.385	-19758.015	0.0	0.0	0.0	0.0	0.0	0.0	0.0	0.0	0.0	0.0	0.0	0.0	0.0	0.0	47.37931034482761	0.0	0.057067725	-0.079650675	1.02197004	2.76206	2.38056	-1.05294	3499340.0	1776545390.465861	0.0	1.0	-1.0	-1.0	-1.0	-1.0	-1.0	-1.0	-1.0	-1.0	0.0	opened-hand	Open	1	calibration_20260418_134934	marker
-73703.52	-35966.52	-109565.595	-19770.344999999998	0.0	0.0	0.0	0.0	0.0	0.0	0.0	0.0	0.0	0.0	0.0	0.0	0.0	0.0	47.37931034482761	0.0	0.057067725	-0.079650675	1.02197004	2.76206	2.38056	-1.05294	3499341.0	1776545390.469897	0.0	1.0	-1.0	-1.0	-1.0	-1.0	-1.0	-1.0	-1.0	-1.0	0.0	opened-hand	Open	1	calibration_20260418_134934	marker
-73671.705	-35961.93	-109521.72	-19736.864999999998	0.0	0.0	0.0	0.0	0.0	0.0	0.0	0.0	0.0	0.0	0.0	0.0	0.0	0.0	47.37931034482761	0.0	0.057067725	-0.079650675	1.02197004	2.76206	2.38056	-1.05294	3499342.0	1776545390.469907	0.0	1.0	-1.0	-1.0	-1.0	-1.0	-1.0	-1.0	-1.0	-1.0	0.0	opened-hand	Open	1	calibration_20260418_134934	marker
-73662.84	-35962.695	-109478.925	-19687.815	0.0	0.0	0.0	0.0	0.0	0.0	0.0	0.0	0.0	0.0	0.0	0.0	0.0	0.0	47.37931034482761	0.0	0.057067725	-0.079650675	1.02197004	2.76206	2.38056	-1.05294	3499343.0	1776545390.478635	0.0	1.0	-1.0	-1.0	-1.0	-1.0	-1.0	-1.0	-1.0	-1.0	0.0	opened-hand	Open	1	calibration_20260418_134934	marker
-73731.95999999999	-35976.735	-109513.8	-19721.25	0.0	0.0	0.0	0.0	0.0	0.0	0.0	0.0	0.0	0.0	0.0	0.0	0.0	0.0	47.37931034482761	0.0	0.057067725	-0.079650675	1.02197004	2.76206	2.38056	-1.05294	3499344.0	1776545390.478691	0.0	1.0	-1.0	-1.0	-1.0	-1.0	-1.0	-1.0	-1.0	-1.0	0.0	opened-hand	Open	1	calibration_20260418_134934	marker
-73733.265	-35984.564999999995	-109494.405	-19703.295	0.0	0.0	0.0	0.0	0.0	0.0	0.0	0.0	0.0	0.0	0.0	0.0	0.0	0.0	47.37931034482761	0.0	0.060729825	-0.085387965	1.0229466	6.39394	1.526	-0.7019599999999999	3499345.0	1776545390.478732	0.0	1.0	-1.0	-1.0	-1.0	-1.0	-1.0	-1.0	-1.0	-1.0	0.0	opened-hand	Open	1	calibration_20260418_134934	marker
-73636.47	-35982.18	-109409.625	-19624.95	0.0	0.0	0.0	0.0	0.0	0.0	0.0	0.0	0.0	0.0	0.0	0.0	0.0	0.0	47.37931034482761	0.0	0.060729825	-0.085387965	1.0229466	6.39394	1.526	-0.7019599999999999	3499346.0	1776545390.47874	0.0	1.0	-1.0	-1.0	-1.0	-1.0	-1.0	-1.0	-1.0	-1.0	0.0	opened-hand	Open	1	calibration_20260418_134934	marker
-73566.58499999999	-35977.095	-109341.495	-19552.86	0.0	0.0	0.0	0.0	0.0	0.0	0.0	0.0	0.0	0.0	0.0	0.0	0.0	0.0	47.37931034482761	0.0	0.060729825	-0.085387965	1.0229466	6.39394	1.526	-0.7019599999999999	3499347.0	1776545390.481958	0.0	1.0	-1.0	-1.0	-1.0	-1.0	-1.0	-1.0	-1.0	-1.0	0.0	opened-hand	Open	1	calibration_20260418_134934	marker
-73547.01	-35966.34	-109329.705	-19538.325	0.0	0.0	0.0	0.0	0.0	0.0	0.0	0.0	0.0	0.0	0.0	0.0	0.0	0.0	47.37931034482761	0.0	0.060729825	-0.085387965	1.0229466	6.39394	1.526	-0.7019599999999999	3499348.0	1776545390.481985	0.0	1.0	-1.0	-1.0	-1.0	-1.0	-1.0	-1.0	-1.0	-1.0	0.0	opened-hand	Open	1	calibration_20260418_134934	marker
-73704.015	-35965.979999999996	-109500.25499999999	-19699.515	0.0	0.0	0.0	0.0	0.0	0.0	0.0	0.0	0.0	0.0	0.0	0.0	0.0	0.0	47.37931034482761	0.0	0.060729825	-0.085387965	1.0229466	6.39394	1.526	-0.7019599999999999	3499349.0	1776545390.485866	0.0	1.0	-1.0	-1.0	-1.0	-1.0	-1.0	-1.0	-1.0	-1.0	0.0	opened-hand	Open	1	calibration_20260418_134934	marker
-73846.75499999999	-35973.135	-109691.81999999999	-19907.954999999998	0.0	0.0	0.0	0.0	0.0	0.0	0.0	0.0	0.0	0.0	0.0	0.0	0.0	0.0	47.37931034482761	0.0	0.060729825	-0.085387965	1.0229466	6.39394	1.526	-0.7019599999999999	3499350.0	1776545390.485893	0.0	1.0	-1.0	-1.0	-1.0	-1.0	-1.0	-1.0	-1.0	-1.0	0.0	opened-hand	Open	1	calibration_20260418_134934	marker
-73803.465	-35970.57	-109642.76999999999	-19863.09	0.0	0.0	0.0	0.0	0.0	0.0	0.0	0.0	0.0	0.0	0.0	0.0	0.0	0.0	47.37931034482761	0.0	0.060729825	-0.085387965	1.0229466	6.39394	1.526	-0.7019599999999999	3499351.0	1776545390.489946	0.0	1.0	-1.0	-1.0	-1.0	-1.0	-1.0	-1.0	-1.0	-1.0	0.0	opened-hand	Open	1	calibration_20260418_134934	marker
-73689.03	-35969.895	-109536.65999999999	-19763.145	0.0	0.0	0.0	0.0	0.0	0.0	0.0	0.0	0.0	0.0	0.0	0.0	0.0	0.0	47.37931034482761	0.0	0.060729825	-0.085387965	1.0229466	6.39394	1.526	-0.7019599999999999	3499352.0	1776545390.489967	0.0	1.0	-1.0	-1.0	-1.0	-1.0	-1.0	-1.0	-1.0	-1.0	0.0	opened-hand	Open	1	calibration_20260418_134934	marker
-73682.28	-35975.205	-109474.245	-19687.68	0.0	0.0	0.0	0.0	0.0	0.0	0.0	0.0	0.0	0.0	0.0	0.0	0.0	0.0	47.37931034482761	0.0	0.060729825	-0.085387965	1.0229466	6.39394	1.526	-0.7019599999999999	3499353.0	1776545390.493908	0.0	1.0	-1.0	-1.0	-1.0	-1.0	-1.0	-1.0	-1.0	-1.0	0.0	opened-hand	Open	1	calibration_20260418_134934	marker
-73606.77	-35973.405	-109352.25	-19566.36	0.0	0.0	0.0	0.0	0.0	0.0	0.0	0.0	0.0	0.0	0.0	0.0	0.0	0.0	47.37931034482761	0.0	0.060729825	-0.085387965	1.0229466	6.39394	1.526	-0.7019599999999999	3499354.0	1776545390.493927	0.0	1.0	-1.0	-1.0	-1.0	-1.0	-1.0	-1.0	-1.0	-1.0	0.0	opened-hand	Open	1	calibration_20260418_134934	marker
-73662.48	-35978.85	-109431.0	-19635.795	0.0	0.0	0.0	0.0	0.0	0.0	0.0	0.0	0.0	0.0	0.0	0.0	0.0	0.0	47.37931034482761	0.0	0.066589185	-0.07836894	1.02013899	7.79786	1.00716	-0.25942	3499355.0	1776545390.498035	0.0	1.0	-1.0	-1.0	-1.0	-1.0	-1.0	-1.0	-1.0	-1.0	0.0	opened-hand	Open	1	calibration_20260418_134934	marker
-73745.28	-35983.395	-109579.275	-19779.39	0.0	0.0	0.0	0.0	0.0	0.0	0.0	0.0	0.0	0.0	0.0	0.0	0.0	0.0	47.37931034482761	0.0	0.066589185	-0.07836894	1.02013899	7.79786	1.00716	-0.25942	3499356.0	1776545390.498059	0.0	1.0	-1.0	-1.0	-1.0	-1.0	-1.0	-1.0	-1.0	-1.0	0.0	opened-hand	Open	1	calibration_20260418_134934	marker
-73749.555	-35975.88	-109581.75	-19783.62	0.0	0.0	0.0	0.0	0.0	0.0	0.0	0.0	0.0	0.0	0.0	0.0	0.0	0.0	47.37931034482761	0.0	0.066589185	-0.07836894	1.02013899	7.79786	1.00716	-0.25942	3499357.0	1776545390.50195	0.0	1.0	-1.0	-1.0	-1.0	-1.0	-1.0	-1.0	-1.0	-1.0	0.0	opened-hand	Open	1	calibration_20260418_134934	marker
-73707.56999999999	-35965.71	-109531.665	-19750.545	0.0	0.0	0.0	0.0	0.0	0.0	0.0	0.0	0.0	0.0	0.0	0.0	0.0	0.0	47.37931034482761	0.0	0.066589185	-0.07836894	1.02013899	7.79786	1.00716	-0.25942	3499358.0	1776545390.50197	0.0	1.0	-1.0	-1.0	-1.0	-1.0	-1.0	-1.0	-1.0	-1.0	0.0	opened-hand	Open	1	calibration_20260418_134934	marker
-73625.48999999999	-35957.655	-109484.325	-19701.495	0.0	0.0	0.0	0.0	0.0	0.0	0.0	0.0	0.0	0.0	0.0	0.0	0.0	0.0	47.37931034482761	0.0	0.066589185	-0.07836894	1.02013899	7.79786	1.00716	-0.25942	3499359.0	1776545390.509638	0.0	1.0	-1.0	-1.0	-1.0	-1.0	-1.0	-1.0	-1.0	-1.0	0.0	opened-hand	Open	1	calibration_20260418_134934	marker
-73603.845	-35959.905	-109456.965	-19675.395	0.0	0.0	0.0	0.0	0.0	0.0	0.0	0.0	0.0	0.0	0.0	0.0	0.0	0.0	47.37931034482761	0.0	0.066589185	-0.07836894	1.02013899	7.79786	1.00716	-0.25942	3499360.0	1776545390.509658	0.0	1.0	-1.0	-1.0	-1.0	-1.0	-1.0	-1.0	-1.0	-1.0	0.0	opened-hand	Open	1	calibration_20260418_134934	marker
-73656.495	-35973.045	-109502.055	-19722.915	0.0	0.0	0.0	0.0	0.0	0.0	0.0	0.0	0.0	0.0	0.0	0.0	0.0	0.0	47.37931034482761	0.0	0.066589185	-0.07836894	1.02013899	7.79786	1.00716	-0.25942	3499361.0	1776545390.509685	0.0	1.0	-1.0	-1.0	-1.0	-1.0	-1.0	-1.0	-1.0	-1.0	0.0	opened-hand	Open	1	calibration_20260418_134934	marker
-73746.045	-35989.515	-109553.4	-19763.37	0.0	0.0	0.0	0.0	0.0	0.0	0.0	0.0	0.0	0.0	0.0	0.0	0.0	0.0	47.37931034482761	0.0	0.066589185	-0.07836894	1.02013899	7.79786	1.00716	-0.25942	3499362.0	1776545390.509702	0.0	1.0	-1.0	-1.0	-1.0	-1.0	-1.0	-1.0	-1.0	-1.0	0.0	opened-hand	Open	1	calibration_20260418_134934	marker
-73746.62999999999	-35994.06	-109520.50499999999	-19723.005	0.0	0.0	0.0	0.0	0.0	0.0	0.0	0.0	0.0	0.0	0.0	0.0	0.0	0.0	47.37931034482761	0.0	0.066589185	-0.07836894	1.02013899	7.79786	1.00716	-0.25942	3499363.0	1776545390.514036	0.0	1.0	-1.0	-1.0	-1.0	-1.0	-1.0	-1.0	-1.0	-1.0	0.0	opened-hand	Open	1	calibration_20260418_134934	marker
-73694.34	-35989.47	-109465.01999999999	-19657.485	0.0	0.0	0.0	0.0	0.0	0.0	0.0	0.0	0.0	0.0	0.0	0.0	0.0	0.0	47.37931034482761	0.0	0.066589185	-0.07836894	1.02013899	7.79786	1.00716	-0.25942	3499364.0	1776545390.514067	0.0	1.0	-1.0	-1.0	-1.0	-1.0	-1.0	-1.0	-1.0	-1.0	0.0	opened-hand	Open	1	calibration_20260418_134934	marker
-73578.06	-35975.744999999995	-109396.08	-19612.8	0.0	0.0	0.0	0.0	0.0	0.0	0.0	0.0	0.0	0.0	0.0	0.0	0.0	0.0	47.37931034482761	0.0	0.072692685	-0.06860334	1.017392415	7.172199999999999	1.26658	-0.763	3499365.0	1776545390.51808	0.0	1.0	-1.0	-1.0	-1.0	-1.0	-1.0	-1.0	-1.0	-1.0	0.0	opened-hand	Open	1	calibration_20260418_134934	marker
-73694.79	-35973.9	-109538.45999999999	-19747.934999999998	0.0	0.0	0.0	0.0	0.0	0.0	0.0	0.0	0.0	0.0	0.0	0.0	0.0	0.0	47.37931034482761	0.0	0.072692685	-0.06860334	1.017392415	7.172199999999999	1.26658	-0.763	3499366.0	1776545390.5181	0.0	1.0	-1.0	-1.0	-1.0	-1.0	-1.0	-1.0	-1.0	-1.0	0.0	opened-hand	Open	1	calibration_20260418_134934	marker
-73771.065	-35979.525	-109621.03499999999	-19817.594999999998	0.0	0.0	0.0	0.0	0.0	0.0	0.0	0.0	0.0	0.0	0.0	0.0	0.0	0.0	47.37931034482761	0.0	0.072692685	-0.06860334	1.017392415	7.172199999999999	1.26658	-0.763	3499367.0	1776545390.522486	0.0	1.0	-1.0	-1.0	-1.0	-1.0	-1.0	-1.0	-1.0	-1.0	0.0	opened-hand	Open	1	calibration_20260418_134934	marker
-73754.50499999999	-35980.064999999995	-109573.01999999999	-19776.195	0.0	0.0	0.0	0.0	0.0	0.0	0.0	0.0	0.0	0.0	0.0	0.0	0.0	0.0	47.37931034482761	0.0	0.072692685	-0.06860334	1.017392415	7.172199999999999	1.26658	-0.763	3499368.0	1776545390.522518	0.0	1.0	-1.0	-1.0	-1.0	-1.0	-1.0	-1.0	-1.0	-1.0	0.0	opened-hand	Open	1	calibration_20260418_134934	marker
-73709.955	-35981.505	-109516.68	-19715.715	0.0	0.0	0.0	0.0	0.0	0.0	0.0	0.0	0.0	0.0	0.0	0.0	0.0	0.0	47.37931034482761	0.0	0.072692685	-0.06860334	1.017392415	7.172199999999999	1.26658	-0.763	3499369.0	1776545390.528435	0.0	1.0	-1.0	-1.0	-1.0	-1.0	-1.0	-1.0	-1.0	-1.0	0.0	opened-hand	Open	1	calibration_20260418_134934	marker
-73669.00499999999	-35985.284999999996	-109507.40999999999	-19682.01	0.0	0.0	0.0	0.0	0.0	0.0	0.0	0.0	0.0	0.0	0.0	0.0	0.0	0.0	47.37931034482761	0.0	0.072692685	-0.06860334	1.017392415	7.172199999999999	1.26658	-0.763	3499370.0	1776545390.528463	0.0	1.0	-1.0	-1.0	-1.0	-1.0	-1.0	-1.0	-1.0	-1.0	0.0	opened-hand	Open	1	calibration_20260418_134934	marker
-73662.61499999999	-35990.145	-109510.73999999999	-19701.315	0.0	0.0	0.0	0.0	0.0	0.0	0.0	0.0	0.0	0.0	0.0	0.0	0.0	0.0	47.37931034482761	0.0	0.072692685	-0.06860334	1.017392415	7.172199999999999	1.26658	-0.763	3499371.0	1776545390.531716	0.0	1.0	-1.0	-1.0	-1.0	-1.0	-1.0	-1.0	-1.0	-1.0	0.0	opened-hand	Open	1	calibration_20260418_134934	marker
-73616.44499999999	-35989.965	-109422.94499999999	-19635.975	0.0	0.0	0.0	0.0	0.0	0.0	0.0	0.0	0.0	0.0	0.0	0.0	0.0	0.0	47.37931034482761	0.0	0.072692685	-0.06860334	1.017392415	7.172199999999999	1.26658	-0.763	3499372.0	1776545390.531742	0.0	1.0	-1.0	-1.0	-1.0	-1.0	-1.0	-1.0	-1.0	-1.0	0.0	opened-hand	Open	1	calibration_20260418_134934	marker
-73541.385	-35978.58	-109282.995	-19483.11	0.0	0.0	0.0	0.0	0.0	0.0	0.0	0.0	0.0	0.0	0.0	0.0	0.0	0.0	47.37931034482761	0.0	0.072692685	-0.06860334	1.017392415	7.172199999999999	1.26658	-0.763	3499373.0	1776545390.536774	0.0	1.0	-1.0	-1.0	-1.0	-1.0	-1.0	-1.0	-1.0	-1.0	0.0	opened-hand	Open	1	calibration_20260418_134934	marker
-73669.31999999999	-35980.56	-109396.215	-19581.434999999998	0.0	0.0	0.0	0.0	0.0	0.0	0.0	0.0	0.0	0.0	0.0	0.0	0.0	0.0	47.37931034482761	0.0	0.072692685	-0.06860334	1.017392415	7.172199999999999	1.26658	-0.763	3499374.0	1776545390.536786	0.0	1.0	-1.0	-1.0	-1.0	-1.0	-1.0	-1.0	-1.0	-1.0	0.0	opened-hand	Open	1	calibration_20260418_134934	marker
-73732.36499999999	-35986.14	-109602.09	-19817.325	0.0	0.0	0.0	0.0	0.0	0.0	0.0	0.0	0.0	0.0	0.0	0.0	0.0	0.0	47.37931034482761	0.0	0.07177716	-0.06030258	1.017026205	5.93614	1.78542	-0.50358	3499375.0	1776545390.538073	0.0	1.0	-1.0	-1.0	-1.0	-1.0	-1.0	-1.0	-1.0	-1.0	0.0	opened-hand	Open	1	calibration_20260418_134934	marker
-73725.25499999999	-35987.76	-109615.5	-19840.454999999998	0.0	0.0	0.0	0.0	0.0	0.0	0.0	0.0	0.0	0.0	0.0	0.0	0.0	0.0	47.37931034482761	0.0	0.07177716	-0.06030258	1.017026205	5.93614	1.78542	-0.50358	3499376.0	1776545390.538087	0.0	1.0	-1.0	-1.0	-1.0	-1.0	-1.0	-1.0	-1.0	-1.0	0.0	opened-hand	Open	1	calibration_20260418_134934	marker
-73724.355	-35983.53	-109557.405	-19797.12	0.0	0.0	0.0	0.0	0.0	0.0	0.0	0.0	0.0	0.0	0.0	0.0	0.0	0.0	47.37931034482761	0.0	0.07177716	-0.06030258	1.017026205	5.93614	1.78542	-0.50358	3499377.0	1776545390.547002	0.0	1.0	-1.0	-1.0	-1.0	-1.0	-1.0	-1.0	-1.0	-1.0	0.0	opened-hand	Open	1	calibration_20260418_134934	marker
-73686.015	-35979.975	-109548.72	-19792.53	0.0	0.0	0.0	0.0	0.0	0.0	0.0	0.0	0.0	0.0	0.0	0.0	0.0	0.0	47.37931034482761	0.0	0.07177716	-0.06030258	1.017026205	5.93614	1.78542	-0.50358	3499378.0	1776545390.547019	0.0	1.0	-1.0	-1.0	-1.0	-1.0	-1.0	-1.0	-1.0	-1.0	0.0	opened-hand	Open	1	calibration_20260418_134934	marker
-73693.8	-35982.854999999996	-109547.685	-19729.844999999998	0.0	0.0	0.0	0.0	0.0	0.0	0.0	0.0	0.0	0.0	0.0	0.0	0.0	0.0	47.37931034482761	0.0	0.07177716	-0.06030258	1.017026205	5.93614	1.78542	-0.50358	3499379.0	1776545390.547107	0.0	1.0	-1.0	-1.0	-1.0	-1.0	-1.0	-1.0	-1.0	-1.0	0.0	opened-hand	Open	1	calibration_20260418_134934	marker
-73730.34	-35980.47	-109481.04	-19648.71	0.0	0.0	0.0	0.0	0.0	0.0	0.0	0.0	0.0	0.0	0.0	0.0	0.0	0.0	47.37931034482761	0.0	0.07177716	-0.06030258	1.017026205	5.93614	1.78542	-0.50358	3499380.0	1776545390.547119	0.0	1.0	-1.0	-1.0	-1.0	-1.0	-1.0	-1.0	-1.0	-1.0	0.0	opened-hand	Open	1	calibration_20260418_134934	marker
-73837.215	-35979.21	-109559.565	-19764.495	0.0	0.0	0.0	0.0	0.0	0.0	0.0	0.0	0.0	0.0	0.0	0.0	0.0	0.0	47.37931034482761	0.0	0.07177716	-0.06030258	1.017026205	5.93614	1.78542	-0.50358	3499381.0	1776545390.550807	0.0	1.0	-1.0	-1.0	-1.0	-1.0	-1.0	-1.0	-1.0	-1.0	0.0	opened-hand	Open	1	calibration_20260418_134934	marker
-73710.09	-35965.395	-109525.40999999999	-19727.91	0.0	0.0	0.0	0.0	0.0	0.0	0.0	0.0	0.0	0.0	0.0	0.0	0.0	0.0	47.37931034482761	0.0	0.07177716	-0.06030258	1.017026205	5.93614	1.78542	-0.50358	3499382.0	1776545390.550828	0.0	1.0	-1.0	-1.0	-1.0	-1.0	-1.0	-1.0	-1.0	-1.0	0.0	opened-hand	Open	1	calibration_20260418_134934	marker
-73569.59999999999	-35950.229999999996	-109408.00499999999	-19601.235	0.0	0.0	0.0	0.0	0.0	0.0	0.0	0.0	0.0	0.0	0.0	0.0	0.0	0.0	47.37931034482761	0.0	0.07177716	-0.06030258	1.017026205	5.93614	1.78542	-0.50358	3499383.0	1776545390.584636	0.0	1.0	-1.0	-1.0	-1.0	-1.0	-1.0	-1.0	-1.0	-1.0	0.0	opened-hand	Open	1	calibration_20260418_134934	marker
-73558.62	-35946.0	-109388.205	-19604.565	0.0	0.0	0.0	0.0	0.0	0.0	0.0	0.0	0.0	0.0	0.0	0.0	0.0	0.0	47.37931034482761	0.0	0.07177716	-0.06030258	1.017026205	5.93614	1.78542	-0.50358	3499384.0	1776545390.584666	0.0	1.0	-1.0	-1.0	-1.0	-1.0	-1.0	-1.0	-1.0	-1.0	0.0	opened-hand	Open	1	calibration_20260418_134934	marker
-73666.125	-35955.72	-109504.17	-19703.475	0.0	0.0	0.0	0.0	0.0	0.0	0.0	0.0	0.0	0.0	0.0	0.0	0.0	0.0	47.37931034482761	0.0	0.065002275	-0.05395494	1.02001692	4.25754	1.17502	-0.50358	3499385.0	1776545390.584685	0.0	1.0	-1.0	-1.0	-1.0	-1.0	-1.0	-1.0	-1.0	-1.0	0.0	opened-hand	Open	1	calibration_20260418_134934	marker
-73700.325	-35964.81	-109554.56999999999	-19762.559999999998	0.0	0.0	0.0	0.0	0.0	0.0	0.0	0.0	0.0	0.0	0.0	0.0	0.0	0.0	47.37931034482761	0.0	0.065002275	-0.05395494	1.02001692	4.25754	1.17502	-0.50358	3499386.0	1776545390.584692	0.0	1.0	-1.0	-1.0	-1.0	-1.0	-1.0	-1.0	-1.0	-1.0	0.0	opened-hand	Open	1	calibration_20260418_134934	marker
-73735.065	-35970.93	-109551.23999999999	-19729.934999999998	0.0	0.0	0.0	0.0	0.0	0.0	0.0	0.0	0.0	0.0	0.0	0.0	0.0	0.0	47.37931034482761	0.0	0.065002275	-0.05395494	1.02001692	4.25754	1.17502	-0.50358	3499387.0	1776545390.584701	0.0	1.0	-1.0	-1.0	-1.0	-1.0	-1.0	-1.0	-1.0	-1.0	0.0	opened-hand	Open	1	calibration_20260418_134934	marker
-73672.92	-35975.07	-109466.81999999999	-19636.875	0.0	0.0	0.0	0.0	0.0	0.0	0.0	0.0	0.0	0.0	0.0	0.0	0.0	0.0	47.37931034482761	0.0	0.065002275	-0.05395494	1.02001692	4.25754	1.17502	-0.50358	3499388.0	1776545390.584708	0.0	1.0	-1.0	-1.0	-1.0	-1.0	-1.0	-1.0	-1.0	-1.0	0.0	opened-hand	Open	1	calibration_20260418_134934	marker
-73666.08	-35975.205	-109472.67	-19654.559999999998	0.0	0.0	0.0	0.0	0.0	0.0	0.0	0.0	0.0	0.0	0.0	0.0	0.0	0.0	47.37931034482761	0.0	0.065002275	-0.05395494	1.02001692	4.25754	1.17502	-0.50358	3499389.0	1776545390.584716	0.0	1.0	-1.0	-1.0	-1.0	-1.0	-1.0	-1.0	-1.0	-1.0	0.0	opened-hand	Open	1	calibration_20260418_134934	marker
-73793.295	-35978.22	-109668.23999999999	-19858.545	0.0	0.0	0.0	0.0	0.0	0.0	0.0	0.0	0.0	0.0	0.0	0.0	0.0	0.0	47.37931034482761	0.0	0.065002275	-0.05395494	1.02001692	4.25754	1.17502	-0.50358	3499390.0	1776545390.584722	0.0	1.0	-1.0	-1.0	-1.0	-1.0	-1.0	-1.0	-1.0	-1.0	0.0	opened-hand	Open	1	calibration_20260418_134934	marker
-73762.11	-35968.994999999995	-109649.79	-19847.385	0.0	0.0	0.0	0.0	0.0	0.0	0.0	0.0	0.0	0.0	0.0	0.0	0.0	0.0	47.37931034482761	0.0	0.065002275	-0.05395494	1.02001692	4.25754	1.17502	-0.50358	3499391.0	1776545390.58473	0.0	1.0	-1.0	-1.0	-1.0	-1.0	-1.0	-1.0	-1.0	-1.0	0.0	opened-hand	Open	1	calibration_20260418_134934	marker
-73705.455	-35956.53	-109527.48	-19746.225	0.0	0.0	0.0	0.0	0.0	0.0	0.0	0.0	0.0	0.0	0.0	0.0	0.0	0.0	47.37931034482761	0.0	0.065002275	-0.05395494	1.02001692	4.25754	1.17502	-0.50358	3499392.0	1776545390.584736	0.0	1.0	-1.0	-1.0	-1.0	-1.0	-1.0	-1.0	-1.0	-1.0	0.0	opened-hand	Open	1	calibration_20260418_134934	marker
-73644.795	-35953.695	-109444.72499999999	-19689.614999999998	0.0	0.0	0.0	0.0	0.0	0.0	0.0	0.0	0.0	0.0	0.0	0.0	0.0	0.0	47.37931034482761	0.0	0.065002275	-0.05395494	1.02001692	4.25754	1.17502	-0.50358	3499393.0	1776545390.584743	0.0	1.0	-1.0	-1.0	-1.0	-1.0	-1.0	-1.0	-1.0	-1.0	0.0	opened-hand	Open	1	calibration_20260418_134934	marker
-73594.98	-35959.005	-109414.935	-19636.29	0.0	0.0	0.0	0.0	0.0	0.0	0.0	0.0	0.0	0.0	0.0	0.0	0.0	0.0	47.37931034482761	0.0	0.065002275	-0.05395494	1.02001692	4.25754	1.17502	-0.50358	3499394.0	1776545390.58475	0.0	1.0	-1.0	-1.0	-1.0	-1.0	-1.0	-1.0	-1.0	-1.0	0.0	opened-hand	Open	1	calibration_20260418_134934	marker
-73595.205	-35967.104999999996	-109433.925	-19600.515	0.0	0.0	0.0	0.0	0.0	0.0	0.0	0.0	0.0	0.0	0.0	0.0	0.0	0.0	47.37931034482761	0.0	0.05725083	-0.047668335	1.02392316	3.29616	0.88508	0.44254	3499395.0	1776545390.584758	0.0	1.0	-1.0	-1.0	-1.0	-1.0	-1.0	-1.0	-1.0	-1.0	0.0	opened-hand	Open	1	calibration_20260418_134934	marker
-73684.08	-35977.95	-109479.95999999999	-19668.825	0.0	0.0	0.0	0.0	0.0	0.0	0.0	0.0	0.0	0.0	0.0	0.0	0.0	0.0	47.37931034482761	0.0	0.05725083	-0.047668335	1.02392316	3.29616	0.88508	0.44254	3499396.0	1776545390.584763	0.0	1.0	-1.0	-1.0	-1.0	-1.0	-1.0	-1.0	-1.0	-1.0	0.0	opened-hand	Open	1	calibration_20260418_134934	marker
-73835.37	-35989.965	-109628.50499999999	-19808.37	0.0	0.0	0.0	0.0	0.0	0.0	0.0	0.0	0.0	0.0	0.0	0.0	0.0	0.0	47.37931034482761	0.0	0.05725083	-0.047668335	1.02392316	3.29616	0.88508	0.44254	3499397.0	1776545390.584771	0.0	1.0	-1.0	-1.0	-1.0	-1.0	-1.0	-1.0	-1.0	-1.0	0.0	opened-hand	Open	1	calibration_20260418_134934	marker
-73851.165	-35987.445	-109672.605	-19866.105	0.0	0.0	0.0	0.0	0.0	0.0	0.0	0.0	0.0	0.0	0.0	0.0	0.0	0.0	47.37931034482761	0.0	0.05725083	-0.047668335	1.02392316	3.29616	0.88508	0.44254	3499398.0	1776545390.584777	0.0	1.0	-1.0	-1.0	-1.0	-1.0	-1.0	-1.0	-1.0	-1.0	0.0	opened-hand	Open	1	calibration_20260418_134934	marker
-73761.03	-35976.555	-109590.345	-19797.03	0.0	0.0	0.0	0.0	0.0	0.0	0.0	0.0	0.0	0.0	0.0	0.0	0.0	0.0	47.37931034482761	0.0	0.05725083	-0.047668335	1.02392316	3.29616	0.88508	0.44254	3499399.0	1776545390.591543	0.0	1.0	-1.0	-1.0	-1.0	-1.0	-1.0	-1.0	-1.0	-1.0	0.0	opened-hand	Open	1	calibration_20260418_134934	marker
-73673.055	-35967.555	-109549.305	-19766.655	0.0	0.0	0.0	0.0	0.0	0.0	0.0	0.0	0.0	0.0	0.0	0.0	0.0	0.0	47.37931034482761	0.0	0.05725083	-0.047668335	1.02392316	3.29616	0.88508	0.44254	3499400.0	1776545390.591567	0.0	1.0	-1.0	-1.0	-1.0	-1.0	-1.0	-1.0	-1.0	-1.0	0.0	opened-hand	Open	1	calibration_20260418_134934	marker
-73596.285	-35961.165	-109486.305	-19685.835	0.0	0.0	0.0	0.0	0.0	0.0	0.0	0.0	0.0	0.0	0.0	0.0	0.0	0.0	47.37931034482761	0.0	0.05725083	-0.047668335	1.02392316	3.29616	0.88508	0.44254	3499401.0	1776545390.595821	0.0	1.0	-1.0	-1.0	-1.0	-1.0	-1.0	-1.0	-1.0	-1.0	0.0	opened-hand	Open	1	calibration_20260418_134934	marker
-73547.64	-35957.835	-109364.355	-19547.46	0.0	0.0	0.0	0.0	0.0	0.0	0.0	0.0	0.0	0.0	0.0	0.0	0.0	0.0	47.37931034482761	0.0	0.05725083	-0.047668335	1.02392316	3.29616	0.88508	0.44254	3499402.0	1776545390.595838	0.0	1.0	-1.0	-1.0	-1.0	-1.0	-1.0	-1.0	-1.0	-1.0	0.0	opened-hand	Open	1	calibration_20260418_134934	marker
-73584.98999999999	-35965.845	-109402.92	-19598.895	0.0	0.0	0.0	0.0	0.0	0.0	0.0	0.0	0.0	0.0	0.0	0.0	0.0	0.0	47.37931034482761	0.0	0.05725083	-0.047668335	1.02392316	3.29616	0.88508	0.44254	3499403.0	1776545390.596367	0.0	1.0	-1.0	-1.0	-1.0	-1.0	-1.0	-1.0	-1.0	-1.0	0.0	opened-hand	Open	1	calibration_20260418_134934	marker
-73727.955	-35981.909999999996	-109563.20999999999	-19762.515	0.0	0.0	0.0	0.0	0.0	0.0	0.0	0.0	0.0	0.0	0.0	0.0	0.0	0.0	47.37931034482761	0.0	0.05725083	-0.047668335	1.02392316	3.29616	0.88508	0.44254	3499404.0	1776545390.596373	0.0	1.0	-1.0	-1.0	-1.0	-1.0	-1.0	-1.0	-1.0	-1.0	0.0	opened-hand	Open	1	calibration_20260418_134934	marker
-73739.47499999999	-35981.729999999996	-109576.70999999999	-19771.605	0.0	0.0	0.0	0.0	0.0	0.0	0.0	0.0	0.0	0.0	0.0	0.0	0.0	0.0	47.37931034482761	0.0	0.05627427	-0.045349005	1.02135969	3.37246	0.28994	0.97664	3499405.0	1776545390.600166	0.0	1.0	-1.0	-1.0	-1.0	-1.0	-1.0	-1.0	-1.0	-1.0	0.0	opened-hand	Open	1	calibration_20260418_134934	marker
-73681.69499999999	-35973.99	-109524.69	-19714.77	0.0	0.0	0.0	0.0	0.0	0.0	0.0	0.0	0.0	0.0	0.0	0.0	0.0	0.0	47.37931034482761	0.0	0.05627427	-0.045349005	1.02135969	3.37246	0.28994	0.97664	3499406.0	1776545390.600188	0.0	1.0	-1.0	-1.0	-1.0	-1.0	-1.0	-1.0	-1.0	-1.0	0.0	opened-hand	Open	1	calibration_20260418_134934	marker
-73709.145	-35971.155	-109506.23999999999	-19690.425	0.0	0.0	0.0	0.0	0.0	0.0	0.0	0.0	0.0	0.0	0.0	0.0	0.0	0.0	47.37931034482761	0.0	0.05627427	-0.045349005	1.02135969	3.37246	0.28994	0.97664	3499407.0	1776545390.602153	0.0	1.0	-1.0	-1.0	-1.0	-1.0	-1.0	-1.0	-1.0	-1.0	0.0	opened-hand	Open	1	calibration_20260418_134934	marker
-73734.03	-35969.85	-109495.89	-19672.425	0.0	0.0	0.0	0.0	0.0	0.0	0.0	0.0	0.0	0.0	0.0	0.0	0.0	0.0	47.37931034482761	0.0	0.05627427	-0.045349005	1.02135969	3.37246	0.28994	0.97664	3499408.0	1776545390.602168	0.0	1.0	-1.0	-1.0	-1.0	-1.0	-1.0	-1.0	-1.0	-1.0	0.0	opened-hand	Open	1	calibration_20260418_134934	marker
-73675.575	-35969.715	-109502.73	-19696.545	0.0	0.0	0.0	0.0	0.0	0.0	0.0	0.0	0.0	0.0	0.0	0.0	0.0	0.0	47.37931034482761	0.0	0.05627427	-0.045349005	1.02135969	3.37246	0.28994	0.97664	3499409.0	1776545390.606265	0.0	1.0	-1.0	-1.0	-1.0	-1.0	-1.0	-1.0	-1.0	-1.0	0.0	opened-hand	Open	1	calibration_20260418_134934	marker
-73659.15	-35974.395	-109477.845	-19689.57	0.0	0.0	0.0	0.0	0.0	0.0	0.0	0.0	0.0	0.0	0.0	0.0	0.0	0.0	47.37931034482761	0.0	0.05627427	-0.045349005	1.02135969	3.37246	0.28994	0.97664	3499410.0	1776545390.60628	0.0	1.0	-1.0	-1.0	-1.0	-1.0	-1.0	-1.0	-1.0	-1.0	0.0	opened-hand	Open	1	calibration_20260418_134934	marker
-73720.26	-35984.52	-109533.375	-19740.195	0.0	0.0	0.0	0.0	0.0	0.0	0.0	0.0	0.0	0.0	0.0	0.0	0.0	0.0	47.37931034482761	0.0	0.05627427	-0.045349005	1.02135969	3.37246	0.28994	0.97664	3499411.0	1776545390.615521	0.0	1.0	-1.0	-1.0	-1.0	-1.0	-1.0	-1.0	-1.0	-1.0	0.0	opened-hand	Open	1	calibration_20260418_134934	marker
-73751.58	-35996.13	-109606.095	-19800.585	0.0	0.0	0.0	0.0	0.0	0.0	0.0	0.0	0.0	0.0	0.0	0.0	0.0	0.0	47.37931034482761	0.0	0.05627427	-0.045349005	1.02135969	3.37246	0.28994	0.97664	3499412.0	1776545390.615538	0.0	1.0	-1.0	-1.0	-1.0	-1.0	-1.0	-1.0	-1.0	-1.0	0.0	opened-hand	Open	1	calibration_20260418_134934	marker
-73677.69	-35993.34	-109517.76	-19716.03	0.0	0.0	0.0	0.0	0.0	0.0	0.0	0.0	0.0	0.0	0.0	0.0	0.0	0.0	47.37931034482761	0.0	0.05627427	-0.045349005	1.02135969	3.37246	0.28994	0.97664	3499413.0	1776545390.61555	0.0	1.0	-1.0	-1.0	-1.0	-1.0	-1.0	-1.0	-1.0	-1.0	0.0	opened-hand	Open	1	calibration_20260418_134934	marker
-73642.095	-35986.005	-109491.56999999999	-19689.48	0.0	0.0	0.0	0.0	0.0	0.0	0.0	0.0	0.0	0.0	0.0	0.0	0.0	0.0	47.37931034482761	0.0	0.05627427	-0.045349005	1.02135969	3.37246	0.28994	0.97664	3499414.0	1776545390.615556	0.0	1.0	-1.0	-1.0	-1.0	-1.0	-1.0	-1.0	-1.0	-1.0	0.0	opened-hand	Open	1	calibration_20260418_134934	marker
-73646.145	-35983.35	-109519.065	-19697.265	0.0	0.0	0.0	0.0	0.0	0.0	0.0	0.0	0.0	0.0	0.0	0.0	0.0	0.0	47.37931034482761	0.0	0.06249984	-0.046691775	1.0192845	3.4945399999999998	0.59514	0.62566	3499415.0	1776545390.618298	0.0	1.0	-1.0	-1.0	-1.0	-1.0	-1.0	-1.0	-1.0	-1.0	0.0	opened-hand	Open	1	calibration_20260418_134934	marker
-73658.745	-35983.26	-109526.265	-19698.12	0.0	0.0	0.0	0.0	0.0	0.0	0.0	0.0	0.0	0.0	0.0	0.0	0.0	0.0	47.37931034482761	0.0	0.06249984	-0.046691775	1.0192845	3.4945399999999998	0.59514	0.62566	3499416.0	1776545390.618313	0.0	1.0	-1.0	-1.0	-1.0	-1.0	-1.0	-1.0	-1.0	-1.0	0.0	opened-hand	Open	1	calibration_20260418_134934	marker
-73627.515	-35982.99	-109451.87999999999	-19634.715	0.0	0.0	0.0	0.0	0.0	0.0	0.0	0.0	0.0	0.0	0.0	0.0	0.0	0.0	47.37931034482761	0.0	0.06249984	-0.046691775	1.0192845	3.4945399999999998	0.59514	0.62566	3499417.0	1776545390.625171	0.0	1.0	-1.0	-1.0	-1.0	-1.0	-1.0	-1.0	-1.0	-1.0	0.0	opened-hand	Open	1	calibration_20260418_134934	marker
-73603.75499999999	-35983.71	-109402.37999999999	-19583.774999999998	0.0	0.0	0.0	0.0	0.0	0.0	0.0	0.0	0.0	0.0	0.0	0.0	0.0	0.0	47.37931034482761	0.0	0.06249984	-0.046691775	1.0192845	3.4945399999999998	0.59514	0.62566	3499418.0	1776545390.625186	0.0	1.0	-1.0	-1.0	-1.0	-1.0	-1.0	-1.0	-1.0	-1.0	0.0	opened-hand	Open	1	calibration_20260418_134934	marker
-73609.155	-35986.095	-109384.245	-19575.765	0.0	0.0	0.0	0.0	0.0	0.0	0.0	0.0	0.0	0.0	0.0	0.0	0.0	0.0	47.37931034482761	0.0	0.06249984	-0.046691775	1.0192845	3.4945399999999998	0.59514	0.62566	3499419.0	1776545390.627886	0.0	1.0	-1.0	-1.0	-1.0	-1.0	-1.0	-1.0	-1.0	-1.0	0.0	opened-hand	Open	1	calibration_20260418_134934	marker
-73812.78	-36001.665	-109612.44	-19797.434999999998	0.0	0.0	0.0	0.0	0.0	0.0	0.0	0.0	0.0	0.0	0.0	0.0	0.0	0.0	47.37931034482761	0.0	0.06249984	-0.046691775	1.0192845	3.4945399999999998	0.59514	0.62566	3499420.0	1776545390.627894	0.0	1.0	-1.0	-1.0	-1.0	-1.0	-1.0	-1.0	-1.0	-1.0	0.0	opened-hand	Open	1	calibration_20260418_134934	marker
-73776.555	-36001.485	-109652.76	-19858.41	0.0	0.0	0.0	0.0	0.0	0.0	0.0	0.0	0.0	0.0	0.0	0.0	0.0	0.0	47.37931034482761	0.0	0.06249984	-0.046691775	1.0192845	3.4945399999999998	0.59514	0.62566	3499421.0	1776545390.630922	0.0	1.0	-1.0	-1.0	-1.0	-1.0	-1.0	-1.0	-1.0	-1.0	0.0	opened-hand	Open	1	calibration_20260418_134934	marker
-73702.34999999999	-35991.99	-109546.69499999999	-19747.079999999998	0.0	0.0	0.0	0.0	0.0	0.0	0.0	0.0	0.0	0.0	0.0	0.0	0.0	0.0	47.37931034482761	0.0	0.06249984	-0.046691775	1.0192845	3.4945399999999998	0.59514	0.62566	3499422.0	1776545390.630929	0.0	1.0	-1.0	-1.0	-1.0	-1.0	-1.0	-1.0	-1.0	-1.0	0.0	opened-hand	Open	1	calibration_20260418_134934	marker
-73623.69	-35983.71	-109464.75	-19645.02	0.0	0.0	0.0	0.0	0.0	0.0	0.0	0.0	0.0	0.0	0.0	0.0	0.0	0.0	47.37931034482761	0.0	0.06249984	-0.046691775	1.0192845	3.4945399999999998	0.59514	0.62566	3499423.0	1776545390.638625	0.0	1.0	-1.0	-1.0	-1.0	-1.0	-1.0	-1.0	-1.0	-1.0	0.0	opened-hand	Open	1	calibration_20260418_134934	marker
-73560.555	-35986.365	-109421.81999999999	-19617.21	0.0	0.0	0.0	0.0	0.0	0.0	0.0	0.0	0.0	0.0	0.0	0.0	0.0	0.0	47.37931034482761	0.0	0.06249984	-0.046691775	1.0192845	3.4945399999999998	0.59514	0.62566	3499424.0	1776545390.638633	0.0	1.0	-1.0	-1.0	-1.0	-1.0	-1.0	-1.0	-1.0	-1.0	0.0	opened-hand	Open	1	calibration_20260418_134934	marker
-73503.855	-35987.265	-109345.185	-19554.48	0.0	0.0	0.0	0.0	0.0	0.0	0.0	0.0	0.0	0.0	0.0	0.0	0.0	0.0	47.37931034482761	0.0	0.06506331	-0.04699695	1.017270345	3.052	1.05294	0.73248	3499425.0	1776545390.638642	0.0	1.0	-1.0	-1.0	-1.0	-1.0	-1.0	-1.0	-1.0	-1.0	0.0	opened-hand	Open	1	calibration_20260418_134934	marker
-73626.66	-35994.42	-109400.985	-19607.445	0.0	0.0	0.0	0.0	0.0	0.0	0.0	0.0	0.0	0.0	0.0	0.0	0.0	0.0	47.37931034482761	0.0	0.06506331	-0.04699695	1.017270345	3.052	1.05294	0.73248	3499426.0	1776545390.638648	0.0	1.0	-1.0	-1.0	-1.0	-1.0	-1.0	-1.0	-1.0	-1.0	0.0	opened-hand	Open	1	calibration_20260418_134934	marker
-73795.77	-36007.965	-109554.25499999999	-19782.719999999998	0.0	0.0	0.0	0.0	0.0	0.0	0.0	0.0	0.0	0.0	0.0	0.0	0.0	0.0	47.37931034482761	0.0	0.06506331	-0.04699695	1.017270345	3.052	1.05294	0.73248	3499427.0	1776545390.647258	0.0	1.0	-1.0	-1.0	-1.0	-1.0	-1.0	-1.0	-1.0	-1.0	0.0	opened-hand	Open	1	calibration_20260418_134934	marker
-73768.68	-36009.765	-109615.36499999999	-19847.79	0.0	0.0	0.0	0.0	0.0	0.0	0.0	0.0	0.0	0.0	0.0	0.0	0.0	0.0	47.37931034482761	0.0	0.06506331	-0.04699695	1.017270345	3.052	1.05294	0.73248	3499428.0	1776545390.647274	0.0	1.0	-1.0	-1.0	-1.0	-1.0	-1.0	-1.0	-1.0	-1.0	0.0	opened-hand	Open	1	calibration_20260418_134934	marker
-73646.415	-36001.26	-109542.23999999999	-19707.704999999998	0.0	0.0	0.0	0.0	0.0	0.0	0.0	0.0	0.0	0.0	0.0	0.0	0.0	0.0	47.37931034482761	0.0	0.06506331	-0.04699695	1.017270345	3.052	1.05294	0.73248	3499429.0	1776545390.647282	0.0	1.0	-1.0	-1.0	-1.0	-1.0	-1.0	-1.0	-1.0	-1.0	0.0	opened-hand	Open	1	calibration_20260418_134934	marker
-73517.625	-35989.29	-109374.345	-19551.645	0.0	0.0	0.0	0.0	0.0	0.0	0.0	0.0	0.0	0.0	0.0	0.0	0.0	0.0	47.37931034482761	0.0	0.06506331	-0.04699695	1.017270345	3.052	1.05294	0.73248	3499430.0	1776545390.647287	0.0	1.0	-1.0	-1.0	-1.0	-1.0	-1.0	-1.0	-1.0	-1.0	0.0	opened-hand	Open	1	calibration_20260418_134934	marker
-73646.09999999999	-35992.665	-109471.05	-19659.105	0.0	0.0	0.0	0.0	0.0	0.0	0.0	0.0	0.0	0.0	0.0	0.0	0.0	0.0	47.37931034482761	0.0	0.06506331	-0.04699695	1.017270345	3.052	1.05294	0.73248	3499431.0	1776545390.650473	0.0	1.0	-1.0	-1.0	-1.0	-1.0	-1.0	-1.0	-1.0	-1.0	0.0	opened-hand	Open	1	calibration_20260418_134934	marker
-73785.19499999999	-36003.915	-109636.92	-19829.7	0.0	0.0	0.0	0.0	0.0	0.0	0.0	0.0	0.0	0.0	0.0	0.0	0.0	0.0	47.37931034482761	0.0	0.06506331	-0.04699695	1.017270345	3.052	1.05294	0.73248	3499432.0	1776545390.650488	0.0	1.0	-1.0	-1.0	-1.0	-1.0	-1.0	-1.0	-1.0	-1.0	0.0	opened-hand	Open	1	calibration_20260418_134934	marker
-73838.79	-36010.305	-109674.72	-19879.605	0.0	0.0	0.0	0.0	0.0	0.0	0.0	0.0	0.0	0.0	0.0	0.0	0.0	0.0	47.37931034482761	0.0	0.06506331	-0.04699695	1.017270345	3.052	1.05294	0.73248	3499433.0	1776545390.654304	0.0	1.0	-1.0	-1.0	-1.0	-1.0	-1.0	-1.0	-1.0	-1.0	0.0	opened-hand	Open	1	calibration_20260418_134934	marker
-73801.53	-36010.619999999995	-109643.89499999999	-19837.26	0.0	0.0	0.0	0.0	0.0	0.0	0.0	0.0	0.0	0.0	0.0	0.0	0.0	0.0	47.37931034482761	0.0	0.06506331	-0.04699695	1.017270345	3.052	1.05294	0.73248	3499434.0	1776545390.654315	0.0	1.0	-1.0	-1.0	-1.0	-1.0	-1.0	-1.0	-1.0	-1.0	0.0	opened-hand	Open	1	calibration_20260418_134934	marker
-73705.31999999999	-36007.695	-109549.215	-19732.68	0.0	0.0	0.0	0.0	0.0	0.0	0.0	0.0	0.0	0.0	0.0	0.0	0.0	0.0	47.37931034482761	0.0	0.060973965	-0.048278685	1.02038313	2.85362	0.97664	0.6409199999999999	3499435.0	1776545390.658414	0.0	1.0	-1.0	-1.0	-1.0	-1.0	-1.0	-1.0	-1.0	-1.0	0.0	opened-hand	Open	1	calibration_20260418_134934	marker
-73614.105	-36004.365	-109453.095	-19635.344999999998	0.0	0.0	0.0	0.0	0.0	0.0	0.0	0.0	0.0	0.0	0.0	0.0	0.0	0.0	47.37931034482761	0.0	0.060973965	-0.048278685	1.02038313	2.85362	0.97664	0.6409199999999999	3499436.0	1776545390.658422	0.0	1.0	-1.0	-1.0	-1.0	-1.0	-1.0	-1.0	-1.0	-1.0	0.0	opened-hand	Open	1	calibration_20260418_134934	marker
-73589.4	-35999.415	-109424.79	-19601.19	0.0	0.0	0.0	0.0	0.0	0.0	0.0	0.0	0.0	0.0	0.0	0.0	0.0	0.0	47.37931034482761	0.0	0.060973965	-0.048278685	1.02038313	2.85362	0.97664	0.6409199999999999	3499437.0	1776545390.667223	0.0	1.0	-1.0	-1.0	-1.0	-1.0	-1.0	-1.0	-1.0	-1.0	0.0	opened-hand	Open	1	calibration_20260418_134934	marker
-73692.98999999999	-36002.159999999996	-109545.84	-19728.0	0.0	0.0	0.0	0.0	0.0	0.0	0.0	0.0	0.0	0.0	0.0	0.0	0.0	0.0	47.37931034482761	0.0	0.060973965	-0.048278685	1.02038313	2.85362	0.97664	0.6409199999999999	3499438.0	1776545390.66723	0.0	1.0	-1.0	-1.0	-1.0	-1.0	-1.0	-1.0	-1.0	-1.0	0.0	opened-hand	Open	1	calibration_20260418_134934	marker
-73815.705	-36004.409999999996	-109666.17	-19841.445	0.0	0.0	0.0	0.0	0.0	0.0	0.0	0.0	0.0	0.0	0.0	0.0	0.0	0.0	47.37931034482761	0.0	0.060973965	-0.048278685	1.02038313	2.85362	0.97664	0.6409199999999999	3499439.0	1776545390.667236	0.0	1.0	-1.0	-1.0	-1.0	-1.0	-1.0	-1.0	-1.0	-1.0	0.0	opened-hand	Open	1	calibration_20260418_134934	marker
-73800.22499999999	-35997.975	-109656.54	-19845.09	0.0	0.0	0.0	0.0	0.0	0.0	0.0	0.0	0.0	0.0	0.0	0.0	0.0	0.0	47.37931034482761	0.0	0.060973965	-0.048278685	1.02038313	2.85362	0.97664	0.6409199999999999	3499440.0	1776545390.667239	0.0	1.0	-1.0	-1.0	-1.0	-1.0	-1.0	-1.0	-1.0	-1.0	0.0	opened-hand	Open	1	calibration_20260418_134934	marker
-73722.19499999999	-35991.045	-109576.665	-19764.719999999998	0.0	0.0	0.0	0.0	0.0	0.0	0.0	0.0	0.0	0.0	0.0	0.0	0.0	0.0	47.37931034482761	0.0	0.060973965	-0.048278685	1.02038313	2.85362	0.97664	0.6409199999999999	3499441.0	1776545390.678168	0.0	1.0	-1.0	-1.0	-1.0	-1.0	-1.0	-1.0	-1.0	-1.0	0.0	opened-hand	Open	1	calibration_20260418_134934	marker
-73628.73	-35987.534999999996	-109489.23	-19681.649999999998	0.0	0.0	0.0	0.0	0.0	0.0	0.0	0.0	0.0	0.0	0.0	0.0	0.0	0.0	47.37931034482761	0.0	0.060973965	-0.048278685	1.02038313	2.85362	0.97664	0.6409199999999999	3499442.0	1776545390.678173	0.0	1.0	-1.0	-1.0	-1.0	-1.0	-1.0	-1.0	-1.0	-1.0	0.0	opened-hand	Open	1	calibration_20260418_134934	marker
-73584.18	-35987.22	-109397.25	-19608.885	0.0	0.0	0.0	0.0	0.0	0.0	0.0	0.0	0.0	0.0	0.0	0.0	0.0	0.0	47.37931034482761	0.0	0.060973965	-0.048278685	1.02038313	2.85362	0.97664	0.6409199999999999	3499443.0	1776545390.678178	0.0	1.0	-1.0	-1.0	-1.0	-1.0	-1.0	-1.0	-1.0	-1.0	0.0	opened-hand	Open	1	calibration_20260418_134934	marker
-73716.66	-36000.81	-109515.915	-19711.17	0.0	0.0	0.0	0.0	0.0	0.0	0.0	0.0	0.0	0.0	0.0	0.0	0.0	0.0	47.37931034482761	0.0	0.060973965	-0.048278685	1.02038313	2.85362	0.97664	0.6409199999999999	3499444.0	1776545390.678183	0.0	1.0	-1.0	-1.0	-1.0	-1.0	-1.0	-1.0	-1.0	-1.0	0.0	opened-hand	Open	1	calibration_20260418_134934	marker
-73708.02	-36004.229999999996	-109563.97499999999	-19744.785	0.0	0.0	0.0	0.0	0.0	0.0	0.0	0.0	0.0	0.0	0.0	0.0	0.0	0.0	47.37931034482761	0.0	0.05432115	-0.04895007	1.0231297050000001	2.0601	0.32045999999999997	0.30519999999999997	3499445.0	1776545390.678188	0.0	1.0	-1.0	-1.0	-1.0	-1.0	-1.0	-1.0	-1.0	-1.0	0.0	opened-hand	Open	1	calibration_20260418_134934	marker
-73737.27	-36002.564999999995	-109561.545	-19727.145	0.0	0.0	0.0	0.0	0.0	0.0	0.0	0.0	0.0	0.0	0.0	0.0	0.0	0.0	47.37931034482761	0.0	0.05432115	-0.04895007	1.0231297050000001	2.0601	0.32045999999999997	0.30519999999999997	3499446.0	1776545390.678191	0.0	1.0	-1.0	-1.0	-1.0	-1.0	-1.0	-1.0	-1.0	-1.0	0.0	opened-hand	Open	1	calibration_20260418_134934	marker
-73704.19499999999	-35999.28	-109542.78	-19722.239999999998	0.0	0.0	0.0	0.0	0.0	0.0	0.0	0.0	0.0	0.0	0.0	0.0	0.0	0.0	47.37931034482761	0.0	0.05432115	-0.04895007	1.0231297050000001	2.0601	0.32045999999999997	0.30519999999999997	3499447.0	1776545390.682383	0.0	1.0	-1.0	-1.0	-1.0	-1.0	-1.0	-1.0	-1.0	-1.0	0.0	opened-hand	Open	1	calibration_20260418_134934	marker
-73669.59	-35995.365	-109542.87	-19721.43	0.0	0.0	0.0	0.0	0.0	0.0	0.0	0.0	0.0	0.0	0.0	0.0	0.0	0.0	47.37931034482761	0.0	0.05432115	-0.04895007	1.0231297050000001	2.0601	0.32045999999999997	0.30519999999999997	3499448.0	1776545390.682388	0.0	1.0	-1.0	-1.0	-1.0	-1.0	-1.0	-1.0	-1.0	-1.0	0.0	opened-hand	Open	1	calibration_20260418_134934	marker
-73554.84	-35987.13	-109414.75499999999	-19599.3	0.0	0.0	0.0	0.0	0.0	0.0	0.0	0.0	0.0	0.0	0.0	0.0	0.0	0.0	47.37931034482761	0.0	0.05432115	-0.04895007	1.0231297050000001	2.0601	0.32045999999999997	0.30519999999999997	3499449.0	1776545390.68642	0.0	1.0	-1.0	-1.0	-1.0	-1.0	-1.0	-1.0	-1.0	-1.0	0.0	opened-hand	Open	1	calibration_20260418_134934	marker
-73561.905	-35984.07	-109382.355	-19557.405	0.0	0.0	0.0	0.0	0.0	0.0	0.0	0.0	0.0	0.0	0.0	0.0	0.0	0.0	47.37931034482761	0.0	0.05432115	-0.04895007	1.0231297050000001	2.0601	0.32045999999999997	0.30519999999999997	3499450.0	1776545390.686425	0.0	1.0	-1.0	-1.0	-1.0	-1.0	-1.0	-1.0	-1.0	-1.0	0.0	opened-hand	Open	1	calibration_20260418_134934	marker
-73746.58499999999	-35997.57	-109580.76	-19763.46	0.0	0.0	0.0	0.0	0.0	0.0	0.0	0.0	0.0	0.0	0.0	0.0	0.0	0.0	47.37931034482761	0.0	0.05432115	-0.04895007	1.0231297050000001	2.0601	0.32045999999999997	0.30519999999999997	3499451.0	1776545390.6904	0.0	1.0	-1.0	-1.0	-1.0	-1.0	-1.0	-1.0	-1.0	-1.0	0.0	opened-hand	Open	1	calibration_20260418_134934	marker
-73754.09999999999	-36003.015	-109618.155	-19808.145	0.0	0.0	0.0	0.0	0.0	0.0	0.0	0.0	0.0	0.0	0.0	0.0	0.0	0.0	47.37931034482761	0.0	0.05432115	-0.04895007	1.0231297050000001	2.0601	0.32045999999999997	0.30519999999999997	3499452.0	1776545390.690404	0.0	1.0	-1.0	-1.0	-1.0	-1.0	-1.0	-1.0	-1.0	-1.0	0.0	opened-hand	Open	1	calibration_20260418_134934	marker
-73647.18	-35996.67	-109521.135	-19708.875	0.0	0.0	0.0	0.0	0.0	0.0	0.0	0.0	0.0	0.0	0.0	0.0	0.0	0.0	47.37931034482761	0.0	0.05432115	-0.04895007	1.0231297050000001	2.0601	0.32045999999999997	0.30519999999999997	3499453.0	1776545390.694614	0.0	1.0	-1.0	-1.0	-1.0	-1.0	-1.0	-1.0	-1.0	-1.0	0.0	opened-hand	Open	1	calibration_20260418_134934	marker
-73668.51	-35992.305	-109513.485	-19706.805	0.0	0.0	0.0	0.0	0.0	0.0	0.0	0.0	0.0	0.0	0.0	0.0	0.0	0.0	47.37931034482761	0.0	0.05432115	-0.04895007	1.0231297050000001	2.0601	0.32045999999999997	0.30519999999999997	3499454.0	1776545390.694618	0.0	1.0	-1.0	-1.0	-1.0	-1.0	-1.0	-1.0	-1.0	-1.0	0.0	opened-hand	Open	1	calibration_20260418_134934	marker
-73618.515	-35983.665	-109444.455	-19636.245	0.0	0.0	0.0	0.0	0.0	0.0	0.0	0.0	0.0	0.0	0.0	0.0	0.0	0.0	47.37931034482761	0.0	0.053649765	-0.051330435	1.02197004	0.27468	-0.25942	0.30519999999999997	3499455.0	1776545390.698451	0.0	1.0	-1.0	-1.0	-1.0	-1.0	-1.0	-1.0	-1.0	-1.0	0.0	opened-hand	Open	1	calibration_20260418_134934	marker
-73640.06999999999	-35981.055	-109481.08499999999	-19667.925	0.0	0.0	0.0	0.0	0.0	0.0	0.0	0.0	0.0	0.0	0.0	0.0	0.0	0.0	47.37931034482761	0.0	0.053649765	-0.051330435	1.02197004	0.27468	-0.25942	0.30519999999999997	3499456.0	1776545390.698455	0.0	1.0	-1.0	-1.0	-1.0	-1.0	-1.0	-1.0	-1.0	-1.0	0.0	opened-hand	Open	1	calibration_20260418_134934	marker
-73762.875	-35985.42	-109620.62999999999	-19791.855	0.0	0.0	0.0	0.0	0.0	0.0	0.0	0.0	0.0	0.0	0.0	0.0	0.0	0.0	47.37931034482761	0.0	0.053649765	-0.051330435	1.02197004	0.27468	-0.25942	0.30519999999999997	3499457.0	1776545390.702418	0.0	1.0	-1.0	-1.0	-1.0	-1.0	-1.0	-1.0	-1.0	-1.0	0.0	opened-hand	Open	1	calibration_20260418_134934	marker
-73773.495	-35988.615	-109654.29	-19837.395	0.0	0.0	0.0	0.0	0.0	0.0	0.0	0.0	0.0	0.0	0.0	0.0	0.0	0.0	47.37931034482761	0.0	0.053649765	-0.051330435	1.02197004	0.27468	-0.25942	0.30519999999999997	3499458.0	1776545390.702422	0.0	1.0	-1.0	-1.0	-1.0	-1.0	-1.0	-1.0	-1.0	-1.0	0.0	opened-hand	Open	1	calibration_20260418_134934	marker
-73732.95	-35988.345	-109595.51999999999	-19792.035	0.0	0.0	0.0	0.0	0.0	0.0	0.0	0.0	0.0	0.0	0.0	0.0	0.0	0.0	47.37931034482761	0.0	0.053649765	-0.051330435	1.02197004	0.27468	-0.25942	0.30519999999999997	3499459.0	1776545390.7098	0.0	1.0	-1.0	-1.0	-1.0	-1.0	-1.0	-1.0	-1.0	-1.0	0.0	opened-hand	Open	1	calibration_20260418_134934	marker
-73690.02	-35987.445	-109534.635	-19719.585	0.0	0.0	0.0	0.0	0.0	0.0	0.0	0.0	0.0	0.0	0.0	0.0	0.0	0.0	47.37931034482761	0.0	0.053649765	-0.051330435	1.02197004	0.27468	-0.25942	0.30519999999999997	3499460.0	1776545390.709804	0.0	1.0	-1.0	-1.0	-1.0	-1.0	-1.0	-1.0	-1.0	-1.0	0.0	opened-hand	Open	1	calibration_20260418_134934	marker
-73652.12999999999	-35986.14	-109492.425	-19670.489999999998	0.0	0.0	0.0	0.0	0.0	0.0	0.0	0.0	0.0	0.0	0.0	0.0	0.0	0.0	47.37931034482761	0.0	0.053649765	-0.051330435	1.02197004	0.27468	-0.25942	0.30519999999999997	3499461.0	1776545390.710097	0.0	1.0	-1.0	-1.0	-1.0	-1.0	-1.0	-1.0	-1.0	-1.0	0.0	opened-hand	Open	1	calibration_20260418_134934	marker
-73708.02	-35987.265	-109515.28499999999	-19692.27	0.0	0.0	0.0	0.0	0.0	0.0	0.0	0.0	0.0	0.0	0.0	0.0	0.0	0.0	47.37931034482761	0.0	0.053649765	-0.051330435	1.02197004	0.27468	-0.25942	0.30519999999999997	3499462.0	1776545390.710101	0.0	1.0	-1.0	-1.0	-1.0	-1.0	-1.0	-1.0	-1.0	-1.0	0.0	opened-hand	Open	1	calibration_20260418_134934	marker
-73684.89	-35984.744999999995	-109491.48	-19683.405	0.0	0.0	0.0	0.0	0.0	0.0	0.0	0.0	0.0	0.0	0.0	0.0	0.0	0.0	47.37931034482761	0.0	0.053649765	-0.051330435	1.02197004	0.27468	-0.25942	0.30519999999999997	3499463.0	1776545390.714429	0.0	1.0	-1.0	-1.0	-1.0	-1.0	-1.0	-1.0	-1.0	-1.0	0.0	opened-hand	Open	1	calibration_20260418_134934	marker
-73637.50499999999	-35981.82	-109482.93	-19683.765	0.0	0.0	0.0	0.0	0.0	0.0	0.0	0.0	0.0	0.0	0.0	0.0	0.0	0.0	47.37931034482761	0.0	0.053649765	-0.051330435	1.02197004	0.27468	-0.25942	0.30519999999999997	3499464.0	1776545390.714433	0.0	1.0	-1.0	-1.0	-1.0	-1.0	-1.0	-1.0	-1.0	-1.0	0.0	opened-hand	Open	1	calibration_20260418_134934	marker
-73657.575	-35978.85	-109502.73	-19684.26	0.0	0.0	0.0	0.0	0.0	0.0	0.0	0.0	0.0	0.0	0.0	0.0	0.0	0.0	47.37931034482761	0.0	0.0561522	-0.0573729	1.020810375	-0.39676	-0.94612	0.32045999999999997	3499465.0	1776545390.71861	0.0	1.0	-1.0	-1.0	-1.0	-1.0	-1.0	-1.0	-1.0	-1.0	0.0	opened-hand	Open	1	calibration_20260418_134934	marker
-73600.47	-35972.055	-109405.26	-19548.18	0.0	0.0	0.0	0.0	0.0	0.0	0.0	0.0	0.0	0.0	0.0	0.0	0.0	0.0	47.37931034482761	0.0	0.0561522	-0.0573729	1.020810375	-0.39676	-0.94612	0.32045999999999997	3499466.0	1776545390.718614	0.0	1.0	-1.0	-1.0	-1.0	-1.0	-1.0	-1.0	-1.0	-1.0	0.0	opened-hand	Open	1	calibration_20260418_134934	marker
-73640.295	-35981.685	-109481.89499999999	-19641.105	0.0	0.0	0.0	0.0	0.0	0.0	0.0	0.0	0.0	0.0	0.0	0.0	0.0	0.0	47.37931034482761	0.0	0.0561522	-0.0573729	1.020810375	-0.39676	-0.94612	0.32045999999999997	3499467.0	1776545390.722453	0.0	1.0	-1.0	-1.0	-1.0	-1.0	-1.0	-1.0	-1.0	-1.0	0.0	opened-hand	Open	1	calibration_20260418_134934	marker
-73741.86	-35993.43	-109635.12	-19805.399999999998	0.0	0.0	0.0	0.0	0.0	0.0	0.0	0.0	0.0	0.0	0.0	0.0	0.0	0.0	47.37931034482761	0.0	0.0561522	-0.0573729	1.020810375	-0.39676	-0.94612	0.32045999999999997	3499468.0	1776545390.722457	0.0	1.0	-1.0	-1.0	-1.0	-1.0	-1.0	-1.0	-1.0	-1.0	0.0	opened-hand	Open	1	calibration_20260418_134934	marker
-73716.165	-35993.295	-109591.425	-19774.98	0.0	0.0	0.0	0.0	0.0	0.0	0.0	0.0	0.0	0.0	0.0	0.0	0.0	0.0	47.37931034482761	0.0	0.0561522	-0.0573729	1.020810375	-0.39676	-0.94612	0.32045999999999997	3499469.0	1776545390.727344	0.0	1.0	-1.0	-1.0	-1.0	-1.0	-1.0	-1.0	-1.0	-1.0	0.0	opened-hand	Open	1	calibration_20260418_134934	marker
-73681.65	-35989.064999999995	-109523.83499999999	-19706.219999999998	0.0	0.0	0.0	0.0	0.0	0.0	0.0	0.0	0.0	0.0	0.0	0.0	0.0	0.0	47.37931034482761	0.0	0.0561522	-0.0573729	1.020810375	-0.39676	-0.94612	0.32045999999999997	3499470.0	1776545390.727359	0.0	1.0	-1.0	-1.0	-1.0	-1.0	-1.0	-1.0	-1.0	-1.0	0.0	opened-hand	Open	1	calibration_20260418_134934	marker
-73720.665	-35988.03	-109563.345	-19729.755	0.0	0.0	0.0	0.0	0.0	0.0	0.0	0.0	0.0	0.0	0.0	0.0	0.0	0.0	47.37931034482761	0.0	0.0561522	-0.0573729	1.020810375	-0.39676	-0.94612	0.32045999999999997	3499471.0	1776545390.733462	0.0	1.0	-1.0	-1.0	-1.0	-1.0	-1.0	-1.0	-1.0	-1.0	0.0	opened-hand	Open	1	calibration_20260418_134934	marker
-73664.50499999999	-35982.72	-109547.235	-19734.975	0.0	0.0	0.0	0.0	0.0	0.0	0.0	0.0	0.0	0.0	0.0	0.0	0.0	0.0	47.37931034482761	0.0	0.0561522	-0.0573729	1.020810375	-0.39676	-0.94612	0.32045999999999997	3499472.0	1776545390.733478	0.0	1.0	-1.0	-1.0	-1.0	-1.0	-1.0	-1.0	-1.0	-1.0	0.0	opened-hand	Open	1	calibration_20260418_134934	marker
-73641.06	-35975.025	-109468.44	-19667.34	0.0	0.0	0.0	0.0	0.0	0.0	0.0	0.0	0.0	0.0	0.0	0.0	0.0	0.0	47.37931034482761	0.0	0.0561522	-0.0573729	1.020810375	-0.39676	-0.94612	0.32045999999999997	3499473.0	1776545390.741725	0.0	1.0	-1.0	-1.0	-1.0	-1.0	-1.0	-1.0	-1.0	-1.0	0.0	opened-hand	Open	1	calibration_20260418_134934	marker
-73622.87999999999	-35972.505	-109420.515	-19605.239999999998	0.0	0.0	0.0	0.0	0.0	0.0	0.0	0.0	0.0	0.0	0.0	0.0	0.0	0.0	47.37931034482761	0.0	0.0561522	-0.0573729	1.020810375	-0.39676	-0.94612	0.32045999999999997	3499474.0	1776545390.741729	0.0	1.0	-1.0	-1.0	-1.0	-1.0	-1.0	-1.0	-1.0	-1.0	0.0	opened-hand	Open	1	calibration_20260418_134934	marker
-73591.02	-35975.88	-109485.495	-19636.605	0.0	0.0	0.0	0.0	0.0	0.0	0.0	0.0	0.0	0.0	0.0	0.0	0.0	0.0	47.37931034482761	0.0	0.059142915000000004	-0.06628401	1.0192845	2.01432	-0.85456	0.33571999999999996	3499475.0	1776545390.741734	0.0	1.0	-1.0	-1.0	-1.0	-1.0	-1.0	-1.0	-1.0	-1.0	0.0	opened-hand	Open	1	calibration_20260418_134934	marker
-73687.095	-35985.195	-109560.015	-19706.895	0.0	0.0	0.0	0.0	0.0	0.0	0.0	0.0	0.0	0.0	0.0	0.0	0.0	0.0	47.37931034482761	0.0	0.059142915000000004	-0.06628401	1.0192845	2.01432	-0.85456	0.33571999999999996	3499476.0	1776545390.741738	0.0	1.0	-1.0	-1.0	-1.0	-1.0	-1.0	-1.0	-1.0	-1.0	0.0	opened-hand	Open	1	calibration_20260418_134934	marker
-73744.11	-35993.295	-109575.855	-19744.29	0.0	0.0	0.0	0.0	0.0	0.0	0.0	0.0	0.0	0.0	0.0	0.0	0.0	0.0	47.37931034482761	0.0	0.059142915000000004	-0.06628401	1.0192845	2.01432	-0.85456	0.33571999999999996	3499477.0	1776545390.742582	0.0	1.0	-1.0	-1.0	-1.0	-1.0	-1.0	-1.0	-1.0	-1.0	0.0	opened-hand	Open	1	calibration_20260418_134934	marker
-73707.075	-35991.45	-109531.575	-19738.215	0.0	0.0	0.0	0.0	0.0	0.0	0.0	0.0	0.0	0.0	0.0	0.0	0.0	0.0	47.37931034482761	0.0	0.059142915000000004	-0.06628401	1.0192845	2.01432	-0.85456	0.33571999999999996	3499478.0	1776545390.742586	0.0	1.0	-1.0	-1.0	-1.0	-1.0	-1.0	-1.0	-1.0	-1.0	0.0	opened-hand	Open	1	calibration_20260418_134934	marker
-73575.495	-35980.65	-109436.715	-19634.175	0.0	0.0	0.0	0.0	0.0	0.0	0.0	0.0	0.0	0.0	0.0	0.0	0.0	0.0	47.37931034482761	0.0	0.059142915000000004	-0.06628401	1.0192845	2.01432	-0.85456	0.33571999999999996	3499479.0	1776545390.746862	0.0	1.0	-1.0	-1.0	-1.0	-1.0	-1.0	-1.0	-1.0	-1.0	0.0	opened-hand	Open	1	calibration_20260418_134934	marker
-73505.97	-35976.24	-109319.04	-19478.475	0.0	0.0	0.0	0.0	0.0	0.0	0.0	0.0	0.0	0.0	0.0	0.0	0.0	0.0	47.37931034482761	0.0	0.059142915000000004	-0.06628401	1.0192845	2.01432	-0.85456	0.33571999999999996	3499480.0	1776545390.746867	0.0	1.0	-1.0	-1.0	-1.0	-1.0	-1.0	-1.0	-1.0	-1.0	0.0	opened-hand	Open	1	calibration_20260418_134934	marker
-73598.805	-35981.82	-109413.09	-19591.29	0.0	0.0	0.0	0.0	0.0	0.0	0.0	0.0	0.0	0.0	0.0	0.0	0.0	0.0	47.37931034482761	0.0	0.059142915000000004	-0.06628401	1.0192845	2.01432	-0.85456	0.33571999999999996	3499481.0	1776545390.750669	0.0	1.0	-1.0	-1.0	-1.0	-1.0	-1.0	-1.0	-1.0	-1.0	0.0	opened-hand	Open	1	calibration_20260418_134934	marker
-73838.25	-36002.07	-109703.47499999999	-19870.335	0.0	0.0	0.0	0.0	0.0	0.0	0.0	0.0	0.0	0.0	0.0	0.0	0.0	0.0	47.37931034482761	0.0	0.059142915000000004	-0.06628401	1.0192845	2.01432	-0.85456	0.33571999999999996	3499482.0	1776545390.750685	0.0	1.0	-1.0	-1.0	-1.0	-1.0	-1.0	-1.0	-1.0	-1.0	0.0	opened-hand	Open	1	calibration_20260418_134934	marker
-73818.58499999999	-36006.165	-109705.76999999999	-19893.825	0.0	0.0	0.0	0.0	0.0	0.0	0.0	0.0	0.0	0.0	0.0	0.0	0.0	0.0	47.37931034482761	0.0	0.059142915000000004	-0.06628401	1.0192845	2.01432	-0.85456	0.33571999999999996	3499483.0	1776545390.754869	0.0	1.0	-1.0	-1.0	-1.0	-1.0	-1.0	-1.0	-1.0	-1.0	0.0	opened-hand	Open	1	calibration_20260418_134934	marker
-73754.055	-36008.64	-109645.965	-19840.545	0.0	0.0	0.0	0.0	0.0	0.0	0.0	0.0	0.0	0.0	0.0	0.0	0.0	0.0	47.37931034482761	0.0	0.059142915000000004	-0.06628401	1.0192845	2.01432	-0.85456	0.33571999999999996	3499484.0	1776545390.754898	0.0	1.0	-1.0	-1.0	-1.0	-1.0	-1.0	-1.0	-1.0	-1.0	0.0	opened-hand	Open	1	calibration_20260418_134934	marker
-73598.48999999999	-36002.97	-109471.815	-19648.89	0.0	0.0	0.0	0.0	0.0	0.0	0.0	0.0	0.0	0.0	0.0	0.0	0.0	0.0	47.37931034482761	0.0	0.06286605	-0.07470684	1.017636555	4.53222	-0.41202	-0.03052	3499485.0	1776545390.758764	0.0	1.0	-1.0	-1.0	-1.0	-1.0	-1.0	-1.0	-1.0	-1.0	0.0	opened-hand	Open	1	calibration_20260418_134934	marker
-73463.12999999999	-35991.314999999995	-109288.665	-19464.344999999998	0.0	0.0	0.0	0.0	0.0	0.0	0.0	0.0	0.0	0.0	0.0	0.0	0.0	0.0	47.37931034482761	0.0	0.06286605	-0.07470684	1.017636555	4.53222	-0.41202	-0.03052	3499486.0	1776545390.75879	0.0	1.0	-1.0	-1.0	-1.0	-1.0	-1.0	-1.0	-1.0	-1.0	0.0	opened-hand	Open	1	calibration_20260418_134934	marker
-73504.98	-35987.31	-109289.43	-19465.785	0.0	0.0	0.0	0.0	0.0	0.0	0.0	0.0	0.0	0.0	0.0	0.0	0.0	0.0	47.37931034482761	0.0	0.06286605	-0.07470684	1.017636555	4.53222	-0.41202	-0.03052	3499487.0	1776545390.762921	0.0	1.0	-1.0	-1.0	-1.0	-1.0	-1.0	-1.0	-1.0	-1.0	0.0	opened-hand	Open	1	calibration_20260418_134934	marker
-73726.69499999999	-35998.74	-109581.56999999999	-19757.114999999998	0.0	0.0	0.0	0.0	0.0	0.0	0.0	0.0	0.0	0.0	0.0	0.0	0.0	0.0	47.37931034482761	0.0	0.06286605	-0.07470684	1.017636555	4.53222	-0.41202	-0.03052	3499488.0	1776545390.762948	0.0	1.0	-1.0	-1.0	-1.0	-1.0	-1.0	-1.0	-1.0	-1.0	0.0	opened-hand	Open	1	calibration_20260418_134934	marker
-73889.64	-36007.064999999995	-109805.53499999999	-19976.13	0.0	0.0	0.0	0.0	0.0	0.0	0.0	0.0	0.0	0.0	0.0	0.0	0.0	0.0	47.37931034482761	0.0	0.06286605	-0.07470684	1.017636555	4.53222	-0.41202	-0.03052	3499489.0	1776545390.768659	0.0	1.0	-1.0	-1.0	-1.0	-1.0	-1.0	-1.0	-1.0	-1.0	0.0	opened-hand	Open	1	calibration_20260418_134934	marker
-73818.27	-35999.145	-109737.9	-19914.614999999998	0.0	0.0	0.0	0.0	0.0	0.0	0.0	0.0	0.0	0.0	0.0	0.0	0.0	0.0	47.37931034482761	0.0	0.06286605	-0.07470684	1.017636555	4.53222	-0.41202	-0.03052	3499490.0	1776545390.768669	0.0	1.0	-1.0	-1.0	-1.0	-1.0	-1.0	-1.0	-1.0	-1.0	0.0	opened-hand	Open	1	calibration_20260418_134934	marker
-73776.23999999999	-35996.13	-109685.43	-19869.48	0.0	0.0	0.0	0.0	0.0	0.0	0.0	0.0	0.0	0.0	0.0	0.0	0.0	0.0	47.37931034482761	0.0	0.06286605	-0.07470684	1.017636555	4.53222	-0.41202	-0.03052	3499491.0	1776545390.771506	0.0	1.0	-1.0	-1.0	-1.0	-1.0	-1.0	-1.0	-1.0	-1.0	0.0	opened-hand	Open	1	calibration_20260418_134934	marker
-73776.42	-35998.784999999996	-109604.025	-19786.545	0.0	0.0	0.0	0.0	0.0	0.0	0.0	0.0	0.0	0.0	0.0	0.0	0.0	0.0	47.37931034482761	0.0	0.06286605	-0.07470684	1.017636555	4.53222	-0.41202	-0.03052	3499492.0	1776545390.771515	0.0	1.0	-1.0	-1.0	-1.0	-1.0	-1.0	-1.0	-1.0	-1.0	0.0	opened-hand	Open	1	calibration_20260418_134934	marker
-73713.87	-36001.485	-109531.845	-19715.579999999998	0.0	0.0	0.0	0.0	0.0	0.0	0.0	0.0	0.0	0.0	0.0	0.0	0.0	0.0	47.37931034482761	0.0	0.06286605	-0.07470684	1.017636555	4.53222	-0.41202	-0.03052	3499493.0	1776545390.774551	0.0	1.0	-1.0	-1.0	-1.0	-1.0	-1.0	-1.0	-1.0	-1.0	0.0	opened-hand	Open	1	calibration_20260418_134934	marker
-73635.84	-36002.744999999995	-109480.40999999999	-19656.045	0.0	0.0	0.0	0.0	0.0	0.0	0.0	0.0	0.0	0.0	0.0	0.0	0.0	0.0	47.37931034482761	0.0	0.06286605	-0.07470684	1.017636555	4.53222	-0.41202	-0.03052	3499494.0	1776545390.774566	0.0	1.0	-1.0	-1.0	-1.0	-1.0	-1.0	-1.0	-1.0	-1.0	0.0	opened-hand	Open	1	calibration_20260418_134934	marker
-73678.59	-36006.479999999996	-109528.515	-19685.34	0.0	0.0	0.0	0.0	0.0	0.0	0.0	0.0	0.0	0.0	0.0	0.0	0.0	0.0	47.37931034482761	0.0	0.06323226	-0.077453415	1.01720931	5.35626	0.59514	0.19838	3499495.0	1776545390.781967	0.0	1.0	-1.0	-1.0	-1.0	-1.0	-1.0	-1.0	-1.0	-1.0	0.0	opened-hand	Open	1	calibration_20260418_134934	marker
-73691.325	-36007.965	-109543.59	-19719.405	0.0	0.0	0.0	0.0	0.0	0.0	0.0	0.0	0.0	0.0	0.0	0.0	0.0	0.0	47.37931034482761	0.0	0.06323226	-0.077453415	1.01720931	5.35626	0.59514	0.19838	3499496.0	1776545390.781993	0.0	1.0	-1.0	-1.0	-1.0	-1.0	-1.0	-1.0	-1.0	-1.0	0.0	opened-hand	Open	1	calibration_20260418_134934	marker
-73711.44	-36007.38	-109564.47	-19720.215	0.0	0.0	0.0	0.0	0.0	0.0	0.0	0.0	0.0	0.0	0.0	0.0	0.0	0.0	47.37931034482761	0.0	0.06323226	-0.077453415	1.01720931	5.35626	0.59514	0.19838	3499497.0	1776545390.7826	0.0	1.0	-1.0	-1.0	-1.0	-1.0	-1.0	-1.0	-1.0	-1.0	0.0	opened-hand	Open	1	calibration_20260418_134934	marker
-73625.22	-35998.29	-109497.42	-19644.255	0.0	0.0	0.0	0.0	0.0	0.0	0.0	0.0	0.0	0.0	0.0	0.0	0.0	0.0	47.37931034482761	0.0	0.06323226	-0.077453415	1.01720931	5.35626	0.59514	0.19838	3499498.0	1776545390.782615	0.0	1.0	-1.0	-1.0	-1.0	-1.0	-1.0	-1.0	-1.0	-1.0	0.0	opened-hand	Open	1	calibration_20260418_134934	marker
-73602.405	-35995.725	-109470.87	-19629.27	0.0	0.0	0.0	0.0	0.0	0.0	0.0	0.0	0.0	0.0	0.0	0.0	0.0	0.0	47.37931034482761	0.0	0.06323226	-0.077453415	1.01720931	5.35626	0.59514	0.19838	3499499.0	1776545390.82198	0.0	1.0	-1.0	-1.0	-1.0	-1.0	-1.0	-1.0	-1.0	-1.0	0.0	opened-hand	Open	1	calibration_20260418_134934	marker
-73706.355	-36005.805	-109542.465	-19722.87	0.0	0.0	0.0	0.0	0.0	0.0	0.0	0.0	0.0	0.0	0.0	0.0	0.0	0.0	47.37931034482761	0.0	0.06323226	-0.077453415	1.01720931	5.35626	0.59514	0.19838	3499500.0	1776545390.821993	0.0	1.0	-1.0	-1.0	-1.0	-1.0	-1.0	-1.0	-1.0	-1.0	0.0	opened-hand	Open	1	calibration_20260418_134934	marker
-73687.86	-36010.26	-109529.235	-19725.704999999998	0.0	0.0	0.0	0.0	0.0	0.0	0.0	0.0	0.0	0.0	0.0	0.0	0.0	0.0	47.37931034482761	0.0	0.06323226	-0.077453415	1.01720931	5.35626	0.59514	0.19838	3499501.0	1776545390.822002	0.0	1.0	-1.0	-1.0	-1.0	-1.0	-1.0	-1.0	-1.0	-1.0	0.0	opened-hand	Open	1	calibration_20260418_134934	marker
-73706.895	-36014.805	-109518.165	-19695.239999999998	0.0	0.0	0.0	0.0	0.0	0.0	0.0	0.0	0.0	0.0	0.0	0.0	0.0	0.0	47.37931034482761	0.0	0.06323226	-0.077453415	1.01720931	5.35626	0.59514	0.19838	3499502.0	1776545390.822006	0.0	1.0	-1.0	-1.0	-1.0	-1.0	-1.0	-1.0	-1.0	-1.0	0.0	opened-hand	Open	1	calibration_20260418_134934	marker
-73731.555	-36018.945	-109567.485	-19713.195	0.0	0.0	0.0	0.0	0.0	0.0	0.0	0.0	0.0	0.0	0.0	0.0	0.0	0.0	47.37931034482761	0.0	0.06323226	-0.077453415	1.01720931	5.35626	0.59514	0.19838	3499503.0	1776545390.822012	0.0	1.0	-1.0	-1.0	-1.0	-1.0	-1.0	-1.0	-1.0	-1.0	0.0	opened-hand	Open	1	calibration_20260418_134934	marker
-73705.77	-36020.97	-109591.01999999999	-19747.98	0.0	0.0	0.0	0.0	0.0	0.0	0.0	0.0	0.0	0.0	0.0	0.0	0.0	0.0	47.37931034482761	0.0	0.06323226	-0.077453415	1.01720931	5.35626	0.59514	0.19838	3499504.0	1776545390.822017	0.0	1.0	-1.0	-1.0	-1.0	-1.0	-1.0	-1.0	-1.0	-1.0	0.0	opened-hand	Open	1	calibration_20260418_134934	marker
-73677.23999999999	-36018.36	-109564.83	-19733.715	0.0	0.0	0.0	0.0	0.0	0.0	0.0	0.0	0.0	0.0	0.0	0.0	0.0	0.0	47.37931034482761	0.0	0.0598143	-0.07055646	1.01647689	3.26564	-0.07629999999999999	-0.56462	3499505.0	1776545390.822023	0.0	1.0	-1.0	-1.0	-1.0	-1.0	-1.0	-1.0	-1.0	-1.0	0.0	opened-hand	Open	1	calibration_20260418_134934	marker
-73705.995	-36019.71	-109578.375	-19746.719999999998	0.0	0.0	0.0	0.0	0.0	0.0	0.0	0.0	0.0	0.0	0.0	0.0	0.0	0.0	47.37931034482761	0.0	0.0598143	-0.07055646	1.01647689	3.26564	-0.07629999999999999	-0.56462	3499506.0	1776545390.822032	0.0	1.0	-1.0	-1.0	-1.0	-1.0	-1.0	-1.0	-1.0	-1.0	0.0	opened-hand	Open	1	calibration_20260418_134934	marker
-73700.415	-36021.645	-109560.105	-19736.64	0.0	0.0	0.0	0.0	0.0	0.0	0.0	0.0	0.0	0.0	0.0	0.0	0.0	0.0	47.37931034482761	0.0	0.0598143	-0.07055646	1.01647689	3.26564	-0.07629999999999999	-0.56462	3499507.0	1776545390.822046	0.0	1.0	-1.0	-1.0	-1.0	-1.0	-1.0	-1.0	-1.0	-1.0	0.0	opened-hand	Open	1	calibration_20260418_134934	marker
-73674.045	-36022.95	-109539.045	-19708.739999999998	0.0	0.0	0.0	0.0	0.0	0.0	0.0	0.0	0.0	0.0	0.0	0.0	0.0	0.0	47.37931034482761	0.0	0.0598143	-0.07055646	1.01647689	3.26564	-0.07629999999999999	-0.56462	3499508.0	1776545390.82205	0.0	1.0	-1.0	-1.0	-1.0	-1.0	-1.0	-1.0	-1.0	-1.0	0.0	opened-hand	Open	1	calibration_20260418_134934	marker
-73621.215	-36023.715	-109489.36499999999	-19650.645	0.0	0.0	0.0	0.0	0.0	0.0	0.0	0.0	0.0	0.0	0.0	0.0	0.0	0.0	47.37931034482761	0.0	0.0598143	-0.07055646	1.01647689	3.26564	-0.07629999999999999	-0.56462	3499509.0	1776545390.822056	0.0	1.0	-1.0	-1.0	-1.0	-1.0	-1.0	-1.0	-1.0	-1.0	0.0	opened-hand	Open	1	calibration_20260418_134934	marker
-73552.68	-36023.04	-109404.315	-19568.07	0.0	0.0	0.0	0.0	0.0	0.0	0.0	0.0	0.0	0.0	0.0	0.0	0.0	0.0	47.37931034482761	0.0	0.0598143	-0.07055646	1.01647689	3.26564	-0.07629999999999999	-0.56462	3499510.0	1776545390.82206	0.0	1.0	-1.0	-1.0	-1.0	-1.0	-1.0	-1.0	-1.0	-1.0	0.0	opened-hand	Open	1	calibration_20260418_134934	marker
-73589.04	-36025.695	-109442.79	-19597.23	0.0	0.0	0.0	0.0	0.0	0.0	0.0	0.0	0.0	0.0	0.0	0.0	0.0	0.0	47.37931034482761	0.0	0.0598143	-0.07055646	1.01647689	3.26564	-0.07629999999999999	-0.56462	3499511.0	1776545390.822065	0.0	1.0	-1.0	-1.0	-1.0	-1.0	-1.0	-1.0	-1.0	-1.0	0.0	opened-hand	Open	1	calibration_20260418_134934	marker
-73581.165	-36027.99	-109457.955	-19642.364999999998	0.0	0.0	0.0	0.0	0.0	0.0	0.0	0.0	0.0	0.0	0.0	0.0	0.0	0.0	47.37931034482761	0.0	0.0598143	-0.07055646	1.01647689	3.26564	-0.07629999999999999	-0.56462	3499512.0	1776545390.822069	0.0	1.0	-1.0	-1.0	-1.0	-1.0	-1.0	-1.0	-1.0	-1.0	0.0	opened-hand	Open	1	calibration_20260418_134934	marker
-73589.58	-36029.205	-109459.89	-19653.434999999998	0.0	0.0	0.0	0.0	0.0	0.0	0.0	0.0	0.0	0.0	0.0	0.0	0.0	0.0	47.37931034482761	0.0	0.0598143	-0.07055646	1.01647689	3.26564	-0.07629999999999999	-0.56462	3499513.0	1776545390.822075	0.0	1.0	-1.0	-1.0	-1.0	-1.0	-1.0	-1.0	-1.0	-1.0	0.0	opened-hand	Open	1	calibration_20260418_134934	marker
-73681.425	-36028.755	-109542.19499999999	-19709.46	0.0	0.0	0.0	0.0	0.0	0.0	0.0	0.0	0.0	0.0	0.0	0.0	0.0	0.0	47.37931034482761	0.0	0.0598143	-0.07055646	1.01647689	3.26564	-0.07629999999999999	-0.56462	3499514.0	1776545390.822079	0.0	1.0	-1.0	-1.0	-1.0	-1.0	-1.0	-1.0	-1.0	-1.0	0.0	opened-hand	Open	1	calibration_20260418_134934	marker
-73658.52	-36023.939999999995	-109523.47499999999	-19676.16	0.0	0.0	0.0	0.0	0.0	0.0	0.0	0.0	0.0	0.0	0.0	0.0	0.0	0.0	47.37931034482761	0.0	0.060912930000000004	-0.06018051	1.0147068750000001	0.6714399999999999	-0.28994	-0.39676	3499515.0	1776545390.822084	0.0	1.0	-1.0	-1.0	-1.0	-1.0	-1.0	-1.0	-1.0	-1.0	0.0	opened-hand	Open	1	calibration_20260418_134934	marker
-73656.495	-36028.08	-109530.495	-19686.239999999998	0.0	0.0	0.0	0.0	0.0	0.0	0.0	0.0	0.0	0.0	0.0	0.0	0.0	0.0	47.37931034482761	0.0	0.060912930000000004	-0.06018051	1.0147068750000001	0.6714399999999999	-0.28994	-0.39676	3499516.0	1776545390.822088	0.0	1.0	-1.0	-1.0	-1.0	-1.0	-1.0	-1.0	-1.0	-1.0	0.0	opened-hand	Open	1	calibration_20260418_134934	marker
-73749.87	-36033.299999999996	-109592.50499999999	-19769.535	0.0	0.0	0.0	0.0	0.0	0.0	0.0	0.0	0.0	0.0	0.0	0.0	0.0	0.0	47.37931034482761	0.0	0.060912930000000004	-0.06018051	1.0147068750000001	0.6714399999999999	-0.28994	-0.39676	3499517.0	1776545390.82274	0.0	1.0	-1.0	-1.0	-1.0	-1.0	-1.0	-1.0	-1.0	-1.0	0.0	opened-hand	Open	1	calibration_20260418_134934	marker
-73686.42	-36027.18	-109477.26	-19642.815	0.0	0.0	0.0	0.0	0.0	0.0	0.0	0.0	0.0	0.0	0.0	0.0	0.0	0.0	47.37931034482761	0.0	0.060912930000000004	-0.06018051	1.0147068750000001	0.6714399999999999	-0.28994	-0.39676	3499518.0	1776545390.822747	0.0	1.0	-1.0	-1.0	-1.0	-1.0	-1.0	-1.0	-1.0	-1.0	0.0	opened-hand	Open	1	calibration_20260418_134934	marker
-73632.645	-36025.38	-109472.44499999999	-19635.795	0.0	0.0	0.0	0.0	0.0	0.0	0.0	0.0	0.0	0.0	0.0	0.0	0.0	0.0	47.37931034482761	0.0	0.060912930000000004	-0.06018051	1.0147068750000001	0.6714399999999999	-0.28994	-0.39676	3499519.0	1776545390.826728	0.0	1.0	-1.0	-1.0	-1.0	-1.0	-1.0	-1.0	-1.0	-1.0	0.0	opened-hand	Open	1	calibration_20260418_134934	marker
-73636.47	-36027.314999999995	-109512.0	-19688.625	0.0	0.0	0.0	0.0	0.0	0.0	0.0	0.0	0.0	0.0	0.0	0.0	0.0	0.0	47.37931034482761	0.0	0.060912930000000004	-0.06018051	1.0147068750000001	0.6714399999999999	-0.28994	-0.39676	3499520.0	1776545390.82674	0.0	1.0	-1.0	-1.0	-1.0	-1.0	-1.0	-1.0	-1.0	-1.0	0.0	opened-hand	Open	1	calibration_20260418_134934	marker
-73759.14	-36034.02	-109613.15999999999	-19788.885	0.0	0.0	0.0	0.0	0.0	0.0	0.0	0.0	0.0	0.0	0.0	0.0	0.0	0.0	47.37931034482761	0.0	0.060912930000000004	-0.06018051	1.0147068750000001	0.6714399999999999	-0.28994	-0.39676	3499521.0	1776545390.832761	0.0	1.0	-1.0	-1.0	-1.0	-1.0	-1.0	-1.0	-1.0	-1.0	0.0	opened-hand	Open	1	calibration_20260418_134934	marker
-73723.77	-36026.505	-109562.12999999999	-19752.704999999998	0.0	0.0	0.0	0.0	0.0	0.0	0.0	0.0	0.0	0.0	0.0	0.0	0.0	0.0	47.37931034482761	0.0	0.060912930000000004	-0.06018051	1.0147068750000001	0.6714399999999999	-0.28994	-0.39676	3499522.0	1776545390.83277	0.0	1.0	-1.0	-1.0	-1.0	-1.0	-1.0	-1.0	-1.0	-1.0	0.0	opened-hand	Open	1	calibration_20260418_134934	marker
-73709.955	-36021.78	-109560.06	-19743.704999999998	0.0	0.0	0.0	0.0	0.0	0.0	0.0	0.0	0.0	0.0	0.0	0.0	0.0	0.0	47.37931034482761	0.0	0.060912930000000004	-0.06018051	1.0147068750000001	0.6714399999999999	-0.28994	-0.39676	3499523.0	1776545390.835694	0.0	1.0	-1.0	-1.0	-1.0	-1.0	-1.0	-1.0	-1.0	-1.0	0.0	opened-hand	Open	1	calibration_20260418_134934	marker
-73685.655	-36021.375	-109573.78499999999	-19732.094999999998	0.0	0.0	0.0	0.0	0.0	0.0	0.0	0.0	0.0	0.0	0.0	0.0	0.0	0.0	47.37931034482761	0.0	0.060912930000000004	-0.06018051	1.0147068750000001	0.6714399999999999	-0.28994	-0.39676	3499524.0	1776545390.835701	0.0	1.0	-1.0	-1.0	-1.0	-1.0	-1.0	-1.0	-1.0	-1.0	0.0	opened-hand	Open	1	calibration_20260418_134934	marker
-73677.33	-36026.369999999995	-109555.245	-19719.27	0.0	0.0	0.0	0.0	0.0	0.0	0.0	0.0	0.0	0.0	0.0	0.0	0.0	0.0	47.37931034482761	0.0	0.064391925	-0.06188949	1.0126316850000001	2.71628	0.57988	-0.65618	3499525.0	1776545390.841057	0.0	1.0	-1.0	-1.0	-1.0	-1.0	-1.0	-1.0	-1.0	-1.0	0.0	opened-hand	Open	1	calibration_20260418_134934	marker
-73626.56999999999	-36028.08	-109473.345	-19655.82	0.0	0.0	0.0	0.0	0.0	0.0	0.0	0.0	0.0	0.0	0.0	0.0	0.0	0.0	47.37931034482761	0.0	0.064391925	-0.06188949	1.0126316850000001	2.71628	0.57988	-0.65618	3499526.0	1776545390.841065	0.0	1.0	-1.0	-1.0	-1.0	-1.0	-1.0	-1.0	-1.0	-1.0	0.0	opened-hand	Open	1	calibration_20260418_134934	marker
-73621.485	-36030.78	-109459.44	-19626.39	0.0	0.0	0.0	0.0	0.0	0.0	0.0	0.0	0.0	0.0	0.0	0.0	0.0	0.0	47.37931034482761	0.0	0.064391925	-0.06188949	1.0126316850000001	2.71628	0.57988	-0.65618	3499527.0	1776545390.850606	0.0	1.0	-1.0	-1.0	-1.0	-1.0	-1.0	-1.0	-1.0	-1.0	0.0	opened-hand	Open	1	calibration_20260418_134934	marker
-73594.08	-36030.24	-109466.64	-19605.78	0.0	0.0	0.0	0.0	0.0	0.0	0.0	0.0	0.0	0.0	0.0	0.0	0.0	0.0	47.37931034482761	0.0	0.064391925	-0.06188949	1.0126316850000001	2.71628	0.57988	-0.65618	3499528.0	1776545390.850617	0.0	1.0	-1.0	-1.0	-1.0	-1.0	-1.0	-1.0	-1.0	-1.0	0.0	opened-hand	Open	1	calibration_20260418_134934	marker
-73769.67	-36039.645	-109634.4	-19769.309999999998	0.0	0.0	0.0	0.0	0.0	0.0	0.0	0.0	0.0	0.0	0.0	0.0	0.0	0.0	47.37931034482761	0.0	0.064391925	-0.06188949	1.0126316850000001	2.71628	0.57988	-0.65618	3499529.0	1776545390.850626	0.0	1.0	-1.0	-1.0	-1.0	-1.0	-1.0	-1.0	-1.0	-1.0	0.0	opened-hand	Open	1	calibration_20260418_134934	marker
-73855.75499999999	-36041.265	-109699.73999999999	-19857.51	0.0	0.0	0.0	0.0	0.0	0.0	0.0	0.0	0.0	0.0	0.0	0.0	0.0	0.0	47.37931034482761	0.0	0.064391925	-0.06188949	1.0126316850000001	2.71628	0.57988	-0.65618	3499530.0	1776545390.850631	0.0	1.0	-1.0	-1.0	-1.0	-1.0	-1.0	-1.0	-1.0	-1.0	0.0	opened-hand	Open	1	calibration_20260418_134934	marker
-73702.485	-36032.354999999996	-109615.05	-19799.954999999998	0.0	0.0	0.0	0.0	0.0	0.0	0.0	0.0	0.0	0.0	0.0	0.0	0.0	0.0	47.37931034482761	0.0	0.064391925	-0.06188949	1.0126316850000001	2.71628	0.57988	-0.65618	3499531.0	1776545390.850643	0.0	1.0	-1.0	-1.0	-1.0	-1.0	-1.0	-1.0	-1.0	-1.0	0.0	opened-hand	Open	1	calibration_20260418_134934	marker
-73676.52	-36029.52	-109559.565	-19725.614999999998	0.0	0.0	0.0	0.0	0.0	0.0	0.0	0.0	0.0	0.0	0.0	0.0	0.0	0.0	47.37931034482761	0.0	0.064391925	-0.06188949	1.0126316850000001	2.71628	0.57988	-0.65618	3499532.0	1776545390.850647	0.0	1.0	-1.0	-1.0	-1.0	-1.0	-1.0	-1.0	-1.0	-1.0	0.0	opened-hand	Open	1	calibration_20260418_134934	marker
-73705.815	-36032.13	-109544.22	-19722.42	0.0	0.0	0.0	0.0	0.0	0.0	0.0	0.0	0.0	0.0	0.0	0.0	0.0	0.0	47.37931034482761	0.0	0.064391925	-0.06188949	1.0126316850000001	2.71628	0.57988	-0.65618	3499533.0	1776545390.854838	0.0	1.0	-1.0	-1.0	-1.0	-1.0	-1.0	-1.0	-1.0	-1.0	0.0	opened-hand	Open	1	calibration_20260418_134934	marker
-73682.37	-36034.695	-109550.565	-19737.045	0.0	0.0	0.0	0.0	0.0	0.0	0.0	0.0	0.0	0.0	0.0	0.0	0.0	0.0	47.37931034482761	0.0	0.064391925	-0.06188949	1.0126316850000001	2.71628	0.57988	-0.65618	3499534.0	1776545390.854851	0.0	1.0	-1.0	-1.0	-1.0	-1.0	-1.0	-1.0	-1.0	-1.0	0.0	opened-hand	Open	1	calibration_20260418_134934	marker
-73650.06	-36037.034999999996	-109529.86499999999	-19681.29	0.0	0.0	0.0	0.0	0.0	0.0	0.0	0.0	0.0	0.0	0.0	0.0	0.0	0.0	47.37931034482761	0.0	0.06561262500000001	-0.069396795	1.012387545	5.27996	1.46496	-0.6409199999999999	3499535.0	1776545390.859876	0.0	1.0	-1.0	-1.0	-1.0	-1.0	-1.0	-1.0	-1.0	-1.0	0.0	opened-hand	Open	1	calibration_20260418_134934	marker
-73708.29	-36043.604999999996	-109585.215	-19722.149999999998	0.0	0.0	0.0	0.0	0.0	0.0	0.0	0.0	0.0	0.0	0.0	0.0	0.0	0.0	47.37931034482761	0.0	0.06561262500000001	-0.069396795	1.012387545	5.27996	1.46496	-0.6409199999999999	3499536.0	1776545390.859884	0.0	1.0	-1.0	-1.0	-1.0	-1.0	-1.0	-1.0	-1.0	-1.0	0.0	opened-hand	Open	1	calibration_20260418_134934	marker
-73719.765	-36044.28	-109590.705	-19752.344999999998	0.0	0.0	0.0	0.0	0.0	0.0	0.0	0.0	0.0	0.0	0.0	0.0	0.0	0.0	47.37931034482761	0.0	0.06561262500000001	-0.069396795	1.012387545	5.27996	1.46496	-0.6409199999999999	3499537.0	1776545390.862969	0.0	1.0	-1.0	-1.0	-1.0	-1.0	-1.0	-1.0	-1.0	-1.0	0.0	opened-hand	Open	1	calibration_20260418_134934	marker
-73664.37	-36036.765	-109551.465	-19724.355	0.0	0.0	0.0	0.0	0.0	0.0	0.0	0.0	0.0	0.0	0.0	0.0	0.0	0.0	47.37931034482761	0.0	0.06561262500000001	-0.069396795	1.012387545	5.27996	1.46496	-0.6409199999999999	3499538.0	1776545390.862985	0.0	1.0	-1.0	-1.0	-1.0	-1.0	-1.0	-1.0	-1.0	-1.0	0.0	opened-hand	Open	1	calibration_20260418_134934	marker
-73664.28	-36031.814999999995	-109561.36499999999	-19725.614999999998	0.0	0.0	0.0	0.0	0.0	0.0	0.0	0.0	0.0	0.0	0.0	0.0	0.0	0.0	47.37931034482761	0.0	0.06561262500000001	-0.069396795	1.012387545	5.27996	1.46496	-0.6409199999999999	3499539.0	1776545390.866976	0.0	1.0	-1.0	-1.0	-1.0	-1.0	-1.0	-1.0	-1.0	-1.0	0.0	opened-hand	Open	1	calibration_20260418_134934	marker
-73702.70999999999	-36033.479999999996	-109586.34	-19732.364999999998	0.0	0.0	0.0	0.0	0.0	0.0	0.0	0.0	0.0	0.0	0.0	0.0	0.0	0.0	47.37931034482761	0.0	0.06561262500000001	-0.069396795	1.012387545	5.27996	1.46496	-0.6409199999999999	3499540.0	1776545390.866981	0.0	1.0	-1.0	-1.0	-1.0	-1.0	-1.0	-1.0	-1.0	-1.0	0.0	opened-hand	Open	1	calibration_20260418_134934	marker
-73762.245	-36039.6	-109630.665	-19775.969999999998	0.0	0.0	0.0	0.0	0.0	0.0	0.0	0.0	0.0	0.0	0.0	0.0	0.0	0.0	47.37931034482761	0.0	0.06561262500000001	-0.069396795	1.012387545	5.27996	1.46496	-0.6409199999999999	3499541.0	1776545390.870894	0.0	1.0	-1.0	-1.0	-1.0	-1.0	-1.0	-1.0	-1.0	-1.0	0.0	opened-hand	Open	1	calibration_20260418_134934	marker
-73667.385	-36036.494999999995	-109543.36499999999	-19713.465	0.0	0.0	0.0	0.0	0.0	0.0	0.0	0.0	0.0	0.0	0.0	0.0	0.0	0.0	47.37931034482761	0.0	0.06561262500000001	-0.069396795	1.012387545	5.27996	1.46496	-0.6409199999999999	3499542.0	1776545390.870899	0.0	1.0	-1.0	-1.0	-1.0	-1.0	-1.0	-1.0	-1.0	-1.0	0.0	opened-hand	Open	1	calibration_20260418_134934	marker
-73634.44499999999	-36038.205	-109486.34999999999	-19654.469999999998	0.0	0.0	0.0	0.0	0.0	0.0	0.0	0.0	0.0	0.0	0.0	0.0	0.0	0.0	47.37931034482761	0.0	0.06561262500000001	-0.069396795	1.012387545	5.27996	1.46496	-0.6409199999999999	3499543.0	1776545390.874796	0.0	1.0	-1.0	-1.0	-1.0	-1.0	-1.0	-1.0	-1.0	-1.0	0.0	opened-hand	Open	1	calibration_20260418_134934	marker
-73667.06999999999	-36045.63	-109531.845	-19700.91	0.0	0.0	0.0	0.0	0.0	0.0	0.0	0.0	0.0	0.0	0.0	0.0	0.0	0.0	47.37931034482761	0.0	0.06561262500000001	-0.069396795	1.012387545	5.27996	1.46496	-0.6409199999999999	3499544.0	1776545390.874802	0.0	1.0	-1.0	-1.0	-1.0	-1.0	-1.0	-1.0	-1.0	-1.0	0.0	opened-hand	Open	1	calibration_20260418_134934	marker
-73611.54	-36042.345	-109492.245	-19652.445	0.0	0.0	0.0	0.0	0.0	0.0	0.0	0.0	0.0	0.0	0.0	0.0	0.0	0.0	47.37931034482761	0.0	0.059509125	-0.06292708500000001	1.01586654	5.24944	1.2055399999999998	-0.94612	3499545.0	1776545390.881559	0.0	1.0	-1.0	-1.0	-1.0	-1.0	-1.0	-1.0	-1.0	-1.0	0.0	opened-hand	Open	1	calibration_20260418_134934	marker
-73606.36499999999	-36035.415	-109497.555	-19658.565	0.0	0.0	0.0	0.0	0.0	0.0	0.0	0.0	0.0	0.0	0.0	0.0	0.0	0.0	47.37931034482761	0.0	0.059509125	-0.06292708500000001	1.01586654	5.24944	1.2055399999999998	-0.94612	3499546.0	1776545390.881564	0.0	1.0	-1.0	-1.0	-1.0	-1.0	-1.0	-1.0	-1.0	-1.0	0.0	opened-hand	Open	1	calibration_20260418_134934	marker
-73660.545	-36028.485	-109551.015	-19719.405	0.0	0.0	0.0	0.0	0.0	0.0	0.0	0.0	0.0	0.0	0.0	0.0	0.0	0.0	47.37931034482761	0.0	0.059509125	-0.06292708500000001	1.01586654	5.24944	1.2055399999999998	-0.94612	3499547.0	1776545390.882816	0.0	1.0	-1.0	-1.0	-1.0	-1.0	-1.0	-1.0	-1.0	-1.0	0.0	opened-hand	Open	1	calibration_20260418_134934	marker
-73658.11499999999	-36018.63	-109532.205	-19713.059999999998	0.0	0.0	0.0	0.0	0.0	0.0	0.0	0.0	0.0	0.0	0.0	0.0	0.0	0.0	47.37931034482761	0.0	0.059509125	-0.06292708500000001	1.01586654	5.24944	1.2055399999999998	-0.94612	3499548.0	1776545390.882821	0.0	1.0	-1.0	-1.0	-1.0	-1.0	-1.0	-1.0	-1.0	-1.0	0.0	opened-hand	Open	1	calibration_20260418_134934	marker
-73651.815	-36017.64	-109530.315	-19714.815	0.0	0.0	0.0	0.0	0.0	0.0	0.0	0.0	0.0	0.0	0.0	0.0	0.0	0.0	47.37931034482761	0.0	0.059509125	-0.06292708500000001	1.01586654	5.24944	1.2055399999999998	-0.94612	3499549.0	1776545390.886918	0.0	1.0	-1.0	-1.0	-1.0	-1.0	-1.0	-1.0	-1.0	-1.0	0.0	opened-hand	Open	1	calibration_20260418_134934	marker
-73681.47	-36020.115	-109508.44499999999	-19676.07	0.0	0.0	0.0	0.0	0.0	0.0	0.0	0.0	0.0	0.0	0.0	0.0	0.0	0.0	47.37931034482761	0.0	0.059509125	-0.06292708500000001	1.01586654	5.24944	1.2055399999999998	-0.94612	3499550.0	1776545390.886924	0.0	1.0	-1.0	-1.0	-1.0	-1.0	-1.0	-1.0	-1.0	-1.0	0.0	opened-hand	Open	1	calibration_20260418_134934	marker
-73666.845	-36022.994999999995	-109508.31	-19632.78	0.0	0.0	0.0	0.0	0.0	0.0	0.0	0.0	0.0	0.0	0.0	0.0	0.0	0.0	47.37931034482761	0.0	0.059509125	-0.06292708500000001	1.01586654	5.24944	1.2055399999999998	-0.94612	3499551.0	1776545390.890933	0.0	1.0	-1.0	-1.0	-1.0	-1.0	-1.0	-1.0	-1.0	-1.0	0.0	opened-hand	Open	1	calibration_20260418_134934	marker
-73675.395	-36030.825	-109557.62999999999	-19693.755	0.0	0.0	0.0	0.0	0.0	0.0	0.0	0.0	0.0	0.0	0.0	0.0	0.0	0.0	47.37931034482761	0.0	0.059509125	-0.06292708500000001	1.01586654	5.24944	1.2055399999999998	-0.94612	3499552.0	1776545390.890943	0.0	1.0	-1.0	-1.0	-1.0	-1.0	-1.0	-1.0	-1.0	-1.0	0.0	opened-hand	Open	1	calibration_20260418_134934	marker
-73714.23	-36033.435	-109566.765	-19731.329999999998	0.0	0.0	0.0	0.0	0.0	0.0	0.0	0.0	0.0	0.0	0.0	0.0	0.0	0.0	47.37931034482761	0.0	0.059509125	-0.06292708500000001	1.01586654	5.24944	1.2055399999999998	-0.94612	3499553.0	1776545390.894908	0.0	1.0	-1.0	-1.0	-1.0	-1.0	-1.0	-1.0	-1.0	-1.0	0.0	opened-hand	Open	1	calibration_20260418_134934	marker
-73690.425	-36028.755	-109535.76	-19700.415	0.0	0.0	0.0	0.0	0.0	0.0	0.0	0.0	0.0	0.0	0.0	0.0	0.0	0.0	47.37931034482761	0.0	0.059509125	-0.06292708500000001	1.01586654	5.24944	1.2055399999999998	-0.94612	3499554.0	1776545390.894914	0.0	1.0	-1.0	-1.0	-1.0	-1.0	-1.0	-1.0	-1.0	-1.0	0.0	opened-hand	Open	1	calibration_20260418_134934	marker
-73652.175	-36023.895	-109515.78	-19676.114999999998	0.0	0.0	0.0	0.0	0.0	0.0	0.0	0.0	0.0	0.0	0.0	0.0	0.0	0.0	47.37931034482761	0.0	0.055724955	-0.04687488	1.016293785	2.39582	0.8087799999999999	-0.763	3499555.0	1776545390.900984	0.0	1.0	-1.0	-1.0	-1.0	-1.0	-1.0	-1.0	-1.0	-1.0	0.0	opened-hand	Open	1	calibration_20260418_134934	marker
-73674.0	-36024.21	-109549.89	-19703.16	0.0	0.0	0.0	0.0	0.0	0.0	0.0	0.0	0.0	0.0	0.0	0.0	0.0	0.0	47.37931034482761	0.0	0.055724955	-0.04687488	1.016293785	2.39582	0.8087799999999999	-0.763	3499556.0	1776545390.900993	0.0	1.0	-1.0	-1.0	-1.0	-1.0	-1.0	-1.0	-1.0	-1.0	0.0	opened-hand	Open	1	calibration_20260418_134934	marker
-73650.915	-36023.85	-109546.69499999999	-19707.39	0.0	0.0	0.0	0.0	0.0	0.0	0.0	0.0	0.0	0.0	0.0	0.0	0.0	0.0	47.37931034482761	0.0	0.055724955	-0.04687488	1.016293785	2.39582	0.8087799999999999	-0.763	3499557.0	1776545390.902672	0.0	1.0	-1.0	-1.0	-1.0	-1.0	-1.0	-1.0	-1.0	-1.0	0.0	opened-hand	Open	1	calibration_20260418_134934	marker
-73657.305	-36027.135	-109552.275	-19697.355	0.0	0.0	0.0	0.0	0.0	0.0	0.0	0.0	0.0	0.0	0.0	0.0	0.0	0.0	47.37931034482761	0.0	0.055724955	-0.04687488	1.016293785	2.39582	0.8087799999999999	-0.763	3499558.0	1776545390.902679	0.0	1.0	-1.0	-1.0	-1.0	-1.0	-1.0	-1.0	-1.0	-1.0	0.0	opened-hand	Open	1	calibration_20260418_134934	marker
-73594.665	-36026.505	-109485.26999999999	-19636.335	0.0	0.0	0.0	0.0	0.0	0.0	0.0	0.0	0.0	0.0	0.0	0.0	0.0	0.0	47.37931034482761	0.0	0.055724955	-0.04687488	1.016293785	2.39582	0.8087799999999999	-0.763	3499559.0	1776545390.912653	0.0	1.0	-1.0	-1.0	-1.0	-1.0	-1.0	-1.0	-1.0	-1.0	0.0	opened-hand	Open	1	calibration_20260418_134934	marker
-73652.76	-36034.695	-109510.605	-19659.69	0.0	0.0	0.0	0.0	0.0	0.0	0.0	0.0	0.0	0.0	0.0	0.0	0.0	0.0	47.37931034482761	0.0	0.055724955	-0.04687488	1.016293785	2.39582	0.8087799999999999	-0.763	3499560.0	1776545390.91266	0.0	1.0	-1.0	-1.0	-1.0	-1.0	-1.0	-1.0	-1.0	-1.0	0.0	opened-hand	Open	1	calibration_20260418_134934	marker
-73835.28	-36048.15	-109635.56999999999	-19799.954999999998	0.0	0.0	0.0	0.0	0.0	0.0	0.0	0.0	0.0	0.0	0.0	0.0	0.0	0.0	47.37931034482761	0.0	0.055724955	-0.04687488	1.016293785	2.39582	0.8087799999999999	-0.763	3499561.0	1776545390.912667	0.0	1.0	-1.0	-1.0	-1.0	-1.0	-1.0	-1.0	-1.0	-1.0	0.0	opened-hand	Open	1	calibration_20260418_134934	marker
-73788.345	-36045.27	-109568.79	-19754.64	0.0	0.0	0.0	0.0	0.0	0.0	0.0	0.0	0.0	0.0	0.0	0.0	0.0	0.0	47.37931034482761	0.0	0.055724955	-0.04687488	1.016293785	2.39582	0.8087799999999999	-0.763	3499562.0	1776545390.912671	0.0	1.0	-1.0	-1.0	-1.0	-1.0	-1.0	-1.0	-1.0	-1.0	0.0	opened-hand	Open	1	calibration_20260418_134934	marker
-73693.215	-36043.784999999996	-109603.665	-19778.579999999998	0.0	0.0	0.0	0.0	0.0	0.0	0.0	0.0	0.0	0.0	0.0	0.0	0.0	0.0	47.37931034482761	0.0	0.055724955	-0.04687488	1.016293785	2.39582	0.8087799999999999	-0.763	3499563.0	1776545390.91493	0.0	1.0	-1.0	-1.0	-1.0	-1.0	-1.0	-1.0	-1.0	-1.0	0.0	opened-hand	Open	1	calibration_20260418_134934	marker
-73637.91	-36044.64	-109578.42	-19732.995	0.0	0.0	0.0	0.0	0.0	0.0	0.0	0.0	0.0	0.0	0.0	0.0	0.0	0.0	47.37931034482761	0.0	0.055724955	-0.04687488	1.016293785	2.39582	0.8087799999999999	-0.763	3499564.0	1776545390.914938	0.0	1.0	-1.0	-1.0	-1.0	-1.0	-1.0	-1.0	-1.0	-1.0	0.0	opened-hand	Open	1	calibration_20260418_134934	marker
-73620.315	-36042.03	-109466.19	-19644.795	0.0	0.0	0.0	0.0	0.0	0.0	0.0	0.0	0.0	0.0	0.0	0.0	0.0	0.0	47.37931034482761	0.0	0.059570160000000004	-0.040588275	1.01659896	0.9156	0.8698199999999999	0.50358	3499565.0	1776545390.918907	0.0	1.0	-1.0	-1.0	-1.0	-1.0	-1.0	-1.0	-1.0	-1.0	0.0	opened-hand	Open	1	calibration_20260418_134934	marker
-73555.02	-36034.064999999995	-109362.23999999999	-19539.225	0.0	0.0	0.0	0.0	0.0	0.0	0.0	0.0	0.0	0.0	0.0	0.0	0.0	0.0	47.37931034482761	0.0	0.059570160000000004	-0.040588275	1.01659896	0.9156	0.8698199999999999	0.50358	3499566.0	1776545390.918926	0.0	1.0	-1.0	-1.0	-1.0	-1.0	-1.0	-1.0	-1.0	-1.0	0.0	opened-hand	Open	1	calibration_20260418_134934	marker
-73603.935	-36039.689999999995	-109450.125	-19582.92	0.0	0.0	0.0	0.0	0.0	0.0	0.0	0.0	0.0	0.0	0.0	0.0	0.0	0.0	47.37931034482761	0.0	0.059570160000000004	-0.040588275	1.01659896	0.9156	0.8698199999999999	0.50358	3499567.0	1776545390.923196	0.0	1.0	-1.0	-1.0	-1.0	-1.0	-1.0	-1.0	-1.0	-1.0	0.0	opened-hand	Open	1	calibration_20260418_134934	marker
-73720.305	-36049.814999999995	-109612.53	-19766.655	0.0	0.0	0.0	0.0	0.0	0.0	0.0	0.0	0.0	0.0	0.0	0.0	0.0	0.0	47.37931034482761	0.0	0.059570160000000004	-0.040588275	1.01659896	0.9156	0.8698199999999999	0.50358	3499568.0	1776545390.923202	0.0	1.0	-1.0	-1.0	-1.0	-1.0	-1.0	-1.0	-1.0	-1.0	0.0	opened-hand	Open	1	calibration_20260418_134934	marker
-73734.165	-36050.22	-109614.87	-19786.094999999998	0.0	0.0	0.0	0.0	0.0	0.0	0.0	0.0	0.0	0.0	0.0	0.0	0.0	0.0	47.37931034482761	0.0	0.059570160000000004	-0.040588275	1.01659896	0.9156	0.8698199999999999	0.50358	3499569.0	1776545390.931999	0.0	1.0	-1.0	-1.0	-1.0	-1.0	-1.0	-1.0	-1.0	-1.0	0.0	opened-hand	Open	1	calibration_20260418_134934	marker
-73578.23999999999	-36041.805	-109488.015	-19671.885	0.0	0.0	0.0	0.0	0.0	0.0	0.0	0.0	0.0	0.0	0.0	0.0	0.0	0.0	47.37931034482761	0.0	0.059570160000000004	-0.040588275	1.01659896	0.9156	0.8698199999999999	0.50358	3499570.0	1776545390.932012	0.0	1.0	-1.0	-1.0	-1.0	-1.0	-1.0	-1.0	-1.0	-1.0	0.0	opened-hand	Open	1	calibration_20260418_134934	marker
-73600.02	-36039.735	-109501.245	-19665.09	0.0	0.0	0.0	0.0	0.0	0.0	0.0	0.0	0.0	0.0	0.0	0.0	0.0	0.0	47.37931034482761	0.0	0.059570160000000004	-0.040588275	1.01659896	0.9156	0.8698199999999999	0.50358	3499571.0	1776545390.932019	0.0	1.0	-1.0	-1.0	-1.0	-1.0	-1.0	-1.0	-1.0	-1.0	0.0	opened-hand	Open	1	calibration_20260418_134934	marker
-73620.0	-36037.485	-109486.17	-19630.62	0.0	0.0	0.0	0.0	0.0	0.0	0.0	0.0	0.0	0.0	0.0	0.0	0.0	0.0	47.37931034482761	0.0	0.059570160000000004	-0.040588275	1.01659896	0.9156	0.8698199999999999	0.50358	3499572.0	1776545390.932023	0.0	1.0	-1.0	-1.0	-1.0	-1.0	-1.0	-1.0	-1.0	-1.0	0.0	opened-hand	Open	1	calibration_20260418_134934	marker
-73686.19499999999	-36040.95	-109583.28	-19723.14	0.0	0.0	0.0	0.0	0.0	0.0	0.0	0.0	0.0	0.0	0.0	0.0	0.0	0.0	47.37931034482761	0.0	0.059570160000000004	-0.040588275	1.01659896	0.9156	0.8698199999999999	0.50358	3499573.0	1776545390.934955	0.0	1.0	-1.0	-1.0	-1.0	-1.0	-1.0	-1.0	-1.0	-1.0	0.0	opened-hand	Open	1	calibration_20260418_134934	marker
-73802.565	-36046.89	-109677.19499999999	-19825.2	0.0	0.0	0.0	0.0	0.0	0.0	0.0	0.0	0.0	0.0	0.0	0.0	0.0	0.0	47.37931034482761	0.0	0.059570160000000004	-0.040588275	1.01659896	0.9156	0.8698199999999999	0.50358	3499574.0	1776545390.934971	0.0	1.0	-1.0	-1.0	-1.0	-1.0	-1.0	-1.0	-1.0	-1.0	0.0	opened-hand	Open	1	calibration_20260418_134934	marker
-73749.15	-36043.155	-109577.06999999999	-19729.215	0.0	0.0	0.0	0.0	0.0	0.0	0.0	0.0	0.0	0.0	0.0	0.0	0.0	0.0	47.37931034482761	0.0	0.06481917	-0.04992663	1.01611068	1.96854	1.38866	0.51884	3499575.0	1776545390.94394	0.0	1.0	-1.0	-1.0	-1.0	-1.0	-1.0	-1.0	-1.0	-1.0	0.0	opened-hand	Open	1	calibration_20260418_134934	marker
-73632.915	-36044.955	-109469.51999999999	-19618.425	0.0	0.0	0.0	0.0	0.0	0.0	0.0	0.0	0.0	0.0	0.0	0.0	0.0	0.0	47.37931034482761	0.0	0.06481917	-0.04992663	1.01611068	1.96854	1.38866	0.51884	3499576.0	1776545390.943947	0.0	1.0	-1.0	-1.0	-1.0	-1.0	-1.0	-1.0	-1.0	-1.0	0.0	opened-hand	Open	1	calibration_20260418_134934	marker
-73634.58	-36056.115	-109520.14499999999	-19676.07	0.0	0.0	0.0	0.0	0.0	0.0	0.0	0.0	0.0	0.0	0.0	0.0	0.0	0.0	47.37931034482761	0.0	0.06481917	-0.04992663	1.01611068	1.96854	1.38866	0.51884	3499577.0	1776545390.943954	0.0	1.0	-1.0	-1.0	-1.0	-1.0	-1.0	-1.0	-1.0	-1.0	0.0	opened-hand	Open	1	calibration_20260418_134934	marker
-73698.93	-36063.585	-109596.42	-19760.13	0.0	0.0	0.0	0.0	0.0	0.0	0.0	0.0	0.0	0.0	0.0	0.0	0.0	0.0	47.37931034482761	0.0	0.06481917	-0.04992663	1.01611068	1.96854	1.38866	0.51884	3499578.0	1776545390.943958	0.0	1.0	-1.0	-1.0	-1.0	-1.0	-1.0	-1.0	-1.0	-1.0	0.0	opened-hand	Open	1	calibration_20260418_134934	marker
-73694.34	-36061.47	-109581.93	-19741.14	0.0	0.0	0.0	0.0	0.0	0.0	0.0	0.0	0.0	0.0	0.0	0.0	0.0	0.0	47.37931034482761	0.0	0.06481917	-0.04992663	1.01611068	1.96854	1.38866	0.51884	3499579.0	1776545390.950745	0.0	1.0	-1.0	-1.0	-1.0	-1.0	-1.0	-1.0	-1.0	-1.0	0.0	opened-hand	Open	1	calibration_20260418_134934	marker
-73679.44499999999	-36057.42	-109541.51999999999	-19680.524999999998	0.0	0.0	0.0	0.0	0.0	0.0	0.0	0.0	0.0	0.0	0.0	0.0	0.0	0.0	47.241379310344826	0.0	0.06481917	-0.04992663	1.01611068	1.96854	1.38866	0.51884	3499580.0	1776545390.950762	0.0	1.0	-1.0	-1.0	-1.0	-1.0	-1.0	-1.0	-1.0	-1.0	0.0	opened-hand	Open	1	calibration_20260418_134934	marker
-73700.86499999999	-36055.89	-109571.175	-19707.3	0.0	0.0	0.0	0.0	0.0	0.0	0.0	0.0	0.0	0.0	0.0	0.0	0.0	0.0	47.241379310344826	0.0	0.06481917	-0.04992663	1.01611068	1.96854	1.38866	0.51884	3499581.0	1776545390.95114	0.0	1.0	-1.0	-1.0	-1.0	-1.0	-1.0	-1.0	-1.0	-1.0	0.0	opened-hand	Open	1	calibration_20260418_134934	marker
-73722.915	-36057.96	-109633.95	-19782.989999999998	0.0	0.0	0.0	0.0	0.0	0.0	0.0	0.0	0.0	0.0	0.0	0.0	0.0	0.0	47.241379310344826	0.0	0.06481917	-0.04992663	1.01611068	1.96854	1.38866	0.51884	3499582.0	1776545390.951182	0.0	1.0	-1.0	-1.0	-1.0	-1.0	-1.0	-1.0	-1.0	-1.0	0.0	opened-hand	Open	1	calibration_20260418_134934	marker
-73707.75	-36059.715	-109620.18	-19780.425	0.0	0.0	0.0	0.0	0.0	0.0	0.0	0.0	0.0	0.0	0.0	0.0	0.0	0.0	47.241379310344826	0.0	0.06481917	-0.04992663	1.01611068	1.96854	1.38866	0.51884	3499583.0	1776545390.955157	0.0	1.0	-1.0	-1.0	-1.0	-1.0	-1.0	-1.0	-1.0	-1.0	0.0	opened-hand	Open	1	calibration_20260418_134934	marker
-73678.00499999999	-36060.435	-109564.73999999999	-19715.895	0.0	0.0	0.0	0.0	0.0	0.0	0.0	0.0	0.0	0.0	0.0	0.0	0.0	0.0	47.241379310344826	0.0	0.06481917	-0.04992663	1.01611068	1.96854	1.38866	0.51884	3499584.0	1776545390.955163	0.0	1.0	-1.0	-1.0	-1.0	-1.0	-1.0	-1.0	-1.0	-1.0	0.0	opened-hand	Open	1	calibration_20260418_134934	marker
-73667.61	-36063.72	-109542.33	-19701.585	0.0	0.0	0.0	0.0	0.0	0.0	0.0	0.0	0.0	0.0	0.0	0.0	0.0	0.0	47.241379310344826	0.0	0.06579573	-0.05944809	1.017026205	3.8455199999999996	1.64808	-0.01526	3499585.0	1776545390.959031	0.0	1.0	-1.0	-1.0	-1.0	-1.0	-1.0	-1.0	-1.0	-1.0	0.0	opened-hand	Open	1	calibration_20260418_134934	marker
-73691.50499999999	-36062.909999999996	-109591.33499999999	-19752.84	0.0	0.0	0.0	0.0	0.0	0.0	0.0	0.0	0.0	0.0	0.0	0.0	0.0	0.0	47.241379310344826	0.0	0.06579573	-0.05944809	1.017026205	3.8455199999999996	1.64808	-0.01526	3499586.0	1776545390.959037	0.0	1.0	-1.0	-1.0	-1.0	-1.0	-1.0	-1.0	-1.0	-1.0	0.0	opened-hand	Open	1	calibration_20260418_134934	marker
-73734.25499999999	-36056.43	-109627.11	-19781.64	0.0	0.0	0.0	0.0	0.0	0.0	0.0	0.0	0.0	0.0	0.0	0.0	0.0	0.0	47.241379310344826	0.0	0.06579573	-0.05944809	1.017026205	3.8455199999999996	1.64808	-0.01526	3499587.0	1776545390.963075	0.0	1.0	-1.0	-1.0	-1.0	-1.0	-1.0	-1.0	-1.0	-1.0	0.0	opened-hand	Open	1	calibration_20260418_134934	marker
-73713.375	-36047.97	-109588.545	-19728.63	0.0	0.0	0.0	0.0	0.0	0.0	0.0	0.0	0.0	0.0	0.0	0.0	0.0	0.0	47.241379310344826	0.0	0.06579573	-0.05944809	1.017026205	3.8455199999999996	1.64808	-0.01526	3499588.0	1776545390.963083	0.0	1.0	-1.0	-1.0	-1.0	-1.0	-1.0	-1.0	-1.0	-1.0	0.0	opened-hand	Open	1	calibration_20260418_134934	marker
-73615.455	-36037.979999999996	-109522.03499999999	-19683.495	0.0	0.0	0.0	0.0	0.0	0.0	0.0	0.0	0.0	0.0	0.0	0.0	0.0	0.0	47.241379310344826	0.0	0.06579573	-0.05944809	1.017026205	3.8455199999999996	1.64808	-0.01526	3499589.0	1776545390.967158	0.0	1.0	-1.0	-1.0	-1.0	-1.0	-1.0	-1.0	-1.0	-1.0	0.0	opened-hand	Open	1	calibration_20260418_134934	marker
-73633.545	-36032.805	-109491.345	-19649.745	0.0	0.0	0.0	0.0	0.0	0.0	0.0	0.0	0.0	0.0	0.0	0.0	0.0	0.0	47.241379310344826	0.0	0.06579573	-0.05944809	1.017026205	3.8455199999999996	1.64808	-0.01526	3499590.0	1776545390.967164	0.0	1.0	-1.0	-1.0	-1.0	-1.0	-1.0	-1.0	-1.0	-1.0	0.0	opened-hand	Open	1	calibration_20260418_134934	marker
-73657.305	-36033.479999999996	-109469.655	-19630.755	0.0	0.0	0.0	0.0	0.0	0.0	0.0	0.0	0.0	0.0	0.0	0.0	0.0	0.0	47.241379310344826	0.0	0.06579573	-0.05944809	1.017026205	3.8455199999999996	1.64808	-0.01526	3499591.0	1776545390.971015	0.0	1.0	-1.0	-1.0	-1.0	-1.0	-1.0	-1.0	-1.0	-1.0	0.0	opened-hand	Open	1	calibration_20260418_134934	marker
-73679.67	-36039.869999999995	-109563.795	-19704.78	0.0	0.0	0.0	0.0	0.0	0.0	0.0	0.0	0.0	0.0	0.0	0.0	0.0	0.0	47.241379310344826	0.0	0.06579573	-0.05944809	1.017026205	3.8455199999999996	1.64808	-0.01526	3499592.0	1776545390.971021	0.0	1.0	-1.0	-1.0	-1.0	-1.0	-1.0	-1.0	-1.0	-1.0	0.0	opened-hand	Open	1	calibration_20260418_134934	marker
-73699.02	-36044.595	-109593.405	-19733.175	0.0	0.0	0.0	0.0	0.0	0.0	0.0	0.0	0.0	0.0	0.0	0.0	0.0	0.0	47.241379310344826	0.0	0.06579573	-0.05944809	1.017026205	3.8455199999999996	1.64808	-0.01526	3499593.0	1776545390.975255	0.0	1.0	-1.0	-1.0	-1.0	-1.0	-1.0	-1.0	-1.0	-1.0	0.0	opened-hand	Open	1	calibration_20260418_134934	marker
-73647.27	-36039.24	-109527.3	-19681.155	0.0	0.0	0.0	0.0	0.0	0.0	0.0	0.0	0.0	0.0	0.0	0.0	0.0	0.0	47.241379310344826	0.0	0.06579573	-0.05944809	1.017026205	3.8455199999999996	1.64808	-0.01526	3499594.0	1776545390.975264	0.0	1.0	-1.0	-1.0	-1.0	-1.0	-1.0	-1.0	-1.0	-1.0	0.0	opened-hand	Open	1	calibration_20260418_134934	marker
-73544.04	-36029.385	-109385.73	-19535.625	0.0	0.0	0.0	0.0	0.0	0.0	0.0	0.0	0.0	0.0	0.0	0.0	0.0	0.0	47.241379310344826	0.0	0.06127914	-0.061584315	1.015317225	4.83742	1.63282	-0.01526	3499595.0	1776545390.979094	0.0	1.0	-1.0	-1.0	-1.0	-1.0	-1.0	-1.0	-1.0	-1.0	0.0	opened-hand	Open	1	calibration_20260418_134934	marker
-73504.395	-36026.28	-109319.22	-19459.98	0.0	0.0	0.0	0.0	0.0	0.0	0.0	0.0	0.0	0.0	0.0	0.0	0.0	0.0	47.241379310344826	0.0	0.06127914	-0.061584315	1.015317225	4.83742	1.63282	-0.01526	3499596.0	1776545390.979099	0.0	1.0	-1.0	-1.0	-1.0	-1.0	-1.0	-1.0	-1.0	-1.0	0.0	opened-hand	Open	1	calibration_20260418_134934	marker
-73650.87	-36029.025	-109516.31999999999	-19655.145	0.0	0.0	0.0	0.0	0.0	0.0	0.0	0.0	0.0	0.0	0.0	0.0	0.0	0.0	47.241379310344826	0.0	0.06127914	-0.061584315	1.015317225	4.83742	1.63282	-0.01526	3499597.0	1776545390.983284	0.0	1.0	-1.0	-1.0	-1.0	-1.0	-1.0	-1.0	-1.0	-1.0	0.0	opened-hand	Open	1	calibration_20260418_134934	marker
-73793.25	-36032.31	-109680.03	-19829.745	0.0	0.0	0.0	0.0	0.0	0.0	0.0	0.0	0.0	0.0	0.0	0.0	0.0	0.0	47.241379310344826	0.0	0.06127914	-0.061584315	1.015317225	4.83742	1.63282	-0.01526	3499598.0	1776545390.983304	0.0	1.0	-1.0	-1.0	-1.0	-1.0	-1.0	-1.0	-1.0	-1.0	0.0	opened-hand	Open	1	calibration_20260418_134934	marker
-73772.09999999999	-36030.104999999996	-109655.86499999999	-19818.495	0.0	0.0	0.0	0.0	0.0	0.0	0.0	0.0	0.0	0.0	0.0	0.0	0.0	0.0	47.241379310344826	0.0	0.06127914	-0.061584315	1.015317225	4.83742	1.63282	-0.01526	3499599.0	1776545390.987186	0.0	1.0	-1.0	-1.0	-1.0	-1.0	-1.0	-1.0	-1.0	-1.0	0.0	opened-hand	Open	1	calibration_20260418_134934	marker
-73737.62999999999	-36032.22	-109627.425	-19786.32	0.0	0.0	0.0	0.0	0.0	0.0	0.0	0.0	0.0	0.0	0.0	0.0	0.0	0.0	47.241379310344826	0.0	0.06127914	-0.061584315	1.015317225	4.83742	1.63282	-0.01526	3499600.0	1776545390.987211	0.0	1.0	-1.0	-1.0	-1.0	-1.0	-1.0	-1.0	-1.0	-1.0	0.0	opened-hand	Open	1	calibration_20260418_134934	marker
-73627.245	-36029.97	-109518.84	-19683.495	0.0	0.0	0.0	0.0	0.0	0.0	0.0	0.0	0.0	0.0	0.0	0.0	0.0	0.0	47.241379310344826	0.0	0.06127914	-0.061584315	1.015317225	4.83742	1.63282	-0.01526	3499601.0	1776545390.991198	0.0	1.0	-1.0	-1.0	-1.0	-1.0	-1.0	-1.0	-1.0	-1.0	0.0	opened-hand	Open	1	calibration_20260418_134934	marker
-73571.94	-36028.53	-109460.745	-19626.255	0.0	0.0	0.0	0.0	0.0	0.0	0.0	0.0	0.0	0.0	0.0	0.0	0.0	0.0	47.241379310344826	0.0	0.06127914	-0.061584315	1.015317225	4.83742	1.63282	-0.01526	3499602.0	1776545390.991205	0.0	1.0	-1.0	-1.0	-1.0	-1.0	-1.0	-1.0	-1.0	-1.0	0.0	opened-hand	Open	1	calibration_20260418_134934	marker
-73665.765	-36033.57	-109558.70999999999	-19698.21	0.0	0.0	0.0	0.0	0.0	0.0	0.0	0.0	0.0	0.0	0.0	0.0	0.0	0.0	47.241379310344826	0.0	0.06127914	-0.061584315	1.015317225	4.83742	1.63282	-0.01526	3499603.0	1776545390.998267	0.0	1.0	-1.0	-1.0	-1.0	-1.0	-1.0	-1.0	-1.0	-1.0	0.0	opened-hand	Open	1	calibration_20260418_134934	marker
-73645.605	-36032.85	-109571.76	-19730.07	0.0	0.0	0.0	0.0	0.0	0.0	0.0	0.0	0.0	0.0	0.0	0.0	0.0	0.0	47.241379310344826	0.0	0.06127914	-0.061584315	1.015317225	4.83742	1.63282	-0.01526	3499604.0	1776545390.998285	0.0	1.0	-1.0	-1.0	-1.0	-1.0	-1.0	-1.0	-1.0	-1.0	0.0	opened-hand	Open	1	calibration_20260418_134934	marker
-73702.395	-36031.365	-109566.98999999999	-19718.774999999998	0.0	0.0	0.0	0.0	0.0	0.0	0.0	0.0	0.0	0.0	0.0	0.0	0.0	0.0	47.241379310344826	0.0	0.05847153	-0.060851895	1.01427963	3.0977799999999998	1.8617199999999998	-1.0834599999999999	3499605.0	1776545390.999191	0.0	1.0	-1.0	-1.0	-1.0	-1.0	-1.0	-1.0	-1.0	-1.0	0.0	opened-hand	Open	1	calibration_20260418_134934	marker
-73706.715	-36024.615	-109567.39499999999	-19725.165	0.0	0.0	0.0	0.0	0.0	0.0	0.0	0.0	0.0	0.0	0.0	0.0	0.0	0.0	47.241379310344826	0.0	0.05847153	-0.060851895	1.01427963	3.0977799999999998	1.8617199999999998	-1.0834599999999999	3499606.0	1776545390.99922	0.0	1.0	-1.0	-1.0	-1.0	-1.0	-1.0	-1.0	-1.0	-1.0	0.0	opened-hand	Open	1	calibration_20260418_134934	marker
-73686.42	-36021.465	-109560.87	-19730.43	0.0	0.0	0.0	0.0	0.0	0.0	0.0	0.0	0.0	0.0	0.0	0.0	0.0	0.0	47.241379310344826	0.0	0.05847153	-0.060851895	1.01427963	3.0977799999999998	1.8617199999999998	-1.0834599999999999	3499607.0	1776545391.00321	0.0	1.0	-1.0	-1.0	-1.0	-1.0	-1.0	-1.0	-1.0	-1.0	0.0	opened-hand	Open	1	calibration_20260418_134934	marker
-73749.15	-36026.189999999995	-109571.12999999999	-19725.165	0.0	0.0	0.0	0.0	0.0	0.0	0.0	0.0	0.0	0.0	0.0	0.0	0.0	0.0	47.241379310344826	0.0	0.05847153	-0.060851895	1.01427963	3.0977799999999998	1.8617199999999998	-1.0834599999999999	3499608.0	1776545391.003215	0.0	1.0	-1.0	-1.0	-1.0	-1.0	-1.0	-1.0	-1.0	-1.0	0.0	opened-hand	Open	1	calibration_20260418_134934	marker
-73777.635	-36032.67	-109626.93	-19772.594999999998	0.0	0.0	0.0	0.0	0.0	0.0	0.0	0.0	0.0	0.0	0.0	0.0	0.0	0.0	47.241379310344826	0.0	0.05847153	-0.060851895	1.01427963	3.0977799999999998	1.8617199999999998	-1.0834599999999999	3499609.0	1776545391.007097	0.0	1.0	-1.0	-1.0	-1.0	-1.0	-1.0	-1.0	-1.0	-1.0	0.0	opened-hand	Open	1	calibration_20260418_134934	marker
-73656.94499999999	-36030.6	-109607.175	-19760.445	0.0	0.0	0.0	0.0	0.0	0.0	0.0	0.0	0.0	0.0	0.0	0.0	0.0	0.0	47.241379310344826	0.0	0.05847153	-0.060851895	1.01427963	3.0977799999999998	1.8617199999999998	-1.0834599999999999	3499610.0	1776545391.007107	0.0	1.0	-1.0	-1.0	-1.0	-1.0	-1.0	-1.0	-1.0	-1.0	0.0	opened-hand	Open	1	calibration_20260418_134934	marker
-73648.44	-36027.494999999995	-109577.06999999999	-19702.665	0.0	0.0	0.0	0.0	0.0	0.0	0.0	0.0	0.0	0.0	0.0	0.0	0.0	0.0	47.241379310344826	0.0	0.05847153	-0.060851895	1.01427963	3.0977799999999998	1.8617199999999998	-1.0834599999999999	3499611.0	1776545391.011015	0.0	1.0	-1.0	-1.0	-1.0	-1.0	-1.0	-1.0	-1.0	-1.0	0.0	opened-hand	Open	1	calibration_20260418_134934	marker
-73653.345	-36023.67	-109496.06999999999	-19613.835	0.0	0.0	0.0	0.0	0.0	0.0	0.0	0.0	0.0	0.0	0.0	0.0	0.0	0.0	47.241379310344826	0.0	0.05847153	-0.060851895	1.01427963	3.0977799999999998	1.8617199999999998	-1.0834599999999999	3499612.0	1776545391.011022	0.0	1.0	-1.0	-1.0	-1.0	-1.0	-1.0	-1.0	-1.0	-1.0	0.0	opened-hand	Open	1	calibration_20260418_134934	marker
-73617.84	-36019.665	-109444.815	-19575.315	0.0	0.0	0.0	0.0	0.0	0.0	0.0	0.0	0.0	0.0	0.0	0.0	0.0	0.0	47.241379310344826	0.0	0.05847153	-0.060851895	1.01427963	3.0977799999999998	1.8617199999999998	-1.0834599999999999	3499613.0	1776545391.015229	0.0	1.0	-1.0	-1.0	-1.0	-1.0	-1.0	-1.0	-1.0	-1.0	0.0	opened-hand	Open	1	calibration_20260418_134934	marker
-73739.7	-36023.4	-109596.19499999999	-19733.489999999998	0.0	0.0	0.0	0.0	0.0	0.0	0.0	0.0	0.0	0.0	0.0	0.0	0.0	0.0	47.241379310344826	0.0	0.05847153	-0.060851895	1.01427963	3.0977799999999998	1.8617199999999998	-1.0834599999999999	3499614.0	1776545391.015246	0.0	1.0	-1.0	-1.0	-1.0	-1.0	-1.0	-1.0	-1.0	-1.0	0.0	opened-hand	Open	1	calibration_20260418_134934	marker
-73618.155	-36019.26	-109565.415	-19731.87	0.0	0.0	0.0	0.0	0.0	0.0	0.0	0.0	0.0	0.0	0.0	0.0	0.0	0.0	47.241379310344826	0.0	0.05786118	-0.060485685000000004	1.01598861	1.9990599999999998	1.8312	-0.7019599999999999	3499615.0	1776545391.019324	0.0	1.0	-1.0	-1.0	-1.0	-1.0	-1.0	-1.0	-1.0	-1.0	0.0	opened-hand	Open	1	calibration_20260418_134934	marker
-73598.48999999999	-36022.994999999995	-109527.3	-19695.825	0.0	0.0	0.0	0.0	0.0	0.0	0.0	0.0	0.0	0.0	0.0	0.0	0.0	0.0	47.241379310344826	0.0	0.05786118	-0.060485685000000004	1.01598861	1.9990599999999998	1.8312	-0.7019599999999999	3499616.0	1776545391.019354	0.0	1.0	-1.0	-1.0	-1.0	-1.0	-1.0	-1.0	-1.0	-1.0	0.0	opened-hand	Open	1	calibration_20260418_134934	marker
-73781.50499999999	-36032.715	-109617.165	-19779.84	0.0	0.0	0.0	0.0	0.0	0.0	0.0	0.0	0.0	0.0	0.0	0.0	0.0	0.0	47.241379310344826	0.0	0.05786118	-0.060485685000000004	1.01598861	1.9990599999999998	1.8312	-0.7019599999999999	3499617.0	1776545391.023451	0.0	1.0	-1.0	-1.0	-1.0	-1.0	-1.0	-1.0	-1.0	-1.0	0.0	opened-hand	Open	1	calibration_20260418_134934	marker
-73735.065	-36032.265	-109566.72	-19726.965	0.0	0.0	0.0	0.0	0.0	0.0	0.0	0.0	0.0	0.0	0.0	0.0	0.0	0.0	47.241379310344826	0.0	0.05786118	-0.060485685000000004	1.01598861	1.9990599999999998	1.8312	-0.7019599999999999	3499618.0	1776545391.023464	0.0	1.0	-1.0	-1.0	-1.0	-1.0	-1.0	-1.0	-1.0	-1.0	0.0	opened-hand	Open	1	calibration_20260418_134934	marker
-73664.145	-36029.07	-109525.995	-19690.065	0.0	0.0	0.0	0.0	0.0	0.0	0.0	0.0	0.0	0.0	0.0	0.0	0.0	0.0	47.241379310344826	0.0	0.05786118	-0.060485685000000004	1.01598861	1.9990599999999998	1.8312	-0.7019599999999999	3499619.0	1776545391.027221	0.0	1.0	-1.0	-1.0	-1.0	-1.0	-1.0	-1.0	-1.0	-1.0	0.0	opened-hand	Open	1	calibration_20260418_134934	marker
-73635.705	-36024.659999999996	-109511.90999999999	-19646.55	0.0	0.0	0.0	0.0	0.0	0.0	0.0	0.0	0.0	0.0	0.0	0.0	0.0	0.0	47.241379310344826	0.0	0.05786118	-0.060485685000000004	1.01598861	1.9990599999999998	1.8312	-0.7019599999999999	3499620.0	1776545391.027265	0.0	1.0	-1.0	-1.0	-1.0	-1.0	-1.0	-1.0	-1.0	-1.0	0.0	opened-hand	Open	1	calibration_20260418_134934	marker
-73663.2	-36022.409999999996	-109564.605	-19689.434999999998	0.0	0.0	0.0	0.0	0.0	0.0	0.0	0.0	0.0	0.0	0.0	0.0	0.0	0.0	47.241379310344826	0.0	0.05786118	-0.060485685000000004	1.01598861	1.9990599999999998	1.8312	-0.7019599999999999	3499621.0	1776545391.031373	0.0	1.0	-1.0	-1.0	-1.0	-1.0	-1.0	-1.0	-1.0	-1.0	0.0	opened-hand	Open	1	calibration_20260418_134934	marker
-73732.00499999999	-36020.025	-109653.165	-19793.969999999998	0.0	0.0	0.0	0.0	0.0	0.0	0.0	0.0	0.0	0.0	0.0	0.0	0.0	0.0	47.241379310344826	0.0	0.05786118	-0.060485685000000004	1.01598861	1.9990599999999998	1.8312	-0.7019599999999999	3499622.0	1776545391.031384	0.0	1.0	-1.0	-1.0	-1.0	-1.0	-1.0	-1.0	-1.0	-1.0	0.0	opened-hand	Open	1	calibration_20260418_134934	marker
-73702.215	-36015.525	-109620.72	-19760.309999999998	0.0	0.0	0.0	0.0	0.0	0.0	0.0	0.0	0.0	0.0	0.0	0.0	0.0	0.0	47.241379310344826	0.0	0.05786118	-0.060485685000000004	1.01598861	1.9990599999999998	1.8312	-0.7019599999999999	3499623.0	1776545391.037264	0.0	1.0	-1.0	-1.0	-1.0	-1.0	-1.0	-1.0	-1.0	-1.0	0.0	opened-hand	Open	1	calibration_20260418_134934	marker
-73649.52	-36014.4	-109554.705	-19690.065	0.0	0.0	0.0	0.0	0.0	0.0	0.0	0.0	0.0	0.0	0.0	0.0	0.0	0.0	47.241379310344826	0.0	0.05786118	-0.060485685000000004	1.01598861	1.9990599999999998	1.8312	-0.7019599999999999	3499624.0	1776545391.037284	0.0	1.0	-1.0	-1.0	-1.0	-1.0	-1.0	-1.0	-1.0	-1.0	0.0	opened-hand	Open	1	calibration_20260418_134934	marker
-73616.12999999999	-36014.31	-109508.4	-19653.434999999998	0.0	0.0	0.0	0.0	0.0	0.0	0.0	0.0	0.0	0.0	0.0	0.0	0.0	0.0	47.241379310344826	0.0	0.056579445	-0.06079086	1.0199558850000001	2.3042599999999998	1.25132	-0.47306	3499625.0	1776545391.040297	0.0	1.0	-1.0	-1.0	-1.0	-1.0	-1.0	-1.0	-1.0	-1.0	0.0	opened-hand	Open	1	calibration_20260418_134934	marker
-73630.845	-36016.47	-109525.72499999999	-19664.325	0.0	0.0	0.0	0.0	0.0	0.0	0.0	0.0	0.0	0.0	0.0	0.0	0.0	0.0	47.241379310344826	0.0	0.056579445	-0.06079086	1.0199558850000001	2.3042599999999998	1.25132	-0.47306	3499626.0	1776545391.040304	0.0	1.0	-1.0	-1.0	-1.0	-1.0	-1.0	-1.0	-1.0	-1.0	0.0	opened-hand	Open	1	calibration_20260418_134934	marker
-73728.98999999999	-36015.39	-109580.58	-19706.445	0.0	0.0	0.0	0.0	0.0	0.0	0.0	0.0	0.0	0.0	0.0	0.0	0.0	0.0	47.241379310344826	0.0	0.056579445	-0.06079086	1.0199558850000001	2.3042599999999998	1.25132	-0.47306	3499627.0	1776545391.045255	0.0	1.0	-1.0	-1.0	-1.0	-1.0	-1.0	-1.0	-1.0	-1.0	0.0	opened-hand	Open	1	calibration_20260418_134934	marker
-73784.06999999999	-36011.07	-109603.98	-19729.98	0.0	0.0	0.0	0.0	0.0	0.0	0.0	0.0	0.0	0.0	0.0	0.0	0.0	0.0	47.241379310344826	0.0	0.056579445	-0.06079086	1.0199558850000001	2.3042599999999998	1.25132	-0.47306	3499628.0	1776545391.045266	0.0	1.0	-1.0	-1.0	-1.0	-1.0	-1.0	-1.0	-1.0	-1.0	0.0	opened-hand	Open	1	calibration_20260418_134934	marker
-73746.0	-36005.625	-109595.87999999999	-19737.945	0.0	0.0	0.0	0.0	0.0	0.0	0.0	0.0	0.0	0.0	0.0	0.0	0.0	0.0	47.241379310344826	0.0	0.056579445	-0.06079086	1.0199558850000001	2.3042599999999998	1.25132	-0.47306	3499629.0	1776545391.048294	0.0	1.0	-1.0	-1.0	-1.0	-1.0	-1.0	-1.0	-1.0	-1.0	0.0	opened-hand	Open	1	calibration_20260418_134934	marker
-73636.29	-35992.439999999995	-109549.935	-19700.864999999998	0.0	0.0	0.0	0.0	0.0	0.0	0.0	0.0	0.0	0.0	0.0	0.0	0.0	0.0	47.241379310344826	0.0	0.056579445	-0.06079086	1.0199558850000001	2.3042599999999998	1.25132	-0.47306	3499630.0	1776545391.048332	0.0	1.0	-1.0	-1.0	-1.0	-1.0	-1.0	-1.0	-1.0	-1.0	0.0	opened-hand	Open	1	calibration_20260418_134934	marker
-73565.45999999999	-35981.369999999995	-109495.215	-19654.559999999998	0.0	0.0	0.0	0.0	0.0	0.0	0.0	0.0	0.0	0.0	0.0	0.0	0.0	0.0	47.241379310344826	0.0	0.056579445	-0.06079086	1.0199558850000001	2.3042599999999998	1.25132	-0.47306	3499631.0	1776545391.051233	0.0	1.0	-1.0	-1.0	-1.0	-1.0	-1.0	-1.0	-1.0	-1.0	0.0	opened-hand	Open	1	calibration_20260418_134934	marker
-73618.37999999999	-35984.34	-109511.37	-19656.989999999998	0.0	0.0	0.0	0.0	0.0	0.0	0.0	0.0	0.0	0.0	0.0	0.0	0.0	0.0	47.241379310344826	0.0	0.056579445	-0.06079086	1.0199558850000001	2.3042599999999998	1.25132	-0.47306	3499632.0	1776545391.051256	0.0	1.0	-1.0	-1.0	-1.0	-1.0	-1.0	-1.0	-1.0	-1.0	0.0	opened-hand	Open	1	calibration_20260418_134934	marker
-73696.05	-35992.89	-109587.465	-19724.76	0.0	0.0	0.0	0.0	0.0	0.0	0.0	0.0	0.0	0.0	0.0	0.0	0.0	0.0	47.241379310344826	0.0	0.056579445	-0.06079086	1.0199558850000001	2.3042599999999998	1.25132	-0.47306	3499633.0	1776545391.055484	0.0	1.0	-1.0	-1.0	-1.0	-1.0	-1.0	-1.0	-1.0	-1.0	0.0	opened-hand	Open	1	calibration_20260418_134934	marker
-73630.575	-35995.32	-109536.705	-19678.905	0.0	0.0	0.0	0.0	0.0	0.0	0.0	0.0	0.0	0.0	0.0	0.0	0.0	0.0	47.241379310344826	0.0	0.056579445	-0.06079086	1.0199558850000001	2.3042599999999998	1.25132	-0.47306	3499634.0	1776545391.055507	0.0	1.0	-1.0	-1.0	-1.0	-1.0	-1.0	-1.0	-1.0	-1.0	0.0	opened-hand	Open	1	calibration_20260418_134934	marker
-73656.58499999999	-36001.935	-109528.92	-19665.855	0.0	0.0	0.0	0.0	0.0	0.0	0.0	0.0	0.0	0.0	0.0	0.0	0.0	0.0	47.241379310344826	0.0	0.056823585	-0.063903645	1.020444165	3.9981199999999997	1.12924	-1.2207999999999999	3499635.0	1776545391.059321	0.0	1.0	-1.0	-1.0	-1.0	-1.0	-1.0	-1.0	-1.0	-1.0	0.0	opened-hand	Open	1	calibration_20260418_134934	marker
-73729.845	-36008.909999999996	-109591.245	-19735.469999999998	0.0	0.0	0.0	0.0	0.0	0.0	0.0	0.0	0.0	0.0	0.0	0.0	0.0	0.0	47.241379310344826	0.0	0.056823585	-0.063903645	1.020444165	3.9981199999999997	1.12924	-1.2207999999999999	3499636.0	1776545391.059326	0.0	1.0	-1.0	-1.0	-1.0	-1.0	-1.0	-1.0	-1.0	-1.0	0.0	opened-hand	Open	1	calibration_20260418_134934	marker
-73748.565	-36008.64	-109617.39	-19765.44	0.0	0.0	0.0	0.0	0.0	0.0	0.0	0.0	0.0	0.0	0.0	0.0	0.0	0.0	47.241379310344826	0.0	0.056823585	-0.063903645	1.020444165	3.9981199999999997	1.12924	-1.2207999999999999	3499637.0	1776545391.063531	0.0	1.0	-1.0	-1.0	-1.0	-1.0	-1.0	-1.0	-1.0	-1.0	0.0	opened-hand	Open	1	calibration_20260418_134934	marker
-73655.415	-36000.945	-109563.12	-19699.29	0.0	0.0	0.0	0.0	0.0	0.0	0.0	0.0	0.0	0.0	0.0	0.0	0.0	0.0	47.241379310344826	0.0	0.056823585	-0.063903645	1.020444165	3.9981199999999997	1.12924	-1.2207999999999999	3499638.0	1776545391.063563	0.0	1.0	-1.0	-1.0	-1.0	-1.0	-1.0	-1.0	-1.0	-1.0	0.0	opened-hand	Open	1	calibration_20260418_134934	marker
-73550.385	-35991.494999999995	-109479.06	-19602.18	0.0	0.0	0.0	0.0	0.0	0.0	0.0	0.0	0.0	0.0	0.0	0.0	0.0	0.0	47.241379310344826	0.0	0.056823585	-0.063903645	1.020444165	3.9981199999999997	1.12924	-1.2207999999999999	3499639.0	1776545391.067317	0.0	1.0	-1.0	-1.0	-1.0	-1.0	-1.0	-1.0	-1.0	-1.0	0.0	opened-hand	Open	1	calibration_20260418_134934	marker
-73610.50499999999	-35996.4	-109516.00499999999	-19650.735	0.0	0.0	0.0	0.0	0.0	0.0	0.0	0.0	0.0	0.0	0.0	0.0	0.0	0.0	47.241379310344826	0.0	0.056823585	-0.063903645	1.020444165	3.9981199999999997	1.12924	-1.2207999999999999	3499640.0	1776545391.067323	0.0	1.0	-1.0	-1.0	-1.0	-1.0	-1.0	-1.0	-1.0	-1.0	0.0	opened-hand	Open	1	calibration_20260418_134934	marker
-73603.44	-36000.765	-109471.68	-19609.695	0.0	0.0	0.0	0.0	0.0	0.0	0.0	0.0	0.0	0.0	0.0	0.0	0.0	0.0	47.241379310344826	0.0	0.056823585	-0.063903645	1.020444165	3.9981199999999997	1.12924	-1.2207999999999999	3499641.0	1776545391.071451	0.0	1.0	-1.0	-1.0	-1.0	-1.0	-1.0	-1.0	-1.0	-1.0	0.0	opened-hand	Open	1	calibration_20260418_134934	marker
-73576.89	-36003.015	-109412.73	-19554.344999999998	0.0	0.0	0.0	0.0	0.0	0.0	0.0	0.0	0.0	0.0	0.0	0.0	0.0	0.0	47.241379310344826	0.0	0.056823585	-0.063903645	1.020444165	3.9981199999999997	1.12924	-1.2207999999999999	3499642.0	1776545391.071461	0.0	1.0	-1.0	-1.0	-1.0	-1.0	-1.0	-1.0	-1.0	-1.0	0.0	opened-hand	Open	1	calibration_20260418_134934	marker
-73700.685	-36014.49	-109562.44499999999	-19705.184999999998	0.0	0.0	0.0	0.0	0.0	0.0	0.0	0.0	0.0	0.0	0.0	0.0	0.0	0.0	47.241379310344826	0.0	0.056823585	-0.063903645	1.020444165	3.9981199999999997	1.12924	-1.2207999999999999	3499643.0	1776545391.075433	0.0	1.0	-1.0	-1.0	-1.0	-1.0	-1.0	-1.0	-1.0	-1.0	0.0	opened-hand	Open	1	calibration_20260418_134934	marker
-73809.62999999999	-36023.354999999996	-109684.70999999999	-19850.445	0.0	0.0	0.0	0.0	0.0	0.0	0.0	0.0	0.0	0.0	0.0	0.0	0.0	0.0	47.241379310344826	0.0	0.056823585	-0.063903645	1.020444165	3.9981199999999997	1.12924	-1.2207999999999999	3499644.0	1776545391.075465	0.0	1.0	-1.0	-1.0	-1.0	-1.0	-1.0	-1.0	-1.0	-1.0	0.0	opened-hand	Open	1	calibration_20260418_134934	marker
-73763.415	-36021.375	-109672.33499999999	-19847.114999999998	0.0	0.0	0.0	0.0	0.0	0.0	0.0	0.0	0.0	0.0	0.0	0.0	0.0	0.0	47.241379310344826	0.0	0.058898775	-0.066711255	1.019589675	5.76828	1.25132	-1.70912	3499645.0	1776545391.079645	0.0	1.0	-1.0	-1.0	-1.0	-1.0	-1.0	-1.0	-1.0	-1.0	0.0	opened-hand	Open	1	calibration_20260418_134934	marker
-73719.765	-36021.825	-109666.98	-19792.44	0.0	0.0	0.0	0.0	0.0	0.0	0.0	0.0	0.0	0.0	0.0	0.0	0.0	0.0	47.241379310344826	0.0	0.058898775	-0.066711255	1.019589675	5.76828	1.25132	-1.70912	3499646.0	1776545391.079654	0.0	1.0	-1.0	-1.0	-1.0	-1.0	-1.0	-1.0	-1.0	-1.0	0.0	opened-hand	Open	1	calibration_20260418_134934	marker
-73665.18	-36022.275	-109606.59	-19736.864999999998	0.0	0.0	0.0	0.0	0.0	0.0	0.0	0.0	0.0	0.0	0.0	0.0	0.0	0.0	47.241379310344826	0.0	0.058898775	-0.066711255	1.019589675	5.76828	1.25132	-1.70912	3499647.0	1776545391.08339	0.0	1.0	-1.0	-1.0	-1.0	-1.0	-1.0	-1.0	-1.0	-1.0	0.0	opened-hand	Open	1	calibration_20260418_134934	marker
-73678.36499999999	-36019.53	-109547.955	-19678.094999999998	0.0	0.0	0.0	0.0	0.0	0.0	0.0	0.0	0.0	0.0	0.0	0.0	0.0	0.0	47.241379310344826	0.0	0.058898775	-0.066711255	1.019589675	5.76828	1.25132	-1.70912	3499648.0	1776545391.083404	0.0	1.0	-1.0	-1.0	-1.0	-1.0	-1.0	-1.0	-1.0	-1.0	0.0	opened-hand	Open	1	calibration_20260418_134934	marker
-73649.7	-36019.17	-109505.295	-19638.765	0.0	0.0	0.0	0.0	0.0	0.0	0.0	0.0	0.0	0.0	0.0	0.0	0.0	0.0	47.241379310344826	0.0	0.058898775	-0.066711255	1.019589675	5.76828	1.25132	-1.70912	3499649.0	1776545391.087398	0.0	1.0	-1.0	-1.0	-1.0	-1.0	-1.0	-1.0	-1.0	-1.0	0.0	opened-hand	Open	1	calibration_20260418_134934	marker
-73718.81999999999	-36028.439999999995	-109608.345	-19743.795	0.0	0.0	0.0	0.0	0.0	0.0	0.0	0.0	0.0	0.0	0.0	0.0	0.0	0.0	47.241379310344826	0.0	0.058898775	-0.066711255	1.019589675	5.76828	1.25132	-1.70912	3499650.0	1776545391.08741	0.0	1.0	-1.0	-1.0	-1.0	-1.0	-1.0	-1.0	-1.0	-1.0	0.0	opened-hand	Open	1	calibration_20260418_134934	marker
-73728.405	-36035.145	-109644.48	-19798.245	0.0	0.0	0.0	0.0	0.0	0.0	0.0	0.0	0.0	0.0	0.0	0.0	0.0	0.0	47.241379310344826	0.0	0.058898775	-0.066711255	1.019589675	5.76828	1.25132	-1.70912	3499651.0	1776545391.091596	0.0	1.0	-1.0	-1.0	-1.0	-1.0	-1.0	-1.0	-1.0	-1.0	0.0	opened-hand	Open	1	calibration_20260418_134934	marker
-73705.68	-36034.335	-109589.48999999999	-19735.245	0.0	0.0	0.0	0.0	0.0	0.0	0.0	0.0	0.0	0.0	0.0	0.0	0.0	0.0	47.241379310344826	0.0	0.058898775	-0.066711255	1.019589675	5.76828	1.25132	-1.70912	3499652.0	1776545391.091606	0.0	1.0	-1.0	-1.0	-1.0	-1.0	-1.0	-1.0	-1.0	-1.0	0.0	opened-hand	Open	1	calibration_20260418_134934	marker
-73715.94	-36033.255	-109587.555	-19709.82	0.0	0.0	0.0	0.0	0.0	0.0	0.0	0.0	0.0	0.0	0.0	0.0	0.0	0.0	47.241379310344826	0.0	0.058898775	-0.066711255	1.019589675	5.76828	1.25132	-1.70912	3499653.0	1776545391.095367	0.0	1.0	-1.0	-1.0	-1.0	-1.0	-1.0	-1.0	-1.0	-1.0	0.0	opened-hand	Open	1	calibration_20260418_134934	marker
-73661.22	-36028.71	-109570.5	-19697.265	0.0	0.0	0.0	0.0	0.0	0.0	0.0	0.0	0.0	0.0	0.0	0.0	0.0	0.0	47.241379310344826	0.0	0.058898775	-0.066711255	1.019589675	5.76828	1.25132	-1.70912	3499654.0	1776545391.095376	0.0	1.0	-1.0	-1.0	-1.0	-1.0	-1.0	-1.0	-1.0	-1.0	0.0	opened-hand	Open	1	calibration_20260418_134934	marker
-73684.75499999999	-36027.81	-109584.26999999999	-19716.795	0.0	0.0	0.0	0.0	0.0	0.0	0.0	0.0	0.0	0.0	0.0	0.0	0.0	0.0	47.241379310344826	0.0	0.056945655	-0.061035	1.01818587	3.79974	0.74774	-1.3734	3499655.0	1776545391.100636	0.0	1.0	-1.0	-1.0	-1.0	-1.0	-1.0	-1.0	-1.0	-1.0	0.0	opened-hand	Open	1	calibration_20260418_134934	marker
-73645.83	-36025.515	-109536.84	-19684.53	0.0	0.0	0.0	0.0	0.0	0.0	0.0	0.0	0.0	0.0	0.0	0.0	0.0	0.0	47.241379310344826	0.0	0.056945655	-0.061035	1.01818587	3.79974	0.74774	-1.3734	3499656.0	1776545391.100653	0.0	1.0	-1.0	-1.0	-1.0	-1.0	-1.0	-1.0	-1.0	-1.0	0.0	opened-hand	Open	1	calibration_20260418_134934	marker
-73579.36499999999	-36023.445	-109485.675	-19635.93	0.0	0.0	0.0	0.0	0.0	0.0	0.0	0.0	0.0	0.0	0.0	0.0	0.0	0.0	47.241379310344826	0.0	0.056945655	-0.061035	1.01818587	3.79974	0.74774	-1.3734	3499657.0	1776545391.103981	0.0	1.0	-1.0	-1.0	-1.0	-1.0	-1.0	-1.0	-1.0	-1.0	0.0	opened-hand	Open	1	calibration_20260418_134934	marker
-73661.265	-36030.375	-109554.885	-19681.515	0.0	0.0	0.0	0.0	0.0	0.0	0.0	0.0	0.0	0.0	0.0	0.0	0.0	0.0	47.241379310344826	0.0	0.056945655	-0.061035	1.01818587	3.79974	0.74774	-1.3734	3499658.0	1776545391.103987	0.0	1.0	-1.0	-1.0	-1.0	-1.0	-1.0	-1.0	-1.0	-1.0	0.0	opened-hand	Open	1	calibration_20260418_134934	marker
-73675.89	-36036.0	-109586.925	-19720.53	0.0	0.0	0.0	0.0	0.0	0.0	0.0	0.0	0.0	0.0	0.0	0.0	0.0	0.0	47.241379310344826	0.0	0.056945655	-0.061035	1.01818587	3.79974	0.74774	-1.3734	3499659.0	1776545391.107422	0.0	1.0	-1.0	-1.0	-1.0	-1.0	-1.0	-1.0	-1.0	-1.0	0.0	opened-hand	Open	1	calibration_20260418_134934	marker
-73670.265	-36039.869999999995	-109558.215	-19699.065	0.0	0.0	0.0	0.0	0.0	0.0	0.0	0.0	0.0	0.0	0.0	0.0	0.0	0.0	47.241379310344826	0.0	0.056945655	-0.061035	1.01818587	3.79974	0.74774	-1.3734	3499660.0	1776545391.107439	0.0	1.0	-1.0	-1.0	-1.0	-1.0	-1.0	-1.0	-1.0	-1.0	0.0	opened-hand	Open	1	calibration_20260418_134934	marker
-73696.545	-36041.58	-109583.50499999999	-19712.655	0.0	0.0	0.0	0.0	0.0	0.0	0.0	0.0	0.0	0.0	0.0	0.0	0.0	0.0	47.241379310344826	0.0	0.056945655	-0.061035	1.01818587	3.79974	0.74774	-1.3734	3499661.0	1776545391.111642	0.0	1.0	-1.0	-1.0	-1.0	-1.0	-1.0	-1.0	-1.0	-1.0	0.0	opened-hand	Open	1	calibration_20260418_134934	marker
-73591.245	-36032.085	-109485.765	-19633.32	0.0	0.0	0.0	0.0	0.0	0.0	0.0	0.0	0.0	0.0	0.0	0.0	0.0	0.0	47.241379310344826	0.0	0.056945655	-0.061035	1.01818587	3.79974	0.74774	-1.3734	3499662.0	1776545391.111669	0.0	1.0	-1.0	-1.0	-1.0	-1.0	-1.0	-1.0	-1.0	-1.0	0.0	opened-hand	Open	1	calibration_20260418_134934	marker
-73573.245	-36026.28	-109443.465	-19578.285	0.0	0.0	0.0	0.0	0.0	0.0	0.0	0.0	0.0	0.0	0.0	0.0	0.0	0.0	47.241379310344826	0.0	0.056945655	-0.061035	1.01818587	3.79974	0.74774	-1.3734	3499663.0	1776545391.117023	0.0	1.0	-1.0	-1.0	-1.0	-1.0	-1.0	-1.0	-1.0	-1.0	0.0	opened-hand	Open	1	calibration_20260418_134934	marker
-73756.44	-36036.18	-109641.59999999999	-19759.364999999998	0.0	0.0	0.0	0.0	0.0	0.0	0.0	0.0	0.0	0.0	0.0	0.0	0.0	0.0	47.241379310344826	0.0	0.056945655	-0.061035	1.01818587	3.79974	0.74774	-1.3734	3499664.0	1776545391.117031	0.0	1.0	-1.0	-1.0	-1.0	-1.0	-1.0	-1.0	-1.0	-1.0	0.0	opened-hand	Open	1	calibration_20260418_134934	marker
-73759.095	-36037.395	-109642.68	-19771.739999999998	0.0	0.0	0.0	0.0	0.0	0.0	0.0	0.0	0.0	0.0	0.0	0.0	0.0	0.0	47.241379310344826	0.0	0.052795275	-0.05187975	1.01965071	2.60946	0.763	-1.0834599999999999	3499665.0	1776545391.119388	0.0	1.0	-1.0	-1.0	-1.0	-1.0	-1.0	-1.0	-1.0	-1.0	0.0	opened-hand	Open	1	calibration_20260418_134934	marker
-73687.00499999999	-36034.875	-109555.245	-19677.915	0.0	0.0	0.0	0.0	0.0	0.0	0.0	0.0	0.0	0.0	0.0	0.0	0.0	0.0	47.241379310344826	0.0	0.052795275	-0.05187975	1.01965071	2.60946	0.763	-1.0834599999999999	3499666.0	1776545391.119394	0.0	1.0	-1.0	-1.0	-1.0	-1.0	-1.0	-1.0	-1.0	-1.0	0.0	opened-hand	Open	1	calibration_20260418_134934	marker
-73591.83	-36033.525	-109498.095	-19631.34	0.0	0.0	0.0	0.0	0.0	0.0	0.0	0.0	0.0	0.0	0.0	0.0	0.0	0.0	47.241379310344826	0.0	0.052795275	-0.05187975	1.01965071	2.60946	0.763	-1.0834599999999999	3499667.0	1776545391.123417	0.0	1.0	-1.0	-1.0	-1.0	-1.0	-1.0	-1.0	-1.0	-1.0	0.0	opened-hand	Open	1	calibration_20260418_134934	marker
-73602.72	-36037.26	-109472.715	-19605.69	0.0	0.0	0.0	0.0	0.0	0.0	0.0	0.0	0.0	0.0	0.0	0.0	0.0	0.0	47.241379310344826	0.0	0.052795275	-0.05187975	1.01965071	2.60946	0.763	-1.0834599999999999	3499668.0	1776545391.123451	0.0	1.0	-1.0	-1.0	-1.0	-1.0	-1.0	-1.0	-1.0	-1.0	0.0	opened-hand	Open	1	calibration_20260418_134934	marker
-73675.89	-36043.92	-109547.235	-19680.344999999998	0.0	0.0	0.0	0.0	0.0	0.0	0.0	0.0	0.0	0.0	0.0	0.0	0.0	0.0	47.241379310344826	0.0	0.052795275	-0.05187975	1.01965071	2.60946	0.763	-1.0834599999999999	3499669.0	1776545391.127459	0.0	1.0	-1.0	-1.0	-1.0	-1.0	-1.0	-1.0	-1.0	-1.0	0.0	opened-hand	Open	1	calibration_20260418_134934	marker
-73666.8	-36045.494999999995	-109586.7	-19734.75	0.0	0.0	0.0	0.0	0.0	0.0	0.0	0.0	0.0	0.0	0.0	0.0	0.0	0.0	47.241379310344826	0.0	0.052795275	-0.05187975	1.01965071	2.60946	0.763	-1.0834599999999999	3499670.0	1776545391.127468	0.0	1.0	-1.0	-1.0	-1.0	-1.0	-1.0	-1.0	-1.0	-1.0	0.0	opened-hand	Open	1	calibration_20260418_134934	marker
-73672.02	-36043.064999999995	-109540.39499999999	-19696.094999999998	0.0	0.0	0.0	0.0	0.0	0.0	0.0	0.0	0.0	0.0	0.0	0.0	0.0	0.0	47.241379310344826	0.0	0.052795275	-0.05187975	1.01965071	2.60946	0.763	-1.0834599999999999	3499671.0	1776545391.13157	0.0	1.0	-1.0	-1.0	-1.0	-1.0	-1.0	-1.0	-1.0	-1.0	0.0	opened-hand	Open	1	calibration_20260418_134934	marker
-73589.04	-36037.53	-109463.12999999999	-19606.905	0.0	0.0	0.0	0.0	0.0	0.0	0.0	0.0	0.0	0.0	0.0	0.0	0.0	0.0	47.241379310344826	0.0	0.052795275	-0.05187975	1.01965071	2.60946	0.763	-1.0834599999999999	3499672.0	1776545391.131586	0.0	1.0	-1.0	-1.0	-1.0	-1.0	-1.0	-1.0	-1.0	-1.0	0.0	opened-hand	Open	1	calibration_20260418_134934	marker
-73598.355	-36039.015	-109508.12999999999	-19638.0	0.0	0.0	0.0	0.0	0.0	0.0	0.0	0.0	0.0	0.0	0.0	0.0	0.0	0.0	47.241379310344826	0.0	0.052795275	-0.05187975	1.01965071	2.60946	0.763	-1.0834599999999999	3499673.0	1776545391.136869	0.0	1.0	-1.0	-1.0	-1.0	-1.0	-1.0	-1.0	-1.0	-1.0	0.0	opened-hand	Open	1	calibration_20260418_134934	marker
-73676.87999999999	-36047.564999999995	-109593.26999999999	-19747.62	0.0	0.0	0.0	0.0	0.0	0.0	0.0	0.0	0.0	0.0	0.0	0.0	0.0	0.0	47.241379310344826	0.0	0.052795275	-0.05187975	1.01965071	2.60946	0.763	-1.0834599999999999	3499674.0	1776545391.1369	0.0	1.0	-1.0	-1.0	-1.0	-1.0	-1.0	-1.0	-1.0	-1.0	0.0	opened-hand	Open	1	calibration_20260418_134934	marker
-73723.86	-36053.415	-109623.33	-19763.145	0.0	0.0	0.0	0.0	0.0	0.0	0.0	0.0	0.0	0.0	0.0	0.0	0.0	0.0	47.241379310344826	0.0	0.052306995	-0.047546265	1.019345535	2.5179	0.27468	-0.9308599999999999	3499675.0	1776545391.139714	0.0	1.0	-1.0	-1.0	-1.0	-1.0	-1.0	-1.0	-1.0	-1.0	0.0	opened-hand	Open	1	calibration_20260418_134934	marker
-73738.395	-36058.275	-109656.045	-19778.355	0.0	0.0	0.0	0.0	0.0	0.0	0.0	0.0	0.0	0.0	0.0	0.0	0.0	0.0	47.241379310344826	0.0	0.052306995	-0.047546265	1.019345535	2.5179	0.27468	-0.9308599999999999	3499676.0	1776545391.139739	0.0	1.0	-1.0	-1.0	-1.0	-1.0	-1.0	-1.0	-1.0	-1.0	0.0	opened-hand	Open	1	calibration_20260418_134934	marker
-73707.39	-36056.924999999996	-109606.31999999999	-19746.135	0.0	0.0	0.0	0.0	0.0	0.0	0.0	0.0	0.0	0.0	0.0	0.0	0.0	0.0	47.241379310344826	0.0	0.052306995	-0.047546265	1.019345535	2.5179	0.27468	-0.9308599999999999	3499677.0	1776545391.143603	0.0	1.0	-1.0	-1.0	-1.0	-1.0	-1.0	-1.0	-1.0	-1.0	0.0	opened-hand	Open	1	calibration_20260418_134934	marker
-73690.065	-36053.505	-109561.40999999999	-19720.665	0.0	0.0	0.0	0.0	0.0	0.0	0.0	0.0	0.0	0.0	0.0	0.0	0.0	0.0	47.241379310344826	0.0	0.052306995	-0.047546265	1.019345535	2.5179	0.27468	-0.9308599999999999	3499678.0	1776545391.143638	0.0	1.0	-1.0	-1.0	-1.0	-1.0	-1.0	-1.0	-1.0	-1.0	0.0	opened-hand	Open	1	calibration_20260418_134934	marker
-73654.515	-36047.88	-109528.065	-19672.155	0.0	0.0	0.0	0.0	0.0	0.0	0.0	0.0	0.0	0.0	0.0	0.0	0.0	0.0	47.241379310344826	0.0	0.052306995	-0.047546265	1.019345535	2.5179	0.27468	-0.9308599999999999	3499679.0	1776545391.147641	0.0	1.0	-1.0	-1.0	-1.0	-1.0	-1.0	-1.0	-1.0	-1.0	0.0	opened-hand	Open	1	calibration_20260418_134934	marker
-73645.73999999999	-36043.244999999995	-109539.675	-19659.465	0.0	0.0	0.0	0.0	0.0	0.0	0.0	0.0	0.0	0.0	0.0	0.0	0.0	0.0	47.241379310344826	0.0	0.052306995	-0.047546265	1.019345535	2.5179	0.27468	-0.9308599999999999	3499680.0	1776545391.147668	0.0	1.0	-1.0	-1.0	-1.0	-1.0	-1.0	-1.0	-1.0	-1.0	0.0	opened-hand	Open	1	calibration_20260418_134934	marker
-73680.25499999999	-36044.64	-109600.47	-19718.505	0.0	0.0	0.0	0.0	0.0	0.0	0.0	0.0	0.0	0.0	0.0	0.0	0.0	0.0	47.241379310344826	0.0	0.052306995	-0.047546265	1.019345535	2.5179	0.27468	-0.9308599999999999	3499681.0	1776545391.151475	0.0	1.0	-1.0	-1.0	-1.0	-1.0	-1.0	-1.0	-1.0	-1.0	0.0	opened-hand	Open	1	calibration_20260418_134934	marker
-73630.53	-36044.235	-109552.995	-19676.969999999998	0.0	0.0	0.0	0.0	0.0	0.0	0.0	0.0	0.0	0.0	0.0	0.0	0.0	0.0	47.241379310344826	0.0	0.052306995	-0.047546265	1.019345535	2.5179	0.27468	-0.9308599999999999	3499682.0	1776545391.151495	0.0	1.0	-1.0	-1.0	-1.0	-1.0	-1.0	-1.0	-1.0	-1.0	0.0	opened-hand	Open	1	calibration_20260418_134934	marker
-73655.86499999999	-36051.165	-109572.93	-19690.11	0.0	0.0	0.0	0.0	0.0	0.0	0.0	0.0	0.0	0.0	0.0	0.0	0.0	0.0	47.241379310344826	0.0	0.052306995	-0.047546265	1.019345535	2.5179	0.27468	-0.9308599999999999	3499683.0	1776545391.155495	0.0	1.0	-1.0	-1.0	-1.0	-1.0	-1.0	-1.0	-1.0	-1.0	0.0	opened-hand	Open	1	calibration_20260418_134934	marker
-73722.465	-36057.555	-109610.09999999999	-19740.78	0.0	0.0	0.0	0.0	0.0	0.0	0.0	0.0	0.0	0.0	0.0	0.0	0.0	0.0	47.241379310344826	0.0	0.052306995	-0.047546265	1.019345535	2.5179	0.27468	-0.9308599999999999	3499684.0	1776545391.155517	0.0	1.0	-1.0	-1.0	-1.0	-1.0	-1.0	-1.0	-1.0	-1.0	0.0	opened-hand	Open	1	calibration_20260418_134934	marker
-73744.69499999999	-36056.79	-109582.29	-19718.37	0.0	0.0	0.0	0.0	0.0	0.0	0.0	0.0	0.0	0.0	0.0	0.0	0.0	0.0	47.241379310344826	0.0	0.05578599	-0.04919421	1.0199558850000001	3.41824	0.47306	-0.41202	3499685.0	1776545391.159942	0.0	1.0	-1.0	-1.0	-1.0	-1.0	-1.0	-1.0	-1.0	-1.0	0.0	opened-hand	Open	1	calibration_20260418_134934	marker
-73719.09	-36056.744999999995	-109588.815	-19718.73	0.0	0.0	0.0	0.0	0.0	0.0	0.0	0.0	0.0	0.0	0.0	0.0	0.0	0.0	47.241379310344826	0.0	0.05578599	-0.04919421	1.0199558850000001	3.41824	0.47306	-0.41202	3499686.0	1776545391.159948	0.0	1.0	-1.0	-1.0	-1.0	-1.0	-1.0	-1.0	-1.0	-1.0	0.0	opened-hand	Open	1	calibration_20260418_134934	marker
-73701.54	-36057.645	-109609.69499999999	-19736.594999999998	0.0	0.0	0.0	0.0	0.0	0.0	0.0	0.0	0.0	0.0	0.0	0.0	0.0	0.0	47.241379310344826	0.0	0.05578599	-0.04919421	1.0199558850000001	3.41824	0.47306	-0.41202	3499687.0	1776545391.164885	0.0	1.0	-1.0	-1.0	-1.0	-1.0	-1.0	-1.0	-1.0	-1.0	0.0	opened-hand	Open	1	calibration_20260418_134934	marker
-73673.955	-36052.83	-109578.87	-19705.815	0.0	0.0	0.0	0.0	0.0	0.0	0.0	0.0	0.0	0.0	0.0	0.0	0.0	0.0	47.241379310344826	0.0	0.05578599	-0.04919421	1.0199558850000001	3.41824	0.47306	-0.41202	3499688.0	1776545391.16489	0.0	1.0	-1.0	-1.0	-1.0	-1.0	-1.0	-1.0	-1.0	-1.0	0.0	opened-hand	Open	1	calibration_20260418_134934	marker
-73606.59	-36042.705	-109480.275	-19605.51	0.0	0.0	0.0	0.0	0.0	0.0	0.0	0.0	0.0	0.0	0.0	0.0	0.0	0.0	47.241379310344826	0.0	0.05578599	-0.04919421	1.0199558850000001	3.41824	0.47306	-0.41202	3499689.0	1776545391.167548	0.0	1.0	-1.0	-1.0	-1.0	-1.0	-1.0	-1.0	-1.0	-1.0	0.0	opened-hand	Open	1	calibration_20260418_134934	marker
-73590.84	-36041.895	-109435.95	-19560.87	0.0	0.0	0.0	0.0	0.0	0.0	0.0	0.0	0.0	0.0	0.0	0.0	0.0	0.0	47.241379310344826	0.0	0.05578599	-0.04919421	1.0199558850000001	3.41824	0.47306	-0.41202	3499690.0	1776545391.167572	0.0	1.0	-1.0	-1.0	-1.0	-1.0	-1.0	-1.0	-1.0	-1.0	0.0	opened-hand	Open	1	calibration_20260418_134934	marker
-73647.94499999999	-36052.155	-109542.15	-19678.005	0.0	0.0	0.0	0.0	0.0	0.0	0.0	0.0	0.0	0.0	0.0	0.0	0.0	0.0	47.241379310344826	0.0	0.05578599	-0.04919421	1.0199558850000001	3.41824	0.47306	-0.41202	3499691.0	1776545391.171584	0.0	1.0	-1.0	-1.0	-1.0	-1.0	-1.0	-1.0	-1.0	-1.0	0.0	opened-hand	Open	1	calibration_20260418_134934	marker
-73667.295	-36061.604999999996	-109621.665	-19762.515	0.0	0.0	0.0	0.0	0.0	0.0	0.0	0.0	0.0	0.0	0.0	0.0	0.0	0.0	47.241379310344826	0.0	0.05578599	-0.04919421	1.0199558850000001	3.41824	0.47306	-0.41202	3499692.0	1776545391.17159	0.0	1.0	-1.0	-1.0	-1.0	-1.0	-1.0	-1.0	-1.0	-1.0	0.0	opened-hand	Open	1	calibration_20260418_134934	marker
-73679.44499999999	-36065.61	-109588.68	-19726.065	0.0	0.0	0.0	0.0	0.0	0.0	0.0	0.0	0.0	0.0	0.0	0.0	0.0	0.0	47.241379310344826	0.0	0.05578599	-0.04919421	1.0199558850000001	3.41824	0.47306	-0.41202	3499693.0	1776545391.175563	0.0	1.0	-1.0	-1.0	-1.0	-1.0	-1.0	-1.0	-1.0	-1.0	0.0	opened-hand	Open	1	calibration_20260418_134934	marker
-73685.43	-36066.645	-109553.715	-19688.445	0.0	0.0	0.0	0.0	0.0	0.0	0.0	0.0	0.0	0.0	0.0	0.0	0.0	0.0	47.241379310344826	0.0	0.05578599	-0.04919421	1.0199558850000001	3.41824	0.47306	-0.41202	3499694.0	1776545391.175573	0.0	1.0	-1.0	-1.0	-1.0	-1.0	-1.0	-1.0	-1.0	-1.0	0.0	opened-hand	Open	1	calibration_20260418_134934	marker
-73698.345	-36066.284999999996	-109570.905	-19681.695	0.0	0.0	0.0	0.0	0.0	0.0	0.0	0.0	0.0	0.0	0.0	0.0	0.0	0.0	47.241379310344826	0.0	0.055969095	-0.04870593	1.02001692	3.17408	0.56462	0.09156	3499695.0	1776545391.179617	0.0	1.0	-1.0	-1.0	-1.0	-1.0	-1.0	-1.0	-1.0	-1.0	0.0	opened-hand	Open	1	calibration_20260418_134934	marker
-73690.83	-36066.42	-109591.73999999999	-19702.844999999998	0.0	0.0	0.0	0.0	0.0	0.0	0.0	0.0	0.0	0.0	0.0	0.0	0.0	0.0	47.241379310344826	0.0	0.055969095	-0.04870593	1.02001692	3.17408	0.56462	0.09156	3499696.0	1776545391.179646	0.0	1.0	-1.0	-1.0	-1.0	-1.0	-1.0	-1.0	-1.0	-1.0	0.0	opened-hand	Open	1	calibration_20260418_134934	marker
-73668.555	-36063.27	-109617.25499999999	-19734.93	0.0	0.0	0.0	0.0	0.0	0.0	0.0	0.0	0.0	0.0	0.0	0.0	0.0	0.0	47.241379310344826	0.0	0.055969095	-0.04870593	1.02001692	3.17408	0.56462	0.09156	3499697.0	1776545391.183622	0.0	1.0	-1.0	-1.0	-1.0	-1.0	-1.0	-1.0	-1.0	-1.0	0.0	opened-hand	Open	1	calibration_20260418_134934	marker
-73568.79	-36053.415	-109500.705	-19635.434999999998	0.0	0.0	0.0	0.0	0.0	0.0	0.0	0.0	0.0	0.0	0.0	0.0	0.0	0.0	47.241379310344826	0.0	0.055969095	-0.04870593	1.02001692	3.17408	0.56462	0.09156	3499698.0	1776545391.183647	0.0	1.0	-1.0	-1.0	-1.0	-1.0	-1.0	-1.0	-1.0	-1.0	0.0	opened-hand	Open	1	calibration_20260418_134934	marker
-73597.86	-36057.104999999996	-109515.78	-19646.37	0.0	0.0	0.0	0.0	0.0	0.0	0.0	0.0	0.0	0.0	0.0	0.0	0.0	0.0	47.241379310344826	0.0	0.055969095	-0.04870593	1.02001692	3.17408	0.56462	0.09156	3499699.0	1776545391.187567	0.0	1.0	-1.0	-1.0	-1.0	-1.0	-1.0	-1.0	-1.0	-1.0	0.0	opened-hand	Open	1	calibration_20260418_134934	marker
-73719.18	-36070.335	-109612.98	-19745.91	0.0	0.0	0.0	0.0	0.0	0.0	0.0	0.0	0.0	0.0	0.0	0.0	0.0	0.0	47.241379310344826	0.0	0.055969095	-0.04870593	1.02001692	3.17408	0.56462	0.09156	3499700.0	1776545391.187573	0.0	1.0	-1.0	-1.0	-1.0	-1.0	-1.0	-1.0	-1.0	-1.0	0.0	opened-hand	Open	1	calibration_20260418_134934	marker
-73738.98	-36075.78	-109584.495	-19718.235	0.0	0.0	0.0	0.0	0.0	0.0	0.0	0.0	0.0	0.0	0.0	0.0	0.0	0.0	47.241379310344826	0.0	0.055969095	-0.04870593	1.02001692	3.17408	0.56462	0.09156	3499701.0	1776545391.191882	0.0	1.0	-1.0	-1.0	-1.0	-1.0	-1.0	-1.0	-1.0	-1.0	0.0	opened-hand	Open	1	calibration_20260418_134934	marker
-73685.025	-36073.665	-109530.81	-19656.63	0.0	0.0	0.0	0.0	0.0	0.0	0.0	0.0	0.0	0.0	0.0	0.0	0.0	0.0	47.241379310344826	0.0	0.055969095	-0.04870593	1.02001692	3.17408	0.56462	0.09156	3499702.0	1776545391.191902	0.0	1.0	-1.0	-1.0	-1.0	-1.0	-1.0	-1.0	-1.0	-1.0	0.0	opened-hand	Open	1	calibration_20260418_134934	marker
-73648.26	-36070.515	-109529.64	-19650.69	0.0	0.0	0.0	0.0	0.0	0.0	0.0	0.0	0.0	0.0	0.0	0.0	0.0	0.0	47.241379310344826	0.0	0.055969095	-0.04870593	1.02001692	3.17408	0.56462	0.09156	3499703.0	1776545391.195743	0.0	1.0	-1.0	-1.0	-1.0	-1.0	-1.0	-1.0	-1.0	-1.0	0.0	opened-hand	Open	1	calibration_20260418_134934	marker
-73606.14	-36067.005	-109535.94	-19670.67	0.0	0.0	0.0	0.0	0.0	0.0	0.0	0.0	0.0	0.0	0.0	0.0	0.0	0.0	47.241379310344826	0.0	0.055969095	-0.04870593	1.02001692	3.17408	0.56462	0.09156	3499704.0	1776545391.195783	0.0	1.0	-1.0	-1.0	-1.0	-1.0	-1.0	-1.0	-1.0	-1.0	0.0	opened-hand	Open	1	calibration_20260418_134934	marker
-73571.895	-36060.03	-109504.53	-19639.305	0.0	0.0	0.0	0.0	0.0	0.0	0.0	0.0	0.0	0.0	0.0	0.0	0.0	0.0	47.241379310344826	0.0	0.057189795	-0.049621455	1.01757552	2.76206	0.51884	0.12208	3499705.0	1776545391.199704	0.0	1.0	-1.0	-1.0	-1.0	-1.0	-1.0	-1.0	-1.0	-1.0	0.0	opened-hand	Open	1	calibration_20260418_134934	marker
-73617.165	-36060.84	-109527.705	-19645.469999999998	0.0	0.0	0.0	0.0	0.0	0.0	0.0	0.0	0.0	0.0	0.0	0.0	0.0	0.0	47.241379310344826	0.0	0.057189795	-0.049621455	1.01757552	2.76206	0.51884	0.12208	3499706.0	1776545391.199709	0.0	1.0	-1.0	-1.0	-1.0	-1.0	-1.0	-1.0	-1.0	-1.0	0.0	opened-hand	Open	1	calibration_20260418_134934	marker
-73652.22	-36065.97	-109552.275	-19680.39	0.0	0.0	0.0	0.0	0.0	0.0	0.0	0.0	0.0	0.0	0.0	0.0	0.0	0.0	47.241379310344826	0.0	0.057189795	-0.049621455	1.01757552	2.76206	0.51884	0.12208	3499707.0	1776545391.203849	0.0	1.0	-1.0	-1.0	-1.0	-1.0	-1.0	-1.0	-1.0	-1.0	0.0	opened-hand	Open	1	calibration_20260418_134934	marker
-73624.14	-36068.534999999996	-109529.595	-19674.405	0.0	0.0	0.0	0.0	0.0	0.0	0.0	0.0	0.0	0.0	0.0	0.0	0.0	0.0	47.241379310344826	0.0	0.057189795	-0.049621455	1.01757552	2.76206	0.51884	0.12208	3499708.0	1776545391.203854	0.0	1.0	-1.0	-1.0	-1.0	-1.0	-1.0	-1.0	-1.0	-1.0	0.0	opened-hand	Open	1	calibration_20260418_134934	marker
-73602.94499999999	-36070.92	-109461.915	-19596.239999999998	0.0	0.0	0.0	0.0	0.0	0.0	0.0	0.0	0.0	0.0	0.0	0.0	0.0	0.0	47.241379310344826	0.0	0.057189795	-0.049621455	1.01757552	2.76206	0.51884	0.12208	3499709.0	1776545391.20763	0.0	1.0	-1.0	-1.0	-1.0	-1.0	-1.0	-1.0	-1.0	-1.0	0.0	opened-hand	Open	1	calibration_20260418_134934	marker
-73623.42	-36076.32	-109502.55	-19637.774999999998	0.0	0.0	0.0	0.0	0.0	0.0	0.0	0.0	0.0	0.0	0.0	0.0	0.0	0.0	47.241379310344826	0.0	0.057189795	-0.049621455	1.01757552	2.76206	0.51884	0.12208	3499710.0	1776545391.207635	0.0	1.0	-1.0	-1.0	-1.0	-1.0	-1.0	-1.0	-1.0	-1.0	0.0	opened-hand	Open	1	calibration_20260418_134934	marker
-73696.275	-36082.35	-109610.73	-19752.57	0.0	0.0	0.0	0.0	0.0	0.0	0.0	0.0	0.0	0.0	0.0	0.0	0.0	0.0	47.241379310344826	0.0	0.057189795	-0.049621455	1.01757552	2.76206	0.51884	0.12208	3499711.0	1776545391.211714	0.0	1.0	-1.0	-1.0	-1.0	-1.0	-1.0	-1.0	-1.0	-1.0	0.0	opened-hand	Open	1	calibration_20260418_134934	marker
-73753.605	-36084.015	-109665.495	-19811.114999999998	0.0	0.0	0.0	0.0	0.0	0.0	0.0	0.0	0.0	0.0	0.0	0.0	0.0	0.0	47.241379310344826	0.0	0.057189795	-0.049621455	1.01757552	2.76206	0.51884	0.12208	3499712.0	1776545391.211718	0.0	1.0	-1.0	-1.0	-1.0	-1.0	-1.0	-1.0	-1.0	-1.0	0.0	opened-hand	Open	1	calibration_20260418_134934	marker
-73716.75	-36076.32	-109602.62999999999	-19721.43	0.0	0.0	0.0	0.0	0.0	0.0	0.0	0.0	0.0	0.0	0.0	0.0	0.0	0.0	47.241379310344826	0.0	0.057189795	-0.049621455	1.01757552	2.76206	0.51884	0.12208	3499713.0	1776545391.215673	0.0	1.0	-1.0	-1.0	-1.0	-1.0	-1.0	-1.0	-1.0	-1.0	0.0	opened-hand	Open	1	calibration_20260418_134934	marker
-73707.795	-36069.705	-109583.37	-19693.035	0.0	0.0	0.0	0.0	0.0	0.0	0.0	0.0	0.0	0.0	0.0	0.0	0.0	0.0	47.241379310344826	0.0	0.057189795	-0.049621455	1.01757552	2.76206	0.51884	0.12208	3499714.0	1776545391.215677	0.0	1.0	-1.0	-1.0	-1.0	-1.0	-1.0	-1.0	-1.0	-1.0	0.0	opened-hand	Open	1	calibration_20260418_134934	marker
-73772.81999999999	-36073.125	-109615.59	-19736.954999999998	0.0	0.0	0.0	0.0	0.0	0.0	0.0	0.0	0.0	0.0	0.0	0.0	0.0	0.0	47.241379310344826	0.0	0.057433935	-0.05383287	1.0173313800000001	3.1283	0.9308599999999999	0.18312	3499715.0	1776545391.21962	0.0	1.0	-1.0	-1.0	-1.0	-1.0	-1.0	-1.0	-1.0	-1.0	0.0	opened-hand	Open	1	calibration_20260418_134934	marker
-73788.435	-36078.795	-109672.73999999999	-19801.934999999998	0.0	0.0	0.0	0.0	0.0	0.0	0.0	0.0	0.0	0.0	0.0	0.0	0.0	0.0	47.241379310344826	0.0	0.057433935	-0.05383287	1.0173313800000001	3.1283	0.9308599999999999	0.18312	3499716.0	1776545391.219627	0.0	1.0	-1.0	-1.0	-1.0	-1.0	-1.0	-1.0	-1.0	-1.0	0.0	opened-hand	Open	1	calibration_20260418_134934	marker
-73680.345	-36078.615	-109660.00499999999	-19782.675	0.0	0.0	0.0	0.0	0.0	0.0	0.0	0.0	0.0	0.0	0.0	0.0	0.0	0.0	47.241379310344826	0.0	0.057433935	-0.05383287	1.0173313800000001	3.1283	0.9308599999999999	0.18312	3499717.0	1776545391.228572	0.0	1.0	-1.0	-1.0	-1.0	-1.0	-1.0	-1.0	-1.0	-1.0	0.0	opened-hand	Open	1	calibration_20260418_134934	marker
-73635.84	-36079.83	-109610.73	-19741.59	0.0	0.0	0.0	0.0	0.0	0.0	0.0	0.0	0.0	0.0	0.0	0.0	0.0	0.0	47.241379310344826	0.0	0.057433935	-0.05383287	1.0173313800000001	3.1283	0.9308599999999999	0.18312	3499718.0	1776545391.228675	0.0	1.0	-1.0	-1.0	-1.0	-1.0	-1.0	-1.0	-1.0	-1.0	0.0	opened-hand	Open	1	calibration_20260418_134934	marker
-73599.56999999999	-36075.645	-109462.76999999999	-19604.88	0.0	0.0	0.0	0.0	0.0	0.0	0.0	0.0	0.0	0.0	0.0	0.0	0.0	0.0	47.241379310344826	0.0	0.057433935	-0.05383287	1.0173313800000001	3.1283	0.9308599999999999	0.18312	3499719.0	1776545391.228714	0.0	1.0	-1.0	-1.0	-1.0	-1.0	-1.0	-1.0	-1.0	-1.0	0.0	opened-hand	Open	1	calibration_20260418_134934	marker
-73560.19499999999	-36071.729999999996	-109400.805	-19519.155	0.0	0.0	0.0	0.0	0.0	0.0	0.0	0.0	0.0	0.0	0.0	0.0	0.0	0.0	47.241379310344826	0.0	0.057433935	-0.05383287	1.0173313800000001	3.1283	0.9308599999999999	0.18312	3499720.0	1776545391.228735	0.0	1.0	-1.0	-1.0	-1.0	-1.0	-1.0	-1.0	-1.0	-1.0	0.0	opened-hand	Open	1	calibration_20260418_134934	marker
-73688.94	-36078.885	-109578.19499999999	-19685.43	0.0	0.0	0.0	0.0	0.0	0.0	0.0	0.0	0.0	0.0	0.0	0.0	0.0	0.0	47.241379310344826	0.0	0.057433935	-0.05383287	1.0173313800000001	3.1283	0.9308599999999999	0.18312	3499721.0	1776545391.231712	0.0	1.0	-1.0	-1.0	-1.0	-1.0	-1.0	-1.0	-1.0	-1.0	0.0	opened-hand	Open	1	calibration_20260418_134934	marker
-73742.355	-36079.83	-109680.12	-19811.385	0.0	0.0	0.0	0.0	0.0	0.0	0.0	0.0	0.0	0.0	0.0	0.0	0.0	0.0	47.241379310344826	0.0	0.057433935	-0.05383287	1.0173313800000001	3.1283	0.9308599999999999	0.18312	3499722.0	1776545391.231719	0.0	1.0	-1.0	-1.0	-1.0	-1.0	-1.0	-1.0	-1.0	-1.0	0.0	opened-hand	Open	1	calibration_20260418_134934	marker
-73700.28	-36074.07	-109602.0	-19728.675	0.0	0.0	0.0	0.0	0.0	0.0	0.0	0.0	0.0	0.0	0.0	0.0	0.0	0.0	47.241379310344826	0.0	0.057433935	-0.05383287	1.0173313800000001	3.1283	0.9308599999999999	0.18312	3499723.0	1776545391.235749	0.0	1.0	-1.0	-1.0	-1.0	-1.0	-1.0	-1.0	-1.0	-1.0	0.0	opened-hand	Open	1	calibration_20260418_134934	marker
-73632.285	-36067.14	-109505.47499999999	-19630.35	0.0	0.0	0.0	0.0	0.0	0.0	0.0	0.0	0.0	0.0	0.0	0.0	0.0	0.0	47.241379310344826	0.0	0.057433935	-0.05383287	1.0173313800000001	3.1283	0.9308599999999999	0.18312	3499724.0	1776545391.235753	0.0	1.0	-1.0	-1.0	-1.0	-1.0	-1.0	-1.0	-1.0	-1.0	0.0	opened-hand	Open	1	calibration_20260418_134934	marker
-73581.165	-36065.205	-109448.64	-19581.434999999998	0.0	0.0	0.0	0.0	0.0	0.0	0.0	0.0	0.0	0.0	0.0	0.0	0.0	0.0	47.241379310344826	0.0	0.052062855	-0.06201156	1.01989485	4.21176	0.97664	-0.6714399999999999	3499725.0	1776545391.242365	0.0	1.0	-1.0	-1.0	-1.0	-1.0	-1.0	-1.0	-1.0	-1.0	0.0	opened-hand	Open	1	calibration_20260418_134934	marker
-73679.12999999999	-36076.365	-109569.23999999999	-19683.855	0.0	0.0	0.0	0.0	0.0	0.0	0.0	0.0	0.0	0.0	0.0	0.0	0.0	0.0	47.241379310344826	0.0	0.052062855	-0.06201156	1.01989485	4.21176	0.97664	-0.6714399999999999	3499726.0	1776545391.242385	0.0	1.0	-1.0	-1.0	-1.0	-1.0	-1.0	-1.0	-1.0	-1.0	0.0	opened-hand	Open	1	calibration_20260418_134934	marker
-73674.81	-36079.155	-109575.94499999999	-19694.475	0.0	0.0	0.0	0.0	0.0	0.0	0.0	0.0	0.0	0.0	0.0	0.0	0.0	0.0	47.241379310344826	0.0	0.052062855	-0.06201156	1.01989485	4.21176	0.97664	-0.6714399999999999	3499727.0	1776545391.245347	0.0	1.0	-1.0	-1.0	-1.0	-1.0	-1.0	-1.0	-1.0	-1.0	0.0	opened-hand	Open	1	calibration_20260418_134934	marker
-73643.895	-36077.939999999995	-109598.355	-19739.925	0.0	0.0	0.0	0.0	0.0	0.0	0.0	0.0	0.0	0.0	0.0	0.0	0.0	0.0	47.241379310344826	0.0	0.052062855	-0.06201156	1.01989485	4.21176	0.97664	-0.6714399999999999	3499728.0	1776545391.245362	0.0	1.0	-1.0	-1.0	-1.0	-1.0	-1.0	-1.0	-1.0	-1.0	0.0	opened-hand	Open	1	calibration_20260418_134934	marker
-73593.135	-36070.74	-109532.565	-19668.78	0.0	0.0	0.0	0.0	0.0	0.0	0.0	0.0	0.0	0.0	0.0	0.0	0.0	0.0	47.241379310344826	0.0	0.052062855	-0.06201156	1.01989485	4.21176	0.97664	-0.6714399999999999	3499729.0	1776545391.248573	0.0	1.0	-1.0	-1.0	-1.0	-1.0	-1.0	-1.0	-1.0	-1.0	0.0	opened-hand	Open	1	calibration_20260418_134934	marker
-73714.995	-36071.01	-109561.31999999999	-19666.53	0.0	0.0	0.0	0.0	0.0	0.0	0.0	0.0	0.0	0.0	0.0	0.0	0.0	0.0	47.241379310344826	0.0	0.052062855	-0.06201156	1.01989485	4.21176	0.97664	-0.6714399999999999	3499730.0	1776545391.248578	0.0	1.0	-1.0	-1.0	-1.0	-1.0	-1.0	-1.0	-1.0	-1.0	0.0	opened-hand	Open	1	calibration_20260418_134934	marker
-73789.965	-36074.744999999995	-109663.245	-19777.23	0.0	0.0	0.0	0.0	0.0	0.0	0.0	0.0	0.0	0.0	0.0	0.0	0.0	0.0	47.241379310344826	0.0	0.052062855	-0.06201156	1.01989485	4.21176	0.97664	-0.6714399999999999	3499731.0	1776545391.251891	0.0	1.0	-1.0	-1.0	-1.0	-1.0	-1.0	-1.0	-1.0	-1.0	0.0	opened-hand	Open	1	calibration_20260418_134934	marker
-73689.03	-36074.025	-109631.745	-19763.64	0.0	0.0	0.0	0.0	0.0	0.0	0.0	0.0	0.0	0.0	0.0	0.0	0.0	0.0	47.241379310344826	0.0	0.052062855	-0.06201156	1.01989485	4.21176	0.97664	-0.6714399999999999	3499732.0	1776545391.251911	0.0	1.0	-1.0	-1.0	-1.0	-1.0	-1.0	-1.0	-1.0	-1.0	0.0	opened-hand	Open	1	calibration_20260418_134934	marker
-73670.265	-36077.715	-109618.065	-19741.005	0.0	0.0	0.0	0.0	0.0	0.0	0.0	0.0	0.0	0.0	0.0	0.0	0.0	0.0	47.241379310344826	0.0	0.052062855	-0.06201156	1.01989485	4.21176	0.97664	-0.6714399999999999	3499733.0	1776545391.25601	0.0	1.0	-1.0	-1.0	-1.0	-1.0	-1.0	-1.0	-1.0	-1.0	0.0	opened-hand	Open	1	calibration_20260418_134934	marker
-73668.23999999999	-36081.854999999996	-109571.22	-19707.21	0.0	0.0	0.0	0.0	0.0	0.0	0.0	0.0	0.0	0.0	0.0	0.0	0.0	0.0	47.241379310344826	0.0	0.052062855	-0.06201156	1.01989485	4.21176	0.97664	-0.6714399999999999	3499734.0	1776545391.256016	0.0	1.0	-1.0	-1.0	-1.0	-1.0	-1.0	-1.0	-1.0	-1.0	0.0	opened-hand	Open	1	calibration_20260418_134934	marker
-73656.0	-36084.869999999995	-109535.805	-19661.489999999998	0.0	0.0	0.0	0.0	0.0	0.0	0.0	0.0	0.0	0.0	0.0	0.0	0.0	0.0	47.241379310344826	0.0	0.04968249	-0.065002275	1.02184797	4.70008	-0.12208	-2.1516599999999997	3499735.0	1776545391.259727	0.0	1.0	-1.0	-1.0	-1.0	-1.0	-1.0	-1.0	-1.0	-1.0	0.0	opened-hand	Open	1	calibration_20260418_134934	marker
-73643.08499999999	-36085.275	-109504.98	-19632.69	0.0	0.0	0.0	0.0	0.0	0.0	0.0	0.0	0.0	0.0	0.0	0.0	0.0	0.0	47.241379310344826	0.0	0.04968249	-0.065002275	1.02184797	4.70008	-0.12208	-2.1516599999999997	3499736.0	1776545391.259744	0.0	1.0	-1.0	-1.0	-1.0	-1.0	-1.0	-1.0	-1.0	-1.0	0.0	opened-hand	Open	1	calibration_20260418_134934	marker
-73668.78	-36086.895	-109570.31999999999	-19700.73	0.0	0.0	0.0	0.0	0.0	0.0	0.0	0.0	0.0	0.0	0.0	0.0	0.0	0.0	47.241379310344826	0.0	0.04968249	-0.065002275	1.02184797	4.70008	-0.12208	-2.1516599999999997	3499737.0	1776545391.263749	0.0	1.0	-1.0	-1.0	-1.0	-1.0	-1.0	-1.0	-1.0	-1.0	0.0	opened-hand	Open	1	calibration_20260418_134934	marker
-73680.84	-36084.195	-109623.375	-19761.704999999998	0.0	0.0	0.0	0.0	0.0	0.0	0.0	0.0	0.0	0.0	0.0	0.0	0.0	0.0	47.241379310344826	0.0	0.04968249	-0.065002275	1.02184797	4.70008	-0.12208	-2.1516599999999997	3499738.0	1776545391.263769	0.0	1.0	-1.0	-1.0	-1.0	-1.0	-1.0	-1.0	-1.0	-1.0	0.0	opened-hand	Open	1	calibration_20260418_134934	marker
-73678.41	-36077.76	-109552.905	-19694.204999999998	0.0	0.0	0.0	0.0	0.0	0.0	0.0	0.0	0.0	0.0	0.0	0.0	0.0	0.0	47.241379310344826	0.0	0.04968249	-0.065002275	1.02184797	4.70008	-0.12208	-2.1516599999999997	3499739.0	1776545391.267895	0.0	1.0	-1.0	-1.0	-1.0	-1.0	-1.0	-1.0	-1.0	-1.0	0.0	opened-hand	Open	1	calibration_20260418_134934	marker
-73674.94499999999	-36078.615	-109570.815	-19699.02	0.0	0.0	0.0	0.0	0.0	0.0	0.0	0.0	0.0	0.0	0.0	0.0	0.0	0.0	47.241379310344826	0.0	0.04968249	-0.065002275	1.02184797	4.70008	-0.12208	-2.1516599999999997	3499740.0	1776545391.267913	0.0	1.0	-1.0	-1.0	-1.0	-1.0	-1.0	-1.0	-1.0	-1.0	0.0	opened-hand	Open	1	calibration_20260418_134934	marker
-73683.495	-36083.295	-109615.545	-19727.28	0.0	0.0	0.0	0.0	0.0	0.0	0.0	0.0	0.0	0.0	0.0	0.0	0.0	0.0	47.241379310344826	0.0	0.04968249	-0.065002275	1.02184797	4.70008	-0.12208	-2.1516599999999997	3499741.0	1776545391.271807	0.0	1.0	-1.0	-1.0	-1.0	-1.0	-1.0	-1.0	-1.0	-1.0	0.0	opened-hand	Open	1	calibration_20260418_134934	marker
-73698.39	-36085.77	-109605.465	-19720.98	0.0	0.0	0.0	0.0	0.0	0.0	0.0	0.0	0.0	0.0	0.0	0.0	0.0	0.0	47.241379310344826	0.0	0.04968249	-0.065002275	1.02184797	4.70008	-0.12208	-2.1516599999999997	3499742.0	1776545391.271813	0.0	1.0	-1.0	-1.0	-1.0	-1.0	-1.0	-1.0	-1.0	-1.0	0.0	opened-hand	Open	1	calibration_20260418_134934	marker
-73672.11	-36085.77	-109538.14499999999	-19663.065	0.0	0.0	0.0	0.0	0.0	0.0	0.0	0.0	0.0	0.0	0.0	0.0	0.0	0.0	47.241379310344826	0.0	0.04968249	-0.065002275	1.02184797	4.70008	-0.12208	-2.1516599999999997	3499743.0	1776545391.275883	0.0	1.0	-1.0	-1.0	-1.0	-1.0	-1.0	-1.0	-1.0	-1.0	0.0	opened-hand	Open	1	calibration_20260418_134934	marker
-73632.69	-36086.625	-109501.37999999999	-19622.925	0.0	0.0	0.0	0.0	0.0	0.0	0.0	0.0	0.0	0.0	0.0	0.0	0.0	0.0	47.241379310344826	0.0	0.04968249	-0.065002275	1.02184797	4.70008	-0.12208	-2.1516599999999997	3499744.0	1776545391.27592	0.0	1.0	-1.0	-1.0	-1.0	-1.0	-1.0	-1.0	-1.0	-1.0	0.0	opened-hand	Open	1	calibration_20260418_134934	marker
-73602.405	-36086.58	-109509.48	-19634.265	0.0	0.0	0.0	0.0	0.0	0.0	0.0	0.0	0.0	0.0	0.0	0.0	0.0	0.0	47.241379310344826	0.0	0.05139147	-0.064391925	1.02514386	5.1273599999999995	-0.62566	-2.0448399999999998	3499745.0	1776545391.279795	0.0	1.0	-1.0	-1.0	-1.0	-1.0	-1.0	-1.0	-1.0	-1.0	0.0	opened-hand	Open	1	calibration_20260418_134934	marker
-73600.515	-36086.58	-109525.5	-19654.11	0.0	0.0	0.0	0.0	0.0	0.0	0.0	0.0	0.0	0.0	0.0	0.0	0.0	0.0	47.241379310344826	0.0	0.05139147	-0.064391925	1.02514386	5.1273599999999995	-0.62566	-2.0448399999999998	3499746.0	1776545391.279799	0.0	1.0	-1.0	-1.0	-1.0	-1.0	-1.0	-1.0	-1.0	-1.0	0.0	opened-hand	Open	1	calibration_20260418_134934	marker
-73613.83499999999	-36083.385	-109548.9	-19681.875	0.0	0.0	0.0	0.0	0.0	0.0	0.0	0.0	0.0	0.0	0.0	0.0	0.0	0.0	47.241379310344826	0.0	0.05139147	-0.064391925	1.02514386	5.1273599999999995	-0.62566	-2.0448399999999998	3499747.0	1776545391.283848	0.0	1.0	-1.0	-1.0	-1.0	-1.0	-1.0	-1.0	-1.0	-1.0	0.0	opened-hand	Open	1	calibration_20260418_134934	marker
-73668.375	-36084.645	-109590.795	-19703.565	0.0	0.0	0.0	0.0	0.0	0.0	0.0	0.0	0.0	0.0	0.0	0.0	0.0	0.0	47.241379310344826	0.0	0.05139147	-0.064391925	1.02514386	5.1273599999999995	-0.62566	-2.0448399999999998	3499748.0	1776545391.283863	0.0	1.0	-1.0	-1.0	-1.0	-1.0	-1.0	-1.0	-1.0	-1.0	0.0	opened-hand	Open	1	calibration_20260418_134934	marker
-73657.53	-36085.994999999995	-109559.11499999999	-19664.594999999998	0.0	0.0	0.0	0.0	0.0	0.0	0.0	0.0	0.0	0.0	0.0	0.0	0.0	0.0	47.241379310344826	0.0	0.05139147	-0.064391925	1.02514386	5.1273599999999995	-0.62566	-2.0448399999999998	3499749.0	1776545391.288033	0.0	1.0	-1.0	-1.0	-1.0	-1.0	-1.0	-1.0	-1.0	-1.0	0.0	opened-hand	Open	1	calibration_20260418_134934	marker
-73709.86499999999	-36094.14	-109598.175	-19718.684999999998	0.0	0.0	0.0	0.0	0.0	0.0	0.0	0.0	0.0	0.0	0.0	0.0	0.0	0.0	47.241379310344826	0.0	0.05139147	-0.064391925	1.02514386	5.1273599999999995	-0.62566	-2.0448399999999998	3499750.0	1776545391.288064	0.0	1.0	-1.0	-1.0	-1.0	-1.0	-1.0	-1.0	-1.0	-1.0	0.0	opened-hand	Open	1	calibration_20260418_134934	marker
-73659.69	-36097.604999999996	-109595.43	-19717.739999999998	0.0	0.0	0.0	0.0	0.0	0.0	0.0	0.0	0.0	0.0	0.0	0.0	0.0	0.0	47.241379310344826	0.0	0.05139147	-0.064391925	1.02514386	5.1273599999999995	-0.62566	-2.0448399999999998	3499751.0	1776545391.291914	0.0	1.0	-1.0	-1.0	-1.0	-1.0	-1.0	-1.0	-1.0	-1.0	0.0	opened-hand	Open	1	calibration_20260418_134934	marker
-73594.845	-36101.07	-109546.56	-19675.575	0.0	0.0	0.0	0.0	0.0	0.0	0.0	0.0	0.0	0.0	0.0	0.0	0.0	0.0	47.241379310344826	0.0	0.05139147	-0.064391925	1.02514386	5.1273599999999995	-0.62566	-2.0448399999999998	3499752.0	1776545391.29193	0.0	1.0	-1.0	-1.0	-1.0	-1.0	-1.0	-1.0	-1.0	-1.0	0.0	opened-hand	Open	1	calibration_20260418_134934	marker
-73671.705	-36101.835	-109535.67	-19654.2	0.0	0.0	0.0	0.0	0.0	0.0	0.0	0.0	0.0	0.0	0.0	0.0	0.0	0.0	47.241379310344826	0.0	0.05139147	-0.064391925	1.02514386	5.1273599999999995	-0.62566	-2.0448399999999998	3499753.0	1776545391.295829	0.0	1.0	-1.0	-1.0	-1.0	-1.0	-1.0	-1.0	-1.0	-1.0	0.0	opened-hand	Open	1	calibration_20260418_134934	marker
-73703.745	-36100.665	-109579.815	-19709.864999999998	0.0	0.0	0.0	0.0	0.0	0.0	0.0	0.0	0.0	0.0	0.0	0.0	0.0	0.0	47.241379310344826	0.0	0.05139147	-0.064391925	1.02514386	5.1273599999999995	-0.62566	-2.0448399999999998	3499754.0	1776545391.295833	0.0	1.0	-1.0	-1.0	-1.0	-1.0	-1.0	-1.0	-1.0	-1.0	0.0	opened-hand	Open	1	calibration_20260418_134934	marker
-73712.025	-36096.975	-109574.055	-19733.67	0.0	0.0	0.0	0.0	0.0	0.0	0.0	0.0	0.0	0.0	0.0	0.0	0.0	0.0	47.241379310344826	0.0	0.052673205	-0.06378157500000001	1.024594545	4.97476	-1.2971	-2.5636799999999997	3499755.0	1776545391.300063	0.0	1.0	-1.0	-1.0	-1.0	-1.0	-1.0	-1.0	-1.0	-1.0	0.0	opened-hand	Open	1	calibration_20260418_134934	marker
-73694.655	-36096.39	-109565.415	-19724.579999999998	0.0	0.0	0.0	0.0	0.0	0.0	0.0	0.0	0.0	0.0	0.0	0.0	0.0	0.0	47.241379310344826	0.0	0.052673205	-0.06378157500000001	1.024594545	4.97476	-1.2971	-2.5636799999999997	3499756.0	1776545391.300099	0.0	1.0	-1.0	-1.0	-1.0	-1.0	-1.0	-1.0	-1.0	-1.0	0.0	opened-hand	Open	1	calibration_20260418_134934	marker
-73638.405	-36097.875	-109569.33	-19673.28	0.0	0.0	0.0	0.0	0.0	0.0	0.0	0.0	0.0	0.0	0.0	0.0	0.0	0.0	47.241379310344826	0.0	0.052673205	-0.06378157500000001	1.024594545	4.97476	-1.2971	-2.5636799999999997	3499757.0	1776545391.303904	0.0	1.0	-1.0	-1.0	-1.0	-1.0	-1.0	-1.0	-1.0	-1.0	0.0	opened-hand	Open	1	calibration_20260418_134934	marker
-73626.12	-36100.395	-109546.69499999999	-19637.415	0.0	0.0	0.0	0.0	0.0	0.0	0.0	0.0	0.0	0.0	0.0	0.0	0.0	0.0	47.241379310344826	0.0	0.052673205	-0.06378157500000001	1.024594545	4.97476	-1.2971	-2.5636799999999997	3499758.0	1776545391.303913	0.0	1.0	-1.0	-1.0	-1.0	-1.0	-1.0	-1.0	-1.0	-1.0	0.0	opened-hand	Open	1	calibration_20260418_134934	marker
-73638.81	-36105.795	-109515.555	-19623.105	0.0	0.0	0.0	0.0	0.0	0.0	0.0	0.0	0.0	0.0	0.0	0.0	0.0	0.0	47.241379310344826	0.0	0.052673205	-0.06378157500000001	1.024594545	4.97476	-1.2971	-2.5636799999999997	3499759.0	1776545391.308024	0.0	1.0	-1.0	-1.0	-1.0	-1.0	-1.0	-1.0	-1.0	-1.0	0.0	opened-hand	Open	1	calibration_20260418_134934	marker
-73677.915	-36105.345	-109507.59	-19632.78	0.0	0.0	0.0	0.0	0.0	0.0	0.0	0.0	0.0	0.0	0.0	0.0	0.0	0.0	47.241379310344826	0.0	0.052673205	-0.06378157500000001	1.024594545	4.97476	-1.2971	-2.5636799999999997	3499760.0	1776545391.308045	0.0	1.0	-1.0	-1.0	-1.0	-1.0	-1.0	-1.0	-1.0	-1.0	0.0	opened-hand	Open	1	calibration_20260418_134934	marker
-73739.745	-36109.575	-109565.28	-19703.565	0.0	0.0	0.0	0.0	0.0	0.0	0.0	0.0	0.0	0.0	0.0	0.0	0.0	0.0	47.241379310344826	0.0	0.052673205	-0.06378157500000001	1.024594545	4.97476	-1.2971	-2.5636799999999997	3499761.0	1776545391.311967	0.0	1.0	-1.0	-1.0	-1.0	-1.0	-1.0	-1.0	-1.0	-1.0	0.0	opened-hand	Open	1	calibration_20260418_134934	marker
-73742.48999999999	-36108.854999999996	-109629.765	-19776.87	0.0	0.0	0.0	0.0	0.0	0.0	0.0	0.0	0.0	0.0	0.0	0.0	0.0	0.0	47.241379310344826	0.0	0.052673205	-0.06378157500000001	1.024594545	4.97476	-1.2971	-2.5636799999999997	3499762.0	1776545391.311973	0.0	1.0	-1.0	-1.0	-1.0	-1.0	-1.0	-1.0	-1.0	-1.0	0.0	opened-hand	Open	1	calibration_20260418_134934	marker
-73698.795	-36103.409999999996	-109628.595	-19766.114999999998	0.0	0.0	0.0	0.0	0.0	0.0	0.0	0.0	0.0	0.0	0.0	0.0	0.0	0.0	47.241379310344826	0.0	0.052673205	-0.06378157500000001	1.024594545	4.97476	-1.2971	-2.5636799999999997	3499763.0	1776545391.315996	0.0	1.0	-1.0	-1.0	-1.0	-1.0	-1.0	-1.0	-1.0	-1.0	0.0	opened-hand	Open	1	calibration_20260418_134934	marker
-73543.86	-36089.145	-109484.81999999999	-19597.635	0.0	0.0	0.0	0.0	0.0	0.0	0.0	0.0	0.0	0.0	0.0	0.0	0.0	0.0	47.241379310344826	0.0	0.052673205	-0.06378157500000001	1.024594545	4.97476	-1.2971	-2.5636799999999997	3499764.0	1776545391.316013	0.0	1.0	-1.0	-1.0	-1.0	-1.0	-1.0	-1.0	-1.0	-1.0	0.0	opened-hand	Open	1	calibration_20260418_134934	marker
-73490.535	-36083.159999999996	-109412.50499999999	-19505.385	0.0	0.0	0.0	0.0	0.0	0.0	0.0	0.0	0.0	0.0	0.0	0.0	0.0	0.0	47.241379310344826	0.0	0.056945655	-0.061035	1.0252048950000001	5.17314	-1.63282	-2.5942	3499765.0	1776545391.319929	0.0	1.0	-1.0	-1.0	-1.0	-1.0	-1.0	-1.0	-1.0	-1.0	0.0	opened-hand	Open	1	calibration_20260418_134934	marker
-73710.27	-36102.15	-109671.12	-19778.175	0.0	0.0	0.0	0.0	0.0	0.0	0.0	0.0	0.0	0.0	0.0	0.0	0.0	0.0	47.241379310344826	0.0	0.056945655	-0.061035	1.0252048950000001	5.17314	-1.63282	-2.5942	3499766.0	1776545391.319934	0.0	1.0	-1.0	-1.0	-1.0	-1.0	-1.0	-1.0	-1.0	-1.0	0.0	opened-hand	Open	1	calibration_20260418_134934	marker
-73759.815	-36109.53	-109719.18	-19850.715	0.0	0.0	0.0	0.0	0.0	0.0	0.0	0.0	0.0	0.0	0.0	0.0	0.0	0.0	47.241379310344826	0.0	0.056945655	-0.061035	1.0252048950000001	5.17314	-1.63282	-2.5942	3499767.0	1776545391.324011	0.0	1.0	-1.0	-1.0	-1.0	-1.0	-1.0	-1.0	-1.0	-1.0	0.0	opened-hand	Open	1	calibration_20260418_134934	marker
-73723.86	-36109.305	-109660.23	-19779.57	0.0	0.0	0.0	0.0	0.0	0.0	0.0	0.0	0.0	0.0	0.0	0.0	0.0	0.0	47.241379310344826	0.0	0.056945655	-0.061035	1.0252048950000001	5.17314	-1.63282	-2.5942	3499768.0	1776545391.324027	0.0	1.0	-1.0	-1.0	-1.0	-1.0	-1.0	-1.0	-1.0	-1.0	0.0	opened-hand	Open	1	calibration_20260418_134934	marker
-73613.925	-36099.36	-109548.495	-19669.41	0.0	0.0	0.0	0.0	0.0	0.0	0.0	0.0	0.0	0.0	0.0	0.0	0.0	0.0	47.241379310344826	0.0	0.056945655	-0.061035	1.0252048950000001	5.17314	-1.63282	-2.5942	3499769.0	1776545391.327831	0.0	1.0	-1.0	-1.0	-1.0	-1.0	-1.0	-1.0	-1.0	-1.0	0.0	opened-hand	Open	1	calibration_20260418_134934	marker
-73665.0	-36096.119999999995	-109564.245	-19682.82	0.0	0.0	0.0	0.0	0.0	0.0	0.0	0.0	0.0	0.0	0.0	0.0	0.0	0.0	47.241379310344826	0.0	0.056945655	-0.061035	1.0252048950000001	5.17314	-1.63282	-2.5942	3499770.0	1776545391.327835	0.0	1.0	-1.0	-1.0	-1.0	-1.0	-1.0	-1.0	-1.0	-1.0	0.0	opened-hand	Open	1	calibration_20260418_134934	marker
-73707.39	-36094.409999999996	-109602.9	-19728.405	0.0	0.0	0.0	0.0	0.0	0.0	0.0	0.0	0.0	0.0	0.0	0.0	0.0	0.0	47.241379310344826	0.0	0.056945655	-0.061035	1.0252048950000001	5.17314	-1.63282	-2.5942	3499771.0	1776545391.33208	0.0	1.0	-1.0	-1.0	-1.0	-1.0	-1.0	-1.0	-1.0	-1.0	0.0	opened-hand	Open	1	calibration_20260418_134934	marker
-73705.275	-36089.549999999996	-109611.26999999999	-19732.005	0.0	0.0	0.0	0.0	0.0	0.0	0.0	0.0	0.0	0.0	0.0	0.0	0.0	0.0	47.241379310344826	0.0	0.056945655	-0.061035	1.0252048950000001	5.17314	-1.63282	-2.5942	3499772.0	1776545391.332096	0.0	1.0	-1.0	-1.0	-1.0	-1.0	-1.0	-1.0	-1.0	-1.0	0.0	opened-hand	Open	1	calibration_20260418_134934	marker
-73683.18	-36086.22	-109589.89499999999	-19705.14	0.0	0.0	0.0	0.0	0.0	0.0	0.0	0.0	0.0	0.0	0.0	0.0	0.0	0.0	47.241379310344826	0.0	0.056945655	-0.061035	1.0252048950000001	5.17314	-1.63282	-2.5942	3499773.0	1776545391.335999	0.0	1.0	-1.0	-1.0	-1.0	-1.0	-1.0	-1.0	-1.0	-1.0	0.0	opened-hand	Open	1	calibration_20260418_134934	marker
-73709.055	-36090.99	-109601.64	-19723.184999999998	0.0	0.0	0.0	0.0	0.0	0.0	0.0	0.0	0.0	0.0	0.0	0.0	0.0	0.0	47.241379310344826	0.0	0.056945655	-0.061035	1.0252048950000001	5.17314	-1.63282	-2.5942	3499774.0	1776545391.336003	0.0	1.0	-1.0	-1.0	-1.0	-1.0	-1.0	-1.0	-1.0	-1.0	0.0	opened-hand	Open	1	calibration_20260418_134934	marker
-73711.8	-36094.005	-109577.655	-19718.64	0.0	0.0	0.0	0.0	0.0	0.0	0.0	0.0	0.0	0.0	0.0	0.0	0.0	0.0	47.241379310344826	0.0	0.05993637	-0.053039415	1.01989485	4.36436	-1.38866	-2.0295799999999997	3499775.0	1776545391.341351	0.0	1.0	-1.0	-1.0	-1.0	-1.0	-1.0	-1.0	-1.0	-1.0	0.0	opened-hand	Open	1	calibration_20260418_134934	marker
-73674.62999999999	-36095.805	-109580.89499999999	-19704.87	0.0	0.0	0.0	0.0	0.0	0.0	0.0	0.0	0.0	0.0	0.0	0.0	0.0	0.0	47.241379310344826	0.0	0.05993637	-0.053039415	1.01989485	4.36436	-1.38866	-2.0295799999999997	3499776.0	1776545391.341368	0.0	1.0	-1.0	-1.0	-1.0	-1.0	-1.0	-1.0	-1.0	-1.0	0.0	opened-hand	Open	1	calibration_20260418_134934	marker
-73629.36	-36094.994999999995	-109576.44	-19679.985	0.0	0.0	0.0	0.0	0.0	0.0	0.0	0.0	0.0	0.0	0.0	0.0	0.0	0.0	47.241379310344826	0.0	0.05993637	-0.053039415	1.01989485	4.36436	-1.38866	-2.0295799999999997	3499777.0	1776545391.344952	0.0	1.0	-1.0	-1.0	-1.0	-1.0	-1.0	-1.0	-1.0	-1.0	0.0	opened-hand	Open	1	calibration_20260418_134934	marker
-73627.92	-36093.869999999995	-109560.06	-19657.395	0.0	0.0	0.0	0.0	0.0	0.0	0.0	0.0	0.0	0.0	0.0	0.0	0.0	0.0	47.241379310344826	0.0	0.05993637	-0.053039415	1.01989485	4.36436	-1.38866	-2.0295799999999997	3499778.0	1776545391.344957	0.0	1.0	-1.0	-1.0	-1.0	-1.0	-1.0	-1.0	-1.0	-1.0	0.0	opened-hand	Open	1	calibration_20260418_134934	marker
-73657.215	-36093.555	-109570.00499999999	-19669.184999999998	0.0	0.0	0.0	0.0	0.0	0.0	0.0	0.0	0.0	0.0	0.0	0.0	0.0	0.0	47.241379310344826	0.0	0.05993637	-0.053039415	1.01989485	4.36436	-1.38866	-2.0295799999999997	3499779.0	1776545391.35118	0.0	1.0	-1.0	-1.0	-1.0	-1.0	-1.0	-1.0	-1.0	-1.0	0.0	opened-hand	Open	1	calibration_20260418_134934	marker
-73636.29	-36088.965	-109572.39	-19692.54	0.0	0.0	0.0	0.0	0.0	0.0	0.0	0.0	0.0	0.0	0.0	0.0	0.0	0.0	47.241379310344826	0.0	0.05993637	-0.053039415	1.01989485	4.36436	-1.38866	-2.0295799999999997	3499780.0	1776545391.351184	0.0	1.0	-1.0	-1.0	-1.0	-1.0	-1.0	-1.0	-1.0	-1.0	0.0	opened-hand	Open	1	calibration_20260418_134934	marker
-73596.015	-36079.02	-109539.26999999999	-19658.34	0.0	0.0	0.0	0.0	0.0	0.0	0.0	0.0	0.0	0.0	0.0	0.0	0.0	0.0	47.241379310344826	0.0	0.05993637	-0.053039415	1.01989485	4.36436	-1.38866	-2.0295799999999997	3499781.0	1776545391.354216	0.0	1.0	-1.0	-1.0	-1.0	-1.0	-1.0	-1.0	-1.0	-1.0	0.0	opened-hand	Open	1	calibration_20260418_134934	marker
-73667.52	-36082.53	-109602.045	-19733.715	0.0	0.0	0.0	0.0	0.0	0.0	0.0	0.0	0.0	0.0	0.0	0.0	0.0	0.0	47.241379310344826	0.0	0.05993637	-0.053039415	1.01989485	4.36436	-1.38866	-2.0295799999999997	3499782.0	1776545391.354222	0.0	1.0	-1.0	-1.0	-1.0	-1.0	-1.0	-1.0	-1.0	-1.0	0.0	opened-hand	Open	1	calibration_20260418_134934	marker
-73695.78	-36085.005	-109576.89	-19712.88	0.0	0.0	0.0	0.0	0.0	0.0	0.0	0.0	0.0	0.0	0.0	0.0	0.0	0.0	47.241379310344826	0.0	0.05993637	-0.053039415	1.01989485	4.36436	-1.38866	-2.0295799999999997	3499783.0	1776545391.355966	0.0	1.0	-1.0	-1.0	-1.0	-1.0	-1.0	-1.0	-1.0	-1.0	0.0	opened-hand	Open	1	calibration_20260418_134934	marker
-73594.485	-36079.244999999995	-109424.43	-19563.57	0.0	0.0	0.0	0.0	0.0	0.0	0.0	0.0	0.0	0.0	0.0	0.0	0.0	0.0	47.241379310344826	0.0	0.05993637	-0.053039415	1.01989485	4.36436	-1.38866	-2.0295799999999997	3499784.0	1776545391.355994	0.0	1.0	-1.0	-1.0	-1.0	-1.0	-1.0	-1.0	-1.0	-1.0	0.0	opened-hand	Open	1	calibration_20260418_134934	marker
-73601.415	-36081.99	-109505.79	-19622.34	0.0	0.0	0.0	0.0	0.0	0.0	0.0	0.0	0.0	0.0	0.0	0.0	0.0	0.0	47.241379310344826	0.0	0.057556005	-0.04602039	1.015805505	3.18934	-1.0834599999999999	-1.7396399999999999	3499785.0	1776545391.360017	0.0	1.0	-1.0	-1.0	-1.0	-1.0	-1.0	-1.0	-1.0	-1.0	0.0	opened-hand	Open	1	calibration_20260418_134934	marker
-73699.47	-36087.435	-109676.61	-19774.53	0.0	0.0	0.0	0.0	0.0	0.0	0.0	0.0	0.0	0.0	0.0	0.0	0.0	0.0	47.241379310344826	0.0	0.057556005	-0.04602039	1.015805505	3.18934	-1.0834599999999999	-1.7396399999999999	3499786.0	1776545391.360049	0.0	1.0	-1.0	-1.0	-1.0	-1.0	-1.0	-1.0	-1.0	-1.0	0.0	opened-hand	Open	1	calibration_20260418_134934	marker
-73729.17	-36088.695	-109703.51999999999	-19802.25	0.0	0.0	0.0	0.0	0.0	0.0	0.0	0.0	0.0	0.0	0.0	0.0	0.0	0.0	47.241379310344826	0.0	0.057556005	-0.04602039	1.015805505	3.18934	-1.0834599999999999	-1.7396399999999999	3499787.0	1776545391.364054	0.0	1.0	-1.0	-1.0	-1.0	-1.0	-1.0	-1.0	-1.0	-1.0	0.0	opened-hand	Open	1	calibration_20260418_134934	marker
-73682.415	-36082.53	-109608.61499999999	-19725.795	0.0	0.0	0.0	0.0	0.0	0.0	0.0	0.0	0.0	0.0	0.0	0.0	0.0	0.0	47.241379310344826	0.0	0.057556005	-0.04602039	1.015805505	3.18934	-1.0834599999999999	-1.7396399999999999	3499788.0	1776545391.364073	0.0	1.0	-1.0	-1.0	-1.0	-1.0	-1.0	-1.0	-1.0	-1.0	0.0	opened-hand	Open	1	calibration_20260418_134934	marker
-73589.04	-36071.28	-109489.5	-19614.87	0.0	0.0	0.0	0.0	0.0	0.0	0.0	0.0	0.0	0.0	0.0	0.0	0.0	0.0	47.241379310344826	0.0	0.057556005	-0.04602039	1.015805505	3.18934	-1.0834599999999999	-1.7396399999999999	3499789.0	1776545391.369333	0.0	1.0	-1.0	-1.0	-1.0	-1.0	-1.0	-1.0	-1.0	-1.0	0.0	opened-hand	Open	1	calibration_20260418_134934	marker
-73634.76	-36071.1	-109486.8	-19600.695	0.0	0.0	0.0	0.0	0.0	0.0	0.0	0.0	0.0	0.0	0.0	0.0	0.0	0.0	47.241379310344826	0.0	0.057556005	-0.04602039	1.015805505	3.18934	-1.0834599999999999	-1.7396399999999999	3499790.0	1776545391.36934	0.0	1.0	-1.0	-1.0	-1.0	-1.0	-1.0	-1.0	-1.0	-1.0	0.0	opened-hand	Open	1	calibration_20260418_134934	marker
-73694.52	-36079.064999999995	-109565.28	-19676.16	0.0	0.0	0.0	0.0	0.0	0.0	0.0	0.0	0.0	0.0	0.0	0.0	0.0	0.0	47.241379310344826	0.0	0.057556005	-0.04602039	1.015805505	3.18934	-1.0834599999999999	-1.7396399999999999	3499791.0	1776545391.372176	0.0	1.0	-1.0	-1.0	-1.0	-1.0	-1.0	-1.0	-1.0	-1.0	0.0	opened-hand	Open	1	calibration_20260418_134934	marker
-73622.16	-36078.75	-109525.23	-19640.565	0.0	0.0	0.0	0.0	0.0	0.0	0.0	0.0	0.0	0.0	0.0	0.0	0.0	0.0	47.241379310344826	0.0	0.057556005	-0.04602039	1.015805505	3.18934	-1.0834599999999999	-1.7396399999999999	3499792.0	1776545391.37222	0.0	1.0	-1.0	-1.0	-1.0	-1.0	-1.0	-1.0	-1.0	-1.0	0.0	opened-hand	Open	1	calibration_20260418_134934	marker
-73677.915	-36087.345	-109606.545	-19716.885	0.0	0.0	0.0	0.0	0.0	0.0	0.0	0.0	0.0	0.0	0.0	0.0	0.0	0.0	47.241379310344826	0.0	0.057556005	-0.04602039	1.015805505	3.18934	-1.0834599999999999	-1.7396399999999999	3499793.0	1776545391.375947	0.0	1.0	-1.0	-1.0	-1.0	-1.0	-1.0	-1.0	-1.0	-1.0	0.0	opened-hand	Open	1	calibration_20260418_134934	marker
-73765.17	-36089.505	-109702.845	-19815.48	0.0	0.0	0.0	0.0	0.0	0.0	0.0	0.0	0.0	0.0	0.0	0.0	0.0	0.0	47.241379310344826	0.0	0.057556005	-0.04602039	1.015805505	3.18934	-1.0834599999999999	-1.7396399999999999	3499794.0	1776545391.375955	0.0	1.0	-1.0	-1.0	-1.0	-1.0	-1.0	-1.0	-1.0	-1.0	0.0	opened-hand	Open	1	calibration_20260418_134934	marker
-73729.485	-36080.28	-109626.25499999999	-19748.565	0.0	0.0	0.0	0.0	0.0	0.0	0.0	0.0	0.0	0.0	0.0	0.0	0.0	0.0	47.241379310344826	0.0	0.05639634	-0.039977925	1.01391342	2.6857599999999997	-0.59514	-1.2207999999999999	3499795.0	1776545391.381111	0.0	1.0	-1.0	-1.0	-1.0	-1.0	-1.0	-1.0	-1.0	-1.0	0.0	opened-hand	Open	1	calibration_20260418_134934	marker
-73686.915	-36076.229999999996	-109596.33	-19719.495	0.0	0.0	0.0	0.0	0.0	0.0	0.0	0.0	0.0	0.0	0.0	0.0	0.0	0.0	47.241379310344826	0.0	0.05639634	-0.039977925	1.01391342	2.6857599999999997	-0.59514	-1.2207999999999999	3499796.0	1776545391.381119	0.0	1.0	-1.0	-1.0	-1.0	-1.0	-1.0	-1.0	-1.0	-1.0	0.0	opened-hand	Open	1	calibration_20260418_134934	marker
-73686.23999999999	-36074.61	-109579.635	-19687.5	0.0	0.0	0.0	0.0	0.0	0.0	0.0	0.0	0.0	0.0	0.0	0.0	0.0	0.0	47.241379310344826	0.0	0.05639634	-0.039977925	1.01391342	2.6857599999999997	-0.59514	-1.2207999999999999	3499797.0	1776545391.384134	0.0	1.0	-1.0	-1.0	-1.0	-1.0	-1.0	-1.0	-1.0	-1.0	0.0	opened-hand	Open	1	calibration_20260418_134934	marker
-73693.8	-36074.159999999996	-109590.03	-19700.594999999998	0.0	0.0	0.0	0.0	0.0	0.0	0.0	0.0	0.0	0.0	0.0	0.0	0.0	0.0	47.241379310344826	0.0	0.05639634	-0.039977925	1.01391342	2.6857599999999997	-0.59514	-1.2207999999999999	3499798.0	1776545391.384162	0.0	1.0	-1.0	-1.0	-1.0	-1.0	-1.0	-1.0	-1.0	-1.0	0.0	opened-hand	Open	1	calibration_20260418_134934	marker
-73609.92	-36073.395	-109536.795	-19657.17	0.0	0.0	0.0	0.0	0.0	0.0	0.0	0.0	0.0	0.0	0.0	0.0	0.0	0.0	47.241379310344826	0.0	0.05639634	-0.039977925	1.01391342	2.6857599999999997	-0.59514	-1.2207999999999999	3499799.0	1776545391.388183	0.0	1.0	-1.0	-1.0	-1.0	-1.0	-1.0	-1.0	-1.0	-1.0	0.0	opened-hand	Open	1	calibration_20260418_134934	marker
-73584.54	-36078.299999999996	-109497.915	-19628.505	0.0	0.0	0.0	0.0	0.0	0.0	0.0	0.0	0.0	0.0	0.0	0.0	0.0	0.0	47.241379310344826	0.0	0.05639634	-0.039977925	1.01391342	2.6857599999999997	-0.59514	-1.2207999999999999	3499800.0	1776545391.388203	0.0	1.0	-1.0	-1.0	-1.0	-1.0	-1.0	-1.0	-1.0	-1.0	0.0	opened-hand	Open	1	calibration_20260418_134934	marker
-73634.08499999999	-36086.805	-109514.83499999999	-19647.945	0.0	0.0	0.0	0.0	0.0	0.0	0.0	0.0	0.0	0.0	0.0	0.0	0.0	0.0	47.241379310344826	0.0	0.05639634	-0.039977925	1.01391342	2.6857599999999997	-0.59514	-1.2207999999999999	3499801.0	1776545391.392026	0.0	1.0	-1.0	-1.0	-1.0	-1.0	-1.0	-1.0	-1.0	-1.0	0.0	opened-hand	Open	1	calibration_20260418_134934	marker
-73673.28	-36090.494999999995	-109574.81999999999	-19697.219999999998	0.0	0.0	0.0	0.0	0.0	0.0	0.0	0.0	0.0	0.0	0.0	0.0	0.0	0.0	47.241379310344826	0.0	0.05639634	-0.039977925	1.01391342	2.6857599999999997	-0.59514	-1.2207999999999999	3499802.0	1776545391.392032	0.0	1.0	-1.0	-1.0	-1.0	-1.0	-1.0	-1.0	-1.0	-1.0	0.0	opened-hand	Open	1	calibration_20260418_134934	marker
-73594.75499999999	-36082.395	-109492.065	-19584.54	0.0	0.0	0.0	0.0	0.0	0.0	0.0	0.0	0.0	0.0	0.0	0.0	0.0	0.0	47.241379310344826	0.0	0.05639634	-0.039977925	1.01391342	2.6857599999999997	-0.59514	-1.2207999999999999	3499803.0	1776545391.396109	0.0	1.0	-1.0	-1.0	-1.0	-1.0	-1.0	-1.0	-1.0	-1.0	0.0	opened-hand	Open	1	calibration_20260418_134934	marker
-73574.64	-36074.25	-109442.295	-19553.489999999998	0.0	0.0	0.0	0.0	0.0	0.0	0.0	0.0	0.0	0.0	0.0	0.0	0.0	0.0	47.241379310344826	0.0	0.05639634	-0.039977925	1.01391342	2.6857599999999997	-0.59514	-1.2207999999999999	3499804.0	1776545391.396152	0.0	1.0	-1.0	-1.0	-1.0	-1.0	-1.0	-1.0	-1.0	-1.0	0.0	opened-hand	Open	1	calibration_20260418_134934	marker
-73761.03	-36085.275	-109714.14	-19816.875	0.0	0.0	0.0	0.0	0.0	0.0	0.0	0.0	0.0	0.0	0.0	0.0	0.0	0.0	47.241379310344826	0.0	0.061706385	-0.038879295	1.00939683	3.40298	0.09156	-0.30519999999999997	3499805.0	1776545391.400712	0.0	1.0	-1.0	-1.0	-1.0	-1.0	-1.0	-1.0	-1.0	-1.0	0.0	opened-hand	Open	1	calibration_20260418_134934	marker
-73677.95999999999	-36078.84	-109660.905	-19765.035	0.0	0.0	0.0	0.0	0.0	0.0	0.0	0.0	0.0	0.0	0.0	0.0	0.0	0.0	47.241379310344826	0.0	0.061706385	-0.038879295	1.00939683	3.40298	0.09156	-0.30519999999999997	3499806.0	1776545391.400718	0.0	1.0	-1.0	-1.0	-1.0	-1.0	-1.0	-1.0	-1.0	-1.0	0.0	opened-hand	Open	1	calibration_20260418_134934	marker
-73629.045	-36071.505	-109523.06999999999	-19644.48	0.0	0.0	0.0	0.0	0.0	0.0	0.0	0.0	0.0	0.0	0.0	0.0	0.0	0.0	47.241379310344826	0.0	0.061706385	-0.038879295	1.00939683	3.40298	0.09156	-0.30519999999999997	3499807.0	1776545391.404867	0.0	1.0	-1.0	-1.0	-1.0	-1.0	-1.0	-1.0	-1.0	-1.0	0.0	opened-hand	Open	1	calibration_20260418_134934	marker
-73554.12	-36066.78	-109436.89499999999	-19579.725	0.0	0.0	0.0	0.0	0.0	0.0	0.0	0.0	0.0	0.0	0.0	0.0	0.0	0.0	47.241379310344826	0.0	0.061706385	-0.038879295	1.00939683	3.40298	0.09156	-0.30519999999999997	3499808.0	1776545391.40489	0.0	1.0	-1.0	-1.0	-1.0	-1.0	-1.0	-1.0	-1.0	-1.0	0.0	opened-hand	Open	1	calibration_20260418_134934	marker
-73638.18	-36075.689999999995	-109520.73	-19668.195	0.0	0.0	0.0	0.0	0.0	0.0	0.0	0.0	0.0	0.0	0.0	0.0	0.0	0.0	47.241379310344826	0.0	0.061706385	-0.038879295	1.00939683	3.40298	0.09156	-0.30519999999999997	3499809.0	1776545391.408561	0.0	1.0	-1.0	-1.0	-1.0	-1.0	-1.0	-1.0	-1.0	-1.0	0.0	opened-hand	Open	1	calibration_20260418_134934	marker
-73772.415	-36087.119999999995	-109708.065	-19838.79	0.0	0.0	0.0	0.0	0.0	0.0	0.0	0.0	0.0	0.0	0.0	0.0	0.0	0.0	47.241379310344826	0.0	0.061706385	-0.038879295	1.00939683	3.40298	0.09156	-0.30519999999999997	3499810.0	1776545391.408596	0.0	1.0	-1.0	-1.0	-1.0	-1.0	-1.0	-1.0	-1.0	-1.0	0.0	opened-hand	Open	1	calibration_20260418_134934	marker
-73720.98	-36083.43	-109668.87	-19769.67	0.0	0.0	0.0	0.0	0.0	0.0	0.0	0.0	0.0	0.0	0.0	0.0	0.0	0.0	47.241379310344826	0.0	0.061706385	-0.038879295	1.00939683	3.40298	0.09156	-0.30519999999999997	3499811.0	1776545391.412231	0.0	1.0	-1.0	-1.0	-1.0	-1.0	-1.0	-1.0	-1.0	-1.0	0.0	opened-hand	Open	1	calibration_20260418_134934	marker
-73693.34999999999	-36081.494999999995	-109574.86499999999	-19671.614999999998	0.0	0.0	0.0	0.0	0.0	0.0	0.0	0.0	0.0	0.0	0.0	0.0	0.0	0.0	47.241379310344826	0.0	0.061706385	-0.038879295	1.00939683	3.40298	0.09156	-0.30519999999999997	3499812.0	1776545391.412251	0.0	1.0	-1.0	-1.0	-1.0	-1.0	-1.0	-1.0	-1.0	-1.0	0.0	opened-hand	Open	1	calibration_20260418_134934	marker
-73622.97	-36075.555	-109502.45999999999	-19625.489999999998	0.0	0.0	0.0	0.0	0.0	0.0	0.0	0.0	0.0	0.0	0.0	0.0	0.0	0.0	47.241379310344826	0.0	0.061706385	-0.038879295	1.00939683	3.40298	0.09156	-0.30519999999999997	3499813.0	1776545391.420331	0.0	1.0	-1.0	-1.0	-1.0	-1.0	-1.0	-1.0	-1.0	-1.0	0.0	opened-hand	Open	1	calibration_20260418_134934	marker
-73605.51	-36073.034999999996	-109518.345	-19643.715	0.0	0.0	0.0	0.0	0.0	0.0	0.0	0.0	0.0	0.0	0.0	0.0	0.0	0.0	47.241379310344826	0.0	0.061706385	-0.038879295	1.00939683	3.40298	0.09156	-0.30519999999999997	3499814.0	1776545391.42038	0.0	1.0	-1.0	-1.0	-1.0	-1.0	-1.0	-1.0	-1.0	-1.0	0.0	opened-hand	Open	1	calibration_20260418_134934	marker
-73670.355	-36077.985	-109574.81999999999	-19693.98	0.0	0.0	0.0	0.0	0.0	0.0	0.0	0.0	0.0	0.0	0.0	0.0	0.0	0.0	47.241379310344826	0.0	0.06445296	-0.039733785	1.00597887	5.38678	1.3428799999999999	1.25132	3499815.0	1776545391.420414	0.0	1.0	-1.0	-1.0	-1.0	-1.0	-1.0	-1.0	-1.0	-1.0	0.0	opened-hand	Open	1	calibration_20260418_134934	marker
-73760.12999999999	-36094.545	-109717.33499999999	-19814.13	0.0	0.0	0.0	0.0	0.0	0.0	0.0	0.0	0.0	0.0	0.0	0.0	0.0	0.0	47.241379310344826	0.0	0.06445296	-0.039733785	1.00597887	5.38678	1.3428799999999999	1.25132	3499816.0	1776545391.420433	0.0	1.0	-1.0	-1.0	-1.0	-1.0	-1.0	-1.0	-1.0	-1.0	0.0	opened-hand	Open	1	calibration_20260418_134934	marker
-73706.08499999999	-36100.755	-109674.36	-19778.13	0.0	0.0	0.0	0.0	0.0	0.0	0.0	0.0	0.0	0.0	0.0	0.0	0.0	0.0	47.241379310344826	0.0	0.06445296	-0.039733785	1.00597887	5.38678	1.3428799999999999	1.25132	3499817.0	1776545391.427153	0.0	1.0	-1.0	-1.0	-1.0	-1.0	-1.0	-1.0	-1.0	-1.0	0.0	opened-hand	Open	1	calibration_20260418_134934	marker
-73707.75	-36106.155	-109630.305	-19736.82	0.0	0.0	0.0	0.0	0.0	0.0	0.0	0.0	0.0	0.0	0.0	0.0	0.0	0.0	47.241379310344826	0.0	0.06445296	-0.039733785	1.00597887	5.38678	1.3428799999999999	1.25132	3499818.0	1776545391.427166	0.0	1.0	-1.0	-1.0	-1.0	-1.0	-1.0	-1.0	-1.0	-1.0	0.0	opened-hand	Open	1	calibration_20260418_134934	marker
-73731.78	-36106.695	-109589.53499999999	-19690.695	0.0	0.0	0.0	0.0	0.0	0.0	0.0	0.0	0.0	0.0	0.0	0.0	0.0	0.0	47.241379310344826	0.0	0.06445296	-0.039733785	1.00597887	5.38678	1.3428799999999999	1.25132	3499819.0	1776545391.428332	0.0	1.0	-1.0	-1.0	-1.0	-1.0	-1.0	-1.0	-1.0	-1.0	0.0	opened-hand	Open	1	calibration_20260418_134934	marker
-73693.44	-36101.159999999996	-109541.97	-19646.594999999998	0.0	0.0	0.0	0.0	0.0	0.0	0.0	0.0	0.0	0.0	0.0	0.0	0.0	0.0	47.241379310344826	0.0	0.06445296	-0.039733785	1.00597887	5.38678	1.3428799999999999	1.25132	3499820.0	1776545391.428348	0.0	1.0	-1.0	-1.0	-1.0	-1.0	-1.0	-1.0	-1.0	-1.0	0.0	opened-hand	Open	1	calibration_20260418_134934	marker
-73633.185	-36092.97	-109515.19499999999	-19638.045	0.0	0.0	0.0	0.0	0.0	0.0	0.0	0.0	0.0	0.0	0.0	0.0	0.0	0.0	47.241379310344826	0.0	0.06445296	-0.039733785	1.00597887	5.38678	1.3428799999999999	1.25132	3499821.0	1776545391.432169	0.0	1.0	-1.0	-1.0	-1.0	-1.0	-1.0	-1.0	-1.0	-1.0	0.0	opened-hand	Open	1	calibration_20260418_134934	marker
-73585.08	-36082.439999999995	-109517.805	-19646.415	0.0	0.0	0.0	0.0	0.0	0.0	0.0	0.0	0.0	0.0	0.0	0.0	0.0	0.0	47.241379310344826	0.0	0.06445296	-0.039733785	1.00597887	5.38678	1.3428799999999999	1.25132	3499822.0	1776545391.432173	0.0	1.0	-1.0	-1.0	-1.0	-1.0	-1.0	-1.0	-1.0	-1.0	0.0	opened-hand	Open	1	calibration_20260418_134934	marker
-73619.595	-36079.424999999996	-109557.495	-19669.995	0.0	0.0	0.0	0.0	0.0	0.0	0.0	0.0	0.0	0.0	0.0	0.0	0.0	0.0	47.241379310344826	0.0	0.06445296	-0.039733785	1.00597887	5.38678	1.3428799999999999	1.25132	3499823.0	1776545391.436139	0.0	1.0	-1.0	-1.0	-1.0	-1.0	-1.0	-1.0	-1.0	-1.0	0.0	opened-hand	Open	1	calibration_20260418_134934	marker
-73635.84	-36081.72	-109574.325	-19685.52	0.0	0.0	0.0	0.0	0.0	0.0	0.0	0.0	0.0	0.0	0.0	0.0	0.0	0.0	47.241379310344826	0.0	0.06445296	-0.039733785	1.00597887	5.38678	1.3428799999999999	1.25132	3499824.0	1776545391.436144	0.0	1.0	-1.0	-1.0	-1.0	-1.0	-1.0	-1.0	-1.0	-1.0	0.0	opened-hand	Open	1	calibration_20260418_134934	marker
-73681.515	-36086.31	-109608.705	-19716.75	0.0	0.0	0.0	0.0	0.0	0.0	0.0	0.0	0.0	0.0	0.0	0.0	0.0	0.0	47.241379310344826	0.0	0.063171225	-0.038391015	1.00719957	6.21082	1.9838	1.6633399999999998	3499825.0	1776545391.444151	0.0	1.0	-1.0	-1.0	-1.0	-1.0	-1.0	-1.0	-1.0	-1.0	0.0	opened-hand	Open	1	calibration_20260418_134934	marker
-73677.645	-36088.604999999996	-109611.72	-19721.34	0.0	0.0	0.0	0.0	0.0	0.0	0.0	0.0	0.0	0.0	0.0	0.0	0.0	0.0	47.241379310344826	0.0	0.063171225	-0.038391015	1.00719957	6.21082	1.9838	1.6633399999999998	3499826.0	1776545391.444196	0.0	1.0	-1.0	-1.0	-1.0	-1.0	-1.0	-1.0	-1.0	-1.0	0.0	opened-hand	Open	1	calibration_20260418_134934	marker
-73554.345	-36081.045	-109502.14499999999	-19629.899999999998	0.0	0.0	0.0	0.0	0.0	0.0	0.0	0.0	0.0	0.0	0.0	0.0	0.0	0.0	47.241379310344826	0.0	0.063171225	-0.038391015	1.00719957	6.21082	1.9838	1.6633399999999998	3499827.0	1776545391.44694	0.0	1.0	-1.0	-1.0	-1.0	-1.0	-1.0	-1.0	-1.0	-1.0	0.0	opened-hand	Open	1	calibration_20260418_134934	marker
-73548.94499999999	-36071.46	-109448.73	-19596.239999999998	0.0	0.0	0.0	0.0	0.0	0.0	0.0	0.0	0.0	0.0	0.0	0.0	0.0	0.0	47.241379310344826	0.0	0.063171225	-0.038391015	1.00719957	6.21082	1.9838	1.6633399999999998	3499828.0	1776545391.446959	0.0	1.0	-1.0	-1.0	-1.0	-1.0	-1.0	-1.0	-1.0	-1.0	0.0	opened-hand	Open	1	calibration_20260418_134934	marker
-73724.48999999999	-36076.14	-109607.31	-19747.17	0.0	0.0	0.0	0.0	0.0	0.0	0.0	0.0	0.0	0.0	0.0	0.0	0.0	0.0	47.241379310344826	0.0	0.063171225	-0.038391015	1.00719957	6.21082	1.9838	1.6633399999999998	3499829.0	1776545391.449985	0.0	1.0	-1.0	-1.0	-1.0	-1.0	-1.0	-1.0	-1.0	-1.0	0.0	opened-hand	Open	1	calibration_20260418_134934	marker
-73675.17	-36069.21	-109604.43	-19721.07	0.0	0.0	0.0	0.0	0.0	0.0	0.0	0.0	0.0	0.0	0.0	0.0	0.0	0.0	47.241379310344826	0.0	0.063171225	-0.038391015	1.00719957	6.21082	1.9838	1.6633399999999998	3499830.0	1776545391.450014	0.0	1.0	-1.0	-1.0	-1.0	-1.0	-1.0	-1.0	-1.0	-1.0	0.0	opened-hand	Open	1	calibration_20260418_134934	marker
-73638.72	-36063.9	-109540.98	-19645.739999999998	0.0	0.0	0.0	0.0	0.0	0.0	0.0	0.0	0.0	0.0	0.0	0.0	0.0	0.0	47.241379310344826	0.0	0.063171225	-0.038391015	1.00719957	6.21082	1.9838	1.6633399999999998	3499831.0	1776545391.453016	0.0	1.0	-1.0	-1.0	-1.0	-1.0	-1.0	-1.0	-1.0	-1.0	0.0	opened-hand	Open	1	calibration_20260418_134934	marker
-73695.78	-36069.615	-109585.98	-19689.255	0.0	0.0	0.0	0.0	0.0	0.0	0.0	0.0	0.0	0.0	0.0	0.0	0.0	0.0	47.241379310344826	0.0	0.063171225	-0.038391015	1.00719957	6.21082	1.9838	1.6633399999999998	3499832.0	1776545391.453035	0.0	1.0	-1.0	-1.0	-1.0	-1.0	-1.0	-1.0	-1.0	-1.0	0.0	opened-hand	Open	1	calibration_20260418_134934	marker
-73696.905	-36073.845	-109617.97499999999	-19730.204999999998	0.0	0.0	0.0	0.0	0.0	0.0	0.0	0.0	0.0	0.0	0.0	0.0	0.0	0.0	47.241379310344826	0.0	0.063171225	-0.038391015	1.00719957	6.21082	1.9838	1.6633399999999998	3499833.0	1776545391.456343	0.0	1.0	-1.0	-1.0	-1.0	-1.0	-1.0	-1.0	-1.0	-1.0	0.0	opened-hand	Open	1	calibration_20260418_134934	marker
-73681.155	-36073.935	-109570.59	-19681.02	0.0	0.0	0.0	0.0	0.0	0.0	0.0	0.0	0.0	0.0	0.0	0.0	0.0	0.0	47.241379310344826	0.0	0.063171225	-0.038391015	1.00719957	6.21082	1.9838	1.6633399999999998	3499834.0	1776545391.456375	0.0	1.0	-1.0	-1.0	-1.0	-1.0	-1.0	-1.0	-1.0	-1.0	0.0	opened-hand	Open	1	calibration_20260418_134934	marker
-73650.555	-36070.92	-109555.11	-19680.48	0.0	0.0	0.0	0.0	0.0	0.0	0.0	0.0	0.0	0.0	0.0	0.0	0.0	0.0	47.37931034482761	0.0	0.06079086	-0.03625479	1.00878648	4.91372	2.5942	2.35004	3499835.0	1776545391.460238	0.0	1.0	-1.0	-1.0	-1.0	-1.0	-1.0	-1.0	-1.0	-1.0	0.0	opened-hand	Open	1	calibration_20260418_134934	marker
-73601.055	-36071.369999999995	-109500.3	-19634.13	0.0	0.0	0.0	0.0	0.0	0.0	0.0	0.0	0.0	0.0	0.0	0.0	0.0	0.0	47.37931034482761	0.0	0.06079086	-0.03625479	1.00878648	4.91372	2.5942	2.35004	3499836.0	1776545391.460259	0.0	1.0	-1.0	-1.0	-1.0	-1.0	-1.0	-1.0	-1.0	-1.0	0.0	opened-hand	Open	1	calibration_20260418_134934	marker
-73738.53	-36081.9	-109646.055	-19754.864999999998	0.0	0.0	0.0	0.0	0.0	0.0	0.0	0.0	0.0	0.0	0.0	0.0	0.0	0.0	47.37931034482761	0.0	0.06079086	-0.03625479	1.00878648	4.91372	2.5942	2.35004	3499837.0	1776545391.464663	0.0	1.0	-1.0	-1.0	-1.0	-1.0	-1.0	-1.0	-1.0	-1.0	0.0	opened-hand	Open	1	calibration_20260418_134934	marker
-73716.39	-36083.52	-109675.8	-19776.78	0.0	0.0	0.0	0.0	0.0	0.0	0.0	0.0	0.0	0.0	0.0	0.0	0.0	0.0	47.37931034482761	0.0	0.06079086	-0.03625479	1.00878648	4.91372	2.5942	2.35004	3499838.0	1776545391.464679	0.0	1.0	-1.0	-1.0	-1.0	-1.0	-1.0	-1.0	-1.0	-1.0	0.0	opened-hand	Open	1	calibration_20260418_134934	marker
-73640.34	-36076.409999999996	-109579.095	-19685.295	0.0	0.0	0.0	0.0	0.0	0.0	0.0	0.0	0.0	0.0	0.0	0.0	0.0	0.0	47.37931034482761	0.0	0.06079086	-0.03625479	1.00878648	4.91372	2.5942	2.35004	3499839.0	1776545391.468231	0.0	1.0	-1.0	-1.0	-1.0	-1.0	-1.0	-1.0	-1.0	-1.0	0.0	opened-hand	Open	1	calibration_20260418_134934	marker
-73669.23	-36078.479999999996	-109570.00499999999	-19684.89	0.0	0.0	0.0	0.0	0.0	0.0	0.0	0.0	0.0	0.0	0.0	0.0	0.0	0.0	47.37931034482761	0.0	0.06079086	-0.03625479	1.00878648	4.91372	2.5942	2.35004	3499840.0	1776545391.468254	0.0	1.0	-1.0	-1.0	-1.0	-1.0	-1.0	-1.0	-1.0	-1.0	0.0	opened-hand	Open	1	calibration_20260418_134934	marker
-73639.75499999999	-36080.685	-109515.825	-19666.44	0.0	0.0	0.0	0.0	0.0	0.0	0.0	0.0	0.0	0.0	0.0	0.0	0.0	0.0	47.37931034482761	0.0	0.06079086	-0.03625479	1.00878648	4.91372	2.5942	2.35004	3499841.0	1776545391.472304	0.0	1.0	-1.0	-1.0	-1.0	-1.0	-1.0	-1.0	-1.0	-1.0	0.0	opened-hand	Open	1	calibration_20260418_134934	marker
-73666.53	-36084.195	-109519.73999999999	-19664.73	0.0	0.0	0.0	0.0	0.0	0.0	0.0	0.0	0.0	0.0	0.0	0.0	0.0	0.0	47.37931034482761	0.0	0.06079086	-0.03625479	1.00878648	4.91372	2.5942	2.35004	3499842.0	1776545391.472324	0.0	1.0	-1.0	-1.0	-1.0	-1.0	-1.0	-1.0	-1.0	-1.0	0.0	opened-hand	Open	1	calibration_20260418_134934	marker
-73650.645	-36088.38	-109553.08499999999	-19675.395	0.0	0.0	0.0	0.0	0.0	0.0	0.0	0.0	0.0	0.0	0.0	0.0	0.0	0.0	47.37931034482761	0.0	0.06079086	-0.03625479	1.00878648	4.91372	2.5942	2.35004	3499843.0	1776545391.476327	0.0	1.0	-1.0	-1.0	-1.0	-1.0	-1.0	-1.0	-1.0	-1.0	0.0	opened-hand	Open	1	calibration_20260418_134934	marker
-73613.97	-36090.18	-109545.795	-19638.899999999998	0.0	0.0	0.0	0.0	0.0	0.0	0.0	0.0	0.0	0.0	0.0	0.0	0.0	0.0	47.37931034482761	0.0	0.06079086	-0.03625479	1.00878648	4.91372	2.5942	2.35004	3499844.0	1776545391.476343	0.0	1.0	-1.0	-1.0	-1.0	-1.0	-1.0	-1.0	-1.0	-1.0	0.0	opened-hand	Open	1	calibration_20260418_134934	marker
-73554.61499999999	-36084.195	-109496.97	-19611.765	0.0	0.0	0.0	0.0	0.0	0.0	0.0	0.0	0.0	0.0	0.0	0.0	0.0	0.0	47.37931034482761	0.0	0.06018051	-0.037048245	1.012875825	4.10494	2.8994	2.77732	3499845.0	1776545391.480473	0.0	1.0	-1.0	-1.0	-1.0	-1.0	-1.0	-1.0	-1.0	-1.0	0.0	opened-hand	Open	1	calibration_20260418_134934	marker
-73618.605	-36085.59	-109538.19	-19636.29	0.0	0.0	0.0	0.0	0.0	0.0	0.0	0.0	0.0	0.0	0.0	0.0	0.0	0.0	47.37931034482761	0.0	0.06018051	-0.037048245	1.012875825	4.10494	2.8994	2.77732	3499846.0	1776545391.480498	0.0	1.0	-1.0	-1.0	-1.0	-1.0	-1.0	-1.0	-1.0	-1.0	0.0	opened-hand	Open	1	calibration_20260418_134934	marker
-73696.23	-36088.695	-109599.12	-19692.045	0.0	0.0	0.0	0.0	0.0	0.0	0.0	0.0	0.0	0.0	0.0	0.0	0.0	0.0	47.37931034482761	0.0	0.06018051	-0.037048245	1.012875825	4.10494	2.8994	2.77732	3499847.0	1776545391.48432	0.0	1.0	-1.0	-1.0	-1.0	-1.0	-1.0	-1.0	-1.0	-1.0	0.0	opened-hand	Open	1	calibration_20260418_134934	marker
-73708.515	-36091.89	-109658.565	-19757.79	0.0	0.0	0.0	0.0	0.0	0.0	0.0	0.0	0.0	0.0	0.0	0.0	0.0	0.0	47.37931034482761	0.0	0.06018051	-0.037048245	1.012875825	4.10494	2.8994	2.77732	3499848.0	1776545391.484353	0.0	1.0	-1.0	-1.0	-1.0	-1.0	-1.0	-1.0	-1.0	-1.0	0.0	opened-hand	Open	1	calibration_20260418_134934	marker
-73693.17	-36093.24	-109639.53	-19754.055	0.0	0.0	0.0	0.0	0.0	0.0	0.0	0.0	0.0	0.0	0.0	0.0	0.0	0.0	47.37931034482761	0.0	0.06018051	-0.037048245	1.012875825	4.10494	2.8994	2.77732	3499849.0	1776545391.488366	0.0	1.0	-1.0	-1.0	-1.0	-1.0	-1.0	-1.0	-1.0	-1.0	0.0	opened-hand	Open	1	calibration_20260418_134934	marker
-73665.94499999999	-36093.645	-109608.48	-19725.075	0.0	0.0	0.0	0.0	0.0	0.0	0.0	0.0	0.0	0.0	0.0	0.0	0.0	0.0	47.37931034482761	0.0	0.06018051	-0.037048245	1.012875825	4.10494	2.8994	2.77732	3499850.0	1776545391.488386	0.0	1.0	-1.0	-1.0	-1.0	-1.0	-1.0	-1.0	-1.0	-1.0	0.0	opened-hand	Open	1	calibration_20260418_134934	marker
-73642.00499999999	-36093.24	-109559.87999999999	-19675.395	0.0	0.0	0.0	0.0	0.0	0.0	0.0	0.0	0.0	0.0	0.0	0.0	0.0	0.0	47.37931034482761	0.0	0.06018051	-0.037048245	1.012875825	4.10494	2.8994	2.77732	3499851.0	1776545391.492323	0.0	1.0	-1.0	-1.0	-1.0	-1.0	-1.0	-1.0	-1.0	-1.0	0.0	opened-hand	Open	1	calibration_20260418_134934	marker
-73638.54	-36090.674999999996	-109527.885	-19642.364999999998	0.0	0.0	0.0	0.0	0.0	0.0	0.0	0.0	0.0	0.0	0.0	0.0	0.0	0.0	47.37931034482761	0.0	0.06018051	-0.037048245	1.012875825	4.10494	2.8994	2.77732	3499852.0	1776545391.492346	0.0	1.0	-1.0	-1.0	-1.0	-1.0	-1.0	-1.0	-1.0	-1.0	0.0	opened-hand	Open	1	calibration_20260418_134934	marker
-73659.285	-36089.055	-109561.185	-19671.12	0.0	0.0	0.0	0.0	0.0	0.0	0.0	0.0	0.0	0.0	0.0	0.0	0.0	0.0	47.37931034482761	0.0	0.06018051	-0.037048245	1.012875825	4.10494	2.8994	2.77732	3499853.0	1776545391.49643	0.0	1.0	-1.0	-1.0	-1.0	-1.0	-1.0	-1.0	-1.0	-1.0	0.0	opened-hand	Open	1	calibration_20260418_134934	marker
-73765.34999999999	-36090.045	-109697.94	-19804.815	0.0	0.0	0.0	0.0	0.0	0.0	0.0	0.0	0.0	0.0	0.0	0.0	0.0	0.0	47.37931034482761	0.0	0.06018051	-0.037048245	1.012875825	4.10494	2.8994	2.77732	3499854.0	1776545391.496469	0.0	1.0	-1.0	-1.0	-1.0	-1.0	-1.0	-1.0	-1.0	-1.0	0.0	opened-hand	Open	1	calibration_20260418_134934	marker
-73710.22499999999	-36081.045	-109642.00499999999	-19758.69	0.0	0.0	0.0	0.0	0.0	0.0	0.0	0.0	0.0	0.0	0.0	0.0	0.0	0.0	47.37931034482761	0.0	0.05920395	-0.042175185000000004	1.01379135	4.28806	2.8994	2.3042599999999998	3499855.0	1776545391.50041	0.0	1.0	-1.0	-1.0	-1.0	-1.0	-1.0	-1.0	-1.0	-1.0	0.0	opened-hand	Open	1	calibration_20260418_134934	marker
-73613.295	-36074.924999999996	-109566.26999999999	-19684.62	0.0	0.0	0.0	0.0	0.0	0.0	0.0	0.0	0.0	0.0	0.0	0.0	0.0	0.0	47.37931034482761	0.0	0.05920395	-0.042175185000000004	1.01379135	4.28806	2.8994	2.3042599999999998	3499856.0	1776545391.500431	0.0	1.0	-1.0	-1.0	-1.0	-1.0	-1.0	-1.0	-1.0	-1.0	0.0	opened-hand	Open	1	calibration_20260418_134934	marker
-73618.605	-36077.805	-109524.64499999999	-19638.315	0.0	0.0	0.0	0.0	0.0	0.0	0.0	0.0	0.0	0.0	0.0	0.0	0.0	0.0	47.37931034482761	0.0	0.05920395	-0.042175185000000004	1.01379135	4.28806	2.8994	2.3042599999999998	3499857.0	1776545391.504282	0.0	1.0	-1.0	-1.0	-1.0	-1.0	-1.0	-1.0	-1.0	-1.0	0.0	opened-hand	Open	1	calibration_20260418_134934	marker
-73605.015	-36078.795	-109504.17	-19616.085	0.0	0.0	0.0	0.0	0.0	0.0	0.0	0.0	0.0	0.0	0.0	0.0	0.0	0.0	47.37931034482761	0.0	0.05920395	-0.042175185000000004	1.01379135	4.28806	2.8994	2.3042599999999998	3499858.0	1776545391.504297	0.0	1.0	-1.0	-1.0	-1.0	-1.0	-1.0	-1.0	-1.0	-1.0	0.0	opened-hand	Open	1	calibration_20260418_134934	marker
-73543.995	-36077.13	-109445.715	-19561.815	0.0	0.0	0.0	0.0	0.0	0.0	0.0	0.0	0.0	0.0	0.0	0.0	0.0	0.0	47.37931034482761	0.0	0.05920395	-0.042175185000000004	1.01379135	4.28806	2.8994	2.3042599999999998	3499859.0	1776545391.508265	0.0	1.0	-1.0	-1.0	-1.0	-1.0	-1.0	-1.0	-1.0	-1.0	0.0	opened-hand	Open	1	calibration_20260418_134934	marker
-73556.145	-36079.515	-109465.965	-19576.89	0.0	0.0	0.0	0.0	0.0	0.0	0.0	0.0	0.0	0.0	0.0	0.0	0.0	0.0	47.37931034482761	0.0	0.05920395	-0.042175185000000004	1.01379135	4.28806	2.8994	2.3042599999999998	3499860.0	1776545391.508277	0.0	1.0	-1.0	-1.0	-1.0	-1.0	-1.0	-1.0	-1.0	-1.0	0.0	opened-hand	Open	1	calibration_20260418_134934	marker
-73711.62	-36089.01	-109671.61499999999	-19778.13	0.0	0.0	0.0	0.0	0.0	0.0	0.0	0.0	0.0	0.0	0.0	0.0	0.0	0.0	47.37931034482761	0.0	0.05920395	-0.042175185000000004	1.01379135	4.28806	2.8994	2.3042599999999998	3499861.0	1776545391.512399	0.0	1.0	-1.0	-1.0	-1.0	-1.0	-1.0	-1.0	-1.0	-1.0	0.0	opened-hand	Open	1	calibration_20260418_134934	marker
-73733.265	-36089.729999999996	-109711.575	-19818.09	0.0	0.0	0.0	0.0	0.0	0.0	0.0	0.0	0.0	0.0	0.0	0.0	0.0	0.0	47.37931034482761	0.0	0.05920395	-0.042175185000000004	1.01379135	4.28806	2.8994	2.3042599999999998	3499862.0	1776545391.512422	0.0	1.0	-1.0	-1.0	-1.0	-1.0	-1.0	-1.0	-1.0	-1.0	0.0	opened-hand	Open	1	calibration_20260418_134934	marker
-73676.87999999999	-36080.775	-109595.11499999999	-19722.329999999998	0.0	0.0	0.0	0.0	0.0	0.0	0.0	0.0	0.0	0.0	0.0	0.0	0.0	0.0	47.37931034482761	0.0	0.05920395	-0.042175185000000004	1.01379135	4.28806	2.8994	2.3042599999999998	3499863.0	1776545391.516525	0.0	1.0	-1.0	-1.0	-1.0	-1.0	-1.0	-1.0	-1.0	-1.0	0.0	opened-hand	Open	1	calibration_20260418_134934	marker
-73642.00499999999	-36080.729999999996	-109526.04	-19641.329999999998	0.0	0.0	0.0	0.0	0.0	0.0	0.0	0.0	0.0	0.0	0.0	0.0	0.0	0.0	47.37931034482761	0.0	0.05920395	-0.042175185000000004	1.01379135	4.28806	2.8994	2.3042599999999998	3499864.0	1776545391.516549	0.0	1.0	-1.0	-1.0	-1.0	-1.0	-1.0	-1.0	-1.0	-1.0	0.0	opened-hand	Open	1	calibration_20260418_134934	marker
-73549.98	-36075.42	-109436.12999999999	-19559.07	0.0	0.0	0.0	0.0	0.0	0.0	0.0	0.0	0.0	0.0	0.0	0.0	0.0	0.0	47.37931034482761	0.0	0.06079086	-0.046325565	1.01342514	3.2198599999999997	3.4640199999999997	2.12114	3499865.0	1776545391.52036	0.0	1.0	-1.0	-1.0	-1.0	-1.0	-1.0	-1.0	-1.0	-1.0	0.0	opened-hand	Open	1	calibration_20260418_134934	marker
-73617.48	-36082.125	-109526.12999999999	-19660.77	0.0	0.0	0.0	0.0	0.0	0.0	0.0	0.0	0.0	0.0	0.0	0.0	0.0	0.0	47.37931034482761	0.0	0.06079086	-0.046325565	1.01342514	3.2198599999999997	3.4640199999999997	2.12114	3499866.0	1776545391.520375	0.0	1.0	-1.0	-1.0	-1.0	-1.0	-1.0	-1.0	-1.0	-1.0	0.0	opened-hand	Open	1	calibration_20260418_134934	marker
-73675.62	-36093.825	-109627.605	-19751.625	0.0	0.0	0.0	0.0	0.0	0.0	0.0	0.0	0.0	0.0	0.0	0.0	0.0	0.0	47.37931034482761	0.0	0.06079086	-0.046325565	1.01342514	3.2198599999999997	3.4640199999999997	2.12114	3499867.0	1776545391.524385	0.0	1.0	-1.0	-1.0	-1.0	-1.0	-1.0	-1.0	-1.0	-1.0	0.0	opened-hand	Open	1	calibration_20260418_134934	marker
-73558.34999999999	-36087.255	-109474.965	-19601.415	0.0	0.0	0.0	0.0	0.0	0.0	0.0	0.0	0.0	0.0	0.0	0.0	0.0	0.0	47.37931034482761	0.0	0.06079086	-0.046325565	1.01342514	3.2198599999999997	3.4640199999999997	2.12114	3499868.0	1776545391.524439	0.0	1.0	-1.0	-1.0	-1.0	-1.0	-1.0	-1.0	-1.0	-1.0	0.0	opened-hand	Open	1	calibration_20260418_134934	marker
-73607.08499999999	-36088.2	-109528.965	-19612.8	0.0	0.0	0.0	0.0	0.0	0.0	0.0	0.0	0.0	0.0	0.0	0.0	0.0	0.0	47.37931034482761	0.0	0.06079086	-0.046325565	1.01342514	3.2198599999999997	3.4640199999999997	2.12114	3499869.0	1776545391.528491	0.0	1.0	-1.0	-1.0	-1.0	-1.0	-1.0	-1.0	-1.0	-1.0	0.0	opened-hand	Open	1	calibration_20260418_134934	marker
-73694.43	-36090.99	-109633.23	-19724.445	0.0	0.0	0.0	0.0	0.0	0.0	0.0	0.0	0.0	0.0	0.0	0.0	0.0	0.0	47.37931034482761	0.0	0.06079086	-0.046325565	1.01342514	3.2198599999999997	3.4640199999999997	2.12114	3499870.0	1776545391.528515	0.0	1.0	-1.0	-1.0	-1.0	-1.0	-1.0	-1.0	-1.0	-1.0	0.0	opened-hand	Open	1	calibration_20260418_134934	marker
-73702.17	-36089.369999999995	-109674.855	-19820.88	0.0	0.0	0.0	0.0	0.0	0.0	0.0	0.0	0.0	0.0	0.0	0.0	0.0	0.0	47.37931034482761	0.0	0.06079086	-0.046325565	1.01342514	3.2198599999999997	3.4640199999999997	2.12114	3499871.0	1776545391.532469	0.0	1.0	-1.0	-1.0	-1.0	-1.0	-1.0	-1.0	-1.0	-1.0	0.0	opened-hand	Open	1	calibration_20260418_134934	marker
-73753.83	-36087.21	-109652.265	-19815.434999999998	0.0	0.0	0.0	0.0	0.0	0.0	0.0	0.0	0.0	0.0	0.0	0.0	0.0	0.0	47.37931034482761	0.0	0.06079086	-0.046325565	1.01342514	3.2198599999999997	3.4640199999999997	2.12114	3499872.0	1776545391.532491	0.0	1.0	-1.0	-1.0	-1.0	-1.0	-1.0	-1.0	-1.0	-1.0	0.0	opened-hand	Open	1	calibration_20260418_134934	marker
-73772.595	-36087.435	-109659.555	-19820.565	0.0	0.0	0.0	0.0	0.0	0.0	0.0	0.0	0.0	0.0	0.0	0.0	0.0	0.0	47.37931034482761	0.0	0.06079086	-0.046325565	1.01342514	3.2198599999999997	3.4640199999999997	2.12114	3499873.0	1776545391.536331	0.0	1.0	-1.0	-1.0	-1.0	-1.0	-1.0	-1.0	-1.0	-1.0	0.0	opened-hand	Open	1	calibration_20260418_134934	marker
-73760.22	-36089.595	-109640.51999999999	-19755.495	0.0	0.0	0.0	0.0	0.0	0.0	0.0	0.0	0.0	0.0	0.0	0.0	0.0	0.0	47.37931034482761	0.0	0.06079086	-0.046325565	1.01342514	3.2198599999999997	3.4640199999999997	2.12114	3499874.0	1776545391.536343	0.0	1.0	-1.0	-1.0	-1.0	-1.0	-1.0	-1.0	-1.0	-1.0	0.0	opened-hand	Open	1	calibration_20260418_134934	marker
-73689.795	-36088.92	-109597.05	-19668.645	0.0	0.0	0.0	0.0	0.0	0.0	0.0	0.0	0.0	0.0	0.0	0.0	0.0	0.0	47.37931034482761	0.0	0.059997405000000004	-0.04919421	1.014828945	3.69292	3.55558	2.38056	3499875.0	1776545391.540496	0.0	1.0	-1.0	-1.0	-1.0	-1.0	-1.0	-1.0	-1.0	-1.0	0.0	opened-hand	Open	1	calibration_20260418_134934	marker
-73645.83	-36087.705	-109536.795	-19619.594999999998	0.0	0.0	0.0	0.0	0.0	0.0	0.0	0.0	0.0	0.0	0.0	0.0	0.0	0.0	47.37931034482761	0.0	0.059997405000000004	-0.04919421	1.014828945	3.69292	3.55558	2.38056	3499876.0	1776545391.540508	0.0	1.0	-1.0	-1.0	-1.0	-1.0	-1.0	-1.0	-1.0	-1.0	0.0	opened-hand	Open	1	calibration_20260418_134934	marker
-73668.645	-36088.875	-109579.36499999999	-19678.905	0.0	0.0	0.0	0.0	0.0	0.0	0.0	0.0	0.0	0.0	0.0	0.0	0.0	0.0	47.37931034482761	0.0	0.059997405000000004	-0.04919421	1.014828945	3.69292	3.55558	2.38056	3499877.0	1776545391.546452	0.0	1.0	-1.0	-1.0	-1.0	-1.0	-1.0	-1.0	-1.0	-1.0	0.0	opened-hand	Open	1	calibration_20260418_134934	marker
-73638.62999999999	-36084.51	-109604.51999999999	-19719.135	0.0	0.0	0.0	0.0	0.0	0.0	0.0	0.0	0.0	0.0	0.0	0.0	0.0	0.0	47.37931034482761	0.0	0.059997405000000004	-0.04919421	1.014828945	3.69292	3.55558	2.38056	3499878.0	1776545391.546471	0.0	1.0	-1.0	-1.0	-1.0	-1.0	-1.0	-1.0	-1.0	-1.0	0.0	opened-hand	Open	1	calibration_20260418_134934	marker
-73630.665	-36079.335	-109607.04	-19716.93	0.0	0.0	0.0	0.0	0.0	0.0	0.0	0.0	0.0	0.0	0.0	0.0	0.0	0.0	47.37931034482761	0.0	0.059997405000000004	-0.04919421	1.014828945	3.69292	3.55558	2.38056	3499879.0	1776545391.549277	0.0	1.0	-1.0	-1.0	-1.0	-1.0	-1.0	-1.0	-1.0	-1.0	0.0	opened-hand	Open	1	calibration_20260418_134934	marker
-73701.765	-36077.895	-109620.54	-19729.17	0.0	0.0	0.0	0.0	0.0	0.0	0.0	0.0	0.0	0.0	0.0	0.0	0.0	0.0	47.37931034482761	0.0	0.059997405000000004	-0.04919421	1.014828945	3.69292	3.55558	2.38056	3499880.0	1776545391.549296	0.0	1.0	-1.0	-1.0	-1.0	-1.0	-1.0	-1.0	-1.0	-1.0	0.0	opened-hand	Open	1	calibration_20260418_134934	marker
-73705.41	-36075.825	-109590.345	-19694.43	0.0	0.0	0.0	0.0	0.0	0.0	0.0	0.0	0.0	0.0	0.0	0.0	0.0	0.0	47.37931034482761	0.0	0.059997405000000004	-0.04919421	1.014828945	3.69292	3.55558	2.38056	3499881.0	1776545391.552444	0.0	1.0	-1.0	-1.0	-1.0	-1.0	-1.0	-1.0	-1.0	-1.0	0.0	opened-hand	Open	1	calibration_20260418_134934	marker
-73638.22499999999	-36075.915	-109555.245	-19663.965	0.0	0.0	0.0	0.0	0.0	0.0	0.0	0.0	0.0	0.0	0.0	0.0	0.0	0.0	47.37931034482761	0.0	0.059997405000000004	-0.04919421	1.014828945	3.69292	3.55558	2.38056	3499882.0	1776545391.552464	0.0	1.0	-1.0	-1.0	-1.0	-1.0	-1.0	-1.0	-1.0	-1.0	0.0	opened-hand	Open	1	calibration_20260418_134934	marker
-73638.765	-36079.604999999996	-109560.735	-19675.53	0.0	0.0	0.0	0.0	0.0	0.0	0.0	0.0	0.0	0.0	0.0	0.0	0.0	0.0	47.37931034482761	0.0	0.059997405000000004	-0.04919421	1.014828945	3.69292	3.55558	2.38056	3499883.0	1776545391.558676	0.0	1.0	-1.0	-1.0	-1.0	-1.0	-1.0	-1.0	-1.0	-1.0	0.0	opened-hand	Open	1	calibration_20260418_134934	marker
-73677.59999999999	-36088.604999999996	-109573.605	-19679.805	0.0	0.0	0.0	0.0	0.0	0.0	0.0	0.0	0.0	0.0	0.0	0.0	0.0	0.0	47.37931034482761	0.0	0.059997405000000004	-0.04919421	1.014828945	3.69292	3.55558	2.38056	3499884.0	1776545391.558695	0.0	1.0	-1.0	-1.0	-1.0	-1.0	-1.0	-1.0	-1.0	-1.0	0.0	opened-hand	Open	1	calibration_20260418_134934	marker
-73662.435	-36094.365	-109639.39499999999	-19737.63	0.0	0.0	0.0	0.0	0.0	0.0	0.0	0.0	0.0	0.0	0.0	0.0	0.0	0.0	47.37931034482761	0.0	0.05541978	-0.04833972	1.02148176	4.2270199999999996	3.41824	2.5636799999999997	3499885.0	1776545391.560484	0.0	1.0	-1.0	-1.0	-1.0	-1.0	-1.0	-1.0	-1.0	-1.0	0.0	opened-hand	Open	1	calibration_20260418_134934	marker
-73575.135	-36091.17	-109574.595	-19689.704999999998	0.0	0.0	0.0	0.0	0.0	0.0	0.0	0.0	0.0	0.0	0.0	0.0	0.0	0.0	47.37931034482761	0.0	0.05541978	-0.04833972	1.02148176	4.2270199999999996	3.41824	2.5636799999999997	3499886.0	1776545391.560513	0.0	1.0	-1.0	-1.0	-1.0	-1.0	-1.0	-1.0	-1.0	-1.0	0.0	opened-hand	Open	1	calibration_20260418_134934	marker
-73432.665	-36081.72	-109349.09999999999	-19483.92	0.0	0.0	0.0	0.0	0.0	0.0	0.0	0.0	0.0	0.0	0.0	0.0	0.0	0.0	47.37931034482761	0.0	0.05541978	-0.04833972	1.02148176	4.2270199999999996	3.41824	2.5636799999999997	3499887.0	1776545391.564655	0.0	1.0	-1.0	-1.0	-1.0	-1.0	-1.0	-1.0	-1.0	-1.0	0.0	opened-hand	Open	1	calibration_20260418_134934	marker
-73625.4	-36086.534999999996	-109496.79	-19604.88	0.0	0.0	0.0	0.0	0.0	0.0	0.0	0.0	0.0	0.0	0.0	0.0	0.0	0.0	47.37931034482761	0.0	0.05541978	-0.04833972	1.02148176	4.2270199999999996	3.41824	2.5636799999999997	3499888.0	1776545391.564709	0.0	1.0	-1.0	-1.0	-1.0	-1.0	-1.0	-1.0	-1.0	-1.0	0.0	opened-hand	Open	1	calibration_20260418_134934	marker
-73756.53	-36094.905	-109701.54	-19807.695	0.0	0.0	0.0	0.0	0.0	0.0	0.0	0.0	0.0	0.0	0.0	0.0	0.0	0.0	47.37931034482761	0.0	0.05541978	-0.04833972	1.02148176	4.2270199999999996	3.41824	2.5636799999999997	3499889.0	1776545391.568638	0.0	1.0	-1.0	-1.0	-1.0	-1.0	-1.0	-1.0	-1.0	-1.0	0.0	opened-hand	Open	1	calibration_20260418_134934	marker
-73706.94	-36090.99	-109652.89499999999	-19763.594999999998	0.0	0.0	0.0	0.0	0.0	0.0	0.0	0.0	0.0	0.0	0.0	0.0	0.0	0.0	47.37931034482761	0.0	0.05541978	-0.04833972	1.02148176	4.2270199999999996	3.41824	2.5636799999999997	3499890.0	1776545391.568668	0.0	1.0	-1.0	-1.0	-1.0	-1.0	-1.0	-1.0	-1.0	-1.0	0.0	opened-hand	Open	1	calibration_20260418_134934	marker
-73724.94	-36090.18	-109617.705	-19731.78	0.0	0.0	0.0	0.0	0.0	0.0	0.0	0.0	0.0	0.0	0.0	0.0	0.0	0.0	47.37931034482761	0.0	0.05541978	-0.04833972	1.02148176	4.2270199999999996	3.41824	2.5636799999999997	3499891.0	1776545391.572694	0.0	1.0	-1.0	-1.0	-1.0	-1.0	-1.0	-1.0	-1.0	-1.0	0.0	opened-hand	Open	1	calibration_20260418_134934	marker
-73760.48999999999	-36097.515	-109641.19499999999	-19754.594999999998	0.0	0.0	0.0	0.0	0.0	0.0	0.0	0.0	0.0	0.0	0.0	0.0	0.0	0.0	47.37931034482761	0.0	0.05541978	-0.04833972	1.02148176	4.2270199999999996	3.41824	2.5636799999999997	3499892.0	1776545391.572727	0.0	1.0	-1.0	-1.0	-1.0	-1.0	-1.0	-1.0	-1.0	-1.0	0.0	opened-hand	Open	1	calibration_20260418_134934	marker
-73711.035	-36098.549999999996	-109629.765	-19739.204999999998	0.0	0.0	0.0	0.0	0.0	0.0	0.0	0.0	0.0	0.0	0.0	0.0	0.0	0.0	47.37931034482761	0.0	0.05541978	-0.04833972	1.02148176	4.2270199999999996	3.41824	2.5636799999999997	3499893.0	1776545391.577724	0.0	1.0	-1.0	-1.0	-1.0	-1.0	-1.0	-1.0	-1.0	-1.0	0.0	opened-hand	Open	1	calibration_20260418_134934	marker
-73589.58	-36091.665	-109520.325	-19635.93	0.0	0.0	0.0	0.0	0.0	0.0	0.0	0.0	0.0	0.0	0.0	0.0	0.0	0.0	47.37931034482761	0.0	0.05541978	-0.04833972	1.02148176	4.2270199999999996	3.41824	2.5636799999999997	3499894.0	1776545391.577747	0.0	1.0	-1.0	-1.0	-1.0	-1.0	-1.0	-1.0	-1.0	-1.0	0.0	opened-hand	Open	1	calibration_20260418_134934	marker
-73559.745	-36088.695	-109492.425	-19606.545	0.0	0.0	0.0	0.0	0.0	0.0	0.0	0.0	0.0	0.0	0.0	0.0	0.0	0.0	47.37931034482761	0.0	0.052001820000000004	-0.0476073	1.024594545	3.37246	2.4415999999999998	1.89224	3499895.0	1776545391.580327	0.0	1.0	-1.0	-1.0	-1.0	-1.0	-1.0	-1.0	-1.0	-1.0	0.0	opened-hand	Open	1	calibration_20260418_134934	marker
-73670.535	-36092.7	-109603.845	-19709.415	0.0	0.0	0.0	0.0	0.0	0.0	0.0	0.0	0.0	0.0	0.0	0.0	0.0	0.0	47.37931034482761	0.0	0.052001820000000004	-0.0476073	1.024594545	3.37246	2.4415999999999998	1.89224	3499896.0	1776545391.580348	0.0	1.0	-1.0	-1.0	-1.0	-1.0	-1.0	-1.0	-1.0	-1.0	0.0	opened-hand	Open	1	calibration_20260418_134934	marker
-73630.665	-36082.619999999995	-109556.64	-19665.719999999998	0.0	0.0	0.0	0.0	0.0	0.0	0.0	0.0	0.0	0.0	0.0	0.0	0.0	0.0	47.37931034482761	0.0	0.052001820000000004	-0.0476073	1.024594545	3.37246	2.4415999999999998	1.89224	3499897.0	1776545391.584468	0.0	1.0	-1.0	-1.0	-1.0	-1.0	-1.0	-1.0	-1.0	-1.0	0.0	opened-hand	Open	1	calibration_20260418_134934	marker
-73636.69499999999	-36075.915	-109534.31999999999	-19635.75	0.0	0.0	0.0	0.0	0.0	0.0	0.0	0.0	0.0	0.0	0.0	0.0	0.0	0.0	47.37931034482761	0.0	0.052001820000000004	-0.0476073	1.024594545	3.37246	2.4415999999999998	1.89224	3499898.0	1776545391.584494	0.0	1.0	-1.0	-1.0	-1.0	-1.0	-1.0	-1.0	-1.0	-1.0	0.0	opened-hand	Open	1	calibration_20260418_134934	marker
-73640.205	-36077.67	-109568.11499999999	-19681.065	0.0	0.0	0.0	0.0	0.0	0.0	0.0	0.0	0.0	0.0	0.0	0.0	0.0	0.0	47.37931034482761	0.0	0.052001820000000004	-0.0476073	1.024594545	3.37246	2.4415999999999998	1.89224	3499899.0	1776545391.588582	0.0	1.0	-1.0	-1.0	-1.0	-1.0	-1.0	-1.0	-1.0	-1.0	0.0	opened-hand	Open	1	calibration_20260418_134934	marker
-73695.105	-36084.6	-109637.73	-19773.18	0.0	0.0	0.0	0.0	0.0	0.0	0.0	0.0	0.0	0.0	0.0	0.0	0.0	0.0	47.37931034482761	0.0	0.052001820000000004	-0.0476073	1.024594545	3.37246	2.4415999999999998	1.89224	3499900.0	1776545391.588598	0.0	1.0	-1.0	-1.0	-1.0	-1.0	-1.0	-1.0	-1.0	-1.0	0.0	opened-hand	Open	1	calibration_20260418_134934	marker
-73700.50499999999	-36087.119999999995	-109613.25	-19748.024999999998	0.0	0.0	0.0	0.0	0.0	0.0	0.0	0.0	0.0	0.0	0.0	0.0	0.0	0.0	47.37931034482761	0.0	0.052001820000000004	-0.0476073	1.024594545	3.37246	2.4415999999999998	1.89224	3499901.0	1776545391.594327	0.0	1.0	-1.0	-1.0	-1.0	-1.0	-1.0	-1.0	-1.0	-1.0	0.0	opened-hand	Open	1	calibration_20260418_134934	marker
-73643.805	-36079.695	-109578.015	-19695.825	0.0	0.0	0.0	0.0	0.0	0.0	0.0	0.0	0.0	0.0	0.0	0.0	0.0	0.0	47.37931034482761	0.0	0.052001820000000004	-0.0476073	1.024594545	3.37246	2.4415999999999998	1.89224	3499902.0	1776545391.594381	0.0	1.0	-1.0	-1.0	-1.0	-1.0	-1.0	-1.0	-1.0	-1.0	0.0	opened-hand	Open	1	calibration_20260418_134934	marker
-73718.73	-36079.695	-109670.715	-19752.614999999998	0.0	0.0	0.0	0.0	0.0	0.0	0.0	0.0	0.0	0.0	0.0	0.0	0.0	0.0	47.37931034482761	0.0	0.052001820000000004	-0.0476073	1.024594545	3.37246	2.4415999999999998	1.89224	3499903.0	1776545391.596845	0.0	1.0	-1.0	-1.0	-1.0	-1.0	-1.0	-1.0	-1.0	-1.0	0.0	opened-hand	Open	1	calibration_20260418_134934	marker
-73687.77	-36072.63	-109636.33499999999	-19744.2	0.0	0.0	0.0	0.0	0.0	0.0	0.0	0.0	0.0	0.0	0.0	0.0	0.0	0.0	47.37931034482761	0.0	0.052001820000000004	-0.0476073	1.024594545	3.37246	2.4415999999999998	1.89224	3499904.0	1776545391.596859	0.0	1.0	-1.0	-1.0	-1.0	-1.0	-1.0	-1.0	-1.0	-1.0	0.0	opened-hand	Open	1	calibration_20260418_134934	marker
-73671.345	-36065.52	-109590.885	-19716.12	0.0	0.0	0.0	0.0	0.0	0.0	0.0	0.0	0.0	0.0	0.0	0.0	0.0	0.0	47.37931034482761	0.0	0.052184925	-0.05017077	1.022763495	3.64714	1.9075	0.44254	3499905.0	1776545391.601229	0.0	1.0	-1.0	-1.0	-1.0	-1.0	-1.0	-1.0	-1.0	-1.0	0.0	opened-hand	Open	1	calibration_20260418_134934	marker
-73717.56	-36067.32	-109596.06	-19717.335	0.0	0.0	0.0	0.0	0.0	0.0	0.0	0.0	0.0	0.0	0.0	0.0	0.0	0.0	47.37931034482761	0.0	0.052184925	-0.05017077	1.022763495	3.64714	1.9075	0.44254	3499906.0	1776545391.601246	0.0	1.0	-1.0	-1.0	-1.0	-1.0	-1.0	-1.0	-1.0	-1.0	0.0	opened-hand	Open	1	calibration_20260418_134934	marker
-73641.42	-36066.375	-109551.105	-19678.364999999998	0.0	0.0	0.0	0.0	0.0	0.0	0.0	0.0	0.0	0.0	0.0	0.0	0.0	0.0	47.37931034482761	0.0	0.052184925	-0.05017077	1.022763495	3.64714	1.9075	0.44254	3499907.0	1776545391.613341	0.0	1.0	-1.0	-1.0	-1.0	-1.0	-1.0	-1.0	-1.0	-1.0	0.0	opened-hand	Open	1	calibration_20260418_134934	marker
-73547.64	-36067.455	-109504.935	-19624.68	0.0	0.0	0.0	0.0	0.0	0.0	0.0	0.0	0.0	0.0	0.0	0.0	0.0	0.0	47.37931034482761	0.0	0.052184925	-0.05017077	1.022763495	3.64714	1.9075	0.44254	3499908.0	1776545391.613372	0.0	1.0	-1.0	-1.0	-1.0	-1.0	-1.0	-1.0	-1.0	-1.0	0.0	opened-hand	Open	1	calibration_20260418_134934	marker
-73610.415	-36075.689999999995	-109530.135	-19636.695	0.0	0.0	0.0	0.0	0.0	0.0	0.0	0.0	0.0	0.0	0.0	0.0	0.0	0.0	47.37931034482761	0.0	0.052184925	-0.05017077	1.022763495	3.64714	1.9075	0.44254	3499909.0	1776545391.613406	0.0	1.0	-1.0	-1.0	-1.0	-1.0	-1.0	-1.0	-1.0	-1.0	0.0	opened-hand	Open	1	calibration_20260418_134934	marker
-73661.58	-36081.09	-109573.2	-19674.765	0.0	0.0	0.0	0.0	0.0	0.0	0.0	0.0	0.0	0.0	0.0	0.0	0.0	0.0	47.37931034482761	0.0	0.052184925	-0.05017077	1.022763495	3.64714	1.9075	0.44254	3499910.0	1776545391.613895	0.0	1.0	-1.0	-1.0	-1.0	-1.0	-1.0	-1.0	-1.0	-1.0	0.0	opened-hand	Open	1	calibration_20260418_134934	marker
-73620.405	-36079.11	-109543.545	-19660.364999999998	0.0	0.0	0.0	0.0	0.0	0.0	0.0	0.0	0.0	0.0	0.0	0.0	0.0	0.0	47.37931034482761	0.0	0.052184925	-0.05017077	1.022763495	3.64714	1.9075	0.44254	3499911.0	1776545391.613942	0.0	1.0	-1.0	-1.0	-1.0	-1.0	-1.0	-1.0	-1.0	-1.0	0.0	opened-hand	Open	1	calibration_20260418_134934	marker
-73559.205	-36073.26	-109449.26999999999	-19551.69	0.0	0.0	0.0	0.0	0.0	0.0	0.0	0.0	0.0	0.0	0.0	0.0	0.0	0.0	47.37931034482761	0.0	0.052184925	-0.05017077	1.022763495	3.64714	1.9075	0.44254	3499912.0	1776545391.613952	0.0	1.0	-1.0	-1.0	-1.0	-1.0	-1.0	-1.0	-1.0	-1.0	0.0	opened-hand	Open	1	calibration_20260418_134934	marker
-73555.33499999999	-36068.04	-109425.915	-19517.445	0.0	0.0	0.0	0.0	0.0	0.0	0.0	0.0	0.0	0.0	0.0	0.0	0.0	0.0	47.37931034482761	0.0	0.052184925	-0.05017077	1.022763495	3.64714	1.9075	0.44254	3499913.0	1776545391.61727	0.0	1.0	-1.0	-1.0	-1.0	-1.0	-1.0	-1.0	-1.0	-1.0	0.0	opened-hand	Open	1	calibration_20260418_134934	marker
-73712.79	-36081.54	-109662.795	-19758.149999999998	0.0	0.0	0.0	0.0	0.0	0.0	0.0	0.0	0.0	0.0	0.0	0.0	0.0	0.0	47.37931034482761	0.0	0.052184925	-0.05017077	1.022763495	3.64714	1.9075	0.44254	3499914.0	1776545391.61729	0.0	1.0	-1.0	-1.0	-1.0	-1.0	-1.0	-1.0	-1.0	-1.0	0.0	opened-hand	Open	1	calibration_20260418_134934	marker
-73794.06	-36092.655	-109760.53499999999	-19877.85	0.0	0.0	0.0	0.0	0.0	0.0	0.0	0.0	0.0	0.0	0.0	0.0	0.0	0.0	47.37931034482761	0.0	0.048034545	-0.05395494	1.02648663	4.8069	1.526	0.21364	3499915.0	1776545391.62088	0.0	1.0	-1.0	-1.0	-1.0	-1.0	-1.0	-1.0	-1.0	-1.0	0.0	opened-hand	Open	1	calibration_20260418_134934	marker
-73678.68	-36088.604999999996	-109649.79	-19783.485	0.0	0.0	0.0	0.0	0.0	0.0	0.0	0.0	0.0	0.0	0.0	0.0	0.0	0.0	47.37931034482761	0.0	0.048034545	-0.05395494	1.02648663	4.8069	1.526	0.21364	3499916.0	1776545391.6209	0.0	1.0	-1.0	-1.0	-1.0	-1.0	-1.0	-1.0	-1.0	-1.0	0.0	opened-hand	Open	1	calibration_20260418_134934	marker
-73630.665	-36086.354999999996	-109560.465	-19680.84	0.0	0.0	0.0	0.0	0.0	0.0	0.0	0.0	0.0	0.0	0.0	0.0	0.0	0.0	47.37931034482761	0.0	0.048034545	-0.05395494	1.02648663	4.8069	1.526	0.21364	3499917.0	1776545391.625588	0.0	1.0	-1.0	-1.0	-1.0	-1.0	-1.0	-1.0	-1.0	-1.0	0.0	opened-hand	Open	1	calibration_20260418_134934	marker
-73754.55	-36093.915	-109659.375	-19786.32	0.0	0.0	0.0	0.0	0.0	0.0	0.0	0.0	0.0	0.0	0.0	0.0	0.0	0.0	47.37931034482761	0.0	0.048034545	-0.05395494	1.02648663	4.8069	1.526	0.21364	3499918.0	1776545391.625603	0.0	1.0	-1.0	-1.0	-1.0	-1.0	-1.0	-1.0	-1.0	-1.0	0.0	opened-hand	Open	1	calibration_20260418_134934	marker
-73731.645	-36091.665	-109639.845	-19764.945	0.0	0.0	0.0	0.0	0.0	0.0	0.0	0.0	0.0	0.0	0.0	0.0	0.0	0.0	47.37931034482761	0.0	0.048034545	-0.05395494	1.02648663	4.8069	1.526	0.21364	3499919.0	1776545391.629878	0.0	1.0	-1.0	-1.0	-1.0	-1.0	-1.0	-1.0	-1.0	-1.0	0.0	opened-hand	Open	1	calibration_20260418_134934	marker
-73631.11499999999	-36083.385	-109576.89	-19703.61	0.0	0.0	0.0	0.0	0.0	0.0	0.0	0.0	0.0	0.0	0.0	0.0	0.0	0.0	47.37931034482761	0.0	0.048034545	-0.05395494	1.02648663	4.8069	1.526	0.21364	3499920.0	1776545391.62991	0.0	1.0	-1.0	-1.0	-1.0	-1.0	-1.0	-1.0	-1.0	-1.0	0.0	opened-hand	Open	1	calibration_20260418_134934	marker
-73649.87999999999	-36081.72	-109607.985	-19718.46	0.0	0.0	0.0	0.0	0.0	0.0	0.0	0.0	0.0	0.0	0.0	0.0	0.0	0.0	47.37931034482761	0.0	0.048034545	-0.05395494	1.02648663	4.8069	1.526	0.21364	3499921.0	1776545391.632755	0.0	1.0	-1.0	-1.0	-1.0	-1.0	-1.0	-1.0	-1.0	-1.0	0.0	opened-hand	Open	1	calibration_20260418_134934	marker
-73726.73999999999	-36085.14	-109656.18	-19745.415	0.0	0.0	0.0	0.0	0.0	0.0	0.0	0.0	0.0	0.0	0.0	0.0	0.0	0.0	47.37931034482761	0.0	0.048034545	-0.05395494	1.02648663	4.8069	1.526	0.21364	3499922.0	1776545391.632771	0.0	1.0	-1.0	-1.0	-1.0	-1.0	-1.0	-1.0	-1.0	-1.0	0.0	opened-hand	Open	1	calibration_20260418_134934	marker
-73695.23999999999	-36084.645	-109652.58	-19752.93	0.0	0.0	0.0	0.0	0.0	0.0	0.0	0.0	0.0	0.0	0.0	0.0	0.0	0.0	47.37931034482761	0.0	0.048034545	-0.05395494	1.02648663	4.8069	1.526	0.21364	3499923.0	1776545391.636896	0.0	1.0	-1.0	-1.0	-1.0	-1.0	-1.0	-1.0	-1.0	-1.0	0.0	opened-hand	Open	1	calibration_20260418_134934	marker
-73606.815	-36079.155	-109572.435	-19688.445	0.0	0.0	0.0	0.0	0.0	0.0	0.0	0.0	0.0	0.0	0.0	0.0	0.0	0.0	47.37931034482761	0.0	0.048034545	-0.05395494	1.02648663	4.8069	1.526	0.21364	3499924.0	1776545391.636917	0.0	1.0	-1.0	-1.0	-1.0	-1.0	-1.0	-1.0	-1.0	-1.0	0.0	opened-hand	Open	1	calibration_20260418_134934	marker
-73581.25499999999	-36078.75	-109538.595	-19649.385	0.0	0.0	0.0	0.0	0.0	0.0	0.0	0.0	0.0	0.0	0.0	0.0	0.0	0.0	47.37931034482761	0.0	0.03979482	-0.052856310000000004	1.028989065	5.24944	0.56462	-0.44254	3499925.0	1776545391.640877	0.0	1.0	-1.0	-1.0	-1.0	-1.0	-1.0	-1.0	-1.0	-1.0	0.0	opened-hand	Open	1	calibration_20260418_134934	marker
-73619.685	-36084.42	-109521.98999999999	-19634.04	0.0	0.0	0.0	0.0	0.0	0.0	0.0	0.0	0.0	0.0	0.0	0.0	0.0	0.0	47.37931034482761	0.0	0.03979482	-0.052856310000000004	1.028989065	5.24944	0.56462	-0.44254	3499926.0	1776545391.640895	0.0	1.0	-1.0	-1.0	-1.0	-1.0	-1.0	-1.0	-1.0	-1.0	0.0	opened-hand	Open	1	calibration_20260418_134934	marker
-73628.28	-36086.895	-109497.465	-19625.265	0.0	0.0	0.0	0.0	0.0	0.0	0.0	0.0	0.0	0.0	0.0	0.0	0.0	0.0	47.37931034482761	0.0	0.03979482	-0.052856310000000004	1.028989065	5.24944	0.56462	-0.44254	3499927.0	1776545391.64498	0.0	1.0	-1.0	-1.0	-1.0	-1.0	-1.0	-1.0	-1.0	-1.0	0.0	opened-hand	Open	1	calibration_20260418_134934	marker
-73602.81	-36085.14	-109485.18	-19624.32	0.0	0.0	0.0	0.0	0.0	0.0	0.0	0.0	0.0	0.0	0.0	0.0	0.0	0.0	47.37931034482761	0.0	0.03979482	-0.052856310000000004	1.028989065	5.24944	0.56462	-0.44254	3499928.0	1776545391.645005	0.0	1.0	-1.0	-1.0	-1.0	-1.0	-1.0	-1.0	-1.0	-1.0	0.0	opened-hand	Open	1	calibration_20260418_134934	marker
-73652.48999999999	-36086.805	-109572.56999999999	-19692.899999999998	0.0	0.0	0.0	0.0	0.0	0.0	0.0	0.0	0.0	0.0	0.0	0.0	0.0	0.0	47.37931034482761	0.0	0.03979482	-0.052856310000000004	1.028989065	5.24944	0.56462	-0.44254	3499929.0	1776545391.648998	0.0	1.0	-1.0	-1.0	-1.0	-1.0	-1.0	-1.0	-1.0	-1.0	0.0	opened-hand	Open	1	calibration_20260418_134934	marker
-73711.75499999999	-36088.155	-109679.08499999999	-19768.86	0.0	0.0	0.0	0.0	0.0	0.0	0.0	0.0	0.0	0.0	0.0	0.0	0.0	0.0	47.37931034482761	0.0	0.03979482	-0.052856310000000004	1.028989065	5.24944	0.56462	-0.44254	3499930.0	1776545391.649018	0.0	1.0	-1.0	-1.0	-1.0	-1.0	-1.0	-1.0	-1.0	-1.0	0.0	opened-hand	Open	1	calibration_20260418_134934	marker
-73693.395	-36085.14	-109635.65999999999	-19726.605	0.0	0.0	0.0	0.0	0.0	0.0	0.0	0.0	0.0	0.0	0.0	0.0	0.0	0.0	47.37931034482761	0.0	0.03979482	-0.052856310000000004	1.028989065	5.24944	0.56462	-0.44254	3499931.0	1776545391.655195	0.0	1.0	-1.0	-1.0	-1.0	-1.0	-1.0	-1.0	-1.0	-1.0	0.0	opened-hand	Open	1	calibration_20260418_134934	marker
-73682.86499999999	-36084.465	-109621.935	-19714.274999999998	0.0	0.0	0.0	0.0	0.0	0.0	0.0	0.0	0.0	0.0	0.0	0.0	0.0	0.0	47.37931034482761	0.0	0.03979482	-0.052856310000000004	1.028989065	5.24944	0.56462	-0.44254	3499932.0	1776545391.655219	0.0	1.0	-1.0	-1.0	-1.0	-1.0	-1.0	-1.0	-1.0	-1.0	0.0	opened-hand	Open	1	calibration_20260418_134934	marker
-73680.56999999999	-36085.095	-109610.055	-19716.48	0.0	0.0	0.0	0.0	0.0	0.0	0.0	0.0	0.0	0.0	0.0	0.0	0.0	0.0	47.37931034482761	0.0	0.03979482	-0.052856310000000004	1.028989065	5.24944	0.56462	-0.44254	3499933.0	1776545391.658087	0.0	1.0	-1.0	-1.0	-1.0	-1.0	-1.0	-1.0	-1.0	-1.0	0.0	opened-hand	Open	1	calibration_20260418_134934	marker
-73605.825	-36085.14	-109544.12999999999	-19672.785	0.0	0.0	0.0	0.0	0.0	0.0	0.0	0.0	0.0	0.0	0.0	0.0	0.0	0.0	47.37931034482761	0.0	0.03979482	-0.052856310000000004	1.028989065	5.24944	0.56462	-0.44254	3499934.0	1776545391.6581	0.0	1.0	-1.0	-1.0	-1.0	-1.0	-1.0	-1.0	-1.0	-1.0	0.0	opened-hand	Open	1	calibration_20260418_134934	marker
-73699.47	-36092.97	-109628.14499999999	-19752.255	0.0	0.0	0.0	0.0	0.0	0.0	0.0	0.0	0.0	0.0	0.0	0.0	0.0	0.0	47.37931034482761	0.0	0.037902735	-0.04699695	1.029477345	5.00528	-0.30519999999999997	-0.3815	3499935.0	1776545391.661184	0.0	1.0	-1.0	-1.0	-1.0	-1.0	-1.0	-1.0	-1.0	-1.0	0.0	opened-hand	Open	1	calibration_20260418_134934	marker
-73712.745	-36094.185	-109646.415	-19758.69	0.0	0.0	0.0	0.0	0.0	0.0	0.0	0.0	0.0	0.0	0.0	0.0	0.0	0.0	47.37931034482761	0.0	0.037902735	-0.04699695	1.029477345	5.00528	-0.30519999999999997	-0.3815	3499936.0	1776545391.661203	0.0	1.0	-1.0	-1.0	-1.0	-1.0	-1.0	-1.0	-1.0	-1.0	0.0	opened-hand	Open	1	calibration_20260418_134934	marker
-73659.015	-36090.945	-109594.34999999999	-19709.73	0.0	0.0	0.0	0.0	0.0	0.0	0.0	0.0	0.0	0.0	0.0	0.0	0.0	0.0	47.37931034482761	0.0	0.037902735	-0.04699695	1.029477345	5.00528	-0.30519999999999997	-0.3815	3499937.0	1776545391.668612	0.0	1.0	-1.0	-1.0	-1.0	-1.0	-1.0	-1.0	-1.0	-1.0	0.0	opened-hand	Open	1	calibration_20260418_134934	marker
-73668.465	-36091.575	-109594.62	-19716.344999999998	0.0	0.0	0.0	0.0	0.0	0.0	0.0	0.0	0.0	0.0	0.0	0.0	0.0	0.0	47.37931034482761	0.0	0.037902735	-0.04699695	1.029477345	5.00528	-0.30519999999999997	-0.3815	3499938.0	1776545391.668631	0.0	1.0	-1.0	-1.0	-1.0	-1.0	-1.0	-1.0	-1.0	-1.0	0.0	opened-hand	Open	1	calibration_20260418_134934	marker
-73698.56999999999	-36093.104999999996	-109613.79	-19728.045	0.0	0.0	0.0	0.0	0.0	0.0	0.0	0.0	0.0	0.0	0.0	0.0	0.0	0.0	47.37931034482761	0.0	0.037902735	-0.04699695	1.029477345	5.00528	-0.30519999999999997	-0.3815	3499939.0	1776545391.668643	0.0	1.0	-1.0	-1.0	-1.0	-1.0	-1.0	-1.0	-1.0	-1.0	0.0	opened-hand	Open	1	calibration_20260418_134934	marker
-73686.33	-36093.869999999995	-109631.655	-19715.265	0.0	0.0	0.0	0.0	0.0	0.0	0.0	0.0	0.0	0.0	0.0	0.0	0.0	0.0	47.37931034482761	0.0	0.037902735	-0.04699695	1.029477345	5.00528	-0.30519999999999997	-0.3815	3499940.0	1776545391.668648	0.0	1.0	-1.0	-1.0	-1.0	-1.0	-1.0	-1.0	-1.0	-1.0	0.0	opened-hand	Open	1	calibration_20260418_134934	marker
-73693.035	-36097.244999999995	-109616.985	-19702.575	0.0	0.0	0.0	0.0	0.0	0.0	0.0	0.0	0.0	0.0	0.0	0.0	0.0	0.0	47.37931034482761	0.0	0.037902735	-0.04699695	1.029477345	5.00528	-0.30519999999999997	-0.3815	3499941.0	1776545391.672894	0.0	1.0	-1.0	-1.0	-1.0	-1.0	-1.0	-1.0	-1.0	-1.0	0.0	opened-hand	Open	1	calibration_20260418_134934	marker
-73663.73999999999	-36099.9	-109602.62999999999	-19703.969999999998	0.0	0.0	0.0	0.0	0.0	0.0	0.0	0.0	0.0	0.0	0.0	0.0	0.0	0.0	47.37931034482761	0.0	0.037902735	-0.04699695	1.029477345	5.00528	-0.30519999999999997	-0.3815	3499942.0	1776545391.672903	0.0	1.0	-1.0	-1.0	-1.0	-1.0	-1.0	-1.0	-1.0	-1.0	0.0	opened-hand	Open	1	calibration_20260418_134934	marker
-73588.995	-36095.67	-109557.09	-19667.969999999998	0.0	0.0	0.0	0.0	0.0	0.0	0.0	0.0	0.0	0.0	0.0	0.0	0.0	0.0	47.37931034482761	0.0	0.037902735	-0.04699695	1.029477345	5.00528	-0.30519999999999997	-0.3815	3499943.0	1776545391.676691	0.0	1.0	-1.0	-1.0	-1.0	-1.0	-1.0	-1.0	-1.0	-1.0	0.0	opened-hand	Open	1	calibration_20260418_134934	marker
-73644.165	-36095.31	-109553.08499999999	-19658.16	0.0	0.0	0.0	0.0	0.0	0.0	0.0	0.0	0.0	0.0	0.0	0.0	0.0	0.0	47.37931034482761	0.0	0.037902735	-0.04699695	1.029477345	5.00528	-0.30519999999999997	-0.3815	3499944.0	1776545391.676699	0.0	1.0	-1.0	-1.0	-1.0	-1.0	-1.0	-1.0	-1.0	-1.0	0.0	opened-hand	Open	1	calibration_20260418_134934	marker
-73650.42	-36093.735	-109555.69499999999	-19662.57	0.0	0.0	0.0	0.0	0.0	0.0	0.0	0.0	0.0	0.0	0.0	0.0	0.0	0.0	47.37931034482761	0.0	0.043640025	-0.039733785	1.025388	3.4792799999999997	-0.57988	-0.6409199999999999	3499945.0	1776545391.683159	0.0	1.0	-1.0	-1.0	-1.0	-1.0	-1.0	-1.0	-1.0	-1.0	0.0	opened-hand	Open	1	calibration_20260418_134934	marker
-73642.455	-36093.51	-109561.31999999999	-19674.18	0.0	0.0	0.0	0.0	0.0	0.0	0.0	0.0	0.0	0.0	0.0	0.0	0.0	0.0	47.37931034482761	0.0	0.043640025	-0.039733785	1.025388	3.4792799999999997	-0.57988	-0.6409199999999999	3499946.0	1776545391.683166	0.0	1.0	-1.0	-1.0	-1.0	-1.0	-1.0	-1.0	-1.0	-1.0	0.0	opened-hand	Open	1	calibration_20260418_134934	marker
-73600.875	-36088.155	-109511.325	-19622.07	0.0	0.0	0.0	0.0	0.0	0.0	0.0	0.0	0.0	0.0	0.0	0.0	0.0	0.0	47.37931034482761	0.0	0.043640025	-0.039733785	1.025388	3.4792799999999997	-0.57988	-0.6409199999999999	3499947.0	1776545391.684785	0.0	1.0	-1.0	-1.0	-1.0	-1.0	-1.0	-1.0	-1.0	-1.0	0.0	opened-hand	Open	1	calibration_20260418_134934	marker
-73645.065	-36091.979999999996	-109560.28499999999	-19660.23	0.0	0.0	0.0	0.0	0.0	0.0	0.0	0.0	0.0	0.0	0.0	0.0	0.0	0.0	47.37931034482761	0.0	0.043640025	-0.039733785	1.025388	3.4792799999999997	-0.57988	-0.6409199999999999	3499948.0	1776545391.684789	0.0	1.0	-1.0	-1.0	-1.0	-1.0	-1.0	-1.0	-1.0	-1.0	0.0	opened-hand	Open	1	calibration_20260418_134934	marker
-73696.995	-36100.89	-109659.23999999999	-19774.26	0.0	0.0	0.0	0.0	0.0	0.0	0.0	0.0	0.0	0.0	0.0	0.0	0.0	0.0	47.37931034482761	0.0	0.043640025	-0.039733785	1.025388	3.4792799999999997	-0.57988	-0.6409199999999999	3499949.0	1776545391.695149	0.0	1.0	-1.0	-1.0	-1.0	-1.0	-1.0	-1.0	-1.0	-1.0	0.0	opened-hand	Open	1	calibration_20260418_134934	marker
-73690.73999999999	-36105.39	-109650.69	-19775.52	0.0	0.0	0.0	0.0	0.0	0.0	0.0	0.0	0.0	0.0	0.0	0.0	0.0	0.0	47.37931034482761	0.0	0.043640025	-0.039733785	1.025388	3.4792799999999997	-0.57988	-0.6409199999999999	3499950.0	1776545391.695159	0.0	1.0	-1.0	-1.0	-1.0	-1.0	-1.0	-1.0	-1.0	-1.0	0.0	opened-hand	Open	1	calibration_20260418_134934	marker
-73642.41	-36105.255	-109562.48999999999	-19690.649999999998	0.0	0.0	0.0	0.0	0.0	0.0	0.0	0.0	0.0	0.0	0.0	0.0	0.0	0.0	47.37931034482761	0.0	0.043640025	-0.039733785	1.025388	3.4792799999999997	-0.57988	-0.6409199999999999	3499951.0	1776545391.695166	0.0	1.0	-1.0	-1.0	-1.0	-1.0	-1.0	-1.0	-1.0	-1.0	0.0	opened-hand	Open	1	calibration_20260418_134934	marker
-73603.08	-36102.195	-109506.28499999999	-19626.93	0.0	0.0	0.0	0.0	0.0	0.0	0.0	0.0	0.0	0.0	0.0	0.0	0.0	0.0	47.37931034482761	0.0	0.043640025	-0.039733785	1.025388	3.4792799999999997	-0.57988	-0.6409199999999999	3499952.0	1776545391.695171	0.0	1.0	-1.0	-1.0	-1.0	-1.0	-1.0	-1.0	-1.0	-1.0	0.0	opened-hand	Open	1	calibration_20260418_134934	marker
-73688.44499999999	-36105.615	-109618.155	-19714.454999999998	0.0	0.0	0.0	0.0	0.0	0.0	0.0	0.0	0.0	0.0	0.0	0.0	0.0	0.0	47.37931034482761	0.0	0.043640025	-0.039733785	1.025388	3.4792799999999997	-0.57988	-0.6409199999999999	3499953.0	1776545391.697068	0.0	1.0	-1.0	-1.0	-1.0	-1.0	-1.0	-1.0	-1.0	-1.0	0.0	opened-hand	Open	1	calibration_20260418_134934	marker
-73636.73999999999	-36101.385	-109575.09	-19675.485	0.0	0.0	0.0	0.0	0.0	0.0	0.0	0.0	0.0	0.0	0.0	0.0	0.0	0.0	47.37931034482761	0.0	0.043640025	-0.039733785	1.025388	3.4792799999999997	-0.57988	-0.6409199999999999	3499954.0	1776545391.697073	0.0	1.0	-1.0	-1.0	-1.0	-1.0	-1.0	-1.0	-1.0	-1.0	0.0	opened-hand	Open	1	calibration_20260418_134934	marker
-73561.14	-36093.104999999996	-109482.61499999999	-19584.899999999998	0.0	0.0	0.0	0.0	0.0	0.0	0.0	0.0	0.0	0.0	0.0	0.0	0.0	0.0	47.37931034482761	0.0	0.046447635	-0.03527823	1.02099348	2.12114	-0.44254	-0.19838	3499955.0	1776545391.700703	0.0	1.0	-1.0	-1.0	-1.0	-1.0	-1.0	-1.0	-1.0	-1.0	0.0	opened-hand	Open	1	calibration_20260418_134934	marker
-73667.655	-36098.235	-109566.0	-19673.864999999998	0.0	0.0	0.0	0.0	0.0	0.0	0.0	0.0	0.0	0.0	0.0	0.0	0.0	0.0	47.37931034482761	0.0	0.046447635	-0.03527823	1.02099348	2.12114	-0.44254	-0.19838	3499956.0	1776545391.700708	0.0	1.0	-1.0	-1.0	-1.0	-1.0	-1.0	-1.0	-1.0	-1.0	0.0	opened-hand	Open	1	calibration_20260418_134934	marker
-73684.62	-36104.13	-109581.93	-19692.45	0.0	0.0	0.0	0.0	0.0	0.0	0.0	0.0	0.0	0.0	0.0	0.0	0.0	0.0	47.37931034482761	0.0	0.046447635	-0.03527823	1.02099348	2.12114	-0.44254	-0.19838	3499957.0	1776545391.704904	0.0	1.0	-1.0	-1.0	-1.0	-1.0	-1.0	-1.0	-1.0	-1.0	0.0	opened-hand	Open	1	calibration_20260418_134934	marker
-73614.51	-36105.119999999995	-109521.62999999999	-19621.35	0.0	0.0	0.0	0.0	0.0	0.0	0.0	0.0	0.0	0.0	0.0	0.0	0.0	0.0	47.37931034482761	0.0	0.046447635	-0.03527823	1.02099348	2.12114	-0.44254	-0.19838	3499958.0	1776545391.704913	0.0	1.0	-1.0	-1.0	-1.0	-1.0	-1.0	-1.0	-1.0	-1.0	0.0	opened-hand	Open	1	calibration_20260418_134934	marker
-73640.745	-36112.905	-109593.62999999999	-19702.17	0.0	0.0	0.0	0.0	0.0	0.0	0.0	0.0	0.0	0.0	0.0	0.0	0.0	0.0	47.37931034482761	0.0	0.046447635	-0.03527823	1.02099348	2.12114	-0.44254	-0.19838	3499959.0	1776545391.70896	0.0	1.0	-1.0	-1.0	-1.0	-1.0	-1.0	-1.0	-1.0	-1.0	0.0	opened-hand	Open	1	calibration_20260418_134934	marker
-73682.45999999999	-36122.265	-109666.8	-19777.86	0.0	0.0	0.0	0.0	0.0	0.0	0.0	0.0	0.0	0.0	0.0	0.0	0.0	0.0	47.37931034482761	0.0	0.046447635	-0.03527823	1.02099348	2.12114	-0.44254	-0.19838	3499960.0	1776545391.708966	0.0	1.0	-1.0	-1.0	-1.0	-1.0	-1.0	-1.0	-1.0	-1.0	0.0	opened-hand	Open	1	calibration_20260418_134934	marker
-73701.22499999999	-36123.615	-109657.44	-19760.265	0.0	0.0	0.0	0.0	0.0	0.0	0.0	0.0	0.0	0.0	0.0	0.0	0.0	0.0	47.37931034482761	0.0	0.046447635	-0.03527823	1.02099348	2.12114	-0.44254	-0.19838	3499961.0	1776545391.715249	0.0	1.0	-1.0	-1.0	-1.0	-1.0	-1.0	-1.0	-1.0	-1.0	0.0	opened-hand	Open	1	calibration_20260418_134934	marker
-73656.72	-36121.59	-109576.39499999999	-19684.485	0.0	0.0	0.0	0.0	0.0	0.0	0.0	0.0	0.0	0.0	0.0	0.0	0.0	0.0	47.37931034482761	0.0	0.046447635	-0.03527823	1.02099348	2.12114	-0.44254	-0.19838	3499962.0	1776545391.715255	0.0	1.0	-1.0	-1.0	-1.0	-1.0	-1.0	-1.0	-1.0	-1.0	0.0	opened-hand	Open	1	calibration_20260418_134934	marker
-73631.06999999999	-36117.63	-109562.265	-19670.175	0.0	0.0	0.0	0.0	0.0	0.0	0.0	0.0	0.0	0.0	0.0	0.0	0.0	0.0	47.37931034482761	0.0	0.046447635	-0.03527823	1.02099348	2.12114	-0.44254	-0.19838	3499963.0	1776545391.720869	0.0	1.0	-1.0	-1.0	-1.0	-1.0	-1.0	-1.0	-1.0	-1.0	0.0	opened-hand	Open	1	calibration_20260418_134934	marker
-73683.27	-36120.555	-109634.76	-19742.715	0.0	0.0	0.0	0.0	0.0	0.0	0.0	0.0	0.0	0.0	0.0	0.0	0.0	0.0	47.37931034482761	0.0	0.046447635	-0.03527823	1.02099348	2.12114	-0.44254	-0.19838	3499964.0	1776545391.720875	0.0	1.0	-1.0	-1.0	-1.0	-1.0	-1.0	-1.0	-1.0	-1.0	0.0	opened-hand	Open	1	calibration_20260418_134934	marker
-73694.11499999999	-36124.965	-109636.245	-19743.48	0.0	0.0	0.0	0.0	0.0	0.0	0.0	0.0	0.0	0.0	0.0	0.0	0.0	0.0	47.37931034482761	0.0	0.045471075	-0.035034090000000004	1.019833815	1.8006799999999998	-0.04578	-0.01526	3499965.0	1776545391.720882	0.0	1.0	-1.0	-1.0	-1.0	-1.0	-1.0	-1.0	-1.0	-1.0	0.0	opened-hand	Open	1	calibration_20260418_134934	marker
-73715.805	-36128.97	-109648.305	-19744.695	0.0	0.0	0.0	0.0	0.0	0.0	0.0	0.0	0.0	0.0	0.0	0.0	0.0	0.0	47.37931034482761	0.0	0.045471075	-0.035034090000000004	1.019833815	1.8006799999999998	-0.04578	-0.01526	3499966.0	1776545391.720885	0.0	1.0	-1.0	-1.0	-1.0	-1.0	-1.0	-1.0	-1.0	-1.0	0.0	opened-hand	Open	1	calibration_20260418_134934	marker
-73660.905	-36131.174999999996	-109602.09	-19712.835	0.0	0.0	0.0	0.0	0.0	0.0	0.0	0.0	0.0	0.0	0.0	0.0	0.0	0.0	47.37931034482761	0.0	0.045471075	-0.035034090000000004	1.019833815	1.8006799999999998	-0.04578	-0.01526	3499967.0	1776545391.822573	0.0	1.0	-1.0	-1.0	-1.0	-1.0	-1.0	-1.0	-1.0	-1.0	0.0	opened-hand	Open	1	calibration_20260418_134934	marker
-73632.87	-36130.32	-109563.48	-19671.93	0.0	0.0	0.0	0.0	0.0	0.0	0.0	0.0	0.0	0.0	0.0	0.0	0.0	0.0	47.37931034482761	0.0	0.045471075	-0.035034090000000004	1.019833815	1.8006799999999998	-0.04578	-0.01526	3499968.0	1776545391.822594	0.0	1.0	-1.0	-1.0	-1.0	-1.0	-1.0	-1.0	-1.0	-1.0	0.0	opened-hand	Open	1	calibration_20260418_134934	marker
-73572.25499999999	-36123.93	-109469.47499999999	-19581.255	0.0	0.0	0.0	0.0	0.0	0.0	0.0	0.0	0.0	0.0	0.0	0.0	0.0	0.0	47.37931034482761	0.0	0.045471075	-0.035034090000000004	1.019833815	1.8006799999999998	-0.04578	-0.01526	3499969.0	1776545391.822657	0.0	1.0	-1.0	-1.0	-1.0	-1.0	-1.0	-1.0	-1.0	-1.0	0.0	opened-hand	Open	1	calibration_20260418_134934	marker
-73591.37999999999	-36119.97	-109474.425	-19587.69	0.0	0.0	0.0	0.0	0.0	0.0	0.0	0.0	0.0	0.0	0.0	0.0	0.0	0.0	47.37931034482761	0.0	0.045471075	-0.035034090000000004	1.019833815	1.8006799999999998	-0.04578	-0.01526	3499970.0	1776545391.822663	0.0	1.0	-1.0	-1.0	-1.0	-1.0	-1.0	-1.0	-1.0	-1.0	0.0	opened-hand	Open	1	calibration_20260418_134934	marker
-73769.67	-36125.145	-109642.095	-19748.565	0.0	0.0	0.0	0.0	0.0	0.0	0.0	0.0	0.0	0.0	0.0	0.0	0.0	0.0	47.37931034482761	0.0	0.045471075	-0.035034090000000004	1.019833815	1.8006799999999998	-0.04578	-0.01526	3499971.0	1776545391.822706	0.0	1.0	-1.0	-1.0	-1.0	-1.0	-1.0	-1.0	-1.0	-1.0	0.0	opened-hand	Open	1	calibration_20260418_134934	marker
-73777.36499999999	-36123.21	-109683.94499999999	-19787.13	0.0	0.0	0.0	0.0	0.0	0.0	0.0	0.0	0.0	0.0	0.0	0.0	0.0	0.0	47.37931034482761	0.0	0.045471075	-0.035034090000000004	1.019833815	1.8006799999999998	-0.04578	-0.01526	3499972.0	1776545391.822712	0.0	1.0	-1.0	-1.0	-1.0	-1.0	-1.0	-1.0	-1.0	-1.0	0.0	opened-hand	Open	1	calibration_20260418_134934	marker
-73646.64	-36116.415	-109595.11499999999	-19704.015	0.0	0.0	0.0	0.0	0.0	0.0	0.0	0.0	0.0	0.0	0.0	0.0	0.0	0.0	47.37931034482761	0.0	0.045471075	-0.035034090000000004	1.019833815	1.8006799999999998	-0.04578	-0.01526	3499973.0	1776545391.822738	0.0	1.0	-1.0	-1.0	-1.0	-1.0	-1.0	-1.0	-1.0	-1.0	0.0	opened-hand	Open	1	calibration_20260418_134934	marker
-73647.765	-36121.095	-109629.98999999999	-19740.825	0.0	0.0	0.0	0.0	0.0	0.0	0.0	0.0	0.0	0.0	0.0	0.0	0.0	0.0	47.37931034482761	0.0	0.045471075	-0.035034090000000004	1.019833815	1.8006799999999998	-0.04578	-0.01526	3499974.0	1776545391.822743	0.0	1.0	-1.0	-1.0	-1.0	-1.0	-1.0	-1.0	-1.0	-1.0	0.0	opened-hand	Open	1	calibration_20260418_134934	marker
-73633.275	-36126.0	-109657.53	-19756.89	0.0	0.0	0.0	0.0	0.0	0.0	0.0	0.0	0.0	0.0	0.0	0.0	0.0	0.0	47.37931034482761	0.0	0.04650867	-0.036376860000000004	1.01745345	2.2127	-0.06104	0.48832	3499975.0	1776545391.822766	0.0	1.0	-1.0	-1.0	-1.0	-1.0	-1.0	-1.0	-1.0	-1.0	0.0	opened-hand	Open	1	calibration_20260418_134934	marker
-73698.165	-36132.165	-109639.53	-19732.32	0.0	0.0	0.0	0.0	0.0	0.0	0.0	0.0	0.0	0.0	0.0	0.0	0.0	0.0	47.37931034482761	0.0	0.04650867	-0.036376860000000004	1.01745345	2.2127	-0.06104	0.48832	3499976.0	1776545391.822772	0.0	1.0	-1.0	-1.0	-1.0	-1.0	-1.0	-1.0	-1.0	-1.0	0.0	opened-hand	Open	1	calibration_20260418_134934	marker
-73656.855	-36130.32	-109558.53	-19663.92	0.0	0.0	0.0	0.0	0.0	0.0	0.0	0.0	0.0	0.0	0.0	0.0	0.0	0.0	47.37931034482761	0.0	0.04650867	-0.036376860000000004	1.01745345	2.2127	-0.06104	0.48832	3499977.0	1776545391.82278	0.0	1.0	-1.0	-1.0	-1.0	-1.0	-1.0	-1.0	-1.0	-1.0	0.0	opened-hand	Open	1	calibration_20260418_134934	marker
-73577.34	-36123.795	-109539.36	-19648.395	0.0	0.0	0.0	0.0	0.0	0.0	0.0	0.0	0.0	0.0	0.0	0.0	0.0	0.0	47.37931034482761	0.0	0.04650867	-0.036376860000000004	1.01745345	2.2127	-0.06104	0.48832	3499978.0	1776545391.822785	0.0	1.0	-1.0	-1.0	-1.0	-1.0	-1.0	-1.0	-1.0	-1.0	0.0	opened-hand	Open	1	calibration_20260418_134934	marker
-73613.52	-36121.545	-109550.87999999999	-19674.719999999998	0.0	0.0	0.0	0.0	0.0	0.0	0.0	0.0	0.0	0.0	0.0	0.0	0.0	0.0	47.37931034482761	0.0	0.04650867	-0.036376860000000004	1.01745345	2.2127	-0.06104	0.48832	3499979.0	1776545391.822793	0.0	1.0	-1.0	-1.0	-1.0	-1.0	-1.0	-1.0	-1.0	-1.0	0.0	opened-hand	Open	1	calibration_20260418_134934	marker
-73689.345	-36122.13	-109601.81999999999	-19729.395	0.0	0.0	0.0	0.0	0.0	0.0	0.0	0.0	0.0	0.0	0.0	0.0	0.0	0.0	47.37931034482761	0.0	0.04650867	-0.036376860000000004	1.01745345	2.2127	-0.06104	0.48832	3499980.0	1776545391.822803	0.0	1.0	-1.0	-1.0	-1.0	-1.0	-1.0	-1.0	-1.0	-1.0	0.0	opened-hand	Open	1	calibration_20260418_134934	marker
-73759.36499999999	-36127.53	-109683.26999999999	-19775.43	0.0	0.0	0.0	0.0	0.0	0.0	0.0	0.0	0.0	0.0	0.0	0.0	0.0	0.0	47.37931034482761	0.0	0.04650867	-0.036376860000000004	1.01745345	2.2127	-0.06104	0.48832	3499981.0	1776545391.82281	0.0	1.0	-1.0	-1.0	-1.0	-1.0	-1.0	-1.0	-1.0	-1.0	0.0	opened-hand	Open	1	calibration_20260418_134934	marker
-73657.485	-36127.395	-109623.105	-19719.945	0.0	0.0	0.0	0.0	0.0	0.0	0.0	0.0	0.0	0.0	0.0	0.0	0.0	0.0	47.37931034482761	0.0	0.04650867	-0.036376860000000004	1.01745345	2.2127	-0.06104	0.48832	3499982.0	1776545391.822816	0.0	1.0	-1.0	-1.0	-1.0	-1.0	-1.0	-1.0	-1.0	-1.0	0.0	opened-hand	Open	1	calibration_20260418_134934	marker
-73589.04	-36129.555	-109596.015	-19696.77	0.0	0.0	0.0	0.0	0.0	0.0	0.0	0.0	0.0	0.0	0.0	0.0	0.0	0.0	47.37931034482761	0.0	0.04650867	-0.036376860000000004	1.01745345	2.2127	-0.06104	0.48832	3499983.0	1776545391.822823	0.0	1.0	-1.0	-1.0	-1.0	-1.0	-1.0	-1.0	-1.0	-1.0	0.0	opened-hand	Open	1	calibration_20260418_134934	marker
-73581.345	-36132.03	-109570.905	-19671.165	0.0	0.0	0.0	0.0	0.0	0.0	0.0	0.0	0.0	0.0	0.0	0.0	0.0	0.0	47.37931034482761	0.0	0.04650867	-0.036376860000000004	1.01745345	2.2127	-0.06104	0.48832	3499984.0	1776545391.822829	0.0	1.0	-1.0	-1.0	-1.0	-1.0	-1.0	-1.0	-1.0	-1.0	0.0	opened-hand	Open	1	calibration_20260418_134934	marker
-73608.61499999999	-36130.5	-109507.995	-19619.684999999998	0.0	0.0	0.0	0.0	0.0	0.0	0.0	0.0	0.0	0.0	0.0	0.0	0.0	0.0	47.37931034482761	0.0	0.050475945	-0.03869619	1.019101395	3.18934	0.06104	1.46496	3499985.0	1776545391.822836	0.0	1.0	-1.0	-1.0	-1.0	-1.0	-1.0	-1.0	-1.0	-1.0	0.0	opened-hand	Open	1	calibration_20260418_134934	marker
-73604.25	-36124.335	-109447.965	-19565.864999999998	0.0	0.0	0.0	0.0	0.0	0.0	0.0	0.0	0.0	0.0	0.0	0.0	0.0	0.0	47.37931034482761	0.0	0.050475945	-0.03869619	1.019101395	3.18934	0.06104	1.46496	3499986.0	1776545391.822842	0.0	1.0	-1.0	-1.0	-1.0	-1.0	-1.0	-1.0	-1.0	-1.0	0.0	opened-hand	Open	1	calibration_20260418_134934	marker
-73668.42	-36124.965	-109548.26999999999	-19646.864999999998	0.0	0.0	0.0	0.0	0.0	0.0	0.0	0.0	0.0	0.0	0.0	0.0	0.0	0.0	47.37931034482761	0.0	0.050475945	-0.03869619	1.019101395	3.18934	0.06104	1.46496	3499987.0	1776545391.822849	0.0	1.0	-1.0	-1.0	-1.0	-1.0	-1.0	-1.0	-1.0	-1.0	0.0	opened-hand	Open	1	calibration_20260418_134934	marker
-73725.39	-36124.875	-109667.205	-19773.765	0.0	0.0	0.0	0.0	0.0	0.0	0.0	0.0	0.0	0.0	0.0	0.0	0.0	0.0	47.37931034482761	0.0	0.050475945	-0.03869619	1.019101395	3.18934	0.06104	1.46496	3499988.0	1776545391.822855	0.0	1.0	-1.0	-1.0	-1.0	-1.0	-1.0	-1.0	-1.0	-1.0	0.0	opened-hand	Open	1	calibration_20260418_134934	marker
-73688.76	-36120.15	-109637.595	-19754.954999999998	0.0	0.0	0.0	0.0	0.0	0.0	0.0	0.0	0.0	0.0	0.0	0.0	0.0	0.0	47.37931034482761	0.0	0.050475945	-0.03869619	1.019101395	3.18934	0.06104	1.46496	3499989.0	1776545391.822862	0.0	1.0	-1.0	-1.0	-1.0	-1.0	-1.0	-1.0	-1.0	-1.0	0.0	opened-hand	Open	1	calibration_20260418_134934	marker
-73757.655	-36122.67	-109638.81	-19759.454999999998	0.0	0.0	0.0	0.0	0.0	0.0	0.0	0.0	0.0	0.0	0.0	0.0	0.0	0.0	47.37931034482761	0.0	0.050475945	-0.03869619	1.019101395	3.18934	0.06104	1.46496	3499990.0	1776545391.822868	0.0	1.0	-1.0	-1.0	-1.0	-1.0	-1.0	-1.0	-1.0	-1.0	0.0	opened-hand	Open	1	calibration_20260418_134934	marker
-73647.27	-36118.89	-109588.14	-19699.065	0.0	0.0	0.0	0.0	0.0	0.0	0.0	0.0	0.0	0.0	0.0	0.0	0.0	0.0	47.37931034482761	0.0	0.050475945	-0.03869619	1.019101395	3.18934	0.06104	1.46496	3499991.0	1776545391.822875	0.0	1.0	-1.0	-1.0	-1.0	-1.0	-1.0	-1.0	-1.0	-1.0	0.0	opened-hand	Open	1	calibration_20260418_134934	marker
-73569.23999999999	-36119.205	-109552.14	-19653.12	0.0	0.0	0.0	0.0	0.0	0.0	0.0	0.0	0.0	0.0	0.0	0.0	0.0	0.0	47.37931034482761	0.0	0.050475945	-0.03869619	1.019101395	3.18934	0.06104	1.46496	3499992.0	1776545391.822881	0.0	1.0	-1.0	-1.0	-1.0	-1.0	-1.0	-1.0	-1.0	-1.0	0.0	opened-hand	Open	1	calibration_20260418_134934	marker
-73668.42	-36125.145	-109614.87	-19706.94	0.0	0.0	0.0	0.0	0.0	0.0	0.0	0.0	0.0	0.0	0.0	0.0	0.0	0.0	47.37931034482761	0.0	0.050475945	-0.03869619	1.019101395	3.18934	0.06104	1.46496	3499993.0	1776545391.822888	0.0	1.0	-1.0	-1.0	-1.0	-1.0	-1.0	-1.0	-1.0	-1.0	0.0	opened-hand	Open	1	calibration_20260418_134934	marker
-73755.09	-36128.88	-109670.94	-19766.295	0.0	0.0	0.0	0.0	0.0	0.0	0.0	0.0	0.0	0.0	0.0	0.0	0.0	0.0	47.37931034482761	0.0	0.050475945	-0.03869619	1.019101395	3.18934	0.06104	1.46496	3499994.0	1776545391.822894	0.0	1.0	-1.0	-1.0	-1.0	-1.0	-1.0	-1.0	-1.0	-1.0	0.0	opened-hand	Open	1	calibration_20260418_134934	marker
-73621.62	-36120.645	-109576.44	-19694.25	0.0	0.0	0.0	0.0	0.0	0.0	0.0	0.0	0.0	0.0	0.0	0.0	0.0	0.0	47.37931034482761	0.0	0.05029284	-0.03881826	1.020566235	1.9990599999999998	-0.25942	1.1444999999999999	3499995.0	1776545391.822901	0.0	1.0	-1.0	-1.0	-1.0	-1.0	-1.0	-1.0	-1.0	-1.0	0.0	opened-hand	Open	1	calibration_20260418_134934	marker
-73602.765	-36114.479999999996	-109545.165	-19685.475	0.0	0.0	0.0	0.0	0.0	0.0	0.0	0.0	0.0	0.0	0.0	0.0	0.0	0.0	47.37931034482761	0.0	0.05029284	-0.03881826	1.020566235	1.9990599999999998	-0.25942	1.1444999999999999	3499996.0	1776545391.822907	0.0	1.0	-1.0	-1.0	-1.0	-1.0	-1.0	-1.0	-1.0	-1.0	0.0	opened-hand	Open	1	calibration_20260418_134934	marker
-73638.855	-36112.814999999995	-109522.98	-19683.27	0.0	0.0	0.0	0.0	0.0	0.0	0.0	0.0	0.0	0.0	0.0	0.0	0.0	0.0	47.37931034482761	0.0	0.05029284	-0.03881826	1.020566235	1.9990599999999998	-0.25942	1.1444999999999999	3499997.0	1776545391.822914	0.0	1.0	-1.0	-1.0	-1.0	-1.0	-1.0	-1.0	-1.0	-1.0	0.0	opened-hand	Open	1	calibration_20260418_134934	marker
-73620.94499999999	-36108.72	-109514.655	-19639.62	0.0	0.0	0.0	0.0	0.0	0.0	0.0	0.0	0.0	0.0	0.0	0.0	0.0	0.0	47.37931034482761	0.0	0.05029284	-0.03881826	1.020566235	1.9990599999999998	-0.25942	1.1444999999999999	3499998.0	1776545391.82292	0.0	1.0	-1.0	-1.0	-1.0	-1.0	-1.0	-1.0	-1.0	-1.0	0.0	opened-hand	Open	1	calibration_20260418_134934	marker
-73692.09	-36114.795	-109635.25499999999	-19703.295	0.0	0.0	0.0	0.0	0.0	0.0	0.0	0.0	0.0	0.0	0.0	0.0	0.0	0.0	47.37931034482761	0.0	0.05029284	-0.03881826	1.020566235	1.9990599999999998	-0.25942	1.1444999999999999	3499999.0	1776545391.822927	0.0	1.0	-1.0	-1.0	-1.0	-1.0	-1.0	-1.0	-1.0	-1.0	0.0	opened-hand	Open	1	calibration_20260418_134934	marker
-73737.54	-36125.1	-109687.59	-19758.105	0.0	0.0	0.0	0.0	0.0	0.0	0.0	0.0	0.0	0.0	0.0	0.0	0.0	0.0	47.37931034482761	0.0	0.05029284	-0.03881826	1.020566235	1.9990599999999998	-0.25942	1.1444999999999999	3500000.0	1776545391.822933	0.0	1.0	-1.0	-1.0	-1.0	-1.0	-1.0	-1.0	-1.0	-1.0	0.0	opened-hand	Open	1	calibration_20260418_134934	marker
-73620.09	-36122.58	-109565.055	-19665.315	0.0	0.0	0.0	0.0	0.0	0.0	0.0	0.0	0.0	0.0	0.0	0.0	0.0	0.0	47.37931034482761	0.0	0.05029284	-0.03881826	1.020566235	1.9990599999999998	-0.25942	1.1444999999999999	3500001.0	1776545391.82294	0.0	1.0	-1.0	-1.0	-1.0	-1.0	-1.0	-1.0	-1.0	-1.0	0.0	opened-hand	Open	1	calibration_20260418_134934	marker
-73595.295	-36118.89	-109541.925	-19642.14	0.0	0.0	0.0	0.0	0.0	0.0	0.0	0.0	0.0	0.0	0.0	0.0	0.0	0.0	47.37931034482761	0.0	0.05029284	-0.03881826	1.020566235	1.9990599999999998	-0.25942	1.1444999999999999	3500002.0	1776545391.822946	0.0	1.0	-1.0	-1.0	-1.0	-1.0	-1.0	-1.0	-1.0	-1.0	0.0	opened-hand	Open	1	calibration_20260418_134934	marker
-73679.04	-36119.43	-109622.87999999999	-19715.579999999998	0.0	0.0	0.0	0.0	0.0	0.0	0.0	0.0	0.0	0.0	0.0	0.0	0.0	0.0	47.37931034482761	0.0	0.05029284	-0.03881826	1.020566235	1.9990599999999998	-0.25942	1.1444999999999999	3500003.0	1776545391.822953	0.0	1.0	-1.0	-1.0	-1.0	-1.0	-1.0	-1.0	-1.0	-1.0	0.0	opened-hand	Open	1	calibration_20260418_134934	marker
-73694.43	-36117.9	-109631.43	-19727.055	0.0	0.0	0.0	0.0	0.0	0.0	0.0	0.0	0.0	0.0	0.0	0.0	0.0	0.0	47.37931034482761	0.0	0.05029284	-0.03881826	1.020566235	1.9990599999999998	-0.25942	1.1444999999999999	3500004.0	1776545391.822958	0.0	1.0	-1.0	-1.0	-1.0	-1.0	-1.0	-1.0	-1.0	-1.0	0.0	opened-hand	Open	1	calibration_20260418_134934	marker
-73609.69499999999	-36110.07	-109523.83499999999	-19615.14	0.0	0.0	0.0	0.0	0.0	0.0	0.0	0.0	0.0	0.0	0.0	0.0	0.0	0.0	47.37931034482761	0.0	0.049621455	-0.03881826	1.01916243	0.32045999999999997	-0.44254	0.47306	3500005.0	1776545391.822965	0.0	1.0	-1.0	-1.0	-1.0	-1.0	-1.0	-1.0	-1.0	-1.0	0.0	opened-hand	Open	1	calibration_20260418_134934	marker
-73596.78	-36106.02	-109498.76999999999	-19596.555	0.0	0.0	0.0	0.0	0.0	0.0	0.0	0.0	0.0	0.0	0.0	0.0	0.0	0.0	47.37931034482761	0.0	0.049621455	-0.03881826	1.01916243	0.32045999999999997	-0.44254	0.47306	3500006.0	1776545391.822971	0.0	1.0	-1.0	-1.0	-1.0	-1.0	-1.0	-1.0	-1.0	-1.0	0.0	opened-hand	Open	1	calibration_20260418_134934	marker
-73685.52	-36113.85	-109624.635	-19729.17	0.0	0.0	0.0	0.0	0.0	0.0	0.0	0.0	0.0	0.0	0.0	0.0	0.0	0.0	47.37931034482761	0.0	0.049621455	-0.03881826	1.01916243	0.32045999999999997	-0.44254	0.47306	3500007.0	1776545391.822978	0.0	1.0	-1.0	-1.0	-1.0	-1.0	-1.0	-1.0	-1.0	-1.0	0.0	opened-hand	Open	1	calibration_20260418_134934	marker
-73702.215	-36119.43	-109657.44	-19769.355	0.0	0.0	0.0	0.0	0.0	0.0	0.0	0.0	0.0	0.0	0.0	0.0	0.0	0.0	47.37931034482761	0.0	0.049621455	-0.03881826	1.01916243	0.32045999999999997	-0.44254	0.47306	3500008.0	1776545391.822984	0.0	1.0	-1.0	-1.0	-1.0	-1.0	-1.0	-1.0	-1.0	-1.0	0.0	opened-hand	Open	1	calibration_20260418_134934	marker
-73672.56	-36120.465	-109629.98999999999	-19744.38	0.0	0.0	0.0	0.0	0.0	0.0	0.0	0.0	0.0	0.0	0.0	0.0	0.0	0.0	47.37931034482761	0.0	0.049621455	-0.03881826	1.01916243	0.32045999999999997	-0.44254	0.47306	3500009.0	1776545391.822991	0.0	1.0	-1.0	-1.0	-1.0	-1.0	-1.0	-1.0	-1.0	-1.0	0.0	opened-hand	Open	1	calibration_20260418_134934	marker
-73626.795	-36115.29	-109578.69	-19678.23	0.0	0.0	0.0	0.0	0.0	0.0	0.0	0.0	0.0	0.0	0.0	0.0	0.0	0.0	47.37931034482761	0.0	0.049621455	-0.03881826	1.01916243	0.32045999999999997	-0.44254	0.47306	3500010.0	1776545391.822996	0.0	1.0	-1.0	-1.0	-1.0	-1.0	-1.0	-1.0	-1.0	-1.0	0.0	opened-hand	Open	1	calibration_20260418_134934	marker
-73588.995	-36108.045	-109513.75499999999	-19607.489999999998	0.0	0.0	0.0	0.0	0.0	0.0	0.0	0.0	0.0	0.0	0.0	0.0	0.0	0.0	47.37931034482761	0.0	0.049621455	-0.03881826	1.01916243	0.32045999999999997	-0.44254	0.47306	3500011.0	1776545391.823003	0.0	1.0	-1.0	-1.0	-1.0	-1.0	-1.0	-1.0	-1.0	-1.0	0.0	opened-hand	Open	1	calibration_20260418_134934	marker
-73635.165	-36107.28	-109513.70999999999	-19613.79	0.0	0.0	0.0	0.0	0.0	0.0	0.0	0.0	0.0	0.0	0.0	0.0	0.0	0.0	47.37931034482761	0.0	0.049621455	-0.03881826	1.01916243	0.32045999999999997	-0.44254	0.47306	3500012.0	1776545391.823009	0.0	1.0	-1.0	-1.0	-1.0	-1.0	-1.0	-1.0	-1.0	-1.0	0.0	opened-hand	Open	1	calibration_20260418_134934	marker
-73749.105	-36109.439999999995	-109643.175	-19733.13	0.0	0.0	0.0	0.0	0.0	0.0	0.0	0.0	0.0	0.0	0.0	0.0	0.0	0.0	47.37931034482761	0.0	0.049621455	-0.03881826	1.01916243	0.32045999999999997	-0.44254	0.47306	3500013.0	1776545391.823016	0.0	1.0	-1.0	-1.0	-1.0	-1.0	-1.0	-1.0	-1.0	-1.0	0.0	opened-hand	Open	1	calibration_20260418_134934	marker
-73729.035	-36108.314999999995	-109679.625	-19759.545	0.0	0.0	0.0	0.0	0.0	0.0	0.0	0.0	0.0	0.0	0.0	0.0	0.0	0.0	47.37931034482761	0.0	0.049621455	-0.03881826	1.01916243	0.32045999999999997	-0.44254	0.47306	3500014.0	1776545391.823021	0.0	1.0	-1.0	-1.0	-1.0	-1.0	-1.0	-1.0	-1.0	-1.0	0.0	opened-hand	Open	1	calibration_20260418_134934	marker
-73702.98	-36107.865	-109646.055	-19737.54	0.0	0.0	0.0	0.0	0.0	0.0	0.0	0.0	0.0	0.0	0.0	0.0	0.0	0.0	47.37931034482761	0.0	0.049316280000000004	-0.04345692	1.019223465	0.71722	-0.16785999999999998	0.7019599999999999	3500015.0	1776545391.823029	0.0	1.0	-1.0	-1.0	-1.0	-1.0	-1.0	-1.0	-1.0	-1.0	0.0	opened-hand	Open	1	calibration_20260418_134934	marker
-73681.155	-36105.93	-109592.86499999999	-19693.485	0.0	0.0	0.0	0.0	0.0	0.0	0.0	0.0	0.0	0.0	0.0	0.0	0.0	0.0	47.37931034482761	0.0	0.049316280000000004	-0.04345692	1.019223465	0.71722	-0.16785999999999998	0.7019599999999999	3500016.0	1776545391.823034	0.0	1.0	-1.0	-1.0	-1.0	-1.0	-1.0	-1.0	-1.0	-1.0	0.0	opened-hand	Open	1	calibration_20260418_134934	marker
-73583.73	-36104.13	-109496.83499999999	-19603.395	0.0	0.0	0.0	0.0	0.0	0.0	0.0	0.0	0.0	0.0	0.0	0.0	0.0	0.0	47.37931034482761	0.0	0.049316280000000004	-0.04345692	1.019223465	0.71722	-0.16785999999999998	0.7019599999999999	3500017.0	1776545391.825506	0.0	1.0	-1.0	-1.0	-1.0	-1.0	-1.0	-1.0	-1.0	-1.0	0.0	opened-hand	Open	1	calibration_20260418_134934	marker
-73633.68	-36113.625	-109606.275	-19718.37	0.0	0.0	0.0	0.0	0.0	0.0	0.0	0.0	0.0	0.0	0.0	0.0	0.0	0.0	47.37931034482761	0.0	0.049316280000000004	-0.04345692	1.019223465	0.71722	-0.16785999999999998	0.7019599999999999	3500018.0	1776545391.825525	0.0	1.0	-1.0	-1.0	-1.0	-1.0	-1.0	-1.0	-1.0	-1.0	0.0	opened-hand	Open	1	calibration_20260418_134934	marker
-73687.68	-36114.615	-109641.23999999999	-19761.795	0.0	0.0	0.0	0.0	0.0	0.0	0.0	0.0	0.0	0.0	0.0	0.0	0.0	0.0	47.37931034482761	0.0	0.049316280000000004	-0.04345692	1.019223465	0.71722	-0.16785999999999998	0.7019599999999999	3500019.0	1776545391.829167	0.0	1.0	-1.0	-1.0	-1.0	-1.0	-1.0	-1.0	-1.0	-1.0	0.0	opened-hand	Open	1	calibration_20260418_134934	marker
-73624.59	-36105.84	-109553.805	-19669.364999999998	0.0	0.0	0.0	0.0	0.0	0.0	0.0	0.0	0.0	0.0	0.0	0.0	0.0	0.0	47.37931034482761	0.0	0.049316280000000004	-0.04345692	1.019223465	0.71722	-0.16785999999999998	0.7019599999999999	3500020.0	1776545391.829182	0.0	1.0	-1.0	-1.0	-1.0	-1.0	-1.0	-1.0	-1.0	-1.0	0.0	opened-hand	Open	1	calibration_20260418_134934	marker
-73656.58499999999	-36104.49	-109586.83499999999	-19691.28	0.0	0.0	0.0	0.0	0.0	0.0	0.0	0.0	0.0	0.0	0.0	0.0	0.0	0.0	47.37931034482761	0.0	0.049316280000000004	-0.04345692	1.019223465	0.71722	-0.16785999999999998	0.7019599999999999	3500021.0	1776545391.833699	0.0	1.0	-1.0	-1.0	-1.0	-1.0	-1.0	-1.0	-1.0	-1.0	0.0	opened-hand	Open	1	calibration_20260418_134934	marker
-73682.50499999999	-36105.165	-109614.105	-19706.895	0.0	0.0	0.0	0.0	0.0	0.0	0.0	0.0	0.0	0.0	0.0	0.0	0.0	0.0	47.37931034482761	0.0	0.049316280000000004	-0.04345692	1.019223465	0.71722	-0.16785999999999998	0.7019599999999999	3500022.0	1776545391.833714	0.0	1.0	-1.0	-1.0	-1.0	-1.0	-1.0	-1.0	-1.0	-1.0	0.0	opened-hand	Open	1	calibration_20260418_134934	marker
-73702.305	-36108.674999999996	-109633.545	-19723.77	0.0	0.0	0.0	0.0	0.0	0.0	0.0	0.0	0.0	0.0	0.0	0.0	0.0	0.0	47.37931034482761	0.0	0.049316280000000004	-0.04345692	1.019223465	0.71722	-0.16785999999999998	0.7019599999999999	3500023.0	1776545391.837186	0.0	1.0	-1.0	-1.0	-1.0	-1.0	-1.0	-1.0	-1.0	-1.0	0.0	opened-hand	Open	1	calibration_20260418_134934	marker
-73656.27	-36108.54	-109562.94	-19675.844999999998	0.0	0.0	0.0	0.0	0.0	0.0	0.0	0.0	0.0	0.0	0.0	0.0	0.0	0.0	47.37931034482761	0.0	0.049316280000000004	-0.04345692	1.019223465	0.71722	-0.16785999999999998	0.7019599999999999	3500024.0	1776545391.8372	0.0	1.0	-1.0	-1.0	-1.0	-1.0	-1.0	-1.0	-1.0	-1.0	0.0	opened-hand	Open	1	calibration_20260418_134934	marker
-73666.305	-36114.165	-109611.22499999999	-19703.024999999998	0.0	0.0	0.0	0.0	0.0	0.0	0.0	0.0	0.0	0.0	0.0	0.0	0.0	0.0	47.37931034482761	0.0	0.049133175	-0.051086295000000004	1.018491045	3.69292	-0.07629999999999999	-0.07629999999999999	3500025.0	1776545391.845126	0.0	1.0	-1.0	-1.0	-1.0	-1.0	-1.0	-1.0	-1.0	-1.0	0.0	opened-hand	Open	1	calibration_20260418_134934	marker
-73596.915	-36117.045	-109597.00499999999	-19699.739999999998	0.0	0.0	0.0	0.0	0.0	0.0	0.0	0.0	0.0	0.0	0.0	0.0	0.0	0.0	47.37931034482761	0.0	0.049133175	-0.051086295000000004	1.018491045	3.69292	-0.07629999999999999	-0.07629999999999999	3500026.0	1776545391.845136	0.0	1.0	-1.0	-1.0	-1.0	-1.0	-1.0	-1.0	-1.0	-1.0	0.0	opened-hand	Open	1	calibration_20260418_134934	marker
-73660.995	-36119.88	-109619.86499999999	-19713.465	0.0	0.0	0.0	0.0	0.0	0.0	0.0	0.0	0.0	0.0	0.0	0.0	0.0	0.0	47.37931034482761	0.0	0.049133175	-0.051086295000000004	1.018491045	3.69292	-0.07629999999999999	-0.07629999999999999	3500027.0	1776545391.848064	0.0	1.0	-1.0	-1.0	-1.0	-1.0	-1.0	-1.0	-1.0	-1.0	0.0	opened-hand	Open	1	calibration_20260418_134934	marker
-73717.155	-36120.825	-109655.86499999999	-19748.79	0.0	0.0	0.0	0.0	0.0	0.0	0.0	0.0	0.0	0.0	0.0	0.0	0.0	0.0	47.37931034482761	0.0	0.049133175	-0.051086295000000004	1.018491045	3.69292	-0.07629999999999999	-0.07629999999999999	3500028.0	1776545391.848079	0.0	1.0	-1.0	-1.0	-1.0	-1.0	-1.0	-1.0	-1.0	-1.0	0.0	opened-hand	Open	1	calibration_20260418_134934	marker
-73682.81999999999	-36114.255	-109636.2	1.26	-92397.69	354546.495	267940.755	125251.2	0.0	0.0	0.0	0.0	0.0	0.0	0.0	0.0	0.0	0.0	47.37931034482761	0.0	0.049133175	-0.051086295000000004	1.018491045	3.69292	-0.07629999999999999	-0.07629999999999999	3500029.0	1776545391.853733	0.0	1.0	-1.0	-1.0	-1.0	-1.0	-1.0	-1.0	-1.0	-1.0	0.0	opened-hand	Open	1	calibration_20260418_134934	marker
-73640.025	-36105.75	-109614.465	-19709.28	0.0	0.0	0.0	0.0	0.0	0.0	0.0	0.0	0.0	0.0	0.0	0.0	0.0	0.0	47.37931034482761	0.0	0.049133175	-0.051086295000000004	1.018491045	3.69292	-0.07629999999999999	-0.07629999999999999	3500030.0	1776545391.853748	0.0	1.0	-1.0	-1.0	-1.0	-1.0	-1.0	-1.0	-1.0	-1.0	0.0	opened-hand	Open	1	calibration_20260418_134934	marker
-73626.165	-36109.17	-109638.58499999999	-19739.295	0.0	0.0	0.0	0.0	0.0	0.0	0.0	0.0	0.0	0.0	0.0	0.0	0.0	0.0	47.37931034482761	0.0	0.049133175	-0.051086295000000004	1.018491045	3.69292	-0.07629999999999999	-0.07629999999999999	3500031.0	1776545391.856722	0.0	1.0	-1.0	-1.0	-1.0	-1.0	-1.0	-1.0	-1.0	-1.0	0.0	opened-hand	Open	1	calibration_20260418_134934	marker
-73578.645	-36106.92	-109580.355	-19679.94	0.0	0.0	0.0	0.0	0.0	0.0	0.0	0.0	0.0	0.0	0.0	0.0	0.0	0.0	47.37931034482761	0.0	0.049133175	-0.051086295000000004	1.018491045	3.69292	-0.07629999999999999	-0.07629999999999999	3500032.0	1776545391.856731	0.0	1.0	-1.0	-1.0	-1.0	-1.0	-1.0	-1.0	-1.0	-1.0	0.0	opened-hand	Open	1	calibration_20260418_134934	marker
-73679.805	-36110.07	-109561.815	-19650.645	0.0	0.0	0.0	0.0	0.0	0.0	0.0	0.0	0.0	0.0	0.0	0.0	0.0	0.0	47.37931034482761	0.0	0.049133175	-0.051086295000000004	1.018491045	3.69292	-0.07629999999999999	-0.07629999999999999	3500033.0	1776545391.860134	0.0	1.0	-1.0	-1.0	-1.0	-1.0	-1.0	-1.0	-1.0	-1.0	0.0	opened-hand	Open	1	calibration_20260418_134934	marker
-73689.56999999999	-36112.59	-109565.86499999999	-19664.055	0.0	0.0	0.0	0.0	0.0	0.0	0.0	0.0	0.0	0.0	0.0	0.0	0.0	0.0	47.37931034482761	0.0	0.049133175	-0.051086295000000004	1.018491045	3.69292	-0.07629999999999999	-0.07629999999999999	3500034.0	1776545391.860149	0.0	1.0	-1.0	-1.0	-1.0	-1.0	-1.0	-1.0	-1.0	-1.0	0.0	opened-hand	Open	1	calibration_20260418_134934	marker
-73693.215	-36113.58	-109646.64	-19745.774999999998	0.0	0.0	0.0	0.0	0.0	0.0	0.0	0.0	0.0	0.0	0.0	0.0	0.0	0.0	47.37931034482761	0.0	0.049987665	-0.049743525000000004	1.01916243	5.63094	0.04578	0.73248	3500035.0	1776545391.961644	0.0	1.0	-1.0	-1.0	-1.0	-1.0	-1.0	-1.0	-1.0	-1.0	0.0	opened-hand	Open	1	calibration_20260418_134934	marker
-73659.06	-36109.979999999996	-109650.87	-19750.77	0.0	0.0	0.0	0.0	0.0	0.0	0.0	0.0	0.0	0.0	0.0	0.0	0.0	0.0	47.37931034482761	0.0	0.049987665	-0.049743525000000004	1.01916243	5.63094	0.04578	0.73248	3500036.0	1776545391.96168	0.0	1.0	-1.0	-1.0	-1.0	-1.0	-1.0	-1.0	-1.0	-1.0	0.0	opened-hand	Open	1	calibration_20260418_134934	marker
-73621.125	-36103.77	-109559.51999999999	-19654.469999999998	0.0	0.0	0.0	0.0	0.0	0.0	0.0	0.0	0.0	0.0	0.0	0.0	0.0	0.0	47.37931034482761	0.0	0.049987665	-0.049743525000000004	1.01916243	5.63094	0.04578	0.73248	3500037.0	1776545391.961727	0.0	1.0	-1.0	-1.0	-1.0	-1.0	-1.0	-1.0	-1.0	-1.0	0.0	opened-hand	Open	1	calibration_20260418_134934	marker
-73639.485	-36106.29	-109585.34999999999	-19683.495	0.0	0.0	0.0	0.0	0.0	0.0	0.0	0.0	0.0	0.0	0.0	0.0	0.0	0.0	47.37931034482761	0.0	0.049987665	-0.049743525000000004	1.01916243	5.63094	0.04578	0.73248	3500038.0	1776545391.961735	0.0	1.0	-1.0	-1.0	-1.0	-1.0	-1.0	-1.0	-1.0	-1.0	0.0	opened-hand	Open	1	calibration_20260418_134934	marker
-73706.44499999999	-36112.77	-109639.44	-19739.34	0.0	0.0	0.0	0.0	0.0	0.0	0.0	0.0	0.0	0.0	0.0	0.0	0.0	0.0	47.37931034482761	0.0	0.049987665	-0.049743525000000004	1.01916243	5.63094	0.04578	0.73248	3500039.0	1776545391.961765	0.0	1.0	-1.0	-1.0	-1.0	-1.0	-1.0	-1.0	-1.0	-1.0	0.0	opened-hand	Open	1	calibration_20260418_134934	marker
-73686.15	-36113.985	-109606.14	-19703.969999999998	0.0	0.0	0.0	0.0	0.0	0.0	0.0	0.0	0.0	0.0	0.0	0.0	0.0	0.0	47.37931034482761	0.0	0.049987665	-0.049743525000000004	1.01916243	5.63094	0.04578	0.73248	3500040.0	1776545391.961772	0.0	1.0	-1.0	-1.0	-1.0	-1.0	-1.0	-1.0	-1.0	-1.0	0.0	opened-hand	Open	1	calibration_20260418_134934	marker
-73636.02	-36115.83	-109582.245	-19684.89	0.0	0.0	0.0	0.0	0.0	0.0	0.0	0.0	0.0	0.0	0.0	0.0	0.0	0.0	47.37931034482761	0.0	0.049987665	-0.049743525000000004	1.01916243	5.63094	0.04578	0.73248	3500041.0	1776545391.961809	0.0	1.0	-1.0	-1.0	-1.0	-1.0	-1.0	-1.0	-1.0	-1.0	0.0	opened-hand	Open	1	calibration_20260418_134934	marker
-73651.59	-36120.465	-109614.78	-19711.305	0.0	0.0	0.0	0.0	0.0	0.0	0.0	0.0	0.0	0.0	0.0	0.0	0.0	0.0	47.37931034482761	0.0	0.049987665	-0.049743525000000004	1.01916243	5.63094	0.04578	0.73248	3500042.0	1776545391.961816	0.0	1.0	-1.0	-1.0	-1.0	-1.0	-1.0	-1.0	-1.0	-1.0	0.0	opened-hand	Open	1	calibration_20260418_134934	marker
-73670.265	-36120.555	-109602.135	-19688.579999999998	0.0	0.0	0.0	0.0	0.0	0.0	0.0	0.0	0.0	0.0	0.0	0.0	0.0	0.0	47.37931034482761	0.0	0.049987665	-0.049743525000000004	1.01916243	5.63094	0.04578	0.73248	3500043.0	1776545391.961826	0.0	1.0	-1.0	-1.0	-1.0	-1.0	-1.0	-1.0	-1.0	-1.0	0.0	opened-hand	Open	1	calibration_20260418_134934	marker
-73623.87	-36115.47	-109522.845	-19628.82	0.0	0.0	0.0	0.0	0.0	0.0	0.0	0.0	0.0	0.0	0.0	0.0	0.0	0.0	47.37931034482761	0.0	0.049987665	-0.049743525000000004	1.01916243	5.63094	0.04578	0.73248	3500044.0	1776545391.961833	0.0	1.0	-1.0	-1.0	-1.0	-1.0	-1.0	-1.0	-1.0	-1.0	0.0	opened-hand	Open	1	calibration_20260418_134934	marker
-73668.105	-36118.619999999995	-109564.11	-19686.78	0.0	0.0	0.0	0.0	0.0	0.0	0.0	0.0	0.0	0.0	0.0	0.0	0.0	0.0	47.37931034482761	0.0	0.04711902	-0.04052724	1.020200025	3.11304	-0.19838	0.13734	3500045.0	1776545391.961843	0.0	1.0	-1.0	-1.0	-1.0	-1.0	-1.0	-1.0	-1.0	-1.0	0.0	opened-hand	Open	1	calibration_20260418_134934	marker
-73626.705	-36115.965	-109586.34	-19700.055	0.0	0.0	0.0	0.0	0.0	0.0	0.0	0.0	0.0	0.0	0.0	0.0	0.0	0.0	47.37931034482761	0.0	0.04711902	-0.04052724	1.020200025	3.11304	-0.19838	0.13734	3500046.0	1776545391.96185	0.0	1.0	-1.0	-1.0	-1.0	-1.0	-1.0	-1.0	-1.0	-1.0	0.0	opened-hand	Open	1	calibration_20260418_134934	marker
-73578.42	-36114.93	-109589.58	-19672.38	0.0	0.0	0.0	0.0	0.0	0.0	0.0	0.0	0.0	0.0	0.0	0.0	0.0	0.0	47.37931034482761	0.0	0.04711902	-0.04052724	1.020200025	3.11304	-0.19838	0.13734	3500047.0	1776545391.961858	0.0	1.0	-1.0	-1.0	-1.0	-1.0	-1.0	-1.0	-1.0	-1.0	0.0	opened-hand	Open	1	calibration_20260418_134934	marker
-73593.81	-36116.235	-109560.87	-19624.815	0.0	0.0	0.0	0.0	0.0	0.0	0.0	0.0	0.0	0.0	0.0	0.0	0.0	0.0	47.37931034482761	0.0	0.04711902	-0.04052724	1.020200025	3.11304	-0.19838	0.13734	3500048.0	1776545391.961865	0.0	1.0	-1.0	-1.0	-1.0	-1.0	-1.0	-1.0	-1.0	-1.0	0.0	opened-hand	Open	1	calibration_20260418_134934	marker
-73708.605	-36126.09	-109640.06999999999	-19732.77	0.0	0.0	0.0	0.0	0.0	0.0	0.0	0.0	0.0	0.0	0.0	0.0	0.0	0.0	47.37931034482761	0.0	0.04711902	-0.04052724	1.020200025	3.11304	-0.19838	0.13734	3500049.0	1776545391.961873	0.0	1.0	-1.0	-1.0	-1.0	-1.0	-1.0	-1.0	-1.0	-1.0	0.0	opened-hand	Open	1	calibration_20260418_134934	marker
-73712.205	-36125.01	-109643.355	-19737.899999999998	0.0	0.0	0.0	0.0	0.0	0.0	0.0	0.0	0.0	0.0	0.0	0.0	0.0	0.0	47.37931034482761	0.0	0.04711902	-0.04052724	1.020200025	3.11304	-0.19838	0.13734	3500050.0	1776545391.961879	0.0	1.0	-1.0	-1.0	-1.0	-1.0	-1.0	-1.0	-1.0	-1.0	0.0	opened-hand	Open	1	calibration_20260418_134934	marker
-73711.125	-36119.475	-109644.93	-19728.945	0.0	0.0	0.0	0.0	0.0	0.0	0.0	0.0	0.0	0.0	0.0	0.0	0.0	0.0	47.37931034482761	0.0	0.04711902	-0.04052724	1.020200025	3.11304	-0.19838	0.13734	3500051.0	1776545391.961887	0.0	1.0	-1.0	-1.0	-1.0	-1.0	-1.0	-1.0	-1.0	-1.0	0.0	opened-hand	Open	1	calibration_20260418_134934	marker
-73680.84	-36117.945	-109615.635	-19700.684999999998	0.0	0.0	0.0	0.0	0.0	0.0	0.0	0.0	0.0	0.0	0.0	0.0	0.0	0.0	47.37931034482761	0.0	0.04711902	-0.04052724	1.020200025	3.11304	-0.19838	0.13734	3500052.0	1776545391.961894	0.0	1.0	-1.0	-1.0	-1.0	-1.0	-1.0	-1.0	-1.0	-1.0	0.0	opened-hand	Open	1	calibration_20260418_134934	marker
-73674.54	-36116.595	-109614.375	-19700.91	0.0	0.0	0.0	0.0	0.0	0.0	0.0	0.0	0.0	0.0	0.0	0.0	0.0	0.0	47.37931034482761	0.0	0.04711902	-0.04052724	1.020200025	3.11304	-0.19838	0.13734	3500053.0	1776545391.961903	0.0	1.0	-1.0	-1.0	-1.0	-1.0	-1.0	-1.0	-1.0	-1.0	0.0	opened-hand	Open	1	calibration_20260418_134934	marker
-73671.345	-36114.57	-109618.47	-19710.855	0.0	0.0	0.0	0.0	0.0	0.0	0.0	0.0	0.0	0.0	0.0	0.0	0.0	0.0	47.37931034482761	0.0	0.04711902	-0.04052724	1.020200025	3.11304	-0.19838	0.13734	3500054.0	1776545391.961909	0.0	1.0	-1.0	-1.0	-1.0	-1.0	-1.0	-1.0	-1.0	-1.0	0.0	opened-hand	Open	1	calibration_20260418_134934	marker
-73654.65	-36113.265	-109586.925	-19692.765	0.0	0.0	0.0	0.0	0.0	0.0	0.0	0.0	0.0	0.0	0.0	0.0	0.0	0.0	47.37931034482761	0.0	0.047790405	-0.034484775	1.019101395	0.51884	-0.79352	-0.13734	3500055.0	1776545391.961918	0.0	1.0	-1.0	-1.0	-1.0	-1.0	-1.0	-1.0	-1.0	-1.0	0.0	opened-hand	Open	1	calibration_20260418_134934	marker
-73597.31999999999	-36110.744999999995	-109522.44	-19632.239999999998	0.0	0.0	0.0	0.0	0.0	0.0	0.0	0.0	0.0	0.0	0.0	0.0	0.0	0.0	47.37931034482761	0.0	0.047790405	-0.034484775	1.019101395	0.51884	-0.79352	-0.13734	3500056.0	1776545391.961925	0.0	1.0	-1.0	-1.0	-1.0	-1.0	-1.0	-1.0	-1.0	-1.0	0.0	opened-hand	Open	1	calibration_20260418_134934	marker
-73530.135	-36107.64	-109462.36499999999	-19541.655	0.0	0.0	0.0	0.0	0.0	0.0	0.0	0.0	0.0	0.0	0.0	0.0	0.0	0.0	47.37931034482761	0.0	0.047790405	-0.034484775	1.019101395	0.51884	-0.79352	-0.13734	3500057.0	1776545391.961933	0.0	1.0	-1.0	-1.0	-1.0	-1.0	-1.0	-1.0	-1.0	-1.0	0.0	opened-hand	Open	1	calibration_20260418_134934	marker
-73624.31999999999	-36111.825	-109500.795	-19561.23	0.0	0.0	0.0	0.0	0.0	0.0	0.0	0.0	0.0	0.0	0.0	0.0	0.0	0.0	47.37931034482761	0.0	0.047790405	-0.034484775	1.019101395	0.51884	-0.79352	-0.13734	3500058.0	1776545391.961939	0.0	1.0	-1.0	-1.0	-1.0	-1.0	-1.0	-1.0	-1.0	-1.0	0.0	opened-hand	Open	1	calibration_20260418_134934	marker
-73689.48	-36114.39	-109574.50499999999	-19653.614999999998	0.0	0.0	0.0	0.0	0.0	0.0	0.0	0.0	0.0	0.0	0.0	0.0	0.0	0.0	47.37931034482761	0.0	0.047790405	-0.034484775	1.019101395	0.51884	-0.79352	-0.13734	3500059.0	1776545391.961947	0.0	1.0	-1.0	-1.0	-1.0	-1.0	-1.0	-1.0	-1.0	-1.0	0.0	opened-hand	Open	1	calibration_20260418_134934	marker
-73703.295	-36116.055	-109690.01999999999	-19789.38	0.0	0.0	0.0	0.0	0.0	0.0	0.0	0.0	0.0	0.0	0.0	0.0	0.0	0.0	47.37931034482761	0.0	0.047790405	-0.034484775	1.019101395	0.51884	-0.79352	-0.13734	3500060.0	1776545391.961954	0.0	1.0	-1.0	-1.0	-1.0	-1.0	-1.0	-1.0	-1.0	-1.0	0.0	opened-hand	Open	1	calibration_20260418_134934	marker
-73724.805	-36114.119999999995	-109706.44499999999	-19789.02	0.0	0.0	0.0	0.0	0.0	0.0	0.0	0.0	0.0	0.0	0.0	0.0	0.0	0.0	47.37931034482761	0.0	0.047790405	-0.034484775	1.019101395	0.51884	-0.79352	-0.13734	3500061.0	1776545391.961962	0.0	1.0	-1.0	-1.0	-1.0	-1.0	-1.0	-1.0	-1.0	-1.0	0.0	opened-hand	Open	1	calibration_20260418_134934	marker
-73683.0	-36105.57	-109632.87	-19724.04	0.0	0.0	0.0	0.0	0.0	0.0	0.0	0.0	0.0	0.0	0.0	0.0	0.0	0.0	47.37931034482761	0.0	0.047790405	-0.034484775	1.019101395	0.51884	-0.79352	-0.13734	3500062.0	1776545391.961969	0.0	1.0	-1.0	-1.0	-1.0	-1.0	-1.0	-1.0	-1.0	-1.0	0.0	opened-hand	Open	1	calibration_20260418_134934	marker
-73706.12999999999	-36102.24	-109588.455	-19694.79	0.0	0.0	0.0	0.0	0.0	0.0	0.0	0.0	0.0	0.0	0.0	0.0	0.0	0.0	47.37931034482761	0.0	0.047790405	-0.034484775	1.019101395	0.51884	-0.79352	-0.13734	3500063.0	1776545391.961979	0.0	1.0	-1.0	-1.0	-1.0	-1.0	-1.0	-1.0	-1.0	-1.0	0.0	opened-hand	Open	1	calibration_20260418_134934	marker
-73633.905	-36098.369999999995	-109520.55	-19611.495	0.0	0.0	0.0	0.0	0.0	0.0	0.0	0.0	0.0	0.0	0.0	0.0	0.0	0.0	47.37931034482761	0.0	0.047790405	-0.034484775	1.019101395	0.51884	-0.79352	-0.13734	3500064.0	1776545391.961985	0.0	1.0	-1.0	-1.0	-1.0	-1.0	-1.0	-1.0	-1.0	-1.0	0.0	opened-hand	Open	1	calibration_20260418_134934	marker
-73534.95	-36093.915	-109416.19499999999	-19489.23	0.0	0.0	0.0	0.0	0.0	0.0	0.0	0.0	0.0	0.0	0.0	0.0	0.0	0.0	47.37931034482761	0.0	0.052795275	-0.037780665	1.016537925	1.4191799999999999	-0.19838	0.3815	3500065.0	1776545391.962001	0.0	1.0	-1.0	-1.0	-1.0	-1.0	-1.0	-1.0	-1.0	-1.0	0.0	opened-hand	Open	1	calibration_20260418_134934	marker
-73681.69499999999	-36108.81	-109635.705	-19710.27	0.0	0.0	0.0	0.0	0.0	0.0	0.0	0.0	0.0	0.0	0.0	0.0	0.0	0.0	47.37931034482761	0.0	0.052795275	-0.037780665	1.016537925	1.4191799999999999	-0.19838	0.3815	3500066.0	1776545391.962017	0.0	1.0	-1.0	-1.0	-1.0	-1.0	-1.0	-1.0	-1.0	-1.0	0.0	opened-hand	Open	1	calibration_20260418_134934	marker
-73652.22	-36113.939999999995	-109706.04	-19822.274999999998	0.0	0.0	0.0	0.0	0.0	0.0	0.0	0.0	0.0	0.0	0.0	0.0	0.0	0.0	47.37931034482761	0.0	0.052795275	-0.037780665	1.016537925	1.4191799999999999	-0.19838	0.3815	3500067.0	1776545391.962037	0.0	1.0	-1.0	-1.0	-1.0	-1.0	-1.0	-1.0	-1.0	-1.0	0.0	opened-hand	Open	1	calibration_20260418_134934	marker
-73634.67	-36111.915	-109628.775	-19733.85	0.0	0.0	0.0	0.0	0.0	0.0	0.0	0.0	0.0	0.0	0.0	0.0	0.0	0.0	47.37931034482761	0.0	0.052795275	-0.037780665	1.016537925	1.4191799999999999	-0.19838	0.3815	3500068.0	1776545391.962053	0.0	1.0	-1.0	-1.0	-1.0	-1.0	-1.0	-1.0	-1.0	-1.0	0.0	opened-hand	Open	1	calibration_20260418_134934	marker
-73627.73999999999	-36109.395	-109617.75	-19711.844999999998	0.0	0.0	0.0	0.0	0.0	0.0	0.0	0.0	0.0	0.0	0.0	0.0	0.0	0.0	47.37931034482761	0.0	0.052795275	-0.037780665	1.016537925	1.4191799999999999	-0.19838	0.3815	3500069.0	1776545391.962093	0.0	1.0	-1.0	-1.0	-1.0	-1.0	-1.0	-1.0	-1.0	-1.0	0.0	opened-hand	Open	1	calibration_20260418_134934	marker
-73706.895	-36109.755	-109696.23	-19782.54	0.0	0.0	0.0	0.0	0.0	0.0	0.0	0.0	0.0	0.0	0.0	0.0	0.0	0.0	47.37931034482761	0.0	0.052795275	-0.037780665	1.016537925	1.4191799999999999	-0.19838	0.3815	3500070.0	1776545391.962111	0.0	1.0	-1.0	-1.0	-1.0	-1.0	-1.0	-1.0	-1.0	-1.0	0.0	opened-hand	Open	1	calibration_20260418_134934	marker
-73752.075	-36110.79	-109700.73	-19781.91	0.0	0.0	0.0	0.0	0.0	0.0	0.0	0.0	0.0	0.0	0.0	0.0	0.0	0.0	47.37931034482761	0.0	0.052795275	-0.037780665	1.016537925	1.4191799999999999	-0.19838	0.3815	3500071.0	1776545391.962132	0.0	1.0	-1.0	-1.0	-1.0	-1.0	-1.0	-1.0	-1.0	-1.0	0.0	opened-hand	Open	1	calibration_20260418_134934	marker
-73687.77	-36109.485	-109621.575	-19712.79	0.0	0.0	0.0	0.0	0.0	0.0	0.0	0.0	0.0	0.0	0.0	0.0	0.0	0.0	47.37931034482761	0.0	0.052795275	-0.037780665	1.016537925	1.4191799999999999	-0.19838	0.3815	3500072.0	1776545391.962148	0.0	1.0	-1.0	-1.0	-1.0	-1.0	-1.0	-1.0	-1.0	-1.0	0.0	opened-hand	Open	1	calibration_20260418_134934	marker
-73658.87999999999	-36112.365	-109600.37999999999	-19684.8	0.0	0.0	0.0	0.0	0.0	0.0	0.0	0.0	0.0	0.0	0.0	0.0	0.0	0.0	47.37931034482761	0.0	0.052795275	-0.037780665	1.016537925	1.4191799999999999	-0.19838	0.3815	3500073.0	1776545391.962169	0.0	1.0	-1.0	-1.0	-1.0	-1.0	-1.0	-1.0	-1.0	-1.0	0.0	opened-hand	Open	1	calibration_20260418_134934	marker
-73658.16	-36117.99	-109641.51	-19731.465	0.0	0.0	0.0	0.0	0.0	0.0	0.0	0.0	0.0	0.0	0.0	0.0	0.0	0.0	47.37931034482761	0.0	0.052795275	-0.037780665	1.016537925	1.4191799999999999	-0.19838	0.3815	3500074.0	1776545391.962185	0.0	1.0	-1.0	-1.0	-1.0	-1.0	-1.0	-1.0	-1.0	-1.0	0.0	opened-hand	Open	1	calibration_20260418_134934	marker
-73654.155	-36118.575	-109611.045	-19704.555	0.0	0.0	0.0	0.0	0.0	0.0	0.0	0.0	0.0	0.0	0.0	0.0	0.0	0.0	47.37931034482761	0.0	0.05566392	-0.04406727	1.0167820650000001	4.18124	0.21364	0.2289	3500075.0	1776545391.962205	0.0	1.0	-1.0	-1.0	-1.0	-1.0	-1.0	-1.0	-1.0	-1.0	0.0	opened-hand	Open	1	calibration_20260418_134934	marker
-73637.415	-36115.38	-109563.075	-19654.245	0.0	0.0	0.0	0.0	0.0	0.0	0.0	0.0	0.0	0.0	0.0	0.0	0.0	0.0	47.37931034482761	0.0	0.05566392	-0.04406727	1.0167820650000001	4.18124	0.21364	0.2289	3500076.0	1776545391.962222	0.0	1.0	-1.0	-1.0	-1.0	-1.0	-1.0	-1.0	-1.0	-1.0	0.0	opened-hand	Open	1	calibration_20260418_134934	marker
-73647.62999999999	-36115.92	-109586.43	-19675.44	0.0	0.0	0.0	0.0	0.0	0.0	0.0	0.0	0.0	0.0	0.0	0.0	0.0	0.0	47.37931034482761	0.0	0.05566392	-0.04406727	1.0167820650000001	4.18124	0.21364	0.2289	3500077.0	1776545391.962242	0.0	1.0	-1.0	-1.0	-1.0	-1.0	-1.0	-1.0	-1.0	-1.0	0.0	opened-hand	Open	1	calibration_20260418_134934	marker
-73669.815	-36111.78	-109591.29	-19678.905	0.0	0.0	0.0	0.0	0.0	0.0	0.0	0.0	0.0	0.0	0.0	0.0	0.0	0.0	47.37931034482761	0.0	0.05566392	-0.04406727	1.0167820650000001	4.18124	0.21364	0.2289	3500078.0	1776545391.962259	0.0	1.0	-1.0	-1.0	-1.0	-1.0	-1.0	-1.0	-1.0	-1.0	0.0	opened-hand	Open	1	calibration_20260418_134934	marker
-73696.23	-36108.72	-109645.78499999999	-19747.755	0.0	0.0	0.0	0.0	0.0	0.0	0.0	0.0	0.0	0.0	0.0	0.0	0.0	0.0	47.37931034482761	0.0	0.05566392	-0.04406727	1.0167820650000001	4.18124	0.21364	0.2289	3500079.0	1776545391.96228	0.0	1.0	-1.0	-1.0	-1.0	-1.0	-1.0	-1.0	-1.0	-1.0	0.0	opened-hand	Open	1	calibration_20260418_134934	marker
-73687.455	-36107.595	-109644.25499999999	-19742.445	0.0	0.0	0.0	0.0	0.0	0.0	0.0	0.0	0.0	0.0	0.0	0.0	0.0	0.0	47.37931034482761	0.0	0.05566392	-0.04406727	1.0167820650000001	4.18124	0.21364	0.2289	3500080.0	1776545391.962296	0.0	1.0	-1.0	-1.0	-1.0	-1.0	-1.0	-1.0	-1.0	-1.0	0.0	opened-hand	Open	1	calibration_20260418_134934	marker
-73665.45	-36109.305	-109644.345	-19737.09	0.0	0.0	0.0	0.0	0.0	0.0	0.0	0.0	0.0	0.0	0.0	0.0	0.0	0.0	47.37931034482761	0.0	0.05566392	-0.04406727	1.0167820650000001	4.18124	0.21364	0.2289	3500081.0	1776545391.962316	0.0	1.0	-1.0	-1.0	-1.0	-1.0	-1.0	-1.0	-1.0	-1.0	0.0	opened-hand	Open	1	calibration_20260418_134934	marker
-73644.705	-36112.049999999996	-109621.44	-19713.105	0.0	0.0	0.0	0.0	0.0	0.0	0.0	0.0	0.0	0.0	0.0	0.0	0.0	0.0	47.37931034482761	0.0	0.05566392	-0.04406727	1.0167820650000001	4.18124	0.21364	0.2289	3500082.0	1776545391.962333	0.0	1.0	-1.0	-1.0	-1.0	-1.0	-1.0	-1.0	-1.0	-1.0	0.0	opened-hand	Open	1	calibration_20260418_134934	marker
-73651.455	-36113.939999999995	-109603.98	-19692.315	0.0	0.0	0.0	0.0	0.0	0.0	0.0	0.0	0.0	0.0	0.0	0.0	0.0	0.0	47.37931034482761	0.0	0.05566392	-0.04406727	1.0167820650000001	4.18124	0.21364	0.2289	3500083.0	1776545391.963	0.0	1.0	-1.0	-1.0	-1.0	-1.0	-1.0	-1.0	-1.0	-1.0	0.0	opened-hand	Open	1	calibration_20260418_134934	marker
-73641.915	-36111.33	-109556.955	-19652.265	0.0	0.0	0.0	0.0	0.0	0.0	0.0	0.0	0.0	0.0	0.0	0.0	0.0	0.0	47.37931034482761	0.0	0.05566392	-0.04406727	1.0167820650000001	4.18124	0.21364	0.2289	3500084.0	1776545391.963035	0.0	1.0	-1.0	-1.0	-1.0	-1.0	-1.0	-1.0	-1.0	-1.0	0.0	opened-hand	Open	1	calibration_20260418_134934	marker
-73594.215	-36106.244999999995	-109551.19499999999	-19646.235	0.0	0.0	0.0	0.0	0.0	0.0	0.0	0.0	0.0	0.0	0.0	0.0	0.0	0.0	47.37931034482761	0.0	0.052429065000000004	-0.042602430000000004	1.017514485	4.53222	0.2289	0.30519999999999997	3500085.0	1776545391.965952	0.0	1.0	-1.0	-1.0	-1.0	-1.0	-1.0	-1.0	-1.0	-1.0	0.0	opened-hand	Open	1	calibration_20260418_134934	marker
-73587.33	-36102.42	-109567.845	-19668.96	0.0	0.0	0.0	0.0	0.0	0.0	0.0	0.0	0.0	0.0	0.0	0.0	0.0	0.0	47.37931034482761	0.0	0.052429065000000004	-0.042602430000000004	1.017514485	4.53222	0.2289	0.30519999999999997	3500086.0	1776545391.965969	0.0	1.0	-1.0	-1.0	-1.0	-1.0	-1.0	-1.0	-1.0	-1.0	0.0	opened-hand	Open	1	calibration_20260418_134934	marker
-73634.715	-36098.28	-109574.37	-19679.219999999998	0.0	0.0	0.0	0.0	0.0	0.0	0.0	0.0	0.0	0.0	0.0	0.0	0.0	0.0	47.37931034482761	0.0	0.052429065000000004	-0.042602430000000004	1.017514485	4.53222	0.2289	0.30519999999999997	3500087.0	1776545391.968811	0.0	1.0	-1.0	-1.0	-1.0	-1.0	-1.0	-1.0	-1.0	-1.0	0.0	opened-hand	Open	1	calibration_20260418_134934	marker
-73654.29	-36098.055	-109595.87999999999	-19691.28	0.0	0.0	0.0	0.0	0.0	0.0	0.0	0.0	0.0	0.0	0.0	0.0	0.0	0.0	47.37931034482761	0.0	0.052429065000000004	-0.042602430000000004	1.017514485	4.53222	0.2289	0.30519999999999997	3500088.0	1776545391.968823	0.0	1.0	-1.0	-1.0	-1.0	-1.0	-1.0	-1.0	-1.0	-1.0	0.0	opened-hand	Open	1	calibration_20260418_134934	marker
-73724.715	-36103.185	-109629.26999999999	-19714.86	0.0	0.0	0.0	0.0	0.0	0.0	0.0	0.0	0.0	0.0	0.0	0.0	0.0	0.0	47.37931034482761	0.0	0.052429065000000004	-0.042602430000000004	1.017514485	4.53222	0.2289	0.30519999999999997	3500089.0	1776545391.972215	0.0	1.0	-1.0	-1.0	-1.0	-1.0	-1.0	-1.0	-1.0	-1.0	0.0	opened-hand	Open	1	calibration_20260418_134934	marker
-73742.175	-36109.619999999995	-109647.94499999999	-19735.469999999998	0.0	0.0	0.0	0.0	0.0	0.0	0.0	0.0	0.0	0.0	0.0	0.0	0.0	0.0	47.37931034482761	0.0	0.052429065000000004	-0.042602430000000004	1.017514485	4.53222	0.2289	0.30519999999999997	3500090.0	1776545391.972226	0.0	1.0	-1.0	-1.0	-1.0	-1.0	-1.0	-1.0	-1.0	-1.0	0.0	opened-hand	Open	1	calibration_20260418_134934	marker
-73663.33499999999	-36112.005	-109625.805	-19704.555	0.0	0.0	0.0	0.0	0.0	0.0	0.0	0.0	0.0	0.0	0.0	0.0	0.0	0.0	47.37931034482761	0.0	0.052429065000000004	-0.042602430000000004	1.017514485	4.53222	0.2289	0.30519999999999997	3500091.0	1776545391.977536	0.0	1.0	-1.0	-1.0	-1.0	-1.0	-1.0	-1.0	-1.0	-1.0	0.0	opened-hand	Open	1	calibration_20260418_134934	marker
-73633.68	-36112.365	-109601.28	-19687.815	0.0	0.0	0.0	0.0	0.0	0.0	0.0	0.0	0.0	0.0	0.0	0.0	0.0	0.0	47.37931034482761	0.0	0.052429065000000004	-0.042602430000000004	1.017514485	4.53222	0.2289	0.30519999999999997	3500092.0	1776545391.977556	0.0	1.0	-1.0	-1.0	-1.0	-1.0	-1.0	-1.0	-1.0	-1.0	0.0	opened-hand	Open	1	calibration_20260418_134934	marker
-73582.69499999999	-36106.47	-109524.015	-19608.93	0.0	0.0	0.0	0.0	0.0	0.0	0.0	0.0	0.0	0.0	0.0	0.0	0.0	0.0	47.37931034482761	0.0	0.052429065000000004	-0.042602430000000004	1.017514485	4.53222	0.2289	0.30519999999999997	3500093.0	1776545392.051894	0.0	1.0	-1.0	-1.0	-1.0	-1.0	-1.0	-1.0	-1.0	-1.0	0.0	opened-hand	Open	1	calibration_20260418_134934	marker
-73502.50499999999	-36099.54	-109442.925	-19536.614999999998	0.0	0.0	0.0	0.0	0.0	0.0	0.0	0.0	0.0	0.0	0.0	0.0	0.0	0.0	47.37931034482761	0.0	0.052429065000000004	-0.042602430000000004	1.017514485	4.53222	0.2289	0.30519999999999997	3500094.0	1776545392.051929	0.0	1.0	-1.0	-1.0	-1.0	-1.0	-1.0	-1.0	-1.0	-1.0	0.0	opened-hand	Open	1	calibration_20260418_134934	marker
-73599.25499999999	-36101.924999999996	-109537.965	-19620.809999999998	0.0	0.0	0.0	0.0	0.0	0.0	0.0	0.0	0.0	0.0	0.0	0.0	0.0	0.0	47.37931034482761	0.0	0.049987665	-0.036682035	1.0178806950000001	2.1516599999999997	0.0	0.09156	3500095.0	1776545392.051955	0.0	1.0	-1.0	-1.0	-1.0	-1.0	-1.0	-1.0	-1.0	-1.0	0.0	opened-hand	Open	1	calibration_20260418_134934	marker
-73687.23	-36108.045	-109625.715	-19702.079999999998	0.0	0.0	0.0	0.0	0.0	0.0	0.0	0.0	0.0	0.0	0.0	0.0	0.0	0.0	47.37931034482761	0.0	0.049987665	-0.036682035	1.0178806950000001	2.1516599999999997	0.0	0.09156	3500096.0	1776545392.051964	0.0	1.0	-1.0	-1.0	-1.0	-1.0	-1.0	-1.0	-1.0	-1.0	0.0	opened-hand	Open	1	calibration_20260418_134934	marker
-73663.83	-36110.835	-109631.06999999999	-19713.87	0.0	0.0	0.0	0.0	0.0	0.0	0.0	0.0	0.0	0.0	0.0	0.0	0.0	0.0	47.37931034482761	0.0	0.049987665	-0.036682035	1.0178806950000001	2.1516599999999997	0.0	0.09156	3500097.0	1776545392.051976	0.0	1.0	-1.0	-1.0	-1.0	-1.0	-1.0	-1.0	-1.0	-1.0	0.0	opened-hand	Open	1	calibration_20260418_134934	marker
-73695.105	-36113.895	-109655.595	-19736.82	0.0	0.0	0.0	0.0	0.0	0.0	0.0	0.0	0.0	0.0	0.0	0.0	0.0	0.0	47.37931034482761	0.0	0.049987665	-0.036682035	1.0178806950000001	2.1516599999999997	0.0	0.09156	3500098.0	1776545392.051984	0.0	1.0	-1.0	-1.0	-1.0	-1.0	-1.0	-1.0	-1.0	-1.0	0.0	opened-hand	Open	1	calibration_20260418_134934	marker
-73701.315	-36115.965	-109641.23999999999	-19720.17	0.0	0.0	0.0	0.0	0.0	0.0	0.0	0.0	0.0	0.0	0.0	0.0	0.0	0.0	47.37931034482761	0.0	0.049987665	-0.036682035	1.0178806950000001	2.1516599999999997	0.0	0.09156	3500099.0	1776545392.051995	0.0	1.0	-1.0	-1.0	-1.0	-1.0	-1.0	-1.0	-1.0	-1.0	0.0	opened-hand	Open	1	calibration_20260418_134934	marker
-73686.15	-36118.845	-109652.04	-19741.274999999998	0.0	0.0	0.0	0.0	0.0	0.0	0.0	0.0	0.0	0.0	0.0	0.0	0.0	0.0	47.37931034482761	0.0	0.049987665	-0.036682035	1.0178806950000001	2.1516599999999997	0.0	0.09156	3500100.0	1776545392.052003	0.0	1.0	-1.0	-1.0	-1.0	-1.0	-1.0	-1.0	-1.0	-1.0	0.0	opened-hand	Open	1	calibration_20260418_134934	marker
-73651.77	-36117.045	-109635.61499999999	-19745.64	0.0	0.0	0.0	0.0	0.0	0.0	0.0	0.0	0.0	0.0	0.0	0.0	0.0	0.0	47.37931034482761	0.0	0.049987665	-0.036682035	1.0178806950000001	2.1516599999999997	0.0	0.09156	3500101.0	1776545392.052023	0.0	1.0	-1.0	-1.0	-1.0	-1.0	-1.0	-1.0	-1.0	-1.0	0.0	opened-hand	Open	1	calibration_20260418_134934	marker
-73605.915	-36108.81	-109551.42	-19669.094999999998	0.0	0.0	0.0	0.0	0.0	0.0	0.0	0.0	0.0	0.0	0.0	0.0	0.0	0.0	47.37931034482761	0.0	0.049987665	-0.036682035	1.0178806950000001	2.1516599999999997	0.0	0.09156	3500102.0	1776545392.052032	0.0	1.0	-1.0	-1.0	-1.0	-1.0	-1.0	-1.0	-1.0	-1.0	0.0	opened-hand	Open	1	calibration_20260418_134934	marker
-73601.37	-36102.42	-109496.83499999999	-19592.55	0.0	0.0	0.0	0.0	0.0	0.0	0.0	0.0	0.0	0.0	0.0	0.0	0.0	0.0	47.37931034482761	0.0	0.049987665	-0.036682035	1.0178806950000001	2.1516599999999997	0.0	0.09156	3500103.0	1776545392.052044	0.0	1.0	-1.0	-1.0	-1.0	-1.0	-1.0	-1.0	-1.0	-1.0	0.0	opened-hand	Open	1	calibration_20260418_134934	marker
-73709.91	-36108.18	-109628.37	-19700.46	0.0	0.0	0.0	0.0	0.0	0.0	0.0	0.0	0.0	0.0	0.0	0.0	0.0	0.0	47.37931034482761	0.0	0.049987665	-0.036682035	1.0178806950000001	2.1516599999999997	0.0	0.09156	3500104.0	1776545392.052053	0.0	1.0	-1.0	-1.0	-1.0	-1.0	-1.0	-1.0	-1.0	-1.0	0.0	opened-hand	Open	1	calibration_20260418_134934	marker
-73700.01	-36110.43	-109643.94	-19735.02	0.0	0.0	0.0	0.0	0.0	0.0	0.0	0.0	0.0	0.0	0.0	0.0	0.0	0.0	47.37931034482761	0.0	0.052429065000000004	-0.0341796	1.01623275	-0.03052	0.06104	-0.36624	3500105.0	1776545392.052065	0.0	1.0	-1.0	-1.0	-1.0	-1.0	-1.0	-1.0	-1.0	-1.0	0.0	opened-hand	Open	1	calibration_20260418_134934	marker
-73678.59	-36110.564999999995	-109609.425	-19672.29	0.0	0.0	0.0	0.0	0.0	0.0	0.0	0.0	0.0	0.0	0.0	0.0	0.0	0.0	47.37931034482761	0.0	0.052429065000000004	-0.0341796	1.01623275	-0.03052	0.06104	-0.36624	3500106.0	1776545392.052072	0.0	1.0	-1.0	-1.0	-1.0	-1.0	-1.0	-1.0	-1.0	-1.0	0.0	opened-hand	Open	1	calibration_20260418_134934	marker
-73671.03	-36111.689999999995	-109591.605	-19662.39	0.0	0.0	0.0	0.0	0.0	0.0	0.0	0.0	0.0	0.0	0.0	0.0	0.0	0.0	47.37931034482761	0.0	0.052429065000000004	-0.0341796	1.01623275	-0.03052	0.06104	-0.36624	3500107.0	1776545392.052082	0.0	1.0	-1.0	-1.0	-1.0	-1.0	-1.0	-1.0	-1.0	-1.0	0.0	opened-hand	Open	1	calibration_20260418_134934	marker
-73640.295	-36114.03	-109579.14	-19669.815	0.0	0.0	0.0	0.0	0.0	0.0	0.0	0.0	0.0	0.0	0.0	0.0	0.0	0.0	47.37931034482761	0.0	0.052429065000000004	-0.0341796	1.01623275	-0.03052	0.06104	-0.36624	3500108.0	1776545392.052091	0.0	1.0	-1.0	-1.0	-1.0	-1.0	-1.0	-1.0	-1.0	-1.0	0.0	opened-hand	Open	1	calibration_20260418_134934	marker
-73665.18	-36117.494999999995	-109628.37	-19712.114999999998	0.0	0.0	0.0	0.0	0.0	0.0	0.0	0.0	0.0	0.0	0.0	0.0	0.0	0.0	47.37931034482761	0.0	0.052429065000000004	-0.0341796	1.01623275	-0.03052	0.06104	-0.36624	3500109.0	1776545392.052128	0.0	1.0	-1.0	-1.0	-1.0	-1.0	-1.0	-1.0	-1.0	-1.0	0.0	opened-hand	Open	1	calibration_20260418_134934	marker
-73720.845	-36120.15	-109668.555	-19740.015	0.0	0.0	0.0	0.0	0.0	0.0	0.0	0.0	0.0	0.0	0.0	0.0	0.0	0.0	47.37931034482761	0.0	0.052429065000000004	-0.0341796	1.01623275	-0.03052	0.06104	-0.36624	3500110.0	1776545392.052143	0.0	1.0	-1.0	-1.0	-1.0	-1.0	-1.0	-1.0	-1.0	-1.0	0.0	opened-hand	Open	1	calibration_20260418_134934	marker
-73667.47499999999	-36112.185	-109598.4	-19685.114999999998	0.0	0.0	0.0	0.0	0.0	0.0	0.0	0.0	0.0	0.0	0.0	0.0	0.0	0.0	47.37931034482761	0.0	0.052429065000000004	-0.0341796	1.01623275	-0.03052	0.06104	-0.36624	3500111.0	1776545392.052156	0.0	1.0	-1.0	-1.0	-1.0	-1.0	-1.0	-1.0	-1.0	-1.0	0.0	opened-hand	Open	1	calibration_20260418_134934	marker
-73628.09999999999	-36106.604999999996	-109564.37999999999	-19667.88	0.0	0.0	0.0	0.0	0.0	0.0	0.0	0.0	0.0	0.0	0.0	0.0	0.0	0.0	47.37931034482761	0.0	0.052429065000000004	-0.0341796	1.01623275	-0.03052	0.06104	-0.36624	3500112.0	1776545392.052164	0.0	1.0	-1.0	-1.0	-1.0	-1.0	-1.0	-1.0	-1.0	-1.0	0.0	opened-hand	Open	1	calibration_20260418_134934	marker
-73644.25499999999	-36108.9	-109591.245	-19690.739999999998	0.0	0.0	0.0	0.0	0.0	0.0	0.0	0.0	0.0	0.0	0.0	0.0	0.0	0.0	47.37931034482761	0.0	0.052429065000000004	-0.0341796	1.01623275	-0.03052	0.06104	-0.36624	3500113.0	1776545392.052174	0.0	1.0	-1.0	-1.0	-1.0	-1.0	-1.0	-1.0	-1.0	-1.0	0.0	opened-hand	Open	1	calibration_20260418_134934	marker
-73633.905	-36109.35	-109611.98999999999	-19688.13	0.0	0.0	0.0	0.0	0.0	0.0	0.0	0.0	0.0	0.0	0.0	0.0	0.0	0.0	47.37931034482761	0.0	0.052429065000000004	-0.0341796	1.01623275	-0.03052	0.06104	-0.36624	3500114.0	1776545392.052182	0.0	1.0	-1.0	-1.0	-1.0	-1.0	-1.0	-1.0	-1.0	-1.0	0.0	opened-hand	Open	1	calibration_20260418_134934	marker
-73641.555	-36109.755	-109606.635	-19681.785	0.0	0.0	0.0	0.0	0.0	0.0	0.0	0.0	0.0	0.0	0.0	0.0	0.0	0.0	47.37931034482761	0.0	0.054138045	-0.038146875000000004	1.016537925	1.23606	0.6714399999999999	0.18312	3500115.0	1776545392.052193	0.0	1.0	-1.0	-1.0	-1.0	-1.0	-1.0	-1.0	-1.0	-1.0	0.0	opened-hand	Open	1	calibration_20260418_134934	marker
-73623.33	-36111.33	-109595.025	-19679.355	0.0	0.0	0.0	0.0	0.0	0.0	0.0	0.0	0.0	0.0	0.0	0.0	0.0	0.0	47.37931034482761	0.0	0.054138045	-0.038146875000000004	1.016537925	1.23606	0.6714399999999999	0.18312	3500116.0	1776545392.052201	0.0	1.0	-1.0	-1.0	-1.0	-1.0	-1.0	-1.0	-1.0	-1.0	0.0	opened-hand	Open	1	calibration_20260418_134934	marker
-73636.69499999999	-36113.49	-109636.245	-19711.215	0.0	0.0	0.0	0.0	0.0	0.0	0.0	0.0	0.0	0.0	0.0	0.0	0.0	0.0	47.37931034482761	0.0	0.054138045	-0.038146875000000004	1.016537925	1.23606	0.6714399999999999	0.18312	3500117.0	1776545392.05221	0.0	1.0	-1.0	-1.0	-1.0	-1.0	-1.0	-1.0	-1.0	-1.0	0.0	opened-hand	Open	1	calibration_20260418_134934	marker
-73640.025	-36113.67	-109639.17	-19727.505	0.0	0.0	0.0	0.0	0.0	0.0	0.0	0.0	0.0	0.0	0.0	0.0	0.0	0.0	47.37931034482761	0.0	0.054138045	-0.038146875000000004	1.016537925	1.23606	0.6714399999999999	0.18312	3500118.0	1776545392.052218	0.0	1.0	-1.0	-1.0	-1.0	-1.0	-1.0	-1.0	-1.0	-1.0	0.0	opened-hand	Open	1	calibration_20260418_134934	marker
-73653.39	-36108.494999999995	-109565.86499999999	-19664.19	0.0	0.0	0.0	0.0	0.0	0.0	0.0	0.0	0.0	0.0	0.0	0.0	0.0	0.0	47.37931034482761	0.0	0.054138045	-0.038146875000000004	1.016537925	1.23606	0.6714399999999999	0.18312	3500119.0	1776545392.052227	0.0	1.0	-1.0	-1.0	-1.0	-1.0	-1.0	-1.0	-1.0	-1.0	0.0	opened-hand	Open	1	calibration_20260418_134934	marker
-73653.61499999999	-36099.945	-109554.795	-19654.965	0.0	0.0	0.0	0.0	0.0	0.0	0.0	0.0	0.0	0.0	0.0	0.0	0.0	0.0	47.37931034482761	0.0	0.054138045	-0.038146875000000004	1.016537925	1.23606	0.6714399999999999	0.18312	3500120.0	1776545392.052235	0.0	1.0	-1.0	-1.0	-1.0	-1.0	-1.0	-1.0	-1.0	-1.0	0.0	opened-hand	Open	1	calibration_20260418_134934	marker
-73676.745	-36098.865	-109623.23999999999	-19697.715	0.0	0.0	0.0	0.0	0.0	0.0	0.0	0.0	0.0	0.0	0.0	0.0	0.0	0.0	47.37931034482761	0.0	0.054138045	-0.038146875000000004	1.016537925	1.23606	0.6714399999999999	0.18312	3500121.0	1776545392.052245	0.0	1.0	-1.0	-1.0	-1.0	-1.0	-1.0	-1.0	-1.0	-1.0	0.0	opened-hand	Open	1	calibration_20260418_134934	marker
-73647.315	-36098.1	-109617.48	-19684.98	0.0	0.0	0.0	0.0	0.0	0.0	0.0	0.0	0.0	0.0	0.0	0.0	0.0	0.0	47.37931034482761	0.0	0.054138045	-0.038146875000000004	1.016537925	1.23606	0.6714399999999999	0.18312	3500122.0	1776545392.052252	0.0	1.0	-1.0	-1.0	-1.0	-1.0	-1.0	-1.0	-1.0	-1.0	0.0	opened-hand	Open	1	calibration_20260418_134934	marker
-73642.545	-36099.81	-109597.905	-19676.925	0.0	0.0	0.0	0.0	0.0	0.0	0.0	0.0	0.0	0.0	0.0	0.0	0.0	0.0	47.37931034482761	0.0	0.054138045	-0.038146875000000004	1.016537925	1.23606	0.6714399999999999	0.18312	3500123.0	1776545392.052262	0.0	1.0	-1.0	-1.0	-1.0	-1.0	-1.0	-1.0	-1.0	-1.0	0.0	opened-hand	Open	1	calibration_20260418_134934	marker
-73684.575	-36108.09	-109649.83499999999	-19735.065	0.0	0.0	0.0	0.0	0.0	0.0	0.0	0.0	0.0	0.0	0.0	0.0	0.0	0.0	47.37931034482761	0.0	0.054138045	-0.038146875000000004	1.016537925	1.23606	0.6714399999999999	0.18312	3500124.0	1776545392.052269	0.0	1.0	-1.0	-1.0	-1.0	-1.0	-1.0	-1.0	-1.0	-1.0	0.0	opened-hand	Open	1	calibration_20260418_134934	marker
-73645.92	-36105.705	-109615.455	-19698.48	0.0	0.0	0.0	0.0	0.0	0.0	0.0	0.0	0.0	0.0	0.0	0.0	0.0	0.0	47.37931034482761	0.0	0.054015975	-0.047668335	1.01488998	3.83026	0.85456	-0.12208	3500125.0	1776545392.128725	0.0	1.0	-1.0	-1.0	-1.0	-1.0	-1.0	-1.0	-1.0	-1.0	0.0	opened-hand	Open	1	calibration_20260418_134934	marker
-73541.655	-36091.71	-109507.905	-19588.005	0.0	0.0	0.0	0.0	0.0	0.0	0.0	0.0	0.0	0.0	0.0	0.0	0.0	0.0	47.37931034482761	0.0	0.054015975	-0.047668335	1.01488998	3.83026	0.85456	-0.12208	3500126.0	1776545392.128758	0.0	1.0	-1.0	-1.0	-1.0	-1.0	-1.0	-1.0	-1.0	-1.0	0.0	opened-hand	Open	1	calibration_20260418_134934	marker
-73552.00499999999	-36082.89	-109493.37	-19574.325	0.0	0.0	0.0	0.0	0.0	0.0	0.0	0.0	0.0	0.0	0.0	0.0	0.0	0.0	47.37931034482761	0.0	0.054015975	-0.047668335	1.01488998	3.83026	0.85456	-0.12208	3500127.0	1776545392.128793	0.0	1.0	-1.0	-1.0	-1.0	-1.0	-1.0	-1.0	-1.0	-1.0	0.0	opened-hand	Open	1	calibration_20260418_134934	marker
-73635.97499999999	-36082.215	-109566.495	-19643.985	0.0	0.0	0.0	0.0	0.0	0.0	0.0	0.0	0.0	0.0	0.0	0.0	0.0	0.0	47.37931034482761	0.0	0.054015975	-0.047668335	1.01488998	3.83026	0.85456	-0.12208	3500128.0	1776545392.1288	0.0	1.0	-1.0	-1.0	-1.0	-1.0	-1.0	-1.0	-1.0	-1.0	0.0	opened-hand	Open	1	calibration_20260418_134934	marker
-73697.67	-36080.729999999996	-109623.33	-19696.23	0.0	0.0	0.0	0.0	0.0	0.0	0.0	0.0	0.0	0.0	0.0	0.0	0.0	0.0	47.37931034482761	0.0	0.054015975	-0.047668335	1.01488998	3.83026	0.85456	-0.12208	3500129.0	1776545392.128845	0.0	1.0	-1.0	-1.0	-1.0	-1.0	-1.0	-1.0	-1.0	-1.0	0.0	opened-hand	Open	1	calibration_20260418_134934	marker
-73681.785	-36082.619999999995	-109657.125	-19741.77	0.0	0.0	0.0	0.0	0.0	0.0	0.0	0.0	0.0	0.0	0.0	0.0	0.0	0.0	47.37931034482761	0.0	0.054015975	-0.047668335	1.01488998	3.83026	0.85456	-0.12208	3500130.0	1776545392.128854	0.0	1.0	-1.0	-1.0	-1.0	-1.0	-1.0	-1.0	-1.0	-1.0	0.0	opened-hand	Open	1	calibration_20260418_134934	marker
-73649.25	-36085.59	-109648.17	-19728.09	0.0	0.0	0.0	0.0	0.0	0.0	0.0	0.0	0.0	0.0	0.0	0.0	0.0	0.0	47.37931034482761	0.0	0.054015975	-0.047668335	1.01488998	3.83026	0.85456	-0.12208	3500131.0	1776545392.128884	0.0	1.0	-1.0	-1.0	-1.0	-1.0	-1.0	-1.0	-1.0	-1.0	0.0	opened-hand	Open	1	calibration_20260418_134934	marker
-73655.37	-36090.225	-109616.22	-19693.17	0.0	0.0	0.0	0.0	0.0	0.0	0.0	0.0	0.0	0.0	0.0	0.0	0.0	0.0	47.37931034482761	0.0	0.054015975	-0.047668335	1.01488998	3.83026	0.85456	-0.12208	3500132.0	1776545392.128892	0.0	1.0	-1.0	-1.0	-1.0	-1.0	-1.0	-1.0	-1.0	-1.0	0.0	opened-hand	Open	1	calibration_20260418_134934	marker
-73715.84999999999	-36096.299999999996	-109670.12999999999	-19752.524999999998	0.0	0.0	0.0	0.0	0.0	0.0	0.0	0.0	0.0	0.0	0.0	0.0	0.0	0.0	47.37931034482761	0.0	0.054015975	-0.047668335	1.01488998	3.83026	0.85456	-0.12208	3500133.0	1776545392.128906	0.0	1.0	-1.0	-1.0	-1.0	-1.0	-1.0	-1.0	-1.0	-1.0	0.0	opened-hand	Open	1	calibration_20260418_134934	marker
-73706.985	-36097.92	-109660.995	-19755.855	0.0	0.0	0.0	0.0	0.0	0.0	0.0	0.0	0.0	0.0	0.0	0.0	0.0	0.0	47.37931034482761	0.0	0.054015975	-0.047668335	1.01488998	3.83026	0.85456	-0.12208	3500134.0	1776545392.128913	0.0	1.0	-1.0	-1.0	-1.0	-1.0	-1.0	-1.0	-1.0	-1.0	0.0	opened-hand	Open	1	calibration_20260418_134934	marker
-73665.45	-36095.174999999996	-109627.47	-19717.02	0.0	0.0	0.0	0.0	0.0	0.0	0.0	0.0	0.0	0.0	0.0	0.0	0.0	0.0	47.37931034482761	0.0	0.053893905	-0.05224596	1.013119965	6.104	1.8159399999999999	-0.03052	3500135.0	1776545392.128945	0.0	1.0	-1.0	-1.0	-1.0	-1.0	-1.0	-1.0	-1.0	-1.0	0.0	opened-hand	Open	1	calibration_20260418_134934	marker
-73676.385	-36092.43	-109666.17	-19745.19	0.0	0.0	0.0	0.0	0.0	0.0	0.0	0.0	0.0	0.0	0.0	0.0	0.0	0.0	47.37931034482761	0.0	0.053893905	-0.05224596	1.013119965	6.104	1.8159399999999999	-0.03052	3500136.0	1776545392.129057	0.0	1.0	-1.0	-1.0	-1.0	-1.0	-1.0	-1.0	-1.0	-1.0	0.0	opened-hand	Open	1	calibration_20260418_134934	marker
-73643.04	-36086.085	-109626.84	-19703.52	0.0	0.0	0.0	0.0	0.0	0.0	0.0	0.0	0.0	0.0	0.0	0.0	0.0	0.0	47.37931034482761	0.0	0.053893905	-0.05224596	1.013119965	6.104	1.8159399999999999	-0.03052	3500137.0	1776545392.129158	0.0	1.0	-1.0	-1.0	-1.0	-1.0	-1.0	-1.0	-1.0	-1.0	0.0	opened-hand	Open	1	calibration_20260418_134934	marker
-73626.61499999999	-36082.305	-109579.14	-19655.864999999998	0.0	0.0	0.0	0.0	0.0	0.0	0.0	0.0	0.0	0.0	0.0	0.0	0.0	0.0	47.37931034482761	0.0	0.053893905	-0.05224596	1.013119965	6.104	1.8159399999999999	-0.03052	3500138.0	1776545392.129187	0.0	1.0	-1.0	-1.0	-1.0	-1.0	-1.0	-1.0	-1.0	-1.0	0.0	opened-hand	Open	1	calibration_20260418_134934	marker
-73628.595	-36082.845	-109564.065	-19646.864999999998	0.0	0.0	0.0	0.0	0.0	0.0	0.0	0.0	0.0	0.0	0.0	0.0	0.0	0.0	47.37931034482761	0.0	0.053893905	-0.05224596	1.013119965	6.104	1.8159399999999999	-0.03052	3500139.0	1776545392.129202	0.0	1.0	-1.0	-1.0	-1.0	-1.0	-1.0	-1.0	-1.0	-1.0	0.0	opened-hand	Open	1	calibration_20260418_134934	marker
-73627.37999999999	-36086.354999999996	-109551.69	-19626.48	0.0	0.0	0.0	0.0	0.0	0.0	0.0	0.0	0.0	0.0	0.0	0.0	0.0	0.0	47.37931034482761	0.0	0.053893905	-0.05224596	1.013119965	6.104	1.8159399999999999	-0.03052	3500140.0	1776545392.12921	0.0	1.0	-1.0	-1.0	-1.0	-1.0	-1.0	-1.0	-1.0	-1.0	0.0	opened-hand	Open	1	calibration_20260418_134934	marker
-73688.94	-36093.195	-109613.87999999999	-19688.265	0.0	0.0	0.0	0.0	0.0	0.0	0.0	0.0	0.0	0.0	0.0	0.0	0.0	0.0	47.37931034482761	0.0	0.053893905	-0.05224596	1.013119965	6.104	1.8159399999999999	-0.03052	3500141.0	1776545392.129348	0.0	1.0	-1.0	-1.0	-1.0	-1.0	-1.0	-1.0	-1.0	-1.0	0.0	opened-hand	Open	1	calibration_20260418_134934	marker
-73657.305	-36091.845	-109592.325	-19679.175	0.0	0.0	0.0	0.0	0.0	0.0	0.0	0.0	0.0	0.0	0.0	0.0	0.0	0.0	47.37931034482761	0.0	0.053893905	-0.05224596	1.013119965	6.104	1.8159399999999999	-0.03052	3500142.0	1776545392.129361	0.0	1.0	-1.0	-1.0	-1.0	-1.0	-1.0	-1.0	-1.0	-1.0	0.0	opened-hand	Open	1	calibration_20260418_134934	marker
-73649.655	-36089.28	-109592.50499999999	-19678.364999999998	0.0	0.0	0.0	0.0	0.0	0.0	0.0	0.0	0.0	0.0	0.0	0.0	0.0	0.0	47.37931034482761	0.0	0.053893905	-0.05224596	1.013119965	6.104	1.8159399999999999	-0.03052	3500143.0	1776545392.129373	0.0	1.0	-1.0	-1.0	-1.0	-1.0	-1.0	-1.0	-1.0	-1.0	0.0	opened-hand	Open	1	calibration_20260418_134934	marker
-73647.765	-36087.119999999995	-109614.64499999999	-19711.35	0.0	0.0	0.0	0.0	0.0	0.0	0.0	0.0	0.0	0.0	0.0	0.0	0.0	0.0	47.37931034482761	0.0	0.053893905	-0.05224596	1.013119965	6.104	1.8159399999999999	-0.03052	3500144.0	1776545392.12938	0.0	1.0	-1.0	-1.0	-1.0	-1.0	-1.0	-1.0	-1.0	-1.0	0.0	opened-hand	Open	1	calibration_20260418_134934	marker
-73659.51	-36082.53	-109642.545	-19721.024999999998	0.0	0.0	0.0	0.0	0.0	0.0	0.0	0.0	0.0	0.0	0.0	0.0	0.0	0.0	47.37931034482761	0.0	0.053161485	-0.045226935	1.014340665	3.4945399999999998	1.6022999999999998	-0.06104	3500145.0	1776545392.12939	0.0	1.0	-1.0	-1.0	-1.0	-1.0	-1.0	-1.0	-1.0	-1.0	0.0	opened-hand	Open	1	calibration_20260418_134934	marker
-73685.565	-36081.674999999996	-109631.11499999999	-19698.255	0.0	0.0	0.0	0.0	0.0	0.0	0.0	0.0	0.0	0.0	0.0	0.0	0.0	0.0	47.37931034482761	0.0	0.053161485	-0.045226935	1.014340665	3.4945399999999998	1.6022999999999998	-0.06104	3500146.0	1776545392.129397	0.0	1.0	-1.0	-1.0	-1.0	-1.0	-1.0	-1.0	-1.0	-1.0	0.0	opened-hand	Open	1	calibration_20260418_134934	marker
-73633.545	-36079.244999999995	-109591.245	-19667.07	0.0	0.0	0.0	0.0	0.0	0.0	0.0	0.0	0.0	0.0	0.0	0.0	0.0	0.0	47.37931034482761	0.0	0.053161485	-0.045226935	1.014340665	3.4945399999999998	1.6022999999999998	-0.06104	3500147.0	1776545392.129407	0.0	1.0	-1.0	-1.0	-1.0	-1.0	-1.0	-1.0	-1.0	-1.0	0.0	opened-hand	Open	1	calibration_20260418_134934	marker
-73640.79	-36079.56	-109616.22	-19705.635	0.0	0.0	0.0	0.0	0.0	0.0	0.0	0.0	0.0	0.0	0.0	0.0	0.0	0.0	47.37931034482761	0.0	0.053161485	-0.045226935	1.014340665	3.4945399999999998	1.6022999999999998	-0.06104	3500148.0	1776545392.129414	0.0	1.0	-1.0	-1.0	-1.0	-1.0	-1.0	-1.0	-1.0	-1.0	0.0	opened-hand	Open	1	calibration_20260418_134934	marker
-73582.155	-36078.885	-109558.34999999999	-19677.42	0.0	0.0	0.0	0.0	0.0	0.0	0.0	0.0	0.0	0.0	0.0	0.0	0.0	0.0	47.37931034482761	0.0	0.053161485	-0.045226935	1.014340665	3.4945399999999998	1.6022999999999998	-0.06104	3500149.0	1776545392.129423	0.0	1.0	-1.0	-1.0	-1.0	-1.0	-1.0	-1.0	-1.0	-1.0	0.0	opened-hand	Open	1	calibration_20260418_134934	marker
-73559.11499999999	-36076.32	-109504.53	-19607.355	0.0	0.0	0.0	0.0	0.0	0.0	0.0	0.0	0.0	0.0	0.0	0.0	0.0	0.0	47.37931034482761	0.0	0.053161485	-0.045226935	1.014340665	3.4945399999999998	1.6022999999999998	-0.06104	3500150.0	1776545392.12943	0.0	1.0	-1.0	-1.0	-1.0	-1.0	-1.0	-1.0	-1.0	-1.0	0.0	opened-hand	Open	1	calibration_20260418_134934	marker
-73643.58	-36079.424999999996	-109570.905	-19627.245	0.0	0.0	0.0	0.0	0.0	0.0	0.0	0.0	0.0	0.0	0.0	0.0	0.0	0.0	47.37931034482761	0.0	0.053161485	-0.045226935	1.014340665	3.4945399999999998	1.6022999999999998	-0.06104	3500151.0	1776545392.129439	0.0	1.0	-1.0	-1.0	-1.0	-1.0	-1.0	-1.0	-1.0	-1.0	0.0	opened-hand	Open	1	calibration_20260418_134934	marker
-73617.885	-36074.655	-109523.97	-19586.475	0.0	0.0	0.0	0.0	0.0	0.0	0.0	0.0	0.0	0.0	0.0	0.0	0.0	0.0	47.37931034482761	0.0	0.053161485	-0.045226935	1.014340665	3.4945399999999998	1.6022999999999998	-0.06104	3500152.0	1776545392.129445	0.0	1.0	-1.0	-1.0	-1.0	-1.0	-1.0	-1.0	-1.0	-1.0	0.0	opened-hand	Open	1	calibration_20260418_134934	marker
-73602.855	-36069.975	-109496.655	-19592.37	0.0	0.0	0.0	0.0	0.0	0.0	0.0	0.0	0.0	0.0	0.0	0.0	0.0	0.0	47.37931034482761	0.0	0.053161485	-0.045226935	1.014340665	3.4945399999999998	1.6022999999999998	-0.06104	3500153.0	1776545392.129455	0.0	1.0	-1.0	-1.0	-1.0	-1.0	-1.0	-1.0	-1.0	-1.0	0.0	opened-hand	Open	1	calibration_20260418_134934	marker
-73652.12999999999	-36069.75	-109569.735	-19640.34	0.0	0.0	0.0	0.0	0.0	0.0	0.0	0.0	0.0	0.0	0.0	0.0	0.0	0.0	47.37931034482761	0.0	0.053161485	-0.045226935	1.014340665	3.4945399999999998	1.6022999999999998	-0.06104	3500154.0	1776545392.129461	0.0	1.0	-1.0	-1.0	-1.0	-1.0	-1.0	-1.0	-1.0	-1.0	0.0	opened-hand	Open	1	calibration_20260418_134934	marker
-73687.23	-36075.465	-109666.39499999999	-19739.295	0.0	0.0	0.0	0.0	0.0	0.0	0.0	0.0	0.0	0.0	0.0	0.0	0.0	0.0	47.37931034482761	0.0	0.048522825	-0.03735342	1.01757552	0.9919	0.9919	-0.65618	3500155.0	1776545392.129472	0.0	1.0	-1.0	-1.0	-1.0	-1.0	-1.0	-1.0	-1.0	-1.0	0.0	opened-hand	Open	1	calibration_20260418_134934	marker
-73679.44499999999	-36079.965	-109675.08	-19757.745	0.0	0.0	0.0	0.0	0.0	0.0	0.0	0.0	0.0	0.0	0.0	0.0	0.0	0.0	47.37931034482761	0.0	0.048522825	-0.03735342	1.01757552	0.9919	0.9919	-0.65618	3500156.0	1776545392.129478	0.0	1.0	-1.0	-1.0	-1.0	-1.0	-1.0	-1.0	-1.0	-1.0	0.0	opened-hand	Open	1	calibration_20260418_134934	marker
-73658.295	-36080.64	-109630.03499999999	-19708.065	0.0	0.0	0.0	0.0	0.0	0.0	0.0	0.0	0.0	0.0	0.0	0.0	0.0	0.0	47.37931034482761	0.0	0.048522825	-0.03735342	1.01757552	0.9919	0.9919	-0.65618	3500157.0	1776545392.129489	0.0	1.0	-1.0	-1.0	-1.0	-1.0	-1.0	-1.0	-1.0	-1.0	0.0	opened-hand	Open	1	calibration_20260418_134934	marker
-73689.165	-36083.52	-109647.54	-19708.02	0.0	0.0	0.0	0.0	0.0	0.0	0.0	0.0	0.0	0.0	0.0	0.0	0.0	0.0	47.37931034482761	0.0	0.048522825	-0.03735342	1.01757552	0.9919	0.9919	-0.65618	3500158.0	1776545392.129495	0.0	1.0	-1.0	-1.0	-1.0	-1.0	-1.0	-1.0	-1.0	-1.0	0.0	opened-hand	Open	1	calibration_20260418_134934	marker
-73589.805	-36075.96	-109586.745	-19670.265	0.0	0.0	0.0	0.0	0.0	0.0	0.0	0.0	0.0	0.0	0.0	0.0	0.0	0.0	47.37931034482761	0.0	0.048522825	-0.03735342	1.01757552	0.9919	0.9919	-0.65618	3500159.0	1776545392.129505	0.0	1.0	-1.0	-1.0	-1.0	-1.0	-1.0	-1.0	-1.0	-1.0	0.0	opened-hand	Open	1	calibration_20260418_134934	marker
-73647.09	-36075.104999999996	-109617.165	-19696.05	0.0	0.0	0.0	0.0	0.0	0.0	0.0	0.0	0.0	0.0	0.0	0.0	0.0	0.0	47.37931034482761	0.0	0.048522825	-0.03735342	1.01757552	0.9919	0.9919	-0.65618	3500160.0	1776545392.129511	0.0	1.0	-1.0	-1.0	-1.0	-1.0	-1.0	-1.0	-1.0	-1.0	0.0	opened-hand	Open	1	calibration_20260418_134934	marker
-73711.845	-36075.15	-109666.17	-19749.915	0.0	0.0	0.0	0.0	0.0	0.0	0.0	0.0	0.0	0.0	0.0	0.0	0.0	0.0	47.37931034482761	0.0	0.048522825	-0.03735342	1.01757552	0.9919	0.9919	-0.65618	3500161.0	1776545392.129521	0.0	1.0	-1.0	-1.0	-1.0	-1.0	-1.0	-1.0	-1.0	-1.0	0.0	opened-hand	Open	1	calibration_20260418_134934	marker
-73663.2	-36071.01	-109631.79	-19718.55	0.0	0.0	0.0	0.0	0.0	0.0	0.0	0.0	0.0	0.0	0.0	0.0	0.0	0.0	47.37931034482761	0.0	0.048522825	-0.03735342	1.01757552	0.9919	0.9919	-0.65618	3500162.0	1776545392.129528	0.0	1.0	-1.0	-1.0	-1.0	-1.0	-1.0	-1.0	-1.0	-1.0	0.0	opened-hand	Open	1	calibration_20260418_134934	marker
-73660.275	-36072.09	-109626.39	-19704.6	0.0	0.0	0.0	0.0	0.0	0.0	0.0	0.0	0.0	0.0	0.0	0.0	0.0	0.0	47.37931034482761	0.0	0.048522825	-0.03735342	1.01757552	0.9919	0.9919	-0.65618	3500163.0	1776545392.129553	0.0	1.0	-1.0	-1.0	-1.0	-1.0	-1.0	-1.0	-1.0	-1.0	0.0	opened-hand	Open	1	calibration_20260418_134934	marker
-73642.36499999999	-36074.07	-109594.89	-19669.905	0.0	0.0	0.0	0.0	0.0	0.0	0.0	0.0	0.0	0.0	0.0	0.0	0.0	0.0	47.37931034482761	0.0	0.048522825	-0.03735342	1.01757552	0.9919	0.9919	-0.65618	3500164.0	1776545392.129559	0.0	1.0	-1.0	-1.0	-1.0	-1.0	-1.0	-1.0	-1.0	-1.0	0.0	opened-hand	Open	1	calibration_20260418_134934	marker
-73663.92	-36078.885	-109610.50499999999	-19689.39	0.0	0.0	0.0	0.0	0.0	0.0	0.0	0.0	0.0	0.0	0.0	0.0	0.0	0.0	47.37931034482761	0.0	0.04785144	-0.037536525	1.01867415	1.526	1.15976	-0.33571999999999996	3500165.0	1776545392.129569	0.0	1.0	-1.0	-1.0	-1.0	-1.0	-1.0	-1.0	-1.0	-1.0	0.0	opened-hand	Open	1	calibration_20260418_134934	marker
-73661.58	-36085.455	-109627.965	-19715.399999999998	0.0	0.0	0.0	0.0	0.0	0.0	0.0	0.0	0.0	0.0	0.0	0.0	0.0	0.0	47.37931034482761	0.0	0.04785144	-0.037536525	1.01867415	1.526	1.15976	-0.33571999999999996	3500166.0	1776545392.129575	0.0	1.0	-1.0	-1.0	-1.0	-1.0	-1.0	-1.0	-1.0	-1.0	0.0	opened-hand	Open	1	calibration_20260418_134934	marker
-73676.43	-36092.924999999996	-109641.87	-19722.87	0.0	0.0	0.0	0.0	0.0	0.0	0.0	0.0	0.0	0.0	0.0	0.0	0.0	0.0	47.37931034482761	0.0	0.04785144	-0.037536525	1.01867415	1.526	1.15976	-0.33571999999999996	3500167.0	1776545392.131558	0.0	1.0	-1.0	-1.0	-1.0	-1.0	-1.0	-1.0	-1.0	-1.0	0.0	opened-hand	Open	1	calibration_20260418_134934	marker
-73695.015	-36097.02	-109634.48999999999	-19712.204999999998	0.0	0.0	0.0	0.0	0.0	0.0	0.0	0.0	0.0	0.0	0.0	0.0	0.0	0.0	47.37931034482761	0.0	0.04785144	-0.037536525	1.01867415	1.526	1.15976	-0.33571999999999996	3500168.0	1776545392.131587	0.0	1.0	-1.0	-1.0	-1.0	-1.0	-1.0	-1.0	-1.0	-1.0	0.0	opened-hand	Open	1	calibration_20260418_134934	marker
-73640.745	-36093.15	-109600.155	-19694.43	0.0	0.0	0.0	0.0	0.0	0.0	0.0	0.0	0.0	0.0	0.0	0.0	0.0	0.0	47.37931034482761	0.0	0.04785144	-0.037536525	1.01867415	1.526	1.15976	-0.33571999999999996	3500169.0	1776545392.271171	0.0	1.0	-1.0	-1.0	-1.0	-1.0	-1.0	-1.0	-1.0	-1.0	0.0	opened-hand	Open	1	calibration_20260418_134934	marker
-73647.36	-36090.135	-109595.7	-19677.239999999998	0.0	0.0	0.0	0.0	0.0	0.0	0.0	0.0	0.0	0.0	0.0	0.0	0.0	0.0	47.37931034482761	0.0	0.04785144	-0.037536525	1.01867415	1.526	1.15976	-0.33571999999999996	3500170.0	1776545392.271202	0.0	1.0	-1.0	-1.0	-1.0	-1.0	-1.0	-1.0	-1.0	-1.0	0.0	opened-hand	Open	1	calibration_20260418_134934	marker
-73646.19	-36090.765	-109614.33	-19695.69	0.0	0.0	0.0	0.0	0.0	0.0	0.0	0.0	0.0	0.0	0.0	0.0	0.0	0.0	47.37931034482761	0.0	0.04785144	-0.037536525	1.01867415	1.526	1.15976	-0.33571999999999996	3500171.0	1776545392.271259	0.0	1.0	-1.0	-1.0	-1.0	-1.0	-1.0	-1.0	-1.0	-1.0	0.0	opened-hand	Open	1	calibration_20260418_134934	marker
-73683.405	-36093.33	-109653.75	-19726.649999999998	0.0	0.0	0.0	0.0	0.0	0.0	0.0	0.0	0.0	0.0	0.0	0.0	0.0	0.0	47.37931034482761	0.0	0.04785144	-0.037536525	1.01867415	1.526	1.15976	-0.33571999999999996	3500172.0	1776545392.271282	0.0	1.0	-1.0	-1.0	-1.0	-1.0	-1.0	-1.0	-1.0	-1.0	0.0	opened-hand	Open	1	calibration_20260418_134934	marker
-73665.36	-36094.59	-109639.44	-19711.934999999998	0.0	0.0	0.0	0.0	0.0	0.0	0.0	0.0	0.0	0.0	0.0	0.0	0.0	0.0	47.37931034482761	0.0	0.04785144	-0.037536525	1.01867415	1.526	1.15976	-0.33571999999999996	3500173.0	1776545392.271371	0.0	1.0	-1.0	-1.0	-1.0	-1.0	-1.0	-1.0	-1.0	-1.0	0.0	opened-hand	Open	1	calibration_20260418_134934	marker
-73655.055	-36095.805	-109622.745	-19691.82	0.0	0.0	0.0	0.0	0.0	0.0	0.0	0.0	0.0	0.0	0.0	0.0	0.0	0.0	47.37931034482761	0.0	0.04785144	-0.037536525	1.01867415	1.526	1.15976	-0.33571999999999996	3500174.0	1776545392.271386	0.0	1.0	-1.0	-1.0	-1.0	-1.0	-1.0	-1.0	-1.0	-1.0	0.0	opened-hand	Open	1	calibration_20260418_134934	marker
-73594.485	-36093.915	-109565.37	-19650.645	0.0	0.0	0.0	0.0	0.0	0.0	0.0	0.0	0.0	0.0	0.0	0.0	0.0	0.0	47.37931034482761	0.0	0.050353875	-0.04370106	1.02001692	4.6085199999999995	1.35814	0.82404	3500175.0	1776545392.271431	0.0	1.0	-1.0	-1.0	-1.0	-1.0	-1.0	-1.0	-1.0	-1.0	0.0	opened-hand	Open	1	calibration_20260418_134934	marker
-73560.555	-36092.79	-109520.28	-19605.69	0.0	0.0	0.0	0.0	0.0	0.0	0.0	0.0	0.0	0.0	0.0	0.0	0.0	0.0	47.37931034482761	0.0	0.050353875	-0.04370106	1.02001692	4.6085199999999995	1.35814	0.82404	3500176.0	1776545392.271439	0.0	1.0	-1.0	-1.0	-1.0	-1.0	-1.0	-1.0	-1.0	-1.0	0.0	opened-hand	Open	1	calibration_20260418_134934	marker
-73631.025	-36097.515	-109568.385	-19641.78	0.0	0.0	0.0	0.0	0.0	0.0	0.0	0.0	0.0	0.0	0.0	0.0	0.0	0.0	47.37931034482761	0.0	0.050353875	-0.04370106	1.02001692	4.6085199999999995	1.35814	0.82404	3500177.0	1776545392.271474	0.0	1.0	-1.0	-1.0	-1.0	-1.0	-1.0	-1.0	-1.0	-1.0	0.0	opened-hand	Open	1	calibration_20260418_134934	marker
-73649.205	-36096.345	-109588.995	-19661.489999999998	0.0	0.0	0.0	0.0	0.0	0.0	0.0	0.0	0.0	0.0	0.0	0.0	0.0	0.0	47.37931034482761	0.0	0.050353875	-0.04370106	1.02001692	4.6085199999999995	1.35814	0.82404	3500178.0	1776545392.271482	0.0	1.0	-1.0	-1.0	-1.0	-1.0	-1.0	-1.0	-1.0	-1.0	0.0	opened-hand	Open	1	calibration_20260418_134934	marker
-73573.425	-36089.595	-109519.37999999999	-19600.02	0.0	0.0	0.0	0.0	0.0	0.0	0.0	0.0	0.0	0.0	0.0	0.0	0.0	0.0	47.37931034482761	0.0	0.050353875	-0.04370106	1.02001692	4.6085199999999995	1.35814	0.82404	3500179.0	1776545392.271492	0.0	1.0	-1.0	-1.0	-1.0	-1.0	-1.0	-1.0	-1.0	-1.0	0.0	opened-hand	Open	1	calibration_20260418_134934	marker
-73506.06	-36089.729999999996	-109475.55	-19564.065	0.0	0.0	0.0	0.0	0.0	0.0	0.0	0.0	0.0	0.0	0.0	0.0	0.0	0.0	47.37931034482761	0.0	0.050353875	-0.04370106	1.02001692	4.6085199999999995	1.35814	0.82404	3500180.0	1776545392.2715	0.0	1.0	-1.0	-1.0	-1.0	-1.0	-1.0	-1.0	-1.0	-1.0	0.0	opened-hand	Open	1	calibration_20260418_134934	marker
-73562.355	-36096.39	-109529.19	-19611.18	0.0	0.0	0.0	0.0	0.0	0.0	0.0	0.0	0.0	0.0	0.0	0.0	0.0	0.0	47.37931034482761	0.0	0.050353875	-0.04370106	1.02001692	4.6085199999999995	1.35814	0.82404	3500181.0	1776545392.27151	0.0	1.0	-1.0	-1.0	-1.0	-1.0	-1.0	-1.0	-1.0	-1.0	0.0	opened-hand	Open	1	calibration_20260418_134934	marker
-73723.41	-36109.665	-109675.125	-19772.28	0.0	0.0	0.0	0.0	0.0	0.0	0.0	0.0	0.0	0.0	0.0	0.0	0.0	0.0	47.37931034482761	0.0	0.050353875	-0.04370106	1.02001692	4.6085199999999995	1.35814	0.82404	3500182.0	1776545392.271517	0.0	1.0	-1.0	-1.0	-1.0	-1.0	-1.0	-1.0	-1.0	-1.0	0.0	opened-hand	Open	1	calibration_20260418_134934	marker
-73822.185	-36118.89	-109728.54	-19829.745	0.0	0.0	0.0	0.0	0.0	0.0	0.0	0.0	0.0	0.0	0.0	0.0	0.0	0.0	47.37931034482761	0.0	0.050353875	-0.04370106	1.02001692	4.6085199999999995	1.35814	0.82404	3500183.0	1776545392.271528	0.0	1.0	-1.0	-1.0	-1.0	-1.0	-1.0	-1.0	-1.0	-1.0	0.0	opened-hand	Open	1	calibration_20260418_134934	marker
-73674.98999999999	-36113.13	-109625.04	-19721.34	0.0	0.0	0.0	0.0	0.0	0.0	0.0	0.0	0.0	0.0	0.0	0.0	0.0	0.0	47.37931034482761	0.0	0.050353875	-0.04370106	1.02001692	4.6085199999999995	1.35814	0.82404	3500184.0	1776545392.271535	0.0	1.0	-1.0	-1.0	-1.0	-1.0	-1.0	-1.0	-1.0	-1.0	0.0	opened-hand	Open	1	calibration_20260418_134934	marker
-73504.75499999999	-36101.385	-109515.64499999999	-19608.255	0.0	0.0	0.0	0.0	0.0	0.0	0.0	0.0	0.0	0.0	0.0	0.0	0.0	0.0	47.37931034482761	0.0	0.04992663	-0.04699695	1.020688305	4.7306	1.2055399999999998	-0.41202	3500185.0	1776545392.271545	0.0	1.0	-1.0	-1.0	-1.0	-1.0	-1.0	-1.0	-1.0	-1.0	0.0	opened-hand	Open	1	calibration_20260418_134934	marker
-73631.06999999999	-36101.924999999996	-109621.845	-19681.965	0.0	0.0	0.0	0.0	0.0	0.0	0.0	0.0	0.0	0.0	0.0	0.0	0.0	0.0	47.37931034482761	0.0	0.04992663	-0.04699695	1.020688305	4.7306	1.2055399999999998	-0.41202	3500186.0	1776545392.271553	0.0	1.0	-1.0	-1.0	-1.0	-1.0	-1.0	-1.0	-1.0	-1.0	0.0	opened-hand	Open	1	calibration_20260418_134934	marker
-73724.04	-36102.689999999995	-109716.12	-19777.725	0.0	0.0	0.0	0.0	0.0	0.0	0.0	0.0	0.0	0.0	0.0	0.0	0.0	0.0	47.37931034482761	0.0	0.04992663	-0.04699695	1.020688305	4.7306	1.2055399999999998	-0.41202	3500187.0	1776545392.271563	0.0	1.0	-1.0	-1.0	-1.0	-1.0	-1.0	-1.0	-1.0	-1.0	0.0	opened-hand	Open	1	calibration_20260418_134934	marker
-73682.055	-36095.13	-109649.47499999999	-19727.145	0.0	0.0	0.0	0.0	0.0	0.0	0.0	0.0	0.0	0.0	0.0	0.0	0.0	0.0	47.37931034482761	0.0	0.04992663	-0.04699695	1.020688305	4.7306	1.2055399999999998	-0.41202	3500188.0	1776545392.271571	0.0	1.0	-1.0	-1.0	-1.0	-1.0	-1.0	-1.0	-1.0	-1.0	0.0	opened-hand	Open	1	calibration_20260418_134934	marker
-73691.86499999999	-36093.915	-109645.33499999999	-19707.255	0.0	0.0	0.0	0.0	0.0	0.0	0.0	0.0	0.0	0.0	0.0	0.0	0.0	0.0	47.37931034482761	0.0	0.04992663	-0.04699695	1.020688305	4.7306	1.2055399999999998	-0.41202	3500189.0	1776545392.271581	0.0	1.0	-1.0	-1.0	-1.0	-1.0	-1.0	-1.0	-1.0	-1.0	0.0	opened-hand	Open	1	calibration_20260418_134934	marker
-73664.28	-36095.354999999996	-109663.69499999999	-19734.39	0.0	0.0	0.0	0.0	0.0	0.0	0.0	0.0	0.0	0.0	0.0	0.0	0.0	0.0	47.37931034482761	0.0	0.04992663	-0.04699695	1.020688305	4.7306	1.2055399999999998	-0.41202	3500190.0	1776545392.271588	0.0	1.0	-1.0	-1.0	-1.0	-1.0	-1.0	-1.0	-1.0	-1.0	0.0	opened-hand	Open	1	calibration_20260418_134934	marker
-73647.495	-36094.814999999995	-109631.79	-19704.87	0.0	0.0	0.0	0.0	0.0	0.0	0.0	0.0	0.0	0.0	0.0	0.0	0.0	0.0	47.37931034482761	0.0	0.04992663	-0.04699695	1.020688305	4.7306	1.2055399999999998	-0.41202	3500191.0	1776545392.271598	0.0	1.0	-1.0	-1.0	-1.0	-1.0	-1.0	-1.0	-1.0	-1.0	0.0	opened-hand	Open	1	calibration_20260418_134934	marker
-73662.93	-36094.229999999996	-109627.83	-19702.26	0.0	0.0	0.0	0.0	0.0	0.0	0.0	0.0	0.0	0.0	0.0	0.0	0.0	0.0	47.37931034482761	0.0	0.04992663	-0.04699695	1.020688305	4.7306	1.2055399999999998	-0.41202	3500192.0	1776545392.271614	0.0	1.0	-1.0	-1.0	-1.0	-1.0	-1.0	-1.0	-1.0	-1.0	0.0	opened-hand	Open	1	calibration_20260418_134934	marker
-73665.98999999999	-36090.765	-109633.635	-19731.78	0.0	0.0	0.0	0.0	0.0	0.0	0.0	0.0	0.0	0.0	0.0	0.0	0.0	0.0	47.37931034482761	0.0	0.04992663	-0.04699695	1.020688305	4.7306	1.2055399999999998	-0.41202	3500193.0	1776545392.271627	0.0	1.0	-1.0	-1.0	-1.0	-1.0	-1.0	-1.0	-1.0	-1.0	0.0	opened-hand	Open	1	calibration_20260418_134934	marker
-73669.59	-36082.89	-109593.315	-19660.545	0.0	0.0	0.0	0.0	0.0	0.0	0.0	0.0	0.0	0.0	0.0	0.0	0.0	0.0	47.37931034482761	0.0	0.04992663	-0.04699695	1.020688305	4.7306	1.2055399999999998	-0.41202	3500194.0	1776545392.271635	0.0	1.0	-1.0	-1.0	-1.0	-1.0	-1.0	-1.0	-1.0	-1.0	0.0	opened-hand	Open	1	calibration_20260418_134934	marker
-73581.3	-36073.439999999995	-109530.765	-19607.085	0.0	0.0	0.0	0.0	0.0	0.0	0.0	0.0	0.0	0.0	0.0	0.0	0.0	0.0	47.37931034482761	0.0	0.04919421	-0.040710345	1.02062727	2.4110799999999997	0.9919	-0.59514	3500195.0	1776545392.271644	0.0	1.0	-1.0	-1.0	-1.0	-1.0	-1.0	-1.0	-1.0	-1.0	0.0	opened-hand	Open	1	calibration_20260418_134934	marker
-73547.145	-36071.64	-109508.58	-19584.045	0.0	0.0	0.0	0.0	0.0	0.0	0.0	0.0	0.0	0.0	0.0	0.0	0.0	0.0	47.37931034482761	0.0	0.04919421	-0.040710345	1.02062727	2.4110799999999997	0.9919	-0.59514	3500196.0	1776545392.271652	0.0	1.0	-1.0	-1.0	-1.0	-1.0	-1.0	-1.0	-1.0	-1.0	0.0	opened-hand	Open	1	calibration_20260418_134934	marker
-73605.555	-36077.534999999996	-109543.905	-19605.825	0.0	0.0	0.0	0.0	0.0	0.0	0.0	0.0	0.0	0.0	0.0	0.0	0.0	0.0	47.37931034482761	0.0	0.04919421	-0.040710345	1.02062727	2.4110799999999997	0.9919	-0.59514	3500197.0	1776545392.271661	0.0	1.0	-1.0	-1.0	-1.0	-1.0	-1.0	-1.0	-1.0	-1.0	0.0	opened-hand	Open	1	calibration_20260418_134934	marker
-73636.965	-36081.72	-109592.055	-19672.829999999998	0.0	0.0	0.0	0.0	0.0	0.0	0.0	0.0	0.0	0.0	0.0	0.0	0.0	0.0	47.37931034482761	0.0	0.04919421	-0.040710345	1.02062727	2.4110799999999997	0.9919	-0.59514	3500198.0	1776545392.271668	0.0	1.0	-1.0	-1.0	-1.0	-1.0	-1.0	-1.0	-1.0	-1.0	0.0	opened-hand	Open	1	calibration_20260418_134934	marker
-73720.08	-36090.314999999995	-109682.90999999999	-19759.454999999998	0.0	0.0	0.0	0.0	0.0	0.0	0.0	0.0	0.0	0.0	0.0	0.0	0.0	0.0	47.37931034482761	0.0	0.04919421	-0.040710345	1.02062727	2.4110799999999997	0.9919	-0.59514	3500199.0	1776545392.271678	0.0	1.0	-1.0	-1.0	-1.0	-1.0	-1.0	-1.0	-1.0	-1.0	0.0	opened-hand	Open	1	calibration_20260418_134934	marker
-73693.305	-36092.205	-109674.26999999999	-19749.69	0.0	0.0	0.0	0.0	0.0	0.0	0.0	0.0	0.0	0.0	0.0	0.0	0.0	0.0	47.37931034482761	0.0	0.04919421	-0.040710345	1.02062727	2.4110799999999997	0.9919	-0.59514	3500200.0	1776545392.271685	0.0	1.0	-1.0	-1.0	-1.0	-1.0	-1.0	-1.0	-1.0	-1.0	0.0	opened-hand	Open	1	calibration_20260418_134934	marker
-73583.28	-36082.439999999995	-109543.14	-19610.73	0.0	0.0	0.0	0.0	0.0	0.0	0.0	0.0	0.0	0.0	0.0	0.0	0.0	0.0	47.37931034482761	0.0	0.04919421	-0.040710345	1.02062727	2.4110799999999997	0.9919	-0.59514	3500201.0	1776545392.271694	0.0	1.0	-1.0	-1.0	-1.0	-1.0	-1.0	-1.0	-1.0	-1.0	0.0	opened-hand	Open	1	calibration_20260418_134934	marker
-73463.985	-36073.799999999996	-109446.885	-19529.415	0.0	0.0	0.0	0.0	0.0	0.0	0.0	0.0	0.0	0.0	0.0	0.0	0.0	0.0	47.37931034482761	0.0	0.04919421	-0.040710345	1.02062727	2.4110799999999997	0.9919	-0.59514	3500202.0	1776545392.271702	0.0	1.0	-1.0	-1.0	-1.0	-1.0	-1.0	-1.0	-1.0	-1.0	0.0	opened-hand	Open	1	calibration_20260418_134934	marker
-73583.325	-36078.479999999996	-109541.385	-19641.195	0.0	0.0	0.0	0.0	0.0	0.0	0.0	0.0	0.0	0.0	0.0	0.0	0.0	0.0	47.37931034482761	0.0	0.04919421	-0.040710345	1.02062727	2.4110799999999997	0.9919	-0.59514	3500203.0	1776545392.271711	0.0	1.0	-1.0	-1.0	-1.0	-1.0	-1.0	-1.0	-1.0	-1.0	0.0	opened-hand	Open	1	calibration_20260418_134934	marker
-73741.095	-36086.13	-109676.25	-19749.87	0.0	0.0	0.0	0.0	0.0	0.0	0.0	0.0	0.0	0.0	0.0	0.0	0.0	0.0	47.37931034482761	0.0	0.04919421	-0.040710345	1.02062727	2.4110799999999997	0.9919	-0.59514	3500204.0	1776545392.271719	0.0	1.0	-1.0	-1.0	-1.0	-1.0	-1.0	-1.0	-1.0	-1.0	0.0	opened-hand	Open	1	calibration_20260418_134934	marker
-73657.665	-36082.755	-109598.08499999999	-19673.82	0.0	0.0	0.0	0.0	0.0	0.0	0.0	0.0	0.0	0.0	0.0	0.0	0.0	0.0	47.37931034482761	0.0	0.046081425	-0.034973055	1.021054515	0.56462	0.44254	-0.74774	3500205.0	1776545392.271728	0.0	1.0	-1.0	-1.0	-1.0	-1.0	-1.0	-1.0	-1.0	-1.0	0.0	opened-hand	Open	1	calibration_20260418_134934	marker
-73571.04	-36076.275	-109520.055	-19595.024999999998	0.0	0.0	0.0	0.0	0.0	0.0	0.0	0.0	0.0	0.0	0.0	0.0	0.0	0.0	47.37931034482761	0.0	0.046081425	-0.034973055	1.021054515	0.56462	0.44254	-0.74774	3500206.0	1776545392.271736	0.0	1.0	-1.0	-1.0	-1.0	-1.0	-1.0	-1.0	-1.0	-1.0	0.0	opened-hand	Open	1	calibration_20260418_134934	marker
-73712.06999999999	-36085.905	-109686.555	-19744.2	0.0	0.0	0.0	0.0	0.0	0.0	0.0	0.0	0.0	0.0	0.0	0.0	0.0	0.0	47.37931034482761	0.0	0.046081425	-0.034973055	1.021054515	0.56462	0.44254	-0.74774	3500207.0	1776545392.271745	0.0	1.0	-1.0	-1.0	-1.0	-1.0	-1.0	-1.0	-1.0	-1.0	0.0	opened-hand	Open	1	calibration_20260418_134934	marker
-73735.69499999999	-36087.93	-109735.47	-19804.094999999998	0.0	0.0	0.0	0.0	0.0	0.0	0.0	0.0	0.0	0.0	0.0	0.0	0.0	0.0	47.37931034482761	0.0	0.046081425	-0.034973055	1.021054515	0.56462	0.44254	-0.74774	3500208.0	1776545392.271752	0.0	1.0	-1.0	-1.0	-1.0	-1.0	-1.0	-1.0	-1.0	-1.0	0.0	opened-hand	Open	1	calibration_20260418_134934	marker
-73676.61	-36078.39	-109626.39	-19692.135	0.0	0.0	0.0	0.0	0.0	0.0	0.0	0.0	0.0	0.0	0.0	0.0	0.0	0.0	47.37931034482761	0.0	0.046081425	-0.034973055	1.021054515	0.56462	0.44254	-0.74774	3500209.0	1776545392.271762	0.0	1.0	-1.0	-1.0	-1.0	-1.0	-1.0	-1.0	-1.0	-1.0	0.0	opened-hand	Open	1	calibration_20260418_134934	marker
-73692.22499999999	-36073.799999999996	-109638.62999999999	-19703.295	0.0	0.0	0.0	0.0	0.0	0.0	0.0	0.0	0.0	0.0	0.0	0.0	0.0	0.0	47.37931034482761	0.0	0.046081425	-0.034973055	1.021054515	0.56462	0.44254	-0.74774	3500210.0	1776545392.271787	0.0	1.0	-1.0	-1.0	-1.0	-1.0	-1.0	-1.0	-1.0	-1.0	0.0	opened-hand	Open	1	calibration_20260418_134934	marker
-73730.34	-36072.27	-109698.65999999999	-19768.005	0.0	0.0	0.0	0.0	0.0	0.0	0.0	0.0	0.0	0.0	0.0	0.0	0.0	0.0	47.37931034482761	0.0	0.046081425	-0.034973055	1.021054515	0.56462	0.44254	-0.74774	3500211.0	1776545392.271799	0.0	1.0	-1.0	-1.0	-1.0	-1.0	-1.0	-1.0	-1.0	-1.0	0.0	opened-hand	Open	1	calibration_20260418_134934	marker
-73716.03	-36066.869999999995	-109687.00499999999	-19765.89	0.0	0.0	0.0	0.0	0.0	0.0	0.0	0.0	0.0	0.0	0.0	0.0	0.0	0.0	47.37931034482761	0.0	0.046081425	-0.034973055	1.021054515	0.56462	0.44254	-0.74774	3500212.0	1776545392.271806	0.0	1.0	-1.0	-1.0	-1.0	-1.0	-1.0	-1.0	-1.0	-1.0	0.0	opened-hand	Open	1	calibration_20260418_134934	marker
-73704.15	-36065.7	-109660.995	-19737.315	0.0	0.0	0.0	0.0	0.0	0.0	0.0	0.0	0.0	0.0	0.0	0.0	0.0	0.0	47.37931034482761	0.0	0.046081425	-0.034973055	1.021054515	0.56462	0.44254	-0.74774	3500213.0	1776545392.271816	0.0	1.0	-1.0	-1.0	-1.0	-1.0	-1.0	-1.0	-1.0	-1.0	0.0	opened-hand	Open	1	calibration_20260418_134934	marker
-73706.715	-36068.625	-109668.69	-19737.135	0.0	0.0	0.0	0.0	0.0	0.0	0.0	0.0	0.0	0.0	0.0	0.0	0.0	0.0	47.37931034482761	0.0	0.046081425	-0.034973055	1.021054515	0.56462	0.44254	-0.74774	3500214.0	1776545392.271823	0.0	1.0	-1.0	-1.0	-1.0	-1.0	-1.0	-1.0	-1.0	-1.0	0.0	opened-hand	Open	1	calibration_20260418_134934	marker
-73613.43	-36065.34	-109583.19	-19679.085	0.0	0.0	0.0	0.0	0.0	0.0	0.0	0.0	0.0	0.0	0.0	0.0	0.0	0.0	47.37931034482761	0.0	0.044982795	-0.038635155	1.0229466	1.6175599999999999	0.04578	-0.56462	3500215.0	1776545392.271838	0.0	1.0	-1.0	-1.0	-1.0	-1.0	-1.0	-1.0	-1.0	-1.0	0.0	opened-hand	Open	1	calibration_20260418_134934	marker
-73596.33	-36066.78	-109554.12	-19670.13	0.0	0.0	0.0	0.0	0.0	0.0	0.0	0.0	0.0	0.0	0.0	0.0	0.0	0.0	47.37931034482761	0.0	0.044982795	-0.038635155	1.0229466	1.6175599999999999	0.04578	-0.56462	3500216.0	1776545392.271845	0.0	1.0	-1.0	-1.0	-1.0	-1.0	-1.0	-1.0	-1.0	-1.0	0.0	opened-hand	Open	1	calibration_20260418_134934	marker
-73616.535	-36064.215	-109584.26999999999	-19666.62	0.0	0.0	0.0	0.0	0.0	0.0	0.0	0.0	0.0	0.0	0.0	0.0	0.0	0.0	47.37931034482761	0.0	0.044982795	-0.038635155	1.0229466	1.6175599999999999	0.04578	-0.56462	3500217.0	1776545392.271855	0.0	1.0	-1.0	-1.0	-1.0	-1.0	-1.0	-1.0	-1.0	-1.0	0.0	opened-hand	Open	1	calibration_20260418_134934	marker
-73668.825	-36059.534999999996	-109629.81	-19672.605	0.0	0.0	0.0	0.0	0.0	0.0	0.0	0.0	0.0	0.0	0.0	0.0	0.0	0.0	47.37931034482761	0.0	0.044982795	-0.038635155	1.0229466	1.6175599999999999	0.04578	-0.56462	3500218.0	1776545392.271862	0.0	1.0	-1.0	-1.0	-1.0	-1.0	-1.0	-1.0	-1.0	-1.0	0.0	opened-hand	Open	1	calibration_20260418_134934	marker
-73601.145	-36049.994999999995	-109564.065	-19638.585	0.0	0.0	0.0	0.0	0.0	0.0	0.0	0.0	0.0	0.0	0.0	0.0	0.0	0.0	47.37931034482761	0.0	0.044982795	-0.038635155	1.0229466	1.6175599999999999	0.04578	-0.56462	3500219.0	1776545392.271872	0.0	1.0	-1.0	-1.0	-1.0	-1.0	-1.0	-1.0	-1.0	-1.0	0.0	opened-hand	Open	1	calibration_20260418_134934	marker
-73514.745	-36042.21	-109480.59	-19580.625	0.0	0.0	0.0	0.0	0.0	0.0	0.0	0.0	0.0	0.0	0.0	0.0	0.0	0.0	47.37931034482761	0.0	0.044982795	-0.038635155	1.0229466	1.6175599999999999	0.04578	-0.56462	3500220.0	1776545392.271879	0.0	1.0	-1.0	-1.0	-1.0	-1.0	-1.0	-1.0	-1.0	-1.0	0.0	opened-hand	Open	1	calibration_20260418_134934	marker
-73652.265	-36050.805	-109617.12	-19676.7	0.0	0.0	0.0	0.0	0.0	0.0	0.0	0.0	0.0	0.0	0.0	0.0	0.0	0.0	47.37931034482761	0.0	0.044982795	-0.038635155	1.0229466	1.6175599999999999	0.04578	-0.56462	3500221.0	1776545392.271889	0.0	1.0	-1.0	-1.0	-1.0	-1.0	-1.0	-1.0	-1.0	-1.0	0.0	opened-hand	Open	1	calibration_20260418_134934	marker
-73629.855	-36051.345	-109592.325	-19647.27	0.0	0.0	0.0	0.0	0.0	0.0	0.0	0.0	0.0	0.0	0.0	0.0	0.0	0.0	47.37931034482761	0.0	0.044982795	-0.038635155	1.0229466	1.6175599999999999	0.04578	-0.56462	3500222.0	1776545392.271896	0.0	1.0	-1.0	-1.0	-1.0	-1.0	-1.0	-1.0	-1.0	-1.0	0.0	opened-hand	Open	1	calibration_20260418_134934	marker
-73561.23	-36050.13	-109504.8	-19626.66	0.0	0.0	0.0	0.0	0.0	0.0	0.0	0.0	0.0	0.0	0.0	0.0	0.0	0.0	47.37931034482761	0.0	0.044982795	-0.038635155	1.0229466	1.6175599999999999	0.04578	-0.56462	3500223.0	1776545392.271905	0.0	1.0	-1.0	-1.0	-1.0	-1.0	-1.0	-1.0	-1.0	-1.0	0.0	opened-hand	Open	1	calibration_20260418_134934	marker
-73675.125	-36063.72	-109627.47	-19737.495	0.0	0.0	0.0	0.0	0.0	0.0	0.0	0.0	0.0	0.0	0.0	0.0	0.0	0.0	47.37931034482761	0.0	0.044982795	-0.038635155	1.0229466	1.6175599999999999	0.04578	-0.56462	3500224.0	1776545392.271913	0.0	1.0	-1.0	-1.0	-1.0	-1.0	-1.0	-1.0	-1.0	-1.0	0.0	opened-hand	Open	1	calibration_20260418_134934	marker
-73648.845	-36065.159999999996	-109631.43	-19701.495	0.0	0.0	0.0	0.0	0.0	0.0	0.0	0.0	0.0	0.0	0.0	0.0	0.0	0.0	47.37931034482761	0.0	0.046813845	-0.041442765	1.02526593	3.29616	-0.06104	0.01526	3500225.0	1776545392.271922	0.0	1.0	-1.0	-1.0	-1.0	-1.0	-1.0	-1.0	-1.0	-1.0	0.0	opened-hand	Open	1	calibration_20260418_134934	marker
-73653.885	-36062.865	-109612.8	-19683.809999999998	0.0	0.0	0.0	0.0	0.0	0.0	0.0	0.0	0.0	0.0	0.0	0.0	0.0	0.0	47.37931034482761	0.0	0.046813845	-0.041442765	1.02526593	3.29616	-0.06104	0.01526	3500226.0	1776545392.271929	0.0	1.0	-1.0	-1.0	-1.0	-1.0	-1.0	-1.0	-1.0	-1.0	0.0	opened-hand	Open	1	calibration_20260418_134934	marker
-73743.705	-36063.54	-109635.75	-19729.395	0.0	0.0	0.0	0.0	0.0	0.0	0.0	0.0	0.0	0.0	0.0	0.0	0.0	0.0	47.37931034482761	0.0	0.046813845	-0.041442765	1.02526593	3.29616	-0.06104	0.01526	3500227.0	1776545392.271938	0.0	1.0	-1.0	-1.0	-1.0	-1.0	-1.0	-1.0	-1.0	-1.0	0.0	opened-hand	Open	1	calibration_20260418_134934	marker
-73696.815	-36051.795	-109584.855	-19701.225	0.0	0.0	0.0	0.0	0.0	0.0	0.0	0.0	0.0	0.0	0.0	0.0	0.0	0.0	47.37931034482761	0.0	0.046813845	-0.041442765	1.02526593	3.29616	-0.06104	0.01526	3500228.0	1776545392.271945	0.0	1.0	-1.0	-1.0	-1.0	-1.0	-1.0	-1.0	-1.0	-1.0	0.0	opened-hand	Open	1	calibration_20260418_134934	marker
-73594.62	-36042.299999999996	-109579.23	-19674.27	0.0	0.0	0.0	0.0	0.0	0.0	0.0	0.0	0.0	0.0	0.0	0.0	0.0	0.0	47.37931034482761	0.0	0.046813845	-0.041442765	1.02526593	3.29616	-0.06104	0.01526	3500229.0	1776545392.271955	0.0	1.0	-1.0	-1.0	-1.0	-1.0	-1.0	-1.0	-1.0	-1.0	0.0	opened-hand	Open	1	calibration_20260418_134934	marker
-73809.81	-36052.02	-109747.215	-19741.995	0.0	0.0	0.0	0.0	0.0	0.0	0.0	0.0	0.0	0.0	0.0	0.0	0.0	0.0	47.37931034482761	0.0	0.046813845	-0.041442765	1.02526593	3.29616	-0.06104	0.01526	3500230.0	1776545392.271962	0.0	1.0	-1.0	-1.0	-1.0	-1.0	-1.0	-1.0	-1.0	-1.0	0.0	opened-hand	Open	1	calibration_20260418_134934	marker
-73785.555	-36054.494999999995	-109743.075	-19779.12	0.0	0.0	0.0	0.0	0.0	0.0	0.0	0.0	0.0	0.0	0.0	0.0	0.0	0.0	47.37931034482761	0.0	0.046813845	-0.041442765	1.02526593	3.29616	-0.06104	0.01526	3500231.0	1776545392.271972	0.0	1.0	-1.0	-1.0	-1.0	-1.0	-1.0	-1.0	-1.0	-1.0	0.0	opened-hand	Open	1	calibration_20260418_134934	marker
-73663.02	-36052.155	-109631.11499999999	-19713.465	0.0	0.0	0.0	0.0	0.0	0.0	0.0	0.0	0.0	0.0	0.0	0.0	0.0	0.0	47.37931034482761	0.0	0.046813845	-0.041442765	1.02526593	3.29616	-0.06104	0.01526	3500232.0	1776545392.271979	0.0	1.0	-1.0	-1.0	-1.0	-1.0	-1.0	-1.0	-1.0	-1.0	0.0	opened-hand	Open	1	calibration_20260418_134934	marker
-73663.02	-36052.155	-109631.11499999999	-19713.465	0.0	0.0	0.0	0.0	0.0	0.0	0.0	0.0	0.0	0.0	0.0	0.0	0.0	0.0	47.37931034482761	0.0	0.046813845	-0.041442765	1.02526593	3.29616	-0.06104	0.01526	3500233.0	1776545392.271989	0.0	1.0	-1.0	-1.0	-1.0	-1.0	-1.0	-1.0	-1.0	-1.0	0.0	opened-hand	Open	1	calibration_20260418_134934	marker
-73663.02	-36052.155	-109631.11499999999	-19713.465	0.0	0.0	0.0	0.0	0.0	0.0	0.0	0.0	0.0	0.0	0.0	0.0	0.0	0.0	47.37931034482761	0.0	0.046813845	-0.041442765	1.02526593	3.29616	-0.06104	0.01526	3500234.0	1776545392.271995	0.0	1.0	-1.0	-1.0	-1.0	-1.0	-1.0	-1.0	-1.0	-1.0	0.0	opened-hand	Open	1	calibration_20260418_134934	marker
-73663.02	-36052.155	-109631.11499999999	-19713.465	0.0	0.0	0.0	0.0	0.0	0.0	0.0	0.0	0.0	0.0	0.0	0.0	0.0	0.0	47.37931034482761	0.0	0.046813845	-0.041442765	1.02526593	3.29616	-0.06104	0.01526	3500235.0	1776545392.272001	0.0	1.0	-1.0	-1.0	-1.0	-1.0	-1.0	-1.0	-1.0	-1.0	0.0	opened-hand	Open	1	calibration_20260418_134934	marker
-73663.02	-36052.155	-109631.11499999999	-19713.465	0.0	0.0	0.0	0.0	0.0	0.0	0.0	0.0	0.0	0.0	0.0	0.0	0.0	0.0	47.37931034482761	0.0	0.046813845	-0.041442765	1.02526593	3.29616	-0.06104	0.01526	3500236.0	1776545392.272007	0.0	1.0	-1.0	-1.0	-1.0	-1.0	-1.0	-1.0	-1.0	-1.0	0.0	opened-hand	Open	1	calibration_20260418_134934	marker
-73663.02	-36052.155	-109631.11499999999	-19713.465	0.0	0.0	0.0	0.0	0.0	0.0	0.0	0.0	0.0	0.0	0.0	0.0	0.0	0.0	47.37931034482761	0.0	0.046813845	-0.041442765	1.02526593	3.29616	-0.06104	0.01526	3500237.0	1776545392.272013	0.0	1.0	-1.0	-1.0	-1.0	-1.0	-1.0	-1.0	-1.0	-1.0	0.0	opened-hand	Open	1	calibration_20260418_134934	marker
-73663.02	-36052.155	-109631.11499999999	-19713.465	0.0	0.0	0.0	0.0	0.0	0.0	0.0	0.0	0.0	0.0	0.0	0.0	0.0	0.0	47.37931034482761	0.0	0.046813845	-0.041442765	1.02526593	3.29616	-0.06104	0.01526	3500238.0	1776545392.272019	0.0	1.0	-1.0	-1.0	-1.0	-1.0	-1.0	-1.0	-1.0	-1.0	0.0	opened-hand	Open	1	calibration_20260418_134934	marker
-73650.375	-36063.854999999996	-109582.37999999999	-19664.055	0.0	0.0	0.0	0.0	0.0	0.0	0.0	0.0	0.0	0.0	0.0	0.0	0.0	0.0	47.37931034482761	0.0	0.048034545	-0.03894033	1.02514386	3.92182	-0.10682	0.09156	3500241.0	1776545392.276395	0.0	1.0	-1.0	-1.0	-1.0	-1.0	-1.0	-1.0	-1.0	-1.0	0.0	opened-hand	Open	1	calibration_20260418_134934	marker
-73628.685	-36066.42	-109589.265	-19670.13	0.0	0.0	0.0	0.0	0.0	0.0	0.0	0.0	0.0	0.0	0.0	0.0	0.0	0.0	47.37931034482761	0.0	0.048034545	-0.03894033	1.02514386	3.92182	-0.10682	0.09156	3500242.0	1776545392.276424	0.0	1.0	-1.0	-1.0	-1.0	-1.0	-1.0	-1.0	-1.0	-1.0	0.0	opened-hand	Open	1	calibration_20260418_134934	marker
-73527.20999999999	-36058.455	-109493.685	-19638.989999999998	0.0	0.0	0.0	0.0	0.0	0.0	0.0	0.0	0.0	0.0	0.0	0.0	0.0	0.0	47.37931034482761	0.0	0.048034545	-0.03894033	1.02514386	3.92182	-0.10682	0.09156	3500243.0	1776545392.280912	0.0	1.0	-1.0	-1.0	-1.0	-1.0	-1.0	-1.0	-1.0	-1.0	0.0	opened-hand	Open	1	calibration_20260418_134934	marker
-73660.59	-36061.02	-109514.295	-19711.755	0.0	0.0	0.0	0.0	0.0	0.0	0.0	0.0	0.0	0.0	0.0	0.0	0.0	0.0	47.37931034482761	0.0	0.048034545	-0.03894033	1.02514386	3.92182	-0.10682	0.09156	3500244.0	1776545392.280941	0.0	1.0	-1.0	-1.0	-1.0	-1.0	-1.0	-1.0	-1.0	-1.0	0.0	opened-hand	Open	1	calibration_20260418_134934	marker
-73606.68	-36057.24	-109583.325	-19657.665	0.0	0.0	0.0	0.0	0.0	0.0	0.0	0.0	0.0	0.0	0.0	0.0	0.0	0.0	47.37931034482761	0.0	0.04626453	-0.0354003	1.0266087	3.37246	-0.42728	1.23606	3500245.0	1776545392.311983	0.0	1.0	-1.0	-1.0	-1.0	-1.0	-1.0	-1.0	-1.0	-1.0	0.0	opened-hand	Open	1	calibration_20260418_134934	marker
-73611.405	-36062.189999999995	-109718.73	-19707.704999999998	0.0	0.0	0.0	0.0	0.0	0.0	0.0	0.0	0.0	0.0	0.0	0.0	0.0	0.0	47.37931034482761	0.0	0.04626453	-0.0354003	1.0266087	3.37246	-0.42728	1.23606	3500246.0	1776545392.312031	0.0	1.0	-1.0	-1.0	-1.0	-1.0	-1.0	-1.0	-1.0	-1.0	0.0	opened-hand	Open	1	calibration_20260418_134934	marker
-73691.955	-36067.77	-109700.64	-19746.945	0.0	0.0	0.0	0.0	0.0	0.0	0.0	0.0	0.0	0.0	0.0	0.0	0.0	0.0	47.37931034482761	0.0	0.04626453	-0.0354003	1.0266087	3.37246	-0.42728	1.23606	3500247.0	1776545392.312565	0.0	1.0	-1.0	-1.0	-1.0	-1.0	-1.0	-1.0	-1.0	-1.0	0.0	opened-hand	Open	1	calibration_20260418_134934	marker
-73632.915	-36062.505	-109591.155	-19654.2	0.0	0.0	0.0	0.0	0.0	0.0	0.0	0.0	0.0	0.0	0.0	0.0	0.0	0.0	47.37931034482761	0.0	0.04626453	-0.0354003	1.0266087	3.37246	-0.42728	1.23606	3500248.0	1776545392.3126	0.0	1.0	-1.0	-1.0	-1.0	-1.0	-1.0	-1.0	-1.0	-1.0	0.0	opened-hand	Open	1	calibration_20260418_134934	marker
-73605.23999999999	-36064.619999999995	-109566.98999999999	-19638.405	0.0	0.0	0.0	0.0	0.0	0.0	0.0	0.0	0.0	0.0	0.0	0.0	0.0	0.0	47.37931034482761	0.0	0.04626453	-0.0354003	1.0266087	3.37246	-0.42728	1.23606	3500249.0	1776545392.312672	0.0	1.0	-1.0	-1.0	-1.0	-1.0	-1.0	-1.0	-1.0	-1.0	0.0	opened-hand	Open	1	calibration_20260418_134934	marker
-73662.03	-36069.795	-109648.53	-19717.515	0.0	0.0	0.0	0.0	0.0	0.0	0.0	0.0	0.0	0.0	0.0	0.0	0.0	0.0	47.37931034482761	0.0	0.04626453	-0.0354003	1.0266087	3.37246	-0.42728	1.23606	3500250.0	1776545392.312701	0.0	1.0	-1.0	-1.0	-1.0	-1.0	-1.0	-1.0	-1.0	-1.0	0.0	opened-hand	Open	1	calibration_20260418_134934	marker
-73596.51	-36060.435	-109569.105	-19631.475	0.0	0.0	0.0	0.0	0.0	0.0	0.0	0.0	0.0	0.0	0.0	0.0	0.0	0.0	47.37931034482761	0.0	0.04626453	-0.0354003	1.0266087	3.37246	-0.42728	1.23606	3500251.0	1776545392.312731	0.0	1.0	-1.0	-1.0	-1.0	-1.0	-1.0	-1.0	-1.0	-1.0	0.0	opened-hand	Open	1	calibration_20260418_134934	marker
-73560.95999999999	-36053.01	-109503.98999999999	-19580.04	0.0	0.0	0.0	0.0	0.0	0.0	0.0	0.0	0.0	0.0	0.0	0.0	0.0	0.0	47.37931034482761	0.0	0.04626453	-0.0354003	1.0266087	3.37246	-0.42728	1.23606	3500252.0	1776545392.312749	0.0	1.0	-1.0	-1.0	-1.0	-1.0	-1.0	-1.0	-1.0	-1.0	0.0	opened-hand	Open	1	calibration_20260418_134934	marker
-73749.915	-36060.885	-109683.36	-19739.88	0.0	0.0	0.0	0.0	0.0	0.0	0.0	0.0	0.0	0.0	0.0	0.0	0.0	0.0	47.37931034482761	0.0	0.04626453	-0.0354003	1.0266087	3.37246	-0.42728	1.23606	3500253.0	1776545392.312771	0.0	1.0	-1.0	-1.0	-1.0	-1.0	-1.0	-1.0	-1.0	-1.0	0.0	opened-hand	Open	1	calibration_20260418_134934	marker
-73806.165	-36063.765	-109727.415	-19855.665	0.0	0.0	0.0	0.0	0.0	0.0	0.0	0.0	0.0	0.0	0.0	0.0	0.0	0.0	47.37931034482761	0.0	0.04626453	-0.0354003	1.0266087	3.37246	-0.42728	1.23606	3500254.0	1776545392.312789	0.0	1.0	-1.0	-1.0	-1.0	-1.0	-1.0	-1.0	-1.0	-1.0	0.0	opened-hand	Open	1	calibration_20260418_134934	marker
-73709.45999999999	-36057.555	-109617.165	-19763.594999999998	0.0	0.0	0.0	0.0	0.0	0.0	0.0	0.0	0.0	0.0	0.0	0.0	0.0	0.0	47.37931034482761	0.0	0.04357899	-0.03063957	1.027158015	3.17408	-0.8087799999999999	1.46496	3500255.0	1776545392.312811	0.0	1.0	-1.0	-1.0	-1.0	-1.0	-1.0	-1.0	-1.0	-1.0	0.0	opened-hand	Open	1	calibration_20260418_134934	marker
-73724.625	-36063.045	-109771.515	-19799.64	0.0	0.0	0.0	0.0	0.0	0.0	0.0	0.0	0.0	0.0	0.0	0.0	0.0	0.0	47.37931034482761	0.0	0.04357899	-0.03063957	1.027158015	3.17408	-0.8087799999999999	1.46496	3500256.0	1776545392.312828	0.0	1.0	-1.0	-1.0	-1.0	-1.0	-1.0	-1.0	-1.0	-1.0	0.0	opened-hand	Open	1	calibration_20260418_134934	marker
-73701.62999999999	-36065.564999999995	-109761.48	-19779.39	0.0	0.0	0.0	0.0	0.0	0.0	0.0	0.0	0.0	0.0	0.0	0.0	0.0	0.0	47.37931034482761	0.0	0.04357899	-0.03063957	1.027158015	3.17408	-0.8087799999999999	1.46496	3500257.0	1776545392.31285	0.0	1.0	-1.0	-1.0	-1.0	-1.0	-1.0	-1.0	-1.0	-1.0	0.0	opened-hand	Open	1	calibration_20260418_134934	marker
-73626.525	-36061.875	-109613.25	-19666.89	0.0	0.0	0.0	0.0	0.0	0.0	0.0	0.0	0.0	0.0	0.0	0.0	0.0	0.0	47.37931034482761	0.0	0.04357899	-0.03063957	1.027158015	3.17408	-0.8087799999999999	1.46496	3500258.0	1776545392.312867	0.0	1.0	-1.0	-1.0	-1.0	-1.0	-1.0	-1.0	-1.0	-1.0	0.0	opened-hand	Open	1	calibration_20260418_134934	marker
-73547.595	-36055.53	-109560.23999999999	-19616.04	0.0	0.0	0.0	0.0	0.0	0.0	0.0	0.0	0.0	0.0	0.0	0.0	0.0	0.0	47.37931034482761	0.0	0.04357899	-0.03063957	1.027158015	3.17408	-0.8087799999999999	1.46496	3500259.0	1776545392.3151	0.0	1.0	-1.0	-1.0	-1.0	-1.0	-1.0	-1.0	-1.0	-1.0	0.0	opened-hand	Open	1	calibration_20260418_134934	marker
-73543.23	-36048.24	-109542.23999999999	-19589.76	0.0	0.0	0.0	0.0	0.0	0.0	0.0	0.0	0.0	0.0	0.0	0.0	0.0	0.0	47.37931034482761	0.0	0.04357899	-0.03063957	1.027158015	3.17408	-0.8087799999999999	1.46496	3500260.0	1776545392.315132	0.0	1.0	-1.0	-1.0	-1.0	-1.0	-1.0	-1.0	-1.0	-1.0	0.0	opened-hand	Open	1	calibration_20260418_134934	marker
-73655.01	-36048.645	-109648.125	-19707.255	0.0	0.0	0.0	0.0	0.0	0.0	0.0	0.0	0.0	0.0	0.0	0.0	0.0	0.0	47.37931034482761	0.0	0.04357899	-0.03063957	1.027158015	3.17408	-0.8087799999999999	1.46496	3500261.0	1776545392.447224	0.0	1.0	-1.0	-1.0	-1.0	-1.0	-1.0	-1.0	-1.0	-1.0	0.0	opened-hand	Open	1	calibration_20260418_134934	marker
-73627.245	-36042.255	-109624.905	-19707.614999999998	0.0	0.0	0.0	0.0	0.0	0.0	0.0	0.0	0.0	0.0	0.0	0.0	0.0	0.0	47.37931034482761	0.0	0.04357899	-0.03063957	1.027158015	3.17408	-0.8087799999999999	1.46496	3500262.0	1776545392.447282	0.0	1.0	-1.0	-1.0	-1.0	-1.0	-1.0	-1.0	-1.0	-1.0	0.0	opened-hand	Open	1	calibration_20260418_134934	marker
-73626.56999999999	-36041.354999999996	-109593.72	-19667.07	0.0	0.0	0.0	0.0	0.0	0.0	0.0	0.0	0.0	0.0	0.0	0.0	0.0	0.0	47.37931034482761	0.0	0.04357899	-0.03063957	1.027158015	3.17408	-0.8087799999999999	1.46496	3500263.0	1776545392.447356	0.0	1.0	-1.0	-1.0	-1.0	-1.0	-1.0	-1.0	-1.0	-1.0	0.0	opened-hand	Open	1	calibration_20260418_134934	marker
-73694.295	-36045.27	-109603.89	-19664.954999999998	0.0	0.0	0.0	0.0	0.0	0.0	0.0	0.0	0.0	0.0	0.0	0.0	0.0	0.0	47.37931034482761	0.0	0.04357899	-0.03063957	1.027158015	3.17408	-0.8087799999999999	1.46496	3500264.0	1776545392.447364	0.0	1.0	-1.0	-1.0	-1.0	-1.0	-1.0	-1.0	-1.0	-1.0	0.0	opened-hand	Open	1	calibration_20260418_134934	marker
-73682.01	-36048.42	-109640.11499999999	-19703.25	0.0	0.0	0.0	0.0	0.0	0.0	0.0	0.0	0.0	0.0	0.0	0.0	0.0	0.0	47.37931034482761	0.0	0.047668335	-0.029724045	1.0194065700000001	2.65524	-0.82404	2.01432	3500265.0	1776545392.447421	0.0	1.0	-1.0	-1.0	-1.0	-1.0	-1.0	-1.0	-1.0	-1.0	0.0	opened-hand	Open	1	calibration_20260418_134934	marker
-73671.39	-36052.965	-109698.25499999999	-19764.495	0.0	0.0	0.0	0.0	0.0	0.0	0.0	0.0	0.0	0.0	0.0	0.0	0.0	0.0	47.37931034482761	0.0	0.047668335	-0.029724045	1.0194065700000001	2.65524	-0.82404	2.01432	3500266.0	1776545392.447431	0.0	1.0	-1.0	-1.0	-1.0	-1.0	-1.0	-1.0	-1.0	-1.0	0.0	opened-hand	Open	1	calibration_20260418_134934	marker
-73700.19	-36055.034999999996	-109707.705	-19773.63	0.0	0.0	0.0	0.0	0.0	0.0	0.0	0.0	0.0	0.0	0.0	0.0	0.0	0.0	47.37931034482761	0.0	0.047668335	-0.029724045	1.0194065700000001	2.65524	-0.82404	2.01432	3500267.0	1776545392.447443	0.0	1.0	-1.0	-1.0	-1.0	-1.0	-1.0	-1.0	-1.0	-1.0	0.0	opened-hand	Open	1	calibration_20260418_134934	marker
-73690.69499999999	-36054.36	-109671.93	-19737.989999999998	0.0	0.0	0.0	0.0	0.0	0.0	0.0	0.0	0.0	0.0	0.0	0.0	0.0	0.0	47.37931034482761	0.0	0.047668335	-0.029724045	1.0194065700000001	2.65524	-0.82404	2.01432	3500268.0	1776545392.44745	0.0	1.0	-1.0	-1.0	-1.0	-1.0	-1.0	-1.0	-1.0	-1.0	0.0	opened-hand	Open	1	calibration_20260418_134934	marker
-73627.83	-36046.71	-109610.73	-19669.32	0.0	0.0	0.0	0.0	0.0	0.0	0.0	0.0	0.0	0.0	0.0	0.0	0.0	0.0	47.37931034482761	0.0	0.047668335	-0.029724045	1.0194065700000001	2.65524	-0.82404	2.01432	3500269.0	1776545392.44746	0.0	1.0	-1.0	-1.0	-1.0	-1.0	-1.0	-1.0	-1.0	-1.0	0.0	opened-hand	Open	1	calibration_20260418_134934	marker
-73595.79	-36037.979999999996	-109562.89499999999	-19640.25	0.0	0.0	0.0	0.0	0.0	0.0	0.0	0.0	0.0	0.0	0.0	0.0	0.0	0.0	47.37931034482761	0.0	0.047668335	-0.029724045	1.0194065700000001	2.65524	-0.82404	2.01432	3500270.0	1776545392.447468	0.0	1.0	-1.0	-1.0	-1.0	-1.0	-1.0	-1.0	-1.0	-1.0	0.0	opened-hand	Open	1	calibration_20260418_134934	marker
-73671.12	-36039.555	-109637.055	-19697.94	0.0	0.0	0.0	0.0	0.0	0.0	0.0	0.0	0.0	0.0	0.0	0.0	0.0	0.0	47.37931034482761	0.0	0.047668335	-0.029724045	1.0194065700000001	2.65524	-0.82404	2.01432	3500271.0	1776545392.447477	0.0	1.0	-1.0	-1.0	-1.0	-1.0	-1.0	-1.0	-1.0	-1.0	0.0	opened-hand	Open	1	calibration_20260418_134934	marker
-73681.47	-36045.854999999996	-109666.26	-19729.98	0.0	0.0	0.0	0.0	0.0	0.0	0.0	0.0	0.0	0.0	0.0	0.0	0.0	0.0	47.37931034482761	0.0	0.047668335	-0.029724045	1.0194065700000001	2.65524	-0.82404	2.01432	3500272.0	1776545392.447484	0.0	1.0	-1.0	-1.0	-1.0	-1.0	-1.0	-1.0	-1.0	-1.0	0.0	opened-hand	Open	1	calibration_20260418_134934	marker
-73582.47	-36041.895	-109499.58	-19613.16	0.0	0.0	0.0	0.0	0.0	0.0	0.0	0.0	0.0	0.0	0.0	0.0	0.0	0.0	47.37931034482761	0.0	0.047668335	-0.029724045	1.0194065700000001	2.65524	-0.82404	2.01432	3500273.0	1776545392.447493	0.0	1.0	-1.0	-1.0	-1.0	-1.0	-1.0	-1.0	-1.0	-1.0	0.0	opened-hand	Open	1	calibration_20260418_134934	marker
-73593.09	-36044.865	-109502.64	-19649.79	0.0	0.0	0.0	0.0	0.0	0.0	0.0	0.0	0.0	0.0	0.0	0.0	0.0	0.0	47.37931034482761	0.0	0.047668335	-0.029724045	1.0194065700000001	2.65524	-0.82404	2.01432	3500274.0	1776545392.4475	0.0	1.0	-1.0	-1.0	-1.0	-1.0	-1.0	-1.0	-1.0	-1.0	0.0	opened-hand	Open	1	calibration_20260418_134934	marker
-73666.215	-36050.58	-109619.14499999999	-19708.695	0.0	0.0	0.0	0.0	0.0	0.0	0.0	0.0	0.0	0.0	0.0	0.0	0.0	0.0	47.37931034482761	0.0	0.05261217	-0.037780665	1.010678565	2.3042599999999998	-0.09156	2.39582	3500275.0	1776545392.447509	0.0	1.0	-1.0	-1.0	-1.0	-1.0	-1.0	-1.0	-1.0	-1.0	0.0	opened-hand	Open	1	calibration_20260418_134934	marker
-73660.31999999999	-36046.799999999996	-109680.75	-19710.585	0.0	0.0	0.0	0.0	0.0	0.0	0.0	0.0	0.0	0.0	0.0	0.0	0.0	0.0	47.37931034482761	0.0	0.05261217	-0.037780665	1.010678565	2.3042599999999998	-0.09156	2.39582	3500276.0	1776545392.447515	0.0	1.0	-1.0	-1.0	-1.0	-1.0	-1.0	-1.0	-1.0	-1.0	0.0	opened-hand	Open	1	calibration_20260418_134934	marker
-73580.355	-36033.93	-109588.05	-19635.434999999998	0.0	0.0	0.0	0.0	0.0	0.0	0.0	0.0	0.0	0.0	0.0	0.0	0.0	0.0	47.37931034482761	0.0	0.05261217	-0.037780665	1.010678565	2.3042599999999998	-0.09156	2.39582	3500277.0	1776545392.447525	0.0	1.0	-1.0	-1.0	-1.0	-1.0	-1.0	-1.0	-1.0	-1.0	0.0	opened-hand	Open	1	calibration_20260418_134934	marker
-73636.69499999999	-36028.665	-109588.815	-19647.135	0.0	0.0	0.0	0.0	0.0	0.0	0.0	0.0	0.0	0.0	0.0	0.0	0.0	0.0	47.37931034482761	0.0	0.05261217	-0.037780665	1.010678565	2.3042599999999998	-0.09156	2.39582	3500278.0	1776545392.447531	0.0	1.0	-1.0	-1.0	-1.0	-1.0	-1.0	-1.0	-1.0	-1.0	0.0	opened-hand	Open	1	calibration_20260418_134934	marker
-73678.72499999999	-36030.195	-109677.28499999999	-19736.235	0.0	0.0	0.0	0.0	0.0	0.0	0.0	0.0	0.0	0.0	0.0	0.0	0.0	0.0	47.37931034482761	0.0	0.05261217	-0.037780665	1.010678565	2.3042599999999998	-0.09156	2.39582	3500279.0	1776545392.44754	0.0	1.0	-1.0	-1.0	-1.0	-1.0	-1.0	-1.0	-1.0	-1.0	0.0	opened-hand	Open	1	calibration_20260418_134934	marker
-73666.44	-36032.265	-109661.22	-19740.51	0.0	0.0	0.0	0.0	0.0	0.0	0.0	0.0	0.0	0.0	0.0	0.0	0.0	0.0	47.37931034482761	0.0	0.05261217	-0.037780665	1.010678565	2.3042599999999998	-0.09156	2.39582	3500280.0	1776545392.447547	0.0	1.0	-1.0	-1.0	-1.0	-1.0	-1.0	-1.0	-1.0	-1.0	0.0	opened-hand	Open	1	calibration_20260418_134934	marker
-73738.44	-36039.869999999995	-109678.00499999999	-19785.239999999998	0.0	0.0	0.0	0.0	0.0	0.0	0.0	0.0	0.0	0.0	0.0	0.0	0.0	0.0	47.37931034482761	0.0	0.05261217	-0.037780665	1.010678565	2.3042599999999998	-0.09156	2.39582	3500281.0	1776545392.447555	0.0	1.0	-1.0	-1.0	-1.0	-1.0	-1.0	-1.0	-1.0	-1.0	0.0	opened-hand	Open	1	calibration_20260418_134934	marker
-73638.27	-36045.99	-109645.155	-19724.13	0.0	0.0	0.0	0.0	0.0	0.0	0.0	0.0	0.0	0.0	0.0	0.0	0.0	0.0	47.37931034482761	0.0	0.05261217	-0.037780665	1.010678565	2.3042599999999998	-0.09156	2.39582	3500282.0	1776545392.447562	0.0	1.0	-1.0	-1.0	-1.0	-1.0	-1.0	-1.0	-1.0	-1.0	0.0	opened-hand	Open	1	calibration_20260418_134934	marker
-73594.70999999999	-36049.455	-109631.025	-19672.92	0.0	0.0	0.0	0.0	0.0	0.0	0.0	0.0	0.0	0.0	0.0	0.0	0.0	0.0	47.37931034482761	0.0	0.05261217	-0.037780665	1.010678565	2.3042599999999998	-0.09156	2.39582	3500283.0	1776545392.447571	0.0	1.0	-1.0	-1.0	-1.0	-1.0	-1.0	-1.0	-1.0	-1.0	0.0	opened-hand	Open	1	calibration_20260418_134934	marker
-73598.94	-36050.58	-109578.015	-19642.59	0.0	0.0	0.0	0.0	0.0	0.0	0.0	0.0	0.0	0.0	0.0	0.0	0.0	0.0	47.37931034482761	0.0	0.05261217	-0.037780665	1.010678565	2.3042599999999998	-0.09156	2.39582	3500284.0	1776545392.447578	0.0	1.0	-1.0	-1.0	-1.0	-1.0	-1.0	-1.0	-1.0	-1.0	0.0	opened-hand	Open	1	calibration_20260418_134934	marker
-73714.455	-36053.82	-109613.61	-19668.645	0.0	0.0	0.0	0.0	0.0	0.0	0.0	0.0	0.0	0.0	0.0	0.0	0.0	0.0	47.37931034482761	0.0	0.05236803	-0.04907214	1.0100071800000001	2.88414	0.47306	0.6103999999999999	3500285.0	1776545392.447586	0.0	1.0	-1.0	-1.0	-1.0	-1.0	-1.0	-1.0	-1.0	-1.0	0.0	opened-hand	Open	1	calibration_20260418_134934	marker
-73708.155	-36054.99	-109690.37999999999	-19753.2	0.0	0.0	0.0	0.0	0.0	0.0	0.0	0.0	0.0	0.0	0.0	0.0	0.0	0.0	47.37931034482761	0.0	0.05236803	-0.04907214	1.0100071800000001	2.88414	0.47306	0.6103999999999999	3500286.0	1776545392.447592	0.0	1.0	-1.0	-1.0	-1.0	-1.0	-1.0	-1.0	-1.0	-1.0	0.0	opened-hand	Open	1	calibration_20260418_134934	marker
-73586.385	-36047.744999999995	-109597.00499999999	-19675.395	0.0	0.0	0.0	0.0	0.0	0.0	0.0	0.0	0.0	0.0	0.0	0.0	0.0	0.0	47.37931034482761	0.0	0.05236803	-0.04907214	1.0100071800000001	2.88414	0.47306	0.6103999999999999	3500287.0	1776545392.447601	0.0	1.0	-1.0	-1.0	-1.0	-1.0	-1.0	-1.0	-1.0	-1.0	0.0	opened-hand	Open	1	calibration_20260418_134934	marker
-73506.375	-36042.299999999996	-109479.825	-19560.78	0.0	0.0	0.0	0.0	0.0	0.0	0.0	0.0	0.0	0.0	0.0	0.0	0.0	0.0	47.37931034482761	0.0	0.05236803	-0.04907214	1.0100071800000001	2.88414	0.47306	0.6103999999999999	3500288.0	1776545392.447607	0.0	1.0	-1.0	-1.0	-1.0	-1.0	-1.0	-1.0	-1.0	-1.0	0.0	opened-hand	Open	1	calibration_20260418_134934	marker
-73613.565	-36050.939999999995	-109587.915	-19632.645	0.0	0.0	0.0	0.0	0.0	0.0	0.0	0.0	0.0	0.0	0.0	0.0	0.0	0.0	47.37931034482761	0.0	0.05236803	-0.04907214	1.0100071800000001	2.88414	0.47306	0.6103999999999999	3500289.0	1776545392.447616	0.0	1.0	-1.0	-1.0	-1.0	-1.0	-1.0	-1.0	-1.0	-1.0	0.0	opened-hand	Open	1	calibration_20260418_134934	marker
-73633.86	-36056.88	-109640.79	-19709.415	0.0	0.0	0.0	0.0	0.0	0.0	0.0	0.0	0.0	0.0	0.0	0.0	0.0	0.0	47.37931034482761	0.0	0.05236803	-0.04907214	1.0100071800000001	2.88414	0.47306	0.6103999999999999	3500290.0	1776545392.447623	0.0	1.0	-1.0	-1.0	-1.0	-1.0	-1.0	-1.0	-1.0	-1.0	0.0	opened-hand	Open	1	calibration_20260418_134934	marker
-73688.355	-36063.945	-109679.94	-19751.805	0.0	0.0	0.0	0.0	0.0	0.0	0.0	0.0	0.0	0.0	0.0	0.0	0.0	0.0	47.37931034482761	0.0	0.05236803	-0.04907214	1.0100071800000001	2.88414	0.47306	0.6103999999999999	3500291.0	1776545392.447631	0.0	1.0	-1.0	-1.0	-1.0	-1.0	-1.0	-1.0	-1.0	-1.0	0.0	opened-hand	Open	1	calibration_20260418_134934	marker
-73693.305	-36063.63	-109681.11	-19771.695	0.0	0.0	0.0	0.0	0.0	0.0	0.0	0.0	0.0	0.0	0.0	0.0	0.0	0.0	47.37931034482761	0.0	0.05236803	-0.04907214	1.0100071800000001	2.88414	0.47306	0.6103999999999999	3500292.0	1776545392.447638	0.0	1.0	-1.0	-1.0	-1.0	-1.0	-1.0	-1.0	-1.0	-1.0	0.0	opened-hand	Open	1	calibration_20260418_134934	marker
-73672.515	-36057.645	-109594.39499999999	-19695.69	0.0	0.0	0.0	0.0	0.0	0.0	0.0	0.0	0.0	0.0	0.0	0.0	0.0	0.0	47.37931034482761	0.0	0.05236803	-0.04907214	1.0100071800000001	2.88414	0.47306	0.6103999999999999	3500293.0	1776545392.447646	0.0	1.0	-1.0	-1.0	-1.0	-1.0	-1.0	-1.0	-1.0	-1.0	0.0	opened-hand	Open	1	calibration_20260418_134934	marker
-73599.25499999999	-36050.04	-109533.105	-19630.71	0.0	0.0	0.0	0.0	0.0	0.0	0.0	0.0	0.0	0.0	0.0	0.0	0.0	0.0	47.37931034482761	0.0	0.05236803	-0.04907214	1.0100071800000001	2.88414	0.47306	0.6103999999999999	3500294.0	1776545392.447665	0.0	1.0	-1.0	-1.0	-1.0	-1.0	-1.0	-1.0	-1.0	-1.0	0.0	opened-hand	Open	1	calibration_20260418_134934	marker
-73597.545	-36049.275	-109614.915	-19670.67	0.0	0.0	0.0	0.0	0.0	0.0	0.0	0.0	0.0	0.0	0.0	0.0	0.0	0.0	47.37931034482761	0.0	0.04809558	-0.05090319	1.01171616	3.7386999999999997	0.8698199999999999	0.6409199999999999	3500295.0	1776545392.447692	0.0	1.0	-1.0	-1.0	-1.0	-1.0	-1.0	-1.0	-1.0	-1.0	0.0	opened-hand	Open	1	calibration_20260418_134934	marker
-73636.29	-36049.32	-109630.89	-19682.505	0.0	0.0	0.0	0.0	0.0	0.0	0.0	0.0	0.0	0.0	0.0	0.0	0.0	0.0	47.37931034482761	0.0	0.04809558	-0.05090319	1.01171616	3.7386999999999997	0.8698199999999999	0.6409199999999999	3500296.0	1776545392.447701	0.0	1.0	-1.0	-1.0	-1.0	-1.0	-1.0	-1.0	-1.0	-1.0	0.0	opened-hand	Open	1	calibration_20260418_134934	marker
-73591.155	-36048.96	-109589.805	-19665.315	0.0	0.0	0.0	0.0	0.0	0.0	0.0	0.0	0.0	0.0	0.0	0.0	0.0	0.0	47.37931034482761	0.0	0.04809558	-0.05090319	1.01171616	3.7386999999999997	0.8698199999999999	0.6409199999999999	3500297.0	1776545392.447711	0.0	1.0	-1.0	-1.0	-1.0	-1.0	-1.0	-1.0	-1.0	-1.0	0.0	opened-hand	Open	1	calibration_20260418_134934	marker
-73634.31	-36054.27	-109660.185	-19730.204999999998	0.0	0.0	0.0	0.0	0.0	0.0	0.0	0.0	0.0	0.0	0.0	0.0	0.0	0.0	47.37931034482761	0.0	0.04809558	-0.05090319	1.01171616	3.7386999999999997	0.8698199999999999	0.6409199999999999	3500298.0	1776545392.447718	0.0	1.0	-1.0	-1.0	-1.0	-1.0	-1.0	-1.0	-1.0	-1.0	0.0	opened-hand	Open	1	calibration_20260418_134934	marker
-73620.495	-36051.615	-109583.86499999999	-19677.51	0.0	0.0	0.0	0.0	0.0	0.0	0.0	0.0	0.0	0.0	0.0	0.0	0.0	0.0	47.37931034482761	0.0	0.04809558	-0.05090319	1.01171616	3.7386999999999997	0.8698199999999999	0.6409199999999999	3500299.0	1776545392.447728	0.0	1.0	-1.0	-1.0	-1.0	-1.0	-1.0	-1.0	-1.0	-1.0	0.0	opened-hand	Open	1	calibration_20260418_134934	marker
-73585.485	-36043.74	-109458.54	-19588.454999999998	0.0	0.0	0.0	0.0	0.0	0.0	0.0	0.0	0.0	0.0	0.0	0.0	0.0	0.0	47.37931034482761	0.0	0.04809558	-0.05090319	1.01171616	3.7386999999999997	0.8698199999999999	0.6409199999999999	3500300.0	1776545392.447734	0.0	1.0	-1.0	-1.0	-1.0	-1.0	-1.0	-1.0	-1.0	-1.0	0.0	opened-hand	Open	1	calibration_20260418_134934	marker
-73604.655	-36044.685	-109568.745	-19650.825	0.0	0.0	0.0	0.0	0.0	0.0	0.0	0.0	0.0	0.0	0.0	0.0	0.0	0.0	47.37931034482761	0.0	0.04809558	-0.05090319	1.01171616	3.7386999999999997	0.8698199999999999	0.6409199999999999	3500301.0	1776545392.447745	0.0	1.0	-1.0	-1.0	-1.0	-1.0	-1.0	-1.0	-1.0	-1.0	0.0	opened-hand	Open	1	calibration_20260418_134934	marker
-73693.53	-36046.71	-109688.53499999999	-19691.28	0.0	0.0	0.0	0.0	0.0	0.0	0.0	0.0	0.0	0.0	0.0	0.0	0.0	0.0	47.37931034482761	0.0	0.04809558	-0.05090319	1.01171616	3.7386999999999997	0.8698199999999999	0.6409199999999999	3500302.0	1776545392.447751	0.0	1.0	-1.0	-1.0	-1.0	-1.0	-1.0	-1.0	-1.0	-1.0	0.0	opened-hand	Open	1	calibration_20260418_134934	marker
-73761.97499999999	-36047.205	-109725.12	-19760.805	0.0	0.0	0.0	0.0	0.0	0.0	0.0	0.0	0.0	0.0	0.0	0.0	0.0	0.0	47.37931034482761	0.0	0.04809558	-0.05090319	1.01171616	3.7386999999999997	0.8698199999999999	0.6409199999999999	3500303.0	1776545392.447761	0.0	1.0	-1.0	-1.0	-1.0	-1.0	-1.0	-1.0	-1.0	-1.0	0.0	opened-hand	Open	1	calibration_20260418_134934	marker
-73705.5	-36043.335	-109710.765	-19780.559999999998	0.0	0.0	0.0	0.0	0.0	0.0	0.0	0.0	0.0	0.0	0.0	0.0	0.0	0.0	47.37931034482761	0.0	0.04809558	-0.05090319	1.01171616	3.7386999999999997	0.8698199999999999	0.6409199999999999	3500304.0	1776545392.447767	0.0	1.0	-1.0	-1.0	-1.0	-1.0	-1.0	-1.0	-1.0	-1.0	0.0	opened-hand	Open	1	calibration_20260418_134934	marker
-73656.54	-36038.43	-109586.06999999999	-19646.594999999998	0.0	0.0	0.0	0.0	0.0	0.0	0.0	0.0	0.0	0.0	0.0	0.0	0.0	0.0	47.37931034482761	0.0	0.046935915	-0.04577625	1.0152561900000001	5.0358	1.03768	1.25132	3500305.0	1776545392.447776	0.0	1.0	-1.0	-1.0	-1.0	-1.0	-1.0	-1.0	-1.0	-1.0	0.0	opened-hand	Open	1	calibration_20260418_134934	marker
-73670.04	-36041.805	-109612.575	-19672.155	0.0	0.0	0.0	0.0	0.0	0.0	0.0	0.0	0.0	0.0	0.0	0.0	0.0	0.0	47.37931034482761	0.0	0.046935915	-0.04577625	1.0152561900000001	5.0358	1.03768	1.25132	3500306.0	1776545392.447782	0.0	1.0	-1.0	-1.0	-1.0	-1.0	-1.0	-1.0	-1.0	-1.0	0.0	opened-hand	Open	1	calibration_20260418_134934	marker
-73680.39	-36049.455	-109666.26	-19737.405	0.0	0.0	0.0	0.0	0.0	0.0	0.0	0.0	0.0	0.0	0.0	0.0	0.0	0.0	47.37931034482761	0.0	0.046935915	-0.04577625	1.0152561900000001	5.0358	1.03768	1.25132	3500307.0	1776545392.447791	0.0	1.0	-1.0	-1.0	-1.0	-1.0	-1.0	-1.0	-1.0	-1.0	0.0	opened-hand	Open	1	calibration_20260418_134934	marker
-73663.785	-36052.335	-109650.465	-19732.86	0.0	0.0	0.0	0.0	0.0	0.0	0.0	0.0	0.0	0.0	0.0	0.0	0.0	0.0	47.37931034482761	0.0	0.046935915	-0.04577625	1.0152561900000001	5.0358	1.03768	1.25132	3500308.0	1776545392.447798	0.0	1.0	-1.0	-1.0	-1.0	-1.0	-1.0	-1.0	-1.0	-1.0	0.0	opened-hand	Open	1	calibration_20260418_134934	marker
-73616.67	-36044.46	-109518.03	-19657.755	0.0	0.0	0.0	0.0	0.0	0.0	0.0	0.0	0.0	0.0	0.0	0.0	0.0	0.0	47.37931034482761	0.0	0.046935915	-0.04577625	1.0152561900000001	5.0358	1.03768	1.25132	3500309.0	1776545392.447807	0.0	1.0	-1.0	-1.0	-1.0	-1.0	-1.0	-1.0	-1.0	-1.0	0.0	opened-hand	Open	1	calibration_20260418_134934	marker
-73568.11499999999	-36035.549999999996	-109437.84	-19592.28	0.0	0.0	0.0	0.0	0.0	0.0	0.0	0.0	0.0	0.0	0.0	0.0	0.0	0.0	47.37931034482761	0.0	0.046935915	-0.04577625	1.0152561900000001	5.0358	1.03768	1.25132	3500310.0	1776545392.447813	0.0	1.0	-1.0	-1.0	-1.0	-1.0	-1.0	-1.0	-1.0	-1.0	0.0	opened-hand	Open	1	calibration_20260418_134934	marker
-73675.395	-36042.075	-109679.58	-19715.715	0.0	0.0	0.0	0.0	0.0	0.0	0.0	0.0	0.0	0.0	0.0	0.0	0.0	0.0	47.37931034482761	0.0	0.046935915	-0.04577625	1.0152561900000001	5.0358	1.03768	1.25132	3500311.0	1776545392.447822	0.0	1.0	-1.0	-1.0	-1.0	-1.0	-1.0	-1.0	-1.0	-1.0	0.0	opened-hand	Open	1	calibration_20260418_134934	marker
-73722.87	-36041.895	-109762.11	-19782.899999999998	0.0	0.0	0.0	0.0	0.0	0.0	0.0	0.0	0.0	0.0	0.0	0.0	0.0	0.0	47.37931034482761	0.0	0.046935915	-0.04577625	1.0152561900000001	5.0358	1.03768	1.25132	3500312.0	1776545392.447829	0.0	1.0	-1.0	-1.0	-1.0	-1.0	-1.0	-1.0	-1.0	-1.0	0.0	opened-hand	Open	1	calibration_20260418_134934	marker
-73655.37	-36037.71	-109659.51	-19710.45	0.0	0.0	0.0	0.0	0.0	0.0	0.0	0.0	0.0	0.0	0.0	0.0	0.0	0.0	47.37931034482761	0.0	0.046935915	-0.04577625	1.0152561900000001	5.0358	1.03768	1.25132	3500313.0	1776545392.447838	0.0	1.0	-1.0	-1.0	-1.0	-1.0	-1.0	-1.0	-1.0	-1.0	0.0	opened-hand	Open	1	calibration_20260418_134934	marker
-73563.525	-36035.64	-109575.765	-19634.309999999998	0.0	0.0	0.0	0.0	0.0	0.0	0.0	0.0	0.0	0.0	0.0	0.0	0.0	0.0	47.37931034482761	0.0	0.046935915	-0.04577625	1.0152561900000001	5.0358	1.03768	1.25132	3500314.0	1776545392.447844	0.0	1.0	-1.0	-1.0	-1.0	-1.0	-1.0	-1.0	-1.0	-1.0	0.0	opened-hand	Open	1	calibration_20260418_134934	marker
-73573.37999999999	-36038.295	-109539.81	-19633.454999999998	0.0	0.0	0.0	0.0	0.0	0.0	0.0	0.0	0.0	0.0	0.0	0.0	0.0	0.0	47.37931034482761	0.0	0.04980456	-0.03832998	1.018979325	3.8607799999999997	0.62566	0.97664	3500315.0	1776545392.447853	0.0	1.0	-1.0	-1.0	-1.0	-1.0	-1.0	-1.0	-1.0	-1.0	0.0	opened-hand	Open	1	calibration_20260418_134934	marker
-73629.27	-36044.46	-109613.34	-19706.175	0.0	0.0	0.0	0.0	0.0	0.0	0.0	0.0	0.0	0.0	0.0	0.0	0.0	0.0	47.37931034482761	0.0	0.04980456	-0.03832998	1.018979325	3.8607799999999997	0.62566	0.97664	3500316.0	1776545392.447859	0.0	1.0	-1.0	-1.0	-1.0	-1.0	-1.0	-1.0	-1.0	-1.0	0.0	opened-hand	Open	1	calibration_20260418_134934	marker
-73559.565	-36042.345	-109535.22	-19597.545	0.0	0.0	0.0	0.0	0.0	0.0	0.0	0.0	0.0	0.0	0.0	0.0	0.0	0.0	47.37931034482761	0.0	0.04980456	-0.03832998	1.018979325	3.8607799999999997	0.62566	0.97664	3500317.0	1776545392.447868	0.0	1.0	-1.0	-1.0	-1.0	-1.0	-1.0	-1.0	-1.0	-1.0	0.0	opened-hand	Open	1	calibration_20260418_134934	marker
-73631.06999999999	-36041.76	-109560.95999999999	-19594.44	0.0	0.0	0.0	0.0	0.0	0.0	0.0	0.0	0.0	0.0	0.0	0.0	0.0	0.0	47.37931034482761	0.0	0.04980456	-0.03832998	1.018979325	3.8607799999999997	0.62566	0.97664	3500318.0	1776545392.447874	0.0	1.0	-1.0	-1.0	-1.0	-1.0	-1.0	-1.0	-1.0	-1.0	0.0	opened-hand	Open	1	calibration_20260418_134934	marker
-73751.625	-36046.08	-109768.72499999999	-19818.719999999998	0.0	0.0	0.0	0.0	0.0	0.0	0.0	0.0	0.0	0.0	0.0	0.0	0.0	0.0	47.37931034482761	0.0	0.04980456	-0.03832998	1.018979325	3.8607799999999997	0.62566	0.97664	3500319.0	1776545392.447883	0.0	1.0	-1.0	-1.0	-1.0	-1.0	-1.0	-1.0	-1.0	-1.0	0.0	opened-hand	Open	1	calibration_20260418_134934	marker
-73726.33499999999	-36040.14	-109758.87	-19829.88	0.0	0.0	0.0	0.0	0.0	0.0	0.0	0.0	0.0	0.0	0.0	0.0	0.0	0.0	47.37931034482761	0.0	0.04980456	-0.03832998	1.018979325	3.8607799999999997	0.62566	0.97664	3500320.0	1776545392.447889	0.0	1.0	-1.0	-1.0	-1.0	-1.0	-1.0	-1.0	-1.0	-1.0	0.0	opened-hand	Open	1	calibration_20260418_134934	marker
-73638.495	-36031.545	-109644.795	-19703.655	0.0	0.0	0.0	0.0	0.0	0.0	0.0	0.0	0.0	0.0	0.0	0.0	0.0	0.0	47.37931034482761	0.0	0.04980456	-0.03832998	1.018979325	3.8607799999999997	0.62566	0.97664	3500321.0	1776545392.447898	0.0	1.0	-1.0	-1.0	-1.0	-1.0	-1.0	-1.0	-1.0	-1.0	0.0	opened-hand	Open	1	calibration_20260418_134934	marker
-73621.215	-36030.42	-109601.45999999999	-19665.809999999998	0.0	0.0	0.0	0.0	0.0	0.0	0.0	0.0	0.0	0.0	0.0	0.0	0.0	0.0	47.37931034482761	0.0	0.04980456	-0.03832998	1.018979325	3.8607799999999997	0.62566	0.97664	3500322.0	1776545392.447905	0.0	1.0	-1.0	-1.0	-1.0	-1.0	-1.0	-1.0	-1.0	-1.0	0.0	opened-hand	Open	1	calibration_20260418_134934	marker
-73713.33	-36039.915	-109663.11	-19751.355	0.0	0.0	0.0	0.0	0.0	0.0	0.0	0.0	0.0	0.0	0.0	0.0	0.0	0.0	47.37931034482761	0.0	0.04980456	-0.03832998	1.018979325	3.8607799999999997	0.62566	0.97664	3500323.0	1776545392.447914	0.0	1.0	-1.0	-1.0	-1.0	-1.0	-1.0	-1.0	-1.0	-1.0	0.0	opened-hand	Open	1	calibration_20260418_134934	marker
-73657.935	-36037.395	-109618.29	-19726.38	0.0	0.0	0.0	0.0	0.0	0.0	0.0	0.0	0.0	0.0	0.0	0.0	0.0	0.0	47.37931034482761	0.0	0.04980456	-0.03832998	1.018979325	3.8607799999999997	0.62566	0.97664	3500324.0	1776545392.44792	0.0	1.0	-1.0	-1.0	-1.0	-1.0	-1.0	-1.0	-1.0	-1.0	0.0	opened-hand	Open	1	calibration_20260418_134934	marker
-73597.905	-36032.49	-109580.265	-19657.035	0.0	0.0	0.0	0.0	0.0	0.0	0.0	0.0	0.0	0.0	0.0	0.0	0.0	0.0	47.37931034482761	0.0	0.051330435	-0.032775795	1.02062727	0.79352	-0.04578	0.6103999999999999	3500325.0	1776545392.44793	0.0	1.0	-1.0	-1.0	-1.0	-1.0	-1.0	-1.0	-1.0	-1.0	0.0	opened-hand	Open	1	calibration_20260418_134934	marker
-73553.84999999999	-36030.689999999995	-109570.76999999999	-19623.735	0.0	0.0	0.0	0.0	0.0	0.0	0.0	0.0	0.0	0.0	0.0	0.0	0.0	0.0	47.37931034482761	0.0	0.051330435	-0.032775795	1.02062727	0.79352	-0.04578	0.6103999999999999	3500326.0	1776545392.447936	0.0	1.0	-1.0	-1.0	-1.0	-1.0	-1.0	-1.0	-1.0	-1.0	0.0	opened-hand	Open	1	calibration_20260418_134934	marker
-73643.44499999999	-36036.674999999996	-109658.87999999999	-19705.32	0.0	0.0	0.0	0.0	0.0	0.0	0.0	0.0	0.0	0.0	0.0	0.0	0.0	0.0	47.37931034482761	0.0	0.051330435	-0.032775795	1.02062727	0.79352	-0.04578	0.6103999999999999	3500327.0	1776545392.449354	0.0	1.0	-1.0	-1.0	-1.0	-1.0	-1.0	-1.0	-1.0	-1.0	0.0	opened-hand	Open	1	calibration_20260418_134934	marker
-73685.52	-36035.325	-109698.56999999999	-19761.03	0.0	0.0	0.0	0.0	0.0	0.0	0.0	0.0	0.0	0.0	0.0	0.0	0.0	0.0	47.37931034482761	0.0	0.051330435	-0.032775795	1.02062727	0.79352	-0.04578	0.6103999999999999	3500328.0	1776545392.449388	0.0	1.0	-1.0	-1.0	-1.0	-1.0	-1.0	-1.0	-1.0	-1.0	0.0	opened-hand	Open	1	calibration_20260418_134934	marker
-73672.155	-36035.145	-109659.735	-19731.42	0.0	0.0	0.0	0.0	0.0	0.0	0.0	0.0	0.0	0.0	0.0	0.0	0.0	0.0	47.37931034482761	0.0	0.051330435	-0.032775795	1.02062727	0.79352	-0.04578	0.6103999999999999	3500329.0	1776545392.456138	0.0	1.0	-1.0	-1.0	-1.0	-1.0	-1.0	-1.0	-1.0	-1.0	0.0	opened-hand	Open	1	calibration_20260418_134934	marker
-73666.70999999999	-36034.604999999996	-109639.26	-19698.524999999998	0.0	0.0	0.0	0.0	0.0	0.0	0.0	0.0	0.0	0.0	0.0	0.0	0.0	0.0	47.37931034482761	0.0	0.051330435	-0.032775795	1.02062727	0.79352	-0.04578	0.6103999999999999	3500330.0	1776545392.45616	0.0	1.0	-1.0	-1.0	-1.0	-1.0	-1.0	-1.0	-1.0	-1.0	0.0	opened-hand	Open	1	calibration_20260418_134934	marker
-73597.23	-36032.58	-109580.89499999999	-19636.829999999998	0.0	0.0	0.0	0.0	0.0	0.0	0.0	0.0	0.0	0.0	0.0	0.0	0.0	0.0	47.37931034482761	0.0	0.051330435	-0.032775795	1.02062727	0.79352	-0.04578	0.6103999999999999	3500331.0	1776545392.456745	0.0	1.0	-1.0	-1.0	-1.0	-1.0	-1.0	-1.0	-1.0	-1.0	0.0	opened-hand	Open	1	calibration_20260418_134934	marker
-73573.47	-36031.365	-109570.76999999999	-19644.84	0.0	0.0	0.0	0.0	0.0	0.0	0.0	0.0	0.0	0.0	0.0	0.0	0.0	0.0	47.37931034482761	0.0	0.051330435	-0.032775795	1.02062727	0.79352	-0.04578	0.6103999999999999	3500332.0	1776545392.456761	0.0	1.0	-1.0	-1.0	-1.0	-1.0	-1.0	-1.0	-1.0	-1.0	0.0	opened-hand	Open	1	calibration_20260418_134934	marker
-73554.03	-36028.395	-109532.655	-19600.875	0.0	0.0	0.0	0.0	0.0	0.0	0.0	0.0	0.0	0.0	0.0	0.0	0.0	0.0	47.37931034482761	0.0	0.051330435	-0.032775795	1.02062727	0.79352	-0.04578	0.6103999999999999	3500333.0	1776545392.461307	0.0	1.0	-1.0	-1.0	-1.0	-1.0	-1.0	-1.0	-1.0	-1.0	0.0	opened-hand	Open	1	calibration_20260418_134934	marker
-73607.895	-36028.305	-109533.87	-19598.355	0.0	0.0	0.0	0.0	0.0	0.0	0.0	0.0	0.0	0.0	0.0	0.0	0.0	0.0	47.37931034482761	0.0	0.051330435	-0.032775795	1.02062727	0.79352	-0.04578	0.6103999999999999	3500334.0	1776545392.461352	0.0	1.0	-1.0	-1.0	-1.0	-1.0	-1.0	-1.0	-1.0	-1.0	0.0	opened-hand	Open	1	calibration_20260418_134934	marker
-73747.215	-36034.74	-109681.69499999999	-19746.09	0.0	0.0	0.0	0.0	0.0	0.0	0.0	0.0	0.0	0.0	0.0	0.0	0.0	0.0	47.37931034482761	0.0	0.049499385	-0.037048245	1.019223465	-0.15259999999999999	-0.21364	0.13734	3500335.0	1776545392.465724	0.0	1.0	-1.0	-1.0	-1.0	-1.0	-1.0	-1.0	-1.0	-1.0	0.0	opened-hand	Open	1	calibration_20260418_134934	marker
-73651.31999999999	-36023.174999999996	-109644.03	-19716.524999999998	0.0	0.0	0.0	0.0	0.0	0.0	0.0	0.0	0.0	0.0	0.0	0.0	0.0	0.0	47.37931034482761	0.0	0.049499385	-0.037048245	1.019223465	-0.15259999999999999	-0.21364	0.13734	3500336.0	1776545392.46576	0.0	1.0	-1.0	-1.0	-1.0	-1.0	-1.0	-1.0	-1.0	-1.0	0.0	opened-hand	Open	1	calibration_20260418_134934	marker
-73597.31999999999	-36015.84	-109595.97	-19658.52	0.0	0.0	0.0	0.0	0.0	0.0	0.0	0.0	0.0	0.0	0.0	0.0	0.0	0.0	47.37931034482761	0.0	0.049499385	-0.037048245	1.019223465	-0.15259999999999999	-0.21364	0.13734	3500337.0	1776545392.503751	0.0	1.0	-1.0	-1.0	-1.0	-1.0	-1.0	-1.0	-1.0	-1.0	0.0	opened-hand	Open	1	calibration_20260418_134934	marker
-73634.985	-36020.295	-109598.805	-19685.295	0.0	0.0	0.0	0.0	0.0	0.0	0.0	0.0	0.0	0.0	0.0	0.0	0.0	0.0	47.37931034482761	0.0	0.049499385	-0.037048245	1.019223465	-0.15259999999999999	-0.21364	0.13734	3500338.0	1776545392.503784	0.0	1.0	-1.0	-1.0	-1.0	-1.0	-1.0	-1.0	-1.0	-1.0	0.0	opened-hand	Open	1	calibration_20260418_134934	marker
-73619.28	-36020.385	-109494.135	-19626.57	0.0	0.0	0.0	0.0	0.0	0.0	0.0	0.0	0.0	0.0	0.0	0.0	0.0	0.0	47.37931034482761	0.0	0.049499385	-0.037048245	1.019223465	-0.15259999999999999	-0.21364	0.13734	3500339.0	1776545392.503811	0.0	1.0	-1.0	-1.0	-1.0	-1.0	-1.0	-1.0	-1.0	-1.0	0.0	opened-hand	Open	1	calibration_20260418_134934	marker
-73720.98	-36027.18	-109616.805	-19693.575	0.0	0.0	0.0	0.0	0.0	0.0	0.0	0.0	0.0	0.0	0.0	0.0	0.0	0.0	47.37931034482761	0.0	0.049499385	-0.037048245	1.019223465	-0.15259999999999999	-0.21364	0.13734	3500340.0	1776545392.503819	0.0	1.0	-1.0	-1.0	-1.0	-1.0	-1.0	-1.0	-1.0	-1.0	0.0	opened-hand	Open	1	calibration_20260418_134934	marker
-73671.25499999999	-36029.295	-109672.73999999999	-19705.23	0.0	0.0	0.0	0.0	0.0	0.0	0.0	0.0	0.0	0.0	0.0	0.0	0.0	0.0	47.37931034482761	0.0	0.049499385	-0.037048245	1.019223465	-0.15259999999999999	-0.21364	0.13734	3500341.0	1776545392.50383	0.0	1.0	-1.0	-1.0	-1.0	-1.0	-1.0	-1.0	-1.0	-1.0	0.0	opened-hand	Open	1	calibration_20260418_134934	marker
-73419.705	-36012.645	-109405.485	-19477.035	0.0	0.0	0.0	0.0	0.0	0.0	0.0	0.0	0.0	0.0	0.0	0.0	0.0	0.0	47.37931034482761	0.0	0.049499385	-0.037048245	1.019223465	-0.15259999999999999	-0.21364	0.13734	3500342.0	1776545392.503838	0.0	1.0	-1.0	-1.0	-1.0	-1.0	-1.0	-1.0	-1.0	-1.0	0.0	opened-hand	Open	1	calibration_20260418_134934	marker
-73645.37999999999	-36023.49	-109589.44499999999	-19634.489999999998	0.0	0.0	0.0	0.0	0.0	0.0	0.0	0.0	0.0	0.0	0.0	0.0	0.0	0.0	47.37931034482761	0.0	0.049499385	-0.037048245	1.019223465	-0.15259999999999999	-0.21364	0.13734	3500343.0	1776545392.503847	0.0	1.0	-1.0	-1.0	-1.0	-1.0	-1.0	-1.0	-1.0	-1.0	0.0	opened-hand	Open	1	calibration_20260418_134934	marker
-73766.385	-36032.895	-109788.12	-19843.92	0.0	0.0	0.0	0.0	0.0	0.0	0.0	0.0	0.0	0.0	0.0	0.0	0.0	0.0	47.37931034482761	0.0	0.049499385	-0.037048245	1.019223465	-0.15259999999999999	-0.21364	0.13734	3500344.0	1776545392.503855	0.0	1.0	-1.0	-1.0	-1.0	-1.0	-1.0	-1.0	-1.0	-1.0	0.0	opened-hand	Open	1	calibration_20260418_134934	marker
-73617.885	-36021.42	-109662.61499999999	-19730.114999999998	0.0	0.0	0.0	0.0	0.0	0.0	0.0	0.0	0.0	0.0	0.0	0.0	0.0	0.0	47.448275862068975	0.0	0.0500487	-0.047180055	1.01879622	1.9990599999999998	0.35097999999999996	-0.04578	3500345.0	1776545392.503865	0.0	1.0	-1.0	-1.0	-1.0	-1.0	-1.0	-1.0	-1.0	-1.0	0.0	opened-hand	Open	1	calibration_20260418_134934	marker
-73558.17	-36014.265	-109582.065	-19655.46	0.0	0.0	0.0	0.0	0.0	0.0	0.0	0.0	0.0	0.0	0.0	0.0	0.0	0.0	47.448275862068975	0.0	0.0500487	-0.047180055	1.01879622	1.9990599999999998	0.35097999999999996	-0.04578	3500346.0	1776545392.503872	0.0	1.0	-1.0	-1.0	-1.0	-1.0	-1.0	-1.0	-1.0	-1.0	0.0	opened-hand	Open	1	calibration_20260418_134934	marker
-73680.165	-36025.155	-109676.97	-19744.11	0.0	0.0	0.0	0.0	0.0	0.0	0.0	0.0	0.0	0.0	0.0	0.0	0.0	0.0	47.448275862068975	0.0	0.0500487	-0.047180055	1.01879622	1.9990599999999998	0.35097999999999996	-0.04578	3500347.0	1776545392.503882	0.0	1.0	-1.0	-1.0	-1.0	-1.0	-1.0	-1.0	-1.0	-1.0	0.0	opened-hand	Open	1	calibration_20260418_134934	marker
-73715.175	-36030.689999999995	-109647.26999999999	-19791.63	0.0	0.0	0.0	0.0	0.0	0.0	0.0	0.0	0.0	0.0	0.0	0.0	0.0	0.0	47.448275862068975	0.0	0.0500487	-0.047180055	1.01879622	1.9990599999999998	0.35097999999999996	-0.04578	3500348.0	1776545392.50389	0.0	1.0	-1.0	-1.0	-1.0	-1.0	-1.0	-1.0	-1.0	-1.0	0.0	opened-hand	Open	1	calibration_20260418_134934	marker
-73728.855	-36033.03	-109625.985	-19763.28	0.0	0.0	0.0	0.0	0.0	0.0	0.0	0.0	0.0	0.0	0.0	0.0	0.0	0.0	47.448275862068975	0.0	0.0500487	-0.047180055	1.01879622	1.9990599999999998	0.35097999999999996	-0.04578	3500349.0	1776545392.503899	0.0	1.0	-1.0	-1.0	-1.0	-1.0	-1.0	-1.0	-1.0	-1.0	0.0	opened-hand	Open	1	calibration_20260418_134934	marker
-73659.59999999999	-36026.325	-109654.245	-19690.92	0.0	0.0	0.0	0.0	0.0	0.0	0.0	0.0	0.0	0.0	0.0	0.0	0.0	0.0	47.448275862068975	0.0	0.0500487	-0.047180055	1.01879622	1.9990599999999998	0.35097999999999996	-0.04578	3500350.0	1776545392.503906	0.0	1.0	-1.0	-1.0	-1.0	-1.0	-1.0	-1.0	-1.0	-1.0	0.0	opened-hand	Open	1	calibration_20260418_134934	marker
-73590.3	-36017.595	-109607.53499999999	-19669.635	0.0	0.0	0.0	0.0	0.0	0.0	0.0	0.0	0.0	0.0	0.0	0.0	0.0	0.0	47.448275862068975	0.0	0.0500487	-0.047180055	1.01879622	1.9990599999999998	0.35097999999999996	-0.04578	3500351.0	1776545392.503916	0.0	1.0	-1.0	-1.0	-1.0	-1.0	-1.0	-1.0	-1.0	-1.0	0.0	opened-hand	Open	1	calibration_20260418_134934	marker
-73615.545	-36013.994999999995	-109592.235	-19703.34	0.0	0.0	0.0	0.0	0.0	0.0	0.0	0.0	0.0	0.0	0.0	0.0	0.0	0.0	47.448275862068975	0.0	0.0500487	-0.047180055	1.01879622	1.9990599999999998	0.35097999999999996	-0.04578	3500352.0	1776545392.503923	0.0	1.0	-1.0	-1.0	-1.0	-1.0	-1.0	-1.0	-1.0	-1.0	0.0	opened-hand	Open	1	calibration_20260418_134934	marker
-73692.54	-36015.255	-109681.29	-19738.665	0.0	0.0	0.0	0.0	0.0	0.0	0.0	0.0	0.0	0.0	0.0	0.0	0.0	0.0	47.448275862068975	0.0	0.0500487	-0.047180055	1.01879622	1.9990599999999998	0.35097999999999996	-0.04578	3500353.0	1776545392.503933	0.0	1.0	-1.0	-1.0	-1.0	-1.0	-1.0	-1.0	-1.0	-1.0	0.0	opened-hand	Open	1	calibration_20260418_134934	marker
-73738.89	-36013.994999999995	-109720.665	-19738.53	0.0	0.0	0.0	0.0	0.0	0.0	0.0	0.0	0.0	0.0	0.0	0.0	0.0	0.0	47.448275862068975	0.0	0.0500487	-0.047180055	1.01879622	1.9990599999999998	0.35097999999999996	-0.04578	3500354.0	1776545392.503941	0.0	1.0	-1.0	-1.0	-1.0	-1.0	-1.0	-1.0	-1.0	-1.0	0.0	opened-hand	Open	1	calibration_20260418_134934	marker
-73694.205	-36012.555	-109703.025	-19747.44	0.0	0.0	0.0	0.0	0.0	0.0	0.0	0.0	0.0	0.0	0.0	0.0	0.0	0.0	47.448275862068975	0.0	0.04785144	-0.05041491	1.01720931	3.052	0.3815	-0.71722	3500355.0	1776545392.504772	0.0	1.0	-1.0	-1.0	-1.0	-1.0	-1.0	-1.0	-1.0	-1.0	0.0	opened-hand	Open	1	calibration_20260418_134934	marker
-73684.8	-36013.68	-109671.48	-19726.515	0.0	0.0	0.0	0.0	0.0	0.0	0.0	0.0	0.0	0.0	0.0	0.0	0.0	0.0	47.448275862068975	0.0	0.04785144	-0.05041491	1.01720931	3.052	0.3815	-0.71722	3500356.0	1776545392.504789	0.0	1.0	-1.0	-1.0	-1.0	-1.0	-1.0	-1.0	-1.0	-1.0	0.0	opened-hand	Open	1	calibration_20260418_134934	marker
-73672.515	-36019.125	-109637.64	-19690.425	0.0	0.0	0.0	0.0	0.0	0.0	0.0	0.0	0.0	0.0	0.0	0.0	0.0	0.0	47.448275862068975	0.0	0.04785144	-0.05041491	1.01720931	3.052	0.3815	-0.71722	3500357.0	1776545392.509085	0.0	1.0	-1.0	-1.0	-1.0	-1.0	-1.0	-1.0	-1.0	-1.0	0.0	opened-hand	Open	1	calibration_20260418_134934	marker
-73622.97	-36015.479999999996	-109552.31999999999	-19619.145	0.0	0.0	0.0	0.0	0.0	0.0	0.0	0.0	0.0	0.0	0.0	0.0	0.0	0.0	47.448275862068975	0.0	0.04785144	-0.05041491	1.01720931	3.052	0.3815	-0.71722	3500358.0	1776545392.509132	0.0	1.0	-1.0	-1.0	-1.0	-1.0	-1.0	-1.0	-1.0	-1.0	0.0	opened-hand	Open	1	calibration_20260418_134934	marker
-73610.325	-36014.085	-109558.26	-19621.844999999998	0.0	0.0	0.0	0.0	0.0	0.0	0.0	0.0	0.0	0.0	0.0	0.0	0.0	0.0	47.448275862068975	0.0	0.04785144	-0.05041491	1.01720931	3.052	0.3815	-0.71722	3500359.0	1776545392.512993	0.0	1.0	-1.0	-1.0	-1.0	-1.0	-1.0	-1.0	-1.0	-1.0	0.0	opened-hand	Open	1	calibration_20260418_134934	marker
-73534.095	-36009.135	-109574.64	-19641.329999999998	0.0	0.0	0.0	0.0	0.0	0.0	0.0	0.0	0.0	0.0	0.0	0.0	0.0	0.0	47.448275862068975	0.0	0.04785144	-0.05041491	1.01720931	3.052	0.3815	-0.71722	3500360.0	1776545392.513083	0.0	1.0	-1.0	-1.0	-1.0	-1.0	-1.0	-1.0	-1.0	-1.0	0.0	opened-hand	Open	1	calibration_20260418_134934	marker
-73504.08	-35999.729999999996	-109536.525	-19603.215	0.0	0.0	0.0	0.0	0.0	0.0	0.0	0.0	0.0	0.0	0.0	0.0	0.0	0.0	47.448275862068975	0.0	0.04785144	-0.05041491	1.01720931	3.052	0.3815	-0.71722	3500361.0	1776545392.516858	0.0	1.0	-1.0	-1.0	-1.0	-1.0	-1.0	-1.0	-1.0	-1.0	0.0	opened-hand	Open	1	calibration_20260418_134934	marker
-73567.035	-35994.869999999995	-109566.36	-19619.145	0.0	0.0	0.0	0.0	0.0	0.0	0.0	0.0	0.0	0.0	0.0	0.0	0.0	0.0	47.448275862068975	0.0	0.04785144	-0.05041491	1.01720931	3.052	0.3815	-0.71722	3500362.0	1776545392.516887	0.0	1.0	-1.0	-1.0	-1.0	-1.0	-1.0	-1.0	-1.0	-1.0	0.0	opened-hand	Open	1	calibration_20260418_134934	marker
-73609.69499999999	-35993.655	-109545.12	-19605.329999999998	0.0	0.0	0.0	0.0	0.0	0.0	0.0	0.0	0.0	0.0	0.0	0.0	0.0	0.0	47.448275862068975	0.0	0.04785144	-0.05041491	1.01720931	3.052	0.3815	-0.71722	3500363.0	1776545392.529303	0.0	1.0	-1.0	-1.0	-1.0	-1.0	-1.0	-1.0	-1.0	-1.0	0.0	opened-hand	Open	1	calibration_20260418_134934	marker
-73586.745	-35990.46	-109508.58	-19590.39	0.0	0.0	0.0	0.0	0.0	0.0	0.0	0.0	0.0	0.0	0.0	0.0	0.0	0.0	47.448275862068975	0.0	0.04785144	-0.05041491	1.01720931	3.052	0.3815	-0.71722	3500364.0	1776545392.529345	0.0	1.0	-1.0	-1.0	-1.0	-1.0	-1.0	-1.0	-1.0	-1.0	0.0	opened-hand	Open	1	calibration_20260418_134934	marker
-73687.00499999999	-35998.92	-109647.22499999999	-19758.465	0.0	0.0	0.0	0.0	0.0	0.0	0.0	0.0	0.0	0.0	0.0	0.0	0.0	0.0	47.448275862068975	0.0	0.04614246	-0.04687488	1.017392415	3.29616	0.42728	-0.21364	3500365.0	1776545392.529382	0.0	1.0	-1.0	-1.0	-1.0	-1.0	-1.0	-1.0	-1.0	-1.0	0.0	opened-hand	Open	1	calibration_20260418_134934	marker
-73697.67	-36000.045	-109702.08	-19783.53	0.0	0.0	0.0	0.0	0.0	0.0	0.0	0.0	0.0	0.0	0.0	0.0	0.0	0.0	47.448275862068975	0.0	0.04614246	-0.04687488	1.017392415	3.29616	0.42728	-0.21364	3500366.0	1776545392.529401	0.0	1.0	-1.0	-1.0	-1.0	-1.0	-1.0	-1.0	-1.0	-1.0	0.0	opened-hand	Open	1	calibration_20260418_134934	marker
-73684.98	-35999.775	-109683.675	-19756.98	0.0	0.0	0.0	0.0	0.0	0.0	0.0	0.0	0.0	0.0	0.0	0.0	0.0	0.0	47.448275862068975	0.0	0.04614246	-0.04687488	1.017392415	3.29616	0.42728	-0.21364	3500367.0	1776545392.529423	0.0	1.0	-1.0	-1.0	-1.0	-1.0	-1.0	-1.0	-1.0	-1.0	0.0	opened-hand	Open	1	calibration_20260418_134934	marker
-73679.67	-36000.494999999995	-109661.89499999999	-19723.995	0.0	0.0	0.0	0.0	0.0	0.0	0.0	0.0	0.0	0.0	0.0	0.0	0.0	0.0	47.448275862068975	0.0	0.04614246	-0.04687488	1.017392415	3.29616	0.42728	-0.21364	3500368.0	1776545392.529441	0.0	1.0	-1.0	-1.0	-1.0	-1.0	-1.0	-1.0	-1.0	-1.0	0.0	opened-hand	Open	1	calibration_20260418_134934	marker
-73723.455	-35998.155	-109661.89499999999	-19712.79	0.0	0.0	0.0	0.0	0.0	0.0	0.0	0.0	0.0	0.0	0.0	0.0	0.0	0.0	47.448275862068975	0.0	0.04614246	-0.04687488	1.017392415	3.29616	0.42728	-0.21364	3500369.0	1776545392.532999	0.0	1.0	-1.0	-1.0	-1.0	-1.0	-1.0	-1.0	-1.0	-1.0	0.0	opened-hand	Open	1	calibration_20260418_134934	marker
-73616.355	-35985.869999999995	-109569.105	-19631.52	0.0	0.0	0.0	0.0	0.0	0.0	0.0	0.0	0.0	0.0	0.0	0.0	0.0	0.0	47.448275862068975	0.0	0.04614246	-0.04687488	1.017392415	3.29616	0.42728	-0.21364	3500370.0	1776545392.533026	0.0	1.0	-1.0	-1.0	-1.0	-1.0	-1.0	-1.0	-1.0	-1.0	0.0	opened-hand	Open	1	calibration_20260418_134934	marker
-73573.65	-35986.86	-109626.03	-19698.12	0.0	0.0	0.0	0.0	0.0	0.0	0.0	0.0	0.0	0.0	0.0	0.0	0.0	0.0	47.448275862068975	0.0	0.04614246	-0.04687488	1.017392415	3.29616	0.42728	-0.21364	3500371.0	1776545392.536858	0.0	1.0	-1.0	-1.0	-1.0	-1.0	-1.0	-1.0	-1.0	-1.0	0.0	opened-hand	Open	1	calibration_20260418_134934	marker
-73594.17	-35989.92	-109649.385	-19705.094999999998	0.0	0.0	0.0	0.0	0.0	0.0	0.0	0.0	0.0	0.0	0.0	0.0	0.0	0.0	47.448275862068975	0.0	0.04614246	-0.04687488	1.017392415	3.29616	0.42728	-0.21364	3500372.0	1776545392.536871	0.0	1.0	-1.0	-1.0	-1.0	-1.0	-1.0	-1.0	-1.0	-1.0	0.0	opened-hand	Open	1	calibration_20260418_134934	marker
-73629.81	-35994.42	-109664.19	-19712.114999999998	0.0	0.0	0.0	0.0	0.0	0.0	0.0	0.0	0.0	0.0	0.0	0.0	0.0	0.0	47.448275862068975	0.0	0.04614246	-0.04687488	1.017392415	3.29616	0.42728	-0.21364	3500373.0	1776545392.540914	0.0	1.0	-1.0	-1.0	-1.0	-1.0	-1.0	-1.0	-1.0	-1.0	0.0	opened-hand	Open	1	calibration_20260418_134934	marker
-73754.91	-36005.265	-109732.76999999999	-19798.155	0.0	0.0	0.0	0.0	0.0	0.0	0.0	0.0	0.0	0.0	0.0	0.0	0.0	0.0	47.448275862068975	0.0	0.04614246	-0.04687488	1.017392415	3.29616	0.42728	-0.21364	3500374.0	1776545392.540939	0.0	1.0	-1.0	-1.0	-1.0	-1.0	-1.0	-1.0	-1.0	-1.0	0.0	opened-hand	Open	1	calibration_20260418_134934	marker
-73671.93	-36001.305	-109625.76	-19699.875	0.0	0.0	0.0	0.0	0.0	0.0	0.0	0.0	0.0	0.0	0.0	0.0	0.0	0.0	47.448275862068975	0.0	0.04687488	-0.044372445	1.01977278	2.5636799999999997	0.6103999999999999	-1.2971	3500375.0	1776545392.544917	0.0	1.0	-1.0	-1.0	-1.0	-1.0	-1.0	-1.0	-1.0	-1.0	0.0	opened-hand	Open	1	calibration_20260418_134934	marker
-73570.77	-35991.18	-109492.83	-19559.88	0.0	0.0	0.0	0.0	0.0	0.0	0.0	0.0	0.0	0.0	0.0	0.0	0.0	0.0	47.448275862068975	0.0	0.04687488	-0.044372445	1.01977278	2.5636799999999997	0.6103999999999999	-1.2971	3500376.0	1776545392.544939	0.0	1.0	-1.0	-1.0	-1.0	-1.0	-1.0	-1.0	-1.0	-1.0	0.0	opened-hand	Open	1	calibration_20260418_134934	marker
-73647.09	-35996.49	-109542.465	-19639.17	0.0	0.0	0.0	0.0	0.0	0.0	0.0	0.0	0.0	0.0	0.0	0.0	0.0	0.0	47.448275862068975	0.0	0.04687488	-0.044372445	1.01977278	2.5636799999999997	0.6103999999999999	-1.2971	3500377.0	1776545392.555486	0.0	1.0	-1.0	-1.0	-1.0	-1.0	-1.0	-1.0	-1.0	-1.0	0.0	opened-hand	Open	1	calibration_20260418_134934	marker
-73606.455	-35989.244999999995	-109519.37999999999	-19616.13	0.0	0.0	0.0	0.0	0.0	0.0	0.0	0.0	0.0	0.0	0.0	0.0	0.0	0.0	47.448275862068975	0.0	0.04687488	-0.044372445	1.01977278	2.5636799999999997	0.6103999999999999	-1.2971	3500378.0	1776545392.555514	0.0	1.0	-1.0	-1.0	-1.0	-1.0	-1.0	-1.0	-1.0	-1.0	0.0	opened-hand	Open	1	calibration_20260418_134934	marker
-73612.935	-35987.58	-109595.87999999999	-19643.445	0.0	0.0	0.0	0.0	0.0	0.0	0.0	0.0	0.0	0.0	0.0	0.0	0.0	0.0	47.448275862068975	0.0	0.04687488	-0.044372445	1.01977278	2.5636799999999997	0.6103999999999999	-1.2971	3500379.0	1776545392.555534	0.0	1.0	-1.0	-1.0	-1.0	-1.0	-1.0	-1.0	-1.0	-1.0	0.0	opened-hand	Open	1	calibration_20260418_134934	marker
-73704.555	-35995.455	-109774.03499999999	-19806.75	0.0	0.0	0.0	0.0	0.0	0.0	0.0	0.0	0.0	0.0	0.0	0.0	0.0	0.0	47.448275862068975	0.0	0.04687488	-0.044372445	1.01977278	2.5636799999999997	0.6103999999999999	-1.2971	3500380.0	1776545392.555541	0.0	1.0	-1.0	-1.0	-1.0	-1.0	-1.0	-1.0	-1.0	-1.0	0.0	opened-hand	Open	1	calibration_20260418_134934	marker
-73757.295	-36000.225	-109829.79	-19879.155	0.0	0.0	0.0	0.0	0.0	0.0	0.0	0.0	0.0	0.0	0.0	0.0	0.0	0.0	47.448275862068975	0.0	0.04687488	-0.044372445	1.01977278	2.5636799999999997	0.6103999999999999	-1.2971	3500381.0	1776545392.556696	0.0	1.0	-1.0	-1.0	-1.0	-1.0	-1.0	-1.0	-1.0	-1.0	0.0	opened-hand	Open	1	calibration_20260418_134934	marker
-73681.29	-35992.35	-109657.125	-19734.48	0.0	0.0	0.0	0.0	0.0	0.0	0.0	0.0	0.0	0.0	0.0	0.0	0.0	0.0	47.448275862068975	0.0	0.04687488	-0.044372445	1.01977278	2.5636799999999997	0.6103999999999999	-1.2971	3500382.0	1776545392.556706	0.0	1.0	-1.0	-1.0	-1.0	-1.0	-1.0	-1.0	-1.0	-1.0	0.0	opened-hand	Open	1	calibration_20260418_134934	marker
-73607.715	-35984.564999999995	-109549.62	-19668.51	0.0	0.0	0.0	0.0	0.0	0.0	0.0	0.0	0.0	0.0	0.0	0.0	0.0	0.0	47.448275862068975	0.0	0.04687488	-0.044372445	1.01977278	2.5636799999999997	0.6103999999999999	-1.2971	3500383.0	1776545392.561112	0.0	1.0	-1.0	-1.0	-1.0	-1.0	-1.0	-1.0	-1.0	-1.0	0.0	opened-hand	Open	1	calibration_20260418_134934	marker
-73543.14	-35975.655	-109513.62	-19607.85	0.0	0.0	0.0	0.0	0.0	0.0	0.0	0.0	0.0	0.0	0.0	0.0	0.0	0.0	47.448275862068975	0.0	0.04687488	-0.044372445	1.01977278	2.5636799999999997	0.6103999999999999	-1.2971	3500384.0	1776545392.561143	0.0	1.0	-1.0	-1.0	-1.0	-1.0	-1.0	-1.0	-1.0	-1.0	0.0	opened-hand	Open	1	calibration_20260418_134934	marker
-73653.03	-35976.915	-109652.805	-19670.085	0.0	0.0	0.0	0.0	0.0	0.0	0.0	0.0	0.0	0.0	0.0	0.0	0.0	0.0	47.448275862068975	0.0	0.049255245	-0.04541004	1.01952864	2.3653	0.62566	-1.49548	3500385.0	1776545392.564878	0.0	1.0	-1.0	-1.0	-1.0	-1.0	-1.0	-1.0	-1.0	-1.0	0.0	opened-hand	Open	1	calibration_20260418_134934	marker
-73693.53	-35973.314999999995	-109734.48	-19759.815	0.0	0.0	0.0	0.0	0.0	0.0	0.0	0.0	0.0	0.0	0.0	0.0	0.0	0.0	47.448275862068975	0.0	0.049255245	-0.04541004	1.01952864	2.3653	0.62566	-1.49548	3500386.0	1776545392.564903	0.0	1.0	-1.0	-1.0	-1.0	-1.0	-1.0	-1.0	-1.0	-1.0	0.0	opened-hand	Open	1	calibration_20260418_134934	marker
-73677.69	-35966.52	-109691.64	-19735.245	0.0	0.0	0.0	0.0	0.0	0.0	0.0	0.0	0.0	0.0	0.0	0.0	0.0	0.0	47.448275862068975	0.0	0.049255245	-0.04541004	1.01952864	2.3653	0.62566	-1.49548	3500387.0	1776545392.570483	0.0	1.0	-1.0	-1.0	-1.0	-1.0	-1.0	-1.0	-1.0	-1.0	0.0	opened-hand	Open	1	calibration_20260418_134934	marker
-73623.015	-35964.09	-109652.44499999999	-19705.905	0.0	0.0	0.0	0.0	0.0	0.0	0.0	0.0	0.0	0.0	0.0	0.0	0.0	0.0	47.448275862068975	0.0	0.049255245	-0.04541004	1.01952864	2.3653	0.62566	-1.49548	3500388.0	1776545392.570497	0.0	1.0	-1.0	-1.0	-1.0	-1.0	-1.0	-1.0	-1.0	-1.0	0.0	opened-hand	Open	1	calibration_20260418_134934	marker
-73652.175	-35969.805	-109653.75	-19722.78	0.0	0.0	0.0	0.0	0.0	0.0	0.0	0.0	0.0	0.0	0.0	0.0	0.0	0.0	47.448275862068975	0.0	0.049255245	-0.04541004	1.01952864	2.3653	0.62566	-1.49548	3500389.0	1776545392.581547	0.0	1.0	-1.0	-1.0	-1.0	-1.0	-1.0	-1.0	-1.0	-1.0	0.0	opened-hand	Open	1	calibration_20260418_134934	marker
-73593.62999999999	-35969.58	-109598.31	-19684.89	0.0	0.0	0.0	0.0	0.0	0.0	0.0	0.0	0.0	0.0	0.0	0.0	0.0	0.0	47.448275862068975	0.0	0.049255245	-0.04541004	1.01952864	2.3653	0.62566	-1.49548	3500390.0	1776545392.581593	0.0	1.0	-1.0	-1.0	-1.0	-1.0	-1.0	-1.0	-1.0	-1.0	0.0	opened-hand	Open	1	calibration_20260418_134934	marker
-73536.84	-35968.005	-109530.62999999999	-19616.085	0.0	0.0	0.0	0.0	0.0	0.0	0.0	0.0	0.0	0.0	0.0	0.0	0.0	0.0	47.448275862068975	0.0	0.049255245	-0.04541004	1.01952864	2.3653	0.62566	-1.49548	3500391.0	1776545392.581635	0.0	1.0	-1.0	-1.0	-1.0	-1.0	-1.0	-1.0	-1.0	-1.0	0.0	opened-hand	Open	1	calibration_20260418_134934	marker
-73455.61499999999	-35957.97	-109369.08	-19444.95	0.0	0.0	0.0	0.0	0.0	0.0	0.0	0.0	0.0	0.0	0.0	0.0	0.0	0.0	47.448275862068975	0.0	0.049255245	-0.04541004	1.01952864	2.3653	0.62566	-1.49548	3500392.0	1776545392.581654	0.0	1.0	-1.0	-1.0	-1.0	-1.0	-1.0	-1.0	-1.0	-1.0	0.0	opened-hand	Open	1	calibration_20260418_134934	marker
-73505.7	-35956.17	-109386.315	-19444.454999999998	0.0	0.0	0.0	0.0	0.0	0.0	0.0	0.0	0.0	0.0	0.0	0.0	0.0	0.0	47.448275862068975	0.0	0.049255245	-0.04541004	1.01952864	2.3653	0.62566	-1.49548	3500393.0	1776545392.581677	0.0	1.0	-1.0	-1.0	-1.0	-1.0	-1.0	-1.0	-1.0	-1.0	0.0	opened-hand	Open	1	calibration_20260418_134934	marker
-73666.845	-35963.82	-109662.12	-19690.649999999998	0.0	0.0	0.0	0.0	0.0	0.0	0.0	0.0	0.0	0.0	0.0	0.0	0.0	0.0	47.448275862068975	0.0	0.049255245	-0.04541004	1.01952864	2.3653	0.62566	-1.49548	3500394.0	1776545392.581695	0.0	1.0	-1.0	-1.0	-1.0	-1.0	-1.0	-1.0	-1.0	-1.0	0.0	opened-hand	Open	1	calibration_20260418_134934	marker
-73737.72	-35966.07	-109757.565	-19815.524999999998	0.0	0.0	0.0	0.0	0.0	0.0	0.0	0.0	0.0	0.0	0.0	0.0	0.0	0.0	47.448275862068975	0.0	0.051574575	-0.043273815	1.0192845	2.45686	0.19838	-1.09872	3500395.0	1776545392.586526	0.0	1.0	-1.0	-1.0	-1.0	-1.0	-1.0	-1.0	-1.0	-1.0	0.0	opened-hand	Open	1	calibration_20260418_134934	marker
-73750.59	-35965.305	-109726.965	-19811.565	0.0	0.0	0.0	0.0	0.0	0.0	0.0	0.0	0.0	0.0	0.0	0.0	0.0	0.0	47.448275862068975	0.0	0.051574575	-0.043273815	1.0192845	2.45686	0.19838	-1.09872	3500396.0	1776545392.586546	0.0	1.0	-1.0	-1.0	-1.0	-1.0	-1.0	-1.0	-1.0	-1.0	0.0	opened-hand	Open	1	calibration_20260418_134934	marker
-73616.58	-35961.615	-109618.01999999999	-19688.805	0.0	0.0	0.0	0.0	0.0	0.0	0.0	0.0	0.0	0.0	0.0	0.0	0.0	0.0	47.448275862068975	0.0	0.051574575	-0.043273815	1.0192845	2.45686	0.19838	-1.09872	3500397.0	1776545392.588994	0.0	1.0	-1.0	-1.0	-1.0	-1.0	-1.0	-1.0	-1.0	-1.0	0.0	opened-hand	Open	1	calibration_20260418_134934	marker
-73540.845	-35959.545	-109494.18	-19570.14	0.0	0.0	0.0	0.0	0.0	0.0	0.0	0.0	0.0	0.0	0.0	0.0	0.0	0.0	47.448275862068975	0.0	0.051574575	-0.043273815	1.0192845	2.45686	0.19838	-1.09872	3500398.0	1776545392.589006	0.0	1.0	-1.0	-1.0	-1.0	-1.0	-1.0	-1.0	-1.0	-1.0	0.0	opened-hand	Open	1	calibration_20260418_134934	marker
-73562.4	-35967.645	-109623.375	-19750.14	0.0	0.0	0.0	0.0	0.0	0.0	0.0	0.0	0.0	0.0	0.0	0.0	0.0	0.0	47.448275862068975	0.0	0.051574575	-0.043273815	1.0192845	2.45686	0.19838	-1.09872	3500399.0	1776545392.593185	0.0	1.0	-1.0	-1.0	-1.0	-1.0	-1.0	-1.0	-1.0	-1.0	0.0	opened-hand	Open	1	calibration_20260418_134934	marker
-73811.16	-35978.354999999996	-109753.83	-19806.704999999998	0.0	0.0	0.0	0.0	0.0	0.0	0.0	0.0	0.0	0.0	0.0	0.0	0.0	0.0	47.448275862068975	0.0	0.051574575	-0.043273815	1.0192845	2.45686	0.19838	-1.09872	3500400.0	1776545392.59322	0.0	1.0	-1.0	-1.0	-1.0	-1.0	-1.0	-1.0	-1.0	-1.0	0.0	opened-hand	Open	1	calibration_20260418_134934	marker
-73795.68	-35974.71	-109729.845	-19791.225	0.0	0.0	0.0	0.0	0.0	0.0	0.0	0.0	0.0	0.0	0.0	0.0	0.0	0.0	47.448275862068975	0.0	0.051574575	-0.043273815	1.0192845	2.45686	0.19838	-1.09872	3500401.0	1776545392.597056	0.0	1.0	-1.0	-1.0	-1.0	-1.0	-1.0	-1.0	-1.0	-1.0	0.0	opened-hand	Open	1	calibration_20260418_134934	marker
-73673.955	-35960.354999999996	-109662.61499999999	-19746.719999999998	0.0	0.0	0.0	0.0	0.0	0.0	0.0	0.0	0.0	0.0	0.0	0.0	0.0	0.0	47.448275862068975	0.0	0.051574575	-0.043273815	1.0192845	2.45686	0.19838	-1.09872	3500402.0	1776545392.597106	0.0	1.0	-1.0	-1.0	-1.0	-1.0	-1.0	-1.0	-1.0	-1.0	0.0	opened-hand	Open	1	calibration_20260418_134934	marker
-73647.94499999999	-35950.905	-109604.51999999999	-19676.969999999998	0.0	0.0	0.0	0.0	0.0	0.0	0.0	0.0	0.0	0.0	0.0	0.0	0.0	0.0	47.448275862068975	0.0	0.051574575	-0.043273815	1.0192845	2.45686	0.19838	-1.09872	3500403.0	1776545392.60502	0.0	1.0	-1.0	-1.0	-1.0	-1.0	-1.0	-1.0	-1.0	-1.0	0.0	opened-hand	Open	1	calibration_20260418_134934	marker
-73620.9	-35949.915	-109653.20999999999	-19705.995	0.0	0.0	0.0	0.0	0.0	0.0	0.0	0.0	0.0	0.0	0.0	0.0	0.0	0.0	47.448275862068975	0.0	0.051574575	-0.043273815	1.0192845	2.45686	0.19838	-1.09872	3500404.0	1776545392.605036	0.0	1.0	-1.0	-1.0	-1.0	-1.0	-1.0	-1.0	-1.0	-1.0	0.0	opened-hand	Open	1	calibration_20260418_134934	marker
-73577.205	-35951.895	-109658.025	-19704.78	0.0	0.0	0.0	0.0	0.0	0.0	0.0	0.0	0.0	0.0	0.0	0.0	0.0	0.0	47.448275862068975	0.0	0.052795275	-0.03796377	1.01720931	1.6785999999999999	0.85456	-1.05294	3500405.0	1776545392.605057	0.0	1.0	-1.0	-1.0	-1.0	-1.0	-1.0	-1.0	-1.0	-1.0	0.0	opened-hand	Open	1	calibration_20260418_134934	marker
-73603.98	-35952.075	-109641.23999999999	-19704.69	0.0	0.0	0.0	0.0	0.0	0.0	0.0	0.0	0.0	0.0	0.0	0.0	0.0	0.0	47.448275862068975	0.0	0.052795275	-0.03796377	1.01720931	1.6785999999999999	0.85456	-1.05294	3500406.0	1776545392.605064	0.0	1.0	-1.0	-1.0	-1.0	-1.0	-1.0	-1.0	-1.0	-1.0	0.0	opened-hand	Open	1	calibration_20260418_134934	marker
-73710.72	-35962.515	-109728.0	-19798.02	0.0	0.0	0.0	0.0	0.0	0.0	0.0	0.0	0.0	0.0	0.0	0.0	0.0	0.0	47.448275862068975	0.0	0.052795275	-0.03796377	1.01720931	1.6785999999999999	0.85456	-1.05294	3500407.0	1776545392.60912	0.0	1.0	-1.0	-1.0	-1.0	-1.0	-1.0	-1.0	-1.0	-1.0	0.0	opened-hand	Open	1	calibration_20260418_134934	marker
-73622.925	-35954.28	-109613.25	-19681.92	0.0	0.0	0.0	0.0	0.0	0.0	0.0	0.0	0.0	0.0	0.0	0.0	0.0	0.0	47.448275862068975	0.0	0.052795275	-0.03796377	1.01720931	1.6785999999999999	0.85456	-1.05294	3500408.0	1776545392.609141	0.0	1.0	-1.0	-1.0	-1.0	-1.0	-1.0	-1.0	-1.0	-1.0	0.0	opened-hand	Open	1	calibration_20260418_134934	marker
-73559.52	-35943.84	-109527.345	-19576.305	0.0	0.0	0.0	0.0	0.0	0.0	0.0	0.0	0.0	0.0	0.0	0.0	0.0	0.0	47.448275862068975	0.0	0.052795275	-0.03796377	1.01720931	1.6785999999999999	0.85456	-1.05294	3500409.0	1776545392.613516	0.0	1.0	-1.0	-1.0	-1.0	-1.0	-1.0	-1.0	-1.0	-1.0	0.0	opened-hand	Open	1	calibration_20260418_134934	marker
-73629.045	-35943.39	-109587.51	-19626.075	0.0	0.0	0.0	0.0	0.0	0.0	0.0	0.0	0.0	0.0	0.0	0.0	0.0	0.0	47.448275862068975	0.0	0.052795275	-0.03796377	1.01720931	1.6785999999999999	0.85456	-1.05294	3500410.0	1776545392.613535	0.0	1.0	-1.0	-1.0	-1.0	-1.0	-1.0	-1.0	-1.0	-1.0	0.0	opened-hand	Open	1	calibration_20260418_134934	marker
-73634.94	-35938.89	-109628.235	-19690.29	0.0	0.0	0.0	0.0	0.0	0.0	0.0	0.0	0.0	0.0	0.0	0.0	0.0	0.0	47.448275862068975	0.0	0.052795275	-0.03796377	1.01720931	1.6785999999999999	0.85456	-1.05294	3500411.0	1776545392.617152	0.0	1.0	-1.0	-1.0	-1.0	-1.0	-1.0	-1.0	-1.0	-1.0	0.0	opened-hand	Open	1	calibration_20260418_134934	marker
-73570.815	-35928.674999999996	-109567.665	-19642.184999999998	0.0	0.0	0.0	0.0	0.0	0.0	0.0	0.0	0.0	0.0	0.0	0.0	0.0	0.0	47.448275862068975	0.0	0.052795275	-0.03796377	1.01720931	1.6785999999999999	0.85456	-1.05294	3500412.0	1776545392.617169	0.0	1.0	-1.0	-1.0	-1.0	-1.0	-1.0	-1.0	-1.0	-1.0	0.0	opened-hand	Open	1	calibration_20260418_134934	marker
-73651.815	-35934.615	-109622.51999999999	-19677.645	0.0	0.0	0.0	0.0	0.0	0.0	0.0	0.0	0.0	0.0	0.0	0.0	0.0	0.0	47.448275862068975	0.0	0.052795275	-0.03796377	1.01720931	1.6785999999999999	0.85456	-1.05294	3500413.0	1776545392.621104	0.0	1.0	-1.0	-1.0	-1.0	-1.0	-1.0	-1.0	-1.0	-1.0	0.0	opened-hand	Open	1	calibration_20260418_134934	marker
-73693.44	-35946.36	-109709.50499999999	-19766.204999999998	0.0	0.0	0.0	0.0	0.0	0.0	0.0	0.0	0.0	0.0	0.0	0.0	0.0	0.0	47.448275862068975	0.0	0.052795275	-0.03796377	1.01720931	1.6785999999999999	0.85456	-1.05294	3500414.0	1776545392.621121	0.0	1.0	-1.0	-1.0	-1.0	-1.0	-1.0	-1.0	-1.0	-1.0	0.0	opened-hand	Open	1	calibration_20260418_134934	marker
-73675.98	-35950.545	-109688.4	-19752.344999999998	0.0	0.0	0.0	0.0	0.0	0.0	0.0	0.0	0.0	0.0	0.0	0.0	0.0	0.0	47.448275862068975	0.0	0.05261217	-0.035095125	1.01720931	1.95328	0.9919	-0.763	3500415.0	1776545392.62528	0.0	1.0	-1.0	-1.0	-1.0	-1.0	-1.0	-1.0	-1.0	-1.0	0.0	opened-hand	Open	1	calibration_20260418_134934	marker
-73646.37	-35952.075	-109611.94499999999	-19672.335	0.0	0.0	0.0	0.0	0.0	0.0	0.0	0.0	0.0	0.0	0.0	0.0	0.0	0.0	47.448275862068975	0.0	0.05261217	-0.035095125	1.01720931	1.95328	0.9919	-0.763	3500416.0	1776545392.625317	0.0	1.0	-1.0	-1.0	-1.0	-1.0	-1.0	-1.0	-1.0	-1.0	0.0	opened-hand	Open	1	calibration_20260418_134934	marker
-73570.5	-35946.54	-109544.625	-19616.895	0.0	0.0	0.0	0.0	0.0	0.0	0.0	0.0	0.0	0.0	0.0	0.0	0.0	0.0	47.448275862068975	0.0	0.05261217	-0.035095125	1.01720931	1.95328	0.9919	-0.763	3500417.0	1776545392.629293	0.0	1.0	-1.0	-1.0	-1.0	-1.0	-1.0	-1.0	-1.0	-1.0	0.0	opened-hand	Open	1	calibration_20260418_134934	marker
-73547.415	-35944.83	-109490.89499999999	-19579.95	0.0	0.0	0.0	0.0	0.0	0.0	0.0	0.0	0.0	0.0	0.0	0.0	0.0	0.0	47.448275862068975	0.0	0.05261217	-0.035095125	1.01720931	1.95328	0.9919	-0.763	3500418.0	1776545392.629324	0.0	1.0	-1.0	-1.0	-1.0	-1.0	-1.0	-1.0	-1.0	-1.0	0.0	opened-hand	Open	1	calibration_20260418_134934	marker
-73603.26	-35945.595	-109542.78	-19603.71	0.0	0.0	0.0	0.0	0.0	0.0	0.0	0.0	0.0	0.0	0.0	0.0	0.0	0.0	47.448275862068975	0.0	0.05261217	-0.035095125	1.01720931	1.95328	0.9919	-0.763	3500419.0	1776545392.633329	0.0	1.0	-1.0	-1.0	-1.0	-1.0	-1.0	-1.0	-1.0	-1.0	0.0	opened-hand	Open	1	calibration_20260418_134934	marker
-73798.92	-35955.99	-109760.48999999999	-19824.344999999998	0.0	0.0	0.0	0.0	0.0	0.0	0.0	0.0	0.0	0.0	0.0	0.0	0.0	0.0	47.448275862068975	0.0	0.05261217	-0.035095125	1.01720931	1.95328	0.9919	-0.763	3500420.0	1776545392.633357	0.0	1.0	-1.0	-1.0	-1.0	-1.0	-1.0	-1.0	-1.0	-1.0	0.0	opened-hand	Open	1	calibration_20260418_134934	marker
-73790.415	-35957.79	-109782.765	-19875.69	0.0	0.0	0.0	0.0	0.0	0.0	0.0	0.0	0.0	0.0	0.0	0.0	0.0	0.0	47.448275862068975	0.0	0.05261217	-0.035095125	1.01720931	1.95328	0.9919	-0.763	3500421.0	1776545392.63965	0.0	1.0	-1.0	-1.0	-1.0	-1.0	-1.0	-1.0	-1.0	-1.0	0.0	opened-hand	Open	1	calibration_20260418_134934	marker
-73696.815	-35951.534999999996	-109733.805	-19767.105	0.0	0.0	0.0	0.0	0.0	0.0	0.0	0.0	0.0	0.0	0.0	0.0	0.0	0.0	47.448275862068975	0.0	0.05261217	-0.035095125	1.01720931	1.95328	0.9919	-0.763	3500422.0	1776545392.639671	0.0	1.0	-1.0	-1.0	-1.0	-1.0	-1.0	-1.0	-1.0	-1.0	0.0	opened-hand	Open	1	calibration_20260418_134934	marker
-73559.06999999999	-35942.534999999996	-109553.48999999999	-19595.79	0.0	0.0	0.0	0.0	0.0	0.0	0.0	0.0	0.0	0.0	0.0	0.0	0.0	0.0	47.448275862068975	0.0	0.05261217	-0.035095125	1.01720931	1.95328	0.9919	-0.763	3500423.0	1776545392.647091	0.0	1.0	-1.0	-1.0	-1.0	-1.0	-1.0	-1.0	-1.0	-1.0	0.0	opened-hand	Open	1	calibration_20260418_134934	marker
-73443.51	-35936.055	-109445.805	-19507.905	0.0	0.0	0.0	0.0	0.0	0.0	0.0	0.0	0.0	0.0	0.0	0.0	0.0	0.0	47.448275862068975	0.0	0.05261217	-0.035095125	1.01720931	1.95328	0.9919	-0.763	3500424.0	1776545392.647118	0.0	1.0	-1.0	-1.0	-1.0	-1.0	-1.0	-1.0	-1.0	-1.0	0.0	opened-hand	Open	1	calibration_20260418_134934	marker
-73691.325	-35949.42	-109642.23	-19733.085	0.0	0.0	0.0	0.0	0.0	0.0	0.0	0.0	0.0	0.0	0.0	0.0	0.0	0.0	47.448275862068975	0.0	0.05139147	-0.0354003	1.01855208	2.5484199999999997	1.526	-0.6103999999999999	3500425.0	1776545392.647142	0.0	1.0	-1.0	-1.0	-1.0	-1.0	-1.0	-1.0	-1.0	-1.0	0.0	opened-hand	Open	1	calibration_20260418_134934	marker
-73734.3	-35949.24	-109723.545	-19848.87	0.0	0.0	0.0	0.0	0.0	0.0	0.0	0.0	0.0	0.0	0.0	0.0	0.0	0.0	47.448275862068975	0.0	0.05139147	-0.0354003	1.01855208	2.5484199999999997	1.526	-0.6103999999999999	3500426.0	1776545392.647149	0.0	1.0	-1.0	-1.0	-1.0	-1.0	-1.0	-1.0	-1.0	-1.0	0.0	opened-hand	Open	1	calibration_20260418_134934	marker
-73686.915	-35943.345	-109729.665	-19806.12	0.0	0.0	0.0	0.0	0.0	0.0	0.0	0.0	0.0	0.0	0.0	0.0	0.0	0.0	47.448275862068975	0.0	0.05139147	-0.0354003	1.01855208	2.5484199999999997	1.526	-0.6103999999999999	3500427.0	1776545392.649124	0.0	1.0	-1.0	-1.0	-1.0	-1.0	-1.0	-1.0	-1.0	-1.0	0.0	opened-hand	Open	1	calibration_20260418_134934	marker
-73718.235	-35940.33	-109733.58	-19765.395	0.0	0.0	0.0	0.0	0.0	0.0	0.0	0.0	0.0	0.0	0.0	0.0	0.0	0.0	47.448275862068975	0.0	0.05139147	-0.0354003	1.01855208	2.5484199999999997	1.526	-0.6103999999999999	3500428.0	1776545392.649142	0.0	1.0	-1.0	-1.0	-1.0	-1.0	-1.0	-1.0	-1.0	-1.0	0.0	opened-hand	Open	1	calibration_20260418_134934	marker
-73646.91	-35933.985	-109606.905	-19692.27	0.0	0.0	0.0	0.0	0.0	0.0	0.0	0.0	0.0	0.0	0.0	0.0	0.0	0.0	47.448275862068975	0.0	0.05139147	-0.0354003	1.01855208	2.5484199999999997	1.526	-0.6103999999999999	3500429.0	1776545392.653225	0.0	1.0	-1.0	-1.0	-1.0	-1.0	-1.0	-1.0	-1.0	-1.0	0.0	opened-hand	Open	1	calibration_20260418_134934	marker
-73624.275	-35935.155	-109609.83	-19679.94	0.0	0.0	0.0	0.0	0.0	0.0	0.0	0.0	0.0	0.0	0.0	0.0	0.0	0.0	47.448275862068975	0.0	0.05139147	-0.0354003	1.01855208	2.5484199999999997	1.526	-0.6103999999999999	3500430.0	1776545392.653245	0.0	1.0	-1.0	-1.0	-1.0	-1.0	-1.0	-1.0	-1.0	-1.0	0.0	opened-hand	Open	1	calibration_20260418_134934	marker
-73695.735	-35941.005	-109643.53499999999	-19686.6	0.0	0.0	0.0	0.0	0.0	0.0	0.0	0.0	0.0	0.0	0.0	0.0	0.0	0.0	47.448275862068975	0.0	0.05139147	-0.0354003	1.01855208	2.5484199999999997	1.526	-0.6103999999999999	3500431.0	1776545392.657248	0.0	1.0	-1.0	-1.0	-1.0	-1.0	-1.0	-1.0	-1.0	-1.0	0.0	opened-hand	Open	1	calibration_20260418_134934	marker
-73612.70999999999	-35942.13	-109574.325	-19666.755	0.0	0.0	0.0	0.0	0.0	0.0	0.0	0.0	0.0	0.0	0.0	0.0	0.0	0.0	47.448275862068975	0.0	0.05139147	-0.0354003	1.01855208	2.5484199999999997	1.526	-0.6103999999999999	3500432.0	1776545392.657274	0.0	1.0	-1.0	-1.0	-1.0	-1.0	-1.0	-1.0	-1.0	-1.0	0.0	opened-hand	Open	1	calibration_20260418_134934	marker
-73506.915	-35936.595	-109440.045	-19558.305	0.0	0.0	0.0	0.0	0.0	0.0	0.0	0.0	0.0	0.0	0.0	0.0	0.0	0.0	47.448275862068975	0.0	0.05139147	-0.0354003	1.01855208	2.5484199999999997	1.526	-0.6103999999999999	3500433.0	1776545392.661921	0.0	1.0	-1.0	-1.0	-1.0	-1.0	-1.0	-1.0	-1.0	-1.0	0.0	opened-hand	Open	1	calibration_20260418_134934	marker
-73483.245	-35929.395	-109373.67	-19466.055	0.0	0.0	0.0	0.0	0.0	0.0	0.0	0.0	0.0	0.0	0.0	0.0	0.0	0.0	47.448275862068975	0.0	0.05139147	-0.0354003	1.01855208	2.5484199999999997	1.526	-0.6103999999999999	3500434.0	1776545392.661946	0.0	1.0	-1.0	-1.0	-1.0	-1.0	-1.0	-1.0	-1.0	-1.0	0.0	opened-hand	Open	1	calibration_20260418_134934	marker
-73658.97	-35940.195	-109664.415	-19690.38	0.0	0.0	0.0	0.0	0.0	0.0	0.0	0.0	0.0	0.0	0.0	0.0	0.0	0.0	47.448275862068975	0.0	0.050659050000000004	-0.03478995	1.0180638	4.1202	0.7019599999999999	0.9003399999999999	3500435.0	1776545392.669375	0.0	1.0	-1.0	-1.0	-1.0	-1.0	-1.0	-1.0	-1.0	-1.0	0.0	opened-hand	Open	1	calibration_20260418_134934	marker
-73713.915	-35943.615	-109746.26999999999	-19782.989999999998	0.0	0.0	0.0	0.0	0.0	0.0	0.0	0.0	0.0	0.0	0.0	0.0	0.0	0.0	47.448275862068975	0.0	0.050659050000000004	-0.03478995	1.0180638	4.1202	0.7019599999999999	0.9003399999999999	3500436.0	1776545392.669388	0.0	1.0	-1.0	-1.0	-1.0	-1.0	-1.0	-1.0	-1.0	-1.0	0.0	opened-hand	Open	1	calibration_20260418_134934	marker
-73664.64	-35936.369999999995	-109595.51999999999	-19687.77	0.0	0.0	0.0	0.0	0.0	0.0	0.0	0.0	0.0	0.0	0.0	0.0	0.0	0.0	47.448275862068975	0.0	0.050659050000000004	-0.03478995	1.0180638	4.1202	0.7019599999999999	0.9003399999999999	3500437.0	1776545392.669398	0.0	1.0	-1.0	-1.0	-1.0	-1.0	-1.0	-1.0	-1.0	-1.0	0.0	opened-hand	Open	1	calibration_20260418_134934	marker
-73429.155	-35922.375	-109360.215	-19505.61	0.0	0.0	0.0	0.0	0.0	0.0	0.0	0.0	0.0	0.0	0.0	0.0	0.0	0.0	47.448275862068975	0.0	0.050659050000000004	-0.03478995	1.0180638	4.1202	0.7019599999999999	0.9003399999999999	3500438.0	1776545392.669404	0.0	1.0	-1.0	-1.0	-1.0	-1.0	-1.0	-1.0	-1.0	-1.0	0.0	opened-hand	Open	1	calibration_20260418_134934	marker
-73443.23999999999	-35927.235	-109504.935	-19551.105	0.0	0.0	0.0	0.0	0.0	0.0	0.0	0.0	0.0	0.0	0.0	0.0	0.0	0.0	47.448275862068975	0.0	0.050659050000000004	-0.03478995	1.0180638	4.1202	0.7019599999999999	0.9003399999999999	3500439.0	1776545392.676151	0.0	1.0	-1.0	-1.0	-1.0	-1.0	-1.0	-1.0	-1.0	-1.0	0.0	opened-hand	Open	1	calibration_20260418_134934	marker
-73628.73	-35943.705	-109752.39	-19742.535	0.0	0.0	0.0	0.0	0.0	0.0	0.0	0.0	0.0	0.0	0.0	0.0	0.0	0.0	47.448275862068975	0.0	0.050659050000000004	-0.03478995	1.0180638	4.1202	0.7019599999999999	0.9003399999999999	3500440.0	1776545392.676178	0.0	1.0	-1.0	-1.0	-1.0	-1.0	-1.0	-1.0	-1.0	-1.0	0.0	opened-hand	Open	1	calibration_20260418_134934	marker
-73657.75499999999	-35947.935	-109731.555	-19783.35	0.0	0.0	0.0	0.0	0.0	0.0	0.0	0.0	0.0	0.0	0.0	0.0	0.0	0.0	47.448275862068975	0.0	0.050659050000000004	-0.03478995	1.0180638	4.1202	0.7019599999999999	0.9003399999999999	3500441.0	1776545392.679171	0.0	1.0	-1.0	-1.0	-1.0	-1.0	-1.0	-1.0	-1.0	-1.0	0.0	opened-hand	Open	1	calibration_20260418_134934	marker
-73766.06999999999	-35950.59	-109772.955	-19848.825	0.0	0.0	0.0	0.0	0.0	0.0	0.0	0.0	0.0	0.0	0.0	0.0	0.0	0.0	47.448275862068975	0.0	0.050659050000000004	-0.03478995	1.0180638	4.1202	0.7019599999999999	0.9003399999999999	3500442.0	1776545392.67918	0.0	1.0	-1.0	-1.0	-1.0	-1.0	-1.0	-1.0	-1.0	-1.0	0.0	opened-hand	Open	1	calibration_20260418_134934	marker
-73665.18	-35942.445	-109734.20999999999	-19846.89	0.0	0.0	0.0	0.0	0.0	0.0	0.0	0.0	0.0	0.0	0.0	0.0	0.0	0.0	47.448275862068975	0.0	0.050659050000000004	-0.03478995	1.0180638	4.1202	0.7019599999999999	0.9003399999999999	3500443.0	1776545392.687119	0.0	1.0	-1.0	-1.0	-1.0	-1.0	-1.0	-1.0	-1.0	-1.0	0.0	opened-hand	Open	1	calibration_20260418_134934	marker
-73615.59	-35928.494999999995	-109600.965	-19676.969999999998	0.0	0.0	0.0	0.0	0.0	0.0	0.0	0.0	0.0	0.0	0.0	0.0	0.0	0.0	47.448275862068975	0.0	0.050659050000000004	-0.03478995	1.0180638	4.1202	0.7019599999999999	0.9003399999999999	3500444.0	1776545392.687128	0.0	1.0	-1.0	-1.0	-1.0	-1.0	-1.0	-1.0	-1.0	-1.0	0.0	opened-hand	Open	1	calibration_20260418_134934	marker
-73676.205	-35928.63	-109691.73	-19720.035	0.0	0.0	0.0	0.0	0.0	0.0	0.0	0.0	0.0	0.0	0.0	0.0	0.0	0.0	47.448275862068975	0.0	0.049743525000000004	-0.031921305	1.02135969	2.7010199999999998	0.77826	0.6714399999999999	3500445.0	1776545392.687137	0.0	1.0	-1.0	-1.0	-1.0	-1.0	-1.0	-1.0	-1.0	-1.0	0.0	opened-hand	Open	1	calibration_20260418_134934	marker
-73748.655	-35930.744999999995	-109731.28499999999	-19768.14	0.0	0.0	0.0	0.0	0.0	0.0	0.0	0.0	0.0	0.0	0.0	0.0	0.0	0.0	47.448275862068975	0.0	0.049743525000000004	-0.031921305	1.02135969	2.7010199999999998	0.77826	0.6714399999999999	3500446.0	1776545392.687143	0.0	1.0	-1.0	-1.0	-1.0	-1.0	-1.0	-1.0	-1.0	-1.0	0.0	opened-hand	Open	1	calibration_20260418_134934	marker
-73729.845	-35930.07	-109652.84999999999	-19748.34	0.0	0.0	0.0	0.0	0.0	0.0	0.0	0.0	0.0	0.0	0.0	0.0	0.0	0.0	47.448275862068975	0.0	0.049743525000000004	-0.031921305	1.02135969	2.7010199999999998	0.77826	0.6714399999999999	3500447.0	1776545392.68923	0.0	1.0	-1.0	-1.0	-1.0	-1.0	-1.0	-1.0	-1.0	-1.0	0.0	opened-hand	Open	1	calibration_20260418_134934	marker
-73679.265	-35932.86	-109637.955	-19728.0	0.0	0.0	0.0	0.0	0.0	0.0	0.0	0.0	0.0	0.0	0.0	0.0	0.0	0.0	47.448275862068975	0.0	0.049743525000000004	-0.031921305	1.02135969	2.7010199999999998	0.77826	0.6714399999999999	3500448.0	1776545392.689236	0.0	1.0	-1.0	-1.0	-1.0	-1.0	-1.0	-1.0	-1.0	-1.0	0.0	opened-hand	Open	1	calibration_20260418_134934	marker
-73737.22499999999	-35940.015	-109738.125	-19774.53	0.0	0.0	0.0	0.0	0.0	0.0	0.0	0.0	0.0	0.0	0.0	0.0	0.0	0.0	47.448275862068975	0.0	0.049743525000000004	-0.031921305	1.02135969	2.7010199999999998	0.77826	0.6714399999999999	3500449.0	1776545392.693333	0.0	1.0	-1.0	-1.0	-1.0	-1.0	-1.0	-1.0	-1.0	-1.0	0.0	opened-hand	Open	1	calibration_20260418_134934	marker
-73713.78	-35934.119999999995	-109676.745	-19707.704999999998	0.0	0.0	0.0	0.0	0.0	0.0	0.0	0.0	0.0	0.0	0.0	0.0	0.0	0.0	47.448275862068975	0.0	0.049743525000000004	-0.031921305	1.02135969	2.7010199999999998	0.77826	0.6714399999999999	3500450.0	1776545392.693342	0.0	1.0	-1.0	-1.0	-1.0	-1.0	-1.0	-1.0	-1.0	-1.0	0.0	opened-hand	Open	1	calibration_20260418_134934	marker
-73565.86499999999	-35921.61	-109529.325	-19598.805	0.0	0.0	0.0	0.0	0.0	0.0	0.0	0.0	0.0	0.0	0.0	0.0	0.0	0.0	47.448275862068975	0.0	0.049743525000000004	-0.031921305	1.02135969	2.7010199999999998	0.77826	0.6714399999999999	3500451.0	1776545392.697388	0.0	1.0	-1.0	-1.0	-1.0	-1.0	-1.0	-1.0	-1.0	-1.0	0.0	opened-hand	Open	1	calibration_20260418_134934	marker
-73644.3	-35920.215	-109562.44499999999	-19699.29	0.0	0.0	0.0	0.0	0.0	0.0	0.0	0.0	0.0	0.0	0.0	0.0	0.0	0.0	47.448275862068975	0.0	0.049743525000000004	-0.031921305	1.02135969	2.7010199999999998	0.77826	0.6714399999999999	3500452.0	1776545392.697396	0.0	1.0	-1.0	-1.0	-1.0	-1.0	-1.0	-1.0	-1.0	-1.0	0.0	opened-hand	Open	1	calibration_20260418_134934	marker
-73597.905	-35916.119999999995	-109637.64	-19736.82	0.0	0.0	0.0	0.0	0.0	0.0	0.0	0.0	0.0	0.0	0.0	0.0	0.0	0.0	47.448275862068975	0.0	0.049743525000000004	-0.031921305	1.02135969	2.7010199999999998	0.77826	0.6714399999999999	3500453.0	1776545392.702938	0.0	1.0	-1.0	-1.0	-1.0	-1.0	-1.0	-1.0	-1.0	-1.0	0.0	opened-hand	Open	1	calibration_20260418_134934	marker
-73572.705	-35916.84	-109687.545	-19717.335	0.0	0.0	0.0	0.0	0.0	0.0	0.0	0.0	0.0	0.0	0.0	0.0	0.0	0.0	47.448275862068975	0.0	0.049743525000000004	-0.031921305	1.02135969	2.7010199999999998	0.77826	0.6714399999999999	3500454.0	1776545392.702947	0.0	1.0	-1.0	-1.0	-1.0	-1.0	-1.0	-1.0	-1.0	-1.0	0.0	opened-hand	Open	1	calibration_20260418_134934	marker
-73717.605	-35926.2	-109780.965	-19796.895	0.0	0.0	0.0	0.0	0.0	0.0	0.0	0.0	0.0	0.0	0.0	0.0	0.0	0.0	47.448275862068975	0.0	0.046203495000000004	-0.030090255	1.02319074	0.07629999999999999	0.2289	-0.13734	3500455.0	1776545392.705274	0.0	1.0	-1.0	-1.0	-1.0	-1.0	-1.0	-1.0	-1.0	-1.0	0.0	opened-hand	Open	1	calibration_20260418_134934	marker
-73725.25499999999	-35927.01	-109706.625	-19733.715	0.0	0.0	0.0	0.0	0.0	0.0	0.0	0.0	0.0	0.0	0.0	0.0	0.0	0.0	47.448275862068975	0.0	0.046203495000000004	-0.030090255	1.02319074	0.07629999999999999	0.2289	-0.13734	3500456.0	1776545392.705282	0.0	1.0	-1.0	-1.0	-1.0	-1.0	-1.0	-1.0	-1.0	-1.0	0.0	opened-hand	Open	1	calibration_20260418_134934	marker
-73521.9	-35920.35	-109537.515	-19601.684999999998	0.0	0.0	0.0	0.0	0.0	0.0	0.0	0.0	0.0	0.0	0.0	0.0	0.0	0.0	47.448275862068975	0.0	0.046203495000000004	-0.030090255	1.02319074	0.07629999999999999	0.2289	-0.13734	3500457.0	1776545392.71358	0.0	1.0	-1.0	-1.0	-1.0	-1.0	-1.0	-1.0	-1.0	-1.0	0.0	opened-hand	Open	1	calibration_20260418_134934	marker
-73439.055	-35919.27	-109425.42	-19504.665	0.0	0.0	0.0	0.0	0.0	0.0	0.0	0.0	0.0	0.0	0.0	0.0	0.0	0.0	47.448275862068975	0.0	0.046203495000000004	-0.030090255	1.02319074	0.07629999999999999	0.2289	-0.13734	3500458.0	1776545392.713584	0.0	1.0	-1.0	-1.0	-1.0	-1.0	-1.0	-1.0	-1.0	-1.0	0.0	opened-hand	Open	1	calibration_20260418_134934	marker
-73563.3	-35927.729999999996	-109495.305	-19552.59	0.0	0.0	0.0	0.0	0.0	0.0	0.0	0.0	0.0	0.0	0.0	0.0	0.0	0.0	47.448275862068975	0.0	0.046203495000000004	-0.030090255	1.02319074	0.07629999999999999	0.2289	-0.13734	3500459.0	1776545392.713591	0.0	1.0	-1.0	-1.0	-1.0	-1.0	-1.0	-1.0	-1.0	-1.0	0.0	opened-hand	Open	1	calibration_20260418_134934	marker
-73572.12	-35925.165	-109498.455	-19530.765	0.0	0.0	0.0	0.0	0.0	0.0	0.0	0.0	0.0	0.0	0.0	0.0	0.0	0.0	47.448275862068975	0.0	0.046203495000000004	-0.030090255	1.02319074	0.07629999999999999	0.2289	-0.13734	3500460.0	1776545392.713595	0.0	1.0	-1.0	-1.0	-1.0	-1.0	-1.0	-1.0	-1.0	-1.0	0.0	opened-hand	Open	1	calibration_20260418_134934	marker
-73637.415	-35925.615	-109605.19499999999	-19651.77	0.0	0.0	0.0	0.0	0.0	0.0	0.0	0.0	0.0	0.0	0.0	0.0	0.0	0.0	47.448275862068975	0.0	0.046203495000000004	-0.030090255	1.02319074	0.07629999999999999	0.2289	-0.13734	3500461.0	1776545392.717339	0.0	1.0	-1.0	-1.0	-1.0	-1.0	-1.0	-1.0	-1.0	-1.0	0.0	opened-hand	Open	1	calibration_20260418_134934	marker
-73736.86499999999	-35931.6	-109809.58499999999	-19872.315	0.0	0.0	0.0	0.0	0.0	0.0	0.0	0.0	0.0	0.0	0.0	0.0	0.0	0.0	47.448275862068975	0.0	0.046203495000000004	-0.030090255	1.02319074	0.07629999999999999	0.2289	-0.13734	3500462.0	1776545392.717344	0.0	1.0	-1.0	-1.0	-1.0	-1.0	-1.0	-1.0	-1.0	-1.0	0.0	opened-hand	Open	1	calibration_20260418_134934	marker
-73738.215	-35926.92	-109724.67	-19792.575	0.0	0.0	0.0	0.0	0.0	0.0	0.0	0.0	0.0	0.0	0.0	0.0	0.0	0.0	47.448275862068975	0.0	0.046203495000000004	-0.030090255	1.02319074	0.07629999999999999	0.2289	-0.13734	3500463.0	1776545392.721285	0.0	1.0	-1.0	-1.0	-1.0	-1.0	-1.0	-1.0	-1.0	-1.0	0.0	opened-hand	Open	1	calibration_20260418_134934	marker
-73780.965	-35932.455	-109810.215	-19892.7	0.0	0.0	0.0	0.0	0.0	0.0	0.0	0.0	0.0	0.0	0.0	0.0	0.0	0.0	47.448275862068975	0.0	0.046203495000000004	-0.030090255	1.02319074	0.07629999999999999	0.2289	-0.13734	3500464.0	1776545392.721297	0.0	1.0	-1.0	-1.0	-1.0	-1.0	-1.0	-1.0	-1.0	-1.0	0.0	opened-hand	Open	1	calibration_20260418_134934	marker
-73627.065	-35926.155	-109700.81999999999	-19787.175	0.0	0.0	0.0	0.0	0.0	0.0	0.0	0.0	0.0	0.0	0.0	0.0	0.0	0.0	47.448275862068975	0.0	0.044128305	-0.031677165	1.021664865	-1.9380199999999999	0.33571999999999996	-0.21364	3500465.0	1776545392.725389	0.0	1.0	-1.0	-1.0	-1.0	-1.0	-1.0	-1.0	-1.0	-1.0	0.0	opened-hand	Open	1	calibration_20260418_134934	marker
-73612.665	-35919.494999999995	-109597.14	-19660.59	0.0	0.0	0.0	0.0	0.0	0.0	0.0	0.0	0.0	0.0	0.0	0.0	0.0	0.0	47.448275862068975	0.0	0.044128305	-0.031677165	1.021664865	-1.9380199999999999	0.33571999999999996	-0.21364	3500466.0	1776545392.725395	0.0	1.0	-1.0	-1.0	-1.0	-1.0	-1.0	-1.0	-1.0	-1.0	0.0	opened-hand	Open	1	calibration_20260418_134934	marker
-73652.44499999999	-35918.865	-109585.89	-19642.68	0.0	0.0	0.0	0.0	0.0	0.0	0.0	0.0	0.0	0.0	0.0	0.0	0.0	0.0	47.448275862068975	0.0	0.044128305	-0.031677165	1.021664865	-1.9380199999999999	0.33571999999999996	-0.21364	3500467.0	1776545392.729389	0.0	1.0	-1.0	-1.0	-1.0	-1.0	-1.0	-1.0	-1.0	-1.0	0.0	opened-hand	Open	1	calibration_20260418_134934	marker
-73670.44499999999	-35924.49	-109683.315	-19738.665	0.0	0.0	0.0	0.0	0.0	0.0	0.0	0.0	0.0	0.0	0.0	0.0	0.0	0.0	47.448275862068975	0.0	0.044128305	-0.031677165	1.021664865	-1.9380199999999999	0.33571999999999996	-0.21364	3500468.0	1776545392.729401	0.0	1.0	-1.0	-1.0	-1.0	-1.0	-1.0	-1.0	-1.0	-1.0	0.0	opened-hand	Open	1	calibration_20260418_134934	marker
-73686.19499999999	-35921.744999999995	-109687.76999999999	-19752.975	0.0	0.0	0.0	0.0	0.0	0.0	0.0	0.0	0.0	0.0	0.0	0.0	0.0	0.0	47.448275862068975	0.0	0.044128305	-0.031677165	1.021664865	-1.9380199999999999	0.33571999999999996	-0.21364	3500469.0	1776545392.733321	0.0	1.0	-1.0	-1.0	-1.0	-1.0	-1.0	-1.0	-1.0	-1.0	0.0	opened-hand	Open	1	calibration_20260418_134934	marker
-73653.12	-35912.52	-109658.87999999999	-19752.255	0.0	0.0	0.0	0.0	0.0	0.0	0.0	0.0	0.0	0.0	0.0	0.0	0.0	0.0	47.448275862068975	0.0	0.044128305	-0.031677165	1.021664865	-1.9380199999999999	0.33571999999999996	-0.21364	3500470.0	1776545392.733327	0.0	1.0	-1.0	-1.0	-1.0	-1.0	-1.0	-1.0	-1.0	-1.0	0.0	opened-hand	Open	1	calibration_20260418_134934	marker
-73681.065	-35910.765	-109589.48999999999	-19705.635	0.0	0.0	0.0	0.0	0.0	0.0	0.0	0.0	0.0	0.0	0.0	0.0	0.0	0.0	47.448275862068975	0.0	0.044128305	-0.031677165	1.021664865	-1.9380199999999999	0.33571999999999996	-0.21364	3500471.0	1776545392.737414	0.0	1.0	-1.0	-1.0	-1.0	-1.0	-1.0	-1.0	-1.0	-1.0	0.0	opened-hand	Open	1	calibration_20260418_134934	marker
-73665.18	-35912.79	-109607.48999999999	-19673.684999999998	0.0	0.0	0.0	0.0	0.0	0.0	0.0	0.0	0.0	0.0	0.0	0.0	0.0	0.0	47.448275862068975	0.0	0.044128305	-0.031677165	1.021664865	-1.9380199999999999	0.33571999999999996	-0.21364	3500472.0	1776545392.737421	0.0	1.0	-1.0	-1.0	-1.0	-1.0	-1.0	-1.0	-1.0	-1.0	0.0	opened-hand	Open	1	calibration_20260418_134934	marker
-73505.34	-35908.83	-109563.165	-19589.265	0.0	0.0	0.0	0.0	0.0	0.0	0.0	0.0	0.0	0.0	0.0	0.0	0.0	0.0	47.448275862068975	0.0	0.044128305	-0.031677165	1.021664865	-1.9380199999999999	0.33571999999999996	-0.21364	3500473.0	1776545392.741304	0.0	1.0	-1.0	-1.0	-1.0	-1.0	-1.0	-1.0	-1.0	-1.0	0.0	opened-hand	Open	1	calibration_20260418_134934	marker
-73626.61499999999	-35914.455	-109615.95	-19692.719999999998	0.0	0.0	0.0	0.0	0.0	0.0	0.0	0.0	0.0	0.0	0.0	0.0	0.0	0.0	47.448275862068975	0.0	0.044128305	-0.031677165	1.021664865	-1.9380199999999999	0.33571999999999996	-0.21364	3500474.0	1776545392.74131	0.0	1.0	-1.0	-1.0	-1.0	-1.0	-1.0	-1.0	-1.0	-1.0	0.0	opened-hand	Open	1	calibration_20260418_134934	marker
-73626.66	-35910.99	-109545.48	-19684.53	0.0	0.0	0.0	0.0	0.0	0.0	0.0	0.0	0.0	0.0	0.0	0.0	0.0	0.0	47.448275862068975	0.0	0.044494515	-0.043273815	1.01977278	-0.8087799999999999	-0.18312	-0.18312	3500475.0	1776545392.74539	0.0	1.0	-1.0	-1.0	-1.0	-1.0	-1.0	-1.0	-1.0	-1.0	0.0	opened-hand	Open	1	calibration_20260418_134934	marker
-73598.355	-35907.03	-109618.01999999999	-19714.454999999998	0.0	0.0	0.0	0.0	0.0	0.0	0.0	0.0	0.0	0.0	0.0	0.0	0.0	0.0	47.448275862068975	0.0	0.044494515	-0.043273815	1.01977278	-0.8087799999999999	-0.18312	-0.18312	3500476.0	1776545392.745394	0.0	1.0	-1.0	-1.0	-1.0	-1.0	-1.0	-1.0	-1.0	-1.0	0.0	opened-hand	Open	1	calibration_20260418_134934	marker
-73537.65	-35902.71	-109637.28	-19638.809999999998	0.0	0.0	0.0	0.0	0.0	0.0	0.0	0.0	0.0	0.0	0.0	0.0	0.0	0.0	47.448275862068975	0.0	0.044494515	-0.043273815	1.01977278	-0.8087799999999999	-0.18312	-0.18312	3500477.0	1776545392.749438	0.0	1.0	-1.0	-1.0	-1.0	-1.0	-1.0	-1.0	-1.0	-1.0	0.0	opened-hand	Open	1	calibration_20260418_134934	marker
-73619.415	-35897.4	-109631.385	-19663.11	0.0	0.0	0.0	0.0	0.0	0.0	0.0	0.0	0.0	0.0	0.0	0.0	0.0	0.0	47.448275862068975	0.0	0.044494515	-0.043273815	1.01977278	-0.8087799999999999	-0.18312	-0.18312	3500478.0	1776545392.749453	0.0	1.0	-1.0	-1.0	-1.0	-1.0	-1.0	-1.0	-1.0	-1.0	0.0	opened-hand	Open	1	calibration_20260418_134934	marker
-73706.265	-35900.865	-109712.43	-19786.77	0.0	0.0	0.0	0.0	0.0	0.0	0.0	0.0	0.0	0.0	0.0	0.0	0.0	0.0	47.448275862068975	0.0	0.044494515	-0.043273815	1.01977278	-0.8087799999999999	-0.18312	-0.18312	3500479.0	1776545392.753673	0.0	1.0	-1.0	-1.0	-1.0	-1.0	-1.0	-1.0	-1.0	-1.0	0.0	opened-hand	Open	1	calibration_20260418_134934	marker
-73678.545	-35903.43	-109670.355	-19771.739999999998	0.0	0.0	0.0	0.0	0.0	0.0	0.0	0.0	0.0	0.0	0.0	0.0	0.0	0.0	47.448275862068975	0.0	0.044494515	-0.043273815	1.01977278	-0.8087799999999999	-0.18312	-0.18312	3500480.0	1776545392.753677	0.0	1.0	-1.0	-1.0	-1.0	-1.0	-1.0	-1.0	-1.0	-1.0	0.0	opened-hand	Open	1	calibration_20260418_134934	marker
-73597.815	-35903.744999999995	-109653.25499999999	-19725.12	0.0	0.0	0.0	0.0	0.0	0.0	0.0	0.0	0.0	0.0	0.0	0.0	0.0	0.0	47.448275862068975	0.0	0.044494515	-0.043273815	1.01977278	-0.8087799999999999	-0.18312	-0.18312	3500481.0	1776545392.757305	0.0	1.0	-1.0	-1.0	-1.0	-1.0	-1.0	-1.0	-1.0	-1.0	0.0	opened-hand	Open	1	calibration_20260418_134934	marker
-73614.87	-35906.85	-109732.14	-19739.79	0.0	0.0	0.0	0.0	0.0	0.0	0.0	0.0	0.0	0.0	0.0	0.0	0.0	0.0	47.448275862068975	0.0	0.044494515	-0.043273815	1.01977278	-0.8087799999999999	-0.18312	-0.18312	3500482.0	1776545392.757314	0.0	1.0	-1.0	-1.0	-1.0	-1.0	-1.0	-1.0	-1.0	-1.0	0.0	opened-hand	Open	1	calibration_20260418_134934	marker
-73564.47	-35902.215	-109654.425	-19689.165	0.0	0.0	0.0	0.0	0.0	0.0	0.0	0.0	0.0	0.0	0.0	0.0	0.0	0.0	47.448275862068975	0.0	0.044494515	-0.043273815	1.01977278	-0.8087799999999999	-0.18312	-0.18312	3500483.0	1776545392.761579	0.0	1.0	-1.0	-1.0	-1.0	-1.0	-1.0	-1.0	-1.0	-1.0	0.0	opened-hand	Open	1	calibration_20260418_134934	marker
-73656.62999999999	-35899.244999999995	-109566.675	-19599.795	0.0	0.0	0.0	0.0	0.0	0.0	0.0	0.0	0.0	0.0	0.0	0.0	0.0	0.0	47.448275862068975	0.0	0.044494515	-0.043273815	1.01977278	-0.8087799999999999	-0.18312	-0.18312	3500484.0	1776545392.761594	0.0	1.0	-1.0	-1.0	-1.0	-1.0	-1.0	-1.0	-1.0	-1.0	0.0	opened-hand	Open	1	calibration_20260418_134934	marker
-73747.17	-35902.89	-109668.64499999999	-19717.829999999998	0.0	0.0	0.0	0.0	0.0	0.0	0.0	0.0	0.0	0.0	0.0	0.0	0.0	0.0	47.448275862068975	0.0	0.04467762	-0.054748395	1.02197004	3.55558	0.44254	-0.21364	3500485.0	1776545392.765335	0.0	1.0	-1.0	-1.0	-1.0	-1.0	-1.0	-1.0	-1.0	-1.0	0.0	opened-hand	Open	1	calibration_20260418_134934	marker
-73712.52	-35900.865	-109724.985	-19768.454999999998	0.0	0.0	0.0	0.0	0.0	0.0	0.0	0.0	0.0	0.0	0.0	0.0	0.0	0.0	47.448275862068975	0.0	0.04467762	-0.054748395	1.02197004	3.55558	0.44254	-0.21364	3500486.0	1776545392.765339	0.0	1.0	-1.0	-1.0	-1.0	-1.0	-1.0	-1.0	-1.0	-1.0	0.0	opened-hand	Open	1	calibration_20260418_134934	marker
-73597.68	-35895.015	-109611.765	-19692.405	0.0	0.0	0.0	0.0	0.0	0.0	0.0	0.0	0.0	0.0	0.0	0.0	0.0	0.0	47.448275862068975	0.0	0.04467762	-0.054748395	1.02197004	3.55558	0.44254	-0.21364	3500487.0	1776545392.769304	0.0	1.0	-1.0	-1.0	-1.0	-1.0	-1.0	-1.0	-1.0	-1.0	0.0	opened-hand	Open	1	calibration_20260418_134934	marker
-73620.495	-35897.265	-109624.095	-19718.82	0.0	0.0	0.0	0.0	0.0	0.0	0.0	0.0	0.0	0.0	0.0	0.0	0.0	0.0	47.448275862068975	0.0	0.04467762	-0.054748395	1.02197004	3.55558	0.44254	-0.21364	3500488.0	1776545392.769308	0.0	1.0	-1.0	-1.0	-1.0	-1.0	-1.0	-1.0	-1.0	-1.0	0.0	opened-hand	Open	1	calibration_20260418_134934	marker
-73743.3	-35906.939999999995	-109764.72	-19842.165	0.0	0.0	0.0	0.0	0.0	0.0	0.0	0.0	0.0	0.0	0.0	0.0	0.0	0.0	47.448275862068975	0.0	0.04467762	-0.054748395	1.02197004	3.55558	0.44254	-0.21364	3500489.0	1776545392.773352	0.0	1.0	-1.0	-1.0	-1.0	-1.0	-1.0	-1.0	-1.0	-1.0	0.0	opened-hand	Open	1	calibration_20260418_134934	marker
-73625.985	-35897.4	-109622.79	-19709.415	0.0	0.0	0.0	0.0	0.0	0.0	0.0	0.0	0.0	0.0	0.0	0.0	0.0	0.0	47.448275862068975	0.0	0.04467762	-0.054748395	1.02197004	3.55558	0.44254	-0.21364	3500490.0	1776545392.773358	0.0	1.0	-1.0	-1.0	-1.0	-1.0	-1.0	-1.0	-1.0	-1.0	0.0	opened-hand	Open	1	calibration_20260418_134934	marker
-73657.8	-35892.494999999995	-109634.04	-19674.36	0.0	0.0	0.0	0.0	0.0	0.0	0.0	0.0	0.0	0.0	0.0	0.0	0.0	0.0	47.448275862068975	0.0	0.04467762	-0.054748395	1.02197004	3.55558	0.44254	-0.21364	3500491.0	1776545392.779511	0.0	1.0	-1.0	-1.0	-1.0	-1.0	-1.0	-1.0	-1.0	-1.0	0.0	opened-hand	Open	1	calibration_20260418_134934	marker
-73664.86499999999	-35889.165	-109665.405	-19713.105	0.0	0.0	0.0	0.0	0.0	0.0	0.0	0.0	0.0	0.0	0.0	0.0	0.0	0.0	47.448275862068975	0.0	0.04467762	-0.054748395	1.02197004	3.55558	0.44254	-0.21364	3500492.0	1776545392.779517	0.0	1.0	-1.0	-1.0	-1.0	-1.0	-1.0	-1.0	-1.0	-1.0	0.0	opened-hand	Open	1	calibration_20260418_134934	marker
-73493.955	-35872.604999999996	-109445.94	-19522.395	0.0	0.0	0.0	0.0	0.0	0.0	0.0	0.0	0.0	0.0	0.0	0.0	0.0	0.0	47.448275862068975	0.0	0.04467762	-0.054748395	1.02197004	3.55558	0.44254	-0.21364	3500493.0	1776545392.782607	0.0	1.0	-1.0	-1.0	-1.0	-1.0	-1.0	-1.0	-1.0	-1.0	0.0	opened-hand	Open	1	calibration_20260418_134934	marker
-73510.02	-35865.225	-109427.48999999999	-19494.989999999998	0.0	0.0	0.0	0.0	0.0	0.0	0.0	0.0	0.0	0.0	0.0	0.0	0.0	0.0	47.448275862068975	0.0	0.04467762	-0.054748395	1.02197004	3.55558	0.44254	-0.21364	3500494.0	1776545392.782622	0.0	1.0	-1.0	-1.0	-1.0	-1.0	-1.0	-1.0	-1.0	-1.0	0.0	opened-hand	Open	1	calibration_20260418_134934	marker
-73666.17	-35876.924999999996	-109692.315	-19731.015	0.0	0.0	0.0	0.0	0.0	0.0	0.0	0.0	0.0	0.0	0.0	0.0	0.0	0.0	47.448275862068975	0.0	0.04309071	-0.05627427	1.022275215	4.577999999999999	-0.03052	-0.4578	3500495.0	1776545392.785777	0.0	1.0	-1.0	-1.0	-1.0	-1.0	-1.0	-1.0	-1.0	-1.0	0.0	opened-hand	Open	1	calibration_20260418_134934	marker
-73450.53	-35864.325	-109517.715	-19572.165	0.0	0.0	0.0	0.0	0.0	0.0	0.0	0.0	0.0	0.0	0.0	0.0	0.0	0.0	47.448275862068975	0.0	0.04309071	-0.05627427	1.022275215	4.577999999999999	-0.03052	-0.4578	3500496.0	1776545392.785792	0.0	1.0	-1.0	-1.0	-1.0	-1.0	-1.0	-1.0	-1.0	-1.0	0.0	opened-hand	Open	1	calibration_20260418_134934	marker
-73579.5	-35873.189999999995	-109584.72	-19647.719999999998	0.0	0.0	0.0	0.0	0.0	0.0	0.0	0.0	0.0	0.0	0.0	0.0	0.0	0.0	47.448275862068975	0.0	0.04309071	-0.05627427	1.022275215	4.577999999999999	-0.03052	-0.4578	3500497.0	1776545392.789453	0.0	1.0	-1.0	-1.0	-1.0	-1.0	-1.0	-1.0	-1.0	-1.0	0.0	opened-hand	Open	1	calibration_20260418_134934	marker
-73715.04	-35890.335	-109768.31999999999	-19872.765	0.0	0.0	0.0	0.0	0.0	0.0	0.0	0.0	0.0	0.0	0.0	0.0	0.0	0.0	47.448275862068975	0.0	0.04309071	-0.05627427	1.022275215	4.577999999999999	-0.03052	-0.4578	3500498.0	1776545392.789457	0.0	1.0	-1.0	-1.0	-1.0	-1.0	-1.0	-1.0	-1.0	-1.0	0.0	opened-hand	Open	1	calibration_20260418_134934	marker
-73673.775	-35889.93	-109689.84	-19801.305	0.0	0.0	0.0	0.0	0.0	0.0	0.0	0.0	0.0	0.0	0.0	0.0	0.0	0.0	47.448275862068975	0.0	0.04309071	-0.05627427	1.022275215	4.577999999999999	-0.03052	-0.4578	3500499.0	1776545392.79336	0.0	1.0	-1.0	-1.0	-1.0	-1.0	-1.0	-1.0	-1.0	-1.0	0.0	opened-hand	Open	1	calibration_20260418_134934	marker
-73704.69	-35884.439999999995	-109595.25	-19684.35	0.0	0.0	0.0	0.0	0.0	0.0	0.0	0.0	0.0	0.0	0.0	0.0	0.0	0.0	47.448275862068975	0.0	0.04309071	-0.05627427	1.022275215	4.577999999999999	-0.03052	-0.4578	3500500.0	1776545392.793363	0.0	1.0	-1.0	-1.0	-1.0	-1.0	-1.0	-1.0	-1.0	-1.0	0.0	opened-hand	Open	1	calibration_20260418_134934	marker
-73643.48999999999	-35878.409999999996	-109587.105	-19672.875	0.0	0.0	0.0	0.0	0.0	0.0	0.0	0.0	0.0	0.0	0.0	0.0	0.0	0.0	47.448275862068975	0.0	0.04309071	-0.05627427	1.022275215	4.577999999999999	-0.03052	-0.4578	3500501.0	1776545392.798518	0.0	1.0	-1.0	-1.0	-1.0	-1.0	-1.0	-1.0	-1.0	-1.0	0.0	opened-hand	Open	1	calibration_20260418_134934	marker
-73550.97	-35873.055	-109581.97499999999	-19657.44	0.0	0.0	0.0	0.0	0.0	0.0	0.0	0.0	0.0	0.0	0.0	0.0	0.0	0.0	47.448275862068975	0.0	0.04309071	-0.05627427	1.022275215	4.577999999999999	-0.03052	-0.4578	3500502.0	1776545392.798522	0.0	1.0	-1.0	-1.0	-1.0	-1.0	-1.0	-1.0	-1.0	-1.0	0.0	opened-hand	Open	1	calibration_20260418_134934	marker
-73491.345	-35868.78	-109558.44	-19622.52	0.0	0.0	0.0	0.0	0.0	0.0	0.0	0.0	0.0	0.0	0.0	0.0	0.0	0.0	47.448275862068975	0.0	0.04309071	-0.05627427	1.022275215	4.577999999999999	-0.03052	-0.4578	3500503.0	1776545392.801537	0.0	1.0	-1.0	-1.0	-1.0	-1.0	-1.0	-1.0	-1.0	-1.0	0.0	opened-hand	Open	1	calibration_20260418_134934	marker
-73736.37	-35878.409999999996	-109719.405	-19748.969999999998	0.0	0.0	0.0	0.0	0.0	0.0	0.0	0.0	0.0	0.0	0.0	0.0	0.0	0.0	47.448275862068975	0.0	0.04309071	-0.05627427	1.022275215	4.577999999999999	-0.03052	-0.4578	3500504.0	1776545392.801541	0.0	1.0	-1.0	-1.0	-1.0	-1.0	-1.0	-1.0	-1.0	-1.0	0.0	opened-hand	Open	1	calibration_20260418_134934	marker
-73685.06999999999	-35877.375	-109636.65	-19688.355	0.0	0.0	0.0	0.0	0.0	0.0	0.0	0.0	0.0	0.0	0.0	0.0	0.0	0.0	47.448275862068975	0.0	0.049499385	-0.046569705	1.015683435	3.4640199999999997	0.48832	-0.9308599999999999	3500505.0	1776545392.805755	0.0	1.0	-1.0	-1.0	-1.0	-1.0	-1.0	-1.0	-1.0	-1.0	0.0	opened-hand	Open	1	calibration_20260418_134934	marker
-73591.73999999999	-35875.395	-109559.25	-19618.92	0.0	0.0	0.0	0.0	0.0	0.0	0.0	0.0	0.0	0.0	0.0	0.0	0.0	0.0	47.448275862068975	0.0	0.049499385	-0.046569705	1.015683435	3.4640199999999997	0.48832	-0.9308599999999999	3500506.0	1776545392.805758	0.0	1.0	-1.0	-1.0	-1.0	-1.0	-1.0	-1.0	-1.0	-1.0	0.0	opened-hand	Open	1	calibration_20260418_134934	marker
-73652.58	-35886.24	-109752.12	-19785.465	0.0	0.0	0.0	0.0	0.0	0.0	0.0	0.0	0.0	0.0	0.0	0.0	0.0	0.0	47.448275862068975	0.0	0.049499385	-0.046569705	1.015683435	3.4640199999999997	0.48832	-0.9308599999999999	3500507.0	1776545392.809488	0.0	1.0	-1.0	-1.0	-1.0	-1.0	-1.0	-1.0	-1.0	-1.0	0.0	opened-hand	Open	1	calibration_20260418_134934	marker
-73733.48999999999	-35889.705	-109757.83499999999	-19837.215	0.0	0.0	0.0	0.0	0.0	0.0	0.0	0.0	0.0	0.0	0.0	0.0	0.0	0.0	47.448275862068975	0.0	0.049499385	-0.046569705	1.015683435	3.4640199999999997	0.48832	-0.9308599999999999	3500508.0	1776545392.809491	0.0	1.0	-1.0	-1.0	-1.0	-1.0	-1.0	-1.0	-1.0	-1.0	0.0	opened-hand	Open	1	calibration_20260418_134934	marker
-73695.915	-35881.155	-109639.34999999999	-19756.44	0.0	0.0	0.0	0.0	0.0	0.0	0.0	0.0	0.0	0.0	0.0	0.0	0.0	0.0	47.448275862068975	0.0	0.049499385	-0.046569705	1.015683435	3.4640199999999997	0.48832	-0.9308599999999999	3500509.0	1776545392.813579	0.0	1.0	-1.0	-1.0	-1.0	-1.0	-1.0	-1.0	-1.0	-1.0	0.0	opened-hand	Open	1	calibration_20260418_134934	marker
-73720.845	-35880.03	-109726.065	-19750.545	0.0	0.0	0.0	0.0	0.0	0.0	0.0	0.0	0.0	0.0	0.0	0.0	0.0	0.0	47.448275862068975	0.0	0.049499385	-0.046569705	1.015683435	3.4640199999999997	0.48832	-0.9308599999999999	3500510.0	1776545392.813583	0.0	1.0	-1.0	-1.0	-1.0	-1.0	-1.0	-1.0	-1.0	-1.0	0.0	opened-hand	Open	1	calibration_20260418_134934	marker
-73667.295	-35870.85	-109674.135	-19698.84	0.0	0.0	0.0	0.0	0.0	0.0	0.0	0.0	0.0	0.0	0.0	0.0	0.0	0.0	47.448275862068975	0.0	0.049499385	-0.046569705	1.015683435	3.4640199999999997	0.48832	-0.9308599999999999	3500511.0	1776545392.819833	0.0	1.0	-1.0	-1.0	-1.0	-1.0	-1.0	-1.0	-1.0	-1.0	0.0	opened-hand	Open	1	calibration_20260418_134934	marker
-73663.29	-35866.665	-109663.47	-19732.364999999998	0.0	0.0	0.0	0.0	0.0	0.0	0.0	0.0	0.0	0.0	0.0	0.0	0.0	0.0	47.448275862068975	0.0	0.049499385	-0.046569705	1.015683435	3.4640199999999997	0.48832	-0.9308599999999999	3500512.0	1776545392.819838	0.0	1.0	-1.0	-1.0	-1.0	-1.0	-1.0	-1.0	-1.0	-1.0	0.0	opened-hand	Open	1	calibration_20260418_134934	marker
-73697.4	-35870.625	-109734.93	-19790.37	0.0	0.0	0.0	0.0	0.0	0.0	0.0	0.0	0.0	0.0	0.0	0.0	0.0	0.0	47.448275862068975	0.0	0.049499385	-0.046569705	1.015683435	3.4640199999999997	0.48832	-0.9308599999999999	3500513.0	1776545392.848764	0.0	1.0	-1.0	-1.0	-1.0	-1.0	-1.0	-1.0	-1.0	-1.0	0.0	opened-hand	Open	1	calibration_20260418_134934	marker
-73696.545	-35871.57	-109710.495	-19756.305	0.0	0.0	0.0	0.0	0.0	0.0	0.0	0.0	0.0	0.0	0.0	0.0	0.0	0.0	47.448275862068975	0.0	0.049499385	-0.046569705	1.015683435	3.4640199999999997	0.48832	-0.9308599999999999	3500514.0	1776545392.848768	0.0	1.0	-1.0	-1.0	-1.0	-1.0	-1.0	-1.0	-1.0	-1.0	0.0	opened-hand	Open	1	calibration_20260418_134934	marker
-73699.155	-35873.82	-109713.33	-19757.79	0.0	0.0	0.0	0.0	0.0	0.0	0.0	0.0	0.0	0.0	0.0	0.0	0.0	0.0	47.448275862068975	0.0	0.05163561	-0.04187001	1.01354721	0.12208	1.05294	-1.1444999999999999	3500515.0	1776545392.855273	0.0	1.0	-1.0	-1.0	-1.0	-1.0	-1.0	-1.0	-1.0	-1.0	0.0	opened-hand	Open	1	calibration_20260418_134934	marker
-73612.70999999999	-35869.545	-109663.245	-19721.295	0.0	0.0	0.0	0.0	0.0	0.0	0.0	0.0	0.0	0.0	0.0	0.0	0.0	0.0	47.448275862068975	0.0	0.05163561	-0.04187001	1.01354721	0.12208	1.05294	-1.1444999999999999	3500516.0	1776545392.855277	0.0	1.0	-1.0	-1.0	-1.0	-1.0	-1.0	-1.0	-1.0	-1.0	0.0	opened-hand	Open	1	calibration_20260418_134934	marker
-73653.705	-35870.715	-109666.34999999999	-19729.305	0.0	0.0	0.0	0.0	0.0	0.0	0.0	0.0	0.0	0.0	0.0	0.0	0.0	0.0	47.448275862068975	0.0	0.05163561	-0.04187001	1.01354721	0.12208	1.05294	-1.1444999999999999	3500517.0	1776545392.855281	0.0	1.0	-1.0	-1.0	-1.0	-1.0	-1.0	-1.0	-1.0	-1.0	0.0	opened-hand	Open	1	calibration_20260418_134934	marker
-73646.73	-35871.75	-109637.055	-19712.655	0.0	0.0	0.0	0.0	0.0	0.0	0.0	0.0	0.0	0.0	0.0	0.0	0.0	0.0	47.448275862068975	0.0	0.05163561	-0.04187001	1.01354721	0.12208	1.05294	-1.1444999999999999	3500518.0	1776545392.855284	0.0	1.0	-1.0	-1.0	-1.0	-1.0	-1.0	-1.0	-1.0	-1.0	0.0	opened-hand	Open	1	calibration_20260418_134934	marker
-73605.33	-35868.689999999995	-109632.64499999999	-19713.87	0.0	0.0	0.0	0.0	0.0	0.0	0.0	0.0	0.0	0.0	0.0	0.0	0.0	0.0	47.448275862068975	0.0	0.05163561	-0.04187001	1.01354721	0.12208	1.05294	-1.1444999999999999	3500519.0	1776545392.855288	0.0	1.0	-1.0	-1.0	-1.0	-1.0	-1.0	-1.0	-1.0	-1.0	0.0	opened-hand	Open	1	calibration_20260418_134934	marker
-73610.775	-35862.659999999996	-109613.87999999999	-19685.79	0.0	0.0	0.0	0.0	0.0	0.0	0.0	0.0	0.0	0.0	0.0	0.0	0.0	0.0	47.448275862068975	0.0	0.05163561	-0.04187001	1.01354721	0.12208	1.05294	-1.1444999999999999	3500520.0	1776545392.85529	0.0	1.0	-1.0	-1.0	-1.0	-1.0	-1.0	-1.0	-1.0	-1.0	0.0	opened-hand	Open	1	calibration_20260418_134934	marker
-73504.62	-35853.659999999996	-109474.29	-19525.364999999998	0.0	0.0	0.0	0.0	0.0	0.0	0.0	0.0	0.0	0.0	0.0	0.0	0.0	0.0	47.448275862068975	0.0	0.05163561	-0.04187001	1.01354721	0.12208	1.05294	-1.1444999999999999	3500521.0	1776545392.855294	0.0	1.0	-1.0	-1.0	-1.0	-1.0	-1.0	-1.0	-1.0	-1.0	0.0	opened-hand	Open	1	calibration_20260418_134934	marker
-73411.65	-35848.845	-109412.235	-19475.774999999998	0.0	0.0	0.0	0.0	0.0	0.0	0.0	0.0	0.0	0.0	0.0	0.0	0.0	0.0	47.448275862068975	0.0	0.05163561	-0.04187001	1.01354721	0.12208	1.05294	-1.1444999999999999	3500522.0	1776545392.855297	0.0	1.0	-1.0	-1.0	-1.0	-1.0	-1.0	-1.0	-1.0	-1.0	0.0	opened-hand	Open	1	calibration_20260418_134934	marker
-73627.73999999999	-35864.505	-109628.73	-19664.684999999998	0.0	0.0	0.0	0.0	0.0	0.0	0.0	0.0	0.0	0.0	0.0	0.0	0.0	0.0	47.448275862068975	0.0	0.05163561	-0.04187001	1.01354721	0.12208	1.05294	-1.1444999999999999	3500523.0	1776545392.8553	0.0	1.0	-1.0	-1.0	-1.0	-1.0	-1.0	-1.0	-1.0	-1.0	0.0	opened-hand	Open	1	calibration_20260418_134934	marker
-73553.175	-35859.78	-109547.50499999999	-19590.614999999998	0.0	0.0	0.0	0.0	0.0	0.0	0.0	0.0	0.0	0.0	0.0	0.0	0.0	0.0	47.448275862068975	0.0	0.05163561	-0.04187001	1.01354721	0.12208	1.05294	-1.1444999999999999	3500524.0	1776545392.855303	0.0	1.0	-1.0	-1.0	-1.0	-1.0	-1.0	-1.0	-1.0	-1.0	0.0	opened-hand	Open	1	calibration_20260418_134934	marker
-73707.25499999999	-35868.825	-109717.73999999999	-19764.36	0.0	0.0	0.0	0.0	0.0	0.0	0.0	0.0	0.0	0.0	0.0	0.0	0.0	0.0	47.448275862068975	0.0	0.041931045	-0.042541395	1.01635482	0.7019599999999999	1.0834599999999999	-0.6867	3500525.0	1776545392.855306	0.0	1.0	-1.0	-1.0	-1.0	-1.0	-1.0	-1.0	-1.0	-1.0	0.0	opened-hand	Open	1	calibration_20260418_134934	marker
-73787.94	-35871.795	-109823.22	-19873.755	0.0	0.0	0.0	0.0	0.0	0.0	0.0	0.0	0.0	0.0	0.0	0.0	0.0	0.0	47.448275862068975	0.0	0.041931045	-0.042541395	1.01635482	0.7019599999999999	1.0834599999999999	-0.6867	3500526.0	1776545392.855309	0.0	1.0	-1.0	-1.0	-1.0	-1.0	-1.0	-1.0	-1.0	-1.0	0.0	opened-hand	Open	1	calibration_20260418_134934	marker
-73749.19499999999	-35861.354999999996	-109718.055	-19797.704999999998	0.0	0.0	0.0	0.0	0.0	0.0	0.0	0.0	0.0	0.0	0.0	0.0	0.0	0.0	47.448275862068975	0.0	0.041931045	-0.042541395	1.01635482	0.7019599999999999	1.0834599999999999	-0.6867	3500527.0	1776545392.855312	0.0	1.0	-1.0	-1.0	-1.0	-1.0	-1.0	-1.0	-1.0	-1.0	0.0	opened-hand	Open	1	calibration_20260418_134934	marker
-73640.83499999999	-35853.615	-109638.98999999999	-19746.945	0.0	0.0	0.0	0.0	0.0	0.0	0.0	0.0	0.0	0.0	0.0	0.0	0.0	0.0	47.448275862068975	0.0	0.041931045	-0.042541395	1.01635482	0.7019599999999999	1.0834599999999999	-0.6867	3500528.0	1776545392.855315	0.0	1.0	-1.0	-1.0	-1.0	-1.0	-1.0	-1.0	-1.0	-1.0	0.0	opened-hand	Open	1	calibration_20260418_134934	marker
-73603.8	-35852.31	-109620.81	-19690.559999999998	0.0	0.0	0.0	0.0	0.0	0.0	0.0	0.0	0.0	0.0	0.0	0.0	0.0	0.0	47.448275862068975	0.0	0.041931045	-0.042541395	1.01635482	0.7019599999999999	1.0834599999999999	-0.6867	3500529.0	1776545392.855319	0.0	1.0	-1.0	-1.0	-1.0	-1.0	-1.0	-1.0	-1.0	-1.0	0.0	opened-hand	Open	1	calibration_20260418_134934	marker
-73674.315	-35855.46	-109657.935	-19696.95	0.0	0.0	0.0	0.0	0.0	0.0	0.0	0.0	0.0	0.0	0.0	0.0	0.0	0.0	47.448275862068975	0.0	0.041931045	-0.042541395	1.01635482	0.7019599999999999	1.0834599999999999	-0.6867	3500530.0	1776545392.855321	0.0	1.0	-1.0	-1.0	-1.0	-1.0	-1.0	-1.0	-1.0	-1.0	0.0	opened-hand	Open	1	calibration_20260418_134934	marker
-73671.705	-35857.979999999996	-109635.03	-19732.77	0.0	0.0	0.0	0.0	0.0	0.0	0.0	0.0	0.0	0.0	0.0	0.0	0.0	0.0	47.448275862068975	0.0	0.041931045	-0.042541395	1.01635482	0.7019599999999999	1.0834599999999999	-0.6867	3500531.0	1776545392.857522	0.0	1.0	-1.0	-1.0	-1.0	-1.0	-1.0	-1.0	-1.0	-1.0	0.0	opened-hand	Open	1	calibration_20260418_134934	marker
-73572.075	-35855.01	-109552.59	-19702.125	0.0	0.0	0.0	0.0	0.0	0.0	0.0	0.0	0.0	0.0	0.0	0.0	0.0	0.0	47.448275862068975	0.0	0.041931045	-0.042541395	1.01635482	0.7019599999999999	1.0834599999999999	-0.6867	3500532.0	1776545392.857526	0.0	1.0	-1.0	-1.0	-1.0	-1.0	-1.0	-1.0	-1.0	-1.0	0.0	opened-hand	Open	1	calibration_20260418_134934	marker
-73565.595	-35855.729999999996	-109625.12999999999	-19660.635	0.0	0.0	0.0	0.0	0.0	0.0	0.0	0.0	0.0	0.0	0.0	0.0	0.0	0.0	47.448275862068975	0.0	0.041931045	-0.042541395	1.01635482	0.7019599999999999	1.0834599999999999	-0.6867	3500533.0	1776545392.867915	0.0	1.0	-1.0	-1.0	-1.0	-1.0	-1.0	-1.0	-1.0	-1.0	0.0	opened-hand	Open	1	calibration_20260418_134934	marker
-73587.015	-35854.064999999995	-109648.26	-19648.079999999998	0.0	0.0	0.0	0.0	0.0	0.0	0.0	0.0	0.0	0.0	0.0	0.0	0.0	0.0	47.448275862068975	0.0	0.041931045	-0.042541395	1.01635482	0.7019599999999999	1.0834599999999999	-0.6867	3500534.0	1776545392.867919	0.0	1.0	-1.0	-1.0	-1.0	-1.0	-1.0	-1.0	-1.0	-1.0	0.0	opened-hand	Open	1	calibration_20260418_134934	marker
-73645.29	-35849.835	-109620.54	-19669.905	0.0	0.0	0.0	0.0	0.0	0.0	0.0	0.0	0.0	0.0	0.0	0.0	0.0	0.0	47.448275862068975	0.0	0.03930654	-0.04626453	1.02087141	2.6857599999999997	0.5341	-0.6714399999999999	3500535.0	1776545392.867924	0.0	1.0	-1.0	-1.0	-1.0	-1.0	-1.0	-1.0	-1.0	-1.0	0.0	opened-hand	Open	1	calibration_20260418_134934	marker
-73528.965	-35837.955	-109503.98999999999	-19593.405	0.0	0.0	0.0	0.0	0.0	0.0	0.0	0.0	0.0	0.0	0.0	0.0	0.0	0.0	47.448275862068975	0.0	0.03930654	-0.04626453	1.02087141	2.6857599999999997	0.5341	-0.6714399999999999	3500536.0	1776545392.867927	0.0	1.0	-1.0	-1.0	-1.0	-1.0	-1.0	-1.0	-1.0	-1.0	0.0	opened-hand	Open	1	calibration_20260418_134934	marker
-73566.9	-35843.49	-109576.8	-19693.395	0.0	0.0	0.0	0.0	0.0	0.0	0.0	0.0	0.0	0.0	0.0	0.0	0.0	0.0	47.448275862068975	0.0	0.03930654	-0.04626453	1.02087141	2.6857599999999997	0.5341	-0.6714399999999999	3500537.0	1776545392.869658	0.0	1.0	-1.0	-1.0	-1.0	-1.0	-1.0	-1.0	-1.0	-1.0	0.0	opened-hand	Open	1	calibration_20260418_134934	marker
-73633.23	-35852.4	-109678.635	-19745.505	0.0	0.0	0.0	0.0	0.0	0.0	0.0	0.0	0.0	0.0	0.0	0.0	0.0	0.0	47.448275862068975	0.0	0.03930654	-0.04626453	1.02087141	2.6857599999999997	0.5341	-0.6714399999999999	3500538.0	1776545392.869662	0.0	1.0	-1.0	-1.0	-1.0	-1.0	-1.0	-1.0	-1.0	-1.0	0.0	opened-hand	Open	1	calibration_20260418_134934	marker
-73704.735	-35856.36	-109704.69	-19714.725	0.0	0.0	0.0	0.0	0.0	0.0	0.0	0.0	0.0	0.0	0.0	0.0	0.0	0.0	47.448275862068975	0.0	0.03930654	-0.04626453	1.02087141	2.6857599999999997	0.5341	-0.6714399999999999	3500539.0	1776545392.873768	0.0	1.0	-1.0	-1.0	-1.0	-1.0	-1.0	-1.0	-1.0	-1.0	0.0	opened-hand	Open	1	calibration_20260418_134934	marker
-73724.94	-35860.68	-109719.045	-19775.79	0.0	0.0	0.0	0.0	0.0	0.0	0.0	0.0	0.0	0.0	0.0	0.0	0.0	0.0	47.448275862068975	0.0	0.03930654	-0.04626453	1.02087141	2.6857599999999997	0.5341	-0.6714399999999999	3500540.0	1776545392.873771	0.0	1.0	-1.0	-1.0	-1.0	-1.0	-1.0	-1.0	-1.0	-1.0	0.0	opened-hand	Open	1	calibration_20260418_134934	marker
-73641.19499999999	-35855.64	-109540.125	-19711.079999999998	0.0	0.0	0.0	0.0	0.0	0.0	0.0	0.0	0.0	0.0	0.0	0.0	0.0	0.0	47.448275862068975	0.0	0.03930654	-0.04626453	1.02087141	2.6857599999999997	0.5341	-0.6714399999999999	3500541.0	1776545392.889293	0.0	1.0	-1.0	-1.0	-1.0	-1.0	-1.0	-1.0	-1.0	-1.0	0.0	opened-hand	Open	1	calibration_20260418_134934	marker
-73623.19499999999	-35851.14	-109488.915	-19621.755	0.0	0.0	0.0	0.0	0.0	0.0	0.0	0.0	0.0	0.0	0.0	0.0	0.0	0.0	47.448275862068975	0.0	0.03930654	-0.04626453	1.02087141	2.6857599999999997	0.5341	-0.6714399999999999	3500542.0	1776545392.889297	0.0	1.0	-1.0	-1.0	-1.0	-1.0	-1.0	-1.0	-1.0	-1.0	0.0	opened-hand	Open	1	calibration_20260418_134934	marker
-73653.25499999999	-35856.09	-109749.51	-19714.23	0.0	0.0	0.0	0.0	0.0	0.0	0.0	0.0	0.0	0.0	0.0	0.0	0.0	0.0	47.448275862068975	0.0	0.03930654	-0.04626453	1.02087141	2.6857599999999997	0.5341	-0.6714399999999999	3500543.0	1776545392.892317	0.0	1.0	-1.0	-1.0	-1.0	-1.0	-1.0	-1.0	-1.0	-1.0	0.0	opened-hand	Open	1	calibration_20260418_134934	marker
-73553.12999999999	-35841.645	-109611.18	-19618.739999999998	0.0	0.0	0.0	0.0	0.0	0.0	0.0	0.0	0.0	0.0	0.0	0.0	0.0	0.0	47.448275862068975	0.0	0.03930654	-0.04626453	1.02087141	2.6857599999999997	0.5341	-0.6714399999999999	3500544.0	1776545392.892322	0.0	1.0	-1.0	-1.0	-1.0	-1.0	-1.0	-1.0	-1.0	-1.0	0.0	opened-hand	Open	1	calibration_20260418_134934	marker
-73638.675	-35841.689999999995	-109653.39	-19694.745	0.0	0.0	0.0	0.0	0.0	0.0	0.0	0.0	0.0	0.0	0.0	0.0	0.0	0.0	47.448275862068975	0.0	0.045471075	-0.04541004	1.021054515	3.815	0.41202	0.01526	3500545.0	1776545392.892327	0.0	1.0	-1.0	-1.0	-1.0	-1.0	-1.0	-1.0	-1.0	-1.0	0.0	opened-hand	Open	1	calibration_20260418_134934	marker
-73751.94	-35852.04	-109758.69	-19808.055	0.0	0.0	0.0	0.0	0.0	0.0	0.0	0.0	0.0	0.0	0.0	0.0	0.0	0.0	47.448275862068975	0.0	0.045471075	-0.04541004	1.021054515	3.815	0.41202	0.01526	3500546.0	1776545392.89233	0.0	1.0	-1.0	-1.0	-1.0	-1.0	-1.0	-1.0	-1.0	-1.0	0.0	opened-hand	Open	1	calibration_20260418_134934	marker
-73672.11	-35853.165	-109700.955	-19747.079999999998	0.0	0.0	0.0	0.0	0.0	0.0	0.0	0.0	0.0	0.0	0.0	0.0	0.0	0.0	47.448275862068975	0.0	0.045471075	-0.04541004	1.021054515	3.815	0.41202	0.01526	3500547.0	1776545392.897787	0.0	1.0	-1.0	-1.0	-1.0	-1.0	-1.0	-1.0	-1.0	-1.0	0.0	opened-hand	Open	1	calibration_20260418_134934	marker
-73632.33	-35858.205	-109697.265	-19746.18	0.0	0.0	0.0	0.0	0.0	0.0	0.0	0.0	0.0	0.0	0.0	0.0	0.0	0.0	47.448275862068975	0.0	0.045471075	-0.04541004	1.021054515	3.815	0.41202	0.01526	3500548.0	1776545392.897791	0.0	1.0	-1.0	-1.0	-1.0	-1.0	-1.0	-1.0	-1.0	-1.0	0.0	opened-hand	Open	1	calibration_20260418_134934	marker
-73571.58	-35857.439999999995	-109613.655	-19672.2	0.0	0.0	0.0	0.0	0.0	0.0	0.0	0.0	0.0	0.0	0.0	0.0	0.0	0.0	47.448275862068975	0.0	0.045471075	-0.04541004	1.021054515	3.815	0.41202	0.01526	3500549.0	1776545392.900695	0.0	1.0	-1.0	-1.0	-1.0	-1.0	-1.0	-1.0	-1.0	-1.0	0.0	opened-hand	Open	1	calibration_20260418_134934	marker
-73572.795	-35854.335	-109557.855	-19622.204999999998	0.0	0.0	0.0	0.0	0.0	0.0	0.0	0.0	0.0	0.0	0.0	0.0	0.0	0.0	47.448275862068975	0.0	0.045471075	-0.04541004	1.021054515	3.815	0.41202	0.01526	3500550.0	1776545392.900698	0.0	1.0	-1.0	-1.0	-1.0	-1.0	-1.0	-1.0	-1.0	-1.0	0.0	opened-hand	Open	1	calibration_20260418_134934	marker
-73636.92	-35854.695	-109580.48999999999	-19649.565	0.0	0.0	0.0	0.0	0.0	0.0	0.0	0.0	0.0	0.0	0.0	0.0	0.0	0.0	47.448275862068975	0.0	0.045471075	-0.04541004	1.021054515	3.815	0.41202	0.01526	3500551.0	1776545392.900701	0.0	1.0	-1.0	-1.0	-1.0	-1.0	-1.0	-1.0	-1.0	-1.0	0.0	opened-hand	Open	1	calibration_20260418_134934	marker
-73780.37999999999	-35860.049999999996	-109777.905	-19835.145	0.0	0.0	0.0	0.0	0.0	0.0	0.0	0.0	0.0	0.0	0.0	0.0	0.0	0.0	47.448275862068975	0.0	0.045471075	-0.04541004	1.021054515	3.815	0.41202	0.01526	3500552.0	1776545392.900708	0.0	1.0	-1.0	-1.0	-1.0	-1.0	-1.0	-1.0	-1.0	-1.0	0.0	opened-hand	Open	1	calibration_20260418_134934	marker
-73710.54	-35852.04	-109739.06999999999	-19799.235	0.0	0.0	0.0	0.0	0.0	0.0	0.0	0.0	0.0	0.0	0.0	0.0	0.0	0.0	47.448275862068975	0.0	0.045471075	-0.04541004	1.021054515	3.815	0.41202	0.01526	3500553.0	1776545392.901756	0.0	1.0	-1.0	-1.0	-1.0	-1.0	-1.0	-1.0	-1.0	-1.0	0.0	opened-hand	Open	1	calibration_20260418_134934	marker
-73672.73999999999	-35847.585	-109638.94499999999	-19705.005	0.0	0.0	0.0	0.0	0.0	0.0	0.0	0.0	0.0	0.0	0.0	0.0	0.0	0.0	47.448275862068975	0.0	0.045471075	-0.04541004	1.021054515	3.815	0.41202	0.01526	3500554.0	1776545392.901759	0.0	1.0	-1.0	-1.0	-1.0	-1.0	-1.0	-1.0	-1.0	-1.0	0.0	opened-hand	Open	1	calibration_20260418_134934	marker
-73654.69499999999	-35848.665	-109605.375	-19677.239999999998	0.0	0.0	0.0	0.0	0.0	0.0	0.0	0.0	0.0	0.0	0.0	0.0	0.0	0.0	47.448275862068975	0.0	0.052429065000000004	-0.041564835	1.01977278	1.63282	0.54936	-0.97664	3500555.0	1776545392.906973	0.0	1.0	-1.0	-1.0	-1.0	-1.0	-1.0	-1.0	-1.0	-1.0	0.0	opened-hand	Open	1	calibration_20260418_134934	marker
-73595.385	-35850.825	-109626.3	-19689.66	0.0	0.0	0.0	0.0	0.0	0.0	0.0	0.0	0.0	0.0	0.0	0.0	0.0	0.0	47.448275862068975	0.0	0.052429065000000004	-0.041564835	1.01977278	1.63282	0.54936	-0.97664	3500556.0	1776545392.906977	0.0	1.0	-1.0	-1.0	-1.0	-1.0	-1.0	-1.0	-1.0	-1.0	0.0	opened-hand	Open	1	calibration_20260418_134934	marker
-73696.635	-35859.195	-109711.17	-19761.524999999998	0.0	0.0	0.0	0.0	0.0	0.0	0.0	0.0	0.0	0.0	0.0	0.0	0.0	0.0	47.448275862068975	0.0	0.052429065000000004	-0.041564835	1.01977278	1.63282	0.54936	-0.97664	3500557.0	1776545392.909674	0.0	1.0	-1.0	-1.0	-1.0	-1.0	-1.0	-1.0	-1.0	-1.0	0.0	opened-hand	Open	1	calibration_20260418_134934	marker
-73725.61499999999	-35861.354999999996	-109784.025	-19843.2	0.0	0.0	0.0	0.0	0.0	0.0	0.0	0.0	0.0	0.0	0.0	0.0	0.0	0.0	47.448275862068975	0.0	0.052429065000000004	-0.041564835	1.01977278	1.63282	0.54936	-0.97664	3500558.0	1776545392.909678	0.0	1.0	-1.0	-1.0	-1.0	-1.0	-1.0	-1.0	-1.0	-1.0	0.0	opened-hand	Open	1	calibration_20260418_134934	marker
-73643.355	-35852.354999999996	-109708.83	-19784.745	0.0	0.0	0.0	0.0	0.0	0.0	0.0	0.0	0.0	0.0	0.0	0.0	0.0	0.0	47.448275862068975	0.0	0.052429065000000004	-0.041564835	1.01977278	1.63282	0.54936	-0.97664	3500559.0	1776545392.913547	0.0	1.0	-1.0	-1.0	-1.0	-1.0	-1.0	-1.0	-1.0	-1.0	0.0	opened-hand	Open	1	calibration_20260418_134934	marker
-73562.31	-35840.52	-109552.995	-19690.92	0.0	0.0	0.0	0.0	0.0	0.0	0.0	0.0	0.0	0.0	0.0	0.0	0.0	0.0	47.448275862068975	0.0	0.052429065000000004	-0.041564835	1.01977278	1.63282	0.54936	-0.97664	3500560.0	1776545392.913551	0.0	1.0	-1.0	-1.0	-1.0	-1.0	-1.0	-1.0	-1.0	-1.0	0.0	opened-hand	Open	1	calibration_20260418_134934	marker
-73532.745	-35832.195	-109453.00499999999	-19592.954999999998	0.0	0.0	0.0	0.0	0.0	0.0	0.0	0.0	0.0	0.0	0.0	0.0	0.0	0.0	47.448275862068975	0.0	0.052429065000000004	-0.041564835	1.01977278	1.63282	0.54936	-0.97664	3500561.0	1776545392.917679	0.0	1.0	-1.0	-1.0	-1.0	-1.0	-1.0	-1.0	-1.0	-1.0	0.0	opened-hand	Open	1	calibration_20260418_134934	marker
-73525.905	-35829.27	-109500.39	-19514.745	0.0	0.0	0.0	0.0	0.0	0.0	0.0	0.0	0.0	0.0	0.0	0.0	0.0	0.0	47.448275862068975	0.0	0.052429065000000004	-0.041564835	1.01977278	1.63282	0.54936	-0.97664	3500562.0	1776545392.917683	0.0	1.0	-1.0	-1.0	-1.0	-1.0	-1.0	-1.0	-1.0	-1.0	0.0	opened-hand	Open	1	calibration_20260418_134934	marker
-73652.22	-35837.82	-109637.01	-19678.59	0.0	0.0	0.0	0.0	0.0	0.0	0.0	0.0	0.0	0.0	0.0	0.0	0.0	0.0	47.448275862068975	0.0	0.052429065000000004	-0.041564835	1.01977278	1.63282	0.54936	-0.97664	3500563.0	1776545392.921745	0.0	1.0	-1.0	-1.0	-1.0	-1.0	-1.0	-1.0	-1.0	-1.0	0.0	opened-hand	Open	1	calibration_20260418_134934	marker
-73681.875	-35841.555	-109649.205	-19713.51	0.0	0.0	0.0	0.0	0.0	0.0	0.0	0.0	0.0	0.0	0.0	0.0	0.0	0.0	47.448275862068975	0.0	0.052429065000000004	-0.041564835	1.01977278	1.63282	0.54936	-0.97664	3500564.0	1776545392.921749	0.0	1.0	-1.0	-1.0	-1.0	-1.0	-1.0	-1.0	-1.0	-1.0	0.0	opened-hand	Open	1	calibration_20260418_134934	marker
-73662.12	-35847.09	-109699.29	-19743.614999999998	0.0	0.0	0.0	0.0	0.0	0.0	0.0	0.0	0.0	0.0	0.0	0.0	0.0	0.0	47.448275862068975	0.0	0.04980456	-0.040588275	1.02013899	1.03768	0.19838	0.16785999999999998	3500565.0	1776545392.925822	0.0	1.0	-1.0	-1.0	-1.0	-1.0	-1.0	-1.0	-1.0	-1.0	0.0	opened-hand	Open	1	calibration_20260418_134934	marker
-73610.775	-35843.939999999995	-109648.44	-19724.219999999998	0.0	0.0	0.0	0.0	0.0	0.0	0.0	0.0	0.0	0.0	0.0	0.0	0.0	0.0	47.448275862068975	0.0	0.04980456	-0.040588275	1.02013899	1.03768	0.19838	0.16785999999999998	3500566.0	1776545392.925825	0.0	1.0	-1.0	-1.0	-1.0	-1.0	-1.0	-1.0	-1.0	-1.0	0.0	opened-hand	Open	1	calibration_20260418_134934	marker
-73631.295	-35845.02	-109630.215	-19718.82	0.0	0.0	0.0	0.0	0.0	0.0	0.0	0.0	0.0	0.0	0.0	0.0	0.0	0.0	47.448275862068975	0.0	0.04980456	-0.040588275	1.02013899	1.03768	0.19838	0.16785999999999998	3500567.0	1776545392.929714	0.0	1.0	-1.0	-1.0	-1.0	-1.0	-1.0	-1.0	-1.0	-1.0	0.0	opened-hand	Open	1	calibration_20260418_134934	marker
-73578.555	-35847.135	-109626.84	-19671.434999999998	0.0	0.0	0.0	0.0	0.0	0.0	0.0	0.0	0.0	0.0	0.0	0.0	0.0	0.0	47.448275862068975	0.0	0.04980456	-0.040588275	1.02013899	1.03768	0.19838	0.16785999999999998	3500568.0	1776545392.929718	0.0	1.0	-1.0	-1.0	-1.0	-1.0	-1.0	-1.0	-1.0	-1.0	0.0	opened-hand	Open	1	calibration_20260418_134934	marker
-73688.04	-35850.33	-109688.625	-19694.204999999998	0.0	0.0	0.0	0.0	0.0	0.0	0.0	0.0	0.0	0.0	0.0	0.0	0.0	0.0	47.448275862068975	0.0	0.04980456	-0.040588275	1.02013899	1.03768	0.19838	0.16785999999999998	3500569.0	1776545392.933778	0.0	1.0	-1.0	-1.0	-1.0	-1.0	-1.0	-1.0	-1.0	-1.0	0.0	opened-hand	Open	1	calibration_20260418_134934	marker
-73746.36	-35851.545	-109741.095	-19793.7	0.0	0.0	0.0	0.0	0.0	0.0	0.0	0.0	0.0	0.0	0.0	0.0	0.0	0.0	47.448275862068975	0.0	0.04980456	-0.040588275	1.02013899	1.03768	0.19838	0.16785999999999998	3500570.0	1776545392.933782	0.0	1.0	-1.0	-1.0	-1.0	-1.0	-1.0	-1.0	-1.0	-1.0	0.0	opened-hand	Open	1	calibration_20260418_134934	marker
-73526.08499999999	-35842.049999999996	-109567.89	-19653.03	0.0	0.0	0.0	0.0	0.0	0.0	0.0	0.0	0.0	0.0	0.0	0.0	0.0	0.0	47.448275862068975	0.0	0.04980456	-0.040588275	1.02013899	1.03768	0.19838	0.16785999999999998	3500571.0	1776545392.937505	0.0	1.0	-1.0	-1.0	-1.0	-1.0	-1.0	-1.0	-1.0	-1.0	0.0	opened-hand	Open	1	calibration_20260418_134934	marker
-73547.37	-35840.115	-109498.995	-19560.195	0.0	0.0	0.0	0.0	0.0	0.0	0.0	0.0	0.0	0.0	0.0	0.0	0.0	0.0	47.448275862068975	0.0	0.04980456	-0.040588275	1.02013899	1.03768	0.19838	0.16785999999999998	3500572.0	1776545392.937508	0.0	1.0	-1.0	-1.0	-1.0	-1.0	-1.0	-1.0	-1.0	-1.0	0.0	opened-hand	Open	1	calibration_20260418_134934	marker
-73658.025	-35848.439999999995	-109594.305	-19657.17	0.0	0.0	0.0	0.0	0.0	0.0	0.0	0.0	0.0	0.0	0.0	0.0	0.0	0.0	47.448275862068975	0.0	0.04980456	-0.040588275	1.02013899	1.03768	0.19838	0.16785999999999998	3500573.0	1776545392.941984	0.0	1.0	-1.0	-1.0	-1.0	-1.0	-1.0	-1.0	-1.0	-1.0	0.0	opened-hand	Open	1	calibration_20260418_134934	marker
-73597.77	-35846.325	-109597.635	-19658.16	0.0	0.0	0.0	0.0	0.0	0.0	0.0	0.0	0.0	0.0	0.0	0.0	0.0	0.0	47.448275862068975	0.0	0.04980456	-0.040588275	1.02013899	1.03768	0.19838	0.16785999999999998	3500574.0	1776545392.941988	0.0	1.0	-1.0	-1.0	-1.0	-1.0	-1.0	-1.0	-1.0	-1.0	0.0	opened-hand	Open	1	calibration_20260418_134934	marker
-73685.97	-35849.52	-109727.55	-19764.495	0.0	0.0	0.0	0.0	0.0	0.0	0.0	0.0	0.0	0.0	0.0	0.0	0.0	0.0	47.448275862068975	0.0	0.044860725000000004	-0.046813845	1.0220310750000001	3.37246	0.19838	-0.27468	3500575.0	1776545392.947986	0.0	1.0	-1.0	-1.0	-1.0	-1.0	-1.0	-1.0	-1.0	-1.0	0.0	opened-hand	Open	1	calibration_20260418_134934	marker
-73786.41	-35848.665	-109832.625	-19882.125	0.0	0.0	0.0	0.0	0.0	0.0	0.0	0.0	0.0	0.0	0.0	0.0	0.0	0.0	47.448275862068975	0.0	0.044860725000000004	-0.046813845	1.0220310750000001	3.37246	0.19838	-0.27468	3500576.0	1776545392.947989	0.0	1.0	-1.0	-1.0	-1.0	-1.0	-1.0	-1.0	-1.0	-1.0	0.0	opened-hand	Open	1	calibration_20260418_134934	marker
-73760.22	-35840.34	-109794.375	-19849.95	0.0	0.0	0.0	0.0	0.0	0.0	0.0	0.0	0.0	0.0	0.0	0.0	0.0	0.0	47.448275862068975	0.0	0.044860725000000004	-0.046813845	1.0220310750000001	3.37246	0.19838	-0.27468	3500577.0	1776545392.952165	0.0	1.0	-1.0	-1.0	-1.0	-1.0	-1.0	-1.0	-1.0	-1.0	0.0	opened-hand	Open	1	calibration_20260418_134934	marker
-73583.86499999999	-35829.765	-109653.075	-19741.32	0.0	0.0	0.0	0.0	0.0	0.0	0.0	0.0	0.0	0.0	0.0	0.0	0.0	0.0	47.448275862068975	0.0	0.044860725000000004	-0.046813845	1.0220310750000001	3.37246	0.19838	-0.27468	3500578.0	1776545392.952168	0.0	1.0	-1.0	-1.0	-1.0	-1.0	-1.0	-1.0	-1.0	-1.0	0.0	opened-hand	Open	1	calibration_20260418_134934	marker
-73657.70999999999	-35833.455	-109612.53	-19692.63	0.0	0.0	0.0	0.0	0.0	0.0	0.0	0.0	0.0	0.0	0.0	0.0	0.0	0.0	47.448275862068975	0.0	0.044860725000000004	-0.046813845	1.0220310750000001	3.37246	0.19838	-0.27468	3500579.0	1776545392.953745	0.0	1.0	-1.0	-1.0	-1.0	-1.0	-1.0	-1.0	-1.0	-1.0	0.0	opened-hand	Open	1	calibration_20260418_134934	marker
-73618.245	-35830.08	-109508.44499999999	-19641.87	0.0	0.0	0.0	0.0	0.0	0.0	0.0	0.0	0.0	0.0	0.0	0.0	0.0	0.0	47.448275862068975	0.0	0.044860725000000004	-0.046813845	1.0220310750000001	3.37246	0.19838	-0.27468	3500580.0	1776545392.953749	0.0	1.0	-1.0	-1.0	-1.0	-1.0	-1.0	-1.0	-1.0	-1.0	0.0	opened-hand	Open	1	calibration_20260418_134934	marker
-73710.495	-35838.405	-109606.14	-19705.545	0.0	0.0	0.0	0.0	0.0	0.0	0.0	0.0	0.0	0.0	0.0	0.0	0.0	0.0	47.448275862068975	0.0	0.044860725000000004	-0.046813845	1.0220310750000001	3.37246	0.19838	-0.27468	3500581.0	1776545392.958178	0.0	1.0	-1.0	-1.0	-1.0	-1.0	-1.0	-1.0	-1.0	-1.0	0.0	opened-hand	Open	1	calibration_20260418_134934	marker
-73637.055	-35838.405	-109600.33499999999	-19589.579999999998	0.0	0.0	0.0	0.0	0.0	0.0	0.0	0.0	0.0	0.0	0.0	0.0	0.0	0.0	47.448275862068975	0.0	0.044860725000000004	-0.046813845	1.0220310750000001	3.37246	0.19838	-0.27468	3500582.0	1776545392.958182	0.0	1.0	-1.0	-1.0	-1.0	-1.0	-1.0	-1.0	-1.0	-1.0	0.0	opened-hand	Open	1	calibration_20260418_134934	marker
-73557.54	-35836.02	-109603.17	-19586.79	0.0	0.0	0.0	0.0	0.0	0.0	0.0	0.0	0.0	0.0	0.0	0.0	0.0	0.0	47.448275862068975	0.0	0.044860725000000004	-0.046813845	1.0220310750000001	3.37246	0.19838	-0.27468	3500583.0	1776545392.961894	0.0	1.0	-1.0	-1.0	-1.0	-1.0	-1.0	-1.0	-1.0	-1.0	0.0	opened-hand	Open	1	calibration_20260418_134934	marker
-73688.58	-35840.25	-109747.305	-19790.01	0.0	0.0	0.0	0.0	0.0	0.0	0.0	0.0	0.0	0.0	0.0	0.0	0.0	0.0	47.448275862068975	0.0	0.044860725000000004	-0.046813845	1.0220310750000001	3.37246	0.19838	-0.27468	3500584.0	1776545392.961898	0.0	1.0	-1.0	-1.0	-1.0	-1.0	-1.0	-1.0	-1.0	-1.0	0.0	opened-hand	Open	1	calibration_20260418_134934	marker
-73586.34	-35825.939999999995	-109558.39499999999	-19713.96	0.0	0.0	0.0	0.0	0.0	0.0	0.0	0.0	0.0	0.0	0.0	0.0	0.0	0.0	47.448275862068975	0.0	0.045715215000000003	-0.044738655	1.022397285	3.2809	-0.33571999999999996	-0.03052	3500585.0	1776545392.971517	0.0	1.0	-1.0	-1.0	-1.0	-1.0	-1.0	-1.0	-1.0	-1.0	0.0	opened-hand	Open	1	calibration_20260418_134934	marker
-73603.125	-35818.875	-109568.34	-19693.8	0.0	0.0	0.0	0.0	0.0	0.0	0.0	0.0	0.0	0.0	0.0	0.0	0.0	0.0	47.448275862068975	0.0	0.045715215000000003	-0.044738655	1.022397285	3.2809	-0.33571999999999996	-0.03052	3500586.0	1776545392.97152	0.0	1.0	-1.0	-1.0	-1.0	-1.0	-1.0	-1.0	-1.0	-1.0	0.0	opened-hand	Open	1	calibration_20260418_134934	marker
-73651.635	-35824.905	-109712.47499999999	-19715.805	0.0	0.0	0.0	0.0	0.0	0.0	0.0	0.0	0.0	0.0	0.0	0.0	0.0	0.0	47.448275862068975	0.0	0.045715215000000003	-0.044738655	1.022397285	3.2809	-0.33571999999999996	-0.03052	3500587.0	1776545392.971525	0.0	1.0	-1.0	-1.0	-1.0	-1.0	-1.0	-1.0	-1.0	-1.0	0.0	opened-hand	Open	1	calibration_20260418_134934	marker
-73730.925	-35835.795	-109746.98999999999	-19741.364999999998	0.0	0.0	0.0	0.0	0.0	0.0	0.0	0.0	0.0	0.0	0.0	0.0	0.0	0.0	47.448275862068975	0.0	0.045715215000000003	-0.044738655	1.022397285	3.2809	-0.33571999999999996	-0.03052	3500588.0	1776545392.971529	0.0	1.0	-1.0	-1.0	-1.0	-1.0	-1.0	-1.0	-1.0	-1.0	0.0	opened-hand	Open	1	calibration_20260418_134934	marker
-73778.94	-35844.435	-109769.89499999999	-19801.26	0.0	0.0	0.0	0.0	0.0	0.0	0.0	0.0	0.0	0.0	0.0	0.0	0.0	0.0	47.448275862068975	0.0	0.045715215000000003	-0.044738655	1.022397285	3.2809	-0.33571999999999996	-0.03052	3500589.0	1776545392.974891	0.0	1.0	-1.0	-1.0	-1.0	-1.0	-1.0	-1.0	-1.0	-1.0	0.0	opened-hand	Open	1	calibration_20260418_134934	marker
-73526.22	-35833.229999999996	-109588.995	-19666.35	0.0	0.0	0.0	0.0	0.0	0.0	0.0	0.0	0.0	0.0	0.0	0.0	0.0	0.0	47.448275862068975	0.0	0.045715215000000003	-0.044738655	1.022397285	3.2809	-0.33571999999999996	-0.03052	3500590.0	1776545392.974894	0.0	1.0	-1.0	-1.0	-1.0	-1.0	-1.0	-1.0	-1.0	-1.0	0.0	opened-hand	Open	1	calibration_20260418_134934	marker
-73401.61499999999	-35823.465	-109450.665	-19547.91	0.0	0.0	0.0	0.0	0.0	0.0	0.0	0.0	0.0	0.0	0.0	0.0	0.0	0.0	47.448275862068975	0.0	0.045715215000000003	-0.044738655	1.022397285	3.2809	-0.33571999999999996	-0.03052	3500591.0	1776545392.980142	0.0	1.0	-1.0	-1.0	-1.0	-1.0	-1.0	-1.0	-1.0	-1.0	0.0	opened-hand	Open	1	calibration_20260418_134934	marker
-73711.305	-35837.189999999995	-109660.31999999999	-19733.895	0.0	0.0	0.0	0.0	0.0	0.0	0.0	0.0	0.0	0.0	0.0	0.0	0.0	0.0	47.448275862068975	0.0	0.045715215000000003	-0.044738655	1.022397285	3.2809	-0.33571999999999996	-0.03052	3500592.0	1776545392.980146	0.0	1.0	-1.0	-1.0	-1.0	-1.0	-1.0	-1.0	-1.0	-1.0	0.0	opened-hand	Open	1	calibration_20260418_134934	marker
-73782.94499999999	-35843.13	-109809.315	-19882.17	0.0	0.0	0.0	0.0	0.0	0.0	0.0	0.0	0.0	0.0	0.0	0.0	0.0	0.0	47.448275862068975	0.0	0.045715215000000003	-0.044738655	1.022397285	3.2809	-0.33571999999999996	-0.03052	3500593.0	1776545393.002902	0.0	1.0	-1.0	-1.0	-1.0	-1.0	-1.0	-1.0	-1.0	-1.0	0.0	opened-hand	Open	1	calibration_20260418_134934	marker
